	gene_name	chr	start	end	type	ensembl_id	strand	gene_name2	Node_ID
0	Gm49231	chr15	3128564	3160964	lncRNA	ENSMUSG00000115013	+	Gm49231	0
1	Gm49232	chr15	3177707	3180308	processed_pseudogene	ENSMUSG00000115397	+	Gm49232	1
2	Gm7962	chr15	3217391	3219698	processed_pseudogene	ENSMUSG00000114999	-	Gm7962	2
3	Selenop	chr15	3268547	3280508	protein_coding	ENSMUSG00000064373	+	Selenop	3
4	Ccdc152	chr15	3280070	3303526	protein_coding	ENSMUSG00000091119	-	Ccdc152	4
5	Ghr	chr15	3317760	3583492	protein_coding	ENSMUSG00000055737	-	Ghr	5
6	Fbxo4	chr15	3965445	3979573	protein_coding	ENSMUSG00000022184	-	Fbxo4	6
7	AW549877	chr15	3982035	3995744	protein_coding	ENSMUSG00000041935	-	AW549877	7
8	Gm2093	chr15	3996039	4015858	lncRNA	ENSMUSG00000097662	+	Gm2093	8
9	BC037032	chr15	4020114	4027405	lncRNA	ENSMUSG00000087221	-	BC037032	9
10	Oxct1	chr15	4026383	4155344	protein_coding	ENSMUSG00000022186	+	Oxct1	10
11	Gm15632	chr15	4069226	4072032	lncRNA	ENSMUSG00000086297	-	Gm15632	11
12	Plcxd3	chr15	4375491	4575553	protein_coding	ENSMUSG00000049148	+	Plcxd3	12
13	C6	chr15	4727175	4814967	protein_coding	ENSMUSG00000022181	+	C6	13
14	Gm16374	chr15	4885120	4886118	processed_pseudogene	ENSMUSG00000115205	+	Gm16374	14
15	Mroh2b	chr15	4898737	4962205	protein_coding	ENSMUSG00000022155	+	Mroh2b	15
16	C7	chr15	4988762	5063740	protein_coding	ENSMUSG00000079105	-	C7	16
17	Card6	chr15	5095981	5108539	protein_coding	ENSMUSG00000041849	-	Card6	17
18	Rpl37	chr15	5116645	5119140	protein_coding	ENSMUSG00000041841	+	Rpl37	18
19	Snord72	chr15	5118404	5118484	snoRNA	ENSMUSG00000077737	+	Snord72	19
20	Gm10250	chr15	5120654	5121135	processed_pseudogene	ENSMUSG00000068706	-	Gm10250	20
21	Prkaa1	chr15	5143861	5181899	protein_coding	ENSMUSG00000050697	+	Prkaa1	21
22	Gm15938	chr15	5175085	5185723	lncRNA	ENSMUSG00000087532	-	Gm15938	22
23	Ttc33	chr15	5185525	5218336	protein_coding	ENSMUSG00000022151	+	Ttc33	23
24	Ptger4	chr15	5206661	5244187	protein_coding	ENSMUSG00000039942	-	Ptger4	24
25	Gm15937	chr15	5208913	5210147	processed_pseudogene	ENSMUSG00000084024	+	Gm15937	25
26	Gm49093	chr15	5280946	5281350	processed_pseudogene	ENSMUSG00000115748	+	Gm49093	26
27	Gm46496	chr15	5464175	5464916	processed_pseudogene	ENSMUSG00000115116	+	Gm46496	27
28	5430437J10Rik	chr15	5496266	5594984	transcribed_processed_pseudogene	ENSMUSG00000110018	+	5430437J10Rik	28
29	Gm18715	chr15	5714034	5714303	processed_pseudogene	ENSMUSG00000115185	+	Gm18715	29
30	Gm49095	chr15	5951444	5952359	processed_pseudogene	ENSMUSG00000115342	+	Gm49095	30
31	Gm8047	chr15	6034961	6035820	processed_pseudogene	ENSMUSG00000115093	+	Gm8047	31
32	Gm23139	chr15	6151217	6151348	snoRNA	ENSMUSG00000094402	-	Gm23139	32
33	Dab2	chr15	6299788	6440712	protein_coding	ENSMUSG00000022150	+	Dab2	33
34	Gm16311	chr15	6303244	6309913	lncRNA	ENSMUSG00000089771	-	Gm16311	34
35	C9	chr15	6445327	6498751	protein_coding	ENSMUSG00000022149	+	C9	35
36	Fyb	chr15	6522853	6663313	protein_coding	ENSMUSG00000022148	+	Fyb	36
37	Gm2245	chr15	6604341	6654303	lncRNA	ENSMUSG00000089647	-	Gm2245	37
38	Gm7666	chr15	6653923	6654741	transcribed_processed_pseudogene	ENSMUSG00000067547	+	Gm7666	38
39	Rictor	chr15	6708379	6800401	protein_coding	ENSMUSG00000050310	+	Rictor	39
40	Osmr	chr15	6813577	6874969	protein_coding	ENSMUSG00000022146	-	Osmr	40
41	Gm38282	chr15	6996037	7002508	TEC	ENSMUSG00000104334	+	Gm38282	41
42	Lifr	chr15	7090614	7197489	protein_coding	ENSMUSG00000054263	+	Lifr	42
43	Egflam	chr15	7206120	7398395	protein_coding	ENSMUSG00000042961	-	Egflam	43
44	Gm16030	chr15	7341914	7342516	processed_pseudogene	ENSMUSG00000089966	+	Gm16030	44
45	Gm16029	chr15	7397897	7411381	lncRNA	ENSMUSG00000090199	+	Gm16029	45
46	Gm37743	chr15	7669965	7670340	TEC	ENSMUSG00000103142	-	Gm37743	46
47	Gm49207	chr15	7760714	7760992	lncRNA	ENSMUSG00000115497	+	Gm49207	47
48	Gm19227	chr15	7779036	7780046	processed_pseudogene	ENSMUSG00000115765	+	Gm19227	48
49	Gdnf	chr15	7810846	7837575	protein_coding	ENSMUSG00000022144	+	Gdnf	49
50	Wdr70	chr15	7873055	8099209	protein_coding	ENSMUSG00000039828	-	Wdr70	50
51	Rpl19-ps6	chr15	7975075	7975660	processed_pseudogene	ENSMUSG00000116090	+	Rpl19-ps6	51
52	Nup155	chr15	8109273	8161247	protein_coding	ENSMUSG00000022142	+	Nup155	52
53	Cplane1	chr15	8169106	8271158	protein_coding	ENSMUSG00000039801	+	Cplane1	53
54	Gm24144	chr15	8220004	8220114	snRNA	ENSMUSG00000064566	+	Gm24144	54
55	Nipbl	chr15	8290617	8444463	protein_coding	ENSMUSG00000022141	-	Nipbl	55
56	Gm49247	chr15	8480871	8481945	lncRNA	ENSMUSG00000115640	-	Gm49247	56
57	Gm31282	chr15	8482119	8500343	lncRNA	ENSMUSG00000115591	+	Gm31282	57
58	Gm49249	chr15	8512327	8532794	lncRNA	ENSMUSG00000115480	+	Gm49249	58
59	Slc1a3	chr15	8634124	8710764	protein_coding	ENSMUSG00000005360	-	Slc1a3	59
60	Gm37310	chr15	8652106	8655073	TEC	ENSMUSG00000103047	-	Gm37310	60
61	Gm5043	chr15	8914484	8915303	processed_pseudogene	ENSMUSG00000107028	+	Gm5043	61
62	Gm5210	chr15	8917798	8929171	processed_pseudogene	ENSMUSG00000098190	-	Gm5210	62
63	Ranbp3l	chr15	8967949	9067335	protein_coding	ENSMUSG00000048424	+	Ranbp3l	63
64	Nadk2	chr15	9071260	9110891	protein_coding	ENSMUSG00000022253	+	Nadk2	64
65	Skp2	chr15	9111985	9155425	protein_coding	ENSMUSG00000054115	-	Skp2	65
66	Lmbrd2	chr15	9140550	9202483	protein_coding	ENSMUSG00000039704	+	Lmbrd2	66
67	Gm8139	chr15	9250522	9261327	unprocessed_pseudogene	ENSMUSG00000115409	-	Gm8139	67
68	Ugt3a1	chr15	9276888	9315032	protein_coding	ENSMUSG00000072664	+	Ugt3a1	68
69	Ugt3a2	chr15	9335550	9370955	protein_coding	ENSMUSG00000049152	+	Ugt3a2	69
70	Gm5219	chr15	9407188	9433005	unprocessed_pseudogene	ENSMUSG00000115147	+	Gm5219	70
71	Capsl	chr15	9436028	9466038	protein_coding	ENSMUSG00000039676	+	Capsl	71
72	Il7r	chr15	9505788	9530176	protein_coding	ENSMUSG00000003882	-	Il7r	72
73	Spef2	chr15	9578193	9748868	protein_coding	ENSMUSG00000072663	-	Spef2	73
74	Prlr	chr15	10177238	10349180	protein_coding	ENSMUSG00000005268	+	Prlr	74
75	Gm21973	chr15	10325380	10373749	protein_coding	ENSMUSG00000094814	+	Gm21973	75
76	Agxt2	chr15	10358532	10410153	protein_coding	ENSMUSG00000089678	+	Agxt2	76
77	Dnajc21	chr15	10446756	10470516	protein_coding	ENSMUSG00000044224	-	Dnajc21	77
78	Brix1	chr15	10474779	10485947	protein_coding	ENSMUSG00000022247	-	Brix1	78
79	Rad1	chr15	10486018	10499063	protein_coding	ENSMUSG00000022248	+	Rad1	79
80	Ttc23l	chr15	10500102	10558668	protein_coding	ENSMUSG00000022249	-	Ttc23l	80
81	Gm17044	chr15	10525623	10526881	processed_pseudogene	ENSMUSG00000091615	-	Gm17044	81
82	Gm8174	chr15	10560524	10561524	processed_pseudogene	ENSMUSG00000052482	-	Gm8174	82
83	Rai14	chr15	10568969	10714624	protein_coding	ENSMUSG00000022246	-	Rai14	83
84	Gm10389	chr15	10600293	10611651	lncRNA	ENSMUSG00000115667	+	Gm10389	84
85	4930556M19Rik	chr15	10714836	10790123	lncRNA	ENSMUSG00000096971	+	4930556M19Rik	85
86	Gm19276	chr15	10814792	10835214	lncRNA	ENSMUSG00000115151	+	Gm19276	86
87	C1qtnf3	chr15	10952332	10980150	protein_coding	ENSMUSG00000058914	+	C1qtnf3	87
88	Amacr	chr15	10981756	10996626	protein_coding	ENSMUSG00000022244	+	Amacr	88
89	Slc45a2	chr15	11000721	11029233	protein_coding	ENSMUSG00000022243	+	Slc45a2	89
90	Rxfp3	chr15	11033717	11037991	protein_coding	ENSMUSG00000060735	-	Rxfp3	90
91	Adamts12	chr15	11064790	11349231	protein_coding	ENSMUSG00000047497	+	Adamts12	91
92	Tars	chr15	11382301	11399665	protein_coding	ENSMUSG00000022241	-	Tars	92
93	Gm49107	chr15	11630729	11638325	lncRNA	ENSMUSG00000115804	+	Gm49107	93
94	Gm41271	chr15	11696810	11703703	lncRNA	ENSMUSG00000115585	-	Gm41271	94
95	Npr3	chr15	11839896	11907287	protein_coding	ENSMUSG00000022206	-	Npr3	95
96	1700047G03Rik	chr15	11964276	11970086	lncRNA	ENSMUSG00000099349	+	1700047G03Rik	96
97	Sub1	chr15	11981339	11996983	protein_coding	ENSMUSG00000022205	-	Sub1	97
98	Gm34759	chr15	12068248	12085197	lncRNA	ENSMUSG00000115441	-	Gm34759	98
99	Zfr	chr15	12117831	12185683	protein_coding	ENSMUSG00000022201	+	Zfr	99
100	Gm25713	chr15	12158333	12158441	snRNA	ENSMUSG00000089250	-	Gm25713	100
101	Mir1898	chr15	12171492	12171574	miRNA	ENSMUSG00000084592	+	Mir1898	101
102	Gm2573	chr15	12181147	12181464	processed_pseudogene	ENSMUSG00000115017	+	Gm2573	102
103	Gm49240	chr15	12194907	12196619	lncRNA	ENSMUSG00000115153	-	Gm49240	103
104	Mtmr12	chr15	12205028	12274496	protein_coding	ENSMUSG00000039458	+	Mtmr12	104
105	Golph3	chr15	12321450	12351591	protein_coding	ENSMUSG00000022200	+	Golph3	105
106	Pdzd2	chr15	12359711	12739924	protein_coding	ENSMUSG00000022197	-	Pdzd2	106
107	Gm24135	chr15	12572430	12572530	miRNA	ENSMUSG00000095516	-	Gm24135	107
108	Gm2606	chr15	12574889	12575890	processed_pseudogene	ENSMUSG00000078300	+	Gm2606	108
109	F830212C03Rik	chr15	12633062	12635346	TEC	ENSMUSG00000103130	-	F830212C03Rik	109
110	Gm24302	chr15	12695124	12695224	miRNA	ENSMUSG00000095842	+	Gm24302	110
111	Gm49277	chr15	12804782	12805173	processed_pseudogene	ENSMUSG00000115024	-	Gm49277	111
112	6030458C11Rik	chr15	12808177	12824649	protein_coding	ENSMUSG00000022195	-	6030458C11Rik	112
113	Drosha	chr15	12824815	12935291	protein_coding	ENSMUSG00000022191	+	Drosha	113
114	Gm49100	chr15	12955722	12960267	unprocessed_pseudogene	ENSMUSG00000115807	+	Gm49100	114
115	Gm24664	chr15	12980829	12980928	rRNA	ENSMUSG00000089564	+	Gm24664	115
116	Cdh6	chr15	13028701	13173675	protein_coding	ENSMUSG00000039385	-	Cdh6	116
117	Gm4940	chr15	13452316	13453112	processed_pseudogene	ENSMUSG00000115481	+	Gm4940	117
118	Gm49113	chr15	13754781	13761027	lncRNA	ENSMUSG00000115419	-	Gm49113	118
119	Gm49114	chr15	13838057	13840486	processed_pseudogene	ENSMUSG00000115824	+	Gm49114	119
120	Gm49115	chr15	14142955	14143227	processed_pseudogene	ENSMUSG00000115551	+	Gm49115	120
121	Gm49116	chr15	14459376	14480986	lncRNA	ENSMUSG00000115782	+	Gm49116	121
122	Gm24080	chr15	14735053	14735284	miRNA	ENSMUSG00000092919	-	Gm24080	122
123	4930557F08Rik	chr15	15779994	15823424	lncRNA	ENSMUSG00000115266	+	4930557F08Rik	123
124	Gm41276	chr15	16489015	16496812	lncRNA	ENSMUSG00000115614	-	Gm41276	124
125	Gm49126	chr15	16496911	16549904	lncRNA	ENSMUSG00000115485	+	Gm49126	125
126	Cdh9	chr15	16728756	16857094	protein_coding	ENSMUSG00000025370	+	Cdh9	126
127	Gm49127	chr15	16830234	16850964	lncRNA	ENSMUSG00000115460	-	Gm49127	127
128	Gm49128	chr15	17025339	17076939	lncRNA	ENSMUSG00000115182	-	Gm49128	128
129	Gm2638	chr15	17895690	17897697	processed_pseudogene	ENSMUSG00000115173	-	Gm2638	129
130	Gm41277	chr15	18057826	18064111	lncRNA	ENSMUSG00000115492	-	Gm41277	130
131	4921515E04Rik	chr15	18078118	18369627	lncRNA	ENSMUSG00000098150	-	4921515E04Rik	131
132	Gm49138	chr15	18385349	18385441	processed_pseudogene	ENSMUSG00000115358	-	Gm49138	132
133	C030047K22Rik	chr15	18697684	18818774	lncRNA	ENSMUSG00000084873	-	C030047K22Rik	133
134	Cdh10	chr15	18818947	19014236	protein_coding	ENSMUSG00000022321	+	Cdh10	134
135	Gm35496	chr15	19185373	19203329	lncRNA	ENSMUSG00000115803	+	Gm35496	135
136	Gm18533	chr15	19204246	19205844	processed_pseudogene	ENSMUSG00000115588	+	Gm18533	136
137	Gm49160	chr15	19237749	19240281	lncRNA	ENSMUSG00000115352	+	Gm49160	137
138	Gm49162	chr15	19302948	19395422	lncRNA	ENSMUSG00000114971	-	Gm49162	138
139	Gm49161	chr15	19305320	19306302	TEC	ENSMUSG00000115717	+	Gm49161	139
140	Gm8341	chr15	19454755	19456352	processed_pseudogene	ENSMUSG00000115516	-	Gm8341	140
141	Gm49166	chr15	19678232	19691806	lncRNA	ENSMUSG00000115413	+	Gm49166	141
142	Gm49177	chr15	20329490	20329869	processed_pseudogene	ENSMUSG00000115086	+	Gm49177	142
143	Gm49685	chr15	20449119	20979940	lncRNA	ENSMUSG00000115122	+	Gm49685	143
144	Cdh12	chr15	20449265	21589533	protein_coding	ENSMUSG00000040452	+	Cdh12	144
145	Gm49182	chr15	20584781	20586753	TEC	ENSMUSG00000115155	+	Gm49182	145
146	Acot10	chr15	20665214	20666750	protein_coding	ENSMUSG00000047565	-	Acot10	146
147	Gm25711	chr15	20908872	20908999	snoRNA	ENSMUSG00000089258	+	Gm25711	147
148	Gm27397	chr15	20920214	20920320	miRNA	ENSMUSG00000098821	+	Gm27397	148
149	Gm19371	chr15	21049389	21049676	processed_pseudogene	ENSMUSG00000115631	+	Gm19371	149
150	Gm25101	chr15	21114369	21114475	snRNA	ENSMUSG00000095678	+	Gm25101	150
151	Gm38234	chr15	21180157	21180577	TEC	ENSMUSG00000103296	+	Gm38234	151
152	Gm49187	chr15	21958432	21959811	TEC	ENSMUSG00000115708	+	Gm49187	152
153	Gm27525	chr15	22274070	22274176	miRNA	ENSMUSG00000098700	+	Gm27525	153
154	Cdh18	chr15	22549022	23474418	protein_coding	ENSMUSG00000040420	+	Cdh18	154
155	Gm19840	chr15	22935487	22937241	processed_pseudogene	ENSMUSG00000091194	+	Gm19840	155
156	Gm49191	chr15	23401464	23414457	lncRNA	ENSMUSG00000115560	-	Gm49191	156
157	Gm6533	chr15	23489891	23490498	processed_pseudogene	ENSMUSG00000115193	+	Gm6533	157
158	Gm48915	chr15	23623941	23624200	processed_pseudogene	ENSMUSG00000115788	-	Gm48915	158
159	Gm23980	chr15	23646420	23646577	snRNA	ENSMUSG00000087760	-	Gm23980	159
160	Gm48918	chr15	24095965	24099207	TEC	ENSMUSG00000115586	-	Gm48918	160
161	Gm49729	chr15	24254986	24375675	lncRNA	ENSMUSG00000115198	-	Gm49729	161
162	Gm36147	chr15	24357462	24358914	processed_pseudogene	ENSMUSG00000115079	+	Gm36147	162
163	Gm35769	chr15	24849672	24907208	lncRNA	ENSMUSG00000115261	-	Gm35769	163
164	Gm2824	chr15	24981620	25027358	lncRNA	ENSMUSG00000097452	-	Gm2824	164
165	Gm35996	chr15	25101020	25128404	lncRNA	ENSMUSG00000115174	-	Gm35996	165
166	9230109A22Rik	chr15	25137530	25238830	lncRNA	ENSMUSG00000051237	-	9230109A22Rik	166
167	4930445E18Rik	chr15	25285802	25332659	lncRNA	ENSMUSG00000115355	-	4930445E18Rik	167
168	Basp1	chr15	25363277	25413764	protein_coding	ENSMUSG00000045763	-	Basp1	168
169	Gm5468	chr15	25414192	25414873	lncRNA	ENSMUSG00000056089	+	Gm5468	169
170	Gm48956	chr15	25414637	25445640	lncRNA	ENSMUSG00000115850	-	Gm48956	170
171	Gm48957	chr15	25415022	25464362	lncRNA	ENSMUSG00000115729	+	Gm48957	171
172	Gm36642	chr15	25528879	25593091	lncRNA	ENSMUSG00000115204	-	Gm36642	172
173	Myo10	chr15	25622525	25813673	protein_coding	ENSMUSG00000022272	+	Myo10	173
174	Gm48996	chr15	25634627	25638243	TEC	ENSMUSG00000115252	+	Gm48996	174
175	Gm4824	chr15	25840120	25840611	processed_pseudogene	ENSMUSG00000115593	-	Gm4824	175
176	Retreg1	chr15	25843180	25973687	protein_coding	ENSMUSG00000022270	+	Retreg1	176
177	Zfp622	chr15	25984366	25998481	protein_coding	ENSMUSG00000052253	+	Zfp622	177
178	Gm41279	chr15	26054365	26062438	lncRNA	ENSMUSG00000115335	-	Gm41279	178
179	March11	chr15	26309048	26409576	protein_coding	ENSMUSG00000022269	+	March11	179
180	Fbxl7	chr15	26540459	26895580	protein_coding	ENSMUSG00000043556	-	Fbxl7	180
181	Gm49267	chr15	26609503	26644048	lncRNA	ENSMUSG00000115433	+	Gm49267	181
182	Gm49265	chr15	26672937	26674753	TEC	ENSMUSG00000115647	-	Gm49265	182
183	Gm49268	chr15	26688400	26691667	TEC	ENSMUSG00000115131	+	Gm49268	183
184	Gm6330	chr15	26728270	26730767	transcribed_processed_pseudogene	ENSMUSG00000115301	-	Gm6330	184
185	Gm49266	chr15	26743232	26746137	TEC	ENSMUSG00000115381	-	Gm49266	185
186	Gm19111	chr15	27367939	27369441	processed_pseudogene	ENSMUSG00000115554	+	Gm19111	186
187	Gm36899	chr15	27459835	27463449	lncRNA	ENSMUSG00000115138	-	Gm36899	187
188	Ank	chr15	27466677	27594909	protein_coding	ENSMUSG00000022265	+	Ank	188
189	Tiaf2	chr15	27479006	27480902	TEC	ENSMUSG00000115568	+	Tiaf2	189
190	B230362B09Rik	chr15	27503912	27505532	TEC	ENSMUSG00000115543	+	B230362B09Rik	190
191	Otulin	chr15	27542635	27630693	protein_coding	ENSMUSG00000046034	-	Otulin	191
192	Mir7117	chr15	27571494	27571558	miRNA	ENSMUSG00000098416	+	Mir7117	192
193	Otulinl	chr15	27655069	27681579	protein_coding	ENSMUSG00000056069	-	Otulinl	193
194	Trio	chr15	27730651	28025848	protein_coding	ENSMUSG00000022263	-	Trio	194
195	Gm9891	chr15	27856307	27857113	TEC	ENSMUSG00000115641	+	Gm9891	195
196	Gm20555	chr15	27863799	27867231	TEC	ENSMUSG00000115161	-	Gm20555	196
197	Gm31458	chr15	28053099	28118452	lncRNA	ENSMUSG00000115773	-	Gm31458	197
198	Gm49233	chr15	28154101	28155462	lncRNA	ENSMUSG00000115839	-	Gm49233	198
199	Dnah5	chr15	28203752	28472052	protein_coding	ENSMUSG00000022262	+	Dnah5	199
200	Gm8484	chr15	28718667	28720086	processed_pseudogene	ENSMUSG00000115795	-	Gm8484	200
201	Gm23033	chr15	29888341	29888474	snoRNA	ENSMUSG00000088621	-	Gm23033	201
202	Gm5212	chr15	30012294	30013065	processed_pseudogene	ENSMUSG00000115080	+	Gm5212	202
203	Ctnnd2	chr15	30172593	31029341	protein_coding	ENSMUSG00000022240	+	Ctnnd2	203
204	Gm49283	chr15	30428844	30430233	TEC	ENSMUSG00000115073	+	Gm49283	204
205	Gm23956	chr15	30590287	30590405	rRNA	ENSMUSG00000087836	+	Gm23956	205
206	4930570B17Rik	chr15	30597094	30626621	lncRNA	ENSMUSG00000115337	-	4930570B17Rik	206
207	9630009A06Rik	chr15	30961300	30962878	lncRNA	ENSMUSG00000115012	-	9630009A06Rik	207
208	4930430F21Rik	chr15	31039128	31043331	lncRNA	ENSMUSG00000115474	+	4930430F21Rik	208
209	Dap	chr15	31224314	31274341	protein_coding	ENSMUSG00000039168	+	Dap	209
210	Fam136b-ps	chr15	31276491	31276902	processed_pseudogene	ENSMUSG00000055416	+	Fam136b-ps	210
211	Gm49296	chr15	31282089	31283136	TEC	ENSMUSG00000115418	+	Gm49296	211
212	Ankrd33b	chr15	31291478	31367726	protein_coding	ENSMUSG00000022237	-	Ankrd33b	212
213	Gm49300	chr15	31368362	31370305	TEC	ENSMUSG00000115406	+	Gm49300	213
214	Ropn1l	chr15	31441211	31453737	protein_coding	ENSMUSG00000022236	-	Ropn1l	214
215	Gm6361	chr15	31446383	31446817	processed_pseudogene	ENSMUSG00000068964	-	Gm6361	215
216	Gm49208	chr15	31453738	31454901	lncRNA	ENSMUSG00000115710	+	Gm49208	216
217	March6	chr15	31455891	31531053	protein_coding	ENSMUSG00000039100	-	March6	217
218	Gm49214	chr15	31462281	31462631	processed_pseudogene	ENSMUSG00000115357	+	Gm49214	218
219	Gm49216	chr15	31481756	31486929	lncRNA	ENSMUSG00000115383	-	Gm49216	219
220	Gm49215	chr15	31520924	31521273	processed_pseudogene	ENSMUSG00000115224	-	Gm49215	220
221	Cmbl	chr15	31565389	31590119	protein_coding	ENSMUSG00000022235	+	Cmbl	221
222	Cct5	chr15	31590800	31601804	protein_coding	ENSMUSG00000022234	-	Cct5	222
223	Atpsckmt	chr15	31601852	31621227	protein_coding	ENSMUSG00000039065	+	Atpsckmt	223
224	Gm49284	chr15	31621972	31624035	TEC	ENSMUSG00000114995	+	Gm49284	224
225	Gm46522	chr15	31654770	31655566	processed_pseudogene	ENSMUSG00000115188	-	Gm46522	225
226	Gm18003	chr15	31730899	31733638	processed_pseudogene	ENSMUSG00000115589	-	Gm18003	226
227	Gm49285	chr15	32049951	32051353	TEC	ENSMUSG00000115561	+	Gm49285	227
228	Tas2r119	chr15	32177289	32178294	protein_coding	ENSMUSG00000045267	+	Tas2r119	228
229	4930518I17Rik	chr15	32226385	32227040	lncRNA	ENSMUSG00000107924	+	4930518I17Rik	229
230	Snhg18	chr15	32240565	32244662	lncRNA	ENSMUSG00000096956	-	Snhg18	230
231	Snord123	chr15	32241853	32241923	snoRNA	ENSMUSG00000089317	-	Snord123	231
232	Sema5a	chr15	32244810	32696341	protein_coding	ENSMUSG00000022231	+	Sema5a	232
233	4930465K09Rik	chr15	32619744	32623505	lncRNA	ENSMUSG00000115063	-	4930465K09Rik	233
234	Gm41289	chr15	32757416	32773152	lncRNA	ENSMUSG00000115749	-	Gm41289	234
235	Gm32618	chr15	32778904	32796006	lncRNA	ENSMUSG00000115317	+	Gm32618	235
236	Sdc2	chr15	32920723	33034935	protein_coding	ENSMUSG00000022261	+	Sdc2	236
237	Gm32764	chr15	33046021	33073523	lncRNA	ENSMUSG00000115140	-	Gm32764	237
238	Cpq	chr15	33083129	33594552	protein_coding	ENSMUSG00000039007	+	Cpq	238
239	1700084J12Rik	chr15	33403985	33405976	transcribed_processed_pseudogene	ENSMUSG00000058101	-	1700084J12Rik	239
240	4930592A05Rik	chr15	33593881	33653436	lncRNA	ENSMUSG00000115779	-	4930592A05Rik	240
241	Tspyl5	chr15	33683875	33687884	protein_coding	ENSMUSG00000038984	-	Tspyl5	241
242	Gm49089	chr15	33831448	33834353	TEC	ENSMUSG00000115318	+	Gm49089	242
243	Gm41290	chr15	34021995	34037780	lncRNA	ENSMUSG00000115428	-	Gm41290	243
244	Mtdh	chr15	34082694	34145624	protein_coding	ENSMUSG00000022255	+	Mtdh	244
245	9930017N22Rik	chr15	34126944	34130688	TEC	ENSMUSG00000115276	+	9930017N22Rik	245
246	Laptm4b	chr15	34238028	34284302	protein_coding	ENSMUSG00000022257	+	Laptm4b	246
247	Gm18949	chr15	34268527	34269829	processed_pseudogene	ENSMUSG00000115808	-	Gm18949	247
248	Gm25809	chr15	34288819	34288870	snoRNA	ENSMUSG00000084738	-	Gm25809	248
249	Matn2	chr15	34306677	34436273	protein_coding	ENSMUSG00000022324	+	Matn2	249
250	9430069I07Rik	chr15	34349051	34357872	protein_coding	ENSMUSG00000094447	-	9430069I07Rik	250
251	Rpl30	chr15	34440505	34443640	protein_coding	ENSMUSG00000058600	-	Rpl30	251
252	Gm24523	chr15	34440791	34440922	snoRNA	ENSMUSG00000065899	-	Gm24523	252
253	D730044K07Rik	chr15	34442980	34444812	TEC	ENSMUSG00000115685	+	D730044K07Rik	253
254	Erich5	chr15	34453305	34473892	protein_coding	ENSMUSG00000044726	+	Erich5	254
255	Gm49188	chr15	34481707	34483829	TEC	ENSMUSG00000115300	+	Gm49188	255
256	Rida	chr15	34484021	34495255	protein_coding	ENSMUSG00000022323	-	Rida	256
257	Pop1	chr15	34495304	34530648	protein_coding	ENSMUSG00000022325	+	Pop1	257
258	Gm49195	chr15	34531560	34531698	processed_pseudogene	ENSMUSG00000115005	+	Gm49195	258
259	Gm22208	chr15	34531714	34531823	snRNA	ENSMUSG00000084607	+	Gm22208	259
260	Nipal2	chr15	34572799	34679212	protein_coding	ENSMUSG00000038879	-	Nipal2	260
261	4930413F20Rik	chr15	34675073	34679204	lncRNA	ENSMUSG00000115526	+	4930413F20Rik	261
262	Gm48932	chr15	34823180	34826429	TEC	ENSMUSG00000115360	-	Gm48932	262
263	Kcns2	chr15	34837355	34843407	protein_coding	ENSMUSG00000050963	+	Kcns2	263
264	Stk3	chr15	34875496	35178921	protein_coding	ENSMUSG00000022329	-	Stk3	264
265	Gm33497	chr15	35200804	35273666	lncRNA	ENSMUSG00000115345	+	Gm33497	265
266	Osr2	chr15	35296098	35303305	protein_coding	ENSMUSG00000022330	+	Osr2	266
267	BC048602	chr15	35307005	35328535	lncRNA	ENSMUSG00000115453	-	BC048602	267
268	Gm48960	chr15	35368453	35373147	lncRNA	ENSMUSG00000115829	-	Gm48960	268
269	Vps13b	chr15	35371160	35931229	protein_coding	ENSMUSG00000037646	+	Vps13b	269
270	Gm48966	chr15	35568243	35569885	TEC	ENSMUSG00000115314	+	Gm48966	270
271	Gm7968	chr15	35589314	35591638	TEC	ENSMUSG00000115144	+	Gm7968	271
272	Mir599	chr15	35660831	35660918	miRNA	ENSMUSG00000076333	-	Mir599	272
273	Mir875	chr15	35660970	35661047	miRNA	ENSMUSG00000077890	-	Mir875	273
274	Gm18994	chr15	35733604	35734622	processed_pseudogene	ENSMUSG00000115040	+	Gm18994	274
275	9130002K18Rik	chr15	35787154	35790279	TEC	ENSMUSG00000115837	+	9130002K18Rik	275
276	Gm48965	chr15	35855394	35857791	TEC	ENSMUSG00000115340	+	Gm48965	276
277	Gm48961	chr15	35860510	35863368	TEC	ENSMUSG00000115793	+	Gm48961	277
278	Cox6c	chr15	35925886	35938246	protein_coding	ENSMUSG00000014313	-	Cox6c	278
279	Rgs22	chr15	36009479	36140400	protein_coding	ENSMUSG00000037627	-	Rgs22	279
280	Gm25372	chr15	36028898	36029152	misc_RNA	ENSMUSG00000088786	+	Gm25372	280
281	Fbxo43	chr15	36150060	36164884	protein_coding	ENSMUSG00000048230	-	Fbxo43	281
282	Polr2k	chr15	36174010	36177010	protein_coding	ENSMUSG00000045996	+	Polr2k	282
283	Spag1	chr15	36178099	36235621	protein_coding	ENSMUSG00000037617	+	Spag1	283
284	Gm41293	chr15	36206374	36210705	lncRNA	ENSMUSG00000115811	-	Gm41293	284
285	Rnf19a	chr15	36239933	36283147	protein_coding	ENSMUSG00000022280	-	Rnf19a	285
286	Mir8097	chr15	36240046	36240164	miRNA	ENSMUSG00000098457	-	Mir8097	286
287	Rpl7a-ps3	chr15	36308149	36308944	processed_pseudogene	ENSMUSG00000068579	-	Rpl7a-ps3	287
288	Gm33936	chr15	36341217	36367117	lncRNA	ENSMUSG00000115715	-	Gm33936	288
289	Gm34150	chr15	36375049	36376090	lncRNA	ENSMUSG00000115278	+	Gm34150	289
290	Gm34093	chr15	36375343	36390172	lncRNA	ENSMUSG00000114981	-	Gm34093	290
291	Gm49224	chr15	36433319	36436691	lncRNA	ENSMUSG00000115395	-	Gm49224	291
292	Ankrd46	chr15	36477668	36496820	protein_coding	ENSMUSG00000048307	-	Ankrd46	292
293	Gm49246	chr15	36499977	36503431	TEC	ENSMUSG00000115084	-	Gm49246	293
294	Snx31	chr15	36504062	36555573	protein_coding	ENSMUSG00000013611	-	Snx31	294
295	Gm44310	chr15	36583544	36583669	miRNA	ENSMUSG00000105494	+	Gm44310	295
296	Pabpc1	chr15	36595661	36609668	protein_coding	ENSMUSG00000022283	-	Pabpc1	296
297	Gm49262	chr15	36629160	36629991	lncRNA	ENSMUSG00000115037	+	Gm49262	297
298	Gm6704	chr15	36629645	36629869	processed_pseudogene	ENSMUSG00000115537	-	Gm6704	298
299	Gm46515	chr15	36632769	36695665	lncRNA	ENSMUSG00000115127	-	Gm46515	299
300	Gm10385	chr15	36690103	36694949	lncRNA	ENSMUSG00000115834	+	Gm10385	300
301	Ywhaz	chr15	36770770	36796929	protein_coding	ENSMUSG00000022285	-	Ywhaz	301
302	Gm49282	chr15	36842816	36844338	lncRNA	ENSMUSG00000115750	+	Gm49282	302
303	Gm10384	chr15	36870501	36879816	lncRNA	ENSMUSG00000072618	-	Gm10384	303
304	Gm41300	chr15	36906611	36931686	lncRNA	ENSMUSG00000115430	-	Gm41300	304
305	Gm34590	chr15	36938864	36949605	lncRNA	ENSMUSG00000115333	+	Gm34590	305
306	Zfp706	chr15	36997027	37007773	protein_coding	ENSMUSG00000062397	-	Zfp706	306
307	Gm26766	chr15	37007523	37044100	lncRNA	ENSMUSG00000097259	+	Gm26766	307
308	Gm9509	chr15	37171058	37172404	processed_pseudogene	ENSMUSG00000115848	-	Gm9509	308
309	Grhl2	chr15	37233036	37363569	protein_coding	ENSMUSG00000022286	+	Grhl2	309
310	Gm16138	chr15	37331989	37332809	processed_pseudogene	ENSMUSG00000089811	-	Gm16138	310
311	Ncald	chr15	37366175	37792570	protein_coding	ENSMUSG00000051359	-	Ncald	311
312	Gm28221	chr15	37367205	37368498	lncRNA	ENSMUSG00000101671	+	Gm28221	312
313	Gm15941	chr15	37421134	37433414	lncRNA	ENSMUSG00000086992	-	Gm15941	313
314	Gm8668	chr15	37421248	37422694	processed_pseudogene	ENSMUSG00000084316	+	Gm8668	314
315	4930447A16Rik	chr15	37425554	37440644	protein_coding	ENSMUSG00000022288	+	4930447A16Rik	315
316	Gm49397	chr15	37432477	37734335	lncRNA	ENSMUSG00000115157	-	Gm49397	316
317	Gm3267	chr15	37492756	37493228	processed_pseudogene	ENSMUSG00000084382	+	Gm3267	317
318	Gm49311	chr15	37559026	37561830	TEC	ENSMUSG00000115095	-	Gm49311	318
319	Gm15942	chr15	37700704	37720853	lncRNA	ENSMUSG00000086125	+	Gm15942	319
320	Gm15940	chr15	37762832	37765401	lncRNA	ENSMUSG00000086313	-	Gm15940	320
321	Gm35019	chr15	37892995	37899716	lncRNA	ENSMUSG00000115326	-	Gm35019	321
322	Rrm2b	chr15	37923952	37961318	protein_coding	ENSMUSG00000022292	-	Rrm2b	322
323	Gm3362	chr15	37943327	37943792	processed_pseudogene	ENSMUSG00000085442	-	Gm3362	323
324	Gm49085	chr15	37960471	37966218	lncRNA	ENSMUSG00000115249	+	Gm49085	324
325	Ubr5	chr15	37967328	38078854	protein_coding	ENSMUSG00000037487	-	Ubr5	325
326	Gm22353	chr15	38058285	38058420	snoRNA	ENSMUSG00000065852	+	Gm22353	326
327	Gm49312	chr15	38079102	38079563	lncRNA	ENSMUSG00000115771	+	Gm49312	327
328	Gm35167	chr15	38184009	38202217	lncRNA	ENSMUSG00000115680	-	Gm35167	328
329	Odf1	chr15	38219203	38226735	protein_coding	ENSMUSG00000061923	+	Odf1	329
330	Gm49313	chr15	38239702	38255310	lncRNA	ENSMUSG00000115307	-	Gm49313	330
331	Gm8705	chr15	38243364	38244248	processed_pseudogene	ENSMUSG00000115057	-	Gm8705	331
332	Klf10	chr15	38291463	38300706	protein_coding	ENSMUSG00000037465	-	Klf10	332
333	Gm35248	chr15	38312293	38343139	lncRNA	ENSMUSG00000115456	+	Gm35248	333
334	Gm41307	chr15	38385634	38404154	lncRNA	ENSMUSG00000115405	-	Gm41307	334
335	G930009F23Rik	chr15	38436225	38455134	lncRNA	ENSMUSG00000115009	-	G930009F23Rik	335
336	Azin1	chr15	38487427	38519266	protein_coding	ENSMUSG00000037458	-	Azin1	336
337	Gm49077	chr15	38518786	38520051	lncRNA	ENSMUSG00000115546	+	Gm49077	337
338	2310043O21Rik	chr15	38549343	38594934	lncRNA	ENSMUSG00000102106	-	2310043O21Rik	338
339	Gm29697	chr15	38573996	38577707	processed_pseudogene	ENSMUSG00000115587	+	Gm29697	339
340	1100001I12Rik	chr15	38640943	38659839	lncRNA	ENSMUSG00000115547	-	1100001I12Rik	340
341	Atp6v1c1	chr15	38661933	38692446	protein_coding	ENSMUSG00000022295	+	Atp6v1c1	341
342	Gm45924	chr15	38713483	38728516	lncRNA	ENSMUSG00000115620	-	Gm45924	342
343	Gm49097	chr15	38933071	38938622	lncRNA	ENSMUSG00000114994	-	Gm49097	343
344	Baalc	chr15	38933144	38952912	protein_coding	ENSMUSG00000022296	+	Baalc	344
345	Gm26704	chr15	39003285	39006185	lncRNA	ENSMUSG00000097875	-	Gm26704	345
346	Fzd6	chr15	39006034	39038188	protein_coding	ENSMUSG00000022297	+	Fzd6	346
347	Gm49786	chr15	39040432	39041282	lncRNA	ENSMUSG00000115508	+	Gm49786	347
348	Gm24789	chr15	39040579	39040709	snoRNA	ENSMUSG00000077470	+	Gm24789	348
349	Cthrc1	chr15	39076932	39087121	protein_coding	ENSMUSG00000054196	+	Cthrc1	349
350	Slc25a32	chr15	39091231	39112716	protein_coding	ENSMUSG00000022299	-	Slc25a32	350
351	Dcaf13	chr15	39112865	39146856	protein_coding	ENSMUSG00000022300	+	Dcaf13	351
352	n-R5s39	chr15	39146380	39146487	rRNA	ENSMUSG00000084562	-	n-R5s39	352
353	Rims2	chr15	39198261	39684372	protein_coding	ENSMUSG00000037386	+	Rims2	353
354	Dcstamp	chr15	39745930	39760938	protein_coding	ENSMUSG00000022303	+	Dcstamp	354
355	Dpys	chr15	39768487	39857470	protein_coding	ENSMUSG00000022304	-	Dpys	355
356	Gm16291	chr15	39797045	39812377	lncRNA	ENSMUSG00000087695	+	Gm16291	356
357	Lrp12	chr15	39870589	39943994	protein_coding	ENSMUSG00000022305	-	Lrp12	357
358	AU022793	chr15	39962649	39967024	lncRNA	ENSMUSG00000115230	+	AU022793	358
359	Gm49255	chr15	40042982	40043134	processed_pseudogene	ENSMUSG00000115712	-	Gm49255	359
360	Gm33251	chr15	40045191	40128982	lncRNA	ENSMUSG00000115142	+	Gm33251	360
361	9330182O14Rik	chr15	40134365	40150010	protein_coding	ENSMUSG00000094112	+	9330182O14Rik	361
362	Gm33301	chr15	40162581	40168076	lncRNA	ENSMUSG00000115367	+	Gm33301	362
363	Gm41311	chr15	40343260	40393307	lncRNA	ENSMUSG00000115820	+	Gm41311	363
364	Gm16294	chr15	40511322	40527277	lncRNA	ENSMUSG00000056332	-	Gm16294	364
365	Zfpm2	chr15	40655035	41104592	protein_coding	ENSMUSG00000022306	+	Zfpm2	365
366	Gm49525	chr15	40907565	40908987	TEC	ENSMUSG00000116397	+	Gm49525	366
367	Gm49526	chr15	40959757	40963701	TEC	ENSMUSG00000115975	+	Gm49526	367
368	Gm49524	chr15	40997960	40999204	TEC	ENSMUSG00000115898	+	Gm49524	368
369	Gm49529	chr15	41242745	41243158	processed_pseudogene	ENSMUSG00000116178	-	Gm49529	369
370	Oxr1	chr15	41447482	41861048	protein_coding	ENSMUSG00000022307	+	Oxr1	370
371	Gm26854	chr15	41758060	41788911	lncRNA	ENSMUSG00000097232	-	Gm26854	371
372	Abra	chr15	41864076	41869720	protein_coding	ENSMUSG00000042895	-	Abra	372
373	Gm5469	chr15	41922076	41923151	processed_pseudogene	ENSMUSG00000116083	+	Gm5469	373
374	Gm5470	chr15	42031319	42032742	processed_pseudogene	ENSMUSG00000116215	-	Gm5470	374
375	Gm49439	chr15	42041425	42067553	lncRNA	ENSMUSG00000115986	-	Gm49439	375
376	Gm49438	chr15	42055216	42056140	TEC	ENSMUSG00000116199	-	Gm49438	376
377	Gm49440	chr15	42161546	42161875	processed_pseudogene	ENSMUSG00000116008	-	Gm49440	377
378	Gm49441	chr15	42196784	42201302	lncRNA	ENSMUSG00000115988	+	Gm49441	378
379	Gm49452	chr15	42311265	42320346	lncRNA	ENSMUSG00000116245	-	Gm49452	379
380	Angpt1	chr15	42424723	42676977	protein_coding	ENSMUSG00000022309	-	Angpt1	380
381	Gm17473	chr15	42676241	42704616	lncRNA	ENSMUSG00000097805	+	Gm17473	381
382	Rspo2	chr15	43020794	43170826	protein_coding	ENSMUSG00000051920	-	Rspo2	382
383	Gm22037	chr15	43224625	43224920	misc_RNA	ENSMUSG00000087905	-	Gm22037	383
384	Eif3e	chr15	43250058	43282719	protein_coding	ENSMUSG00000022336	-	Eif3e	384
385	Gm49271	chr15	43368915	43377673	lncRNA	ENSMUSG00000115635	-	Gm49271	385
386	Gm10373	chr15	43430943	43477036	lncRNA	ENSMUSG00000072592	-	Gm10373	386
387	Emc2	chr15	43477229	43527763	protein_coding	ENSMUSG00000022337	+	Emc2	387
388	Gm2140	chr15	43808461	43808924	processed_pseudogene	ENSMUSG00000115407	+	Gm2140	388
389	Tmem74	chr15	43864646	43870036	protein_coding	ENSMUSG00000054409	-	Tmem74	389
390	Trhr	chr15	44196135	44235912	protein_coding	ENSMUSG00000038760	+	Trhr	390
391	Gm7459	chr15	44281980	44283775	processed_pseudogene	ENSMUSG00000115730	+	Gm7459	391
392	Gm19235	chr15	44323112	44324114	processed_pseudogene	ENSMUSG00000115694	+	Gm19235	392
393	Nudcd1	chr15	44373163	44428307	protein_coding	ENSMUSG00000038736	-	Nudcd1	393
394	Eny2	chr15	44428042	44438256	protein_coding	ENSMUSG00000022338	+	Eny2	394
395	Gm22392	chr15	44432595	44432701	snRNA	ENSMUSG00000094551	+	Gm22392	395
396	Pkhd1l1	chr15	44457494	44601369	protein_coding	ENSMUSG00000038725	+	Pkhd1l1	396
397	Ebag9	chr15	44619175	44641515	protein_coding	ENSMUSG00000022339	+	Ebag9	397
398	Sybu	chr15	44671856	44788063	protein_coding	ENSMUSG00000022340	-	Sybu	398
399	A930017M01Rik	chr15	44752280	44884740	transcribed_processed_pseudogene	ENSMUSG00000060530	+	A930017M01Rik	399
400	Gm18153	chr15	44959341	44960364	processed_pseudogene	ENSMUSG00000115265	+	Gm18153	400
401	Kcnv1	chr15	45106284	45114920	protein_coding	ENSMUSG00000022342	-	Kcnv1	401
402	AC099642.1	chr15	45161451	45163809	processed_pseudogene	ENSMUSG00000118565	+	AC099642.1	402
403	Gm5472	chr15	45978360	45980037	processed_pseudogene	ENSMUSG00000096157	-	Gm5472	403
404	Gm26063	chr15	46151698	46151804	snRNA	ENSMUSG00000065312	-	Gm26063	404
405	1700022A22Rik	chr15	46324559	46373907	lncRNA	ENSMUSG00000099751	+	1700022A22Rik	405
406	4930523O13Rik	chr15	46435866	46496181	lncRNA	ENSMUSG00000115177	-	4930523O13Rik	406
407	4930548G14Rik	chr15	46623305	46639858	lncRNA	ENSMUSG00000051198	+	4930548G14Rik	407
408	Gm2267	chr15	47520338	47522645	processed_pseudogene	ENSMUSG00000115707	+	Gm2267	408
409	Csmd3	chr15	47580637	48792063	protein_coding	ENSMUSG00000022311	-	Csmd3	409
410	Gm16300	chr15	47699709	47703827	processed_pseudogene	ENSMUSG00000089828	-	Gm16300	410
411	Gm23530	chr15	47800673	47800809	snoRNA	ENSMUSG00000077752	+	Gm23530	411
412	Gm25007	chr15	48551308	48551440	snRNA	ENSMUSG00000065742	+	Gm25007	412
413	Gm7517	chr15	48888353	48890024	processed_pseudogene	ENSMUSG00000115700	+	Gm7517	413
414	Gm23185	chr15	48906652	48906736	snRNA	ENSMUSG00000089314	-	Gm23185	414
415	Gm41318	chr15	49194337	49203313	lncRNA	ENSMUSG00000115775	+	Gm41318	415
416	Gm23848	chr15	49538195	49538300	snRNA	ENSMUSG00000065760	+	Gm23848	416
417	Gm49198	chr15	50286898	50335014	lncRNA	ENSMUSG00000115478	+	Gm49198	417
418	Trps1	chr15	50654752	50890463	protein_coding	ENSMUSG00000038679	-	Trps1	418
419	Gm48913	chr15	50897639	50946307	lncRNA	ENSMUSG00000115339	+	Gm48913	419
420	Gm19303	chr15	51231640	51395610	lncRNA	ENSMUSG00000115654	-	Gm19303	420
421	Gm2361	chr15	51548351	51548970	processed_pseudogene	ENSMUSG00000115513	-	Gm2361	421
422	Gm34562	chr15	51601772	51629635	lncRNA	ENSMUSG00000115563	-	Gm34562	422
423	Eif3h	chr15	51786558	51865523	protein_coding	ENSMUSG00000022312	-	Eif3h	423
424	Utp23	chr15	51877429	51884614	protein_coding	ENSMUSG00000022313	+	Utp23	424
425	Gm34678	chr15	51880373	51897041	lncRNA	ENSMUSG00000115284	-	Gm34678	425
426	Rad21	chr15	51962240	51991747	protein_coding	ENSMUSG00000022314	-	Rad21	426
427	Gm19236	chr15	52033369	52036066	processed_pseudogene	ENSMUSG00000115238	+	Gm19236	427
428	Aard	chr15	52040107	52045722	protein_coding	ENSMUSG00000068522	+	Aard	428
429	Gm2387	chr15	52089308	52089953	processed_pseudogene	ENSMUSG00000115457	+	Gm2387	429
430	Gm7543	chr15	52259123	52259694	processed_pseudogene	ENSMUSG00000115738	+	Gm7543	430
431	Slc30a8	chr15	52295553	52335798	protein_coding	ENSMUSG00000022315	+	Slc30a8	431
432	Med30	chr15	52712408	52730564	protein_coding	ENSMUSG00000038622	+	Med30	432
433	Gm34794	chr15	52751427	52786267	lncRNA	ENSMUSG00000115137	-	Gm34794	433
434	Ext1	chr15	53064038	53346159	protein_coding	ENSMUSG00000061731	-	Ext1	434
435	Samd12	chr15	53453810	53902537	protein_coding	ENSMUSG00000058656	-	Samd12	435
436	Gm23200	chr15	53613067	53613198	snoRNA	ENSMUSG00000077567	-	Gm23200	436
437	Mir28c	chr15	53614205	53614279	miRNA	ENSMUSG00000104794	-	Mir28c	437
438	1700015H07Rik	chr15	53621655	53623270	lncRNA	ENSMUSG00000115761	+	1700015H07Rik	438
439	Gm7489	chr15	53884906	53886597	protein_coding	ENSMUSG00000072584	+	Gm7489	439
440	Gm26933	chr15	54034506	54035982	processed_pseudogene	ENSMUSG00000097938	-	Gm26933	440
441	Tnfrsf11b	chr15	54250619	54278484	protein_coding	ENSMUSG00000063727	-	Tnfrsf11b	441
442	Gm7566	chr15	54304565	54305134	processed_pseudogene	ENSMUSG00000115327	-	Gm7566	442
443	Colec10	chr15	54410774	54466358	protein_coding	ENSMUSG00000038591	+	Colec10	443
444	Gm18152	chr15	54458700	54459280	processed_pseudogene	ENSMUSG00000115211	-	Gm18152	444
445	Gm20070	chr15	54487900	54488126	processed_pseudogene	ENSMUSG00000115477	+	Gm20070	445
446	Mal2	chr15	54571192	54602847	protein_coding	ENSMUSG00000024479	+	Mal2	446
447	Ccn3	chr15	54745702	54754039	protein_coding	ENSMUSG00000037362	+	Ccn3	447
448	Enpp2	chr15	54838901	54952892	protein_coding	ENSMUSG00000022425	-	Enpp2	448
449	Gm26684	chr15	54952070	54964642	lncRNA	ENSMUSG00000097286	+	Gm26684	449
450	4930478E11Rik	chr15	54981333	54986891	lncRNA	ENSMUSG00000115245	-	4930478E11Rik	450
451	Taf2	chr15	55015131	55072152	protein_coding	ENSMUSG00000037343	-	Taf2	451
452	Dscc1	chr15	55076099	55090491	protein_coding	ENSMUSG00000022422	-	Dscc1	452
453	Gm41325	chr15	55084561	55097699	lncRNA	ENSMUSG00000115657	+	Gm41325	453
454	Gm9920	chr15	55099917	55113677	lncRNA	ENSMUSG00000053749	-	Gm9920	454
455	Deptor	chr15	55112317	55259271	protein_coding	ENSMUSG00000022419	+	Deptor	455
456	Col14a1	chr15	55307750	55520803	protein_coding	ENSMUSG00000022371	+	Col14a1	456
457	1700040F17Rik	chr15	55436115	55439020	lncRNA	ENSMUSG00000101568	-	1700040F17Rik	457
458	Gm49257	chr15	55475530	55479377	lncRNA	ENSMUSG00000115414	-	Gm49257	458
459	Mrpl13	chr15	55534094	55557748	protein_coding	ENSMUSG00000022370	-	Mrpl13	459
460	Mtbp	chr15	55557408	55626423	protein_coding	ENSMUSG00000022369	+	Mtbp	460
461	Sntb1	chr15	55636388	55906949	protein_coding	ENSMUSG00000060429	-	Sntb1	461
462	Gm46516	chr15	55923402	55960906	lncRNA	ENSMUSG00000115200	+	Gm46516	462
463	Gm10370	chr15	55930702	55932415	TEC	ENSMUSG00000115150	+	Gm10370	463
464	Gm7595	chr15	55973605	55974505	processed_pseudogene	ENSMUSG00000115651	+	Gm7595	464
465	Has2	chr15	56665627	56694539	protein_coding	ENSMUSG00000022367	-	Has2	465
466	Has2os	chr15	56689944	56778399	lncRNA	ENSMUSG00000086541	+	Has2os	466
467	Gm2582	chr15	56880409	57006624	lncRNA	ENSMUSG00000115172	-	Gm2582	467
468	Slc22a22	chr15	57243767	57477625	protein_coding	ENSMUSG00000022366	-	Slc22a22	468
469	Gm18094	chr15	57429984	57430713	processed_pseudogene	ENSMUSG00000115117	+	Gm18094	469
470	Zhx2	chr15	57694665	57839832	protein_coding	ENSMUSG00000071757	+	Zhx2	470
471	Gm16006	chr15	57708114	57708927	lncRNA	ENSMUSG00000090002	-	Gm16006	471
472	9330154K18Rik	chr15	57736563	57738666	lncRNA	ENSMUSG00000047807	-	9330154K18Rik	472
473	Derl1	chr15	57869502	57892448	protein_coding	ENSMUSG00000022365	-	Derl1	473
474	Tbc1d31	chr15	57912199	57970067	protein_coding	ENSMUSG00000022364	+	Tbc1d31	474
475	Fam83a	chr15	57985419	58011009	protein_coding	ENSMUSG00000051225	+	Fam83a	475
476	9130401M01Rik	chr15	58022259	58034325	protein_coding	ENSMUSG00000101892	-	9130401M01Rik	476
477	Gm29394	chr15	58028243	58076425	protein_coding	ENSMUSG00000022362	-	Gm29394	477
478	Gm22299	chr15	58041516	58041651	snoRNA	ENSMUSG00000064597	-	Gm22299	478
479	Zhx1	chr15	58047003	58076541	protein_coding	ENSMUSG00000022361	-	Zhx1	479
480	Atad2	chr15	58094044	58135082	protein_coding	ENSMUSG00000022360	-	Atad2	480
481	Wdyhv1	chr15	58141377	58158665	protein_coding	ENSMUSG00000022359	+	Wdyhv1	481
482	Fbxo32	chr15	58175879	58214932	protein_coding	ENSMUSG00000022358	-	Fbxo32	482
483	Gm15943	chr15	58214475	58324053	lncRNA	ENSMUSG00000086801	+	Gm15943	483
484	Klhl38	chr15	58314573	58324169	protein_coding	ENSMUSG00000022357	-	Klhl38	484
485	Anxa13	chr15	58341363	58389383	lncRNA	ENSMUSG00000055114	-	Anxa13	485
486	Gm2675	chr15	58405824	58411326	lncRNA	ENSMUSG00000115576	+	Gm2675	486
487	Fam91a1	chr15	58415468	58457740	protein_coding	ENSMUSG00000037119	+	Fam91a1	487
488	Fer1l6	chr15	58510048	58665092	protein_coding	ENSMUSG00000037106	+	Fer1l6	488
489	Gm23789	chr15	58565614	58565914	misc_RNA	ENSMUSG00000084485	+	Gm23789	489
490	Gm20712	chr15	58780461	58781951	lncRNA	ENSMUSG00000093677	-	Gm20712	490
491	Tmem65	chr15	58782269	58823638	protein_coding	ENSMUSG00000062373	-	Tmem65	491
492	Ube2d4	chr15	58846590	58847321	processed_pseudogene	ENSMUSG00000061490	-	Ube2d4	492
493	Trmt12	chr15	58872674	58877127	protein_coding	ENSMUSG00000037085	+	Trmt12	493
494	Rnf139	chr15	58889229	58907057	protein_coding	ENSMUSG00000037075	+	Rnf139	494
495	Gm49356	chr15	58889298	58937359	protein_coding	ENSMUSG00000115463	+	Gm49356	495
496	Tatdn1	chr15	58890155	58933738	protein_coding	ENSMUSG00000050891	-	Tatdn1	496
497	Ndufb9	chr15	58933756	58939488	protein_coding	ENSMUSG00000022354	+	Ndufb9	497
498	Mtss1	chr15	58941234	59082005	protein_coding	ENSMUSG00000022353	-	Mtss1	498
499	4930544F09Rik	chr15	58984136	58988905	lncRNA	ENSMUSG00000115062	+	4930544F09Rik	499
500	Gm7691	chr15	59238489	59239002	processed_pseudogene	ENSMUSG00000115604	+	Gm7691	500
501	Gm36617	chr15	59275396	59291946	lncRNA	ENSMUSG00000115118	+	Gm36617	501
502	Zfp572	chr15	59306948	59312013	transcribed_processed_pseudogene	ENSMUSG00000098528	+	Zfp572	502
503	Sqle	chr15	59315077	59331192	protein_coding	ENSMUSG00000022351	+	Sqle	503
504	Washc5	chr15	59331997	59374167	protein_coding	ENSMUSG00000022350	-	Washc5	504
505	Nsmce2	chr15	59374247	59601684	protein_coding	ENSMUSG00000059586	+	Nsmce2	505
506	Trib1	chr15	59648350	59657099	protein_coding	ENSMUSG00000032501	+	Trib1	506
507	Gm20150	chr15	59671628	59672113	processed_pseudogene	ENSMUSG00000115010	-	Gm20150	507
508	Gm19510	chr15	59788417	59794959	lncRNA	ENSMUSG00000115426	-	Gm19510	508
509	Gm2682	chr15	60120540	60187408	lncRNA	ENSMUSG00000115681	-	Gm2682	509
510	Gm46507	chr15	60295792	60296950	processed_pseudogene	ENSMUSG00000115838	-	Gm46507	510
511	Gm17892	chr15	60397297	60398089	processed_pseudogene	ENSMUSG00000115159	+	Gm17892	511
512	Gm6392	chr15	60468124	60469477	processed_pseudogene	ENSMUSG00000115503	+	Gm6392	512
513	Gm48946	chr15	60670343	60672084	lncRNA	ENSMUSG00000115504	+	Gm48946	513
514	Gm23835	chr15	60703992	60704123	snoRNA	ENSMUSG00000077627	-	Gm23835	514
515	Gm7086	chr15	60742858	60746535	transcribed_unprocessed_pseudogene	ENSMUSG00000112930	+	Gm7086	515
516	Lratd2	chr15	60818994	60853778	protein_coding	ENSMUSG00000072568	-	Lratd2	516
517	9930014A18Rik	chr15	60822271	60831793	lncRNA	ENSMUSG00000097493	+	9930014A18Rik	517
518	A1bg	chr15	60896859	60923012	protein_coding	ENSMUSG00000022347	-	A1bg	518
519	4930402D18Rik	chr15	60912974	60955320	lncRNA	ENSMUSG00000115231	+	4930402D18Rik	519
520	Gm38563	chr15	61157869	61165735	lncRNA	ENSMUSG00000116498	+	Gm38563	520
521	Gm49497	chr15	61184151	61241065	lncRNA	ENSMUSG00000116000	+	Gm49497	521
522	Gm29904	chr15	61288441	61393822	lncRNA	ENSMUSG00000116299	+	Gm29904	522
523	Gm49498	chr15	61534676	61544183	lncRNA	ENSMUSG00000116109	-	Gm49498	523
524	D030024E09Rik	chr15	61534676	61774451	lncRNA	ENSMUSG00000116031	-	D030024E09Rik	524
525	Gm18154	chr15	61826247	61826835	processed_pseudogene	ENSMUSG00000116017	+	Gm18154	525
526	Gm37947	chr15	61979241	61983302	TEC	ENSMUSG00000103610	-	Gm37947	526
527	Myc	chr15	61985391	61990374	protein_coding	ENSMUSG00000022346	+	Myc	527
528	Pvt1	chr15	62037986	62378096	lncRNA	ENSMUSG00000097039	+	Pvt1	528
529	Gm27782	chr15	62080245	62080443	misc_RNA	ENSMUSG00000098308	+	Gm27782	529
530	Gm27718	chr15	62107187	62107272	misc_RNA	ENSMUSG00000099295	+	Gm27718	530
531	Gm27957	chr15	62175422	62175548	misc_RNA	ENSMUSG00000098595	+	Gm27957	531
532	Gm41333	chr15	62567975	62782787	lncRNA	ENSMUSG00000115862	+	Gm41333	532
533	Tsg101-ps	chr15	62980648	62981817	processed_pseudogene	ENSMUSG00000106988	+	Tsg101-ps	533
534	Gm30159	chr15	63067008	63143105	lncRNA	ENSMUSG00000115164	-	Gm30159	534
535	Gm49013	chr15	63146233	63146716	processed_pseudogene	ENSMUSG00000115011	+	Gm49013	535
536	Gm41335	chr15	63176838	63718289	lncRNA	ENSMUSG00000115520	-	Gm41335	536
537	Gm49014	chr15	63255904	63278780	lncRNA	ENSMUSG00000115369	+	Gm49014	537
538	4930449C09Rik	chr15	63717818	63737680	lncRNA	ENSMUSG00000115676	+	4930449C09Rik	538
539	Gm41336	chr15	63740684	63745367	lncRNA	ENSMUSG00000115711	+	Gm41336	539
540	Gm46499	chr15	63760161	63760580	processed_pseudogene	ENSMUSG00000115682	+	Gm46499	540
541	Gsdmc	chr15	63775968	63808759	protein_coding	ENSMUSG00000079025	-	Gsdmc	541
542	Gsdmc2	chr15	63824346	63845177	protein_coding	ENSMUSG00000056293	-	Gsdmc2	542
543	Gsdmcl1	chr15	63847309	63855155	transcribed_unprocessed_pseudogene	ENSMUSG00000062543	+	Gsdmcl1	543
544	Gsdmc3	chr15	63857724	63878558	protein_coding	ENSMUSG00000055827	-	Gsdmc3	544
545	Gsdmcl2	chr15	63880707	63890512	transcribed_unprocessed_pseudogene	ENSMUSG00000093867	+	Gsdmcl2	545
546	Gsdmc4	chr15	63891264	63912297	protein_coding	ENSMUSG00000055748	-	Gsdmc4	546
547	Gsdmcl-ps	chr15	63914448	63925666	transcribed_unprocessed_pseudogene	ENSMUSG00000100127	+	Gsdmcl-ps	547
548	Fam49b	chr15	63929097	64060478	protein_coding	ENSMUSG00000022378	-	Fam49b	548
549	Gm25628	chr15	64025948	64026052	snRNA	ENSMUSG00000065936	+	Gm25628	549
550	Asap1	chr15	64086857	64382919	protein_coding	ENSMUSG00000022377	-	Asap1	550
551	Gm20717	chr15	64098317	64101397	lncRNA	ENSMUSG00000093695	+	Gm20717	551
552	1700010G06Rik	chr15	64314497	64316076	lncRNA	ENSMUSG00000115752	+	1700010G06Rik	552
553	Gm10926	chr15	64328028	64329017	TEC	ENSMUSG00000115646	-	Gm10926	553
554	Gm30563	chr15	64396379	64433598	lncRNA	ENSMUSG00000115169	+	Gm30563	554
555	Gm30691	chr15	64627409	64633508	lncRNA	ENSMUSG00000115328	-	Gm30691	555
556	Adcy8	chr15	64697084	64922296	protein_coding	ENSMUSG00000022376	-	Adcy8	556
557	Gm21798	chr15	64817694	64937996	protein_coding	ENSMUSG00000094296	+	Gm21798	557
558	Gm21961	chr15	64979544	65014904	protein_coding	ENSMUSG00000079024	-	Gm21961	558
559	Gm5046	chr15	65015154	65015764	processed_pseudogene	ENSMUSG00000072541	+	Gm5046	559
560	Gm49241	chr15	65041574	65042067	processed_pseudogene	ENSMUSG00000115677	+	Gm49241	560
561	Gm23907	chr15	65694549	65694737	snRNA	ENSMUSG00000077783	+	Gm23907	561
562	Efr3a	chr15	65787034	65873816	protein_coding	ENSMUSG00000015002	+	Efr3a	562
563	Gm20405	chr15	65857869	65858356	lncRNA	ENSMUSG00000092495	+	Gm20405	563
564	Oc90	chr15	65876053	65912397	protein_coding	ENSMUSG00000015001	-	Oc90	564
565	Hhla1	chr15	65916609	65976804	protein_coding	ENSMUSG00000072511	-	Hhla1	565
566	Kcnq3	chr15	65986387	66286642	protein_coding	ENSMUSG00000056258	-	Kcnq3	566
567	Gm27153	chr15	66074552	66091807	lncRNA	ENSMUSG00000099013	+	Gm27153	567
568	Gm27242	chr15	66286917	66290243	lncRNA	ENSMUSG00000099054	+	Gm27242	568
569	Gm30929	chr15	66335133	66340714	lncRNA	ENSMUSG00000115784	-	Gm30929	569
570	Lrrc6	chr15	66379858	66500910	protein_coding	ENSMUSG00000022375	-	Lrrc6	570
571	Tmem71	chr15	66526212	66561103	protein_coding	ENSMUSG00000036944	-	Tmem71	571
572	Phf20l1	chr15	66577560	66647976	protein_coding	ENSMUSG00000072501	+	Phf20l1	572
573	Tg	chr15	66670753	66850721	protein_coding	ENSMUSG00000053469	+	Tg	573
574	Gm17140	chr15	66739059	66744327	lncRNA	ENSMUSG00000090464	-	Gm17140	574
575	Sla	chr15	66780819	66831829	protein_coding	ENSMUSG00000022372	-	Sla	575
576	Ccn4	chr15	66891320	66923201	protein_coding	ENSMUSG00000005124	+	Ccn4	576
577	Ndrg1	chr15	66929318	66969640	protein_coding	ENSMUSG00000005125	-	Ndrg1	577
578	Gm17035	chr15	66929607	66931107	lncRNA	ENSMUSG00000091479	+	Gm17035	578
579	Gm2895	chr15	66969323	67013039	lncRNA	ENSMUSG00000091412	+	Gm2895	579
580	St3gal1	chr15	67102875	67176830	protein_coding	ENSMUSG00000013846	-	St3gal1	580
581	1700012I11Rik	chr15	67226769	67377094	lncRNA	ENSMUSG00000102069	+	1700012I11Rik	581
582	Gm49408	chr15	67873828	67874067	processed_pseudogene	ENSMUSG00000115875	+	Gm49408	582
583	Zfat	chr15	68083764	68258856	protein_coding	ENSMUSG00000022335	-	Zfat	583
584	Gm10240	chr15	68309819	68310301	processed_pseudogene	ENSMUSG00000068397	+	Gm10240	584
585	Gm37320	chr15	68321381	68326333	TEC	ENSMUSG00000104324	-	Gm37320	585
586	Gm26621	chr15	68334715	68337430	lncRNA	ENSMUSG00000096967	-	Gm26621	586
587	Gm37296	chr15	68338295	68341216	TEC	ENSMUSG00000104116	-	Gm37296	587
588	Gm20732	chr15	68340983	68363176	lncRNA	ENSMUSG00000093387	-	Gm20732	588
589	Mir30d	chr15	68341208	68341289	miRNA	ENSMUSG00000065437	-	Mir30d	589
590	Gm7859	chr15	68715009	68715763	processed_pseudogene	ENSMUSG00000116089	-	Gm7859	590
591	Gm7125	chr15	68792320	68883576	lncRNA	ENSMUSG00000069996	+	Gm7125	591
592	Khdrbs3	chr15	68928420	69101211	protein_coding	ENSMUSG00000022332	+	Khdrbs3	592
593	Gm49422	chr15	68959531	68994444	lncRNA	ENSMUSG00000116092	+	Gm49422	593
594	4930573C08Rik	chr15	69233931	69234999	TEC	ENSMUSG00000115935	-	4930573C08Rik	594
595	4930504C09Rik	chr15	69270533	69274720	lncRNA	ENSMUSG00000116167	+	4930504C09Rik	595
596	Gm23987	chr15	69685578	69685706	snoRNA	ENSMUSG00000080689	-	Gm23987	596
597	Gm19782	chr15	70011623	70077841	lncRNA	ENSMUSG00000116483	+	Gm19782	597
598	Gm5216	chr15	70063061	70064669	processed_pseudogene	ENSMUSG00000116398	-	Gm5216	598
599	Fam135b	chr15	71431609	71727838	protein_coding	ENSMUSG00000036800	-	Fam135b	599
600	Gm2999	chr15	71794570	71795107	processed_pseudogene	ENSMUSG00000115868	+	Gm2999	600
601	Col22a1	chr15	71795795	72034227	protein_coding	ENSMUSG00000079022	-	Col22a1	601
602	Gm16308	chr15	71810108	71813780	lncRNA	ENSMUSG00000090237	+	Gm16308	602
603	Gm49457	chr15	72161346	72287314	lncRNA	ENSMUSG00000116068	+	Gm49457	603
604	Kcnk9	chr15	72501089	72546340	protein_coding	ENSMUSG00000036760	-	Kcnk9	604
605	Gm49460	chr15	72588283	72606053	lncRNA	ENSMUSG00000116088	+	Gm49460	605
606	Trappc9	chr15	72589620	73061204	protein_coding	ENSMUSG00000047921	-	Trappc9	606
607	Gm49459	chr15	72725404	72725860	processed_pseudogene	ENSMUSG00000116314	+	Gm49459	607
608	Peg13	chr15	72805600	72810324	lncRNA	ENSMUSG00000106847	-	Peg13	608
609	Gm3150	chr15	72913357	72913560	processed_pseudogene	ENSMUSG00000096173	+	Gm3150	609
610	Chrac1	chr15	73090392	73097554	protein_coding	ENSMUSG00000068391	+	Chrac1	610
611	Ago2	chr15	73095844	73184935	protein_coding	ENSMUSG00000036698	-	Ago2	611
612	Ptk2	chr15	73205102	73423280	protein_coding	ENSMUSG00000022607	-	Ptk2	612
613	1700085D07Rik	chr15	73249546	73264120	lncRNA	ENSMUSG00000115693	+	1700085D07Rik	613
614	Mir151	chr15	73254815	73254882	miRNA	ENSMUSG00000065612	-	Mir151	614
615	Gm24787	chr15	73349799	73349921	snoRNA	ENSMUSG00000088005	+	Gm24787	615
616	Gm7908	chr15	73407489	73408239	processed_pseudogene	ENSMUSG00000115602	-	Gm7908	616
617	Gm49066	chr15	73423311	73424109	lncRNA	ENSMUSG00000115810	+	Gm49066	617
618	Dennd3	chr15	73512560	73572242	protein_coding	ENSMUSG00000036661	+	Dennd3	618
619	Slc45a4	chr15	73577424	73645762	protein_coding	ENSMUSG00000079020	-	Slc45a4	619
620	1700010B13Rik	chr15	73645852	73652347	lncRNA	ENSMUSG00000099958	+	1700010B13Rik	620
621	Gpr20	chr15	73694604	73707505	protein_coding	ENSMUSG00000045281	-	Gpr20	621
622	Ptp4a3	chr15	73723145	73758766	protein_coding	ENSMUSG00000059895	+	Ptp4a3	622
623	Mroh5	chr15	73760067	73839699	protein_coding	ENSMUSG00000072487	-	Mroh5	623
624	Ndufb4c	chr15	73809507	73809896	processed_pseudogene	ENSMUSG00000083380	-	Ndufb4c	624
625	Gm6569	chr15	73834561	73839908	protein_coding	ENSMUSG00000086361	+	Gm6569	625
626	Gm32405	chr15	73994069	74000913	lncRNA	ENSMUSG00000116256	-	Gm32405	626
627	Gm15387	chr15	74093686	74094333	processed_pseudogene	ENSMUSG00000082585	-	Gm15387	627
628	Adgrb1	chr15	74516195	74589465	protein_coding	ENSMUSG00000034730	+	Adgrb1	628
629	Mroh4	chr15	74606029	74636353	protein_coding	ENSMUSG00000022603	-	Mroh4	629
630	Arc	chr15	74669083	74672570	protein_coding	ENSMUSG00000022602	-	Arc	630
631	Jrk	chr15	74702301	74709535	protein_coding	ENSMUSG00000046380	-	Jrk	631
632	4933427E11Rik	chr15	74709161	74710374	lncRNA	ENSMUSG00000044276	+	4933427E11Rik	632
633	Gm28976	chr15	74718792	74718935	processed_pseudogene	ENSMUSG00000101983	+	Gm28976	633
634	Them6	chr15	74721204	74724639	protein_coding	ENSMUSG00000056665	+	Them6	634
635	Slurp1	chr15	74724318	74728034	protein_coding	ENSMUSG00000022596	-	Slurp1	635
636	Lynx1	chr15	74747852	74753046	protein_coding	ENSMUSG00000022594	-	Lynx1	636
637	Ly6d	chr15	74762056	74763620	protein_coding	ENSMUSG00000034634	-	Ly6d	637
638	Ly6g6g	chr15	74770908	74778859	protein_coding	ENSMUSG00000101026	-	Ly6g6g	638
639	Gm17189	chr15	74784065	74800640	lncRNA	ENSMUSG00000091709	+	Gm17189	639
640	Ly6k	chr15	74796874	74799986	protein_coding	ENSMUSG00000044678	-	Ly6k	640
641	Gml	chr15	74813452	74818815	protein_coding	ENSMUSG00000068349	-	Gml	641
642	Gml2	chr15	74819071	74834871	protein_coding	ENSMUSG00000068600	+	Gml2	642
643	Cyp11b1	chr15	74834125	74841643	protein_coding	ENSMUSG00000075604	-	Cyp11b1	643
644	Ly6m	chr15	74876987	74897021	protein_coding	ENSMUSG00000063522	-	Ly6m	644
645	Gm39556	chr15	74929437	74936316	lncRNA	ENSMUSG00000116380	+	Gm39556	645
646	Ly6e	chr15	74955051	74959905	protein_coding	ENSMUSG00000022587	+	Ly6e	646
647	Ly6i	chr15	74979534	74983430	protein_coding	ENSMUSG00000022586	-	Ly6i	647
648	Gm8000	chr15	74986591	74988460	unprocessed_pseudogene	ENSMUSG00000101132	-	Gm8000	648
649	Gm37042	chr15	74988750	74989330	TEC	ENSMUSG00000103457	+	Gm37042	649
650	Gm28068	chr15	75007303	75024410	lncRNA	ENSMUSG00000100287	+	Gm28068	650
651	Gm5960	chr15	75071112	75074638	unprocessed_pseudogene	ENSMUSG00000099775	+	Gm5960	651
652	Gm28502	chr15	75076210	75079094	lncRNA	ENSMUSG00000099452	-	Gm28502	652
653	Ly6c2	chr15	75108158	75111970	protein_coding	ENSMUSG00000022584	-	Ly6c2	653
654	Ly6a2	chr15	75131377	75135128	transcribed_unprocessed_pseudogene	ENSMUSG00000102051	-	Ly6a2	654
655	Ly6g	chr15	75155240	75159126	protein_coding	ENSMUSG00000022582	+	Ly6g	655
656	Gm28117	chr15	75193904	75197667	unprocessed_pseudogene	ENSMUSG00000101140	-	Gm28117	656
657	Ly6g2	chr15	75216376	75222661	protein_coding	ENSMUSG00000047728	+	Ly6g2	657
658	Gm10238	chr15	75235597	75238768	unprocessed_pseudogene	ENSMUSG00000068348	-	Gm10238	658
659	Gm28116	chr15	75293950	75297099	unprocessed_pseudogene	ENSMUSG00000099467	-	Gm28116	659
660	Gm3454	chr15	75311377	75314964	unprocessed_pseudogene	ENSMUSG00000101289	-	Gm3454	660
661	Gm29517	chr15	75328240	75330355	unprocessed_pseudogene	ENSMUSG00000101075	+	Gm29517	661
662	Gm28114	chr15	75349006	75351181	unprocessed_pseudogene	ENSMUSG00000100375	-	Gm28114	662
663	Gm3142	chr15	75372463	75377269	unprocessed_pseudogene	ENSMUSG00000102028	-	Gm3142	663
664	9030619P08Rik	chr15	75427606	75431829	transcribed_unprocessed_pseudogene	ENSMUSG00000053168	-	9030619P08Rik	664
665	Ly6l	chr15	75449457	75451406	protein_coding	ENSMUSG00000093626	+	Ly6l	665
666	Ly6h	chr15	75551268	75567255	protein_coding	ENSMUSG00000022577	-	Ly6h	666
667	Gpihbp1	chr15	75596628	75599481	protein_coding	ENSMUSG00000022579	+	Gpihbp1	667
668	Zfp41	chr15	75616679	75629827	protein_coding	ENSMUSG00000047003	+	Zfp41	668
669	Gm46519	chr15	75631969	75635910	lncRNA	ENSMUSG00000115969	-	Gm46519	669
670	2810039B14Rik	chr15	75642129	75653643	transcribed_unitary_pseudogene	ENSMUSG00000099034	+	2810039B14Rik	670
671	Top1mt	chr15	75657035	75678800	protein_coding	ENSMUSG00000000934	-	Top1mt	671
672	Gm15945	chr15	75661407	75663529	lncRNA	ENSMUSG00000085523	+	Gm15945	672
673	Rhpn1	chr15	75704280	75715485	protein_coding	ENSMUSG00000022580	+	Rhpn1	673
674	Mafa	chr15	75745490	75748228	protein_coding	ENSMUSG00000047591	-	Mafa	674
675	Zc3h3	chr15	75754430	75841915	protein_coding	ENSMUSG00000075600	-	Zc3h3	675
676	Gm9568	chr15	75854819	75856228	processed_pseudogene	ENSMUSG00000098203	-	Gm9568	676
677	Gsdmd	chr15	75862327	75867408	protein_coding	ENSMUSG00000022575	+	Gsdmd	677
678	Mroh6	chr15	75884137	75888770	protein_coding	ENSMUSG00000098678	-	Mroh6	678
679	Naprt	chr15	75890956	75894481	protein_coding	ENSMUSG00000022574	-	Naprt	679
680	Eef1d	chr15	75894205	75909556	protein_coding	ENSMUSG00000055762	-	Eef1d	680
681	Tigd5	chr15	75909735	75914535	protein_coding	ENSMUSG00000103906	+	Tigd5	681
682	Pycrl	chr15	75916477	75921560	protein_coding	ENSMUSG00000022571	-	Pycrl	682
683	Tsta3	chr15	75924676	75929832	protein_coding	ENSMUSG00000022570	-	Tsta3	683
684	Zfp623	chr15	75940952	75949400	protein_coding	ENSMUSG00000050846	+	Zfp623	684
685	Eif2s3x-ps1	chr15	75967227	75968335	processed_pseudogene	ENSMUSG00000116120	-	Eif2s3x-ps1	685
686	Zfp707	chr15	75969123	75975868	protein_coding	ENSMUSG00000034429	+	Zfp707	686
687	Ccdc166	chr15	75979872	75982455	protein_coding	ENSMUSG00000098176	-	Ccdc166	687
688	Mapk15	chr15	75993769	75999154	protein_coding	ENSMUSG00000063704	+	Mapk15	688
689	Fam83h	chr15	76001093	76014336	protein_coding	ENSMUSG00000046761	-	Fam83h	689
690	Iqank1	chr15	76009888	76046981	protein_coding	ENSMUSG00000102018	+	Iqank1	690
691	Scrib	chr15	76047158	76069784	protein_coding	ENSMUSG00000022568	-	Scrib	691
692	Puf60	chr15	76070182	76080924	protein_coding	ENSMUSG00000002524	-	Puf60	692
693	Gm48952	chr15	76083764	76087655	lncRNA	ENSMUSG00000115332	+	Gm48952	693
694	Nrbp2	chr15	76085518	76091627	protein_coding	ENSMUSG00000075590	-	Nrbp2	694
695	Eppk1	chr15	76101481	76120195	protein_coding	ENSMUSG00000115388	-	Eppk1	695
696	BC024139	chr15	76119517	76126596	protein_coding	ENSMUSG00000044361	-	BC024139	696
697	Plec	chr15	76170974	76232574	protein_coding	ENSMUSG00000022565	-	Plec	697
698	Gm25720	chr15	76214101	76214205	snRNA	ENSMUSG00000088128	-	Gm25720	698
699	Mir1942	chr15	76215611	76215673	miRNA	ENSMUSG00000087899	-	Mir1942	699
700	Parp10	chr15	76231174	76243441	protein_coding	ENSMUSG00000063268	-	Parp10	700
701	Grina	chr15	76246764	76249904	protein_coding	ENSMUSG00000022564	+	Grina	701
702	Mirt2	chr15	76267135	76267419	misc_RNA	ENSMUSG00000092920	-	Mirt2	702
703	Spatc1	chr15	76268089	76292572	protein_coding	ENSMUSG00000049653	+	Spatc1	703
704	Smpd5	chr15	76294348	76296896	protein_coding	ENSMUSG00000071724	+	Smpd5	704
705	Oplah	chr15	76296601	76328015	protein_coding	ENSMUSG00000022562	-	Oplah	705
706	Exosc4	chr15	76327397	76330677	protein_coding	ENSMUSG00000034259	+	Exosc4	706
707	Gpaa1	chr15	76331231	76334907	protein_coding	ENSMUSG00000022561	+	Gpaa1	707
708	Rps6-ps1	chr15	76337616	76338362	processed_pseudogene	ENSMUSG00000063875	+	Rps6-ps1	708
709	Cyc1	chr15	76343523	76346260	protein_coding	ENSMUSG00000022551	+	Cyc1	709
710	Sharpin	chr15	76347040	76351111	protein_coding	ENSMUSG00000022552	-	Sharpin	710
711	Maf1	chr15	76351294	76354380	protein_coding	ENSMUSG00000022553	+	Maf1	711
712	Gm35339	chr15	76354432	76365201	protein_coding	ENSMUSG00000109179	+	Gm35339	712
713	Hgh1	chr15	76368898	76371437	protein_coding	ENSMUSG00000022554	+	Hgh1	713
714	Mroh1	chr15	76380261	76453038	protein_coding	ENSMUSG00000022558	+	Mroh1	714
715	Mir6954	chr15	76433214	76433273	miRNA	ENSMUSG00000099260	+	Mir6954	715
716	Bop1	chr15	76452989	76477277	protein_coding	ENSMUSG00000022557	-	Bop1	716
717	Scx	chr15	76457452	76459458	protein_coding	ENSMUSG00000034161	+	Scx	717
718	Hsf1	chr15	76477422	76501913	protein_coding	ENSMUSG00000022556	+	Hsf1	718
719	Dgat1	chr15	76502015	76511953	protein_coding	ENSMUSG00000022555	-	Dgat1	719
720	Scrt1	chr15	76516203	76522499	protein_coding	ENSMUSG00000048385	-	Scrt1	720
721	Gm49550	chr15	76526770	76527021	processed_pseudogene	ENSMUSG00000116234	-	Gm49550	721
722	Tmem249	chr15	76533213	76535366	protein_coding	ENSMUSG00000116376	-	Tmem249	722
723	Fbxl6	chr15	76535721	76538746	protein_coding	ENSMUSG00000022559	-	Fbxl6	723
724	Slc52a2	chr15	76538832	76544608	protein_coding	ENSMUSG00000022560	+	Slc52a2	724
725	Adck5	chr15	76576358	76595816	protein_coding	ENSMUSG00000022550	+	Adck5	725
726	Gm49413	chr15	76577825	76580863	TEC	ENSMUSG00000116238	+	Gm49413	726
727	5730521K06Rik	chr15	76590120	76591727	TEC	ENSMUSG00000116145	+	5730521K06Rik	727
728	Cpsf1	chr15	76595803	76607591	protein_coding	ENSMUSG00000034022	-	Cpsf1	728
729	Slc39a4	chr15	76612383	76617384	protein_coding	ENSMUSG00000063354	-	Slc39a4	729
730	Vps28	chr15	76622087	76626086	protein_coding	ENSMUSG00000115987	-	Vps28	730
731	Tonsl	chr15	76626002	76639958	protein_coding	ENSMUSG00000059323	-	Tonsl	731
732	Cyhr1	chr15	76643395	76660117	protein_coding	ENSMUSG00000053929	-	Cyhr1	732
733	Kifc2	chr15	76659858	76668196	protein_coding	ENSMUSG00000004187	+	Kifc2	733
734	Foxh1	chr15	76668225	76669948	protein_coding	ENSMUSG00000033837	-	Foxh1	734
735	Ppp1r16a	chr15	76671615	76694919	protein_coding	ENSMUSG00000033819	+	Ppp1r16a	735
736	Gpt	chr15	76695716	76699686	protein_coding	ENSMUSG00000022546	+	Gpt	736
737	Mfsd3	chr15	76701465	76704239	protein_coding	ENSMUSG00000019080	+	Mfsd3	737
738	Recql4	chr15	76703553	76710548	protein_coding	ENSMUSG00000033762	-	Recql4	738
739	Lrrc14	chr15	76710623	76717699	protein_coding	ENSMUSG00000033728	+	Lrrc14	739
740	Lrrc24	chr15	76715276	76722173	protein_coding	ENSMUSG00000033707	-	Lrrc24	740
741	C030006K11Rik	chr15	76721465	76723845	protein_coding	ENSMUSG00000116138	-	C030006K11Rik	741
742	Arhgap39	chr15	76723985	76818170	protein_coding	ENSMUSG00000033697	-	Arhgap39	742
743	Gm17271	chr15	76797696	76798050	processed_pseudogene	ENSMUSG00000090429	+	Gm17271	743
744	Zfp251	chr15	76851609	76871435	protein_coding	ENSMUSG00000022526	-	Zfp251	744
745	Zfp7	chr15	76879259	76892395	protein_coding	ENSMUSG00000033669	+	Zfp7	745
746	Gm49527	chr15	76879320	76901283	protein_coding	ENSMUSG00000116024	+	Gm49527	746
747	Commd5	chr15	76899910	76901305	protein_coding	ENSMUSG00000055041	+	Commd5	747
748	Rpl8	chr15	76904078	76906314	protein_coding	ENSMUSG00000003970	+	Rpl8	748
749	Zfp647	chr15	76910371	76925448	protein_coding	ENSMUSG00000054967	-	Zfp647	749
750	Gm18283	chr15	76933705	76935060	processed_pseudogene	ENSMUSG00000115920	-	Gm18283	750
751	1110038F14Rik	chr15	76948506	76950979	protein_coding	ENSMUSG00000063236	+	1110038F14Rik	751
752	Gm35933	chr15	76988024	76997054	lncRNA	ENSMUSG00000116339	+	Gm35933	752
753	Gm49540	chr15	77014093	77015898	lncRNA	ENSMUSG00000116272	+	Gm49540	753
754	Mb	chr15	77015487	77050670	protein_coding	ENSMUSG00000018893	-	Mb	754
755	Apol6	chr15	77044729	77057106	protein_coding	ENSMUSG00000033576	+	Apol6	755
756	Rbfox2	chr15	77078990	77307004	protein_coding	ENSMUSG00000033565	-	Rbfox2	756
757	1700109K24Rik	chr15	77084398	77096314	lncRNA	ENSMUSG00000097267	+	1700109K24Rik	757
758	4833412C15Rik	chr15	77113732	77115802	TEC	ENSMUSG00000116298	-	4833412C15Rik	758
759	Gm49411	chr15	77175789	77178264	TEC	ENSMUSG00000116185	-	Gm49411	759
760	Gm24056	chr15	77242406	77242551	snRNA	ENSMUSG00000089242	-	Gm24056	760
761	Gm3787	chr15	77369494	77371010	transcribed_processed_pseudogene	ENSMUSG00000116284	-	Gm3787	761
762	Apol7a	chr15	77388219	77399110	protein_coding	ENSMUSG00000010601	-	Apol7a	762
763	Apol9a	chr15	77403789	77411135	protein_coding	ENSMUSG00000057346	-	Apol9a	763
764	Apol7b	chr15	77422209	77447492	protein_coding	ENSMUSG00000068252	-	Apol7b	764
765	4930571N24Rik	chr15	77427979	77461968	lncRNA	ENSMUSG00000086467	+	4930571N24Rik	765
766	Gm6506	chr15	77443289	77444420	processed_pseudogene	ENSMUSG00000082233	-	Gm6506	766
767	Apol10a	chr15	77477047	77491069	protein_coding	ENSMUSG00000050982	+	Apol10a	767
768	Apol7c	chr15	77524852	77533316	protein_coding	ENSMUSG00000044309	-	Apol7c	768
769	Apol10b	chr15	77583819	77596125	protein_coding	ENSMUSG00000050014	-	Apol10b	769
770	Gm36245	chr15	77599258	77602854	protein_coding	ENSMUSG00000116079	+	Gm36245	770
771	Gm8221	chr15	77621834	77626637	unprocessed_pseudogene	ENSMUSG00000095704	+	Gm8221	771
772	Apol11b	chr15	77633946	77643286	protein_coding	ENSMUSG00000091694	-	Apol11b	772
773	Apol10c-ps	chr15	77656001	77659841	transcribed_unprocessed_pseudogene	ENSMUSG00000116383	-	Apol10c-ps	773
774	Apol7e	chr15	77698857	77719285	protein_coding	ENSMUSG00000071716	+	Apol7e	774
775	Gm18911	chr15	77701997	77703044	processed_pseudogene	ENSMUSG00000116438	+	Gm18911	775
776	Gm36329	chr15	77717636	77722849	lncRNA	ENSMUSG00000116162	-	Gm36329	776
777	Gm49410	chr15	77740761	77743890	TEC	ENSMUSG00000115979	+	Gm49410	777
778	Apol8	chr15	77747798	77757003	protein_coding	ENSMUSG00000056656	-	Apol8	778
779	Myh9	chr15	77760587	77842175	protein_coding	ENSMUSG00000022443	-	Myh9	779
780	Gm22107	chr15	77840657	77840756	snRNA	ENSMUSG00000084497	-	Gm22107	780
781	Txn2	chr15	77915047	77929006	protein_coding	ENSMUSG00000005354	-	Txn2	781
782	Foxred2	chr15	77940522	77956722	protein_coding	ENSMUSG00000016552	-	Foxred2	782
783	Eif3d	chr15	77958998	77970813	protein_coding	ENSMUSG00000016554	-	Eif3d	783
784	Gm17638	chr15	77961674	77967126	lncRNA	ENSMUSG00000097057	+	Gm17638	784
785	Cacng2	chr15	77991748	78120028	protein_coding	ENSMUSG00000019146	-	Cacng2	785
786	A730060N03Rik	chr15	78119706	78144142	lncRNA	ENSMUSG00000092375	+	A730060N03Rik	786
787	Ift27	chr15	78159463	78174107	protein_coding	ENSMUSG00000016637	-	Ift27	787
788	Pvalb	chr15	78191114	78206400	protein_coding	ENSMUSG00000005716	-	Pvalb	788
789	Ncf4	chr15	78244801	78262580	protein_coding	ENSMUSG00000071715	+	Ncf4	789
790	Csf2rb2	chr15	78282507	78305721	protein_coding	ENSMUSG00000071714	-	Csf2rb2	790
791	Csf2rb	chr15	78325752	78353847	protein_coding	ENSMUSG00000071713	+	Csf2rb	791
792	Tex33	chr15	78378400	78395912	protein_coding	ENSMUSG00000062154	-	Tex33	792
793	Gm49481	chr15	78396001	78397184	lncRNA	ENSMUSG00000116445	+	Gm49481	793
794	Tst	chr15	78399556	78405907	protein_coding	ENSMUSG00000044986	-	Tst	794
795	Mpst	chr15	78406416	78414013	protein_coding	ENSMUSG00000071711	+	Mpst	795
796	Gm36644	chr15	78420496	78424193	lncRNA	ENSMUSG00000115854	-	Gm36644	796
797	Kctd17	chr15	78428564	78439303	protein_coding	ENSMUSG00000033287	+	Kctd17	797
798	Tmprss6	chr15	78439667	78468634	protein_coding	ENSMUSG00000016942	-	Tmprss6	798
799	Il2rb	chr15	78479256	78495271	protein_coding	ENSMUSG00000068227	-	Il2rb	799
800	C1qtnf6	chr15	78523346	78531416	protein_coding	ENSMUSG00000022440	-	C1qtnf6	800
801	Gm49490	chr15	78531109	78532797	lncRNA	ENSMUSG00000116307	+	Gm49490	801
802	Sstr3	chr15	78537008	78544685	protein_coding	ENSMUSG00000044933	-	Sstr3	802
803	Rac2	chr15	78559167	78572783	protein_coding	ENSMUSG00000033220	-	Rac2	803
804	Gm36738	chr15	78574411	78581616	lncRNA	ENSMUSG00000116097	-	Gm36738	804
805	Cyth4	chr15	78597047	78622019	protein_coding	ENSMUSG00000018008	+	Cyth4	805
806	Elfn2	chr15	78667331	78718771	protein_coding	ENSMUSG00000043460	-	Elfn2	806
807	1700041B01Rik	chr15	78670785	78676114	lncRNA	ENSMUSG00000116260	+	1700041B01Rik	807
808	Mfng	chr15	78755882	78773475	protein_coding	ENSMUSG00000018169	-	Mfng	808
809	Card10	chr15	78775138	78803042	protein_coding	ENSMUSG00000033170	-	Card10	809
810	Gm7318	chr15	78820810	78821402	processed_pseudogene	ENSMUSG00000116499	+	Gm7318	810
811	Cdc42ep1	chr15	78842624	78850897	protein_coding	ENSMUSG00000049521	+	Cdc42ep1	811
812	Lgals2	chr15	78850860	78855529	protein_coding	ENSMUSG00000043501	-	Lgals2	812
813	Gm26634	chr15	78862956	78868533	lncRNA	ENSMUSG00000097085	-	Gm26634	813
814	Gga1	chr15	78877190	78894585	protein_coding	ENSMUSG00000033128	+	Gga1	814
815	Mir6955	chr15	78891840	78891913	miRNA	ENSMUSG00000099267	+	Mir6955	815
816	Gm49510	chr15	78899667	78919032	protein_coding	ENSMUSG00000116069	+	Gm49510	816
817	Sh3bp1	chr15	78899768	78912051	protein_coding	ENSMUSG00000022436	+	Sh3bp1	817
818	1700027A07Rik	chr15	78911966	78913660	lncRNA	ENSMUSG00000084864	-	1700027A07Rik	818
819	Pdxp	chr15	78913919	78919517	protein_coding	ENSMUSG00000116165	+	Pdxp	819
820	Lgals1	chr15	78926725	78930465	protein_coding	ENSMUSG00000068220	+	Lgals1	820
821	Nol12	chr15	78934933	78943638	protein_coding	ENSMUSG00000033099	+	Nol12	821
822	Triobp	chr15	78947724	79005869	protein_coding	ENSMUSG00000033088	+	Triobp	822
823	Gm10865	chr15	78994955	79011041	lncRNA	ENSMUSG00000116505	-	Gm10865	823
824	Gm17753	chr15	79015329	79025782	lncRNA	ENSMUSG00000115867	-	Gm17753	824
825	Gm49544	chr15	79026456	79028612	lncRNA	ENSMUSG00000116262	-	Gm49544	825
826	H1f0	chr15	79028450	79030504	protein_coding	ENSMUSG00000096210	+	H1f0	826
827	Gcat	chr15	79030874	79038353	protein_coding	ENSMUSG00000006378	+	Gcat	827
828	Gm3924	chr15	79045599	79051176	lncRNA	ENSMUSG00000116287	-	Gm3924	828
829	Ankrd54	chr15	79053094	79062893	protein_coding	ENSMUSG00000033055	-	Ankrd54	829
830	Eif3l	chr15	79075179	79094405	protein_coding	ENSMUSG00000033047	+	Eif3l	830
831	Gm25072	chr15	79094823	79095057	misc_RNA	ENSMUSG00000092974	-	Gm25072	831
832	Micall1	chr15	79108898	79136900	protein_coding	ENSMUSG00000033039	+	Micall1	832
833	1700088E04Rik	chr15	79129349	79141253	protein_coding	ENSMUSG00000033029	-	1700088E04Rik	833
834	Polr2f	chr15	79141009	79151774	protein_coding	ENSMUSG00000033020	+	Polr2f	834
835	Sox10	chr15	79154908	79165240	protein_coding	ENSMUSG00000033006	-	Sox10	835
836	Gm10863	chr15	79166041	79227524	lncRNA	ENSMUSG00000075555	+	Gm10863	836
837	Pick1	chr15	79229173	79249484	protein_coding	ENSMUSG00000068206	+	Pick1	837
838	Gm49486	chr15	79229391	79256674	protein_coding	ENSMUSG00000116121	+	Gm49486	838
839	Slc16a8	chr15	79251014	79254761	protein_coding	ENSMUSG00000032988	-	Slc16a8	839
840	Lgals1-ps2	chr15	79255574	79256092	transcribed_processed_pseudogene	ENSMUSG00000091135	+	Lgals1-ps2	840
841	Baiap2l2	chr15	79258195	79285537	protein_coding	ENSMUSG00000018126	-	Baiap2l2	841
842	Pla2g6	chr15	79286228	79328390	protein_coding	ENSMUSG00000042632	-	Pla2g6	842
843	Gm20420	chr15	79314196	79316658	lncRNA	ENSMUSG00000092494	+	Gm20420	843
844	Maff	chr15	79346621	79359076	protein_coding	ENSMUSG00000042622	+	Maff	844
845	Tmem184b	chr15	79360684	79403569	protein_coding	ENSMUSG00000009035	-	Tmem184b	845
846	Mir1943	chr15	79375228	79375300	miRNA	ENSMUSG00000088901	-	Mir1943	846
847	Csnk1e	chr15	79417856	79455566	protein_coding	ENSMUSG00000022433	-	Csnk1e	847
848	Gm16059	chr15	79427220	79431629	lncRNA	ENSMUSG00000085802	+	Gm16059	848
849	Gm49593	chr15	79480227	79482674	TEC	ENSMUSG00000116081	-	Gm49593	849
850	Kcnj4	chr15	79483714	79505241	protein_coding	ENSMUSG00000044216	-	Kcnj4	850
851	Kdelr3	chr15	79516411	79527739	protein_coding	ENSMUSG00000010830	+	Kdelr3	851
852	Ddx17	chr15	79527736	79546741	protein_coding	ENSMUSG00000055065	-	Ddx17	852
853	Dmc1	chr15	79561497	79605109	protein_coding	ENSMUSG00000022429	-	Dmc1	853
854	Gm27903	chr15	79594668	79594793	miRNA	ENSMUSG00000093223	-	Gm27903	854
855	Fam227a	chr15	79609576	79658956	protein_coding	ENSMUSG00000042564	-	Fam227a	855
856	Cby1	chr15	79659199	79667660	protein_coding	ENSMUSG00000022428	+	Cby1	856
857	Tomm22	chr15	79670861	79673400	protein_coding	ENSMUSG00000022427	+	Tomm22	857
858	Josd1	chr15	79674251	79687919	protein_coding	ENSMUSG00000022426	-	Josd1	858
859	Gm49520	chr15	79681102	79681322	processed_pseudogene	ENSMUSG00000116239	-	Gm49520	859
860	Gtpbp1	chr15	79690845	79721479	protein_coding	ENSMUSG00000042535	+	Gtpbp1	860
861	Sun2	chr15	79724070	79742536	protein_coding	ENSMUSG00000042524	-	Sun2	861
862	Gm16575	chr15	79739574	79741798	lncRNA	ENSMUSG00000089796	+	Gm16575	862
863	Gm16576	chr15	79742698	79757394	lncRNA	ENSMUSG00000087543	+	Gm16576	863
864	Dnal4	chr15	79761453	79777849	protein_coding	ENSMUSG00000022420	-	Dnal4	864
865	Nptxr	chr15	79786351	79804766	protein_coding	ENSMUSG00000022421	-	Nptxr	865
866	Npcd	chr15	79789675	79834237	protein_coding	ENSMUSG00000089837	-	Npcd	866
867	Cbx6	chr15	79823896	79834688	protein_coding	ENSMUSG00000089715	-	Cbx6	867
868	Gm10856	chr15	79843163	79846763	lncRNA	ENSMUSG00000115971	+	Gm10856	868
869	Gm49412	chr15	79873869	79877223	TEC	ENSMUSG00000116283	+	Gm49412	869
870	AC113595.1	chr15	79889532	79893120	lncRNA	ENSMUSG00000115902	+	AC113595.1	870
871	Apobec3	chr15	79891659	79915906	protein_coding	ENSMUSG00000009585	+	Apobec3	871
872	Cbx7	chr15	79915807	79971119	protein_coding	ENSMUSG00000053411	-	Cbx7	872
873	Pdgfb	chr15	79995874	80014977	protein_coding	ENSMUSG00000000489	-	Pdgfb	873
874	Gm41361	chr15	80012331	80042457	lncRNA	ENSMUSG00000116125	+	Gm41361	874
875	Rpl3	chr15	80077791	80091868	protein_coding	ENSMUSG00000060036	-	Rpl3	875
876	Gm22077	chr15	80080251	80080343	snoRNA	ENSMUSG00000088219	-	Gm22077	876
877	Gm24204	chr15	80088447	80088553	snRNA	ENSMUSG00000064884	-	Gm24204	877
878	Syngr1	chr15	80091334	80119501	protein_coding	ENSMUSG00000022415	+	Syngr1	878
879	Tab1	chr15	80133127	80161707	protein_coding	ENSMUSG00000022414	+	Tab1	879
880	Mgat3	chr15	80173721	80215519	protein_coding	ENSMUSG00000042428	+	Mgat3	880
881	Gm8375	chr15	80229127	80229923	processed_pseudogene	ENSMUSG00000116127	-	Gm8375	881
882	Mief1	chr15	80234018	80253371	protein_coding	ENSMUSG00000022412	+	Mief1	882
883	AC140267.1	chr15	80235835	80236047	protein_coding	ENSMUSG00000115798	+	AC140267.1	883
884	Atf4	chr15	80255184	80257541	protein_coding	ENSMUSG00000042406	+	Atf4	884
885	Rps19bp1	chr15	80260615	80264315	protein_coding	ENSMUSG00000051518	-	Rps19bp1	885
886	Cacna1i	chr15	80287238	80398279	protein_coding	ENSMUSG00000022416	+	Cacna1i	886
887	Gm31369	chr15	80431571	80438603	lncRNA	ENSMUSG00000115888	-	Gm31369	887
888	Enthd1	chr15	80452240	80565156	protein_coding	ENSMUSG00000050439	-	Enthd1	888
889	Gm19141	chr15	80475892	80477938	processed_pseudogene	ENSMUSG00000116345	+	Gm19141	889
890	Grap2	chr15	80572594	80652854	protein_coding	ENSMUSG00000042351	+	Grap2	890
891	Gm49553	chr15	80640458	80642408	TEC	ENSMUSG00000116433	+	Gm49553	891
892	Fam83f	chr15	80671847	80700425	protein_coding	ENSMUSG00000022408	+	Fam83f	892
893	A430088P11Rik	chr15	80691025	80697610	lncRNA	ENSMUSG00000116220	-	A430088P11Rik	893
894	Tnrc6b	chr15	80711313	80941085	protein_coding	ENSMUSG00000047888	+	Tnrc6b	894
895	Gm49512	chr15	80712271	80713686	lncRNA	ENSMUSG00000116480	+	Gm49512	895
896	Mir5113	chr15	80940039	80940120	miRNA	ENSMUSG00000092868	+	Mir5113	896
897	Adsl	chr15	80948490	80970946	protein_coding	ENSMUSG00000022407	+	Adsl	897
898	Gm6612	chr15	80952505	80952899	processed_pseudogene	ENSMUSG00000058357	+	Gm6612	898
899	Sgsm3	chr15	80977765	81012290	protein_coding	ENSMUSG00000042303	+	Sgsm3	899
900	Gm31462	chr15	81005407	81006410	lncRNA	ENSMUSG00000115976	-	Gm31462	900
901	Mrtfa	chr15	81012281	81190757	protein_coding	ENSMUSG00000042292	-	Mrtfa	901
902	Gm49522	chr15	81115033	81115845	TEC	ENSMUSG00000116321	-	Gm49522	902
903	4930483J18Rik	chr15	81190774	81192763	lncRNA	ENSMUSG00000047938	+	4930483J18Rik	903
904	Gm49537	chr15	81208725	81209160	processed_pseudogene	ENSMUSG00000116122	-	Gm49537	904
905	Mchr1	chr15	81235499	81238964	protein_coding	ENSMUSG00000050164	+	Mchr1	905
906	8430426J06Rik	chr15	81242657	81312866	lncRNA	ENSMUSG00000115970	-	8430426J06Rik	906
907	Slc25a17	chr15	81318911	81360812	protein_coding	ENSMUSG00000022404	-	Slc25a17	907
908	St13	chr15	81363669	81400077	protein_coding	ENSMUSG00000022403	-	St13	908
909	Xpnpep3	chr15	81400138	81457482	protein_coding	ENSMUSG00000022401	+	Xpnpep3	909
910	Dnajb7	chr15	81406926	81408299	protein_coding	ENSMUSG00000047108	-	Dnajb7	910
911	Gm17025	chr15	81415560	81419188	lncRNA	ENSMUSG00000091492	-	Gm17025	911
912	Rbx1	chr15	81466296	81476369	protein_coding	ENSMUSG00000022400	+	Rbx1	912
913	Gm49406	chr15	81485972	81486381	processed_pseudogene	ENSMUSG00000115917	-	Gm49406	913
914	Gm5218	chr15	81499081	81499545	processed_pseudogene	ENSMUSG00000091198	-	Gm5218	914
915	1110025M09Rik	chr15	81584174	81585028	TEC	ENSMUSG00000103520	-	1110025M09Rik	915
916	Ep300	chr15	81585351	81652077	protein_coding	ENSMUSG00000055024	+	Ep300	916
917	Gm22067	chr15	81592093	81592199	snRNA	ENSMUSG00000084739	+	Gm22067	917
918	Gm49444	chr15	81656185	81656399	processed_pseudogene	ENSMUSG00000116516	-	Gm49444	918
919	L3mbtl2	chr15	81663889	81688315	protein_coding	ENSMUSG00000022394	+	L3mbtl2	919
920	Gm18284	chr15	81674260	81674878	processed_pseudogene	ENSMUSG00000092325	-	Gm18284	920
921	Chadl	chr15	81678296	81697287	protein_coding	ENSMUSG00000063765	-	Chadl	921
922	Rangap1	chr15	81704248	81745530	protein_coding	ENSMUSG00000022391	-	Rangap1	922
923	Zc3h7b	chr15	81745057	81796260	protein_coding	ENSMUSG00000022390	+	Zc3h7b	923
924	Gm17597	chr15	81800791	81802613	lncRNA	ENSMUSG00000097613	-	Gm17597	924
925	Tef	chr15	81802421	81826863	protein_coding	ENSMUSG00000022389	+	Tef	925
926	Gm8444	chr15	81843346	81843713	processed_pseudogene	ENSMUSG00000069439	-	Gm8444	926
927	Tob2	chr15	81848272	81858796	protein_coding	ENSMUSG00000048546	-	Tob2	927
928	Phf5a	chr15	81864520	81871911	protein_coding	ENSMUSG00000061360	-	Phf5a	928
929	Aco2	chr15	81872309	81915133	protein_coding	ENSMUSG00000022477	+	Aco2	929
930	Polr3h	chr15	81888228	81926240	protein_coding	ENSMUSG00000022476	-	Polr3h	930
931	Csdc2	chr15	81936759	81950941	protein_coding	ENSMUSG00000042109	+	Csdc2	931
932	Pmm1	chr15	81951108	81960930	protein_coding	ENSMUSG00000022474	-	Pmm1	932
933	Cyp2d67-ps	chr15	81966988	81968543	unprocessed_pseudogene	ENSMUSG00000116157	+	Cyp2d67-ps	933
934	Gm5805	chr15	81972390	81972845	processed_pseudogene	ENSMUSG00000061848	+	Gm5805	934
935	Xrcc6	chr15	81987835	82040085	protein_coding	ENSMUSG00000022471	+	Xrcc6	935
936	Desi1	chr15	81992523	82033862	protein_coding	ENSMUSG00000022472	-	Desi1	936
937	Snu13	chr15	82040525	82047598	protein_coding	ENSMUSG00000063480	-	Snu13	937
938	Gm49489	chr15	82056638	82056989	processed_pseudogene	ENSMUSG00000116406	-	Gm49489	938
939	4930407I10Rik	chr15	82059151	82066540	protein_coding	ENSMUSG00000075524	+	4930407I10Rik	939
940	Mei1	chr15	82069996	82126814	protein_coding	ENSMUSG00000068117	+	Mei1	940
941	Ccdc134	chr15	82127922	82142203	protein_coding	ENSMUSG00000068114	+	Ccdc134	941
942	Srebf2	chr15	82147181	82205379	protein_coding	ENSMUSG00000022463	+	Srebf2	942
943	Gm49502	chr15	82185516	82187625	TEC	ENSMUSG00000116226	+	Gm49502	943
944	Shisa8	chr15	82206168	82212815	protein_coding	ENSMUSG00000096883	-	Shisa8	944
945	Tnfrsf13c	chr15	82221743	82224369	protein_coding	ENSMUSG00000068105	-	Tnfrsf13c	945
946	Gm49503	chr15	82229333	82233531	lncRNA	ENSMUSG00000116009	-	Gm49503	946
947	Cenpm	chr15	82233779	82244748	protein_coding	ENSMUSG00000068101	-	Cenpm	947
948	1500009C09Rik	chr15	82252397	82260753	protein_coding	ENSMUSG00000068099	+	1500009C09Rik	948
949	Sept3	chr15	82268802	82294574	protein_coding	ENSMUSG00000022456	+	Sept3	949
950	Wbp2nl	chr15	82298954	82314623	protein_coding	ENSMUSG00000022455	+	Wbp2nl	950
951	Naga	chr15	82329532	82338925	protein_coding	ENSMUSG00000022453	-	Naga	951
952	Pheta2	chr15	82338942	82345743	protein_coding	ENSMUSG00000049687	+	Pheta2	952
953	Smdt1	chr15	82338959	82349091	protein_coding	ENSMUSG00000022452	+	Smdt1	953
954	Ndufa6	chr15	82350140	82354322	protein_coding	ENSMUSG00000022450	-	Ndufa6	954
955	Cyp2d22	chr15	82370527	82380260	protein_coding	ENSMUSG00000061740	-	Cyp2d22	955
956	Cyp2d11	chr15	82389154	82394022	protein_coding	ENSMUSG00000068085	-	Cyp2d11	956
957	Cyp2d10	chr15	82402846	82407195	protein_coding	ENSMUSG00000094806	-	Cyp2d10	957
958	Gm19267	chr15	82421451	82423447	unprocessed_pseudogene	ENSMUSG00000116419	-	Gm19267	958
959	Cyp2d9	chr15	82433437	82456845	protein_coding	ENSMUSG00000068086	+	Cyp2d9	959
960	Gm46501	chr15	82433527	82436575	transcribed_unprocessed_pseudogene	ENSMUSG00000116325	+	Gm46501	960
961	Gm49421	chr15	82443480	82444651	unprocessed_pseudogene	ENSMUSG00000116472	+	Gm49421	961
962	Gm49419	chr15	82449484	82449736	processed_pseudogene	ENSMUSG00000115948	-	Gm49419	962
963	Tdg-ps	chr15	82516311	82519278	processed_pseudogene	ENSMUSG00000047347	+	Tdg-ps	963
964	Gm28023	chr15	82548624	82548683	miRNA	ENSMUSG00000098901	-	Gm28023	964
965	Cyp2d12	chr15	82555072	82560403	protein_coding	ENSMUSG00000096852	+	Cyp2d12	965
966	Cyp2d33-ps	chr15	82562197	82565518	unprocessed_pseudogene	ENSMUSG00000116368	+	Cyp2d33-ps	966
967	Gm49429	chr15	82563436	82565311	TEC	ENSMUSG00000116319	-	Gm49429	967
968	Cyp2d34	chr15	82615965	82620946	protein_coding	ENSMUSG00000094559	-	Cyp2d34	968
969	Gm49431	chr15	82621092	82660905	lncRNA	ENSMUSG00000116130	+	Gm49431	969
970	AC118710.1	chr15	82636187	82642046	polymorphic_pseudogene	ENSMUSG00000118516	-	AC118710.1	970
971	Cyp2d35-ps	chr15	82649917	82654711	unprocessed_pseudogene	ENSMUSG00000115908	-	Cyp2d35-ps	971
972	Cyp2d36-ps	chr15	82671288	82683257	unprocessed_pseudogene	ENSMUSG00000116341	-	Cyp2d36-ps	972
973	Cyp2d37-ps	chr15	82688750	82693148	transcribed_unprocessed_pseudogene	ENSMUSG00000075517	-	Cyp2d37-ps	973
974	Cyp2d38-ps	chr15	82693571	82707353	transcribed_unprocessed_pseudogene	ENSMUSG00000116354	-	Cyp2d38-ps	974
975	Cyp2d39-ps	chr15	82716007	82719416	unprocessed_pseudogene	ENSMUSG00000116117	-	Cyp2d39-ps	975
976	Cyp2d40	chr15	82759833	82764183	protein_coding	ENSMUSG00000068083	-	Cyp2d40	976
977	Cyp2d41-ps	chr15	82777931	82782110	unprocessed_pseudogene	ENSMUSG00000058613	-	Cyp2d41-ps	977
978	Cyp2d26	chr15	82790101	82794294	protein_coding	ENSMUSG00000022445	-	Cyp2d26	978
979	Gm49435	chr15	82800973	82803964	unprocessed_pseudogene	ENSMUSG00000116280	-	Gm49435	979
980	Tcf20	chr15	82808436	82987872	protein_coding	ENSMUSG00000041852	-	Tcf20	980
981	Gm20324	chr15	82899080	82905818	lncRNA	ENSMUSG00000100199	+	Gm20324	981
982	Mir3080	chr15	82959218	82959296	miRNA	ENSMUSG00000092751	-	Mir3080	982
983	Gm29019	chr15	82982725	82987830	lncRNA	ENSMUSG00000100552	-	Gm29019	983
984	Nfam1	chr15	82992973	83033306	protein_coding	ENSMUSG00000058099	-	Nfam1	984
985	Serhl	chr15	83089506	83116674	protein_coding	ENSMUSG00000058586	+	Serhl	985
986	Gm17206	chr15	83102072	83105929	lncRNA	ENSMUSG00000090964	-	Gm17206	986
987	Rrp7a	chr15	83113433	83122801	protein_coding	ENSMUSG00000018040	-	Rrp7a	987
988	Poldip3	chr15	83125976	83149384	protein_coding	ENSMUSG00000041815	-	Poldip3	988
989	Rnu12	chr15	83149644	83149794	snRNA	ENSMUSG00000065176	+	Rnu12	989
990	Cyb5r3	chr15	83153494	83172592	protein_coding	ENSMUSG00000018042	-	Cyb5r3	990
991	Gm49463	chr15	83172350	83174808	lncRNA	ENSMUSG00000116508	+	Gm49463	991
992	7530414M10Rik	chr15	83173196	83176445	lncRNA	ENSMUSG00000116338	-	7530414M10Rik	992
993	A4galt	chr15	83226722	83251774	protein_coding	ENSMUSG00000047878	-	A4galt	993
994	Arfgap3	chr15	83299739	83350247	protein_coding	ENSMUSG00000054277	-	Arfgap3	994
995	1700001L05Rik	chr15	83353847	83367282	lncRNA	ENSMUSG00000075511	-	1700001L05Rik	995
996	Pacsin2	chr15	83375607	83464606	protein_coding	ENSMUSG00000016664	-	Pacsin2	996
997	Ttll1	chr15	83483769	83510893	protein_coding	ENSMUSG00000022442	-	Ttll1	997
998	Gm24575	chr15	83516936	83517012	miRNA	ENSMUSG00000093243	+	Gm24575	998
999	Bik	chr15	83526862	83544634	protein_coding	ENSMUSG00000016758	+	Bik	999
1000	Mcat	chr15	83546797	83563787	protein_coding	ENSMUSG00000048755	-	Mcat	1000
1001	Tspo	chr15	83563592	83574203	protein_coding	ENSMUSG00000041736	+	Tspo	1001
1002	Ttll12	chr15	83575090	83595157	protein_coding	ENSMUSG00000016757	-	Ttll12	1002
1003	Scube1	chr15	83604999	83725021	protein_coding	ENSMUSG00000016763	-	Scube1	1003
1004	Mpped1	chr15	83779467	83858494	protein_coding	ENSMUSG00000041708	+	Mpped1	1004
1005	Efcab6	chr15	83866712	84065379	protein_coding	ENSMUSG00000022441	-	Efcab6	1005
1006	Rpl31-ps22	chr15	84030339	84030675	processed_pseudogene	ENSMUSG00000081925	+	Rpl31-ps22	1006
1007	Sult4a1	chr15	84076097	84105754	protein_coding	ENSMUSG00000018865	-	Sult4a1	1007
1008	Gm46526	chr15	84106658	84108851	lncRNA	ENSMUSG00000116072	+	Gm46526	1008
1009	Pnpla5	chr15	84112356	84123175	protein_coding	ENSMUSG00000018868	-	Pnpla5	1009
1010	Gm33432	chr15	84127304	84136259	lncRNA	ENSMUSG00000115925	+	Gm33432	1010
1011	Pnpla3	chr15	84167837	84187236	protein_coding	ENSMUSG00000041653	+	Pnpla3	1011
1012	Gm49513	chr15	84181914	84195881	lncRNA	ENSMUSG00000116227	+	Gm49513	1012
1013	Gm20369	chr15	84182709	84183015	processed_pseudogene	ENSMUSG00000116041	-	Gm20369	1013
1014	Samm50	chr15	84192241	84217267	protein_coding	ENSMUSG00000022437	+	Samm50	1014
1015	Parvb	chr15	84232043	84315688	protein_coding	ENSMUSG00000022438	+	Parvb	1015
1016	Parvg	chr15	84324026	84342978	protein_coding	ENSMUSG00000022439	+	Parvg	1016
1017	Shisal1	chr15	84379203	84447097	protein_coding	ENSMUSG00000062760	-	Shisal1	1017
1018	Rtl6	chr15	84553398	84557823	protein_coding	ENSMUSG00000055745	-	Rtl6	1018
1019	Gm34095	chr15	84571730	84577117	lncRNA	ENSMUSG00000116409	-	Gm34095	1019
1020	Prr5	chr15	84669620	84703673	protein_coding	ENSMUSG00000036106	+	Prr5	1020
1021	Gm20556	chr15	84714629	84720266	lncRNA	ENSMUSG00000116396	-	Gm20556	1021
1022	Arhgap8	chr15	84720052	84772207	protein_coding	ENSMUSG00000078954	+	Arhgap8	1022
1023	Phf21b	chr15	84785381	84856049	protein_coding	ENSMUSG00000016624	-	Phf21b	1023
1024	4930513L16Rik	chr15	84906642	84913731	lncRNA	ENSMUSG00000116491	+	4930513L16Rik	1024
1025	Gm29666	chr15	84910438	84920038	protein_coding	ENSMUSG00000100967	-	Gm29666	1025
1026	Nup50	chr15	84923411	84942963	protein_coding	ENSMUSG00000016619	+	Nup50	1026
1027	5031439G07Rik	chr15	84943936	84988551	protein_coding	ENSMUSG00000036046	-	5031439G07Rik	1027
1028	Gm49523	chr15	85015797	85016424	processed_pseudogene	ENSMUSG00000116464	-	Gm49523	1028
1029	Upk3a	chr15	85017141	85022547	protein_coding	ENSMUSG00000022435	+	Upk3a	1029
1030	Fam118a	chr15	85028948	85062830	protein_coding	ENSMUSG00000022434	+	Fam118a	1030
1031	Smc1b	chr15	85064689	85131964	protein_coding	ENSMUSG00000022432	-	Smc1b	1031
1032	Ribc2	chr15	85132078	85144570	protein_coding	ENSMUSG00000022431	+	Ribc2	1032
1033	Gm19277	chr15	85149254	85156132	lncRNA	ENSMUSG00000115924	-	Gm19277	1033
1034	Fbln1	chr15	85205949	85286535	protein_coding	ENSMUSG00000006369	+	Fbln1	1034
1035	Atxn10	chr15	85336245	85463212	protein_coding	ENSMUSG00000016541	+	Atxn10	1035
1036	Gm23517	chr15	85351063	85351254	snRNA	ENSMUSG00000064764	-	Gm23517	1036
1037	7530416G11Rik	chr15	85492736	85503227	protein_coding	ENSMUSG00000096607	-	7530416G11Rik	1037
1038	Gm4825	chr15	85510812	85511219	processed_pseudogene	ENSMUSG00000063548	+	Gm4825	1038
1039	Wnt7b	chr15	85535437	85582473	protein_coding	ENSMUSG00000022382	-	Wnt7b	1039
1040	AU022754	chr15	85580252	85593708	lncRNA	ENSMUSG00000097209	+	AU022754	1040
1041	Gm49539	chr15	85646083	85667675	lncRNA	ENSMUSG00000116004	+	Gm49539	1041
1042	Lncppara	chr15	85653616	85707524	lncRNA	ENSMUSG00000116305	+	Lncppara	1042
1043	Mirlet7c-2	chr15	85706603	85706697	miRNA	ENSMUSG00000065608	+	Mirlet7c-2	1043
1044	Mirlet7b	chr15	85707319	85707403	miRNA	ENSMUSG00000065564	+	Mirlet7b	1044
1045	Ppara	chr15	85734983	85802819	protein_coding	ENSMUSG00000022383	+	Ppara	1045
1046	Cdpf1	chr15	85806972	85811697	protein_coding	ENSMUSG00000064284	-	Cdpf1	1046
1047	Pkdrej	chr15	85814670	85821734	protein_coding	ENSMUSG00000052496	-	Pkdrej	1047
1048	Ttc38	chr15	85832306	85858822	protein_coding	ENSMUSG00000035944	+	Ttc38	1048
1049	Gtse1	chr15	85859745	85876573	protein_coding	ENSMUSG00000022385	+	Gtse1	1049
1050	Gm49548	chr15	85877647	85879090	lncRNA	ENSMUSG00000116435	-	Gm49548	1050
1051	Trmu	chr15	85879312	85897394	protein_coding	ENSMUSG00000022386	+	Trmu	1051
1052	Celsr1	chr15	85898929	86033777	protein_coding	ENSMUSG00000016028	-	Celsr1	1052
1053	Gramd4	chr15	86057695	86137634	protein_coding	ENSMUSG00000035900	+	Gramd4	1053
1054	Gm15722	chr15	86087640	86090060	lncRNA	ENSMUSG00000089680	-	Gm15722	1054
1055	Cerk	chr15	86139128	86186141	protein_coding	ENSMUSG00000035891	-	Cerk	1055
1056	Tbc1d22a	chr15	86214459	86498503	protein_coding	ENSMUSG00000051864	+	Tbc1d22a	1056
1057	A930001M01Rik	chr15	86453352	86475098	lncRNA	ENSMUSG00000115918	-	A930001M01Rik	1057
1058	Gm49464	chr15	86704291	86711545	lncRNA	ENSMUSG00000116040	+	Gm49464	1058
1059	4930543I03Rik	chr15	86737826	86766140	lncRNA	ENSMUSG00000116171	+	4930543I03Rik	1059
1060	Gm49469	chr15	87097532	87100177	lncRNA	ENSMUSG00000116353	+	Gm49469	1060
1061	Gm49470	chr15	87139086	87179926	lncRNA	ENSMUSG00000116229	+	Gm49470	1061
1062	n-R5s42	chr15	87169113	87169216	rRNA	ENSMUSG00000064631	+	n-R5s42	1062
1063	A930027H12Rik	chr15	87243550	87254023	lncRNA	ENSMUSG00000115930	+	A930027H12Rik	1063
1064	Tafa5	chr15	87544299	87759364	protein_coding	ENSMUSG00000054863	+	Tafa5	1064
1065	Gm49472	chr15	87967416	87988517	lncRNA	ENSMUSG00000116061	+	Gm49472	1065
1066	Gm35772	chr15	88073744	88074878	lncRNA	ENSMUSG00000116350	+	Gm35772	1066
1067	4930445N06Rik	chr15	88268082	88315632	lncRNA	ENSMUSG00000115880	-	4930445N06Rik	1067
1068	B230214G05Rik	chr15	88314874	88372653	lncRNA	ENSMUSG00000116331	+	B230214G05Rik	1068
1069	Brd1	chr15	88687034	88734233	protein_coding	ENSMUSG00000022387	-	Brd1	1069
1070	Zbed4	chr15	88751660	88784516	protein_coding	ENSMUSG00000034333	+	Zbed4	1070
1071	Alg12	chr15	88805244	88819318	protein_coding	ENSMUSG00000035845	-	Alg12	1071
1072	Creld2	chr15	88819646	88826683	protein_coding	ENSMUSG00000023272	+	Creld2	1072
1073	Pim3	chr15	88862186	88865726	protein_coding	ENSMUSG00000035828	+	Pim3	1073
1074	Gm20621	chr15	88889780	88891525	lncRNA	ENSMUSG00000093394	-	Gm20621	1074
1075	Ttll8	chr15	88890633	88954418	protein_coding	ENSMUSG00000022388	-	Ttll8	1075
1076	Mlc1	chr15	88955884	88979007	protein_coding	ENSMUSG00000035805	-	Mlc1	1076
1077	Mov10l1	chr15	88982909	89055152	protein_coding	ENSMUSG00000015365	+	Mov10l1	1077
1078	Panx2	chr15	89059734	89073567	protein_coding	ENSMUSG00000058441	+	Panx2	1078
1079	1810021B22Rik	chr15	89071196	89075852	lncRNA	ENSMUSG00000087331	-	1810021B22Rik	1079
1080	Trabd	chr15	89075124	89087077	protein_coding	ENSMUSG00000015363	+	Trabd	1080
1081	Selenoo	chr15	89089084	89100340	protein_coding	ENSMUSG00000035757	+	Selenoo	1081
1082	Tubgcp6	chr15	89098357	89123112	protein_coding	ENSMUSG00000051786	-	Tubgcp6	1082
1083	Hdac10	chr15	89123307	89128700	protein_coding	ENSMUSG00000062906	-	Hdac10	1083
1084	Mapk12	chr15	89130584	89140703	protein_coding	ENSMUSG00000022610	-	Mapk12	1084
1085	Mapk11	chr15	89142486	89149628	protein_coding	ENSMUSG00000053137	-	Mapk11	1085
1086	Plxnb2	chr15	89155549	89180788	protein_coding	ENSMUSG00000036606	-	Plxnb2	1086
1087	Mir7118	chr15	89162848	89162908	miRNA	ENSMUSG00000106328	-	Mir7118	1087
1088	Dennd6b	chr15	89182213	89196496	protein_coding	ENSMUSG00000015377	-	Dennd6b	1088
1089	Mir6958	chr15	89185465	89185537	miRNA	ENSMUSG00000098663	-	Mir6958	1089
1090	Ppp6r2	chr15	89211553	89287010	protein_coding	ENSMUSG00000036561	+	Ppp6r2	1090
1091	Sbf1	chr15	89288236	89315311	protein_coding	ENSMUSG00000036529	-	Sbf1	1091
1092	Mir6959	chr15	89305658	89305732	miRNA	ENSMUSG00000098442	-	Mir6959	1092
1093	Miox	chr15	89334398	89337015	protein_coding	ENSMUSG00000022613	+	Miox	1093
1094	Lmf2	chr15	89351004	89355659	protein_coding	ENSMUSG00000022614	-	Lmf2	1094
1095	Ncaph2	chr15	89355719	89372826	protein_coding	ENSMUSG00000008690	+	Ncaph2	1095
1096	Sco2	chr15	89371637	89373846	protein_coding	ENSMUSG00000091780	-	Sco2	1096
1097	Tymp	chr15	89371931	89377039	protein_coding	ENSMUSG00000022615	-	Tymp	1097
1098	Odf3b	chr15	89377449	89379587	protein_coding	ENSMUSG00000047394	-	Odf3b	1098
1099	Klhdc7b	chr15	89384917	89388867	protein_coding	ENSMUSG00000091680	+	Klhdc7b	1099
1100	Syce3	chr15	89390174	89410503	protein_coding	ENSMUSG00000078938	-	Syce3	1100
1101	Gm44502	chr15	89416405	89429696	protein_coding	ENSMUSG00000116461	-	Gm44502	1101
1102	Cpt1b	chr15	89416405	89425863	protein_coding	ENSMUSG00000078937	-	Cpt1b	1102
1103	Chkb	chr15	89426360	89429908	protein_coding	ENSMUSG00000022617	-	Chkb	1103
1104	C730034F03Rik	chr15	89429589	89430868	lncRNA	ENSMUSG00000079242	+	C730034F03Rik	1104
1105	Mapk8ip2	chr15	89453913	89464468	protein_coding	ENSMUSG00000022619	+	Mapk8ip2	1105
1106	Arsa	chr15	89472476	89477425	protein_coding	ENSMUSG00000022620	-	Arsa	1106
1107	C230037L18Rik	chr15	89476236	89484847	lncRNA	ENSMUSG00000084915	+	C230037L18Rik	1107
1108	AC137513.1	chr15	89497949	89499469	lncRNA	ENSMUSG00000118456	+	AC137513.1	1108
1109	Shank3	chr15	89499623	89560261	protein_coding	ENSMUSG00000022623	+	Shank3	1109
1110	Gm15609	chr15	89520096	89523677	lncRNA	ENSMUSG00000086602	-	Gm15609	1110
1111	Acr	chr15	89568326	89574585	protein_coding	ENSMUSG00000022622	+	Acr	1111
1112	Rabl2	chr15	89582533	89591923	protein_coding	ENSMUSG00000022621	-	Rabl2	1112
1113	Gm18476	chr15	89735961	89736517	processed_pseudogene	ENSMUSG00000116149	-	Gm18476	1113
1114	Syt10	chr15	89782393	89841860	protein_coding	ENSMUSG00000063260	-	Syt10	1114
1115	Gm24643	chr15	89888952	89889052	miRNA	ENSMUSG00000096784	-	Gm24643	1115
1116	Gm36330	chr15	90074511	90075302	lncRNA	ENSMUSG00000116231	+	Gm36330	1116
1117	Alg10b	chr15	90224311	90233471	protein_coding	ENSMUSG00000075470	+	Alg10b	1117
1118	Gm36480	chr15	90353706	90368444	lncRNA	ENSMUSG00000116204	+	Gm36480	1118
1119	Cpne8	chr15	90487482	90679432	protein_coding	ENSMUSG00000052560	-	Cpne8	1119
1120	Gm3861	chr15	90723648	90723996	processed_pseudogene	ENSMUSG00000116136	+	Gm3861	1120
1121	Rpl31-ps8	chr15	90764279	90764656	processed_pseudogene	ENSMUSG00000067870	-	Rpl31-ps8	1121
1122	Tcea1-ps1	chr15	90882615	90883518	processed_pseudogene	ENSMUSG00000067869	+	Tcea1-ps1	1122
1123	Spn-ps	chr15	90891402	90899022	transcribed_processed_pseudogene	ENSMUSG00000116210	-	Spn-ps	1123
1124	Gm36618	chr15	90899761	90922783	lncRNA	ENSMUSG00000116428	+	Gm36618	1124
1125	Kif21a	chr15	90933276	91049948	protein_coding	ENSMUSG00000022629	-	Kif21a	1125
1126	Gm49545	chr15	90957996	90958668	processed_pseudogene	ENSMUSG00000116113	+	Gm49545	1126
1127	Gm7167	chr15	91128728	91129897	processed_pseudogene	ENSMUSG00000116424	-	Gm7167	1127
1128	Abcd2	chr15	91145871	91191799	protein_coding	ENSMUSG00000055782	-	Abcd2	1128
1129	CN725425	chr15	91199494	91260894	protein_coding	ENSMUSG00000078932	+	CN725425	1129
1130	Slc2a13	chr15	91267696	91573261	protein_coding	ENSMUSG00000036298	-	Slc2a13	1130
1131	Gm15381	chr15	91556762	91557917	processed_pseudogene	ENSMUSG00000081771	-	Gm15381	1131
1132	Gm24647	chr15	91559671	91559783	rRNA	ENSMUSG00000087737	-	Gm24647	1132
1133	4933438A12Rik	chr15	91597583	91604676	lncRNA	ENSMUSG00000086160	+	4933438A12Rik	1133
1134	Lrrk2	chr15	91673175	91816120	protein_coding	ENSMUSG00000036273	+	Lrrk2	1134
1135	Gm15382	chr15	91822687	91823223	processed_pseudogene	ENSMUSG00000083083	+	Gm15382	1135
1136	Smgc	chr15	91838265	91861438	protein_coding	ENSMUSG00000047295	+	Smgc	1136
1137	Muc19	chr15	91838326	91934555	protein_coding	ENSMUSG00000044021	+	Muc19	1137
1138	Gm18979	chr15	91960740	91963518	processed_pseudogene	ENSMUSG00000116212	+	Gm18979	1138
1139	Cntn1	chr15	92051165	92341967	protein_coding	ENSMUSG00000055022	+	Cntn1	1139
1140	Gm26760	chr15	92344359	92378103	lncRNA	ENSMUSG00000097068	+	Gm26760	1140
1141	Pdzrn4	chr15	92396881	92771819	protein_coding	ENSMUSG00000036218	+	Pdzrn4	1141
1142	4930588J15Rik	chr15	92702886	92705955	lncRNA	ENSMUSG00000115858	-	4930588J15Rik	1142
1143	Gm49418	chr15	92933889	92950171	lncRNA	ENSMUSG00000116309	+	Gm49418	1143
1144	Gm18815	chr15	92968815	92970297	processed_pseudogene	ENSMUSG00000116242	+	Gm18815	1144
1145	Gm30085	chr15	93001824	93007017	lncRNA	ENSMUSG00000109770	+	Gm30085	1145
1146	Gm18685	chr15	93089230	93089922	processed_pseudogene	ENSMUSG00000115921	+	Gm18685	1146
1147	Gm49420	chr15	93134911	93137594	lncRNA	ENSMUSG00000116124	-	Gm49420	1147
1148	Gm4335	chr15	93196595	93197598	processed_pseudogene	ENSMUSG00000097989	+	Gm4335	1148
1149	Gxylt1	chr15	93239742	93275179	protein_coding	ENSMUSG00000036197	-	Gxylt1	1149
1150	Yaf2	chr15	93284278	93336935	protein_coding	ENSMUSG00000022634	-	Yaf2	1150
1151	Zcrb1	chr15	93386097	93398334	protein_coding	ENSMUSG00000022635	-	Zcrb1	1151
1152	Pphln1	chr15	93398350	93491510	protein_coding	ENSMUSG00000036167	+	Pphln1	1152
1153	Prickle1	chr15	93499114	93595891	protein_coding	ENSMUSG00000036158	-	Prickle1	1153
1154	Gm41386	chr15	93705313	93712769	lncRNA	ENSMUSG00000116190	-	Gm41386	1154
1155	Gm30339	chr15	93734413	93738490	lncRNA	ENSMUSG00000116237	+	Gm30339	1155
1156	Gm49445	chr15	93825038	93846738	lncRNA	ENSMUSG00000116493	+	Gm49445	1156
1157	9430014N10Rik	chr15	93904856	93927111	lncRNA	ENSMUSG00000116360	-	9430014N10Rik	1157
1158	Gm30564	chr15	93956722	93964708	lncRNA	ENSMUSG00000115965	-	Gm30564	1158
1159	Adamts20	chr15	94270163	94465418	protein_coding	ENSMUSG00000022449	-	Adamts20	1159
1160	Pus7l	chr15	94522688	94543547	protein_coding	ENSMUSG00000033356	-	Pus7l	1160
1161	Irak4	chr15	94543643	94581815	protein_coding	ENSMUSG00000059883	+	Irak4	1161
1162	Twf1	chr15	94577951	94589889	protein_coding	ENSMUSG00000022451	-	Twf1	1162
1163	Tmem117	chr15	94629232	95096098	protein_coding	ENSMUSG00000063296	+	Tmem117	1163
1164	Nell2	chr15	95075230	95528559	protein_coding	ENSMUSG00000022454	-	Nell2	1164
1165	1700129L04Rik	chr15	95097542	95162394	lncRNA	ENSMUSG00000100603	-	1700129L04Rik	1165
1166	Dbx2	chr15	95623563	95655960	protein_coding	ENSMUSG00000045608	-	Dbx2	1166
1167	Gm49169	chr15	95736415	95753732	lncRNA	ENSMUSG00000115569	-	Gm49169	1167
1168	Gm6961	chr15	95747247	95751591	lncRNA	ENSMUSG00000115699	-	Gm6961	1168
1169	Gm8849	chr15	95775754	95776233	processed_pseudogene	ENSMUSG00000043329	+	Gm8849	1169
1170	A130051J06Rik	chr15	95787856	95791642	lncRNA	ENSMUSG00000097643	-	A130051J06Rik	1170
1171	Ano6	chr15	95790843	95974751	protein_coding	ENSMUSG00000064210	+	Ano6	1171
1172	Gm17546	chr15	95824458	95830072	lncRNA	ENSMUSG00000078648	-	Gm17546	1172
1173	Gm49172	chr15	95972739	95994129	lncRNA	ENSMUSG00000115049	-	Gm49172	1173
1174	D030018L15Rik	chr15	96051603	96079553	lncRNA	ENSMUSG00000078925	-	D030018L15Rik	1174
1175	2610037D02Rik	chr15	96134819	96284495	lncRNA	ENSMUSG00000097536	-	2610037D02Rik	1175
1176	4833422M21Rik	chr15	96231870	96254684	lncRNA	ENSMUSG00000097619	-	4833422M21Rik	1176
1177	Arid2	chr15	96287518	96404992	protein_coding	ENSMUSG00000033237	+	Arid2	1177
1178	Gm25397	chr15	96404858	96404949	miRNA	ENSMUSG00000093529	+	Gm25397	1178
1179	Scaf11	chr15	96411699	96460843	protein_coding	ENSMUSG00000033228	-	Scaf11	1179
1180	Slc38a1	chr15	96571418	96642913	protein_coding	ENSMUSG00000023169	-	Slc38a1	1180
1181	Gm22045	chr15	96671793	96671900	snRNA	ENSMUSG00000064928	+	Gm22045	1181
1182	Slc38a2	chr15	96687392	96699730	protein_coding	ENSMUSG00000022462	-	Slc38a2	1182
1183	Gm38144	chr15	96700173	96700637	TEC	ENSMUSG00000102385	+	Gm38144	1183
1184	Slc38a4	chr15	96994820	97055956	protein_coding	ENSMUSG00000022464	-	Slc38a4	1184
1185	Gm32885	chr15	97157029	97167244	lncRNA	ENSMUSG00000116295	-	Gm32885	1185
1186	Amigo2	chr15	97244125	97247287	protein_coding	ENSMUSG00000048218	-	Amigo2	1186
1187	Pced1b	chr15	97247107	97385680	protein_coding	ENSMUSG00000044250	+	Pced1b	1187
1188	Gm4383	chr15	97302352	97302974	processed_pseudogene	ENSMUSG00000116291	-	Gm4383	1188
1189	Rpap3	chr15	97675097	97705825	protein_coding	ENSMUSG00000022466	-	Rpap3	1189
1190	Endou	chr15	97711015	97731339	protein_coding	ENSMUSG00000022468	-	Endou	1190
1191	Rapgef3	chr15	97744770	97767972	protein_coding	ENSMUSG00000022469	-	Rapgef3	1191
1192	Rapgef3os1	chr15	97760408	97766961	lncRNA	ENSMUSG00000086601	+	Rapgef3os1	1192
1193	Slc48a1	chr15	97778520	97792692	protein_coding	ENSMUSG00000081534	+	Slc48a1	1193
1194	Hdac7	chr15	97792664	97844502	protein_coding	ENSMUSG00000022475	-	Hdac7	1194
1195	Vdr	chr15	97854425	97910630	protein_coding	ENSMUSG00000022479	-	Vdr	1195
1196	Tmem106c	chr15	97964200	97970275	protein_coding	ENSMUSG00000052369	+	Tmem106c	1196
1197	Col2a1	chr15	97975602	98004695	protein_coding	ENSMUSG00000022483	-	Col2a1	1197
1198	Senp1	chr15	98038744	98093744	protein_coding	ENSMUSG00000033075	-	Senp1	1198
1199	Pfkm	chr15	98092589	98132451	protein_coding	ENSMUSG00000033065	+	Pfkm	1199
1200	Gm26513	chr15	98093283	98095771	lncRNA	ENSMUSG00000097150	+	Gm26513	1200
1201	Asb8	chr15	98134637	98165625	protein_coding	ENSMUSG00000048175	-	Asb8	1201
1202	Ccdc184	chr15	98167158	98170134	protein_coding	ENSMUSG00000029875	+	Ccdc184	1202
1203	Olfr288	chr15	98186013	98195542	protein_coding	ENSMUSG00000075427	-	Olfr288	1203
1204	Gm44579	chr15	98186017	98220977	protein_coding	ENSMUSG00000108748	-	Gm44579	1204
1205	Olfr287	chr15	98206971	98221056	protein_coding	ENSMUSG00000090129	-	Olfr287	1205
1206	Olfr286	chr15	98224308	98234450	protein_coding	ENSMUSG00000059460	-	Olfr286	1206
1207	Zfp641	chr15	98285585	98296161	protein_coding	ENSMUSG00000022987	-	Zfp641	1207
1208	Olfr285	chr15	98309203	98317353	protein_coding	ENSMUSG00000062037	-	Olfr285	1208
1209	Olfr284	chr15	98340022	98340987	protein_coding	ENSMUSG00000051793	-	Olfr284	1209
1210	1700031M16Rik	chr15	98398419	98416268	transcribed_unitary_pseudogene	ENSMUSG00000099353	+	1700031M16Rik	1210
1211	Olfr282	chr15	98431225	98438638	protein_coding	ENSMUSG00000063780	+	Olfr282	1211
1212	Gm6979	chr15	98450358	98450844	processed_pseudogene	ENSMUSG00000115964	+	Gm6979	1212
1213	Olfr281	chr15	98452588	98460395	protein_coding	ENSMUSG00000032987	+	Olfr281	1213
1214	OR5BS1P	chr15	98469896	98478982	protein_coding	ENSMUSG00000108728	+	OR5BS1P	1214
1215	Lalba	chr15	98480400	98482721	protein_coding	ENSMUSG00000022991	-	Lalba	1215
1216	Olfr279	chr15	98492402	98502637	protein_coding	ENSMUSG00000054036	+	Olfr279	1216
1217	Kansl2	chr15	98517658	98534264	protein_coding	ENSMUSG00000022992	-	Kansl2	1217
1218	Snora34	chr15	98519716	98519853	snoRNA	ENSMUSG00000065336	-	Snora34	1218
1219	Mir1291	chr15	98519762	98519878	miRNA	ENSMUSG00000106463	-	Mir1291	1219
1220	Snora2b	chr15	98526346	98526482	snoRNA	ENSMUSG00000065939	-	Snora2b	1220
1221	Ccnt1	chr15	98538689	98570923	protein_coding	ENSMUSG00000011960	-	Ccnt1	1221
1222	9330020H09Rik	chr15	98567324	98569583	lncRNA	ENSMUSG00000091050	+	9330020H09Rik	1222
1223	4930415O20Rik	chr15	98571004	98589580	protein_coding	ENSMUSG00000022993	+	4930415O20Rik	1223
1224	Adcy6	chr15	98589973	98610076	protein_coding	ENSMUSG00000022994	-	Adcy6	1224
1225	Gm29331	chr15	98589990	98591090	lncRNA	ENSMUSG00000100220	+	Gm29331	1225
1226	Cacnb3	chr15	98630840	98644529	protein_coding	ENSMUSG00000003352	+	Cacnb3	1226
1227	Ddx23	chr15	98645134	98662894	protein_coding	ENSMUSG00000003360	-	Ddx23	1227
1228	Rnd1	chr15	98663421	98677461	protein_coding	ENSMUSG00000054855	-	Rnd1	1228
1229	Gm34152	chr15	98691863	98696191	lncRNA	ENSMUSG00000116482	-	Gm34152	1229
1230	Ccdc65	chr15	98708207	98723336	protein_coding	ENSMUSG00000003354	+	Ccdc65	1230
1231	Fkbp11	chr15	98724366	98728198	protein_coding	ENSMUSG00000003355	-	Fkbp11	1231
1232	Arf3	chr15	98736634	98763214	protein_coding	ENSMUSG00000051853	-	Arf3	1232
1233	Wnt10b	chr15	98770712	98778150	protein_coding	ENSMUSG00000022996	-	Wnt10b	1233
1234	Wnt1	chr15	98789857	98793837	protein_coding	ENSMUSG00000022997	+	Wnt1	1234
1235	Ddn	chr15	98803777	98809490	protein_coding	ENSMUSG00000059213	-	Ddn	1235
1236	B130046B21Rik	chr15	98807024	98816077	lncRNA	ENSMUSG00000097414	+	B130046B21Rik	1236
1237	Prkag1	chr15	98812797	98831521	protein_coding	ENSMUSG00000067713	-	Prkag1	1237
1238	Kmt2d	chr15	98831669	98871204	protein_coding	ENSMUSG00000048154	-	Kmt2d	1238
1239	5730414N17Rik	chr15	98872644	98874082	lncRNA	ENSMUSG00000116506	+	5730414N17Rik	1239
1240	Rhebl1	chr15	98877778	98894540	protein_coding	ENSMUSG00000023755	-	Rhebl1	1240
1241	Dhh	chr15	98891152	98898540	protein_coding	ENSMUSG00000023000	-	Dhh	1241
1242	Gm49442	chr15	98893351	98895175	lncRNA	ENSMUSG00000116033	+	Gm49442	1242
1243	Lmbr1l	chr15	98903917	98918231	protein_coding	ENSMUSG00000022999	-	Lmbr1l	1243
1244	Tuba1b	chr15	98931425	98934565	protein_coding	ENSMUSG00000023004	-	Tuba1b	1244
1245	Gm49450	chr15	98932137	98953551	protein_coding	ENSMUSG00000116358	-	Gm49450	1245
1246	Gm41396	chr15	98934325	98940553	lncRNA	ENSMUSG00000116223	+	Gm41396	1246
1247	Gm49449	chr15	98942550	98943665	TEC	ENSMUSG00000116494	+	Gm49449	1247
1248	Tuba1a	chr15	98949837	98953703	protein_coding	ENSMUSG00000072235	-	Tuba1a	1248
1249	4930578M01Rik	chr15	98983348	98996446	lncRNA	ENSMUSG00000097587	+	4930578M01Rik	1249
1250	Gm8973	chr15	99006057	99006369	processed_pseudogene	ENSMUSG00000064081	+	Gm8973	1250
1251	Tuba1c	chr15	99029891	99038110	protein_coding	ENSMUSG00000043091	+	Tuba1c	1251
1252	Prph	chr15	99055174	99058978	protein_coding	ENSMUSG00000023484	+	Prph	1252
1253	Gm34284	chr15	99068138	99074669	lncRNA	ENSMUSG00000116371	-	Gm34284	1253
1254	Troap	chr15	99074575	99083409	protein_coding	ENSMUSG00000032783	+	Troap	1254
1255	C1ql4	chr15	99084086	99087817	protein_coding	ENSMUSG00000001076	-	C1ql4	1255
1256	Dnajc22	chr15	99093170	99104737	protein_coding	ENSMUSG00000038009	+	Dnajc22	1256
1257	Spats2	chr15	99125916	99213215	protein_coding	ENSMUSG00000051934	+	Spats2	1257
1258	Kcnh3	chr15	99224861	99242817	protein_coding	ENSMUSG00000037579	+	Kcnh3	1258
1259	Mcrs1	chr15	99242817	99251961	protein_coding	ENSMUSG00000037570	-	Mcrs1	1259
1260	1700120C14Rik	chr15	99249511	99262044	lncRNA	ENSMUSG00000100599	+	1700120C14Rik	1260
1261	Gm25999	chr15	99254882	99255014	snoRNA	ENSMUSG00000093139	-	Gm25999	1261
1262	Fam186b	chr15	99271018	99295888	protein_coding	ENSMUSG00000078907	-	Fam186b	1262
1263	Prpf40b	chr15	99295087	99317018	protein_coding	ENSMUSG00000023007	+	Prpf40b	1263
1264	Fmnl3	chr15	99317225	99370482	protein_coding	ENSMUSG00000023008	-	Fmnl3	1264
1265	Gm49478	chr15	99348821	99349535	processed_pseudogene	ENSMUSG00000115877	-	Gm49478	1265
1266	Gm22951	chr15	99368029	99368135	snRNA	ENSMUSG00000095635	-	Gm22951	1266
1267	Tmbim6	chr15	99392882	99410049	protein_coding	ENSMUSG00000023010	+	Tmbim6	1267
1268	Nckap5l	chr15	99422035	99457748	protein_coding	ENSMUSG00000023009	-	Nckap5l	1268
1269	Nckap5los	chr15	99427701	99435313	lncRNA	ENSMUSG00000089968	+	Nckap5los	1269
1270	Gm49484	chr15	99457934	99465328	lncRNA	ENSMUSG00000116249	-	Gm49484	1270
1271	Bcdin3d	chr15	99470079	99474730	protein_coding	ENSMUSG00000037525	-	Bcdin3d	1271
1272	Gm49485	chr15	99491824	99492224	processed_pseudogene	ENSMUSG00000115863	-	Gm49485	1272
1273	Faim2	chr15	99497012	99528165	protein_coding	ENSMUSG00000023011	-	Faim2	1273
1274	Gm5808	chr15	99555542	99556192	processed_pseudogene	ENSMUSG00000096448	-	Gm5808	1274
1275	Aqp2	chr15	99579055	99584547	protein_coding	ENSMUSG00000023013	+	Aqp2	1275
1276	Aqp5	chr15	99590782	99594829	protein_coding	ENSMUSG00000044217	+	Aqp5	1276
1277	Aqp6	chr15	99601400	99605477	protein_coding	ENSMUSG00000043144	+	Aqp6	1277
1278	Racgap1	chr15	99620496	99651656	protein_coding	ENSMUSG00000023015	-	Racgap1	1278
1279	Asic1	chr15	99670368	99701130	protein_coding	ENSMUSG00000023017	+	Asic1	1279
1280	Smarcd1	chr15	99702129	99713991	protein_coding	ENSMUSG00000023018	+	Smarcd1	1280
1281	Gm17349	chr15	99702176	99705490	protein_coding	ENSMUSG00000091604	-	Gm17349	1281
1282	Gm34939	chr15	99702664	99703976	lncRNA	ENSMUSG00000116250	-	Gm34939	1282
1283	Gm17241	chr15	99706562	99706813	processed_pseudogene	ENSMUSG00000115938	-	Gm17241	1283
1284	Gm16537	chr15	99715543	99724474	lncRNA	ENSMUSG00000089671	-	Gm16537	1284
1285	Gpd1	chr15	99717515	99725005	protein_coding	ENSMUSG00000023019	+	Gpd1	1285
1286	Cox14	chr15	99725647	99729532	protein_coding	ENSMUSG00000023020	+	Cox14	1286
1287	Cers5	chr15	99734881	99772885	protein_coding	ENSMUSG00000023021	-	Cers5	1287
1288	Gm17058	chr15	99765991	99782332	lncRNA	ENSMUSG00000090406	+	Gm17058	1288
1289	Lima1	chr15	99778470	99875456	protein_coding	ENSMUSG00000023022	-	Lima1	1289
1290	Gm25897	chr15	99803020	99803126	snRNA	ENSMUSG00000065643	-	Gm25897	1290
1291	Gm17057	chr15	99819020	99834570	lncRNA	ENSMUSG00000090500	+	Gm17057	1291
1292	Gm49494	chr15	99875540	99877595	lncRNA	ENSMUSG00000116518	+	Gm49494	1292
1293	Gm18095	chr15	99880199	99881216	processed_pseudogene	ENSMUSG00000115856	+	Gm18095	1293
1294	Gm49495	chr15	99902963	99904276	TEC	ENSMUSG00000116141	+	Gm49495	1294
1295	Gm20564	chr15	99915428	99915900	processed_pseudogene	ENSMUSG00000116255	-	Gm20564	1295
1296	Fam186a	chr15	99918348	99967061	protein_coding	ENSMUSG00000045350	-	Fam186a	1296
1297	Gm21917	chr15	99931711	99953044	lncRNA	ENSMUSG00000096111	+	Gm21917	1297
1298	Larp4	chr15	99970065	100016358	protein_coding	ENSMUSG00000023025	+	Larp4	1298
1299	2310068J16Rik	chr15	99972158	99973287	lncRNA	ENSMUSG00000100084	-	2310068J16Rik	1299
1300	Dip2b	chr15	100038664	100219473	protein_coding	ENSMUSG00000023026	+	Dip2b	1300
1301	Gm49474	chr15	100089891	100091757	TEC	ENSMUSG00000116021	-	Gm49474	1301
1302	4930478M13Rik	chr15	100105234	100108161	lncRNA	ENSMUSG00000116311	-	4930478M13Rik	1302
1303	Gm49475	chr15	100189900	100195311	lncRNA	ENSMUSG00000116366	-	Gm49475	1303
1304	Atf1	chr15	100227819	100261244	protein_coding	ENSMUSG00000023027	+	Atf1	1304
1305	Tmprss12	chr15	100280837	100293066	protein_coding	ENSMUSG00000045631	+	Tmprss12	1305
1306	Mettl7a1	chr15	100304140	100328662	protein_coding	ENSMUSG00000054619	+	Mettl7a1	1306
1307	Mettl7a3	chr15	100334929	100340375	protein_coding	ENSMUSG00000058057	+	Mettl7a3	1307
1308	Methig1	chr15	100353149	100384436	protein_coding	ENSMUSG00000093789	+	Methig1	1308
1309	Mettl7a2	chr15	100353200	100361840	protein_coding	ENSMUSG00000056487	+	Mettl7a2	1309
1310	Higd1c	chr15	100364542	100383964	protein_coding	ENSMUSG00000093550	+	Higd1c	1310
1311	Slc11a2	chr15	100387898	100425072	protein_coding	ENSMUSG00000023030	-	Slc11a2	1311
1312	Gm5475	chr15	100422147	100428150	protein_coding	ENSMUSG00000087444	+	Gm5475	1312
1313	5330439K02Rik	chr15	100459740	100468691	lncRNA	ENSMUSG00000097827	-	5330439K02Rik	1313
1314	Letmd1	chr15	100469023	100479164	protein_coding	ENSMUSG00000037353	+	Letmd1	1314
1315	Csrnp2	chr15	100479570	100495488	protein_coding	ENSMUSG00000044636	-	Csrnp2	1315
1316	Tfcp2	chr15	100498012	100552008	protein_coding	ENSMUSG00000009733	-	Tfcp2	1316
1317	Pou6f1	chr15	100575318	100599984	protein_coding	ENSMUSG00000009739	-	Pou6f1	1317
1318	Gm27209	chr15	100595416	100597293	lncRNA	ENSMUSG00000098620	+	Gm27209	1318
1319	Gm49492	chr15	100600204	100602766	lncRNA	ENSMUSG00000116180	+	Gm49492	1319
1320	C330013E15Rik	chr15	100614137	100615110	lncRNA	ENSMUSG00000097093	-	C330013E15Rik	1320
1321	Dazap2	chr15	100615349	100620761	protein_coding	ENSMUSG00000000346	+	Dazap2	1321
1322	Smagp	chr15	100621339	100636940	protein_coding	ENSMUSG00000053559	-	Smagp	1322
1323	Bin2	chr15	100641077	100669553	protein_coding	ENSMUSG00000098112	-	Bin2	1323
1324	Cela1	chr15	100674421	100687921	protein_coding	ENSMUSG00000023031	-	Cela1	1324
1325	Galnt6	chr15	100691813	100729376	protein_coding	ENSMUSG00000037280	-	Galnt6	1325
1326	Galnt6os	chr15	100695773	100704896	lncRNA	ENSMUSG00000090062	+	Galnt6os	1326
1327	Slc4a8	chr15	100761747	100823968	protein_coding	ENSMUSG00000023032	+	Slc4a8	1327
1328	Gm35569	chr15	100825679	100832391	lncRNA	ENSMUSG00000115912	-	Gm35569	1328
1329	Scn8a	chr15	100869858	101045938	protein_coding	ENSMUSG00000023033	+	Scn8a	1329
1330	Fignl2	chr15	101050194	101078567	protein_coding	ENSMUSG00000095440	-	Fignl2	1330
1331	Ankrd33	chr15	101115755	101120040	protein_coding	ENSMUSG00000047034	+	Ankrd33	1331
1332	Acvrl1	chr15	101128522	101145336	protein_coding	ENSMUSG00000000530	+	Acvrl1	1332
1333	Gm16031	chr15	101129916	101131592	lncRNA	ENSMUSG00000087690	-	Gm16031	1333
1334	Acvr1b	chr15	101174067	101213684	protein_coding	ENSMUSG00000000532	+	Acvr1b	1334
1335	Mir6962	chr15	101193869	101193931	miRNA	ENSMUSG00000106563	+	Mir6962	1335
1336	A330009N23Rik	chr15	101221195	101225186	lncRNA	ENSMUSG00000097915	-	A330009N23Rik	1336
1337	AU021063	chr15	101221247	101222155	lncRNA	ENSMUSG00000115944	+	AU021063	1337
1338	Grasp	chr15	101224188	101232756	protein_coding	ENSMUSG00000000531	+	Grasp	1338
1339	Nr4a1	chr15	101254269	101274795	protein_coding	ENSMUSG00000023034	+	Nr4a1	1339
1340	Atg101	chr15	101284272	101290945	protein_coding	ENSMUSG00000037204	+	Atg101	1340
1341	Smim41	chr15	101293212	101297426	protein_coding	ENSMUSG00000075408	+	Smim41	1341
1342	Gm49499	chr15	101316102	101318538	TEC	ENSMUSG00000116395	+	Gm49499	1342
1343	Gm35853	chr15	101322888	101405834	lncRNA	ENSMUSG00000116114	+	Gm35853	1343
1344	Krt80	chr15	101347444	101370162	protein_coding	ENSMUSG00000037185	-	Krt80	1344
1345	Gm671	chr15	101395427	101412311	lncRNA	ENSMUSG00000116116	-	Gm671	1345
1346	Krt7	chr15	101411043	101430313	protein_coding	ENSMUSG00000023039	+	Krt7	1346
1347	Krt87	chr15	101431038	101438804	protein_coding	ENSMUSG00000047641	-	Krt87	1347
1348	Krt88	chr15	101447744	101453907	protein_coding	ENSMUSG00000063971	+	Krt88	1348
1349	Krt86	chr15	101473478	101479986	protein_coding	ENSMUSG00000067614	+	Krt86	1349
1350	Krt83	chr15	101485130	101491512	protein_coding	ENSMUSG00000067613	-	Krt83	1350
1351	Gm49424	chr15	101506091	101509629	processed_pseudogene	ENSMUSG00000116188	+	Gm49424	1351
1352	Krt84	chr15	101525026	101532820	protein_coding	ENSMUSG00000044294	-	Krt84	1352
1353	Krt82	chr15	101541214	101550667	protein_coding	ENSMUSG00000049548	-	Krt82	1353
1354	Krt90	chr15	101552356	101562950	protein_coding	ENSMUSG00000048699	-	Krt90	1354
1355	Krt75	chr15	101563345	101573904	protein_coding	ENSMUSG00000022986	-	Krt75	1355
1356	Gm5414	chr15	101624028	101628188	protein_coding	ENSMUSG00000064232	-	Gm5414	1356
1357	Gm17851	chr15	101638595	101639996	unprocessed_pseudogene	ENSMUSG00000115903	+	Gm17851	1357
1358	Gm5478	chr15	101643020	101647380	protein_coding	ENSMUSG00000095241	-	Gm5478	1358
1359	Krt6b	chr15	101676023	101680287	protein_coding	ENSMUSG00000023041	-	Krt6b	1359
1360	Gm44383	chr15	101678032	101678160	miRNA	ENSMUSG00000105899	+	Gm44383	1360
1361	Krt6a	chr15	101689910	101694307	protein_coding	ENSMUSG00000058354	-	Krt6a	1361
1362	Gm49428	chr15	101690309	101691941	lncRNA	ENSMUSG00000116132	+	Gm49428	1362
1363	Krt5	chr15	101707070	101712898	protein_coding	ENSMUSG00000061527	-	Krt5	1363
1364	Krt71	chr15	101733949	101743109	protein_coding	ENSMUSG00000051879	-	Krt71	1364
1365	Krt74	chr15	101754259	101763504	transcribed_unitary_pseudogene	ENSMUSG00000067596	-	Krt74	1365
1366	Krt72	chr15	101776172	101786460	protein_coding	ENSMUSG00000056605	-	Krt72	1366
1367	Krt73	chr15	101793308	101802346	protein_coding	ENSMUSG00000063661	-	Krt73	1367
1368	Krt2	chr15	101810689	101818169	protein_coding	ENSMUSG00000064201	-	Krt2	1368
1369	Krt1	chr15	101845426	101850794	protein_coding	ENSMUSG00000046834	-	Krt1	1369
1370	Krt77	chr15	101858731	101869705	protein_coding	ENSMUSG00000067594	-	Krt77	1370
1371	Krt76	chr15	101884351	101892920	protein_coding	ENSMUSG00000075402	-	Krt76	1371
1372	Gm49434	chr15	101906924	101910149	unprocessed_pseudogene	ENSMUSG00000116194	-	Gm49434	1372
1373	Krt4	chr15	101918535	101924735	protein_coding	ENSMUSG00000059668	-	Krt4	1373
1374	Krt79	chr15	101929332	101940324	protein_coding	ENSMUSG00000061397	-	Krt79	1374
1375	Krt78	chr15	101946001	101954287	protein_coding	ENSMUSG00000050463	-	Krt78	1375
1376	Krt8	chr15	101996698	102004482	protein_coding	ENSMUSG00000049382	-	Krt8	1376
1377	Gm36026	chr15	102004212	102009442	lncRNA	ENSMUSG00000116010	+	Gm36026	1377
1378	Krt18	chr15	102028180	102032027	protein_coding	ENSMUSG00000023043	+	Krt18	1378
1379	Eif4b	chr15	102073773	102097173	protein_coding	ENSMUSG00000058655	+	Eif4b	1379
1380	Tns2	chr15	102100413	102116401	protein_coding	ENSMUSG00000037003	+	Tns2	1380
1381	Spryd3	chr15	102116528	102136234	protein_coding	ENSMUSG00000036966	-	Spryd3	1381
1382	Igfbp6	chr15	102144362	102149511	protein_coding	ENSMUSG00000023046	+	Igfbp6	1382
1383	Soat2	chr15	102150526	102163469	protein_coding	ENSMUSG00000023045	+	Soat2	1383
1384	Csad	chr15	102176999	102204724	protein_coding	ENSMUSG00000023044	-	Csad	1384
1385	Zfp740	chr15	102203249	102215606	protein_coding	ENSMUSG00000046897	+	Zfp740	1385
1386	Itgb7	chr15	102215995	102231944	protein_coding	ENSMUSG00000001281	-	Itgb7	1386
1387	Rarg	chr15	102234938	102257517	protein_coding	ENSMUSG00000001288	-	Rarg	1387
1388	Gm9918	chr15	102270563	102274121	protein_coding	ENSMUSG00000097050	+	Gm9918	1388
1389	Mfsd5	chr15	102279454	102281754	protein_coding	ENSMUSG00000045665	+	Mfsd5	1389
1390	Gm49479	chr15	102295437	102296151	lncRNA	ENSMUSG00000116091	-	Gm49479	1390
1391	Espl1	chr15	102296266	102324357	protein_coding	ENSMUSG00000058290	+	Espl1	1391
1392	Pfdn5	chr15	102326116	102331873	protein_coding	ENSMUSG00000001289	+	Pfdn5	1392
1393	Myg1	chr15	102331709	102338139	protein_coding	ENSMUSG00000001285	+	Myg1	1393
1394	Aaas	chr15	102338252	102350771	protein_coding	ENSMUSG00000036678	-	Aaas	1394
1395	Gm36246	chr15	102350827	102355139	lncRNA	ENSMUSG00000116402	+	Gm36246	1395
1396	Sp7	chr15	102356606	102367182	protein_coding	ENSMUSG00000060284	-	Sp7	1396
1397	Sp1	chr15	102406143	102436404	protein_coding	ENSMUSG00000001280	+	Sp1	1397
1398	Amhr2	chr15	102445367	102454633	protein_coding	ENSMUSG00000023047	+	Amhr2	1398
1399	Prr13	chr15	102459028	102462806	protein_coding	ENSMUSG00000023048	+	Prr13	1399
1400	Pcbp2	chr15	102470539	102500061	protein_coding	ENSMUSG00000056851	+	Pcbp2	1400
1401	Gm27406	chr15	102485908	102486089	misc_RNA	ENSMUSG00000099112	+	Gm27406	1401
1402	Map3k12	chr15	102497646	102517064	protein_coding	ENSMUSG00000023050	-	Map3k12	1402
1403	Gm10337	chr15	102503722	102503886	protein_coding	ENSMUSG00000071586	+	Gm10337	1403
1404	Tarbp2	chr15	102518192	102523676	protein_coding	ENSMUSG00000023051	+	Tarbp2	1404
1405	Npff	chr15	102523839	102524942	protein_coding	ENSMUSG00000023052	-	Npff	1405
1406	Gm28047	chr15	102523843	102625067	protein_coding	ENSMUSG00000052414	-	Gm28047	1406
1407	Atf7	chr15	102525946	102625464	protein_coding	ENSMUSG00000099083	-	Atf7	1407
1408	Gm4544	chr15	102657111	102660468	lncRNA	ENSMUSG00000116056	+	Gm4544	1408
1409	Atp5g2	chr15	102662864	102672352	protein_coding	ENSMUSG00000062683	-	Atp5g2	1409
1410	Calcoco1	chr15	102706777	102722178	protein_coding	ENSMUSG00000023055	-	Calcoco1	1410
1411	Gm36560	chr15	102797495	102819544	lncRNA	ENSMUSG00000116500	+	Gm36560	1411
1412	Hoxc13	chr15	102921103	102928814	protein_coding	ENSMUSG00000001655	+	Hoxc13	1412
1413	Hoxc12	chr15	102936757	102938609	protein_coding	ENSMUSG00000050328	+	Hoxc12	1413
1414	Hoxc10	chr15	102966796	102971893	protein_coding	ENSMUSG00000022484	+	Hoxc10	1414
1415	Hoxc5	chr15	102967443	103017429	protein_coding	ENSMUSG00000022485	+	Hoxc5	1415
1416	Mir196a-2	chr15	102973350	102973434	miRNA	ENSMUSG00000065488	+	Mir196a-2	1416
1417	Hoxc9	chr15	102976439	102985099	protein_coding	ENSMUSG00000036139	+	Hoxc9	1417
1418	Hoxc8	chr15	102990607	102994111	protein_coding	ENSMUSG00000001657	+	Hoxc8	1418
1419	Hoxc6	chr15	102998257	103011881	protein_coding	ENSMUSG00000001661	+	Hoxc6	1419
1420	Hoxc4	chr15	103018934	103036852	protein_coding	ENSMUSG00000075394	+	Hoxc4	1420
1421	5730585A16Rik	chr15	103058280	103059306	TEC	ENSMUSG00000102297	-	5730585A16Rik	1421
1422	Gm28876	chr15	103096151	103102111	lncRNA	ENSMUSG00000101356	-	Gm28876	1422
1423	D930007P13Rik	chr15	103123070	103146828	lncRNA	ENSMUSG00000097003	-	D930007P13Rik	1423
1424	Gm49477	chr15	103135881	103140669	lncRNA	ENSMUSG00000116066	+	Gm49477	1424
1425	Smug1	chr15	103153290	103167092	protein_coding	ENSMUSG00000036061	-	Smug1	1425
1426	Cbx5	chr15	103191544	103239816	protein_coding	ENSMUSG00000009575	-	Cbx5	1426
1427	Hnrnpa1	chr15	103240432	103246692	protein_coding	ENSMUSG00000046434	+	Hnrnpa1	1427
1428	Nfe2	chr15	103248212	103258403	protein_coding	ENSMUSG00000058794	-	Nfe2	1428
1429	Copz1	chr15	103272714	103299868	protein_coding	ENSMUSG00000060992	+	Copz1	1429
1430	Gm49482	chr15	103301065	103309077	lncRNA	ENSMUSG00000116308	+	Gm49482	1430
1431	Gpr84	chr15	103308235	103310612	protein_coding	ENSMUSG00000063234	-	Gpr84	1431
1432	Zfp385a	chr15	103313895	103340093	protein_coding	ENSMUSG00000000552	-	Zfp385a	1432
1433	Itga5	chr15	103344286	103366763	protein_coding	ENSMUSG00000000555	-	Itga5	1433
1434	Gtsf1	chr15	103402405	103430470	protein_coding	ENSMUSG00000022487	-	Gtsf1	1434
1435	Gtsf2	chr15	103438957	103448469	protein_coding	ENSMUSG00000053508	-	Gtsf2	1435
1436	Nckap1l	chr15	103453794	103498810	protein_coding	ENSMUSG00000022488	+	Nckap1l	1436
1437	Pde1b	chr15	103503034	103530052	protein_coding	ENSMUSG00000022489	+	Pde1b	1437
1438	Ppp1r1a	chr15	103530279	103538003	protein_coding	ENSMUSG00000022490	-	Ppp1r1a	1438
1439	Glycam1	chr15	103562759	103565081	protein_coding	ENSMUSG00000022491	-	Glycam1	1439
1440	Gm9108	chr15	103586944	103588368	processed_pseudogene	ENSMUSG00000115819	-	Gm9108	1440
1441	Gm49272	chr15	103649792	103655698	lncRNA	ENSMUSG00000115329	+	Gm49272	1441
1442	Gm49273	chr15	103657839	103661681	processed_pseudogene	ENSMUSG00000115279	+	Gm49273	1442
1443	Mucl1	chr15	103751919	103755469	protein_coding	ENSMUSG00000060311	-	Mucl1	1443
1444	Gm49491	chr15	103804646	103804910	processed_pseudogene	ENSMUSG00000116074	-	Gm49491	1444
1445	Gm22852	chr15	103853419	103853519	miRNA	ENSMUSG00000095047	-	Gm22852	1445
1446	Mucl2	chr15	103895855	103899312	protein_coding	ENSMUSG00000036925	-	Mucl2	1446
