	gene_name	chr	start	end	type	ensembl_id	strand	gene_name2	Node_ID
0	Btbd35f24	chrX	3193887	3195827	protein_coding	ENSMUSG00000096426	-	Btbd35f24	0
1	Gm14331	chrX	3225600	3230364	processed_pseudogene	ENSMUSG00000084298	+	Gm14331	1
2	Gm14359	chrX	3779668	3785511	processed_pseudogene	ENSMUSG00000082025	+	Gm14359	2
3	Btbd35f16	chrX	3955054	3957002	protein_coding	ENSMUSG00000101381	-	Btbd35f16	3
4	Gm15258	chrX	4075022	4075762	processed_pseudogene	ENSMUSG00000085978	-	Gm15258	4
5	Gm14349	chrX	4118240	4119931	processed_pseudogene	ENSMUSG00000084955	+	Gm14349	5
6	Gm14358	chrX	4143537	4146415	processed_pseudogene	ENSMUSG00000082081	+	Gm14358	6
7	Gm4725	chrX	4553787	4554373	processed_pseudogene	ENSMUSG00000096800	+	Gm4725	7
8	Gm14363	chrX	5399249	5402129	processed_pseudogene	ENSMUSG00000082975	-	Gm14363	8
9	Gm14366	chrX	5608572	5610867	processed_pseudogene	ENSMUSG00000082326	-	Gm14366	9
10	Gm14373	chrX	5699727	5701884	processed_pseudogene	ENSMUSG00000081232	-	Gm14373	10
11	Gm26618	chrX	6027056	6092269	lncRNA	ENSMUSG00000097342	-	Gm26618	11
12	Nudt11	chrX	6047453	6055110	protein_coding	ENSMUSG00000073295	+	Nudt11	12
13	Rpl19-ps12	chrX	6071222	6071812	processed_pseudogene	ENSMUSG00000082109	+	Rpl19-ps12	13
14	Gm27360	chrX	6071478	6071557	miRNA	ENSMUSG00000099018	+	Gm27360	14
15	AU022751	chrX	6081219	6083419	protein_coding	ENSMUSG00000073294	-	AU022751	15
16	Nudt10	chrX	6168696	6173015	protein_coding	ENSMUSG00000073293	-	Nudt10	16
17	Bmp15	chrX	6314107	6320721	protein_coding	ENSMUSG00000023279	-	Bmp15	17
18	Shroom4	chrX	6399854	6637448	protein_coding	ENSMUSG00000068270	+	Shroom4	18
19	Dgkk	chrX	6779306	6948363	protein_coding	ENSMUSG00000062393	+	Dgkk	19
20	Ccnb3	chrX	6979652	7041619	protein_coding	ENSMUSG00000051592	-	Ccnb3	20
21	Akap4	chrX	7067519	7078609	protein_coding	ENSMUSG00000050089	+	Akap4	21
22	Clcn5	chrX	7153810	7319358	protein_coding	ENSMUSG00000004317	-	Clcn5	22
23	Mir501	chrX	7241243	7241351	miRNA	ENSMUSG00000076251	-	Mir501	23
24	Usp27x	chrX	7371276	7375830	protein_coding	ENSMUSG00000046269	-	Usp27x	24
25	2010204K13Rik	chrX	7411817	7445143	lncRNA	ENSMUSG00000063018	-	2010204K13Rik	25
26	Gm14394	chrX	7547020	7547314	processed_pseudogene	ENSMUSG00000083402	-	Gm14394	26
27	Ppp1r3f	chrX	7557296	7574283	protein_coding	ENSMUSG00000039556	-	Ppp1r3f	27
28	Gm36995	chrX	7558602	7605381	lncRNA	ENSMUSG00000103436	-	Gm36995	28
29	Flicr	chrX	7573600	7581027	lncRNA	ENSMUSG00000039545	+	Flicr	29
30	Foxp3	chrX	7573644	7595245	protein_coding	ENSMUSG00000039521	+	Foxp3	30
31	Ccdc22	chrX	7593809	7605517	protein_coding	ENSMUSG00000031143	-	Ccdc22	31
32	Cacna1f	chrX	7607083	7635196	protein_coding	ENSMUSG00000031142	+	Cacna1f	32
33	Syp	chrX	7638471	7653256	protein_coding	ENSMUSG00000031144	+	Syp	33
34	Gm14703	chrX	7651106	7657258	lncRNA	ENSMUSG00000087644	-	Gm14703	34
35	Prickle3	chrX	7657260	7668186	protein_coding	ENSMUSG00000031145	+	Prickle3	35
36	Plp2	chrX	7667941	7671390	protein_coding	ENSMUSG00000031146	-	Plp2	36
37	Magix	chrX	7673164	7681251	protein_coding	ENSMUSG00000031147	-	Magix	37
38	Gm6079	chrX	7686951	7687354	processed_pseudogene	ENSMUSG00000081083	+	Gm6079	38
39	Gpkow	chrX	7697131	7710262	protein_coding	ENSMUSG00000031148	+	Gpkow	39
40	Wdr45	chrX	7714333	7728206	protein_coding	ENSMUSG00000039382	+	Wdr45	40
41	Gm45208	chrX	7722245	7730530	protein_coding	ENSMUSG00000109493	+	Gm45208	41
42	Praf2	chrX	7728439	7731064	protein_coding	ENSMUSG00000031149	+	Praf2	42
43	Ccdc120	chrX	7731714	7750905	protein_coding	ENSMUSG00000031150	-	Ccdc120	43
44	Smt3h2-ps	chrX	7752130	7752414	processed_pseudogene	ENSMUSG00000082617	+	Smt3h2-ps	44
45	Tfe3	chrX	7762560	7775202	protein_coding	ENSMUSG00000000134	+	Tfe3	45
46	Gripap1	chrX	7789765	7820567	protein_coding	ENSMUSG00000031153	+	Gripap1	46
47	Mir1198	chrX	7807101	7807221	miRNA	ENSMUSG00000080645	+	Mir1198	47
48	Kcnd1	chrX	7822289	7838280	protein_coding	ENSMUSG00000009731	+	Kcnd1	48
49	Otud5	chrX	7841364	7876626	protein_coding	ENSMUSG00000031154	+	Otud5	49
50	Pim2	chrX	7878262	7883432	protein_coding	ENSMUSG00000031155	+	Pim2	50
51	Slc35a2	chrX	7884028	7894492	protein_coding	ENSMUSG00000031156	+	Slc35a2	51
52	Pqbp1	chrX	7894519	7899269	protein_coding	ENSMUSG00000031157	-	Pqbp1	52
53	Timm17b	chrX	7899357	7908351	protein_coding	ENSMUSG00000031158	+	Timm17b	53
54	Gm10491	chrX	7907693	7907835	protein_coding	ENSMUSG00000073291	-	Gm10491	54
55	Gm10490	chrX	7909542	7909927	protein_coding	ENSMUSG00000073290	+	Gm10490	55
56	Pcsk1n	chrX	7919822	7924410	protein_coding	ENSMUSG00000039278	+	Pcsk1n	56
57	Eras	chrX	7924276	7928607	protein_coding	ENSMUSG00000031160	-	Eras	57
58	Hdac6	chrX	7930120	7947889	protein_coding	ENSMUSG00000031161	-	Hdac6	58
59	Gata1	chrX	7959260	7978071	protein_coding	ENSMUSG00000031162	-	Gata1	59
60	Glod5	chrX	8004200	8018492	protein_coding	ENSMUSG00000031163	-	Glod5	60
61	Gm9429	chrX	8034212	8035079	processed_pseudogene	ENSMUSG00000083518	+	Gm9429	61
62	Rpl22-ps1	chrX	8038611	8038996	processed_pseudogene	ENSMUSG00000080877	-	Rpl22-ps1	62
63	Gm14820	chrX	8042943	8074619	lncRNA	ENSMUSG00000087193	+	Gm14820	63
64	Suv39h1	chrX	8061171	8074760	protein_coding	ENSMUSG00000039231	-	Suv39h1	64
65	Was	chrX	8081453	8090498	protein_coding	ENSMUSG00000031165	-	Was	65
66	Gm6787	chrX	8097087	8106701	lncRNA	ENSMUSG00000086404	+	Gm6787	66
67	Psmb7-ps2	chrX	8105294	8106113	transcribed_processed_pseudogene	ENSMUSG00000081042	+	Psmb7-ps2	67
68	Wdr13	chrX	8123301	8132892	protein_coding	ENSMUSG00000031166	-	Wdr13	68
69	Rbm3	chrX	8138975	8145880	protein_coding	ENSMUSG00000031167	-	Rbm3	69
70	Rbm3os	chrX	8145429	8147964	lncRNA	ENSMUSG00000055188	+	Rbm3os	70
71	Tbc1d25	chrX	8154472	8176181	protein_coding	ENSMUSG00000039201	-	Tbc1d25	71
72	Ebp	chrX	8185329	8193512	protein_coding	ENSMUSG00000031168	-	Ebp	72
73	Porcn	chrX	8193848	8206525	protein_coding	ENSMUSG00000031169	-	Porcn	73
74	Ftsj1	chrX	8238668	8252406	protein_coding	ENSMUSG00000031171	-	Ftsj1	74
75	Slc38a5	chrX	8271133	8280179	protein_coding	ENSMUSG00000031170	+	Slc38a5	75
76	Ssxb10	chrX	8327424	8336237	protein_coding	ENSMUSG00000068219	+	Ssxb10	76
77	Ssxb9	chrX	8366978	8375390	protein_coding	ENSMUSG00000068218	+	Ssxb9	77
78	Ssxb1	chrX	8413305	8422157	protein_coding	ENSMUSG00000079705	+	Ssxb1	78
79	Ssxb2	chrX	8454345	8461726	protein_coding	ENSMUSG00000023165	-	Ssxb2	79
80	Gm14459	chrX	8514052	8524954	protein_coding	ENSMUSG00000079704	-	Gm14459	80
81	Ssxb6	chrX	8542608	8548255	protein_coding	ENSMUSG00000079702	-	Ssxb6	81
82	Ssxb3	chrX	8583404	8591816	protein_coding	ENSMUSG00000079701	-	Ssxb3	82
83	Gm6797	chrX	8639622	8645273	unprocessed_pseudogene	ENSMUSG00000081410	+	Gm6797	83
84	Gm9430	chrX	8662302	8663828	processed_pseudogene	ENSMUSG00000082458	-	Gm9430	84
85	Ssxb8	chrX	8684887	8690844	protein_coding	ENSMUSG00000079703	-	Ssxb8	85
86	Ssx9	chrX	8748432	8754587	protein_coding	ENSMUSG00000035371	+	Ssx9	86
87	Ssxb5	chrX	8803691	8809386	protein_coding	ENSMUSG00000071816	+	Ssxb5	87
88	Gm6592	chrX	8843994	8849607	protein_coding	ENSMUSG00000079699	+	Gm6592	88
89	Gm5751	chrX	8874253	8880750	protein_coding	ENSMUSG00000079697	+	Gm5751	89
90	B630019K06Rik	chrX	8892382	8894964	protein_coding	ENSMUSG00000052364	+	B630019K06Rik	90
91	Gm16479	chrX	8956307	8957238	processed_pseudogene	ENSMUSG00000083871	+	Gm16479	91
92	4930402K13Rik	chrX	9104562	9106342	protein_coding	ENSMUSG00000045797	+	4930402K13Rik	92
93	Lancl3	chrX	9199902	9268085	protein_coding	ENSMUSG00000047344	+	Lancl3	93
94	Gm14862	chrX	9250928	9256899	protein_coding	ENSMUSG00000079694	-	Gm14862	94
95	Xk	chrX	9272756	9313250	protein_coding	ENSMUSG00000015342	+	Xk	95
96	Gm25481	chrX	9317819	9317976	snRNA	ENSMUSG00000065155	+	Gm25481	96
97	Gm6829	chrX	9327749	9328108	processed_pseudogene	ENSMUSG00000083670	-	Gm6829	97
98	H2al1k	chrX	9350627	9351136	protein_coding	ENSMUSG00000100448	+	H2al1k	98
99	Cybb	chrX	9435252	9487771	protein_coding	ENSMUSG00000015340	-	Cybb	99
100	AL671118.1	chrX	9573514	9573778	processed_pseudogene	ENSMUSG00000118573	-	AL671118.1	100
101	Dynlt3	chrX	9654267	9663003	protein_coding	ENSMUSG00000031176	-	Dynlt3	101
102	Sytl5	chrX	9885622	9994543	protein_coding	ENSMUSG00000054453	+	Sytl5	102
103	Gm5754	chrX	10011788	10012679	processed_pseudogene	ENSMUSG00000081898	+	Gm5754	103
104	Srpx	chrX	10037977	10117709	protein_coding	ENSMUSG00000090084	-	Srpx	104
105	Rpgr	chrX	10073621	10216920	protein_coding	ENSMUSG00000031174	-	Rpgr	105
106	Otc	chrX	10252305	10321024	protein_coding	ENSMUSG00000031173	+	Otc	106
107	4933416E14Rik	chrX	10415301	10417238	transcribed_processed_pseudogene	ENSMUSG00000086996	-	4933416E14Rik	107
108	Tspan7	chrX	10485158	10596605	protein_coding	ENSMUSG00000058254	+	Tspan7	108
109	Gm25885	chrX	10510048	10510156	rRNA	ENSMUSG00000088404	+	Gm25885	109
110	Gm14480	chrX	10696932	10697364	processed_pseudogene	ENSMUSG00000081308	-	Gm14480	110
111	Mid1ip1	chrX	10715013	10719690	protein_coding	ENSMUSG00000008035	+	Mid1ip1	111
112	Gm14493	chrX	10717473	10718710	lncRNA	ENSMUSG00000085587	-	Gm14493	112
113	Gm14481	chrX	11220607	11221235	processed_pseudogene	ENSMUSG00000080948	+	Gm14481	113
114	Gm14513	chrX	11684002	11684124	processed_pseudogene	ENSMUSG00000080811	-	Gm14513	114
115	Gm14491	chrX	11913091	11913289	processed_pseudogene	ENSMUSG00000083439	-	Gm14491	115
116	Bcor	chrX	12036740	12160355	protein_coding	ENSMUSG00000040363	-	Bcor	116
117	Gm14635	chrX	12339782	12354996	lncRNA	ENSMUSG00000087591	-	Gm14635	117
118	Atp6ap2	chrX	12587801	12617049	protein_coding	ENSMUSG00000031007	+	Atp6ap2	118
119	Gm9432	chrX	12619474	12620232	processed_pseudogene	ENSMUSG00000083199	-	Gm9432	119
120	1810030O07Rik	chrX	12654879	12673668	protein_coding	ENSMUSG00000044148	-	1810030O07Rik	120
121	Gm16265	chrX	12670635	12670742	processed_pseudogene	ENSMUSG00000086473	+	Gm16265	121
122	Med14	chrX	12675369	12762073	protein_coding	ENSMUSG00000064127	-	Med14	122
123	Gm14634	chrX	12762278	12821492	lncRNA	ENSMUSG00000085891	+	Gm14634	123
124	AA414768	chrX	12936872	12938128	processed_pseudogene	ENSMUSG00000083307	+	AA414768	124
125	5730405O15Rik	chrX	13042015	13045297	lncRNA	ENSMUSG00000087424	+	5730405O15Rik	125
126	Usp9x	chrX	13071498	13173328	protein_coding	ENSMUSG00000031010	+	Usp9x	126
127	Rpl3-ps1	chrX	13202571	13203780	processed_pseudogene	ENSMUSG00000084349	+	Rpl3-ps1	127
128	Llph-ps2	chrX	13218210	13218602	processed_pseudogene	ENSMUSG00000083364	-	Llph-ps2	128
129	2010308F09Rik	chrX	13234641	13247736	lncRNA	ENSMUSG00000100714	-	2010308F09Rik	129
130	Gm16481	chrX	13238327	13239553	processed_pseudogene	ENSMUSG00000082090	+	Gm16481	130
131	Ddx3x	chrX	13280970	13294052	protein_coding	ENSMUSG00000000787	+	Ddx3x	131
132	Gm5380	chrX	13302285	13304420	processed_pseudogene	ENSMUSG00000081255	+	Gm5380	132
133	Nyx	chrX	13466110	13489313	protein_coding	ENSMUSG00000051228	+	Nyx	133
134	Cask	chrX	13517080	13851367	protein_coding	ENSMUSG00000031012	-	Cask	134
135	Gpr34	chrX	13632089	13640858	protein_coding	ENSMUSG00000040229	+	Gpr34	135
136	Gpr82	chrX	13661363	13667433	protein_coding	ENSMUSG00000047678	+	Gpr82	136
137	Gm5381	chrX	13927287	13929511	processed_pseudogene	ENSMUSG00000082736	-	Gm5381	137
138	Gm14867	chrX	14289739	14290604	processed_pseudogene	ENSMUSG00000080733	+	Gm14867	138
139	Gm14505	chrX	14796735	14839980	lncRNA	ENSMUSG00000084907	+	Gm14505	139
140	Gm9435	chrX	14955098	14955974	processed_pseudogene	ENSMUSG00000081763	-	Gm9435	140
141	Gm14519	chrX	15365179	15365490	processed_pseudogene	ENSMUSG00000082838	+	Gm14519	141
142	Drr1	chrX	15922304	15939249	lncRNA	ENSMUSG00000086048	-	Drr1	142
143	Cypt1	chrX	16522869	16523689	protein_coding	ENSMUSG00000023257	+	Cypt1	143
144	Maoa	chrX	16619698	16687818	protein_coding	ENSMUSG00000025037	+	Maoa	144
145	Maob	chrX	16709282	16817366	protein_coding	ENSMUSG00000040147	-	Maob	145
146	Ndp	chrX	16885521	16911774	protein_coding	ENSMUSG00000040138	-	Ndp	146
147	Efhc2	chrX	17132049	17319368	protein_coding	ENSMUSG00000025038	-	Efhc2	147
148	Fundc1	chrX	17556564	17572325	protein_coding	ENSMUSG00000025040	-	Fundc1	148
149	Gm5073	chrX	17626257	17627076	processed_pseudogene	ENSMUSG00000083140	+	Gm5073	149
150	Kdm6a	chrX	18162575	18279936	protein_coding	ENSMUSG00000037369	+	Kdm6a	150
151	Dipk2b	chrX	18414881	18461397	protein_coding	ENSMUSG00000037358	-	Dipk2b	151
152	Gm5383	chrX	18942612	18943228	processed_pseudogene	ENSMUSG00000081654	+	Gm5383	152
153	Gm14636	chrX	19156981	19167241	lncRNA	ENSMUSG00000073274	-	Gm14636	153
154	Gm26652	chrX	19224789	19237856	lncRNA	ENSMUSG00000097497	-	Gm26652	154
155	Chst7	chrX	20059560	20097521	protein_coding	ENSMUSG00000037347	+	Chst7	155
156	Slc9a7	chrX	20105754	20291807	protein_coding	ENSMUSG00000037341	-	Slc9a7	156
157	Gm9083	chrX	20239469	20240287	processed_pseudogene	ENSMUSG00000083033	+	Gm9083	157
158	Rp2	chrX	20364481	20405653	protein_coding	ENSMUSG00000060090	+	Rp2	158
159	Gm9085	chrX	20382750	20383821	processed_pseudogene	ENSMUSG00000084137	-	Gm9085	159
160	Gm14537	chrX	20391709	20392501	processed_pseudogene	ENSMUSG00000082855	+	Gm14537	160
161	Jade3	chrX	20425688	20519939	protein_coding	ENSMUSG00000037315	+	Jade3	161
162	Gm14884	chrX	20459490	20459685	processed_pseudogene	ENSMUSG00000081529	-	Gm14884	162
163	Rgn	chrX	20549787	20562089	protein_coding	ENSMUSG00000023070	+	Rgn	163
164	Gm14539	chrX	20581141	20581314	processed_pseudogene	ENSMUSG00000084830	-	Gm14539	164
165	Ndufb11	chrX	20615326	20617619	protein_coding	ENSMUSG00000031059	-	Ndufb11	165
166	Rbm10	chrX	20617503	20650901	protein_coding	ENSMUSG00000031060	+	Rbm10	166
167	Uba1	chrX	20658326	20683179	protein_coding	ENSMUSG00000001924	+	Uba1	167
168	Cdk16	chrX	20687954	20699880	protein_coding	ENSMUSG00000031065	+	Cdk16	168
169	Usp11	chrX	20703906	20720539	protein_coding	ENSMUSG00000031066	+	Usp11	169
170	AL671885.1	chrX	20778816	20783083	unprocessed_pseudogene	ENSMUSG00000118509	+	AL671885.1	170
171	Araf	chrX	20797814	20860519	protein_coding	ENSMUSG00000001127	+	Araf	171
172	Gm26065	chrX	20800332	20800436	snRNA	ENSMUSG00000065314	-	Gm26065	172
173	Gm24824	chrX	20823737	20823814	miRNA	ENSMUSG00000092838	-	Gm24824	173
174	Syn1	chrX	20860511	20921004	protein_coding	ENSMUSG00000037217	-	Syn1	174
175	Timp1	chrX	20870166	20874735	protein_coding	ENSMUSG00000001131	+	Timp1	175
176	Gm15029	chrX	20911596	20911794	processed_pseudogene	ENSMUSG00000080757	+	Gm15029	176
177	Cfp	chrX	20925454	20931555	protein_coding	ENSMUSG00000001128	-	Cfp	177
178	Elk1	chrX	20933395	20950608	protein_coding	ENSMUSG00000009406	-	Elk1	178
179	Uxt	chrX	20941722	20962017	protein_coding	ENSMUSG00000001134	-	Uxt	179
180	A230072C01Rik	chrX	20961684	20986737	lncRNA	ENSMUSG00000086877	+	A230072C01Rik	180
181	Zfp182	chrX	21028939	21062316	protein_coding	ENSMUSG00000054737	-	Zfp182	181
182	Spaca5	chrX	21068406	21077963	protein_coding	ENSMUSG00000037167	+	Spaca5	182
183	Zfp300	chrX	21079174	21089527	protein_coding	ENSMUSG00000031079	-	Zfp300	183
184	Ssxa1	chrX	21115820	21121192	protein_coding	ENSMUSG00000062814	+	Ssxa1	184
185	Gm1848	chrX	21146844	21147640	processed_pseudogene	ENSMUSG00000083892	+	Gm1848	185
186	Gm21876	chrX	21174439	21175653	protein_coding	ENSMUSG00000095316	-	Gm21876	186
187	4930453H23Rik	chrX	21206580	21221665	lncRNA	ENSMUSG00000087358	-	4930453H23Rik	187
188	Gm6938	chrX	21312210	21334727	lncRNA	ENSMUSG00000087586	-	Gm6938	188
189	Gm5124	chrX	21360865	21364622	transcribed_processed_pseudogene	ENSMUSG00000051537	+	Gm5124	189
190	Agtr2	chrX	21484544	21489164	protein_coding	ENSMUSG00000068122	+	Agtr2	190
191	Slc6a14	chrX	21714896	21742355	protein_coding	ENSMUSG00000031089	+	Slc6a14	191
192	Gm28269	chrX	21743440	21745097	protein_coding	ENSMUSG00000101818	-	Gm28269	192
193	Gm28268	chrX	21751379	21761733	lncRNA	ENSMUSG00000101776	+	Gm28268	193
194	Gm24535	chrX	21901732	21901838	snRNA	ENSMUSG00000065074	-	Gm24535	194
195	Gm14561	chrX	22226375	22228343	processed_pseudogene	ENSMUSG00000083030	-	Gm14561	195
196	Gm6071	chrX	22305800	22306274	processed_pseudogene	ENSMUSG00000081064	-	Gm6071	196
197	Ppp1r2-ps7	chrX	22461632	22462394	transcribed_processed_pseudogene	ENSMUSG00000052025	+	Ppp1r2-ps7	197
198	Gm26131	chrX	22861936	22862045	snRNA	ENSMUSG00000064659	+	Gm26131	198
199	Klhl13	chrX	23219271	23365082	protein_coding	ENSMUSG00000036782	-	Klhl13	199
200	Wdr44	chrX	23693051	23806025	protein_coding	ENSMUSG00000036769	+	Wdr44	200
201	Gm4789	chrX	23854819	23856034	processed_pseudogene	ENSMUSG00000081812	-	Gm4789	201
202	Gm4907	chrX	23882553	23907607	protein_coding	ENSMUSG00000068113	+	Gm4907	202
203	Gm4732	chrX	24242173	24264917	unprocessed_pseudogene	ENSMUSG00000083099	-	Gm4732	203
204	Gm9440	chrX	24319797	24335259	unprocessed_pseudogene	ENSMUSG00000083475	+	Gm9440	204
205	Gm6956	chrX	24407179	24418902	unprocessed_pseudogene	ENSMUSG00000098485	-	Gm6956	205
206	Gm5934	chrX	24474308	24500760	protein_coding	ENSMUSG00000084063	-	Gm5934	206
207	Gm4297	chrX	24552250	24574895	protein_coding	ENSMUSG00000081218	-	Gm4297	207
208	Gm5935	chrX	24753162	24775164	protein_coding	ENSMUSG00000093923	-	Gm5935	208
209	Gm2759	chrX	24948574	24969751	unprocessed_pseudogene	ENSMUSG00000094775	-	Gm2759	209
210	Gm5169	chrX	25277483	25301455	protein_coding	ENSMUSG00000096620	-	Gm5169	210
211	Gm1989	chrX	25359128	25380281	unprocessed_pseudogene	ENSMUSG00000096724	-	Gm1989	211
212	Gm1993	chrX	25548296	25570452	protein_coding	ENSMUSG00000073267	-	Gm1993	212
213	Gm2003	chrX	25622512	25643661	unprocessed_pseudogene	ENSMUSG00000080959	-	Gm2003	213
214	Gm7350	chrX	25824490	25845667	unprocessed_pseudogene	ENSMUSG00000095392	-	Gm7350	214
215	E330010L02Rik	chrX	25917944	25954696	lncRNA	ENSMUSG00000086959	-	E330010L02Rik	215
216	Gm5168	chrX	26028214	26051041	protein_coding	ENSMUSG00000079655	-	Gm5168	216
217	Gm2012	chrX	26200678	26231355	protein_coding	ENSMUSG00000082639	-	Gm2012	217
218	Gm2030	chrX	26286977	26310044	protein_coding	ENSMUSG00000083628	-	Gm2030	218
219	Gm2005	chrX	26476105	26492662	unprocessed_pseudogene	ENSMUSG00000080819	-	Gm2005	219
220	Slx	chrX	26522656	26545565	protein_coding	ENSMUSG00000095063	-	Slx	220
221	Gm27341	chrX	26579877	26579982	miRNA	ENSMUSG00000099097	-	Gm27341	221
222	Gm14525	chrX	26672777	26702638	protein_coding	ENSMUSG00000071788	-	Gm14525	222
223	Gm6113	chrX	26735065	26756219	unprocessed_pseudogene	ENSMUSG00000096907	-	Gm6113	223
224	Gm7365	chrX	26990271	27011645	unprocessed_pseudogene	ENSMUSG00000093984	-	Gm7365	224
225	Gm10230	chrX	27472031	27494882	protein_coding	ENSMUSG00000095546	-	Gm10230	225
226	Gm2101	chrX	27658161	27692894	lncRNA	ENSMUSG00000093817	+	Gm2101	226
227	Gm7386	chrX	27771601	27792613	unprocessed_pseudogene	ENSMUSG00000094424	+	Gm7386	227
228	Gm2117	chrX	28005050	28047399	lncRNA	ENSMUSG00000085534	+	Gm2117	228
229	Gm4836	chrX	28270710	28293632	protein_coding	ENSMUSG00000094624	-	Gm4836	229
230	Gm7398	chrX	28447594	28468864	unprocessed_pseudogene	ENSMUSG00000095356	+	Gm7398	230
231	Gm2165	chrX	28666150	28700879	lncRNA	ENSMUSG00000096911	+	Gm2165	231
232	Gm2200	chrX	29012994	29046381	lncRNA	ENSMUSG00000087462	+	Gm2200	232
233	Gm7415	chrX	29128146	29149186	unprocessed_pseudogene	ENSMUSG00000095802	+	Gm7415	233
234	Gm14527	chrX	29619027	29646381	unprocessed_pseudogene	ENSMUSG00000096137	-	Gm14527	234
235	Gm3669	chrX	29881290	29916031	lncRNA	ENSMUSG00000085489	-	Gm3669	235
236	Gm10488	chrX	29976314	29999162	protein_coding	ENSMUSG00000073257	+	Gm10488	236
237	E330016L19Rik	chrX	30037837	30087879	lncRNA	ENSMUSG00000085060	+	E330016L19Rik	237
238	Gm3681	chrX	30122135	30143416	unprocessed_pseudogene	ENSMUSG00000096311	-	Gm3681	238
239	Gm14632	chrX	30329772	30352645	protein_coding	ENSMUSG00000073255	+	Gm14632	239
240	Gm7437	chrX	30373539	30422500	lncRNA	ENSMUSG00000085989	+	Gm7437	240
241	Gm14974	chrX	30587056	30621275	lncRNA	ENSMUSG00000085325	-	Gm14974	241
242	Gm10487	chrX	30820542	30843469	protein_coding	ENSMUSG00000094759	-	Gm10487	242
243	Spin2f	chrX	31253603	31255454	protein_coding	ENSMUSG00000095754	+	Spin2f	243
244	Btbd35f25	chrX	31715509	31717209	protein_coding	ENSMUSG00000118431	-	Btbd35f25	244
245	Gm21637	chrX	31962044	31962821	protein_coding	ENSMUSG00000095770	+	Gm21637	245
246	Btbd35f2	chrX	32278435	32280341	protein_coding	ENSMUSG00000096194	+	Btbd35f2	246
247	Gm5926	chrX	32649793	32651476	protein_coding	ENSMUSG00000094601	+	Gm5926	247
248	Gm2854	chrX	33399358	33400123	processed_pseudogene	ENSMUSG00000114725	+	Gm2854	248
249	Gm2892	chrX	33476982	33477692	processed_pseudogene	ENSMUSG00000079649	-	Gm2892	249
250	Gm2223	chrX	33505661	33507010	processed_pseudogene	ENSMUSG00000079297	+	Gm2223	250
251	Btbd35f13	chrX	33657172	33658872	protein_coding	ENSMUSG00000095934	+	Btbd35f13	251
252	Spin2g	chrX	34237049	34238733	protein_coding	ENSMUSG00000095659	-	Spin2g	252
253	Btbd35f8	chrX	34450459	34452387	protein_coding	ENSMUSG00000118438	+	Btbd35f8	253
254	Gm10486	chrX	35067384	35090316	protein_coding	ENSMUSG00000073247	+	Gm10486	254
255	Gm2309	chrX	35129015	35179028	lncRNA	ENSMUSG00000086757	+	Gm2309	255
256	Gm14553	chrX	35294189	35348739	lncRNA	ENSMUSG00000085000	-	Gm14553	256
257	Gm14819	chrX	35404183	35427093	protein_coding	ENSMUSG00000073245	+	Gm14819	257
258	Gm14554	chrX	35804769	35820640	unprocessed_pseudogene	ENSMUSG00000082799	+	Gm14554	258
259	Dock11	chrX	35888832	36076562	protein_coding	ENSMUSG00000031093	+	Dock11	259
260	Il13ra1	chrX	36112110	36171259	protein_coding	ENSMUSG00000017057	+	Il13ra1	260
261	Zcchc12	chrX	36195904	36199158	protein_coding	ENSMUSG00000036699	+	Zcchc12	261
262	Lonrf3	chrX	36328353	36362341	protein_coding	ENSMUSG00000016239	+	Lonrf3	262
263	Gm44485	chrX	36381117	36381253	miRNA	ENSMUSG00000104809	-	Gm44485	263
264	Gm14569	chrX	36423601	36491830	protein_coding	ENSMUSG00000091556	-	Gm14569	264
265	Pgrmc1	chrX	36598206	36606079	protein_coding	ENSMUSG00000006373	+	Pgrmc1	265
266	Akap17b	chrX	36608314	36645395	protein_coding	ENSMUSG00000059708	-	Akap17b	266
267	Gm6274	chrX	36668217	36669013	processed_pseudogene	ENSMUSG00000081281	+	Gm6274	267
268	Slc25a43	chrX	36743659	36777202	protein_coding	ENSMUSG00000037636	+	Slc25a43	268
269	Slc25a5	chrX	36795651	36798807	protein_coding	ENSMUSG00000016319	+	Slc25a5	269
270	Gm14549	chrX	36814771	36817200	lncRNA	ENSMUSG00000084990	+	Gm14549	270
271	C330007P06Rik	chrX	36823737	36874111	protein_coding	ENSMUSG00000006423	-	C330007P06Rik	271
272	Gm14541	chrX	36839137	36839293	processed_pseudogene	ENSMUSG00000084265	-	Gm14541	272
273	Ube2a	chrX	36873900	36884222	protein_coding	ENSMUSG00000016308	+	Ube2a	273
274	Nkrf	chrX	36887540	36902899	protein_coding	ENSMUSG00000044149	-	Nkrf	274
275	Gm15008	chrX	36910834	36911985	lncRNA	ENSMUSG00000087155	+	Gm15008	275
276	Sept6	chrX	36911326	36991794	protein_coding	ENSMUSG00000050379	-	Sept6	276
277	Gm14542	chrX	37035254	37037325	processed_pseudogene	ENSMUSG00000081220	-	Gm14542	277
278	Gm24809	chrX	37071992	37072262	misc_RNA	ENSMUSG00000093059	-	Gm24809	278
279	Rpl39	chrX	37082520	37085402	protein_coding	ENSMUSG00000079641	-	Rpl39	279
280	Upf3b	chrX	37091678	37110322	protein_coding	ENSMUSG00000036572	-	Upf3b	280
281	Nkap	chrX	37126795	37150746	protein_coding	ENSMUSG00000016409	+	Nkap	281
282	Akap14	chrX	37150698	37168842	protein_coding	ENSMUSG00000036551	-	Akap14	282
283	Ndufa1	chrX	37187588	37191163	protein_coding	ENSMUSG00000016427	-	Ndufa1	283
284	Rnf113a1	chrX	37191245	37192467	protein_coding	ENSMUSG00000036537	+	Rnf113a1	284
285	Rhox1	chrX	37213804	37222258	protein_coding	ENSMUSG00000071773	-	Rhox1	285
286	Rhox2a	chrX	37244976	37249686	protein_coding	ENSMUSG00000051827	+	Rhox2a	286
287	Rhox4a	chrX	37265338	37270132	protein_coding	ENSMUSG00000079639	+	Rhox4a	287
288	Rhox4a2	chrX	37390848	37395621	protein_coding	ENSMUSG00000094945	+	Rhox4a2	288
289	Rhox2b	chrX	37412067	37416806	protein_coding	ENSMUSG00000079638	+	Rhox2b	289
290	Rhox3b-ps	chrX	37417012	37425963	transcribed_unprocessed_pseudogene	ENSMUSG00000084056	+	Rhox3b-ps	290
291	Rhox4b	chrX	37432494	37437279	protein_coding	ENSMUSG00000071771	+	Rhox4b	291
292	Rhox2c	chrX	37453680	37469861	protein_coding	ENSMUSG00000079637	+	Rhox2c	292
293	Rhox3c	chrX	37458585	37473964	protein_coding	ENSMUSG00000079636	+	Rhox3c	293
294	Rhox4c	chrX	37480337	37485124	protein_coding	ENSMUSG00000079635	+	Rhox4c	294
295	Rhox4d	chrX	37514359	37519176	protein_coding	ENSMUSG00000079633	+	Rhox4d	295
296	Rhox2e	chrX	37530452	37541813	protein_coding	ENSMUSG00000096788	+	Rhox2e	296
297	Rhox3e	chrX	37542019	37551082	protein_coding	ENSMUSG00000059626	+	Rhox3e	297
298	Rhox4e	chrX	37557412	37562283	protein_coding	ENSMUSG00000071770	+	Rhox4e	298
299	Rhox2f	chrX	37571405	37576163	protein_coding	ENSMUSG00000095741	+	Rhox2f	299
300	Rhox4f	chrX	37602894	37607704	protein_coding	ENSMUSG00000079630	-	Rhox4f	300
301	Rhox3g	chrX	37623318	37628612	protein_coding	ENSMUSG00000080933	-	Rhox3g	301
302	Gm24493	chrX	37632205	37632347	snoRNA	ENSMUSG00000065739	-	Gm24493	302
303	Rhox2g	chrX	37639115	37643470	protein_coding	ENSMUSG00000079629	-	Rhox2g	303
304	Rhox4g	chrX	37646500	37651327	protein_coding	ENSMUSG00000079628	-	Rhox4g	304
305	Rhox3h	chrX	37657688	37668764	protein_coding	ENSMUSG00000071769	-	Rhox3h	305
306	Gm24147	chrX	37667233	37667376	snoRNA	ENSMUSG00000064697	-	Gm24147	306
307	Rhox2h	chrX	37668989	37673277	protein_coding	ENSMUSG00000079627	-	Rhox2h	307
308	Rhox5	chrX	37804842	37808876	protein_coding	ENSMUSG00000095180	+	Rhox5	308
309	Rhox7a	chrX	37831686	37841275	protein_coding	ENSMUSG00000071767	+	Rhox7a	309
310	Rhox7b	chrX	37886439	37897232	protein_coding	ENSMUSG00000079626	-	Rhox7b	310
311	Rhox9	chrX	37899097	37901770	protein_coding	ENSMUSG00000068048	-	Rhox9	311
312	Btg1-ps1	chrX	38013173	38018815	protein_coding	ENSMUSG00000068173	-	Btg1-ps1	312
313	Btg1-ps2	chrX	38038199	38043114	protein_coding	ENSMUSG00000098348	-	Btg1-ps2	313
314	Rhox10	chrX	38066475	38071691	protein_coding	ENSMUSG00000053909	+	Rhox10	314
315	Rhox11	chrX	38076594	38085141	protein_coding	ENSMUSG00000051038	-	Rhox11	315
316	Rhox12	chrX	38104077	38110907	protein_coding	ENSMUSG00000071766	-	Rhox12	316
317	Rhox13	chrX	38121219	38129967	protein_coding	ENSMUSG00000050197	+	Rhox13	317
318	Zbtb33	chrX	38189793	38197046	protein_coding	ENSMUSG00000048047	+	Zbtb33	318
319	Tmem255a	chrX	38196573	38252439	protein_coding	ENSMUSG00000036502	-	Tmem255a	319
320	Rhox7-ps1	chrX	38296868	38306028	unprocessed_pseudogene	ENSMUSG00000084009	+	Rhox7-ps1	320
321	Atp1b4	chrX	38316184	38336769	protein_coding	ENSMUSG00000016327	+	Atp1b4	321
322	Gm4853	chrX	38396935	38397328	processed_pseudogene	ENSMUSG00000081473	+	Gm4853	322
323	Lamp2	chrX	38401357	38456454	protein_coding	ENSMUSG00000016534	-	Lamp2	323
324	Gm7598	chrX	38476461	38482486	lncRNA	ENSMUSG00000087390	+	Gm7598	324
325	Cul4b	chrX	38533274	38576196	protein_coding	ENSMUSG00000031095	-	Cul4b	325
326	Mcts1	chrX	38600578	38613426	protein_coding	ENSMUSG00000000355	+	Mcts1	326
327	C1galt1c1	chrX	38630785	38635087	protein_coding	ENSMUSG00000048970	-	C1galt1c1	327
328	Gm14565	chrX	38705481	38737762	lncRNA	ENSMUSG00000085635	-	Gm14565	328
329	6030498E09Rik	chrX	38772671	38962686	protein_coding	ENSMUSG00000051361	+	6030498E09Rik	329
330	Gm14567	chrX	38969817	38969990	processed_pseudogene	ENSMUSG00000080896	+	Gm14567	330
331	Gm14566	chrX	39226328	39226648	processed_pseudogene	ENSMUSG00000084247	-	Gm14566	331
332	Gm14571	chrX	39796584	39797153	processed_pseudogene	ENSMUSG00000083845	+	Gm14571	332
333	Gm14643	chrX	39870500	40475561	lncRNA	ENSMUSG00000086157	+	Gm14643	333
334	Gm14575	chrX	40661423	40661982	processed_pseudogene	ENSMUSG00000083665	+	Gm14575	334
335	Gm14576	chrX	40927001	40928111	processed_pseudogene	ENSMUSG00000084287	-	Gm14576	335
336	Gria3	chrX	41400854	41678601	protein_coding	ENSMUSG00000001986	+	Gria3	336
337	Gm22413	chrX	41654234	41654318	miRNA	ENSMUSG00000093206	+	Gm22413	337
338	Gm14613	chrX	41741657	41742963	processed_pseudogene	ENSMUSG00000081918	-	Gm14613	338
339	Thoc2	chrX	41794991	41920674	protein_coding	ENSMUSG00000037475	-	Thoc2	339
340	Xiap	chrX	42059679	42109656	protein_coding	ENSMUSG00000025860	+	Xiap	340
341	Gm14615	chrX	42128195	42130723	processed_pseudogene	ENSMUSG00000082324	-	Gm14615	341
342	Gm37564	chrX	42147988	42150181	TEC	ENSMUSG00000104042	-	Gm37564	342
343	Stag2	chrX	42149317	42277185	protein_coding	ENSMUSG00000025862	+	Stag2	343
344	Tex13c2	chrX	42489691	42491524	protein_coding	ENSMUSG00000105993	+	Tex13c2	344
345	Sh2d1a	chrX	42502453	42529330	protein_coding	ENSMUSG00000005696	+	Sh2d1a	345
346	Tenm1	chrX	42527866	43429126	protein_coding	ENSMUSG00000016150	-	Tenm1	346
347	Gm14578	chrX	42888730	42889120	processed_pseudogene	ENSMUSG00000083098	-	Gm14578	347
348	Gm24763	chrX	43254046	43254235	snRNA	ENSMUSG00000065622	+	Gm24763	348
349	Gm14587	chrX	43412086	43412743	processed_pseudogene	ENSMUSG00000081300	-	Gm14587	349
350	Gm14628	chrX	43823924	43824558	processed_pseudogene	ENSMUSG00000081036	+	Gm14628	350
351	Gm14603	chrX	44313270	44313717	processed_pseudogene	ENSMUSG00000081704	-	Gm14603	351
352	Dcaf12l2	chrX	44365458	44368342	protein_coding	ENSMUSG00000050926	-	Dcaf12l2	352
353	Itpa-ps3	chrX	44466839	44467233	processed_pseudogene	ENSMUSG00000082775	-	Itpa-ps3	353
354	Gm14602	chrX	44529451	44529790	processed_pseudogene	ENSMUSG00000080714	-	Gm14602	354
355	Dcaf12l1	chrX	44786570	44790197	protein_coding	ENSMUSG00000045284	-	Dcaf12l1	355
356	Gm7700	chrX	44862880	44863849	processed_pseudogene	ENSMUSG00000083721	+	Gm7700	356
357	4930515L19Rik	chrX	46267559	46328911	lncRNA	ENSMUSG00000085157	-	4930515L19Rik	357
358	Gm4987	chrX	46455887	46456294	processed_pseudogene	ENSMUSG00000063816	-	Gm4987	358
359	Gm29242	chrX	46473585	46774099	lncRNA	ENSMUSG00000101233	-	Gm29242	359
360	Gm7722	chrX	46535855	46536625	unprocessed_pseudogene	ENSMUSG00000082204	-	Gm7722	360
361	Gm14610	chrX	47387020	47387985	processed_pseudogene	ENSMUSG00000082426	-	Gm14610	361
362	Gm14608	chrX	47586018	47587570	processed_pseudogene	ENSMUSG00000084348	+	Gm14608	362
363	Gm6480	chrX	47724528	47726413	processed_pseudogene	ENSMUSG00000082894	+	Gm6480	363
364	Smarca1	chrX	47809368	47892974	protein_coding	ENSMUSG00000031099	-	Smarca1	364
365	Ocrl	chrX	47912387	47965868	protein_coding	ENSMUSG00000001173	+	Ocrl	365
366	Apln	chrX	48025146	48034853	protein_coding	ENSMUSG00000037010	-	Apln	366
367	Xpnpep2	chrX	48108725	48136981	protein_coding	ENSMUSG00000037005	+	Xpnpep2	367
368	Sash3	chrX	48146436	48161565	protein_coding	ENSMUSG00000031101	+	Sash3	368
369	Zdhhc9	chrX	48171969	48208878	protein_coding	ENSMUSG00000036985	-	Zdhhc9	369
370	Utp14a	chrX	48256862	48282453	protein_coding	ENSMUSG00000063785	+	Utp14a	370
371	Bcorl1	chrX	48341358	48408049	protein_coding	ENSMUSG00000036959	+	Bcorl1	371
372	Elf4	chrX	48411046	48463132	protein_coding	ENSMUSG00000031103	-	Elf4	372
373	Aifm1	chrX	48474944	48513563	protein_coding	ENSMUSG00000036932	-	Aifm1	373
374	Rab33a	chrX	48519285	48530232	protein_coding	ENSMUSG00000031104	+	Rab33a	374
375	Zfp280c	chrX	48541625	48594504	protein_coding	ENSMUSG00000036916	-	Zfp280c	375
376	Slc25a14	chrX	48623413	48662294	protein_coding	ENSMUSG00000031105	+	Slc25a14	376
377	Gpr119	chrX	48667979	48674478	protein_coding	ENSMUSG00000051209	-	Gpr119	377
378	Rbmx2	chrX	48695004	48710723	protein_coding	ENSMUSG00000031107	+	Rbmx2	378
379	Gm595	chrX	48841466	48877713	protein_coding	ENSMUSG00000079606	-	Gm595	379
380	Enox2	chrX	49009707	49288259	protein_coding	ENSMUSG00000031109	-	Enox2	380
381	Gm14696	chrX	49313319	49345237	lncRNA	ENSMUSG00000087369	-	Gm14696	381
382	Gm14697	chrX	49332409	49447972	lncRNA	ENSMUSG00000086948	-	Gm14697	382
383	Arhgap36	chrX	49463945	49500244	protein_coding	ENSMUSG00000036198	+	Arhgap36	383
384	Gm15037	chrX	49560626	49560884	processed_pseudogene	ENSMUSG00000083455	+	Gm15037	384
385	Olfr1320	chrX	49672333	49684825	protein_coding	ENSMUSG00000071764	+	Olfr1320	385
386	Olfr1321	chrX	49723577	49735059	protein_coding	ENSMUSG00000067971	-	Olfr1321	386
387	Igsf1	chrX	49782536	49797749	protein_coding	ENSMUSG00000031111	-	Igsf1	387
388	Olfr1322	chrX	49882991	49891483	protein_coding	ENSMUSG00000056281	-	Olfr1322	388
389	Olfr1323	chrX	50005448	50019359	protein_coding	ENSMUSG00000050504	-	Olfr1323	389
390	Gm23385	chrX	50022621	50022915	misc_RNA	ENSMUSG00000089217	+	Gm23385	390
391	Gm22288	chrX	50405813	50405919	snRNA	ENSMUSG00000094897	+	Gm22288	391
392	Olfr1324	chrX	50420998	50428498	protein_coding	ENSMUSG00000048173	-	Olfr1324	392
393	Firre	chrX	50555744	50635321	lncRNA	ENSMUSG00000085396	-	Firre	393
394	Stk26	chrX	50841047	50893097	protein_coding	ENSMUSG00000031112	+	Stk26	394
395	Frmd7	chrX	50895180	50942710	protein_coding	ENSMUSG00000036131	-	Frmd7	395
396	Rap2c	chrX	51003912	51018018	protein_coding	ENSMUSG00000050029	-	Rap2c	396
397	Mbnl3	chrX	51117269	51206532	protein_coding	ENSMUSG00000036109	-	Mbnl3	397
398	Gm7834	chrX	51212511	51212947	processed_pseudogene	ENSMUSG00000082950	-	Gm7834	398
399	Gm5388	chrX	51218877	51219993	processed_pseudogene	ENSMUSG00000081350	-	Gm5388	399
400	Gm23417	chrX	51219110	51219192	miRNA	ENSMUSG00000093266	-	Gm23417	400
401	Hs6st2	chrX	51387212	51681856	protein_coding	ENSMUSG00000062184	-	Hs6st2	401
402	Gm14581	chrX	51629490	51629687	processed_pseudogene	ENSMUSG00000082968	-	Gm14581	402
403	Usp26	chrX	51753959	51801233	protein_coding	ENSMUSG00000055780	-	Usp26	403
404	Gm7840	chrX	51840083	51840615	processed_pseudogene	ENSMUSG00000081439	-	Gm7840	404
405	Gpc4	chrX	52053021	52165252	protein_coding	ENSMUSG00000031119	-	Gpc4	405
406	Gpc3	chrX	52272426	52613950	protein_coding	ENSMUSG00000055653	-	Gpc3	406
407	Gm14582	chrX	52296181	52333679	lncRNA	ENSMUSG00000086704	+	Gm14582	407
408	A630012P03Rik	chrX	52575843	52619047	lncRNA	ENSMUSG00000055110	+	A630012P03Rik	408
409	Mir363	chrX	52741693	52741767	miRNA	ENSMUSG00000070106	-	Mir363	409
410	Gm14586	chrX	52772342	52772749	processed_pseudogene	ENSMUSG00000083621	-	Gm14586	410
411	Ccdc160	chrX	52791200	52799468	protein_coding	ENSMUSG00000073207	+	Ccdc160	411
412	Rps2-ps13	chrX	52898588	52899469	processed_pseudogene	ENSMUSG00000081684	+	Rps2-ps13	412
413	Phf6	chrX	52912266	52956943	protein_coding	ENSMUSG00000025626	+	Phf6	413
414	Hprt	chrX	52988137	53021659	protein_coding	ENSMUSG00000025630	+	Hprt	414
415	Gm28730	chrX	53051194	53053159	lncRNA	ENSMUSG00000101603	-	Gm28730	415
416	C430049B03Rik	chrX	53055046	53057190	lncRNA	ENSMUSG00000087365	-	C430049B03Rik	416
417	Plac1	chrX	53069995	53240111	protein_coding	ENSMUSG00000061082	-	Plac1	417
418	Fam122b	chrX	53243415	53269805	protein_coding	ENSMUSG00000036022	-	Fam122b	418
419	Fam122c	chrX	53273424	53331185	protein_coding	ENSMUSG00000036013	+	Fam122c	419
420	Mospd1	chrX	53344598	53370502	protein_coding	ENSMUSG00000023074	-	Mospd1	420
421	Gm14584	chrX	53418331	53418967	processed_pseudogene	ENSMUSG00000083798	+	Gm14584	421
422	Etd	chrX	53434918	53443576	protein_coding	ENSMUSG00000060967	+	Etd	422
423	Gm14597	chrX	53577087	53608979	protein_coding	ENSMUSG00000079593	-	Gm14597	423
424	Rtl8c	chrX	53608032	53608432	protein_coding	ENSMUSG00000051851	+	Rtl8c	424
425	Rtl8a	chrX	53642488	53643682	protein_coding	ENSMUSG00000067925	-	Rtl8a	425
426	Rtl8b	chrX	53669177	53670408	protein_coding	ENSMUSG00000067924	-	Rtl8b	426
427	4933416I08Rik	chrX	53686637	53690919	unprocessed_pseudogene	ENSMUSG00000071763	+	4933416I08Rik	427
428	AW822252	chrX	53695855	53716773	transcribed_unprocessed_pseudogene	ENSMUSG00000085998	-	AW822252	428
429	4930502E18Rik	chrX	53724826	53738441	protein_coding	ENSMUSG00000055555	+	4930502E18Rik	429
430	1700013H16Rik	chrX	53742901	53757831	protein_coding	ENSMUSG00000054727	-	1700013H16Rik	430
431	Xlr	chrX	53777118	53797706	protein_coding	ENSMUSG00000054626	-	Xlr	431
432	Gm14599	chrX	53816129	53820026	unprocessed_pseudogene	ENSMUSG00000081937	-	Gm14599	432
433	Atf1-ps	chrX	53883611	53884420	processed_pseudogene	ENSMUSG00000080968	-	Atf1-ps	433
434	Gm14591	chrX	53965772	53966674	processed_pseudogene	ENSMUSG00000083428	-	Gm14591	434
435	Gm15482	chrX	53969437	53975000	lncRNA	ENSMUSG00000086711	-	Gm15482	435
436	Gm14601	chrX	53974554	53974789	transcribed_processed_pseudogene	ENSMUSG00000081119	-	Gm14601	436
437	Gm22550	chrX	54118995	54119101	snRNA	ENSMUSG00000095284	+	Gm22550	437
438	Gm16428	chrX	54130710	54144172	unprocessed_pseudogene	ENSMUSG00000082817	+	Gm16428	438
439	Gm7916	chrX	54174779	54202199	unprocessed_pseudogene	ENSMUSG00000081477	+	Gm7916	439
440	Gm14598	chrX	54237715	54253212	unprocessed_pseudogene	ENSMUSG00000096308	+	Gm14598	440
441	Gm6591	chrX	54312878	54333284	unprocessed_pseudogene	ENSMUSG00000084070	+	Gm6591	441
442	Gm14595	chrX	54714790	54729932	unprocessed_pseudogene	ENSMUSG00000094975	+	Gm14595	442
443	Gm14590	chrX	54812464	54827711	unprocessed_pseudogene	ENSMUSG00000096376	+	Gm14590	443
444	Slxl1	chrX	55226876	55243723	protein_coding	ENSMUSG00000067909	+	Slxl1	444
445	Gm6660	chrX	55311386	55326515	unprocessed_pseudogene	ENSMUSG00000094317	+	Gm6660	445
446	Gm14625	chrX	55431819	55446793	unprocessed_pseudogene	ENSMUSG00000096127	+	Gm14625	446
447	Gm16404	chrX	55553147	55568358	unprocessed_pseudogene	ENSMUSG00000095398	+	Gm16404	447
448	Gm14622	chrX	55699744	55722121	unprocessed_pseudogene	ENSMUSG00000081298	+	Gm14622	448
449	Gm6664	chrX	55798272	55816903	unprocessed_pseudogene	ENSMUSG00000096374	+	Gm6664	449
450	Gm14626	chrX	55839252	55842041	unprocessed_pseudogene	ENSMUSG00000084369	+	Gm14626	450
451	Gm7927	chrX	55845759	55846638	processed_pseudogene	ENSMUSG00000081706	-	Gm7927	451
452	Gm14623	chrX	55862223	55876613	unprocessed_pseudogene	ENSMUSG00000083249	+	Gm14623	452
453	Gm14624	chrX	55904723	55912887	unprocessed_pseudogene	ENSMUSG00000081089	+	Gm14624	453
454	Gm22103	chrX	56070664	56070784	miRNA	ENSMUSG00000080383	+	Gm22103	454
455	Gm14638	chrX	56129658	56134920	unprocessed_pseudogene	ENSMUSG00000082606	+	Gm14638	455
456	3830403N18Rik	chrX	56136572	56153498	protein_coding	ENSMUSG00000031125	+	3830403N18Rik	456
457	Gm773	chrX	56189827	56212881	protein_coding	ENSMUSG00000073177	-	Gm773	457
458	1600025M17Rik	chrX	56317608	56320664	lncRNA	ENSMUSG00000085114	+	1600025M17Rik	458
459	Zfp449	chrX	56346400	56365674	protein_coding	ENSMUSG00000073176	+	Zfp449	459
460	Gm2155	chrX	56371620	56374790	lncRNA	ENSMUSG00000097288	-	Gm2155	460
461	Smim10l2a	chrX	56374586	56377799	protein_coding	ENSMUSG00000054850	+	Smim10l2a	461
462	Gm14633	chrX	56447888	56448357	processed_pseudogene	ENSMUSG00000081620	-	Gm14633	462
463	Gm2174	chrX	56447965	56448366	protein_coding	ENSMUSG00000058932	+	Gm2174	463
464	Ints6l	chrX	56454857	56507843	protein_coding	ENSMUSG00000035967	+	Ints6l	464
465	Gm10477	chrX	56523582	56525432	unprocessed_pseudogene	ENSMUSG00000073173	+	Gm10477	465
466	Gm648	chrX	56543874	56549606	protein_coding	ENSMUSG00000064016	-	Gm648	466
467	Mmgt1	chrX	56585512	56598069	protein_coding	ENSMUSG00000061273	-	Mmgt1	467
468	Slc9a6	chrX	56609757	56664230	protein_coding	ENSMUSG00000060681	+	Slc9a6	468
469	Fhl1	chrX	56731787	56793346	protein_coding	ENSMUSG00000023092	+	Fhl1	469
470	Map7d3	chrX	56797858	56822326	protein_coding	ENSMUSG00000067878	-	Map7d3	470
471	Adgrg4	chrX	56870163	57001558	protein_coding	ENSMUSG00000053852	+	Adgrg4	471
472	Brs3	chrX	57043074	57048758	protein_coding	ENSMUSG00000031130	+	Brs3	472
473	Htatsf1	chrX	57053583	57067183	protein_coding	ENSMUSG00000067873	+	Htatsf1	473
474	Gm14718	chrX	57200643	57204378	lncRNA	ENSMUSG00000085808	+	Gm14718	474
475	Arhgef6	chrX	57231485	57338729	protein_coding	ENSMUSG00000031133	-	Arhgef6	475
476	Rbmx	chrX	57383530	57393036	protein_coding	ENSMUSG00000031134	-	Rbmx	476
477	Gm364	chrX	57409154	57488767	protein_coding	ENSMUSG00000079584	+	Gm364	477
478	Gpr101	chrX	57496668	57503757	protein_coding	ENSMUSG00000036357	-	Gpr101	478
479	Gm8107	chrX	57736547	57738555	processed_pseudogene	ENSMUSG00000080710	-	Gm8107	479
480	Zic3	chrX	58022700	58041736	protein_coding	ENSMUSG00000067860	+	Zic3	480
481	Gm16436	chrX	58630187	58632738	processed_pseudogene	ENSMUSG00000081373	-	Gm16436	481
482	4930550L24Rik	chrX	58909360	58920304	protein_coding	ENSMUSG00000046180	+	4930550L24Rik	482
483	Fgf13	chrX	59062145	59568071	protein_coding	ENSMUSG00000031137	-	Fgf13	483
484	Gm44318	chrX	59854661	59854729	miRNA	ENSMUSG00000105409	+	Gm44318	484
485	F9	chrX	59999464	60030759	protein_coding	ENSMUSG00000031138	+	F9	485
486	Gm14891	chrX	60051001	60051596	processed_pseudogene	ENSMUSG00000081341	+	Gm14891	486
487	Mcf2	chrX	60055956	60179089	protein_coding	ENSMUSG00000031139	-	Mcf2	487
488	Atp11c	chrX	60223290	60592698	protein_coding	ENSMUSG00000062949	-	Atp11c	488
489	Gm7073	chrX	60436052	60539249	protein_coding	ENSMUSG00000079583	-	Gm7073	489
490	Gm14661	chrX	60557728	60807993	lncRNA	ENSMUSG00000067835	+	Gm14661	490
491	Gm8163	chrX	60726389	60727448	processed_pseudogene	ENSMUSG00000084331	-	Gm8163	491
492	Gm14662	chrX	60893653	60898067	lncRNA	ENSMUSG00000087565	+	Gm14662	492
493	Gm14664	chrX	61041741	61076068	lncRNA	ENSMUSG00000087401	+	Gm14664	493
494	Cdr1os	chrX	61116378	61292484	lncRNA	ENSMUSG00000071753	+	Cdr1os	494
495	Gm24396	chrX	61145362	61145454	miRNA	ENSMUSG00000080555	+	Gm24396	495
496	Cdr1	chrX	61184005	61185558	protein_coding	ENSMUSG00000090546	-	Cdr1	496
497	Gm7327	chrX	61785381	61786032	processed_pseudogene	ENSMUSG00000050900	+	Gm7327	497
498	Gm6743	chrX	61830510	61831575	processed_pseudogene	ENSMUSG00000082467	+	Gm6743	498
499	Gm25412	chrX	61938891	61938997	snRNA	ENSMUSG00000096222	+	Gm25412	499
500	Gm8215	chrX	62006873	62007862	processed_pseudogene	ENSMUSG00000081409	+	Gm8215	500
501	Gm16411	chrX	62255048	62256147	processed_pseudogene	ENSMUSG00000083576	+	Gm16411	501
502	4933402E13Rik	chrX	62283499	62292078	protein_coding	ENSMUSG00000045330	+	4933402E13Rik	502
503	Gm14679	chrX	62372093	62372814	processed_pseudogene	ENSMUSG00000082125	+	Gm14679	503
504	Tslrn1	chrX	62510539	62527011	lncRNA	ENSMUSG00000085757	-	Tslrn1	504
505	Sms-ps	chrX	62775585	62776685	processed_pseudogene	ENSMUSG00000081752	-	Sms-ps	505
506	Gm6754	chrX	63034194	63035106	processed_pseudogene	ENSMUSG00000082965	-	Gm6754	506
507	Gm14659	chrX	63184686	63186526	processed_pseudogene	ENSMUSG00000081269	-	Gm14659	507
508	3830417A13Rik	chrX	64173548	64178778	protein_coding	ENSMUSG00000031179	+	3830417A13Rik	508
509	Slitrk4	chrX	64264885	64276996	protein_coding	ENSMUSG00000046699	-	Slitrk4	509
510	Gm24598	chrX	64496584	64496657	snoRNA	ENSMUSG00000084459	+	Gm24598	510
511	Gm14667	chrX	64842692	64844041	processed_pseudogene	ENSMUSG00000083084	-	Gm14667	511
512	Gm14673	chrX	64944129	64945031	processed_pseudogene	ENSMUSG00000081514	+	Gm14673	512
513	Ctag2	chrX	65047644	65049014	protein_coding	ENSMUSG00000031181	+	Ctag2	513
514	Gm14669	chrX	65070361	65070610	processed_pseudogene	ENSMUSG00000080828	-	Gm14669	514
515	4930447F04Rik	chrX	66303361	66304224	protein_coding	ENSMUSG00000031182	-	4930447F04Rik	515
516	Slitrk2	chrX	66649318	66661393	protein_coding	ENSMUSG00000036790	+	Slitrk2	516
517	Gm14681	chrX	66778442	66778852	processed_pseudogene	ENSMUSG00000081603	-	Gm14681	517
518	Gm6783	chrX	66969223	66970659	processed_pseudogene	ENSMUSG00000080795	-	Gm6783	518
519	Gm14682	chrX	66972654	66973177	processed_pseudogene	ENSMUSG00000081442	+	Gm14682	519
520	Gm14687	chrX	67660090	67663856	processed_pseudogene	ENSMUSG00000083010	+	Gm14687	520
521	Gm1140	chrX	67682900	67693562	protein_coding	ENSMUSG00000079578	-	Gm1140	521
522	Gm14692	chrX	67695698	67706350	protein_coding	ENSMUSG00000079577	+	Gm14692	522
523	Fmr1	chrX	68678541	68717963	protein_coding	ENSMUSG00000000838	+	Fmr1	523
524	Gm22435	chrX	68684148	68684275	snoRNA	ENSMUSG00000089177	-	Gm22435	524
525	Fmr1nb	chrX	68761839	68804567	protein_coding	ENSMUSG00000062170	+	Fmr1nb	525
526	Gm14698	chrX	68821093	68825318	protein_coding	ENSMUSG00000071748	+	Gm14698	526
527	Gm14705	chrX	69356596	69361269	lncRNA	ENSMUSG00000086676	-	Gm14705	527
528	Aff2	chrX	69360294	69868037	protein_coding	ENSMUSG00000031189	+	Aff2	528
529	Gm8172	chrX	69605496	69606245	processed_pseudogene	ENSMUSG00000082926	-	Gm8172	529
530	1700111N16Rik	chrX	69929259	70143588	lncRNA	ENSMUSG00000100511	-	1700111N16Rik	530
531	Ids	chrX	70343069	70365084	protein_coding	ENSMUSG00000035847	-	Ids	531
532	1110012L19Rik	chrX	70385877	70389417	protein_coding	ENSMUSG00000045237	+	1110012L19Rik	532
533	Gm14704	chrX	70403181	70404054	processed_pseudogene	ENSMUSG00000082538	-	Gm14704	533
534	Gm6823	chrX	70420716	70422554	processed_pseudogene	ENSMUSG00000084193	-	Gm6823	534
535	Gm16441	chrX	70426311	70427234	processed_pseudogene	ENSMUSG00000086989	-	Gm16441	535
536	Tmem185a	chrX	70459753	70477180	protein_coding	ENSMUSG00000073139	-	Tmem185a	536
537	Rplp1-ps1	chrX	70653206	70653550	processed_pseudogene	ENSMUSG00000084185	-	Rplp1-ps1	537
538	Mamld1	chrX	71050240	71156056	protein_coding	ENSMUSG00000059401	+	Mamld1	538
539	n-R5s8	chrX	71131237	71131354	rRNA	ENSMUSG00000077309	+	n-R5s8	539
540	Gm14730	chrX	71197127	71198171	processed_pseudogene	ENSMUSG00000082262	+	Gm14730	540
541	Mtm1	chrX	71210767	71315691	protein_coding	ENSMUSG00000031337	+	Mtm1	541
542	Mtmr1	chrX	71364760	71419196	protein_coding	ENSMUSG00000015214	+	Mtmr1	542
543	Cd99l2	chrX	71420060	71492849	protein_coding	ENSMUSG00000035776	-	Cd99l2	543
544	Gm16189	chrX	71439714	71469851	lncRNA	ENSMUSG00000085284	+	Gm16189	544
545	Gm23945	chrX	71531285	71531376	miRNA	ENSMUSG00000094123	-	Gm23945	545
546	Hmgb3	chrX	71555918	71560676	protein_coding	ENSMUSG00000015217	+	Hmgb3	546
547	Gpr50	chrX	71663667	71669257	protein_coding	ENSMUSG00000056380	+	Gpr50	547
548	Vma21	chrX	71815924	71839757	protein_coding	ENSMUSG00000073131	+	Vma21	548
549	Gm1141	chrX	71920947	71940870	protein_coding	ENSMUSG00000073130	+	Gm1141	549
550	Prrg3	chrX	71962624	71972722	protein_coding	ENSMUSG00000033361	+	Prrg3	550
551	Fate1	chrX	71972986	71989046	protein_coding	ENSMUSG00000053593	+	Fate1	551
552	Cnga2	chrX	71991849	72010218	protein_coding	ENSMUSG00000005864	+	Cnga2	552
553	Magea4	chrX	72222017	72222964	protein_coding	ENSMUSG00000033343	+	Magea4	553
554	Gm47265	chrX	72229990	72231507	unprocessed_pseudogene	ENSMUSG00000114356	+	Gm47265	554
555	Gabre	chrX	72255999	72274803	protein_coding	ENSMUSG00000031340	-	Gabre	555
556	Gabra3	chrX	72432681	72656848	protein_coding	ENSMUSG00000031343	-	Gabra3	556
557	Gm14735	chrX	72467302	72470389	processed_pseudogene	ENSMUSG00000081471	+	Gm14735	557
558	Mir105	chrX	72591500	72591579	miRNA	ENSMUSG00000077847	-	Mir105	558
559	Gabrq	chrX	72825178	72842602	protein_coding	ENSMUSG00000031344	+	Gabrq	559
560	Cetn2	chrX	72913532	72918411	protein_coding	ENSMUSG00000031347	-	Cetn2	560
561	Nsdhl	chrX	72918557	72958514	protein_coding	ENSMUSG00000031349	+	Nsdhl	561
562	Zfp185	chrX	72987339	73031543	protein_coding	ENSMUSG00000031351	+	Zfp185	562
563	Pnma3	chrX	73064787	73068191	protein_coding	ENSMUSG00000046287	+	Pnma3	563
564	Xlr4a	chrX	73074345	73082478	protein_coding	ENSMUSG00000079845	-	Xlr4a	564
565	Xlr3a	chrX	73086293	73097095	protein_coding	ENSMUSG00000057836	-	Xlr3a	565
566	Gm20455	chrX	73097187	73104886	lncRNA	ENSMUSG00000092255	+	Gm20455	566
567	Xlr5a	chrX	73107635	73292976	protein_coding	ENSMUSG00000058328	-	Xlr5a	567
568	Gm14685	chrX	73117047	73129262	protein_coding	ENSMUSG00000067771	+	Gm14685	568
569	Spin2d	chrX	73175302	73176989	protein_coding	ENSMUSG00000079566	-	Spin2d	569
570	Xlr3b	chrX	73192207	73202930	protein_coding	ENSMUSG00000073125	+	Xlr3b	570
571	Xlr4b	chrX	73214333	73222453	protein_coding	ENSMUSG00000067768	+	Xlr4b	571
572	F8a	chrX	73228291	73230795	protein_coding	ENSMUSG00000078317	+	F8a	572
573	Xlr4c	chrX	73233688	73243130	protein_coding	ENSMUSG00000031362	-	Xlr4c	573
574	Xlr3c	chrX	73254540	73265390	protein_coding	ENSMUSG00000058147	-	Xlr3c	574
575	Xlr5c	chrX	73282896	73292976	protein_coding	ENSMUSG00000067764	-	Xlr5c	575
576	Gm5639	chrX	73297593	73299995	processed_pseudogene	ENSMUSG00000082629	+	Gm5639	576
577	Zfp275	chrX	73342621	73359080	protein_coding	ENSMUSG00000031365	+	Zfp275	577
578	Gm18336	chrX	73396439	73398736	protein_coding	ENSMUSG00000096966	-	Gm18336	578
579	Gm26726	chrX	73402211	73411436	lncRNA	ENSMUSG00000097110	-	Gm26726	579
580	Gm37741	chrX	73407676	73408931	TEC	ENSMUSG00000103141	+	Gm37741	580
581	Zfp92	chrX	73411096	73428385	protein_coding	ENSMUSG00000031374	+	Zfp92	581
582	Haus7	chrX	73437315	73459044	protein_coding	ENSMUSG00000031371	-	Haus7	582
583	Bgn	chrX	73483602	73495933	protein_coding	ENSMUSG00000031375	+	Bgn	583
584	Atp2b3	chrX	73503086	73571005	protein_coding	ENSMUSG00000031376	+	Atp2b3	584
585	AL805924.1	chrX	73578239	73584123	unitary_pseudogene	ENSMUSG00000118463	-	AL805924.1	585
586	Dusp9	chrX	73639419	73643514	protein_coding	ENSMUSG00000031383	+	Dusp9	586
587	Pnck	chrX	73655994	73660117	protein_coding	ENSMUSG00000002012	-	Pnck	587
588	Slc6a8	chrX	73673150	73682502	protein_coding	ENSMUSG00000019558	+	Slc6a8	588
589	Bcap31	chrX	73686178	73716175	protein_coding	ENSMUSG00000002015	-	Bcap31	589
590	Abcd1	chrX	73716597	73738534	protein_coding	ENSMUSG00000031378	+	Abcd1	590
591	Plxnb3	chrX	73757090	73772514	protein_coding	ENSMUSG00000031385	+	Plxnb3	591
592	Srpk3	chrX	73774405	73778925	protein_coding	ENSMUSG00000002007	+	Srpk3	592
593	Idh3g	chrX	73778963	73786897	protein_coding	ENSMUSG00000002010	-	Idh3g	593
594	Ssr4	chrX	73787028	73790830	protein_coding	ENSMUSG00000002014	+	Ssr4	594
595	Pdzd4	chrX	73793359	73824969	protein_coding	ENSMUSG00000002006	-	Pdzd4	595
596	Gm14817	chrX	73795215	73797616	lncRNA	ENSMUSG00000085669	+	Gm14817	596
597	Gm23615	chrX	73809417	73809481	snoRNA	ENSMUSG00000064536	+	Gm23615	597
598	L1cam	chrX	73853778	73896105	protein_coding	ENSMUSG00000031391	-	L1cam	598
599	Arhgap4	chrX	73891442	73921870	protein_coding	ENSMUSG00000031389	-	Arhgap4	599
600	Avpr2	chrX	73892102	73895502	protein_coding	ENSMUSG00000031390	+	Avpr2	600
601	Naa10	chrX	73916873	73921944	protein_coding	ENSMUSG00000031388	-	Naa10	601
602	Renbp	chrX	73922121	73930850	protein_coding	ENSMUSG00000031387	-	Renbp	602
603	Hcfc1	chrX	73942792	73966357	protein_coding	ENSMUSG00000031386	-	Hcfc1	603
604	Gm8545	chrX	74006702	74007502	processed_pseudogene	ENSMUSG00000080829	+	Gm8545	604
605	Irak1	chrX	74013914	74023918	protein_coding	ENSMUSG00000031392	-	Irak1	605
606	Mecp2	chrX	74026592	74135363	protein_coding	ENSMUSG00000031393	-	Mecp2	606
607	Opn1mw	chrX	74127464	74150760	protein_coding	ENSMUSG00000031394	+	Opn1mw	607
608	Gm6758	chrX	74135133	74136187	processed_pseudogene	ENSMUSG00000081118	-	Gm6758	608
609	Tex28	chrX	74150944	74167838	protein_coding	ENSMUSG00000062564	-	Tex28	609
610	Rpl3-ps2	chrX	74170653	74171866	processed_pseudogene	ENSMUSG00000084131	+	Rpl3-ps2	610
611	Tktl1	chrX	74177259	74208500	protein_coding	ENSMUSG00000031397	+	Tktl1	611
612	Flna	chrX	74223461	74249820	protein_coding	ENSMUSG00000031328	-	Flna	612
613	Emd	chrX	74254687	74261548	protein_coding	ENSMUSG00000001964	+	Emd	613
614	Gm14686	chrX	74261032	74261374	transcribed_processed_pseudogene	ENSMUSG00000081375	+	Gm14686	614
615	Rpl10	chrX	74270812	74273135	protein_coding	ENSMUSG00000008682	+	Rpl10	615
616	Snora70	chrX	74272484	74272620	snoRNA	ENSMUSG00000064981	+	Snora70	616
617	Dnase1l1	chrX	74273217	74282337	protein_coding	ENSMUSG00000019088	-	Dnase1l1	617
618	Mir7091	chrX	74274027	74274105	miRNA	ENSMUSG00000099226	-	Mir7091	618
619	Gm14846	chrX	74278654	74278869	processed_pseudogene	ENSMUSG00000084271	+	Gm14846	619
620	Taz	chrX	74281912	74290151	protein_coding	ENSMUSG00000009995	+	Taz	620
621	Atp6ap1	chrX	74297097	74304721	protein_coding	ENSMUSG00000019087	+	Atp6ap1	621
622	Gdi1	chrX	74304998	74311862	protein_coding	ENSMUSG00000015291	+	Gdi1	622
623	Fam50a	chrX	74313033	74320149	protein_coding	ENSMUSG00000001962	+	Fam50a	623
624	Plxna3	chrX	74329066	74344689	protein_coding	ENSMUSG00000031398	+	Plxna3	624
625	Lage3	chrX	74351276	74353618	protein_coding	ENSMUSG00000015289	-	Lage3	625
626	Ubl4a	chrX	74365718	74373218	protein_coding	ENSMUSG00000015290	-	Ubl4a	626
627	Slc10a3	chrX	74369217	74373349	protein_coding	ENSMUSG00000032806	-	Slc10a3	627
628	Fam3a	chrX	74384719	74393272	protein_coding	ENSMUSG00000031399	-	Fam3a	628
629	Ikbkg	chrX	74393290	74453854	protein_coding	ENSMUSG00000004221	+	Ikbkg	629
630	G6pdx	chrX	74409483	74429194	protein_coding	ENSMUSG00000031400	-	G6pdx	630
631	Gm6880	chrX	74480287	74481399	protein_coding	ENSMUSG00000079536	-	Gm6880	631
632	Gm15361	chrX	74494379	74494822	processed_pseudogene	ENSMUSG00000083283	-	Gm15361	632
633	Gm4989	chrX	74566958	74567706	processed_pseudogene	ENSMUSG00000085066	+	Gm4989	633
634	Olfr1326-ps1	chrX	74569153	74574888	protein_coding	ENSMUSG00000043715	-	Olfr1326-ps1	634
635	Gm5640	chrX	74639119	74645635	protein_coding	ENSMUSG00000079534	-	Gm5640	635
636	Xlr5d-ps	chrX	74652679	74659486	unprocessed_pseudogene	ENSMUSG00000081804	+	Xlr5d-ps	636
637	Xlr3d-ps	chrX	74696047	74704076	unprocessed_pseudogene	ENSMUSG00000083847	+	Xlr3d-ps	637
638	Gm15365	chrX	74713502	74713801	processed_pseudogene	ENSMUSG00000080777	-	Gm15365	638
639	Gm22351	chrX	74713767	74713873	snRNA	ENSMUSG00000065859	-	Gm22351	639
640	Xlr4d-ps	chrX	74727229	74734141	unprocessed_pseudogene	ENSMUSG00000084066	+	Xlr4d-ps	640
641	Gm14695	chrX	74783672	74786540	unprocessed_pseudogene	ENSMUSG00000081814	+	Gm14695	641
642	Gm5936	chrX	74837196	74843355	protein_coding	ENSMUSG00000079531	+	Gm5936	642
643	Gm14694	chrX	74846561	74849438	unprocessed_pseudogene	ENSMUSG00000080822	-	Gm14694	643
644	Xlr3e-ps	chrX	74912417	74920320	unprocessed_pseudogene	ENSMUSG00000081940	+	Xlr3e-ps	644
645	Xlr4e-ps	chrX	74944963	74952044	unprocessed_pseudogene	ENSMUSG00000081357	+	Xlr4e-ps	645
646	Gab3	chrX	74966843	75085458	protein_coding	ENSMUSG00000032750	-	Gab3	646
647	Gm15367	chrX	75010590	75011605	processed_pseudogene	ENSMUSG00000082873	+	Gm15367	647
648	Dkc1	chrX	75095854	75109777	protein_coding	ENSMUSG00000031403	+	Dkc1	648
649	Gm25520	chrX	75101409	75101526	snoRNA	ENSMUSG00000089014	+	Gm25520	649
650	Mpp1	chrX	75109733	75131016	protein_coding	ENSMUSG00000031402	-	Mpp1	650
651	Fam220-ps	chrX	75143688	75144470	processed_pseudogene	ENSMUSG00000080254	+	Fam220-ps	651
652	Smim9	chrX	75146056	75163770	protein_coding	ENSMUSG00000073094	-	Smim9	652
653	Gm8503	chrX	75155819	75156273	processed_pseudogene	ENSMUSG00000082244	+	Gm8503	653
654	F8	chrX	75172715	75382615	protein_coding	ENSMUSG00000031196	-	F8	654
655	Gm8522	chrX	75271010	75272938	processed_pseudogene	ENSMUSG00000081633	-	Gm8522	655
656	Fundc2	chrX	75382399	75396459	protein_coding	ENSMUSG00000031198	+	Fundc2	656
657	Cmc4	chrX	75404846	75416584	protein_coding	ENSMUSG00000090110	-	Cmc4	657
658	Mtcp1	chrX	75410444	75416588	protein_coding	ENSMUSG00000031200	-	Mtcp1	658
659	Brcc3	chrX	75416628	75454001	protein_coding	ENSMUSG00000031201	+	Brcc3	659
660	Gm15379	chrX	75458812	75459459	processed_pseudogene	ENSMUSG00000082208	+	Gm15379	660
661	Gm15385	chrX	75459963	75485753	unprocessed_pseudogene	ENSMUSG00000083093	+	Gm15385	661
662	Vbp1	chrX	75514299	75534942	protein_coding	ENSMUSG00000031197	+	Vbp1	662
663	Gm15384	chrX	75551117	75551824	lncRNA	ENSMUSG00000086573	+	Gm15384	663
664	Rab39b	chrX	75572046	75578231	protein_coding	ENSMUSG00000031202	-	Rab39b	664
665	Gm15063	chrX	75573452	75575268	lncRNA	ENSMUSG00000086937	+	Gm15063	665
666	Gm15065	chrX	75705409	75705681	processed_pseudogene	ENSMUSG00000082551	+	Gm15065	666
667	4933407K13Rik	chrX	75706932	75764699	lncRNA	ENSMUSG00000087396	-	4933407K13Rik	667
668	Pls3	chrX	75785654	75875182	protein_coding	ENSMUSG00000016382	-	Pls3	668
669	Gm14715	chrX	75916131	75930227	lncRNA	ENSMUSG00000085598	-	Gm14715	669
670	Gm7155	chrX	75971453	75973123	processed_pseudogene	ENSMUSG00000081106	-	Gm7155	670
671	Gm14710	chrX	76153331	76162605	unprocessed_pseudogene	ENSMUSG00000084831	-	Gm14710	671
672	Gm14707	chrX	76243690	76244272	lncRNA	ENSMUSG00000086104	-	Gm14707	672
673	Gm14717	chrX	76246984	76261392	lncRNA	ENSMUSG00000086207	-	Gm14717	673
674	Cldn34b4	chrX	76393350	76397979	protein_coding	ENSMUSG00000073085	+	Cldn34b4	674
675	Cldn34d	chrX	76582610	76602924	protein_coding	ENSMUSG00000079525	-	Cldn34d	675
676	Gm14713	chrX	76737639	76738818	processed_pseudogene	ENSMUSG00000083810	+	Gm14713	676
677	Gm5398	chrX	77289832	77290815	processed_pseudogene	ENSMUSG00000084202	-	Gm5398	677
678	Tbl1x	chrX	77511013	77662983	protein_coding	ENSMUSG00000025246	+	Tbl1x	678
679	Cldn34-ps	chrX	77674836	77675435	processed_pseudogene	ENSMUSG00000087152	-	Cldn34-ps	679
680	Gm14748	chrX	77733668	77737745	unprocessed_pseudogene	ENSMUSG00000082842	+	Gm14748	680
681	Prkx	chrX	77761411	77796278	protein_coding	ENSMUSG00000035725	-	Prkx	681
682	Gm14742	chrX	77802351	77803280	lncRNA	ENSMUSG00000085973	-	Gm14742	682
683	Pbsn	chrX	77837901	77853623	protein_coding	ENSMUSG00000000003	-	Pbsn	683
684	Gm14744	chrX	77864758	77870033	protein_coding	ENSMUSG00000079522	+	Gm14744	684
685	Gm16458	chrX	78059390	78066587	unprocessed_pseudogene	ENSMUSG00000080890	+	Gm16458	685
686	Obp1a	chrX	78085505	78091374	protein_coding	ENSMUSG00000067684	-	Obp1a	686
687	Gm5938	chrX	78125467	78130403	protein_coding	ENSMUSG00000079521	+	Gm5938	687
688	Obp1b	chrX	78186777	78192292	protein_coding	ENSMUSG00000067679	+	Obp1b	688
689	Gm14743	chrX	78240462	78245921	protein_coding	ENSMUSG00000079519	-	Gm14743	689
690	Gm14749	chrX	78375313	78375758	processed_pseudogene	ENSMUSG00000083927	+	Gm14749	690
691	Gm14752	chrX	78405676	78409435	processed_pseudogene	ENSMUSG00000081881	+	Gm14752	691
692	Prrg1	chrX	78449613	78583896	protein_coding	ENSMUSG00000047996	-	Prrg1	692
693	Gm14747	chrX	78682205	78683188	processed_pseudogene	ENSMUSG00000085610	-	Gm14747	693
694	Fam47c	chrX	78737763	78739401	protein_coding	ENSMUSG00000078315	+	Fam47c	694
695	Gm5939	chrX	78855408	78858281	processed_pseudogene	ENSMUSG00000083258	-	Gm5939	695
696	Gm14751	chrX	79008747	79008968	processed_pseudogene	ENSMUSG00000083067	-	Gm14751	696
697	Rps24-ps3	chrX	79195047	79195448	processed_pseudogene	ENSMUSG00000081049	+	Rps24-ps3	697
698	Cfap47	chrX	79266559	79517285	protein_coding	ENSMUSG00000073077	-	Cfap47	698
699	Mageb16	chrX	79623231	79671435	protein_coding	ENSMUSG00000046942	-	Mageb16	699
700	Gm14768	chrX	80362549	80363233	processed_pseudogene	ENSMUSG00000083444	+	Gm14768	700
701	Gm6954	chrX	80666313	80666537	processed_pseudogene	ENSMUSG00000084300	+	Gm6954	701
702	Tmem47	chrX	81070698	81097872	protein_coding	ENSMUSG00000025666	+	Tmem47	702
703	4930595M18Rik	chrX	81419575	81458121	protein_coding	ENSMUSG00000060673	-	4930595M18Rik	703
704	Gm8822	chrX	81820384	81822730	processed_pseudogene	ENSMUSG00000082319	-	Gm8822	704
705	Gm14740	chrX	82441600	82442749	processed_pseudogene	ENSMUSG00000083877	+	Gm14740	705
706	Gm14739	chrX	82687021	82687822	processed_pseudogene	ENSMUSG00000082913	-	Gm14739	706
707	Gm24470	chrX	82692239	82692370	snoRNA	ENSMUSG00000077674	-	Gm24470	707
708	Gm23671	chrX	82897397	82897499	misc_RNA	ENSMUSG00000088097	-	Gm23671	708
709	Dmd	chrX	82948870	85206141	protein_coding	ENSMUSG00000045103	+	Dmd	709
710	Tsga8	chrX	83486678	83487924	protein_coding	ENSMUSG00000035522	-	Tsga8	710
711	Gm22580	chrX	83536031	83536137	snRNA	ENSMUSG00000065661	+	Gm22580	711
712	Gm14769	chrX	84063333	84063764	processed_pseudogene	ENSMUSG00000081583	+	Gm14769	712
713	Gm14770	chrX	84879887	84880198	processed_pseudogene	ENSMUSG00000084281	+	Gm14770	713
714	Gm14771	chrX	85236364	85236566	processed_pseudogene	ENSMUSG00000081379	-	Gm14771	714
715	Fthl17a	chrX	85249679	85270288	protein_coding	ENSMUSG00000035491	+	Fthl17a	715
716	Gm14765	chrX	85431827	85432152	processed_pseudogene	ENSMUSG00000083839	+	Gm14765	716
717	Tab3	chrX	85574022	85634469	protein_coding	ENSMUSG00000035476	+	Tab3	717
718	Gk	chrX	85701937	85776819	protein_coding	ENSMUSG00000025059	-	Gk	718
719	Gm14764	chrX	85744348	85749764	lncRNA	ENSMUSG00000087232	+	Gm14764	719
720	Gm14762	chrX	85825892	85834831	lncRNA	ENSMUSG00000078314	+	Gm14762	720
721	5430427O19Rik	chrX	85870354	85891499	protein_coding	ENSMUSG00000025058	+	5430427O19Rik	721
722	Samt3	chrX	86044199	86047313	protein_coding	ENSMUSG00000035454	+	Samt3	722
723	Mageb4	chrX	86250254	86305093	protein_coding	ENSMUSG00000035427	-	Mageb4	723
724	Gm8839	chrX	86270712	86272356	processed_pseudogene	ENSMUSG00000083830	+	Gm8839	724
725	Mageb8-ps	chrX	86327903	86328935	unprocessed_pseudogene	ENSMUSG00000083977	-	Mageb8-ps	725
726	Gm41	chrX	86344823	86345845	unprocessed_pseudogene	ENSMUSG00000080069	-	Gm41	726
727	Il1rapl1	chrX	86740870	88115645	protein_coding	ENSMUSG00000052372	-	Il1rapl1	727
728	Gm14775	chrX	86792474	86792783	processed_pseudogene	ENSMUSG00000083779	+	Gm14775	728
729	Gm8855	chrX	87672992	87673869	processed_pseudogene	ENSMUSG00000084029	-	Gm8855	729
730	Gm14776	chrX	87771339	87772352	processed_pseudogene	ENSMUSG00000083421	-	Gm14776	730
731	Gm14774	chrX	88036371	88036906	processed_pseudogene	ENSMUSG00000081424	-	Gm14774	731
732	Gm8864	chrX	88572051	88573060	processed_pseudogene	ENSMUSG00000081892	-	Gm8864	732
733	Ppp4r3c-ps	chrX	88729828	88732272	processed_pseudogene	ENSMUSG00000086142	+	Ppp4r3c-ps	733
734	Gm27000	chrX	88759471	88760312	lncRNA	ENSMUSG00000097961	-	Gm27000	734
735	Mir1906-2	chrX	88759474	88759553	miRNA	ENSMUSG00000084559	-	Mir1906-2	735
736	Gm5759	chrX	88897696	88898506	processed_pseudogene	ENSMUSG00000082847	-	Gm5759	736
737	Gm14796	chrX	89087096	89088054	processed_pseudogene	ENSMUSG00000081458	-	Gm14796	737
738	Pet2	chrX	89403848	89409689	protein_coding	ENSMUSG00000035395	-	Pet2	738
739	4932429P05Rik	chrX	89752268	89755491	protein_coding	ENSMUSG00000079513	+	4932429P05Rik	739
740	Gm7108	chrX	89802319	89806126	processed_pseudogene	ENSMUSG00000083253	-	Gm7108	740
741	4930415L06Rik	chrX	89930098	89932852	protein_coding	ENSMUSG00000035387	-	4930415L06Rik	741
742	Gm6027	chrX	90063063	90063818	processed_pseudogene	ENSMUSG00000083508	+	Gm6027	742
743	Gm4746	chrX	90416967	90419372	processed_pseudogene	ENSMUSG00000082479	-	Gm4746	743
744	Gm6977	chrX	90744546	90745062	processed_pseudogene	ENSMUSG00000084289	-	Gm6977	744
745	Gm44	chrX	90892142	90893134	protein_coding	ENSMUSG00000091497	+	Gm44	745
746	Gm14788	chrX	91289277	91289651	processed_pseudogene	ENSMUSG00000081235	+	Gm14788	746
747	Mageb2	chrX	91331690	91333360	protein_coding	ENSMUSG00000073069	+	Mageb2	747
748	Mageb17-ps	chrX	91625395	91626313	unprocessed_pseudogene	ENSMUSG00000081960	+	Mageb17-ps	748
749	Mageb5	chrX	91779544	91783018	protein_coding	ENSMUSG00000061392	-	Mageb5	749
750	Mageb1	chrX	92015191	92016333	protein_coding	ENSMUSG00000062162	-	Mageb1	750
751	Mageb18	chrX	92118879	92599572	protein_coding	ENSMUSG00000067649	-	Mageb18	751
752	Gm25332	chrX	92882451	92882555	snRNA	ENSMUSG00000088663	+	Gm25332	752
753	Arx	chrX	93286445	93298357	protein_coding	ENSMUSG00000035277	+	Arx	753
754	Pola1	chrX	93304767	93632155	protein_coding	ENSMUSG00000006678	-	Pola1	754
755	Gm14780	chrX	93527573	93530309	processed_pseudogene	ENSMUSG00000083207	+	Gm14780	755
756	Gm23557	chrX	93573731	93573868	scaRNA	ENSMUSG00000088445	-	Gm23557	756
757	Pcyt1b	chrX	93654863	93749951	protein_coding	ENSMUSG00000035246	+	Pcyt1b	757
758	Pdk3	chrX	93764607	93832201	protein_coding	ENSMUSG00000035232	-	Pdk3	758
759	AU015836	chrX	93968659	93975470	protein_coding	ENSMUSG00000081044	+	AU015836	759
760	Gm14790	chrX	93981069	93982469	processed_pseudogene	ENSMUSG00000083114	-	Gm14790	760
761	Gm6987	chrX	94023860	94024626	processed_pseudogene	ENSMUSG00000081055	+	Gm6987	761
762	Gm14798	chrX	94028854	94099304	lncRNA	ENSMUSG00000087640	+	Gm14798	762
763	Zfx	chrX	94074631	94123702	protein_coding	ENSMUSG00000079509	-	Zfx	763
764	Eif2s3x	chrX	94188707	94212862	protein_coding	ENSMUSG00000035150	-	Eif2s3x	764
765	Klhl15	chrX	94234599	94277724	protein_coding	ENSMUSG00000043929	+	Klhl15	765
766	Gm5400	chrX	94311894	94312836	processed_pseudogene	ENSMUSG00000080923	+	Gm5400	766
767	Gm14826	chrX	94317560	94318460	processed_pseudogene	ENSMUSG00000082759	-	Gm14826	767
768	Fam90a1b	chrX	94355053	94366777	protein_coding	ENSMUSG00000043549	-	Fam90a1b	768
769	Apoo	chrX	94367117	94417093	protein_coding	ENSMUSG00000079508	+	Apoo	769
770	Gm9003	chrX	94422678	94423295	processed_pseudogene	ENSMUSG00000084007	-	Gm9003	770
771	Gm14827	chrX	94442732	94447727	lncRNA	ENSMUSG00000084904	+	Gm14827	771
772	Maged1	chrX	94535474	94542143	protein_coding	ENSMUSG00000025151	-	Maged1	772
773	Gspt2	chrX	94636069	94643244	protein_coding	ENSMUSG00000071723	+	Gspt2	773
774	Zxdb	chrX	94724569	94730187	protein_coding	ENSMUSG00000073062	+	Zxdb	774
775	Gm39526	chrX	94731399	94745359	lncRNA	ENSMUSG00000109459	+	Gm39526	775
776	Gm14830	chrX	94774978	94775677	processed_pseudogene	ENSMUSG00000081418	-	Gm14830	776
777	Rpl13-ps5	chrX	94789717	94790346	processed_pseudogene	ENSMUSG00000082964	+	Rpl13-ps5	777
778	Zxda	chrX	94795563	94798183	unprocessed_pseudogene	ENSMUSG00000073060	-	Zxda	778
779	Gm371	chrX	94997439	94998683	processed_pseudogene	ENSMUSG00000087522	-	Gm371	779
780	Spin4	chrX	95022510	95026682	protein_coding	ENSMUSG00000071722	-	Spin4	780
781	Arhgef9	chrX	95048935	95196856	protein_coding	ENSMUSG00000025656	-	Arhgef9	781
782	Gm14807	chrX	95252916	95253898	processed_pseudogene	ENSMUSG00000080298	-	Gm14807	782
783	Gm3712	chrX	95319819	95321889	processed_pseudogene	ENSMUSG00000082371	-	Gm3712	783
784	Gm14806	chrX	95380371	95382480	processed_pseudogene	ENSMUSG00000080283	-	Gm14806	784
785	Amer1	chrX	95420318	95444872	protein_coding	ENSMUSG00000050332	-	Amer1	785
786	Asb12	chrX	95470201	95557987	protein_coding	ENSMUSG00000031204	-	Asb12	786
787	Gm9043	chrX	95629832	95630366	unprocessed_pseudogene	ENSMUSG00000083556	+	Gm9043	787
788	Zc4h2	chrX	95639193	95658509	protein_coding	ENSMUSG00000035062	-	Zc4h2	788
789	Zc3h12b	chrX	95711678	95932637	protein_coding	ENSMUSG00000035045	+	Zc3h12b	789
790	Las1l	chrX	95935335	95956962	protein_coding	ENSMUSG00000057421	-	Las1l	790
791	Msn	chrX	96096042	96168552	protein_coding	ENSMUSG00000031207	+	Msn	791
792	Gm9051	chrX	96224308	96225727	processed_pseudogene	ENSMUSG00000081742	-	Gm9051	792
793	Vsig4	chrX	96247203	96293438	protein_coding	ENSMUSG00000044206	-	Vsig4	793
794	Hsf3	chrX	96306178	96456294	protein_coding	ENSMUSG00000045802	-	Hsf3	794
795	Heph	chrX	96455359	96574485	protein_coding	ENSMUSG00000031209	+	Heph	795
796	Rpl17-ps8	chrX	96484859	96485479	processed_pseudogene	ENSMUSG00000082035	+	Rpl17-ps8	796
797	Gpr165	chrX	96713441	96719388	protein_coding	ENSMUSG00000031210	+	Gpr165	797
798	Gm16394	chrX	96885509	96887873	processed_pseudogene	ENSMUSG00000082735	-	Gm16394	798
799	Gm9059	chrX	96966257	96966648	processed_pseudogene	ENSMUSG00000081606	-	Gm9059	799
800	Pgr15l	chrX	97072596	97082104	protein_coding	ENSMUSG00000031212	+	Pgr15l	800
801	Eda2r	chrX	97333840	97377216	protein_coding	ENSMUSG00000034457	-	Eda2r	801
802	Gm14802	chrX	98040375	98042259	processed_pseudogene	ENSMUSG00000083972	+	Gm14802	802
803	Ar	chrX	98148769	98323215	protein_coding	ENSMUSG00000046532	+	Ar	803
804	Gm14815	chrX	98513900	98514387	processed_pseudogene	ENSMUSG00000081397	-	Gm14815	804
805	Ophn1	chrX	98554277	98891025	protein_coding	ENSMUSG00000031214	-	Ophn1	805
806	Yipf6	chrX	98936316	98949017	protein_coding	ENSMUSG00000047694	+	Yipf6	806
807	Stard8	chrX	99003248	99074728	protein_coding	ENSMUSG00000031216	+	Stard8	807
808	Efnb1	chrX	99136130	99148991	protein_coding	ENSMUSG00000031217	+	Efnb1	808
809	Gm14812	chrX	99405331	99443797	lncRNA	ENSMUSG00000073051	-	Gm14812	809
810	Gm14809	chrX	99409571	99418895	lncRNA	ENSMUSG00000085053	-	Gm14809	810
811	Pja1	chrX	99465734	99471273	protein_coding	ENSMUSG00000034403	-	Pja1	811
812	Tmem28	chrX	99821021	99848790	protein_coding	ENSMUSG00000071719	+	Tmem28	812
813	Eda	chrX	99975606	100400762	protein_coding	ENSMUSG00000059327	+	Eda	813
814	Gm14828	chrX	100337514	100338668	processed_pseudogene	ENSMUSG00000080813	+	Gm14828	814
815	Awat2	chrX	100402221	100442717	protein_coding	ENSMUSG00000031220	-	Awat2	815
816	Igbp1	chrX	100494291	100516125	protein_coding	ENSMUSG00000031221	+	Igbp1	816
817	Dgat2l6	chrX	100524838	100546144	protein_coding	ENSMUSG00000067597	+	Dgat2l6	817
818	Awat1	chrX	100572251	100578205	protein_coding	ENSMUSG00000015665	+	Awat1	818
819	P2ry4	chrX	100590154	100594869	protein_coding	ENSMUSG00000044359	-	P2ry4	819
820	Arr3	chrX	100605497	100618493	protein_coding	ENSMUSG00000060890	+	Arr3	820
821	Pdzd11	chrX	100622883	100626568	protein_coding	ENSMUSG00000015668	-	Pdzd11	821
822	Kif4	chrX	100625737	100727214	protein_coding	ENSMUSG00000034311	+	Kif4	822
823	Gdpd2	chrX	100729873	100738895	protein_coding	ENSMUSG00000019359	+	Gdpd2	823
824	Gm14866	chrX	100736983	100740929	lncRNA	ENSMUSG00000085314	-	Gm14866	824
825	Gm14902	chrX	100741093	100749421	lncRNA	ENSMUSG00000086736	+	Gm14902	825
826	Dlg3	chrX	100767722	100818410	protein_coding	ENSMUSG00000000881	+	Dlg3	826
827	Tex11	chrX	100838648	101059667	protein_coding	ENSMUSG00000009670	-	Tex11	827
828	Gm9078	chrX	101062260	101063058	processed_pseudogene	ENSMUSG00000081943	+	Gm9078	828
829	Slc7a3	chrX	101079210	101086020	protein_coding	ENSMUSG00000031297	-	Slc7a3	829
830	Snx12	chrX	101097786	101222563	protein_coding	ENSMUSG00000046032	-	Snx12	830
831	Gm24061	chrX	101141433	101141552	snoRNA	ENSMUSG00000088114	-	Gm24061	831
832	Gm14842	chrX	101237993	101238261	processed_pseudogene	ENSMUSG00000083781	+	Gm14842	832
833	Foxo4	chrX	101254528	101260873	protein_coding	ENSMUSG00000042903	+	Foxo4	833
834	Gm20489	chrX	101261405	101269023	protein_coding	ENSMUSG00000092463	-	Gm20489	834
835	Il2rg	chrX	101264378	101268255	protein_coding	ENSMUSG00000031304	-	Il2rg	835
836	Med12	chrX	101274030	101297465	protein_coding	ENSMUSG00000079487	+	Med12	836
837	Gm21986	chrX	101295839	101321348	lncRNA	ENSMUSG00000096056	+	Gm21986	837
838	Nlgn3	chrX	101299168	101325963	protein_coding	ENSMUSG00000031302	+	Nlgn3	838
839	Gjb1	chrX	101376378	101385629	protein_coding	ENSMUSG00000047797	+	Gjb1	839
840	Zmym3	chrX	101404384	101420849	protein_coding	ENSMUSG00000031310	-	Zmym3	840
841	Nono	chrX	101429318	101448591	protein_coding	ENSMUSG00000031311	+	Nono	841
842	Itgb1bp2	chrX	101449088	101453541	protein_coding	ENSMUSG00000031312	+	Itgb1bp2	842
843	Gm14843	chrX	101479348	101479559	processed_pseudogene	ENSMUSG00000083897	+	Gm14843	843
844	Taf1	chrX	101532734	101601789	protein_coding	ENSMUSG00000031314	+	Taf1	844
845	Ogt	chrX	101640060	101684351	protein_coding	ENSMUSG00000034160	+	Ogt	845
846	AL805980.1	chrX	101707020	101727258	unitary_pseudogene	ENSMUSG00000118478	+	AL805980.1	846
847	Cxcr3	chrX	101731535	101734269	protein_coding	ENSMUSG00000050232	-	Cxcr3	847
848	Tpt1-ps6	chrX	101768535	101769057	processed_pseudogene	ENSMUSG00000084284	+	Tpt1-ps6	848
849	Gm4779	chrX	101790053	101794423	protein_coding	ENSMUSG00000045010	-	Gm4779	849
850	8030474K03Rik	chrX	101794656	101798642	protein_coding	ENSMUSG00000046774	+	8030474K03Rik	850
851	H3f3a-ps1	chrX	101824515	101824924	processed_pseudogene	ENSMUSG00000082284	+	H3f3a-ps1	851
852	Nhsl2	chrX	101849385	102092055	protein_coding	ENSMUSG00000079481	+	Nhsl2	852
853	Gm25828	chrX	101912630	101912724	snRNA	ENSMUSG00000087712	-	Gm25828	853
854	Gm27843	chrX	102013049	102013152	miRNA	ENSMUSG00000098968	-	Gm27843	854
855	Rtl5	chrX	102066544	102071304	protein_coding	ENSMUSG00000049191	-	Rtl5	855
856	Pin4	chrX	102119447	102127669	protein_coding	ENSMUSG00000079480	+	Pin4	856
857	Ercc6l	chrX	102141716	102157091	protein_coding	ENSMUSG00000051220	-	Ercc6l	857
858	Gm9103	chrX	102178194	102178657	processed_pseudogene	ENSMUSG00000084142	-	Gm9103	858
859	Rps4x	chrX	102184941	102189394	protein_coding	ENSMUSG00000031320	-	Rps4x	859
860	Cited1	chrX	102247381	102252181	protein_coding	ENSMUSG00000051159	-	Cited1	860
861	Gm14858	chrX	102252522	102365498	lncRNA	ENSMUSG00000085568	+	Gm14858	861
862	Hdac8	chrX	102284639	102505359	protein_coding	ENSMUSG00000067567	-	Hdac8	862
863	Phka1	chrX	102513975	102644246	protein_coding	ENSMUSG00000034055	-	Phka1	863
864	Gm14840	chrX	102657741	102658334	processed_pseudogene	ENSMUSG00000083414	-	Gm14840	864
865	Dmrtc1b	chrX	102707865	102715209	protein_coding	ENSMUSG00000073027	+	Dmrtc1b	865
866	Gm9115	chrX	102724402	102725749	processed_pseudogene	ENSMUSG00000080845	-	Gm9115	866
867	Gm4234	chrX	102754781	102757471	unprocessed_pseudogene	ENSMUSG00000081108	+	Gm4234	867
868	Gm9119	chrX	102777738	102779484	unprocessed_pseudogene	ENSMUSG00000083680	+	Gm9119	868
869	Gm16511	chrX	102830950	102833804	unprocessed_pseudogene	ENSMUSG00000081240	+	Gm16511	869
870	1700031F05Rik	chrX	102859186	102867971	protein_coding	ENSMUSG00000032894	-	1700031F05Rik	870
871	Dmrtc1a	chrX	102903216	102908687	protein_coding	ENSMUSG00000031323	-	Dmrtc1a	871
872	1700018G05Rik	chrX	102928372	102929094	protein_coding	ENSMUSG00000109745	+	1700018G05Rik	872
873	Gm14841	chrX	102979888	102980645	processed_pseudogene	ENSMUSG00000081986	+	Gm14841	873
874	Gm9143	chrX	103037624	103038368	processed_pseudogene	ENSMUSG00000080774	+	Gm9143	874
875	Gm3928	chrX	103075919	103077225	processed_pseudogene	ENSMUSG00000084341	+	Gm3928	875
876	Gm6206	chrX	103163110	103165407	processed_pseudogene	ENSMUSG00000048949	-	Gm6206	876
877	4930519F16Rik	chrX	103182971	103311782	transcribed_unitary_pseudogene	ENSMUSG00000031325	-	4930519F16Rik	877
878	Nap1l2	chrX	103184176	103186640	protein_coding	ENSMUSG00000082229	-	Nap1l2	878
879	Gm14848	chrX	103299110	103299974	processed_pseudogene	ENSMUSG00000083805	+	Gm14848	879
880	Cdx4	chrX	103321398	103330592	protein_coding	ENSMUSG00000031326	+	Cdx4	880
881	Chic1	chrX	103356476	103396092	protein_coding	ENSMUSG00000031327	+	Chic1	881
882	Gm26952	chrX	103381957	103383169	lncRNA	ENSMUSG00000097953	-	Gm26952	882
883	Tsx	chrX	103414467	103424580	protein_coding	ENSMUSG00000031329	+	Tsx	883
884	Gm26992	chrX	103422010	103481705	protein_coding	ENSMUSG00000098078	+	Gm26992	884
885	Tsix	chrX	103431517	103484957	lncRNA	ENSMUSG00000085715	+	Tsix	885
886	Xist	chrX	103460366	103483254	lncRNA	ENSMUSG00000086503	-	Xist	886
887	Gm27733	chrX	103461218	103461285	misc_RNA	ENSMUSG00000099312	-	Gm27733	887
888	Gm27927	chrX	103469671	103469796	misc_RNA	ENSMUSG00000098743	-	Gm27927	888
889	Gm27520	chrX	103480946	103481026	misc_RNA	ENSMUSG00000098262	+	Gm27520	889
890	Rps12-ps1	chrX	103489517	103489917	processed_pseudogene	ENSMUSG00000082746	+	Rps12-ps1	890
891	Jpx	chrX	103493556	103565696	lncRNA	ENSMUSG00000097571	+	Jpx	891
892	Gm9670	chrX	103506812	103507589	transcribed_processed_pseudogene	ENSMUSG00000082383	+	Gm9670	892
893	Gm14860	chrX	103514922	103515350	processed_pseudogene	ENSMUSG00000082812	+	Gm14860	893
894	Gm9785	chrX	103525316	103526330	transcribed_processed_pseudogene	ENSMUSG00000043661	-	Gm9785	894
895	Ftx	chrX	103560907	103623790	lncRNA	ENSMUSG00000086370	-	Ftx	895
896	Mir421	chrX	103572921	103572996	miRNA	ENSMUSG00000065509	-	Mir421	896
897	Mir374b	chrX	103573060	103573154	miRNA	ENSMUSG00000076269	-	Mir374b	897
898	Mir374c	chrX	103573085	103573133	miRNA	ENSMUSG00000106465	+	Mir374c	898
899	Gm38020	chrX	103576426	103581101	TEC	ENSMUSG00000103697	-	Gm38020	899
900	Gm27798	chrX	103595938	103596008	misc_RNA	ENSMUSG00000098603	+	Gm27798	900
901	Gm9159	chrX	103597771	103598336	processed_pseudogene	ENSMUSG00000080796	+	Gm9159	901
902	Gm27285	chrX	103606323	103606449	misc_RNA	ENSMUSG00000098825	+	Gm27285	902
903	Gm27321	chrX	103623551	103623755	misc_RNA	ENSMUSG00000099126	+	Gm27321	903
904	Zcchc13	chrX	103630586	103631670	protein_coding	ENSMUSG00000031330	+	Zcchc13	904
905	Gm14874	chrX	103643555	103644727	processed_pseudogene	ENSMUSG00000083263	-	Gm14874	905
906	Gm14875	chrX	103680577	103680895	processed_pseudogene	ENSMUSG00000083213	+	Gm14875	906
907	Gm3943	chrX	103684615	103685332	processed_pseudogene	ENSMUSG00000081414	+	Gm3943	907
908	Slc16a2	chrX	103697414	103821983	protein_coding	ENSMUSG00000033965	-	Slc16a2	908
909	Gm6222	chrX	103762917	103763545	transcribed_processed_pseudogene	ENSMUSG00000083019	-	Gm6222	909
910	Gm37956	chrX	103771646	103773655	TEC	ENSMUSG00000104064	-	Gm37956	910
911	Gm9164	chrX	103887599	103888612	processed_pseudogene	ENSMUSG00000082322	-	Gm9164	911
912	Rlim	chrX	103957163	103981284	protein_coding	ENSMUSG00000056537	-	Rlim	912
913	Gm14892	chrX	104001066	104001337	processed_pseudogene	ENSMUSG00000080825	-	Gm14892	913
914	Gm24993	chrX	104076971	104077061	miRNA	ENSMUSG00000088036	+	Gm24993	914
915	Nexmif	chrX	104077434	104201185	protein_coding	ENSMUSG00000046449	-	Nexmif	915
916	Abcb7	chrX	104280657	104413856	protein_coding	ENSMUSG00000031333	-	Abcb7	916
917	Vcp-rs	chrX	104345829	104348234	processed_pseudogene	ENSMUSG00000083327	-	Vcp-rs	917
918	Gm6238	chrX	104382042	104382506	processed_pseudogene	ENSMUSG00000082996	-	Gm6238	918
919	Uprt	chrX	104482818	104507490	protein_coding	ENSMUSG00000073016	+	Uprt	919
920	Zdhhc15	chrX	104536969	104671064	protein_coding	ENSMUSG00000033906	-	Zdhhc15	920
921	Gm14822	chrX	104746482	104746772	processed_pseudogene	ENSMUSG00000083049	+	Gm14822	921
922	1700121L16Rik	chrX	104816776	104842455	lncRNA	ENSMUSG00000100364	+	1700121L16Rik	922
923	Magee2	chrX	104854952	104857267	protein_coding	ENSMUSG00000031224	-	Magee2	923
924	Gm6285	chrX	104947785	104948282	processed_pseudogene	ENSMUSG00000081703	+	Gm6285	924
925	5530601H04Rik	chrX	105037197	105079609	lncRNA	ENSMUSG00000087174	-	5530601H04Rik	925
926	Pbdc1	chrX	105079756	105117090	protein_coding	ENSMUSG00000031226	+	Pbdc1	926
927	Magee1	chrX	105120378	105123927	protein_coding	ENSMUSG00000031227	+	Magee1	927
928	E530001F21Rik	chrX	105164632	105165361	processed_pseudogene	ENSMUSG00000083889	-	E530001F21Rik	928
929	Rpl30-ps9	chrX	105278637	105278981	processed_pseudogene	ENSMUSG00000085791	-	Rpl30-ps9	929
930	Gm14824	chrX	105327739	105328475	processed_pseudogene	ENSMUSG00000083744	-	Gm14824	930
931	Mir384	chrX	105344282	105344369	miRNA	ENSMUSG00000065499	-	Mir384	931
932	5330434G04Rik	chrX	105348282	105391776	lncRNA	ENSMUSG00000087620	-	5330434G04Rik	932
933	Gm7117	chrX	105725128	105725514	processed_pseudogene	ENSMUSG00000063442	-	Gm7117	933
934	Fgf16	chrX	105764279	105774939	protein_coding	ENSMUSG00000031230	+	Fgf16	934
935	Atrx	chrX	105797615	105929403	protein_coding	ENSMUSG00000031229	-	Atrx	935
936	Gm14853	chrX	105844465	105845013	processed_pseudogene	ENSMUSG00000079965	-	Gm14853	936
937	Gm23656	chrX	105873824	105873935	snRNA	ENSMUSG00000084575	+	Gm23656	937
938	Magt1	chrX	105968084	106011906	protein_coding	ENSMUSG00000031232	-	Magt1	938
939	Cox7b	chrX	106015700	106022450	protein_coding	ENSMUSG00000031231	+	Cox7b	939
940	Atp7a	chrX	106027276	106124926	protein_coding	ENSMUSG00000033792	+	Atp7a	940
941	Tlr13	chrX	106143204	106160493	protein_coding	ENSMUSG00000033777	+	Tlr13	941
942	Pgk1	chrX	106187100	106203699	protein_coding	ENSMUSG00000062070	+	Pgk1	942
943	Taf9b	chrX	106206883	106221158	protein_coding	ENSMUSG00000047242	-	Taf9b	943
944	Fnd3c2	chrX	106235246	106255376	protein_coding	ENSMUSG00000073012	-	Fnd3c2	944
945	Gm14852	chrX	106270511	106273738	unprocessed_pseudogene	ENSMUSG00000082618	-	Gm14852	945
946	Gm14857	chrX	106281912	106285096	processed_pseudogene	ENSMUSG00000081289	-	Gm14857	946
947	Gm14876	chrX	106337590	106341715	unprocessed_pseudogene	ENSMUSG00000084219	-	Gm14876	947
948	Gm6325	chrX	106360456	106384071	unprocessed_pseudogene	ENSMUSG00000081778	-	Gm6325	948
949	Fndc3c1	chrX	106420041	106485401	protein_coding	ENSMUSG00000033737	-	Fndc3c1	949
950	Cysltr1	chrX	106574346	106603679	protein_coding	ENSMUSG00000052821	-	Cysltr1	950
951	Gm5127	chrX	106583186	106710557	protein_coding	ENSMUSG00000073010	+	Gm5127	951
952	Gm14877	chrX	106611903	106612775	processed_pseudogene	ENSMUSG00000082174	+	Gm14877	952
953	Gm9200	chrX	106641381	106642734	processed_pseudogene	ENSMUSG00000083595	-	Gm9200	953
954	Rtl3	chrX	106837082	106840644	protein_coding	ENSMUSG00000047686	-	Rtl3	954
955	Lpar4	chrX	106920625	106933900	protein_coding	ENSMUSG00000049929	+	Lpar4	955
956	P2ry10	chrX	107088492	107104974	protein_coding	ENSMUSG00000050921	+	P2ry10	956
957	P2ry10b	chrX	107148927	107173661	protein_coding	ENSMUSG00000054293	+	P2ry10b	957
958	Gm14834	chrX	107174610	107175494	processed_pseudogene	ENSMUSG00000082630	-	Gm14834	958
959	Gpr174	chrX	107255878	107296769	protein_coding	ENSMUSG00000073008	+	Gpr174	959
960	Gm5392	chrX	107354879	107357447	processed_pseudogene	ENSMUSG00000080758	-	Gm5392	960
961	Itm2a	chrX	107397099	107403376	protein_coding	ENSMUSG00000031239	-	Itm2a	961
962	Tbx22	chrX	107667964	107688978	protein_coding	ENSMUSG00000031241	+	Tbx22	962
963	2610002M06Rik	chrX	107782751	107816334	protein_coding	ENSMUSG00000031242	-	2610002M06Rik	963
964	Tent5d	chrX	107792590	107872909	protein_coding	ENSMUSG00000073007	+	Tent5d	964
965	Gm9218	chrX	108446389	108449268	processed_pseudogene	ENSMUSG00000081560	+	Gm9218	965
966	Gm379	chrX	108544503	108664891	transcribed_processed_pseudogene	ENSMUSG00000093916	-	Gm379	966
967	Brwd3	chrX	108737016	108834372	protein_coding	ENSMUSG00000063663	-	Brwd3	967
968	2810403D21Rik	chrX	108833800	108974906	lncRNA	ENSMUSG00000086629	+	2810403D21Rik	968
969	Hmgn5	chrX	109004534	109013404	protein_coding	ENSMUSG00000031245	-	Hmgn5	969
970	Gm23322	chrX	109009681	109009847	snRNA	ENSMUSG00000077652	-	Gm23322	970
971	Sh3bgrl	chrX	109095365	109197873	protein_coding	ENSMUSG00000031246	+	Sh3bgrl	971
972	Gm26415	chrX	109115225	109115516	misc_RNA	ENSMUSG00000088298	-	Gm26415	972
973	Gm4784	chrX	109388744	109392165	processed_pseudogene	ENSMUSG00000082189	-	Gm4784	973
974	Gm4991	chrX	109910221	109911772	processed_pseudogene	ENSMUSG00000083928	+	Gm4991	974
975	Gm7134	chrX	110372753	110375158	processed_pseudogene	ENSMUSG00000082853	+	Gm7134	975
976	Gm26108	chrX	110622832	110623022	snRNA	ENSMUSG00000065907	-	Gm26108	976
977	Gm44593	chrX	110634586	110812324	lncRNA	ENSMUSG00000109088	-	Gm44593	977
978	Pou3f4	chrX	110814280	110817207	protein_coding	ENSMUSG00000056854	+	Pou3f4	978
979	Cylc1	chrX	111110418	111125854	protein_coding	ENSMUSG00000073001	+	Cylc1	979
980	Rps6ka6	chrX	111388192	111537959	protein_coding	ENSMUSG00000025665	-	Rps6ka6	980
981	Hdx	chrX	111569931	111697079	protein_coding	ENSMUSG00000034551	-	Hdx	981
982	Gm7340	chrX	111571699	111574450	processed_pseudogene	ENSMUSG00000083898	+	Gm7340	982
983	Gm14899	chrX	111860628	111861175	processed_pseudogene	ENSMUSG00000082752	+	Gm14899	983
984	Gm45194	chrX	111891389	112240590	protein_coding	ENSMUSG00000109156	+	Gm45194	984
985	Tex16	chrX	112011007	112127326	protein_coding	ENSMUSG00000034555	+	Tex16	985
986	Gm6335	chrX	112162554	112163747	processed_pseudogene	ENSMUSG00000083392	+	Gm6335	986
987	4933403O08Rik	chrX	112239049	112243852	protein_coding	ENSMUSG00000079460	+	4933403O08Rik	987
988	Gm5393	chrX	112302196	112302467	processed_pseudogene	ENSMUSG00000082669	+	Gm5393	988
989	Apool	chrX	112311334	112372755	protein_coding	ENSMUSG00000025525	+	Apool	989
990	Satl1	chrX	112384303	112406779	protein_coding	ENSMUSG00000025527	-	Satl1	990
991	Gm6418	chrX	112459033	112462903	processed_pseudogene	ENSMUSG00000083520	-	Gm6418	991
992	Gm14908	chrX	112464861	112466625	processed_pseudogene	ENSMUSG00000083818	+	Gm14908	992
993	2010106E10Rik	chrX	112495274	112558343	protein_coding	ENSMUSG00000025528	+	2010106E10Rik	993
994	Zfp711	chrX	112600526	112635070	protein_coding	ENSMUSG00000025529	+	Zfp711	994
995	Pof1b	chrX	112638431	112698651	protein_coding	ENSMUSG00000034607	-	Pof1b	995
996	Gm6429	chrX	112822222	112822696	processed_pseudogene	ENSMUSG00000083103	-	Gm6429	996
997	Gm14938	chrX	112967089	112968031	processed_pseudogene	ENSMUSG00000082392	+	Gm14938	997
998	Gm14936	chrX	112980864	113009754	lncRNA	ENSMUSG00000084963	-	Gm14936	998
999	Chm	chrX	113040593	113185517	protein_coding	ENSMUSG00000025531	-	Chm	999
1000	Mir361	chrX	113074824	113074893	miRNA	ENSMUSG00000065510	-	Mir361	1000
1001	Gm7405	chrX	113225541	113227320	processed_pseudogene	ENSMUSG00000081831	-	Gm7405	1001
1002	Dach2	chrX	113297510	113836386	protein_coding	ENSMUSG00000025592	+	Dach2	1002
1003	Klhl4	chrX	114474333	114560829	protein_coding	ENSMUSG00000025597	+	Klhl4	1003
1004	Gm14895	chrX	114490420	114491780	processed_pseudogene	ENSMUSG00000081978	+	Gm14895	1004
1005	Gm14894	chrX	114662197	114662466	processed_pseudogene	ENSMUSG00000081354	+	Gm14894	1005
1006	Ube2dnl1	chrX	114905012	114905941	protein_coding	ENSMUSG00000050435	+	Ube2dnl1	1006
1007	Ube2dnl2	chrX	114907582	114908510	protein_coding	ENSMUSG00000047079	+	Ube2dnl2	1007
1008	4930555B12Rik	chrX	114926989	114928600	lncRNA	ENSMUSG00000085619	+	4930555B12Rik	1008
1009	Gm4914	chrX	114948913	114949371	processed_pseudogene	ENSMUSG00000082440	+	Gm4914	1009
1010	Gm7429	chrX	114980970	114981317	processed_pseudogene	ENSMUSG00000082260	-	Gm7429	1010
1011	Gm14905	chrX	115280377	115283443	processed_pseudogene	ENSMUSG00000083452	-	Gm14905	1011
1012	Gm14903	chrX	115574818	115581585	processed_pseudogene	ENSMUSG00000083663	+	Gm14903	1012
1013	Gm14904	chrX	116198189	116198523	processed_pseudogene	ENSMUSG00000084053	+	Gm14904	1013
1014	Cpxcr1	chrX	116448944	116478783	protein_coding	ENSMUSG00000072995	+	Cpxcr1	1014
1015	Gm14913	chrX	117417744	117418836	processed_pseudogene	ENSMUSG00000081134	-	Gm14913	1015
1016	Gm6491	chrX	117525212	117526905	processed_pseudogene	ENSMUSG00000083345	+	Gm6491	1016
1017	Gm14914	chrX	117706498	117708528	processed_pseudogene	ENSMUSG00000084283	+	Gm14914	1017
1018	Gm14912	chrX	117888113	117889885	processed_pseudogene	ENSMUSG00000081466	-	Gm14912	1018
1019	Gm14929	chrX	119747626	119749677	lncRNA	ENSMUSG00000086431	-	Gm14929	1019
1020	Pabpc5	chrX	119927196	119930165	protein_coding	ENSMUSG00000034732	+	Pabpc5	1020
1021	Gm5863	chrX	120160710	120161717	processed_pseudogene	ENSMUSG00000082927	+	Gm5863	1021
1022	Gm14928	chrX	120178939	120179415	processed_pseudogene	ENSMUSG00000082718	+	Gm14928	1022
1023	Pcdh11x	chrX	120290259	120910619	protein_coding	ENSMUSG00000034755	+	Pcdh11x	1023
1024	Gm14927	chrX	120371212	120371665	processed_pseudogene	ENSMUSG00000081546	+	Gm14927	1024
1025	Gm14930	chrX	120442035	120442686	processed_pseudogene	ENSMUSG00000081728	-	Gm14930	1025
1026	Gm4993	chrX	120957711	120958884	processed_pseudogene	ENSMUSG00000083275	+	Gm4993	1026
1027	Gm23277	chrX	121712089	121712224	snoRNA	ENSMUSG00000088539	+	Gm23277	1027
1028	Gm14943	chrX	121816927	121819838	processed_pseudogene	ENSMUSG00000082590	+	Gm14943	1028
1029	Gm14942	chrX	122347613	122347948	processed_pseudogene	ENSMUSG00000083537	+	Gm14942	1029
1030	Nap1l3	chrX	122394565	122397401	protein_coding	ENSMUSG00000055733	-	Nap1l3	1030
1031	Gm14947	chrX	122452368	122452670	processed_pseudogene	ENSMUSG00000086452	+	Gm14947	1031
1032	Gm14940	chrX	122768869	122769597	processed_pseudogene	ENSMUSG00000083490	+	Gm14940	1032
1033	Cldn34c1	chrX	123103495	123188795	protein_coding	ENSMUSG00000079450	+	Cldn34c1	1033
1034	Astx6	chrX	123210420	123213303	lncRNA	ENSMUSG00000095005	-	Astx6	1034
1035	Srsx	chrX	123221399	123222481	TEC	ENSMUSG00000091821	-	Srsx	1035
1036	Gm14951	chrX	123253138	123260815	lncRNA	ENSMUSG00000084776	+	Gm14951	1036
1037	Rps12-ps21	chrX	123285044	123285445	processed_pseudogene	ENSMUSG00000096362	+	Rps12-ps21	1037
1038	BX088531.1	chrX	123346764	123378718	protein_coding	ENSMUSG00000118415	+	BX088531.1	1038
1039	Astx2	chrX	123449004	123451890	lncRNA	ENSMUSG00000094288	-	Astx2	1039
1040	Rps12-ps22	chrX	123514427	123514828	processed_pseudogene	ENSMUSG00000095277	+	Rps12-ps22	1040
1041	Cldn34c2	chrX	123576286	123602172	protein_coding	ENSMUSG00000095474	+	Cldn34c2	1041
1042	Gm14950	chrX	123664062	123666949	lncRNA	ENSMUSG00000085536	-	Gm14950	1042
1043	BX005468.1	chrX	123793665	123813803	unprocessed_pseudogene	ENSMUSG00000118430	+	BX005468.1	1043
1044	BX571804.1	chrX	124015997	124041521	protein_coding	ENSMUSG00000118483	+	BX571804.1	1044
1045	Vmn2r121	chrX	124124961	124135952	protein_coding	ENSMUSG00000072049	-	Vmn2r121	1045
1046	Astx4d	chrX	125917810	125920696	lncRNA	ENSMUSG00000096897	+	Astx4d	1046
1047	Astx3	chrX	126042545	126045431	lncRNA	ENSMUSG00000095563	+	Astx3	1047
1048	Gm14957	chrX	126129808	126171027	unprocessed_pseudogene	ENSMUSG00000083294	-	Gm14957	1048
1049	Gm381	chrX	126905581	126907617	processed_pseudogene	ENSMUSG00000082772	-	Gm381	1049
1050	Gm14972	chrX	126967723	126968086	processed_pseudogene	ENSMUSG00000082690	-	Gm14972	1050
1051	Gm382	chrX	127039972	127063986	protein_coding	ENSMUSG00000062791	+	Gm382	1051
1052	Cldn34c4	chrX	127721182	127736554	protein_coding	ENSMUSG00000043569	-	Cldn34c4	1052
1053	Gm5403	chrX	128058531	128061325	processed_pseudogene	ENSMUSG00000083250	-	Gm5403	1053
1054	Mdm4-ps	chrX	128261411	128267924	processed_pseudogene	ENSMUSG00000081739	+	Mdm4-ps	1054
1055	Gm26475	chrX	128522689	128522809	miRNA	ENSMUSG00000080419	-	Gm26475	1055
1056	4930558G05Rik	chrX	129064297	129067146	lncRNA	ENSMUSG00000086244	+	4930558G05Rik	1056
1057	Diaph2	chrX	129749742	130465834	protein_coding	ENSMUSG00000034480	+	Diaph2	1057
1058	Gm14984	chrX	130400957	130402219	processed_pseudogene	ENSMUSG00000084047	-	Gm14984	1058
1059	Gm4994	chrX	131847887	131850073	processed_pseudogene	ENSMUSG00000082117	-	Gm4994	1059
1060	Gm14981	chrX	132187316	132188258	processed_pseudogene	ENSMUSG00000082537	-	Gm14981	1060
1061	Gm14979	chrX	133210486	133211520	processed_pseudogene	ENSMUSG00000083858	+	Gm14979	1061
1062	Pcdh19	chrX	133582860	133688987	protein_coding	ENSMUSG00000051323	-	Pcdh19	1062
1063	Tnmd	chrX	133850980	133865577	protein_coding	ENSMUSG00000031250	+	Tnmd	1063
1064	Tspan6	chrX	133891068	133898429	protein_coding	ENSMUSG00000067377	-	Tspan6	1064
1065	4930570D08Rik	chrX	133898699	133901213	lncRNA	ENSMUSG00000084875	-	4930570D08Rik	1065
1066	Srpx2	chrX	133908426	133932446	protein_coding	ENSMUSG00000031253	+	Srpx2	1066
1067	Sytl4	chrX	133936385	133981812	protein_coding	ENSMUSG00000031255	-	Sytl4	1067
1068	Cstf2	chrX	134059187	134086819	protein_coding	ENSMUSG00000031256	+	Cstf2	1068
1069	Mir3112	chrX	134075316	134075397	miRNA	ENSMUSG00000093172	+	Mir3112	1069
1070	Nox1	chrX	134086421	134221956	protein_coding	ENSMUSG00000031257	-	Nox1	1070
1071	Xkrx	chrX	134149043	134162076	protein_coding	ENSMUSG00000031258	-	Xkrx	1071
1072	Arl13a	chrX	134187501	134208028	protein_coding	ENSMUSG00000052549	+	Arl13a	1072
1073	Trmt2b	chrX	134222339	134276984	protein_coding	ENSMUSG00000067369	-	Trmt2b	1073
1074	Tmem35a	chrX	134295225	134305969	protein_coding	ENSMUSG00000033578	+	Tmem35a	1074
1075	Cenpi	chrX	134308084	134362639	protein_coding	ENSMUSG00000031262	+	Cenpi	1075
1076	Drp2	chrX	134404551	134456573	protein_coding	ENSMUSG00000000223	+	Drp2	1076
1077	Taf7l	chrX	134460118	134476490	protein_coding	ENSMUSG00000009596	-	Taf7l	1077
1078	Timm8a1	chrX	134537256	134541865	protein_coding	ENSMUSG00000048007	-	Timm8a1	1078
1079	Btk	chrX	134542336	134583570	protein_coding	ENSMUSG00000031264	-	Btk	1079
1080	Rpl36a	chrX	134585654	134588062	protein_coding	ENSMUSG00000079435	+	Rpl36a	1080
1081	Gla	chrX	134588149	134601125	protein_coding	ENSMUSG00000031266	-	Gla	1081
1082	Hnrnph2	chrX	134601179	134607060	protein_coding	ENSMUSG00000045427	+	Hnrnph2	1082
1083	B230119M05Rik	chrX	134684562	134686462	lncRNA	ENSMUSG00000087024	-	B230119M05Rik	1083
1084	Armcx4	chrX	134686519	134696757	protein_coding	ENSMUSG00000049804	+	Armcx4	1084
1085	Armcx1	chrX	134717963	134721917	protein_coding	ENSMUSG00000033460	+	Armcx1	1085
1086	Gm10344	chrX	134745495	134746913	TEC	ENSMUSG00000102207	-	Gm10344	1086
1087	Armcx6	chrX	134748461	134751417	protein_coding	ENSMUSG00000050394	-	Armcx6	1087
1088	Armcx3	chrX	134756595	134761455	protein_coding	ENSMUSG00000049047	+	Armcx3	1088
1089	Armcx2	chrX	134804145	134809221	protein_coding	ENSMUSG00000033436	-	Armcx2	1089
1090	Nxf2	chrX	134944526	134964754	protein_coding	ENSMUSG00000009941	-	Nxf2	1090
1091	Zmat1	chrX	134971372	135009209	protein_coding	ENSMUSG00000052676	-	Zmat1	1091
1092	3632454L22Rik	chrX	135022734	135060336	lncRNA	ENSMUSG00000089759	-	3632454L22Rik	1092
1093	Gm15020	chrX	135122878	135152596	lncRNA	ENSMUSG00000085556	-	Gm15020	1093
1094	Gm15023	chrX	135167624	135177632	protein_coding	ENSMUSG00000079432	-	Gm15023	1094
1095	Tceal6	chrX	135208687	135210687	protein_coding	ENSMUSG00000031409	-	Tceal6	1095
1096	Pramel	chrX	135270853	135274214	unprocessed_pseudogene	ENSMUSG00000082071	+	Pramel	1096
1097	Pramel3	chrX	135302307	135312652	protein_coding	ENSMUSG00000067360	+	Pramel3	1097
1098	Gm25936	chrX	135314316	135314429	snoRNA	ENSMUSG00000094470	-	Gm25936	1098
1099	Gm15017	chrX	135329761	135349127	lncRNA	ENSMUSG00000087428	+	Gm15017	1099
1100	Gm5128	chrX	135373284	135383393	protein_coding	ENSMUSG00000094004	+	Gm5128	1100
1101	Gm6221	chrX	135409856	135412955	unprocessed_pseudogene	ENSMUSG00000095964	+	Gm6221	1101
1102	Gm7903	chrX	135433835	135443830	protein_coding	ENSMUSG00000096508	+	Gm7903	1102
1103	Gm7905	chrX	135470455	135473530	unprocessed_pseudogene	ENSMUSG00000094371	+	Gm7905	1103
1104	AV320801	chrX	135494588	135504594	protein_coding	ENSMUSG00000054994	+	AV320801	1104
1105	Gm15015	chrX	135519591	135549316	lncRNA	ENSMUSG00000086685	+	Gm15015	1105
1106	Nxf7	chrX	135579555	135598777	protein_coding	ENSMUSG00000031410	-	Nxf7	1106
1107	Prame	chrX	135613002	135627705	protein_coding	ENSMUSG00000031411	-	Prame	1107
1108	Gm15021	chrX	135615994	135616735	processed_pseudogene	ENSMUSG00000082602	+	Gm15021	1108
1109	Tcp11x2	chrX	135654698	135693790	protein_coding	ENSMUSG00000058252	-	Tcp11x2	1109
1110	Tmsb15a	chrX	135718667	135725261	protein_coding	ENSMUSG00000060726	-	Tmsb15a	1110
1111	Gm15019	chrX	135726998	135729474	unprocessed_pseudogene	ENSMUSG00000084330	+	Gm15019	1111
1112	Armcx5	chrX	135742733	135747322	protein_coding	ENSMUSG00000072969	+	Armcx5	1112
1113	Gprasp1	chrX	135742733	135803474	protein_coding	ENSMUSG00000043384	+	Gprasp1	1113
1114	Mir7646	chrX	135746716	135746769	miRNA	ENSMUSG00000106264	+	Mir7646	1114
1115	Mir1970	chrX	135786114	135786217	miRNA	ENSMUSG00000088464	-	Mir1970	1115
1116	Bhlhb9	chrX	135797594	135891081	protein_coding	ENSMUSG00000072964	+	Bhlhb9	1116
1117	Gprasp2	chrX	135839034	135844730	protein_coding	ENSMUSG00000072966	+	Gprasp2	1117
1118	Arxes2	chrX	135993824	135995355	protein_coding	ENSMUSG00000048040	+	Arxes2	1118
1119	Arxes1	chrX	136033367	136034946	protein_coding	ENSMUSG00000048355	+	Arxes1	1119
1120	Bex2	chrX	136066564	136068236	protein_coding	ENSMUSG00000042750	-	Bex2	1120
1121	Nxf3	chrX	136072099	136085255	protein_coding	ENSMUSG00000057000	-	Nxf3	1121
1122	5730412P04Rik	chrX	136104603	136115420	lncRNA	ENSMUSG00000087553	+	5730412P04Rik	1122
1123	Bex4	chrX	136138996	136140443	protein_coding	ENSMUSG00000047844	+	Bex4	1123
1124	Tceal8	chrX	136168984	136172342	protein_coding	ENSMUSG00000051579	-	Tceal8	1124
1125	Tceal5	chrX	136200948	136203876	protein_coding	ENSMUSG00000054034	-	Tceal5	1125
1126	Bex1	chrX	136213972	136215513	protein_coding	ENSMUSG00000050071	-	Bex1	1126
1127	Tceal7	chrX	136214779	136226100	protein_coding	ENSMUSG00000079428	+	Tceal7	1127
1128	Tceal9	chrX	136245079	136247139	protein_coding	ENSMUSG00000042712	+	Tceal9	1128
1129	Bex3	chrX	136270253	136271978	protein_coding	ENSMUSG00000046432	+	Bex3	1129
1130	n-R5s12	chrX	136277505	136277623	rRNA	ENSMUSG00000065719	+	n-R5s12	1130
1131	Nsa2-ps2	chrX	136328299	136329071	processed_pseudogene	ENSMUSG00000083470	+	Nsa2-ps2	1131
1132	Gm14997	chrX	136329839	136330474	processed_pseudogene	ENSMUSG00000083324	-	Gm14997	1132
1133	Gm4917	chrX	136338065	136338714	processed_pseudogene	ENSMUSG00000083162	+	Gm4917	1133
1134	Gm14994	chrX	136348178	136349269	processed_pseudogene	ENSMUSG00000084245	-	Gm14994	1134
1135	Gm14999	chrX	136356655	136357278	processed_pseudogene	ENSMUSG00000082261	-	Gm14999	1135
1136	Gm14992	chrX	136379912	136380423	processed_pseudogene	ENSMUSG00000096589	-	Gm14992	1136
1137	Kir3dl2	chrX	136448107	136544056	protein_coding	ENSMUSG00000057439	-	Kir3dl2	1137
1138	Gm14991	chrX	136486970	136488884	unprocessed_pseudogene	ENSMUSG00000082021	+	Gm14991	1138
1139	Kir3dl1	chrX	136517999	136534309	protein_coding	ENSMUSG00000031424	+	Kir3dl1	1139
1140	Gm15006	chrX	136544874	136545995	processed_pseudogene	ENSMUSG00000083828	+	Gm15006	1140
1141	Tceal3	chrX	136590842	136668378	protein_coding	ENSMUSG00000044550	+	Tceal3	1141
1142	Gm23068	chrX	136704178	136704470	misc_RNA	ENSMUSG00000088864	+	Gm23068	1142
1143	Tceal1	chrX	136707982	136711478	protein_coding	ENSMUSG00000049536	+	Tceal1	1143
1144	Morf4l2	chrX	136732942	136743690	protein_coding	ENSMUSG00000031422	-	Morf4l2	1144
1145	BC065397	chrX	136741824	136803364	lncRNA	ENSMUSG00000087368	+	BC065397	1145
1146	Glra4	chrX	136757674	136780141	protein_coding	ENSMUSG00000018595	-	Glra4	1146
1147	Gm15009	chrX	136802912	136803233	transcribed_processed_pseudogene	ENSMUSG00000082214	+	Gm15009	1147
1148	Plp1	chrX	136822671	136839733	protein_coding	ENSMUSG00000031425	+	Plp1	1148
1149	Rab9b	chrX	136858147	136868755	protein_coding	ENSMUSG00000043463	-	Rab9b	1149
1150	Tmsb15l	chrX	136954988	136976869	protein_coding	ENSMUSG00000072955	-	Tmsb15l	1150
1151	Tmsb15b2	chrX	136955265	136975497	protein_coding	ENSMUSG00000089996	-	Tmsb15b2	1151
1152	Tmsb15b1	chrX	136974022	136976874	protein_coding	ENSMUSG00000089768	-	Tmsb15b1	1152
1153	Slc25a53	chrX	136981116	137038302	protein_coding	ENSMUSG00000044348	-	Slc25a53	1153
1154	Zcchc18	chrX	136993155	136998472	protein_coding	ENSMUSG00000031428	+	Zcchc18	1154
1155	Gm15038	chrX	136998042	136998337	transcribed_processed_pseudogene	ENSMUSG00000083445	+	Gm15038	1155
1156	Fam199x	chrX	137049594	137082503	protein_coding	ENSMUSG00000042595	+	Fam199x	1156
1157	Gm8019	chrX	137099516	137100102	processed_pseudogene	ENSMUSG00000080718	+	Gm8019	1157
1158	Gm5761	chrX	137103889	137104722	processed_pseudogene	ENSMUSG00000084086	-	Gm5761	1158
1159	Esx1	chrX	137115397	137122083	protein_coding	ENSMUSG00000023443	-	Esx1	1159
1160	Gm8036	chrX	137203615	137206763	processed_pseudogene	ENSMUSG00000082955	-	Gm8036	1160
1161	Il1rapl2	chrX	137570608	138846946	protein_coding	ENSMUSG00000059203	+	Il1rapl2	1161
1162	Gm14988	chrX	137638882	137642316	processed_pseudogene	ENSMUSG00000082135	-	Gm14988	1162
1163	Gm25393	chrX	137815156	137815440	misc_RNA	ENSMUSG00000087961	-	Gm25393	1163
1164	Gm24675	chrX	138145382	138145640	misc_RNA	ENSMUSG00000089382	-	Gm24675	1164
1165	Gm22057	chrX	138303307	138303413	snRNA	ENSMUSG00000065321	-	Gm22057	1165
1166	Gm23958	chrX	138422715	138422819	snRNA	ENSMUSG00000087832	-	Gm23958	1166
1167	Gm15001	chrX	138741796	138744444	processed_pseudogene	ENSMUSG00000083053	-	Gm15001	1167
1168	Nrk	chrX	138914430	139010532	protein_coding	ENSMUSG00000052854	+	Nrk	1168
1169	Serpina7	chrX	139079257	139085236	protein_coding	ENSMUSG00000031271	-	Serpina7	1169
1170	4930513O06Rik	chrX	139086243	139093405	protein_coding	ENSMUSG00000031270	+	4930513O06Rik	1170
1171	4933428M09Rik	chrX	139179228	139181009	protein_coding	ENSMUSG00000042525	+	4933428M09Rik	1171
1172	Pwwp3b	chrX	139210042	139238335	protein_coding	ENSMUSG00000042515	+	Pwwp3b	1172
1173	Platr21	chrX	139240226	139357738	lncRNA	ENSMUSG00000086807	-	Platr21	1173
1174	Gm15002	chrX	139256924	139257611	processed_pseudogene	ENSMUSG00000081869	-	Gm15002	1174
1175	Trap1a	chrX	139333683	139338169	protein_coding	ENSMUSG00000051257	+	Trap1a	1175
1176	Gm8061	chrX	139358468	139359257	processed_pseudogene	ENSMUSG00000084205	+	Gm8061	1176
1177	Radx	chrX	139480367	139554582	protein_coding	ENSMUSG00000042498	+	Radx	1177
1178	Rnf128	chrX	139563316	139673145	protein_coding	ENSMUSG00000031438	+	Rnf128	1178
1179	Tbc1d8b	chrX	139684996	139753405	protein_coding	ENSMUSG00000042473	+	Tbc1d8b	1179
1180	Gm15013	chrX	139713681	139714481	protein_coding	ENSMUSG00000098559	-	Gm15013	1180
1181	Ripply1	chrX	139779549	139782353	protein_coding	ENSMUSG00000072945	-	Ripply1	1181
1182	Gm15012	chrX	139795000	139795105	processed_pseudogene	ENSMUSG00000081018	-	Gm15012	1182
1183	Cldn2	chrX	139800828	139811386	protein_coding	ENSMUSG00000047230	+	Cldn2	1183
1184	Morc4	chrX	139821632	139871677	protein_coding	ENSMUSG00000031434	-	Morc4	1184
1185	Rbm41	chrX	139889511	139998595	protein_coding	ENSMUSG00000031433	-	Rbm41	1185
1186	Nup62cl	chrX	140006805	140062712	protein_coding	ENSMUSG00000072944	-	Nup62cl	1186
1187	Pih1h3b	chrX	140062879	140106797	protein_coding	ENSMUSG00000042433	+	Pih1h3b	1187
1188	Gm15046	chrX	140178698	140277862	lncRNA	ENSMUSG00000086441	-	Gm15046	1188
1189	Frmpd3	chrX	140342263	140435467	protein_coding	ENSMUSG00000042425	+	Frmpd3	1189
1190	Prps1	chrX	140456613	140476140	protein_coding	ENSMUSG00000031432	+	Prps1	1190
1191	Tsc22d3	chrX	140539528	140600659	protein_coding	ENSMUSG00000031431	-	Tsc22d3	1191
1192	Mid2	chrX	140664599	140767715	protein_coding	ENSMUSG00000000266	+	Mid2	1192
1193	Gm23199	chrX	140679696	140679802	snRNA	ENSMUSG00000089437	+	Gm23199	1193
1194	Eif2c5	chrX	140776235	140796880	lncRNA	ENSMUSG00000085146	+	Eif2c5	1194
1195	Gm6088	chrX	140797396	140799934	processed_pseudogene	ENSMUSG00000083646	+	Gm6088	1195
1196	Tex13b	chrX	140808307	140813433	protein_coding	ENSMUSG00000042386	-	Tex13b	1196
1197	Vsig1	chrX	140907608	140939472	protein_coding	ENSMUSG00000031430	+	Vsig1	1197
1198	Psmd10	chrX	140948429	140956728	protein_coding	ENSMUSG00000031429	-	Psmd10	1198
1199	Atg4a	chrX	140956907	141164270	protein_coding	ENSMUSG00000079418	+	Atg4a	1199
1200	Col4a6	chrX	141165403	141474076	protein_coding	ENSMUSG00000031273	-	Col4a6	1200
1201	Gm15078	chrX	141356178	141356959	processed_pseudogene	ENSMUSG00000083710	+	Gm15078	1201
1202	Gm15079	chrX	141434973	141435188	processed_pseudogene	ENSMUSG00000082223	+	Gm15079	1202
1203	Col4a5	chrX	141475385	141689234	protein_coding	ENSMUSG00000031274	+	Col4a5	1203
1204	Gm15268	chrX	141627959	141628468	processed_pseudogene	ENSMUSG00000081217	+	Gm15268	1204
1205	Irs4	chrX	141710998	141725263	protein_coding	ENSMUSG00000054667	-	Irs4	1205
1206	Hmgn2l6	chrX	141870135	141870401	processed_pseudogene	ENSMUSG00000085466	-	Hmgn2l6	1206
1207	Gm15298	chrX	141900582	141902455	lncRNA	ENSMUSG00000086907	-	Gm15298	1207
1208	Gm6368	chrX	141980175	141982321	processed_pseudogene	ENSMUSG00000080775	+	Gm6368	1208
1209	Gucy2f	chrX	142081160	142196931	protein_coding	ENSMUSG00000042282	-	Gucy2f	1209
1210	Nxt2	chrX	142226770	142239692	protein_coding	ENSMUSG00000042271	+	Nxt2	1210
1211	Gm5643	chrX	142297565	142298530	processed_pseudogene	ENSMUSG00000083311	+	Gm5643	1211
1212	Kcne1l	chrX	142304752	142306294	protein_coding	ENSMUSG00000090122	-	Kcne1l	1212
1213	Acsl4	chrX	142317993	142390535	protein_coding	ENSMUSG00000031278	-	Acsl4	1213
1214	Gm5763	chrX	142631483	142634015	processed_pseudogene	ENSMUSG00000048600	-	Gm5763	1214
1215	Tmem164	chrX	142681406	142843494	protein_coding	ENSMUSG00000047045	+	Tmem164	1215
1216	Gm15049	chrX	142775885	142776347	processed_pseudogene	ENSMUSG00000081463	-	Gm15049	1216
1217	Ammecr1	chrX	142851146	142966728	protein_coding	ENSMUSG00000042225	-	Ammecr1	1217
1218	Gm44351	chrX	142962603	142962697	miRNA	ENSMUSG00000106151	-	Gm44351	1218
1219	Rtl9	chrX	143099594	143104297	protein_coding	ENSMUSG00000085584	+	Rtl9	1219
1220	Gm4760	chrX	143183508	143184537	processed_pseudogene	ENSMUSG00000083089	-	Gm4760	1220
1221	Chrdl1	chrX	143285674	143394262	protein_coding	ENSMUSG00000031283	-	Chrdl1	1221
1222	Pak3	chrX	143518591	143797796	protein_coding	ENSMUSG00000031284	+	Pak3	1222
1223	Capn6	chrX	143802231	143827414	protein_coding	ENSMUSG00000067276	-	Capn6	1223
1224	Dcx	chrX	143855842	143933311	protein_coding	ENSMUSG00000031285	-	Dcx	1224
1225	Gm15048	chrX	144147310	144149173	processed_pseudogene	ENSMUSG00000082060	+	Gm15048	1225
1226	A730046J19Rik	chrX	144153695	144166274	protein_coding	ENSMUSG00000085139	+	A730046J19Rik	1226
1227	Gm15066	chrX	144285726	144288333	processed_pseudogene	ENSMUSG00000083200	-	Gm15066	1227
1228	Alg13	chrX	144317804	144374450	protein_coding	ENSMUSG00000041718	+	Alg13	1228
1229	Gm2214	chrX	144320926	144321255	processed_pseudogene	ENSMUSG00000080922	-	Gm2214	1229
1230	Trpc5	chrX	144381671	144688180	protein_coding	ENSMUSG00000041710	-	Trpc5	1230
1231	Trpc5os	chrX	144456581	144477066	protein_coding	ENSMUSG00000072934	+	Trpc5os	1231
1232	Gm15071	chrX	144499327	144500692	processed_pseudogene	ENSMUSG00000081635	+	Gm15071	1232
1233	Mageb16-ps1	chrX	144555211	144556337	processed_pseudogene	ENSMUSG00000082106	-	Mageb16-ps1	1233
1234	Rtl4	chrX	144688907	145122411	protein_coding	ENSMUSG00000071679	+	Rtl4	1234
1235	Gm26024	chrX	144820187	144820508	misc_RNA	ENSMUSG00000089282	+	Gm26024	1235
1236	Mir3472	chrX	145039344	145039414	miRNA	ENSMUSG00000092917	+	Mir3472	1236
1237	Gm25097	chrX	145160477	145160621	snRNA	ENSMUSG00000077230	+	Gm25097	1237
1238	Gm15073	chrX	145227146	145227779	processed_pseudogene	ENSMUSG00000081336	-	Gm15073	1238
1239	Lhfpl1	chrX	145290359	145349089	protein_coding	ENSMUSG00000041700	-	Lhfpl1	1239
1240	Amot	chrX	145446425	145505181	protein_coding	ENSMUSG00000041688	-	Amot	1240
1241	Gm15060	chrX	145646506	145647453	processed_pseudogene	ENSMUSG00000081646	+	Gm15060	1241
1242	Gm15058	chrX	145753499	145753956	processed_pseudogene	ENSMUSG00000082773	-	Gm15058	1242
1243	Gm6446	chrX	145833317	145834134	processed_pseudogene	ENSMUSG00000080915	+	Gm6446	1243
1244	Gm15057	chrX	145990742	145991275	processed_pseudogene	ENSMUSG00000083375	+	Gm15057	1244
1245	Gm4918	chrX	146095376	146096459	processed_pseudogene	ENSMUSG00000083960	+	Gm4918	1245
1246	Hmgb1-ps2	chrX	146175942	146176577	processed_pseudogene	ENSMUSG00000081738	+	Hmgb1-ps2	1246
1247	Gm15061	chrX	146264952	146265997	processed_pseudogene	ENSMUSG00000084161	+	Gm15061	1247
1248	Gm8261	chrX	146599751	146600958	processed_pseudogene	ENSMUSG00000081718	-	Gm8261	1248
1249	Gm15074	chrX	146654675	146655610	processed_pseudogene	ENSMUSG00000082594	+	Gm15074	1249
1250	Gm4996	chrX	146932685	146934254	processed_pseudogene	ENSMUSG00000084061	+	Gm4996	1250
1251	Htr2c	chrX	146962513	147197277	protein_coding	ENSMUSG00000041380	+	Htr2c	1251
1252	Mir764	chrX	147002259	147002366	miRNA	ENSMUSG00000076458	+	Mir764	1252
1253	Gm24627	chrX	147106939	147107076	miRNA	ENSMUSG00000084713	+	Gm24627	1253
1254	Mir448	chrX	147158210	147158321	miRNA	ENSMUSG00000065450	+	Mir448	1254
1255	Il13ra2	chrX	147383476	147429192	protein_coding	ENSMUSG00000031289	-	Il13ra2	1255
1256	Lrch2	chrX	147470375	147554081	protein_coding	ENSMUSG00000031290	-	Lrch2	1256
1257	Gm16400	chrX	147720978	147722892	unprocessed_pseudogene	ENSMUSG00000080250	+	Gm16400	1257
1258	Gm8289	chrX	147742175	147764014	unprocessed_pseudogene	ENSMUSG00000085441	+	Gm8289	1258
1259	Gm15128	chrX	147765991	147833456	protein_coding	ENSMUSG00000095872	+	Gm15128	1259
1260	Gm15080	chrX	147992993	148033174	protein_coding	ENSMUSG00000072931	+	Gm15080	1260
1261	Gm15107	chrX	148180724	148224710	protein_coding	ENSMUSG00000072930	+	Gm15107	1261
1262	Gm15109	chrX	148290866	148354730	unprocessed_pseudogene	ENSMUSG00000072929	+	Gm15109	1262
1263	Gm15114	chrX	148488949	148521446	protein_coding	ENSMUSG00000079395	+	Gm15114	1263
1264	Gm15127	chrX	148663598	148703849	protein_coding	ENSMUSG00000096834	+	Gm15127	1264
1265	Luzp4	chrX	148857640	148924139	protein_coding	ENSMUSG00000079387	+	Luzp4	1265
1266	Gm15099	chrX	148881844	148882544	lncRNA	ENSMUSG00000094712	-	Gm15099	1266
1267	Ott	chrX	149074282	149138152	protein_coding	ENSMUSG00000094885	+	Ott	1267
1268	Gm15093	chrX	149272377	149305003	protein_coding	ENSMUSG00000094941	+	Gm15093	1268
1269	Gm15085	chrX	149447617	149487784	protein_coding	ENSMUSG00000095621	+	Gm15085	1269
1270	Gm10439	chrX	149594570	149636764	protein_coding	ENSMUSG00000072923	+	Gm10439	1270
1271	Gm15097	chrX	149784473	149826694	protein_coding	ENSMUSG00000094378	+	Gm15097	1271
1272	Gm15087	chrX	149859742	149860913	unprocessed_pseudogene	ENSMUSG00000084395	+	Gm15087	1272
1273	Gm15091	chrX	149941655	149984982	protein_coding	ENSMUSG00000095082	+	Gm15091	1273
1274	Gm15102	chrX	150013712	150015213	unprocessed_pseudogene	ENSMUSG00000095534	+	Gm15102	1274
1275	Gm5946	chrX	150220716	150226021	transcribed_processed_pseudogene	ENSMUSG00000048592	-	Gm5946	1275
1276	Gm15104	chrX	150312601	150333065	lncRNA	ENSMUSG00000087360	-	Gm15104	1276
1277	Tmem29	chrX	150397773	150459154	protein_coding	ENSMUSG00000041353	-	Tmem29	1277
1278	3110067C02Rik	chrX	150463726	150466156	processed_pseudogene	ENSMUSG00000081187	+	3110067C02Rik	1278
1279	Apex2	chrX	150519519	150589868	protein_coding	ENSMUSG00000025269	-	Apex2	1279
1280	Alas2	chrX	150547375	150570638	protein_coding	ENSMUSG00000025270	+	Alas2	1280
1281	Mir3620	chrX	150547385	150547445	miRNA	ENSMUSG00000099172	-	Mir3620	1281
1282	Pfkfb1	chrX	150588229	150643878	protein_coding	ENSMUSG00000025271	+	Pfkfb1	1282
1283	Tro	chrX	150645304	150657583	protein_coding	ENSMUSG00000025272	-	Tro	1283
1284	Maged2	chrX	150806370	150814345	protein_coding	ENSMUSG00000025268	-	Maged2	1284
1285	Itih5l-ps	chrX	150826972	150857053	transcribed_unprocessed_pseudogene	ENSMUSG00000087149	+	Itih5l-ps	1285
1286	Gm8424	chrX	150924620	150926159	processed_pseudogene	ENSMUSG00000081194	-	Gm8424	1286
1287	Gnl3l	chrX	150983141	151017322	protein_coding	ENSMUSG00000025266	-	Gnl3l	1287
1288	Gm15152	chrX	151005870	151006528	processed_pseudogene	ENSMUSG00000081782	+	Gm15152	1288
1289	Fgd1	chrX	151046150	151089521	protein_coding	ENSMUSG00000025265	+	Fgd1	1289
1290	Tsr2	chrX	151087094	151096543	protein_coding	ENSMUSG00000025264	-	Tsr2	1290
1291	Gm15138	chrX	151169700	151171764	lncRNA	ENSMUSG00000086286	+	Gm15138	1291
1292	Wnk3	chrX	151198078	151320152	protein_coding	ENSMUSG00000041245	+	Wnk3	1292
1293	Rpl21-ps15	chrX	151215167	151215649	processed_pseudogene	ENSMUSG00000083596	-	Rpl21-ps15	1293
1294	A230072E10Rik	chrX	151291974	151344846	lncRNA	ENSMUSG00000084771	-	A230072E10Rik	1294
1295	Fam120c	chrX	151344175	151471842	protein_coding	ENSMUSG00000025262	+	Fam120c	1295
1296	Gm22248	chrX	151384494	151384643	snRNA	ENSMUSG00000064416	+	Gm22248	1296
1297	Gm6451	chrX	151413668	151414384	processed_pseudogene	ENSMUSG00000084166	-	Gm6451	1297
1298	Phf8	chrX	151520672	151633859	protein_coding	ENSMUSG00000041229	+	Phf8	1298
1299	Gm24460	chrX	151539700	151539805	snoRNA	ENSMUSG00000064665	-	Gm24460	1299
1300	Gm15151	chrX	151758017	151758193	processed_pseudogene	ENSMUSG00000081331	-	Gm15151	1300
1301	n-R5s13	chrX	151777671	151777789	rRNA	ENSMUSG00000070219	+	n-R5s13	1301
1302	Gm15161	chrX	151783522	151783908	processed_pseudogene	ENSMUSG00000083719	+	Gm15161	1302
1303	Huwe1	chrX	151800807	151935417	protein_coding	ENSMUSG00000025261	+	Huwe1	1303
1304	Mir98	chrX	151913214	151913321	miRNA	ENSMUSG00000065536	+	Mir98	1304
1305	Gm15191	chrX	151945368	151946367	processed_pseudogene	ENSMUSG00000082778	+	Gm15191	1305
1306	Hsd17b10	chrX	152001845	152004442	protein_coding	ENSMUSG00000025260	+	Hsd17b10	1306
1307	Ribc1	chrX	152004582	152016295	protein_coding	ENSMUSG00000025257	-	Ribc1	1307
1308	Smc1a	chrX	152016428	152062694	protein_coding	ENSMUSG00000041133	+	Smc1a	1308
1309	Gm15267	chrX	152043049	152043512	processed_pseudogene	ENSMUSG00000083474	-	Gm15267	1309
1310	Gm15266	chrX	152110432	152111461	unprocessed_pseudogene	ENSMUSG00000081306	-	Gm15266	1310
1311	Iqsec2	chrX	152144268	152225236	protein_coding	ENSMUSG00000041115	+	Iqsec2	1311
1312	Kdm5c	chrX	152233020	152274535	protein_coding	ENSMUSG00000025332	+	Kdm5c	1312
1313	Kantr	chrX	152294828	152327495	protein_coding	ENSMUSG00000087403	-	Kantr	1313
1314	Tspyl2	chrX	152336852	152342425	protein_coding	ENSMUSG00000041096	-	Tspyl2	1314
1315	Gpr173	chrX	152343598	152368704	protein_coding	ENSMUSG00000056679	-	Gpr173	1315
1316	3010001F23Rik	chrX	152368573	152416698	lncRNA	ENSMUSG00000084885	+	3010001F23Rik	1316
1317	Gm4750	chrX	152432477	152434676	transcribed_processed_pseudogene	ENSMUSG00000087235	+	Gm4750	1317
1318	Gm8464	chrX	152489661	152491860	transcribed_processed_pseudogene	ENSMUSG00000087569	-	Gm8464	1318
1319	Cldn34a	chrX	152537501	152564197	protein_coding	ENSMUSG00000091863	+	Cldn34a	1319
1320	Gm7158	chrX	152544253	152545155	processed_pseudogene	ENSMUSG00000083948	-	Gm7158	1320
1321	Shroom2	chrX	152609509	152769465	protein_coding	ENSMUSG00000045180	-	Shroom2	1321
1322	Gpr143	chrX	152781921	152808646	protein_coding	ENSMUSG00000025333	+	Gpr143	1322
1323	Gm24687	chrX	152868620	152868860	ribozyme	ENSMUSG00000088383	+	Gm24687	1323
1324	Rpl7a-ps12	chrX	152908778	152910296	processed_pseudogene	ENSMUSG00000083440	-	Rpl7a-ps12	1324
1325	Gm6472	chrX	152909505	152910155	transcribed_processed_pseudogene	ENSMUSG00000095597	-	Gm6472	1325
1326	Gm26035	chrX	152923453	152923760	misc_RNA	ENSMUSG00000064999	-	Gm26035	1326
1327	Usp51	chrX	153006469	153009416	protein_coding	ENSMUSG00000067215	+	Usp51	1327
1328	Mageh1	chrX	153036166	153037575	protein_coding	ENSMUSG00000047238	-	Mageh1	1328
1329	9530051G07Rik	chrX	153037629	153072915	lncRNA	ENSMUSG00000085982	+	9530051G07Rik	1329
1330	Gm5396	chrX	153112923	153113454	processed_pseudogene	ENSMUSG00000084275	-	Gm5396	1330
1331	Gm26960	chrX	153114053	153114767	unprocessed_pseudogene	ENSMUSG00000098118	+	Gm26960	1331
1332	Foxr2	chrX	153118786	153132861	protein_coding	ENSMUSG00000071665	+	Foxr2	1332
1333	Rragb	chrX	153139981	153171943	protein_coding	ENSMUSG00000041658	+	Rragb	1333
1334	Klf8	chrX	153237466	153396132	protein_coding	ENSMUSG00000041649	+	Klf8	1334
1335	Ubqln2	chrX	153498227	153501570	protein_coding	ENSMUSG00000050148	+	Ubqln2	1335
1336	Gm15166	chrX	153509012	153509396	processed_pseudogene	ENSMUSG00000080799	-	Gm15166	1336
1337	Kctd12b	chrX	153685154	153696391	protein_coding	ENSMUSG00000041633	-	Kctd12b	1337
1338	Gm45022	chrX	153721157	153723881	lncRNA	ENSMUSG00000109128	-	Gm45022	1338
1339	Nbdy	chrX	153723590	153741920	protein_coding	ENSMUSG00000086316	+	Nbdy	1339
1340	Smt3h1-ps	chrX	153783340	153783619	processed_pseudogene	ENSMUSG00000082906	+	Smt3h1-ps	1340
1341	Spin2c	chrX	153832225	153834243	protein_coding	ENSMUSG00000046550	+	Spin2c	1341
1342	Gm25895	chrX	153915116	153915215	snRNA	ENSMUSG00000065648	-	Gm25895	1342
1343	Samt1	chrX	154001590	154012640	protein_coding	ENSMUSG00000094802	-	Samt1	1343
1344	Gm5947	chrX	154079685	154082526	unprocessed_pseudogene	ENSMUSG00000095065	-	Gm5947	1344
1345	Gm15140	chrX	154109633	154120685	protein_coding	ENSMUSG00000094592	-	Gm15140	1345
1346	Gm5645	chrX	154130958	154133971	unprocessed_pseudogene	ENSMUSG00000093899	-	Gm5645	1346
1347	Gm16445	chrX	154152689	154155509	unprocessed_pseudogene	ENSMUSG00000094118	-	Gm16445	1347
1348	Gm6620	chrX	154182913	154186149	unprocessed_pseudogene	ENSMUSG00000082751	-	Gm6620	1348
1349	Gm15141	chrX	154237234	154239503	unprocessed_pseudogene	ENSMUSG00000081870	-	Gm15141	1349
1350	4930524N10Rik	chrX	154339225	154343392	protein_coding	ENSMUSG00000059663	-	4930524N10Rik	1350
1351	Samt4	chrX	154482002	154484682	protein_coding	ENSMUSG00000025051	+	Samt4	1351
1352	Samt2	chrX	154575228	154579360	protein_coding	ENSMUSG00000072888	-	Samt2	1352
1353	Gm15142	chrX	154635551	154639147	unprocessed_pseudogene	ENSMUSG00000084367	+	Gm15142	1353
1354	Magea6	chrX	154924012	154935987	protein_coding	ENSMUSG00000063728	-	Magea6	1354
1355	Gm6645	chrX	154971207	154974721	processed_pseudogene	ENSMUSG00000083554	-	Gm6645	1355
1356	Magea8	chrX	154985775	154995850	protein_coding	ENSMUSG00000079350	-	Magea8	1356
1357	Magea2	chrX	155027201	155093666	protein_coding	ENSMUSG00000055746	-	Magea2	1357
1358	Magea5	chrX	155053061	155063145	protein_coding	ENSMUSG00000079349	-	Magea5	1358
1359	Gm25429	chrX	155139896	155140027	snoRNA	ENSMUSG00000088232	+	Gm25429	1359
1360	Gm4997	chrX	155150952	155151311	processed_pseudogene	ENSMUSG00000045694	-	Gm4997	1360
1361	Gm15157	chrX	155185679	155186380	processed_pseudogene	ENSMUSG00000082560	+	Gm15157	1361
1362	Sat1	chrX	155213132	155216449	protein_coding	ENSMUSG00000025283	-	Sat1	1362
1363	Gm15159	chrX	155237498	155238261	processed_pseudogene	ENSMUSG00000084065	+	Gm15159	1363
1364	Acot9	chrX	155262443	155297654	protein_coding	ENSMUSG00000025287	+	Acot9	1364
1365	Prdx4	chrX	155323918	155340754	protein_coding	ENSMUSG00000025289	-	Prdx4	1365
1366	Ptchd1	chrX	155573455	155623814	protein_coding	ENSMUSG00000041552	-	Ptchd1	1366
1367	Gm15155	chrX	155624741	156345887	protein_coding	ENSMUSG00000055109	+	Gm15155	1367
1368	4930503H13Rik	chrX	156539151	156540120	processed_pseudogene	ENSMUSG00000082612	+	4930503H13Rik	1368
1369	Gm7312	chrX	156679335	156679803	processed_pseudogene	ENSMUSG00000083573	-	Gm7312	1369
1370	Gm15162	chrX	156788206	156788488	processed_pseudogene	ENSMUSG00000084246	+	Gm15162	1370
1371	Phex	chrX	157162075	157415312	protein_coding	ENSMUSG00000057457	-	Phex	1371
1372	Gm1947	chrX	157429417	157430326	processed_pseudogene	ENSMUSG00000083841	+	Gm1947	1372
1373	Sms	chrX	157443855	157492287	protein_coding	ENSMUSG00000071708	-	Sms	1373
1374	Mbtps2	chrX	157535371	157598715	protein_coding	ENSMUSG00000046873	-	Mbtps2	1374
1375	Gm6568	chrX	157540866	157541562	processed_pseudogene	ENSMUSG00000082002	+	Gm6568	1375
1376	Yy2	chrX	157566119	157568985	protein_coding	ENSMUSG00000091736	-	Yy2	1376
1377	Gm15171	chrX	157663598	157663931	processed_pseudogene	ENSMUSG00000083117	+	Gm15171	1377
1378	Smpx	chrX	157698910	157752591	protein_coding	ENSMUSG00000041476	+	Smpx	1378
1379	Gm15169	chrX	157757427	157798019	lncRNA	ENSMUSG00000086188	-	Gm15169	1379
1380	Klhl34	chrX	157818435	157820369	protein_coding	ENSMUSG00000047485	+	Klhl34	1380
1381	Cnksr2	chrX	157821436	158043294	protein_coding	ENSMUSG00000025658	-	Cnksr2	1381
1382	Gm8659	chrX	158150096	158151179	processed_pseudogene	ENSMUSG00000082076	+	Gm8659	1382
1383	Gm8662	chrX	158248797	158249370	processed_pseudogene	ENSMUSG00000081797	+	Gm8662	1383
1384	Gm15177	chrX	158302921	158303497	processed_pseudogene	ENSMUSG00000084270	+	Gm15177	1384
1385	Gm22522	chrX	158373082	158373232	snoRNA	ENSMUSG00000088896	+	Gm22522	1385
1386	Gm15168	chrX	158503317	158503901	processed_pseudogene	ENSMUSG00000084210	-	Gm15168	1386
1387	Gm15188	chrX	159102349	159104985	unprocessed_pseudogene	ENSMUSG00000083625	-	Gm15188	1387
1388	Rps6ka3	chrX	159210307	159368244	protein_coding	ENSMUSG00000031309	+	Rps6ka3	1388
1389	Eif1ax	chrX	159372178	159389928	protein_coding	ENSMUSG00000067194	+	Eif1ax	1389
1390	Gm15187	chrX	159410247	159410510	processed_pseudogene	ENSMUSG00000083437	-	Gm15187	1390
1391	Map7d2	chrX	159414572	159498757	protein_coding	ENSMUSG00000041020	+	Map7d2	1391
1392	Bclaf3	chrX	159526688	159593081	protein_coding	ENSMUSG00000044150	+	Bclaf3	1392
1393	Gm15190	chrX	159584783	159585058	processed_pseudogene	ENSMUSG00000082693	-	Gm15190	1393
1394	Gm15186	chrX	159588465	159589027	processed_pseudogene	ENSMUSG00000083906	+	Gm15186	1394
1395	Sh3kbp1	chrX	159627272	159978069	protein_coding	ENSMUSG00000040990	+	Sh3kbp1	1395
1396	Map3k15	chrX	159988433	160123351	protein_coding	ENSMUSG00000031303	+	Map3k15	1396
1397	Pdha1	chrX	160122209	160138413	protein_coding	ENSMUSG00000031299	-	Pdha1	1397
1398	Gm15193	chrX	160345326	160347733	processed_pseudogene	ENSMUSG00000081536	-	Gm15193	1398
1399	Adgrg2	chrX	160390690	160498070	protein_coding	ENSMUSG00000031298	+	Adgrg2	1399
1400	Gm15241	chrX	160488549	160499870	lncRNA	ENSMUSG00000087505	-	Gm15241	1400
1401	Phka2	chrX	160502166	160598878	protein_coding	ENSMUSG00000031295	+	Phka2	1401
1402	Gm15243	chrX	160527501	160533045	lncRNA	ENSMUSG00000085695	-	Gm15243	1402
1403	Ppef1	chrX	160623094	160735765	protein_coding	ENSMUSG00000062168	-	Ppef1	1403
1404	Rs1	chrX	160768013	160799663	protein_coding	ENSMUSG00000031293	+	Rs1	1404
1405	Cdkl5	chrX	160771923	160994704	protein_coding	ENSMUSG00000031292	-	Cdkl5	1405
1406	Gja6	chrX	160902116	160907052	protein_coding	ENSMUSG00000055691	-	Gja6	1406
1407	Scml2	chrX	161082525	161258213	protein_coding	ENSMUSG00000000037	+	Scml2	1407
1408	Gm15262	chrX	161287456	161366252	protein_coding	ENSMUSG00000108981	+	Gm15262	1408
1409	Rai2	chrX	161717069	161779496	protein_coding	ENSMUSG00000043518	+	Rai2	1409
1410	Scml1	chrX	161814690	161832176	transcribed_unitary_pseudogene	ENSMUSG00000086540	-	Scml1	1410
1411	Nhs	chrX	161833296	162159730	protein_coding	ENSMUSG00000059493	-	Nhs	1411
1412	Gm15202	chrX	161908223	161908777	lncRNA	ENSMUSG00000087571	+	Gm15202	1412
1413	Gm26317	chrX	162069457	162069563	snRNA	ENSMUSG00000065828	+	Gm26317	1413
1414	Gm23794	chrX	162114238	162114341	snRNA	ENSMUSG00000065943	+	Gm23794	1414
1415	Gm15204	chrX	162351596	162353876	processed_pseudogene	ENSMUSG00000082625	+	Gm15204	1415
1416	Reps2	chrX	162411954	162643649	protein_coding	ENSMUSG00000040855	-	Reps2	1416
1417	Gm7331	chrX	162566857	162567243	processed_pseudogene	ENSMUSG00000059461	+	Gm7331	1417
1418	Gm15206	chrX	162576618	162577071	processed_pseudogene	ENSMUSG00000082007	-	Gm15206	1418
1419	Gm15201	chrX	162735078	162736613	lncRNA	ENSMUSG00000086034	-	Gm15201	1419
1420	Rbbp7	chrX	162760402	162779092	protein_coding	ENSMUSG00000031353	+	Rbbp7	1420
1421	Txlng	chrX	162778919	162829454	protein_coding	ENSMUSG00000038344	-	Txlng	1421
1422	Gm16459	chrX	162844838	162845523	processed_pseudogene	ENSMUSG00000084022	+	Gm16459	1422
1423	Gm23901	chrX	162850158	162850264	snRNA	ENSMUSG00000088195	-	Gm23901	1423
1424	Syap1	chrX	162857057	162888447	protein_coding	ENSMUSG00000031357	-	Syap1	1424
1425	Mir3473a	chrX	162874918	162874995	miRNA	ENSMUSG00000092752	-	Mir3473a	1425
1426	Ctps2	chrX	162901238	163032508	protein_coding	ENSMUSG00000031360	+	Ctps2	1426
1427	S100g	chrX	162961992	162964599	protein_coding	ENSMUSG00000040808	-	S100g	1427
1428	Gm23501	chrX	163069614	163069869	misc_RNA	ENSMUSG00000088369	-	Gm23501	1428
1429	Gm15212	chrX	163272912	163273377	processed_pseudogene	ENSMUSG00000082598	+	Gm15212	1429
1430	Gm7199	chrX	163477652	163479136	processed_pseudogene	ENSMUSG00000080778	+	Gm7199	1430
1431	Grpr	chrX	163513904	163549677	protein_coding	ENSMUSG00000031364	-	Grpr	1431
1432	Gm15213	chrX	163778229	163778444	processed_pseudogene	ENSMUSG00000081699	-	Gm15213	1432
1433	Ap1s2	chrX	163909017	163933666	protein_coding	ENSMUSG00000031367	+	Ap1s2	1433
1434	Zrsr2	chrX	163935443	163958661	protein_coding	ENSMUSG00000031370	-	Zrsr2	1434
1435	Car5b	chrX	163976822	164027997	protein_coding	ENSMUSG00000031373	-	Car5b	1435
1436	Siah1b	chrX	164070705	164076493	protein_coding	ENSMUSG00000040749	-	Siah1b	1436
1437	Cltrn	chrX	164088830	164118860	protein_coding	ENSMUSG00000015401	+	Cltrn	1437
1438	Ace2	chrX	164139332	164188420	protein_coding	ENSMUSG00000015405	+	Ace2	1438
1439	Bmx	chrX	164192842	164258193	protein_coding	ENSMUSG00000031377	-	Bmx	1439
1440	Pir	chrX	164269371	164373011	protein_coding	ENSMUSG00000031379	+	Pir	1440
1441	Vegfd	chrX	164373378	164402650	protein_coding	ENSMUSG00000031380	+	Vegfd	1441
1442	Piga	chrX	164419787	164433916	protein_coding	ENSMUSG00000031381	+	Piga	1442
1443	Asb11	chrX	164436994	164459170	protein_coding	ENSMUSG00000031382	+	Asb11	1443
1444	Gm15211	chrX	164463216	164465882	processed_pseudogene	ENSMUSG00000081931	+	Gm15211	1444
1445	Asb9	chrX	164506327	164539752	protein_coding	ENSMUSG00000031384	+	Asb9	1445
1446	Mospd2	chrX	164936169	164980375	protein_coding	ENSMUSG00000061778	-	Mospd2	1446
1447	Fancb	chrX	164980592	164997272	protein_coding	ENSMUSG00000047757	+	Fancb	1447
1448	Glra2	chrX	165129017	165327393	protein_coding	ENSMUSG00000018589	-	Glra2	1448
1449	Gm15236	chrX	165680204	165680582	processed_pseudogene	ENSMUSG00000082134	+	Gm15236	1449
1450	Gm15224	chrX	166024033	166024420	processed_pseudogene	ENSMUSG00000081012	-	Gm15224	1450
1451	Gm15225	chrX	166062237	166070237	processed_pseudogene	ENSMUSG00000083466	+	Gm15225	1451
1452	Gemin8	chrX	166170454	166190512	protein_coding	ENSMUSG00000040621	+	Gemin8	1452
1453	Gpm6b	chrX	166238911	166388988	protein_coding	ENSMUSG00000031342	+	Gpm6b	1453
1454	Ofd1	chrX	166390033	166440704	protein_coding	ENSMUSG00000040586	-	Ofd1	1454
1455	Trappc2	chrX	166440574	166453140	protein_coding	ENSMUSG00000079317	+	Trappc2	1455
1456	Rab9	chrX	166457253	166479867	protein_coding	ENSMUSG00000079316	-	Rab9	1456
1457	Gm15223	chrX	166485602	166486427	processed_pseudogene	ENSMUSG00000081875	+	Gm15223	1457
1458	Tceanc	chrX	166499812	166518567	protein_coding	ENSMUSG00000051224	-	Tceanc	1458
1459	Egfl6	chrX	166523007	166585720	protein_coding	ENSMUSG00000000402	-	Egfl6	1459
1460	Gm1720	chrX	166662025	166689812	lncRNA	ENSMUSG00000086860	+	Gm1720	1460
1461	Gm15230	chrX	166857669	166864449	lncRNA	ENSMUSG00000084920	-	Gm15230	1461
1462	Gm8817	chrX	167063194	167070380	lncRNA	ENSMUSG00000086008	-	Gm8817	1462
1463	Gm15232	chrX	167088093	167102090	lncRNA	ENSMUSG00000084806	-	Gm15232	1463
1464	Gm15228	chrX	167164097	167171278	lncRNA	ENSMUSG00000087340	+	Gm15228	1464
1465	Tmsb4x	chrX	167207093	167209315	protein_coding	ENSMUSG00000049775	-	Tmsb4x	1465
1466	Tlr8	chrX	167242696	167264329	protein_coding	ENSMUSG00000040522	-	Tlr8	1466
1467	Tlr7	chrX	167304929	167330558	protein_coding	ENSMUSG00000044583	-	Tlr7	1467
1468	Prps2	chrX	167346322	167382749	protein_coding	ENSMUSG00000025742	-	Prps2	1468
1469	Gm15239	chrX	167361455	167364421	lncRNA	ENSMUSG00000086258	+	Gm15239	1469
1470	Frmpd4	chrX	167471309	168577231	protein_coding	ENSMUSG00000049176	-	Frmpd4	1470
1471	Gm15238	chrX	167776261	167777556	processed_pseudogene	ENSMUSG00000084378	+	Gm15238	1471
1472	Gm24772	chrX	167902315	167902424	rRNA	ENSMUSG00000089132	+	Gm24772	1472
1473	Gm15240	chrX	167987505	167988224	processed_pseudogene	ENSMUSG00000082915	+	Gm15240	1473
1474	Gm15237	chrX	168074454	168074922	processed_pseudogene	ENSMUSG00000084180	+	Gm15237	1474
1475	Gm8832	chrX	168366464	168366858	processed_pseudogene	ENSMUSG00000083611	+	Gm8832	1475
1476	Msl3	chrX	168654117	168673898	protein_coding	ENSMUSG00000031358	-	Msl3	1476
1477	Arhgap6	chrX	168795099	169304435	protein_coding	ENSMUSG00000031355	+	Arhgap6	1477
1478	Gm15261	chrX	169037674	169106536	lncRNA	ENSMUSG00000087201	-	Gm15261	1478
1479	Amelx	chrX	169176114	169187200	protein_coding	ENSMUSG00000031354	-	Amelx	1479
1480	Hccs	chrX	169250193	169320372	protein_coding	ENSMUSG00000031352	-	Hccs	1480
1481	Gm27980	chrX	169295009	169295177	misc_RNA	ENSMUSG00000099179	+	Gm27980	1481
1482	Gm15246	chrX	169320622	169368190	lncRNA	ENSMUSG00000087159	+	Gm15246	1482
1483	BC022960	chrX	169368189	169370003	transcribed_processed_pseudogene	ENSMUSG00000081137	+	BC022960	1483
1484	Gm15245	chrX	169447830	169475913	lncRNA	ENSMUSG00000087587	+	Gm15245	1484
1485	Mid1	chrX	169685199	170005736	protein_coding	ENSMUSG00000035299	+	Mid1	1485
1486	4933400A11Rik	chrX	169776257	169779635	protein_coding	ENSMUSG00000055357	-	4933400A11Rik	1486
1487	G530011O06Rik	chrX	169975043	169978917	lncRNA	ENSMUSG00000072844	-	G530011O06Rik	1487
1488	Gm15726	chrX	169979047	169985232	lncRNA	ENSMUSG00000087263	-	Gm15726	1488
1489	Gm15247	chrX	169985801	169986939	lncRNA	ENSMUSG00000086695	-	Gm15247	1489
1490	Gm21887	chrX	170009659	170019281	lncRNA	ENSMUSG00000095562	+	Gm21887	1490
1491	Asmt	chrX	170672644	170678054	protein_coding	ENSMUSG00000093806	+	Asmt	1491
