	gene_name	chr	start	end	type	ensembl_id	strand	gene_name2	Node_ID
0	Fam171a1	chr2	3114224	3227806	protein_coding	ENSMUSG00000050530	+	Fam171a1	0
1	Nmt2	chr2	3284212	3328877	protein_coding	ENSMUSG00000026643	+	Nmt2	1
2	Gm22005	chr2	3291378	3291518	snRNA	ENSMUSG00000075837	-	Gm22005	2
3	Rpp38	chr2	3328949	3332643	protein_coding	ENSMUSG00000049950	-	Rpp38	3
4	Acbd7	chr2	3336168	3340993	protein_coding	ENSMUSG00000026644	+	Acbd7	4
5	Olah	chr2	3341982	3397210	protein_coding	ENSMUSG00000026645	-	Olah	5
6	Gm37525	chr2	3351134	3354004	lncRNA	ENSMUSG00000103786	-	Gm37525	6
7	Meig1	chr2	3409043	3422648	protein_coding	ENSMUSG00000026650	-	Meig1	7
8	Dclre1c	chr2	3424131	3464130	protein_coding	ENSMUSG00000026648	+	Dclre1c	8
9	Suv39h2	chr2	3455815	3475031	protein_coding	ENSMUSG00000026646	-	Suv39h2	9
10	Gm13184	chr2	3468613	3474546	lncRNA	ENSMUSG00000085043	+	Gm13184	10
11	Hspa14	chr2	3488850	3512814	protein_coding	ENSMUSG00000109865	-	Hspa14	11
12	Gm45902	chr2	3504527	3512790	protein_coding	ENSMUSG00000051396	-	Gm45902	12
13	Cdnf	chr2	3513030	3526376	protein_coding	ENSMUSG00000039496	+	Cdnf	13
14	Gm13186	chr2	3531285	3531600	processed_pseudogene	ENSMUSG00000081278	+	Gm13186	14
15	Gm13182	chr2	3550757	3551068	processed_pseudogene	ENSMUSG00000082580	+	Gm13182	15
16	Fam107b	chr2	3570488	3782142	protein_coding	ENSMUSG00000026655	+	Fam107b	16
17	Gm13183	chr2	3679802	3680590	processed_pseudogene	ENSMUSG00000080703	-	Gm13183	17
18	Gm13181	chr2	3686362	3687430	processed_pseudogene	ENSMUSG00000081070	+	Gm13181	18
19	Gm13180	chr2	3855030	3877575	lncRNA	ENSMUSG00000085656	+	Gm13180	19
20	Gm13191	chr2	3925808	3929139	lncRNA	ENSMUSG00000086445	-	Gm13191	20
21	Frmd4a	chr2	4017717	4614043	protein_coding	ENSMUSG00000026657	+	Frmd4a	21
22	Gm2639	chr2	4051263	4052559	processed_pseudogene	ENSMUSG00000086458	-	Gm2639	22
23	Gm13188	chr2	4081855	4082418	processed_pseudogene	ENSMUSG00000081889	-	Gm13188	23
24	Gm10862	chr2	4091140	4094489	lncRNA	ENSMUSG00000104284	+	Gm10862	24
25	Gm38085	chr2	4103877	4106938	lncRNA	ENSMUSG00000102517	+	Gm38085	25
26	1700080N15Rik	chr2	4132063	4141141	lncRNA	ENSMUSG00000084859	-	1700080N15Rik	26
27	Gm13189	chr2	4137774	4144102	lncRNA	ENSMUSG00000086921	+	Gm13189	27
28	Gm37814	chr2	4138984	4142627	lncRNA	ENSMUSG00000102816	+	Gm37814	28
29	Gm37107	chr2	4178110	4180661	lncRNA	ENSMUSG00000102136	+	Gm37107	29
30	Gm38348	chr2	4217081	4219353	lncRNA	ENSMUSG00000102357	+	Gm38348	30
31	Gm13187	chr2	4287595	4301167	lncRNA	ENSMUSG00000087355	-	Gm13187	31
32	Gm36988	chr2	4316479	4318886	lncRNA	ENSMUSG00000102494	+	Gm36988	32
33	Gm13175	chr2	4458434	4466670	lncRNA	ENSMUSG00000086874	-	Gm13175	33
34	Gm13179	chr2	4586024	4587287	lncRNA	ENSMUSG00000086018	-	Gm13179	34
35	Prpf18	chr2	4622058	4652113	protein_coding	ENSMUSG00000039449	-	Prpf18	35
36	Gm13196	chr2	4700238	4700616	processed_pseudogene	ENSMUSG00000083378	+	Gm13196	36
37	Bend7	chr2	4717831	4802142	protein_coding	ENSMUSG00000048186	+	Bend7	37
38	Gm13176	chr2	4834136	4834612	processed_pseudogene	ENSMUSG00000083407	-	Gm13176	38
39	Sephs1	chr2	4881564	4910557	protein_coding	ENSMUSG00000026662	+	Sephs1	39
40	Phyh	chr2	4919019	4938730	protein_coding	ENSMUSG00000026664	+	Phyh	40
41	Gm13194	chr2	4942174	4942484	processed_pseudogene	ENSMUSG00000086670	+	Gm13194	41
42	Gm13192	chr2	4959545	4959752	processed_pseudogene	ENSMUSG00000069188	-	Gm13192	42
43	Ucma	chr2	4976122	4985748	protein_coding	ENSMUSG00000026668	+	Ucma	43
44	Mcm10	chr2	4989714	5012791	protein_coding	ENSMUSG00000026669	-	Mcm10	44
45	Optn	chr2	5020642	5064051	protein_coding	ENSMUSG00000026672	-	Optn	45
46	4930551O13Rik	chr2	5037280	5041133	lncRNA	ENSMUSG00000086430	+	4930551O13Rik	46
47	Ccdc3	chr2	5137776	5230878	protein_coding	ENSMUSG00000026676	+	Ccdc3	47
48	Gm13198	chr2	5156392	5157217	processed_pseudogene	ENSMUSG00000081005	+	Gm13198	48
49	Gm23118	chr2	5259929	5260115	snRNA	ENSMUSG00000084606	-	Gm23118	49
50	Gm13197	chr2	5283650	5283874	processed_pseudogene	ENSMUSG00000080820	+	Gm13197	50
51	Camk1d	chr2	5293457	5714515	protein_coding	ENSMUSG00000039145	-	Camk1d	51
52	Cdc123	chr2	5794294	5845164	protein_coding	ENSMUSG00000039128	-	Cdc123	52
53	Nudt5	chr2	5845019	5871895	protein_coding	ENSMUSG00000025817	+	Nudt5	53
54	Gm13199	chr2	5862080	5862934	protein_coding	ENSMUSG00000056718	-	Gm13199	54
55	Sec61a2	chr2	5870987	5895432	protein_coding	ENSMUSG00000025816	-	Sec61a2	55
56	Gm13267	chr2	5895510	5900131	lncRNA	ENSMUSG00000085818	+	Gm13267	56
57	Dhtkd1	chr2	5896115	5942792	protein_coding	ENSMUSG00000025815	-	Dhtkd1	57
58	Upf2	chr2	5951469	6056703	protein_coding	ENSMUSG00000043241	+	Upf2	58
59	Proser2	chr2	6097607	6130211	protein_coding	ENSMUSG00000045319	-	Proser2	59
60	Gm13384	chr2	6132208	6133956	processed_pseudogene	ENSMUSG00000082332	-	Gm13384	60
61	Gm10857	chr2	6132869	6140568	lncRNA	ENSMUSG00000102887	+	Gm10857	61
62	Echdc3	chr2	6188465	6213033	protein_coding	ENSMUSG00000039063	-	Echdc3	62
63	A230108P19Rik	chr2	6193251	6321611	lncRNA	ENSMUSG00000087125	+	A230108P19Rik	63
64	Gm13383	chr2	6255946	6257266	lncRNA	ENSMUSG00000087485	-	Gm13383	64
65	AL845275.1	chr2	6322263	6323080	protein_coding	ENSMUSG00000118578	-	AL845275.1	65
66	Usp6nl	chr2	6322667	6446390	protein_coding	ENSMUSG00000039046	+	Usp6nl	66
67	Gm13388	chr2	6431786	6436033	lncRNA	ENSMUSG00000085716	-	Gm13388	67
68	Gm13391	chr2	6472000	6478619	lncRNA	ENSMUSG00000086109	+	Gm13391	68
69	Gm38386	chr2	6479690	6483110	TEC	ENSMUSG00000102599	+	Gm38386	69
70	Celf2	chr2	6539694	7509563	protein_coding	ENSMUSG00000002107	-	Celf2	70
71	Gm13389	chr2	6884270	6886924	lncRNA	ENSMUSG00000087079	+	Gm13389	71
72	Gm10855	chr2	6932541	6935081	lncRNA	ENSMUSG00000075538	-	Gm10855	72
73	Gm37340	chr2	6940625	6951061	TEC	ENSMUSG00000103412	+	Gm37340	73
74	Gm10115	chr2	6950453	6951680	lncRNA	ENSMUSG00000062319	-	Gm10115	74
75	Gm26315	chr2	7076094	7076414	misc_RNA	ENSMUSG00000065824	-	Gm26315	75
76	Gm24340	chr2	7350097	7350193	snRNA	ENSMUSG00000077396	+	Gm24340	76
77	Gm28641	chr2	7529939	7531307	lncRNA	ENSMUSG00000099424	+	Gm28641	77
78	Gm13211	chr2	7716151	7781408	lncRNA	ENSMUSG00000085070	-	Gm13211	78
79	1700061F12Rik	chr2	9189515	9197477	lncRNA	ENSMUSG00000085580	+	1700061F12Rik	79
80	Gm13219	chr2	9352431	9447676	lncRNA	ENSMUSG00000079604	+	Gm13219	80
81	Gm13220	chr2	9575836	9576343	processed_pseudogene	ENSMUSG00000081202	+	Gm13220	81
82	Gm13218	chr2	9591219	9597843	lncRNA	ENSMUSG00000079603	-	Gm13218	82
83	Gm37866	chr2	9630646	9631341	TEC	ENSMUSG00000104276	-	Gm37866	83
84	Gata3	chr2	9857078	9890034	protein_coding	ENSMUSG00000015619	-	Gata3	84
85	Gm13256	chr2	9877256	9878869	lncRNA	ENSMUSG00000086618	+	Gm13256	85
86	4930412O13Rik	chr2	9881252	9883921	protein_coding	ENSMUSG00000025783	+	4930412O13Rik	86
87	9230102O04Rik	chr2	9883041	9889540	protein_coding	ENSMUSG00000079602	-	9230102O04Rik	87
88	Gm13262	chr2	9906178	9914678	lncRNA	ENSMUSG00000075534	+	Gm13262	88
89	Taf3	chr2	9914552	10048596	protein_coding	ENSMUSG00000025782	-	Taf3	89
90	C630004M23Rik	chr2	10047838	10049519	TEC	ENSMUSG00000103570	+	C630004M23Rik	90
91	Atp5c1	chr2	10056016	10080510	protein_coding	ENSMUSG00000025781	-	Atp5c1	91
92	Gm23608	chr2	10075653	10075780	snoRNA	ENSMUSG00000077733	-	Gm23608	92
93	Kin	chr2	10080593	10092806	protein_coding	ENSMUSG00000037262	+	Kin	93
94	Itih2	chr2	10094593	10131396	protein_coding	ENSMUSG00000037254	-	Itih2	94
95	Itih5	chr2	10153571	10256529	protein_coding	ENSMUSG00000025780	+	Itih5	95
96	Gm13261	chr2	10339283	10374041	lncRNA	ENSMUSG00000086748	-	Gm13261	96
97	Sfmbt2	chr2	10370510	10595253	protein_coding	ENSMUSG00000061186	+	Sfmbt2	97
98	Mir669l	chr2	10468971	10469068	miRNA	ENSMUSG00000076959	+	Mir669l	98
99	Mir669a-4	chr2	10479315	10479401	miRNA	ENSMUSG00000105546	+	Mir669a-4	99
100	Mir669a-5	chr2	10481761	10481847	miRNA	ENSMUSG00000104734	+	Mir669a-5	100
101	Gm22775	chr2	10485250	10485369	miRNA	ENSMUSG00000094101	+	Gm22775	101
102	Mir466b-7	chr2	10496268	10496355	miRNA	ENSMUSG00000096360	+	Mir466b-7	102
103	Gm26156	chr2	10499204	10499326	miRNA	ENSMUSG00000080649	+	Gm26156	103
104	Gm25943	chr2	10501109	10501198	miRNA	ENSMUSG00000096053	+	Gm25943	104
105	Gm22678	chr2	10506755	10506855	miRNA	ENSMUSG00000080624	+	Gm22678	105
106	Mir466	chr2	10507918	10507990	miRNA	ENSMUSG00000070099	+	Mir466	106
107	Gm26092	chr2	10512203	10512299	miRNA	ENSMUSG00000095699	+	Gm26092	107
108	Mir669m-2	chr2	10513434	10513531	miRNA	ENSMUSG00000088980	+	Mir669m-2	108
109	Mir669o	chr2	10514300	10514395	miRNA	ENSMUSG00000077086	+	Mir669o	109
110	Mir466g	chr2	10514595	10514674	miRNA	ENSMUSG00000078025	+	Mir466g	110
111	Gm13263	chr2	10959127	10959964	processed_pseudogene	ENSMUSG00000082871	-	Gm13263	111
112	Gm13264	chr2	11036873	11060129	lncRNA	ENSMUSG00000085257	+	Gm13264	112
113	Prkcq	chr2	11172108	11301222	protein_coding	ENSMUSG00000026778	+	Prkcq	113
114	Gm36932	chr2	11181012	11181940	TEC	ENSMUSG00000103774	+	Gm36932	114
115	Gm37520	chr2	11190641	11193312	TEC	ENSMUSG00000103253	-	Gm37520	115
116	Gm38171	chr2	11315372	11319874	lncRNA	ENSMUSG00000102196	-	Gm38171	116
117	8030442B05Rik	chr2	11338366	11398501	lncRNA	ENSMUSG00000102674	-	8030442B05Rik	117
118	Gm13293	chr2	11339488	11344111	lncRNA	ENSMUSG00000086006	+	Gm13293	118
119	Gm37730	chr2	11365241	11367451	TEC	ENSMUSG00000103223	-	Gm37730	119
120	4933403L11Rik	chr2	11383787	11384907	TEC	ENSMUSG00000103321	-	4933403L11Rik	120
121	Gm13291	chr2	11385003	11387064	lncRNA	ENSMUSG00000086491	+	Gm13291	121
122	Gm13292	chr2	11409031	11410030	processed_pseudogene	ENSMUSG00000082424	-	Gm13292	122
123	Gm13296	chr2	11420224	11421220	processed_pseudogene	ENSMUSG00000082314	+	Gm13296	123
124	Pfkfb3	chr2	11471433	11554077	protein_coding	ENSMUSG00000026773	-	Pfkfb3	124
125	Gm10851	chr2	11521706	11530836	lncRNA	ENSMUSG00000102329	+	Gm10851	125
126	Gm37975	chr2	11532596	11534694	TEC	ENSMUSG00000102376	-	Gm37975	126
127	Rbm17	chr2	11585437	11604153	protein_coding	ENSMUSG00000037197	-	Rbm17	127
128	Gm17490	chr2	11625606	11626264	protein_coding	ENSMUSG00000091312	-	Gm17490	128
129	Il2ra	chr2	11642807	11693193	protein_coding	ENSMUSG00000026770	+	Il2ra	129
130	Il15ra	chr2	11705290	11734317	protein_coding	ENSMUSG00000023206	+	Il15ra	130
131	Fbh1	chr2	11742573	11777582	protein_coding	ENSMUSG00000058594	-	Fbh1	131
132	Ankrd16	chr2	11777876	11790329	protein_coding	ENSMUSG00000047909	+	Ankrd16	132
133	Gm34768	chr2	11900082	11910310	unprocessed_pseudogene	ENSMUSG00000103542	+	Gm34768	133
134	Itga8	chr2	12106632	12301922	protein_coding	ENSMUSG00000026768	-	Itga8	134
135	Gm37701	chr2	12128643	12129742	TEC	ENSMUSG00000104174	-	Gm37701	135
136	E030013I19Rik	chr2	12300946	12312315	lncRNA	ENSMUSG00000086843	+	E030013I19Rik	136
137	Mindy3	chr2	12347263	12419470	protein_coding	ENSMUSG00000026767	-	Mindy3	137
138	Gm37289	chr2	12357095	12358496	TEC	ENSMUSG00000102630	-	Gm37289	138
139	Gm37255	chr2	12372212	12375271	TEC	ENSMUSG00000104449	-	Gm37255	139
140	Gm38014	chr2	12389872	12392483	TEC	ENSMUSG00000104406	-	Gm38014	140
141	Gm37565	chr2	12697417	12706853	lncRNA	ENSMUSG00000104045	+	Gm37565	141
142	Pter	chr2	12924041	13003455	protein_coding	ENSMUSG00000026730	+	Pter	142
143	C1ql3	chr2	13003457	13011806	protein_coding	ENSMUSG00000049630	-	C1ql3	143
144	Gm37824	chr2	13004365	13007600	TEC	ENSMUSG00000104459	+	Gm37824	144
145	Gm37811	chr2	13009886	13012486	TEC	ENSMUSG00000102900	+	Gm37811	145
146	Gm37356	chr2	13012624	13014236	TEC	ENSMUSG00000103599	+	Gm37356	146
147	Gm37742	chr2	13036126	13040104	TEC	ENSMUSG00000103143	+	Gm37742	147
148	Rsu1	chr2	13076821	13271415	protein_coding	ENSMUSG00000026727	-	Rsu1	148
149	Gm38156	chr2	13116176	13118435	TEC	ENSMUSG00000103360	-	Gm38156	149
150	Gm37780	chr2	13161751	13163623	TEC	ENSMUSG00000102691	-	Gm37780	150
151	Gm37160	chr2	13238939	13240627	TEC	ENSMUSG00000103232	-	Gm37160	151
152	Gm13270	chr2	13271601	13325827	lncRNA	ENSMUSG00000086358	+	Gm13270	152
153	Cubn	chr2	13276338	13491813	protein_coding	ENSMUSG00000026726	-	Cubn	153
154	Trdmt1	chr2	13509014	13544668	protein_coding	ENSMUSG00000026723	-	Trdmt1	154
155	Vim	chr2	13573927	13582826	protein_coding	ENSMUSG00000026728	+	Vim	155
156	St8sia6	chr2	13651021	13794064	protein_coding	ENSMUSG00000003418	-	St8sia6	156
157	Hacd1	chr2	13850282	14056135	protein_coding	ENSMUSG00000063275	-	Hacd1	157
158	D930036K23Rik	chr2	14016086	14020049	TEC	ENSMUSG00000102553	-	D930036K23Rik	158
159	Gm37894	chr2	14037825	14040423	TEC	ENSMUSG00000103926	-	Gm37894	159
160	Stamos	chr2	14070332	14073934	lncRNA	ENSMUSG00000086657	-	Stamos	160
161	Stam	chr2	14074098	14149634	protein_coding	ENSMUSG00000026718	+	Stam	161
162	Gm37499	chr2	14149820	14153297	TEC	ENSMUSG00000103901	+	Gm37499	162
163	Tmem236	chr2	14174523	14221993	protein_coding	ENSMUSG00000061531	+	Tmem236	163
164	Gm13320	chr2	14189623	14189763	TEC	ENSMUSG00000083545	-	Gm13320	164
165	Mrc1	chr2	14229392	14332057	protein_coding	ENSMUSG00000026712	+	Mrc1	165
166	Gm37697	chr2	14345677	14347520	TEC	ENSMUSG00000103475	+	Gm37697	166
167	Slc39a12	chr2	14388316	14494977	protein_coding	ENSMUSG00000036949	+	Slc39a12	167
168	Gm13266	chr2	14512591	14542811	lncRNA	ENSMUSG00000084901	+	Gm13266	168
169	Cacnb2	chr2	14603088	14987908	protein_coding	ENSMUSG00000057914	+	Cacnb2	169
170	Gm10849	chr2	14603990	14604611	pseudogene	ENSMUSG00000075525	-	Gm10849	170
171	Gm38105	chr2	14611217	14613837	TEC	ENSMUSG00000104153	+	Gm38105	171
172	Gm13268	chr2	14626889	14627321	processed_pseudogene	ENSMUSG00000070271	-	Gm13268	172
173	Gm13312	chr2	14672255	14672972	processed_pseudogene	ENSMUSG00000083633	+	Gm13312	173
174	2900092N22Rik	chr2	14673404	14674812	TEC	ENSMUSG00000104034	+	2900092N22Rik	174
175	Gm13314	chr2	14691394	14691728	processed_pseudogene	ENSMUSG00000081008	-	Gm13314	175
176	Gm13311	chr2	14692871	14693249	processed_pseudogene	ENSMUSG00000082542	-	Gm13311	176
177	Gm10848	chr2	14706834	14739722	lncRNA	ENSMUSG00000104106	-	Gm10848	177
178	Gm37006	chr2	14707665	14710338	TEC	ENSMUSG00000103885	+	Gm37006	178
179	Gm13315	chr2	14721134	14722124	processed_pseudogene	ENSMUSG00000083305	+	Gm13315	179
180	Gm38273	chr2	14735546	14737927	TEC	ENSMUSG00000103050	-	Gm38273	180
181	Gm13269	chr2	14740372	14767024	lncRNA	ENSMUSG00000087086	-	Gm13269	181
182	Gm37437	chr2	14944908	14946844	TEC	ENSMUSG00000102673	+	Gm37437	182
183	Gm37891	chr2	14966198	14967523	TEC	ENSMUSG00000104271	+	Gm37891	183
184	Nsun6	chr2	14995131	15055069	protein_coding	ENSMUSG00000026707	-	Nsun6	184
185	Gm36930	chr2	15031801	15034176	TEC	ENSMUSG00000103778	-	Gm36930	185
186	Arl5b	chr2	15049395	15082456	protein_coding	ENSMUSG00000017418	+	Arl5b	186
187	Gm38257	chr2	15056713	15059473	TEC	ENSMUSG00000102258	+	Gm38257	187
188	Gm13313	chr2	15127600	15128683	processed_pseudogene	ENSMUSG00000083860	+	Gm13313	188
189	Gm13367	chr2	15342625	15343420	processed_pseudogene	ENSMUSG00000080930	+	Gm13367	189
190	Gm13366	chr2	15385618	15386587	processed_pseudogene	ENSMUSG00000083631	+	Gm13366	190
191	Gm13368	chr2	15481912	15482341	processed_pseudogene	ENSMUSG00000081389	+	Gm13368	191
192	Malrd1	chr2	15526479	16255555	protein_coding	ENSMUSG00000075520	+	Malrd1	192
193	Plxdc2	chr2	16356304	16755839	protein_coding	ENSMUSG00000026748	+	Plxdc2	193
194	Gm13326	chr2	16978821	16979831	processed_pseudogene	ENSMUSG00000082235	-	Gm13326	194
195	Gm13325	chr2	17169225	17170030	processed_pseudogene	ENSMUSG00000081525	+	Gm13325	195
196	Gm13322	chr2	17181743	17185487	lncRNA	ENSMUSG00000085193	-	Gm13322	196
197	Nebl	chr2	17343909	17731464	protein_coding	ENSMUSG00000053702	-	Nebl	197
198	Gm13324	chr2	17559060	17559998	lncRNA	ENSMUSG00000085100	+	Gm13324	198
199	Gm13329	chr2	17998241	17998505	processed_pseudogene	ENSMUSG00000081116	-	Gm13329	199
200	A930004D18Rik	chr2	18025193	18037737	protein_coding	ENSMUSG00000054057	-	A930004D18Rik	200
201	Gm13330	chr2	18032533	18039633	lncRNA	ENSMUSG00000085319	+	Gm13330	201
202	Skida1	chr2	18040676	18049051	protein_coding	ENSMUSG00000054074	-	Skida1	202
203	1810059C17Rik	chr2	18054193	18056613	lncRNA	ENSMUSG00000086340	-	1810059C17Rik	203
204	Mllt10	chr2	18055237	18212388	protein_coding	ENSMUSG00000026743	+	Mllt10	204
205	Gm23638	chr2	18129452	18129577	miRNA	ENSMUSG00000092814	-	Gm23638	205
206	Gm25147	chr2	18158687	18158791	snRNA	ENSMUSG00000064964	+	Gm25147	206
207	Gm13351	chr2	18179029	18179442	processed_pseudogene	ENSMUSG00000081619	-	Gm13351	207
208	Dnajc1	chr2	18195654	18392830	protein_coding	ENSMUSG00000026740	-	Dnajc1	208
209	Gm13349	chr2	18338579	18338989	processed_pseudogene	ENSMUSG00000082520	-	Gm13349	209
210	Gm13353	chr2	18568126	18568198	processed_pseudogene	ENSMUSG00000081181	+	Gm13353	210
211	Commd3	chr2	18672384	18676231	protein_coding	ENSMUSG00000051154	+	Commd3	211
212	Bmi1	chr2	18677018	18686629	protein_coding	ENSMUSG00000026739	+	Bmi1	212
213	Spag6	chr2	18694032	18750413	protein_coding	ENSMUSG00000037708	+	Spag6	213
214	Gm20539	chr2	18742715	18760862	lncRNA	ENSMUSG00000092353	-	Gm20539	214
215	Gm13333	chr2	18758984	18759764	processed_pseudogene	ENSMUSG00000081139	+	Gm13333	215
216	Carlr	chr2	18799245	18801818	lncRNA	ENSMUSG00000097638	-	Carlr	216
217	Pip4k2a	chr2	18842255	18998126	protein_coding	ENSMUSG00000026737	-	Pip4k2a	217
218	4930426L09Rik	chr2	18998343	18999804	lncRNA	ENSMUSG00000026736	+	4930426L09Rik	218
219	Gm13332	chr2	19101701	19103098	processed_pseudogene	ENSMUSG00000083281	-	Gm13332	219
220	Armc3	chr2	19199302	19310241	protein_coding	ENSMUSG00000037683	+	Armc3	220
221	4930447M23Rik	chr2	19344317	19351050	lncRNA	ENSMUSG00000087674	+	4930447M23Rik	221
222	Msrb2	chr2	19371440	19394976	protein_coding	ENSMUSG00000023094	+	Msrb2	222
223	Gm33940	chr2	19428046	19430443	lncRNA	ENSMUSG00000109733	+	Gm33940	223
224	Gm13344	chr2	19429104	19431983	lncRNA	ENSMUSG00000087103	-	Gm13344	224
225	Ptf1aos	chr2	19441508	19446674	lncRNA	ENSMUSG00000085388	-	Ptf1aos	225
226	1810010K12Rik	chr2	19451828	19454995	lncRNA	ENSMUSG00000056329	+	1810010K12Rik	226
227	4921504E06Rik	chr2	19462837	19553914	protein_coding	ENSMUSG00000026734	-	4921504E06Rik	227
228	Otud1	chr2	19657752	19660583	protein_coding	ENSMUSG00000043415	+	Otud1	228
229	Gm13346	chr2	19676711	19686157	lncRNA	ENSMUSG00000087246	-	Gm13346	229
230	Gm13347	chr2	19677251	19678603	processed_pseudogene	ENSMUSG00000083893	+	Gm13347	230
231	Gm44457	chr2	19888653	19888728	miRNA	ENSMUSG00000105927	+	Gm44457	231
232	Etl4	chr2	19909780	20810713	protein_coding	ENSMUSG00000036617	+	Etl4	232
233	Gm25859	chr2	19934863	19934953	snoRNA	ENSMUSG00000065644	+	Gm25859	233
234	Gm13363	chr2	19992921	19993442	processed_pseudogene	ENSMUSG00000060795	+	Gm13363	234
235	Gm13360	chr2	20037096	20037894	processed_pseudogene	ENSMUSG00000082164	-	Gm13360	235
236	Gm23970	chr2	20280519	20280625	snRNA	ENSMUSG00000065253	+	Gm23970	236
237	Gm17171	chr2	20300817	20324670	lncRNA	ENSMUSG00000091457	-	Gm17171	237
238	Gm13335	chr2	20420570	20432934	lncRNA	ENSMUSG00000085477	-	Gm13335	238
239	Gm13362	chr2	20709375	20713234	lncRNA	ENSMUSG00000086418	-	Gm13362	239
240	Arhgap21	chr2	20847919	20968881	protein_coding	ENSMUSG00000036591	-	Arhgap21	240
241	Gm13380	chr2	20921860	20931389	lncRNA	ENSMUSG00000085206	-	Gm13380	241
242	Gm13375	chr2	20969054	20969997	lncRNA	ENSMUSG00000075514	+	Gm13375	242
243	Gm13377	chr2	21044808	21141954	unprocessed_pseudogene	ENSMUSG00000086821	-	Gm13377	243
244	Gm13376	chr2	21097099	21120659	lncRNA	ENSMUSG00000087219	+	Gm13376	244
245	Enkur	chr2	21180731	21205365	protein_coding	ENSMUSG00000026679	-	Enkur	245
246	Thnsl1	chr2	21205724	21215009	protein_coding	ENSMUSG00000048550	+	Thnsl1	246
247	Gm13378	chr2	21244105	21244440	processed_pseudogene	ENSMUSG00000084071	+	Gm13378	247
248	Gm13327	chr2	21341925	21369111	lncRNA	ENSMUSG00000085680	-	Gm13327	248
249	Gpr158	chr2	21367542	21830547	protein_coding	ENSMUSG00000045967	+	Gpr158	249
250	Gm24886	chr2	21794933	21795055	snoRNA	ENSMUSG00000077572	-	Gm24886	250
251	Myo3a	chr2	22227503	22618252	protein_coding	ENSMUSG00000025716	+	Myo3a	251
252	Gm13341	chr2	22587291	22587962	unprocessed_pseudogene	ENSMUSG00000083863	-	Gm13341	252
253	Gm13340	chr2	22588103	22589647	unprocessed_pseudogene	ENSMUSG00000083563	-	Gm13340	253
254	Gm13339	chr2	22590024	22590533	unprocessed_pseudogene	ENSMUSG00000082884	-	Gm13339	254
255	Gad2	chr2	22622205	22693874	protein_coding	ENSMUSG00000026787	+	Gad2	255
256	Mir3967	chr2	22654283	22654350	miRNA	ENSMUSG00000106199	+	Mir3967	256
257	Gm13338	chr2	22713511	22713871	processed_pseudogene	ENSMUSG00000083453	+	Gm13338	257
258	1700092C17Rik	chr2	22755984	22762273	lncRNA	ENSMUSG00000085353	+	1700092C17Rik	258
259	Apbb1ip	chr2	22774094	22875653	protein_coding	ENSMUSG00000026786	+	Apbb1ip	259
260	Pdss1	chr2	22895522	22940266	protein_coding	ENSMUSG00000026784	+	Pdss1	260
261	Gm25544	chr2	22902388	22902507	snoRNA	ENSMUSG00000084625	+	Gm25544	261
262	Gm14441	chr2	22913293	22913832	processed_pseudogene	ENSMUSG00000081861	-	Gm14441	262
263	Abi1	chr2	22940073	23040241	protein_coding	ENSMUSG00000058835	-	Abi1	263
264	Gm13357	chr2	23019131	23019667	processed_pseudogene	ENSMUSG00000083650	-	Gm13357	264
265	Acbd5	chr2	23068167	23115558	protein_coding	ENSMUSG00000026781	+	Acbd5	265
266	Mastl	chr2	23115606	23156024	protein_coding	ENSMUSG00000026779	-	Mastl	266
267	Yme1l1	chr2	23156369	23199260	protein_coding	ENSMUSG00000026775	+	Yme1l1	267
268	Gm13423	chr2	23202033	23203683	processed_pseudogene	ENSMUSG00000081648	+	Gm13423	268
269	4931423N10Rik	chr2	23207476	23267129	protein_coding	ENSMUSG00000026774	+	4931423N10Rik	269
270	Gm13422	chr2	23235236	23235739	processed_pseudogene	ENSMUSG00000084098	+	Gm13422	270
271	Nxph2	chr2	23321246	23401973	protein_coding	ENSMUSG00000069132	+	Nxph2	271
272	Gm38309	chr2	23492931	23494448	TEC	ENSMUSG00000102704	+	Gm38309	272
273	Spopl	chr2	23506220	23572106	protein_coding	ENSMUSG00000026771	-	Spopl	273
274	Gm13331	chr2	23508860	23509307	processed_pseudogene	ENSMUSG00000081519	+	Gm13331	274
275	Gm13392	chr2	23908441	23908590	processed_pseudogene	ENSMUSG00000083373	+	Gm13392	275
276	Hnmt	chr2	24002910	24049394	protein_coding	ENSMUSG00000026986	-	Hnmt	276
277	Tbpl2	chr2	24071721	24096595	protein_coding	ENSMUSG00000061809	-	Tbpl2	277
278	Il1f8	chr2	24153161	24160519	protein_coding	ENSMUSG00000026985	+	Il1f8	278
279	Gm13410	chr2	24178834	24180317	processed_pseudogene	ENSMUSG00000083116	+	Gm13410	279
280	Il1f9	chr2	24186476	24193568	protein_coding	ENSMUSG00000044103	+	Il1f9	280
281	Il1f6	chr2	24215418	24225702	protein_coding	ENSMUSG00000026984	+	Il1f6	281
282	Gm37703	chr2	24231868	24233651	TEC	ENSMUSG00000104173	+	Gm37703	282
283	Gm13409	chr2	24261830	24266338	unprocessed_pseudogene	ENSMUSG00000083172	-	Gm13409	283
284	Il1f5	chr2	24276954	24283426	protein_coding	ENSMUSG00000026983	+	Il1f5	284
285	Il1f10	chr2	24291196	24293820	protein_coding	ENSMUSG00000046845	+	Il1f10	285
286	Il1rn	chr2	24336853	24351494	protein_coding	ENSMUSG00000026981	+	Il1rn	286
287	Psd4	chr2	24367580	24414954	protein_coding	ENSMUSG00000026979	+	Psd4	287
288	Pax8	chr2	24420560	24475599	protein_coding	ENSMUSG00000026976	-	Pax8	288
289	Gm13415	chr2	24440418	24486855	lncRNA	ENSMUSG00000085057	+	Gm13415	289
290	Gm27193	chr2	24483495	24484080	transcribed_processed_pseudogene	ENSMUSG00000099120	+	Gm27193	290
291	Gm13418	chr2	24494068	24495011	processed_pseudogene	ENSMUSG00000082307	+	Gm13418	291
292	Gm13417	chr2	24545492	24566697	lncRNA	ENSMUSG00000085330	-	Gm13417	292
293	Gm38383	chr2	24588566	24591225	TEC	ENSMUSG00000102591	+	Gm38383	293
294	Gm13416	chr2	24592902	24594513	processed_pseudogene	ENSMUSG00000084241	-	Gm13416	294
295	Gm25455	chr2	24601365	24601689	misc_RNA	ENSMUSG00000088571	+	Gm25455	295
296	Cacna1b	chr2	24603887	24763152	protein_coding	ENSMUSG00000004113	-	Cacna1b	296
297	Gm13459	chr2	24674701	24675346	processed_pseudogene	ENSMUSG00000083973	+	Gm13459	297
298	Ehmt1	chr2	24789928	24919614	protein_coding	ENSMUSG00000036893	-	Ehmt1	298
299	Gm38147	chr2	24874532	24876329	TEC	ENSMUSG00000103162	-	Gm38147	299
300	Gm37139	chr2	24889448	24893866	TEC	ENSMUSG00000102875	-	Gm37139	300
301	Arrdc1	chr2	24925352	24935252	protein_coding	ENSMUSG00000026972	-	Arrdc1	301
302	Gm22875	chr2	24936831	24936956	miRNA	ENSMUSG00000093190	+	Gm22875	302
303	Zmynd19	chr2	24949792	24962075	protein_coding	ENSMUSG00000026974	+	Zmynd19	303
304	Dph7	chr2	24962400	24972163	protein_coding	ENSMUSG00000026975	+	Dph7	304
305	Mrpl41	chr2	24974117	24975098	protein_coding	ENSMUSG00000036850	-	Mrpl41	305
306	Pnpla7	chr2	24976033	25054057	protein_coding	ENSMUSG00000036833	+	Pnpla7	306
307	Gm13370	chr2	24985984	24986466	processed_pseudogene	ENSMUSG00000084383	+	Gm13370	307
308	Gm13369	chr2	24993357	24994343	processed_pseudogene	ENSMUSG00000083796	-	Gm13369	308
309	Nsmf	chr2	25054355	25062881	protein_coding	ENSMUSG00000006476	+	Nsmf	309
310	Gm24328	chr2	25055109	25055175	miRNA	ENSMUSG00000092845	-	Gm24328	310
311	Noxa1	chr2	25085667	25095149	protein_coding	ENSMUSG00000036805	-	Noxa1	311
312	AL732309.2	chr2	25116281	25176199	unitary_pseudogene	ENSMUSG00000118563	+	AL732309.2	312
313	Gm13387	chr2	25122603	25145396	lncRNA	ENSMUSG00000087028	-	Gm13387	313
314	Nrarp	chr2	25180758	25183339	protein_coding	ENSMUSG00000078202	+	Nrarp	314
315	Gm38287	chr2	25180781	25183339	lncRNA	ENSMUSG00000103217	-	Gm38287	315
316	Tor4a	chr2	25192966	25196886	protein_coding	ENSMUSG00000059555	-	Tor4a	316
317	Nelfb	chr2	25199712	25211489	protein_coding	ENSMUSG00000013465	-	Nelfb	317
318	Stpg3	chr2	25212207	25214637	protein_coding	ENSMUSG00000036770	-	Stpg3	318
319	Fam166a	chr2	25218745	25222280	protein_coding	ENSMUSG00000026969	+	Fam166a	319
320	Tubb4b	chr2	25222160	25224702	protein_coding	ENSMUSG00000036752	-	Tubb4b	320
321	Slc34a3	chr2	25228898	25234364	protein_coding	ENSMUSG00000006469	-	Slc34a3	321
322	Rnf224	chr2	25234476	25236787	protein_coding	ENSMUSG00000089953	-	Rnf224	322
323	Rnf208	chr2	25242929	25244262	protein_coding	ENSMUSG00000044628	+	Rnf208	323
324	AL732309.1	chr2	25244819	25246863	protein_coding	ENSMUSG00000115018	-	AL732309.1	324
325	Ndor1	chr2	25244821	25256022	protein_coding	ENSMUSG00000006471	-	Ndor1	325
326	Tmem203	chr2	25255439	25256292	protein_coding	ENSMUSG00000078201	+	Tmem203	326
327	Tprn	chr2	25262618	25269885	protein_coding	ENSMUSG00000048707	+	Tprn	327
328	Ssna1	chr2	25271039	25272438	protein_coding	ENSMUSG00000026966	-	Ssna1	328
329	Anapc2	chr2	25272478	25285915	protein_coding	ENSMUSG00000026965	+	Anapc2	329
330	Tmem210	chr2	25288145	25289189	protein_coding	ENSMUSG00000026963	+	Tmem210	330
331	Lrrc26	chr2	25289915	25291180	protein_coding	ENSMUSG00000026961	+	Lrrc26	331
332	Grin1	chr2	25291181	25319187	protein_coding	ENSMUSG00000026959	-	Grin1	332
333	Grin1os	chr2	25291220	25298925	lncRNA	ENSMUSG00000085830	+	Grin1os	333
334	Man1b1	chr2	25332338	25352212	protein_coding	ENSMUSG00000036646	+	Man1b1	334
335	Gm25220	chr2	25339651	25339745	snRNA	ENSMUSG00000088171	+	Gm25220	335
336	Dpp7	chr2	25352276	25356359	protein_coding	ENSMUSG00000026958	-	Dpp7	336
337	Uap1l1	chr2	25359889	25365682	protein_coding	ENSMUSG00000026956	-	Uap1l1	337
338	Sapcd2	chr2	25372321	25378213	protein_coding	ENSMUSG00000026955	+	Sapcd2	338
339	Entpd2	chr2	25395874	25401321	protein_coding	ENSMUSG00000015085	+	Entpd2	339
340	Npdc1	chr2	25399351	25409494	protein_coding	ENSMUSG00000015094	+	Npdc1	340
341	Fut7	chr2	25423267	25426374	protein_coding	ENSMUSG00000036587	+	Fut7	341
342	Abca2	chr2	25428703	25448540	protein_coding	ENSMUSG00000026944	+	Abca2	342
343	Paxx	chr2	25455141	25461094	protein_coding	ENSMUSG00000047617	-	Paxx	343
344	Clic3	chr2	25456838	25458776	protein_coding	ENSMUSG00000015093	+	Clic3	344
345	Ptgds	chr2	25466709	25470046	protein_coding	ENSMUSG00000015090	-	Ptgds	345
346	Lcn12	chr2	25490845	25493911	protein_coding	ENSMUSG00000026943	-	Lcn12	346
347	Fbxw5	chr2	25500750	25505471	protein_coding	ENSMUSG00000015095	+	Fbxw5	347
348	Traf2	chr2	25517982	25546940	protein_coding	ENSMUSG00000026942	-	Traf2	348
349	Gm13433	chr2	25543479	25543718	processed_pseudogene	ENSMUSG00000083043	+	Gm13433	349
350	Edf1	chr2	25557847	25562082	protein_coding	ENSMUSG00000015092	+	Edf1	350
351	Mamdc4	chr2	25563115	25574845	protein_coding	ENSMUSG00000026941	-	Mamdc4	351
352	Phpt1	chr2	25573430	25575224	protein_coding	ENSMUSG00000036504	-	Phpt1	352
353	Ajm1	chr2	25575416	25581757	protein_coding	ENSMUSG00000029419	-	Ajm1	353
354	Rabl6	chr2	25583018	25608521	protein_coding	ENSMUSG00000015087	-	Rabl6	354
355	Fcnaos	chr2	25607892	25631761	lncRNA	ENSMUSG00000052403	+	Fcnaos	355
356	Ccdc183	chr2	25608635	25617678	protein_coding	ENSMUSG00000026940	-	Ccdc183	356
357	Tmem141	chr2	25620067	25622005	protein_coding	ENSMUSG00000026939	-	Tmem141	357
358	Fcna	chr2	25624666	25628030	protein_coding	ENSMUSG00000026938	-	Fcna	358
359	AL732590.1	chr2	25644097	25648772	unitary_pseudogene	ENSMUSG00000118473	+	AL732590.1	359
360	Lcn5	chr2	25657952	25661977	protein_coding	ENSMUSG00000026937	+	Lcn5	360
361	Lcn6	chr2	25676786	25681608	protein_coding	ENSMUSG00000045684	+	Lcn6	361
362	Lcn10	chr2	25682726	25686081	protein_coding	ENSMUSG00000047356	+	Lcn10	362
363	Obp2a	chr2	25700043	25703326	protein_coding	ENSMUSG00000062061	+	Obp2a	363
364	A230005M16Rik	chr2	25705850	25709716	lncRNA	ENSMUSG00000087612	-	A230005M16Rik	364
365	Bmyc	chr2	25706739	25707721	protein_coding	ENSMUSG00000049086	+	Bmyc	365
366	Obp2b	chr2	25737009	25740097	protein_coding	ENSMUSG00000079539	+	Obp2b	366
367	Lcn3	chr2	25765569	25768099	protein_coding	ENSMUSG00000026936	+	Lcn3	367
368	Lcn11	chr2	25777017	25780279	protein_coding	ENSMUSG00000069080	+	Lcn11	368
369	Gm13539	chr2	25782257	25787022	protein_coding	ENSMUSG00000085484	+	Gm13539	369
370	Gm13538	chr2	25783940	25794650	lncRNA	ENSMUSG00000090073	-	Gm13538	370
371	Glt6d1	chr2	25793859	25815848	protein_coding	ENSMUSG00000036401	-	Glt6d1	371
372	Sohlh1	chr2	25842995	25847248	protein_coding	ENSMUSG00000059625	-	Sohlh1	372
373	Kcnt1	chr2	25863734	25918273	protein_coding	ENSMUSG00000058740	+	Kcnt1	373
374	Camsap1	chr2	25926838	25983282	protein_coding	ENSMUSG00000026933	-	Camsap1	374
375	Gm13542	chr2	25994547	25995183	processed_pseudogene	ENSMUSG00000082357	-	Gm13542	375
376	Ubac1	chr2	25998543	26021747	protein_coding	ENSMUSG00000036352	-	Ubac1	376
377	Nacc2	chr2	26055535	26123220	protein_coding	ENSMUSG00000026932	-	Nacc2	377
378	Gm13554	chr2	26059010	26060275	lncRNA	ENSMUSG00000087515	+	Gm13554	378
379	Tmem250-ps	chr2	26136814	26140521	protein_coding	ENSMUSG00000087679	-	Tmem250-ps	379
380	Gm13553	chr2	26186729	26191678	lncRNA	ENSMUSG00000085545	-	Gm13553	380
381	Lhx3	chr2	26200212	26208289	protein_coding	ENSMUSG00000026934	-	Lhx3	381
382	Gm27196	chr2	26206702	26209283	lncRNA	ENSMUSG00000098977	+	Gm27196	382
383	Qsox2	chr2	26208637	26237525	protein_coding	ENSMUSG00000036327	-	Qsox2	383
384	Ccdc187	chr2	26243469	26294557	protein_coding	ENSMUSG00000048038	-	Ccdc187	384
385	Gpsm1	chr2	26315515	26348237	protein_coding	ENSMUSG00000026930	+	Gpsm1	385
386	Dnlz	chr2	26348121	26352110	protein_coding	ENSMUSG00000075467	-	Dnlz	386
387	Card9	chr2	26352176	26360918	protein_coding	ENSMUSG00000026928	-	Card9	387
388	Gm13562	chr2	26352645	26371952	lncRNA	ENSMUSG00000086779	+	Gm13562	388
389	Snapc4	chr2	26362765	26380653	protein_coding	ENSMUSG00000036281	-	Snapc4	389
390	Gm13563	chr2	26381526	26389018	lncRNA	ENSMUSG00000085767	+	Gm13563	390
391	Entr1	chr2	26382802	26389316	protein_coding	ENSMUSG00000026927	-	Entr1	391
392	Pmpca	chr2	26389339	26397122	protein_coding	ENSMUSG00000026926	+	Pmpca	392
393	Inpp5e	chr2	26396249	26409203	protein_coding	ENSMUSG00000026925	-	Inpp5e	393
394	Sec16a	chr2	26409431	26445216	protein_coding	ENSMUSG00000026924	-	Sec16a	394
395	0610009E02Rik	chr2	26445696	26459390	lncRNA	ENSMUSG00000086714	+	0610009E02Rik	395
396	Gm13568	chr2	26457144	26458316	lncRNA	ENSMUSG00000085543	+	Gm13568	396
397	Notch1	chr2	26457903	26516663	protein_coding	ENSMUSG00000026923	-	Notch1	397
398	Egfl7	chr2	26580014	26593120	protein_coding	ENSMUSG00000026921	+	Egfl7	398
399	Gm20532	chr2	26586639	26635634	protein_coding	ENSMUSG00000092356	+	Gm20532	399
400	Agpat2	chr2	26593057	26604417	protein_coding	ENSMUSG00000026922	-	Agpat2	400
401	Dipk1b	chr2	26628457	26636497	protein_coding	ENSMUSG00000036186	+	Dipk1b	401
402	Snora43	chr2	26637848	26637974	snoRNA	ENSMUSG00000064858	-	Snora43	402
403	Snora17	chr2	26639190	26639321	snoRNA	ENSMUSG00000077192	-	Snora17	403
404	Snhg7os	chr2	26640372	26645944	lncRNA	ENSMUSG00000086775	+	Snhg7os	404
405	Lcn4	chr2	26667674	26671282	protein_coding	ENSMUSG00000026919	-	Lcn4	405
406	Abo	chr2	26842503	26864979	protein_coding	ENSMUSG00000015787	-	Abo	406
407	Surf6	chr2	26888628	26902879	protein_coding	ENSMUSG00000036160	-	Surf6	407
408	Med22	chr2	26905262	26910677	protein_coding	ENSMUSG00000015776	-	Med22	408
409	Rpl7a	chr2	26910764	26913318	protein_coding	ENSMUSG00000062647	+	Rpl7a	409
410	Gm24134	chr2	26912530	26912600	snoRNA	ENSMUSG00000065295	+	Gm24134	410
411	Surf1	chr2	26913381	26916530	protein_coding	ENSMUSG00000015790	-	Surf1	411
412	Surf2	chr2	26916367	26920183	protein_coding	ENSMUSG00000014873	+	Surf2	412
413	Surf4	chr2	26920040	26933928	protein_coding	ENSMUSG00000014867	-	Surf4	413
414	Stkld1	chr2	26934047	26953496	protein_coding	ENSMUSG00000049897	+	Stkld1	414
415	Rexo4	chr2	26953563	26964386	protein_coding	ENSMUSG00000052406	-	Rexo4	415
416	Adamts13	chr2	26973416	27009628	protein_coding	ENSMUSG00000014852	+	Adamts13	416
417	Cacfd1	chr2	27009926	27021089	protein_coding	ENSMUSG00000015488	+	Cacfd1	417
418	Slc2a6	chr2	27021363	27027998	protein_coding	ENSMUSG00000036067	-	Slc2a6	418
419	Gm13397	chr2	27034680	27035557	processed_pseudogene	ENSMUSG00000083335	+	Gm13397	419
420	Mymk	chr2	27061636	27072179	protein_coding	ENSMUSG00000009214	-	Mymk	420
421	Adamtsl2	chr2	27079379	27108981	protein_coding	ENSMUSG00000036040	+	Adamtsl2	421
422	Fam163b	chr2	27110380	27142491	protein_coding	ENSMUSG00000009216	-	Fam163b	422
423	Dbhos	chr2	27144898	27162703	lncRNA	ENSMUSG00000085008	-	Dbhos	423
424	Dbh	chr2	27165233	27183200	protein_coding	ENSMUSG00000000889	+	Dbh	424
425	Sardh	chr2	27188393	27248337	protein_coding	ENSMUSG00000009614	-	Sardh	425
426	Sardhos	chr2	27189382	27234710	lncRNA	ENSMUSG00000091192	+	Sardhos	426
427	Vav2	chr2	27262104	27427033	protein_coding	ENSMUSG00000009621	-	Vav2	427
428	AA645442	chr2	27326704	27331297	lncRNA	ENSMUSG00000086669	+	AA645442	428
429	Brd3os	chr2	27442324	27444221	protein_coding	ENSMUSG00000109946	+	Brd3os	429
430	Brd3	chr2	27445579	27507662	protein_coding	ENSMUSG00000026918	-	Brd3	430
431	Mir7578	chr2	27450549	27450630	miRNA	ENSMUSG00000098812	-	Mir7578	431
432	Wdr5	chr2	27515157	27536535	protein_coding	ENSMUSG00000026917	+	Wdr5	432
433	Gm13421	chr2	27540426	27543362	lncRNA	ENSMUSG00000085929	+	Gm13421	433
434	Rxra	chr2	27676440	27762957	protein_coding	ENSMUSG00000015846	+	Rxra	434
435	2810430I11Rik	chr2	27882925	27887052	lncRNA	ENSMUSG00000085766	-	2810430I11Rik	435
436	Col5a1	chr2	27886425	28039514	protein_coding	ENSMUSG00000026837	+	Col5a1	436
437	Gm13372	chr2	28025417	28030437	lncRNA	ENSMUSG00000086560	-	Gm13372	437
438	Fcnb	chr2	28076378	28084885	protein_coding	ENSMUSG00000026835	-	Fcnb	438
439	Gm13371	chr2	28092032	28093514	lncRNA	ENSMUSG00000085693	-	Gm13371	439
440	F730016J06Rik	chr2	28095477	28127731	lncRNA	ENSMUSG00000086425	+	F730016J06Rik	440
441	Olfm1	chr2	28192992	28230736	protein_coding	ENSMUSG00000026833	+	Olfm1	441
442	Gm13373	chr2	28315016	28324050	lncRNA	ENSMUSG00000087196	-	Gm13373	442
443	Ppp1r26	chr2	28446800	28455508	protein_coding	ENSMUSG00000035829	+	Ppp1r26	443
444	1700007K13Rik	chr2	28462001	28466332	protein_coding	ENSMUSG00000026831	-	1700007K13Rik	444
445	Mrps2	chr2	28468066	28471178	protein_coding	ENSMUSG00000035772	+	Mrps2	445
446	Rpsa-ps9	chr2	28477166	28478050	processed_pseudogene	ENSMUSG00000082895	+	Rpsa-ps9	446
447	Gbgt1	chr2	28496891	28505415	protein_coding	ENSMUSG00000026829	+	Gbgt1	447
448	Gm10134	chr2	28506095	28507773	lncRNA	ENSMUSG00000063611	+	Gm10134	448
449	Ralgds	chr2	28513125	28553081	protein_coding	ENSMUSG00000026821	+	Ralgds	449
450	Cel	chr2	28555795	28563403	protein_coding	ENSMUSG00000026818	-	Cel	450
451	Gm13381	chr2	28562197	28576698	lncRNA	ENSMUSG00000087667	+	Gm13381	451
452	Gtf3c5	chr2	28566311	28583751	protein_coding	ENSMUSG00000026816	-	Gtf3c5	452
453	Gfi1b	chr2	28609450	28621982	protein_coding	ENSMUSG00000026815	-	Gfi1b	453
454	Tsc1	chr2	28641228	28691167	protein_coding	ENSMUSG00000026812	+	Tsc1	454
455	Spaca9	chr2	28692080	28699727	protein_coding	ENSMUSG00000026809	-	Spaca9	455
456	Ak8	chr2	28700164	28813165	protein_coding	ENSMUSG00000026807	+	Ak8	456
457	Mir3088	chr2	28733278	28733351	miRNA	ENSMUSG00000092832	+	Mir3088	457
458	Gm13386	chr2	28807708	28807831	processed_pseudogene	ENSMUSG00000083115	-	Gm13386	458
459	Gtf3c4	chr2	28822299	28840360	protein_coding	ENSMUSG00000035666	-	Gtf3c4	459
460	Ddx31	chr2	28840406	28905571	protein_coding	ENSMUSG00000026806	+	Ddx31	460
461	Barhl1	chr2	28907679	28916668	protein_coding	ENSMUSG00000026805	-	Barhl1	461
462	Cfap77	chr2	28926949	29055066	protein_coding	ENSMUSG00000079502	-	Cfap77	462
463	Gm13394	chr2	28933610	28934609	processed_pseudogene	ENSMUSG00000083773	-	Gm13394	463
464	Ttf1	chr2	29060262	29087656	protein_coding	ENSMUSG00000026803	+	Ttf1	464
465	Gm13393	chr2	29088666	29094501	lncRNA	ENSMUSG00000086519	+	Gm13393	465
466	Setx	chr2	29124181	29182471	protein_coding	ENSMUSG00000043535	+	Setx	466
467	Ntng2	chr2	29194541	29253005	protein_coding	ENSMUSG00000035513	-	Ntng2	467
468	6530402F18Rik	chr2	29245107	29253006	lncRNA	ENSMUSG00000079499	-	6530402F18Rik	468
469	Med27	chr2	29346819	29524793	protein_coding	ENSMUSG00000026799	+	Med27	469
470	Gm13402	chr2	29349842	29396459	lncRNA	ENSMUSG00000086994	-	Gm13402	470
471	Gm13401	chr2	29498212	29498502	processed_pseudogene	ENSMUSG00000082413	+	Gm13401	471
472	Rapgef1	chr2	29619720	29740978	protein_coding	ENSMUSG00000039844	+	Rapgef1	472
473	Gm13420	chr2	29744919	29751685	protein_coding	ENSMUSG00000079497	-	Gm13420	473
474	Gm13547	chr2	29759312	29764089	protein_coding	ENSMUSG00000075425	+	Gm13547	474
475	Trub2	chr2	29761224	29788502	protein_coding	ENSMUSG00000039826	-	Trub2	475
476	Coq4	chr2	29787493	29797935	protein_coding	ENSMUSG00000026798	+	Coq4	476
477	Slc27a4	chr2	29802634	29817522	protein_coding	ENSMUSG00000059316	+	Slc27a4	477
478	Urm1	chr2	29820075	29845002	protein_coding	ENSMUSG00000069020	+	Urm1	478
479	2600006K01Rik	chr2	29868723	29870317	lncRNA	ENSMUSG00000039798	-	2600006K01Rik	479
480	Cercam	chr2	29869164	29882840	protein_coding	ENSMUSG00000039787	+	Cercam	480
481	Odf2	chr2	29889221	29931746	protein_coding	ENSMUSG00000026790	+	Odf2	481
482	Gm23865	chr2	29931427	29931523	snRNA	ENSMUSG00000088348	-	Gm23865	482
483	Gle1	chr2	29935426	29960371	protein_coding	ENSMUSG00000019715	+	Gle1	483
484	Sptan1	chr2	29965560	30031451	protein_coding	ENSMUSG00000057738	+	Sptan1	484
485	Mir6997	chr2	29995950	29996020	miRNA	ENSMUSG00000098453	+	Mir6997	485
486	Wdr34	chr2	30031546	30048881	protein_coding	ENSMUSG00000039715	-	Wdr34	486
487	Set	chr2	30057378	30072577	protein_coding	ENSMUSG00000054766	+	Set	487
488	Pkn3	chr2	30077684	30091022	protein_coding	ENSMUSG00000026785	+	Pkn3	488
489	Zdhhc12	chr2	30090944	30093648	protein_coding	ENSMUSG00000015335	-	Zdhhc12	489
490	Zer1	chr2	30097283	30124585	protein_coding	ENSMUSG00000039686	-	Zer1	490
491	Tbc1d13	chr2	30133746	30152013	protein_coding	ENSMUSG00000039678	+	Tbc1d13	491
492	Endog	chr2	30171493	30174069	protein_coding	ENSMUSG00000015337	+	Endog	492
493	Spout1	chr2	30173453	30178459	protein_coding	ENSMUSG00000039660	-	Spout1	493
494	Kyat1	chr2	30185124	30205847	protein_coding	ENSMUSG00000039648	-	Kyat1	494
495	1700084E18Rik	chr2	30236795	30238223	lncRNA	ENSMUSG00000100747	-	1700084E18Rik	495
496	Lrrc8a	chr2	30237715	30263790	protein_coding	ENSMUSG00000007476	+	Lrrc8a	496
497	Gm28035	chr2	30240567	30282148	protein_coding	ENSMUSG00000099041	+	Gm28035	497
498	Phyhd1	chr2	30266203	30282149	protein_coding	ENSMUSG00000079484	+	Phyhd1	498
499	Gm28038	chr2	30281043	30301078	protein_coding	ENSMUSG00000098794	+	Gm28038	499
500	Dolk	chr2	30284231	30286334	protein_coding	ENSMUSG00000075419	-	Dolk	500
501	Nup188	chr2	30286397	30344266	protein_coding	ENSMUSG00000052533	+	Nup188	501
502	Gm14471	chr2	30306067	30323986	lncRNA	ENSMUSG00000084892	-	Gm14471	502
503	Sh3glb2	chr2	30344809	30359337	protein_coding	ENSMUSG00000026860	-	Sh3glb2	503
504	Miga2	chr2	30364233	30385521	protein_coding	ENSMUSG00000026858	+	Miga2	504
505	Dolpp1	chr2	30392254	30400529	protein_coding	ENSMUSG00000026856	+	Dolpp1	505
506	Crat	chr2	30400471	30415813	protein_coding	ENSMUSG00000026853	-	Crat	506
507	Gm16323	chr2	30413716	30415338	lncRNA	ENSMUSG00000087435	+	Gm16323	507
508	Ptpa	chr2	30416039	30447806	protein_coding	ENSMUSG00000039515	+	Ptpa	508
509	Ier5l	chr2	30471537	30474219	protein_coding	ENSMUSG00000089762	-	Ier5l	509
510	Gm14487	chr2	30534729	30539022	lncRNA	ENSMUSG00000085275	+	Gm14487	510
511	Cstad	chr2	30595040	30608943	protein_coding	ENSMUSG00000047363	+	Cstad	511
512	9330198N18Rik	chr2	30629655	30689210	lncRNA	ENSMUSG00000086405	+	9330198N18Rik	512
513	Gm14486	chr2	30658468	30678011	lncRNA	ENSMUSG00000087268	-	Gm14486	513
514	Gm14488	chr2	30713147	30720057	lncRNA	ENSMUSG00000075416	-	Gm14488	514
515	1700001O22Rik	chr2	30794769	30803661	protein_coding	ENSMUSG00000044320	-	1700001O22Rik	515
516	4930527E20Rik	chr2	30803793	30807429	lncRNA	ENSMUSG00000085491	+	4930527E20Rik	516
517	Ntmt1	chr2	30807826	30823033	protein_coding	ENSMUSG00000026857	+	Ntmt1	517
518	Asb6	chr2	30823097	30830333	protein_coding	ENSMUSG00000039483	-	Asb6	518
519	Prrx2	chr2	30834972	30881251	protein_coding	ENSMUSG00000039476	+	Prrx2	519
520	Ptges	chr2	30889471	30929863	protein_coding	ENSMUSG00000050737	-	Ptges	520
521	Tor1b	chr2	30952959	30959015	protein_coding	ENSMUSG00000026848	+	Tor1b	521
522	Tor1a	chr2	30960627	30967933	protein_coding	ENSMUSG00000026849	-	Tor1a	522
523	BC005624	chr2	30972177	30982201	protein_coding	ENSMUSG00000026851	-	BC005624	523
524	Usp20	chr2	30982279	31023586	protein_coding	ENSMUSG00000026854	+	Usp20	524
525	Fnbp1	chr2	31026206	31142008	protein_coding	ENSMUSG00000075415	-	Fnbp1	525
526	D330023K18Rik	chr2	31146457	31152291	lncRNA	ENSMUSG00000087269	-	D330023K18Rik	526
527	Gpr107	chr2	31152316	31218775	protein_coding	ENSMUSG00000000194	+	Gpr107	527
528	Gm22516	chr2	31189691	31189814	snoRNA	ENSMUSG00000088891	+	Gm22516	528
529	Gm13405	chr2	31209470	31211347	lncRNA	ENSMUSG00000087430	-	Gm13405	529
530	Ncs1	chr2	31245823	31295989	protein_coding	ENSMUSG00000062661	+	Ncs1	530
531	Hmcn2	chr2	31314415	31460738	protein_coding	ENSMUSG00000055632	+	Hmcn2	531
532	Ass1	chr2	31470207	31520672	protein_coding	ENSMUSG00000076441	+	Ass1	532
533	Gm13426	chr2	31551901	31552695	processed_pseudogene	ENSMUSG00000084226	-	Gm13426	533
534	Fubp3	chr2	31572651	31617526	protein_coding	ENSMUSG00000026843	+	Fubp3	534
535	Gm13425	chr2	31633453	31640589	lncRNA	ENSMUSG00000085224	-	Gm13425	535
536	Prdm12	chr2	31640037	31655795	protein_coding	ENSMUSG00000079466	+	Prdm12	536
537	Exosc2	chr2	31670715	31681349	protein_coding	ENSMUSG00000039356	+	Exosc2	537
538	Gm13427	chr2	31676364	31688469	lncRNA	ENSMUSG00000087549	-	Gm13427	538
539	Abl1	chr2	31688376	31804227	protein_coding	ENSMUSG00000026842	+	Abl1	539
540	Fibcd1	chr2	31813290	31846005	protein_coding	ENSMUSG00000026841	-	Fibcd1	540
541	Gm13441	chr2	31886934	31892417	lncRNA	ENSMUSG00000086356	-	Gm13441	541
542	Lamc3	chr2	31887291	31946539	protein_coding	ENSMUSG00000026840	+	Lamc3	542
543	Aif1l	chr2	31950139	31973442	protein_coding	ENSMUSG00000001864	+	Aif1l	543
544	Nup214	chr2	31974436	32053975	protein_coding	ENSMUSG00000001855	+	Nup214	544
545	Gm13609	chr2	32016644	32017344	lncRNA	ENSMUSG00000086192	-	Gm13609	545
546	Fam78a	chr2	32050055	32084857	protein_coding	ENSMUSG00000050592	-	Fam78a	546
547	Gm16534	chr2	32050086	32064911	lncRNA	ENSMUSG00000090157	-	Gm16534	547
548	Mir7674	chr2	32050946	32051008	miRNA	ENSMUSG00000099075	+	Mir7674	548
549	Plpp7	chr2	32095528	32110820	protein_coding	ENSMUSG00000051373	+	Plpp7	549
550	Prrc2b	chr2	32151082	32234537	protein_coding	ENSMUSG00000039262	+	Prrc2b	550
551	Gm27805	chr2	32173171	32173249	miRNA	ENSMUSG00000099155	+	Gm27805	551
552	Gm13610	chr2	32232782	32236382	lncRNA	ENSMUSG00000086216	-	Gm13610	552
553	Pomt1	chr2	32236590	32255005	protein_coding	ENSMUSG00000039254	+	Pomt1	553
554	Uck1	chr2	32255002	32260159	protein_coding	ENSMUSG00000002550	-	Uck1	554
555	Gm13611	chr2	32271845	32272162	processed_pseudogene	ENSMUSG00000066068	+	Gm13611	555
556	Swi5	chr2	32278816	32288075	protein_coding	ENSMUSG00000044627	-	Swi5	556
557	Golga2	chr2	32287384	32307921	protein_coding	ENSMUSG00000002546	+	Golga2	557
558	Dnm1	chr2	32308471	32353338	protein_coding	ENSMUSG00000026825	-	Dnm1	558
559	Ciz1	chr2	32352327	32380970	protein_coding	ENSMUSG00000039205	+	Ciz1	559
560	1110008P14Rik	chr2	32377097	32381938	protein_coding	ENSMUSG00000039195	-	1110008P14Rik	560
561	Lcn2	chr2	32384633	32388252	protein_coding	ENSMUSG00000026822	-	Lcn2	561
562	Ptges2	chr2	32395896	32405772	protein_coding	ENSMUSG00000026820	+	Ptges2	562
563	Slc25a25	chr2	32414487	32451445	protein_coding	ENSMUSG00000026819	-	Slc25a25	563
564	Naif1	chr2	32450457	32456953	protein_coding	ENSMUSG00000039164	+	Naif1	564
565	Gm37169	chr2	32487988	32492148	TEC	ENSMUSG00000103175	+	Gm37169	565
566	Gm13412	chr2	32525031	32527990	lncRNA	ENSMUSG00000085017	+	Gm13412	566
567	Fam102a	chr2	32535332	32569756	protein_coding	ENSMUSG00000039157	+	Fam102a	567
568	Dpm2	chr2	32570858	32573579	protein_coding	ENSMUSG00000026810	+	Dpm2	568
569	Pip5kl1	chr2	32574797	32583782	protein_coding	ENSMUSG00000046854	+	Pip5kl1	569
570	St6galnac4	chr2	32587095	32599698	protein_coding	ENSMUSG00000079442	+	St6galnac4	570
571	Gm23369	chr2	32593469	32593573	snRNA	ENSMUSG00000093147	-	Gm23369	571
572	St6galnac6	chr2	32599709	32620806	protein_coding	ENSMUSG00000026811	+	St6galnac6	572
573	Ak1	chr2	32621758	32635058	protein_coding	ENSMUSG00000026817	+	Ak1	573
574	Eng	chr2	32646595	32682669	protein_coding	ENSMUSG00000026814	+	Eng	574
575	Gm47291	chr2	32675108	32675172	miRNA	ENSMUSG00000105312	+	Gm47291	575
576	Gm26236	chr2	32675109	32675245	snoRNA	ENSMUSG00000093277	+	Gm26236	576
577	Fpgs	chr2	32682609	32704145	protein_coding	ENSMUSG00000009566	-	Fpgs	577
578	Cdk9	chr2	32705784	32713076	protein_coding	ENSMUSG00000009555	-	Cdk9	578
579	Sh2d3c	chr2	32721055	32755512	protein_coding	ENSMUSG00000059013	+	Sh2d3c	579
580	6330409D20Rik	chr2	32732620	32741016	protein_coding	ENSMUSG00000009551	-	6330409D20Rik	580
581	Ttc16	chr2	32757026	32775633	protein_coding	ENSMUSG00000039021	-	Ttc16	581
582	Tor2a	chr2	32757234	32762244	protein_coding	ENSMUSG00000009563	+	Tor2a	582
583	Ptrh1	chr2	32775786	32777597	protein_coding	ENSMUSG00000053746	+	Ptrh1	583
584	Cfap157	chr2	32777381	32784428	protein_coding	ENSMUSG00000038987	-	Cfap157	584
585	Stxbp1	chr2	32787602	32847245	protein_coding	ENSMUSG00000026797	-	Stxbp1	585
586	Gm24165	chr2	32831989	32832116	snoRNA	ENSMUSG00000064652	+	Gm24165	586
587	Gm13524	chr2	32846186	32848168	lncRNA	ENSMUSG00000085397	+	Gm13524	587
588	Gm13523	chr2	32873755	32876001	lncRNA	ENSMUSG00000087496	-	Gm13523	588
589	Fam129b	chr2	32876114	32925254	protein_coding	ENSMUSG00000026796	+	Fam129b	589
590	Lrsam1	chr2	32925216	32961614	protein_coding	ENSMUSG00000026792	-	Lrsam1	590
591	Rpl12	chr2	32961559	32965345	protein_coding	ENSMUSG00000038900	+	Rpl12	591
592	Snora65	chr2	32963291	32963420	snoRNA	ENSMUSG00000065124	+	Snora65	592
593	Slc2a8	chr2	32972990	32982083	protein_coding	ENSMUSG00000026791	-	Slc2a8	593
594	Garnl3	chr2	32986224	33131654	protein_coding	ENSMUSG00000038860	-	Garnl3	594
595	Gm38299	chr2	32998527	33002315	TEC	ENSMUSG00000104277	-	Gm38299	595
596	Ralgps1	chr2	33133417	33371486	protein_coding	ENSMUSG00000038831	-	Ralgps1	596
597	Gm13528	chr2	33177902	33181881	lncRNA	ENSMUSG00000085087	+	Gm13528	597
598	Angptl2	chr2	33216069	33247717	protein_coding	ENSMUSG00000004105	+	Angptl2	598
599	Gm13537	chr2	33323171	33323437	processed_pseudogene	ENSMUSG00000082844	+	Gm13537	599
600	Gm25998	chr2	33362994	33363046	miRNA	ENSMUSG00000093138	-	Gm25998	600
601	Zbtb34	chr2	33406108	33431324	protein_coding	ENSMUSG00000068966	-	Zbtb34	601
602	Gm13536	chr2	33446802	33449207	lncRNA	ENSMUSG00000085742	+	Gm13536	602
603	Zbtb43	chr2	33450287	33468559	protein_coding	ENSMUSG00000026788	-	Zbtb43	603
604	Gm13530	chr2	33489782	33503632	lncRNA	ENSMUSG00000086939	+	Gm13530	604
605	Lmx1b	chr2	33560965	33640511	protein_coding	ENSMUSG00000038765	-	Lmx1b	605
606	C130021I20Rik	chr2	33641193	33646354	lncRNA	ENSMUSG00000052951	+	C130021I20Rik	606
607	9430024E24Rik	chr2	33716361	33718899	lncRNA	ENSMUSG00000085463	-	9430024E24Rik	607
608	Mvb12b	chr2	33729953	33887946	protein_coding	ENSMUSG00000038740	-	Mvb12b	608
609	Nron	chr2	33805816	33813591	lncRNA	ENSMUSG00000086484	+	Nron	609
610	Gm13403	chr2	33935788	33942145	lncRNA	ENSMUSG00000085987	-	Gm13403	610
611	C230014O12Rik	chr2	34018289	34107735	lncRNA	ENSMUSG00000087461	-	C230014O12Rik	611
612	Gm38389	chr2	34097397	34111444	lncRNA	ENSMUSG00000103413	-	Gm38389	612
613	Pbx3	chr2	34171457	34373142	protein_coding	ENSMUSG00000038718	-	Pbx3	613
614	C79798	chr2	34287771	34304440	lncRNA	ENSMUSG00000084908	+	C79798	614
615	Mapkap1	chr2	34406771	34624950	protein_coding	ENSMUSG00000038696	+	Mapkap1	615
616	Gm13406	chr2	34436327	34436582	processed_pseudogene	ENSMUSG00000083233	-	Gm13406	616
617	Gm13408	chr2	34564999	34565796	processed_pseudogene	ENSMUSG00000081992	+	Gm13408	617
618	Gapvd1	chr2	34674594	34755232	protein_coding	ENSMUSG00000026867	-	Gapvd1	618
619	Hspa5	chr2	34771970	34777547	protein_coding	ENSMUSG00000026864	+	Hspa5	619
620	Rabepk	chr2	34777556	34799912	protein_coding	ENSMUSG00000070953	-	Rabepk	620
621	Fbxw2	chr2	34804514	34826311	protein_coding	ENSMUSG00000035949	-	Fbxw2	621
622	Gm34653	chr2	34833007	34839728	protein_coding	ENSMUSG00000107167	+	Gm34653	622
623	Psmd5	chr2	34849734	34874968	protein_coding	ENSMUSG00000026869	-	Psmd5	623
624	Cutal	chr2	34874396	34892132	protein_coding	ENSMUSG00000026870	+	Cutal	624
625	Phf19	chr2	34893757	34914026	protein_coding	ENSMUSG00000026873	-	Phf19	625
626	Gm13448	chr2	34912871	34916014	lncRNA	ENSMUSG00000086001	+	Gm13448	626
627	Traf1	chr2	34941750	34961772	protein_coding	ENSMUSG00000026875	-	Traf1	627
628	Gm13450	chr2	34964738	34964904	processed_pseudogene	ENSMUSG00000083533	-	Gm13450	628
629	Hc	chr2	34983331	35061438	protein_coding	ENSMUSG00000026874	-	Hc	629
630	Gm13449	chr2	34993973	35013446	lncRNA	ENSMUSG00000085599	+	Gm13449	630
631	AI182371	chr2	35081861	35101543	protein_coding	ENSMUSG00000035875	-	AI182371	631
632	Cntrl	chr2	35109492	35178822	protein_coding	ENSMUSG00000057110	+	Cntrl	632
633	Rab14	chr2	35180205	35201120	protein_coding	ENSMUSG00000026878	-	Rab14	633
634	Gm13605	chr2	35224533	35226685	lncRNA	ENSMUSG00000084768	+	Gm13605	634
635	Gsn	chr2	35256380	35307892	protein_coding	ENSMUSG00000026879	+	Gsn	635
636	Gm43128	chr2	35280390	35282010	TEC	ENSMUSG00000106961	+	Gm43128	636
637	Stom	chr2	35313986	35336976	protein_coding	ENSMUSG00000026880	-	Stom	637
638	Gm13443	chr2	35340409	35340963	processed_pseudogene	ENSMUSG00000075391	+	Gm13443	638
639	4930568D16Rik	chr2	35354218	35367729	protein_coding	ENSMUSG00000026882	-	4930568D16Rik	639
640	4930402F06Rik	chr2	35375562	35397175	protein_coding	ENSMUSG00000079421	-	4930402F06Rik	640
641	Ggta1	chr2	35400179	35463231	protein_coding	ENSMUSG00000035778	-	Ggta1	641
642	Gm43761	chr2	35436321	35437311	TEC	ENSMUSG00000106856	-	Gm43761	642
643	Gm13446	chr2	35549538	35558702	lncRNA	ENSMUSG00000086555	-	Gm13446	643
644	Dab2ip	chr2	35558266	35730994	protein_coding	ENSMUSG00000026883	+	Dab2ip	644
645	Ttll11	chr2	35751241	35979913	protein_coding	ENSMUSG00000026885	-	Ttll11	645
646	Gm43760	chr2	35762865	35765879	TEC	ENSMUSG00000107106	-	Gm43760	646
647	9030204H09Rik	chr2	35819190	35823385	lncRNA	ENSMUSG00000086449	+	9030204H09Rik	647
648	Gm10829	chr2	35844195	35847182	TEC	ENSMUSG00000106994	+	Gm10829	648
649	Ndufa8	chr2	36036326	36049406	protein_coding	ENSMUSG00000026895	-	Ndufa8	649
650	Morn5	chr2	36049458	36079718	protein_coding	ENSMUSG00000026894	+	Morn5	650
651	Gm43764	chr2	36066118	36069289	TEC	ENSMUSG00000107351	-	Gm43764	651
652	Lhx6	chr2	36081953	36105408	protein_coding	ENSMUSG00000026890	-	Lhx6	652
653	Rbm18	chr2	36116079	36136773	protein_coding	ENSMUSG00000026889	-	Rbm18	653
654	Mrrf	chr2	36136389	36190647	protein_coding	ENSMUSG00000026887	+	Mrrf	654
655	Gm13428	chr2	36137339	36137703	processed_pseudogene	ENSMUSG00000081496	-	Gm13428	655
656	Gm13429	chr2	36202314	36212903	lncRNA	ENSMUSG00000085141	+	Gm13429	656
657	Gm13431	chr2	36216777	36222934	lncRNA	ENSMUSG00000087187	+	Gm13431	657
658	Ptgs1	chr2	36230426	36252272	protein_coding	ENSMUSG00000047250	+	Ptgs1	658
659	Gm43621	chr2	36248709	36250730	TEC	ENSMUSG00000106933	-	Gm43621	659
660	Olfr337-ps1	chr2	36336611	36337136	transcribed_unprocessed_pseudogene	ENSMUSG00000080936	+	Olfr337-ps1	660
661	Olfr338	chr2	36373519	36382433	protein_coding	ENSMUSG00000068950	+	Olfr338	661
662	Olfr339	chr2	36418947	36426123	protein_coding	ENSMUSG00000094464	+	Olfr339	662
663	Olfr340	chr2	36452587	36453525	protein_coding	ENSMUSG00000094266	+	Olfr340	663
664	Olfr341	chr2	36473721	36482468	protein_coding	ENSMUSG00000075387	-	Olfr341	664
665	Olfr342	chr2	36524998	36530790	protein_coding	ENSMUSG00000111869	+	Olfr342	665
666	Olfr344	chr2	36566662	36576178	protein_coding	ENSMUSG00000096822	+	Olfr344	666
667	Olfr346	chr2	36685788	36691293	protein_coding	ENSMUSG00000094764	+	Olfr346	667
668	Olfr347	chr2	36731902	36737640	protein_coding	ENSMUSG00000111863	+	Olfr347	668
669	Gm13438	chr2	36768688	36769260	processed_pseudogene	ENSMUSG00000082251	+	Gm13438	669
670	Olfr348	chr2	36784276	36789998	protein_coding	ENSMUSG00000049315	+	Olfr348	670
671	Olfr50	chr2	36790538	36797392	protein_coding	ENSMUSG00000111021	+	Olfr50	671
672	Gm13436	chr2	36807826	36808392	processed_pseudogene	ENSMUSG00000083716	-	Gm13436	672
673	Olfr350	chr2	36846310	36851702	protein_coding	ENSMUSG00000050015	+	Olfr350	673
674	Olfr351	chr2	36857539	36862660	protein_coding	ENSMUSG00000075383	-	Olfr351	674
675	Olfr352	chr2	36868460	36872785	protein_coding	ENSMUSG00000053146	+	Olfr352	675
676	Olfr353	chr2	36887293	36892936	protein_coding	ENSMUSG00000075382	-	Olfr353	676
677	Olfr354	chr2	36905680	36916038	protein_coding	ENSMUSG00000055088	+	Olfr354	677
678	Olfr357	chr2	36993827	37001847	protein_coding	ENSMUSG00000055838	+	Olfr357	678
679	Olfr358	chr2	37002163	37009335	protein_coding	ENSMUSG00000075379	-	Olfr358	679
680	Olfr359-ps1	chr2	37019271	37020196	unprocessed_pseudogene	ENSMUSG00000081737	-	Olfr359-ps1	680
681	Olfr360	chr2	37065746	37069651	protein_coding	ENSMUSG00000083361	+	Olfr360	681
682	Gm13437	chr2	37074022	37082455	processed_pseudogene	ENSMUSG00000083431	-	Gm13437	682
683	Olfr361	chr2	37083736	37089290	protein_coding	ENSMUSG00000075378	-	Olfr361	683
684	Olfr362	chr2	37101706	37117910	protein_coding	ENSMUSG00000075377	-	Olfr362	684
685	Olfr364-ps1	chr2	37139322	37148585	protein_coding	ENSMUSG00000078198	+	Olfr364-ps1	685
686	Olfr365	chr2	37188198	37206019	protein_coding	ENSMUSG00000059429	+	Olfr365	686
687	Olfr366	chr2	37211574	37224506	protein_coding	ENSMUSG00000068947	+	Olfr366	687
688	Olfr367-ps	chr2	37266951	37271387	transcribed_unprocessed_pseudogene	ENSMUSG00000049094	+	Olfr367-ps	688
689	Olfr368	chr2	37326515	37332772	protein_coding	ENSMUSG00000049018	+	Olfr368	689
690	Pdcl	chr2	37350074	37359332	protein_coding	ENSMUSG00000009030	-	Pdcl	690
691	Rc3h2	chr2	37370069	37422903	protein_coding	ENSMUSG00000075376	-	Rc3h2	691
692	Zbtb6	chr2	37425500	37443171	protein_coding	ENSMUSG00000066798	-	Zbtb6	692
693	Zbtb26	chr2	37432168	37443135	protein_coding	ENSMUSG00000050714	-	Zbtb26	693
694	Rabgap1	chr2	37443279	37566454	protein_coding	ENSMUSG00000035437	+	Rabgap1	694
695	Strbp	chr2	37483228	37703859	protein_coding	ENSMUSG00000026915	-	Strbp	695
696	Gm17893	chr2	37488675	37489444	processed_pseudogene	ENSMUSG00000107491	+	Gm17893	696
697	Gpr21	chr2	37516332	37520603	protein_coding	ENSMUSG00000053164	+	Gpr21	697
698	Gm44063	chr2	37659146	37659521	processed_pseudogene	ENSMUSG00000108226	+	Gm44063	698
699	Gm13543	chr2	37672208	37673003	processed_pseudogene	ENSMUSG00000083745	+	Gm13543	699
700	Mir5128	chr2	37688201	37688284	miRNA	ENSMUSG00000092958	-	Mir5128	700
701	Crb2	chr2	37776249	37799103	protein_coding	ENSMUSG00000035403	+	Crb2	701
702	Dennd1a	chr2	37798991	38287390	protein_coding	ENSMUSG00000035392	-	Dennd1a	702
703	Gm44283	chr2	38015218	38019167	TEC	ENSMUSG00000107586	-	Gm44283	703
704	Gm44443	chr2	38025795	38031427	TEC	ENSMUSG00000108155	+	Gm44443	704
705	Gm44291	chr2	38104432	38107296	TEC	ENSMUSG00000107529	-	Gm44291	705
706	Gm13556	chr2	38285307	38287291	lncRNA	ENSMUSG00000087294	+	Gm13556	706
707	Lhx2	chr2	38339281	38369733	protein_coding	ENSMUSG00000000247	+	Lhx2	707
708	Gm13584	chr2	38359580	38363980	lncRNA	ENSMUSG00000087539	-	Gm13584	708
709	Gm13589	chr2	38424002	38455851	lncRNA	ENSMUSG00000085950	+	Gm13589	709
710	Nek6	chr2	38511643	38594606	protein_coding	ENSMUSG00000026749	+	Nek6	710
711	Gm35808	chr2	38533106	38535707	TEC	ENSMUSG00000108210	-	Gm35808	711
712	Gm44183	chr2	38564727	38566354	TEC	ENSMUSG00000107535	-	Gm44183	712
713	Psmb7	chr2	38588036	38644087	protein_coding	ENSMUSG00000026750	-	Psmb7	713
714	Gm13586	chr2	38622801	38623264	processed_pseudogene	ENSMUSG00000082931	+	Gm13586	714
715	Adgrd2-ps	chr2	38671158	38687651	transcribed_unprocessed_pseudogene	ENSMUSG00000083722	+	Adgrd2-ps	715
716	Gm13587	chr2	38672537	38676552	lncRNA	ENSMUSG00000087062	+	Gm13587	716
717	Nr5a1	chr2	38692656	38714542	protein_coding	ENSMUSG00000026751	-	Nr5a1	717
718	Nr5a1os	chr2	38712676	38720638	lncRNA	ENSMUSG00000087164	+	Nr5a1os	718
719	Nr6a1	chr2	38723370	38927688	protein_coding	ENSMUSG00000063972	-	Nr6a1	719
720	Gm44146	chr2	38757871	38758686	TEC	ENSMUSG00000108124	-	Gm44146	720
721	Rpl15-ps4	chr2	38777736	38778341	processed_pseudogene	ENSMUSG00000082508	+	Rpl15-ps4	721
722	Nr6a1os	chr2	38823257	38852370	lncRNA	ENSMUSG00000085201	+	Nr6a1os	722
723	Gm44144	chr2	38852978	38854937	TEC	ENSMUSG00000107884	-	Gm44144	723
724	Mir181b-2	chr2	38853830	38853918	miRNA	ENSMUSG00000065578	+	Mir181b-2	724
725	5730507A11Rik	chr2	38862163	38865533	TEC	ENSMUSG00000107468	+	5730507A11Rik	725
726	Olfml2a	chr2	38931978	38963753	protein_coding	ENSMUSG00000046618	+	Olfml2a	726
727	Gm13473	chr2	38939343	38939929	processed_pseudogene	ENSMUSG00000083776	+	Gm13473	727
728	Gm13474	chr2	38973947	38976816	unprocessed_pseudogene	ENSMUSG00000084184	+	Gm13474	728
729	Gm13496	chr2	38996713	38998258	lncRNA	ENSMUSG00000085755	-	Gm13496	729
730	Wdr38	chr2	38997476	39006168	protein_coding	ENSMUSG00000035295	+	Wdr38	730
731	Rpl35	chr2	39001580	39005624	protein_coding	ENSMUSG00000062997	-	Rpl35	731
732	Arpc5l	chr2	39005348	39015877	protein_coding	ENSMUSG00000026755	+	Arpc5l	732
733	Golga1	chr2	39016155	39065541	protein_coding	ENSMUSG00000026754	-	Golga1	733
734	Scai	chr2	39066214	39190734	protein_coding	ENSMUSG00000035236	-	Scai	734
735	Gm18791	chr2	39153964	39154689	processed_pseudogene	ENSMUSG00000107833	+	Gm18791	735
736	Gm16523	chr2	39157486	39162235	transcribed_processed_pseudogene	ENSMUSG00000082315	-	Gm16523	736
737	Gm44027	chr2	39178562	39182041	TEC	ENSMUSG00000107955	-	Gm44027	737
738	Ppp6c	chr2	39194354	39226451	protein_coding	ENSMUSG00000026753	-	Ppp6c	738
739	Gm13511	chr2	39216932	39217294	processed_pseudogene	ENSMUSG00000083157	-	Gm13511	739
740	Gm13506	chr2	39395413	39399730	unprocessed_pseudogene	ENSMUSG00000083401	+	Gm13506	740
741	Gm13452	chr2	39574630	39575726	processed_pseudogene	ENSMUSG00000082015	+	Gm13452	741
742	Gm13453	chr2	40127504	40127860	processed_pseudogene	ENSMUSG00000083240	-	Gm13453	742
743	Gm24467	chr2	40298517	40298642	snoRNA	ENSMUSG00000088512	+	Gm24467	743
744	Gm13456	chr2	40555752	40557116	processed_pseudogene	ENSMUSG00000082536	+	Gm13456	744
745	Lrp1b	chr2	40595246	42653624	protein_coding	ENSMUSG00000049252	-	Lrp1b	745
746	Gm13462	chr2	40958391	40959351	processed_pseudogene	ENSMUSG00000082930	+	Gm13462	746
747	Gm13460	chr2	40998857	40999209	processed_pseudogene	ENSMUSG00000083260	+	Gm13460	747
748	Gm13461	chr2	41987473	41988829	processed_pseudogene	ENSMUSG00000081999	-	Gm13461	748
749	Gm13463	chr2	42124621	42124853	processed_pseudogene	ENSMUSG00000081085	+	Gm13463	749
750	Mir6336	chr2	42447439	42447568	miRNA	ENSMUSG00000098660	-	Mir6336	750
751	Gm13464	chr2	43518464	43519398	processed_pseudogene	ENSMUSG00000080994	-	Gm13464	751
752	Kynu	chr2	43555329	43682715	protein_coding	ENSMUSG00000026866	+	Kynu	752
753	Arhgap15	chr2	43748824	44395953	protein_coding	ENSMUSG00000049744	+	Arhgap15	753
754	Arhgap15os	chr2	44059238	44065324	lncRNA	ENSMUSG00000085089	-	Arhgap15os	754
755	Gtdc1	chr2	44564412	44927657	protein_coding	ENSMUSG00000036890	-	Gtdc1	755
756	Gm13477	chr2	44788265	44790951	processed_pseudogene	ENSMUSG00000083849	+	Gm13477	756
757	Zeb2	chr2	44983632	45117395	protein_coding	ENSMUSG00000026872	-	Zeb2	757
758	Mir5129	chr2	45023100	45023177	miRNA	ENSMUSG00000092679	-	Mir5129	758
759	Zeb2os	chr2	45110707	45114087	lncRNA	ENSMUSG00000052248	+	Zeb2os	759
760	Gm27761	chr2	45111171	45111301	misc_RNA	ENSMUSG00000098566	+	Gm27761	760
761	Gm27404	chr2	45113313	45113415	misc_RNA	ENSMUSG00000099117	+	Gm27404	761
762	Gm27645	chr2	45113908	45113984	misc_RNA	ENSMUSG00000098367	+	Gm27645	762
763	Gm28643	chr2	45156925	45168467	lncRNA	ENSMUSG00000100135	+	Gm28643	763
764	Gm13479	chr2	45357265	45404035	lncRNA	ENSMUSG00000085591	+	Gm13479	764
765	Gm13478	chr2	45647191	45647603	processed_pseudogene	ENSMUSG00000083510	+	Gm13478	765
766	Gm13465	chr2	45733457	45753311	lncRNA	ENSMUSG00000086710	+	Gm13465	766
767	Gm13466	chr2	45809472	45810470	processed_pseudogene	ENSMUSG00000083807	+	Gm13466	767
768	Gm13470	chr2	46419535	46442710	lncRNA	ENSMUSG00000086644	-	Gm13470	768
769	Gm25959	chr2	47541984	47542085	miRNA	ENSMUSG00000092853	+	Gm25959	769
770	Gm13481	chr2	48062548	48457245	lncRNA	ENSMUSG00000086353	-	Gm13481	770
771	Gm13482	chr2	48298908	48299161	processed_pseudogene	ENSMUSG00000083966	+	Gm13482	771
772	Gm25338	chr2	48384219	48384338	snRNA	ENSMUSG00000080499	-	Gm25338	772
773	Acvr2a	chr2	48814109	48903269	protein_coding	ENSMUSG00000052155	+	Acvr2a	773
774	Orc4	chr2	48902824	48950277	protein_coding	ENSMUSG00000026761	-	Orc4	774
775	Mbd5	chr2	48949508	49325405	protein_coding	ENSMUSG00000036792	+	Mbd5	775
776	Gm13510	chr2	49185018	49185446	processed_pseudogene	ENSMUSG00000080937	+	Gm13510	776
777	Gm13509	chr2	49308155	49309462	processed_pseudogene	ENSMUSG00000081272	+	Gm13509	777
778	Epc2	chr2	49451486	49551948	protein_coding	ENSMUSG00000069495	+	Epc2	778
779	Kif5c	chr2	49619298	49774778	protein_coding	ENSMUSG00000026764	+	Kif5c	779
780	Gm13525	chr2	49680499	49680976	processed_pseudogene	ENSMUSG00000082879	+	Gm13525	780
781	Lypd6b	chr2	49787688	49948849	protein_coding	ENSMUSG00000026765	+	Lypd6b	781
782	Gm13480	chr2	49805976	49812948	lncRNA	ENSMUSG00000085357	-	Gm13480	782
783	Lypd6	chr2	50066429	50193569	protein_coding	ENSMUSG00000050447	+	Lypd6	783
784	Mmadhc	chr2	50279881	50296801	protein_coding	ENSMUSG00000026766	-	Mmadhc	784
785	Gm13483	chr2	50296810	50433967	lncRNA	ENSMUSG00000085862	+	Gm13483	785
786	Gm48908	chr2	50380400	50412610	lncRNA	ENSMUSG00000115545	+	Gm48908	786
787	Gm13488	chr2	50521682	50521860	processed_pseudogene	ENSMUSG00000081457	-	Gm13488	787
788	Gm13487	chr2	50522124	50522987	processed_pseudogene	ENSMUSG00000083449	-	Gm13487	788
789	Gm13485	chr2	50547914	50552258	lncRNA	ENSMUSG00000085429	+	Gm13485	789
790	Gm13484	chr2	50657656	50658067	processed_pseudogene	ENSMUSG00000082846	-	Gm13484	790
791	Gm13498	chr2	50909684	50911849	processed_pseudogene	ENSMUSG00000083270	+	Gm13498	791
792	Rnd3	chr2	51130438	51149111	protein_coding	ENSMUSG00000017144	-	Rnd3	792
793	Gm28639	chr2	51219382	51219862	lncRNA	ENSMUSG00000100496	+	Gm28639	793
794	Gm13500	chr2	51231987	51232810	processed_pseudogene	ENSMUSG00000081173	+	Gm13500	794
795	Gm13497	chr2	51241831	51295945	lncRNA	ENSMUSG00000086349	+	Gm13497	795
796	Gm13499	chr2	51363572	51365499	lncRNA	ENSMUSG00000086523	-	Gm13499	796
797	1700057H21Rik	chr2	51420984	51438785	lncRNA	ENSMUSG00000086007	-	1700057H21Rik	797
798	Gm23505	chr2	51493653	51493782	scaRNA	ENSMUSG00000089614	-	Gm23505	798
799	Gm13494	chr2	51544975	51546070	processed_pseudogene	ENSMUSG00000084334	+	Gm13494	799
800	Gm13490	chr2	51656966	51732009	lncRNA	ENSMUSG00000085014	-	Gm13490	800
801	Rbm43	chr2	51924448	51935163	protein_coding	ENSMUSG00000036249	-	Rbm43	801
802	Gm13495	chr2	51938133	51938669	processed_pseudogene	ENSMUSG00000080782	-	Gm13495	802
803	Nmi	chr2	51948487	51973494	protein_coding	ENSMUSG00000026946	-	Nmi	803
804	Tnfaip6	chr2	52038009	52056686	protein_coding	ENSMUSG00000053475	+	Tnfaip6	804
805	Rif1	chr2	52072832	52122383	protein_coding	ENSMUSG00000036202	+	Rif1	805
806	Neb	chr2	52136647	52378474	protein_coding	ENSMUSG00000026950	-	Neb	806
807	Gm13522	chr2	52367063	52390307	lncRNA	ENSMUSG00000086447	+	Gm13522	807
808	Arl5a	chr2	52397951	52424901	protein_coding	ENSMUSG00000036093	-	Arl5a	808
809	A430018G15Rik	chr2	52425012	52434885	lncRNA	ENSMUSG00000085315	+	A430018G15Rik	809
810	Cacnb4	chr2	52428320	52676831	protein_coding	ENSMUSG00000017412	-	Cacnb4	810
811	Gm13541	chr2	52551969	52552251	processed_pseudogene	ENSMUSG00000082132	+	Gm13541	811
812	Stam2	chr2	52691664	52742281	protein_coding	ENSMUSG00000055371	-	Stam2	812
813	Gm13548	chr2	52739071	52739455	transcribed_processed_pseudogene	ENSMUSG00000085815	-	Gm13548	813
814	Fmnl2	chr2	52857860	53133804	protein_coding	ENSMUSG00000036053	+	Fmnl2	814
815	Prpf40a	chr2	53134704	53191284	protein_coding	ENSMUSG00000061136	-	Prpf40a	815
816	Arl6ip6	chr2	53191726	53219220	protein_coding	ENSMUSG00000026960	+	Arl6ip6	816
817	Gm13501	chr2	53397509	53398487	processed_pseudogene	ENSMUSG00000082472	-	Gm13501	817
818	Gm13503	chr2	53551926	53552371	processed_pseudogene	ENSMUSG00000080716	+	Gm13503	818
819	Rprm	chr2	54084093	54085552	protein_coding	ENSMUSG00000075334	-	Rprm	819
820	Gm22298	chr2	54100430	54100562	snoRNA	ENSMUSG00000064596	+	Gm22298	820
821	Galnt13	chr2	54436317	55118309	protein_coding	ENSMUSG00000060988	+	Galnt13	821
822	Gm14033	chr2	55411790	55433435	lncRNA	ENSMUSG00000087040	+	Gm14033	822
823	Kcnj3	chr2	55435970	55598145	protein_coding	ENSMUSG00000026824	+	Kcnj3	823
824	Gm13615	chr2	55970695	55972994	processed_pseudogene	ENSMUSG00000082499	-	Gm13615	824
825	Mir195b	chr2	56785811	56785907	miRNA	ENSMUSG00000098437	+	Mir195b	825
826	Gm13527	chr2	57079748	57080438	processed_pseudogene	ENSMUSG00000082578	+	Gm13527	826
827	Nr4a2	chr2	57106830	57124003	protein_coding	ENSMUSG00000026826	-	Nr4a2	827
828	BB557941	chr2	57127479	57181754	lncRNA	ENSMUSG00000084938	-	BB557941	828
829	4930555B11Rik	chr2	57181831	57188257	lncRNA	ENSMUSG00000086396	+	4930555B11Rik	829
830	A930012O16Rik	chr2	57236227	57238508	lncRNA	ENSMUSG00000054181	-	A930012O16Rik	830
831	Gpd2	chr2	57237635	57370719	protein_coding	ENSMUSG00000026827	+	Gpd2	831
832	Gm13535	chr2	57272564	57275686	processed_pseudogene	ENSMUSG00000084292	-	Gm13535	832
833	Gm33594	chr2	57982192	57986017	lncRNA	ENSMUSG00000110205	-	Gm33594	833
834	Galnt5	chr2	57997884	58045860	protein_coding	ENSMUSG00000026828	+	Galnt5	834
835	Ermn	chr2	58045113	58052864	protein_coding	ENSMUSG00000026830	-	Ermn	835
836	Cytip	chr2	58129137	58195532	protein_coding	ENSMUSG00000026832	-	Cytip	836
837	Gm13546	chr2	58164001	58177063	lncRNA	ENSMUSG00000086862	+	Gm13546	837
838	Acvr1c	chr2	58267453	58357895	protein_coding	ENSMUSG00000026834	-	Acvr1c	838
839	Gm13544	chr2	58276779	58286902	lncRNA	ENSMUSG00000086995	+	Gm13544	839
840	Gm13545	chr2	58338347	58338828	processed_pseudogene	ENSMUSG00000082408	+	Gm13545	840
841	Acvr1	chr2	58388644	58567157	protein_coding	ENSMUSG00000026836	-	Acvr1	841
842	Gm17409	chr2	58470116	58471077	TEC	ENSMUSG00000091922	+	Gm17409	842
843	Upp2	chr2	58567298	58792971	protein_coding	ENSMUSG00000026839	+	Upp2	843
844	Gm13558	chr2	58705769	58735396	lncRNA	ENSMUSG00000086129	+	Gm13558	844
845	Gm13559	chr2	58740639	58741501	processed_pseudogene	ENSMUSG00000080985	+	Gm13559	845
846	Ccdc148	chr2	58821070	59160683	protein_coding	ENSMUSG00000036641	-	Ccdc148	846
847	Gm11099	chr2	58859434	58907618	protein_coding	ENSMUSG00000079353	+	Gm11099	847
848	Gm13560	chr2	58894040	58894368	processed_pseudogene	ENSMUSG00000082800	+	Gm13560	848
849	Gm13557	chr2	58958675	58959707	processed_pseudogene	ENSMUSG00000082989	-	Gm13557	849
850	Gm13550	chr2	59148099	59148623	processed_pseudogene	ENSMUSG00000084250	-	Gm13550	850
851	Pkp4	chr2	59160850	59355208	protein_coding	ENSMUSG00000026991	+	Pkp4	851
852	5330411J11Rik	chr2	59382502	59387471	lncRNA	ENSMUSG00000087455	-	5330411J11Rik	852
853	Gm13551	chr2	59396488	59396917	processed_pseudogene	ENSMUSG00000083276	+	Gm13551	853
854	Dapl1	chr2	59484653	59505020	protein_coding	ENSMUSG00000026989	+	Dapl1	854
855	Gm13552	chr2	59564268	59564684	processed_pseudogene	ENSMUSG00000081157	-	Gm13552	855
856	Tanc1	chr2	59612042	59846149	protein_coding	ENSMUSG00000035168	+	Tanc1	856
857	Wdsub1	chr2	59852364	59882591	protein_coding	ENSMUSG00000026988	-	Wdsub1	857
858	Baz2b	chr2	59899363	60209839	protein_coding	ENSMUSG00000026987	-	Baz2b	858
859	Gm13574	chr2	59991951	59992344	processed_pseudogene	ENSMUSG00000081236	-	Gm13574	859
860	Gm13572	chr2	60037141	60038837	lncRNA	ENSMUSG00000085975	+	Gm13572	860
861	Gm13570	chr2	60098406	60098714	processed_pseudogene	ENSMUSG00000087181	-	Gm13570	861
862	Gm13620	chr2	60125096	60125819	lncRNA	ENSMUSG00000086603	+	Gm13620	862
863	Ldha-ps	chr2	60134055	60135049	processed_pseudogene	ENSMUSG00000082330	+	Ldha-ps	863
864	March7	chr2	60209887	60250676	protein_coding	ENSMUSG00000026977	+	March7	864
865	Cd302	chr2	60251993	60284488	protein_coding	ENSMUSG00000060703	-	Cd302	865
866	Gm13573	chr2	60274944	60275574	processed_pseudogene	ENSMUSG00000080198	-	Gm13573	866
867	Ly75	chr2	60292103	60383303	protein_coding	ENSMUSG00000026980	-	Ly75	867
868	Gm13571	chr2	60338188	60371234	lncRNA	ENSMUSG00000086196	+	Gm13571	868
869	Pla2r1	chr2	60417543	60553308	protein_coding	ENSMUSG00000054580	-	Pla2r1	869
870	Itgb6	chr2	60598292	60722643	protein_coding	ENSMUSG00000026971	-	Itgb6	870
871	Rbms1	chr2	60750193	60963192	protein_coding	ENSMUSG00000026970	-	Rbms1	871
872	Gm13582	chr2	60964376	60975151	lncRNA	ENSMUSG00000075325	-	Gm13582	872
873	Tank	chr2	61578585	61654171	protein_coding	ENSMUSG00000064289	+	Tank	873
874	Gm13626	chr2	61706893	61707591	processed_pseudogene	ENSMUSG00000081954	-	Gm13626	874
875	Psmd14	chr2	61711694	61800376	protein_coding	ENSMUSG00000026914	+	Psmd14	875
876	Gm25966	chr2	61798180	61798296	rRNA	ENSMUSG00000087794	+	Gm25966	876
877	Tbr1	chr2	61802930	61814114	protein_coding	ENSMUSG00000035033	+	Tbr1	877
878	Slc4a10	chr2	62046462	62326730	protein_coding	ENSMUSG00000026904	+	Slc4a10	878
879	Dpp4	chr2	62330073	62412231	protein_coding	ENSMUSG00000035000	-	Dpp4	879
880	Gm13561	chr2	62357071	62470913	lncRNA	ENSMUSG00000087518	+	Gm13561	880
881	Gm13565	chr2	62436880	62441142	lncRNA	ENSMUSG00000087681	-	Gm13565	881
882	Gm13564	chr2	62452936	62456648	lncRNA	ENSMUSG00000087422	-	Gm13564	882
883	Gcg	chr2	62474530	62483650	protein_coding	ENSMUSG00000000394	-	Gcg	883
884	Fap	chr2	62500943	62574075	protein_coding	ENSMUSG00000000392	-	Fap	884
885	Ifih1	chr2	62595798	62646255	protein_coding	ENSMUSG00000026896	-	Ifih1	885
886	Gca	chr2	62664285	62694109	protein_coding	ENSMUSG00000026893	+	Gca	886
887	Gm13590	chr2	62668783	62670370	processed_pseudogene	ENSMUSG00000081817	-	Gm13590	887
888	Kcnh7	chr2	62693414	63184287	protein_coding	ENSMUSG00000059742	-	Kcnh7	888
889	Gm22020	chr2	62802489	62802624	snoRNA	ENSMUSG00000077546	-	Gm22020	889
890	Gm13569	chr2	62809187	62810698	lncRNA	ENSMUSG00000085029	+	Gm13569	890
891	Fign	chr2	63971507	64098038	protein_coding	ENSMUSG00000075324	-	Fign	891
892	Gm13575	chr2	64382602	64393860	lncRNA	ENSMUSG00000087702	-	Gm13575	892
893	Gm13577	chr2	64474745	64474949	processed_pseudogene	ENSMUSG00000082127	-	Gm13577	893
894	Gm13576	chr2	64569863	64570640	processed_pseudogene	ENSMUSG00000081065	-	Gm13576	894
895	Grb14	chr2	64912476	65024987	protein_coding	ENSMUSG00000026888	-	Grb14	895
896	Cobll1	chr2	65088339	65239403	protein_coding	ENSMUSG00000034903	-	Cobll1	896
897	Slc38a11	chr2	65316430	65364034	protein_coding	ENSMUSG00000061171	-	Slc38a11	897
898	Scn3a	chr2	65457118	65567627	protein_coding	ENSMUSG00000057182	-	Scn3a	898
899	Gm13595	chr2	65509265	65512605	lncRNA	ENSMUSG00000086701	+	Gm13595	899
900	Scn2a	chr2	65620771	65767447	protein_coding	ENSMUSG00000075318	+	Scn2a	900
901	Csrnp3	chr2	65845767	66031546	protein_coding	ENSMUSG00000044647	+	Csrnp3	901
902	Gm13619	chr2	65852408	65860619	lncRNA	ENSMUSG00000052865	-	Gm13619	902
903	Gm13617	chr2	65944299	65954070	lncRNA	ENSMUSG00000085160	-	Gm13617	903
904	Galnt3	chr2	66082766	66124994	protein_coding	ENSMUSG00000026994	-	Galnt3	904
905	Gm28638	chr2	66125317	66175250	lncRNA	ENSMUSG00000100197	+	Gm28638	905
906	Ttc21b	chr2	66184327	66256617	protein_coding	ENSMUSG00000034848	-	Ttc21b	906
907	Gm13618	chr2	66187836	66192813	lncRNA	ENSMUSG00000086671	+	Gm13618	907
908	Scn1a	chr2	66270778	66440840	protein_coding	ENSMUSG00000064329	-	Scn1a	908
909	Gm13630	chr2	66409494	66421588	lncRNA	ENSMUSG00000085386	+	Gm13630	909
910	Gm13629	chr2	66440880	66546026	lncRNA	ENSMUSG00000087301	+	Gm13629	910
911	Scn9a	chr2	66480080	66634962	protein_coding	ENSMUSG00000075316	-	Scn9a	911
912	Gm23046	chr2	66602515	66602798	misc_RNA	ENSMUSG00000088994	+	Gm23046	912
913	Scn7a	chr2	66673425	66784914	protein_coding	ENSMUSG00000034810	-	Scn7a	913
914	Gm13598	chr2	67157646	67194735	lncRNA	ENSMUSG00000086908	-	Gm13598	914
915	Xirp2	chr2	67173834	67526615	protein_coding	ENSMUSG00000027022	+	Xirp2	915
916	Gm13599	chr2	67309659	67396491	lncRNA	ENSMUSG00000087043	-	Gm13599	916
917	Gm21830	chr2	67413725	67433086	protein_coding	ENSMUSG00000096240	+	Gm21830	917
918	Gm13601	chr2	67491044	67516525	lncRNA	ENSMUSG00000087467	-	Gm13601	918
919	B3galt1	chr2	67565871	68122689	protein_coding	ENSMUSG00000034780	+	B3galt1	919
920	Mir7224	chr2	67675457	67675516	miRNA	ENSMUSG00000098299	+	Mir7224	920
921	Gm26743	chr2	67677031	67687282	lncRNA	ENSMUSG00000097067	-	Gm26743	921
922	Gm13604	chr2	67707290	67707771	processed_pseudogene	ENSMUSG00000083910	-	Gm13604	922
923	Mir6335	chr2	67781043	67781140	miRNA	ENSMUSG00000098734	+	Mir6335	923
924	Gm37964	chr2	67898596	67903500	TEC	ENSMUSG00000104398	+	Gm37964	924
925	Gm13607	chr2	68081791	68082329	processed_pseudogene	ENSMUSG00000081257	+	Gm13607	925
926	Stk39	chr2	68210445	68472268	protein_coding	ENSMUSG00000027030	-	Stk39	926
927	Gm49461	chr2	68566442	68574848	transcribed_unprocessed_pseudogene	ENSMUSG00000116244	+	Gm49461	927
928	4933409G03Rik	chr2	68582413	68616463	protein_coding	ENSMUSG00000053896	+	4933409G03Rik	928
929	4932414N04Rik	chr2	68656486	68748467	protein_coding	ENSMUSG00000079324	+	4932414N04Rik	929
930	Gm36231	chr2	68820311	68845252	lncRNA	ENSMUSG00000109667	-	Gm36231	930
931	Gm13612	chr2	68831017	68831406	processed_pseudogene	ENSMUSG00000082836	+	Gm13612	931
932	Cers6	chr2	68861441	69114282	protein_coding	ENSMUSG00000027035	+	Cers6	932
933	Gm37159	chr2	68891366	68894970	TEC	ENSMUSG00000103233	+	Gm37159	933
934	Gm38236	chr2	68906003	68909231	TEC	ENSMUSG00000103747	+	Gm38236	934
935	Gm37651	chr2	68962217	68963710	TEC	ENSMUSG00000103734	+	Gm37651	935
936	Gm37747	chr2	68989381	68993383	TEC	ENSMUSG00000104262	+	Gm37747	936
937	Gm37666	chr2	69013612	69014477	TEC	ENSMUSG00000103546	+	Gm37666	937
938	Gm38377	chr2	69018096	69021867	TEC	ENSMUSG00000102662	+	Gm38377	938
939	Nostrin	chr2	69135800	69189330	protein_coding	ENSMUSG00000034738	+	Nostrin	939
940	Spc25	chr2	69193895	69206194	protein_coding	ENSMUSG00000005233	-	Spc25	940
941	G6pc2	chr2	69211073	69227841	protein_coding	ENSMUSG00000005232	+	G6pc2	941
942	Abcb11	chr2	69238282	69342616	protein_coding	ENSMUSG00000027048	-	Abcb11	942
943	Gm13613	chr2	69248307	69272491	lncRNA	ENSMUSG00000086819	+	Gm13613	943
944	Gm13614	chr2	69329739	69330241	processed_pseudogene	ENSMUSG00000083592	+	Gm13614	944
945	Dhrs9	chr2	69380445	69404533	protein_coding	ENSMUSG00000027068	+	Dhrs9	945
946	Lrp2	chr2	69424340	69586065	protein_coding	ENSMUSG00000027070	-	Lrp2	946
947	Bbs5	chr2	69647171	69667571	protein_coding	ENSMUSG00000063145	+	Bbs5	947
948	Klhl41	chr2	69670120	69684230	protein_coding	ENSMUSG00000075307	+	Klhl41	948
949	Fastkd1	chr2	69686815	69713516	protein_coding	ENSMUSG00000027086	-	Fastkd1	949
950	Ppig	chr2	69722545	69754012	protein_coding	ENSMUSG00000042133	+	Ppig	950
951	Gm13622	chr2	69737357	69737789	processed_pseudogene	ENSMUSG00000082345	-	Gm13622	951
952	Ccdc173	chr2	69758033	69789575	protein_coding	ENSMUSG00000070883	-	Ccdc173	952
953	Phospho2	chr2	69789623	69800005	protein_coding	ENSMUSG00000027088	+	Phospho2	953
954	Klhl23	chr2	69821944	69836651	protein_coding	ENSMUSG00000042155	+	Klhl23	954
955	Ssb	chr2	69861562	69871846	protein_coding	ENSMUSG00000068882	+	Ssb	955
956	Mettl5	chr2	69871198	69885615	protein_coding	ENSMUSG00000051730	-	Mettl5	956
957	Gm13625	chr2	69871412	69872202	lncRNA	ENSMUSG00000089902	-	Gm13625	957
958	Mettl5os	chr2	69885728	69888155	lncRNA	ENSMUSG00000085735	+	Mettl5os	958
959	Ubr3	chr2	69897246	70024013	protein_coding	ENSMUSG00000044308	+	Ubr3	959
960	Myo3b	chr2	70039126	70429198	protein_coding	ENSMUSG00000042064	+	Myo3b	960
961	Rpl9-ps7	chr2	70458982	70459560	processed_pseudogene	ENSMUSG00000047965	+	Rpl9-ps7	961
962	Sp5	chr2	70474923	70477729	protein_coding	ENSMUSG00000075304	+	Sp5	962
963	Gad1os	chr2	70489940	70563357	lncRNA	ENSMUSG00000087264	-	Gad1os	963
964	Erich2os	chr2	70503433	70509199	lncRNA	ENSMUSG00000086515	-	Erich2os	964
965	Erich2	chr2	70508819	70540884	protein_coding	ENSMUSG00000075302	+	Erich2	965
966	Gm37026	chr2	70523042	70523767	TEC	ENSMUSG00000104076	-	Gm37026	966
967	Gad1	chr2	70553072	70602014	protein_coding	ENSMUSG00000070880	+	Gad1	967
968	Gorasp2	chr2	70661576	70712636	protein_coding	ENSMUSG00000014959	+	Gorasp2	968
969	Tlk1	chr2	70712407	70825728	protein_coding	ENSMUSG00000041997	-	Tlk1	969
970	Gm13633	chr2	70856689	70857586	processed_pseudogene	ENSMUSG00000082303	+	Gm13633	970
971	Gm13632	chr2	70877829	70884408	lncRNA	ENSMUSG00000085868	+	Gm13632	971
972	Mettl8	chr2	70964561	71055583	protein_coding	ENSMUSG00000041975	-	Mettl8	972
973	Dcaf17	chr2	71055328	71099142	protein_coding	ENSMUSG00000041966	+	Dcaf17	973
974	Cybrd1	chr2	71117923	71142926	protein_coding	ENSMUSG00000027015	+	Cybrd1	974
975	Dync1i2	chr2	71211706	71263303	protein_coding	ENSMUSG00000027012	+	Dync1i2	975
976	Slc25a12	chr2	71271063	71367749	protein_coding	ENSMUSG00000027010	-	Slc25a12	976
977	Gm13641	chr2	71319783	71320255	processed_pseudogene	ENSMUSG00000082190	+	Gm13641	977
978	Hat1	chr2	71388958	71441622	protein_coding	ENSMUSG00000027018	+	Hat1	978
979	Gm13642	chr2	71412537	71412917	processed_pseudogene	ENSMUSG00000086846	-	Gm13642	979
980	Metap1d	chr2	71453276	71525194	protein_coding	ENSMUSG00000041921	+	Metap1d	980
981	Gm23253	chr2	71495271	71495374	snRNA	ENSMUSG00000088066	+	Gm23253	981
982	Dlx1as	chr2	71516454	71537891	lncRNA	ENSMUSG00000084946	-	Dlx1as	982
983	Dlx1	chr2	71528113	71533981	protein_coding	ENSMUSG00000041911	+	Dlx1	983
984	Dlx2	chr2	71543408	71546754	protein_coding	ENSMUSG00000023391	-	Dlx2	984
985	Platr26	chr2	71719417	71730966	lncRNA	ENSMUSG00000064263	+	Platr26	985
986	Gm13647	chr2	71737815	71745397	lncRNA	ENSMUSG00000087570	+	Gm13647	986
987	Itga6	chr2	71745616	71858416	protein_coding	ENSMUSG00000027111	+	Itga6	987
988	Gm13663	chr2	71747507	71750200	lncRNA	ENSMUSG00000086641	+	Gm13663	988
989	Gm13662	chr2	71749925	71759801	lncRNA	ENSMUSG00000084794	+	Gm13662	989
990	Pdk1	chr2	71873224	71903858	protein_coding	ENSMUSG00000006494	+	Pdk1	990
991	Gm13746	chr2	71956053	71957368	lncRNA	ENSMUSG00000087345	+	Gm13746	991
992	Rapgef4	chr2	71981240	72257474	protein_coding	ENSMUSG00000049044	+	Rapgef4	992
993	Gm26408	chr2	71999666	71999792	snoRNA	ENSMUSG00000088297	-	Gm26408	993
994	Rapgef4os1	chr2	72097603	72148796	lncRNA	ENSMUSG00000085439	-	Rapgef4os1	994
995	Rapgef4os2	chr2	72224688	72232302	lncRNA	ENSMUSG00000085001	-	Rapgef4os2	995
996	Rapgef4os3	chr2	72244965	72248975	lncRNA	ENSMUSG00000086231	-	Rapgef4os3	996
997	Map3k20	chr2	72285637	72442610	protein_coding	ENSMUSG00000004085	+	Map3k20	997
998	Zakit	chr2	72327687	72327994	misc_RNA	ENSMUSG00000088302	+	Zakit	998
999	Rpl36a-ps4	chr2	72360247	72360542	processed_pseudogene	ENSMUSG00000084261	+	Rpl36a-ps4	999
1000	Cdca7	chr2	72476159	72486893	protein_coding	ENSMUSG00000055612	+	Cdca7	1000
1001	Eif1-ps3	chr2	72570481	72570822	processed_pseudogene	ENSMUSG00000080865	-	Eif1-ps3	1001
1002	Pex13-ps	chr2	72632270	72633426	processed_pseudogene	ENSMUSG00000083279	+	Pex13-ps	1002
1003	8430437L04Rik	chr2	72703510	72729468	lncRNA	ENSMUSG00000085252	+	8430437L04Rik	1003
1004	6430710C18Rik	chr2	72745846	72813717	lncRNA	ENSMUSG00000085427	-	6430710C18Rik	1004
1005	Sp3	chr2	72936427	72980446	protein_coding	ENSMUSG00000027109	-	Sp3	1005
1006	Gm25960	chr2	72950863	72950987	miRNA	ENSMUSG00000092851	-	Gm25960	1006
1007	Gm11084	chr2	72971548	72986716	protein_coding	ENSMUSG00000079286	-	Gm11084	1007
1008	Sp3os	chr2	72979424	72988677	lncRNA	ENSMUSG00000063714	+	Sp3os	1008
1009	Ola1	chr2	73092801	73218924	protein_coding	ENSMUSG00000027108	-	Ola1	1009
1010	Gm13665	chr2	73116748	73117275	processed_pseudogene	ENSMUSG00000082455	+	Gm13665	1010
1011	Gm13666	chr2	73131745	73132543	processed_pseudogene	ENSMUSG00000083569	+	Gm13666	1011
1012	Sp9	chr2	73271925	73284706	protein_coding	ENSMUSG00000068859	+	Sp9	1012
1013	Cir1	chr2	73283105	73312701	protein_coding	ENSMUSG00000041777	-	Cir1	1013
1014	Scrn3	chr2	73312601	73337818	protein_coding	ENSMUSG00000008226	+	Scrn3	1014
1015	Gpr155	chr2	73341506	73386572	protein_coding	ENSMUSG00000041762	-	Gpr155	1015
1016	Gm13703	chr2	73357268	73364333	lncRNA	ENSMUSG00000085519	+	Gm13703	1016
1017	Gm13709	chr2	73370909	73379297	lncRNA	ENSMUSG00000086546	+	Gm13709	1017
1018	D230022J07Rik	chr2	73386970	73420498	lncRNA	ENSMUSG00000087176	+	D230022J07Rik	1018
1019	Gm13707	chr2	73421909	73429142	lncRNA	ENSMUSG00000085768	+	Gm13707	1019
1020	Wipf1	chr2	73429610	73529734	protein_coding	ENSMUSG00000075284	-	Wipf1	1020
1021	Gm13708	chr2	73459705	73477602	lncRNA	ENSMUSG00000086069	+	Gm13708	1021
1022	Chrna1	chr2	73563215	73580338	protein_coding	ENSMUSG00000027107	-	Chrna1	1022
1023	Chrna1os	chr2	73584850	73589208	lncRNA	ENSMUSG00000086382	+	Chrna1os	1023
1024	Chn1os3	chr2	73596526	73616012	lncRNA	ENSMUSG00000086544	+	Chn1os3	1024
1025	Chn1	chr2	73610660	73775346	protein_coding	ENSMUSG00000056486	-	Chn1	1025
1026	Chn1os1	chr2	73658270	73660263	lncRNA	ENSMUSG00000085838	+	Chn1os1	1026
1027	Atf2	chr2	73816509	73892639	protein_coding	ENSMUSG00000027104	-	Atf2	1027
1028	Atp5g3	chr2	73908447	73911326	protein_coding	ENSMUSG00000018770	-	Atp5g3	1028
1029	A630050E04Rik	chr2	74100924	74102342	lncRNA	ENSMUSG00000085387	-	A630050E04Rik	1029
1030	Gm13667	chr2	74135757	74150834	lncRNA	ENSMUSG00000084791	+	Gm13667	1030
1031	4930441J16Rik	chr2	74298940	74307717	lncRNA	ENSMUSG00000085405	-	4930441J16Rik	1031
1032	Lnpk	chr2	74520291	74579435	protein_coding	ENSMUSG00000009207	-	Lnpk	1032
1033	4930445N08Rik	chr2	74579076	74584544	lncRNA	ENSMUSG00000087205	+	4930445N08Rik	1033
1034	Mrpl23-ps1	chr2	74591330	74591909	processed_pseudogene	ENSMUSG00000075279	-	Mrpl23-ps1	1034
1035	Evx2	chr2	74652991	74659557	protein_coding	ENSMUSG00000001815	-	Evx2	1035
1036	Hoxd12	chr2	74675013	74677705	protein_coding	ENSMUSG00000001823	+	Hoxd12	1036
1037	Hoxd11	chr2	74679557	74687016	protein_coding	ENSMUSG00000042499	+	Hoxd11	1037
1038	Gm28309	chr2	74683446	74694194	lncRNA	ENSMUSG00000099521	+	Gm28309	1038
1039	Hoxd3os1	chr2	74703248	74716130	lncRNA	ENSMUSG00000052371	-	Hoxd3os1	1039
1040	Hoxd8	chr2	74704615	74707933	protein_coding	ENSMUSG00000027102	+	Hoxd8	1040
1041	Hoxd3	chr2	74711927	74748442	protein_coding	ENSMUSG00000079277	+	Hoxd3	1041
1042	Hoxd4	chr2	74711929	74729160	protein_coding	ENSMUSG00000101174	+	Hoxd4	1042
1043	Gm28230	chr2	74726728	74747918	protein_coding	ENSMUSG00000100642	+	Gm28230	1043
1044	Haglr	chr2	74748422	74762896	lncRNA	ENSMUSG00000075277	-	Haglr	1044
1045	Hoxd1	chr2	74762980	74765142	protein_coding	ENSMUSG00000042448	+	Hoxd1	1045
1046	Mtx2	chr2	74825803	74878431	protein_coding	ENSMUSG00000027099	+	Mtx2	1046
1047	Gm14425	chr2	74855706	74856311	transcribed_processed_pseudogene	ENSMUSG00000081156	+	Gm14425	1047
1048	Gm14427	chr2	74886372	74887006	processed_pseudogene	ENSMUSG00000083837	-	Gm14427	1048
1049	Gm13652	chr2	75124871	75137798	lncRNA	ENSMUSG00000087333	-	Gm13652	1049
1050	2600014E21Rik	chr2	75138843	75317820	lncRNA	ENSMUSG00000100303	+	2600014E21Rik	1050
1051	A330043C09Rik	chr2	75147118	75177658	lncRNA	ENSMUSG00000086044	-	A330043C09Rik	1051
1052	Rps6-ps4	chr2	75191073	75191822	processed_pseudogene	ENSMUSG00000081406	-	Rps6-ps4	1052
1053	Gm13653	chr2	75192277	75192759	processed_pseudogene	ENSMUSG00000075276	+	Gm13653	1053
1054	Gm18494	chr2	75302072	75303225	processed_pseudogene	ENSMUSG00000115959	-	Gm18494	1054
1055	Gm37243	chr2	75348111	75348705	TEC	ENSMUSG00000102473	-	Gm37243	1055
1056	Gm13658	chr2	75436057	75444179	lncRNA	ENSMUSG00000087504	+	Gm13658	1056
1057	Gm13660	chr2	75458966	75464788	lncRNA	ENSMUSG00000086576	-	Gm13660	1057
1058	Gm24574	chr2	75659244	75659317	miRNA	ENSMUSG00000093242	+	Gm24574	1058
1059	Hnrnpa3	chr2	75659261	75669407	protein_coding	ENSMUSG00000059005	+	Hnrnpa3	1059
1060	Nfe2l2	chr2	75675513	75704641	protein_coding	ENSMUSG00000015839	-	Nfe2l2	1060
1061	E030042O20Rik	chr2	75704770	75710024	lncRNA	ENSMUSG00000087222	+	E030042O20Rik	1061
1062	Gm13657	chr2	75777188	75782306	lncRNA	ENSMUSG00000086813	+	Gm13657	1062
1063	Gm13670	chr2	75822028	75822793	processed_pseudogene	ENSMUSG00000082187	-	Gm13670	1063
1064	Agps	chr2	75832177	75931350	protein_coding	ENSMUSG00000042410	+	Agps	1064
1065	Ttc30b	chr2	75935849	75938585	protein_coding	ENSMUSG00000075273	-	Ttc30b	1065
1066	Ttc30a1	chr2	75978247	75981967	protein_coding	ENSMUSG00000075271	-	Ttc30a1	1066
1067	Pde11a	chr2	75989141	76338774	protein_coding	ENSMUSG00000075270	-	Pde11a	1067
1068	Gm44337	chr2	76318482	76318595	miRNA	ENSMUSG00000105164	+	Gm44337	1068
1069	Cyct	chr2	76353942	76360450	protein_coding	ENSMUSG00000056436	-	Cyct	1069
1070	Rbm45	chr2	76369984	76383768	protein_coding	ENSMUSG00000042369	+	Rbm45	1070
1071	Osbpl6	chr2	76406508	76600647	protein_coding	ENSMUSG00000042359	+	Osbpl6	1071
1072	Gm23164	chr2	76479219	76479329	miRNA	ENSMUSG00000092825	+	Gm23164	1072
1073	Prkra	chr2	76629898	76648015	protein_coding	ENSMUSG00000002731	-	Prkra	1073
1074	Pjvk	chr2	76648476	76658556	protein_coding	ENSMUSG00000075267	+	Pjvk	1074
1075	Fkbp7	chr2	76663044	76673116	protein_coding	ENSMUSG00000002732	-	Fkbp7	1075
1076	Plekha3	chr2	76675281	76696828	protein_coding	ENSMUSG00000002733	+	Plekha3	1076
1077	Ttn	chr2	76703980	76982547	protein_coding	ENSMUSG00000051747	-	Ttn	1077
1078	Gm13938	chr2	76722776	76786708	lncRNA	ENSMUSG00000086354	+	Gm13938	1078
1079	Ccdc141	chr2	77009902	77170636	protein_coding	ENSMUSG00000044033	-	Ccdc141	1079
1080	Sestd1	chr2	77180340	77280592	protein_coding	ENSMUSG00000042272	-	Sestd1	1080
1081	Gm13650	chr2	77255991	77256423	processed_pseudogene	ENSMUSG00000084087	-	Gm13650	1081
1082	Zfp385b	chr2	77410634	77819639	protein_coding	ENSMUSG00000027016	-	Zfp385b	1082
1083	Gm13944	chr2	77462669	77480938	lncRNA	ENSMUSG00000085845	+	Gm13944	1083
1084	Gm13661	chr2	77840616	77842936	lncRNA	ENSMUSG00000087102	+	Gm13661	1084
1085	Gm13727	chr2	77879753	77881467	lncRNA	ENSMUSG00000087353	-	Gm13727	1085
1086	Cwc22	chr2	77881159	77946375	protein_coding	ENSMUSG00000027014	-	Cwc22	1086
1087	4930440I19Rik	chr2	78051177	78194430	lncRNA	ENSMUSG00000085431	+	4930440I19Rik	1087
1088	Gm14461	chr2	78237547	78302230	lncRNA	ENSMUSG00000054510	+	Gm14461	1088
1089	Gm23149	chr2	78550508	78550737	misc_RNA	ENSMUSG00000089462	-	Gm23149	1089
1090	Gm14464	chr2	78597669	78598922	processed_pseudogene	ENSMUSG00000082046	+	Gm14464	1090
1091	Ube2e3	chr2	78868124	78921293	protein_coding	ENSMUSG00000027011	+	Ube2e3	1091
1092	Gm37004	chr2	78972672	79098851	TEC	ENSMUSG00000102286	+	Gm37004	1092
1093	Itga4	chr2	79255426	79333123	protein_coding	ENSMUSG00000027009	+	Itga4	1093
1094	Cerkl	chr2	79330543	79456785	protein_coding	ENSMUSG00000075256	-	Cerkl	1094
1095	Neurod1	chr2	79452521	79456751	protein_coding	ENSMUSG00000034701	-	Neurod1	1095
1096	Itprid2	chr2	79635352	79672966	protein_coding	ENSMUSG00000027007	+	Itprid2	1096
1097	Ppp1r1c	chr2	79707780	79818496	protein_coding	ENSMUSG00000034683	+	Ppp1r1c	1097
1098	Pde1a	chr2	79834453	80129458	protein_coding	ENSMUSG00000059173	-	Pde1a	1098
1099	Gm13674	chr2	80131930	80132752	processed_pseudogene	ENSMUSG00000083519	+	Gm13674	1099
1100	Prdx6b	chr2	80292472	80295356	protein_coding	ENSMUSG00000050114	+	Prdx6b	1100
1101	Dnajc10	chr2	80315466	80354043	protein_coding	ENSMUSG00000027006	+	Dnajc10	1101
1102	Gm13752	chr2	80394897	80400525	lncRNA	ENSMUSG00000085921	+	Gm13752	1102
1103	Frzb	chr2	80411970	80447625	protein_coding	ENSMUSG00000027004	-	Frzb	1103
1104	Gm13687	chr2	80499230	80499511	processed_pseudogene	ENSMUSG00000082494	+	Gm13687	1104
1105	Nckap1	chr2	80500512	80581380	protein_coding	ENSMUSG00000027002	-	Nckap1	1105
1106	Gm13689	chr2	80549712	80550396	processed_pseudogene	ENSMUSG00000081487	-	Gm13689	1106
1107	Gm24461	chr2	80558685	80558787	snRNA	ENSMUSG00000064669	+	Gm24461	1107
1108	Gm13688	chr2	80602733	80603340	processed_pseudogene	ENSMUSG00000083284	+	Gm13688	1108
1109	Dusp19	chr2	80617045	80632361	protein_coding	ENSMUSG00000027001	+	Dusp19	1109
1110	Nup35	chr2	80617236	80658906	protein_coding	ENSMUSG00000026999	+	Nup35	1110
1111	Mir684-1	chr2	80628705	80628790	miRNA	ENSMUSG00000106252	-	Mir684-1	1111
1112	Gm13755	chr2	80890106	80894441	processed_pseudogene	ENSMUSG00000084297	+	Gm13755	1112
1113	Gm13756	chr2	80908741	80909355	processed_pseudogene	ENSMUSG00000081566	-	Gm13756	1113
1114	Gm23452	chr2	80984083	80984189	snRNA	ENSMUSG00000065261	-	Gm23452	1114
1115	Zfp804a	chr2	82053222	82259879	protein_coding	ENSMUSG00000070866	+	Zfp804a	1115
1116	Gm13677	chr2	82122517	82123111	processed_pseudogene	ENSMUSG00000082666	-	Gm13677	1116
1117	A130030D18Rik	chr2	82375372	82392202	lncRNA	ENSMUSG00000087061	-	A130030D18Rik	1117
1118	Gm13675	chr2	82507216	82507744	processed_pseudogene	ENSMUSG00000080979	+	Gm13675	1118
1119	Gm13676	chr2	82543932	82544522	processed_pseudogene	ENSMUSG00000083804	-	Gm13676	1119
1120	Fsip2	chr2	82943634	83008937	protein_coding	ENSMUSG00000075249	+	Fsip2	1120
1121	Gm28675	chr2	83100258	83126216	lncRNA	ENSMUSG00000102082	-	Gm28675	1121
1122	Gm13680	chr2	83353157	83353949	processed_pseudogene	ENSMUSG00000081400	-	Gm13680	1122
1123	Gm13679	chr2	83390129	83390612	processed_pseudogene	ENSMUSG00000083291	+	Gm13679	1123
1124	Gm13683	chr2	83451864	83458559	processed_pseudogene	ENSMUSG00000080949	+	Gm13683	1124
1125	Zc3h15	chr2	83644435	83664622	protein_coding	ENSMUSG00000027091	+	Zc3h15	1125
1126	Itgav	chr2	83724397	83806916	protein_coding	ENSMUSG00000027087	+	Itgav	1126
1127	Gm13684	chr2	83737782	83759865	lncRNA	ENSMUSG00000085335	-	Gm13684	1127
1128	Fam171b	chr2	83812636	83883486	protein_coding	ENSMUSG00000048388	+	Fam171b	1128
1129	Zswim2	chr2	83915079	83941228	protein_coding	ENSMUSG00000034552	-	Zswim2	1129
1130	Gm25972	chr2	84150055	84150155	miRNA	ENSMUSG00000093115	+	Gm25972	1130
1131	Gm13711	chr2	84317339	84318311	unprocessed_pseudogene	ENSMUSG00000084198	-	Gm13711	1131
1132	Calcrl	chr2	84330626	84425411	protein_coding	ENSMUSG00000059588	-	Calcrl	1132
1133	Tfpi	chr2	84432855	84476775	protein_coding	ENSMUSG00000027082	-	Tfpi	1133
1134	Gm13710	chr2	84500760	84531322	lncRNA	ENSMUSG00000087362	-	Gm13710	1134
1135	AL928616.2	chr2	84564745	84572537	unprocessed_pseudogene	ENSMUSG00000118570	+	AL928616.2	1135
1136	AL928616.1	chr2	84576551	84592840	processed_pseudogene	ENSMUSG00000118521	-	AL928616.1	1136
1137	Ctnnd1	chr2	84600071	84650765	protein_coding	ENSMUSG00000034101	-	Ctnnd1	1137
1138	Gm28635	chr2	84601439	84678041	protein_coding	ENSMUSG00000101645	-	Gm28635	1138
1139	Btbd18	chr2	84659079	84668780	protein_coding	ENSMUSG00000086598	+	Btbd18	1139
1140	Selenoh	chr2	84669215	84670770	protein_coding	ENSMUSG00000076437	-	Selenoh	1140
1141	Tmx2	chr2	84671316	84679140	protein_coding	ENSMUSG00000050043	-	Tmx2	1141
1142	Med19	chr2	84678402	84688215	protein_coding	ENSMUSG00000027080	+	Med19	1142
1143	Zdhhc5	chr2	84687970	84715180	protein_coding	ENSMUSG00000034075	-	Zdhhc5	1143
1144	Clp1	chr2	84722104	84727350	protein_coding	ENSMUSG00000027079	-	Clp1	1144
1145	Ypel4	chr2	84734058	84738655	protein_coding	ENSMUSG00000034059	+	Ypel4	1145
1146	Mir130a	chr2	84741115	84741178	miRNA	ENSMUSG00000065484	-	Mir130a	1146
1147	Gm19426	chr2	84742169	84743655	protein_coding	ENSMUSG00000097187	-	Gm19426	1147
1148	Serping1	chr2	84765387	84775444	protein_coding	ENSMUSG00000023224	-	Serping1	1148
1149	Ube2l6	chr2	84798828	84810335	protein_coding	ENSMUSG00000027078	+	Ube2l6	1149
1150	Smtnl1	chr2	84811176	84822652	protein_coding	ENSMUSG00000027077	-	Smtnl1	1150
1151	Timm10	chr2	84826997	84830213	protein_coding	ENSMUSG00000027076	+	Timm10	1151
1152	Slc43a1	chr2	84838850	84863594	protein_coding	ENSMUSG00000027075	+	Slc43a1	1152
1153	Rtn4rl2	chr2	84871924	84886710	protein_coding	ENSMUSG00000050896	-	Rtn4rl2	1153
1154	Gm24332	chr2	84928074	84928175	miRNA	ENSMUSG00000092843	+	Gm24332	1154
1155	Slc43a3	chr2	84936579	84958509	protein_coding	ENSMUSG00000027074	+	Slc43a3	1155
1156	Prg2	chr2	84980461	84983632	protein_coding	ENSMUSG00000027073	+	Prg2	1156
1157	Prg3	chr2	84988215	84993886	protein_coding	ENSMUSG00000027072	+	Prg3	1157
1158	P2rx3	chr2	84998583	85037462	protein_coding	ENSMUSG00000027071	-	P2rx3	1158
1159	Ssrp1	chr2	85037234	85047109	protein_coding	ENSMUSG00000027067	+	Ssrp1	1159
1160	Tnks1bp1	chr2	85048022	85073048	protein_coding	ENSMUSG00000033955	+	Tnks1bp1	1160
1161	4930443O20Rik	chr2	85073614	85086461	lncRNA	ENSMUSG00000086969	-	4930443O20Rik	1161
1162	Aplnr	chr2	85136225	85139923	protein_coding	ENSMUSG00000044338	+	Aplnr	1162
1163	Gm13712	chr2	85156101	85158642	unprocessed_pseudogene	ENSMUSG00000082534	-	Gm13712	1163
1164	Gm13713	chr2	85160778	85193325	lncRNA	ENSMUSG00000085135	+	Gm13713	1164
1165	Lrrc55	chr2	85162334	85197197	protein_coding	ENSMUSG00000075224	-	Lrrc55	1165
1166	Gm13716	chr2	85196932	85198675	lncRNA	ENSMUSG00000086905	+	Gm13716	1166
1167	Gm13715	chr2	85233675	85243678	lncRNA	ENSMUSG00000085025	+	Gm13715	1167
1168	Olfr987	chr2	85330779	85339315	protein_coding	ENSMUSG00000075223	-	Olfr987	1168
1169	Olfr988	chr2	85352428	85363227	protein_coding	ENSMUSG00000075222	-	Olfr988	1169
1170	Olfr989-ps1	chr2	85374853	85380487	unprocessed_pseudogene	ENSMUSG00000111597	-	Olfr989-ps1	1170
1171	Olfr990-ps1	chr2	85388132	85389035	unprocessed_pseudogene	ENSMUSG00000082712	-	Olfr990-ps1	1171
1172	Olfr991-ps1	chr2	85397709	85398616	unprocessed_pseudogene	ENSMUSG00000110978	-	Olfr991-ps1	1172
1173	Olfr992	chr2	85398824	85409469	protein_coding	ENSMUSG00000075221	-	Olfr992	1173
1174	Gm23716	chr2	85420137	85420280	snoRNA	ENSMUSG00000087973	+	Gm23716	1174
1175	Olfr994	chr2	85429380	85436451	protein_coding	ENSMUSG00000075219	-	Olfr994	1175
1176	Olfr995	chr2	85437528	85443639	protein_coding	ENSMUSG00000075218	-	Olfr995	1176
1177	4833423E24Rik	chr2	85483594	85519024	protein_coding	ENSMUSG00000075217	-	4833423E24Rik	1177
1178	Olfr996	chr2	85579215	85580282	protein_coding	ENSMUSG00000111179	+	Olfr996	1178
1179	Olfr998	chr2	85588948	85591893	protein_coding	ENSMUSG00000111454	+	Olfr998	1179
1180	Olfr999-ps1	chr2	85601769	85602717	unprocessed_pseudogene	ENSMUSG00000081955	-	Olfr999-ps1	1180
1181	Olfr1002	chr2	85646057	85650704	protein_coding	ENSMUSG00000075214	-	Olfr1002	1181
1182	Olfr1004-ps1	chr2	85656256	85656835	unprocessed_pseudogene	ENSMUSG00000083358	-	Olfr1004-ps1	1182
1183	Olfr1005-ps1	chr2	85669822	85672240	unprocessed_pseudogene	ENSMUSG00000110810	+	Olfr1005-ps1	1183
1184	Olfr1009	chr2	85715419	85725136	protein_coding	ENSMUSG00000043226	+	Olfr1009	1184
1185	Olfr1010	chr2	85748352	85754526	polymorphic_pseudogene	ENSMUSG00000110879	+	Olfr1010	1185
1186	Olfr1012	chr2	85757353	85762766	protein_coding	ENSMUSG00000075210	-	Olfr1012	1186
1187	Olfr1013	chr2	85767098	85774649	protein_coding	ENSMUSG00000053287	+	Olfr1013	1187
1188	Olfr1014	chr2	85772713	85778974	protein_coding	ENSMUSG00000059379	+	Olfr1014	1188
1189	Olfr1015	chr2	85782017	85787812	protein_coding	ENSMUSG00000033850	+	Olfr1015	1189
1190	Olfr1016	chr2	85797618	85802544	protein_coding	ENSMUSG00000075209	-	Olfr1016	1190
1191	Olfr1018	chr2	85818479	85824221	protein_coding	ENSMUSG00000043892	+	Olfr1018	1191
1192	Olfr1019	chr2	85839621	85845483	protein_coding	ENSMUSG00000075208	-	Olfr1019	1192
1193	Olfr1020	chr2	85847030	85851794	protein_coding	ENSMUSG00000046975	+	Olfr1020	1193
1194	Olfr1021-ps1	chr2	85858928	85864364	polymorphic_pseudogene	ENSMUSG00000082754	+	Olfr1021-ps1	1194
1195	Olfr1022	chr2	85868594	85869541	protein_coding	ENSMUSG00000057761	+	Olfr1022	1195
1196	Olfr1023	chr2	85885640	85891213	protein_coding	ENSMUSG00000050128	+	Olfr1023	1196
1197	Olfr1024	chr2	85904069	85905052	protein_coding	ENSMUSG00000075206	-	Olfr1024	1197
1198	Olfr1025-ps1	chr2	85915193	85921381	protein_coding	ENSMUSG00000058884	+	Olfr1025-ps1	1198
1199	Olfr1026	chr2	85921558	85924623	protein_coding	ENSMUSG00000042863	+	Olfr1026	1199
1200	Olfr1028	chr2	85950437	85953910	protein_coding	ENSMUSG00000057207	+	Olfr1028	1200
1201	Olfr1029	chr2	85973895	85978913	protein_coding	ENSMUSG00000059873	+	Olfr1029	1201
1202	Olfr1030	chr2	85979276	85988294	protein_coding	ENSMUSG00000044923	+	Olfr1030	1202
1203	Olfr1031	chr2	85990304	85993704	protein_coding	ENSMUSG00000043267	+	Olfr1031	1203
1204	Olfr1032	chr2	86005540	86009125	protein_coding	ENSMUSG00000042796	+	Olfr1032	1204
1205	Olfr1033	chr2	86020633	86045171	protein_coding	ENSMUSG00000045392	+	Olfr1033	1205
1206	Olfr1034	chr2	86045861	86050742	protein_coding	ENSMUSG00000102091	+	Olfr1034	1206
1207	Olfr1035-ps1	chr2	86046937	86057882	transcribed_unprocessed_pseudogene	ENSMUSG00000083418	-	Olfr1035-ps1	1207
1208	Olfr1036	chr2	86073992	86077194	protein_coding	ENSMUSG00000099820	+	Olfr1036	1208
1209	Olfr1037	chr2	86084671	86087385	protein_coding	ENSMUSG00000075205	-	Olfr1037	1209
1210	Gm13722	chr2	86090336	86093401	processed_pseudogene	ENSMUSG00000083594	-	Gm13722	1210
1211	Olfr1038-ps	chr2	86120223	86126356	polymorphic_pseudogene	ENSMUSG00000050577	+	Olfr1038-ps	1211
1212	Olfr1039	chr2	86127995	86135928	protein_coding	ENSMUSG00000075204	-	Olfr1039	1212
1213	Olfr1042	chr2	86156743	86161838	protein_coding	ENSMUSG00000075202	-	Olfr1042	1213
1214	Olfr1043	chr2	86161890	86167522	protein_coding	ENSMUSG00000075201	-	Olfr1043	1214
1215	Olfr1044	chr2	86168589	86177820	protein_coding	ENSMUSG00000075200	-	Olfr1044	1215
1216	Olfr52	chr2	86179412	86185683	protein_coding	ENSMUSG00000075199	-	Olfr52	1216
1217	Olfr1045	chr2	86195910	86203009	protein_coding	ENSMUSG00000075198	-	Olfr1045	1217
1218	Olfr1046	chr2	86214987	86219314	protein_coding	ENSMUSG00000075197	-	Olfr1046	1218
1219	Olfr1047	chr2	86226567	86231401	protein_coding	ENSMUSG00000075196	-	Olfr1047	1219
1220	Olfr1048	chr2	86233951	86240289	protein_coding	ENSMUSG00000075195	-	Olfr1048	1220
1221	Olfr1051	chr2	86273814	86279088	protein_coding	ENSMUSG00000075193	-	Olfr1051	1221
1222	Olfr1052	chr2	86292455	86299233	protein_coding	ENSMUSG00000047149	+	Olfr1052	1222
1223	Gm13719	chr2	86325641	86328569	processed_pseudogene	ENSMUSG00000083864	-	Gm13719	1223
1224	Olfr1055	chr2	86346624	86350284	protein_coding	ENSMUSG00000075189	-	Olfr1055	1224
1225	Olfr1056	chr2	86354398	86362469	protein_coding	ENSMUSG00000075188	-	Olfr1056	1225
1226	Olfr1057	chr2	86372561	86378393	protein_coding	ENSMUSG00000075187	-	Olfr1057	1226
1227	Olfr1058	chr2	86384760	86388561	protein_coding	ENSMUSG00000075186	-	Olfr1058	1227
1228	Olfr1062	chr2	86420399	86426749	protein_coding	ENSMUSG00000090059	-	Olfr1062	1228
1229	Olfr1065	chr2	86443958	86450591	protein_coding	ENSMUSG00000111306	-	Olfr1065	1229
1230	Olfr1066	chr2	86455328	86456269	protein_coding	ENSMUSG00000075181	-	Olfr1066	1230
1231	Gm48628	chr2	86470521	86471463	unprocessed_pseudogene	ENSMUSG00000111643	-	Gm48628	1231
1232	Olfr228	chr2	86481921	86487386	protein_coding	ENSMUSG00000111772	-	Olfr228	1232
1233	Olfr1073-ps1	chr2	86488416	86488796	unprocessed_pseudogene	ENSMUSG00000082547	-	Olfr1073-ps1	1233
1234	Olfr1077-ps1	chr2	86525028	86528427	polymorphic_pseudogene	ENSMUSG00000111678	-	Olfr1077-ps1	1234
1235	Olfr1078-ps1	chr2	86528891	86530427	unprocessed_pseudogene	ENSMUSG00000080924	-	Olfr1078-ps1	1235
1236	Olfr1079	chr2	86536949	86542480	protein_coding	ENSMUSG00000075179	-	Olfr1079	1236
1237	Olfr1080	chr2	86552675	86558235	protein_coding	ENSMUSG00000110912	-	Olfr1080	1237
1238	Olfr1081-ps1	chr2	86567120	86568064	unprocessed_pseudogene	ENSMUSG00000080986	-	Olfr1081-ps1	1238
1239	Olfr1082	chr2	86593412	86598966	protein_coding	ENSMUSG00000111689	-	Olfr1082	1239
1240	Olfr1084	chr2	86638765	86639725	protein_coding	ENSMUSG00000110804	-	Olfr1084	1240
1241	Olfr1085	chr2	86653665	86662019	protein_coding	ENSMUSG00000075176	-	Olfr1085	1241
1242	Olfr1086	chr2	86676218	86680092	protein_coding	ENSMUSG00000075175	-	Olfr1086	1242
1243	Olfr1087	chr2	86687235	86698395	protein_coding	ENSMUSG00000075174	-	Olfr1087	1243
1244	Olfr1090	chr2	86752724	86758993	protein_coding	ENSMUSG00000075172	-	Olfr1090	1244
1245	Olfr1092-ps1	chr2	86778503	86778900	unprocessed_pseudogene	ENSMUSG00000111295	+	Olfr1092-ps1	1245
1246	Olfr1093	chr2	86782479	86787616	protein_coding	ENSMUSG00000047969	+	Olfr1093	1246
1247	Olfr141	chr2	86804134	86810018	protein_coding	ENSMUSG00000078420	-	Olfr141	1247
1248	Olfr1094	chr2	86824663	86830282	protein_coding	ENSMUSG00000044213	+	Olfr1094	1248
1249	Gm13723	chr2	86869011	86874802	protein_coding	ENSMUSG00000086338	-	Gm13723	1249
1250	Olfr1097	chr2	86886773	86892216	protein_coding	ENSMUSG00000075170	-	Olfr1097	1250
1251	Olfr1098	chr2	86920949	86924545	protein_coding	ENSMUSG00000075169	-	Olfr1098	1251
1252	Olfr1099	chr2	86955126	86960693	protein_coding	ENSMUSG00000075168	-	Olfr1099	1252
1253	Olfr1101	chr2	86986291	86991221	protein_coding	ENSMUSG00000075167	-	Olfr1101	1253
1254	Olfr1102	chr2	86998398	87003618	protein_coding	ENSMUSG00000049843	+	Olfr1102	1254
1255	Olfr1103-ps1	chr2	87009938	87010874	unprocessed_pseudogene	ENSMUSG00000083147	-	Olfr1103-ps1	1255
1256	Olfr1104	chr2	87020703	87027080	protein_coding	ENSMUSG00000075166	-	Olfr1104	1256
1257	Olfr1105	chr2	87031260	87036531	protein_coding	ENSMUSG00000075165	-	Olfr1105	1257
1258	Olfr1106	chr2	87046811	87052273	protein_coding	ENSMUSG00000075164	-	Olfr1106	1258
1259	Olfr1107	chr2	87068671	87075817	protein_coding	ENSMUSG00000075163	-	Olfr1107	1259
1260	Olfr1108-ps1	chr2	87083265	87083385	unprocessed_pseudogene	ENSMUSG00000110886	-	Olfr1108-ps1	1260
1261	Olfr1109	chr2	87091195	87096008	protein_coding	ENSMUSG00000075161	-	Olfr1109	1261
1262	Olfr259	chr2	87104578	87114567	protein_coding	ENSMUSG00000075160	-	Olfr259	1262
1263	Olfr1111	chr2	87149181	87152624	protein_coding	ENSMUSG00000075158	-	Olfr1111	1263
1264	Nlk-ps1	chr2	87163948	87167315	processed_pseudogene	ENSMUSG00000081041	-	Nlk-ps1	1264
1265	Olfr1112	chr2	87187798	87192767	protein_coding	ENSMUSG00000044487	+	Olfr1112	1265
1266	Olfr1113	chr2	87208970	87214650	protein_coding	ENSMUSG00000070857	+	Olfr1113	1266
1267	Olfr1114-ps1	chr2	87226043	87226746	unprocessed_pseudogene	ENSMUSG00000111248	+	Olfr1114-ps1	1267
1268	Olfr1115	chr2	87248013	87253868	protein_coding	ENSMUSG00000070856	+	Olfr1115	1268
1269	Olfr1116	chr2	87267534	87278262	protein_coding	ENSMUSG00000070855	+	Olfr1116	1269
1270	Gm13729	chr2	87304739	87305144	processed_pseudogene	ENSMUSG00000083550	+	Gm13729	1270
1271	Olfr1118	chr2	87307581	87313621	protein_coding	ENSMUSG00000083706	+	Olfr1118	1271
1272	Olfr1119-ps1	chr2	87352839	87353472	unprocessed_pseudogene	ENSMUSG00000111093	+	Olfr1119-ps1	1272
1273	Olfr1120	chr2	87354815	87361786	protein_coding	ENSMUSG00000081234	+	Olfr1120	1273
1274	Olfr1122	chr2	87385849	87391930	protein_coding	ENSMUSG00000047594	+	Olfr1122	1274
1275	Olfr1123	chr2	87416635	87423211	protein_coding	ENSMUSG00000043274	+	Olfr1123	1275
1276	Olfr1124	chr2	87430275	87436623	protein_coding	ENSMUSG00000050772	+	Olfr1124	1276
1277	Olfr1126	chr2	87453962	87458911	protein_coding	ENSMUSG00000058194	+	Olfr1126	1277
1278	Pramel7	chr2	87489087	87497093	protein_coding	ENSMUSG00000025839	-	Pramel7	1278
1279	Pramel6	chr2	87506565	87510872	protein_coding	ENSMUSG00000025838	+	Pramel6	1279
1280	Gm13736	chr2	87526145	87526397	processed_pseudogene	ENSMUSG00000082908	+	Gm13736	1280
1281	Olfr153	chr2	87531796	87533053	protein_coding	ENSMUSG00000061520	+	Olfr153	1281
1282	Olfr1128	chr2	87544607	87545542	protein_coding	ENSMUSG00000075156	-	Olfr1128	1282
1283	Gm13740	chr2	87546893	87547202	processed_pseudogene	ENSMUSG00000082417	-	Gm13740	1283
1284	Gm13744	chr2	87559920	87560769	processed_pseudogene	ENSMUSG00000081132	-	Gm13744	1284
1285	Olfr1129	chr2	87573902	87577259	protein_coding	ENSMUSG00000062272	+	Olfr1129	1285
1286	Olfr1130	chr2	87606212	87609852	protein_coding	ENSMUSG00000059205	+	Olfr1130	1286
1287	Olfr1131	chr2	87627104	87630203	protein_coding	ENSMUSG00000068819	+	Olfr1131	1287
1288	Olfr1132	chr2	87632583	87637535	protein_coding	ENSMUSG00000068818	-	Olfr1132	1288
1289	Olfr1133	chr2	87645180	87647374	protein_coding	ENSMUSG00000075155	-	Olfr1133	1289
1290	Olfr1134	chr2	87655673	87658460	protein_coding	ENSMUSG00000111747	-	Olfr1134	1290
1291	Olfr1135	chr2	87669835	87673664	protein_coding	ENSMUSG00000075153	-	Olfr1135	1291
1292	Olfr1136	chr2	87692881	87693947	protein_coding	ENSMUSG00000075151	-	Olfr1136	1292
1293	Olfr1137	chr2	87708873	87713179	protein_coding	ENSMUSG00000075150	-	Olfr1137	1293
1294	Olfr1140	chr2	87743752	87747581	protein_coding	ENSMUSG00000068817	+	Olfr1140	1294
1295	Olfr152	chr2	87779483	87784572	protein_coding	ENSMUSG00000068816	+	Olfr152	1295
1296	Olfr1143	chr2	87800592	87804274	protein_coding	ENSMUSG00000068815	+	Olfr1143	1296
1297	Olfr1150-ps1	chr2	87843993	87849541	protein_coding	ENSMUSG00000070853	+	Olfr1150-ps1	1297
1298	Olfr1151	chr2	87855862	87859923	protein_coding	ENSMUSG00000047039	+	Olfr1151	1298
1299	Olfr1152	chr2	87866492	87874156	protein_coding	ENSMUSG00000045225	+	Olfr1152	1299
1300	Gm13745	chr2	87871681	87872207	processed_pseudogene	ENSMUSG00000082056	+	Gm13745	1300
1301	Olfr1154	chr2	87901256	87905166	protein_coding	ENSMUSG00000075146	-	Olfr1154	1301
1302	Olfr1155	chr2	87941645	87945137	protein_coding	ENSMUSG00000075145	-	Olfr1155	1302
1303	Olfr1156	chr2	87947053	87953100	protein_coding	ENSMUSG00000075144	-	Olfr1156	1303
1304	Olfr1157	chr2	87958485	87968299	protein_coding	ENSMUSG00000075143	-	Olfr1157	1304
1305	Olfr1160	chr2	88000927	88008268	protein_coding	ENSMUSG00000075141	-	Olfr1160	1305
1306	Olfr1161	chr2	88022774	88028252	protein_coding	ENSMUSG00000045150	+	Olfr1161	1306
1307	Olfr73	chr2	88032288	88037699	protein_coding	ENSMUSG00000075140	-	Olfr73	1307
1308	Olfr1164	chr2	88092855	88093966	protein_coding	ENSMUSG00000075136	-	Olfr1164	1308
1309	Olfr1165-ps	chr2	88101036	88101985	polymorphic_pseudogene	ENSMUSG00000046590	-	Olfr1165-ps	1309
1310	Olfr1167	chr2	88146150	88155193	protein_coding	ENSMUSG00000100899	-	Olfr1167	1310
1311	Olfr1168	chr2	88181880	88186919	protein_coding	ENSMUSG00000061342	+	Olfr1168	1311
1312	Olfr1170	chr2	88222098	88228334	protein_coding	ENSMUSG00000075133	-	Olfr1170	1312
1313	Olfr1171-ps1	chr2	88252643	88258690	transcribed_unprocessed_pseudogene	ENSMUSG00000082010	-	Olfr1171-ps1	1313
1314	Olfr1172-ps1	chr2	88264173	88264364	unprocessed_pseudogene	ENSMUSG00000082237	-	Olfr1172-ps1	1314
1315	Olfr1173	chr2	88273040	88279875	protein_coding	ENSMUSG00000075132	-	Olfr1173	1315
1316	Olfr1174-ps	chr2	88310284	88315135	protein_coding	ENSMUSG00000080713	-	Olfr1174-ps	1316
1317	Olfr1175-ps	chr2	88318194	88327215	protein_coding	ENSMUSG00000083855	-	Olfr1175-ps	1317
1318	Olfr1176	chr2	88336721	88342048	protein_coding	ENSMUSG00000050023	+	Olfr1176	1318
1319	Olfr1177-ps	chr2	88342132	88346492	protein_coding	ENSMUSG00000075128	-	Olfr1177-ps	1319
1320	Olfr1178	chr2	88387062	88400799	protein_coding	ENSMUSG00000056995	+	Olfr1178	1320
1321	Olfr1179	chr2	88401859	88406453	protein_coding	ENSMUSG00000075127	-	Olfr1179	1321
1322	Olfr1180	chr2	88410649	88419151	protein_coding	ENSMUSG00000081836	-	Olfr1180	1322
1323	Olfr1181	chr2	88420321	88426171	protein_coding	ENSMUSG00000075125	-	Olfr1181	1323
1324	Gm13757	chr2	88442814	88449131	protein_coding	ENSMUSG00000090097	-	Gm13757	1324
1325	Olfr1183	chr2	88454867	88469199	protein_coding	ENSMUSG00000049372	+	Olfr1183	1325
1326	Olfr1184	chr2	88483598	88489284	protein_coding	ENSMUSG00000051424	+	Olfr1184	1326
1327	Olfr1185-ps1	chr2	88493320	88502049	protein_coding	ENSMUSG00000057735	+	Olfr1185-ps1	1327
1328	Olfr1186	chr2	88518551	88526790	protein_coding	ENSMUSG00000082882	+	Olfr1186	1328
1329	Olfr1188	chr2	88556935	88560815	protein_coding	ENSMUSG00000068809	+	Olfr1188	1329
1330	Gm13758	chr2	88572052	88579744	processed_pseudogene	ENSMUSG00000081073	+	Gm13758	1330
1331	Olfr1189	chr2	88586454	88592762	protein_coding	ENSMUSG00000068808	+	Olfr1189	1331
1332	Olfr475-ps1	chr2	88623305	88624236	polymorphic_pseudogene	ENSMUSG00000075126	+	Olfr475-ps1	1332
1333	Olfr1191-ps1	chr2	88640542	88648438	protein_coding	ENSMUSG00000081948	+	Olfr1191-ps1	1333
1334	Olfr1192-ps1	chr2	88648509	88659772	protein_coding	ENSMUSG00000111590	+	Olfr1192-ps1	1334
1335	Olfr1193	chr2	88675628	88681143	protein_coding	ENSMUSG00000060827	+	Olfr1193	1335
1336	Olfr1195	chr2	88681455	88689187	protein_coding	ENSMUSG00000075121	-	Olfr1195	1336
1337	Olfr1196	chr2	88697303	88704597	protein_coding	ENSMUSG00000075120	-	Olfr1196	1337
1338	Olfr1197	chr2	88726903	88732366	protein_coding	ENSMUSG00000075119	-	Olfr1197	1338
1339	Olfr1198	chr2	88743970	88751370	protein_coding	ENSMUSG00000075117	-	Olfr1198	1339
1340	Olfr1199	chr2	88754195	88760469	protein_coding	ENSMUSG00000089892	-	Olfr1199	1340
1341	Olfr1200	chr2	88763511	88770488	protein_coding	ENSMUSG00000075115	-	Olfr1200	1341
1342	Olfr1202	chr2	88814496	88820711	protein_coding	ENSMUSG00000064084	+	Olfr1202	1342
1343	Olfr1205	chr2	88829737	88837104	protein_coding	ENSMUSG00000057447	+	Olfr1205	1343
1344	Olfr1206	chr2	88863231	88867753	protein_coding	ENSMUSG00000062757	+	Olfr1206	1344
1345	Olfr1208	chr2	88895575	88902311	protein_coding	ENSMUSG00000075114	-	Olfr1208	1345
1346	Olfr1209	chr2	88904942	88915157	protein_coding	ENSMUSG00000075113	-	Olfr1209	1346
1347	Olfr1211	chr2	88926876	88938111	protein_coding	ENSMUSG00000075112	-	Olfr1211	1347
1348	Olfr1212	chr2	88953969	88961313	protein_coding	ENSMUSG00000048226	+	Olfr1212	1348
1349	Gm13762	chr2	88972055	88980281	protein_coding	ENSMUSG00000075111	-	Gm13762	1349
1350	Olfr1214	chr2	88986479	88992653	protein_coding	ENSMUSG00000075110	-	Olfr1214	1350
1351	Olfr1215	chr2	89000021	89006973	protein_coding	ENSMUSG00000100016	-	Olfr1215	1351
1352	Olfr1216	chr2	89007563	89018340	protein_coding	ENSMUSG00000075107	-	Olfr1216	1352
1353	Olfr1217	chr2	89021336	89032065	protein_coding	ENSMUSG00000101391	-	Olfr1217	1353
1354	Olfr1218	chr2	89052296	89061187	protein_coding	ENSMUSG00000075105	-	Olfr1218	1354
1355	Olfr1219	chr2	89072241	89083513	protein_coding	ENSMUSG00000075104	-	Olfr1219	1355
1356	Olfr1220	chr2	89094188	89106835	protein_coding	ENSMUSG00000101480	-	Olfr1220	1356
1357	Olfr1221	chr2	89109086	89117283	protein_coding	ENSMUSG00000075102	-	Olfr1221	1357
1358	Olfr1222	chr2	89122885	89133054	protein_coding	ENSMUSG00000075101	-	Olfr1222	1358
1359	Olfr1223	chr2	89143508	89151560	protein_coding	ENSMUSG00000075100	-	Olfr1223	1359
1360	Olfr1224-ps1	chr2	89155336	89164091	protein_coding	ENSMUSG00000075099	-	Olfr1224-ps1	1360
1361	Olfr1225	chr2	89168380	89174669	protein_coding	ENSMUSG00000101918	-	Olfr1225	1361
1362	Gm13761	chr2	89181374	89182180	processed_pseudogene	ENSMUSG00000082581	-	Gm13761	1362
1363	Olfr1226	chr2	89188839	89200048	protein_coding	ENSMUSG00000075097	-	Olfr1226	1363
1364	Olfr1229	chr2	89280476	89288014	protein_coding	ENSMUSG00000075095	-	Olfr1229	1364
1365	Olfr1231	chr2	89299786	89307074	protein_coding	ENSMUSG00000075093	-	Olfr1231	1365
1366	Olfr1233	chr2	89333208	89342398	protein_coding	ENSMUSG00000075091	-	Olfr1233	1366
1367	Olfr1234	chr2	89360013	89364865	protein_coding	ENSMUSG00000075090	-	Olfr1234	1367
1368	AL929555.1	chr2	89399831	89402363	unprocessed_pseudogene	ENSMUSG00000111302	-	AL929555.1	1368
1369	Olfr1238	chr2	89401991	89409676	protein_coding	ENSMUSG00000111517	-	Olfr1238	1369
1370	Olfr1240	chr2	89436296	89443000	protein_coding	ENSMUSG00000111174	-	Olfr1240	1370
1371	Olfr1241	chr2	89481314	89487126	protein_coding	ENSMUSG00000075086	-	Olfr1241	1371
1372	Olfr1242	chr2	89492380	89498335	protein_coding	ENSMUSG00000075085	-	Olfr1242	1372
1373	Olfr1243	chr2	89525889	89531487	protein_coding	ENSMUSG00000075084	-	Olfr1243	1373
1374	Olfr1246	chr2	89586141	89593157	protein_coding	ENSMUSG00000111715	-	Olfr1246	1374
1375	Olfr1247	chr2	89604959	89614130	protein_coding	ENSMUSG00000075081	-	Olfr1247	1375
1376	Olfr1249	chr2	89628902	89634983	protein_coding	ENSMUSG00000075079	-	Olfr1249	1376
1377	Olfr1250	chr2	89653773	89661467	protein_coding	ENSMUSG00000075078	-	Olfr1250	1377
1378	Olfr1252	chr2	89719575	89725012	protein_coding	ENSMUSG00000110819	-	Olfr1252	1378
1379	Olfr1253	chr2	89749467	89757090	protein_coding	ENSMUSG00000075075	-	Olfr1253	1379
1380	Olfr1254	chr2	89787325	89793619	protein_coding	ENSMUSG00000075074	-	Olfr1254	1380
1381	Olfr1255	chr2	89812051	89817860	protein_coding	ENSMUSG00000045148	+	Olfr1255	1381
1382	Olfr1256	chr2	89825311	89841555	protein_coding	ENSMUSG00000075073	-	Olfr1256	1382
1383	Olfr48	chr2	89841793	89848205	protein_coding	ENSMUSG00000075072	-	Olfr48	1383
1384	Olfr1257	chr2	89878437	89883026	protein_coding	ENSMUSG00000049057	+	Olfr1257	1384
1385	Olfr1258	chr2	89927309	89936334	protein_coding	ENSMUSG00000049149	+	Olfr1258	1385
1386	Olfr1259	chr2	89940532	89948664	protein_coding	ENSMUSG00000068806	-	Olfr1259	1386
1387	Olfr1260	chr2	89974340	89981586	protein_coding	ENSMUSG00000042894	+	Olfr1260	1387
1388	Olfr1261	chr2	89991221	89996189	protein_coding	ENSMUSG00000061295	+	Olfr1261	1388
1389	Olfr1262	chr2	90000145	90008291	protein_coding	ENSMUSG00000051313	+	Olfr1262	1389
1390	Olfr1263	chr2	90012131	90018424	protein_coding	ENSMUSG00000059112	+	Olfr1263	1390
1391	Olfr1264	chr2	90018526	90025577	protein_coding	ENSMUSG00000075069	-	Olfr1264	1391
1392	Olfr1265	chr2	90035337	90042214	protein_coding	ENSMUSG00000059910	+	Olfr1265	1392
1393	Olfr140	chr2	90049380	90063594	protein_coding	ENSMUSG00000075068	-	Olfr140	1393
1394	Olfr1268-ps1	chr2	90109095	90115023	polymorphic_pseudogene	ENSMUSG00000082574	-	Olfr1268-ps1	1394
1395	Olfr32	chr2	90136273	90142296	protein_coding	ENSMUSG00000075066	-	Olfr32	1395
1396	Olfr1270	chr2	90145255	90153091	protein_coding	ENSMUSG00000075065	-	Olfr1270	1396
1397	Gm13768	chr2	90174097	90195152	unprocessed_pseudogene	ENSMUSG00000080223	+	Gm13768	1397
1398	Olfr1506	chr2	90220178	90224493	protein_coding	ENSMUSG00000075064	-	Olfr1506	1398
1399	Gm18953	chr2	90239483	90241423	unprocessed_pseudogene	ENSMUSG00000093625	+	Gm18953	1399
1400	Olfr142	chr2	90250130	90257592	protein_coding	ENSMUSG00000075063	-	Olfr142	1400
1401	Olfr1271	chr2	90260546	90271032	protein_coding	ENSMUSG00000075062	-	Olfr1271	1401
1402	Olfr1272	chr2	90280263	90292841	protein_coding	ENSMUSG00000075061	-	Olfr1272	1402
1403	Olfr1273-ps	chr2	90292234	90298714	polymorphic_pseudogene	ENSMUSG00000080809	-	Olfr1273-ps	1403
1404	Gm13767	chr2	90358171	90383161	unprocessed_pseudogene	ENSMUSG00000085547	-	Gm13767	1404
1405	Olfr1274-ps	chr2	90398683	90403897	protein_coding	ENSMUSG00000082980	+	Olfr1274-ps	1405
1406	Ptprj	chr2	90429754	90580647	protein_coding	ENSMUSG00000025314	-	Ptprj	1406
1407	4933423P22Rik	chr2	90479236	90488425	lncRNA	ENSMUSG00000085471	+	4933423P22Rik	1407
1408	Nup160	chr2	90677215	90736328	protein_coding	ENSMUSG00000051329	+	Nup160	1408
1409	Fnbp4	chr2	90745370	90781021	protein_coding	ENSMUSG00000008200	+	Fnbp4	1409
1410	Agbl2	chr2	90782727	90834437	protein_coding	ENSMUSG00000040812	+	Agbl2	1410
1411	Mtch2	chr2	90847155	90866810	protein_coding	ENSMUSG00000027282	+	Mtch2	1411
1412	C1qtnf4	chr2	90885860	90890525	protein_coding	ENSMUSG00000040794	+	C1qtnf4	1412
1413	AL672241.1	chr2	90891773	90893198	unitary_pseudogene	ENSMUSG00000118479	-	AL672241.1	1413
1414	Ndufs3	chr2	90894634	90904827	protein_coding	ENSMUSG00000005510	-	Ndufs3	1414
1415	Kbtbd4	chr2	90904740	90911626	protein_coding	ENSMUSG00000005505	+	Kbtbd4	1415
1416	Ptpmt1	chr2	90908716	90918258	protein_coding	ENSMUSG00000063235	-	Ptpmt1	1416
1417	Celf1	chr2	90940382	91019497	protein_coding	ENSMUSG00000005506	+	Celf1	1417
1418	Rapsn	chr2	91035620	91045729	protein_coding	ENSMUSG00000002104	+	Rapsn	1418
1419	Gm13778	chr2	91044092	91053933	lncRNA	ENSMUSG00000086495	-	Gm13778	1419
1420	Psmc3	chr2	91054009	91066369	protein_coding	ENSMUSG00000002102	+	Psmc3	1420
1421	Slc39a13	chr2	91061791	91070417	protein_coding	ENSMUSG00000002105	-	Slc39a13	1421
1422	Spi1	chr2	91082390	91115756	protein_coding	ENSMUSG00000002111	+	Spi1	1422
1423	Mybpc3	chr2	91118144	91136516	protein_coding	ENSMUSG00000002100	+	Mybpc3	1423
1424	Madd	chr2	91137360	91183837	protein_coding	ENSMUSG00000040687	-	Madd	1424
1425	Nr1h3	chr2	91184061	91202834	protein_coding	ENSMUSG00000002108	-	Nr1h3	1425
1426	Gm13783	chr2	91195906	91202778	lncRNA	ENSMUSG00000086206	-	Gm13783	1426
1427	Acp2	chr2	91202885	91214098	protein_coding	ENSMUSG00000002103	+	Acp2	1427
1428	Ddb2	chr2	91211572	91236982	protein_coding	ENSMUSG00000002109	-	Ddb2	1428
1429	Pacsin3	chr2	91255954	91264679	protein_coding	ENSMUSG00000027257	+	Pacsin3	1429
1430	Arfgap2	chr2	91264974	91276931	protein_coding	ENSMUSG00000027255	+	Arfgap2	1430
1431	1110051M20Rik	chr2	91275068	91444704	protein_coding	ENSMUSG00000040591	-	1110051M20Rik	1431
1432	Gm13787	chr2	91344022	91344189	processed_pseudogene	ENSMUSG00000081248	-	Gm13787	1432
1433	Gm22071	chr2	91407054	91407136	miRNA	ENSMUSG00000080507	-	Gm22071	1433
1434	Lrp4	chr2	91457511	91513779	protein_coding	ENSMUSG00000027253	+	Lrp4	1434
1435	Ckap5	chr2	91526762	91620664	protein_coding	ENSMUSG00000040549	+	Ckap5	1435
1436	F2	chr2	91625320	91636414	protein_coding	ENSMUSG00000027249	-	F2	1436
1437	Gm13771	chr2	91641685	91641922	processed_pseudogene	ENSMUSG00000083832	-	Gm13771	1437
1438	Zfp408	chr2	91643669	91649791	protein_coding	ENSMUSG00000075040	-	Zfp408	1438
1439	Arhgap1	chr2	91649860	91672326	protein_coding	ENSMUSG00000027247	+	Arhgap1	1439
1440	Atg13	chr2	91674618	91710576	protein_coding	ENSMUSG00000027244	-	Atg13	1440
1441	Harbi1	chr2	91710852	91721545	protein_coding	ENSMUSG00000027243	+	Harbi1	1441
1442	Ambra1	chr2	91730134	91918849	protein_coding	ENSMUSG00000040506	+	Ambra1	1442
1443	Gm10805	chr2	91920528	91920928	pseudogene	ENSMUSG00000075036	-	Gm10805	1443
1444	Chrm4	chr2	91927249	91928688	protein_coding	ENSMUSG00000040495	+	Chrm4	1444
1445	Mdk	chr2	91929805	91932297	protein_coding	ENSMUSG00000027239	-	Mdk	1445
1446	Dgkz	chr2	91932824	91975864	protein_coding	ENSMUSG00000040479	-	Dgkz	1446
1447	Gm9821	chr2	91945703	91948688	lncRNA	ENSMUSG00000095332	+	Gm9821	1447
1448	Creb3l1	chr2	91982328	92024502	protein_coding	ENSMUSG00000027230	-	Creb3l1	1448
1449	Gm13780	chr2	92043373	92096042	lncRNA	ENSMUSG00000087197	-	Gm13780	1449
1450	2900072N19Rik	chr2	92054989	92059369	lncRNA	ENSMUSG00000087018	-	2900072N19Rik	1450
1451	Phf21a	chr2	92093117	92364666	protein_coding	ENSMUSG00000058318	+	Phf21a	1451
1452	Gm13786	chr2	92233105	92233437	processed_pseudogene	ENSMUSG00000083951	+	Gm13786	1452
1453	Gm13785	chr2	92312154	92312843	processed_pseudogene	ENSMUSG00000081730	+	Gm13785	1453
1454	Large2	chr2	92365046	92374869	protein_coding	ENSMUSG00000040434	-	Large2	1454
1455	Pex16	chr2	92374676	92381217	protein_coding	ENSMUSG00000027222	+	Pex16	1455
1456	1700029I15Rik	chr2	92382538	92385708	protein_coding	ENSMUSG00000044916	+	1700029I15Rik	1456
1457	Mapk8ip1	chr2	92383676	92401263	protein_coding	ENSMUSG00000027223	-	Mapk8ip1	1457
1458	Mir7000	chr2	92387384	92387446	miRNA	ENSMUSG00000099093	-	Mir7000	1458
1459	Cry2	chr2	92403646	92434043	protein_coding	ENSMUSG00000068742	-	Cry2	1459
1460	D930015M05Rik	chr2	92408892	92432308	lncRNA	ENSMUSG00000084781	+	D930015M05Rik	1460
1461	Slc35c1	chr2	92452764	92460538	protein_coding	ENSMUSG00000049922	-	Slc35c1	1461
1462	Gm13814	chr2	92483926	92529809	lncRNA	ENSMUSG00000085261	+	Gm13814	1462
1463	Gm13817	chr2	92529694	92540980	lncRNA	ENSMUSG00000085293	-	Gm13817	1463
1464	Mir7221	chr2	92592206	92592277	miRNA	ENSMUSG00000099223	+	Mir7221	1464
1465	Chst1	chr2	92599707	92615250	protein_coding	ENSMUSG00000027221	+	Chst1	1465
1466	Gm13816	chr2	92742230	92759208	lncRNA	ENSMUSG00000085976	+	Gm13816	1466
1467	Gm13791	chr2	92856167	92913663	lncRNA	ENSMUSG00000086980	-	Gm13791	1467
1468	Gm13792	chr2	92872887	92873309	processed_pseudogene	ENSMUSG00000082700	-	Gm13792	1468
1469	Syt13	chr2	92915098	92956058	protein_coding	ENSMUSG00000027220	+	Syt13	1469
1470	Prdm11	chr2	92972018	93046167	protein_coding	ENSMUSG00000075028	-	Prdm11	1470
1471	4631405J19Rik	chr2	93027956	93044732	lncRNA	ENSMUSG00000075027	+	4631405J19Rik	1471
1472	Gm13802	chr2	93085942	93098244	lncRNA	ENSMUSG00000087559	-	Gm13802	1472
1473	Trp53i11	chr2	93187548	93201759	protein_coding	ENSMUSG00000068735	+	Trp53i11	1473
1474	Tspan18	chr2	93201760	93334505	protein_coding	ENSMUSG00000027217	-	Tspan18	1474
1475	Gm23380	chr2	93386727	93386829	rRNA	ENSMUSG00000089073	-	Gm23380	1475
1476	Gm13807	chr2	93403547	93417830	lncRNA	ENSMUSG00000085852	+	Gm13807	1476
1477	Cd82	chr2	93419111	93463140	protein_coding	ENSMUSG00000027215	-	Cd82	1477
1478	Gm10804	chr2	93452819	93469871	lncRNA	ENSMUSG00000075025	+	Gm10804	1478
1479	Alx4	chr2	93642384	93681339	protein_coding	ENSMUSG00000040310	+	Alx4	1479
1480	Ext2	chr2	93661028	93822568	protein_coding	ENSMUSG00000027198	-	Ext2	1480
1481	Gm13818	chr2	93794570	93795080	processed_pseudogene	ENSMUSG00000081353	+	Gm13818	1481
1482	Accs	chr2	93833467	93849943	protein_coding	ENSMUSG00000040272	-	Accs	1482
1483	Accsl	chr2	93855361	93869157	protein_coding	ENSMUSG00000075023	-	Accsl	1483
1484	Gm1335	chr2	93940299	93940878	processed_pseudogene	ENSMUSG00000083009	-	Gm1335	1484
1485	Gm13889	chr2	93955810	93957201	protein_coding	ENSMUSG00000087006	-	Gm13889	1485
1486	Gm27027	chr2	93956817	93996354	protein_coding	ENSMUSG00000098004	-	Gm27027	1486
1487	Alkbh3os1	chr2	93980034	93983575	lncRNA	ENSMUSG00000027196	+	Alkbh3os1	1487
1488	Alkbh3	chr2	93980550	94010807	protein_coding	ENSMUSG00000040174	-	Alkbh3	1488
1489	Hsd17b12	chr2	94032689	94157964	protein_coding	ENSMUSG00000027195	-	Hsd17b12	1489
1490	Mir670hg	chr2	94160636	94264918	lncRNA	ENSMUSG00000075020	-	Mir670hg	1490
1491	Gm23630	chr2	94184027	94184130	miRNA	ENSMUSG00000093033	-	Gm23630	1491
1492	Ttc17	chr2	94300767	94406689	protein_coding	ENSMUSG00000027194	-	Ttc17	1492
1493	Itpa-ps1	chr2	94384502	94385098	processed_pseudogene	ENSMUSG00000081476	-	Itpa-ps1	1493
1494	2810002D19Rik	chr2	94406151	94411682	lncRNA	ENSMUSG00000045464	+	2810002D19Rik	1494
1495	Api5	chr2	94411682	94438136	protein_coding	ENSMUSG00000027193	-	Api5	1495
1496	Gm13799	chr2	95838088	95840594	lncRNA	ENSMUSG00000087537	+	Gm13799	1496
1497	Gm37175	chr2	95867926	95887514	TEC	ENSMUSG00000104258	+	Gm37175	1497
1498	Lrrc4c	chr2	96318169	97631666	protein_coding	ENSMUSG00000050587	+	Lrrc4c	1498
1499	4930445B16Rik	chr2	96987018	97083561	lncRNA	ENSMUSG00000091061	-	4930445B16Rik	1499
1500	Gm17075	chr2	96999624	97000293	processed_pseudogene	ENSMUSG00000091288	+	Gm17075	1500
1501	Gm17076	chr2	97039912	97041312	processed_pseudogene	ENSMUSG00000090449	+	Gm17076	1501
1502	Gm22957	chr2	97117414	97117536	snoRNA	ENSMUSG00000084460	+	Gm22957	1502
1503	Gm22313	chr2	97237818	97237946	snoRNA	ENSMUSG00000088633	+	Gm22313	1503
1504	Gm23317	chr2	97272211	97272339	snoRNA	ENSMUSG00000088624	-	Gm23317	1504
1505	Gm13803	chr2	97949191	97949679	processed_pseudogene	ENSMUSG00000082820	-	Gm13803	1505
1506	Gm13804	chr2	98291403	98291574	processed_pseudogene	ENSMUSG00000080802	+	Gm13804	1506
1507	Gm13806	chr2	98601030	98601354	processed_pseudogene	ENSMUSG00000082862	+	Gm13806	1507
1508	Gm10801	chr2	98662237	98664083	protein_coding	ENSMUSG00000075015	+	Gm10801	1508
1509	Gm10800	chr2	98666547	98667301	protein_coding	ENSMUSG00000075014	-	Gm10800	1509
1510	Gm13809	chr2	99555251	99555878	processed_pseudogene	ENSMUSG00000084313	+	Gm13809	1510
1511	B230118H07Rik	chr2	101560781	101649532	protein_coding	ENSMUSG00000027165	-	B230118H07Rik	1511
1512	Rag2	chr2	101624718	101632529	protein_coding	ENSMUSG00000032864	+	Rag2	1512
1513	Rag1	chr2	101638282	101649501	protein_coding	ENSMUSG00000061311	-	Rag1	1513
1514	Traf6	chr2	101678429	101701669	protein_coding	ENSMUSG00000027164	+	Traf6	1514
1515	Prr5l	chr2	101714285	101883027	protein_coding	ENSMUSG00000032841	-	Prr5l	1515
1516	Gm13905	chr2	101872175	101883256	lncRNA	ENSMUSG00000087465	+	Gm13905	1516
1517	Commd9	chr2	101886247	101901646	protein_coding	ENSMUSG00000027163	+	Commd9	1517
1518	Ldlrad3	chr2	101950203	102186385	protein_coding	ENSMUSG00000048058	-	Ldlrad3	1518
1519	Gm13919	chr2	102039629	102066725	lncRNA	ENSMUSG00000085417	+	Gm13919	1519
1520	Gm13920	chr2	102057587	102061430	lncRNA	ENSMUSG00000085110	+	Gm13920	1520
1521	Trim44	chr2	102300119	102407828	protein_coding	ENSMUSG00000027189	-	Trim44	1521
1522	Gm13868	chr2	102311914	102312207	processed_pseudogene	ENSMUSG00000083306	-	Gm13868	1522
1523	Fjx1	chr2	102449366	102452499	protein_coding	ENSMUSG00000075012	-	Fjx1	1523
1524	Pamr1	chr2	102550012	102643041	protein_coding	ENSMUSG00000027188	+	Pamr1	1524
1525	Slc1a2	chr2	102658659	102790784	protein_coding	ENSMUSG00000005089	+	Slc1a2	1525
1526	Gm13872	chr2	102737907	102746760	lncRNA	ENSMUSG00000087185	-	Gm13872	1526
1527	Cd44	chr2	102811141	102901665	protein_coding	ENSMUSG00000005087	-	Cd44	1527
1528	Pdhx	chr2	103021075	103073513	protein_coding	ENSMUSG00000010914	-	Pdhx	1528
1529	Apip	chr2	103073675	103092644	protein_coding	ENSMUSG00000010911	+	Apip	1529
1530	Gm10038	chr2	103099155	103099601	pseudogene	ENSMUSG00000058281	+	Gm10038	1530
1531	Gm13874	chr2	103177787	103186681	lncRNA	ENSMUSG00000087032	+	Gm13874	1531
1532	Gm13869	chr2	103206209	103210357	lncRNA	ENSMUSG00000086957	-	Gm13869	1532
1533	Ehf	chr2	103263433	103303278	protein_coding	ENSMUSG00000012350	-	Ehf	1533
1534	A930006I01Rik	chr2	103338601	103372764	lncRNA	ENSMUSG00000087278	-	A930006I01Rik	1534
1535	BC016548	chr2	103377643	103389044	lncRNA	ENSMUSG00000070794	-	BC016548	1535
1536	Elf5	chr2	103411688	103450989	protein_coding	ENSMUSG00000027186	+	Elf5	1536
1537	Cat	chr2	103453849	103485160	protein_coding	ENSMUSG00000027187	-	Cat	1537
1538	Gm13996	chr2	103547259	103547688	processed_pseudogene	ENSMUSG00000081687	+	Gm13996	1538
1539	Abtb2	chr2	103566310	103718423	protein_coding	ENSMUSG00000032724	+	Abtb2	1539
1540	Nat10	chr2	103721256	103761270	protein_coding	ENSMUSG00000027185	-	Nat10	1540
1541	Caprin1	chr2	103762941	103797649	protein_coding	ENSMUSG00000027184	-	Caprin1	1541
1542	4930547E08Rik	chr2	103804452	103810622	lncRNA	ENSMUSG00000086687	-	4930547E08Rik	1542
1543	Gm13878	chr2	103810886	103811617	processed_pseudogene	ENSMUSG00000081348	-	Gm13878	1543
1544	Gm13879	chr2	103843415	103843656	processed_pseudogene	ENSMUSG00000082845	-	Gm13879	1544
1545	Gm22761	chr2	103843418	103843513	miRNA	ENSMUSG00000076233	-	Gm22761	1545
1546	Gm13881	chr2	103912024	103918960	lncRNA	ENSMUSG00000084756	+	Gm13881	1546
1547	Lmo2	chr2	103957986	103981878	protein_coding	ENSMUSG00000032698	+	Lmo2	1547
1548	4931422A03Rik	chr2	103966943	104028361	protein_coding	ENSMUSG00000046085	-	4931422A03Rik	1548
1549	Fbxo3	chr2	104027721	104063240	protein_coding	ENSMUSG00000027180	+	Fbxo3	1549
1550	Gm24644	chr2	104040669	104040807	scaRNA	ENSMUSG00000087739	+	Gm24644	1550
1551	Gm10912	chr2	104065797	104067486	TEC	ENSMUSG00000078091	+	Gm10912	1551
1552	Gm10799	chr2	104068047	104068550	protein_coding	ENSMUSG00000075006	-	Gm10799	1552
1553	Cd59b	chr2	104069849	104091187	protein_coding	ENSMUSG00000068686	+	Cd59b	1553
1554	Cd59a	chr2	104095801	104115354	protein_coding	ENSMUSG00000032679	+	Cd59a	1554
1555	A930018P22Rik	chr2	104122769	104124749	protein_coding	ENSMUSG00000032671	+	A930018P22Rik	1555
1556	D430041D05Rik	chr2	104143073	104411013	protein_coding	ENSMUSG00000068373	-	D430041D05Rik	1556
1557	Gm13883	chr2	104256672	104275757	lncRNA	ENSMUSG00000087473	+	Gm13883	1557
1558	Gm25554	chr2	104289860	104289972	rRNA	ENSMUSG00000088700	+	Gm25554	1558
1559	Gm13882	chr2	104291574	104292575	processed_pseudogene	ENSMUSG00000081721	+	Gm13882	1559
1560	Hipk3	chr2	104426481	104494446	protein_coding	ENSMUSG00000027177	-	Hipk3	1560
1561	Mir1902	chr2	104428861	104428940	miRNA	ENSMUSG00000084516	-	Mir1902	1561
1562	Gm13870	chr2	104537437	104538459	processed_pseudogene	ENSMUSG00000081447	+	Gm13870	1562
1563	Gm13884	chr2	104556661	104557489	processed_pseudogene	ENSMUSG00000082379	+	Gm13884	1563
1564	Platr14	chr2	104559163	104571429	lncRNA	ENSMUSG00000086454	+	Platr14	1564
1565	Gm22439	chr2	104578945	104579076	snoRNA	ENSMUSG00000077236	+	Gm22439	1565
1566	Cstf3	chr2	104590523	104665429	protein_coding	ENSMUSG00000027176	+	Cstf3	1566
1567	Tcp11l1	chr2	104657288	104712169	protein_coding	ENSMUSG00000027175	-	Tcp11l1	1567
1568	Pin1rt1	chr2	104713926	104716379	protein_coding	ENSMUSG00000074997	-	Pin1rt1	1568
1569	Depdc7	chr2	104721784	104742878	protein_coding	ENSMUSG00000027173	-	Depdc7	1569
1570	Qser1	chr2	104754795	104816760	protein_coding	ENSMUSG00000074994	-	Qser1	1570
1571	BX908741.1	chr2	104754795	104816760	protein_coding	ENSMUSG00000118575	-	BX908741.1	1571
1572	Gm13886	chr2	104820179	104821361	processed_pseudogene	ENSMUSG00000083856	+	Gm13886	1572
1573	Prrg4	chr2	104830741	104849876	protein_coding	ENSMUSG00000027171	-	Prrg4	1573
1574	Ccdc73	chr2	104867805	105017904	protein_coding	ENSMUSG00000045106	+	Ccdc73	1574
1575	Eif3m	chr2	104999656	105017080	protein_coding	ENSMUSG00000027170	-	Eif3m	1575
1576	Wt1os	chr2	105076538	105126510	lncRNA	ENSMUSG00000074987	-	Wt1os	1576
1577	Gm11060	chr2	105092018	105093760	protein_coding	ENSMUSG00000079175	+	Gm11060	1577
1578	Wt1	chr2	105126529	105173616	protein_coding	ENSMUSG00000016458	+	Wt1	1578
1579	Them7	chr2	105224320	105379796	protein_coding	ENSMUSG00000055312	+	Them7	1579
1580	Rcn1	chr2	105386291	105399319	protein_coding	ENSMUSG00000005973	-	Rcn1	1580
1581	4930527A07Rik	chr2	105476501	105477357	lncRNA	ENSMUSG00000086764	+	4930527A07Rik	1581
1582	Pax6os1	chr2	105536080	105670330	lncRNA	ENSMUSG00000086029	-	Pax6os1	1582
1583	Paupar	chr2	105657862	105661343	lncRNA	ENSMUSG00000102424	-	Paupar	1583
1584	Pax6	chr2	105668900	105697364	protein_coding	ENSMUSG00000027168	+	Pax6	1584
1585	Elp4	chr2	105701027	105904564	protein_coding	ENSMUSG00000027167	-	Elp4	1585
1586	Immp1l	chr2	105904638	105965558	protein_coding	ENSMUSG00000042670	+	Immp1l	1586
1587	Dnajc24	chr2	105966709	106003549	protein_coding	ENSMUSG00000027166	-	Dnajc24	1587
1588	Gm22002	chr2	105992757	105992881	miRNA	ENSMUSG00000093363	+	Gm22002	1588
1589	n-R5s201	chr2	105997032	105997147	rRNA	ENSMUSG00000084571	+	n-R5s201	1589
1590	Dcdc5	chr2	106003336	106406151	transcribed_unitary_pseudogene	ENSMUSG00000074981	+	Dcdc5	1590
1591	Gm29053	chr2	106038463	106040496	lncRNA	ENSMUSG00000100156	-	Gm29053	1591
1592	Gm14013	chr2	106265307	106265576	processed_pseudogene	ENSMUSG00000081258	+	Gm14013	1592
1593	Gm14015	chr2	106463823	106523103	lncRNA	ENSMUSG00000087226	-	Gm14015	1593
1594	Gm14014	chr2	106574791	106580840	lncRNA	ENSMUSG00000087225	-	Gm14014	1594
1595	BB218582	chr2	106642914	106650364	lncRNA	ENSMUSG00000085218	-	BB218582	1595
1596	Mpped2	chr2	106693269	106868356	protein_coding	ENSMUSG00000016386	+	Mpped2	1596
1597	Gm22813	chr2	106809336	106809458	scaRNA	ENSMUSG00000105450	+	Gm22813	1597
1598	Arl14ep	chr2	106962527	106974424	protein_coding	ENSMUSG00000027122	-	Arl14ep	1598
1599	Fshb	chr2	107056140	107059656	protein_coding	ENSMUSG00000027120	-	Fshb	1599
1600	Gm24885	chr2	107097206	107097475	ribozyme	ENSMUSG00000089408	-	Gm24885	1600
1601	Gm13903	chr2	107123768	107123960	unprocessed_pseudogene	ENSMUSG00000083181	-	Gm13903	1601
1602	Kcna4	chr2	107290639	107298502	protein_coding	ENSMUSG00000042604	+	Kcna4	1602
1603	Gm9864	chr2	107595630	107600539	pseudogene	ENSMUSG00000052005	-	Gm9864	1603
1604	Gm23439	chr2	107886508	107886639	snoRNA	ENSMUSG00000077480	-	Gm23439	1604
1605	Gm23749	chr2	108079912	108080042	snoRNA	ENSMUSG00000077411	-	Gm23749	1605
1606	Gm13912	chr2	108183716	108291319	lncRNA	ENSMUSG00000086758	-	Gm13912	1606
1607	Gm13916	chr2	108446457	108447084	processed_pseudogene	ENSMUSG00000083590	-	Gm13916	1607
1608	Gm13913	chr2	108578130	108578389	processed_pseudogene	ENSMUSG00000083347	-	Gm13913	1608
1609	Rpl35a-ps4	chr2	108874926	108875258	processed_pseudogene	ENSMUSG00000083424	-	Rpl35a-ps4	1609
1610	Gm13923	chr2	109022687	109025444	lncRNA	ENSMUSG00000087544	+	Gm13923	1610
1611	Mettl15	chr2	109092297	109280748	protein_coding	ENSMUSG00000057234	-	Mettl15	1611
1612	Kif18a	chr2	109280738	109341747	protein_coding	ENSMUSG00000027115	+	Kif18a	1612
1613	Gm13925	chr2	109477003	109499200	unprocessed_pseudogene	ENSMUSG00000081746	+	Gm13925	1613
1614	Gm45346	chr2	109670908	109676591	lncRNA	ENSMUSG00000109604	-	Gm45346	1614
1615	Gm20638	chr2	109673166	109674093	lncRNA	ENSMUSG00000093410	+	Gm20638	1615
1616	Bdnf	chr2	109674700	109727007	protein_coding	ENSMUSG00000048482	+	Bdnf	1616
1617	Gm13932	chr2	109791925	109792534	processed_pseudogene	ENSMUSG00000083915	-	Gm13932	1617
1618	Lin7c	chr2	109890853	109901003	protein_coding	ENSMUSG00000027162	+	Lin7c	1618
1619	Platr8	chr2	109902396	109913319	lncRNA	ENSMUSG00000063751	-	Platr8	1619
1620	Lgr4	chr2	109917647	110014257	protein_coding	ENSMUSG00000050199	+	Lgr4	1620
1621	Ccdc34	chr2	110017817	110173360	protein_coding	ENSMUSG00000027160	+	Ccdc34	1621
1622	Ccdc34os	chr2	110031250	110050479	lncRNA	ENSMUSG00000086186	-	Ccdc34os	1622
1623	Gm13936	chr2	110196889	110256131	lncRNA	ENSMUSG00000085444	+	Gm13936	1623
1624	Bbox1	chr2	110262697	110314560	protein_coding	ENSMUSG00000041660	-	Bbox1	1624
1625	Fibin	chr2	110360917	110363183	protein_coding	ENSMUSG00000074971	-	Fibin	1625
1626	Gm13935	chr2	110418170	110419619	processed_pseudogene	ENSMUSG00000083320	-	Gm13935	1626
1627	Slc5a12	chr2	110597298	110647779	protein_coding	ENSMUSG00000041644	+	Slc5a12	1627
1628	Ano3	chr2	110655201	110950923	protein_coding	ENSMUSG00000074968	-	Ano3	1628
1629	Muc15	chr2	110721340	110739527	protein_coding	ENSMUSG00000050808	+	Muc15	1629
1630	Gm13942	chr2	111051320	111057574	lncRNA	ENSMUSG00000079171	-	Gm13942	1630
1631	Gm13941	chr2	111088372	111105982	protein_coding	ENSMUSG00000079170	-	Gm13941	1631
1632	Gm15130	chr2	111134114	111152936	protein_coding	ENSMUSG00000079169	-	Gm15130	1632
1633	4930430A15Rik	chr2	111162061	111229602	protein_coding	ENSMUSG00000027157	-	4930430A15Rik	1633
1634	Gm13961	chr2	111182635	111187406	processed_pseudogene	ENSMUSG00000084094	+	Gm13961	1634
1635	Olfr1275	chr2	111230360	111235286	protein_coding	ENSMUSG00000074966	-	Olfr1275	1635
1636	Gm13962	chr2	111246131	111256163	lncRNA	ENSMUSG00000084933	-	Gm13962	1636
1637	Olfr1276	chr2	111254516	111262026	protein_coding	ENSMUSG00000063844	+	Olfr1276	1637
1638	Olfr1277	chr2	111264946	111274106	protein_coding	ENSMUSG00000074965	-	Olfr1277	1638
1639	Olfr1278	chr2	111290136	111298886	protein_coding	ENSMUSG00000068647	+	Olfr1278	1639
1640	Olfr1279	chr2	111300635	111309043	protein_coding	ENSMUSG00000109813	+	Olfr1279	1640
1641	Olfr1280	chr2	111314017	111326003	protein_coding	ENSMUSG00000109449	+	Olfr1280	1641
1642	Olfr1281	chr2	111326520	111332852	protein_coding	ENSMUSG00000095156	+	Olfr1281	1642
1643	Olfr1282	chr2	111335159	111336076	protein_coding	ENSMUSG00000096554	-	Olfr1282	1643
1644	Olfr1283	chr2	111366790	111370063	protein_coding	ENSMUSG00000109322	+	Olfr1283	1644
1645	Olfr1284	chr2	111375522	111380613	protein_coding	ENSMUSG00000108931	+	Olfr1284	1645
1646	Olfr1286	chr2	111417842	111423115	protein_coding	ENSMUSG00000096703	-	Olfr1286	1646
1647	Olfr1287	chr2	111449142	111450059	protein_coding	ENSMUSG00000095586	+	Olfr1287	1647
1648	Olfr1288	chr2	111474101	111479994	protein_coding	ENSMUSG00000044039	+	Olfr1288	1648
1649	Olfr1289	chr2	111480819	111484615	protein_coding	ENSMUSG00000061195	+	Olfr1289	1649
1650	Olfr1291-ps1	chr2	111497180	111504553	protein_coding	ENSMUSG00000108891	+	Olfr1291-ps1	1650
1651	Olfr1293-ps	chr2	111525203	111533279	protein_coding	ENSMUSG00000108908	+	Olfr1293-ps	1651
1652	Olfr1294	chr2	111536530	111540291	protein_coding	ENSMUSG00000109547	-	Olfr1294	1652
1653	Olfr1295	chr2	111561423	111569681	protein_coding	ENSMUSG00000108919	-	Olfr1295	1653
1654	Olfr1297	chr2	111615233	111626497	protein_coding	ENSMUSG00000094858	-	Olfr1297	1654
1655	Olfr1298	chr2	111644498	111649201	protein_coding	ENSMUSG00000109487	-	Olfr1298	1655
1656	Gm44840	chr2	111661456	111705461	lncRNA	ENSMUSG00000109071	+	Gm44840	1656
1657	Olfr1300-ps1	chr2	111667437	111693319	polymorphic_pseudogene	ENSMUSG00000109389	+	Olfr1300-ps1	1657
1658	Gm13930	chr2	111740105	111740834	processed_pseudogene	ENSMUSG00000084134	+	Gm13930	1658
1659	Olfr1301	chr2	111751006	111758852	protein_coding	ENSMUSG00000057149	+	Olfr1301	1659
1660	Olfr1302	chr2	111777429	111782700	protein_coding	ENSMUSG00000044560	+	Olfr1302	1660
1661	Olfr1303	chr2	111812247	111820340	protein_coding	ENSMUSG00000093804	-	Olfr1303	1661
1662	Gm26421	chr2	111825179	111825310	snoRNA	ENSMUSG00000077467	+	Gm26421	1662
1663	Olfr268-ps1	chr2	111844262	111851838	unprocessed_pseudogene	ENSMUSG00000083059	-	Olfr268-ps1	1663
1664	Olfr1305	chr2	111867657	111877149	protein_coding	ENSMUSG00000074955	-	Olfr1305	1664
1665	Olfr1306	chr2	111911264	111916271	protein_coding	ENSMUSG00000096566	-	Olfr1306	1665
1666	Gm13928	chr2	111926259	111927990	processed_pseudogene	ENSMUSG00000081069	+	Gm13928	1666
1667	Olfr1307	chr2	111930116	111949440	protein_coding	ENSMUSG00000094747	-	Olfr1307	1667
1668	Olfr1308	chr2	111959285	111964944	protein_coding	ENSMUSG00000074952	-	Olfr1308	1668
1669	Olfr1309	chr2	111979857	111990281	protein_coding	ENSMUSG00000109528	-	Olfr1309	1669
1670	Gm13929	chr2	112000180	112001304	transcribed_processed_pseudogene	ENSMUSG00000081037	+	Gm13929	1670
1671	Olfr1310	chr2	112004574	112012708	protein_coding	ENSMUSG00000108827	-	Olfr1310	1671
1672	Olfr1311	chr2	112019656	112024412	protein_coding	ENSMUSG00000109403	-	Olfr1311	1672
1673	Olfr1312	chr2	112038068	112050238	protein_coding	ENSMUSG00000074947	-	Olfr1312	1673
1674	Olfr1313	chr2	112070088	112077843	protein_coding	ENSMUSG00000074946	-	Olfr1313	1674
1675	Olfr1314	chr2	112089786	112096781	protein_coding	ENSMUSG00000074945	-	Olfr1314	1675
1676	Olfr1315-ps1	chr2	112110057	112115440	protein_coding	ENSMUSG00000109033	-	Olfr1315-ps1	1676
1677	Olfr1316	chr2	112126996	112134977	protein_coding	ENSMUSG00000109801	-	Olfr1316	1677
1678	Olfr1317	chr2	112140329	112144054	protein_coding	ENSMUSG00000050776	+	Olfr1317	1678
1679	Olfr1318	chr2	112154198	112159157	protein_coding	ENSMUSG00000049758	+	Olfr1318	1679
1680	Lpcat4	chr2	112239468	112247111	protein_coding	ENSMUSG00000027134	+	Lpcat4	1680
1681	Nutm1	chr2	112247948	112259291	protein_coding	ENSMUSG00000041358	-	Nutm1	1681
1682	Nop10	chr2	112261926	112263269	protein_coding	ENSMUSG00000027133	+	Nop10	1682
1683	Slc12a6	chr2	112265825	112363163	protein_coding	ENSMUSG00000027130	+	Slc12a6	1683
1684	Gm21985	chr2	112266314	112406319	protein_coding	ENSMUSG00000096764	+	Gm21985	1684
1685	Emc4	chr2	112363011	112368027	protein_coding	ENSMUSG00000027131	-	Emc4	1685
1686	Katnbl1	chr2	112379211	112414240	protein_coding	ENSMUSG00000027132	+	Katnbl1	1686
1687	Emc7	chr2	112454997	112472162	protein_coding	ENSMUSG00000055943	+	Emc7	1687
1688	n-R5s202	chr2	112469253	112469366	rRNA	ENSMUSG00000077705	-	n-R5s202	1688
1689	Chrm5	chr2	112479171	112480769	protein_coding	ENSMUSG00000074939	-	Chrm5	1689
1690	Aven	chr2	112492964	112634573	protein_coding	ENSMUSG00000003604	+	Aven	1690
1691	Gm22676	chr2	112500869	112500997	snoRNA	ENSMUSG00000080622	+	Gm22676	1691
1692	Ryr3	chr2	112631355	113217096	protein_coding	ENSMUSG00000057378	-	Ryr3	1692
1693	Tmco5b	chr2	113285732	113297190	protein_coding	ENSMUSG00000041255	+	Tmco5b	1693
1694	Gm26505	chr2	113288273	113288438	snRNA	ENSMUSG00000093660	+	Gm26505	1694
1695	Fmn1	chr2	113327736	113716767	protein_coding	ENSMUSG00000044042	+	Fmn1	1695
1696	Gm13967	chr2	113384681	113385199	processed_pseudogene	ENSMUSG00000084391	+	Gm13967	1696
1697	Gm13963	chr2	113387107	113441094	lncRNA	ENSMUSG00000085448	-	Gm13963	1697
1698	Gm13966	chr2	113440681	113442304	lncRNA	ENSMUSG00000087545	-	Gm13966	1698
1699	Gm13964	chr2	113500679	113504034	lncRNA	ENSMUSG00000087106	-	Gm13964	1699
1700	4930533B01Rik	chr2	113691053	113708550	lncRNA	ENSMUSG00000084798	-	4930533B01Rik	1700
1701	Grem1	chr2	113746164	113758646	protein_coding	ENSMUSG00000074934	-	Grem1	1701
1702	Scg5	chr2	113776362	113829121	protein_coding	ENSMUSG00000023236	-	Scg5	1702
1703	Arhgap11a	chr2	113831492	113848661	protein_coding	ENSMUSG00000041219	-	Arhgap11a	1703
1704	Gm21596	chr2	113919247	113920562	processed_pseudogene	ENSMUSG00000096006	-	Gm21596	1704
1705	Gjd2	chr2	114009601	114013619	protein_coding	ENSMUSG00000068615	-	Gjd2	1705
1706	A530058N18Rik	chr2	114013602	114032292	lncRNA	ENSMUSG00000087694	+	A530058N18Rik	1706
1707	Actc1	chr2	114047282	114053548	protein_coding	ENSMUSG00000068614	-	Actc1	1707
1708	C130080G10Rik	chr2	114054335	114064868	lncRNA	ENSMUSG00000092397	+	C130080G10Rik	1708
1709	Aqr	chr2	114101170	114187024	protein_coding	ENSMUSG00000040383	-	Aqr	1709
1710	Mir7002	chr2	114150516	114150570	miRNA	ENSMUSG00000098464	-	Mir7002	1710
1711	Zfp770	chr2	114193461	114201469	protein_coding	ENSMUSG00000040321	-	Zfp770	1711
1712	Dph6	chr2	114516416	114654964	protein_coding	ENSMUSG00000057147	-	Dph6	1712
1713	Gm13972	chr2	114654425	114697839	lncRNA	ENSMUSG00000084785	+	Gm13972	1713
1714	Gm13975	chr2	114708112	114708893	processed_pseudogene	ENSMUSG00000082997	+	Gm13975	1714
1715	Gm13974	chr2	114854093	115043972	lncRNA	ENSMUSG00000085222	+	Gm13974	1715
1716	Gm28494	chr2	114897916	115220708	lncRNA	ENSMUSG00000101448	-	Gm28494	1716
1717	Gm13973	chr2	115036419	115037312	processed_pseudogene	ENSMUSG00000084222	-	Gm13973	1717
1718	Gm28493	chr2	115135550	115137786	lncRNA	ENSMUSG00000099802	+	Gm28493	1718
1719	4930528P14Rik	chr2	115329264	115344280	lncRNA	ENSMUSG00000087309	-	4930528P14Rik	1719
1720	Gm13976	chr2	115344385	115346968	lncRNA	ENSMUSG00000086197	+	Gm13976	1720
1721	3110099E03Rik	chr2	115493513	115527744	lncRNA	ENSMUSG00000085582	-	3110099E03Rik	1721
1722	Gm13977	chr2	115556786	115581555	lncRNA	ENSMUSG00000086735	-	Gm13977	1722
1723	BC052040	chr2	115581716	115778768	protein_coding	ENSMUSG00000040282	+	BC052040	1723
1724	Meis2	chr2	115863064	116065839	protein_coding	ENSMUSG00000027210	-	Meis2	1724
1725	2700033N17Rik	chr2	116066218	116067444	lncRNA	ENSMUSG00000086328	-	2700033N17Rik	1725
1726	G630016G05Rik	chr2	116067225	116085911	lncRNA	ENSMUSG00000086308	+	G630016G05Rik	1726
1727	2810405F15Rik	chr2	116075165	116076096	TEC	ENSMUSG00000103562	-	2810405F15Rik	1727
1728	Gm13990	chr2	116848099	116877168	lncRNA	ENSMUSG00000086462	-	Gm13990	1728
1729	Tmco5	chr2	116878691	116892494	protein_coding	ENSMUSG00000027355	+	Tmco5	1729
1730	D330050G23Rik	chr2	116900152	116912791	lncRNA	ENSMUSG00000085316	+	D330050G23Rik	1730
1731	Gm25514	chr2	116968039	116968173	snRNA	ENSMUSG00000065794	-	Gm25514	1731
1732	Gm29340	chr2	116972575	116976428	lncRNA	ENSMUSG00000099470	-	Gm29340	1732
1733	Spred1	chr2	117121374	117182279	protein_coding	ENSMUSG00000027351	+	Spred1	1733
1734	Mir674	chr2	117185127	117185226	miRNA	ENSMUSG00000076376	+	Mir674	1734
1735	Gm25189	chr2	117248271	117248434	snRNA	ENSMUSG00000065845	+	Gm25189	1735
1736	Fam98b	chr2	117249739	117271540	protein_coding	ENSMUSG00000027349	+	Fam98b	1736
1737	Rasgrp1	chr2	117279993	117343001	protein_coding	ENSMUSG00000027347	-	Rasgrp1	1737
1738	Gm13982	chr2	117414392	117417697	lncRNA	ENSMUSG00000085681	-	Gm13982	1738
1739	Gm13985	chr2	117806678	117812813	lncRNA	ENSMUSG00000086203	-	Gm13985	1739
1740	4930412B13Rik	chr2	117821928	117909136	lncRNA	ENSMUSG00000086221	+	4930412B13Rik	1740
1741	Gm13986	chr2	117857291	118111202	lncRNA	ENSMUSG00000087203	-	Gm13986	1741
1742	Thbs1	chr2	118111876	118127133	protein_coding	ENSMUSG00000040152	+	Thbs1	1742
1743	Fsip1	chr2	118130424	118256966	protein_coding	ENSMUSG00000027344	-	Fsip1	1743
1744	Gm29232	chr2	118253255	118279430	lncRNA	ENSMUSG00000100046	-	Gm29232	1744
1745	A930104D05Rik	chr2	118270233	118276169	lncRNA	ENSMUSG00000045339	-	A930104D05Rik	1745
1746	Gpr176	chr2	118277110	118373419	protein_coding	ENSMUSG00000040133	-	Gpr176	1746
1747	1700054M17Rik	chr2	118304914	118308166	lncRNA	ENSMUSG00000085889	+	1700054M17Rik	1747
1748	Eif2ak4	chr2	118388618	118475234	protein_coding	ENSMUSG00000005102	+	Eif2ak4	1748
1749	Srp14	chr2	118475850	118479711	protein_coding	ENSMUSG00000009549	-	Srp14	1749
1750	Bmf	chr2	118528757	118549687	protein_coding	ENSMUSG00000040093	-	Bmf	1750
1751	Bub1b	chr2	118598211	118641591	protein_coding	ENSMUSG00000040084	+	Bub1b	1751
1752	Pak6	chr2	118663303	118698020	protein_coding	ENSMUSG00000074923	+	Pak6	1752
1753	Ankrd63	chr2	118699103	118703963	protein_coding	ENSMUSG00000078137	-	Ankrd63	1753
1754	Plcb2	chr2	118707517	118728438	protein_coding	ENSMUSG00000040061	-	Plcb2	1754
1755	Inafm2	chr2	118745758	118748810	protein_coding	ENSMUSG00000074918	+	Inafm2	1755
1756	Ccdc9b	chr2	118754158	118762661	protein_coding	ENSMUSG00000045838	-	Ccdc9b	1756
1757	Phgr1	chr2	118772769	118778165	protein_coding	ENSMUSG00000046804	+	Phgr1	1757
1758	Disp2	chr2	118779719	118811293	protein_coding	ENSMUSG00000040035	+	Disp2	1758
1759	Knstrn	chr2	118814003	118853957	protein_coding	ENSMUSG00000027331	+	Knstrn	1759
1760	Gm14091	chr2	118829874	118834122	lncRNA	ENSMUSG00000086421	-	Gm14091	1760
1761	Ivd	chr2	118861954	118882909	protein_coding	ENSMUSG00000027332	+	Ivd	1761
1762	Bahd1	chr2	118900377	118924528	protein_coding	ENSMUSG00000040007	+	Bahd1	1762
1763	Chst14	chr2	118926496	118928585	protein_coding	ENSMUSG00000074916	+	Chst14	1763
1764	Gm14089	chr2	118997068	119000684	lncRNA	ENSMUSG00000084802	+	Gm14089	1764
1765	Uqcrh-ps2	chr2	119008209	119008477	processed_pseudogene	ENSMUSG00000081413	+	Uqcrh-ps2	1765
1766	Ccdc32	chr2	119017779	119029393	protein_coding	ENSMUSG00000039983	-	Ccdc32	1766
1767	Rpusd2	chr2	119034790	119039769	protein_coding	ENSMUSG00000027324	+	Rpusd2	1767
1768	Knl1	chr2	119047119	119105501	protein_coding	ENSMUSG00000027326	+	Knl1	1768
1769	Rad51	chr2	119112793	119147445	protein_coding	ENSMUSG00000027323	+	Rad51	1769
1770	Rmdn3	chr2	119137001	119157034	protein_coding	ENSMUSG00000070730	-	Rmdn3	1770
1771	Gchfr	chr2	119167773	119172390	protein_coding	ENSMUSG00000046814	+	Gchfr	1771
1772	Dnajc17	chr2	119172500	119208795	protein_coding	ENSMUSG00000034278	-	Dnajc17	1772
1773	Gm14137	chr2	119174509	119177575	protein_coding	ENSMUSG00000055926	+	Gm14137	1773
1774	Gm14138	chr2	119187517	119188261	processed_pseudogene	ENSMUSG00000081572	+	Gm14138	1774
1775	Zfyve19	chr2	119208617	119217049	protein_coding	ENSMUSG00000068580	+	Zfyve19	1775
1776	Ppp1r14d	chr2	119218119	119229906	protein_coding	ENSMUSG00000027317	-	Ppp1r14d	1776
1777	Spint1	chr2	119237362	119249527	protein_coding	ENSMUSG00000027315	+	Spint1	1777
1778	Rhov	chr2	119269201	119271272	protein_coding	ENSMUSG00000034226	-	Rhov	1778
1779	Vps18	chr2	119288740	119298453	protein_coding	ENSMUSG00000034216	+	Vps18	1779
1780	Gm14207	chr2	119321187	119326194	lncRNA	ENSMUSG00000074912	-	Gm14207	1780
1781	Dll4	chr2	119325784	119335962	protein_coding	ENSMUSG00000027314	+	Dll4	1781
1782	Chac1	chr2	119351229	119354381	protein_coding	ENSMUSG00000027313	+	Chac1	1782
1783	Ino80	chr2	119373042	119477687	protein_coding	ENSMUSG00000034154	-	Ino80	1783
1784	Exd1	chr2	119516505	119547627	protein_coding	ENSMUSG00000048647	-	Exd1	1784
1785	Chp1	chr2	119547697	119587027	protein_coding	ENSMUSG00000014077	+	Chp1	1785
1786	Oip5os1	chr2	119594297	119607502	lncRNA	ENSMUSG00000085438	+	Oip5os1	1786
1787	Oip5	chr2	119609512	119618469	protein_coding	ENSMUSG00000072980	-	Oip5	1787
1788	Nusap1	chr2	119618298	119651244	protein_coding	ENSMUSG00000027306	+	Nusap1	1788
1789	Ndufaf1	chr2	119655446	119662827	protein_coding	ENSMUSG00000027305	-	Ndufaf1	1789
1790	H3f3c	chr2	119665626	119666036	processed_pseudogene	ENSMUSG00000082029	-	H3f3c	1790
1791	Rtf1	chr2	119675068	119735407	protein_coding	ENSMUSG00000027304	+	Rtf1	1791
1792	Gm25857	chr2	119740828	119740956	snoRNA	ENSMUSG00000064722	-	Gm25857	1792
1793	Itpka	chr2	119742337	119751263	protein_coding	ENSMUSG00000027296	+	Itpka	1793
1794	Ltk	chr2	119751320	119760431	protein_coding	ENSMUSG00000027297	-	Ltk	1794
1795	Rpap1	chr2	119763304	119787537	protein_coding	ENSMUSG00000034032	-	Rpap1	1795
1796	Tyro3	chr2	119797733	119818104	protein_coding	ENSMUSG00000027298	+	Tyro3	1796
1797	Gm13998	chr2	119878069	119878403	processed_pseudogene	ENSMUSG00000081056	-	Gm13998	1797
1798	Mga	chr2	119897228	119969581	protein_coding	ENSMUSG00000033943	+	Mga	1798
1799	Mapkbp1	chr2	119972699	120027408	protein_coding	ENSMUSG00000033902	+	Mapkbp1	1799
1800	Gm13999	chr2	120024807	120027453	lncRNA	ENSMUSG00000087458	-	Gm13999	1800
1801	Jmjd7	chr2	120027483	120032594	protein_coding	ENSMUSG00000098789	+	Jmjd7	1801
1802	Gm28042	chr2	120027493	120043033	protein_coding	ENSMUSG00000033852	+	Gm28042	1802
1803	Pla2g4b	chr2	120033417	120043030	protein_coding	ENSMUSG00000098488	+	Pla2g4b	1803
1804	Sptbn5	chr2	120041493	120085678	protein_coding	ENSMUSG00000074899	-	Sptbn5	1804
1805	Ehd4	chr2	120089175	120154606	protein_coding	ENSMUSG00000027293	-	Ehd4	1805
1806	Pla2g4e	chr2	120166412	120245335	protein_coding	ENSMUSG00000050211	-	Pla2g4e	1806
1807	Pla2g4d	chr2	120265595	120289197	protein_coding	ENSMUSG00000070719	-	Pla2g4d	1807
1808	Pla2g4f	chr2	120299957	120314165	protein_coding	ENSMUSG00000046971	-	Pla2g4f	1808
1809	Vps39	chr2	120316461	120353137	protein_coding	ENSMUSG00000027291	-	Vps39	1809
1810	Tmem87a	chr2	120355312	120404113	protein_coding	ENSMUSG00000033808	-	Tmem87a	1810
1811	Ganc	chr2	120403896	120461700	protein_coding	ENSMUSG00000062646	+	Ganc	1811
1812	Capn3	chr2	120456019	120504913	protein_coding	ENSMUSG00000079110	+	Capn3	1812
1813	Zfp106	chr2	120506820	120563843	protein_coding	ENSMUSG00000027288	-	Zfp106	1813
1814	Snap23	chr2	120567671	120601255	protein_coding	ENSMUSG00000027287	+	Snap23	1814
1815	Lrrc57	chr2	120604238	120609520	protein_coding	ENSMUSG00000027286	-	Lrrc57	1815
1816	Haus2	chr2	120609383	120621560	protein_coding	ENSMUSG00000027285	+	Haus2	1816
1817	Stard9	chr2	120629121	120731895	protein_coding	ENSMUSG00000033705	+	Stard9	1817
1818	Cdan1	chr2	120716154	120850128	protein_coding	ENSMUSG00000027284	-	Cdan1	1818
1819	Ttbk2	chr2	120732816	120850604	protein_coding	ENSMUSG00000090100	-	Ttbk2	1819
1820	AV039307	chr2	120850705	120866689	lncRNA	ENSMUSG00000087519	+	AV039307	1820
1821	Ubr1	chr2	120860269	120970715	protein_coding	ENSMUSG00000027272	-	Ubr1	1821
1822	Tmem62	chr2	120977017	121007852	protein_coding	ENSMUSG00000054484	+	Tmem62	1822
1823	Ccndbp1	chr2	121008403	121016904	protein_coding	ENSMUSG00000023572	+	Ccndbp1	1823
1824	Epb42	chr2	121017891	121037072	protein_coding	ENSMUSG00000023216	-	Epb42	1824
1825	Tgm5	chr2	121046111	121085841	protein_coding	ENSMUSG00000053675	-	Tgm5	1825
1826	Gm14213	chr2	121049799	121050566	processed_pseudogene	ENSMUSG00000081313	+	Gm14213	1826
1827	Tgm7	chr2	121093565	121116396	protein_coding	ENSMUSG00000079103	-	Tgm7	1827
1828	Lcmt2	chr2	121128307	121140653	protein_coding	ENSMUSG00000074890	-	Lcmt2	1828
1829	Adal	chr2	121140428	121156680	protein_coding	ENSMUSG00000027259	+	Adal	1829
1830	Zscan29	chr2	121158273	121171125	protein_coding	ENSMUSG00000050619	-	Zscan29	1830
1831	Tubgcp4	chr2	121170654	121198770	protein_coding	ENSMUSG00000027263	+	Tubgcp4	1831
1832	Trp53bp1	chr2	121193281	121271407	protein_coding	ENSMUSG00000043909	-	Trp53bp1	1832
1833	Map1a	chr2	121289600	121310832	protein_coding	ENSMUSG00000027254	+	Map1a	1833
1834	Gm14978	chr2	121293703	121296008	lncRNA	ENSMUSG00000087704	-	Gm14978	1834
1835	Ppip5k1	chr2	121310561	121355396	protein_coding	ENSMUSG00000033526	-	Ppip5k1	1835
1836	Ckmt1	chr2	121357714	121363737	protein_coding	ENSMUSG00000000308	+	Ckmt1	1836
1837	Strc	chr2	121363728	121387168	protein_coding	ENSMUSG00000033498	-	Strc	1837
1838	Catsper2	chr2	121392631	121413792	protein_coding	ENSMUSG00000033486	-	Catsper2	1838
1839	Gm14001	chr2	121401145	121401391	processed_pseudogene	ENSMUSG00000082651	-	Gm14001	1839
1840	Pdia3	chr2	121413775	121438687	protein_coding	ENSMUSG00000027248	+	Pdia3	1840
1841	Ell3	chr2	121439010	121444278	protein_coding	ENSMUSG00000027246	-	Ell3	1841
1842	Serinc4	chr2	121439059	121456781	protein_coding	ENSMUSG00000046110	-	Serinc4	1842
1843	Serf2	chr2	121449195	121458313	protein_coding	ENSMUSG00000074884	+	Serf2	1843
1844	Gm22953	chr2	121450670	121450770	miRNA	ENSMUSG00000080374	-	Gm22953	1844
1845	Hypk	chr2	121453290	121458672	protein_coding	ENSMUSG00000027245	+	Hypk	1845
1846	Mfap1b	chr2	121460235	121474067	protein_coding	ENSMUSG00000048222	-	Mfap1b	1846
1847	Gm14017	chr2	121481129	121481514	processed_pseudogene	ENSMUSG00000081967	+	Gm14017	1847
1848	Gm14018	chr2	121485432	121491512	unprocessed_pseudogene	ENSMUSG00000084407	+	Gm14018	1848
1849	Mfap1a	chr2	121491911	121506665	protein_coding	ENSMUSG00000068479	-	Mfap1a	1849
1850	Wdr76	chr2	121506723	121544860	protein_coding	ENSMUSG00000027242	+	Wdr76	1850
1851	Frmd5	chr2	121545529	121807087	protein_coding	ENSMUSG00000027238	-	Frmd5	1851
1852	Gm14021	chr2	121700765	121701725	processed_pseudogene	ENSMUSG00000081264	-	Gm14021	1852
1853	Gm14020	chr2	121718530	121719191	processed_pseudogene	ENSMUSG00000084244	+	Gm14020	1853
1854	Gm14019	chr2	121865781	121866717	lncRNA	ENSMUSG00000086913	-	Gm14019	1854
1855	Casc4	chr2	121866970	121936220	protein_coding	ENSMUSG00000060227	+	Casc4	1855
1856	Gm23983	chr2	121891571	121891684	rRNA	ENSMUSG00000087767	-	Gm23983	1856
1857	Mageb3	chr2	121953752	121956092	protein_coding	ENSMUSG00000074881	-	Mageb3	1857
1858	Ctdspl2	chr2	121956001	122013642	protein_coding	ENSMUSG00000033411	+	Ctdspl2	1858
1859	Eif3j1	chr2	122028546	122056598	protein_coding	ENSMUSG00000027236	+	Eif3j1	1859
1860	Spg11	chr2	122053520	122118386	protein_coding	ENSMUSG00000033396	-	Spg11	1860
1861	Patl2	chr2	122120108	122186189	protein_coding	ENSMUSG00000027233	-	Patl2	1861
1862	B2m	chr2	122147686	122153083	protein_coding	ENSMUSG00000060802	+	B2m	1862
1863	Trim69	chr2	122160700	122179027	protein_coding	ENSMUSG00000033368	+	Trim69	1863
1864	Terb2	chr2	122186272	122206397	protein_coding	ENSMUSG00000027229	+	Terb2	1864
1865	Rps12-ps10	chr2	122219993	122220391	processed_pseudogene	ENSMUSG00000070692	+	Rps12-ps10	1865
1866	Sord	chr2	122234749	122265340	protein_coding	ENSMUSG00000027227	+	Sord	1866
1867	Duox2	chr2	122279247	122298449	protein_coding	ENSMUSG00000068452	-	Duox2	1867
1868	Duoxa2	chr2	122298900	122302885	protein_coding	ENSMUSG00000027225	+	Duoxa2	1868
1869	Duoxa1	chr2	122302191	122313730	protein_coding	ENSMUSG00000027224	-	Duoxa1	1869
1870	Duox1	chr2	122315672	122347972	protein_coding	ENSMUSG00000033268	+	Duox1	1870
1871	Shf	chr2	122348892	122369162	protein_coding	ENSMUSG00000033256	-	Shf	1871
1872	Slc28a2	chr2	122426477	122461137	protein_coding	ENSMUSG00000027219	+	Slc28a2	1872
1873	Gm14085	chr2	122484941	122528040	protein_coding	ENSMUSG00000079071	+	Gm14085	1873
1874	Gatm	chr2	122594467	122611303	protein_coding	ENSMUSG00000027199	-	Gatm	1874
1875	Spata5l1	chr2	122630646	122632930	lncRNA	ENSMUSG00000074876	+	Spata5l1	1875
1876	AA467197	chr2	122636986	122641191	protein_coding	ENSMUSG00000033213	+	AA467197	1876
1877	Slc30a4	chr2	122681233	122702663	protein_coding	ENSMUSG00000005802	-	Slc30a4	1877
1878	4930417H01Rik	chr2	122702047	122721456	lncRNA	ENSMUSG00000087017	+	4930417H01Rik	1878
1879	Bloc1s6os	chr2	122733290	122738362	lncRNA	ENSMUSG00000085633	-	Bloc1s6os	1879
1880	Bloc1s6	chr2	122738503	122749475	protein_coding	ENSMUSG00000005804	+	Bloc1s6	1880
1881	Sqor	chr2	122765237	122809569	protein_coding	ENSMUSG00000005803	+	Sqor	1881
1882	Gm13988	chr2	123273924	123274211	processed_pseudogene	ENSMUSG00000084372	+	Gm13988	1882
1883	Sema6d	chr2	124089969	124667770	protein_coding	ENSMUSG00000027200	+	Sema6d	1883
1884	4930517E11Rik	chr2	124123636	124129956	lncRNA	ENSMUSG00000085496	-	4930517E11Rik	1884
1885	4930583P06Rik	chr2	124217679	124222331	lncRNA	ENSMUSG00000086954	-	4930583P06Rik	1885
1886	Slc24a5	chr2	125068124	125088677	protein_coding	ENSMUSG00000035183	+	Slc24a5	1886
1887	Myef2	chr2	125084628	125123661	protein_coding	ENSMUSG00000027201	-	Myef2	1887
1888	Gm22352	chr2	125105009	125105115	snRNA	ENSMUSG00000065851	+	Gm22352	1888
1889	Gm14004	chr2	125124356	125134327	lncRNA	ENSMUSG00000087056	-	Gm14004	1889
1890	Ctxn2	chr2	125136633	125147841	protein_coding	ENSMUSG00000074872	+	Ctxn2	1890
1891	Slc12a1	chr2	125152505	125230002	protein_coding	ENSMUSG00000027202	+	Slc12a1	1891
1892	Gm14002	chr2	125207529	125217512	lncRNA	ENSMUSG00000086416	-	Gm14002	1892
1893	Dut	chr2	125247190	125258608	protein_coding	ENSMUSG00000027203	+	Dut	1893
1894	A530010F05Rik	chr2	125274564	125277172	lncRNA	ENSMUSG00000085797	+	A530010F05Rik	1894
1895	Fbn1	chr2	125300594	125507993	protein_coding	ENSMUSG00000027204	-	Fbn1	1895
1896	Cep152	chr2	125563088	125625113	protein_coding	ENSMUSG00000068394	-	Cep152	1896
1897	Shc4	chr2	125627447	125724148	protein_coding	ENSMUSG00000035109	-	Shc4	1897
1898	Eid1	chr2	125673095	125674785	protein_coding	ENSMUSG00000091337	+	Eid1	1898
1899	Secisbp2l	chr2	125736986	125782870	protein_coding	ENSMUSG00000035093	-	Secisbp2l	1899
1900	Cops2	chr2	125830304	125859139	protein_coding	ENSMUSG00000027206	-	Cops2	1900
1901	Galk2	chr2	125859109	125984299	protein_coding	ENSMUSG00000027207	+	Galk2	1901
1902	Fam227b	chr2	125983483	126152004	protein_coding	ENSMUSG00000027209	-	Fam227b	1902
1903	Fgf7	chr2	126034658	126091185	protein_coding	ENSMUSG00000027208	+	Fgf7	1903
1904	Gm26496	chr2	126109908	126110014	snRNA	ENSMUSG00000065084	-	Gm26496	1904
1905	Dtwd1	chr2	126152141	126165279	protein_coding	ENSMUSG00000023330	+	Dtwd1	1905
1906	Gm17555	chr2	126215100	126216212	protein_coding	ENSMUSG00000090353	+	Gm17555	1906
1907	Atp8b4	chr2	126320973	126500674	protein_coding	ENSMUSG00000060131	-	Atp8b4	1907
1908	Slc27a2	chr2	126552407	126588243	protein_coding	ENSMUSG00000027359	+	Slc27a2	1908
1909	Hdc	chr2	126593667	126619299	protein_coding	ENSMUSG00000027360	-	Hdc	1909
1910	Gabpb1	chr2	126627442	126676337	protein_coding	ENSMUSG00000027361	-	Gabpb1	1910
1911	Gm27003	chr2	126675916	126683805	lncRNA	ENSMUSG00000098024	+	Gm27003	1911
1912	Usp8	chr2	126707328	126759297	protein_coding	ENSMUSG00000027363	+	Usp8	1912
1913	Usp50	chr2	126709096	126783470	protein_coding	ENSMUSG00000027364	-	Usp50	1913
1914	Gm10774	chr2	126709354	126709557	processed_pseudogene	ENSMUSG00000074846	-	Gm10774	1914
1915	Trpm7	chr2	126791565	126876230	protein_coding	ENSMUSG00000027365	-	Trpm7	1915
1916	Sppl2a	chr2	126890391	126933235	protein_coding	ENSMUSG00000027366	-	Sppl2a	1916
1917	Mir3473g	chr2	126902250	126902385	miRNA	ENSMUSG00000098896	-	Mir3473g	1917
1918	Ap4e1	chr2	127008717	127067909	protein_coding	ENSMUSG00000001998	+	Ap4e1	1918
1919	Gm24081	chr2	127040561	127040685	miRNA	ENSMUSG00000092918	+	Gm24081	1919
1920	Blvra	chr2	127070665	127097084	protein_coding	ENSMUSG00000001999	+	Blvra	1920
1921	Ncaph	chr2	127103809	127133954	protein_coding	ENSMUSG00000034906	-	Ncaph	1921
1922	Itpripl1	chr2	127138772	127143442	protein_coding	ENSMUSG00000074825	-	Itpripl1	1922
1923	1810024B03Rik	chr2	127186355	127208280	protein_coding	ENSMUSG00000044145	-	1810024B03Rik	1923
1924	Snrnp200	chr2	127208386	127240451	protein_coding	ENSMUSG00000003660	+	Snrnp200	1924
1925	Ciao1	chr2	127240938	127247816	protein_coding	ENSMUSG00000003662	-	Ciao1	1925
1926	Tmem127	chr2	127247908	127261107	protein_coding	ENSMUSG00000034850	+	Tmem127	1926
1927	Gm10766	chr2	127269449	127270054	TEC	ENSMUSG00000103957	-	Gm10766	1927
1928	Stard7	chr2	127270218	127298932	protein_coding	ENSMUSG00000027367	+	Stard7	1928
1929	Dusp2	chr2	127336159	127338376	protein_coding	ENSMUSG00000027368	+	Dusp2	1929
1930	Astl	chr2	127338639	127357651	protein_coding	ENSMUSG00000050468	+	Astl	1930
1931	Adra2b	chr2	127363208	127367221	protein_coding	ENSMUSG00000058620	+	Adra2b	1931
1932	Gpat2	chr2	127425199	127436092	protein_coding	ENSMUSG00000046338	+	Gpat2	1932
1933	Fahd2a	chr2	127436215	127444565	protein_coding	ENSMUSG00000027371	-	Fahd2a	1933
1934	Kcnip3	chr2	127456498	127522094	protein_coding	ENSMUSG00000079056	-	Kcnip3	1934
1935	Gm22613	chr2	127473017	127473308	misc_RNA	ENSMUSG00000084628	-	Gm22613	1935
1936	Prom2	chr2	127526473	127541467	protein_coding	ENSMUSG00000027376	-	Prom2	1936
1937	Zfp661	chr2	127574662	127587094	protein_coding	ENSMUSG00000034800	-	Zfp661	1937
1938	Mrps5	chr2	127587222	127606829	protein_coding	ENSMUSG00000027374	+	Mrps5	1938
1939	Mal	chr2	127633226	127656695	protein_coding	ENSMUSG00000027375	-	Mal	1939
1940	Gm14244	chr2	127691899	127700488	lncRNA	ENSMUSG00000087162	+	Gm14244	1940
1941	Mall	chr2	127704386	127729932	protein_coding	ENSMUSG00000027377	-	Mall	1941
1942	Nphp1	chr2	127740732	127788897	protein_coding	ENSMUSG00000027378	-	Nphp1	1942
1943	Mtln	chr2	127791388	127792488	protein_coding	ENSMUSG00000051319	-	Mtln	1943
1944	Bub1	chr2	127801122	127831865	protein_coding	ENSMUSG00000027379	-	Bub1	1944
1945	Acoxl	chr2	127838876	128123873	protein_coding	ENSMUSG00000027380	+	Acoxl	1945
1946	Gm22411	chr2	127891988	127892113	miRNA	ENSMUSG00000093203	+	Gm22411	1946
1947	Bcl2l11	chr2	128126038	128162547	protein_coding	ENSMUSG00000027381	+	Bcl2l11	1947
1948	Morrbid	chr2	128178319	128502765	lncRNA	ENSMUSG00000074813	-	Morrbid	1948
1949	Gm14009	chr2	128189987	128204634	lncRNA	ENSMUSG00000085750	+	Gm14009	1949
1950	Gm14010	chr2	128423654	128424565	lncRNA	ENSMUSG00000079053	+	Gm14010	1950
1951	Gm29010	chr2	128433723	128460051	lncRNA	ENSMUSG00000114963	+	Gm29010	1951
1952	Spdye4c	chr2	128591209	128598464	protein_coding	ENSMUSG00000074812	+	Spdye4c	1952
1953	Gm39929	chr2	128601765	128609630	lncRNA	ENSMUSG00000109931	-	Gm39929	1953
1954	Anapc1	chr2	128610104	128687391	protein_coding	ENSMUSG00000014355	-	Anapc1	1954
1955	Mertk	chr2	128698956	128802894	protein_coding	ENSMUSG00000014361	+	Mertk	1955
1956	Gm14011	chr2	128751271	128753705	lncRNA	ENSMUSG00000085036	-	Gm14011	1956
1957	Gm23172	chr2	128780376	128780499	snoRNA	ENSMUSG00000087785	+	Gm23172	1957
1958	Tmem87b	chr2	128818118	128854261	protein_coding	ENSMUSG00000014353	+	Tmem87b	1958
1959	Fbln7	chr2	128862981	128897034	protein_coding	ENSMUSG00000027386	+	Fbln7	1959
1960	Gm22859	chr2	128925571	128925692	miRNA	ENSMUSG00000092719	-	Gm22859	1960
1961	Zc3h8	chr2	128926268	128944077	protein_coding	ENSMUSG00000027387	-	Zc3h8	1961
1962	4933427J07Rik	chr2	128955671	128957861	lncRNA	ENSMUSG00000087267	-	4933427J07Rik	1962
1963	Gm10762	chr2	128965505	128968044	lncRNA	ENSMUSG00000074807	-	Gm10762	1963
1964	Zc3h6	chr2	128967402	129018563	protein_coding	ENSMUSG00000042851	+	Zc3h6	1964
1965	Gm14027	chr2	129016952	129021756	lncRNA	ENSMUSG00000090248	+	Gm14027	1965
1966	Vinac1	chr2	129025073	129048172	protein_coding	ENSMUSG00000079051	-	Vinac1	1966
1967	Gm14022	chr2	129060946	129065686	lncRNA	ENSMUSG00000087151	-	Gm14022	1967
1968	Ttl	chr2	129065942	129096283	protein_coding	ENSMUSG00000027394	+	Ttl	1968
1969	Polr1b	chr2	129100995	129126594	protein_coding	ENSMUSG00000027395	+	Polr1b	1969
1970	Chchd5	chr2	129129700	129134134	protein_coding	ENSMUSG00000037938	+	Chchd5	1970
1971	AI847159	chr2	129158666	129180667	lncRNA	ENSMUSG00000084826	-	AI847159	1971
1972	Gm14029	chr2	129182482	129183947	lncRNA	ENSMUSG00000086652	-	Gm14029	1972
1973	Gm4430	chr2	129197252	129199194	TEC	ENSMUSG00000103009	-	Gm4430	1973
1974	Slc20a1	chr2	129198764	129211616	protein_coding	ENSMUSG00000027397	+	Slc20a1	1974
1975	9830144P21Rik	chr2	129205958	129230579	lncRNA	ENSMUSG00000087528	-	9830144P21Rik	1975
1976	A730036I17Rik	chr2	129218969	129235604	lncRNA	ENSMUSG00000056738	+	A730036I17Rik	1976
1977	Gm14024	chr2	129246376	129268526	lncRNA	ENSMUSG00000085485	+	Gm14024	1977
1978	Ckap2l	chr2	129268210	129297212	protein_coding	ENSMUSG00000048327	-	Ckap2l	1978
1979	Gm14023	chr2	129297370	129307826	lncRNA	ENSMUSG00000085498	+	Gm14023	1979
1980	Il1a	chr2	129299610	129309972	protein_coding	ENSMUSG00000027399	-	Il1a	1980
1981	Gm14039	chr2	129362759	129362859	processed_pseudogene	ENSMUSG00000082097	-	Gm14039	1981
1982	Il1b	chr2	129364570	129371139	protein_coding	ENSMUSG00000027398	-	Il1b	1982
1983	Il1bos	chr2	129369897	129375748	lncRNA	ENSMUSG00000074805	+	Il1bos	1983
1984	Spcs2-ps	chr2	129378271	129379396	unprocessed_pseudogene	ENSMUSG00000081888	-	Spcs2-ps	1984
1985	F830045P16Rik	chr2	129458359	129536602	protein_coding	ENSMUSG00000043727	-	F830045P16Rik	1985
1986	Gm14040	chr2	129493570	129515807	lncRNA	ENSMUSG00000086637	-	Gm14040	1986
1987	Sirpa	chr2	129592835	129632228	protein_coding	ENSMUSG00000037902	+	Sirpa	1987
1988	Pdyn	chr2	129686565	129699844	protein_coding	ENSMUSG00000027400	-	Pdyn	1988
1989	Gm14046	chr2	129749901	129750409	processed_pseudogene	ENSMUSG00000084328	+	Gm14046	1989
1990	Stk35	chr2	129800517	129832287	protein_coding	ENSMUSG00000037885	+	Stk35	1990
1991	Gm28196	chr2	129948568	129949207	lncRNA	ENSMUSG00000100255	+	Gm28196	1991
1992	Tgm3	chr2	130012349	130050399	protein_coding	ENSMUSG00000027401	+	Tgm3	1992
1993	Tgm6	chr2	130112416	130154232	protein_coding	ENSMUSG00000027403	+	Tgm6	1993
1994	Snrpb	chr2	130171414	130179403	protein_coding	ENSMUSG00000027404	-	Snrpb	1994
1995	Tmc2	chr2	130195194	130264445	protein_coding	ENSMUSG00000060332	+	Tmc2	1995
1996	Nop56	chr2	130274430	130279313	protein_coding	ENSMUSG00000027405	+	Nop56	1996
1997	Snord110	chr2	130275506	130275573	snoRNA	ENSMUSG00000080610	+	Snord110	1997
1998	Gm23187	chr2	130277195	130277280	snoRNA	ENSMUSG00000093645	+	Gm23187	1998
1999	Gm23650	chr2	130277697	130277766	snoRNA	ENSMUSG00000065289	+	Gm23650	1999
2000	Idh3b	chr2	130279309	130284547	protein_coding	ENSMUSG00000027406	-	Idh3b	2000
2001	Ebf4	chr2	130295169	130370481	protein_coding	ENSMUSG00000053552	+	Ebf4	2001
2002	Gm14044	chr2	130384883	130385329	processed_pseudogene	ENSMUSG00000083483	-	Gm14044	2002
2003	Cpxm1	chr2	130390775	130397574	protein_coding	ENSMUSG00000027408	-	Cpxm1	2003
2004	Gm28372	chr2	130405239	130408256	protein_coding	ENSMUSG00000100963	+	Gm28372	2004
2005	1700020A23Rik	chr2	130405259	130406074	protein_coding	ENSMUSG00000027409	+	1700020A23Rik	2005
2006	Tmem239	chr2	130406478	130407902	protein_coding	ENSMUSG00000049692	+	Tmem239	2006
2007	Pced1a	chr2	130417247	130424701	protein_coding	ENSMUSG00000037773	-	Pced1a	2007
2008	Vps16	chr2	130424339	130444269	protein_coding	ENSMUSG00000027411	+	Vps16	2008
2009	Ptpra	chr2	130450278	130556124	protein_coding	ENSMUSG00000027303	+	Ptpra	2009
2010	9530056E24Rik	chr2	130523995	130527284	TEC	ENSMUSG00000115955	+	9530056E24Rik	2010
2011	4930473A02Rik	chr2	130543791	130563749	lncRNA	ENSMUSG00000060029	-	4930473A02Rik	2011
2012	Mrps26	chr2	130563742	130568695	protein_coding	ENSMUSG00000037740	+	Mrps26	2012
2013	Oxt	chr2	130576173	130577054	protein_coding	ENSMUSG00000027301	+	Oxt	2013
2014	Avp	chr2	130580620	130582554	protein_coding	ENSMUSG00000037727	-	Avp	2014
2015	Ubox5	chr2	130590002	130630038	protein_coding	ENSMUSG00000027300	-	Ubox5	2015
2016	Fastkd5	chr2	130613840	130630027	protein_coding	ENSMUSG00000079043	-	Fastkd5	2016
2017	Lzts3	chr2	130632839	130642803	protein_coding	ENSMUSG00000037703	-	Lzts3	2017
2018	Ddrgk1	chr2	130653960	130664659	protein_coding	ENSMUSG00000068290	-	Ddrgk1	2018
2019	Itpa	chr2	130667610	130681614	protein_coding	ENSMUSG00000074797	+	Itpa	2019
2020	Slc4a11	chr2	130684113	130697519	protein_coding	ENSMUSG00000074796	-	Slc4a11	2020
2021	Gm24893	chr2	130705328	130705696	misc_RNA	ENSMUSG00000084694	-	Gm24893	2021
2022	4930402H24Rik	chr2	130706200	130906406	protein_coding	ENSMUSG00000027309	-	4930402H24Rik	2022
2023	Gm14057	chr2	130803501	130803982	transcribed_processed_pseudogene	ENSMUSG00000089662	-	Gm14057	2023
2024	A730017L22Rik	chr2	130873059	130906396	lncRNA	ENSMUSG00000085566	-	A730017L22Rik	2024
2025	Gm14048	chr2	130880866	130882133	processed_pseudogene	ENSMUSG00000080989	+	Gm14048	2025
2026	Atrn	chr2	130906495	131030333	protein_coding	ENSMUSG00000027312	+	Atrn	2026
2027	Gm14049	chr2	130987984	130988619	processed_pseudogene	ENSMUSG00000083953	+	Gm14049	2027
2028	Gfra4	chr2	131039632	131043088	protein_coding	ENSMUSG00000027316	-	Gfra4	2028
2029	Adam33	chr2	131050591	131063814	protein_coding	ENSMUSG00000027318	-	Adam33	2029
2030	Siglec1	chr2	131069220	131086765	protein_coding	ENSMUSG00000027322	-	Siglec1	2030
2031	Hspa12b	chr2	131127280	131146321	protein_coding	ENSMUSG00000074793	+	Hspa12b	2031
2032	Gm11037	chr2	131133497	131134215	protein_coding	ENSMUSG00000079039	+	Gm11037	2032
2033	1700037H04Rik	chr2	131146324	131160081	protein_coding	ENSMUSG00000027327	-	1700037H04Rik	2033
2034	Gm14232	chr2	131159537	131171342	lncRNA	ENSMUSG00000087405	+	Gm14232	2034
2035	Spef1	chr2	131170261	131187282	protein_coding	ENSMUSG00000027329	-	Spef1	2035
2036	Cenpb	chr2	131175182	131180067	protein_coding	ENSMUSG00000068267	-	Cenpb	2036
2037	Cdc25b	chr2	131186949	131198497	protein_coding	ENSMUSG00000027330	+	Cdc25b	2037
2038	Ap5s1	chr2	131207078	131213514	protein_coding	ENSMUSG00000068264	+	Ap5s1	2038
2039	Mavs	chr2	131234063	131248025	protein_coding	ENSMUSG00000037523	+	Mavs	2039
2040	Pank2	chr2	131262495	131299188	protein_coding	ENSMUSG00000037514	+	Pank2	2040
2041	Mir103-2	chr2	131288052	131288137	miRNA	ENSMUSG00000065563	+	Mir103-2	2041
2042	Rnf24	chr2	131298064	131352892	protein_coding	ENSMUSG00000048911	-	Rnf24	2042
2043	Gm14233	chr2	131298545	131299835	lncRNA	ENSMUSG00000086329	+	Gm14233	2043
2044	Snrpert	chr2	131322088	131322366	processed_pseudogene	ENSMUSG00000082044	-	Snrpert	2044
2045	Smox	chr2	131491496	131525922	protein_coding	ENSMUSG00000027333	+	Smox	2045
2046	Adra1d	chr2	131545850	131562283	protein_coding	ENSMUSG00000027335	-	Adra1d	2046
2047	Gm14285	chr2	131561614	131563179	lncRNA	ENSMUSG00000087524	+	Gm14285	2047
2048	Gm14280	chr2	131652897	131721838	lncRNA	ENSMUSG00000086831	-	Gm14280	2048
2049	5330413P13Rik	chr2	131820006	131847683	lncRNA	ENSMUSG00000086822	-	5330413P13Rik	2049
2050	Gm14281	chr2	131846395	131847688	processed_pseudogene	ENSMUSG00000083469	+	Gm14281	2050
2051	Erv3	chr2	131853678	131859747	protein_coding	ENSMUSG00000037482	-	Erv3	2051
2052	Prnp	chr2	131909928	131938429	protein_coding	ENSMUSG00000079037	+	Prnp	2052
2053	Prn	chr2	131909957	131956130	protein_coding	ENSMUSG00000098754	+	Prn	2053
2054	Prnd	chr2	131950861	131956130	protein_coding	ENSMUSG00000027338	+	Prnd	2054
2055	Rassf2	chr2	131989415	132030258	protein_coding	ENSMUSG00000027339	-	Rassf2	2055
2056	Slc23a2	chr2	132052496	132145108	protein_coding	ENSMUSG00000027340	-	Slc23a2	2056
2057	Gm14052	chr2	132099869	132100899	processed_pseudogene	ENSMUSG00000082990	+	Gm14052	2057
2058	Gm14051	chr2	132144533	132220250	lncRNA	ENSMUSG00000086756	+	Gm14051	2058
2059	Tmem230	chr2	132239492	132247807	protein_coding	ENSMUSG00000027341	-	Tmem230	2059
2060	Pcna	chr2	132249162	132253314	protein_coding	ENSMUSG00000027342	-	Pcna	2060
2061	AV099323	chr2	132253357	132261333	lncRNA	ENSMUSG00000087377	+	AV099323	2061
2062	Cds2	chr2	132263148	132312050	protein_coding	ENSMUSG00000058793	+	Cds2	2062
2063	Prokr2	chr2	132337733	132385447	protein_coding	ENSMUSG00000050558	-	Prokr2	2063
2064	4921508D12Rik	chr2	132424741	132452499	lncRNA	ENSMUSG00000027345	+	4921508D12Rik	2064
2065	Gm14095	chr2	132483212	132501148	lncRNA	ENSMUSG00000086250	-	Gm14095	2065
2066	1700026D11Rik	chr2	132490634	132524057	lncRNA	ENSMUSG00000086379	+	1700026D11Rik	2066
2067	Gpcpd1	chr2	132529082	132587729	protein_coding	ENSMUSG00000027346	-	Gpcpd1	2067
2068	AU019990	chr2	132598195	132653068	lncRNA	ENSMUSG00000074783	+	AU019990	2068
2069	Gm14098	chr2	132678269	132679239	processed_pseudogene	ENSMUSG00000081662	+	Gm14098	2069
2070	Shld1	chr2	132686931	132751055	protein_coding	ENSMUSG00000044991	+	Shld1	2070
2071	Gm14097	chr2	132694432	132698523	lncRNA	ENSMUSG00000084839	-	Gm14097	2071
2072	Chgb	chr2	132781278	132795079	protein_coding	ENSMUSG00000027350	+	Chgb	2072
2073	Trmt6	chr2	132804207	132816055	protein_coding	ENSMUSG00000037376	-	Trmt6	2073
2074	Mcm8	chr2	132816141	132844197	protein_coding	ENSMUSG00000027353	+	Mcm8	2074
2075	Crls1	chr2	132846666	132866785	protein_coding	ENSMUSG00000027357	+	Crls1	2075
2076	Lrrn4	chr2	132868305	132880891	protein_coding	ENSMUSG00000043110	-	Lrrn4	2076
2077	Fermt1	chr2	132904389	132945906	protein_coding	ENSMUSG00000027356	-	Fermt1	2077
2078	A430048G15Rik	chr2	133432095	133453362	lncRNA	ENSMUSG00000086650	+	A430048G15Rik	2078
2079	Gm14100	chr2	133463118	133465784	lncRNA	ENSMUSG00000087585	+	Gm14100	2079
2080	Bmp2	chr2	133552159	133562885	protein_coding	ENSMUSG00000027358	+	Bmp2	2080
2081	Hao1	chr2	134497361	134554368	protein_coding	ENSMUSG00000027261	-	Hao1	2081
2082	Tmx4	chr2	134594185	134644145	protein_coding	ENSMUSG00000034723	-	Tmx4	2082
2083	Plcb1	chr2	134786067	135475258	protein_coding	ENSMUSG00000051177	+	Plcb1	2083
2084	Gm14036	chr2	134803949	134804428	processed_pseudogene	ENSMUSG00000082399	+	Gm14036	2084
2085	4930545L23Rik	chr2	135169573	135215616	lncRNA	ENSMUSG00000085247	-	4930545L23Rik	2085
2086	9630028H03Rik	chr2	135325447	135583584	lncRNA	ENSMUSG00000085631	-	9630028H03Rik	2086
2087	Platr3	chr2	135648907	135652063	lncRNA	ENSMUSG00000084762	+	Platr3	2087
2088	Plcb4	chr2	135659011	136014593	protein_coding	ENSMUSG00000039943	+	Plcb4	2088
2089	Gm14209	chr2	135669453	135670425	lncRNA	ENSMUSG00000085908	+	Gm14209	2089
2090	Gm14211	chr2	135686174	135693154	lncRNA	ENSMUSG00000085709	-	Gm14211	2090
2091	Gm14210	chr2	135811945	135812927	lncRNA	ENSMUSG00000086928	-	Gm14210	2091
2092	Gm26227	chr2	136026151	136026251	snRNA	ENSMUSG00000064444	-	Gm26227	2092
2093	Lamp5	chr2	136052239	136069917	protein_coding	ENSMUSG00000027270	+	Lamp5	2093
2094	Pak7	chr2	136081104	136387967	protein_coding	ENSMUSG00000039913	-	Pak7	2094
2095	Gm14218	chr2	136137006	136140161	lncRNA	ENSMUSG00000085383	+	Gm14218	2095
2096	Ankef1	chr2	136501910	136562091	protein_coding	ENSMUSG00000074771	+	Ankef1	2096
2097	Snap25	chr2	136713453	136782428	protein_coding	ENSMUSG00000027273	+	Snap25	2097
2098	Gm14053	chr2	136744146	136744615	processed_pseudogene	ENSMUSG00000082849	-	Gm14053	2098
2099	Mkks	chr2	136873780	136891389	protein_coding	ENSMUSG00000027274	-	Mkks	2099
2100	AL731706.1	chr2	136881271	136891389	protein_coding	ENSMUSG00000115423	-	AL731706.1	2100
2101	AL731706.2	chr2	136885500	136885679	protein_coding	ENSMUSG00000116563	-	AL731706.2	2101
2102	Slx4ip	chr2	136891218	137071950	protein_coding	ENSMUSG00000027281	+	Slx4ip	2102
2103	Jag1	chr2	137081456	137116644	protein_coding	ENSMUSG00000027276	-	Jag1	2103
2104	Gm14055	chr2	137288503	137329126	lncRNA	ENSMUSG00000085504	+	Gm14055	2104
2105	Gm14064	chr2	137663435	137829244	lncRNA	ENSMUSG00000085640	+	Gm14064	2105
2106	Gm14062	chr2	137870046	137876831	lncRNA	ENSMUSG00000086214	-	Gm14062	2106
2107	Btbd3	chr2	138256565	138589292	protein_coding	ENSMUSG00000062098	+	Btbd3	2107
2108	Gm14061	chr2	138589392	138649122	lncRNA	ENSMUSG00000085911	+	Gm14061	2108
2109	Gm14065	chr2	138872023	138872607	unprocessed_pseudogene	ENSMUSG00000081009	+	Gm14065	2109
2110	Gm14066	chr2	139256876	139677714	lncRNA	ENSMUSG00000085071	-	Gm14066	2110
2111	Gm14071	chr2	139383832	139384340	processed_pseudogene	ENSMUSG00000081799	-	Gm14071	2111
2112	Sptlc3	chr2	139493913	139637674	protein_coding	ENSMUSG00000039092	+	Sptlc3	2112
2113	Gm27385	chr2	139588227	139588330	snRNA	ENSMUSG00000098486	+	Gm27385	2113
2114	Ism1	chr2	139678178	139758581	protein_coding	ENSMUSG00000074766	+	Ism1	2114
2115	Tasp1	chr2	139833480	140066805	protein_coding	ENSMUSG00000039033	-	Tasp1	2115
2116	Gm14070	chr2	139863297	139863724	processed_pseudogene	ENSMUSG00000084207	+	Gm14070	2116
2117	Rps19-ps7	chr2	140073032	140073469	processed_pseudogene	ENSMUSG00000080006	-	Rps19-ps7	2117
2118	Esf1	chr2	140119883	140170564	protein_coding	ENSMUSG00000045624	-	Esf1	2118
2119	Gm17374	chr2	140152043	140153532	protein_coding	ENSMUSG00000078197	+	Gm17374	2119
2120	Ndufaf5	chr2	140170649	140203689	protein_coding	ENSMUSG00000027384	+	Ndufaf5	2120
2121	Sel1l2	chr2	140229855	140389706	protein_coding	ENSMUSG00000074764	-	Sel1l2	2121
2122	Macrod2	chr2	140395309	142392966	protein_coding	ENSMUSG00000068205	+	Macrod2	2122
2123	Flrt3	chr2	140650914	140671469	protein_coding	ENSMUSG00000051379	-	Flrt3	2123
2124	Calr-ps	chr2	140955765	140956249	processed_pseudogene	ENSMUSG00000081731	-	Calr-ps	2124
2125	Zcchc9-ps	chr2	141127280	141128065	processed_pseudogene	ENSMUSG00000083274	+	Zcchc9-ps	2125
2126	Macrod2os2	chr2	141229670	141235426	lncRNA	ENSMUSG00000074763	-	Macrod2os2	2126
2127	Macrod2os1	chr2	141230431	141286991	lncRNA	ENSMUSG00000086450	-	Macrod2os1	2127
2128	Gm25583	chr2	141640490	141640596	snRNA	ENSMUSG00000065347	+	Gm25583	2128
2129	Fau-ps1	chr2	141838789	141839339	processed_pseudogene	ENSMUSG00000082412	+	Fau-ps1	2129
2130	Rbmx2-ps	chr2	142576928	142577857	processed_pseudogene	ENSMUSG00000083215	+	Rbmx2-ps	2130
2131	Kif16b	chr2	142617474	142901531	protein_coding	ENSMUSG00000038844	-	Kif16b	2131
2132	Gm22310	chr2	142786896	142787011	snoRNA	ENSMUSG00000088134	+	Gm22310	2132
2133	Snrpb2	chr2	143063039	143072853	protein_coding	ENSMUSG00000008333	+	Snrpb2	2133
2134	Otor	chr2	143078473	143081713	protein_coding	ENSMUSG00000027416	+	Otor	2134
2135	Gm14083	chr2	143129720	143130339	processed_pseudogene	ENSMUSG00000082903	-	Gm14083	2135
2136	Gm11645	chr2	143506411	143507059	processed_pseudogene	ENSMUSG00000080895	-	Gm11645	2136
2137	Pcsk2os1	chr2	143535476	143547837	lncRNA	ENSMUSG00000086171	-	Pcsk2os1	2137
2138	Pcsk2	chr2	143546156	143816285	protein_coding	ENSMUSG00000027419	+	Pcsk2	2138
2139	Pcsk2os2	chr2	143747583	143795965	lncRNA	ENSMUSG00000087115	-	Pcsk2os2	2139
2140	Bfsp1	chr2	143826528	143863173	protein_coding	ENSMUSG00000027420	-	Bfsp1	2140
2141	Rps13-ps6	chr2	143855649	143856076	processed_pseudogene	ENSMUSG00000082987	+	Rps13-ps6	2141
2142	Gm11686	chr2	143881177	143881509	processed_pseudogene	ENSMUSG00000080711	+	Gm11686	2142
2143	Dstn	chr2	143915320	143943324	protein_coding	ENSMUSG00000015932	+	Dstn	2143
2144	Rrbp1	chr2	143947395	144011263	protein_coding	ENSMUSG00000027422	-	Rrbp1	2144
2145	Banf2	chr2	144033059	144073979	protein_coding	ENSMUSG00000037307	+	Banf2	2145
2146	Banf2os	chr2	144059138	144068806	lncRNA	ENSMUSG00000086384	-	Banf2os	2146
2147	Gm5535	chr2	144098815	144207990	lncRNA	ENSMUSG00000074758	-	Gm5535	2147
2148	Gm11687	chr2	144142488	144143373	processed_pseudogene	ENSMUSG00000082480	-	Gm11687	2148
2149	4930444E06Rik	chr2	144243241	144244849	lncRNA	ENSMUSG00000085127	+	4930444E06Rik	2149
2150	Snx5	chr2	144250123	144270906	protein_coding	ENSMUSG00000027423	-	Snx5	2150
2151	Gm11688	chr2	144261234	144261541	processed_pseudogene	ENSMUSG00000082436	-	Gm11688	2151
2152	Snord17	chr2	144265979	144266216	snoRNA	ENSMUSG00000077714	-	Snord17	2152
2153	Mgme1	chr2	144270663	144281227	protein_coding	ENSMUSG00000027424	+	Mgme1	2153
2154	Ovol2	chr2	144305175	144332146	protein_coding	ENSMUSG00000037279	-	Ovol2	2154
2155	1700108N11Rik	chr2	144331459	144332639	lncRNA	ENSMUSG00000084837	+	1700108N11Rik	2155
2156	Gm11701	chr2	144364127	144365627	processed_pseudogene	ENSMUSG00000082313	-	Gm11701	2156
2157	Kat14	chr2	144368983	144407676	protein_coding	ENSMUSG00000027425	+	Kat14	2157
2158	Pet117	chr2	144368996	144373721	protein_coding	ENSMUSG00000098387	+	Pet117	2158
2159	Zfp133-ps	chr2	144459280	144500267	transcribed_unitary_pseudogene	ENSMUSG00000083674	+	Zfp133-ps	2159
2160	Dzank1	chr2	144470557	144527414	protein_coding	ENSMUSG00000037259	-	Dzank1	2160
2161	Polr3f	chr2	144527718	144541995	protein_coding	ENSMUSG00000027427	+	Polr3f	2161
2162	Rbbp9	chr2	144542265	144550869	protein_coding	ENSMUSG00000027428	-	Rbbp9	2162
2163	Sec23b	chr2	144556229	144590749	protein_coding	ENSMUSG00000027429	+	Sec23b	2163
2164	Smim26	chr2	144594054	144595366	protein_coding	ENSMUSG00000074754	+	Smim26	2164
2165	Dtd1	chr2	144599897	144768758	protein_coding	ENSMUSG00000027430	+	Dtd1	2165
2166	Gm24823	chr2	144618143	144618233	miRNA	ENSMUSG00000092833	-	Gm24823	2166
2167	Gm11743	chr2	144756329	144758582	processed_pseudogene	ENSMUSG00000084306	+	Gm11743	2167
2168	Slc24a3	chr2	145167754	145642166	protein_coding	ENSMUSG00000063873	+	Slc24a3	2168
2169	Gm14093	chr2	145337648	145379381	lncRNA	ENSMUSG00000087158	+	Gm14093	2169
2170	Gm22731	chr2	145352843	145352936	rRNA	ENSMUSG00000088711	+	Gm22731	2170
2171	Gm14092	chr2	145550652	145554982	lncRNA	ENSMUSG00000074753	-	Gm14092	2171
2172	Rin2	chr2	145675215	145887616	protein_coding	ENSMUSG00000001768	+	Rin2	2172
2173	Gm11764	chr2	145892082	145892704	processed_pseudogene	ENSMUSG00000083014	+	Gm11764	2173
2174	Naa20	chr2	145902099	145916425	protein_coding	ENSMUSG00000002728	+	Naa20	2174
2175	Crnkl1	chr2	145917479	145935014	protein_coding	ENSMUSG00000001767	-	Crnkl1	2175
2176	Cfap61	chr2	145934784	146215039	protein_coding	ENSMUSG00000037143	+	Cfap61	2176
2177	Insm1	chr2	146221921	146225020	protein_coding	ENSMUSG00000068154	+	Insm1	2177
2178	Ralgapa2	chr2	146239879	146512344	protein_coding	ENSMUSG00000037110	-	Ralgapa2	2178
2179	A930019D19Rik	chr2	146259286	146267160	lncRNA	ENSMUSG00000085958	+	A930019D19Rik	2179
2180	Gm14117	chr2	146305547	146306389	processed_pseudogene	ENSMUSG00000042938	+	Gm14117	2180
2181	4933406D12Rik	chr2	146542931	146546108	lncRNA	ENSMUSG00000085796	+	4933406D12Rik	2181
2182	Gm14114	chr2	146828327	146839732	lncRNA	ENSMUSG00000087618	-	Gm14114	2182
2183	Kiz	chr2	146855864	146970097	protein_coding	ENSMUSG00000074749	+	Kiz	2183
2184	Xrn2	chr2	147012996	147078000	protein_coding	ENSMUSG00000027433	+	Xrn2	2184
2185	Nkx2-4	chr2	147083316	147085445	protein_coding	ENSMUSG00000054160	-	Nkx2-4	2185
2186	Nkx2-2	chr2	147177546	147194243	protein_coding	ENSMUSG00000027434	-	Nkx2-2	2186
2187	Nkx2-2os	chr2	147184083	147331681	lncRNA	ENSMUSG00000086509	+	Nkx2-2os	2187
2188	Gm14115	chr2	147280603	147281084	processed_pseudogene	ENSMUSG00000081971	-	Gm14115	2188
2189	Gm14110	chr2	147323562	147325087	lncRNA	ENSMUSG00000084774	-	Gm14110	2189
2190	AI646519	chr2	147357454	147362793	lncRNA	ENSMUSG00000087521	-	AI646519	2190
2191	Pax1	chr2	147361925	147393295	protein_coding	ENSMUSG00000037034	+	Pax1	2191
2192	A530006G24Rik	chr2	147710693	147717632	lncRNA	ENSMUSG00000051986	+	A530006G24Rik	2192
2193	Gm25516	chr2	147874772	147874878	snRNA	ENSMUSG00000065791	-	Gm25516	2193
2194	9030622O22Rik	chr2	147944740	148040203	lncRNA	ENSMUSG00000086141	-	9030622O22Rik	2194
2195	Foxa2	chr2	148042877	148046969	protein_coding	ENSMUSG00000037025	-	Foxa2	2195
2196	Sstr4	chr2	148395344	148396767	protein_coding	ENSMUSG00000037014	+	Sstr4	2196
2197	Thbd	chr2	148404466	148408188	protein_coding	ENSMUSG00000074743	-	Thbd	2197
2198	Cd93	chr2	148436640	148443563	protein_coding	ENSMUSG00000027435	-	Cd93	2198
2199	Gm14120	chr2	148468890	148478780	lncRNA	ENSMUSG00000087678	+	Gm14120	2199
2200	Nxt1	chr2	148672601	148676027	protein_coding	ENSMUSG00000036992	+	Nxt1	2200
2201	Gzf1	chr2	148681023	148692949	protein_coding	ENSMUSG00000027439	+	Gzf1	2201
2202	Napb	chr2	148693985	148732467	protein_coding	ENSMUSG00000027438	-	Napb	2202
2203	Cstl1	chr2	148750358	148755433	protein_coding	ENSMUSG00000055177	+	Cstl1	2203
2204	Cst11	chr2	148768609	148771497	protein_coding	ENSMUSG00000036958	-	Cst11	2204
2205	Cstdc1	chr2	148782009	148785937	protein_coding	ENSMUSG00000027444	+	Cstdc1	2205
2206	Cst12	chr2	148789361	148793546	protein_coding	ENSMUSG00000027443	+	Cst12	2206
2207	Cst8	chr2	148798785	148805595	protein_coding	ENSMUSG00000027442	+	Cst8	2207
2208	Cst13	chr2	148820081	148830410	protein_coding	ENSMUSG00000036924	+	Cst13	2208
2209	Cstdc2	chr2	148846711	148865038	protein_coding	ENSMUSG00000027446	-	Cstdc2	2209
2210	Cst3	chr2	148871722	148875692	protein_coding	ENSMUSG00000027447	-	Cst3	2210
2211	Gm14129	chr2	148927735	148931707	unprocessed_pseudogene	ENSMUSG00000081580	-	Gm14129	2211
2212	Gm1330	chr2	148990343	149003251	protein_coding	ENSMUSG00000063507	-	Gm1330	2212
2213	Gm10750	chr2	149015732	149017237	TEC	ENSMUSG00000074739	-	Gm10750	2213
2214	Gm14135	chr2	149257277	149262145	lncRNA	ENSMUSG00000086963	+	Gm14135	2214
2215	Gm14132	chr2	149333071	149334789	processed_pseudogene	ENSMUSG00000081314	-	Gm14132	2215
2216	Cst10	chr2	149405057	149410293	protein_coding	ENSMUSG00000033156	+	Cst10	2216
2217	Gm14130	chr2	149743175	149744161	processed_pseudogene	ENSMUSG00000081494	+	Gm14130	2217
2218	Gm14133	chr2	149743927	149798743	lncRNA	ENSMUSG00000087029	-	Gm14133	2218
2219	C530025M09Rik	chr2	149828339	149831642	lncRNA	ENSMUSG00000074737	-	C530025M09Rik	2219
2220	Syndig1	chr2	149829211	150004392	protein_coding	ENSMUSG00000074736	+	Syndig1	2220
2221	Gm14140	chr2	150110582	150111576	processed_pseudogene	ENSMUSG00000083055	-	Gm14140	2221
2222	Zfp120	chr2	150114406	150136708	protein_coding	ENSMUSG00000068134	-	Zfp120	2222
2223	Gm14139	chr2	150181755	150193279	protein_coding	ENSMUSG00000079009	+	Gm14139	2223
2224	Zfp937	chr2	150218073	150240725	protein_coding	ENSMUSG00000060336	+	Zfp937	2224
2225	Gm21994	chr2	150254518	150255591	protein_coding	ENSMUSG00000074735	-	Gm21994	2225
2226	Gm14124	chr2	150257517	150270300	protein_coding	ENSMUSG00000079008	+	Gm14124	2226
2227	Gm14125	chr2	150305528	150306516	transcribed_processed_pseudogene	ENSMUSG00000084320	+	Gm14125	2227
2228	3300002I08Rik	chr2	150310935	150362765	protein_coding	ENSMUSG00000063364	-	3300002I08Rik	2228
2229	Gm10130	chr2	150311431	150363071	protein_coding	ENSMUSG00000095315	+	Gm10130	2229
2230	Gm14122	chr2	150398256	150399399	processed_pseudogene	ENSMUSG00000083964	-	Gm14122	2230
2231	Zfp442	chr2	150407141	150451486	protein_coding	ENSMUSG00000068130	-	Zfp442	2231
2232	Gm14127	chr2	150469411	150470165	processed_pseudogene	ENSMUSG00000082740	-	Gm14127	2232
2233	Zfp345	chr2	150470991	150485091	protein_coding	ENSMUSG00000074731	-	Zfp345	2233
2234	Gm14121	chr2	150499466	150500845	transcribed_processed_pseudogene	ENSMUSG00000083325	-	Gm14121	2234
2235	Cst7	chr2	150570415	150578944	protein_coding	ENSMUSG00000068129	+	Cst7	2235
2236	Apmap	chr2	150583080	150608567	protein_coding	ENSMUSG00000033096	-	Apmap	2236
2237	Gm14123	chr2	150606233	150610254	lncRNA	ENSMUSG00000086407	+	Gm14123	2237
2238	Acss1	chr2	150618105	150668500	protein_coding	ENSMUSG00000027452	-	Acss1	2238
2239	E130215H24Rik	chr2	150667494	150668935	lncRNA	ENSMUSG00000087406	+	E130215H24Rik	2239
2240	Vsx1	chr2	150680702	150689360	protein_coding	ENSMUSG00000033080	-	Vsx1	2240
2241	Platr15	chr2	150704536	150706876	lncRNA	ENSMUSG00000086563	-	Platr15	2241
2242	Gm28450	chr2	150723984	150724621	lncRNA	ENSMUSG00000100630	-	Gm28450	2242
2243	Entpd6	chr2	150749042	150771675	protein_coding	ENSMUSG00000033068	+	Entpd6	2243
2244	Pygb	chr2	150786735	150831758	protein_coding	ENSMUSG00000033059	+	Pygb	2244
2245	Abhd12	chr2	150832493	150904741	protein_coding	ENSMUSG00000032046	-	Abhd12	2245
2246	Gm23598	chr2	150883723	150883866	snoRNA	ENSMUSG00000087887	+	Gm23598	2246
2247	Gins1	chr2	150905400	150931280	protein_coding	ENSMUSG00000027454	+	Gins1	2247
2248	Ninl	chr2	150934519	151039382	protein_coding	ENSMUSG00000068115	-	Ninl	2248
2249	Nanp	chr2	151029685	151039398	protein_coding	ENSMUSG00000053916	-	Nanp	2249
2250	Gm22187	chr2	151059955	151060083	snoRNA	ENSMUSG00000088444	+	Gm22187	2250
2251	Gm14151	chr2	151086786	151092350	protein_coding	ENSMUSG00000079006	-	Gm14151	2251
2252	Gm14147	chr2	151098245	151103818	protein_coding	ENSMUSG00000079005	+	Gm14147	2252
2253	Gm14149	chr2	151205195	151231614	lncRNA	ENSMUSG00000067352	+	Gm14149	2253
2254	Gm14144	chr2	151264603	151278836	lncRNA	ENSMUSG00000087337	-	Gm14144	2254
2255	4930442J19Rik	chr2	151301974	151316247	lncRNA	ENSMUSG00000087609	+	4930442J19Rik	2255
2256	Gm14152	chr2	151380650	151432402	lncRNA	ENSMUSG00000087495	-	Gm14152	2256
2257	Gm14146	chr2	151462045	151469613	lncRNA	ENSMUSG00000086659	-	Gm14146	2257
2258	4921509C19Rik	chr2	151470542	151476153	protein_coding	ENSMUSG00000061525	-	4921509C19Rik	2258
2259	Nsfl1c	chr2	151494182	151511414	protein_coding	ENSMUSG00000027455	+	Nsfl1c	2259
2260	Gm14167	chr2	151540731	151542348	lncRNA	ENSMUSG00000087433	-	Gm14167	2260
2261	Fkbp1a	chr2	151542483	151561692	protein_coding	ENSMUSG00000032966	+	Fkbp1a	2261
2262	Sdcbp2	chr2	151572622	151590005	protein_coding	ENSMUSG00000027456	+	Sdcbp2	2262
2263	Snph	chr2	151590549	151632593	protein_coding	ENSMUSG00000027457	-	Snph	2263
2264	Rad21l	chr2	151645404	151668533	protein_coding	ENSMUSG00000074704	-	Rad21l	2264
2265	Tmem74bos	chr2	151679361	151686339	protein_coding	ENSMUSG00000087035	-	Tmem74bos	2265
2266	Gm14159	chr2	151699476	151699926	processed_pseudogene	ENSMUSG00000081777	-	Gm14159	2266
2267	Tmem74b	chr2	151702008	151712157	protein_coding	ENSMUSG00000044364	+	Tmem74b	2267
2268	Psmf1	chr2	151715812	151744186	protein_coding	ENSMUSG00000032869	-	Psmf1	2268
2269	4930556L07Rik	chr2	151747578	151749978	lncRNA	ENSMUSG00000086800	-	4930556L07Rik	2269
2270	Rspo4	chr2	151842927	151874668	protein_coding	ENSMUSG00000032852	+	Rspo4	2270
2271	Angpt4	chr2	151911210	151945337	protein_coding	ENSMUSG00000027460	+	Angpt4	2271
2272	Gm14154	chr2	151947273	151950641	lncRNA	ENSMUSG00000087004	-	Gm14154	2272
2273	Mir1953	chr2	151967529	151967617	miRNA	ENSMUSG00000088491	-	Mir1953	2273
2274	Fam110a	chr2	151969398	151980219	protein_coding	ENSMUSG00000027459	-	Fam110a	2274
2275	Slc52a3	chr2	151996511	152009258	protein_coding	ENSMUSG00000027463	+	Slc52a3	2275
2276	Scrt2	chr2	152081529	152095802	protein_coding	ENSMUSG00000060257	+	Scrt2	2276
2277	Srxn1	chr2	152105516	152111376	protein_coding	ENSMUSG00000032802	+	Srxn1	2277
2278	Tcf15	chr2	152143561	152149097	protein_coding	ENSMUSG00000068079	+	Tcf15	2278
2279	Rps15a-ps7	chr2	152185291	152185682	processed_pseudogene	ENSMUSG00000081087	-	Rps15a-ps7	2279
2280	Csnk2a1	chr2	152226839	152281852	protein_coding	ENSMUSG00000074698	+	Csnk2a1	2280
2281	Tbc1d20	chr2	152293828	152313996	protein_coding	ENSMUSG00000027465	+	Tbc1d20	2281
2282	Rbck1	chr2	152316334	152332653	protein_coding	ENSMUSG00000027466	-	Rbck1	2282
2283	Trib3	chr2	152337422	152344032	protein_coding	ENSMUSG00000032715	-	Trib3	2283
2284	Gm14164	chr2	152345669	152375324	lncRNA	ENSMUSG00000068062	+	Gm14164	2284
2285	Gm14165	chr2	152353615	152354566	processed_pseudogene	ENSMUSG00000081434	+	Gm14165	2285
2286	Nrsn2	chr2	152368755	152376638	protein_coding	ENSMUSG00000059361	-	Nrsn2	2286
2287	Sox12	chr2	152393611	152398063	protein_coding	ENSMUSG00000051817	-	Sox12	2287
2288	Zcchc3	chr2	152411955	152415027	protein_coding	ENSMUSG00000074682	-	Zcchc3	2288
2289	6820408C15Rik	chr2	152415587	152444330	protein_coding	ENSMUSG00000032680	+	6820408C15Rik	2289
2290	Defb23	chr2	152459055	152464620	protein_coding	ENSMUSG00000074681	-	Defb23	2290
2291	Defb20	chr2	152477063	152479934	protein_coding	ENSMUSG00000049560	+	Defb20	2291
2292	Defb22	chr2	152485663	152490138	protein_coding	ENSMUSG00000027468	-	Defb22	2292
2293	Defb26	chr2	152507798	152511692	protein_coding	ENSMUSG00000074680	-	Defb26	2293
2294	Defb28	chr2	152518255	152521447	protein_coding	ENSMUSG00000074679	+	Defb28	2294
2295	Defb29	chr2	152538714	152540098	protein_coding	ENSMUSG00000044249	-	Defb29	2295
2296	Gm17416	chr2	152562977	152569538	protein_coding	ENSMUSG00000090485	+	Gm17416	2296
2297	Defb19	chr2	152576086	152580312	protein_coding	ENSMUSG00000050645	-	Defb19	2297
2298	Defb45	chr2	152593191	152599399	protein_coding	ENSMUSG00000062124	-	Defb45	2298
2299	Defb36	chr2	152604327	152612729	protein_coding	ENSMUSG00000044863	+	Defb36	2299
2300	Gm14163	chr2	152609174	152609390	processed_pseudogene	ENSMUSG00000089684	+	Gm14163	2300
2301	Defb25	chr2	152622356	152623053	protein_coding	ENSMUSG00000074678	-	Defb25	2301
2302	Rem1	chr2	152626951	152635198	protein_coding	ENSMUSG00000000359	+	Rem1	2302
2303	1700030C14Rik	chr2	152652883	152654330	lncRNA	ENSMUSG00000087148	-	1700030C14Rik	2303
2304	H13	chr2	152669461	152708670	protein_coding	ENSMUSG00000019188	+	H13	2304
2305	Mcts2	chr2	152687035	152687946	protein_coding	ENSMUSG00000042814	+	Mcts2	2305
2306	Id1	chr2	152736251	152737410	protein_coding	ENSMUSG00000042745	+	Id1	2306
2307	Cox4i2	chr2	152754173	152765037	protein_coding	ENSMUSG00000009876	+	Cox4i2	2307
2308	Gm23802	chr2	152772788	152772889	miRNA	ENSMUSG00000093306	-	Gm23802	2308
2309	Bcl2l1	chr2	152780668	152831728	protein_coding	ENSMUSG00000007659	-	Bcl2l1	2309
2310	Tpx2	chr2	152847964	152895321	protein_coding	ENSMUSG00000027469	+	Tpx2	2310
2311	Mylk2	chr2	152911352	152923068	protein_coding	ENSMUSG00000027470	+	Mylk2	2311
2312	Foxs1	chr2	152931898	152933208	protein_coding	ENSMUSG00000074676	-	Foxs1	2312
2313	Dusp15	chr2	152940997	152951698	protein_coding	ENSMUSG00000042662	-	Dusp15	2313
2314	Ttll9	chr2	152962485	153008482	protein_coding	ENSMUSG00000074673	+	Ttll9	2314
2315	Pdrg1	chr2	153008890	153015427	protein_coding	ENSMUSG00000027472	-	Pdrg1	2315
2316	Xkr7	chr2	153031852	153055775	protein_coding	ENSMUSG00000042631	+	Xkr7	2316
2317	Ccm2l	chr2	153065955	153081735	protein_coding	ENSMUSG00000027474	+	Ccm2l	2317
2318	Hck	chr2	153108468	153151441	protein_coding	ENSMUSG00000003283	+	Hck	2318
2319	Tm9sf4	chr2	153161303	153210466	protein_coding	ENSMUSG00000068040	+	Tm9sf4	2319
2320	Tspyl3	chr2	153222370	153225441	protein_coding	ENSMUSG00000074671	-	Tspyl3	2320
2321	Plagl2	chr2	153227759	153241426	protein_coding	ENSMUSG00000051413	-	Plagl2	2321
2322	Pofut1	chr2	153241533	153270247	protein_coding	ENSMUSG00000046020	+	Pofut1	2322
2323	Kif3b	chr2	153291413	153333390	protein_coding	ENSMUSG00000027475	+	Kif3b	2323
2324	2500004C02Rik	chr2	153341157	153346073	lncRNA	ENSMUSG00000073236	-	2500004C02Rik	2324
2325	Asxl1	chr2	153345829	153404007	protein_coding	ENSMUSG00000042548	+	Asxl1	2325
2326	Nol4l	chr2	153407462	153529971	protein_coding	ENSMUSG00000061411	-	Nol4l	2326
2327	Gm14472	chr2	153413849	153414130	processed_pseudogene	ENSMUSG00000082283	+	Gm14472	2327
2328	Commd7	chr2	153616933	153632781	protein_coding	ENSMUSG00000056941	-	Commd7	2328
2329	Dnmt3bos	chr2	153648690	153650286	lncRNA	ENSMUSG00000079000	-	Dnmt3bos	2329
2330	Dnmt3b	chr2	153649450	153687730	protein_coding	ENSMUSG00000027478	+	Dnmt3b	2330
2331	Dnmt3c	chr2	153696652	153729907	protein_coding	ENSMUSG00000082079	+	Dnmt3c	2331
2332	Mapre1	chr2	153741274	153773310	protein_coding	ENSMUSG00000027479	+	Mapre1	2332
2333	Efcab8	chr2	153779931	153844751	protein_coding	ENSMUSG00000044083	+	Efcab8	2333
2334	Sun5	chr2	153856188	153871084	protein_coding	ENSMUSG00000027480	-	Sun5	2334
2335	Bpifb2	chr2	153875045	153895270	protein_coding	ENSMUSG00000027481	+	Bpifb2	2335
2336	Bpifb6	chr2	153900388	153912795	protein_coding	ENSMUSG00000068009	+	Bpifb6	2336
2337	Bpifb3	chr2	153918230	153932996	protein_coding	ENSMUSG00000068008	+	Bpifb3	2337
2338	Bpifb4	chr2	153938212	153964101	protein_coding	ENSMUSG00000074665	+	Bpifb4	2338
2339	Bpifa6	chr2	153974945	154000495	protein_coding	ENSMUSG00000078998	+	Bpifa6	2339
2340	Bpifa2	chr2	154008265	154016079	protein_coding	ENSMUSG00000042459	+	Bpifa2	2340
2341	Gm21850	chr2	154052269	154056639	unprocessed_pseudogene	ENSMUSG00000096084	+	Gm21850	2341
2342	Bpifa3	chr2	154130336	154138356	protein_coding	ENSMUSG00000027482	+	Bpifa3	2342
2343	Bpifa1	chr2	154142880	154149219	protein_coding	ENSMUSG00000027483	+	Bpifa1	2343
2344	Bpifa5	chr2	154162607	154168450	protein_coding	ENSMUSG00000027484	+	Bpifa5	2344
2345	Bpifb1	chr2	154190818	154220369	protein_coding	ENSMUSG00000027485	+	Bpifb1	2345
2346	Bpifb5	chr2	154223742	154240902	protein_coding	ENSMUSG00000038572	+	Bpifb5	2346
2347	Bpifb9a	chr2	154257854	154271245	protein_coding	ENSMUSG00000067998	+	Bpifb9a	2347
2348	Gm14197	chr2	154284213	154285261	processed_pseudogene	ENSMUSG00000083732	-	Gm14197	2348
2349	Bpifb9b	chr2	154307227	154320646	protein_coding	ENSMUSG00000067996	+	Bpifb9b	2349
2350	Cdk5rap1	chr2	154335380	154373010	protein_coding	ENSMUSG00000027487	-	Cdk5rap1	2350
2351	Snta1	chr2	154376313	154408099	protein_coding	ENSMUSG00000027488	-	Snta1	2351
2352	Cbfa2t2	chr2	154436481	154539356	protein_coding	ENSMUSG00000038533	+	Cbfa2t2	2352
2353	Necab3	chr2	154544399	154558890	protein_coding	ENSMUSG00000027489	-	Necab3	2353
2354	1700003F12Rik	chr2	154547085	154550003	protein_coding	ENSMUSG00000038523	+	1700003F12Rik	2354
2355	Actl10	chr2	154551776	154553276	protein_coding	ENSMUSG00000078129	+	Actl10	2355
2356	E2f1	chr2	154559407	154569892	protein_coding	ENSMUSG00000027490	-	E2f1	2356
2357	Pxmp4	chr2	154585758	154603708	protein_coding	ENSMUSG00000000876	-	Pxmp4	2357
2358	4930519P11Rik	chr2	154611810	154613437	lncRNA	ENSMUSG00000097602	-	4930519P11Rik	2358
2359	Zfp341	chr2	154613297	154646821	protein_coding	ENSMUSG00000059842	+	Zfp341	2359
2360	Gm14198	chr2	154630002	154632636	lncRNA	ENSMUSG00000085483	-	Gm14198	2360
2361	Chmp4b	chr2	154651705	154694785	protein_coding	ENSMUSG00000038467	+	Chmp4b	2361
2362	Rpl5-ps2	chr2	154703809	154704699	processed_pseudogene	ENSMUSG00000082064	+	Rpl5-ps2	2362
2363	Gm14216	chr2	154722352	154738451	lncRNA	ENSMUSG00000085691	-	Gm14216	2363
2364	Gm14214	chr2	154769255	154770030	protein_coding	ENSMUSG00000098640	-	Gm14214	2364
2365	Raly	chr2	154791096	154867261	protein_coding	ENSMUSG00000027593	+	Raly	2365
2366	a	chr2	154791402	155051012	protein_coding	ENSMUSG00000027596	+	a	2366
2367	Eif2s2	chr2	154871410	154892935	protein_coding	ENSMUSG00000074656	-	Eif2s2	2367
2368	Gm14226	chr2	155018266	155027104	protein_coding	ENSMUSG00000084897	+	Gm14226	2368
2369	Ahcy	chr2	155059310	155074497	protein_coding	ENSMUSG00000027597	-	Ahcy	2369
2370	Gm45609	chr2	155074181	155099510	lncRNA	ENSMUSG00000109877	+	Gm45609	2370
2371	2310005A03Rik	chr2	155097789	155100081	lncRNA	ENSMUSG00000087254	-	2310005A03Rik	2371
2372	Itch	chr2	155133509	155226855	protein_coding	ENSMUSG00000027598	+	Itch	2372
2373	Dynlrb1	chr2	155236533	155250277	protein_coding	ENSMUSG00000047459	+	Dynlrb1	2373
2374	Map1lc3a	chr2	155276297	155278073	protein_coding	ENSMUSG00000027602	+	Map1lc3a	2374
2375	Pigu	chr2	155278243	155357430	protein_coding	ENSMUSG00000038383	-	Pigu	2375
2376	Mir695	chr2	155356817	155356925	miRNA	ENSMUSG00000076216	+	Mir695	2376
2377	Trp53inp2	chr2	155381059	155389850	protein_coding	ENSMUSG00000038375	+	Trp53inp2	2377
2378	Ncoa6	chr2	155390656	155473894	protein_coding	ENSMUSG00000038369	-	Ncoa6	2378
2379	Gm14239	chr2	155459501	155460892	processed_pseudogene	ENSMUSG00000080237	-	Gm14239	2379
2380	Ggt7	chr2	155490379	155518237	protein_coding	ENSMUSG00000027603	-	Ggt7	2380
2381	Acss2	chr2	155517948	155585724	protein_coding	ENSMUSG00000027605	+	Acss2	2381
2382	Mipep-ps	chr2	155542647	155542937	processed_pseudogene	ENSMUSG00000093624	+	Mipep-ps	2382
2383	Gm20637	chr2	155546385	155546846	processed_pseudogene	ENSMUSG00000093687	+	Gm20637	2383
2384	Acss2os	chr2	155547040	155556930	lncRNA	ENSMUSG00000086529	-	Acss2os	2384
2385	Gss	chr2	155563181	155592810	protein_coding	ENSMUSG00000027610	-	Gss	2385
2386	Gssos2	chr2	155591131	155592851	lncRNA	ENSMUSG00000085317	+	Gssos2	2386
2387	Gssos1	chr2	155592319	155594955	lncRNA	ENSMUSG00000085010	+	Gssos1	2387
2388	Gm14257	chr2	155593565	155594475	lncRNA	ENSMUSG00000087616	-	Gm14257	2388
2389	Myh7b	chr2	155611212	155634307	protein_coding	ENSMUSG00000074652	+	Myh7b	2389
2390	Mir499	chr2	155622880	155622958	miRNA	ENSMUSG00000076312	+	Mir499	2390
2391	Trpc4ap	chr2	155634271	155692384	protein_coding	ENSMUSG00000038324	-	Trpc4ap	2391
2392	Gm22334	chr2	155652892	155653024	snoRNA	ENSMUSG00000088695	-	Gm22334	2392
2393	Edem2	chr2	155701677	155729475	protein_coding	ENSMUSG00000038312	-	Edem2	2393
2394	Procr	chr2	155751117	155755471	protein_coding	ENSMUSG00000027611	+	Procr	2394
2395	Mmp24	chr2	155775342	155818366	protein_coding	ENSMUSG00000027612	+	Mmp24	2395
2396	BC029722	chr2	155817730	155819426	protein_coding	ENSMUSG00000074649	-	BC029722	2396
2397	Eif6	chr2	155819832	155826925	protein_coding	ENSMUSG00000027613	-	Eif6	2397
2398	Fam83c	chr2	155827548	155834854	protein_coding	ENSMUSG00000074647	-	Fam83c	2398
2399	Uqcc1	chr2	155846894	155930310	protein_coding	ENSMUSG00000005882	-	Uqcc1	2399
2400	Gm15557	chr2	155940728	155942750	protein_coding	ENSMUSG00000078972	+	Gm15557	2400
2401	Gdf5	chr2	155941023	155945367	protein_coding	ENSMUSG00000038259	-	Gdf5	2401
2402	Cep250	chr2	155956458	155998900	protein_coding	ENSMUSG00000038241	+	Cep250	2402
2403	6430550D23Rik	chr2	155973279	156007977	protein_coding	ENSMUSG00000074646	-	6430550D23Rik	2403
2404	Ergic3	chr2	156008045	156018279	protein_coding	ENSMUSG00000005881	+	Ergic3	2404
2405	Fer1l4	chr2	156019139	156052947	protein_coding	ENSMUSG00000013338	-	Fer1l4	2405
2406	Spag4	chr2	156065175	156070617	protein_coding	ENSMUSG00000038180	+	Spag4	2406
2407	Cpne1	chr2	156071842	156111965	protein_coding	ENSMUSG00000074643	-	Cpne1	2407
2408	Gm28036	chr2	156071845	156127092	protein_coding	ENSMUSG00000098950	-	Gm28036	2408
2409	Gm37274	chr2	156084610	156086291	TEC	ENSMUSG00000103285	-	Gm37274	2409
2410	Rbm12	chr2	156091958	156111978	protein_coding	ENSMUSG00000089824	-	Rbm12	2410
2411	Nfs1	chr2	156123639	156144186	protein_coding	ENSMUSG00000027618	-	Nfs1	2411
2412	Romo1	chr2	156144039	156145797	protein_coding	ENSMUSG00000067847	+	Romo1	2412
2413	Rbm39	chr2	156147239	156180238	protein_coding	ENSMUSG00000027620	-	Rbm39	2413
2414	Phf20	chr2	156196466	156309952	protein_coding	ENSMUSG00000038116	+	Phf20	2414
2415	Scand1	chr2	156311846	156312747	protein_coding	ENSMUSG00000046229	-	Scand1	2415
2416	Cnbd2	chr2	156312299	156375638	protein_coding	ENSMUSG00000038085	+	Cnbd2	2416
2417	Gm14251	chr2	156322402	156322680	processed_pseudogene	ENSMUSG00000081751	+	Gm14251	2417
2418	Gm22759	chr2	156322552	156322647	miRNA	ENSMUSG00000076231	+	Gm22759	2418
2419	Gm14252	chr2	156332317	156339381	lncRNA	ENSMUSG00000085546	-	Gm14252	2419
2420	Gm14253	chr2	156347202	156347840	processed_pseudogene	ENSMUSG00000082321	-	Gm14253	2420
2421	Gm14170	chr2	156377925	156378968	lncRNA	ENSMUSG00000087323	-	Gm14170	2421
2422	Gm22316	chr2	156386107	156386322	misc_RNA	ENSMUSG00000088637	+	Gm22316	2422
2423	Rpl21-ps9	chr2	156386741	156387222	processed_pseudogene	ENSMUSG00000084017	+	Rpl21-ps9	2423
2424	2900097C17Rik	chr2	156388065	156392979	lncRNA	ENSMUSG00000102869	-	2900097C17Rik	2424
2425	Gm14173	chr2	156410897	156411174	processed_pseudogene	ENSMUSG00000061272	-	Gm14173	2425
2426	Gm22758	chr2	156410929	156411024	miRNA	ENSMUSG00000076230	-	Gm22758	2426
2427	Epb41l1	chr2	156420909	156543214	protein_coding	ENSMUSG00000027624	+	Epb41l1	2427
2428	Gm14225	chr2	156445033	156447608	lncRNA	ENSMUSG00000086872	-	Gm14225	2428
2429	Gm14224	chr2	156451906	156455651	lncRNA	ENSMUSG00000085524	-	Gm14224	2429
2430	Aar2	chr2	156547584	156568972	protein_coding	ENSMUSG00000027628	+	Aar2	2430
2431	Gm14168	chr2	156571792	156577457	lncRNA	ENSMUSG00000055494	+	Gm14168	2431
2432	Gm14169	chr2	156609206	156613422	lncRNA	ENSMUSG00000086118	-	Gm14169	2432
2433	Dlgap4	chr2	156613705	156764363	protein_coding	ENSMUSG00000061689	+	Dlgap4	2433
2434	Gm14174	chr2	156614447	156615448	lncRNA	ENSMUSG00000087508	-	Gm14174	2434
2435	Gm14172	chr2	156632825	156633468	processed_pseudogene	ENSMUSG00000083498	-	Gm14172	2435
2436	4930405A21Rik	chr2	156714540	156720909	lncRNA	ENSMUSG00000086638	-	4930405A21Rik	2436
2437	Myl9	chr2	156775420	156781658	protein_coding	ENSMUSG00000067818	+	Myl9	2437
2438	Gm14231	chr2	156789812	156790403	processed_pseudogene	ENSMUSG00000082196	-	Gm14231	2438
2439	Gm14230	chr2	156833049	156839892	lncRNA	ENSMUSG00000087179	-	Gm14230	2439
2440	Tgif2	chr2	156840007	156855570	protein_coding	ENSMUSG00000062175	+	Tgif2	2440
2441	5430405H02Rik	chr2	156844351	156862963	lncRNA	ENSMUSG00000085741	-	5430405H02Rik	2441
2442	Gm37790	chr2	156846370	156849715	TEC	ENSMUSG00000102323	-	Gm37790	2442
2443	4930518I15Rik	chr2	156856616	156858212	TEC	ENSMUSG00000074629	-	4930518I15Rik	2443
2444	Gm27651	chr2	156860305	156860550	misc_RNA	ENSMUSG00000098755	+	Gm27651	2444
2445	Rab5if	chr2	156863128	156873563	protein_coding	ENSMUSG00000027637	+	Rab5if	2445
2446	Sla2	chr2	156872457	156887192	protein_coding	ENSMUSG00000027636	-	Sla2	2446
2447	Gm14278	chr2	156888854	156915383	unprocessed_pseudogene	ENSMUSG00000080880	-	Gm14278	2447
2448	Gm14247	chr2	156892882	156893118	processed_pseudogene	ENSMUSG00000081616	-	Gm14247	2448
2449	Ndrg3	chr2	156927345	156992056	protein_coding	ENSMUSG00000027634	-	Ndrg3	2449
2450	Gm27653	chr2	156964158	156964293	scaRNA	ENSMUSG00000098750	-	Gm27653	2450
2451	Dsn1	chr2	156995265	157007154	protein_coding	ENSMUSG00000027635	-	Dsn1	2451
2452	Soga1	chr2	157015799	157079254	protein_coding	ENSMUSG00000055485	-	Soga1	2452
2453	Tldc2	chr2	157087055	157096482	protein_coding	ENSMUSG00000074628	+	Tldc2	2453
2454	Samhd1	chr2	157097533	157135265	protein_coding	ENSMUSG00000027639	-	Samhd1	2454
2455	Rbl1	chr2	157145893	157204534	protein_coding	ENSMUSG00000027641	-	Rbl1	2455
2456	Gm14277	chr2	157168820	157169179	processed_pseudogene	ENSMUSG00000084113	+	Gm14277	2456
2457	Mroh8	chr2	157208550	157279549	protein_coding	ENSMUSG00000074627	-	Mroh8	2457
2458	Rpn2	chr2	157279017	157326319	protein_coding	ENSMUSG00000027642	+	Rpn2	2458
2459	Ghrh	chr2	157329497	157347506	protein_coding	ENSMUSG00000027643	-	Ghrh	2459
2460	Manbal	chr2	157367594	157396763	protein_coding	ENSMUSG00000063019	+	Manbal	2460
2461	Src	chr2	157418444	157471862	protein_coding	ENSMUSG00000027646	+	Src	2461
2462	Gm14279	chr2	157521697	157522028	processed_pseudogene	ENSMUSG00000081740	-	Gm14279	2462
2463	Gm14286	chr2	157544266	157545469	lncRNA	ENSMUSG00000087445	-	Gm14286	2463
2464	Blcap	chr2	157556362	157571274	protein_coding	ENSMUSG00000067787	-	Blcap	2464
2465	Nnat	chr2	157560078	157562522	protein_coding	ENSMUSG00000067786	+	Nnat	2465
2466	Gm23134	chr2	157562361	157562447	miRNA	ENSMUSG00000077990	-	Gm23134	2466
2467	Platr27	chr2	157595583	157597320	lncRNA	ENSMUSG00000087547	-	Platr27	2467
2468	Gm23463	chr2	157726000	157726098	snRNA	ENSMUSG00000084417	+	Gm23463	2468
2469	Ctnnbl1	chr2	157737401	157891614	protein_coding	ENSMUSG00000027649	+	Ctnnbl1	2469
2470	Vstm2l	chr2	157914653	157944719	protein_coding	ENSMUSG00000037843	+	Vstm2l	2470
2471	Tti1	chr2	157981803	158028433	protein_coding	ENSMUSG00000027650	-	Tti1	2471
2472	Rprd1b	chr2	158028497	158132297	protein_coding	ENSMUSG00000027651	+	Rprd1b	2472
2473	2010009K17Rik	chr2	158070367	158091797	lncRNA	ENSMUSG00000100860	-	2010009K17Rik	2473
2474	Tgm2	chr2	158116402	158146436	protein_coding	ENSMUSG00000037820	-	Tgm2	2474
2475	Gm20412	chr2	158117154	158117905	lncRNA	ENSMUSG00000092283	+	Gm20412	2475
2476	D630003M21Rik	chr2	158182533	158229222	protein_coding	ENSMUSG00000037813	-	D630003M21Rik	2476
2477	1700060C20Rik	chr2	158192008	158195749	lncRNA	ENSMUSG00000078957	+	1700060C20Rik	2477
2478	Bpi	chr2	158258094	158284531	protein_coding	ENSMUSG00000052922	+	Bpi	2478
2479	Lbp	chr2	158306493	158332852	protein_coding	ENSMUSG00000016024	+	Lbp	2479
2480	Snhg17	chr2	158353700	158361580	lncRNA	ENSMUSG00000085385	-	Snhg17	2480
2481	Gm24411	chr2	158356424	158356554	snoRNA	ENSMUSG00000065362	-	Gm24411	2481
2482	Snhg11	chr2	158375638	158386145	protein_coding	ENSMUSG00000044349	+	Snhg11	2482
2483	Gm25187	chr2	158378222	158378354	snoRNA	ENSMUSG00000065840	+	Gm25187	2483
2484	Gm14201	chr2	158402727	158403015	processed_pseudogene	ENSMUSG00000083168	-	Gm14201	2484
2485	Gm14202	chr2	158406508	158406818	processed_pseudogene	ENSMUSG00000083715	-	Gm14202	2485
2486	Ralgapb	chr2	158409848	158499253	protein_coding	ENSMUSG00000027652	+	Ralgapb	2486
2487	Gm14200	chr2	158468169	158468360	processed_pseudogene	ENSMUSG00000081800	-	Gm14200	2487
2488	Gm24379	chr2	158487602	158487687	misc_RNA	ENSMUSG00000084644	+	Gm24379	2488
2489	Adig	chr2	158502612	158508198	protein_coding	ENSMUSG00000044405	+	Adig	2489
2490	Arhgap40	chr2	158512796	158550762	protein_coding	ENSMUSG00000074625	+	Arhgap40	2490
2491	Gm14204	chr2	158595472	158610723	lncRNA	ENSMUSG00000086496	-	Gm14204	2491
2492	Slc32a1	chr2	158610767	158615748	protein_coding	ENSMUSG00000037771	+	Slc32a1	2492
2493	Gm14205	chr2	158610910	158611820	lncRNA	ENSMUSG00000087563	-	Gm14205	2493
2494	Actr5	chr2	158624888	158639211	protein_coding	ENSMUSG00000037761	+	Actr5	2494
2495	Ppp1r16b	chr2	158665398	158766334	protein_coding	ENSMUSG00000037754	+	Ppp1r16b	2495
2496	Gm26141	chr2	158740138	158740263	miRNA	ENSMUSG00000093040	+	Gm26141	2496
2497	Fam83d	chr2	158768093	158786637	protein_coding	ENSMUSG00000027654	+	Fam83d	2497
2498	Dhx35	chr2	158794807	158858214	protein_coding	ENSMUSG00000027655	+	Dhx35	2498
2499	Gm11446	chr2	159858425	159859290	processed_pseudogene	ENSMUSG00000081215	-	Gm11446	2499
2500	Gm14223	chr2	159911773	159947376	lncRNA	ENSMUSG00000086558	-	Gm14223	2500
2501	4933416E03Rik	chr2	159947341	159981288	lncRNA	ENSMUSG00000085198	+	4933416E03Rik	2501
2502	9130015L21Rik	chr2	160016653	160040619	lncRNA	ENSMUSG00000086653	+	9130015L21Rik	2502
2503	Gm826	chr2	160311393	160334162	protein_coding	ENSMUSG00000074623	-	Gm826	2503
2504	Mafb	chr2	160363703	160367065	protein_coding	ENSMUSG00000074622	-	Mafb	2504
2505	Gm14221	chr2	160568379	160619971	lncRNA	ENSMUSG00000078956	-	Gm14221	2505
2506	Gm23968	chr2	160624468	160624592	miRNA	ENSMUSG00000094247	+	Gm23968	2506
2507	Top1	chr2	160645888	160722764	protein_coding	ENSMUSG00000070544	+	Top1	2507
2508	Plcg1	chr2	160731300	160775760	protein_coding	ENSMUSG00000016933	+	Plcg1	2508
2509	Gm27206	chr2	160743927	160751909	lncRNA	ENSMUSG00000098889	-	Gm27206	2509
2510	Zhx3	chr2	160748708	160872998	protein_coding	ENSMUSG00000035877	-	Zhx3	2510
2511	Gm16751	chr2	160840836	160888028	lncRNA	ENSMUSG00000085303	-	Gm16751	2511
2512	Gm11447	chr2	160845613	160846470	processed_pseudogene	ENSMUSG00000081854	+	Gm11447	2512
2513	Lpin3	chr2	160880670	160906002	protein_coding	ENSMUSG00000027412	+	Lpin3	2513
2514	Emilin3	chr2	160906437	160912328	protein_coding	ENSMUSG00000050700	-	Emilin3	2514
2515	Chd6	chr2	160946978	161109075	protein_coding	ENSMUSG00000057133	-	Chd6	2515
2516	Gm45447	chr2	161109411	161114858	lncRNA	ENSMUSG00000109780	+	Gm45447	2516
2517	Gm14243	chr2	161179064	161216577	lncRNA	ENSMUSG00000067745	+	Gm14243	2517
2518	Gm14241	chr2	161331314	161332253	lncRNA	ENSMUSG00000087031	+	Gm14241	2518
2519	Gm11449	chr2	161482563	161483038	processed_pseudogene	ENSMUSG00000083374	-	Gm11449	2519
2520	Ptprt	chr2	161521990	162661147	protein_coding	ENSMUSG00000053141	-	Ptprt	2520
2521	Ptprtos	chr2	162390813	162393945	lncRNA	ENSMUSG00000084919	+	Ptprtos	2521
2522	9430021M05Rik	chr2	162661163	162667109	lncRNA	ENSMUSG00000054457	+	9430021M05Rik	2522
2523	Gm14246	chr2	162679455	162680529	lncRNA	ENSMUSG00000087536	+	Gm14246	2523
2524	Gm11450	chr2	162805590	162805922	processed_pseudogene	ENSMUSG00000082296	+	Gm11450	2524
2525	Gm14255	chr2	162867079	162868194	lncRNA	ENSMUSG00000086030	-	Gm14255	2525
2526	Gm11451	chr2	162898894	162899523	processed_pseudogene	ENSMUSG00000083567	-	Gm11451	2526
2527	Srsf6	chr2	162931528	162937121	protein_coding	ENSMUSG00000016921	+	Srsf6	2527
2528	L3mbtl1	chr2	162943472	162974522	protein_coding	ENSMUSG00000035576	+	L3mbtl1	2528
2529	Sgk2	chr2	162987330	163014127	protein_coding	ENSMUSG00000017868	+	Sgk2	2529
2530	Ift52	chr2	163017354	163046141	protein_coding	ENSMUSG00000017858	+	Ift52	2530
2531	Mybl2	chr2	163054687	163084688	protein_coding	ENSMUSG00000017861	+	Mybl2	2531
2532	Gtsf1l	chr2	163087034	163087855	protein_coding	ENSMUSG00000070708	-	Gtsf1l	2532
2533	Gm22174	chr2	163092899	163093023	miRNA	ENSMUSG00000096635	+	Gm22174	2533
2534	Gm11454	chr2	163122606	163143959	lncRNA	ENSMUSG00000086152	+	Gm11454	2534
2535	Gm14254	chr2	163152895	163156106	lncRNA	ENSMUSG00000086036	-	Gm14254	2535
2536	Tox2	chr2	163203125	163324170	protein_coding	ENSMUSG00000074607	+	Tox2	2536
2537	Jph2	chr2	163336242	163397993	protein_coding	ENSMUSG00000017817	-	Jph2	2537
2538	Oser1	chr2	163405822	163424697	protein_coding	ENSMUSG00000035399	-	Oser1	2538
2539	2900093K20Rik	chr2	163419795	163420361	lncRNA	ENSMUSG00000099632	+	2900093K20Rik	2539
2540	Gdap1l1	chr2	163438476	163455324	protein_coding	ENSMUSG00000017943	+	Gdap1l1	2540
2541	Fitm2	chr2	163466379	163472629	protein_coding	ENSMUSG00000048486	-	Fitm2	2541
2542	2310001K24Rik	chr2	163471957	163473005	lncRNA	ENSMUSG00000053353	+	2310001K24Rik	2542
2543	R3hdml	chr2	163492318	163502612	protein_coding	ENSMUSG00000078949	+	R3hdml	2543
2544	Hnf4aos	chr2	163493807	163541720	lncRNA	ENSMUSG00000046840	-	Hnf4aos	2544
2545	Hnf4a	chr2	163506808	163572910	protein_coding	ENSMUSG00000017950	+	Hnf4a	2545
2546	Ttpal	chr2	163602314	163619013	protein_coding	ENSMUSG00000017679	+	Ttpal	2546
2547	Serinc3	chr2	163623272	163645131	protein_coding	ENSMUSG00000017707	-	Serinc3	2547
2548	Pkig	chr2	163658386	163726158	protein_coding	ENSMUSG00000035268	+	Pkig	2548
2549	Gm16316	chr2	163685004	163692279	lncRNA	ENSMUSG00000087129	-	Gm16316	2549
2550	Ada	chr2	163726584	163750239	protein_coding	ENSMUSG00000017697	-	Ada	2550
2551	Ccn5	chr2	163820861	163833146	protein_coding	ENSMUSG00000027656	+	Ccn5	2551
2552	Kcnk15	chr2	163853651	163859746	protein_coding	ENSMUSG00000035238	+	Kcnk15	2552
2553	Rims4	chr2	163859751	163918683	protein_coding	ENSMUSG00000035226	-	Rims4	2553
2554	Ywhab	chr2	163994960	164018588	protein_coding	ENSMUSG00000018326	+	Ywhab	2554
2555	Pabpc1l	chr2	164025450	164050538	protein_coding	ENSMUSG00000054582	+	Pabpc1l	2555
2556	Tomm34	chr2	164053540	164071169	protein_coding	ENSMUSG00000018322	-	Tomm34	2556
2557	Stk4	chr2	164070322	164155524	protein_coding	ENSMUSG00000018209	+	Stk4	2557
2558	Gm11455	chr2	164135703	164140419	lncRNA	ENSMUSG00000085538	+	Gm11455	2558
2559	Kcns1	chr2	164163619	164171113	protein_coding	ENSMUSG00000040164	-	Kcns1	2559
2560	Wfdc5	chr2	164176327	164182742	protein_coding	ENSMUSG00000040154	-	Wfdc5	2560
2561	A730032A03Rik	chr2	164177584	164196564	lncRNA	ENSMUSG00000085649	+	A730032A03Rik	2561
2562	Wfdc15b	chr2	164214454	164221660	protein_coding	ENSMUSG00000018211	-	Wfdc15b	2562
2563	Svs2	chr2	164235929	164238466	protein_coding	ENSMUSG00000040132	-	Svs2	2563
2564	Svs3b	chr2	164254363	164256640	protein_coding	ENSMUSG00000050383	-	Svs3b	2564
2565	Svs4	chr2	164275952	164278459	protein_coding	ENSMUSG00000016998	-	Svs4	2565
2566	Svs5	chr2	164332740	164334396	protein_coding	ENSMUSG00000017004	+	Svs5	2566
2567	Slpi	chr2	164354070	164389095	protein_coding	ENSMUSG00000017002	-	Slpi	2567
2568	Mir7678	chr2	164354313	164354383	miRNA	ENSMUSG00000098489	-	Mir7678	2568
2569	Matn4	chr2	164389393	164405160	protein_coding	ENSMUSG00000016995	-	Matn4	2569
2570	Rbpjl	chr2	164403141	164415448	protein_coding	ENSMUSG00000017007	+	Rbpjl	2570
2571	Sdc4	chr2	164424247	164443887	protein_coding	ENSMUSG00000017009	-	Sdc4	2571
2572	Sys1	chr2	164456964	164479638	protein_coding	ENSMUSG00000045503	+	Sys1	2572
2573	Gm14302	chr2	164459896	164460955	lncRNA	ENSMUSG00000085760	-	Gm14302	2573
2574	Gm20458	chr2	164460967	164490760	protein_coding	ENSMUSG00000090996	+	Gm20458	2574
2575	Trp53tg5	chr2	164470301	164473724	protein_coding	ENSMUSG00000017720	-	Trp53tg5	2575
2576	Dbndd2	chr2	164486106	164493319	protein_coding	ENSMUSG00000017734	+	Dbndd2	2576
2577	Pigt	chr2	164497520	164508301	protein_coding	ENSMUSG00000017721	+	Pigt	2577
2578	Gm14317	chr2	164550530	164559730	lncRNA	ENSMUSG00000086179	+	Gm14317	2578
2579	Wfdc2	chr2	164562413	164568510	protein_coding	ENSMUSG00000017723	+	Wfdc2	2579
2580	Spint3	chr2	164569695	164573459	protein_coding	ENSMUSG00000074596	-	Spint3	2580
2581	Wfdc6a	chr2	164579519	164585447	protein_coding	ENSMUSG00000074595	-	Wfdc6a	2581
2582	Eppin	chr2	164588343	164593594	protein_coding	ENSMUSG00000017733	-	Eppin	2582
2583	Wfdc8	chr2	164596458	164613626	protein_coding	ENSMUSG00000070533	-	Wfdc8	2583
2584	Wfdc6b	chr2	164613522	164618212	protein_coding	ENSMUSG00000070531	+	Wfdc6b	2584
2585	Wfdc16	chr2	164634707	164638796	protein_coding	ENSMUSG00000070530	-	Wfdc16	2585
2586	Wfdc9	chr2	164649631	164656583	protein_coding	ENSMUSG00000074594	-	Wfdc9	2586
2587	Wfdc11	chr2	164662894	164674087	protein_coding	ENSMUSG00000078940	-	Wfdc11	2587
2588	Wfdc13	chr2	164685107	164687706	protein_coding	ENSMUSG00000067704	+	Wfdc13	2588
2589	Spint4	chr2	164698501	164702453	protein_coding	ENSMUSG00000017310	+	Spint4	2589
2590	Wfdc3	chr2	164731180	164745931	protein_coding	ENSMUSG00000076434	-	Wfdc3	2590
2591	Dnttip1	chr2	164745983	164768607	protein_coding	ENSMUSG00000017299	+	Dnttip1	2591
2592	Gm11457	chr2	164754242	164769666	lncRNA	ENSMUSG00000086453	-	Gm11457	2592
2593	Gm22596	chr2	164761659	164761974	misc_RNA	ENSMUSG00000088226	+	Gm22596	2593
2594	Ube2c	chr2	164769898	164778822	protein_coding	ENSMUSG00000001403	+	Ube2c	2594
2595	Tnnc2	chr2	164777161	164779967	protein_coding	ENSMUSG00000017300	-	Tnnc2	2595
2596	Snx21	chr2	164785823	164793816	protein_coding	ENSMUSG00000050373	+	Snx21	2596
2597	Acot8	chr2	164792765	164804882	protein_coding	ENSMUSG00000017307	-	Acot8	2597
2598	Zswim3	chr2	164805098	164822130	protein_coding	ENSMUSG00000045822	+	Zswim3	2598
2599	Zswim1	chr2	164822686	164826871	protein_coding	ENSMUSG00000017764	+	Zswim1	2599
2600	Spata25	chr2	164826389	164828537	protein_coding	ENSMUSG00000017767	-	Spata25	2600
2601	Neurl2	chr2	164830732	164833456	protein_coding	ENSMUSG00000039873	-	Neurl2	2601
2602	Ctsa	chr2	164832873	164841032	protein_coding	ENSMUSG00000017760	+	Ctsa	2602
2603	Pltp	chr2	164839518	164857711	protein_coding	ENSMUSG00000017754	-	Pltp	2603
2604	Pcif1	chr2	164879304	164894454	protein_coding	ENSMUSG00000039849	+	Pcif1	2604
2605	Zfp335	chr2	164891882	164911757	protein_coding	ENSMUSG00000039834	-	Zfp335	2605
2606	Zfp335os	chr2	164911354	164919953	lncRNA	ENSMUSG00000085436	+	Zfp335os	2606
2607	Mmp9	chr2	164940780	164955850	protein_coding	ENSMUSG00000017737	+	Mmp9	2607
2608	Slc12a5	chr2	164960802	164999731	protein_coding	ENSMUSG00000017740	+	Slc12a5	2608
2609	Ncoa5	chr2	165000357	165034867	protein_coding	ENSMUSG00000039804	-	Ncoa5	2609
2610	Cd40	chr2	165055627	165072948	protein_coding	ENSMUSG00000017652	+	Cd40	2610
2611	1700025C18Rik	chr2	165078693	165090750	protein_coding	ENSMUSG00000078935	-	1700025C18Rik	2611
2612	Cdh22	chr2	165111507	165234853	protein_coding	ENSMUSG00000053166	-	Cdh22	2612
2613	Gm14397	chr2	165159412	165163969	lncRNA	ENSMUSG00000086630	+	Gm14397	2613
2614	Gm25569	chr2	165270046	165270176	snoRNA	ENSMUSG00000087800	-	Gm25569	2614
2615	Slc35c2	chr2	165276554	165287869	protein_coding	ENSMUSG00000017664	-	Slc35c2	2615
2616	Elmo2	chr2	165288031	165326479	protein_coding	ENSMUSG00000017670	-	Elmo2	2616
2617	Zfp663	chr2	165351297	165368729	protein_coding	ENSMUSG00000056824	-	Zfp663	2617
2618	Zfp334	chr2	165374264	165388259	protein_coding	ENSMUSG00000017667	-	Zfp334	2618
2619	Ocstamp	chr2	165393760	165400405	protein_coding	ENSMUSG00000027670	-	Ocstamp	2619
2620	Slc13a3	chr2	165405028	165473230	protein_coding	ENSMUSG00000018459	-	Slc13a3	2620
2621	Gm14437	chr2	165442264	165450485	lncRNA	ENSMUSG00000085358	+	Gm14437	2621
2622	Trp53rka	chr2	165490110	165493324	protein_coding	ENSMUSG00000039725	-	Trp53rka	2622
2623	Slc2a10	chr2	165503787	165519917	protein_coding	ENSMUSG00000027661	+	Slc2a10	2623
2624	Eya2	chr2	165595032	165771727	protein_coding	ENSMUSG00000017897	+	Eya2	2624
2625	Gm28163	chr2	165601463	165601787	lncRNA	ENSMUSG00000100796	-	Gm28163	2625
2626	Zmynd8	chr2	165784152	165899016	protein_coding	ENSMUSG00000039671	-	Zmynd8	2626
2627	BC046401	chr2	165857684	165859034	lncRNA	ENSMUSG00000085274	+	BC046401	2627
2628	Gm11465	chr2	165880025	165882056	lncRNA	ENSMUSG00000086820	+	Gm11465	2628
2629	Gm22692	chr2	165908051	165908175	miRNA	ENSMUSG00000092796	-	Gm22692	2629
2630	Platr29	chr2	165976757	165985924	lncRNA	ENSMUSG00000084816	-	Platr29	2630
2631	Gm11464	chr2	165980726	165992517	lncRNA	ENSMUSG00000087351	-	Gm11464	2631
2632	Ncoa3	chr2	165992636	166073242	protein_coding	ENSMUSG00000027678	+	Ncoa3	2632
2633	Sulf2	chr2	166073089	166155663	protein_coding	ENSMUSG00000006800	-	Sulf2	2633
2634	Gm11467	chr2	166207230	166208627	lncRNA	ENSMUSG00000085046	-	Gm11467	2634
2635	Gm11468	chr2	166273908	166294831	lncRNA	ENSMUSG00000084840	+	Gm11468	2635
2636	Gm14268	chr2	166380828	166398187	lncRNA	ENSMUSG00000087617	-	Gm14268	2636
2637	5031425F14Rik	chr2	166447451	166459232	lncRNA	ENSMUSG00000085129	+	5031425F14Rik	2637
2638	Gm14267	chr2	166500036	166522373	transcribed_processed_pseudogene	ENSMUSG00000085682	-	Gm14267	2638
2639	Prex1	chr2	166566342	166713832	protein_coding	ENSMUSG00000039621	-	Prex1	2639
2640	Gm25265	chr2	166682074	166682420	misc_RNA	ENSMUSG00000089145	+	Gm25265	2640
2641	Gm24477	chr2	166768745	166768847	snRNA	ENSMUSG00000088063	+	Gm24477	2641
2642	Trp53rkb	chr2	166792531	166799505	protein_coding	ENSMUSG00000042854	+	Trp53rkb	2642
2643	Arfgef2	chr2	166805588	166898052	protein_coding	ENSMUSG00000074582	+	Arfgef2	2643
2644	Cse1l	chr2	166906040	166946389	protein_coding	ENSMUSG00000002718	+	Cse1l	2644
2645	Gm17096	chr2	166943539	166944308	lncRNA	ENSMUSG00000090397	+	Gm17096	2645
2646	Stau1	chr2	166947549	166996299	protein_coding	ENSMUSG00000039536	-	Stau1	2646
2647	Gm11470	chr2	167007131	167009039	processed_pseudogene	ENSMUSG00000082665	-	Gm11470	2647
2648	Ddx27	chr2	167015193	167034947	protein_coding	ENSMUSG00000017999	+	Ddx27	2648
2649	Znfx1	chr2	167035793	167063015	protein_coding	ENSMUSG00000039501	-	Znfx1	2649
2650	Zfas1	chr2	167062934	167065862	lncRNA	ENSMUSG00000074578	+	Zfas1	2650
2651	Gm25878	chr2	167063473	167063565	snoRNA	ENSMUSG00000077515	+	Gm25878	2651
2652	Gm23201	chr2	167064998	167065086	snoRNA	ENSMUSG00000077565	+	Gm23201	2652
2653	Snord12	chr2	167065276	167065365	snoRNA	ENSMUSG00000077698	+	Snord12	2653
2654	Gm11472	chr2	167087184	167087739	processed_pseudogene	ENSMUSG00000081946	-	Gm11472	2654
2655	Kcnb1	chr2	167095969	167190155	protein_coding	ENSMUSG00000050556	-	Kcnb1	2655
2656	1110018N20Rik	chr2	167188702	167192808	lncRNA	ENSMUSG00000085151	+	1110018N20Rik	2656
2657	Ptgis	chr2	167191805	167240604	protein_coding	ENSMUSG00000017969	-	Ptgis	2657
2658	Gm14291	chr2	167201576	167202799	lncRNA	ENSMUSG00000086098	+	Gm14291	2658
2659	B4galt5	chr2	167298444	167349183	protein_coding	ENSMUSG00000017929	-	B4galt5	2659
2660	Slc9a8	chr2	167421712	167477000	protein_coding	ENSMUSG00000039463	+	Slc9a8	2660
2661	Spata2	chr2	167481133	167492887	protein_coding	ENSMUSG00000047030	-	Spata2	2661
2662	Rnf114	chr2	167492645	167516173	protein_coding	ENSMUSG00000006418	+	Rnf114	2662
2663	Snai1	chr2	167538195	167542814	protein_coding	ENSMUSG00000042821	+	Snai1	2663
2664	Gm11476	chr2	167553314	167607845	lncRNA	ENSMUSG00000085596	+	Gm11476	2664
2665	Gm11475	chr2	167591395	167591870	processed_pseudogene	ENSMUSG00000081511	+	Gm11475	2665
2666	Ube2v1	chr2	167607638	167632095	protein_coding	ENSMUSG00000078923	-	Ube2v1	2666
2667	Gm20431	chr2	167607850	167661496	protein_coding	ENSMUSG00000089739	-	Gm20431	2667
2668	Tmem189	chr2	167642608	167689822	protein_coding	ENSMUSG00000090213	-	Tmem189	2668
2669	Gm22355	chr2	167644364	167644459	miRNA	ENSMUSG00000093476	-	Gm22355	2669
2670	Gm14320	chr2	167662109	167667697	lncRNA	ENSMUSG00000085914	+	Gm14320	2670
2671	Cebpb	chr2	167688915	167690418	protein_coding	ENSMUSG00000056501	+	Cebpb	2671
2672	A530013C23Rik	chr2	167691177	167729172	lncRNA	ENSMUSG00000006462	+	A530013C23Rik	2672
2673	1200007C13Rik	chr2	167827693	167833646	lncRNA	ENSMUSG00000087684	-	1200007C13Rik	2673
2674	Gm14319	chr2	167858585	167862542	lncRNA	ENSMUSG00000085411	+	Gm14319	2674
2675	Ptpn1	chr2	167932057	167979385	protein_coding	ENSMUSG00000027540	+	Ptpn1	2675
2676	Ripor3	chr2	167980164	168010618	protein_coding	ENSMUSG00000074577	-	Ripor3	2676
2677	Gm14236	chr2	168010529	168011506	lncRNA	ENSMUSG00000086411	+	Gm14236	2677
2678	Pard6b	chr2	168081004	168101203	protein_coding	ENSMUSG00000044641	+	Pard6b	2678
2679	AL831766.1	chr2	168114877	168148422	unitary_pseudogene	ENSMUSG00000118526	+	AL831766.1	2679
2680	Gm14235	chr2	168148017	168153533	lncRNA	ENSMUSG00000085267	-	Gm14235	2680
2681	E130018N17Rik	chr2	168152603	168154513	lncRNA	ENSMUSG00000087648	-	E130018N17Rik	2681
2682	Adnp	chr2	168180986	168207112	protein_coding	ENSMUSG00000051149	-	Adnp	2682
2683	Gm20716	chr2	168180986	168230364	protein_coding	ENSMUSG00000093752	-	Gm20716	2683
2684	Dpm1	chr2	168209048	168230591	protein_coding	ENSMUSG00000078919	-	Dpm1	2684
2685	Mocs3	chr2	168230622	168232594	protein_coding	ENSMUSG00000074576	+	Mocs3	2685
2686	Gm14237	chr2	168242001	168242430	processed_pseudogene	ENSMUSG00000083342	-	Gm14237	2686
2687	Kcng1	chr2	168260117	168281736	protein_coding	ENSMUSG00000074575	-	Kcng1	2687
2688	Gm14262	chr2	168289019	168295121	lncRNA	ENSMUSG00000086783	-	Gm14262	2688
2689	Gm14234	chr2	168417730	168418574	processed_pseudogene	ENSMUSG00000082239	-	Gm14234	2689
2690	Nfatc2	chr2	168476410	168601657	protein_coding	ENSMUSG00000027544	-	Nfatc2	2690
2691	Atp9a	chr2	168634438	168742409	protein_coding	ENSMUSG00000027546	-	Atp9a	2691
2692	Sall4	chr2	168748332	168767943	protein_coding	ENSMUSG00000027547	-	Sall4	2692
2693	Zfp64	chr2	168893331	168955587	protein_coding	ENSMUSG00000027551	-	Zfp64	2693
2694	Gm9873	chr2	169020025	169021385	lncRNA	ENSMUSG00000052368	+	Gm9873	2694
2695	Gm14258	chr2	169106453	169110415	lncRNA	ENSMUSG00000086238	+	Gm14258	2695
2696	9430093N23Rik	chr2	169234991	169237770	lncRNA	ENSMUSG00000085369	+	9430093N23Rik	2696
2697	Gm14250	chr2	169389081	169395524	lncRNA	ENSMUSG00000086840	+	Gm14250	2697
2698	4930529I22Rik	chr2	169399145	169405450	lncRNA	ENSMUSG00000085350	-	4930529I22Rik	2698
2699	Gm14249	chr2	169480617	169504843	lncRNA	ENSMUSG00000087074	+	Gm14249	2699
2700	Gm11011	chr2	169582845	169587745	protein_coding	ENSMUSG00000078912	-	Gm11011	2700
2701	Gm34294	chr2	169624056	169628318	TEC	ENSMUSG00000103662	-	Gm34294	2701
2702	Tshz2	chr2	169633013	170071816	protein_coding	ENSMUSG00000047907	+	Tshz2	2702
2703	AY702102	chr2	169962015	169963187	TEC	ENSMUSG00000103935	-	AY702102	2703
2704	Zfp217	chr2	170108643	170148103	protein_coding	ENSMUSG00000052056	-	Zfp217	2704
2705	Gm14270	chr2	170285035	170285880	processed_pseudogene	ENSMUSG00000084013	+	Gm14270	2705
2706	Bcas1	chr2	170346991	170427845	protein_coding	ENSMUSG00000013523	-	Bcas1	2706
2707	Bcas1os2	chr2	170356361	170380435	lncRNA	ENSMUSG00000086999	+	Bcas1os2	2707
2708	Bcas1os1	chr2	170405181	170407175	lncRNA	ENSMUSG00000086970	+	Bcas1os1	2708
2709	Gm14269	chr2	170463514	170463819	processed_pseudogene	ENSMUSG00000084067	-	Gm14269	2709
2710	Cyp24a1	chr2	170482708	170497145	protein_coding	ENSMUSG00000038567	-	Cyp24a1	2710
2711	Pfdn4	chr2	170496428	170519123	protein_coding	ENSMUSG00000052033	+	Pfdn4	2711
2712	Gm16796	chr2	170499357	170511927	lncRNA	ENSMUSG00000085495	-	Gm16796	2712
2713	Gm14637	chr2	170576054	170578424	lncRNA	ENSMUSG00000085225	+	Gm14637	2713
2714	4930470P17Rik	chr2	170579418	170602017	protein_coding	ENSMUSG00000043583	-	4930470P17Rik	2714
2715	Gm14264	chr2	170652434	170662465	lncRNA	ENSMUSG00000085158	-	Gm14264	2715
2716	Dok5	chr2	170731807	170879769	protein_coding	ENSMUSG00000027560	+	Dok5	2716
2717	Gm14266	chr2	171193269	171271350	lncRNA	ENSMUSG00000084829	+	Gm14266	2717
2718	Gm14640	chr2	171215499	171217947	lncRNA	ENSMUSG00000084818	+	Gm14640	2718
2719	1700028P15Rik	chr2	171956879	171962824	lncRNA	ENSMUSG00000086823	-	1700028P15Rik	2719
2720	Gm14641	chr2	171995941	172003995	lncRNA	ENSMUSG00000087100	-	Gm14641	2720
2721	Cbln4	chr2	172036233	172043466	protein_coding	ENSMUSG00000067578	-	Cbln4	2721
2722	Gm14271	chr2	172046526	172050134	lncRNA	ENSMUSG00000087409	+	Gm14271	2722
2723	Gm14274	chr2	172100621	172101235	processed_pseudogene	ENSMUSG00000083793	+	Gm14274	2723
2724	Mc3r	chr2	172248492	172251114	protein_coding	ENSMUSG00000038537	+	Mc3r	2724
2725	Gm14275	chr2	172288133	172290520	lncRNA	ENSMUSG00000085949	+	Gm14275	2725
2726	Gm14273	chr2	172324334	172338663	lncRNA	ENSMUSG00000085905	+	Gm14273	2726
2727	Fam210b	chr2	172345565	172355749	protein_coding	ENSMUSG00000027495	+	Fam210b	2727
2728	Aurka	chr2	172356190	172370535	protein_coding	ENSMUSG00000027496	-	Aurka	2728
2729	Cstf1	chr2	172370681	172382448	protein_coding	ENSMUSG00000027498	+	Cstf1	2729
2730	Cass4	chr2	172393794	172433757	protein_coding	ENSMUSG00000074570	+	Cass4	2730
2731	Gm14455	chr2	172425804	172440560	lncRNA	ENSMUSG00000087633	-	Gm14455	2731
2732	Rtf2	chr2	172440556	172469908	protein_coding	ENSMUSG00000027502	+	Rtf2	2732
2733	Gcnt7	chr2	172450313	172458596	protein_coding	ENSMUSG00000074569	-	Gcnt7	2733
2734	Fam209	chr2	172472520	172474331	protein_coding	ENSMUSG00000027505	+	Fam209	2734
2735	Gm14303	chr2	172509521	172509691	processed_pseudogene	ENSMUSG00000081344	-	Gm14303	2735
2736	Tfap2c	chr2	172549593	172558622	protein_coding	ENSMUSG00000028640	+	Tfap2c	2736
2737	Bmp7	chr2	172868012	172940321	protein_coding	ENSMUSG00000008999	-	Bmp7	2737
2738	Spo11	chr2	172977700	172993576	protein_coding	ENSMUSG00000005883	+	Spo11	2738
2739	Rae1	chr2	173000117	173015739	protein_coding	ENSMUSG00000027509	+	Rae1	2739
2740	Rbm38	chr2	173020498	173034734	protein_coding	ENSMUSG00000027510	+	Rbm38	2740
2741	Gm20490	chr2	173022503	173022956	lncRNA	ENSMUSG00000092596	-	Gm20490	2741
2742	Gm14453	chr2	173025685	173034580	lncRNA	ENSMUSG00000087442	-	Gm14453	2742
2743	Ctcfl	chr2	173093609	173119525	protein_coding	ENSMUSG00000070495	-	Ctcfl	2743
2744	Ctcflos	chr2	173110818	173133204	lncRNA	ENSMUSG00000087382	+	Ctcflos	2744
2745	Pck1	chr2	173153048	173159273	protein_coding	ENSMUSG00000027513	+	Pck1	2745
2746	Zbp1	chr2	173206612	173218923	protein_coding	ENSMUSG00000027514	-	Zbp1	2746
2747	Pmepa1	chr2	173224458	173276533	protein_coding	ENSMUSG00000038400	-	Pmepa1	2747
2748	Pmepa1os	chr2	173276698	173278428	lncRNA	ENSMUSG00000087600	+	Pmepa1os	2748
2749	Gm14642	chr2	173394566	173395720	lncRNA	ENSMUSG00000086114	+	Gm14642	2749
2750	1700021F07Rik	chr2	173522586	173528501	protein_coding	ENSMUSG00000027518	+	1700021F07Rik	2750
2751	Ankrd60	chr2	173568666	173578365	protein_coding	ENSMUSG00000027517	-	Ankrd60	2751
2752	Ppp4r1l-ps	chr2	173579320	173659640	transcribed_unprocessed_pseudogene	ENSMUSG00000055897	-	Ppp4r1l-ps	2752
2753	Rab22a	chr2	173659760	173707343	protein_coding	ENSMUSG00000027519	+	Rab22a	2753
2754	1700010B08Rik	chr2	173719415	173722089	protein_coding	ENSMUSG00000057047	+	1700010B08Rik	2754
2755	Vapb	chr2	173737511	173784339	protein_coding	ENSMUSG00000054455	+	Vapb	2755
2756	AL844849.1	chr2	173749938	173750487	processed_pseudogene	ENSMUSG00000118399	+	AL844849.1	2756
2757	Gm14371	chr2	173793437	173847670	unprocessed_pseudogene	ENSMUSG00000085938	-	Gm14371	2757
2758	Gm14336	chr2	173920352	173920826	processed_pseudogene	ENSMUSG00000082543	-	Gm14336	2758
2759	Stx16	chr2	174076308	174099771	protein_coding	ENSMUSG00000027522	+	Stx16	2759
2760	Npepl1	chr2	174110349	174123070	protein_coding	ENSMUSG00000039263	+	Npepl1	2760
2761	Gm10714	chr2	174125038	174183918	lncRNA	ENSMUSG00000074555	-	Gm10714	2761
2762	Gnasas1	chr2	174281237	174295436	lncRNA	ENSMUSG00000086537	-	Gnasas1	2762
2763	Gnas	chr2	174284320	174346744	protein_coding	ENSMUSG00000027523	+	Gnas	2763
2764	Gm27869	chr2	174295071	174295192	misc_RNA	ENSMUSG00000098535	+	Gm27869	2764
2765	Gm27849	chr2	174295337	174295461	misc_RNA	ENSMUSG00000098342	+	Gm27849	2765
2766	Gm20721	chr2	174330319	174346712	protein_coding	ENSMUSG00000090625	-	Gm20721	2766
2767	Nelfcd	chr2	174415804	174427502	protein_coding	ENSMUSG00000016253	+	Nelfcd	2767
2768	Ctsz	chr2	174427493	174439039	protein_coding	ENSMUSG00000016256	-	Ctsz	2768
2769	Tubb1	chr2	174450695	174457882	protein_coding	ENSMUSG00000016255	+	Tubb1	2769
2770	Atp5e	chr2	174461072	174464105	protein_coding	ENSMUSG00000016252	-	Atp5e	2770
2771	Prelid3b	chr2	174465067	174473081	protein_coding	ENSMUSG00000016257	-	Prelid3b	2771
2772	Zfp831	chr2	174643534	174710832	protein_coding	ENSMUSG00000050600	+	Zfp831	2772
2773	Edn3	chr2	174760619	174784042	protein_coding	ENSMUSG00000027524	+	Edn3	2773
2774	Gm14617	chr2	174835964	174841174	lncRNA	ENSMUSG00000084795	-	Gm14617	2774
2775	Gm14618	chr2	174842305	174853357	lncRNA	ENSMUSG00000087215	-	Gm14618	2775
2776	Gm14616	chr2	174856289	174866531	lncRNA	ENSMUSG00000086177	+	Gm14616	2776
2777	Gm14444	chr2	175010241	175019248	protein_coding	ENSMUSG00000078906	+	Gm14444	2777
2778	Gm16354	chr2	175023354	175023503	unprocessed_pseudogene	ENSMUSG00000085608	-	Gm16354	2778
2779	Gm14445	chr2	175038121	175041036	unprocessed_pseudogene	ENSMUSG00000082112	+	Gm14445	2779
2780	Gm14393	chr2	175061549	175067781	protein_coding	ENSMUSG00000078905	-	Gm14393	2780
2781	Gm14439	chr2	175062436	175062876	processed_pseudogene	ENSMUSG00000084050	+	Gm14439	2781
2782	Gm14387	chr2	175086501	175089918	unprocessed_pseudogene	ENSMUSG00000080888	+	Gm14387	2782
2783	Gm14392	chr2	175104454	175110015	processed_pseudogene	ENSMUSG00000081949	-	Gm14392	2783
2784	Gm14399	chr2	175129493	175142012	protein_coding	ENSMUSG00000090093	-	Gm14399	2784
2785	Gm16355	chr2	175153998	175154228	processed_pseudogene	ENSMUSG00000087588	+	Gm16355	2785
2786	Gm14443	chr2	175166255	175175871	protein_coding	ENSMUSG00000078902	-	Gm14443	2786
2787	Gm14391	chr2	175191065	175206917	protein_coding	ENSMUSG00000078903	-	Gm14391	2787
2788	Gm14440	chr2	175275125	175286805	protein_coding	ENSMUSG00000078901	+	Gm14440	2788
2789	Gm6710	chr2	175869219	175881248	protein_coding	ENSMUSG00000078887	+	Gm6710	2789
2790	Gm2026	chr2	175965331	175980303	protein_coding	ENSMUSG00000078886	+	Gm2026	2790
2791	Gm2004	chr2	176141591	176149825	protein_coding	ENSMUSG00000095648	-	Gm2004	2791
2792	2210418O10Rik	chr2	176226569	176240328	protein_coding	ENSMUSG00000078894	+	2210418O10Rik	2792
2793	Gm14308	chr2	176613364	176636344	protein_coding	ENSMUSG00000078880	-	Gm14308	2793
2794	Zfp973	chr2	176670522	176719085	protein_coding	ENSMUSG00000078879	+	Zfp973	2794
2795	Gm14305	chr2	176708328	176721813	protein_coding	ENSMUSG00000078878	+	Gm14305	2795
2796	Gm14390	chr2	176754399	176757439	unprocessed_pseudogene	ENSMUSG00000081599	-	Gm14390	2796
2797	Gm14295	chr2	176798612	176811223	protein_coding	ENSMUSG00000078877	+	Gm14295	2797
2798	Gm14408	chr2	176831140	176836730	protein_coding	ENSMUSG00000078876	+	Gm14408	2798
2799	Gm14296	chr2	176892509	176927809	protein_coding	ENSMUSG00000074527	-	Gm14296	2799
2800	Gm14419	chr2	177000956	177012787	protein_coding	ENSMUSG00000078875	+	Gm14419	2800
2801	Gm14402	chr2	177032655	177038354	unprocessed_pseudogene	ENSMUSG00000083317	+	Gm14402	2801
2802	Gm14421	chr2	177053516	177056838	unprocessed_pseudogene	ENSMUSG00000083111	-	Gm14421	2802
2803	Gm14401	chr2	177074320	177087347	protein_coding	ENSMUSG00000078872	+	Gm14401	2803
2804	Gm14415	chr2	177103564	177106488	unprocessed_pseudogene	ENSMUSG00000082377	-	Gm14415	2804
2805	Gm14411	chr2	177125463	177127709	unprocessed_pseudogene	ENSMUSG00000082765	-	Gm14411	2805
2806	Gm14413	chr2	177167290	177172870	unprocessed_pseudogene	ENSMUSG00000081590	-	Gm14413	2806
2807	Gm14410	chr2	177183453	177206421	protein_coding	ENSMUSG00000078870	-	Gm14410	2807
2808	Gm14400	chr2	177225473	177228963	unprocessed_pseudogene	ENSMUSG00000083817	-	Gm14400	2808
2809	Gm14409	chr2	177264654	177267036	protein_coding	ENSMUSG00000078869	-	Gm14409	2809
2810	Gm14412	chr2	177314520	177324307	protein_coding	ENSMUSG00000078868	-	Gm14412	2810
2811	Gm14418	chr2	177387124	177398320	protein_coding	ENSMUSG00000078867	-	Gm14418	2811
2812	Gm14404	chr2	177419902	177422936	unprocessed_pseudogene	ENSMUSG00000082343	-	Gm14404	2812
2813	Zfp970	chr2	177464733	177478129	protein_coding	ENSMUSG00000078866	+	Zfp970	2813
2814	Gm14403	chr2	177498215	177509763	protein_coding	ENSMUSG00000094786	+	Gm14403	2814
2815	Gm16363	chr2	177541681	177542557	unprocessed_pseudogene	ENSMUSG00000085513	-	Gm16363	2815
2816	Gm14406	chr2	177569204	177578210	protein_coding	ENSMUSG00000078865	-	Gm14406	2816
2817	Gm14324	chr2	177734300	177738757	unprocessed_pseudogene	ENSMUSG00000080709	+	Gm14324	2817
2818	Gm14322	chr2	177759288	177770472	protein_coding	ENSMUSG00000078864	+	Gm14322	2818
2819	Gm14325	chr2	177831791	177840336	protein_coding	ENSMUSG00000095362	-	Gm14325	2819
2820	Gm14429	chr2	177852152	177855503	unprocessed_pseudogene	ENSMUSG00000081574	-	Gm14429	2820
2821	Gm14323	chr2	177892638	177893264	processed_pseudogene	ENSMUSG00000082901	+	Gm14323	2821
2822	Gm14327	chr2	177897096	177905784	protein_coding	ENSMUSG00000074521	+	Gm14327	2822
2823	Zfp972	chr2	177903340	177925613	protein_coding	ENSMUSG00000074529	-	Zfp972	2823
2824	Gm14326	chr2	177935993	177957297	protein_coding	ENSMUSG00000078862	-	Gm14326	2824
2825	Gm14428	chr2	177980534	177982700	unprocessed_pseudogene	ENSMUSG00000083702	-	Gm14428	2825
2826	Zfp971	chr2	178023284	178034022	protein_coding	ENSMUSG00000074519	+	Zfp971	2826
2827	Zfp931	chr2	178067695	178078476	protein_coding	ENSMUSG00000078861	-	Zfp931	2827
2828	Phactr3	chr2	178118975	178338492	protein_coding	ENSMUSG00000027525	+	Phactr3	2828
2829	Sycp2	chr2	178345293	178407685	protein_coding	ENSMUSG00000060445	-	Sycp2	2829
2830	Ppp1r3d	chr2	178411206	178414472	protein_coding	ENSMUSG00000049999	-	Ppp1r3d	2830
2831	Fam217b	chr2	178414524	178424428	protein_coding	ENSMUSG00000070476	+	Fam217b	2831
2832	Cdh26	chr2	178430531	178487366	protein_coding	ENSMUSG00000039155	+	Cdh26	2832
2833	Gm14292	chr2	179177425	179177880	processed_pseudogene	ENSMUSG00000061897	+	Gm14292	2833
2834	Gm14294	chr2	179364293	179365043	processed_pseudogene	ENSMUSG00000081882	+	Gm14294	2834
2835	4930591A17Rik	chr2	179414936	179416882	lncRNA	ENSMUSG00000039138	+	4930591A17Rik	2835
2836	Cdh4	chr2	179442431	179899373	protein_coding	ENSMUSG00000000305	+	Cdh4	2836
2837	Gm14300	chr2	179612622	179613567	processed_pseudogene	ENSMUSG00000083410	-	Gm14300	2837
2838	Taf4	chr2	179912152	179976646	protein_coding	ENSMUSG00000039117	-	Taf4	2838
2839	4921531C22Rik	chr2	179975993	179979013	lncRNA	ENSMUSG00000085704	+	4921531C22Rik	2839
2840	Gm14299	chr2	179993188	179993584	processed_pseudogene	ENSMUSG00000082850	+	Gm14299	2840
2841	Lsm14b	chr2	180024987	180035465	protein_coding	ENSMUSG00000039108	+	Lsm14b	2841
2842	Psma7	chr2	180036374	180042433	protein_coding	ENSMUSG00000027566	-	Psma7	2842
2843	Ss18l1	chr2	180042509	180070201	protein_coding	ENSMUSG00000039086	+	Ss18l1	2843
2844	Mtg2	chr2	180070588	180085902	protein_coding	ENSMUSG00000039069	+	Mtg2	2844
2845	Hrh3	chr2	180099465	180104488	protein_coding	ENSMUSG00000039059	-	Hrh3	2845
2846	Gm17180	chr2	180099913	180101502	lncRNA	ENSMUSG00000090589	+	Gm17180	2846
2847	Osbpl2	chr2	180119306	180162680	protein_coding	ENSMUSG00000039050	+	Osbpl2	2847
2848	Adrm1	chr2	180171485	180176286	protein_coding	ENSMUSG00000039041	+	Adrm1	2848
2849	Lama5	chr2	180176373	180225859	protein_coding	ENSMUSG00000015647	-	Lama5	2849
2850	Rps21	chr2	180257377	180258445	protein_coding	ENSMUSG00000039001	+	Rps21	2850
2851	Cables2	chr2	180258540	180273496	protein_coding	ENSMUSG00000038990	-	Cables2	2851
2852	Rbbp8nl	chr2	180277646	180289879	protein_coding	ENSMUSG00000038980	-	Rbbp8nl	2852
2853	Gata5	chr2	180325133	180334699	protein_coding	ENSMUSG00000015627	-	Gata5	2853
2854	Gata5os	chr2	180332857	180340732	lncRNA	ENSMUSG00000056061	+	Gata5os	2854
2855	B230312C02Rik	chr2	180370491	180385885	lncRNA	ENSMUSG00000084843	-	B230312C02Rik	2855
2856	Slco4a1	chr2	180456245	180474867	protein_coding	ENSMUSG00000038963	+	Slco4a1	2856
2857	Ntsr1	chr2	180499976	180544980	protein_coding	ENSMUSG00000027568	+	Ntsr1	2857
2858	Mrgbp	chr2	180581304	180586304	protein_coding	ENSMUSG00000027569	+	Mrgbp	2858
2859	Ogfr	chr2	180589245	180595836	protein_coding	ENSMUSG00000049401	+	Ogfr	2859
2860	Col9a3	chr2	180597790	180622189	protein_coding	ENSMUSG00000027570	+	Col9a3	2860
2861	Tcfl5	chr2	180621956	180642708	protein_coding	ENSMUSG00000038932	-	Tcfl5	2861
2862	Dido1	chr2	180657964	180709999	protein_coding	ENSMUSG00000038914	-	Dido1	2862
2863	Gm22502	chr2	180698063	180698169	snRNA	ENSMUSG00000064422	+	Gm22502	2863
2864	Gid8	chr2	180710117	180718733	protein_coding	ENSMUSG00000027573	+	Gid8	2864
2865	Slc17a9	chr2	180725263	180742280	protein_coding	ENSMUSG00000023393	+	Slc17a9	2865
2866	Gm14343	chr2	180766214	180775403	lncRNA	ENSMUSG00000087550	-	Gm14343	2866
2867	Bhlhe23	chr2	180774381	180776900	protein_coding	ENSMUSG00000045493	-	Bhlhe23	2867
2868	Gm14340	chr2	180818343	180824630	lncRNA	ENSMUSG00000074507	-	Gm14340	2868
2869	Gm14342	chr2	180829490	180889660	lncRNA	ENSMUSG00000086166	-	Gm14342	2869
2870	Gm14344	chr2	180836481	180848914	lncRNA	ENSMUSG00000085428	+	Gm14344	2870
2871	Gm22842	chr2	180837838	180837955	misc_RNA	ENSMUSG00000088334	+	Gm22842	2871
2872	Gm14339	chr2	180847652	180849046	lncRNA	ENSMUSG00000085728	+	Gm14339	2872
2873	Gm27032	chr2	180894105	180895220	lncRNA	ENSMUSG00000098051	+	Gm27032	2873
2874	Ythdf1	chr2	180904377	180920949	protein_coding	ENSMUSG00000038848	-	Ythdf1	2874
2875	Birc7	chr2	180929023	180934010	protein_coding	ENSMUSG00000038840	+	Birc7	2875
2876	Nkain4	chr2	180934772	180954699	protein_coding	ENSMUSG00000027574	-	Nkain4	2876
2877	Gm14341	chr2	180954464	180966812	lncRNA	ENSMUSG00000087293	+	Gm14341	2877
2878	Arfgap1	chr2	180967225	180982526	protein_coding	ENSMUSG00000027575	+	Arfgap1	2878
2879	9230112E08Rik	chr2	180983924	180987275	lncRNA	ENSMUSG00000070461	+	9230112E08Rik	2879
2880	Col20a1	chr2	180986535	181018363	protein_coding	ENSMUSG00000016356	+	Col20a1	2880
2881	Chrna4	chr2	181018380	181043546	protein_coding	ENSMUSG00000027577	-	Chrna4	2881
2882	Kcnq2	chr2	181075579	181135300	protein_coding	ENSMUSG00000016346	-	Kcnq2	2882
2883	Eef1a2	chr2	181147653	181157014	protein_coding	ENSMUSG00000016349	-	Eef1a2	2883
2884	Ppdpf	chr2	181187247	181188771	protein_coding	ENSMUSG00000016344	+	Ppdpf	2884
2885	Ptk6	chr2	181193721	181202789	protein_coding	ENSMUSG00000038751	-	Ptk6	2885
2886	Srms	chr2	181205562	181213185	protein_coding	ENSMUSG00000027579	-	Srms	2886
2887	Gm14398	chr2	181216727	181217799	processed_pseudogene	ENSMUSG00000083993	+	Gm14398	2887
2888	Fndc11	chr2	181220013	181222854	protein_coding	ENSMUSG00000047841	+	Fndc11	2888
2889	Helz2	chr2	181227615	181242027	protein_coding	ENSMUSG00000027580	-	Helz2	2889
2890	Gmeb2	chr2	181251449	181288035	protein_coding	ENSMUSG00000038705	-	Gmeb2	2890
2891	Stmn3	chr2	181306459	181314500	protein_coding	ENSMUSG00000027581	-	Stmn3	2891
2892	Rtel1	chr2	181319739	181356616	protein_coding	ENSMUSG00000038685	+	Rtel1	2892
2893	Arfrp1	chr2	181357690	181365404	protein_coding	ENSMUSG00000038671	-	Arfrp1	2893
2894	Zgpat	chr2	181364928	181383628	protein_coding	ENSMUSG00000027582	+	Zgpat	2894
2895	Lime1	chr2	181380078	181383628	protein_coding	ENSMUSG00000090077	+	Lime1	2895
2896	Slc2a4rg-ps	chr2	181384250	181387586	transcribed_unitary_pseudogene	ENSMUSG00000085028	+	Slc2a4rg-ps	2896
2897	Zbtb46	chr2	181387762	181459426	protein_coding	ENSMUSG00000027583	-	Zbtb46	2897
2898	Gm22708	chr2	181425935	181426037	snRNA	ENSMUSG00000089612	-	Gm22708	2898
2899	Tpd52l2	chr2	181497142	181517966	protein_coding	ENSMUSG00000000827	+	Tpd52l2	2899
2900	Gm25184	chr2	181512550	181512712	snRNA	ENSMUSG00000088378	+	Gm25184	2900
2901	Dnajc5	chr2	181520485	181555133	protein_coding	ENSMUSG00000000826	+	Dnajc5	2901
2902	Uckl1	chr2	181569149	181584892	protein_coding	ENSMUSG00000089917	-	Uckl1	2902
2903	Uckl1os	chr2	181578480	181585170	lncRNA	ENSMUSG00000010492	+	Uckl1os	2903
2904	Zfp512b	chr2	181582103	181592803	protein_coding	ENSMUSG00000000823	-	Zfp512b	2904
2905	Prpf6	chr2	181591868	181655660	protein_coding	ENSMUSG00000002455	+	Prpf6	2905
2906	Samd10	chr2	181595218	181599212	protein_coding	ENSMUSG00000038605	-	Samd10	2906
2907	Gm29797	chr2	181657034	181659467	protein_coding	ENSMUSG00000108976	+	Gm29797	2907
2908	Tcea2	chr2	181680310	181688071	protein_coding	ENSMUSG00000059540	+	Tcea2	2908
2909	Rgs19	chr2	181688419	181693977	protein_coding	ENSMUSG00000002458	-	Rgs19	2909
2910	Lkaaear1	chr2	181696793	181698442	protein_coding	ENSMUSG00000045794	-	Lkaaear1	2910
2911	Oprl1	chr2	181715016	181720985	protein_coding	ENSMUSG00000027584	+	Oprl1	2911
2912	Gm14489	chr2	181724042	181724942	processed_pseudogene	ENSMUSG00000082786	-	Gm14489	2912
2913	Myt1	chr2	181763332	181827797	protein_coding	ENSMUSG00000010505	+	Myt1	2913
2914	Pcmtd2	chr2	181837854	181857461	protein_coding	ENSMUSG00000027589	+	Pcmtd2	2914
2915	Polr3k	chr2	181864337	181870830	protein_coding	ENSMUSG00000038628	+	Polr3k	2915
2916	Gm5466	chr2	181896823	181898712	processed_pseudogene	ENSMUSG00000083397	+	Gm5466	2916
2917	Gm14496	chr2	181991129	182003861	protein_coding	ENSMUSG00000098505	+	Gm14496	2917
