	gene_name	chr	start	end	type	ensembl_id	strand	gene_name2	Node_ID
0	Vmn1r-ps2	chr4	3103759	3104592	unprocessed_pseudogene	ENSMUSG00000081279	-	Vmn1r-ps2	0
1	AI838599	chr4	3242055	3258092	lncRNA	ENSMUSG00000085180	+	AI838599	1
2	Gm11784	chr4	3386846	3388691	unprocessed_pseudogene	ENSMUSG00000083489	+	Gm11784	2
3	Gm11785	chr4	3455702	3456302	processed_pseudogene	ENSMUSG00000081711	+	Gm11785	3
4	Gm11787	chr4	3496978	3516515	unprocessed_pseudogene	ENSMUSG00000081660	-	Gm11787	4
5	Tmem68	chr4	3549041	3574853	protein_coding	ENSMUSG00000028232	-	Tmem68	5
6	Tgs1	chr4	3574875	3616619	protein_coding	ENSMUSG00000028233	+	Tgs1	6
7	Gm22541	chr4	3619189	3619315	snoRNA	ENSMUSG00000088790	+	Gm22541	7
8	2210414B05Rik	chr4	3656508	3663108	lncRNA	ENSMUSG00000085394	+	2210414B05Rik	8
9	Lyn	chr4	3678115	3813122	protein_coding	ENSMUSG00000042228	+	Lyn	9
10	Gm11805	chr4	3720427	3721026	processed_pseudogene	ENSMUSG00000083186	-	Gm11805	10
11	9430025C20Rik	chr4	3806635	3808751	pseudogene	ENSMUSG00000055216	-	9430025C20Rik	11
12	Rps20	chr4	3831334	3835665	protein_coding	ENSMUSG00000028234	-	Rps20	12
13	Gm24016	chr4	3835079	3835146	snoRNA	ENSMUSG00000088351	-	Gm24016	13
14	Mos	chr4	3870657	3872105	protein_coding	ENSMUSG00000078365	-	Mos	14
15	Plag1	chr4	3900996	3938423	protein_coding	ENSMUSG00000003282	-	Plag1	15
16	Chchd7	chr4	3938888	3951046	protein_coding	ENSMUSG00000042198	+	Chchd7	16
17	Gm11808	chr4	3973092	3973595	protein_coding	ENSMUSG00000068240	-	Gm11808	17
18	Rps10-ps3	chr4	3978251	3978750	processed_pseudogene	ENSMUSG00000082991	-	Rps10-ps3	18
19	Sdr16c5	chr4	3995936	4019663	protein_coding	ENSMUSG00000028236	-	Sdr16c5	19
20	Sdr16c6	chr4	4055929	4077522	protein_coding	ENSMUSG00000071019	-	Sdr16c6	20
21	Penk	chr4	4133531	4138819	protein_coding	ENSMUSG00000045573	-	Penk	21
22	A830012C17Rik	chr4	4138321	4188703	lncRNA	ENSMUSG00000085996	+	A830012C17Rik	22
23	Impad1	chr4	4762484	4793355	protein_coding	ENSMUSG00000066324	-	Impad1	23
24	Gm11782	chr4	5545238	5551223	lncRNA	ENSMUSG00000087099	-	Gm11782	24
25	4930423M02Rik	chr4	5632328	5642284	lncRNA	ENSMUSG00000086066	+	4930423M02Rik	25
26	Fam110b	chr4	5644090	6108223	protein_coding	ENSMUSG00000049119	+	Fam110b	26
27	Gm24337	chr4	5687677	5687802	snoRNA	ENSMUSG00000077392	-	Gm24337	27
28	Gm11796	chr4	5854516	5855487	processed_pseudogene	ENSMUSG00000083232	-	Gm11796	28
29	Ubxn2b	chr4	6191098	6221688	protein_coding	ENSMUSG00000028243	+	Ubxn2b	29
30	Cyp7a1	chr4	6265612	6275633	protein_coding	ENSMUSG00000028240	-	Cyp7a1	30
31	4930430E12Rik	chr4	6352105	6357530	lncRNA	ENSMUSG00000085295	-	4930430E12Rik	31
32	Sdcbp	chr4	6365650	6408423	protein_coding	ENSMUSG00000028249	+	Sdcbp	32
33	Nsmaf	chr4	6396207	6454271	protein_coding	ENSMUSG00000028245	-	Nsmaf	33
34	Gm11803	chr4	6507941	6508384	processed_pseudogene	ENSMUSG00000081913	-	Gm11803	34
35	Tox	chr4	6686353	6991557	protein_coding	ENSMUSG00000041272	-	Tox	35
36	Gm11802	chr4	6688169	6704160	lncRNA	ENSMUSG00000086052	+	Gm11802	36
37	8430436N08Rik	chr4	7560688	7573801	lncRNA	ENSMUSG00000086070	+	8430436N08Rik	37
38	Gm11795	chr4	7759670	7763930	lncRNA	ENSMUSG00000085630	+	Gm11795	38
39	Car8	chr4	8143362	8239041	protein_coding	ENSMUSG00000041261	-	Car8	39
40	Gm37386	chr4	8438522	8454247	TEC	ENSMUSG00000103127	-	Gm37386	40
41	Rab2a	chr4	8535644	8607778	protein_coding	ENSMUSG00000047187	+	Rab2a	41
42	Gm11809	chr4	8672633	8673582	processed_pseudogene	ENSMUSG00000082122	-	Gm11809	42
43	Chd7	chr4	8690406	8867659	protein_coding	ENSMUSG00000041235	+	Chd7	43
44	Clvs1	chr4	9269293	9451691	protein_coding	ENSMUSG00000041216	+	Clvs1	44
45	Gm11816	chr4	9283972	9287391	lncRNA	ENSMUSG00000086233	-	Gm11816	45
46	Gm11817	chr4	9431961	9447199	lncRNA	ENSMUSG00000087564	-	Gm11817	46
47	Asph	chr4	9448069	9669344	protein_coding	ENSMUSG00000028207	-	Asph	47
48	4930412C18Rik	chr4	9770585	9823411	lncRNA	ENSMUSG00000085558	+	4930412C18Rik	48
49	Gdf6	chr4	9844372	9862345	protein_coding	ENSMUSG00000051279	+	Gdf6	49
50	Gm11835	chr4	9959354	9960016	processed_pseudogene	ENSMUSG00000082501	+	Gm11835	50
51	Gm11814	chr4	10438815	10439743	processed_pseudogene	ENSMUSG00000084215	-	Gm11814	51
52	1700123O12Rik	chr4	10479962	10797811	lncRNA	ENSMUSG00000086080	-	1700123O12Rik	52
53	Gm11815	chr4	10487956	10489362	lncRNA	ENSMUSG00000086455	-	Gm11815	53
54	Gm12918	chr4	10848420	10849055	processed_pseudogene	ENSMUSG00000066315	+	Gm12918	54
55	2610301B20Rik	chr4	10874498	10899425	protein_coding	ENSMUSG00000059482	+	2610301B20Rik	55
56	Plekhf2	chr4	10988662	11007927	protein_coding	ENSMUSG00000049969	-	Plekhf2	56
57	Ndufaf6	chr4	11051045	11076205	protein_coding	ENSMUSG00000050323	-	Ndufaf6	57
58	Gm11827	chr4	11122805	11126998	lncRNA	ENSMUSG00000086765	+	Gm11827	58
59	Gm11829	chr4	11133327	11133608	processed_pseudogene	ENSMUSG00000083025	+	Gm11829	59
60	Mir684-2	chr4	11134097	11134182	miRNA	ENSMUSG00000105333	+	Mir684-2	60
61	Trp53inp1	chr4	11156431	11174379	protein_coding	ENSMUSG00000028211	+	Trp53inp1	61
62	Ccne2	chr4	11191351	11204779	protein_coding	ENSMUSG00000028212	+	Ccne2	62
63	Ints8	chr4	11199158	11254258	protein_coding	ENSMUSG00000040738	-	Ints8	63
64	Dpy19l4	chr4	11261315	11322137	protein_coding	ENSMUSG00000045205	-	Dpy19l4	64
65	Gm22940	chr4	11279265	11279419	snRNA	ENSMUSG00000089185	-	Gm22940	65
66	Esrp1	chr4	11331933	11386783	protein_coding	ENSMUSG00000040728	-	Esrp1	66
67	Gm11821	chr4	11400346	11401324	processed_pseudogene	ENSMUSG00000081884	+	Gm11821	67
68	Virma	chr4	11485958	11550684	protein_coding	ENSMUSG00000040720	+	Virma	68
69	Gm11831	chr4	11501456	11502839	lncRNA	ENSMUSG00000086625	-	Gm11831	69
70	Rad54b	chr4	11558922	11615805	protein_coding	ENSMUSG00000078773	+	Rad54b	70
71	Fsbp	chr4	11579665	11587591	protein_coding	ENSMUSG00000094595	+	Fsbp	71
72	Gm11832	chr4	11611139	11615007	lncRNA	ENSMUSG00000086103	-	Gm11832	72
73	Gm11833	chr4	11649647	11650499	processed_pseudogene	ENSMUSG00000084046	-	Gm11833	73
74	Gem	chr4	11704457	11714752	protein_coding	ENSMUSG00000028214	+	Gem	74
75	Cdh17	chr4	11758147	11817895	protein_coding	ENSMUSG00000028217	+	Cdh17	75
76	Gm25002	chr4	11948887	11948950	miRNA	ENSMUSG00000080663	+	Gm25002	76
77	Pdp1	chr4	11958184	11966452	protein_coding	ENSMUSG00000049225	-	Pdp1	77
78	1700123M08Rik	chr4	11966565	11994280	lncRNA	ENSMUSG00000085614	+	1700123M08Rik	78
79	Gm11840	chr4	11999474	12009043	lncRNA	ENSMUSG00000085027	-	Gm11840	79
80	Gm11842	chr4	12027505	12040894	lncRNA	ENSMUSG00000085467	+	Gm11842	80
81	Tmem67	chr4	12039355	12090020	protein_coding	ENSMUSG00000049488	-	Tmem67	81
82	Rbm12b2	chr4	12089439	12096243	protein_coding	ENSMUSG00000052137	+	Rbm12b2	82
83	Gm11839	chr4	12114284	12116236	processed_pseudogene	ENSMUSG00000083246	+	Gm11839	83
84	Rbm12b1	chr4	12140264	12146731	protein_coding	ENSMUSG00000046667	+	Rbm12b1	84
85	Fam92a	chr4	12153409	12172015	protein_coding	ENSMUSG00000028218	-	Fam92a	85
86	Gm11846	chr4	12271399	12314583	lncRNA	ENSMUSG00000085909	+	Gm11846	86
87	Gm37985	chr4	12597388	12671843	TEC	ENSMUSG00000104211	+	Gm37985	87
88	Triqk	chr4	12906838	12983553	protein_coding	ENSMUSG00000055963	+	Triqk	88
89	Gm11820	chr4	13076140	13096806	lncRNA	ENSMUSG00000086227	+	Gm11820	89
90	Runx1t1	chr4	13743436	13893649	protein_coding	ENSMUSG00000006586	+	Runx1t1	90
91	Gm11823	chr4	13919954	13995193	lncRNA	ENSMUSG00000086927	-	Gm11823	91
92	1700120G11Rik	chr4	14219496	14237450	lncRNA	ENSMUSG00000086068	-	1700120G11Rik	92
93	Gm24908	chr4	14239618	14239744	snoRNA	ENSMUSG00000087919	+	Gm24908	93
94	Gm11836	chr4	14433891	14434331	processed_pseudogene	ENSMUSG00000081239	+	Gm11836	94
95	Slc26a7	chr4	14502430	14621805	protein_coding	ENSMUSG00000040569	-	Slc26a7	95
96	Lrrc69	chr4	14623620	14796060	protein_coding	ENSMUSG00000023151	-	Lrrc69	96
97	Otud6b	chr4	14809498	14826587	protein_coding	ENSMUSG00000040550	-	Otud6b	97
98	Pip4p2	chr4	14864076	14915176	protein_coding	ENSMUSG00000028221	+	Pip4p2	98
99	Gm11837	chr4	14929908	14953030	lncRNA	ENSMUSG00000086587	+	Gm11837	99
100	Necab1	chr4	14952245	15149794	protein_coding	ENSMUSG00000040536	-	Necab1	100
101	Gm11844	chr4	15022582	15031987	lncRNA	ENSMUSG00000087241	+	Gm11844	101
102	Tmem64	chr4	15265831	15286753	protein_coding	ENSMUSG00000043252	+	Tmem64	102
103	Gm11856	chr4	15486366	15486790	processed_pseudogene	ENSMUSG00000080869	+	Gm11856	103
104	Gm11855	chr4	15819074	15821370	processed_pseudogene	ENSMUSG00000081026	-	Gm11855	104
105	Gm24567	chr4	15819909	15820029	miRNA	ENSMUSG00000094515	+	Gm24567	105
106	Calb1	chr4	15881264	15908064	protein_coding	ENSMUSG00000028222	+	Calb1	106
107	Decr1	chr4	15917240	15945507	protein_coding	ENSMUSG00000028223	-	Decr1	107
108	Nbn	chr4	15957925	15992589	protein_coding	ENSMUSG00000028224	+	Nbn	108
109	Osgin2	chr4	15997121	16013888	protein_coding	ENSMUSG00000041153	-	Osgin2	109
110	Gm11870	chr4	16011005	16012326	processed_pseudogene	ENSMUSG00000084408	-	Gm11870	110
111	Ripk2	chr4	16122733	16163647	protein_coding	ENSMUSG00000041135	-	Ripk2	111
112	Gm22690	chr4	16129566	16129675	miRNA	ENSMUSG00000092795	-	Gm22690	112
113	A530072M11Rik	chr4	16164110	16266225	lncRNA	ENSMUSG00000085112	+	A530072M11Rik	113
114	Gm11865	chr4	16246269	16249514	processed_pseudogene	ENSMUSG00000083725	+	Gm11865	114
115	Gm37355	chr4	16384052	16384657	TEC	ENSMUSG00000103595	+	Gm37355	115
116	Gm11861	chr4	16464876	16509323	lncRNA	ENSMUSG00000086072	+	Gm11861	116
117	Gm24978	chr4	16675923	16676029	snRNA	ENSMUSG00000096423	+	Gm24978	117
118	Gm11862	chr4	16714944	16715602	processed_pseudogene	ENSMUSG00000083229	+	Gm11862	118
119	Gm11850	chr4	17045574	17046052	processed_pseudogene	ENSMUSG00000082552	-	Gm11850	119
120	Gm11851	chr4	17656675	17657963	lncRNA	ENSMUSG00000085478	-	Gm11851	120
121	Mmp16	chr4	17852893	18119145	protein_coding	ENSMUSG00000028226	+	Mmp16	121
122	Gm11860	chr4	18009218	18010227	processed_pseudogene	ENSMUSG00000083387	-	Gm11860	122
123	Gm11867	chr4	18407349	18891842	lncRNA	ENSMUSG00000087402	+	Gm11867	123
124	Gm11853	chr4	18472189	18474298	processed_pseudogene	ENSMUSG00000083660	+	Gm11853	124
125	Cnbd1	chr4	18860454	19122526	protein_coding	ENSMUSG00000073991	-	Cnbd1	125
126	Gm12392	chr4	18964564	18965501	processed_pseudogene	ENSMUSG00000083005	+	Gm12392	126
127	Cngb3	chr4	19280850	19510623	protein_coding	ENSMUSG00000056494	+	Cngb3	127
128	Cpne3	chr4	19519254	19570108	protein_coding	ENSMUSG00000028228	-	Cpne3	128
129	Rmdn1	chr4	19575162	19606932	protein_coding	ENSMUSG00000028229	+	Rmdn1	129
130	Gm12353	chr4	19605451	19651130	protein_coding	ENSMUSG00000078772	+	Gm12353	130
131	Wwp1	chr4	19608303	19708993	protein_coding	ENSMUSG00000041058	-	Wwp1	131
132	Gm12354	chr4	19716732	19720199	lncRNA	ENSMUSG00000086071	-	Gm12354	132
133	Slc7a13	chr4	19818725	19842218	protein_coding	ENSMUSG00000041052	+	Slc7a13	133
134	Atp6v0d2	chr4	19876841	19922605	protein_coding	ENSMUSG00000028238	-	Atp6v0d2	134
135	4930480G23Rik	chr4	19979445	19985388	lncRNA	ENSMUSG00000086332	-	4930480G23Rik	135
136	Ttpa	chr4	20007938	20030785	protein_coding	ENSMUSG00000073988	+	Ttpa	136
137	Ggh	chr4	20042052	20066750	protein_coding	ENSMUSG00000073987	+	Ggh	137
138	Nkain3	chr4	20118874	20778866	protein_coding	ENSMUSG00000055761	-	Nkain3	138
139	Gm11872	chr4	20343706	20347818	lncRNA	ENSMUSG00000086017	+	Gm11872	139
140	Gm11871	chr4	21009880	21010940	processed_pseudogene	ENSMUSG00000083315	-	Gm11871	140
141	Gm11875	chr4	21626380	21627178	processed_pseudogene	ENSMUSG00000083654	+	Gm11875	141
142	Gm11876	chr4	21671040	21671308	processed_pseudogene	ENSMUSG00000082672	+	Gm11876	142
143	Prdm13	chr4	21677480	21685963	protein_coding	ENSMUSG00000040478	-	Prdm13	143
144	Ccnc	chr4	21727701	21759922	protein_coding	ENSMUSG00000028252	+	Ccnc	144
145	Tstd3	chr4	21757382	21767212	protein_coding	ENSMUSG00000028251	-	Tstd3	145
146	Usp45	chr4	21767156	21837872	protein_coding	ENSMUSG00000040455	+	Usp45	146
147	Pnisr	chr4	21847583	21876475	protein_coding	ENSMUSG00000028248	+	Pnisr	147
148	Coq3	chr4	21879673	21912162	protein_coding	ENSMUSG00000028247	+	Coq3	148
149	Faxc	chr4	21931329	21996839	protein_coding	ENSMUSG00000028246	+	Faxc	149
150	Gm11885	chr4	22006762	22008189	processed_pseudogene	ENSMUSG00000080997	-	Gm11885	150
151	Fbxl4	chr4	22357543	22434091	protein_coding	ENSMUSG00000040410	+	Fbxl4	151
152	Gm37900	chr4	22408291	22412095	TEC	ENSMUSG00000103000	+	Gm37900	152
153	Pou3f2	chr4	22482780	22488366	protein_coding	ENSMUSG00000095139	-	Pou3f2	153
154	Gm30731	chr4	22490548	22493126	lncRNA	ENSMUSG00000107859	+	Gm30731	154
155	Gm11878	chr4	22519628	22520027	processed_pseudogene	ENSMUSG00000081810	+	Gm11878	155
156	Gm11879	chr4	22704057	22704758	processed_pseudogene	ENSMUSG00000080762	+	Gm11879	156
157	1700025O08Rik	chr4	22928167	22938435	lncRNA	ENSMUSG00000028244	-	1700025O08Rik	157
158	Gm11884	chr4	23260784	23392503	lncRNA	ENSMUSG00000087098	+	Gm11884	158
159	Gm11888	chr4	23484820	23486020	processed_pseudogene	ENSMUSG00000083785	+	Gm11888	159
160	Gm11889	chr4	23517362	23518440	processed_pseudogene	ENSMUSG00000082876	-	Gm11889	160
161	Gm28448	chr4	23933488	23933954	lncRNA	ENSMUSG00000100395	-	Gm28448	161
162	Gm11892	chr4	24238100	24239301	processed_pseudogene	ENSMUSG00000083154	+	Gm11892	162
163	Gm11891	chr4	24423477	24425192	processed_pseudogene	ENSMUSG00000081148	+	Gm11891	163
164	Gm27243	chr4	24430370	24430890	lncRNA	ENSMUSG00000099150	-	Gm27243	164
165	Mms22l	chr4	24496451	24602950	protein_coding	ENSMUSG00000045751	+	Mms22l	165
166	Klhl32	chr4	24612554	24851124	protein_coding	ENSMUSG00000040387	-	Klhl32	166
167	Gm11899	chr4	24792680	24800310	lncRNA	ENSMUSG00000087399	+	Gm11899	167
168	Ndufaf4	chr4	24898083	24905001	protein_coding	ENSMUSG00000028261	+	Ndufaf4	168
169	C230012O17Rik	chr4	24960790	24967449	lncRNA	ENSMUSG00000046219	-	C230012O17Rik	169
170	Gpr63	chr4	24966407	25009233	protein_coding	ENSMUSG00000040372	+	Gpr63	170
171	Gm11906	chr4	24966517	25271099	lncRNA	ENSMUSG00000085885	+	Gm11906	171
172	Fhl5	chr4	25199908	25242876	protein_coding	ENSMUSG00000028259	-	Fhl5	172
173	Ufl1	chr4	25248600	25281821	protein_coding	ENSMUSG00000040359	-	Ufl1	173
174	Prdx6-ps2	chr4	25307830	25308523	processed_pseudogene	ENSMUSG00000083737	+	Prdx6-ps2	174
175	Gm11897	chr4	25353702	25354529	processed_pseudogene	ENSMUSG00000081786	-	Gm11897	175
176	Gm11893	chr4	25541791	25542281	processed_pseudogene	ENSMUSG00000081789	-	Gm11893	176
177	Fut9	chr4	25609332	25800244	protein_coding	ENSMUSG00000055373	-	Fut9	177
178	Gm24042	chr4	25819671	25819773	snRNA	ENSMUSG00000065048	-	Gm24042	178
179	Gm11898	chr4	25854515	25854899	processed_pseudogene	ENSMUSG00000083835	-	Gm11898	179
180	Gm26067	chr4	25861239	25861348	miRNA	ENSMUSG00000076977	-	Gm26067	180
181	Gm11895	chr4	25867989	25868455	processed_pseudogene	ENSMUSG00000084018	-	Gm11895	181
182	Manea	chr4	26324506	26346891	protein_coding	ENSMUSG00000040520	-	Manea	182
183	Bhmt-ps1	chr4	26368984	26370207	processed_pseudogene	ENSMUSG00000096105	-	Bhmt-ps1	183
184	Gm11903	chr4	26442461	26443187	processed_pseudogene	ENSMUSG00000082573	+	Gm11903	184
185	Gm11905	chr4	26593490	26594167	processed_pseudogene	ENSMUSG00000082138	-	Gm11905	185
186	4930548K13Rik	chr4	26635820	26705449	lncRNA	ENSMUSG00000086257	-	4930548K13Rik	186
187	Gm25173	chr4	27700671	27700777	snRNA	ENSMUSG00000095003	+	Gm25173	187
188	Gm11911	chr4	28067177	28068199	processed_pseudogene	ENSMUSG00000082977	+	Gm11911	188
189	Gm11907	chr4	28353783	28354789	processed_pseudogene	ENSMUSG00000082703	+	Gm11907	189
190	Gm11908	chr4	28486112	28486458	processed_pseudogene	ENSMUSG00000082359	-	Gm11908	190
191	Epha7	chr4	28813131	28967499	protein_coding	ENSMUSG00000028289	+	Epha7	191
192	Gm11915	chr4	28814297	28815076	lncRNA	ENSMUSG00000086774	-	Gm11915	192
193	Gm11917	chr4	29068079	29088811	lncRNA	ENSMUSG00000087316	+	Gm11917	193
194	Gm11919	chr4	29195520	29196240	processed_pseudogene	ENSMUSG00000082486	+	Gm11919	194
195	Gm11924	chr4	30432112	30523783	lncRNA	ENSMUSG00000087180	+	Gm11924	195
196	4930556G01Rik	chr4	30664596	30796663	lncRNA	ENSMUSG00000085522	+	4930556G01Rik	196
197	Gm11920	chr4	30701973	30702535	processed_pseudogene	ENSMUSG00000082949	-	Gm11920	197
198	Map3k7	chr4	31964097	32023467	protein_coding	ENSMUSG00000028284	+	Map3k7	198
199	Gm26254	chr4	31998624	31998741	snRNA	ENSMUSG00000084440	-	Gm26254	199
200	Gm11927	chr4	32051738	32052914	processed_pseudogene	ENSMUSG00000082398	+	Gm11927	200
201	Gm11928	chr4	32149786	32150222	processed_pseudogene	ENSMUSG00000083872	+	Gm11928	201
202	Bach2	chr4	32238804	32586108	protein_coding	ENSMUSG00000040270	+	Bach2	202
203	Bach2it1	chr4	32251761	32265835	lncRNA	ENSMUSG00000087049	+	Bach2it1	203
204	Bach2os	chr4	32559680	32571708	lncRNA	ENSMUSG00000086150	-	Bach2os	204
205	Gja10	chr4	32596960	32602760	protein_coding	ENSMUSG00000051056	-	Gja10	205
206	Casp8ap2	chr4	32615451	32653265	protein_coding	ENSMUSG00000028282	+	Casp8ap2	206
207	Mdn1	chr4	32657119	32775217	protein_coding	ENSMUSG00000058006	+	Mdn1	207
208	Lyrm2	chr4	32800253	32801559	protein_coding	ENSMUSG00000045854	+	Lyrm2	208
209	Ankrd6	chr4	32804035	32950841	protein_coding	ENSMUSG00000040183	-	Ankrd6	209
210	Gm11941	chr4	32892686	32893295	processed_pseudogene	ENSMUSG00000083565	+	Gm11941	210
211	Gm11942	chr4	32964888	32965232	processed_pseudogene	ENSMUSG00000094344	+	Gm11942	211
212	Rragd	chr4	32983037	33022180	protein_coding	ENSMUSG00000028278	+	Rragd	212
213	4933421O10Rik	chr4	33027142	33031323	lncRNA	ENSMUSG00000085037	-	4933421O10Rik	213
214	Ube2j1	chr4	33031416	33052363	protein_coding	ENSMUSG00000028277	+	Ube2j1	214
215	Gabrr2	chr4	33062999	33095865	protein_coding	ENSMUSG00000023267	+	Gabrr2	215
216	Gabrr1	chr4	33132521	33163588	protein_coding	ENSMUSG00000028280	+	Gabrr1	216
217	Pm20d2	chr4	33174230	33189737	protein_coding	ENSMUSG00000054659	-	Pm20d2	217
218	Gm11930	chr4	33201764	33201953	processed_pseudogene	ENSMUSG00000083887	+	Gm11930	218
219	Srsf12	chr4	33208991	33233340	protein_coding	ENSMUSG00000054679	+	Srsf12	219
220	Pnrc1	chr4	33245423	33290163	protein_coding	ENSMUSG00000040128	-	Pnrc1	220
221	Gm11934	chr4	33303569	33310137	lncRNA	ENSMUSG00000086127	-	Gm11934	221
222	Rngtt	chr4	33310311	33502614	protein_coding	ENSMUSG00000028274	+	Rngtt	222
223	Mir8118	chr4	33438081	33438209	miRNA	ENSMUSG00000098310	+	Mir8118	223
224	Cnr1	chr4	33924593	33948831	protein_coding	ENSMUSG00000044288	+	Cnr1	224
225	Spaca1	chr4	34024874	34050191	protein_coding	ENSMUSG00000028264	-	Spaca1	225
226	Gm12753	chr4	34130854	34134800	lncRNA	ENSMUSG00000087602	+	Gm12753	226
227	Akirin2	chr4	34550937	34566908	protein_coding	ENSMUSG00000028291	+	Akirin2	227
228	Orc3	chr4	34570796	34614944	protein_coding	ENSMUSG00000040044	-	Orc3	228
229	Rars2	chr4	34614957	34660167	protein_coding	ENSMUSG00000028292	+	Rars2	229
230	Slc35a1	chr4	34663257	34687438	protein_coding	ENSMUSG00000028293	-	Slc35a1	230
231	Gm22849	chr4	34683879	34684185	misc_RNA	ENSMUSG00000088338	+	Gm22849	231
232	Cfap206	chr4	34688559	34730206	protein_coding	ENSMUSG00000028294	-	Cfap206	232
233	Gm136	chr4	34743784	34756263	protein_coding	ENSMUSG00000071015	-	Gm136	233
234	Smim8	chr4	34768664	34778423	protein_coding	ENSMUSG00000028295	-	Smim8	234
235	Zfp292	chr4	34803113	34882960	protein_coding	ENSMUSG00000039967	-	Zfp292	235
236	Cga	chr4	34893779	34907370	protein_coding	ENSMUSG00000028298	+	Cga	236
237	Platr9	chr4	34906124	34911481	lncRNA	ENSMUSG00000085824	-	Platr9	237
238	Gm12361	chr4	34919129	34920520	processed_pseudogene	ENSMUSG00000083956	+	Gm12361	238
239	Gm12362	chr4	34941008	34941349	processed_pseudogene	ENSMUSG00000082709	-	Gm12362	239
240	Mob3b	chr4	34949074	35157484	protein_coding	ENSMUSG00000073910	-	Mob3b	240
241	Gm12364	chr4	34962220	34966965	lncRNA	ENSMUSG00000086792	+	Gm12364	241
242	Ifnk	chr4	35152056	35154005	protein_coding	ENSMUSG00000042993	+	Ifnk	242
243	C9orf72	chr4	35191285	35226175	protein_coding	ENSMUSG00000028300	-	C9orf72	243
244	Gm12366	chr4	35202103	35202975	processed_pseudogene	ENSMUSG00000082762	-	Gm12366	244
245	Gm12367	chr4	35225897	35262222	lncRNA	ENSMUSG00000084828	+	Gm12367	245
246	Lingo2	chr4	35706647	36951747	protein_coding	ENSMUSG00000045083	-	Lingo2	246
247	Gm12370	chr4	36444070	36444875	processed_pseudogene	ENSMUSG00000084352	+	Gm12370	247
248	Mir876	chr4	36645373	36645453	miRNA	ENSMUSG00000077851	-	Mir876	248
249	Mir873a	chr4	36668510	36668586	miRNA	ENSMUSG00000078057	-	Mir873a	249
250	Mir873b	chr4	36668510	36668586	miRNA	ENSMUSG00000106425	+	Mir873b	250
251	Gm12371	chr4	36952966	36988032	lncRNA	ENSMUSG00000084898	+	Gm12371	251
252	Gm12374	chr4	37249403	37332515	lncRNA	ENSMUSG00000086026	+	Gm12374	252
253	Gm12375	chr4	37880081	37889918	processed_pseudogene	ENSMUSG00000083983	-	Gm12375	253
254	Gm12379	chr4	38028845	38029273	processed_pseudogene	ENSMUSG00000082899	+	Gm12379	254
255	Gm12380	chr4	38263918	38264461	processed_pseudogene	ENSMUSG00000084148	+	Gm12380	255
256	Gm12381	chr4	38571667	38855483	lncRNA	ENSMUSG00000085632	-	Gm12381	256
257	Gm23607	chr4	39295463	39295588	snoRNA	ENSMUSG00000077738	+	Gm23607	257
258	Gm17094	chr4	39398045	39450249	lncRNA	ENSMUSG00000090839	-	Gm17094	258
259	1700009N14Rik	chr4	39450295	39451776	protein_coding	ENSMUSG00000028287	+	1700009N14Rik	259
260	Gm12386	chr4	39844187	39844874	processed_pseudogene	ENSMUSG00000082022	-	Gm12386	260
261	Gm12388	chr4	40069101	40070987	processed_pseudogene	ENSMUSG00000083202	+	Gm12388	261
262	Aco1	chr4	40143081	40198338	protein_coding	ENSMUSG00000028405	+	Aco1	262
263	Ddx58	chr4	40203773	40239828	protein_coding	ENSMUSG00000040296	-	Ddx58	263
264	Topors	chr4	40259601	40269850	protein_coding	ENSMUSG00000036822	-	Topors	264
265	Smim27	chr4	40269579	40270940	protein_coding	ENSMUSG00000028407	+	Smim27	265
266	Ndufb6	chr4	40270591	40279421	protein_coding	ENSMUSG00000071014	-	Ndufb6	266
267	4930509K18Rik	chr4	40313232	40317719	lncRNA	ENSMUSG00000087137	+	4930509K18Rik	267
268	Gm23338	chr4	40458939	40459033	snoRNA	ENSMUSG00000089585	-	Gm23338	268
269	Tmem215	chr4	40472180	40477168	protein_coding	ENSMUSG00000046593	+	Tmem215	269
270	4933428C19Rik	chr4	40482840	40525548	lncRNA	ENSMUSG00000086355	-	4933428C19Rik	270
271	Aptx	chr4	40682382	40703194	protein_coding	ENSMUSG00000028411	-	Aptx	271
272	Dnaja1	chr4	40722150	40737149	protein_coding	ENSMUSG00000028410	+	Dnaja1	272
273	Smu1	chr4	40736542	40757923	protein_coding	ENSMUSG00000028409	-	Smu1	273
274	Gm12396	chr4	40775259	40775564	processed_pseudogene	ENSMUSG00000056412	-	Gm12396	274
275	B4galt1	chr4	40804602	40854005	protein_coding	ENSMUSG00000028413	-	B4galt1	275
276	Spink4	chr4	40920052	40931395	protein_coding	ENSMUSG00000028415	+	Spink4	276
277	Bag1	chr4	40936398	40948294	protein_coding	ENSMUSG00000028416	-	Bag1	277
278	Chmp5	chr4	40948407	40965303	protein_coding	ENSMUSG00000028419	+	Chmp5	278
279	Nfx1	chr4	40970906	41025993	protein_coding	ENSMUSG00000028423	+	Nfx1	279
280	Aqp7	chr4	41033074	41048139	protein_coding	ENSMUSG00000028427	-	Aqp7	280
281	Aqp3	chr4	41092722	41098183	protein_coding	ENSMUSG00000028435	-	Aqp3	281
282	Nol6	chr4	41114427	41124455	protein_coding	ENSMUSG00000028430	-	Nol6	282
283	Ube2r2	chr4	41135743	41193380	protein_coding	ENSMUSG00000036241	+	Ube2r2	283
284	Gm12403	chr4	41168646	41169604	processed_pseudogene	ENSMUSG00000082186	+	Gm12403	284
285	Ubap2	chr4	41194313	41275144	protein_coding	ENSMUSG00000028433	-	Ubap2	285
286	Gm22888	chr4	41203057	41203133	snoRNA	ENSMUSG00000089265	-	Gm22888	286
287	Dcaf12	chr4	41291300	41314889	protein_coding	ENSMUSG00000028436	-	Dcaf12	287
288	n-R5s183	chr4	41303158	41303272	rRNA	ENSMUSG00000065873	+	n-R5s183	288
289	Gm26049	chr4	41312091	41312198	snRNA	ENSMUSG00000087938	-	Gm26049	289
290	Ubap1	chr4	41348996	41390525	protein_coding	ENSMUSG00000028437	+	Ubap1	290
291	Kif24	chr4	41390745	41464887	protein_coding	ENSMUSG00000028438	-	Kif24	291
292	Nudt2	chr4	41465151	41480926	protein_coding	ENSMUSG00000028443	+	Nudt2	292
293	Myorg	chr4	41495604	41503076	protein_coding	ENSMUSG00000046312	-	Myorg	293
294	1110017D15Rik	chr4	41505009	41517333	protein_coding	ENSMUSG00000028441	-	1110017D15Rik	294
295	Fam219aos	chr4	41517437	41518929	lncRNA	ENSMUSG00000036162	+	Fam219aos	295
296	Fam219a	chr4	41517691	41569538	protein_coding	ENSMUSG00000028439	-	Fam219a	296
297	Gm12404	chr4	41520694	41525823	lncRNA	ENSMUSG00000087623	+	Gm12404	297
298	Dnaic1	chr4	41569775	41638158	protein_coding	ENSMUSG00000061322	+	Dnaic1	298
299	Enho	chr4	41638144	41640324	protein_coding	ENSMUSG00000028445	-	Enho	299
300	Gm12406	chr4	41639378	41641416	lncRNA	ENSMUSG00000084761	+	Gm12406	300
301	Gm12405	chr4	41642185	41643077	lncRNA	ENSMUSG00000087054	+	Gm12405	301
302	Cntfr	chr4	41657498	41697089	protein_coding	ENSMUSG00000028444	-	Cntfr	302
303	Il11ra1	chr4	41699989	41769474	protein_coding	ENSMUSG00000073889	+	Il11ra1	303
304	Rpp25l	chr4	41712033	41713534	protein_coding	ENSMUSG00000036114	-	Rpp25l	304
305	Dctn3	chr4	41714798	41723170	protein_coding	ENSMUSG00000028447	-	Dctn3	305
306	Arid3c	chr4	41723836	41731142	protein_coding	ENSMUSG00000066224	-	Arid3c	306
307	Sigmar1	chr4	41738493	41756157	protein_coding	ENSMUSG00000036078	-	Sigmar1	307
308	Galt	chr4	41755228	41758695	protein_coding	ENSMUSG00000036073	+	Galt	308
309	Ccl27a	chr4	41769467	41774247	protein_coding	ENSMUSG00000073888	-	Ccl27a	309
310	Gm12407	chr4	41791989	41793601	unprocessed_pseudogene	ENSMUSG00000095298	-	Gm12407	310
311	Gm10601	chr4	41809083	41810504	unprocessed_pseudogene	ENSMUSG00000082962	+	Gm10601	311
312	Gm13307	chr4	41893278	41942092	lncRNA	ENSMUSG00000085730	-	Gm13307	312
313	Gm13302	chr4	41893388	41895236	unprocessed_pseudogene	ENSMUSG00000084010	+	Gm13302	313
314	Gm20878	chr4	41941572	41943124	protein_coding	ENSMUSG00000078747	+	Gm20878	314
315	Fam205a4	chr4	41966058	41971856	protein_coding	ENSMUSG00000078746	+	Fam205a4	315
316	Gm13303	chr4	42025429	42026902	unprocessed_pseudogene	ENSMUSG00000082414	-	Gm13303	316
317	Gm21093	chr4	42027873	42035425	unprocessed_pseudogene	ENSMUSG00000096256	-	Gm21093	317
318	Gm37530	chr4	42034581	42039512	TEC	ENSMUSG00000103694	+	Gm37530	318
319	Gm3892	chr4	42055152	42089708	lncRNA	ENSMUSG00000095348	+	Gm3892	319
320	Gm13299	chr4	42121613	42153435	lncRNA	ENSMUSG00000087577	-	Gm13299	320
321	Gm13306	chr4	42153436	42158839	protein_coding	ENSMUSG00000073877	+	Gm13306	321
322	Gm17167	chr4	42206998	42235313	lncRNA	ENSMUSG00000091542	+	Gm17167	322
323	AL824709.1	chr4	42216908	42220148	transcribed_unprocessed_pseudogene	ENSMUSG00000118434	+	AL824709.1	323
324	Gm10600	chr4	42232136	42233438	transcribed_unprocessed_pseudogene	ENSMUSG00000083929	+	Gm10600	324
325	Gm13301	chr4	42234014	42236297	transcribed_unprocessed_pseudogene	ENSMUSG00000096862	+	Gm13301	325
326	AL844494.1	chr4	42245504	42247349	transcribed_unprocessed_pseudogene	ENSMUSG00000118425	+	AL844494.1	326
327	Fam205a3	chr4	42318272	42324068	protein_coding	ENSMUSG00000093996	+	Fam205a3	327
328	Fam205a2	chr4	42522580	42528175	protein_coding	ENSMUSG00000094066	-	Fam205a2	328
329	Gm10593	chr4	42552478	42587038	transcribed_unprocessed_pseudogene	ENSMUSG00000095258	+	Gm10593	329
330	Il11ra2	chr4	42656001	42665763	protein_coding	ENSMUSG00000078735	-	Il11ra2	330
331	4930578G10Rik	chr4	42735545	42846248	protein_coding	ENSMUSG00000054885	+	4930578G10Rik	331
332	Ccl21a	chr4	42772860	42773993	protein_coding	ENSMUSG00000094686	-	Ccl21a	332
333	Gm12394	chr4	42781928	42856771	protein_coding	ENSMUSG00000078722	-	Gm12394	333
334	Fam205a1	chr4	42848071	42853888	protein_coding	ENSMUSG00000078721	-	Fam205a1	334
335	Fam205c	chr4	42868004	42874234	protein_coding	ENSMUSG00000050141	-	Fam205c	335
336	Phf24	chr4	42916660	42944752	protein_coding	ENSMUSG00000036062	+	Phf24	336
337	Dnajb5	chr4	42949814	42959425	protein_coding	ENSMUSG00000036052	+	Dnajb5	337
338	1700022I11Rik	chr4	42969604	42983640	protein_coding	ENSMUSG00000028451	+	1700022I11Rik	338
339	Vcp	chr4	42979963	43000507	protein_coding	ENSMUSG00000028452	-	Vcp	339
340	Fancg	chr4	43002343	43010506	protein_coding	ENSMUSG00000028453	-	Fancg	340
341	Pigo	chr4	43017635	43025819	protein_coding	ENSMUSG00000028454	-	Pigo	341
342	Stoml2	chr4	43027690	43031710	protein_coding	ENSMUSG00000028455	-	Stoml2	342
343	Fam214b	chr4	43032414	43046220	protein_coding	ENSMUSG00000036002	-	Fam214b	343
344	Gm26881	chr4	43045966	43053254	lncRNA	ENSMUSG00000096974	+	Gm26881	344
345	Unc13b	chr4	43058953	43264871	protein_coding	ENSMUSG00000028456	+	Unc13b	345
346	Gm25010	chr4	43201149	43201213	snRNA	ENSMUSG00000089028	-	Gm25010	346
347	Atp8b5	chr4	43267159	43373833	protein_coding	ENSMUSG00000028457	+	Atp8b5	347
348	Rusc2	chr4	43381979	43427088	protein_coding	ENSMUSG00000035969	+	Rusc2	348
349	Fam166b	chr4	43427019	43429134	protein_coding	ENSMUSG00000042788	-	Fam166b	349
350	Tesk1	chr4	43441939	43448064	protein_coding	ENSMUSG00000028458	+	Tesk1	350
351	Cd72	chr4	43446462	43454628	protein_coding	ENSMUSG00000028459	-	Cd72	351
352	Sit1	chr4	43482081	43483734	protein_coding	ENSMUSG00000028460	-	Sit1	352
353	Ccdc107	chr4	43492900	43495921	protein_coding	ENSMUSG00000028461	+	Ccdc107	353
354	Arhgef39	chr4	43496142	43499695	protein_coding	ENSMUSG00000051517	-	Arhgef39	354
355	Gm12454	chr4	43504428	43508747	lncRNA	ENSMUSG00000087142	-	Gm12454	355
356	Car9	chr4	43506966	43513729	protein_coding	ENSMUSG00000028463	+	Car9	356
357	Tpm2	chr4	43514711	43523765	protein_coding	ENSMUSG00000028464	-	Tpm2	357
358	Tln1	chr4	43531519	43562691	protein_coding	ENSMUSG00000028465	-	Tln1	358
359	Creb3	chr4	43562332	43567060	protein_coding	ENSMUSG00000028466	+	Creb3	359
360	Gba2	chr4	43566928	43578873	protein_coding	ENSMUSG00000028467	-	Gba2	360
361	Rgp1	chr4	43578715	43587487	protein_coding	ENSMUSG00000028468	+	Rgp1	361
362	Gm12472	chr4	43588072	43608755	lncRNA	ENSMUSG00000085351	+	Gm12472	362
363	Gm12473	chr4	43631539	43641533	lncRNA	ENSMUSG00000086043	-	Gm12473	363
364	Npr2	chr4	43631935	43651244	protein_coding	ENSMUSG00000028469	+	Npr2	364
365	Spag8	chr4	43651335	43653594	protein_coding	ENSMUSG00000066196	-	Spag8	365
366	Hint2	chr4	43654227	43656466	protein_coding	ENSMUSG00000028470	-	Hint2	366
367	Fam221b	chr4	43659622	43669145	protein_coding	ENSMUSG00000043633	-	Fam221b	367
368	Gm12481	chr4	43664043	43664339	processed_pseudogene	ENSMUSG00000043770	+	Gm12481	368
369	Tmem8b	chr4	43668971	43692668	protein_coding	ENSMUSG00000078716	+	Tmem8b	369
370	Olfr70	chr4	43694784	43700807	protein_coding	ENSMUSG00000050215	-	Olfr70	370
371	Olfr71	chr4	43704562	43710255	protein_coding	ENSMUSG00000046450	-	Olfr71	371
372	Hrct1	chr4	43727188	43728639	protein_coding	ENSMUSG00000071001	+	Hrct1	372
373	Spaar	chr4	43730034	43759462	protein_coding	ENSMUSG00000028475	+	Spaar	373
374	Olfr156	chr4	43820132	43823895	protein_coding	ENSMUSG00000110970	-	Olfr156	374
375	Olfr157	chr4	43830542	43840201	protein_coding	ENSMUSG00000111611	-	Olfr157	375
376	Olfr155	chr4	43851565	43857595	protein_coding	ENSMUSG00000071000	+	Olfr155	376
377	Reck	chr4	43875530	43944806	protein_coding	ENSMUSG00000028476	+	Reck	377
378	Gm27265	chr4	43905078	43905154	misc_RNA	ENSMUSG00000099252	+	Gm27265	378
379	Glipr2	chr4	43957401	43979118	protein_coding	ENSMUSG00000028480	+	Glipr2	379
380	Clta	chr4	44004452	44032846	protein_coding	ENSMUSG00000028478	+	Clta	380
381	Gne	chr4	44034075	44084177	protein_coding	ENSMUSG00000028479	-	Gne	381
382	Gm22706	chr4	44081289	44081400	snRNA	ENSMUSG00000088532	-	Gm22706	382
383	Gm12503	chr4	44092632	44109311	lncRNA	ENSMUSG00000087326	+	Gm12503	383
384	Gm12504	chr4	44121893	44124123	transcribed_processed_pseudogene	ENSMUSG00000084274	+	Gm12504	384
385	Rnf38	chr4	44126210	44233789	protein_coding	ENSMUSG00000035696	-	Rnf38	385
386	Mir5106	chr4	44221195	44221267	miRNA	ENSMUSG00000092677	-	Mir5106	386
387	Melk	chr4	44300876	44364675	protein_coding	ENSMUSG00000035683	+	Melk	387
388	Gm12677	chr4	44313427	44314058	processed_pseudogene	ENSMUSG00000081127	-	Gm12677	388
389	Gm24376	chr4	44412469	44412595	snoRNA	ENSMUSG00000077587	-	Gm24376	389
390	Pax5	chr4	44524757	44710487	protein_coding	ENSMUSG00000014030	-	Pax5	390
391	Gm12462	chr4	44664415	44685347	lncRNA	ENSMUSG00000086211	+	Gm12462	391
392	4930517J16Rik	chr4	44669330	44670897	TEC	ENSMUSG00000102880	+	4930517J16Rik	392
393	5730488B01Rik	chr4	44702800	44705110	TEC	ENSMUSG00000103995	+	5730488B01Rik	393
394	Gm12463	chr4	44752277	44753125	processed_pseudogene	ENSMUSG00000080916	-	Gm12463	394
395	Zcchc7	chr4	44755877	44932215	protein_coding	ENSMUSG00000035649	+	Zcchc7	395
396	Gm22639	chr4	44865307	44865431	miRNA	ENSMUSG00000094842	+	Gm22639	396
397	Gm12678	chr4	44943753	44948330	lncRNA	ENSMUSG00000084854	+	Gm12678	397
398	Gm12493	chr4	44967769	44971096	lncRNA	ENSMUSG00000086000	+	Gm12493	398
399	Gm12679	chr4	44970576	44978319	lncRNA	ENSMUSG00000086205	-	Gm12679	399
400	Grhpr	chr4	44981395	44990734	protein_coding	ENSMUSG00000035637	+	Grhpr	400
401	Zbtb5	chr4	44991242	45012412	protein_coding	ENSMUSG00000049657	-	Zbtb5	401
402	1700055D18Rik	chr4	45011687	45015406	lncRNA	ENSMUSG00000070997	+	1700055D18Rik	402
403	Polr1e	chr4	45018583	45036565	protein_coding	ENSMUSG00000028318	+	Polr1e	403
404	Fbxo10	chr4	45034247	45084604	protein_coding	ENSMUSG00000048232	-	Fbxo10	404
405	Tomm5	chr4	45105208	45108114	protein_coding	ENSMUSG00000078713	-	Tomm5	405
406	Frmpd1	chr4	45184875	45285936	protein_coding	ENSMUSG00000035615	+	Frmpd1	406
407	Frmpd1os	chr4	45234723	45243990	lncRNA	ENSMUSG00000086284	-	Frmpd1os	407
408	Trmt10b	chr4	45297127	45316131	protein_coding	ENSMUSG00000035601	+	Trmt10b	408
409	Exosc3	chr4	45316613	45342732	protein_coding	ENSMUSG00000028322	-	Exosc3	409
410	Dcaf10	chr4	45342101	45379759	protein_coding	ENSMUSG00000035572	+	Dcaf10	410
411	Slc25a51	chr4	45395923	45408766	protein_coding	ENSMUSG00000045973	-	Slc25a51	411
412	Gm25692	chr4	45396994	45397118	miRNA	ENSMUSG00000093185	-	Gm25692	412
413	Shb	chr4	45423278	45532470	protein_coding	ENSMUSG00000044813	-	Shb	413
414	Gm12411	chr4	45550017	45550499	processed_pseudogene	ENSMUSG00000081559	+	Gm12411	414
415	Gm829	chr4	45683589	45723338	lncRNA	ENSMUSG00000073860	+	Gm829	415
416	Gm12410	chr4	45715169	45716421	lncRNA	ENSMUSG00000085305	+	Gm12410	416
417	Gm12409	chr4	45762377	45764223	lncRNA	ENSMUSG00000085876	-	Gm12409	417
418	Aldh1b1	chr4	45799022	45804604	protein_coding	ENSMUSG00000035561	+	Aldh1b1	418
419	Igfbpl1	chr4	45809468	45826923	protein_coding	ENSMUSG00000035551	-	Igfbpl1	419
420	Stra6l	chr4	45848664	45887008	protein_coding	ENSMUSG00000028327	+	Stra6l	420
421	Ccdc180	chr4	45890303	45950774	protein_coding	ENSMUSG00000035539	+	Ccdc180	421
422	Tdrd7	chr4	45965334	46034761	protein_coding	ENSMUSG00000035517	+	Tdrd7	422
423	Tmod1	chr4	46038935	46116032	protein_coding	ENSMUSG00000028328	+	Tmod1	423
424	Tstd2	chr4	46114746	46138694	protein_coding	ENSMUSG00000035495	-	Tstd2	424
425	Gm23250	chr4	46118180	46118446	misc_RNA	ENSMUSG00000088069	+	Gm23250	425
426	Ncbp1	chr4	46138613	46172403	protein_coding	ENSMUSG00000028330	+	Ncbp1	426
427	Xpa	chr4	46155347	46196311	protein_coding	ENSMUSG00000028329	-	Xpa	427
428	Gm12446	chr4	46300007	46345515	lncRNA	ENSMUSG00000087383	-	Gm12446	428
429	Gm12447	chr4	46327296	46327765	processed_pseudogene	ENSMUSG00000080816	+	Gm12447	429
430	Trmo	chr4	46376505	46389437	protein_coding	ENSMUSG00000028331	-	Trmo	430
431	Hemgn	chr4	46393989	46413506	protein_coding	ENSMUSG00000028332	-	Hemgn	431
432	Gm12443	chr4	46419980	46420302	processed_pseudogene	ENSMUSG00000082242	-	Gm12443	432
433	Anp32b	chr4	46450902	46472657	protein_coding	ENSMUSG00000028333	+	Anp32b	433
434	Nans	chr4	46489248	46503632	protein_coding	ENSMUSG00000028334	+	Nans	434
435	Trim14	chr4	46493781	46536141	protein_coding	ENSMUSG00000039853	-	Trim14	435
436	Gm22247	chr4	46495155	46495285	snoRNA	ENSMUSG00000064410	+	Gm22247	436
437	Gm16731	chr4	46535901	46539802	lncRNA	ENSMUSG00000085990	+	Gm16731	437
438	Coro2a	chr4	46536937	46602202	protein_coding	ENSMUSG00000028337	-	Coro2a	438
439	Tbc1d2	chr4	46604390	46650209	protein_coding	ENSMUSG00000039813	-	Tbc1d2	439
440	Gabbr2	chr4	46662305	46991873	protein_coding	ENSMUSG00000039809	-	Gabbr2	440
441	Gm568	chr4	47008316	47010781	lncRNA	ENSMUSG00000048824	-	Gm568	441
442	Anks6	chr4	47015669	47057427	protein_coding	ENSMUSG00000066191	-	Anks6	442
443	Galnt12	chr4	47091909	47123070	protein_coding	ENSMUSG00000039774	+	Galnt12	443
444	Gm12426	chr4	47197487	47208459	lncRNA	ENSMUSG00000087500	-	Gm12426	444
445	Col15a1	chr4	47208161	47313167	protein_coding	ENSMUSG00000028339	+	Col15a1	445
446	Tgfbr1	chr4	47353222	47414931	protein_coding	ENSMUSG00000007613	+	Tgfbr1	446
447	Alg2	chr4	47465067	47474333	protein_coding	ENSMUSG00000039740	-	Alg2	447
448	Sec61b	chr4	47474658	47483242	protein_coding	ENSMUSG00000053317	+	Sec61b	448
449	Gm27601	chr4	47593337	47593463	misc_RNA	ENSMUSG00000098999	+	Gm27601	449
450	Gm38343	chr4	47827224	47927365	TEC	ENSMUSG00000102450	-	Gm38343	450
451	Gm12434	chr4	47996456	47998261	lncRNA	ENSMUSG00000085660	+	Gm12434	451
452	Nr4a3	chr4	48045153	48086447	protein_coding	ENSMUSG00000028341	+	Nr4a3	452
453	Stx17	chr4	48124915	48186507	protein_coding	ENSMUSG00000061455	+	Stx17	453
454	Erp44	chr4	48193323	48279558	protein_coding	ENSMUSG00000028343	-	Erp44	454
455	Invs	chr4	48279760	48431954	protein_coding	ENSMUSG00000028344	+	Invs	455
456	Gm12435	chr4	48344215	48345230	processed_pseudogene	ENSMUSG00000081953	-	Gm12435	456
457	Tex10	chr4	48430858	48473459	protein_coding	ENSMUSG00000028345	-	Tex10	457
458	Msantd3	chr4	48539935	48561919	protein_coding	ENSMUSG00000039693	+	Msantd3	458
459	Tmeff1	chr4	48585174	48663131	protein_coding	ENSMUSG00000028347	+	Tmeff1	459
460	Cavin4	chr4	48663514	48673502	protein_coding	ENSMUSG00000028348	+	Cavin4	460
461	Gm12439	chr4	48675156	48675520	processed_pseudogene	ENSMUSG00000080850	+	Gm12439	461
462	Gm12436	chr4	48898593	48963237	lncRNA	ENSMUSG00000084787	+	Gm12436	462
463	Plppr1	chr4	49059273	49340259	protein_coding	ENSMUSG00000063446	+	Plppr1	463
464	Acnat2	chr4	49379840	49408151	protein_coding	ENSMUSG00000060317	-	Acnat2	464
465	Gm12451	chr4	49396112	49407732	unprocessed_pseudogene	ENSMUSG00000082725	+	Gm12451	465
466	Acnat1	chr4	49447105	49473912	protein_coding	ENSMUSG00000070985	-	Acnat1	466
467	Baat	chr4	49489422	49506557	protein_coding	ENSMUSG00000039653	-	Baat	467
468	Mrpl50	chr4	49512596	49521093	protein_coding	ENSMUSG00000044018	-	Mrpl50	468
469	Zfp189	chr4	49521176	49531517	protein_coding	ENSMUSG00000039634	+	Zfp189	469
470	Aldob	chr4	49535995	49549546	protein_coding	ENSMUSG00000028307	-	Aldob	470
471	Tmem246	chr4	49584506	49597876	protein_coding	ENSMUSG00000039611	-	Tmem246	471
472	Rnf20	chr4	49632006	49656887	protein_coding	ENSMUSG00000028309	+	Rnf20	472
473	Grin3a	chr4	49661611	49845744	protein_coding	ENSMUSG00000039579	-	Grin3a	473
474	Ppp3r2	chr4	49678747	49682024	protein_coding	ENSMUSG00000028310	-	Ppp3r2	474
475	Gm12459	chr4	49746731	49747246	processed_pseudogene	ENSMUSG00000083153	-	Gm12459	475
476	Gm12460	chr4	51190107	51190463	processed_pseudogene	ENSMUSG00000084116	+	Gm12460	476
477	Cylc2	chr4	51216678	51250622	protein_coding	ENSMUSG00000039555	+	Cylc2	477
478	Gm24943	chr4	51799920	51800352	ribozyme	ENSMUSG00000088954	+	Gm24943	478
479	C630028M04Rik	chr4	51968094	52051110	lncRNA	ENSMUSG00000085515	-	C630028M04Rik	479
480	Smc2os	chr4	52430285	52438965	lncRNA	ENSMUSG00000085763	-	Smc2os	480
481	Smc2	chr4	52439243	52488260	protein_coding	ENSMUSG00000028312	+	Smc2	481
482	Toporsl	chr4	52596274	52612430	protein_coding	ENSMUSG00000028314	+	Toporsl	482
483	Olfr275	chr4	52814604	52828269	protein_coding	ENSMUSG00000089717	+	Olfr275	483
484	Olfr274-ps1	chr4	52842198	52843046	unprocessed_pseudogene	ENSMUSG00000110940	-	Olfr274-ps1	484
485	Olfr273	chr4	52852154	52859236	protein_coding	ENSMUSG00000049648	-	Olfr273	485
486	Olfr272	chr4	52910207	52919178	protein_coding	ENSMUSG00000051593	-	Olfr272	486
487	Olfr271-ps1	chr4	52935430	52936381	polymorphic_pseudogene	ENSMUSG00000082216	-	Olfr271-ps1	487
488	Olfr270	chr4	52964547	52972474	protein_coding	ENSMUSG00000070983	+	Olfr270	488
489	Nipsnap3a	chr4	52989272	53001162	protein_coding	ENSMUSG00000015242	+	Nipsnap3a	489
490	Nipsnap3b	chr4	53011880	53022060	protein_coding	ENSMUSG00000015247	+	Nipsnap3b	490
491	Abca1	chr4	53030787	53159895	protein_coding	ENSMUSG00000015243	-	Abca1	491
492	4930412L05Rik	chr4	53205066	53217857	lncRNA	ENSMUSG00000087192	-	4930412L05Rik	492
493	4930522O17Rik	chr4	53246196	53251115	lncRNA	ENSMUSG00000086947	+	4930522O17Rik	493
494	AI427809	chr4	53261356	53270232	lncRNA	ENSMUSG00000086712	-	AI427809	494
495	Gm12495	chr4	53308226	53308672	processed_pseudogene	ENSMUSG00000083735	+	Gm12495	495
496	Gm12496	chr4	53401948	53404030	lncRNA	ENSMUSG00000086267	-	Gm12496	496
497	Slc44a1	chr4	53440413	53622478	protein_coding	ENSMUSG00000028412	+	Slc44a1	497
498	1700060J05Rik	chr4	53562983	53564697	lncRNA	ENSMUSG00000084970	-	1700060J05Rik	498
499	Fsd1l	chr4	53631471	53707009	protein_coding	ENSMUSG00000054752	+	Fsd1l	499
500	Gm12470	chr4	53662296	53663344	processed_pseudogene	ENSMUSG00000081516	+	Gm12470	500
501	Fktn	chr4	53713998	53777890	protein_coding	ENSMUSG00000028414	+	Fktn	501
502	Tal2	chr4	53779705	53788712	protein_coding	ENSMUSG00000028417	+	Tal2	502
503	Rps15a-ps8	chr4	53791070	53791456	processed_pseudogene	ENSMUSG00000084403	-	Rps15a-ps8	503
504	Tmem38b	chr4	53826045	53862019	protein_coding	ENSMUSG00000028420	+	Tmem38b	504
505	n-R5s185	chr4	53860652	53860770	rRNA	ENSMUSG00000065887	+	n-R5s185	505
506	Gm12484	chr4	54151831	54163678	lncRNA	ENSMUSG00000086987	-	Gm12484	506
507	Gm29067	chr4	54645811	54646280	lncRNA	ENSMUSG00000099421	-	Gm29067	507
508	Gm12478	chr4	54646542	54689451	lncRNA	ENSMUSG00000086371	+	Gm12478	508
509	Gm12480	chr4	54651903	54656077	lncRNA	ENSMUSG00000087077	+	Gm12480	509
510	Gm12479	chr4	54853128	54854712	processed_pseudogene	ENSMUSG00000082111	+	Gm12479	510
511	Zfp462	chr4	54945048	55083563	protein_coding	ENSMUSG00000060206	+	Zfp462	511
512	Gm12514	chr4	55131208	55279479	lncRNA	ENSMUSG00000087614	-	Gm12514	512
513	Gm12509	chr4	55163008	55163616	processed_pseudogene	ENSMUSG00000081177	+	Gm12509	513
514	Gm25419	chr4	55299655	55299845	snoRNA	ENSMUSG00000077403	-	Gm25419	514
515	Rad23b	chr4	55350043	55392237	protein_coding	ENSMUSG00000028426	+	Rad23b	515
516	Gm12516	chr4	55392317	55392701	processed_pseudogene	ENSMUSG00000084144	-	Gm12516	516
517	Gm12505	chr4	55410443	55418842	lncRNA	ENSMUSG00000087070	-	Gm12505	517
518	Gm12510	chr4	55450684	55465814	lncRNA	ENSMUSG00000086346	-	Gm12510	518
519	Gm22150	chr4	55469025	55469159	snoRNA	ENSMUSG00000077635	-	Gm22150	519
520	Klf4	chr4	55527143	55532466	protein_coding	ENSMUSG00000003032	-	Klf4	520
521	Gm12511	chr4	55563265	55599296	lncRNA	ENSMUSG00000066176	+	Gm12511	521
522	Gm12506	chr4	55605149	55636901	lncRNA	ENSMUSG00000085375	+	Gm12506	522
523	Gm12519	chr4	55969023	55993739	lncRNA	ENSMUSG00000085643	-	Gm12519	523
524	2310081O03Rik	chr4	56220617	56224521	lncRNA	ENSMUSG00000085020	-	2310081O03Rik	524
525	Gm12518	chr4	56387802	56388580	processed_pseudogene	ENSMUSG00000082613	+	Gm12518	525
526	Actl7b	chr4	56740005	56741443	protein_coding	ENSMUSG00000070980	-	Actl7b	526
527	Elp1	chr4	56749680	56802331	protein_coding	ENSMUSG00000028431	-	Elp1	527
528	Gm22952	chr4	56761922	56762041	snoRNA	ENSMUSG00000080370	-	Gm22952	528
529	Abitram	chr4	56802345	56809601	protein_coding	ENSMUSG00000038827	+	Abitram	529
530	Ctnnal1	chr4	56810935	56865188	protein_coding	ENSMUSG00000038816	-	Ctnnal1	530
531	Tmem245	chr4	56866923	56947437	protein_coding	ENSMUSG00000055296	-	Tmem245	531
532	Mir32	chr4	56895229	56895298	miRNA	ENSMUSG00000065544	-	Mir32	532
533	Gm25053	chr4	56897625	56897757	snoRNA	ENSMUSG00000099002	-	Gm25053	533
534	Frrs1l	chr4	56957173	56990391	protein_coding	ENSMUSG00000045589	-	Frrs1l	534
535	Epb41l4b	chr4	56991972	57143437	protein_coding	ENSMUSG00000028434	-	Epb41l4b	535
536	Gm12530	chr4	57172071	57176554	lncRNA	ENSMUSG00000085967	+	Gm12530	536
537	Ptpn3	chr4	57190841	57301837	protein_coding	ENSMUSG00000038764	-	Ptpn3	537
538	Gm12536	chr4	57300096	57307305	lncRNA	ENSMUSG00000085654	+	Gm12536	538
539	1700042G15Rik	chr4	57360868	57364292	lncRNA	ENSMUSG00000087044	-	1700042G15Rik	539
540	Gm12537	chr4	57370953	57371954	processed_pseudogene	ENSMUSG00000095042	-	Gm12537	540
541	Gm12539	chr4	57455561	57457549	processed_pseudogene	ENSMUSG00000081615	-	Gm12539	541
542	Pakap	chr4	57717657	57896984	protein_coding	ENSMUSG00000038729	+	Pakap	542
543	Gm12526	chr4	57757739	57763901	lncRNA	ENSMUSG00000073846	-	Gm12526	543
544	Gm24277	chr4	57762607	57762710	snRNA	ENSMUSG00000089286	+	Gm24277	544
545	Gm26138	chr4	57877389	57877495	snRNA	ENSMUSG00000096195	-	Gm26138	545
546	D630039A03Rik	chr4	57908483	57916297	protein_coding	ENSMUSG00000052117	-	D630039A03Rik	546
547	Txn1	chr4	57943373	57956411	protein_coding	ENSMUSG00000028367	-	Txn1	547
548	Txndc8	chr4	57984027	58009124	protein_coding	ENSMUSG00000038709	-	Txndc8	548
549	Svep1	chr4	58042442	58206859	protein_coding	ENSMUSG00000028369	-	Svep1	549
550	Musk	chr4	58285960	58374303	protein_coding	ENSMUSG00000057280	+	Musk	550
551	Lpar1	chr4	58435255	58553898	protein_coding	ENSMUSG00000038668	-	Lpar1	551
552	Gm12580	chr4	58648392	58658592	lncRNA	ENSMUSG00000086470	-	Gm12580	552
553	Olfr267	chr4	58782704	58787716	protein_coding	ENSMUSG00000043385	-	Olfr267	553
554	Ecpas	chr4	58798911	58912749	protein_coding	ENSMUSG00000050812	-	Ecpas	554
555	Gm26400	chr4	58938025	58938109	rRNA	ENSMUSG00000092753	+	Gm26400	555
556	Zkscan16	chr4	58943628	58958355	protein_coding	ENSMUSG00000038630	+	Zkscan16	556
557	Ptgr1	chr4	58965439	58987119	protein_coding	ENSMUSG00000028378	-	Ptgr1	557
558	Dnajc25	chr4	58995062	59025573	protein_coding	ENSMUSG00000070972	+	Dnajc25	558
559	Gm20503	chr4	59003210	59041888	protein_coding	ENSMUSG00000092345	+	Gm20503	559
560	Gng10	chr4	59035088	59041903	protein_coding	ENSMUSG00000038607	+	Gng10	560
561	Shoc1	chr4	59043753	59138983	protein_coding	ENSMUSG00000038598	-	Shoc1	561
562	Gm12594	chr4	59135068	59137454	lncRNA	ENSMUSG00000086660	-	Gm12594	562
563	Rpsa-ps11	chr4	59162268	59163156	processed_pseudogene	ENSMUSG00000082978	-	Rpsa-ps11	563
564	Ugcg	chr4	59189257	59222833	protein_coding	ENSMUSG00000028381	+	Ugcg	564
565	Gm12596	chr4	59260051	59263269	lncRNA	ENSMUSG00000086952	+	Gm12596	565
566	Susd1	chr4	59314683	59438633	protein_coding	ENSMUSG00000038578	-	Susd1	566
567	Gm12527	chr4	59368303	59368866	processed_pseudogene	ENSMUSG00000083979	-	Gm12527	567
568	Ptbp3	chr4	59471868	59549364	protein_coding	ENSMUSG00000028382	-	Ptbp3	568
569	Gm12529	chr4	59532747	59533014	processed_pseudogene	ENSMUSG00000080831	+	Gm12529	569
570	Hsdl2	chr4	59581563	59618689	protein_coding	ENSMUSG00000028383	+	Hsdl2	570
571	E130308A19Rik	chr4	59626211	59761439	protein_coding	ENSMUSG00000045071	+	E130308A19Rik	571
572	Inip	chr4	59769637	59801589	protein_coding	ENSMUSG00000038544	-	Inip	572
573	Snx30	chr4	59805840	59904737	protein_coding	ENSMUSG00000028385	+	Snx30	573
574	Gm12543	chr4	59833677	59834219	transcribed_processed_pseudogene	ENSMUSG00000080772	+	Gm12543	574
575	Gm12542	chr4	59889986	59894924	lncRNA	ENSMUSG00000073843	-	Gm12542	575
576	Slc46a2	chr4	59905126	59915056	protein_coding	ENSMUSG00000028386	-	Slc46a2	576
577	Mup6	chr4	59964294	60007274	protein_coding	ENSMUSG00000078689	+	Mup6	577
578	Mup7	chr4	60066469	60070475	protein_coding	ENSMUSG00000073842	-	Mup7	578
579	Mup2	chr4	60135932	60154289	protein_coding	ENSMUSG00000078688	-	Mup2	579
580	Mup-ps2	chr4	60155274	60157966	unprocessed_pseudogene	ENSMUSG00000073840	+	Mup-ps2	580
581	Mup-ps3	chr4	60237345	60244027	unprocessed_pseudogene	ENSMUSG00000095455	+	Mup-ps3	581
582	Mup9	chr4	60418046	60421952	protein_coding	ENSMUSG00000078686	-	Mup9	582
583	Mup-ps4	chr4	60437362	60440064	unprocessed_pseudogene	ENSMUSG00000078685	+	Mup-ps4	583
584	Mup1	chr4	60498012	60501960	protein_coding	ENSMUSG00000078683	-	Mup1	584
585	Gm13773	chr4	60502841	60521169	lncRNA	ENSMUSG00000086253	+	Gm13773	585
586	Mup12	chr4	60737383	60741326	protein_coding	ENSMUSG00000094793	-	Mup12	586
587	Mup22	chr4	60817589	60821463	protein_coding	ENSMUSG00000110439	-	Mup22	587
588	Mup-ps9	chr4	61163063	61165771	unprocessed_pseudogene	ENSMUSG00000096652	+	Mup-ps9	588
589	Mup13	chr4	61224307	61228286	protein_coding	ENSMUSG00000089873	-	Mup13	589
590	Mup-ps11	chr4	61318730	61325417	unprocessed_pseudogene	ENSMUSG00000095978	+	Mup-ps11	590
591	Mup16	chr4	61515592	61519531	protein_coding	ENSMUSG00000078675	-	Mup16	591
592	Mup-ps13	chr4	61534230	61536973	unprocessed_pseudogene	ENSMUSG00000095532	+	Mup-ps13	592
593	Mup17	chr4	61591929	61595871	protein_coding	ENSMUSG00000096688	-	Mup17	593
594	Mup18	chr4	61670177	61674136	protein_coding	ENSMUSG00000078674	-	Mup18	594
595	Mup-ps15	chr4	61698841	61701544	unprocessed_pseudogene	ENSMUSG00000083304	+	Mup-ps15	595
596	Mup19	chr4	61778324	61782269	protein_coding	ENSMUSG00000078673	-	Mup19	596
597	Gm13775	chr4	61783123	61801286	lncRNA	ENSMUSG00000081207	+	Gm13775	597
598	Mup5	chr4	61831319	61835233	protein_coding	ENSMUSG00000058523	-	Mup5	598
599	Mup-ps23	chr4	61855404	61856554	processed_pseudogene	ENSMUSG00000081755	-	Mup-ps23	599
600	Mup-ps18	chr4	61874700	61883296	unprocessed_pseudogene	ENSMUSG00000082363	-	Mup-ps18	600
601	Mup-ps19	chr4	61957149	61959911	unprocessed_pseudogene	ENSMUSG00000082644	-	Mup-ps19	601
602	Mup-ps20	chr4	62012412	62014857	unprocessed_pseudogene	ENSMUSG00000084309	-	Mup-ps20	602
603	Mup-ps21	chr4	62029342	62031662	unprocessed_pseudogene	ENSMUSG00000083524	-	Mup-ps21	603
604	Mup3	chr4	62083476	62087342	protein_coding	ENSMUSG00000066154	-	Mup3	604
605	Gm12909	chr4	62088288	62090524	lncRNA	ENSMUSG00000085404	+	Gm12909	605
606	Gm12910	chr4	62112931	62120929	lncRNA	ENSMUSG00000086530	+	Gm12910	606
607	Mup21	chr4	62147932	62150863	protein_coding	ENSMUSG00000066153	-	Mup21	607
608	Zfp37	chr4	62189540	62231047	protein_coding	ENSMUSG00000028389	-	Zfp37	608
609	Slc31a2	chr4	62262562	62298411	protein_coding	ENSMUSG00000066152	+	Slc31a2	609
610	Fkbp15	chr4	62300342	62360548	protein_coding	ENSMUSG00000066151	-	Fkbp15	610
611	Slc31a1	chr4	62360727	62391769	protein_coding	ENSMUSG00000066150	+	Slc31a1	611
612	Cdc26	chr4	62383654	62408642	protein_coding	ENSMUSG00000066149	-	Cdc26	612
613	Prpf4	chr4	62408797	62426990	protein_coding	ENSMUSG00000066148	+	Prpf4	613
614	Rnf183	chr4	62427540	62435252	protein_coding	ENSMUSG00000063851	-	Rnf183	614
615	Wdr31	chr4	62448653	62470896	protein_coding	ENSMUSG00000028391	-	Wdr31	615
616	Bspry	chr4	62480053	62497298	protein_coding	ENSMUSG00000028392	+	Bspry	616
617	Hdhd3	chr4	62499008	62503467	protein_coding	ENSMUSG00000038422	-	Hdhd3	617
618	Alad	chr4	62509169	62519918	protein_coding	ENSMUSG00000028393	-	Alad	618
619	Pole3	chr4	62522649	62525068	protein_coding	ENSMUSG00000028394	-	Pole3	619
620	4933430I17Rik	chr4	62525369	62547993	protein_coding	ENSMUSG00000058046	+	4933430I17Rik	620
621	Rgs3	chr4	62559847	62704001	protein_coding	ENSMUSG00000059810	+	Rgs3	621
622	Gm11209	chr4	62627677	62633712	lncRNA	ENSMUSG00000085177	-	Gm11209	622
623	Gm11210	chr4	62705981	62725737	lncRNA	ENSMUSG00000085223	+	Gm11210	623
624	Gm11211	chr4	62723516	62727537	lncRNA	ENSMUSG00000086139	-	Gm11211	624
625	Zfp618	chr4	62965573	63139708	protein_coding	ENSMUSG00000028358	+	Zfp618	625
626	Ambp	chr4	63143275	63154799	protein_coding	ENSMUSG00000028356	-	Ambp	626
627	Kif12	chr4	63165630	63172131	protein_coding	ENSMUSG00000028357	-	Kif12	627
628	Col27a1	chr4	63214004	63334991	protein_coding	ENSMUSG00000045672	+	Col27a1	628
629	Orm1	chr4	63344560	63348163	protein_coding	ENSMUSG00000039196	+	Orm1	629
630	Gm11212	chr4	63350411	63353846	unprocessed_pseudogene	ENSMUSG00000082141	+	Gm11212	630
631	Orm3	chr4	63356162	63359511	protein_coding	ENSMUSG00000028359	+	Orm3	631
632	Orm2	chr4	63362449	63365878	protein_coding	ENSMUSG00000061540	+	Orm2	632
633	Akna	chr4	63367125	63403354	protein_coding	ENSMUSG00000039158	-	Akna	633
634	Aknaos	chr4	63381358	63394018	lncRNA	ENSMUSG00000086953	+	Aknaos	634
635	Whrn	chr4	63414910	63495991	protein_coding	ENSMUSG00000039137	-	Whrn	635
636	Atp6v1g1	chr4	63544772	63550750	protein_coding	ENSMUSG00000039105	+	Atp6v1g1	636
637	Tmem268	chr4	63558781	63586357	protein_coding	ENSMUSG00000045917	+	Tmem268	637
638	Gm11483	chr4	63567414	63567660	processed_pseudogene	ENSMUSG00000083943	-	Gm11483	638
639	Gm11213	chr4	63596901	63605261	protein_coding	ENSMUSG00000084782	-	Gm11213	639
640	Tex48	chr4	63607089	63622428	protein_coding	ENSMUSG00000058935	-	Tex48	640
641	Gm11482	chr4	63634421	63639440	lncRNA	ENSMUSG00000086817	+	Gm11482	641
642	Tnfsf15	chr4	63727084	63745113	protein_coding	ENSMUSG00000050395	-	Tnfsf15	642
643	Tnfsf8	chr4	63831308	63861347	protein_coding	ENSMUSG00000028362	-	Tnfsf8	643
644	Rpl17-ps4	chr4	63895545	63896099	processed_pseudogene	ENSMUSG00000084345	-	Rpl17-ps4	644
645	Tnc	chr4	63959785	64047015	protein_coding	ENSMUSG00000028364	-	Tnc	645
646	8030451A03Rik	chr4	63979854	64149924	lncRNA	ENSMUSG00000073821	+	8030451A03Rik	646
647	Gm11216	chr4	64075533	64083814	lncRNA	ENSMUSG00000086755	+	Gm11216	647
648	Gm11217	chr4	64254053	64276603	lncRNA	ENSMUSG00000085032	-	Gm11217	648
649	Pappa	chr4	65124174	65357509	protein_coding	ENSMUSG00000028370	+	Pappa	649
650	Astn2	chr4	65380803	66404611	protein_coding	ENSMUSG00000028373	-	Astn2	650
651	Trim32	chr4	65604986	65616238	protein_coding	ENSMUSG00000051675	+	Trim32	651
652	Gm25480	chr4	66544061	66544193	snoRNA	ENSMUSG00000065151	+	Gm25480	652
653	Tlr4	chr4	66827584	66930284	protein_coding	ENSMUSG00000039005	+	Tlr4	653
654	Gm11249	chr4	67930881	67931739	processed_pseudogene	ENSMUSG00000083087	+	Gm11249	654
655	Gm11751	chr4	68023031	68137113	lncRNA	ENSMUSG00000086364	+	Gm11751	655
656	Tcp1-ps1	chr4	68301246	68303290	processed_pseudogene	ENSMUSG00000081231	-	Tcp1-ps1	656
657	Gm12911	chr4	68312657	68321961	lncRNA	ENSMUSG00000086790	-	Gm12911	657
658	Brinp1	chr4	68761514	68954397	protein_coding	ENSMUSG00000028351	-	Brinp1	658
659	Gm11404	chr4	69291621	69295121	processed_pseudogene	ENSMUSG00000082553	-	Gm11404	659
660	Gm11221	chr4	69691978	69692574	processed_pseudogene	ENSMUSG00000082998	+	Gm11221	660
661	Gm11222	chr4	69853947	69854684	processed_pseudogene	ENSMUSG00000085627	+	Gm11222	661
662	Gm11224	chr4	69954166	69955276	processed_pseudogene	ENSMUSG00000084342	-	Gm11224	662
663	Gm11225	chr4	70047157	70048205	processed_pseudogene	ENSMUSG00000082368	+	Gm11225	663
664	Cdk5rap2	chr4	70216856	70410443	protein_coding	ENSMUSG00000039298	-	Cdk5rap2	664
665	Ywhaq-ps3	chr4	70248636	70249373	transcribed_processed_pseudogene	ENSMUSG00000080902	-	Ywhaq-ps3	665
666	Megf9	chr4	70427065	70534995	protein_coding	ENSMUSG00000039270	-	Megf9	666
667	Gm11228	chr4	71075109	71131133	lncRNA	ENSMUSG00000084937	-	Gm11228	667
668	Gm11229	chr4	71285942	71286378	processed_pseudogene	ENSMUSG00000082017	+	Gm11229	668
669	Rps18-ps1	chr4	71370738	71371196	processed_pseudogene	ENSMUSG00000083914	-	Rps18-ps1	669
670	Gm11231	chr4	71678013	71679718	processed_pseudogene	ENSMUSG00000082432	+	Gm11231	670
671	Gm11234	chr4	71980477	71999559	lncRNA	ENSMUSG00000086696	+	Gm11234	671
672	Tle1	chr4	72117142	72200919	protein_coding	ENSMUSG00000008305	-	Tle1	672
673	Gm11250	chr4	72168768	72169449	lncRNA	ENSMUSG00000086027	+	Gm11250	673
674	C630043F03Rik	chr4	72201348	72215352	lncRNA	ENSMUSG00000084910	+	C630043F03Rik	674
675	Aldoart1	chr4	72850583	72852634	protein_coding	ENSMUSG00000059343	-	Aldoart1	675
676	Gm11251	chr4	73029819	73036074	processed_pseudogene	ENSMUSG00000084162	+	Gm11251	676
677	Gm11487	chr4	73401032	73405072	protein_coding	ENSMUSG00000066137	-	Gm11487	677
678	Gm11486	chr4	73415301	73418690	unprocessed_pseudogene	ENSMUSG00000080222	-	Gm11486	678
679	Gm11488	chr4	73497615	73498477	processed_pseudogene	ENSMUSG00000081871	-	Gm11488	679
680	Gm11238	chr4	73607881	73657291	protein_coding	ENSMUSG00000095935	+	Gm11238	680
681	Gm11236	chr4	73638121	73642161	protein_coding	ENSMUSG00000096700	+	Gm11236	681
682	Gm11239	chr4	73668354	73672396	protein_coding	ENSMUSG00000095048	+	Gm11239	682
683	Rasef	chr4	73714579	73790994	protein_coding	ENSMUSG00000043003	-	Rasef	683
684	Gm11240	chr4	73791246	73798372	lncRNA	ENSMUSG00000085034	+	Gm11240	684
685	Gm11756	chr4	73916728	73920760	protein_coding	ENSMUSG00000093962	-	Gm11756	685
686	2310002L09Rik	chr4	73939371	73950846	protein_coding	ENSMUSG00000028396	-	2310002L09Rik	686
687	Frmd3	chr4	74013442	74202214	protein_coding	ENSMUSG00000049122	+	Frmd3	687
688	Gm11760	chr4	74044388	74045183	processed_pseudogene	ENSMUSG00000081048	+	Gm11760	688
689	Kdm4c	chr4	74242497	74405860	protein_coding	ENSMUSG00000028397	+	Kdm4c	689
690	A230083N12Rik	chr4	74250324	74251714	lncRNA	ENSMUSG00000085482	-	A230083N12Rik	690
691	Gm11258	chr4	74688107	74689324	processed_pseudogene	ENSMUSG00000083659	-	Gm11258	691
692	Gm12912	chr4	75147609	75148989	processed_pseudogene	ENSMUSG00000081067	+	Gm12912	692
693	Dmac1	chr4	75277354	75278305	protein_coding	ENSMUSG00000028398	-	Dmac1	693
694	Gm11255	chr4	75324501	75325680	processed_pseudogene	ENSMUSG00000083224	+	Gm11255	694
695	Ptprd	chr4	75941238	78211961	protein_coding	ENSMUSG00000028399	-	Ptprd	695
696	Gm11252	chr4	76393154	76394092	processed_pseudogene	ENSMUSG00000080780	+	Gm11252	696
697	Gm42303	chr4	76451231	76490113	lncRNA	ENSMUSG00000110373	+	Gm42303	697
698	Gm11242	chr4	76692143	76694599	processed_pseudogene	ENSMUSG00000083050	+	Gm11242	698
699	Gm11243	chr4	76793729	76794122	processed_pseudogene	ENSMUSG00000081890	+	Gm11243	699
700	Gm11244	chr4	76811555	76811791	processed_pseudogene	ENSMUSG00000081936	-	Gm11244	700
701	Gm11245	chr4	76837779	76838815	processed_pseudogene	ENSMUSG00000084090	+	Gm11245	701
702	Gm11246	chr4	76927311	76927655	processed_pseudogene	ENSMUSG00000081656	+	Gm11246	702
703	Gm23159	chr4	76958422	76958498	miRNA	ENSMUSG00000092829	-	Gm23159	703
704	B230208B08Rik	chr4	78211955	78214177	lncRNA	ENSMUSG00000092492	+	B230208B08Rik	704
705	Gm11260	chr4	78233986	78234927	processed_pseudogene	ENSMUSG00000082351	+	Gm11260	705
706	Gm11261	chr4	78659858	78661588	lncRNA	ENSMUSG00000085840	-	Gm11261	706
707	Gm11263	chr4	79327708	79328456	processed_pseudogene	ENSMUSG00000083496	+	Gm11263	707
708	Gm11409	chr4	79874351	79874753	processed_pseudogene	ENSMUSG00000084248	+	Gm11409	708
709	Gm11407	chr4	80002331	80003388	processed_pseudogene	ENSMUSG00000082179	+	Gm11407	709
710	Gm11408	chr4	80003396	80003914	processed_pseudogene	ENSMUSG00000083076	-	Gm11408	710
711	Gm11410	chr4	80003989	80005131	processed_pseudogene	ENSMUSG00000083219	+	Gm11410	711
712	Tyrp1	chr4	80834123	80851719	protein_coding	ENSMUSG00000005994	+	Tyrp1	712
713	Lurap1l	chr4	80910646	80955628	protein_coding	ENSMUSG00000048706	+	Lurap1l	713
714	Mpdz	chr4	81278500	81442815	protein_coding	ENSMUSG00000028402	-	Mpdz	714
715	Gm25803	chr4	81338274	81338404	snoRNA	ENSMUSG00000077607	-	Gm25803	715
716	Gm11765	chr4	81455943	81461732	processed_pseudogene	ENSMUSG00000081391	-	Gm11765	716
717	Gm11411	chr4	81696441	81697159	processed_pseudogene	ENSMUSG00000083385	+	Gm11411	717
718	Gm11412	chr4	81743146	81746701	lncRNA	ENSMUSG00000087540	+	Gm11412	718
719	Gm11264	chr4	82033312	82065890	lncRNA	ENSMUSG00000087110	-	Gm11264	719
720	Gm5860	chr4	82065431	82102808	lncRNA	ENSMUSG00000085022	+	Gm5860	720
721	Nfib	chr4	82290173	82705750	protein_coding	ENSMUSG00000008575	-	Nfib	721
722	n-R5s188	chr4	82439410	82439514	rRNA	ENSMUSG00000084595	+	n-R5s188	722
723	Gm11266	chr4	82508016	82547292	lncRNA	ENSMUSG00000087413	+	Gm11266	723
724	Gm11267	chr4	82585048	82587319	lncRNA	ENSMUSG00000084851	-	Gm11267	724
725	Gm11268	chr4	82642400	82642666	processed_pseudogene	ENSMUSG00000084357	+	Gm11268	725
726	Zdhhc21	chr4	82798738	82859958	protein_coding	ENSMUSG00000028403	-	Zdhhc21	726
727	Cer1	chr4	82881751	82885148	protein_coding	ENSMUSG00000038192	-	Cer1	727
728	Frem1	chr4	82897920	83052339	protein_coding	ENSMUSG00000059049	-	Frem1	728
729	Ttc39b	chr4	83220300	83324255	protein_coding	ENSMUSG00000038172	-	Ttc39b	729
730	Gm11413	chr4	83378317	83390668	lncRNA	ENSMUSG00000086321	-	Gm11413	730
731	Gm11184	chr4	83383064	83392205	lncRNA	ENSMUSG00000087592	+	Gm11184	731
732	Snapc3	chr4	83417724	83467676	protein_coding	ENSMUSG00000028483	+	Snapc3	732
733	Psip1	chr4	83455680	83486459	protein_coding	ENSMUSG00000028484	-	Psip1	733
734	Gm10154	chr4	83505185	83505538	processed_pseudogene	ENSMUSG00000066116	-	Gm10154	734
735	Ccdc171	chr4	83525545	83864670	protein_coding	ENSMUSG00000052407	+	Ccdc171	735
736	Gm27046	chr4	83597303	83597765	processed_pseudogene	ENSMUSG00000098217	+	Gm27046	736
737	Cbx3-ps3	chr4	83701084	83702036	processed_pseudogene	ENSMUSG00000080793	+	Cbx3-ps3	737
738	Gm26968	chr4	83743677	83744157	lncRNA	ENSMUSG00000097942	+	Gm26968	738
739	Gm12416	chr4	84104895	84105902	processed_pseudogene	ENSMUSG00000083044	+	Gm12416	739
740	Bnc2	chr4	84275095	84675275	protein_coding	ENSMUSG00000028487	-	Bnc2	740
741	Cntln	chr4	84884309	85131921	protein_coding	ENSMUSG00000038070	+	Cntln	741
742	Gm12418	chr4	84915896	84916837	processed_pseudogene	ENSMUSG00000083139	+	Gm12418	742
743	Gm12417	chr4	85176527	85176929	processed_pseudogene	ENSMUSG00000084267	+	Gm12417	743
744	Sh3gl2	chr4	85205126	85639195	protein_coding	ENSMUSG00000028488	+	Sh3gl2	744
745	Adamtsl1	chr4	85514172	86428385	protein_coding	ENSMUSG00000066113	+	Adamtsl1	745
746	Saxo1	chr4	86444641	86558328	protein_coding	ENSMUSG00000028492	-	Saxo1	746
747	Gm26017	chr4	86509152	86509225	snRNA	ENSMUSG00000077597	+	Gm26017	747
748	Saxo1os	chr4	86558446	86559804	lncRNA	ENSMUSG00000085108	+	Saxo1os	748
749	Rraga	chr4	86575668	86577285	protein_coding	ENSMUSG00000070934	+	Rraga	749
750	Haus6	chr4	86578855	86612055	protein_coding	ENSMUSG00000038047	-	Haus6	750
751	Gm12551	chr4	86627075	86631251	unprocessed_pseudogene	ENSMUSG00000081169	-	Gm12551	751
752	Plin2	chr4	86648386	86670060	protein_coding	ENSMUSG00000028494	-	Plin2	752
753	Dennd4c	chr4	86748555	86850603	protein_coding	ENSMUSG00000038024	+	Dennd4c	753
754	Gm12630	chr4	86817794	86818577	processed_pseudogene	ENSMUSG00000082969	-	Gm12630	754
755	Rps6	chr4	86854660	86857412	protein_coding	ENSMUSG00000028495	-	Rps6	755
756	Acer2	chr4	86874396	86934822	protein_coding	ENSMUSG00000038007	+	Acer2	756
757	Slc24a2	chr4	86983124	87230477	protein_coding	ENSMUSG00000037996	-	Slc24a2	757
758	Gm12600	chr4	87298362	87301270	lncRNA	ENSMUSG00000086512	+	Gm12600	758
759	Gm12604	chr4	87580789	87581560	processed_pseudogene	ENSMUSG00000082443	+	Gm12604	759
760	Mllt3	chr4	87769925	88033364	protein_coding	ENSMUSG00000028496	-	Mllt3	760
761	Gm12631	chr4	88033501	88034998	lncRNA	ENSMUSG00000084809	+	Gm12631	761
762	Gm12646	chr4	88043804	88044041	processed_pseudogene	ENSMUSG00000081530	+	Gm12646	762
763	Focad	chr4	88094629	88411011	protein_coding	ENSMUSG00000038368	+	Focad	763
764	Mir491	chr4	88122040	88122125	miRNA	ENSMUSG00000070077	+	Mir491	764
765	Hacd4	chr4	88396144	88438928	protein_coding	ENSMUSG00000028497	-	Hacd4	765
766	Mrpl48-ps	chr4	88599175	88599810	processed_pseudogene	ENSMUSG00000078480	-	Mrpl48-ps	766
767	Gm12601	chr4	88612653	88614044	unprocessed_pseudogene	ENSMUSG00000083958	-	Gm12601	767
768	C87499	chr4	88627320	88634411	protein_coding	ENSMUSG00000038330	-	C87499	768
769	Ifna13	chr4	88643641	88644459	protein_coding	ENSMUSG00000063376	-	Ifna13	769
770	Ifnab	chr4	88690302	88691359	protein_coding	ENSMUSG00000100079	-	Ifnab	770
771	Gm13282	chr4	88707909	88708453	unprocessed_pseudogene	ENSMUSG00000084192	-	Gm13282	771
772	Klhl9	chr4	88718292	88722465	protein_coding	ENSMUSG00000070923	-	Klhl9	772
773	Gm26566	chr4	88721805	88722842	protein_coding	ENSMUSG00000097078	+	Gm26566	773
774	Gm13274	chr4	88722757	88757579	lncRNA	ENSMUSG00000086074	-	Gm13274	774
775	Gm49884	chr4	88754471	88754678	unprocessed_pseudogene	ENSMUSG00000117268	+	Gm49884	775
776	Gm13286	chr4	88757844	88758380	unprocessed_pseudogene	ENSMUSG00000081501	+	Gm13286	776
777	Gm10583	chr4	88758171	88758570	pseudogene	ENSMUSG00000073809	-	Gm10583	777
778	Gm13283	chr4	88760119	88761581	protein_coding	ENSMUSG00000100505	+	Gm13283	778
779	Gm10582	chr4	88761101	88761500	pseudogene	ENSMUSG00000094498	-	Gm10582	779
780	Gm13284	chr4	88763709	88771606	unprocessed_pseudogene	ENSMUSG00000082789	+	Gm13284	780
781	Gm13272	chr4	88779850	88780660	protein_coding	ENSMUSG00000096591	+	Gm13272	781
782	Gm13288	chr4	88805531	88808380	protein_coding	ENSMUSG00000070908	+	Gm13288	782
783	Ifna7	chr4	88816228	88816800	protein_coding	ENSMUSG00000100713	+	Ifna7	783
784	Gm49890	chr4	88909855	88938521	lncRNA	ENSMUSG00000117123	-	Gm49890	784
785	Gm49891	chr4	88995118	89039192	lncRNA	ENSMUSG00000117251	-	Gm49891	785
786	Wincr1	chr4	89050308	89084614	lncRNA	ENSMUSG00000085183	+	Wincr1	786
787	Gm12602	chr4	89100664	89128226	lncRNA	ENSMUSG00000085569	-	Gm12602	787
788	Mtap	chr4	89137122	89181081	protein_coding	ENSMUSG00000062937	+	Mtap	788
789	Gm12607	chr4	89161699	89162191	processed_pseudogene	ENSMUSG00000083989	-	Gm12607	789
790	Tgif2-ps1	chr4	89216864	89217816	processed_pseudogene	ENSMUSG00000107513	+	Tgif2-ps1	790
791	Gm12606	chr4	89235699	89273403	lncRNA	ENSMUSG00000087659	-	Gm12606	791
792	Cdkn2a	chr4	89274471	89294653	protein_coding	ENSMUSG00000044303	-	Cdkn2a	792
793	Cdkn2b	chr4	89306299	89311039	protein_coding	ENSMUSG00000073802	-	Cdkn2b	793
794	Gm12609	chr4	89381957	89399880	lncRNA	ENSMUSG00000085147	+	Gm12609	794
795	Gm12610	chr4	89421848	89463487	lncRNA	ENSMUSG00000086035	+	Gm12610	795
796	Gm12608	chr4	89442217	89444644	processed_pseudogene	ENSMUSG00000080808	-	Gm12608	796
797	Dmrta1	chr4	89679436	89694772	protein_coding	ENSMUSG00000043753	+	Dmrta1	797
798	Gm12629	chr4	90185527	90190009	lncRNA	ENSMUSG00000085690	+	Gm12629	798
799	Zfp352	chr4	90218820	90225702	protein_coding	ENSMUSG00000070902	+	Zfp352	799
800	Gm12633	chr4	90359622	90361326	processed_pseudogene	ENSMUSG00000080756	-	Gm12633	800
801	Gm12643	chr4	91037900	91038273	processed_pseudogene	ENSMUSG00000079962	+	Gm12643	801
802	Elavl2	chr4	91250763	91400785	protein_coding	ENSMUSG00000008489	-	Elavl2	802
803	Gm12653	chr4	91365379	91365939	processed_pseudogene	ENSMUSG00000083377	+	Gm12653	803
804	Mir6402	chr4	91373284	91373363	miRNA	ENSMUSG00000098563	-	Mir6402	804
805	Gm12670	chr4	91646315	91651152	lncRNA	ENSMUSG00000086042	+	Gm12670	805
806	Gm12669	chr4	91805547	91806555	processed_pseudogene	ENSMUSG00000100863	-	Gm12669	806
807	Gm12671	chr4	91851668	91852669	processed_pseudogene	ENSMUSG00000095937	-	Gm12671	807
808	4930577H14Rik	chr4	91938854	91939952	lncRNA	ENSMUSG00000087517	-	4930577H14Rik	808
809	Izumo3	chr4	92144329	92147234	protein_coding	ENSMUSG00000028533	-	Izumo3	809
810	Gm12666	chr4	92190744	92191749	protein_coding	ENSMUSG00000066107	-	Gm12666	810
811	Gm12637	chr4	92528551	92548304	lncRNA	ENSMUSG00000085209	+	Gm12637	811
812	Gm12641	chr4	93106988	93109914	processed_pseudogene	ENSMUSG00000082919	+	Gm12641	812
813	Tusc1	chr4	93334138	93335511	protein_coding	ENSMUSG00000054000	-	Tusc1	813
814	Gm12649	chr4	93453258	93671070	lncRNA	ENSMUSG00000084833	-	Gm12649	814
815	Gm23443	chr4	93545150	93545277	snoRNA	ENSMUSG00000064850	-	Gm23443	815
816	Gm24796	chr4	93600979	93601085	snRNA	ENSMUSG00000095898	+	Gm24796	816
817	Gm12648	chr4	94089576	94425588	lncRNA	ENSMUSG00000085931	-	Gm12648	817
818	Gm26410	chr4	94434224	94434484	misc_RNA	ENSMUSG00000088295	-	Gm26410	818
819	Gm12655	chr4	94460931	94477180	lncRNA	ENSMUSG00000087128	-	Gm12655	819
820	Gm22804	chr4	94487883	94487983	snoRNA	ENSMUSG00000088677	+	Gm22804	820
821	Gm12656	chr4	94497032	94497608	processed_pseudogene	ENSMUSG00000083359	+	Gm12656	821
822	Caap1	chr4	94500081	94556796	protein_coding	ENSMUSG00000028578	-	Caap1	822
823	Plaa	chr4	94567514	94603244	protein_coding	ENSMUSG00000028577	-	Plaa	823
824	Gm12657	chr4	94599385	94599795	processed_pseudogene	ENSMUSG00000063314	+	Gm12657	824
825	Ift74	chr4	94614491	94693229	protein_coding	ENSMUSG00000028576	+	Ift74	825
826	Lrrc19	chr4	94636653	94650144	protein_coding	ENSMUSG00000049799	-	Lrrc19	826
827	Tek	chr4	94739289	94874976	protein_coding	ENSMUSG00000006386	+	Tek	827
828	Eqtn	chr4	94907267	94928843	protein_coding	ENSMUSG00000028575	-	Eqtn	828
829	Mysm1	chr4	94942040	94979100	protein_coding	ENSMUSG00000062627	-	Mysm1	829
830	Gm12694	chr4	94979203	95028544	lncRNA	ENSMUSG00000086251	+	Gm12694	830
831	Gm12703	chr4	95029963	95048370	lncRNA	ENSMUSG00000052767	-	Gm12703	831
832	Jun	chr4	95049034	95052222	protein_coding	ENSMUSG00000052684	-	Jun	832
833	Junos	chr4	95051534	95167318	lncRNA	ENSMUSG00000087366	+	Junos	833
834	n-R5s189	chr4	95062650	95062763	rRNA	ENSMUSG00000084624	+	n-R5s189	834
835	4930551L18Rik	chr4	95089083	95091419	lncRNA	ENSMUSG00000085377	-	4930551L18Rik	835
836	Gm28096	chr4	95151740	95157503	lncRNA	ENSMUSG00000100189	+	Gm28096	836
837	Gm12708	chr4	95193313	95209727	lncRNA	ENSMUSG00000084918	+	Gm12708	837
838	Gm830	chr4	95464724	95487394	lncRNA	ENSMUSG00000084939	-	Gm830	838
839	Gm25004	chr4	95524044	95524204	snRNA	ENSMUSG00000065745	+	Gm25004	839
840	Fggy	chr4	95557507	95926939	protein_coding	ENSMUSG00000028573	+	Fggy	840
841	9530080O11Rik	chr4	95959715	95967655	lncRNA	ENSMUSG00000044125	-	9530080O11Rik	841
842	Hook1	chr4	95967240	96025413	protein_coding	ENSMUSG00000028572	+	Hook1	842
843	Cyp2j13	chr4	96027534	96077546	protein_coding	ENSMUSG00000028571	-	Cyp2j13	843
844	Cyp2j12	chr4	96099318	96141152	protein_coding	ENSMUSG00000081225	-	Cyp2j12	844
845	Cyp2j7	chr4	96195197	96236659	protein_coding	ENSMUSG00000081362	-	Cyp2j7	845
846	Cyp2j15-ps	chr4	96245560	96274270	unprocessed_pseudogene	ENSMUSG00000084286	-	Cyp2j15-ps	846
847	Cyp2j11	chr4	96294508	96348662	protein_coding	ENSMUSG00000066097	-	Cyp2j11	847
848	Cyp2j14-ps	chr4	96356311	96380211	unprocessed_pseudogene	ENSMUSG00000082119	-	Cyp2j14-ps	848
849	Cyp2j8	chr4	96444596	96507386	protein_coding	ENSMUSG00000082932	-	Cyp2j8	849
850	Cyp2j6	chr4	96516138	96553661	protein_coding	ENSMUSG00000052914	-	Cyp2j6	850
851	Cyp2j9	chr4	96568429	96591578	protein_coding	ENSMUSG00000015224	-	Cyp2j9	851
852	Cyp2j5	chr4	96628773	96664154	protein_coding	ENSMUSG00000052520	-	Cyp2j5	852
853	Gm12695	chr4	96723647	96785186	protein_coding	ENSMUSG00000078639	-	Gm12695	853
854	E130114P18Rik	chr4	97568133	97778078	protein_coding	ENSMUSG00000048747	-	E130114P18Rik	854
855	Gm12676	chr4	97754168	97757389	lncRNA	ENSMUSG00000085710	-	Gm12676	855
856	Nfia	chr4	97772734	98118874	protein_coding	ENSMUSG00000028565	+	Nfia	856
857	Gm12691	chr4	98146065	98150261	transcribed_processed_pseudogene	ENSMUSG00000081096	-	Gm12691	857
858	Gm12787	chr4	98268083	98268575	processed_pseudogene	ENSMUSG00000083644	-	Gm12787	858
859	0610025J13Rik	chr4	98321398	98331791	lncRNA	ENSMUSG00000046683	+	0610025J13Rik	859
860	Gm12788	chr4	98352427	98352734	processed_pseudogene	ENSMUSG00000082144	+	Gm12788	860
861	Tm2d1	chr4	98355370	98383306	protein_coding	ENSMUSG00000028563	-	Tm2d1	861
862	Patj	chr4	98395785	98719603	protein_coding	ENSMUSG00000061859	+	Patj	862
863	Gm26154	chr4	98661637	98661732	miRNA	ENSMUSG00000076294	+	Gm26154	863
864	Gm12846	chr4	98664366	98666137	processed_pseudogene	ENSMUSG00000081046	+	Gm12846	864
865	L1td1	chr4	98726734	98738480	protein_coding	ENSMUSG00000087166	+	L1td1	865
866	Kank4	chr4	98754898	98817537	protein_coding	ENSMUSG00000035407	-	Kank4	866
867	Kank4os	chr4	98793768	98798900	lncRNA	ENSMUSG00000085843	+	Kank4os	867
868	I0C0044D17Rik	chr4	98818475	98823840	protein_coding	ENSMUSG00000073794	-	I0C0044D17Rik	868
869	Usp1	chr4	98923810	98935543	protein_coding	ENSMUSG00000028560	+	Usp1	869
870	Dock7	chr4	98936671	99120915	protein_coding	ENSMUSG00000028556	-	Dock7	870
871	Angptl3	chr4	99030954	99046111	protein_coding	ENSMUSG00000028553	+	Angptl3	871
872	Gm12852	chr4	99103060	99103778	processed_pseudogene	ENSMUSG00000081733	-	Gm12852	872
873	Gm12705	chr4	99116414	99118301	lncRNA	ENSMUSG00000087395	+	Gm12705	873
874	Gm12681	chr4	99146914	99161642	lncRNA	ENSMUSG00000086498	-	Gm12681	874
875	Atg4c	chr4	99193934	99259787	protein_coding	ENSMUSG00000028550	+	Atg4c	875
876	Gm10305	chr4	99272671	99275145	TEC	ENSMUSG00000104479	+	Gm10305	876
877	Gm12689	chr4	99295900	99297258	protein_coding	ENSMUSG00000070891	+	Gm12689	877
878	Gm37556	chr4	99376066	99385712	TEC	ENSMUSG00000103097	-	Gm37556	878
879	Gm12684	chr4	99430256	99431254	processed_pseudogene	ENSMUSG00000081150	-	Gm12684	879
880	Gm37117	chr4	99525932	99530662	TEC	ENSMUSG00000103575	+	Gm37117	880
881	Gm12690	chr4	99569500	99573011	lncRNA	ENSMUSG00000087332	+	Gm12690	881
882	Gm12688	chr4	99653607	99654983	lncRNA	ENSMUSG00000086096	-	Gm12688	882
883	Gm12682	chr4	99662541	99712972	lncRNA	ENSMUSG00000086592	-	Gm12682	883
884	Alg6	chr4	99715664	99763460	protein_coding	ENSMUSG00000073792	+	Alg6	884
885	Itgb3bp	chr4	99765402	99929813	protein_coding	ENSMUSG00000028549	-	Itgb3bp	885
886	Efcab7	chr4	99829198	99912788	protein_coding	ENSMUSG00000073791	+	Efcab7	886
887	Pgm1	chr4	99929414	99987294	protein_coding	ENSMUSG00000025791	+	Pgm1	887
888	Gm12702	chr4	100052520	100065984	lncRNA	ENSMUSG00000085142	+	Gm12702	888
889	Ror1	chr4	100095791	100444765	protein_coding	ENSMUSG00000035305	+	Ror1	889
890	Gm12701	chr4	100119621	100120841	lncRNA	ENSMUSG00000086385	+	Gm12701	890
891	Ube2u	chr4	100478849	100550147	protein_coding	ENSMUSG00000069733	+	Ube2u	891
892	Ube2uos	chr4	100523247	100527801	lncRNA	ENSMUSG00000085871	-	Ube2uos	892
893	Ccdc50-ps	chr4	100567108	100568048	processed_pseudogene	ENSMUSG00000081553	-	Ccdc50-ps	893
894	Cachd1	chr4	100776675	101029220	protein_coding	ENSMUSG00000028532	+	Cachd1	894
895	Gm10577	chr4	101019151	101020697	TEC	ENSMUSG00000073789	-	Gm10577	895
896	Gm10576	chr4	101054439	101055263	TEC	ENSMUSG00000102578	-	Gm10576	896
897	Raver2	chr4	101068983	101152370	protein_coding	ENSMUSG00000035275	+	Raver2	897
898	Gm22100	chr4	101103588	101103650	snRNA	ENSMUSG00000088551	-	Gm22100	898
899	Jak1	chr4	101152367	101265282	protein_coding	ENSMUSG00000028530	-	Jak1	899
900	Gm12785	chr4	101210416	101210587	processed_pseudogene	ENSMUSG00000082928	-	Gm12785	900
901	Gm12801	chr4	101284221	101285203	lncRNA	ENSMUSG00000085863	+	Gm12801	901
902	Gm12796	chr4	101292414	101321745	lncRNA	ENSMUSG00000085721	-	Gm12796	902
903	Gm12793	chr4	101341357	101341648	processed_pseudogene	ENSMUSG00000081621	+	Gm12793	903
904	E130102H24Rik	chr4	101346531	101356735	lncRNA	ENSMUSG00000086782	-	E130102H24Rik	904
905	Mir101a	chr4	101346945	101347027	miRNA	ENSMUSG00000065451	-	Mir101a	905
906	0610043K17Rik	chr4	101353783	101399181	lncRNA	ENSMUSG00000087361	+	0610043K17Rik	906
907	Gm12795	chr4	101362177	101362890	processed_pseudogene	ENSMUSG00000083614	-	Gm12795	907
908	Gm12798	chr4	101403081	101407856	lncRNA	ENSMUSG00000084758	+	Gm12798	908
909	Ak4	chr4	101419277	101466995	protein_coding	ENSMUSG00000028527	+	Ak4	909
910	Dnajc6	chr4	101496631	101642799	protein_coding	ENSMUSG00000028528	+	Dnajc6	910
911	Gm22533	chr4	101555095	101555368	misc_RNA	ENSMUSG00000089446	+	Gm22533	911
912	Leprot	chr4	101647718	101659364	protein_coding	ENSMUSG00000035212	+	Leprot	912
913	Lepr	chr4	101717404	101815352	protein_coding	ENSMUSG00000057722	+	Lepr	913
914	B020004J07Rik	chr4	101834969	101844023	protein_coding	ENSMUSG00000035201	-	B020004J07Rik	914
915	Gm12791	chr4	101875347	101876001	processed_pseudogene	ENSMUSG00000081121	+	Gm12791	915
916	C130073F10Rik	chr4	101890020	101893789	protein_coding	ENSMUSG00000046133	-	C130073F10Rik	916
917	Gm12792	chr4	101895964	101896982	processed_pseudogene	ENSMUSG00000084208	-	Gm12792	917
918	Gm12794	chr4	101940407	101943183	protein_coding	ENSMUSG00000070890	+	Gm12794	918
919	Gm12790	chr4	101967453	101981049	protein_coding	ENSMUSG00000078626	-	Gm12790	919
920	Gm12789	chr4	101986626	101990053	protein_coding	ENSMUSG00000078625	+	Gm12789	920
921	Gm12799	chr4	102046568	102049127	processed_pseudogene	ENSMUSG00000082264	-	Gm12799	921
922	Pde4b	chr4	102087543	102607259	protein_coding	ENSMUSG00000028525	+	Pde4b	922
923	Sgip1	chr4	102741297	102973628	protein_coding	ENSMUSG00000028524	+	Sgip1	923
924	Gm12709	chr4	102967266	102989755	lncRNA	ENSMUSG00000085181	-	Gm12709	924
925	Tctex1d1	chr4	102978606	103005594	protein_coding	ENSMUSG00000028523	+	Tctex1d1	925
926	BB031773	chr4	103004106	103011965	lncRNA	ENSMUSG00000085041	-	BB031773	926
927	Insl5	chr4	103017872	103026842	protein_coding	ENSMUSG00000066090	-	Insl5	927
928	Wdr78	chr4	103038065	103114555	protein_coding	ENSMUSG00000035126	-	Wdr78	928
929	Gm12710	chr4	103103527	103103742	processed_pseudogene	ENSMUSG00000080744	+	Gm12710	929
930	Mier1	chr4	103114390	103165754	protein_coding	ENSMUSG00000028522	+	Mier1	930
931	Slc35d1	chr4	103170649	103215164	protein_coding	ENSMUSG00000028521	-	Slc35d1	931
932	Gm44037	chr4	103217702	103219592	lncRNA	ENSMUSG00000107726	+	Gm44037	932
933	4921539E11Rik	chr4	103230445	103290863	protein_coding	ENSMUSG00000028520	-	4921539E11Rik	933
934	4930456L15Rik	chr4	103290959	103311832	lncRNA	ENSMUSG00000078618	+	4930456L15Rik	934
935	Oma1	chr4	103313812	103371868	protein_coding	ENSMUSG00000035069	+	Oma1	935
936	Gm12718	chr4	103382500	103492040	lncRNA	ENSMUSG00000086136	+	Gm12718	936
937	Gm23064	chr4	103471859	103471959	miRNA	ENSMUSG00000094477	+	Gm23064	937
938	Gm12720	chr4	103538845	103550682	lncRNA	ENSMUSG00000087482	-	Gm12720	938
939	Gm12716	chr4	103543374	103544727	processed_pseudogene	ENSMUSG00000081584	-	Gm12716	939
940	Gm12715	chr4	103563402	103564529	processed_pseudogene	ENSMUSG00000059195	+	Gm12715	940
941	Gm25877	chr4	103586272	103586400	snoRNA	ENSMUSG00000077514	-	Gm25877	941
942	Dab1	chr4	103619359	104744844	protein_coding	ENSMUSG00000028519	+	Dab1	942
943	Gm12719	chr4	103939301	103939541	processed_pseudogene	ENSMUSG00000080913	-	Gm12719	943
944	Gm12717	chr4	103940959	103941941	processed_pseudogene	ENSMUSG00000081696	+	Gm12717	944
945	C8b	chr4	104766317	104804548	protein_coding	ENSMUSG00000029656	+	C8b	945
946	C8a	chr4	104815679	104876398	protein_coding	ENSMUSG00000035031	-	C8a	946
947	Gm17662	chr4	104857329	104859137	protein_coding	ENSMUSG00000095386	+	Gm17662	947
948	Fyb2	chr4	104913456	105016863	protein_coding	ENSMUSG00000078612	+	Fyb2	948
949	Prkaa2	chr4	105029874	105109890	protein_coding	ENSMUSG00000028518	-	Prkaa2	949
950	Plpp3	chr4	105157347	105232764	protein_coding	ENSMUSG00000028517	+	Plpp3	950
951	Gm12729	chr4	106088714	106105068	lncRNA	ENSMUSG00000085790	-	Gm12729	951
952	Hspd1-ps4	chr4	106136111	106137778	processed_pseudogene	ENSMUSG00000081189	-	Hspd1-ps4	952
953	Gm12724	chr4	106241216	106290026	lncRNA	ENSMUSG00000086249	+	Gm12724	953
954	Gm37253	chr4	106293352	106294393	TEC	ENSMUSG00000104192	-	Gm37253	954
955	Usp24	chr4	106316213	106441322	protein_coding	ENSMUSG00000028514	+	Usp24	955
956	Pcsk9	chr4	106442329	106464329	protein_coding	ENSMUSG00000044254	-	Pcsk9	956
957	Bsnd	chr4	106483456	106492283	protein_coding	ENSMUSG00000025418	-	Bsnd	957
958	AL954352.1	chr4	106486636	106540536	lncRNA	ENSMUSG00000118551	-	AL954352.1	958
959	Tmem61	chr4	106498813	106540546	protein_coding	ENSMUSG00000085933	-	Tmem61	959
960	2700068H02Rik	chr4	106554669	106557897	lncRNA	ENSMUSG00000086172	-	2700068H02Rik	960
961	Dhcr24	chr4	106561038	106589113	protein_coding	ENSMUSG00000034926	+	Dhcr24	961
962	Gm12744	chr4	106587097	106589108	lncRNA	ENSMUSG00000085023	-	Gm12744	962
963	Lexm	chr4	106590909	106617241	protein_coding	ENSMUSG00000054362	-	Lexm	963
964	Ttc22	chr4	106622432	106640189	protein_coding	ENSMUSG00000034919	+	Ttc22	964
965	Pars2	chr4	106651069	106655282	protein_coding	ENSMUSG00000043572	+	Pars2	965
966	Ttc4	chr4	106662256	106678944	protein_coding	ENSMUSG00000025413	-	Ttc4	966
967	Mroh7	chr4	106680417	106730925	protein_coding	ENSMUSG00000047502	-	Mroh7	967
968	Fam151a	chr4	106733889	106748292	protein_coding	ENSMUSG00000034871	+	Fam151a	968
969	Acot11	chr4	106744555	106804998	protein_coding	ENSMUSG00000034853	-	Acot11	969
970	Gm12745	chr4	106774816	106775029	processed_pseudogene	ENSMUSG00000081110	+	Gm12745	970
971	Gm12746	chr4	106841761	106847920	lncRNA	ENSMUSG00000086940	-	Gm12746	971
972	Ssbp3	chr4	106910701	107049694	protein_coding	ENSMUSG00000061887	+	Ssbp3	972
973	Gm12786	chr4	107017935	107022499	lncRNA	ENSMUSG00000085581	-	Gm12786	973
974	Mrpl37	chr4	107055874	107066868	protein_coding	ENSMUSG00000028622	-	Mrpl37	974
975	Cyb5rl	chr4	107066988	107088268	protein_coding	ENSMUSG00000028621	+	Cyb5rl	975
976	Cdcp2	chr4	107096891	107113125	protein_coding	ENSMUSG00000047636	+	Cdcp2	976
977	Gm12802	chr4	107126613	107136252	lncRNA	ENSMUSG00000085304	+	Gm12802	977
978	Tceanc2	chr4	107134155	107179116	protein_coding	ENSMUSG00000028619	-	Tceanc2	978
979	Tmem59	chr4	107178399	107200996	protein_coding	ENSMUSG00000028618	+	Tmem59	979
980	Ldlrad1	chr4	107209180	107218060	protein_coding	ENSMUSG00000070877	+	Ldlrad1	980
981	Lrrc42	chr4	107233514	107253532	protein_coding	ENSMUSG00000028617	-	Lrrc42	981
982	Hspb11	chr4	107253593	107279938	protein_coding	ENSMUSG00000063172	+	Hspb11	982
983	Gm12850	chr4	107270434	107270869	processed_pseudogene	ENSMUSG00000082941	+	Gm12850	983
984	Dio1	chr4	107291465	107307169	protein_coding	ENSMUSG00000034785	-	Dio1	984
985	Yipf1	chr4	107314363	107359823	protein_coding	ENSMUSG00000057375	+	Yipf1	985
986	Gm12869	chr4	107349039	107351353	lncRNA	ENSMUSG00000086041	-	Gm12869	986
987	Ndc1	chr4	107367784	107416346	protein_coding	ENSMUSG00000028614	+	Ndc1	987
988	Glis1	chr4	107434591	107635061	protein_coding	ENSMUSG00000034762	+	Glis1	988
989	Dmrtb1	chr4	107676290	107684230	protein_coding	ENSMUSG00000028610	-	Dmrtb1	989
990	1700047F07Rik	chr4	107689701	107758985	lncRNA	ENSMUSG00000085549	+	1700047F07Rik	990
991	Gm25123	chr4	107697834	107697954	miRNA	ENSMUSG00000094267	-	Gm25123	991
992	Gm12907	chr4	107765080	107770601	lncRNA	ENSMUSG00000087195	+	Gm12907	992
993	4933424M12Rik	chr4	107783720	107789921	lncRNA	ENSMUSG00000087289	+	4933424M12Rik	993
994	Lrp8os3	chr4	107793161	107802064	lncRNA	ENSMUSG00000087200	-	Lrp8os3	994
995	Lrp8	chr4	107801869	107876840	protein_coding	ENSMUSG00000028613	+	Lrp8	995
996	Lrp8os2	chr4	107806033	107823022	lncRNA	ENSMUSG00000073779	-	Lrp8os2	996
997	Lrp8os1	chr4	107827896	107830844	lncRNA	ENSMUSG00000028612	-	Lrp8os1	997
998	Magoh	chr4	107879755	107887424	protein_coding	ENSMUSG00000028609	+	Magoh	998
999	Czib	chr4	107889813	107899384	protein_coding	ENSMUSG00000028608	+	Czib	999
1000	Cpt2	chr4	107903981	107923610	protein_coding	ENSMUSG00000028607	-	Cpt2	1000
1001	4930407G08Rik	chr4	107953932	107960721	lncRNA	ENSMUSG00000086713	+	4930407G08Rik	1001
1002	Slc1a7	chr4	107968332	108013532	protein_coding	ENSMUSG00000008932	+	Slc1a7	1002
1003	Podn	chr4	108014791	108096445	protein_coding	ENSMUSG00000028600	-	Podn	1003
1004	Scp2	chr4	108043839	108144998	protein_coding	ENSMUSG00000028603	-	Scp2	1004
1005	Echdc2	chr4	108165437	108179308	protein_coding	ENSMUSG00000028601	+	Echdc2	1005
1006	Zyg11a	chr4	108181738	108218048	protein_coding	ENSMUSG00000034645	-	Zyg11a	1006
1007	Zyg11b	chr4	108229724	108301096	protein_coding	ENSMUSG00000034636	-	Zyg11b	1007
1008	Coa7	chr4	108328140	108341544	protein_coding	ENSMUSG00000048351	+	Coa7	1008
1009	Shisal2a	chr4	108367777	108383349	protein_coding	ENSMUSG00000059816	-	Shisal2a	1009
1010	Gpx7	chr4	108400390	108406961	protein_coding	ENSMUSG00000028597	-	Gpx7	1010
1011	Tut4	chr4	108459426	108559421	protein_coding	ENSMUSG00000034610	+	Tut4	1011
1012	Gm24967	chr4	108466944	108467050	snRNA	ENSMUSG00000095361	-	Gm24967	1012
1013	Gm12739	chr4	108484171	108484552	processed_pseudogene	ENSMUSG00000083783	-	Gm12739	1013
1014	Gm23138	chr4	108498044	108498146	snRNA	ENSMUSG00000065299	+	Gm23138	1014
1015	Gm12737	chr4	108513781	108516817	lncRNA	ENSMUSG00000085093	+	Gm12737	1015
1016	Gm25827	chr4	108521924	108522030	snRNA	ENSMUSG00000087714	-	Gm25827	1016
1017	Gm22345	chr4	108537491	108537597	snRNA	ENSMUSG00000084593	-	Gm22345	1017
1018	Prpf38a	chr4	108563172	108579336	protein_coding	ENSMUSG00000063800	-	Prpf38a	1018
1019	Orc1	chr4	108579423	108614833	protein_coding	ENSMUSG00000028587	+	Orc1	1019
1020	Gm12743	chr4	108592425	108619849	lncRNA	ENSMUSG00000084968	-	Gm12743	1020
1021	Cc2d1b	chr4	108619940	108634123	protein_coding	ENSMUSG00000028582	+	Cc2d1b	1021
1022	Gm20731	chr4	108622929	108625216	TEC	ENSMUSG00000102912	-	Gm20731	1022
1023	Gm17354	chr4	108633843	108637441	lncRNA	ENSMUSG00000091985	-	Gm17354	1023
1024	Zfyve9	chr4	108637466	108780798	protein_coding	ENSMUSG00000034557	-	Zfyve9	1024
1025	3110021N24Rik	chr4	108719649	108781904	protein_coding	ENSMUSG00000094958	+	3110021N24Rik	1025
1026	Btf3l4	chr4	108814295	108833614	protein_coding	ENSMUSG00000028568	-	Btf3l4	1026
1027	Txndc12	chr4	108834601	108862127	protein_coding	ENSMUSG00000028567	+	Txndc12	1027
1028	Kti12	chr4	108847785	108849413	protein_coding	ENSMUSG00000073775	+	Kti12	1028
1029	Rab3b	chr4	108879063	108943324	protein_coding	ENSMUSG00000003411	+	Rab3b	1029
1030	Gm12736	chr4	108933573	108933808	processed_pseudogene	ENSMUSG00000082699	-	Gm12736	1030
1031	8030443G20Rik	chr4	108942843	108972077	lncRNA	ENSMUSG00000086483	-	8030443G20Rik	1031
1032	Nrd1	chr4	109000655	109061777	protein_coding	ENSMUSG00000053510	+	Nrd1	1032
1033	Mir761	chr4	109017655	109017730	miRNA	ENSMUSG00000076444	+	Mir761	1033
1034	Osbpl9	chr4	109061145	109202272	protein_coding	ENSMUSG00000028559	-	Osbpl9	1034
1035	Calr4	chr4	109234485	109254571	protein_coding	ENSMUSG00000028558	+	Calr4	1035
1036	Eps15	chr4	109280268	109387817	protein_coding	ENSMUSG00000028552	+	Eps15	1036
1037	Gm12749	chr4	109373701	109374859	processed_pseudogene	ENSMUSG00000083512	-	Gm12749	1037
1038	Ttc39aos1	chr4	109403794	109406155	lncRNA	ENSMUSG00000085873	-	Ttc39aos1	1038
1039	Ttc39a	chr4	109406623	109444745	protein_coding	ENSMUSG00000028555	+	Ttc39a	1039
1040	Rnf11	chr4	109451098	109484728	protein_coding	ENSMUSG00000028557	-	Rnf11	1040
1041	4930522H14Rik	chr4	109505337	109531297	protein_coding	ENSMUSG00000060491	-	4930522H14Rik	1041
1042	Gm12811	chr4	109569214	109656791	lncRNA	ENSMUSG00000087641	+	Gm12811	1042
1043	Gm12803	chr4	109629582	109630725	processed_pseudogene	ENSMUSG00000082771	+	Gm12803	1043
1044	9630013D21Rik	chr4	109651529	109657853	lncRNA	ENSMUSG00000059027	-	9630013D21Rik	1044
1045	Cdkn2c	chr4	109660876	109667189	protein_coding	ENSMUSG00000028551	-	Cdkn2c	1045
1046	Faf1	chr4	109676588	109963960	protein_coding	ENSMUSG00000010517	+	Faf1	1046
1047	Gm12808	chr4	109754414	109754817	processed_pseudogene	ENSMUSG00000083995	-	Gm12808	1047
1048	Dmrta2os	chr4	109976738	109977813	lncRNA	ENSMUSG00000085256	-	Dmrta2os	1048
1049	Dmrta2	chr4	109978053	109983687	protein_coding	ENSMUSG00000047143	+	Dmrta2	1049
1050	Elavl4	chr4	110203722	110351909	protein_coding	ENSMUSG00000028546	-	Elavl4	1050
1051	Agbl4	chr4	110397661	111664324	protein_coding	ENSMUSG00000061298	+	Agbl4	1051
1052	Gm12806	chr4	110510035	110510302	processed_pseudogene	ENSMUSG00000081813	+	Gm12806	1052
1053	Bend5	chr4	111415006	111460298	protein_coding	ENSMUSG00000028545	+	Bend5	1053
1054	Spata6	chr4	111719984	111829184	protein_coding	ENSMUSG00000034401	+	Spata6	1054
1055	Gm12960	chr4	111807358	111808423	processed_pseudogene	ENSMUSG00000100514	-	Gm12960	1055
1056	Slc5a9	chr4	111875375	111902918	protein_coding	ENSMUSG00000028544	-	Slc5a9	1056
1057	Skint8	chr4	111919392	111950358	protein_coding	ENSMUSG00000078599	+	Skint8	1057
1058	Skint7	chr4	111972923	111988223	protein_coding	ENSMUSG00000049214	+	Skint7	1058
1059	Skint1	chr4	112006269	112029538	protein_coding	ENSMUSG00000089773	+	Skint1	1059
1060	Skint4	chr4	112072016	112168076	protein_coding	ENSMUSG00000055960	+	Skint4	1060
1061	Skint3	chr4	112232245	112300468	protein_coding	ENSMUSG00000070868	+	Skint3	1061
1062	Skint9	chr4	112385969	112433985	protein_coding	ENSMUSG00000049972	-	Skint9	1062
1063	Gm12819	chr4	112512740	112521472	unprocessed_pseudogene	ENSMUSG00000081166	+	Gm12819	1063
1064	Gm12821	chr4	112537061	112537660	processed_pseudogene	ENSMUSG00000083599	+	Gm12821	1064
1065	Skint2	chr4	112557194	112652248	protein_coding	ENSMUSG00000034359	+	Skint2	1065
1066	Gm12814	chr4	112566407	112593053	unprocessed_pseudogene	ENSMUSG00000083753	+	Gm12814	1066
1067	Skint10	chr4	112711147	112774866	protein_coding	ENSMUSG00000048766	-	Skint10	1067
1068	Skint6	chr4	112804616	113286973	protein_coding	ENSMUSG00000087194	-	Skint6	1068
1069	Gm12823	chr4	112923696	112945317	lncRNA	ENSMUSG00000085878	+	Gm12823	1069
1070	Gm12813	chr4	113368187	113394359	unprocessed_pseudogene	ENSMUSG00000083384	+	Gm12813	1070
1071	Skint5	chr4	113477891	113999503	protein_coding	ENSMUSG00000078598	-	Skint5	1071
1072	AL627257.1	chr4	114122039	114123368	processed_pseudogene	ENSMUSG00000118515	+	AL627257.1	1072
1073	Skint11	chr4	114163384	114245028	protein_coding	ENSMUSG00000057977	+	Skint11	1073
1074	Trabd2b	chr4	114406724	114615098	protein_coding	ENSMUSG00000070867	+	Trabd2b	1074
1075	Gm12829	chr4	114680804	114687595	lncRNA	ENSMUSG00000085870	+	Gm12829	1075
1076	9130410C08Rik	chr4	114817161	114902859	lncRNA	ENSMUSG00000085323	-	9130410C08Rik	1076
1077	Gm12830	chr4	114821722	114856166	protein_coding	ENSMUSG00000055198	+	Gm12830	1077
1078	Foxd2os	chr4	114909257	114921967	lncRNA	ENSMUSG00000085399	+	Foxd2os	1078
1079	Cmpk1	chr4	114959336	114987241	protein_coding	ENSMUSG00000028719	-	Cmpk1	1079
1080	Stil	chr4	115000159	115043196	protein_coding	ENSMUSG00000028718	+	Stil	1080
1081	Tal1	chr4	115056426	115071755	protein_coding	ENSMUSG00000028717	+	Tal1	1081
1082	Pdzk1ip1	chr4	115088708	115093899	protein_coding	ENSMUSG00000028716	+	Pdzk1ip1	1082
1083	Cyp4x1	chr4	115106323	115134281	protein_coding	ENSMUSG00000047155	-	Cyp4x1	1083
1084	Cyp4x1os	chr4	115133832	115137864	lncRNA	ENSMUSG00000086896	+	Cyp4x1os	1084
1085	Cyp4a28-ps	chr4	115138568	115156506	unprocessed_pseudogene	ENSMUSG00000081823	-	Cyp4a28-ps	1085
1086	Cyp4a29	chr4	115242084	115254557	protein_coding	ENSMUSG00000083138	+	Cyp4a29	1086
1087	Cyp4a12a	chr4	115299046	115332815	protein_coding	ENSMUSG00000066071	+	Cyp4a12a	1087
1088	Cyp4a30-ps	chr4	115343788	115363115	unprocessed_pseudogene	ENSMUSG00000083190	+	Cyp4a30-ps	1088
1089	Cyp4a12b	chr4	115411624	115439034	protein_coding	ENSMUSG00000078597	+	Cyp4a12b	1089
1090	Gm12837	chr4	115416082	115416454	processed_pseudogene	ENSMUSG00000084415	-	Gm12837	1090
1091	Cyp4a30b	chr4	115452604	115471062	protein_coding	ENSMUSG00000084346	+	Cyp4a30b	1091
1092	Cyp4a14	chr4	115486200	115496142	protein_coding	ENSMUSG00000028715	-	Cyp4a14	1092
1093	Cyp4a10	chr4	115518264	115533649	protein_coding	ENSMUSG00000066072	+	Cyp4a10	1093
1094	Cyp4a31	chr4	115563649	115579015	protein_coding	ENSMUSG00000028712	+	Cyp4a31	1094
1095	Cyp4b1-ps2	chr4	115582286	115583144	unprocessed_pseudogene	ENSMUSG00000083457	-	Cyp4b1-ps2	1095
1096	Cyp4a32	chr4	115600969	115621602	protein_coding	ENSMUSG00000063929	+	Cyp4a32	1096
1097	Cyp4b1	chr4	115624725	115647723	protein_coding	ENSMUSG00000028713	-	Cyp4b1	1097
1098	Gm12848	chr4	115652389	115653480	processed_pseudogene	ENSMUSG00000082043	+	Gm12848	1098
1099	Gm12849	chr4	115707251	115708303	processed_pseudogene	ENSMUSG00000081172	+	Gm12849	1099
1100	Efcab14	chr4	115737744	115777327	protein_coding	ENSMUSG00000034210	+	Efcab14	1100
1101	Tex38	chr4	115779834	115781018	protein_coding	ENSMUSG00000044556	-	Tex38	1101
1102	Atpaf1	chr4	115784812	115822655	protein_coding	ENSMUSG00000028710	+	Atpaf1	1102
1103	Mob3c	chr4	115828092	115836185	protein_coding	ENSMUSG00000028709	+	Mob3c	1103
1104	Mknk1	chr4	115839198	115879250	protein_coding	ENSMUSG00000028708	+	Mknk1	1104
1105	Kncn	chr4	115884400	115889526	protein_coding	ENSMUSG00000073774	+	Kncn	1105
1106	6430628N08Rik	chr4	115890665	115899227	protein_coding	ENSMUSG00000034185	+	6430628N08Rik	1106
1107	Dmbx1	chr4	115915119	115939926	protein_coding	ENSMUSG00000028707	-	Dmbx1	1107
1108	Faah	chr4	115967145	116017926	protein_coding	ENSMUSG00000034171	-	Faah	1108
1109	Nsun4	chr4	116032842	116053876	protein_coding	ENSMUSG00000028706	-	Nsun4	1109
1110	Uqcrh	chr4	116066965	116075071	protein_coding	ENSMUSG00000063882	-	Uqcrh	1110
1111	Gm12854	chr4	116067268	116067564	processed_pseudogene	ENSMUSG00000078238	+	Gm12854	1111
1112	Lrrc41	chr4	116075269	116097043	protein_coding	ENSMUSG00000028703	+	Lrrc41	1112
1113	Rad54l	chr4	116094264	116123690	protein_coding	ENSMUSG00000028702	-	Rad54l	1113
1114	Pomgnt1	chr4	116123840	116159849	protein_coding	ENSMUSG00000028700	+	Pomgnt1	1114
1115	Lurap1	chr4	116132406	116151338	protein_coding	ENSMUSG00000028701	-	Lurap1	1115
1116	Tspan1	chr4	116161869	116167601	protein_coding	ENSMUSG00000028699	-	Tspan1	1116
1117	Gm49337	chr4	116173384	116299841	protein_coding	ENSMUSG00000111410	+	Gm49337	1117
1118	Gm12951	chr4	116176246	116177732	lncRNA	ENSMUSG00000085920	+	Gm12951	1118
1119	Pik3r3	chr4	116221618	116303056	protein_coding	ENSMUSG00000028698	+	Pik3r3	1119
1120	Mast2	chr4	116306762	116464183	protein_coding	ENSMUSG00000003810	-	Mast2	1120
1121	Ipp	chr4	116507549	116538243	protein_coding	ENSMUSG00000028696	+	Ipp	1121
1122	Tmem69	chr4	116551633	116555936	protein_coding	ENSMUSG00000055900	-	Tmem69	1122
1123	Gm12953	chr4	116551740	116552627	lncRNA	ENSMUSG00000087299	+	Gm12953	1123
1124	Gpbp1l1	chr4	116557658	116593882	protein_coding	ENSMUSG00000034042	+	Gpbp1l1	1124
1125	C530005A16Rik	chr4	116589733	116597630	lncRNA	ENSMUSG00000085408	-	C530005A16Rik	1125
1126	Ccdc17	chr4	116596654	116600266	protein_coding	ENSMUSG00000034035	+	Ccdc17	1126
1127	Nasp	chr4	116601052	116627941	protein_coding	ENSMUSG00000028693	-	Nasp	1127
1128	Akr1a1	chr4	116636510	116651680	protein_coding	ENSMUSG00000028692	-	Akr1a1	1128
1129	Prdx1	chr4	116685544	116700822	protein_coding	ENSMUSG00000028691	+	Prdx1	1129
1130	Mmachc	chr4	116702279	116708406	protein_coding	ENSMUSG00000028690	-	Mmachc	1130
1131	Ccdc163	chr4	116708509	116751206	protein_coding	ENSMUSG00000028689	+	Ccdc163	1131
1132	Tesk2	chr4	116720948	116805956	protein_coding	ENSMUSG00000033985	+	Tesk2	1132
1133	Gm27688	chr4	116725899	116725989	misc_RNA	ENSMUSG00000098491	+	Gm27688	1133
1134	Toe1	chr4	116794310	116807640	protein_coding	ENSMUSG00000028688	-	Toe1	1134
1135	Mutyh	chr4	116807723	116819440	protein_coding	ENSMUSG00000028687	+	Mutyh	1135
1136	Hpdl	chr4	116819904	116821707	protein_coding	ENSMUSG00000043155	-	Hpdl	1136
1137	Gm12996	chr4	116824903	116830603	lncRNA	ENSMUSG00000086417	+	Gm12996	1137
1138	Gm12994	chr4	116852664	116853110	processed_pseudogene	ENSMUSG00000082841	+	Gm12994	1138
1139	Zswim5	chr4	116877376	116989264	protein_coding	ENSMUSG00000033948	+	Zswim5	1139
1140	Gm26355	chr4	116904637	116904741	snRNA	ENSMUSG00000088845	+	Gm26355	1140
1141	Gm25435	chr4	116915227	116915493	misc_RNA	ENSMUSG00000088902	+	Gm25435	1141
1142	Gm22092	chr4	116922384	116922490	snRNA	ENSMUSG00000095805	-	Gm22092	1142
1143	Urod	chr4	116989965	116994413	protein_coding	ENSMUSG00000028684	-	Urod	1143
1144	Hectd3	chr4	116995317	117005277	protein_coding	ENSMUSG00000046861	+	Hectd3	1144
1145	1700021J08Rik	chr4	117002166	117003012	lncRNA	ENSMUSG00000086890	-	1700021J08Rik	1145
1146	Eif2b3	chr4	117019402	117087306	protein_coding	ENSMUSG00000028683	+	Eif2b3	1146
1147	Ptch2	chr4	117096075	117116101	protein_coding	ENSMUSG00000028681	+	Ptch2	1147
1148	Btbd19	chr4	117119219	117125725	protein_coding	ENSMUSG00000073771	-	Btbd19	1148
1149	Tctex1d4	chr4	117126794	117128738	protein_coding	ENSMUSG00000047671	+	Tctex1d4	1149
1150	Plk3	chr4	117128655	117133963	protein_coding	ENSMUSG00000028680	-	Plk3	1150
1151	Best4-ps	chr4	117145257	117148637	unitary_pseudogene	ENSMUSG00000033872	+	Best4-ps	1151
1152	Rps8	chr4	117153827	117156243	protein_coding	ENSMUSG00000047675	-	Rps8	1152
1153	Gm22980	chr4	117154093	117154162	snoRNA	ENSMUSG00000064542	-	Gm22980	1153
1154	Snord38a	chr4	117154514	117154584	snoRNA	ENSMUSG00000065680	-	Snord38a	1154
1155	Gm26330	chr4	117155186	117155289	snoRNA	ENSMUSG00000064751	-	Gm26330	1155
1156	Gm22398	chr4	117158309	117158433	miRNA	ENSMUSG00000095209	-	Gm22398	1156
1157	Kif2c	chr4	117159639	117182639	protein_coding	ENSMUSG00000028678	-	Kif2c	1157
1158	Armh1	chr4	117213334	117252125	protein_coding	ENSMUSG00000060268	-	Armh1	1158
1159	Tmem53	chr4	117251951	117268582	protein_coding	ENSMUSG00000048772	+	Tmem53	1159
1160	Rnf220	chr4	117271463	117497052	protein_coding	ENSMUSG00000028677	-	Rnf220	1160
1161	Gm12828	chr4	117445950	117455040	lncRNA	ENSMUSG00000086876	+	Gm12828	1161
1162	Gm12827	chr4	117496452	117500602	lncRNA	ENSMUSG00000087228	+	Gm12827	1162
1163	Gm12826	chr4	117513823	117514201	processed_pseudogene	ENSMUSG00000083446	-	Gm12826	1163
1164	Eri3	chr4	117550365	117674297	protein_coding	ENSMUSG00000033423	+	Eri3	1164
1165	Dmap1	chr4	117674681	117682273	protein_coding	ENSMUSG00000009640	-	Dmap1	1165
1166	Gm12840	chr4	117700188	117700923	lncRNA	ENSMUSG00000086320	+	Gm12840	1166
1167	Klf17	chr4	117757836	117765648	protein_coding	ENSMUSG00000048626	-	Klf17	1167
1168	Slc6a9	chr4	117834506	117875198	protein_coding	ENSMUSG00000028542	+	Slc6a9	1168
1169	Gm17114	chr4	117835299	117868558	lncRNA	ENSMUSG00000091237	-	Gm17114	1169
1170	Ccdc24	chr4	117866524	117872557	protein_coding	ENSMUSG00000078588	-	Ccdc24	1170
1171	B4galt2	chr4	117869260	117883487	protein_coding	ENSMUSG00000028541	-	B4galt2	1171
1172	Gm12841	chr4	117883621	117885995	lncRNA	ENSMUSG00000085278	+	Gm12841	1172
1173	Atp6v0b	chr4	117884326	117887333	protein_coding	ENSMUSG00000033379	-	Atp6v0b	1173
1174	Dph2	chr4	117888643	117892032	protein_coding	ENSMUSG00000028540	-	Dph2	1174
1175	Ipo13	chr4	117894486	117914999	protein_coding	ENSMUSG00000033365	-	Ipo13	1175
1176	St3gal3	chr4	117932154	118134914	protein_coding	ENSMUSG00000028538	-	St3gal3	1176
1177	9530034E10Rik	chr4	117975036	117993972	lncRNA	ENSMUSG00000086554	+	9530034E10Rik	1177
1178	Kdm4a	chr4	118136957	118180043	protein_coding	ENSMUSG00000033326	-	Kdm4a	1178
1179	Ptprf	chr4	118208213	118291405	protein_coding	ENSMUSG00000033295	-	Ptprf	1179
1180	Hyi	chr4	118359990	118362744	polymorphic_pseudogene	ENSMUSG00000006395	+	Hyi	1180
1181	Szt2	chr4	118362743	118409273	protein_coding	ENSMUSG00000033253	-	Szt2	1181
1182	Med8	chr4	118409337	118415782	protein_coding	ENSMUSG00000006392	+	Med8	1182
1183	Elovl1	chr4	118428093	118432953	protein_coding	ENSMUSG00000006390	+	Elovl1	1183
1184	Cdc20	chr4	118432901	118437352	protein_coding	ENSMUSG00000006398	-	Cdc20	1184
1185	Gm12858	chr4	118441013	118441220	processed_pseudogene	ENSMUSG00000081921	-	Gm12858	1185
1186	Mpl	chr4	118442415	118457513	protein_coding	ENSMUSG00000006389	-	Mpl	1186
1187	Tie1	chr4	118471191	118490061	protein_coding	ENSMUSG00000033191	-	Tie1	1187
1188	Gm12859	chr4	118490782	118497642	processed_pseudogene	ENSMUSG00000080857	-	Gm12859	1188
1189	Tmem125	chr4	118540941	118544044	protein_coding	ENSMUSG00000050854	-	Tmem125	1189
1190	Cfap57	chr4	118554551	118620777	protein_coding	ENSMUSG00000028730	-	Cfap57	1190
1191	Ebna1bp2	chr4	118620799	118627776	protein_coding	ENSMUSG00000028729	+	Ebna1bp2	1191
1192	Gm12853	chr4	118632847	118636062	lncRNA	ENSMUSG00000085292	-	Gm12853	1192
1193	Olfr62	chr4	118658952	118668042	protein_coding	ENSMUSG00000043698	+	Olfr62	1193
1194	Olfr1342	chr4	118687486	118692756	protein_coding	ENSMUSG00000043383	-	Olfr1342	1194
1195	Olfr1341	chr4	118703523	118713438	protein_coding	ENSMUSG00000046790	+	Olfr1341	1195
1196	Olfr1340	chr4	118720138	118729395	protein_coding	ENSMUSG00000070821	+	Olfr1340	1196
1197	Olfr1339	chr4	118732175	118736906	protein_coding	ENSMUSG00000070820	+	Olfr1339	1197
1198	Olfr1338	chr4	118751975	118758737	protein_coding	ENSMUSG00000095218	-	Olfr1338	1198
1199	Olfr1335	chr4	118808797	118809944	protein_coding	ENSMUSG00000066061	-	Olfr1335	1199
1200	Olfr1333	chr4	118827659	118836279	protein_coding	ENSMUSG00000110947	-	Olfr1333	1200
1201	Olfr1331	chr4	118864649	118871707	protein_coding	ENSMUSG00000073769	+	Olfr1331	1201
1202	Olfr1330	chr4	118888597	118899597	protein_coding	ENSMUSG00000073768	+	Olfr1330	1202
1203	Olfr1328	chr4	118930071	118938612	protein_coding	ENSMUSG00000111259	-	Olfr1328	1203
1204	Gm12856	chr4	118942060	118943352	processed_pseudogene	ENSMUSG00000084133	-	Gm12856	1204
1205	Lao1	chr4	118961578	118968912	protein_coding	ENSMUSG00000024903	+	Lao1	1205
1206	Gm12861	chr4	118971297	118999458	lncRNA	ENSMUSG00000085895	+	Gm12861	1206
1207	Gm12865	chr4	118984058	118997198	lncRNA	ENSMUSG00000087238	-	Gm12865	1207
1208	Gm12866	chr4	119054790	119069111	lncRNA	ENSMUSG00000066060	-	Gm12866	1208
1209	Slc2a1	chr4	119108711	119137983	protein_coding	ENSMUSG00000028645	+	Slc2a1	1209
1210	Gm12868	chr4	119133749	119138801	lncRNA	ENSMUSG00000085505	-	Gm12868	1210
1211	Zfp691	chr4	119169513	119174195	protein_coding	ENSMUSG00000045268	-	Zfp691	1211
1212	Ermap	chr4	119175457	119190011	protein_coding	ENSMUSG00000028644	-	Ermap	1212
1213	Svbp	chr4	119195306	119201298	protein_coding	ENSMUSG00000028643	+	Svbp	1213
1214	AU022252	chr4	119203570	119232712	protein_coding	ENSMUSG00000078584	-	AU022252	1214
1215	Tmem269	chr4	119205055	119218217	protein_coding	ENSMUSG00000028642	-	Tmem269	1215
1216	Gm12898	chr4	119223174	119224815	lncRNA	ENSMUSG00000085626	+	Gm12898	1216
1217	P3h1	chr4	119232915	119248975	protein_coding	ENSMUSG00000028641	+	P3h1	1217
1218	Gm12927	chr4	119252522	119256975	lncRNA	ENSMUSG00000085203	-	Gm12927	1218
1219	Cldn19	chr4	119255414	119262438	protein_coding	ENSMUSG00000066058	+	Cldn19	1219
1220	Ybx1	chr4	119277981	119294604	protein_coding	ENSMUSG00000028639	-	Ybx1	1220
1221	Gm37817	chr4	119295028	119295461	TEC	ENSMUSG00000102819	-	Gm37817	1221
1222	Ppih	chr4	119300010	119320546	protein_coding	ENSMUSG00000060288	-	Ppih	1222
1223	Ccdc30	chr4	119322466	119415521	protein_coding	ENSMUSG00000028637	-	Ccdc30	1223
1224	Ldha-ps2	chr4	119334389	119335445	processed_pseudogene	ENSMUSG00000083836	-	Ldha-ps2	1224
1225	BX470216.1	chr4	119393500	119399924	lncRNA	ENSMUSG00000118403	+	BX470216.1	1225
1226	Ppcs	chr4	119418530	119422420	protein_coding	ENSMUSG00000028636	-	Ppcs	1226
1227	Zmynd12	chr4	119422814	119467444	protein_coding	ENSMUSG00000070806	+	Zmynd12	1227
1228	Rimkla	chr4	119465283	119492628	protein_coding	ENSMUSG00000048899	-	Rimkla	1228
1229	Gm12954	chr4	119501865	119502546	processed_pseudogene	ENSMUSG00000082009	-	Gm12954	1229
1230	Gm12956	chr4	119509648	119510061	processed_pseudogene	ENSMUSG00000082814	-	Gm12956	1230
1231	Gm12955	chr4	119519126	119520082	processed_pseudogene	ENSMUSG00000080773	-	Gm12955	1231
1232	Frg2f1	chr4	119530308	119539529	protein_coding	ENSMUSG00000087385	-	Frg2f1	1232
1233	Foxj3	chr4	119537004	119629119	protein_coding	ENSMUSG00000032998	+	Foxj3	1233
1234	Gm12959	chr4	119553656	119554058	processed_pseudogene	ENSMUSG00000081678	-	Gm12959	1234
1235	Hivep3	chr4	119733784	120138045	protein_coding	ENSMUSG00000028634	+	Hivep3	1235
1236	AL607142.1	chr4	120064996	120093973	protein_coding	ENSMUSG00000115115	+	AL607142.1	1236
1237	Edn2	chr4	120161206	120167360	protein_coding	ENSMUSG00000028635	+	Edn2	1237
1238	Foxo6	chr4	120267079	120287349	protein_coding	ENSMUSG00000052135	-	Foxo6	1238
1239	Foxo6os	chr4	120291350	120303892	lncRNA	ENSMUSG00000084929	+	Foxo6os	1239
1240	Scmh1	chr4	120405281	120530186	protein_coding	ENSMUSG00000000085	+	Scmh1	1240
1241	Slfnl1	chr4	120532231	120536661	protein_coding	ENSMUSG00000047518	+	Slfnl1	1241
1242	Ctps	chr4	120539868	120570276	protein_coding	ENSMUSG00000028633	-	Ctps	1242
1243	Gm8439	chr4	120588745	120609673	protein_coding	ENSMUSG00000091297	+	Gm8439	1243
1244	Gm12860	chr4	120615840	120622682	lncRNA	ENSMUSG00000086187	+	Gm12860	1244
1245	Gm45579	chr4	120644219	120648137	lncRNA	ENSMUSG00000110389	-	Gm45579	1245
1246	Cited4	chr4	120666572	120667820	protein_coding	ENSMUSG00000070803	+	Cited4	1246
1247	Kcnq4	chr4	120696138	120748612	protein_coding	ENSMUSG00000028631	-	Kcnq4	1247
1248	Nfyc	chr4	120757438	120831572	protein_coding	ENSMUSG00000032897	-	Nfyc	1248
1249	Gm23936	chr4	120837488	120837597	miRNA	ENSMUSG00000096876	+	Gm23936	1249
1250	Rims3	chr4	120854816	120896579	protein_coding	ENSMUSG00000032890	+	Rims3	1250
1251	Gm12871	chr4	120901223	120901660	processed_pseudogene	ENSMUSG00000082200	+	Gm12871	1251
1252	Exo5	chr4	120921196	120925017	protein_coding	ENSMUSG00000028629	-	Exo5	1252
1253	Zfp69	chr4	120930137	120951699	protein_coding	ENSMUSG00000064141	-	Zfp69	1253
1254	Smap2	chr4	120968317	121017247	protein_coding	ENSMUSG00000032870	-	Smap2	1254
1255	Mir7015	chr4	120973259	120973322	miRNA	ENSMUSG00000106436	-	Mir7015	1255
1256	Col9a2	chr4	121039385	121055322	protein_coding	ENSMUSG00000028626	+	Col9a2	1256
1257	Zmpste24	chr4	121059237	121098241	protein_coding	ENSMUSG00000043207	-	Zmpste24	1257
1258	Gm23540	chr4	121083986	121084149	snRNA	ENSMUSG00000088168	-	Gm23540	1258
1259	Tmco2	chr4	121105651	121109226	protein_coding	ENSMUSG00000078577	-	Tmco2	1259
1260	Gm12879	chr4	121130118	121131299	processed_pseudogene	ENSMUSG00000081305	+	Gm12879	1260
1261	Rlf	chr4	121145373	121215084	protein_coding	ENSMUSG00000049878	-	Rlf	1261
1262	Gm12888	chr4	121316316	121324917	protein_coding	ENSMUSG00000073764	-	Gm12888	1262
1263	Gm12883	chr4	121392992	121396557	unprocessed_pseudogene	ENSMUSG00000081667	+	Gm12883	1263
1264	Gm12886	chr4	121414735	121423099	protein_coding	ENSMUSG00000078576	-	Gm12886	1264
1265	Gm12880	chr4	121476810	121479450	unprocessed_pseudogene	ENSMUSG00000082821	-	Gm12880	1265
1266	Gm26162	chr4	121509472	121509603	snoRNA	ENSMUSG00000088418	+	Gm26162	1266
1267	Gm12887	chr4	121614271	121622103	protein_coding	ENSMUSG00000078575	-	Gm12887	1267
1268	Gm12892	chr4	122008193	122009338	processed_pseudogene	ENSMUSG00000083679	+	Gm12892	1268
1269	Gm12897	chr4	122187748	122206656	unprocessed_pseudogene	ENSMUSG00000083949	+	Gm12897	1269
1270	Gm12877	chr4	122582700	122604894	unprocessed_pseudogene	ENSMUSG00000081377	-	Gm12877	1270
1271	Gm12875	chr4	122640346	122648326	unprocessed_pseudogene	ENSMUSG00000080871	-	Gm12875	1271
1272	Gm12876	chr4	122660923	122677278	unprocessed_pseudogene	ENSMUSG00000083109	-	Gm12876	1272
1273	9530002B09Rik	chr4	122689275	122705129	protein_coding	ENSMUSG00000023263	+	9530002B09Rik	1273
1274	Gm12872	chr4	122730284	122734733	unprocessed_pseudogene	ENSMUSG00000084082	-	Gm12872	1274
1275	Gm12873	chr4	122778154	122793749	unprocessed_pseudogene	ENSMUSG00000083494	-	Gm12873	1275
1276	Ppt1	chr4	122836242	122859175	protein_coding	ENSMUSG00000028657	+	Ppt1	1276
1277	Cap1	chr4	122859047	122886056	protein_coding	ENSMUSG00000028656	-	Cap1	1277
1278	Gm12891	chr4	122925833	122926072	processed_pseudogene	ENSMUSG00000080929	+	Gm12891	1278
1279	Mfsd2a	chr4	122946850	122961188	protein_coding	ENSMUSG00000028655	-	Mfsd2a	1279
1280	4933421A08Rik	chr4	122961309	122963475	lncRNA	ENSMUSG00000086443	+	4933421A08Rik	1280
1281	Mycl	chr4	122995652	123002485	protein_coding	ENSMUSG00000028654	+	Mycl	1281
1282	Trit1	chr4	123016597	123054949	protein_coding	ENSMUSG00000028653	+	Trit1	1282
1283	Bmp8b	chr4	123105165	123132099	protein_coding	ENSMUSG00000002384	+	Bmp8b	1283
1284	Gm17244	chr4	123113349	123116764	TEC	ENSMUSG00000102997	-	Gm17244	1284
1285	Oxct2b	chr4	123116266	123118000	protein_coding	ENSMUSG00000076438	+	Oxct2b	1285
1286	Ppie	chr4	123127115	123139951	protein_coding	ENSMUSG00000028651	-	Ppie	1286
1287	Hpcal4	chr4	123183227	123194701	protein_coding	ENSMUSG00000046093	+	Hpcal4	1287
1288	Nt5c1a	chr4	123201504	123216275	protein_coding	ENSMUSG00000054958	+	Nt5c1a	1288
1289	Heyl	chr4	123233556	123249875	protein_coding	ENSMUSG00000032744	+	Heyl	1289
1290	Gm12901	chr4	123258046	123258904	processed_pseudogene	ENSMUSG00000083720	+	Gm12901	1290
1291	Pabpc4	chr4	123262351	123298925	protein_coding	ENSMUSG00000011257	+	Pabpc4	1291
1292	Bmp8a	chr4	123312645	123343252	protein_coding	ENSMUSG00000032726	-	Bmp8a	1292
1293	Macf1	chr4	123349633	123684360	protein_coding	ENSMUSG00000028649	-	Macf1	1293
1294	Gm12924	chr4	123435617	123435934	processed_pseudogene	ENSMUSG00000081528	+	Gm12924	1294
1295	Mir6398	chr4	123616420	123616521	miRNA	ENSMUSG00000099005	+	Mir6398	1295
1296	Gm12926	chr4	123630295	123630703	processed_pseudogene	ENSMUSG00000081585	+	Gm12926	1296
1297	Gm12925	chr4	123665881	123671217	lncRNA	ENSMUSG00000087307	+	Gm12925	1297
1298	Ndufs5	chr4	123712710	123718202	protein_coding	ENSMUSG00000028648	-	Ndufs5	1298
1299	Akirin1	chr4	123734559	123750345	protein_coding	ENSMUSG00000023075	-	Akirin1	1299
1300	Rhbdl2	chr4	123787874	123829904	protein_coding	ENSMUSG00000043333	+	Rhbdl2	1300
1301	1700121C08Rik	chr4	123833622	123859513	lncRNA	ENSMUSG00000086275	-	1700121C08Rik	1301
1302	4933427I04Rik	chr4	123859679	123863165	lncRNA	ENSMUSG00000073761	+	4933427I04Rik	1302
1303	D130007C19Rik	chr4	123902129	123903634	pseudogene	ENSMUSG00000054304	-	D130007C19Rik	1303
1304	Gm12903	chr4	123902422	123902965	processed_pseudogene	ENSMUSG00000080993	+	Gm12903	1304
1305	Mycbp	chr4	123904832	123912269	protein_coding	ENSMUSG00000028647	+	Mycbp	1305
1306	Gm12905	chr4	123905062	123918023	lncRNA	ENSMUSG00000085875	-	Gm12905	1306
1307	Rragc	chr4	123917446	123936997	protein_coding	ENSMUSG00000028646	+	Rragc	1307
1308	Gm12902	chr4	123926234	123926555	processed_pseudogene	ENSMUSG00000082515	+	Gm12902	1308
1309	Gm37667	chr4	124277777	124279177	TEC	ENSMUSG00000103541	-	Gm37667	1309
1310	Gm12916	chr4	124293693	124299848	lncRNA	ENSMUSG00000086087	-	Gm12916	1310
1311	1700021L23Rik	chr4	124302837	124311461	lncRNA	ENSMUSG00000086955	-	1700021L23Rik	1311
1312	4933435F18Rik	chr4	124326308	124332508	lncRNA	ENSMUSG00000086978	-	4933435F18Rik	1312
1313	1700057H15Rik	chr4	124414416	124485959	lncRNA	ENSMUSG00000084757	-	1700057H15Rik	1313
1314	Gm2164	chr4	124528924	124657169	lncRNA	ENSMUSG00000098760	-	Gm2164	1314
1315	4933407E24Rik	chr4	124569190	124574645	lncRNA	ENSMUSG00000073759	+	4933407E24Rik	1315
1316	Pou3f1	chr4	124656807	124660655	protein_coding	ENSMUSG00000090125	+	Pou3f1	1316
1317	Utp11	chr4	124678160	124693600	protein_coding	ENSMUSG00000028907	-	Utp11	1317
1318	Fhl3	chr4	124700701	124708611	protein_coding	ENSMUSG00000032643	+	Fhl3	1318
1319	Sf3a3	chr4	124714776	124732460	protein_coding	ENSMUSG00000028902	+	Sf3a3	1319
1320	Gm12917	chr4	124718999	124719637	processed_pseudogene	ENSMUSG00000083104	+	Gm12917	1320
1321	Mir697	chr4	124731694	124731802	miRNA	ENSMUSG00000076271	+	Mir697	1321
1322	Gm12915	chr4	124735730	124751354	lncRNA	ENSMUSG00000086589	-	Gm12915	1322
1323	Inpp5b	chr4	124741850	124801511	protein_coding	ENSMUSG00000028894	+	Inpp5b	1323
1324	Mtf1	chr4	124802104	124849800	protein_coding	ENSMUSG00000028890	+	Mtf1	1324
1325	n-R5s192	chr4	124820821	124820939	rRNA	ENSMUSG00000084526	+	n-R5s192	1325
1326	1110065P20Rik	chr4	124849080	124851196	protein_coding	ENSMUSG00000078570	-	1110065P20Rik	1326
1327	Yrdc	chr4	124850679	124855242	protein_coding	ENSMUSG00000028889	+	Yrdc	1327
1328	Maneal	chr4	124855239	124862171	protein_coding	ENSMUSG00000042763	-	Maneal	1328
1329	Epha10	chr4	124880899	124917800	protein_coding	ENSMUSG00000028876	+	Epha10	1329
1330	1700125G02Rik	chr4	124890888	124894782	lncRNA	ENSMUSG00000085263	-	1700125G02Rik	1330
1331	Cdca8	chr4	124918465	124939311	protein_coding	ENSMUSG00000028873	-	Cdca8	1331
1332	9930104L06Rik	chr4	124937048	124944656	protein_coding	ENSMUSG00000044730	+	9930104L06Rik	1332
1333	Gm12930	chr4	124957647	124987009	lncRNA	ENSMUSG00000087011	-	Gm12930	1333
1334	Rspo1	chr4	124986430	125009099	protein_coding	ENSMUSG00000028871	+	Rspo1	1334
1335	Gnl2	chr4	125016585	125055380	protein_coding	ENSMUSG00000028869	+	Gnl2	1335
1336	Gm12931	chr4	125019500	125019823	processed_pseudogene	ENSMUSG00000080934	+	Gm12931	1336
1337	Dnali1	chr4	125055338	125065703	protein_coding	ENSMUSG00000042707	-	Dnali1	1337
1338	Snip1	chr4	125066672	125074042	protein_coding	ENSMUSG00000050213	+	Snip1	1338
1339	Gm12932	chr4	125082857	125084947	lncRNA	ENSMUSG00000086342	-	Gm12932	1339
1340	Meaf6	chr4	125085134	125113238	protein_coding	ENSMUSG00000028863	+	Meaf6	1340
1341	Zc3h12a	chr4	125118423	125127840	protein_coding	ENSMUSG00000042677	-	Zc3h12a	1341
1342	1700041M05Rik	chr4	125228597	125242052	lncRNA	ENSMUSG00000087010	+	1700041M05Rik	1342
1343	Grik3	chr4	125490700	125714173	protein_coding	ENSMUSG00000001985	+	Grik3	1343
1344	Ftl2-ps	chr4	125504288	125504839	processed_pseudogene	ENSMUSG00000082062	+	Ftl2-ps	1344
1345	Mir692-2	chr4	125504749	125504857	miRNA	ENSMUSG00000094403	+	Mir692-2	1345
1346	2610028E06Rik	chr4	125887851	125922417	lncRNA	ENSMUSG00000085562	-	2610028E06Rik	1346
1347	Csf3r	chr4	126024550	126044440	protein_coding	ENSMUSG00000028859	+	Csf3r	1347
1348	Mrps15	chr4	126046925	126055532	protein_coding	ENSMUSG00000028861	+	Mrps15	1348
1349	Oscp1	chr4	126058565	126092195	protein_coding	ENSMUSG00000042616	+	Oscp1	1349
1350	Rpl28-ps3	chr4	126069867	126070259	processed_pseudogene	ENSMUSG00000079942	-	Rpl28-ps3	1350
1351	Lsm10	chr4	126096623	126098584	protein_coding	ENSMUSG00000050188	+	Lsm10	1351
1352	Stk40	chr4	126103957	126141029	protein_coding	ENSMUSG00000042608	+	Stk40	1352
1353	Gm12946	chr4	126145979	126147735	lncRNA	ENSMUSG00000086961	+	Gm12946	1353
1354	Sh3d21	chr4	126150602	126163491	protein_coding	ENSMUSG00000073758	-	Sh3d21	1354
1355	Thrap3	chr4	126164082	126202760	protein_coding	ENSMUSG00000043962	-	Thrap3	1355
1356	Gm25323	chr4	126201175	126201277	snRNA	ENSMUSG00000084504	-	Gm25323	1356
1357	Map7d1	chr4	126232167	126256343	protein_coding	ENSMUSG00000028849	-	Map7d1	1357
1358	Trappc3	chr4	126262325	126275883	protein_coding	ENSMUSG00000028847	+	Trappc3	1358
1359	Col8a2	chr4	126286793	126314330	protein_coding	ENSMUSG00000056174	+	Col8a2	1359
1360	Adprhl2	chr4	126316047	126321703	protein_coding	ENSMUSG00000042558	-	Adprhl2	1360
1361	Tekt2	chr4	126322121	126325688	protein_coding	ENSMUSG00000028845	-	Tekt2	1361
1362	Gm12945	chr4	126323599	126325237	lncRNA	ENSMUSG00000087394	+	Gm12945	1362
1363	Ago3	chr4	126331704	126429556	protein_coding	ENSMUSG00000028842	-	Ago3	1363
1364	Ago1	chr4	126435012	126468583	protein_coding	ENSMUSG00000041530	-	Ago1	1364
1365	Gm12928	chr4	126476727	126477299	processed_pseudogene	ENSMUSG00000082381	-	Gm12928	1365
1366	Ago4	chr4	126489541	126533472	protein_coding	ENSMUSG00000042500	-	Ago4	1366
1367	Gm12935	chr4	126521669	126522087	processed_pseudogene	ENSMUSG00000083461	+	Gm12935	1367
1368	Gm12934	chr4	126524330	126524672	processed_pseudogene	ENSMUSG00000082888	-	Gm12934	1368
1369	Clspn	chr4	126556935	126593903	protein_coding	ENSMUSG00000042489	+	Clspn	1369
1370	Gm12936	chr4	126584509	126584809	processed_pseudogene	ENSMUSG00000081319	-	Gm12936	1370
1371	5730409E04Rik	chr4	126609818	126614371	protein_coding	ENSMUSG00000073755	+	5730409E04Rik	1371
1372	Gm12933	chr4	126665254	126666125	processed_pseudogene	ENSMUSG00000081210	+	Gm12933	1372
1373	Psmb2	chr4	126677630	126709714	protein_coding	ENSMUSG00000028837	+	Psmb2	1373
1374	Tfap2e	chr4	126716006	126736240	protein_coding	ENSMUSG00000042477	-	Tfap2e	1374
1375	Ncdn	chr4	126743750	126753438	protein_coding	ENSMUSG00000028833	-	Ncdn	1375
1376	AU040320	chr4	126753544	126870070	protein_coding	ENSMUSG00000028830	+	AU040320	1376
1377	Gm12937	chr4	126795473	126796415	processed_pseudogene	ENSMUSG00000082498	-	Gm12937	1377
1378	Gm24161	chr4	126818016	126818145	snoRNA	ENSMUSG00000077780	-	Gm24161	1378
1379	Zmym4	chr4	126861939	126968135	protein_coding	ENSMUSG00000042446	-	Zmym4	1379
1380	Gm12939	chr4	126983439	126983603	processed_pseudogene	ENSMUSG00000081609	+	Gm12939	1380
1381	Sfpq	chr4	127021324	127037013	protein_coding	ENSMUSG00000028820	+	Sfpq	1381
1382	Gm12940	chr4	127033731	127049398	lncRNA	ENSMUSG00000085334	+	Gm12940	1382
1383	Zmym1	chr4	127047094	127061152	protein_coding	ENSMUSG00000043872	-	Zmym1	1383
1384	Gm12944	chr4	127056262	127056724	processed_pseudogene	ENSMUSG00000084149	+	Gm12944	1384
1385	Zmym6	chr4	127077383	127124372	protein_coding	ENSMUSG00000042408	+	Zmym6	1385
1386	Gm25600	chr4	127108466	127108571	snRNA	ENSMUSG00000088982	-	Gm25600	1386
1387	Tmem35b	chr4	127123691	127129644	protein_coding	ENSMUSG00000070737	+	Tmem35b	1387
1388	Gm12943	chr4	127141279	127141488	processed_pseudogene	ENSMUSG00000082220	-	Gm12943	1388
1389	Dlgap3	chr4	127169204	127237022	protein_coding	ENSMUSG00000042388	+	Dlgap3	1389
1390	Smim12	chr4	127243784	127247809	protein_coding	ENSMUSG00000042380	+	Smim12	1390
1391	Gja4	chr4	127311421	127314039	protein_coding	ENSMUSG00000050234	-	Gja4	1391
1392	Gjb3	chr4	127325235	127330844	protein_coding	ENSMUSG00000042367	-	Gjb3	1392
1393	Gjb4	chr4	127351086	127354081	protein_coding	ENSMUSG00000046623	-	Gjb4	1393
1394	4930471C06Rik	chr4	127474848	127476840	lncRNA	ENSMUSG00000086138	+	4930471C06Rik	1394
1395	1700080G11Rik	chr4	127531622	127532885	lncRNA	ENSMUSG00000086771	+	1700080G11Rik	1395
1396	A630031M04Rik	chr4	127545101	127570502	lncRNA	ENSMUSG00000087470	+	A630031M04Rik	1396
1397	1700112K13Rik	chr4	127810638	127812173	lncRNA	ENSMUSG00000087510	-	1700112K13Rik	1397
1398	CK137956	chr4	127927592	127970951	protein_coding	ENSMUSG00000028813	-	CK137956	1398
1399	Csmd2	chr4	127987857	128567656	protein_coding	ENSMUSG00000028804	+	Csmd2	1399
1400	Csmd2os	chr4	128133523	128166967	lncRNA	ENSMUSG00000087459	-	Csmd2os	1400
1401	Hmgb4	chr4	128260212	128260957	protein_coding	ENSMUSG00000048686	-	Hmgb4	1401
1402	Hmgb4os	chr4	128261044	128262990	lncRNA	ENSMUSG00000085717	+	Hmgb4os	1402
1403	Zscan20	chr4	128583539	128610098	protein_coding	ENSMUSG00000061894	-	Zscan20	1403
1404	Tlr12	chr4	128615443	128618619	protein_coding	ENSMUSG00000062545	-	Tlr12	1404
1405	Phc2	chr4	128654702	128752881	protein_coding	ENSMUSG00000028796	+	Phc2	1405
1406	A3galt2	chr4	128755364	128769298	protein_coding	ENSMUSG00000028794	+	A3galt2	1406
1407	Zfp362	chr4	128773088	128806045	protein_coding	ENSMUSG00000028799	-	Zfp362	1407
1408	Gm12968	chr4	128846197	128873698	lncRNA	ENSMUSG00000085701	+	Gm12968	1408
1409	Trim62	chr4	128883580	128911328	protein_coding	ENSMUSG00000041000	+	Trim62	1409
1410	Azin2	chr4	128930233	128962442	protein_coding	ENSMUSG00000028789	-	Azin2	1410
1411	Gm15904	chr4	128936005	128940195	lncRNA	ENSMUSG00000085961	+	Gm15904	1411
1412	Ak2	chr4	128991958	129011529	protein_coding	ENSMUSG00000028792	+	Ak2	1412
1413	1700086P04Rik	chr4	129050097	129057983	lncRNA	ENSMUSG00000085085	-	1700086P04Rik	1413
1414	Rnf19b	chr4	129058271	129085886	protein_coding	ENSMUSG00000028793	+	Rnf19b	1414
1415	Tmem54	chr4	129105548	129111626	protein_coding	ENSMUSG00000028786	+	Tmem54	1415
1416	Hpca	chr4	129111570	129122036	protein_coding	ENSMUSG00000028785	-	Hpca	1416
1417	Gm15906	chr4	129135091	129136910	lncRNA	ENSMUSG00000087416	+	Gm15906	1417
1418	Fndc5	chr4	129136999	129144593	protein_coding	ENSMUSG00000001334	+	Fndc5	1418
1419	S100pbp	chr4	129148005	129189727	protein_coding	ENSMUSG00000040928	-	S100pbp	1419
1420	Yars	chr4	129189760	129219607	protein_coding	ENSMUSG00000028811	+	Yars	1420
1421	C77080	chr4	129219578	129261404	protein_coding	ENSMUSG00000050390	-	C77080	1421
1422	Gm12976	chr4	129261965	129265010	lncRNA	ENSMUSG00000087575	+	Gm12976	1422
1423	Sync	chr4	129287617	129308559	protein_coding	ENSMUSG00000001333	+	Sync	1423
1424	Rbbp4	chr4	129307100	129335370	protein_coding	ENSMUSG00000057236	-	Rbbp4	1424
1425	Zbtb8os	chr4	129335695	129354547	protein_coding	ENSMUSG00000057572	+	Zbtb8os	1425
1426	Zbtb8a	chr4	129353628	129378116	protein_coding	ENSMUSG00000028807	-	Zbtb8a	1426
1427	Zbtb8b	chr4	129425765	129440853	protein_coding	ENSMUSG00000048485	-	Zbtb8b	1427
1428	Gm24621	chr4	129458351	129458490	snRNA	ENSMUSG00000064613	+	Gm24621	1428
1429	Bsdc1	chr4	129461581	129488498	protein_coding	ENSMUSG00000040859	+	Bsdc1	1429
1430	Tssk3	chr4	129489014	129491022	protein_coding	ENSMUSG00000000411	-	Tssk3	1430
1431	Gm12979	chr4	129491969	129509746	lncRNA	ENSMUSG00000086336	-	Gm12979	1431
1432	Marcksl1	chr4	129513581	129515985	protein_coding	ENSMUSG00000047945	+	Marcksl1	1432
1433	Hdac1	chr4	129516104	129542713	protein_coding	ENSMUSG00000028800	-	Hdac1	1433
1434	Lck	chr4	129548344	129573641	protein_coding	ENSMUSG00000000409	-	Lck	1434
1435	Eif3i	chr4	129591960	129600648	protein_coding	ENSMUSG00000028798	-	Eif3i	1435
1436	Tmem234	chr4	129600668	129624059	protein_coding	ENSMUSG00000028797	+	Tmem234	1436
1437	Dcdc2b	chr4	129608331	129614257	protein_coding	ENSMUSG00000078552	-	Dcdc2b	1437
1438	Iqcc	chr4	129615126	129619099	protein_coding	ENSMUSG00000040795	-	Iqcc	1438
1439	Ccdc28b	chr4	129619274	129623947	protein_coding	ENSMUSG00000028795	-	Ccdc28b	1439
1440	Txlna	chr4	129626078	129641065	protein_coding	ENSMUSG00000053841	-	Txlna	1440
1441	Kpna6	chr4	129643980	129672767	protein_coding	ENSMUSG00000003731	-	Kpna6	1441
1442	Tmem39b	chr4	129676355	129696838	protein_coding	ENSMUSG00000053730	-	Tmem39b	1442
1443	Khdrbs1	chr4	129703164	129742303	protein_coding	ENSMUSG00000028790	-	Khdrbs1	1443
1444	Gm12967	chr4	129761628	129761916	processed_pseudogene	ENSMUSG00000080944	-	Gm12967	1444
1445	Gm28017	chr4	129762311	129762436	miRNA	ENSMUSG00000099322	-	Gm28017	1445
1446	Ptp4a2	chr4	129811219	129850003	protein_coding	ENSMUSG00000028788	+	Ptp4a2	1446
1447	Gm10571	chr4	129855071	129856710	pseudogene	ENSMUSG00000073753	+	Gm10571	1447
1448	Gm12966	chr4	129899093	129899902	processed_pseudogene	ENSMUSG00000070729	+	Gm12966	1448
1449	E330017L17Rik	chr4	129906216	129919787	lncRNA	ENSMUSG00000086369	+	E330017L17Rik	1449
1450	Spocd1	chr4	129929249	129957115	protein_coding	ENSMUSG00000028784	+	Spocd1	1450
1451	1700003M07Rik	chr4	129960374	129963657	lncRNA	ENSMUSG00000085389	+	1700003M07Rik	1451
1452	Adgrb2	chr4	129984870	130022633	protein_coding	ENSMUSG00000028782	+	Adgrb2	1452
1453	Gm12963	chr4	130024256	130047774	lncRNA	ENSMUSG00000085517	-	Gm12963	1453
1454	Col16a1	chr4	130047840	130099283	protein_coding	ENSMUSG00000040690	+	Col16a1	1454
1455	Pef1	chr4	130102558	130128135	protein_coding	ENSMUSG00000028779	+	Pef1	1455
1456	Hcrtr1	chr4	130130217	130139359	protein_coding	ENSMUSG00000028778	-	Hcrtr1	1456
1457	Tinagl1	chr4	130164454	130175122	protein_coding	ENSMUSG00000028776	-	Tinagl1	1457
1458	Ldc1	chr4	130209109	130222401	protein_coding	ENSMUSG00000023120	-	Ldc1	1458
1459	Serinc2	chr4	130253495	130279205	protein_coding	ENSMUSG00000023232	-	Serinc2	1459
1460	Gm10570	chr4	130306556	130308674	lncRNA	ENSMUSG00000073752	-	Gm10570	1460
1461	Fabp3	chr4	130308595	130315463	protein_coding	ENSMUSG00000028773	+	Fabp3	1461
1462	Zcchc17	chr4	130315383	130359943	protein_coding	ENSMUSG00000028772	-	Zcchc17	1462
1463	Snrnp40	chr4	130360132	130390026	protein_coding	ENSMUSG00000074088	+	Snrnp40	1463
1464	Nkain1	chr4	130531602	130574173	protein_coding	ENSMUSG00000078532	-	Nkain1	1464
1465	Pum1	chr4	130663321	130781564	protein_coding	ENSMUSG00000028580	+	Pum1	1465
1466	Gm12971	chr4	130758563	130762379	lncRNA	ENSMUSG00000087449	+	Gm12971	1466
1467	Gm24091	chr4	130766331	130766413	snoRNA	ENSMUSG00000093793	+	Gm24091	1467
1468	Gm12972	chr4	130786069	130787855	lncRNA	ENSMUSG00000086548	+	Gm12972	1468
1469	Sdc3	chr4	130792537	130826319	protein_coding	ENSMUSG00000025743	+	Sdc3	1469
1470	Gm26716	chr4	130824394	130826313	lncRNA	ENSMUSG00000097224	-	Gm26716	1470
1471	Laptm5	chr4	130913125	130936141	protein_coding	ENSMUSG00000028581	+	Laptm5	1471
1472	Matn1	chr4	130944385	130955475	protein_coding	ENSMUSG00000040533	+	Matn1	1472
1473	Gm12973	chr4	130974790	131001339	lncRNA	ENSMUSG00000085804	+	Gm12973	1473
1474	A930031H19Rik	chr4	131000832	131010474	lncRNA	ENSMUSG00000086262	-	A930031H19Rik	1474
1475	Gm831	chr4	131487197	131505527	lncRNA	ENSMUSG00000078531	+	Gm831	1475
1476	Gm12962	chr4	131647048	131677845	lncRNA	ENSMUSG00000087171	-	Gm12962	1476
1477	Gm16080	chr4	131694607	131710508	lncRNA	ENSMUSG00000086856	-	Gm16080	1477
1478	Ptpru	chr4	131768457	131838288	protein_coding	ENSMUSG00000028909	-	Ptpru	1478
1479	Mecr	chr4	131843470	131867786	protein_coding	ENSMUSG00000028910	+	Mecr	1479
1480	Srsf4	chr4	131873617	131901706	protein_coding	ENSMUSG00000028911	+	Srsf4	1480
1481	A930004J17Rik	chr4	131878628	131883237	TEC	ENSMUSG00000102602	+	A930004J17Rik	1481
1482	Gm12992	chr4	131899478	131920029	lncRNA	ENSMUSG00000085667	-	Gm12992	1482
1483	Gm12978	chr4	131902790	131903311	transcribed_processed_pseudogene	ENSMUSG00000083013	-	Gm12978	1483
1484	AL607088.1	chr4	131920816	131921528	lncRNA	ENSMUSG00000118394	-	AL607088.1	1484
1485	Tmem200b	chr4	131921200	131923140	protein_coding	ENSMUSG00000070720	+	Tmem200b	1485
1486	Epb41	chr4	131923413	132075321	protein_coding	ENSMUSG00000028906	-	Epb41	1486
1487	Gm27445	chr4	131992218	131992289	miRNA	ENSMUSG00000098577	-	Gm27445	1487
1488	Gm13063	chr4	132048178	132048961	lncRNA	ENSMUSG00000084869	+	Gm13063	1488
1489	Gm10300	chr4	132074697	132076992	lncRNA	ENSMUSG00000070717	+	Gm10300	1489
1490	Gm37711	chr4	132104830	132109363	TEC	ENSMUSG00000102796	-	Gm37711	1490
1491	Oprd1	chr4	132110726	132144486	protein_coding	ENSMUSG00000050511	-	Oprd1	1491
1492	Gm13215	chr4	132148413	132148884	processed_pseudogene	ENSMUSG00000081394	-	Gm13215	1492
1493	Ythdf2	chr4	132184912	132212303	protein_coding	ENSMUSG00000040025	-	Ythdf2	1493
1494	Gm22033	chr4	132218439	132218528	miRNA	ENSMUSG00000080597	-	Gm22033	1494
1495	Rps15a-ps4	chr4	132219988	132220489	transcribed_processed_pseudogene	ENSMUSG00000083757	-	Rps15a-ps4	1495
1496	Gmeb1	chr4	132221025	132261602	protein_coding	ENSMUSG00000028901	-	Gmeb1	1496
1497	Gm13252	chr4	132244946	132245266	processed_pseudogene	ENSMUSG00000084105	-	Gm13252	1497
1498	Gm28874	chr4	132265708	132268841	lncRNA	ENSMUSG00000100813	+	Gm28874	1498
1499	Gm28872	chr4	132270056	132270213	lncRNA	ENSMUSG00000099937	+	Gm28872	1499
1500	Rnu11	chr4	132270080	132270213	snRNA	ENSMUSG00000077323	-	Rnu11	1500
1501	Taf12	chr4	132274375	132295766	protein_coding	ENSMUSG00000028899	+	Taf12	1501
1502	Rab42	chr4	132302197	132303385	protein_coding	ENSMUSG00000089687	-	Rab42	1502
1503	Snhg12	chr4	132308623	132311024	lncRNA	ENSMUSG00000086290	+	Snhg12	1503
1504	Snora16a	chr4	132309465	132309600	snoRNA	ENSMUSG00000065097	+	Snora16a	1504
1505	Snora44	chr4	132309941	132310069	snoRNA	ENSMUSG00000064604	+	Snora44	1505
1506	Snora61	chr4	132310240	132310369	snoRNA	ENSMUSG00000064949	+	Snora61	1506
1507	Snord99	chr4	132310691	132310764	snoRNA	ENSMUSG00000080615	+	Snord99	1507
1508	Trnau1ap	chr4	132311763	132329538	protein_coding	ENSMUSG00000028898	-	Trnau1ap	1508
1509	Rcc1	chr4	132331919	132353605	protein_coding	ENSMUSG00000028896	-	Rcc1	1509
1510	Snhg3	chr4	132348014	132353686	lncRNA	ENSMUSG00000085241	-	Snhg3	1510
1511	Gm17300	chr4	132351772	132353382	lncRNA	ENSMUSG00000091021	+	Gm17300	1511
1512	Snora73b	chr4	132352322	132352526	snoRNA	ENSMUSG00000065353	-	Snora73b	1512
1513	Snora73a	chr4	132352775	132352979	snoRNA	ENSMUSG00000064387	-	Snora73a	1513
1514	Phactr4	chr4	132355923	132422489	protein_coding	ENSMUSG00000066043	-	Phactr4	1514
1515	Gm25707	chr4	132408309	132408404	miRNA	ENSMUSG00000096350	+	Gm25707	1515
1516	Med18	chr4	132458731	132463921	protein_coding	ENSMUSG00000066042	-	Med18	1516
1517	Sesn2	chr4	132492032	132510501	protein_coding	ENSMUSG00000028893	-	Sesn2	1517
1518	Gm12981	chr4	132503561	132509649	lncRNA	ENSMUSG00000086997	-	Gm12981	1518
1519	Atpif1	chr4	132530555	132533659	protein_coding	ENSMUSG00000054428	-	Atpif1	1519
1520	Gm12999	chr4	132532687	132533601	lncRNA	ENSMUSG00000087352	+	Gm12999	1520
1521	Dnajc8	chr4	132535550	132553742	protein_coding	ENSMUSG00000054405	+	Dnajc8	1521
1522	Gm24762	chr4	132547104	132547207	snRNA	ENSMUSG00000065623	-	Gm24762	1522
1523	Ptafr	chr4	132564067	132582683	protein_coding	ENSMUSG00000056529	+	Ptafr	1523
1524	Eya3	chr4	132638987	132724765	protein_coding	ENSMUSG00000028886	+	Eya3	1524
1525	Xkr8	chr4	132724897	132732546	protein_coding	ENSMUSG00000037752	-	Xkr8	1525
1526	Smpdl3b	chr4	132732966	132757252	protein_coding	ENSMUSG00000028885	-	Smpdl3b	1526
1527	Rpa2	chr4	132768332	132778752	protein_coding	ENSMUSG00000028884	+	Rpa2	1527
1528	Themis2	chr4	132781843	132796387	protein_coding	ENSMUSG00000037731	-	Themis2	1528
1529	Ppp1r8	chr4	132826929	132843169	protein_coding	ENSMUSG00000028882	-	Ppp1r8	1529
1530	Stx12	chr4	132853501	132884509	protein_coding	ENSMUSG00000028879	-	Stx12	1530
1531	Gm13033	chr4	132884763	132886626	processed_pseudogene	ENSMUSG00000083816	+	Gm13033	1531
1532	Fam76a	chr4	132899213	132922558	protein_coding	ENSMUSG00000028878	-	Fam76a	1532
1533	Fgr	chr4	132974095	133001910	protein_coding	ENSMUSG00000028874	+	Fgr	1533
1534	Ahdc1	chr4	133011260	133078110	protein_coding	ENSMUSG00000037692	+	Ahdc1	1534
1535	Wasf2	chr4	133130505	133199756	protein_coding	ENSMUSG00000028868	+	Wasf2	1535
1536	Gpr3	chr4	133209340	133212536	protein_coding	ENSMUSG00000049649	-	Gpr3	1536
1537	Cd164l2	chr4	133212131	133224555	protein_coding	ENSMUSG00000028865	+	Cd164l2	1537
1538	Map3k6	chr4	133240818	133252929	protein_coding	ENSMUSG00000028862	+	Map3k6	1538
1539	Sytl1	chr4	133253090	133263113	protein_coding	ENSMUSG00000028860	-	Sytl1	1539
1540	Tmem222	chr4	133266045	133277792	protein_coding	ENSMUSG00000028857	-	Tmem222	1540
1541	Gm13259	chr4	133280857	133281312	processed_pseudogene	ENSMUSG00000083241	-	Gm13259	1541
1542	Wdtc1	chr4	133292459	133353481	protein_coding	ENSMUSG00000037622	-	Wdtc1	1542
1543	Slc9a1	chr4	133369706	133423702	protein_coding	ENSMUSG00000028854	+	Slc9a1	1543
1544	Mir5122	chr4	133369776	133369864	miRNA	ENSMUSG00000092745	+	Mir5122	1544
1545	Tent5b	chr4	133480132	133487938	protein_coding	ENSMUSG00000046694	+	Tent5b	1545
1546	Trnp1	chr4	133491100	133498550	protein_coding	ENSMUSG00000056596	-	Trnp1	1546
1547	Kdf1	chr4	133518963	133530790	protein_coding	ENSMUSG00000037600	+	Kdf1	1547
1548	Nudc	chr4	133532542	133545996	protein_coding	ENSMUSG00000028851	-	Nudc	1548
1549	Nr0b2	chr4	133553376	133556536	protein_coding	ENSMUSG00000037583	+	Nr0b2	1549
1550	Gm23158	chr4	133558824	133558949	miRNA	ENSMUSG00000093886	-	Gm23158	1550
1551	Gpatch3	chr4	133574745	133584243	protein_coding	ENSMUSG00000028850	+	Gpatch3	1551
1552	Gpn2	chr4	133584362	133591735	protein_coding	ENSMUSG00000028848	+	Gpn2	1552
1553	Sfn	chr4	133600556	133602168	protein_coding	ENSMUSG00000047281	-	Sfn	1553
1554	Zdhhc18	chr4	133605299	133650154	protein_coding	ENSMUSG00000037553	-	Zdhhc18	1554
1555	Gm22662	chr4	133654002	133654257	misc_RNA	ENSMUSG00000093031	+	Gm22662	1555
1556	Pigv	chr4	133660387	133672647	protein_coding	ENSMUSG00000043257	-	Pigv	1556
1557	Arid1a	chr4	133679008	133756769	protein_coding	ENSMUSG00000007880	-	Arid1a	1557
1558	Mir7227	chr4	133717050	133717108	miRNA	ENSMUSG00000104566	-	Mir7227	1558
1559	Gm12974	chr4	133816420	133817614	lncRNA	ENSMUSG00000084789	+	Gm12974	1559
1560	Rps6ka1	chr4	133847290	133887797	protein_coding	ENSMUSG00000003644	-	Rps6ka1	1560
1561	Gm12977	chr4	133871830	133876533	lncRNA	ENSMUSG00000085009	+	Gm12977	1561
1562	Hmgn2	chr4	133964738	133968650	protein_coding	ENSMUSG00000003038	-	Hmgn2	1562
1563	Dhdds	chr4	133969028	134000918	protein_coding	ENSMUSG00000012117	-	Dhdds	1563
1564	Lin28a	chr4	134003330	134018841	protein_coding	ENSMUSG00000050966	-	Lin28a	1564
1565	Zfp683	chr4	134053838	134058996	protein_coding	ENSMUSG00000049410	+	Zfp683	1565
1566	Crybg2	chr4	134060815	134092504	protein_coding	ENSMUSG00000012123	+	Crybg2	1566
1567	Cd52	chr4	134082448	134095082	protein_coding	ENSMUSG00000000682	-	Cd52	1567
1568	Ubxn11	chr4	134102570	134127593	protein_coding	ENSMUSG00000012126	+	Ubxn11	1568
1569	Sh3bgrl3	chr4	134127406	134128789	protein_coding	ENSMUSG00000028843	-	Sh3bgrl3	1569
1570	Cep85	chr4	134129858	134187112	protein_coding	ENSMUSG00000037443	-	Cep85	1570
1571	Gm7534	chr4	134190804	134203004	protein_coding	ENSMUSG00000073747	-	Gm7534	1571
1572	Gm13131	chr4	134199830	134200150	processed_pseudogene	ENSMUSG00000081772	-	Gm13131	1572
1573	Catsper4	chr4	134211970	134227383	protein_coding	ENSMUSG00000048003	-	Catsper4	1573
1574	Cnksr1	chr4	134228041	134238399	protein_coding	ENSMUSG00000028841	-	Cnksr1	1574
1575	Zfp593	chr4	134243289	134245592	protein_coding	ENSMUSG00000028840	-	Zfp593	1575
1576	E130218I03Rik	chr4	134243662	134245873	protein_coding	ENSMUSG00000086322	+	E130218I03Rik	1576
1577	Gm30191	chr4	134246935	134250042	protein_coding	ENSMUSG00000108398	+	Gm30191	1577
1578	Grrp1	chr4	134251110	134254106	protein_coding	ENSMUSG00000050105	-	Grrp1	1578
1579	Pdik1l	chr4	134275002	134287895	protein_coding	ENSMUSG00000050890	-	Pdik1l	1579
1580	Trim63	chr4	134315120	134329629	protein_coding	ENSMUSG00000028834	+	Trim63	1580
1581	Slc30a2	chr4	134343181	134354484	protein_coding	ENSMUSG00000028836	+	Slc30a2	1581
1582	Extl1	chr4	134356372	134383850	protein_coding	ENSMUSG00000028838	-	Extl1	1582
1583	Pafah2	chr4	134396320	134427413	protein_coding	ENSMUSG00000037366	+	Pafah2	1583
1584	1700021N21Rik	chr4	134448766	134450171	lncRNA	ENSMUSG00000087343	-	1700021N21Rik	1584
1585	Stmn1	chr4	134468320	134473843	protein_coding	ENSMUSG00000028832	+	Stmn1	1585
1586	Gm23634	chr4	134468364	134468454	miRNA	ENSMUSG00000092812	+	Gm23634	1586
1587	Gm13250	chr4	134493222	134493974	processed_pseudogene	ENSMUSG00000083001	+	Gm13250	1587
1588	Paqr7	chr4	134496697	134510235	protein_coding	ENSMUSG00000037348	+	Paqr7	1588
1589	Aunip	chr4	134510999	134523927	protein_coding	ENSMUSG00000078521	+	Aunip	1589
1590	Mtfr1l	chr4	134525550	134535387	protein_coding	ENSMUSG00000046671	-	Mtfr1l	1590
1591	Selenon	chr4	134537892	134552166	protein_coding	ENSMUSG00000050989	-	Selenon	1591
1592	Man1c1	chr4	134561690	134704290	protein_coding	ENSMUSG00000037306	-	Man1c1	1592
1593	Mir6403	chr4	134567723	134567851	miRNA	ENSMUSG00000099289	-	Mir6403	1593
1594	Ldlrap1	chr4	134741554	134768024	protein_coding	ENSMUSG00000037295	-	Ldlrap1	1594
1595	Maco1	chr4	134802759	134853345	protein_coding	ENSMUSG00000028826	-	Maco1	1595
1596	Rhd	chr4	134864536	134896172	protein_coding	ENSMUSG00000028825	+	Rhd	1596
1597	Tmem50a	chr4	134897849	134915024	protein_coding	ENSMUSG00000028822	-	Tmem50a	1597
1598	Rsrp1	chr4	134923592	134927671	protein_coding	ENSMUSG00000037266	+	Rsrp1	1598
1599	Syf2	chr4	134930898	134937548	protein_coding	ENSMUSG00000028821	+	Syf2	1599
1600	Gm16225	chr4	135118221	135120447	lncRNA	ENSMUSG00000086884	-	Gm16225	1600
1601	Runx3	chr4	135120652	135177990	protein_coding	ENSMUSG00000070691	+	Runx3	1601
1602	Clic4	chr4	135213969	135272814	protein_coding	ENSMUSG00000037242	-	Clic4	1602
1603	Gm12984	chr4	135307349	135309519	lncRNA	ENSMUSG00000085002	+	Gm12984	1603
1604	Gm12982	chr4	135307781	135307970	processed_pseudogene	ENSMUSG00000082833	-	Gm12982	1604
1605	Srrm1	chr4	135320484	135353321	protein_coding	ENSMUSG00000028809	-	Srrm1	1605
1606	Ncmap	chr4	135369576	135398227	protein_coding	ENSMUSG00000043924	-	Ncmap	1606
1607	Rcan3	chr4	135412308	135433853	protein_coding	ENSMUSG00000059713	-	Rcan3	1607
1608	Mir700	chr4	135416555	135416633	miRNA	ENSMUSG00000076123	-	Mir700	1608
1609	Nipal3	chr4	135445420	135495038	protein_coding	ENSMUSG00000028803	-	Nipal3	1609
1610	Stpg1	chr4	135494790	135537803	protein_coding	ENSMUSG00000028801	+	Stpg1	1610
1611	Grhl3	chr4	135541888	135573630	protein_coding	ENSMUSG00000037188	-	Grhl3	1611
1612	1700029M20Rik	chr4	135626655	135630198	lncRNA	ENSMUSG00000086788	+	1700029M20Rik	1612
1613	Ifnlr1	chr4	135686287	135708181	protein_coding	ENSMUSG00000062157	+	Ifnlr1	1613
1614	Gm12989	chr4	135715868	135716598	processed_pseudogene	ENSMUSG00000083678	-	Gm12989	1614
1615	Il22ra1	chr4	135728172	135752140	protein_coding	ENSMUSG00000037157	+	Il22ra1	1615
1616	Myom3	chr4	135759715	135815564	protein_coding	ENSMUSG00000037139	+	Myom3	1616
1617	Srsf10	chr4	135855747	135869908	protein_coding	ENSMUSG00000028676	+	Srsf10	1617
1618	Pnrc2	chr4	135870918	135873850	protein_coding	ENSMUSG00000028675	-	Pnrc2	1618
1619	Cnr2	chr4	135895394	135920207	protein_coding	ENSMUSG00000062585	+	Cnr2	1619
1620	Fuca1	chr4	135920735	135940311	protein_coding	ENSMUSG00000028673	+	Fuca1	1620
1621	Hmgcl	chr4	135946448	135962617	protein_coding	ENSMUSG00000028672	+	Hmgcl	1621
1622	Gale	chr4	135963727	135968178	protein_coding	ENSMUSG00000028671	+	Gale	1622
1623	Lypla2	chr4	135968224	135972626	protein_coding	ENSMUSG00000028670	-	Lypla2	1623
1624	Pithd1	chr4	135975460	135987264	protein_coding	ENSMUSG00000028669	-	Pithd1	1624
1625	Eloa	chr4	136003368	136021763	protein_coding	ENSMUSG00000028668	-	Eloa	1625
1626	Gm13008	chr4	136003566	136010937	lncRNA	ENSMUSG00000085714	+	Gm13008	1626
1627	Gm24362	chr4	136018071	136018486	lncRNA	ENSMUSG00000097995	-	Gm24362	1627
1628	Rpl11	chr4	136028265	136053428	protein_coding	ENSMUSG00000059291	-	Rpl11	1628
1629	Gm26001	chr4	136137496	136137598	snRNA	ENSMUSG00000088614	+	Gm26001	1629
1630	Id3	chr4	136143497	136145755	protein_coding	ENSMUSG00000007872	+	Id3	1630
1631	E2f2	chr4	136172394	136196057	protein_coding	ENSMUSG00000018983	+	E2f2	1631
1632	Asap3	chr4	136206365	136245216	protein_coding	ENSMUSG00000036995	+	Asap3	1632
1633	Tcea3	chr4	136247729	136274898	protein_coding	ENSMUSG00000001604	+	Tcea3	1633
1634	Zfp46	chr4	136284683	136293942	protein_coding	ENSMUSG00000051351	+	Zfp46	1634
1635	Hnrnpr	chr4	136310942	136359447	protein_coding	ENSMUSG00000066037	+	Hnrnpr	1635
1636	Gm27022	chr4	136347847	136349441	lncRNA	ENSMUSG00000098155	-	Gm27022	1636
1637	Htr1d	chr4	136423524	136444398	protein_coding	ENSMUSG00000070687	+	Htr1d	1637
1638	6030445D17Rik	chr4	136462250	136463980	lncRNA	ENSMUSG00000066178	+	6030445D17Rik	1638
1639	Luzp1	chr4	136469761	136554780	protein_coding	ENSMUSG00000001089	+	Luzp1	1639
1640	Kdm1a	chr4	136550540	136602723	protein_coding	ENSMUSG00000036940	-	Kdm1a	1640
1641	Gm12987	chr4	136584172	136584660	processed_pseudogene	ENSMUSG00000082711	-	Gm12987	1641
1642	Tex46	chr4	136610437	136613226	protein_coding	ENSMUSG00000036921	+	Tex46	1642
1643	Lactbl1	chr4	136622621	136639110	protein_coding	ENSMUSG00000070683	+	Lactbl1	1643
1644	Gm37583	chr4	136639582	136642068	TEC	ENSMUSG00000103119	+	Gm37583	1644
1645	Ephb2	chr4	136647539	136835988	protein_coding	ENSMUSG00000028664	-	Ephb2	1645
1646	C1qb	chr4	136880129	136886187	protein_coding	ENSMUSG00000036905	-	C1qb	1646
1647	C1qc	chr4	136889804	136893065	protein_coding	ENSMUSG00000036896	-	C1qc	1647
1648	C1qa	chr4	136895917	136898803	protein_coding	ENSMUSG00000036887	-	C1qa	1648
1649	Epha8	chr4	136929419	136956816	protein_coding	ENSMUSG00000028661	-	Epha8	1649
1650	Zbtb40	chr4	136979732	137048801	protein_coding	ENSMUSG00000060862	-	Zbtb40	1650
1651	Gm13003	chr4	137159082	137165066	lncRNA	ENSMUSG00000085833	-	Gm13003	1651
1652	Gm13005	chr4	137219760	137220399	processed_pseudogene	ENSMUSG00000080806	-	Gm13005	1652
1653	Gm13002	chr4	137222641	137223322	processed_pseudogene	ENSMUSG00000082149	-	Gm13002	1653
1654	Wnt4	chr4	137277489	137299726	protein_coding	ENSMUSG00000036856	+	Wnt4	1654
1655	Cdc42	chr4	137319696	137357720	protein_coding	ENSMUSG00000006699	-	Cdc42	1655
1656	Gm25772	chr4	137325559	137325614	snRNA	ENSMUSG00000089199	+	Gm25772	1656
1657	2810405F17Rik	chr4	137387266	137388382	lncRNA	ENSMUSG00000101493	-	2810405F17Rik	1657
1658	Rpl31-ps10	chr4	137395299	137395676	processed_pseudogene	ENSMUSG00000070667	+	Rpl31-ps10	1658
1659	Cela3a	chr4	137401554	137409791	protein_coding	ENSMUSG00000078520	-	Cela3a	1659
1660	Cela3b	chr4	137420999	137430540	protein_coding	ENSMUSG00000023433	-	Cela3b	1660
1661	Gm13010	chr4	137436579	137438395	lncRNA	ENSMUSG00000086845	-	Gm13010	1661
1662	Hspg2	chr4	137468769	137570630	protein_coding	ENSMUSG00000028763	+	Hspg2	1662
1663	Ldlrad2	chr4	137570876	137582104	protein_coding	ENSMUSG00000094035	-	Ldlrad2	1663
1664	Usp48	chr4	137593755	137658537	protein_coding	ENSMUSG00000043411	+	Usp48	1664
1665	Rap1gap	chr4	137664726	137729861	protein_coding	ENSMUSG00000041351	+	Rap1gap	1665
1666	Rap1gapos	chr4	137696979	137706606	lncRNA	ENSMUSG00000087476	-	Rap1gapos	1666
1667	Alpl	chr4	137741733	137796384	protein_coding	ENSMUSG00000028766	-	Alpl	1667
1668	Ece1	chr4	137862237	137965229	protein_coding	ENSMUSG00000057530	+	Ece1	1668
1669	Gm13012	chr4	137882370	137883937	lncRNA	ENSMUSG00000085823	-	Gm13012	1669
1670	Eif4g3	chr4	137993022	138208508	protein_coding	ENSMUSG00000028760	+	Eif4g3	1670
1671	1700095J12Rik	chr4	138137595	138138518	lncRNA	ENSMUSG00000084804	-	1700095J12Rik	1671
1672	2310026L22Rik	chr4	138215714	138216189	lncRNA	ENSMUSG00000078519	+	2310026L22Rik	1672
1673	Hp1bp3	chr4	138216296	138244683	protein_coding	ENSMUSG00000028759	+	Hp1bp3	1673
1674	Sh2d5	chr4	138250403	138261332	protein_coding	ENSMUSG00000045349	+	Sh2d5	1674
1675	Kif17	chr4	138250435	138301967	protein_coding	ENSMUSG00000028758	+	Kif17	1675
1676	Ddost	chr4	138304730	138312628	protein_coding	ENSMUSG00000028757	+	Ddost	1676
1677	Pink1	chr4	138313409	138326307	protein_coding	ENSMUSG00000028756	-	Pink1	1677
1678	Cda	chr4	138338424	138367992	protein_coding	ENSMUSG00000028755	-	Cda	1678
1679	Fam43b	chr4	138394092	138396528	protein_coding	ENSMUSG00000078235	-	Fam43b	1679
1680	AB041806	chr4	138395198	138397714	lncRNA	ENSMUSG00000046109	+	AB041806	1680
1681	Rpl38-ps1	chr4	138425788	138426002	processed_pseudogene	ENSMUSG00000083326	+	Rpl38-ps1	1681
1682	Mul1	chr4	138434671	138442265	protein_coding	ENSMUSG00000041241	+	Mul1	1682
1683	Camk2n1	chr4	138454314	138460123	protein_coding	ENSMUSG00000046447	+	Camk2n1	1683
1684	Vwa5b1	chr4	138565360	138635884	protein_coding	ENSMUSG00000028753	-	Vwa5b1	1684
1685	Ubxn10	chr4	138709837	138737167	protein_coding	ENSMUSG00000043621	-	Ubxn10	1685
1686	Pla2g2c	chr4	138724792	138746132	protein_coding	ENSMUSG00000028750	+	Pla2g2c	1686
1687	Pla2g2f	chr4	138750533	138757626	protein_coding	ENSMUSG00000028749	-	Pla2g2f	1687
1688	Pla2g2d	chr4	138775735	138782046	protein_coding	ENSMUSG00000041202	+	Pla2g2d	1688
1689	Pla2g5	chr4	138799244	138863482	protein_coding	ENSMUSG00000041193	-	Pla2g5	1689
1690	Gm13030	chr4	138870992	138873964	protein_coding	ENSMUSG00000078518	-	Gm13030	1690
1691	Pla2g2e	chr4	138877942	138882817	protein_coding	ENSMUSG00000028751	+	Pla2g2e	1691
1692	Otud3	chr4	138895379	138913945	protein_coding	ENSMUSG00000041161	-	Otud3	1692
1693	Tmco4	chr4	138972888	139059171	protein_coding	ENSMUSG00000041143	+	Tmco4	1693
1694	Htr6	chr4	139061108	139075570	protein_coding	ENSMUSG00000028747	-	Htr6	1694
1695	Nbl1	chr4	139082284	139092993	protein_coding	ENSMUSG00000041120	-	Nbl1	1695
1696	Micos10	chr4	139101814	139131113	protein_coding	ENSMUSG00000050608	-	Micos10	1696
1697	Gm16287	chr4	139175405	139180655	lncRNA	ENSMUSG00000073739	-	Gm16287	1697
1698	Capzb	chr4	139192899	139291818	protein_coding	ENSMUSG00000028745	+	Capzb	1698
1699	Pqlc2	chr4	139294029	139310708	protein_coding	ENSMUSG00000028744	-	Pqlc2	1699
1700	Akr7a5	chr4	139310744	139318426	protein_coding	ENSMUSG00000028743	+	Akr7a5	1700
1701	Mrto4	chr4	139347435	139352576	protein_coding	ENSMUSG00000028741	-	Mrto4	1701
1702	Emc1	chr4	139352587	139378730	protein_coding	ENSMUSG00000078517	+	Emc1	1702
1703	Ubr4	chr4	139352609	139489588	protein_coding	ENSMUSG00000066036	+	Ubr4	1703
1704	Iffo2	chr4	139530548	139620382	protein_coding	ENSMUSG00000041025	+	Iffo2	1704
1705	Gm21969	chr4	139603186	139662691	protein_coding	ENSMUSG00000094439	+	Gm21969	1705
1706	Aldh4a1	chr4	139622866	139649690	protein_coding	ENSMUSG00000028737	+	Aldh4a1	1706
1707	Tas1r2	chr4	139653538	139670280	protein_coding	ENSMUSG00000028738	+	Tas1r2	1707
1708	Pax7	chr4	139737062	139833528	protein_coding	ENSMUSG00000028736	-	Pax7	1708
1709	Gm1667	chr4	139910488	139912133	lncRNA	ENSMUSG00000087646	+	Gm1667	1709
1710	Gm13028	chr4	139923349	139933170	lncRNA	ENSMUSG00000087628	+	Gm13028	1710
1711	4933427I22Rik	chr4	139926111	139943519	lncRNA	ENSMUSG00000085928	-	4933427I22Rik	1711
1712	Klhdc7a	chr4	139960220	139968026	protein_coding	ENSMUSG00000078234	-	Klhdc7a	1712
1713	Igsf21	chr4	140026846	140246784	protein_coding	ENSMUSG00000040972	-	Igsf21	1713
1714	Gm13027	chr4	140131877	140133351	lncRNA	ENSMUSG00000085968	+	Gm13027	1714
1715	Gm13029	chr4	140142873	140144633	lncRNA	ENSMUSG00000086164	+	Gm13029	1715
1716	Gm13016	chr4	140380630	140385574	lncRNA	ENSMUSG00000087084	+	Gm13016	1716
1717	Gm13017	chr4	140391148	140396604	lncRNA	ENSMUSG00000086960	+	Gm13017	1717
1718	Gm13021	chr4	140422524	140431931	lncRNA	ENSMUSG00000086437	+	Gm13021	1718
1719	Gm13026	chr4	140437963	140461291	lncRNA	ENSMUSG00000085047	+	Gm13026	1719
1720	AL929073.1	chr4	140445846	140446164	unitary_pseudogene	ENSMUSG00000118416	-	AL929073.1	1720
1721	Arhgef10l	chr4	140514485	140666012	protein_coding	ENSMUSG00000040964	-	Arhgef10l	1721
1722	Gm13025	chr4	140679753	140684617	lncRNA	ENSMUSG00000086159	+	Gm13025	1722
1723	Gm23045	chr4	140692697	140692792	miRNA	ENSMUSG00000095878	+	Gm23045	1723
1724	Rcc2	chr4	140700541	140723220	protein_coding	ENSMUSG00000040945	+	Rcc2	1724
1725	Padi6	chr4	140727355	140742643	protein_coding	ENSMUSG00000040935	-	Padi6	1725
1726	Padi4	chr4	140745865	140774236	protein_coding	ENSMUSG00000025330	-	Padi4	1726
1727	Padi3	chr4	140785365	140810648	protein_coding	ENSMUSG00000025328	-	Padi3	1727
1728	Gm13032	chr4	140810993	140817511	lncRNA	ENSMUSG00000085918	+	Gm13032	1728
1729	Padi1	chr4	140812983	140845778	protein_coding	ENSMUSG00000025329	-	Padi1	1729
1730	4930515B02Rik	chr4	140872693	140878055	lncRNA	ENSMUSG00000087045	+	4930515B02Rik	1730
1731	Padi2	chr4	140906344	140952586	protein_coding	ENSMUSG00000028927	+	Padi2	1731
1732	Gm13031	chr4	140947666	140957902	lncRNA	ENSMUSG00000087698	-	Gm13031	1732
1733	Sdhb	chr4	140961203	140979193	protein_coding	ENSMUSG00000009863	+	Sdhb	1733
1734	Atp13a2	chr4	140986873	141007330	protein_coding	ENSMUSG00000036622	+	Atp13a2	1734
1735	Mfap2	chr4	141010418	141015984	protein_coding	ENSMUSG00000060572	+	Mfap2	1735
1736	Crocc	chr4	141016637	141060550	protein_coding	ENSMUSG00000040860	-	Crocc	1736
1737	Necap2	chr4	141066512	141078357	protein_coding	ENSMUSG00000028923	-	Necap2	1737
1738	Spata21	chr4	141088333	141112760	protein_coding	ENSMUSG00000045004	+	Spata21	1738
1739	Szrd1	chr4	141113001	141139775	protein_coding	ENSMUSG00000040842	-	Szrd1	1739
1740	4921514A10Rik	chr4	141115660	141118087	lncRNA	ENSMUSG00000097620	+	4921514A10Rik	1740
1741	Fbxo42	chr4	141147913	141204062	protein_coding	ENSMUSG00000028920	+	Fbxo42	1741
1742	Cplane2	chr4	141213956	141226756	protein_coding	ENSMUSG00000073733	+	Cplane2	1742
1743	Arhgef19	chr4	141239499	141257564	protein_coding	ENSMUSG00000028919	+	Arhgef19	1743
1744	Gm13055	chr4	141261762	141266016	lncRNA	ENSMUSG00000085774	-	Gm13055	1744
1745	Epha2	chr4	141301240	141329384	protein_coding	ENSMUSG00000006445	+	Epha2	1745
1746	Fam131c	chr4	141368220	141384175	protein_coding	ENSMUSG00000006218	+	Fam131c	1746
1747	Clcnka	chr4	141384610	141398724	protein_coding	ENSMUSG00000033770	-	Clcnka	1747
1748	Gm13075	chr4	141398829	141411191	lncRNA	ENSMUSG00000086061	+	Gm13075	1748
1749	Clcnkb	chr4	141404353	141416014	protein_coding	ENSMUSG00000006216	-	Clcnkb	1749
1750	Hspb7	chr4	141420779	141425311	protein_coding	ENSMUSG00000006221	+	Hspb7	1750
1751	Srarp	chr4	141432672	141436105	protein_coding	ENSMUSG00000070637	-	Srarp	1751
1752	Zbtb17	chr4	141444654	141467930	protein_coding	ENSMUSG00000006215	+	Zbtb17	1752
1753	Spen	chr4	141467890	141538597	protein_coding	ENSMUSG00000040761	-	Spen	1753
1754	B330016D10Rik	chr4	141546189	141547892	pseudogene	ENSMUSG00000048406	+	B330016D10Rik	1754
1755	Fblim1	chr4	141576062	141606096	protein_coding	ENSMUSG00000006219	-	Fblim1	1755
1756	Tmem82	chr4	141613376	141618633	protein_coding	ENSMUSG00000043085	-	Tmem82	1756
1757	AI507597	chr4	141614026	141615604	lncRNA	ENSMUSG00000073731	+	AI507597	1757
1758	Slc25a34	chr4	141618824	141623821	protein_coding	ENSMUSG00000040740	-	Slc25a34	1758
1759	Plekhm2	chr4	141625734	141664899	protein_coding	ENSMUSG00000028917	-	Plekhm2	1759
1760	Ddi2	chr4	141677549	141723419	protein_coding	ENSMUSG00000078515	-	Ddi2	1760
1761	Rsc1a1	chr4	141683851	141685599	protein_coding	ENSMUSG00000040715	-	Rsc1a1	1761
1762	Agmat	chr4	141746672	141759263	protein_coding	ENSMUSG00000040706	+	Agmat	1762
1763	Dnajc16	chr4	141760189	141790931	protein_coding	ENSMUSG00000040697	-	Dnajc16	1763
1764	Casp9	chr4	141793612	141815976	protein_coding	ENSMUSG00000028914	+	Casp9	1764
1765	Ctrc	chr4	141814962	141846359	protein_coding	ENSMUSG00000062478	-	Ctrc	1765
1766	Cela2a	chr4	141814962	141826160	protein_coding	ENSMUSG00000058579	-	Cela2a	1766
1767	Ctrcos	chr4	141844321	141846990	lncRNA	ENSMUSG00000086818	+	Ctrcos	1767
1768	Efhd2	chr4	141858142	141874920	protein_coding	ENSMUSG00000040659	-	Efhd2	1768
1769	Gm29367	chr4	141875707	141877033	lncRNA	ENSMUSG00000100396	+	Gm29367	1769
1770	Fhad1os2	chr4	141885654	141897282	lncRNA	ENSMUSG00000085922	+	Fhad1os2	1770
1771	Fhad1	chr4	141890438	142015082	protein_coding	ENSMUSG00000051435	-	Fhad1	1771
1772	Gm13059	chr4	141976779	141977343	processed_pseudogene	ENSMUSG00000081079	+	Gm13059	1772
1773	Fhad1os1	chr4	141982992	141986797	lncRNA	ENSMUSG00000085424	+	Fhad1os1	1773
1774	4930455G09Rik	chr4	142017898	142028996	lncRNA	ENSMUSG00000085761	+	4930455G09Rik	1774
1775	Tmem51	chr4	142030992	142084304	protein_coding	ENSMUSG00000040616	-	Tmem51	1775
1776	Gm13053	chr4	142042912	142048578	lncRNA	ENSMUSG00000085574	-	Gm13053	1776
1777	Tmem51os1	chr4	142083972	142088099	lncRNA	ENSMUSG00000073728	+	Tmem51os1	1777
1778	Kazn	chr4	142102390	142239401	protein_coding	ENSMUSG00000040606	-	Kazn	1778
1779	Gm13062	chr4	142180602	142184139	lncRNA	ENSMUSG00000087525	+	Gm13062	1779
1780	Gm13052	chr4	142307765	142346475	lncRNA	ENSMUSG00000085816	-	Gm13052	1780
1781	6330411D24Rik	chr4	142598441	143074839	protein_coding	ENSMUSG00000110067	-	6330411D24Rik	1781
1782	Prdm2	chr4	143107391	143212995	protein_coding	ENSMUSG00000057637	-	Prdm2	1782
1783	Gm13039	chr4	143166603	143167396	processed_pseudogene	ENSMUSG00000083826	+	Gm13039	1783
1784	Gm13050	chr4	143242024	143243368	processed_pseudogene	ENSMUSG00000082575	-	Gm13050	1784
1785	Pdpn	chr4	143267431	143299564	protein_coding	ENSMUSG00000028583	-	Pdpn	1785
1786	Lrrc38	chr4	143349757	143371032	protein_coding	ENSMUSG00000028584	+	Lrrc38	1786
1787	Anp32b-ps1	chr4	143389659	143390416	processed_pseudogene	ENSMUSG00000081792	+	Anp32b-ps1	1787
1788	Pramel1	chr4	143394428	143400160	protein_coding	ENSMUSG00000041805	+	Pramel1	1788
1789	Pramef8	chr4	143412426	143421091	protein_coding	ENSMUSG00000046862	+	Pramef8	1789
1790	Oog4	chr4	143437164	143450324	protein_coding	ENSMUSG00000047799	-	Oog4	1790
1791	Gm13042	chr4	143458378	143460538	processed_pseudogene	ENSMUSG00000083930	-	Gm13042	1791
1792	Gm13041	chr4	143499435	143502095	unprocessed_pseudogene	ENSMUSG00000083403	+	Gm13041	1792
1793	BC080695	chr4	143551700	143573798	protein_coding	ENSMUSG00000070618	+	BC080695	1793
1794	Gm13057	chr4	143551709	143558234	protein_coding	ENSMUSG00000096154	+	Gm13057	1794
1795	Gm13083	chr4	143615003	143618595	protein_coding	ENSMUSG00000066688	+	Gm13083	1795
1796	Gm13088	chr4	143653760	143657246	protein_coding	ENSMUSG00000078513	-	Gm13088	1796
1797	Gm13082	chr4	143671124	143671684	processed_pseudogene	ENSMUSG00000081227	+	Gm13082	1797
1798	Gm13089	chr4	143696500	143702711	protein_coding	ENSMUSG00000070617	-	Gm13089	1798
1799	Gm13078	chr4	143719455	143729158	protein_coding	ENSMUSG00000046435	+	Gm13078	1799
1800	Gm13081	chr4	143745787	143751385	processed_pseudogene	ENSMUSG00000082030	+	Gm13081	1800
1801	Gm13023	chr4	143789352	143795575	protein_coding	ENSMUSG00000066031	+	Gm13023	1801
1802	Gm13084	chr4	143809245	143816093	protein_coding	ENSMUSG00000059218	-	Gm13084	1802
1803	Gm13103	chr4	143846497	143853637	protein_coding	ENSMUSG00000029451	+	Gm13103	1803
1804	Gm13100	chr4	143913857	143916442	unprocessed_pseudogene	ENSMUSG00000083749	+	Gm13100	1804
1805	Gm13106	chr4	143928534	143930736	unprocessed_pseudogene	ENSMUSG00000084123	-	Gm13106	1805
1806	Pramef25	chr4	143948580	143951016	protein_coding	ENSMUSG00000078511	-	Pramef25	1806
1807	Pramef17	chr4	143991119	143994369	protein_coding	ENSMUSG00000078509	-	Pramef17	1807
1808	Pramel4	chr4	144059126	144069327	protein_coding	ENSMUSG00000073724	+	Pramel4	1808
1809	Oog3	chr4	144157557	144162663	protein_coding	ENSMUSG00000050810	-	Oog3	1809
1810	Oog2	chr4	144190719	144196934	protein_coding	ENSMUSG00000066030	+	Oog2	1810
1811	C87977	chr4	144206775	144213318	protein_coding	ENSMUSG00000046262	-	C87977	1811
1812	Pramel5	chr4	144270633	144280488	protein_coding	ENSMUSG00000036749	-	Pramel5	1812
1813	Gm13119	chr4	144357942	144364419	protein_coding	ENSMUSG00000070619	+	Gm13119	1813
1814	Pramef20	chr4	144372760	144377933	protein_coding	ENSMUSG00000073721	-	Pramef20	1814
1815	Pramef12	chr4	144391674	144408464	protein_coding	ENSMUSG00000028591	-	Pramef12	1815
1816	1700012P22Rik	chr4	144418189	144438772	protein_coding	ENSMUSG00000028589	-	1700012P22Rik	1816
1817	Aadacl3	chr4	144453771	144463756	protein_coding	ENSMUSG00000078507	-	Aadacl3	1817
1818	AL607073.1	chr4	144493880	144508323	unprocessed_pseudogene	ENSMUSG00000118540	+	AL607073.1	1818
1819	9430007A20Rik	chr4	144519822	144529353	protein_coding	ENSMUSG00000028593	+	9430007A20Rik	1819
1820	Gm13121	chr4	144526411	144527042	processed_pseudogene	ENSMUSG00000083390	-	Gm13121	1820
1821	Gm13126	chr4	144545506	144548568	processed_pseudogene	ENSMUSG00000082418	-	Gm13126	1821
1822	Gm13124	chr4	144555000	144565134	protein_coding	ENSMUSG00000078506	-	Gm13124	1822
1823	Gm13127	chr4	144587244	144588632	processed_pseudogene	ENSMUSG00000070610	+	Gm13127	1823
1824	Aadacl4	chr4	144613707	144623398	protein_coding	ENSMUSG00000070609	+	Aadacl4	1824
1825	Gm436	chr4	144669937	144686368	protein_coding	ENSMUSG00000078505	-	Gm436	1825
1826	Gm13178	chr4	144703191	144721404	protein_coding	ENSMUSG00000041735	-	Gm13178	1826
1827	Gm438	chr4	144777204	144786583	protein_coding	ENSMUSG00000078504	-	Gm438	1827
1828	Dhrs3	chr4	144892827	144928209	protein_coding	ENSMUSG00000066026	+	Dhrs3	1828
1829	Gm38074	chr4	144957155	144958848	TEC	ENSMUSG00000103911	-	Gm38074	1829
1830	Vps13d	chr4	144972622	145195005	protein_coding	ENSMUSG00000020220	-	Vps13d	1830
1831	Tnfrsf1b	chr4	145213463	145246870	protein_coding	ENSMUSG00000028599	-	Tnfrsf1b	1831
1832	Tnfrsf8	chr4	145267137	145315164	protein_coding	ENSMUSG00000028602	-	Tnfrsf8	1832
1833	Gm13024	chr4	145390943	145391660	processed_pseudogene	ENSMUSG00000082758	+	Gm13024	1833
1834	Gm13224	chr4	145404306	145404399	processed_pseudogene	ENSMUSG00000084272	+	Gm13224	1834
1835	Platr16	chr4	145410245	145449756	lncRNA	ENSMUSG00000085101	+	Platr16	1835
1836	Gm13230	chr4	145446740	145450888	transcribed_unprocessed_pseudogene	ENSMUSG00000082082	+	Gm13230	1836
1837	Gm13223	chr4	145455633	145456379	processed_pseudogene	ENSMUSG00000083081	+	Gm13223	1837
1838	Smarca5-ps	chr4	145464204	145467420	transcribed_processed_pseudogene	ENSMUSG00000052912	+	Smarca5-ps	1838
1839	Zfp990	chr4	145510759	145539188	protein_coding	ENSMUSG00000078503	+	Zfp990	1839
1840	Gm13228	chr4	145574528	145575161	processed_pseudogene	ENSMUSG00000082352	+	Gm13228	1840
1841	Gm13226	chr4	145576889	145577292	processed_pseudogene	ENSMUSG00000083454	-	Gm13226	1841
1842	Gm13222	chr4	145579036	145579173	processed_pseudogene	ENSMUSG00000080732	+	Gm13222	1842
1843	Gm13212	chr4	145585166	145625345	protein_coding	ENSMUSG00000078502	+	Gm13212	1843
1844	Gm13234	chr4	145632504	145633250	processed_pseudogene	ENSMUSG00000083562	+	Gm13234	1844
1845	Gm13231	chr4	145641357	145644399	processed_pseudogene	ENSMUSG00000081885	+	Gm13231	1845
1846	Zfp980	chr4	145670685	145704441	protein_coding	ENSMUSG00000058186	+	Zfp980	1846
1847	Znf41-ps	chr4	145825237	145829942	unprocessed_pseudogene	ENSMUSG00000084350	+	Znf41-ps	1847
1848	Zfp986	chr4	145868794	145899975	protein_coding	ENSMUSG00000078500	+	Zfp986	1848
1849	Gm13036	chr4	146058776	146059523	processed_pseudogene	ENSMUSG00000081595	+	Gm13036	1849
1850	Gm13034	chr4	146067752	146070928	processed_pseudogene	ENSMUSG00000082195	+	Gm13034	1850
1851	Gm13035	chr4	146073257	146073598	processed_pseudogene	ENSMUSG00000083733	-	Gm13035	1851
1852	Zfp987	chr4	146097298	146126621	protein_coding	ENSMUSG00000066009	+	Zfp987	1852
1853	Zfp600	chr4	146156824	146198755	protein_coding	ENSMUSG00000066007	+	Zfp600	1853
1854	Gm13165	chr4	146167522	146205732	lncRNA	ENSMUSG00000086654	-	Gm13165	1854
1855	Gm13170	chr4	146178124	146178766	processed_pseudogene	ENSMUSG00000081522	+	Gm13170	1855
1856	Gm13166	chr4	146251829	146278434	lncRNA	ENSMUSG00000085525	+	Gm13166	1856
1857	Zfp992	chr4	146449023	146470292	protein_coding	ENSMUSG00000070605	+	Zfp992	1857
1858	Gm13241	chr4	146475332	146476111	processed_pseudogene	ENSMUSG00000073716	+	Gm13241	1858
1859	Gm13245	chr4	146480667	146480926	processed_pseudogene	ENSMUSG00000081998	+	Gm13245	1859
1860	Zfp981	chr4	146502027	146539395	protein_coding	ENSMUSG00000056300	+	Zfp981	1860
1861	1700095A21Rik	chr4	146519039	146546873	lncRNA	ENSMUSG00000086046	-	1700095A21Rik	1861
1862	Gm13233	chr4	146580629	146582312	processed_pseudogene	ENSMUSG00000083038	+	Gm13233	1862
1863	Vmn2r-ps16	chr4	146605105	146605481	unprocessed_pseudogene	ENSMUSG00000095460	+	Vmn2r-ps16	1863
1864	Zfp993	chr4	146610961	146658160	protein_coding	ENSMUSG00000063245	+	Zfp993	1864
1865	Gm21411	chr4	146891696	146909590	protein_coding	ENSMUSG00000045699	-	Gm21411	1865
1866	Gm13140	chr4	146942476	146945825	processed_pseudogene	ENSMUSG00000083027	+	Gm13140	1866
1867	Zfp989	chr4	146971976	146990755	protein_coding	ENSMUSG00000086147	+	Zfp989	1867
1868	Rex2	chr4	147021850	147060794	protein_coding	ENSMUSG00000067919	+	Rex2	1868
1869	4933438K21Rik	chr4	147063366	147068436	lncRNA	ENSMUSG00000093617	-	4933438K21Rik	1869
1870	Gm13160	chr4	147086358	147086984	processed_pseudogene	ENSMUSG00000094017	-	Gm13160	1870
1871	Vmn2r-ps18	chr4	147126130	147126509	unprocessed_pseudogene	ENSMUSG00000094849	+	Vmn2r-ps18	1871
1872	Zfp991	chr4	147132038	147180579	protein_coding	ENSMUSG00000067916	+	Zfp991	1872
1873	Gm13147	chr4	147230284	147259338	transcribed_unprocessed_pseudogene	ENSMUSG00000087207	+	Gm13147	1873
1874	Gm13158	chr4	147267373	147268108	processed_pseudogene	ENSMUSG00000081627	+	Gm13158	1874
1875	Gm13135	chr4	147275976	147279096	processed_pseudogene	ENSMUSG00000082925	+	Gm13135	1875
1876	Zfp988	chr4	147305674	147333734	protein_coding	ENSMUSG00000078498	+	Zfp988	1876
1877	Zfp978	chr4	147361303	147391004	protein_coding	ENSMUSG00000078497	+	Zfp978	1877
1878	Vmn2r-ps19	chr4	147444380	147444648	unprocessed_pseudogene	ENSMUSG00000093975	+	Vmn2r-ps19	1878
1879	Zfp982	chr4	147492417	147513486	protein_coding	ENSMUSG00000078496	+	Zfp982	1879
1880	Vmn2r-ps20	chr4	147521531	147521912	unprocessed_pseudogene	ENSMUSG00000096440	+	Vmn2r-ps20	1880
1881	Zfp985	chr4	147553277	147585198	protein_coding	ENSMUSG00000065999	+	Zfp985	1881
1882	Zfp979	chr4	147611937	147642513	protein_coding	ENSMUSG00000066000	-	Zfp979	1882
1883	Gm16211	chr4	147668518	147670854	lncRNA	ENSMUSG00000086130	-	Gm16211	1883
1884	Zfp534	chr4	147673502	147702553	protein_coding	ENSMUSG00000062518	-	Zfp534	1884
1885	Gm13136	chr4	147735477	147738426	processed_pseudogene	ENSMUSG00000081179	-	Gm13136	1885
1886	Gm13148	chr4	147745817	147746561	processed_pseudogene	ENSMUSG00000083642	-	Gm13148	1886
1887	Zfp984	chr4	147753974	147809788	protein_coding	ENSMUSG00000078495	-	Zfp984	1887
1888	Gm20707	chr4	147782319	147809840	lncRNA	ENSMUSG00000093594	-	Gm20707	1888
1889	Rps19-ps3	chr4	147821777	147822202	processed_pseudogene	ENSMUSG00000080059	-	Rps19-ps3	1889
1890	Zfp933	chr4	147822986	147848366	protein_coding	ENSMUSG00000059423	-	Zfp933	1890
1891	Miip	chr4	147860778	147868816	protein_coding	ENSMUSG00000029022	-	Miip	1891
1892	Mfn2	chr4	147873599	147904704	protein_coding	ENSMUSG00000029020	-	Mfn2	1892
1893	Gm13156	chr4	147893673	147893993	processed_pseudogene	ENSMUSG00000083340	+	Gm13156	1893
1894	Plod1	chr4	147909753	147936767	protein_coding	ENSMUSG00000019055	-	Plod1	1894
1895	2510039O18Rik	chr4	147940895	147947314	protein_coding	ENSMUSG00000044496	+	2510039O18Rik	1895
1896	Nppa	chr4	148000722	148002079	protein_coding	ENSMUSG00000041616	+	Nppa	1896
1897	Gm13054	chr4	148001091	148004014	lncRNA	ENSMUSG00000086806	-	Gm13054	1897
1898	Clcn6	chr4	148004259	148038821	protein_coding	ENSMUSG00000029016	-	Clcn6	1898
1899	Gm13207	chr4	148031554	148032326	processed_pseudogene	ENSMUSG00000083473	+	Gm13207	1899
1900	Mthfr	chr4	148039077	148059551	protein_coding	ENSMUSG00000029009	+	Mthfr	1900
1901	Chchd2-ps	chr4	148068031	148068492	processed_pseudogene	ENSMUSG00000094320	-	Chchd2-ps	1901
1902	Gm13201	chr4	148071392	148075420	lncRNA	ENSMUSG00000078494	-	Gm13201	1902
1903	Agtrap	chr4	148077061	148088031	protein_coding	ENSMUSG00000029007	-	Agtrap	1903
1904	Draxin	chr4	148098437	148130698	protein_coding	ENSMUSG00000029005	-	Draxin	1904
1905	Mad2l2	chr4	148130384	148145699	protein_coding	ENSMUSG00000029003	+	Mad2l2	1905
1906	Fbxo6	chr4	148145716	148152140	protein_coding	ENSMUSG00000055401	-	Fbxo6	1906
1907	Mir7022	chr4	148146936	148146996	miRNA	ENSMUSG00000099043	-	Mir7022	1907
1908	Fbxo44	chr4	148152800	148160482	protein_coding	ENSMUSG00000029001	-	Fbxo44	1908
1909	Fbxo2	chr4	148160621	148166424	protein_coding	ENSMUSG00000041556	+	Fbxo2	1909
1910	Disp3	chr4	148240264	148287965	protein_coding	ENSMUSG00000041544	-	Disp3	1910
1911	Gm13206	chr4	148306853	148316569	lncRNA	ENSMUSG00000087027	+	Gm13206	1911
1912	Gm13200	chr4	148356379	148359460	lncRNA	ENSMUSG00000086326	-	Gm13200	1912
1913	Ubiad1	chr4	148434495	148444771	protein_coding	ENSMUSG00000047719	-	Ubiad1	1913
1914	Gm23303	chr4	148443334	148443485	snRNA	ENSMUSG00000064648	-	Gm23303	1914
1915	Mtor	chr4	148448611	148557683	protein_coding	ENSMUSG00000028991	+	Mtor	1915
1916	Angptl7	chr4	148495183	148500460	protein_coding	ENSMUSG00000028989	-	Angptl7	1916
1917	Gm23318	chr4	148555697	148555804	snRNA	ENSMUSG00000088625	+	Gm23318	1917
1918	Exosc10	chr4	148558429	148582401	protein_coding	ENSMUSG00000017264	+	Exosc10	1918
1919	Gm13204	chr4	148569056	148569876	processed_pseudogene	ENSMUSG00000082860	-	Gm13204	1919
1920	Gm13209	chr4	148584721	148586007	lncRNA	ENSMUSG00000087217	-	Gm13209	1920
1921	Srm	chr4	148591503	148594993	protein_coding	ENSMUSG00000006442	+	Srm	1921
1922	Masp2	chr4	148602554	148615499	protein_coding	ENSMUSG00000028979	+	Masp2	1922
1923	Tardbp	chr4	148612382	148627019	protein_coding	ENSMUSG00000041459	-	Tardbp	1923
1924	Gm572	chr4	148643317	148671572	protein_coding	ENSMUSG00000070577	+	Gm572	1924
1925	Casz1	chr4	148804429	148954889	protein_coding	ENSMUSG00000028977	+	Casz1	1925
1926	Gm13205	chr4	148947492	148948914	lncRNA	ENSMUSG00000086606	-	Gm13205	1926
1927	Gm17029	chr4	148960297	148984671	lncRNA	ENSMUSG00000086740	+	Gm17029	1927
1928	Pex14	chr4	148960535	149099876	protein_coding	ENSMUSG00000028975	-	Pex14	1928
1929	Dffa	chr4	149104146	149120647	protein_coding	ENSMUSG00000028974	+	Dffa	1929
1930	Cort	chr4	149125034	149126763	protein_coding	ENSMUSG00000028971	-	Cort	1930
1931	Cenps	chr4	149127121	149137629	protein_coding	ENSMUSG00000073705	-	Cenps	1931
1932	Rpsa-ps12	chr4	149142497	149143388	processed_pseudogene	ENSMUSG00000080746	-	Rpsa-ps12	1932
1933	Pgd	chr4	149149991	149166771	protein_coding	ENSMUSG00000028961	-	Pgd	1933
1934	Kif1b	chr4	149176319	149307693	protein_coding	ENSMUSG00000063077	-	Kif1b	1934
1935	Ube4b	chr4	149328416	149426749	protein_coding	ENSMUSG00000028960	-	Ube4b	1935
1936	Ube4bos3	chr4	149334639	149335897	lncRNA	ENSMUSG00000085286	+	Ube4bos3	1936
1937	Ube4bos2	chr4	149338087	149338531	lncRNA	ENSMUSG00000085807	+	Ube4bos2	1937
1938	Ube4bos1	chr4	149347885	149365277	lncRNA	ENSMUSG00000085819	+	Ube4bos1	1938
1939	Rbp7	chr4	149449687	149454978	protein_coding	ENSMUSG00000028996	-	Rbp7	1939
1940	Trmt112-ps2	chr4	149457329	149457706	processed_pseudogene	ENSMUSG00000070572	+	Trmt112-ps2	1940
1941	Nmnat1	chr4	149467572	149485202	protein_coding	ENSMUSG00000028992	-	Nmnat1	1941
1942	Tmem274	chr4	149477378	149483549	protein_coding	ENSMUSG00000087198	+	Tmem274	1942
1943	Lzic	chr4	149485229	149496668	protein_coding	ENSMUSG00000028990	+	Lzic	1943
1944	Gm13071	chr4	149500633	149501008	processed_pseudogene	ENSMUSG00000083811	+	Gm13071	1944
1945	Ctnnbip1	chr4	149518236	149566437	protein_coding	ENSMUSG00000028988	+	Ctnnbip1	1945
1946	Gm13066	chr4	149565620	149567790	lncRNA	ENSMUSG00000086949	-	Gm13066	1946
1947	Clstn1	chr4	149586468	149648899	protein_coding	ENSMUSG00000039953	+	Clstn1	1947
1948	Pik3cd	chr4	149649168	149702571	protein_coding	ENSMUSG00000039936	-	Pik3cd	1948
1949	Tmem201	chr4	149715375	149738044	protein_coding	ENSMUSG00000044700	-	Tmem201	1949
1950	Slc25a33	chr4	149744036	149774277	protein_coding	ENSMUSG00000028982	-	Slc25a33	1950
1951	Gm13068	chr4	149748518	149749607	lncRNA	ENSMUSG00000085403	+	Gm13068	1951
1952	Gm16188	chr4	149776252	149783332	lncRNA	ENSMUSG00000085368	+	Gm16188	1952
1953	Gm13073	chr4	149780024	149780714	lncRNA	ENSMUSG00000084807	-	Gm13073	1953
1954	n-R5s193	chr4	149817732	149817840	rRNA	ENSMUSG00000064798	+	n-R5s193	1954
1955	Spsb1	chr4	149896283	149955043	protein_coding	ENSMUSG00000039911	-	Spsb1	1955
1956	Gm13070	chr4	149904006	149908149	lncRNA	ENSMUSG00000086767	+	Gm13070	1956
1957	H6pd	chr4	149979475	150009023	protein_coding	ENSMUSG00000028980	-	H6pd	1957
1958	Gm13067	chr4	150049013	150056976	lncRNA	ENSMUSG00000086665	+	Gm13067	1958
1959	Gm37795	chr4	150068539	150070997	TEC	ENSMUSG00000102813	+	Gm37795	1959
1960	Gpr157	chr4	150087365	150105927	protein_coding	ENSMUSG00000047875	+	Gpr157	1960
1961	Gm13093	chr4	150113879	150119263	lncRNA	ENSMUSG00000087094	-	Gm13093	1961
1962	Slc2a5	chr4	150119283	150144169	protein_coding	ENSMUSG00000028976	+	Slc2a5	1962
1963	Slc2a7	chr4	150148972	150168482	protein_coding	ENSMUSG00000062064	+	Slc2a7	1963
1964	Car6	chr4	150187015	150201332	protein_coding	ENSMUSG00000028972	-	Car6	1964
1965	Eno1	chr4	150236721	150248879	protein_coding	ENSMUSG00000063524	+	Eno1	1965
1966	Rere	chr4	150281646	150621966	protein_coding	ENSMUSG00000039852	+	Rere	1966
1967	Gm23209	chr4	150321193	150321302	snRNA	ENSMUSG00000089292	+	Gm23209	1967
1968	Gm13091	chr4	150566869	150568544	lncRNA	ENSMUSG00000085213	-	Gm13091	1968
1969	Slc45a1	chr4	150628572	150652174	protein_coding	ENSMUSG00000039838	-	Slc45a1	1969
1970	Gm16079	chr4	150668248	150678792	lncRNA	ENSMUSG00000085869	-	Gm16079	1970
1971	Gm13049	chr4	150825733	150839575	lncRNA	ENSMUSG00000085097	+	Gm13049	1971
1972	1700045H11Rik	chr4	150828225	150854949	lncRNA	ENSMUSG00000078492	-	1700045H11Rik	1972
1973	Rps15a-ps3	chr4	150847113	150847507	processed_pseudogene	ENSMUSG00000084314	+	Rps15a-ps3	1973
1974	Errfi1	chr4	150853919	150868892	protein_coding	ENSMUSG00000028967	+	Errfi1	1974
1975	Park7	chr4	150897133	150914437	protein_coding	ENSMUSG00000028964	-	Park7	1975
1976	Tnfrsf9	chr4	150914562	150946102	protein_coding	ENSMUSG00000028965	+	Tnfrsf9	1976
1977	Camta1	chr4	150917322	151861876	protein_coding	ENSMUSG00000014592	-	Camta1	1977
1978	Gm23405	chr4	150964735	150964894	snRNA	ENSMUSG00000064476	+	Gm23405	1978
1979	Uts2	chr4	150997097	151001810	protein_coding	ENSMUSG00000028963	+	Uts2	1979
1980	Per3	chr4	151003652	151044665	protein_coding	ENSMUSG00000028957	-	Per3	1980
1981	Vamp3	chr4	151047300	151057963	protein_coding	ENSMUSG00000028955	-	Vamp3	1981
1982	Gm13090	chr4	151089570	151091449	protein_coding	ENSMUSG00000078491	+	Gm13090	1982
1983	4930589P08Rik	chr4	151376470	151379582	lncRNA	ENSMUSG00000085593	+	4930589P08Rik	1983
1984	Dnajc11	chr4	151933691	151982137	protein_coding	ENSMUSG00000039768	+	Dnajc11	1984
1985	Thap3	chr4	151982639	151988997	protein_coding	ENSMUSG00000039759	-	Thap3	1985
1986	Phf13	chr4	151989633	151996258	protein_coding	ENSMUSG00000047777	-	Phf13	1986
1987	Klhl21	chr4	152008803	152017680	protein_coding	ENSMUSG00000073700	+	Klhl21	1987
1988	Zbtb48	chr4	152019774	152027671	protein_coding	ENSMUSG00000028952	-	Zbtb48	1988
1989	Tas1r1	chr4	152027914	152038568	protein_coding	ENSMUSG00000028950	-	Tas1r1	1989
1990	Nol9	chr4	152039321	152061494	protein_coding	ENSMUSG00000028948	+	Nol9	1990
1991	Plekhg5	chr4	152072498	152115400	protein_coding	ENSMUSG00000039713	+	Plekhg5	1991
1992	Tnfrsf25	chr4	152115934	152120119	protein_coding	ENSMUSG00000024793	+	Tnfrsf25	1992
1993	Espn	chr4	152120331	152152371	protein_coding	ENSMUSG00000028943	-	Espn	1993
1994	Acot7	chr4	152178134	152271855	protein_coding	ENSMUSG00000028937	+	Acot7	1994
1995	Gm27500	chr4	152201807	152202142	misc_RNA	ENSMUSG00000098385	-	Gm27500	1995
1996	Gpr153	chr4	152274232	152285337	protein_coding	ENSMUSG00000042804	+	Gpr153	1996
1997	Hes3	chr4	152285972	152291662	protein_coding	ENSMUSG00000028946	-	Hes3	1997
1998	Icmt	chr4	152297227	152307121	protein_coding	ENSMUSG00000039662	+	Icmt	1998
1999	Rnf207	chr4	152307019	152318993	protein_coding	ENSMUSG00000058498	-	Rnf207	1999
2000	Rpl22	chr4	152325742	152334071	protein_coding	ENSMUSG00000028936	+	Rpl22	2000
2001	Chd5	chr4	152338651	152390194	protein_coding	ENSMUSG00000005045	+	Chd5	2001
2002	Gm13645	chr4	152352198	152353641	lncRNA	ENSMUSG00000085179	-	Gm13645	2002
2003	Kcnab2	chr4	152390742	152477910	protein_coding	ENSMUSG00000028931	-	Kcnab2	2003
2004	Gm16333	chr4	152410800	152411262	lncRNA	ENSMUSG00000090057	+	Gm16333	2004
2005	Nphp4	chr4	152476706	152563183	protein_coding	ENSMUSG00000039577	+	Nphp4	2005
2006	Gm13172	chr4	152677748	152678003	processed_pseudogene	ENSMUSG00000083078	-	Gm13172	2006
2007	Gm833	chr4	152697540	152700515	lncRNA	ENSMUSG00000073699	+	Gm833	2007
2008	Ajap1	chr4	153373221	153482811	protein_coding	ENSMUSG00000039546	-	Ajap1	2008
2009	BC039966	chr4	153947633	153950503	lncRNA	ENSMUSG00000086272	-	BC039966	2009
2010	A430005L14Rik	chr4	153957237	153961925	protein_coding	ENSMUSG00000047613	+	A430005L14Rik	2010
2011	Dffb	chr4	153964449	153975126	protein_coding	ENSMUSG00000029027	-	Dffb	2011
2012	Cep104	chr4	153975194	154008732	protein_coding	ENSMUSG00000039523	+	Cep104	2012
2013	Lrrc47	chr4	154011731	154021513	protein_coding	ENSMUSG00000029028	+	Lrrc47	2013
2014	Smim1	chr4	154020470	154026230	protein_coding	ENSMUSG00000078350	-	Smim1	2014
2015	Ccdc27	chr4	154026639	154042677	protein_coding	ENSMUSG00000039492	-	Ccdc27	2015
2016	Gm13117	chr4	154043733	154044423	processed_pseudogene	ENSMUSG00000080807	-	Gm13117	2016
2017	Trp73	chr4	154056253	154140208	protein_coding	ENSMUSG00000029026	-	Trp73	2017
2018	Trp73os	chr4	154093479	154098353	lncRNA	ENSMUSG00000087071	+	Trp73os	2018
2019	Wrap73	chr4	154142372	154167420	protein_coding	ENSMUSG00000029029	+	Wrap73	2019
2020	Tprgl	chr4	154157485	154160666	protein_coding	ENSMUSG00000029030	-	Tprgl	2020
2021	Megf6	chr4	154170730	154275713	protein_coding	ENSMUSG00000057751	+	Megf6	2021
2022	Gm13132	chr4	154220541	154221012	processed_pseudogene	ENSMUSG00000081276	+	Gm13132	2022
2023	Arhgef16	chr4	154278486	154301676	protein_coding	ENSMUSG00000029032	-	Arhgef16	2023
2024	Prdm16	chr4	154316125	154636873	protein_coding	ENSMUSG00000039410	-	Prdm16	2024
2025	B230104I21Rik	chr4	154336127	154349918	lncRNA	ENSMUSG00000097871	+	B230104I21Rik	2025
2026	Gm13133	chr4	154550282	154557645	lncRNA	ENSMUSG00000086565	+	Gm13133	2026
2027	Prdm16os	chr4	154637576	154644724	lncRNA	ENSMUSG00000085069	+	Prdm16os	2027
2028	Gm27202	chr4	154645083	154645701	lncRNA	ENSMUSG00000098424	-	Gm27202	2028
2029	Gm13110	chr4	154645754	154655318	lncRNA	ENSMUSG00000086810	-	Gm13110	2029
2030	Ttc34	chr4	154837459	154867127	protein_coding	ENSMUSG00000046637	+	Ttc34	2030
2031	Gm13112	chr4	154864506	154872003	lncRNA	ENSMUSG00000087437	-	Gm13112	2031
2032	Mmel1	chr4	154869585	154895528	protein_coding	ENSMUSG00000058183	+	Mmel1	2032
2033	Prxl2b	chr4	154895504	154899135	protein_coding	ENSMUSG00000029059	-	Prxl2b	2033
2034	Tnfrsf14	chr4	154921933	154928563	protein_coding	ENSMUSG00000042333	-	Tnfrsf14	2034
2035	Hes5	chr4	154960923	154962371	protein_coding	ENSMUSG00000048001	+	Hes5	2035
2036	Pank4	chr4	154964123	154980938	protein_coding	ENSMUSG00000029056	+	Pank4	2036
2037	Plch2	chr4	154983115	155056784	protein_coding	ENSMUSG00000029055	-	Plch2	2037
2038	Pex10	chr4	155067016	155072433	protein_coding	ENSMUSG00000029047	+	Pex10	2038
2039	Rer1	chr4	155074110	155086382	protein_coding	ENSMUSG00000029048	-	Rer1	2039
2040	Morn1	chr4	155086577	155145505	protein_coding	ENSMUSG00000029049	+	Morn1	2040
2041	Ski	chr4	155154075	155222592	protein_coding	ENSMUSG00000029050	-	Ski	2041
2042	Faap20	chr4	155249802	155256687	protein_coding	ENSMUSG00000073684	+	Faap20	2042
2043	Prkcz	chr4	155260129	155361361	protein_coding	ENSMUSG00000029053	-	Prkcz	2043
2044	Gm27200	chr4	155343683	155344465	lncRNA	ENSMUSG00000098729	+	Gm27200	2044
2045	Gabrd	chr4	155384980	155398112	protein_coding	ENSMUSG00000029054	-	Gabrd	2045
2046	5830444B04Rik	chr4	155398763	155421704	lncRNA	ENSMUSG00000084803	-	5830444B04Rik	2046
2047	Cfap74	chr4	155409190	155466823	protein_coding	ENSMUSG00000078490	+	Cfap74	2047
2048	Tmem52	chr4	155469114	155470858	protein_coding	ENSMUSG00000023153	+	Tmem52	2048
2049	Gnb1	chr4	155491361	155559269	protein_coding	ENSMUSG00000029064	+	Gnb1	2049
2050	Nadk	chr4	155562378	155591001	protein_coding	ENSMUSG00000029063	+	Nadk	2050
2051	Slc35e2	chr4	155601416	155623340	protein_coding	ENSMUSG00000042202	+	Slc35e2	2051
2052	Gm16023	chr4	155608300	155624755	lncRNA	ENSMUSG00000086682	-	Gm16023	2052
2053	Gm10563	chr4	155614413	155645408	protein_coding	ENSMUSG00000073682	-	Gm10563	2053
2054	Gm16024	chr4	155616409	155616787	lncRNA	ENSMUSG00000085063	+	Gm16024	2054
2055	Cdk11b	chr4	155624854	155649938	protein_coding	ENSMUSG00000029062	+	Cdk11b	2055
2056	Mmp23	chr4	155650655	155653384	protein_coding	ENSMUSG00000029061	-	Mmp23	2056
2057	Mib2	chr4	155654677	155669198	protein_coding	ENSMUSG00000029060	-	Mib2	2057
2058	Fndc10	chr4	155694342	155696481	protein_coding	ENSMUSG00000074738	+	Fndc10	2058
2059	Ssu72	chr4	155704800	155733879	protein_coding	ENSMUSG00000029038	+	Ssu72	2059
2060	Gm22573	chr4	155720040	155720141	snRNA	ENSMUSG00000064916	-	Gm22573	2060
2061	1500002C15Rik	chr4	155732545	155734727	lncRNA	ENSMUSG00000096221	-	1500002C15Rik	2061
2062	Tmem240	chr4	155734800	155740564	protein_coding	ENSMUSG00000084845	+	Tmem240	2062
2063	Atad3a	chr4	155740641	155761093	protein_coding	ENSMUSG00000029036	-	Atad3a	2063
2064	Atad3aos	chr4	155761178	155769264	lncRNA	ENSMUSG00000054514	+	Atad3aos	2064
2065	Vwa1	chr4	155768149	155774698	protein_coding	ENSMUSG00000042116	-	Vwa1	2065
2066	Tmem88b	chr4	155781591	155785874	protein_coding	ENSMUSG00000073680	-	Tmem88b	2066
2067	Gm27743	chr4	155789581	155789706	miRNA	ENSMUSG00000098638	+	Gm27743	2067
2068	Ankrd65	chr4	155790439	155799503	protein_coding	ENSMUSG00000078487	+	Ankrd65	2068
2069	Mrpl20	chr4	155802878	155809975	protein_coding	ENSMUSG00000029066	+	Mrpl20	2069
2070	Ccnl2	chr4	155812489	155824543	protein_coding	ENSMUSG00000029068	+	Ccnl2	2070
2071	Aurkaip1	chr4	155831272	155833130	protein_coding	ENSMUSG00000065990	+	Aurkaip1	2071
2072	Mxra8	chr4	155839680	155844088	protein_coding	ENSMUSG00000029070	+	Mxra8	2072
2073	Dvl1	chr4	155847402	155859303	protein_coding	ENSMUSG00000029071	+	Dvl1	2073
2074	Tas1r3	chr4	155859268	155863362	protein_coding	ENSMUSG00000029072	-	Tas1r3	2074
2075	Cptp	chr4	155864723	155869440	protein_coding	ENSMUSG00000029073	-	Cptp	2075
2076	Ints11	chr4	155869546	155889103	protein_coding	ENSMUSG00000029034	+	Ints11	2076
2077	Pusl1	chr4	155887879	155891781	protein_coding	ENSMUSG00000051557	-	Pusl1	2077
2078	Acap3	chr4	155891822	155907251	protein_coding	ENSMUSG00000029033	+	Acap3	2078
2079	Ube2j2	chr4	155943831	155959604	protein_coding	ENSMUSG00000023286	+	Ube2j2	2079
2080	C1qtnf12	chr4	155962318	155966629	protein_coding	ENSMUSG00000023571	+	C1qtnf12	2080
2081	B3galt6	chr4	155989466	155992649	protein_coding	ENSMUSG00000050796	-	B3galt6	2081
2082	Sdf4	chr4	155992872	156013610	protein_coding	ENSMUSG00000029076	+	Sdf4	2082
2083	Tnfrsf4	chr4	156013843	156016612	protein_coding	ENSMUSG00000029075	+	Tnfrsf4	2083
2084	Gm37090	chr4	156018556	156022660	TEC	ENSMUSG00000103183	-	Gm37090	2084
2085	Gm16008	chr4	156022008	156031643	lncRNA	ENSMUSG00000087381	-	Gm16008	2085
2086	Gm25982	chr4	156023058	156023158	snRNA	ENSMUSG00000088545	-	Gm25982	2086
2087	Tnfrsf18	chr4	156026164	156028895	protein_coding	ENSMUSG00000041954	+	Tnfrsf18	2087
2088	Ttll10	chr4	156034840	156059414	protein_coding	ENSMUSG00000029074	-	Ttll10	2088
2089	Gm13648	chr4	156052715	156059802	lncRNA	ENSMUSG00000086549	-	Gm13648	2089
2090	9430015G10Rik	chr4	156109982	156127265	protein_coding	ENSMUSG00000059939	+	9430015G10Rik	2090
2091	Rnf223	chr4	156130513	156133420	protein_coding	ENSMUSG00000110404	+	Rnf223	2091
2092	Agrn	chr4	156165290	156197488	protein_coding	ENSMUSG00000041936	-	Agrn	2092
2093	Isg15	chr4	156199455	156200796	protein_coding	ENSMUSG00000035692	-	Isg15	2093
2094	AW011738	chr4	156203270	156210563	lncRNA	ENSMUSG00000078349	+	AW011738	2094
2095	Perm1	chr4	156215868	156221307	protein_coding	ENSMUSG00000078486	+	Perm1	2095
2096	Plekhn1	chr4	156221456	156234857	protein_coding	ENSMUSG00000078485	-	Plekhn1	2096
2097	Mir7658	chr4	156230059	156230115	miRNA	ENSMUSG00000098954	-	Mir7658	2097
2098	Noc2l	chr4	156235919	156247616	protein_coding	ENSMUSG00000095567	+	Noc2l	2098
2099	Samd11	chr4	156246966	156255657	protein_coding	ENSMUSG00000096351	-	Samd11	2099
2100	Vmn2r-ps159	chr4	156331103	156339499	protein_coding	ENSMUSG00000057021	+	Vmn2r-ps159	2100
2101	Vmn2r125	chr4	156344200	156355905	unprocessed_pseudogene	ENSMUSG00000096042	+	Vmn2r125	2101
