	gene_name	chr	start	end	type	ensembl_id	strand	gene_name2	Node_ID
0	Gm7346	chr8	3093369	3095187	unprocessed_pseudogene	ENSMUSG00000090795	+	Gm7346	0
1	Insr	chr8	3122061	3279617	protein_coding	ENSMUSG00000005534	-	Insr	1
2	Vmn2r-ps88	chr8	3139098	3139968	unprocessed_pseudogene	ENSMUSG00000109369	+	Vmn2r-ps88	2
3	Gm16180	chr8	3259704	3260641	lncRNA	ENSMUSG00000086065	+	Gm16180	3
4	Arhgef18	chr8	3353415	3456601	protein_coding	ENSMUSG00000004568	+	Arhgef18	4
5	Pex11g	chr8	3457105	3467680	protein_coding	ENSMUSG00000069633	-	Pex11g	5
6	Gm44775	chr8	3458039	3459494	TEC	ENSMUSG00000108955	+	Gm44775	6
7	Tex45	chr8	3470862	3487181	protein_coding	ENSMUSG00000040340	+	Tex45	7
8	Zfp358	chr8	3493138	3497208	protein_coding	ENSMUSG00000047264	+	Zfp358	8
9	Mcoln1	chr8	3500457	3515232	protein_coding	ENSMUSG00000004567	+	Mcoln1	9
10	Pnpla6	chr8	3515384	3544267	protein_coding	ENSMUSG00000004565	+	Pnpla6	10
11	C330021F23Rik	chr8	3567990	3584939	protein_coding	ENSMUSG00000065952	+	C330021F23Rik	11
12	Camsap3	chr8	3587293	3609075	protein_coding	ENSMUSG00000044433	+	Camsap3	12
13	Xab2	chr8	3608421	3621316	protein_coding	ENSMUSG00000019470	-	Xab2	13
14	Pet100	chr8	3621548	3625848	protein_coding	ENSMUSG00000087687	+	Pet100	14
15	Pcp2	chr8	3623371	3625545	protein_coding	ENSMUSG00000004630	-	Pcp2	15
16	Stxbp2	chr8	3630955	3643644	protein_coding	ENSMUSG00000004626	+	Stxbp2	16
17	Retn	chr8	3655770	3660110	protein_coding	ENSMUSG00000012705	+	Retn	17
18	Mcemp1	chr8	3665754	3669259	protein_coding	ENSMUSG00000013974	+	Mcemp1	18
19	Fcor	chr8	3671188	3672362	protein_coding	ENSMUSG00000089665	-	Fcor	19
20	Gm39121	chr8	3672430	3672954	lncRNA	ENSMUSG00000109277	+	Gm39121	20
21	Gm45231	chr8	3674035	3676954	lncRNA	ENSMUSG00000108888	-	Gm45231	21
22	Trappc5	chr8	3676299	3681255	protein_coding	ENSMUSG00000040236	+	Trappc5	22
23	Fcer2a	chr8	3681737	3694175	protein_coding	ENSMUSG00000005540	-	Fcer2a	23
24	Clec4g	chr8	3707064	3720651	protein_coding	ENSMUSG00000074491	-	Clec4g	24
25	Gm16553	chr8	3709804	3739044	lncRNA	ENSMUSG00000089956	+	Gm16553	25
26	Cd209a	chr8	3743397	3748984	protein_coding	ENSMUSG00000031494	-	Cd209a	26
27	Cd209e	chr8	3847965	3854309	protein_coding	ENSMUSG00000040197	-	Cd209e	27
28	Cd209d	chr8	3871824	3878555	protein_coding	ENSMUSG00000031495	-	Cd209d	28
29	Cd209b	chr8	3917655	3926844	protein_coding	ENSMUSG00000065987	-	Cd209b	29
30	Cd209c	chr8	3940222	3954746	protein_coding	ENSMUSG00000040165	-	Cd209c	30
31	Gm7389	chr8	3994626	3997509	processed_pseudogene	ENSMUSG00000097657	+	Gm7389	31
32	Gm45048	chr8	4016454	4016882	processed_pseudogene	ENSMUSG00000109267	-	Gm45048	32
33	Gm7397	chr8	4018992	4021471	unprocessed_pseudogene	ENSMUSG00000109377	+	Gm7397	33
34	Gm16589	chr8	4087658	4088575	processed_pseudogene	ENSMUSG00000074482	+	Gm16589	34
35	Cd209f	chr8	4102787	4105835	protein_coding	ENSMUSG00000051906	-	Cd209f	35
36	Cd209g	chr8	4134098	4137707	protein_coding	ENSMUSG00000079168	+	Cd209g	36
37	4932443L11Rik	chr8	4162522	4206882	lncRNA	ENSMUSG00000086805	-	4932443L11Rik	37
38	Evi5l	chr8	4166567	4211257	protein_coding	ENSMUSG00000011832	+	Evi5l	38
39	Prr36	chr8	4209543	4217459	protein_coding	ENSMUSG00000064125	-	Prr36	39
40	Lrrc8e	chr8	4226827	4237470	protein_coding	ENSMUSG00000046589	+	Lrrc8e	40
41	Map2k7	chr8	4238740	4247897	protein_coding	ENSMUSG00000002948	+	Map2k7	41
42	Gm49320	chr8	4238865	4251423	protein_coding	ENSMUSG00000109061	+	Gm49320	42
43	Tgfbr3l	chr8	4248214	4251423	protein_coding	ENSMUSG00000089736	+	Tgfbr3l	43
44	Snapc2	chr8	4253080	4256220	protein_coding	ENSMUSG00000011837	+	Snapc2	44
45	Ctxn1	chr8	4257660	4259274	protein_coding	ENSMUSG00000048644	-	Ctxn1	45
46	Timm44	chr8	4259731	4275913	protein_coding	ENSMUSG00000002949	-	Timm44	46
47	Gm26102	chr8	4274853	4275136	misc_RNA	ENSMUSG00000087876	+	Gm26102	47
48	Elavl1	chr8	4285382	4325413	protein_coding	ENSMUSG00000040028	-	Elavl1	48
49	Ccl25	chr8	4325210	4360020	protein_coding	ENSMUSG00000023235	+	Ccl25	49
50	Gm45118	chr8	4368596	4402845	unprocessed_pseudogene	ENSMUSG00000109356	-	Gm45118	50
51	Gm7434	chr8	4391726	4392133	processed_pseudogene	ENSMUSG00000109241	+	Gm7434	51
52	Gm45117	chr8	4399238	4401011	TEC	ENSMUSG00000109397	+	Gm45117	52
53	Gm6070	chr8	4465589	4466007	processed_pseudogene	ENSMUSG00000108860	+	Gm6070	53
54	Cers4	chr8	4493026	4531680	protein_coding	ENSMUSG00000008206	+	Cers4	54
55	Gm36956	chr8	4521912	4522125	TEC	ENSMUSG00000102201	-	Gm36956	55
56	Vmn2r-ps89	chr8	4529618	4538187	unprocessed_pseudogene	ENSMUSG00000108829	-	Vmn2r-ps89	56
57	Zfp958	chr8	4613167	4630231	protein_coding	ENSMUSG00000058748	+	Zfp958	57
58	Gm7461	chr8	4677539	4678365	TEC	ENSMUSG00000048484	-	Gm7461	58
59	Gm6410	chr8	4678462	4688494	lncRNA	ENSMUSG00000097308	+	Gm6410	59
60	Shcbp1	chr8	4735976	4779567	protein_coding	ENSMUSG00000022322	-	Shcbp1	60
61	Gm9457	chr8	4812817	4813434	processed_pseudogene	ENSMUSG00000095600	-	Gm9457	61
62	Gm5739	chr8	5079294	5080996	processed_pseudogene	ENSMUSG00000109295	+	Gm5739	62
63	Slc10a2	chr8	5083219	5105351	protein_coding	ENSMUSG00000023073	-	Slc10a2	63
64	Gm5605	chr8	5117361	5118665	processed_pseudogene	ENSMUSG00000109181	+	Gm5605	64
65	Gm44693	chr8	5436984	5440990	lncRNA	ENSMUSG00000109313	-	Gm44693	65
66	Gm1840	chr8	5639580	5641011	processed_pseudogene	ENSMUSG00000043192	+	Gm1840	66
67	Gm44843	chr8	6034867	6036262	TEC	ENSMUSG00000109518	+	Gm44843	67
68	Gm17215	chr8	7381015	7428569	lncRNA	ENSMUSG00000092092	+	Gm17215	68
69	Gm26427	chr8	7428222	7428328	snRNA	ENSMUSG00000093992	-	Gm26427	69
70	Gm30954	chr8	7468669	7580205	lncRNA	ENSMUSG00000109260	-	Gm30954	70
71	Gm28262	chr8	7855847	7863406	lncRNA	ENSMUSG00000099890	+	Gm28262	71
72	Gm31135	chr8	8044577	8484730	lncRNA	ENSMUSG00000109127	-	Gm31135	72
73	Gm31401	chr8	8066666	8093355	lncRNA	ENSMUSG00000109566	+	Gm31401	73
74	A630009H07Rik	chr8	8335077	8342428	lncRNA	ENSMUSG00000109056	+	A630009H07Rik	74
75	Gm31343	chr8	8377090	8391702	lncRNA	ENSMUSG00000109515	+	Gm31343	75
76	D530014G21Rik	chr8	8488302	8495535	lncRNA	ENSMUSG00000108941	+	D530014G21Rik	76
77	Gm31463	chr8	8576522	8580342	lncRNA	ENSMUSG00000108932	+	Gm31463	77
78	Gm45075	chr8	8612264	8615862	lncRNA	ENSMUSG00000109436	+	Gm45075	78
79	Efnb2	chr8	8617434	8661242	protein_coding	ENSMUSG00000001300	-	Efnb2	79
80	E230020D15Rik	chr8	8629175	8635073	TEC	ENSMUSG00000108912	-	E230020D15Rik	80
81	Gm45074	chr8	8637966	8639205	TEC	ENSMUSG00000109568	-	Gm45074	81
82	Gm45073	chr8	8642766	8647012	TEC	ENSMUSG00000109438	-	Gm45073	82
83	4921522P10Rik	chr8	8661801	8664728	lncRNA	ENSMUSG00000040467	+	4921522P10Rik	83
84	Arglu1	chr8	8665075	8690521	protein_coding	ENSMUSG00000040459	-	Arglu1	84
85	Mir7654	chr8	8690093	8690162	miRNA	ENSMUSG00000098917	-	Mir7654	85
86	Gm18393	chr8	8711484	8712614	processed_pseudogene	ENSMUSG00000109117	+	Gm18393	86
87	Gm44621	chr8	8716924	8721308	lncRNA	ENSMUSG00000109190	-	Gm44621	87
88	Gm44626	chr8	8727111	8853647	lncRNA	ENSMUSG00000109371	+	Gm44626	88
89	Gm44622	chr8	8735970	8755337	lncRNA	ENSMUSG00000109062	+	Gm44622	89
90	Gm44515	chr8	8920937	8932699	lncRNA	ENSMUSG00000109346	-	Gm44515	90
91	4933430N04Rik	chr8	9125412	9132291	lncRNA	ENSMUSG00000108848	-	4933430N04Rik	91
92	4930453L07Rik	chr8	9144669	9149050	lncRNA	ENSMUSG00000109215	+	4930453L07Rik	92
93	Gm44516	chr8	9152600	9157221	lncRNA	ENSMUSG00000109124	-	Gm44516	93
94	Gm39128	chr8	9167517	9174793	lncRNA	ENSMUSG00000109064	+	Gm39128	94
95	Fam155a	chr8	9205902	9771161	protein_coding	ENSMUSG00000079157	-	Fam155a	95
96	Gm44542	chr8	9213097	9217410	TEC	ENSMUSG00000109040	-	Gm44542	96
97	Gm44541	chr8	9342220	9345126	TEC	ENSMUSG00000109286	-	Gm44541	97
98	Gm44518	chr8	9370957	9375326	TEC	ENSMUSG00000109385	-	Gm44518	98
99	4930435N07Rik	chr8	9459092	9461218	TEC	ENSMUSG00000109551	+	4930435N07Rik	99
100	n-R5s95	chr8	9568132	9568249	rRNA	ENSMUSG00000064618	-	n-R5s95	100
101	Gm44797	chr8	9595109	9596945	TEC	ENSMUSG00000109359	-	Gm44797	101
102	Gm44800	chr8	9598799	9600653	TEC	ENSMUSG00000109418	-	Gm44800	102
103	Gm44801	chr8	9603823	9605882	TEC	ENSMUSG00000109529	-	Gm44801	103
104	Gm44798	chr8	9618153	9620562	TEC	ENSMUSG00000109139	-	Gm44798	104
105	Gm44799	chr8	9658248	9659449	TEC	ENSMUSG00000109095	-	Gm44799	105
106	2900027M19Rik	chr8	9685829	9690276	TEC	ENSMUSG00000109162	-	2900027M19Rik	106
107	Gm44802	chr8	9709171	9711086	TEC	ENSMUSG00000108918	-	Gm44802	107
108	Gm47312	chr8	9770728	9770880	miRNA	ENSMUSG00000105098	-	Gm47312	108
109	Gm44761	chr8	9800194	9811974	lncRNA	ENSMUSG00000109183	+	Gm44761	109
110	Gm10217	chr8	9864251	9870315	protein_coding	ENSMUSG00000067627	+	Gm10217	110
111	Gm10067	chr8	9875530	9919463	lncRNA	ENSMUSG00000095279	-	Gm10067	111
112	Lig4	chr8	9969049	9977686	protein_coding	ENSMUSG00000049717	-	Lig4	112
113	Abhd13	chr8	9977707	9992155	protein_coding	ENSMUSG00000040396	+	Abhd13	113
114	Tnfsf13b	chr8	10006467	10039072	protein_coding	ENSMUSG00000031497	+	Tnfsf13b	114
115	Gm44789	chr8	10016427	10019527	TEC	ENSMUSG00000109054	-	Gm44789	115
116	Gm44788	chr8	10065054	10119632	lncRNA	ENSMUSG00000109545	+	Gm44788	116
117	Myo16	chr8	10153911	10634742	protein_coding	ENSMUSG00000039057	+	Myo16	117
118	Gm44786	chr8	10685351	10687390	lncRNA	ENSMUSG00000109503	+	Gm44786	118
119	Gm45045	chr8	10732676	10736533	lncRNA	ENSMUSG00000108997	+	Gm45045	119
120	Gm39129	chr8	10738890	10770849	lncRNA	ENSMUSG00000109271	+	Gm39129	120
121	Rps16-ps3	chr8	10808688	10809128	processed_pseudogene	ENSMUSG00000096258	-	Rps16-ps3	121
122	Gm32540	chr8	10858750	10866186	lncRNA	ENSMUSG00000108961	-	Gm32540	122
123	B930025P03Rik	chr8	10870422	10882454	lncRNA	ENSMUSG00000109473	-	B930025P03Rik	123
124	Gm45044	chr8	10884453	10891591	lncRNA	ENSMUSG00000108969	-	Gm45044	124
125	Gm2814	chr8	10898169	10900558	lncRNA	ENSMUSG00000109291	-	Gm2814	125
126	4833411C07Rik	chr8	10899922	10903893	lncRNA	ENSMUSG00000109089	+	4833411C07Rik	126
127	3930402G23Rik	chr8	10924427	10928696	lncRNA	ENSMUSG00000038917	-	3930402G23Rik	127
128	Gm44955	chr8	10943326	10947890	lncRNA	ENSMUSG00000109084	-	Gm44955	128
129	Gm44956	chr8	10962957	10970814	lncRNA	ENSMUSG00000109508	-	Gm44956	129
130	Irs2	chr8	10984681	11008458	protein_coding	ENSMUSG00000038894	-	Irs2	130
131	9530052E02Rik	chr8	11007850	11054541	lncRNA	ENSMUSG00000096938	+	9530052E02Rik	131
132	B830042I05Rik	chr8	11071046	11076881	lncRNA	ENSMUSG00000108847	+	B830042I05Rik	132
133	Gm44714	chr8	11116555	11117373	lncRNA	ENSMUSG00000109151	+	Gm44714	133
134	Gm44717	chr8	11135641	11149246	lncRNA	ENSMUSG00000109029	-	Gm44717	134
135	Gm15418	chr8	11187755	11204503	lncRNA	ENSMUSG00000085573	+	Gm15418	135
136	Col4a1	chr8	11198423	11312826	protein_coding	ENSMUSG00000031502	-	Col4a1	136
137	Gm44716	chr8	11290558	11291267	TEC	ENSMUSG00000109358	-	Gm44716	137
138	Col4a2	chr8	11312805	11449287	protein_coding	ENSMUSG00000031503	+	Col4a2	138
139	Gm15419	chr8	11399186	11417892	lncRNA	ENSMUSG00000084783	-	Gm15419	139
140	Rab20	chr8	11453518	11478710	protein_coding	ENSMUSG00000031504	-	Rab20	140
141	Gm20100	chr8	11457471	11459742	TEC	ENSMUSG00000110245	-	Gm20100	141
142	E230013L22Rik	chr8	11477929	11480241	lncRNA	ENSMUSG00000096957	+	E230013L22Rik	142
143	Naxd	chr8	11497506	11514960	protein_coding	ENSMUSG00000031505	+	Naxd	143
144	Cars2	chr8	11513977	11550783	protein_coding	ENSMUSG00000056228	-	Cars2	144
145	Ing1	chr8	11555571	11563251	protein_coding	ENSMUSG00000045969	+	Ing1	145
146	Ankrd10	chr8	11611583	11635757	protein_coding	ENSMUSG00000031508	-	Ankrd10	146
147	Gm45592	chr8	11637282	11638324	TEC	ENSMUSG00000109810	+	Gm45592	147
148	1700016D06Rik	chr8	11654924	11701063	protein_coding	ENSMUSG00000031509	-	1700016D06Rik	148
149	Gm7562	chr8	11674574	11677110	TEC	ENSMUSG00000109623	+	Gm7562	149
150	Gm7600	chr8	11683459	11684243	processed_pseudogene	ENSMUSG00000109933	-	Gm7600	150
151	Gm6524	chr8	11693042	11694484	processed_pseudogene	ENSMUSG00000110177	-	Gm6524	151
152	1700128E19Rik	chr8	11713264	11722620	lncRNA	ENSMUSG00000031510	+	1700128E19Rik	152
153	Arhgef7	chr8	11727721	11835219	protein_coding	ENSMUSG00000031511	+	Arhgef7	153
154	Gm18991	chr8	11738621	11739366	processed_pseudogene	ENSMUSG00000110394	+	Gm18991	154
155	Gm15875	chr8	11838978	11840400	lncRNA	ENSMUSG00000086500	-	Gm15875	155
156	Tex29	chr8	11840474	11855761	protein_coding	ENSMUSG00000031512	+	Tex29	156
157	Gm39132	chr8	11874159	11894113	lncRNA	ENSMUSG00000109772	+	Gm39132	157
158	Gm45680	chr8	11945465	11948297	lncRNA	ENSMUSG00000110002	-	Gm45680	158
159	B020031H02Rik	chr8	11948339	12000216	lncRNA	ENSMUSG00000109995	+	B020031H02Rik	159
160	Gm33175	chr8	12315004	12319480	lncRNA	ENSMUSG00000110412	-	Gm33175	160
161	Sox1ot	chr8	12385771	12436768	lncRNA	ENSMUSG00000047935	+	Sox1ot	161
162	Gm45560	chr8	12390168	12391639	TEC	ENSMUSG00000110160	+	Gm45560	162
163	Sox1	chr8	12395295	12400126	protein_coding	ENSMUSG00000096014	+	Sox1	163
164	Gm33326	chr8	12461419	12466964	lncRNA	ENSMUSG00000109921	-	Gm33326	164
165	4933439N14Rik	chr8	12502899	12505341	lncRNA	ENSMUSG00000109582	+	4933439N14Rik	165
166	D630011A20Rik	chr8	12554272	12573320	lncRNA	ENSMUSG00000097421	-	D630011A20Rik	166
167	Spaca7	chr8	12573029	12600744	protein_coding	ENSMUSG00000010435	+	Spaca7	167
168	Tubgcp3	chr8	12614277	12672248	protein_coding	ENSMUSG00000000759	-	Tubgcp3	168
169	Gm26483	chr8	12666095	12666198	miRNA	ENSMUSG00000088641	+	Gm26483	169
170	4931415C17Rik	chr8	12672186	12679229	lncRNA	ENSMUSG00000054910	+	4931415C17Rik	170
171	Gm15348	chr8	12706944	12719127	lncRNA	ENSMUSG00000074469	-	Gm15348	171
172	Atp11a	chr8	12757014	12868728	protein_coding	ENSMUSG00000031441	+	Atp11a	172
173	Gm15350	chr8	12828335	12833865	lncRNA	ENSMUSG00000084780	-	Gm15350	173
174	Gm15347	chr8	12860358	12877344	lncRNA	ENSMUSG00000085465	-	Gm15347	174
175	Mcf2l	chr8	12873806	13020905	protein_coding	ENSMUSG00000031442	+	Mcf2l	175
176	Gm15353	chr8	12879878	12883726	lncRNA	ENSMUSG00000079146	-	Gm15353	176
177	Gm15351	chr8	12899146	12915758	lncRNA	ENSMUSG00000086770	-	Gm15351	177
178	Gm15349	chr8	12971826	12972029	processed_pseudogene	ENSMUSG00000082682	-	Gm15349	178
179	F7	chr8	13026034	13035809	protein_coding	ENSMUSG00000031443	+	F7	179
180	F10	chr8	13037308	13056676	protein_coding	ENSMUSG00000031444	+	F10	180
181	Proz	chr8	13060914	13076026	protein_coding	ENSMUSG00000031445	+	Proz	181
182	Gm17023	chr8	13076077	13082740	lncRNA	ENSMUSG00000091443	+	Gm17023	182
183	Pcid2	chr8	13077189	13105459	protein_coding	ENSMUSG00000038542	-	Pcid2	183
184	Gm17022	chr8	13086509	13087430	processed_pseudogene	ENSMUSG00000091784	+	Gm17022	184
185	Cul4a	chr8	13105621	13147940	protein_coding	ENSMUSG00000031446	+	Cul4a	185
186	Lamp1	chr8	13159161	13175338	protein_coding	ENSMUSG00000031447	+	Lamp1	186
187	Grtp1	chr8	13172022	13200620	protein_coding	ENSMUSG00000038515	-	Grtp1	187
188	2810030D12Rik	chr8	13200720	13207714	lncRNA	ENSMUSG00000099338	+	2810030D12Rik	188
189	Adprhl1	chr8	13221663	13254162	protein_coding	ENSMUSG00000031448	-	Adprhl1	189
190	Dcun1d2	chr8	13255963	13288131	protein_coding	ENSMUSG00000038506	-	Dcun1d2	190
191	E330037G11Rik	chr8	13264102	13265187	TEC	ENSMUSG00000107531	-	E330037G11Rik	191
192	Gm25014	chr8	13283115	13283217	snRNA	ENSMUSG00000089026	-	Gm25014	192
193	9530085L11Rik	chr8	13285352	13287466	TEC	ENSMUSG00000107742	-	9530085L11Rik	193
194	Tmco3	chr8	13288190	13322924	protein_coding	ENSMUSG00000038497	+	Tmco3	194
195	Tfdp1	chr8	13338751	13378448	protein_coding	ENSMUSG00000038482	+	Tfdp1	195
196	Atp4b	chr8	13386205	13396825	protein_coding	ENSMUSG00000031449	-	Atp4b	196
197	Gm45410	chr8	13391106	13392198	TEC	ENSMUSG00000110311	+	Gm45410	197
198	Grk1	chr8	13405081	13421951	protein_coding	ENSMUSG00000031450	+	Grk1	198
199	Tmem255b	chr8	13435189	13468473	protein_coding	ENSMUSG00000038457	+	Tmem255b	199
200	Gas6	chr8	13465374	13494490	protein_coding	ENSMUSG00000031451	-	Gas6	200
201	Gm5608	chr8	13537678	13547028	lncRNA	ENSMUSG00000110278	-	Gm5608	201
202	1700029H14Rik	chr8	13550733	13562461	protein_coding	ENSMUSG00000031452	-	1700029H14Rik	202
203	Rasa3	chr8	13566948	13677603	protein_coding	ENSMUSG00000031453	-	Rasa3	203
204	Cfap97d2	chr8	13705889	13743414	protein_coding	ENSMUSG00000090336	+	Cfap97d2	204
205	Gm7669	chr8	13745876	13747478	processed_pseudogene	ENSMUSG00000109617	-	Gm7669	205
206	Cdc16	chr8	13757676	13781938	protein_coding	ENSMUSG00000038416	+	Cdc16	206
207	Upf3a	chr8	13785615	13799193	protein_coding	ENSMUSG00000038398	+	Upf3a	207
208	AF366264	chr8	13835233	13838389	protein_coding	ENSMUSG00000057116	-	AF366264	208
209	Champ1	chr8	13869641	13881639	protein_coding	ENSMUSG00000047710	+	Champ1	209
210	Gm24698	chr8	13876097	13876226	snoRNA	ENSMUSG00000065817	+	Gm24698	210
211	Coprs	chr8	13884794	13890281	protein_coding	ENSMUSG00000031458	-	Coprs	211
212	Fbxo25	chr8	13907803	13940522	protein_coding	ENSMUSG00000038365	+	Fbxo25	212
213	Tdrp	chr8	13952008	13975032	protein_coding	ENSMUSG00000050052	-	Tdrp	213
214	Gm5907	chr8	13986090	14003561	lncRNA	ENSMUSG00000110058	+	Gm5907	214
215	Erich1	chr8	14027561	14090301	protein_coding	ENSMUSG00000051978	-	Erich1	215
216	Gm45520	chr8	14065788	14067818	TEC	ENSMUSG00000109982	-	Gm45520	216
217	Gm10699	chr8	14090461	14092590	TEC	ENSMUSG00000074461	+	Gm10699	217
218	Dlgap2	chr8	14095865	14847680	protein_coding	ENSMUSG00000047495	+	Dlgap2	218
219	Gm3160	chr8	14136310	14136916	processed_pseudogene	ENSMUSG00000085371	+	Gm3160	219
220	Gm44347	chr8	14350178	14350285	miRNA	ENSMUSG00000106670	+	Gm44347	220
221	C030037F17Rik	chr8	14745329	14747427	lncRNA	ENSMUSG00000084945	-	C030037F17Rik	221
222	Cln8	chr8	14881335	14901720	protein_coding	ENSMUSG00000026317	+	Cln8	222
223	Arhgef10	chr8	14911663	15001085	protein_coding	ENSMUSG00000071176	+	Arhgef10	223
224	Gm16350	chr8	14961066	14961586	lncRNA	ENSMUSG00000090024	-	Gm16350	224
225	Kbtbd11	chr8	15011025	15033333	protein_coding	ENSMUSG00000055675	+	Kbtbd11	225
226	5830468F06Rik	chr8	15015092	15018907	lncRNA	ENSMUSG00000098322	-	5830468F06Rik	226
227	Gm37844	chr8	15024326	15028422	TEC	ENSMUSG00000102615	-	Gm37844	227
228	BB014433	chr8	15041444	15046078	protein_coding	ENSMUSG00000049008	-	BB014433	228
229	Gm45274	chr8	15046212	15050770	lncRNA	ENSMUSG00000109965	+	Gm45274	229
230	Myom2	chr8	15057653	15133541	protein_coding	ENSMUSG00000031461	+	Myom2	230
231	Gm15678	chr8	15100329	15101350	processed_pseudogene	ENSMUSG00000083000	-	Gm15678	231
232	Gm7706	chr8	15141044	15371982	lncRNA	ENSMUSG00000110286	+	Gm7706	232
233	Gm45271	chr8	15182089	15189612	lncRNA	ENSMUSG00000109886	-	Gm45271	233
234	Gm45408	chr8	15584723	15670425	lncRNA	ENSMUSG00000110217	+	Gm45408	234
235	Gm45675	chr8	15629981	15633409	TEC	ENSMUSG00000110201	+	Gm45675	235
236	Csmd1	chr8	15892537	17535586	protein_coding	ENSMUSG00000060924	-	Csmd1	236
237	Gm16346	chr8	16226003	16232305	lncRNA	ENSMUSG00000085150	+	Gm16346	237
238	Gm16347	chr8	16433175	16437040	lncRNA	ENSMUSG00000087363	+	Gm16347	238
239	Gm45393	chr8	16547242	16549872	TEC	ENSMUSG00000109616	+	Gm45393	239
240	Gm45394	chr8	16751319	16752493	TEC	ENSMUSG00000110132	+	Gm45394	240
241	Gm25278	chr8	16852168	16852287	snoRNA	ENSMUSG00000087892	+	Gm25278	241
242	3110080E11Rik	chr8	16912706	16916182	TEC	ENSMUSG00000109625	-	3110080E11Rik	242
243	1700014L14Rik	chr8	18319523	18334338	lncRNA	ENSMUSG00000110056	-	1700014L14Rik	243
244	Mcph1	chr8	18595131	18803189	protein_coding	ENSMUSG00000039842	+	Mcph1	244
245	Gm16725	chr8	18652801	18678056	lncRNA	ENSMUSG00000087300	-	Gm16725	245
246	Gm17149	chr8	18656615	18656989	processed_pseudogene	ENSMUSG00000090334	-	Gm17149	246
247	Angpt2	chr8	18690263	18741562	protein_coding	ENSMUSG00000031465	-	Angpt2	247
248	Agpat5	chr8	18846277	18891361	protein_coding	ENSMUSG00000031467	+	Agpat5	248
249	Gm45493	chr8	18862196	18866143	TEC	ENSMUSG00000109784	+	Gm45493	249
250	Gm35934	chr8	18889210	18902316	lncRNA	ENSMUSG00000110530	-	Gm35934	250
251	Xkr5	chr8	18932729	18950975	protein_coding	ENSMUSG00000039814	-	Xkr5	251
252	Defb40	chr8	18974940	18978256	protein_coding	ENSMUSG00000053678	-	Defb40	252
253	Defb37	chr8	18986233	18991055	protein_coding	ENSMUSG00000053695	-	Defb37	253
254	Defb39	chr8	19052826	19064810	protein_coding	ENSMUSG00000061847	-	Defb39	254
255	Defb12	chr8	19111931	19114839	protein_coding	ENSMUSG00000043787	-	Defb12	255
256	Defb34	chr8	19123752	19126540	protein_coding	ENSMUSG00000052554	+	Defb34	256
257	Spag11b	chr8	19140759	19143010	protein_coding	ENSMUSG00000059463	+	Spag11b	257
258	Gm45826	chr8	19140778	19159440	protein_coding	ENSMUSG00000110641	+	Gm45826	258
259	Gm39139	chr8	19163520	19188015	lncRNA	ENSMUSG00000110542	-	Gm39139	259
260	Defb14	chr8	19194357	19195212	protein_coding	ENSMUSG00000046354	+	Defb14	260
261	Defb4	chr8	19198706	19201545	protein_coding	ENSMUSG00000059230	+	Defb4	261
262	Defa-ps12	chr8	19210462	19212767	unprocessed_pseudogene	ENSMUSG00000081163	+	Defa-ps12	262
263	Defb6	chr8	19225478	19228209	protein_coding	ENSMUSG00000050756	+	Defb6	263
264	Defb46	chr8	19239916	19242143	protein_coding	ENSMUSG00000071169	+	Defb46	264
265	Defb5	chr8	19247580	19250828	protein_coding	ENSMUSG00000039785	+	Defb5	265
266	Defb3	chr8	19293360	19295291	protein_coding	ENSMUSG00000039775	+	Defb3	266
267	Defa-ps13	chr8	19300677	19304794	transcribed_processed_pseudogene	ENSMUSG00000081154	+	Defa-ps13	267
268	Defa-ps14	chr8	19422506	19423444	unprocessed_pseudogene	ENSMUSG00000082710	+	Defa-ps14	268
269	Defb8	chr8	19445769	19447606	protein_coding	ENSMUSG00000031471	-	Defb8	269
270	Rpl19-ps11	chr8	19492936	19493526	processed_pseudogene	ENSMUSG00000081094	+	Rpl19-ps11	270
271	Defb7	chr8	19495097	19497775	protein_coding	ENSMUSG00000037790	+	Defb7	271
272	Gm16425	chr8	19535454	19538583	processed_pseudogene	ENSMUSG00000083218	+	Gm16425	272
273	Selenot-ps	chr8	19579940	19580532	processed_pseudogene	ENSMUSG00000081920	+	Selenot-ps	273
274	Gm35998	chr8	19594900	19665322	lncRNA	ENSMUSG00000110463	-	Gm35998	274
275	Gm6483	chr8	19682449	19697736	unprocessed_pseudogene	ENSMUSG00000087153	+	Gm6483	275
276	Gm7760	chr8	19711128	19711705	processed_pseudogene	ENSMUSG00000110531	-	Gm7760	276
277	4930467E23Rik	chr8	19729576	19753527	protein_coding	ENSMUSG00000096265	+	4930467E23Rik	277
278	Gm10060	chr8	19784746	19784856	processed_pseudogene	ENSMUSG00000110669	+	Gm10060	278
279	Gm31371	chr8	19903392	19925713	protein_coding	ENSMUSG00000110591	+	Gm31371	279
280	Gm40466	chr8	20001099	20008736	unprocessed_pseudogene	ENSMUSG00000110649	+	Gm40466	280
281	Gm45754	chr8	20019133	20019411	processed_pseudogene	ENSMUSG00000110589	-	Gm45754	281
282	Gm20778	chr8	20035108	20040320	unprocessed_pseudogene	ENSMUSG00000094421	+	Gm20778	282
283	Gm21769	chr8	20122384	20122494	processed_pseudogene	ENSMUSG00000110458	+	Gm21769	283
284	Gm21811	chr8	20136502	20151665	unprocessed_pseudogene	ENSMUSG00000096401	+	Gm21811	284
285	6820431F20Rik	chr8	20262613	20297432	transcribed_unprocessed_pseudogene	ENSMUSG00000071796	-	6820431F20Rik	285
286	Gm15319	chr8	20337664	20363210	protein_coding	ENSMUSG00000074449	-	Gm15319	286
287	Gm7807	chr8	20381081	20381658	processed_pseudogene	ENSMUSG00000110637	+	Gm7807	287
288	2610005L07Rik	chr8	20385782	20424814	transcribed_unprocessed_pseudogene	ENSMUSG00000071793	-	2610005L07Rik	288
289	Gm21182	chr8	20556693	20557486	processed_pseudogene	ENSMUSG00000095766	-	Gm21182	289
290	Gm21092	chr8	20567597	20582771	unprocessed_pseudogene	ENSMUSG00000095403	+	Gm21092	290
291	Gm21119	chr8	20614919	20640703	protein_coding	ENSMUSG00000095294	+	Gm21119	291
292	Gm20946	chr8	20828353	20833219	unprocessed_pseudogene	ENSMUSG00000110699	+	Gm20946	292
293	Gm20797	chr8	20841352	20842350	unprocessed_pseudogene	ENSMUSG00000096890	-	Gm20797	293
294	Gm20796	chr8	20882363	20888200	processed_pseudogene	ENSMUSG00000093800	-	Gm20796	294
295	Defb33	chr8	20892669	20897723	protein_coding	ENSMUSG00000074454	+	Defb33	295
296	Gm15056	chr8	20900606	20902627	protein_coding	ENSMUSG00000082976	-	Gm15056	296
297	Gm6040	chr8	20916490	20922071	protein_coding	ENSMUSG00000071165	-	Gm6040	297
298	Defa35	chr8	21065038	21065996	protein_coding	ENSMUSG00000061845	+	Defa35	298
299	Gm14851	chr8	21095074	21096050	protein_coding	ENSMUSG00000061958	-	Gm14851	299
300	Gm24568	chr8	21095624	21095715	snoRNA	ENSMUSG00000094516	-	Gm24568	300
301	Gm2869	chr8	21100651	21103271	processed_pseudogene	ENSMUSG00000085173	+	Gm2869	301
302	Defa30	chr8	21134642	21135598	protein_coding	ENSMUSG00000074444	+	Defa30	302
303	Defa31	chr8	21191614	21192549	protein_coding	ENSMUSG00000074442	+	Defa31	303
304	Defa-ps6	chr8	21225406	21226247	unprocessed_pseudogene	ENSMUSG00000095328	+	Defa-ps6	304
305	Defa5	chr8	21297439	21298375	protein_coding	ENSMUSG00000074439	+	Defa5	305
306	Defa27	chr8	21315546	21316481	protein_coding	ENSMUSG00000082211	+	Defa27	306
307	Gm15302	chr8	21330947	21333576	processed_pseudogene	ENSMUSG00000084377	+	Gm15302	307
308	Defa36	chr8	21427411	21428391	protein_coding	ENSMUSG00000094662	+	Defa36	308
309	Gm15304	chr8	21460958	21463597	processed_pseudogene	ENSMUSG00000081321	+	Gm15304	309
310	Defa26	chr8	21618183	21618972	protein_coding	ENSMUSG00000060070	+	Defa26	310
311	AY761184	chr8	21702519	21703645	protein_coding	ENSMUSG00000058618	-	AY761184	311
312	Gm7869	chr8	21708029	21709350	processed_pseudogene	ENSMUSG00000081668	+	Gm7869	312
313	Defa24	chr8	21734494	21735471	protein_coding	ENSMUSG00000064213	+	Defa24	313
314	Defa-ps11	chr8	21749175	21750000	unprocessed_pseudogene	ENSMUSG00000084254	+	Defa-ps11	314
315	Defb1	chr8	21776599	21795185	protein_coding	ENSMUSG00000044748	+	Defb1	315
316	Defb50	chr8	21823539	21831296	protein_coding	ENSMUSG00000058568	+	Defb50	316
317	Defb10	chr8	21858901	21862011	protein_coding	ENSMUSG00000044743	+	Defb10	317
318	Defb9	chr8	21881713	21885421	protein_coding	ENSMUSG00000047390	-	Defb9	318
319	Defb11	chr8	21905376	21906412	protein_coding	ENSMUSG00000045337	-	Defb11	319
320	Gm36879	chr8	21906664	21934313	lncRNA	ENSMUSG00000110616	+	Gm36879	320
321	Defb35	chr8	21938352	21940878	protein_coding	ENSMUSG00000058052	+	Defb35	321
322	Defb13	chr8	21946762	21948850	protein_coding	ENSMUSG00000044222	+	Defb13	322
323	Fam90a1a	chr8	21958714	21964303	protein_coding	ENSMUSG00000079112	+	Fam90a1a	323
324	Ccdc70	chr8	21969775	21974041	protein_coding	ENSMUSG00000017049	+	Ccdc70	324
325	Atp7b	chr8	21992785	22060305	protein_coding	ENSMUSG00000006567	-	Atp7b	325
326	Alg11	chr8	22060721	22071627	protein_coding	ENSMUSG00000063362	+	Alg11	326
327	Nek5	chr8	22073616	22125053	protein_coding	ENSMUSG00000037738	-	Nek5	327
328	Nek3	chr8	22128283	22166435	protein_coding	ENSMUSG00000031478	-	Nek3	328
329	Ckap2	chr8	22168160	22185819	protein_coding	ENSMUSG00000037725	-	Ckap2	329
330	Vps36	chr8	22192809	22220843	protein_coding	ENSMUSG00000031479	+	Vps36	330
331	Thsd1	chr8	22227313	22261334	protein_coding	ENSMUSG00000031480	+	Thsd1	331
332	Tpte	chr8	22283441	22371418	protein_coding	ENSMUSG00000031481	+	Tpte	332
333	Slc25a15	chr8	22375551	22398597	protein_coding	ENSMUSG00000031482	-	Slc25a15	333
334	1810012K16Rik	chr8	22398721	22399596	lncRNA	ENSMUSG00000099825	+	1810012K16Rik	334
335	Gm45453	chr8	22410457	22411309	TEC	ENSMUSG00000110129	+	Gm45453	335
336	Mrps31	chr8	22411361	22429665	protein_coding	ENSMUSG00000031533	+	Mrps31	336
337	Smim19	chr8	22462614	22476882	protein_coding	ENSMUSG00000031534	-	Smim19	337
338	Slc20a2	chr8	22476788	22569612	protein_coding	ENSMUSG00000037656	+	Slc20a2	338
339	Gm17491	chr8	22480291	22483332	lncRNA	ENSMUSG00000097042	+	Gm17491	339
340	Vdac3	chr8	22577075	22593813	protein_coding	ENSMUSG00000008892	-	Vdac3	340
341	Dkk4	chr8	22624043	22627547	protein_coding	ENSMUSG00000031535	+	Dkk4	341
342	Polb	chr8	22628126	22653435	protein_coding	ENSMUSG00000031536	-	Polb	342
343	Ikbkb	chr8	22659212	22706589	protein_coding	ENSMUSG00000031537	-	Ikbkb	343
344	Gm15346	chr8	22686265	22695646	lncRNA	ENSMUSG00000085199	+	Gm15346	344
345	Plat	chr8	22757727	22782844	protein_coding	ENSMUSG00000031538	+	Plat	345
346	Ap3m2	chr8	22787354	22805622	protein_coding	ENSMUSG00000031539	-	Ap3m2	346
347	1700041G16Rik	chr8	22805766	22809537	lncRNA	ENSMUSG00000054822	+	1700041G16Rik	347
348	Kat6a	chr8	22859535	22943259	protein_coding	ENSMUSG00000031540	+	Kat6a	348
349	Gm45555	chr8	22873589	22876190	TEC	ENSMUSG00000109652	+	Gm45555	349
350	Ank1	chr8	22974844	23150497	protein_coding	ENSMUSG00000031543	+	Ank1	350
351	Gm15816	chr8	23138794	23149585	lncRNA	ENSMUSG00000086741	-	Gm15816	351
352	Nkx6-3	chr8	23153269	23158948	protein_coding	ENSMUSG00000063672	+	Nkx6-3	352
353	Gpat4	chr8	23171265	23208346	protein_coding	ENSMUSG00000031545	-	Gpat4	353
354	B230112G18Rik	chr8	23208512	23209362	TEC	ENSMUSG00000103925	+	B230112G18Rik	354
355	Gins4	chr8	23226616	23237659	protein_coding	ENSMUSG00000031546	-	Gins4	355
356	Golga7	chr8	23241346	23257074	protein_coding	ENSMUSG00000015341	-	Golga7	356
357	Gm45412	chr8	23256635	23258909	TEC	ENSMUSG00000110256	+	Gm45412	357
358	Sfrp1	chr8	23411502	23449632	protein_coding	ENSMUSG00000031548	+	Sfrp1	358
359	Zmat4	chr8	23636019	24156585	protein_coding	ENSMUSG00000037492	+	Zmat4	359
360	Gm45165	chr8	23696005	23697635	TEC	ENSMUSG00000109413	+	Gm45165	360
361	A730045E13Rik	chr8	24173904	24185568	lncRNA	ENSMUSG00000053979	+	A730045E13Rik	361
362	Gm45163	chr8	24220510	24230146	lncRNA	ENSMUSG00000109419	+	Gm45163	362
363	Gm45164	chr8	24353944	24359436	lncRNA	ENSMUSG00000109299	-	Gm45164	363
364	Gm30692	chr8	24412179	24416937	lncRNA	ENSMUSG00000109141	+	Gm30692	364
365	Gm26714	chr8	24422404	24440008	lncRNA	ENSMUSG00000097654	+	Gm26714	365
366	Tcim	chr8	24437180	24438984	protein_coding	ENSMUSG00000056313	-	Tcim	366
367	9130214F15Rik	chr8	24506430	24508082	TEC	ENSMUSG00000109237	+	9130214F15Rik	367
368	Ido2	chr8	24531892	24576333	protein_coding	ENSMUSG00000031549	-	Ido2	368
369	Ido1	chr8	24584136	24597009	protein_coding	ENSMUSG00000031551	-	Ido1	369
370	Adam18	chr8	24602246	24674755	protein_coding	ENSMUSG00000031552	-	Adam18	370
371	Adam3	chr8	24677225	24725852	protein_coding	ENSMUSG00000031553	-	Adam3	371
372	Gm45528	chr8	24711406	24714550	TEC	ENSMUSG00000110225	+	Gm45528	372
373	Adam5	chr8	24727093	24824369	protein_coding	ENSMUSG00000031554	-	Adam5	373
374	Adam32	chr8	24836140	24948804	protein_coding	ENSMUSG00000037437	-	Adam32	374
375	Adam9	chr8	24949611	25016927	protein_coding	ENSMUSG00000031555	-	Adam9	375
376	Tm2d2	chr8	25017211	25023260	protein_coding	ENSMUSG00000031556	+	Tm2d2	376
377	Htra4	chr8	25024929	25038962	protein_coding	ENSMUSG00000037406	-	Htra4	377
378	Gm16933	chr8	25037052	25041892	lncRNA	ENSMUSG00000086289	+	Gm16933	378
379	Plekha2	chr8	25039144	25102376	protein_coding	ENSMUSG00000031557	-	Plekha2	379
380	5830408C22Rik	chr8	25101216	25109986	lncRNA	ENSMUSG00000110148	+	5830408C22Rik	380
381	Gm45745	chr8	25103489	25104668	TEC	ENSMUSG00000109684	-	Gm45745	381
382	Tacc1	chr8	25154552	25256588	protein_coding	ENSMUSG00000065954	-	Tacc1	382
383	5430421F17Rik	chr8	25302650	25306270	lncRNA	ENSMUSG00000110140	-	5430421F17Rik	383
384	Gm39147	chr8	25399020	25427436	transcribed_processed_pseudogene	ENSMUSG00000110172	+	Gm39147	384
385	Gm30978	chr8	25415119	25429224	lncRNA	ENSMUSG00000110110	-	Gm30978	385
386	Gm45237	chr8	25440618	25448762	lncRNA	ENSMUSG00000110017	+	Gm45237	386
387	Gm45238	chr8	25443668	25454107	lncRNA	ENSMUSG00000110399	-	Gm45238	387
388	Gm10689	chr8	25454273	25454704	processed_pseudogene	ENSMUSG00000074412	+	Gm10689	388
389	Gm31045	chr8	25463677	25487585	lncRNA	ENSMUSG00000110063	-	Gm31045	389
390	Fgfr1	chr8	25513654	25575718	protein_coding	ENSMUSG00000031565	+	Fgfr1	390
391	Gm16159	chr8	25548661	25556083	lncRNA	ENSMUSG00000086134	-	Gm16159	391
392	Letm2	chr8	25578490	25597582	protein_coding	ENSMUSG00000037363	-	Letm2	392
393	Gm45570	chr8	25594454	25595106	lncRNA	ENSMUSG00000110038	-	Gm45570	393
394	D830025C05Rik	chr8	25597012	25599207	lncRNA	ENSMUSG00000043794	+	D830025C05Rik	394
395	Nsd3	chr8	25601601	25719667	protein_coding	ENSMUSG00000054823	+	Nsd3	395
396	Gm24992	chr8	25631950	25632079	snoRNA	ENSMUSG00000088037	+	Gm24992	396
397	Gm23094	chr8	25678950	25679271	misc_RNA	ENSMUSG00000088176	+	Gm23094	397
398	Gm45343	chr8	25687369	25688196	TEC	ENSMUSG00000110088	+	Gm45343	398
399	Gm45342	chr8	25692146	25693508	TEC	ENSMUSG00000109679	+	Gm45342	399
400	Plpp5	chr8	25720037	25724887	protein_coding	ENSMUSG00000031570	+	Plpp5	400
401	Ddhd2	chr8	25725346	25754596	protein_coding	ENSMUSG00000061313	-	Ddhd2	401
402	6430710M23Rik	chr8	25744390	25745580	TEC	ENSMUSG00000110127	-	6430710M23Rik	402
403	Gm17484	chr8	25754480	25769704	lncRNA	ENSMUSG00000091514	+	Gm17484	403
404	Bag4	chr8	25764538	25785287	protein_coding	ENSMUSG00000037316	-	Bag4	404
405	Lsm1	chr8	25785288	25803975	protein_coding	ENSMUSG00000037296	+	Lsm1	405
406	Star	chr8	25806555	25815982	protein_coding	ENSMUSG00000031574	+	Star	406
407	Ash2l	chr8	25815996	25847694	protein_coding	ENSMUSG00000031575	-	Ash2l	407
408	Kcnu1	chr8	25849623	25937939	protein_coding	ENSMUSG00000031576	+	Kcnu1	408
409	Hgsnat	chr8	25944453	25976753	protein_coding	ENSMUSG00000037260	-	Hgsnat	409
410	Pomk	chr8	25980604	25994133	protein_coding	ENSMUSG00000037251	-	Pomk	410
411	Fnta	chr8	25998722	26015650	protein_coding	ENSMUSG00000015994	-	Fnta	411
412	Hook3	chr8	26021421	26119224	protein_coding	ENSMUSG00000037234	-	Hook3	412
413	Gm45411	chr8	26023410	26032253	lncRNA	ENSMUSG00000110183	+	Gm45411	413
414	Gm45413	chr8	26062515	26066052	TEC	ENSMUSG00000109640	-	Gm45413	414
415	1700047A11Rik	chr8	26082609	26096522	lncRNA	ENSMUSG00000085437	+	1700047A11Rik	415
416	Rnf170	chr8	26119368	26151790	protein_coding	ENSMUSG00000013878	+	Rnf170	416
417	Gm45692	chr8	26119534	26160819	protein_coding	ENSMUSG00000109850	+	Gm45692	417
418	Gm45251	chr8	26131178	26132642	TEC	ENSMUSG00000110120	-	Gm45251	418
419	Gm45250	chr8	26151888	26155479	lncRNA	ENSMUSG00000110317	-	Gm45250	419
420	Thap1	chr8	26158141	26164151	protein_coding	ENSMUSG00000037214	+	Thap1	420
421	Gm44299	chr8	26219461	26219549	miRNA	ENSMUSG00000105292	+	Gm44299	421
422	Gm22227	chr8	26240150	26240408	misc_RNA	ENSMUSG00000087981	-	Gm22227	422
423	Gm31727	chr8	26266977	26273555	lncRNA	ENSMUSG00000110417	+	Gm31727	423
424	Gm31784	chr8	26298352	26312334	lncRNA	ENSMUSG00000110229	-	Gm31784	424
425	Gm45307	chr8	26298634	26354163	lncRNA	ENSMUSG00000109682	+	Gm45307	425
426	Gm31898	chr8	26428281	26435713	lncRNA	ENSMUSG00000109996	-	Gm31898	426
427	Gm31983	chr8	26450460	26484652	lncRNA	ENSMUSG00000109961	-	Gm31983	427
428	Gm39149	chr8	26560461	26579802	lncRNA	ENSMUSG00000110222	-	Gm39149	428
429	Gm45646	chr8	26745929	26760561	lncRNA	ENSMUSG00000109689	-	Gm45646	429
430	2310008N11Rik	chr8	26814593	26884380	lncRNA	ENSMUSG00000100335	-	2310008N11Rik	430
431	Zfp703	chr8	26977325	26981461	protein_coding	ENSMUSG00000085795	+	Zfp703	431
432	Gm45370	chr8	26996250	26998954	lncRNA	ENSMUSG00000109621	+	Gm45370	432
433	Gm32389	chr8	27008467	27012903	lncRNA	ENSMUSG00000109603	+	Gm32389	433
434	Gm19164	chr8	27019454	27020093	processed_pseudogene	ENSMUSG00000110081	-	Gm19164	434
435	Erlin2	chr8	27023261	27040328	protein_coding	ENSMUSG00000031483	+	Erlin2	435
436	Proscos	chr8	27042377	27043042	lncRNA	ENSMUSG00000091154	-	Proscos	436
437	Plpbp	chr8	27042555	27056132	protein_coding	ENSMUSG00000031485	+	Plpbp	437
438	Adgra2	chr8	27085583	27123436	protein_coding	ENSMUSG00000031486	+	Adgra2	438
439	Brf2	chr8	27123364	27128680	protein_coding	ENSMUSG00000031487	-	Brf2	439
440	Rab11fip1	chr8	27138773	27174646	protein_coding	ENSMUSG00000031488	-	Rab11fip1	440
441	4933416M07Rik	chr8	27142910	27146304	lncRNA	ENSMUSG00000097262	+	4933416M07Rik	441
442	Gm45267	chr8	27159828	27170691	lncRNA	ENSMUSG00000109589	+	Gm45267	442
443	Got1l1	chr8	27197459	27223828	protein_coding	ENSMUSG00000039720	-	Got1l1	443
444	Adrb3	chr8	27225776	27250616	protein_coding	ENSMUSG00000031489	-	Adrb3	444
445	Gm45470	chr8	27228686	27240332	lncRNA	ENSMUSG00000109674	+	Gm45470	445
446	Eif4ebp1	chr8	27260329	27276674	protein_coding	ENSMUSG00000031490	+	Eif4ebp1	446
447	Tex24	chr8	27344394	27349188	protein_coding	ENSMUSG00000071138	+	Tex24	447
448	Chrnb3	chr8	27368711	27399730	protein_coding	ENSMUSG00000031492	+	Chrnb3	448
449	Chrna6	chr8	27403212	27413944	protein_coding	ENSMUSG00000031491	-	Chrna6	449
450	Gm45861	chr8	27447100	27620917	protein_coding	ENSMUSG00000110333	+	Gm45861	450
451	Poteg	chr8	27447670	27495172	protein_coding	ENSMUSG00000063932	+	Poteg	451
452	Gm1698	chr8	27604351	27620452	lncRNA	ENSMUSG00000074404	+	Gm1698	452
453	Gm45751	chr8	28082694	28084266	TEC	ENSMUSG00000110343	-	Gm45751	453
454	Gm8096	chr8	28083330	28084920	processed_pseudogene	ENSMUSG00000110372	-	Gm8096	454
455	Gm8100	chr8	28185840	28186827	processed_pseudogene	ENSMUSG00000098056	+	Gm8100	455
456	Gm8110	chr8	28520676	28529237	lncRNA	ENSMUSG00000110322	+	Gm8110	456
457	Gm45571	chr8	28527826	28529717	lncRNA	ENSMUSG00000109794	-	Gm45571	457
458	Unc5d	chr8	28646717	29219636	protein_coding	ENSMUSG00000063626	-	Unc5d	458
459	Gm9911	chr8	29084685	29087486	TEC	ENSMUSG00000109874	-	Gm9911	459
460	Gm45652	chr8	29088073	29091903	TEC	ENSMUSG00000110263	-	Gm45652	460
461	Svet1	chr8	29108837	29112776	TEC	ENSMUSG00000109648	-	Svet1	461
462	Gm32567	chr8	29228598	29235104	lncRNA	ENSMUSG00000110180	-	Gm32567	462
463	Nudc-ps1	chr8	29286431	29286981	processed_pseudogene	ENSMUSG00000110331	-	Nudc-ps1	463
464	Gm39154	chr8	30112310	30121214	lncRNA	ENSMUSG00000109666	-	Gm39154	464
465	Gm6853	chr8	30177932	30183860	transcribed_unprocessed_pseudogene	ENSMUSG00000109586	-	Gm6853	465
466	Gm45490	chr8	30439747	30442224	lncRNA	ENSMUSG00000110006	-	Gm45490	466
467	Gm45489	chr8	30482983	30513811	lncRNA	ENSMUSG00000110223	-	Gm45489	467
468	4933433F19Rik	chr8	30568393	30575573	lncRNA	ENSMUSG00000097044	+	4933433F19Rik	468
469	Dusp26	chr8	31089471	31097047	protein_coding	ENSMUSG00000039661	+	Dusp26	469
470	Rnf122	chr8	31111820	31131482	protein_coding	ENSMUSG00000039328	+	Rnf122	470
471	Tti2	chr8	31150315	31164702	protein_coding	ENSMUSG00000031577	+	Tti2	471
472	Mak16	chr8	31159463	31168764	protein_coding	ENSMUSG00000031578	-	Mak16	472
473	Fut10	chr8	31187331	31261738	protein_coding	ENSMUSG00000046152	+	Fut10	473
474	Gm8168	chr8	31279867	31280814	processed_pseudogene	ENSMUSG00000110133	-	Gm8168	474
475	7420700N18Rik	chr8	31378813	31382439	lncRNA	ENSMUSG00000109915	+	7420700N18Rik	475
476	Gm45303	chr8	31491976	31500090	lncRNA	ENSMUSG00000109605	+	Gm45303	476
477	Gm45304	chr8	31598979	31663828	lncRNA	ENSMUSG00000110329	-	Gm45304	477
478	Gm5117	chr8	31737208	31739760	processed_pseudogene	ENSMUSG00000093862	-	Gm5117	478
479	Nrg1	chr8	31814551	32884797	protein_coding	ENSMUSG00000062991	-	Nrg1	479
480	Gm22140	chr8	32186129	32186248	snRNA	ENSMUSG00000089370	+	Gm22140	480
481	Gm3985	chr8	32888505	32950026	lncRNA	ENSMUSG00000079070	-	Gm3985	481
482	Gm45587	chr8	32972831	33056091	lncRNA	ENSMUSG00000110214	-	Gm45587	482
483	Wrn	chr8	33234384	33385527	protein_coding	ENSMUSG00000031583	-	Wrn	483
484	Purg	chr8	33386325	33417467	protein_coding	ENSMUSG00000049184	+	Purg	484
485	Hmgb1-rs17	chr8	33484196	33485167	unprocessed_pseudogene	ENSMUSG00000109750	+	Hmgb1-rs17	485
486	Tex15	chr8	33516738	33585582	protein_coding	ENSMUSG00000009628	+	Tex15	486
487	Ppp2cb	chr8	33599625	33619441	protein_coding	ENSMUSG00000009630	+	Ppp2cb	487
488	Ubxn8	chr8	33619586	33641967	protein_coding	ENSMUSG00000052906	-	Ubxn8	488
489	Gsr	chr8	33652523	33698163	protein_coding	ENSMUSG00000031584	+	Gsr	489
490	1700104B16Rik	chr8	33730534	33731819	lncRNA	ENSMUSG00000049476	-	1700104B16Rik	490
491	Gtf2e2	chr8	33731833	33777173	protein_coding	ENSMUSG00000031585	+	Gtf2e2	491
492	Smim18	chr8	33742112	33747770	protein_coding	ENSMUSG00000094500	-	Smim18	492
493	Rbpms	chr8	33782643	33929863	protein_coding	ENSMUSG00000031586	-	Rbpms	493
494	Gm26632	chr8	33813203	33833094	lncRNA	ENSMUSG00000097442	+	Gm26632	494
495	Gm45817	chr8	33985444	33987200	TEC	ENSMUSG00000110614	-	Gm45817	495
496	Gm39157	chr8	33985914	33990524	lncRNA	ENSMUSG00000110663	+	Gm39157	496
497	Gm9951	chr8	34049262	34057046	lncRNA	ENSMUSG00000054618	+	Gm9951	497
498	Dctn6	chr8	34090420	34108796	protein_coding	ENSMUSG00000031516	-	Dctn6	498
499	Gm10131	chr8	34111002	34111737	protein_coding	ENSMUSG00000063412	-	Gm10131	499
500	Mboat4	chr8	34115030	34125182	protein_coding	ENSMUSG00000071113	+	Mboat4	500
501	Gm39158	chr8	34119011	34120208	lncRNA	ENSMUSG00000109869	-	Gm39158	501
502	Leprotl1	chr8	34135572	34147033	protein_coding	ENSMUSG00000031513	-	Leprotl1	502
503	Gm45269	chr8	34152690	34152971	processed_pseudogene	ENSMUSG00000110247	+	Gm45269	503
504	Saraf	chr8	34154575	34170821	protein_coding	ENSMUSG00000031532	+	Saraf	504
505	Mir6395	chr8	34166622	34166712	miRNA	ENSMUSG00000098785	-	Mir6395	505
506	Gm29243	chr8	34216859	34226145	lncRNA	ENSMUSG00000100605	+	Gm29243	506
507	Gm8254	chr8	34321853	34322824	processed_pseudogene	ENSMUSG00000098046	-	Gm8254	507
508	Gm4889	chr8	34327910	34328353	processed_pseudogene	ENSMUSG00000056797	+	Gm4889	508
509	Gm45350	chr8	34344696	34362842	lncRNA	ENSMUSG00000109964	-	Gm45350	509
510	Gm33831	chr8	34380544	34385828	lncRNA	ENSMUSG00000110178	-	Gm33831	510
511	Gm45349	chr8	34419237	34472995	lncRNA	ENSMUSG00000110369	-	Gm45349	511
512	Gm33968	chr8	34523318	34526628	lncRNA	ENSMUSG00000110015	+	Gm33968	512
513	B930018H19Rik	chr8	34589420	34640316	lncRNA	ENSMUSG00000109819	-	B930018H19Rik	513
514	Gm34096	chr8	34608305	34619429	lncRNA	ENSMUSG00000109880	+	Gm34096	514
515	Gm45627	chr8	34658106	34659369	lncRNA	ENSMUSG00000109846	-	Gm45627	515
516	Dusp4	chr8	34807297	34819894	protein_coding	ENSMUSG00000031530	+	Dusp4	516
517	Tnks	chr8	34826460	34965690	protein_coding	ENSMUSG00000031529	-	Tnks	517
518	Gm9939	chr8	34965052	34967727	lncRNA	ENSMUSG00000054247	+	Gm9939	518
519	Gm34368	chr8	34967274	34979874	lncRNA	ENSMUSG00000109717	-	Gm34368	519
520	Gm8291	chr8	35052123	35053383	processed_pseudogene	ENSMUSG00000110361	-	Gm8291	520
521	Gm34419	chr8	35094545	35105029	lncRNA	ENSMUSG00000110130	+	Gm34419	521
522	Rpl31-ps23	chr8	35132995	35133532	processed_pseudogene	ENSMUSG00000097106	-	Rpl31-ps23	522
523	Gm45625	chr8	35179103	35183886	lncRNA	ENSMUSG00000110314	-	Gm45625	523
524	Gm34474	chr8	35218638	35222071	lncRNA	ENSMUSG00000109773	+	Gm34474	524
525	Gm34597	chr8	35233303	35245479	lncRNA	ENSMUSG00000109688	-	Gm34597	525
526	Gm45469	chr8	35367750	35376392	lncRNA	ENSMUSG00000109698	-	Gm45469	526
527	Ppp1r3b	chr8	35375739	35388139	protein_coding	ENSMUSG00000046794	+	Ppp1r3b	527
528	Gm34853	chr8	35439734	35443698	lncRNA	ENSMUSG00000110367	+	Gm34853	528
529	Eri1	chr8	35465253	35496196	protein_coding	ENSMUSG00000031527	-	Eri1	529
530	Gm16793	chr8	35582503	35588972	lncRNA	ENSMUSG00000097357	-	Gm16793	530
531	Mfhas1	chr8	35587798	35679449	protein_coding	ENSMUSG00000070056	+	Mfhas1	531
532	1700015I17Rik	chr8	35707660	35719949	lncRNA	ENSMUSG00000110335	-	1700015I17Rik	532
533	Gm35021	chr8	35724175	35757517	lncRNA	ENSMUSG00000109714	+	Gm35021	533
534	Gm19410	chr8	35765790	35818047	protein_coding	ENSMUSG00000109372	+	Gm19410	534
535	5430403N17Rik	chr8	35864085	35882957	lncRNA	ENSMUSG00000109761	-	5430403N17Rik	535
536	Rps12-ps24	chr8	36025753	36026133	processed_pseudogene	ENSMUSG00000098181	+	Rps12-ps24	536
537	Prag1	chr8	36094828	36147787	protein_coding	ENSMUSG00000050271	+	Prag1	537
538	Gm38414	chr8	36156010	36161588	lncRNA	ENSMUSG00000109704	+	Gm38414	538
539	Gm39164	chr8	36174140	36176047	lncRNA	ENSMUSG00000110321	-	Gm39164	539
540	4933430A20Rik	chr8	36176141	36178423	lncRNA	ENSMUSG00000110116	+	4933430A20Rik	540
541	Gm35520	chr8	36188372	36202020	lncRNA	ENSMUSG00000110176	+	Gm35520	541
542	Lonrf1	chr8	36216064	36249516	protein_coding	ENSMUSG00000039633	-	Lonrf1	542
543	Gm5787	chr8	36372596	36373633	processed_pseudogene	ENSMUSG00000098154	-	Gm5787	543
544	Gm26150	chr8	36406094	36406244	snRNA	ENSMUSG00000088051	-	Gm26150	544
545	Trmt9b	chr8	36457548	36516570	protein_coding	ENSMUSG00000039620	+	Trmt9b	545
546	Dlc1	chr8	36567751	36953143	protein_coding	ENSMUSG00000031523	-	Dlc1	546
547	G630064G18Rik	chr8	36985573	37024238	lncRNA	ENSMUSG00000110242	-	G630064G18Rik	547
548	AI429214	chr8	36993604	36995533	protein_coding	ENSMUSG00000074384	+	AI429214	548
549	Gm45690	chr8	37027093	37027338	processed_pseudogene	ENSMUSG00000110158	+	Gm45690	549
550	Gm10683	chr8	37088936	37090309	TEC	ENSMUSG00000109817	-	Gm10683	550
551	Gm8342	chr8	37094703	37095459	processed_pseudogene	ENSMUSG00000109668	+	Gm8342	551
552	Gm45524	chr8	37097018	37188061	lncRNA	ENSMUSG00000110285	+	Gm45524	552
553	Gm3433	chr8	37103866	37106827	unprocessed_pseudogene	ENSMUSG00000110337	+	Gm3433	553
554	Gm7319	chr8	37154715	37155808	processed_pseudogene	ENSMUSG00000109932	+	Gm7319	554
555	Gm45368	chr8	37322385	37350753	lncRNA	ENSMUSG00000110312	-	Gm45368	555
556	Sgcz	chr8	37522298	38661508	protein_coding	ENSMUSG00000039539	-	Sgcz	556
557	Gm16205	chr8	37787666	37788692	processed_pseudogene	ENSMUSG00000081316	-	Gm16205	557
558	Gm16204	chr8	38076714	38079639	processed_pseudogene	ENSMUSG00000081517	+	Gm16204	558
559	Mir383	chr8	38252133	38252202	miRNA	ENSMUSG00000065457	-	Mir383	559
560	Gm40493	chr8	38659763	38671066	lncRNA	ENSMUSG00000110236	+	Gm40493	560
561	Tusc3	chr8	39005845	39165114	protein_coding	ENSMUSG00000039530	+	Tusc3	561
562	Gm20948	chr8	39201049	39201497	processed_pseudogene	ENSMUSG00000109922	+	Gm20948	562
563	Zfp148-ps1	chr8	39282243	39285147	processed_pseudogene	ENSMUSG00000109601	+	Zfp148-ps1	563
564	Gm6213	chr8	39297980	39368268	lncRNA	ENSMUSG00000109827	+	Gm6213	564
565	Msr1	chr8	39581685	39642673	protein_coding	ENSMUSG00000025044	-	Msr1	565
566	Gm2033	chr8	39718680	39720966	processed_pseudogene	ENSMUSG00000109789	-	Gm2033	566
567	Gm7082	chr8	40016714	40018248	processed_pseudogene	ENSMUSG00000109815	+	Gm7082	567
568	Fgf20	chr8	40279166	40308331	protein_coding	ENSMUSG00000031603	-	Fgf20	568
569	Micu3	chr8	40307458	40386308	protein_coding	ENSMUSG00000039478	+	Micu3	569
570	Zdhhc2	chr8	40423815	40510268	protein_coding	ENSMUSG00000039470	+	Zdhhc2	570
571	Cnot7	chr8	40492540	40515847	protein_coding	ENSMUSG00000031601	-	Cnot7	571
572	Vps37a	chr8	40511783	40550757	protein_coding	ENSMUSG00000031600	+	Vps37a	572
573	Mtmr7	chr8	40551095	40634797	protein_coding	ENSMUSG00000039431	-	Mtmr7	573
574	Adam24	chr8	40675077	40682199	protein_coding	ENSMUSG00000046723	+	Adam24	574
575	Gm45660	chr8	40683497	40683647	processed_pseudogene	ENSMUSG00000109658	-	Gm45660	575
576	Gm8423	chr8	40712681	40713287	processed_pseudogene	ENSMUSG00000110315	-	Gm8423	576
577	Gm2080	chr8	40724832	40726404	processed_pseudogene	ENSMUSG00000110228	+	Gm2080	577
578	Gm5749	chr8	40748003	40749092	processed_pseudogene	ENSMUSG00000110370	-	Gm5749	578
579	Adam25	chr8	40752208	40756176	protein_coding	ENSMUSG00000071937	+	Adam25	579
580	Adam20	chr8	40793273	40797303	protein_coding	ENSMUSG00000046282	+	Adam20	580
581	Adam39	chr8	40822990	40827037	protein_coding	ENSMUSG00000054033	+	Adam39	581
582	Gm5345	chr8	40853828	40855027	processed_pseudogene	ENSMUSG00000098050	-	Gm5345	582
583	Slc7a2	chr8	40862396	40922308	protein_coding	ENSMUSG00000031596	+	Slc7a2	583
584	Pdgfrl	chr8	40926212	40990785	protein_coding	ENSMUSG00000031595	+	Pdgfrl	584
585	Mtus1	chr8	40990914	41133726	protein_coding	ENSMUSG00000045636	-	Mtus1	585
586	B430010I23Rik	chr8	41017468	41024216	lncRNA	ENSMUSG00000084960	+	B430010I23Rik	586
587	Gm16192	chr8	41039756	41042053	lncRNA	ENSMUSG00000086773	+	Gm16192	587
588	Gm16193	chr8	41053110	41064706	lncRNA	ENSMUSG00000085672	+	Gm16193	588
589	Fgl1	chr8	41191434	41215156	protein_coding	ENSMUSG00000031594	-	Fgl1	589
590	Pcm1	chr8	41239752	41332344	protein_coding	ENSMUSG00000031592	+	Pcm1	590
591	Asah1	chr8	41340197	41374773	protein_coding	ENSMUSG00000031591	-	Asah1	591
592	Frg1	chr8	41397459	41417074	protein_coding	ENSMUSG00000031590	-	Frg1	592
593	Gapdh-ps14	chr8	41608668	41609669	processed_pseudogene	ENSMUSG00000098149	-	Gapdh-ps14	593
594	Smarce1-ps1	chr8	41657593	41658669	processed_pseudogene	ENSMUSG00000094568	-	Smarce1-ps1	594
595	2810404M03Rik	chr8	41827267	42046202	lncRNA	ENSMUSG00000102046	+	2810404M03Rik	595
596	Hspd1-ps1	chr8	41923520	41927130	processed_pseudogene	ENSMUSG00000108069	+	Hspd1-ps1	596
597	Triml1	chr8	43129807	43141486	protein_coding	ENSMUSG00000031651	-	Triml1	597
598	Gm6284	chr8	43158754	43163944	processed_pseudogene	ENSMUSG00000109991	+	Gm6284	598
599	Triml2	chr8	43180541	43193881	protein_coding	ENSMUSG00000091490	+	Triml2	599
600	Zfp42	chr8	43295063	43306980	protein_coding	ENSMUSG00000051176	-	Zfp42	600
601	Adam26b	chr8	43519762	43528106	protein_coding	ENSMUSG00000063900	-	Adam26b	601
602	Adam26a	chr8	43568278	43576707	protein_coding	ENSMUSG00000048516	-	Adam26a	602
603	Gm5346	chr8	43624951	43627276	protein_coding	ENSMUSG00000050190	-	Gm5346	603
604	Adam34	chr8	43650309	43710049	protein_coding	ENSMUSG00000079058	-	Adam34	604
605	Gm5347	chr8	43673721	43676047	processed_pseudogene	ENSMUSG00000109723	-	Gm5347	605
606	Gm35629	chr8	43699258	43701498	processed_pseudogene	ENSMUSG00000110155	-	Gm35629	606
607	Gm45488	chr8	43703479	43754163	lncRNA	ENSMUSG00000110168	+	Gm45488	607
608	Gm45659	chr8	43908656	43914604	lncRNA	ENSMUSG00000109993	-	Gm45659	608
609	Gm26241	chr8	44547974	44548074	miRNA	ENSMUSG00000092685	-	Gm26241	609
610	Fat1	chr8	44935447	45052257	protein_coding	ENSMUSG00000070047	+	Fat1	610
611	Gm2366	chr8	45017216	45022385	lncRNA	ENSMUSG00000097491	-	Gm2366	611
612	AY512931	chr8	45060702	45065418	lncRNA	ENSMUSG00000066158	-	AY512931	612
613	Mtnr1a	chr8	45069137	45088506	protein_coding	ENSMUSG00000054764	+	Mtnr1a	613
614	Gm30504	chr8	45110481	45196541	lncRNA	ENSMUSG00000110260	+	Gm30504	614
615	Gm6329	chr8	45160494	45165219	lncRNA	ENSMUSG00000110231	-	Gm6329	615
616	F11	chr8	45241174	45262031	protein_coding	ENSMUSG00000031645	-	F11	616
617	Klkb1	chr8	45266689	45294859	protein_coding	ENSMUSG00000109764	-	Klkb1	617
618	Gm45753	chr8	45269671	45308466	protein_coding	ENSMUSG00000031640	-	Gm45753	618
619	Cyp4v3	chr8	45304944	45333216	protein_coding	ENSMUSG00000079057	-	Cyp4v3	619
620	Fam149a	chr8	45336717	45382291	protein_coding	ENSMUSG00000070044	-	Fam149a	620
621	Tlr3	chr8	45395665	45411080	protein_coding	ENSMUSG00000031639	-	Tlr3	621
622	Sorbs2	chr8	45507788	45827906	protein_coding	ENSMUSG00000031626	+	Sorbs2	622
623	Gm45458	chr8	45539594	45540115	TEC	ENSMUSG00000109665	-	Gm45458	623
624	Gm16351	chr8	45547377	45605140	lncRNA	ENSMUSG00000084954	-	Gm16351	624
625	Gm23604	chr8	45581616	45581747	snoRNA	ENSMUSG00000077499	-	Gm23604	625
626	Sorbs2os	chr8	45723325	45819297	lncRNA	ENSMUSG00000085440	-	Sorbs2os	626
627	Gm45457	chr8	45779228	45782316	TEC	ENSMUSG00000110411	+	Gm45457	627
628	Pdlim3	chr8	45885461	45919548	protein_coding	ENSMUSG00000031636	+	Pdlim3	628
629	Ccdc110	chr8	45934619	45944145	protein_coding	ENSMUSG00000071104	+	Ccdc110	629
630	Gm15878	chr8	45949612	45949917	processed_pseudogene	ENSMUSG00000087542	+	Gm15878	630
631	1700029J07Rik	chr8	45953606	45975252	protein_coding	ENSMUSG00000071103	-	1700029J07Rik	631
632	Ufsp2	chr8	45975528	45996958	protein_coding	ENSMUSG00000031634	+	Ufsp2	632
633	Ankrd37	chr8	45996902	46005707	protein_coding	ENSMUSG00000050914	-	Ankrd37	633
634	Lrp2bp	chr8	45999303	46029477	protein_coding	ENSMUSG00000031637	+	Lrp2bp	634
635	Snx25	chr8	46033261	46152159	protein_coding	ENSMUSG00000038291	-	Snx25	635
636	Gm23030	chr8	46107259	46107531	misc_RNA	ENSMUSG00000088629	+	Gm23030	636
637	Cfap97	chr8	46151771	46195590	protein_coding	ENSMUSG00000031631	+	Cfap97	637
638	Gm15634	chr8	46152610	46156100	lncRNA	ENSMUSG00000086279	+	Gm15634	638
639	Gm45693	chr8	46162090	46163246	TEC	ENSMUSG00000109902	+	Gm45693	639
640	Slc25a4	chr8	46206797	46211284	protein_coding	ENSMUSG00000031633	-	Slc25a4	640
641	Actg-ps1	chr8	46228994	46230117	processed_pseudogene	ENSMUSG00000074978	+	Actg-ps1	641
642	Gm39168	chr8	46299131	46325674	lncRNA	ENSMUSG00000110179	+	Gm39168	642
643	Gm45255	chr8	46313801	46314611	TEC	ENSMUSG00000109743	+	Gm45255	643
644	Gm30931	chr8	46363251	46367204	lncRNA	ENSMUSG00000110035	+	Gm30931	644
645	Gm45253	chr8	46372106	46385888	lncRNA	ENSMUSG00000109612	-	Gm45253	645
646	Acsl1	chr8	46471037	46536051	protein_coding	ENSMUSG00000018796	+	Acsl1	646
647	Gm45244	chr8	46471391	46473590	TEC	ENSMUSG00000109807	-	Gm45244	647
648	Cenpu	chr8	46552028	46580007	protein_coding	ENSMUSG00000031629	+	Cenpu	648
649	Primpol	chr8	46575594	46617212	protein_coding	ENSMUSG00000038225	-	Primpol	649
650	Casp3	chr8	46617291	46639689	protein_coding	ENSMUSG00000031628	+	Casp3	650
651	Gm16675	chr8	46668808	46739515	lncRNA	ENSMUSG00000097534	-	Gm16675	651
652	Irf2	chr8	46739732	46847458	protein_coding	ENSMUSG00000031627	+	Irf2	652
653	Gm45479	chr8	46763251	46764973	lncRNA	ENSMUSG00000109751	-	Gm45479	653
654	Gm31172	chr8	46770553	46770985	lncRNA	ENSMUSG00000110374	-	Gm31172	654
655	Gm45481	chr8	46833036	46833912	TEC	ENSMUSG00000110414	-	Gm45481	655
656	Enpp6	chr8	46986887	47096762	protein_coding	ENSMUSG00000038173	+	Enpp6	656
657	Gm45600	chr8	46994795	47014177	lncRNA	ENSMUSG00000109888	-	Gm45600	657
658	4930579M01Rik	chr8	47026805	47038177	lncRNA	ENSMUSG00000086190	-	4930579M01Rik	658
659	E330018M18Rik	chr8	47135651	47163704	lncRNA	ENSMUSG00000110264	+	E330018M18Rik	659
660	Stox2	chr8	47180048	47446362	protein_coding	ENSMUSG00000038143	-	Stox2	660
661	Gm45537	chr8	47224459	47227166	TEC	ENSMUSG00000109606	-	Gm45537	661
662	Gm22857	chr8	47440418	47440551	snoRNA	ENSMUSG00000092710	+	Gm22857	662
663	Trappc11	chr8	47490115	47533470	protein_coding	ENSMUSG00000038102	-	Trappc11	663
664	Rwdd4a	chr8	47533664	47552955	protein_coding	ENSMUSG00000031568	+	Rwdd4a	664
665	Gm45576	chr8	47557529	47567896	lncRNA	ENSMUSG00000110363	+	Gm45576	665
666	Gm8623	chr8	47632329	47632764	processed_pseudogene	ENSMUSG00000062458	-	Gm8623	666
667	Ing2	chr8	47667178	47675556	protein_coding	ENSMUSG00000063049	-	Ing2	667
668	AA386476	chr8	47675391	47685239	lncRNA	ENSMUSG00000074357	+	AA386476	668
669	Cdkn2aip	chr8	47709344	47713932	protein_coding	ENSMUSG00000038069	-	Cdkn2aip	669
670	E030037K01Rik	chr8	47713266	47715021	lncRNA	ENSMUSG00000097706	+	E030037K01Rik	670
671	n-R5s96	chr8	47719246	47719369	rRNA	ENSMUSG00000064508	+	n-R5s96	671
672	Gm31786	chr8	47744712	47750134	lncRNA	ENSMUSG00000110665	-	Gm31786	672
673	Gm45824	chr8	47764054	47766125	lncRNA	ENSMUSG00000110604	-	Gm45824	673
674	Gm45864	chr8	47773555	47777802	lncRNA	ENSMUSG00000110539	+	Gm45864	674
675	1700061N14Rik	chr8	47811724	47818221	lncRNA	ENSMUSG00000110464	-	1700061N14Rik	675
676	Wwc2	chr8	47823959	47990924	protein_coding	ENSMUSG00000031563	-	Wwc2	676
677	Cldn22	chr8	47824482	47825476	protein_coding	ENSMUSG00000038064	+	Cldn22	677
678	n-R5s97	chr8	47899182	47899294	rRNA	ENSMUSG00000064519	+	n-R5s97	678
679	Gm32052	chr8	48002210	48009133	lncRNA	ENSMUSG00000110624	-	Gm32052	679
680	Dctd	chr8	48099092	48153233	protein_coding	ENSMUSG00000031562	+	Dctd	680
681	Tenm3	chr8	48227682	48843951	protein_coding	ENSMUSG00000031561	-	Tenm3	681
682	Gm32842	chr8	48270248	48270985	processed_pseudogene	ENSMUSG00000110480	-	Gm32842	682
683	Gm45772	chr8	48630930	48631169	processed_pseudogene	ENSMUSG00000110509	-	Gm45772	683
684	Gm19744	chr8	48843665	48869901	lncRNA	ENSMUSG00000100706	+	Gm19744	684
685	Gm45830	chr8	49044280	49046017	lncRNA	ENSMUSG00000110503	+	Gm45830	685
686	Gm45829	chr8	49063879	49071859	lncRNA	ENSMUSG00000110606	+	Gm45829	686
687	Gm45832	chr8	49230527	49231969	TEC	ENSMUSG00000110465	-	Gm45832	687
688	4930555F03Rik	chr8	49370886	49548994	lncRNA	ENSMUSG00000031559	+	4930555F03Rik	688
689	Gm45577	chr8	49462453	49464739	TEC	ENSMUSG00000110137	-	Gm45577	689
690	Gm45697	chr8	49485770	49488645	TEC	ENSMUSG00000110564	-	Gm45697	690
691	Gm45321	chr8	49818937	49949006	lncRNA	ENSMUSG00000109907	+	Gm45321	691
692	Gm45322	chr8	49838068	49839428	lncRNA	ENSMUSG00000110051	+	Gm45322	692
693	Gm45323	chr8	49959483	50013384	lncRNA	ENSMUSG00000110375	-	Gm45323	693
694	Gm45324	chr8	49989907	49995544	TEC	ENSMUSG00000110147	+	Gm45324	694
695	Gm45341	chr8	50117745	50517889	lncRNA	ENSMUSG00000109838	-	Gm45341	695
696	Gm45455	chr8	50201613	50517680	lncRNA	ENSMUSG00000109741	-	Gm45455	696
697	Gm2516	chr8	50368112	50416088	lncRNA	ENSMUSG00000110281	+	Gm2516	697
698	Gm45259	chr8	50389092	50390097	TEC	ENSMUSG00000110050	+	Gm45259	698
699	Gm23986	chr8	50563241	50563303	snRNA	ENSMUSG00000087769	+	Gm23986	699
700	C130073E24Rik	chr8	50743291	50916997	lncRNA	ENSMUSG00000110246	-	C130073E24Rik	700
701	Gm32975	chr8	51177683	51180608	lncRNA	ENSMUSG00000109944	+	Gm32975	701
702	Gm45389	chr8	52024987	52031271	lncRNA	ENSMUSG00000110163	-	Gm45389	702
703	Gm45388	chr8	52080163	52099750	lncRNA	ENSMUSG00000109823	+	Gm45388	703
704	Gm9892	chr8	52196065	52197056	processed_pseudogene	ENSMUSG00000052825	-	Gm9892	704
705	Gm25813	chr8	52336915	52337105	snRNA	ENSMUSG00000064682	-	Gm25813	705
706	1190028D05Rik	chr8	52356611	52403339	lncRNA	ENSMUSG00000110013	+	1190028D05Rik	706
707	Gm9685	chr8	52774131	52774668	processed_pseudogene	ENSMUSG00000109983	+	Gm9685	707
708	Gm45554	chr8	53436100	53480650	lncRNA	ENSMUSG00000110362	+	Gm45554	708
709	Aga	chr8	53511727	53523421	protein_coding	ENSMUSG00000031521	+	Aga	709
710	Neil3	chr8	53586867	53639065	protein_coding	ENSMUSG00000039396	-	Neil3	710
711	Vegfc	chr8	54077606	54187096	protein_coding	ENSMUSG00000031520	+	Vegfc	711
712	Spcs3	chr8	54520433	54529998	protein_coding	ENSMUSG00000054408	-	Spcs3	712
713	Asb5	chr8	54529580	54587875	protein_coding	ENSMUSG00000031519	+	Asb5	713
714	5330439A09Rik	chr8	54568550	54600987	lncRNA	ENSMUSG00000089708	-	5330439A09Rik	714
715	Spata4	chr8	54600781	54610098	protein_coding	ENSMUSG00000031518	+	Spata4	715
716	Wdr17	chr8	54629055	54887184	protein_coding	ENSMUSG00000039375	-	Wdr17	716
717	Gm15758	chr8	54708987	54710381	lncRNA	ENSMUSG00000089719	+	Gm15758	717
718	n-R5s98	chr8	54866261	54866379	rRNA	ENSMUSG00000084498	+	n-R5s98	718
719	Gpm6a	chr8	54954843	55060871	protein_coding	ENSMUSG00000031517	+	Gpm6a	719
720	Gm45263	chr8	54959819	54961193	TEC	ENSMUSG00000110342	+	Gm45263	720
721	Gm45265	chr8	55005285	55007781	TEC	ENSMUSG00000109725	+	Gm45265	721
722	Gm45264	chr8	55028401	55032395	TEC	ENSMUSG00000109927	+	Gm45264	722
723	Gm45262	chr8	55043059	55044521	TEC	ENSMUSG00000109942	+	Gm45262	723
724	A230085B16Rik	chr8	55055874	55057729	TEC	ENSMUSG00000110047	+	A230085B16Rik	724
725	9330121K16Rik	chr8	55073249	55077134	TEC	ENSMUSG00000110249	+	9330121K16Rik	725
726	Gm8734	chr8	55080404	55081715	processed_pseudogene	ENSMUSG00000109736	-	Gm8734	726
727	Gm20586	chr8	55532291	55532837	processed_pseudogene	ENSMUSG00000110025	+	Gm20586	727
728	Adam29	chr8	55870912	55906948	protein_coding	ENSMUSG00000046258	-	Adam29	728
729	Glra3	chr8	55940460	56130070	protein_coding	ENSMUSG00000038257	+	Glra3	729
730	Hpgd	chr8	56294585	56321043	protein_coding	ENSMUSG00000031613	+	Hpgd	730
731	Gm45540	chr8	56311304	56314909	TEC	ENSMUSG00000110397	+	Gm45540	731
732	4930518J21Rik	chr8	56465622	56484968	lncRNA	ENSMUSG00000110310	-	4930518J21Rik	732
733	Cep44	chr8	56531522	56551047	protein_coding	ENSMUSG00000038215	-	Cep44	733
734	Fbxo8	chr8	56551090	56593939	protein_coding	ENSMUSG00000038206	+	Fbxo8	734
735	Gm2767	chr8	56560916	56561388	processed_pseudogene	ENSMUSG00000110318	+	Gm2767	735
736	Gm25992	chr8	56561301	56561409	miRNA	ENSMUSG00000076392	+	Gm25992	736
737	Gm6503	chr8	56713049	56715273	processed_pseudogene	ENSMUSG00000109760	+	Gm6503	737
738	Gm33501	chr8	56860568	56888893	lncRNA	ENSMUSG00000110000	-	Gm33501	738
739	Hand2os1	chr8	57281117	57324233	lncRNA	ENSMUSG00000100510	-	Hand2os1	739
740	Gm17994	chr8	57291520	57292052	processed_pseudogene	ENSMUSG00000110327	-	Gm17994	740
741	Hand2	chr8	57320983	57324633	protein_coding	ENSMUSG00000038193	+	Hand2	741
742	Gm34030	chr8	57331692	57334585	lncRNA	ENSMUSG00000109697	-	Gm34030	742
743	5033428I22Rik	chr8	57332118	57354580	lncRNA	ENSMUSG00000097910	+	5033428I22Rik	743
744	Gm34099	chr8	57403104	57415052	lncRNA	ENSMUSG00000109629	+	Gm34099	744
745	Scrg1	chr8	57455923	57477585	protein_coding	ENSMUSG00000031610	+	Scrg1	745
746	Sap30	chr8	57482707	57487860	protein_coding	ENSMUSG00000031609	-	Sap30	746
747	2500002B13Rik	chr8	57488054	57508877	lncRNA	ENSMUSG00000096917	+	2500002B13Rik	747
748	Hmgb2	chr8	57511907	57515999	protein_coding	ENSMUSG00000054717	+	Hmgb2	748
749	Galnt7	chr8	57523828	57653032	protein_coding	ENSMUSG00000031608	-	Galnt7	749
750	Gm25379	chr8	57549775	57549888	snoRNA	ENSMUSG00000077526	+	Gm25379	750
751	Gm10284	chr8	57550299	57551303	processed_pseudogene	ENSMUSG00000070025	+	Gm10284	751
752	Gm45534	chr8	57604818	57607156	TEC	ENSMUSG00000110405	-	Gm45534	752
753	Gm45360	chr8	57626083	57627487	TEC	ENSMUSG00000109852	-	Gm45360	753
754	Gm19269	chr8	57639330	57640133	TEC	ENSMUSG00000110238	-	Gm19269	754
755	Gm45358	chr8	57641518	57643822	TEC	ENSMUSG00000109585	-	Gm45358	755
756	4930412F12Rik	chr8	57650889	57652359	TEC	ENSMUSG00000110289	-	4930412F12Rik	756
757	AW046200	chr8	57651757	57663430	lncRNA	ENSMUSG00000110419	+	AW046200	757
758	Gm45359	chr8	57658262	57658688	lncRNA	ENSMUSG00000109728	+	Gm45359	758
759	Gm45644	chr8	57696723	57699462	TEC	ENSMUSG00000109636	+	Gm45644	759
760	Gm45356	chr8	57699774	57727344	lncRNA	ENSMUSG00000110162	+	Gm45356	760
761	Galntl6	chr8	57774052	58912640	protein_coding	ENSMUSG00000096914	-	Galntl6	761
762	Gm45633	chr8	57891743	57894995	TEC	ENSMUSG00000109753	+	Gm45633	762
763	Gm45635	chr8	58246587	58248720	TEC	ENSMUSG00000109963	+	Gm45635	763
764	Gm45634	chr8	58602605	58604594	TEC	ENSMUSG00000110227	-	Gm45634	764
765	Gm45636	chr8	58662429	58663492	TEC	ENSMUSG00000109791	-	Gm45636	765
766	Gm15881	chr8	58699846	58700787	processed_pseudogene	ENSMUSG00000085254	-	Gm15881	766
767	BC030500	chr8	58911755	58914298	protein_coding	ENSMUSG00000049946	+	BC030500	767
768	Gm5740	chr8	59219317	59221173	processed_pseudogene	ENSMUSG00000110401	+	Gm5740	768
769	Gm34370	chr8	59419306	59451513	lncRNA	ENSMUSG00000110381	+	Gm34370	769
770	4930470O06Rik	chr8	59825649	59844723	lncRNA	ENSMUSG00000110406	+	4930470O06Rik	770
771	Gm34623	chr8	60195802	60280346	lncRNA	ENSMUSG00000109966	+	Gm34623	771
772	Gm10283	chr8	60430024	60503198	protein_coding	ENSMUSG00000070023	-	Gm10283	772
773	Aadat	chr8	60505932	60545677	protein_coding	ENSMUSG00000057228	+	Aadat	773
774	Gm34730	chr8	60616416	60632731	lncRNA	ENSMUSG00000109930	-	Gm34730	774
775	Mfap3l	chr8	60632827	60676729	protein_coding	ENSMUSG00000031647	+	Mfap3l	775
776	Gm45650	chr8	60719291	60725806	lncRNA	ENSMUSG00000109992	+	Gm45650	776
777	Gm23329	chr8	60807739	60807846	snoRNA	ENSMUSG00000088040	-	Gm23329	777
778	Hpf1	chr8	60890418	60908671	protein_coding	ENSMUSG00000038005	+	Hpf1	778
779	Clcn3	chr8	60910389	60983300	protein_coding	ENSMUSG00000004319	-	Clcn3	779
780	B230317F23Rik	chr8	60983437	60985908	lncRNA	ENSMUSG00000045746	+	B230317F23Rik	780
781	Nek1	chr8	60993195	61131346	protein_coding	ENSMUSG00000031644	+	Nek1	781
782	Gm45484	chr8	61024131	61025271	TEC	ENSMUSG00000110046	+	Gm45484	782
783	Gm45809	chr8	61050049	61053942	TEC	ENSMUSG00000109708	+	Gm45809	783
784	Gm45483	chr8	61075365	61077046	TEC	ENSMUSG00000109693	+	Gm45483	784
785	Gm16179	chr8	61112130	61112502	processed_pseudogene	ENSMUSG00000080956	-	Gm16179	785
786	Gm16178	chr8	61117605	61194648	lncRNA	ENSMUSG00000086681	-	Gm16178	786
787	Sh3rf1	chr8	61223872	61396071	protein_coding	ENSMUSG00000031642	+	Sh3rf1	787
788	1700001D01Rik	chr8	61281522	61288872	lncRNA	ENSMUSG00000099419	-	1700001D01Rik	788
789	Gm10015	chr8	61364019	61364483	processed_pseudogene	ENSMUSG00000056943	-	Gm10015	789
790	Gm7432	chr8	61380509	61381387	processed_pseudogene	ENSMUSG00000109610	-	Gm7432	790
791	Cbr4	chr8	61487734	61506694	protein_coding	ENSMUSG00000031641	+	Cbr4	791
792	Palld	chr8	61511433	61902690	protein_coding	ENSMUSG00000058056	-	Palld	792
793	Gm18066	chr8	61819743	61821516	processed_pseudogene	ENSMUSG00000110131	-	Gm18066	793
794	4930512H18Rik	chr8	61849006	61922834	lncRNA	ENSMUSG00000086866	+	4930512H18Rik	794
795	Gm45418	chr8	61921746	61928028	lncRNA	ENSMUSG00000109729	-	Gm45418	795
796	Ddx60	chr8	61928087	62038244	protein_coding	ENSMUSG00000037921	+	Ddx60	796
797	Anxa10	chr8	62057042	62123150	protein_coding	ENSMUSG00000031635	-	Anxa10	797
798	Hspd1-ps2	chr8	62486792	62488488	processed_pseudogene	ENSMUSG00000109687	-	Hspd1-ps2	798
799	Gm2975	chr8	62539650	62540469	processed_pseudogene	ENSMUSG00000109895	+	Gm2975	799
800	Gm7561	chr8	62546946	62547831	processed_pseudogene	ENSMUSG00000109740	-	Gm7561	800
801	Gm45460	chr8	62616317	62634645	lncRNA	ENSMUSG00000109767	-	Gm45460	801
802	Gm45459	chr8	62646335	62855382	lncRNA	ENSMUSG00000109994	-	Gm45459	802
803	Gm45462	chr8	62749686	62761858	lncRNA	ENSMUSG00000110364	+	Gm45462	803
804	Spock3	chr8	62951009	63357103	protein_coding	ENSMUSG00000054162	+	Spock3	804
805	Gm45461	chr8	62979221	62983755	TEC	ENSMUSG00000109744	+	Gm45461	805
806	Gm45516	chr8	63020866	63025047	TEC	ENSMUSG00000110308	+	Gm45516	806
807	Gm45517	chr8	63198972	63201439	TEC	ENSMUSG00000109622	+	Gm45517	807
808	Gm18645	chr8	63522920	63525878	processed_pseudogene	ENSMUSG00000110300	+	Gm18645	808
809	Gm35368	chr8	63545943	63552805	lncRNA	ENSMUSG00000109999	+	Gm35368	809
810	Gm45589	chr8	63700863	63739577	lncRNA	ENSMUSG00000109825	-	Gm45589	810
811	Sgo2b	chr8	63924694	63952248	protein_coding	ENSMUSG00000094443	-	Sgo2b	811
812	Tll1	chr8	64014931	64206271	protein_coding	ENSMUSG00000053626	-	Tll1	812
813	Gm35521	chr8	64408643	64417100	lncRNA	ENSMUSG00000109579	-	Gm35521	813
814	Cpe	chr8	64592542	64693054	protein_coding	ENSMUSG00000037852	-	Cpe	814
815	Gm45518	chr8	64701107	64711076	lncRNA	ENSMUSG00000110368	-	Gm45518	815
816	Msmo1	chr8	64718139	64733792	protein_coding	ENSMUSG00000031604	-	Msmo1	816
817	Klhl2	chr8	64739675	64850017	protein_coding	ENSMUSG00000031605	-	Klhl2	817
818	Gm10997	chr8	64807639	64809138	TEC	ENSMUSG00000109879	-	Gm10997	818
819	Gm45345	chr8	64838234	64839390	lncRNA	ENSMUSG00000109854	+	Gm45345	819
820	Gm32507	chr8	64937959	64943988	lncRNA	ENSMUSG00000110157	+	Gm32507	820
821	Gm45242	chr8	64945590	64947718	TEC	ENSMUSG00000110378	-	Gm45242	821
822	Tmem192	chr8	64947185	64969033	protein_coding	ENSMUSG00000025521	+	Tmem192	822
823	Trim75	chr8	64980884	64987831	protein_coding	ENSMUSG00000071089	-	Trim75	823
824	Trim60	chr8	64999307	65018584	protein_coding	ENSMUSG00000053490	-	Trim60	824
825	Trim61	chr8	65012987	65018523	protein_coding	ENSMUSG00000109718	-	Trim61	825
826	Gm45886	chr8	65014856	65037096	lncRNA	ENSMUSG00000109805	-	Gm45886	826
827	Apela	chr8	65028417	65037336	protein_coding	ENSMUSG00000079042	-	Apela	827
828	Gm10663	chr8	65075033	65077480	protein_coding	ENSMUSG00000074302	+	Gm10663	828
829	Smim31	chr8	65085613	65129563	protein_coding	ENSMUSG00000074300	-	Smim31	829
830	Gm25403	chr8	65367301	65367443	misc_RNA	ENSMUSG00000064905	+	Gm25403	830
831	March1	chr8	65617900	66471637	protein_coding	ENSMUSG00000036469	+	March1	831
832	Gm26123	chr8	65902057	65902191	snoRNA	ENSMUSG00000065297	+	Gm26123	832
833	Gm24205	chr8	66002346	66002452	snRNA	ENSMUSG00000064887	-	Gm24205	833
834	Gm15354	chr8	66384623	66387535	lncRNA	ENSMUSG00000086156	-	Gm15354	834
835	Gm15356	chr8	66439455	66442809	lncRNA	ENSMUSG00000085109	-	Gm15356	835
836	Tma16	chr8	66473118	66486530	protein_coding	ENSMUSG00000025591	-	Tma16	836
837	Gm32568	chr8	66495059	66496946	lncRNA	ENSMUSG00000110500	+	Gm32568	837
838	Tktl2	chr8	66511756	66518335	protein_coding	ENSMUSG00000025519	+	Tktl2	838
839	Gm16330	chr8	66588712	66589008	processed_pseudogene	ENSMUSG00000085082	-	Gm16330	839
840	Npy5r	chr8	66679965	66688128	protein_coding	ENSMUSG00000044014	-	Npy5r	840
841	Npy1r	chr8	66697192	66706792	protein_coding	ENSMUSG00000036437	+	Npy1r	841
842	Gm45911	chr8	66780080	66795561	lncRNA	ENSMUSG00000110454	+	Gm45911	842
843	Naf1	chr8	66860217	66890564	protein_coding	ENSMUSG00000014907	+	Naf1	843
844	Gm39185	chr8	66905997	66937826	lncRNA	ENSMUSG00000110468	+	Gm39185	844
845	Gm45827	chr8	67176771	67177787	lncRNA	ENSMUSG00000110512	+	Gm45827	845
846	Gm24274	chr8	67213296	67213419	snRNA	ENSMUSG00000080437	-	Gm24274	846
847	Gm45880	chr8	67310687	67311539	processed_pseudogene	ENSMUSG00000110632	+	Gm45880	847
848	Gm10660	chr8	67352104	67365004	lncRNA	ENSMUSG00000074292	-	Gm10660	848
849	Nat1	chr8	67480921	67492104	protein_coding	ENSMUSG00000025588	+	Nat1	849
850	Nat2	chr8	67494858	67502584	protein_coding	ENSMUSG00000051147	+	Nat2	850
851	Gm9755	chr8	67514235	67515590	processed_pseudogene	ENSMUSG00000030735	-	Gm9755	851
852	Nat3	chr8	67523854	67548627	protein_coding	ENSMUSG00000056426	+	Nat3	852
853	Psd3	chr8	67689082	68212027	protein_coding	ENSMUSG00000030465	-	Psd3	853
854	Gm15991	chr8	67956769	67978051	lncRNA	ENSMUSG00000087266	+	Gm15991	854
855	Gm22018	chr8	68010340	68010470	snoRNA	ENSMUSG00000077545	+	Gm22018	855
856	Sh2d4a	chr8	68276567	68347699	protein_coding	ENSMUSG00000053886	+	Sh2d4a	856
857	Gm45739	chr8	68299069	68299456	processed_pseudogene	ENSMUSG00000110472	+	Gm45739	857
858	Csgalnact1	chr8	68356781	68735146	protein_coding	ENSMUSG00000036356	-	Csgalnact1	858
859	1700125H03Rik	chr8	68368434	68375710	lncRNA	ENSMUSG00000085197	+	1700125H03Rik	859
860	Gm15656	chr8	68457148	68458681	lncRNA	ENSMUSG00000087489	+	Gm15656	860
861	Gm15654	chr8	68620138	68620437	processed_pseudogene	ENSMUSG00000085487	+	Gm15654	861
862	Ints10	chr8	68793929	68831667	protein_coding	ENSMUSG00000031864	+	Ints10	862
863	Gm15549	chr8	68798867	68799488	processed_pseudogene	ENSMUSG00000081745	+	Gm15549	863
864	Lpl	chr8	68880491	68907448	protein_coding	ENSMUSG00000015568	+	Lpl	864
865	Gm33103	chr8	68971145	69001683	lncRNA	ENSMUSG00000110594	-	Gm33103	865
866	Slc18a1	chr8	69037711	69089235	protein_coding	ENSMUSG00000036330	-	Slc18a1	866
867	Gm15716	chr8	69044754	69063422	lncRNA	ENSMUSG00000089995	+	Gm15716	867
868	Atp6v1b2	chr8	69088646	69113711	protein_coding	ENSMUSG00000006273	+	Atp6v1b2	868
869	Lzts1	chr8	69132669	69184225	protein_coding	ENSMUSG00000036306	-	Lzts1	869
870	Zfp930	chr8	69209038	69230536	protein_coding	ENSMUSG00000059897	+	Zfp930	870
871	Gm33178	chr8	69225536	69225792	processed_pseudogene	ENSMUSG00000110538	-	Gm33178	871
872	Gm7684	chr8	69239202	69240030	processed_pseudogene	ENSMUSG00000110657	-	Gm7684	872
873	D130040H23Rik	chr8	69271080	69314207	protein_coding	ENSMUSG00000079038	+	D130040H23Rik	873
874	Gm7688	chr8	69329218	69329554	processed_pseudogene	ENSMUSG00000110514	+	Gm7688	874
875	Gm10033	chr8	69366510	69395539	transcribed_unprocessed_pseudogene	ENSMUSG00000110444	-	Gm10033	875
876	Gm45848	chr8	69419497	69425233	lncRNA	ENSMUSG00000110474	+	Gm45848	876
877	Gm9495	chr8	69427980	69453565	protein_coding	ENSMUSG00000107280	-	Gm9495	877
878	Gm43263	chr8	69473492	69474842	lncRNA	ENSMUSG00000106683	-	Gm43263	878
879	Gm7697	chr8	69481346	69522976	protein_coding	ENSMUSG00000106824	-	Gm7697	879
880	Gm3365	chr8	69554802	69585162	unprocessed_pseudogene	ENSMUSG00000111594	-	Gm3365	880
881	Zfp868	chr8	69610857	69625548	protein_coding	ENSMUSG00000060427	-	Zfp868	881
882	Zfp964	chr8	69654479	69666982	protein_coding	ENSMUSG00000091764	+	Zfp964	882
883	Zfp869	chr8	69702656	69716983	protein_coding	ENSMUSG00000054648	-	Zfp869	883
884	Zfp963	chr8	69741639	69749970	protein_coding	ENSMUSG00000092260	-	Zfp963	884
885	Gm20422	chr8	69742862	69774886	protein_coding	ENSMUSG00000092544	-	Gm20422	885
886	Zfp866	chr8	69761326	69791178	protein_coding	ENSMUSG00000043090	-	Zfp866	886
887	Atp13a1	chr8	69791163	69807749	protein_coding	ENSMUSG00000031862	+	Atp13a1	887
888	Gmip	chr8	69808679	69821870	protein_coding	ENSMUSG00000036246	+	Gmip	888
889	Lpar2	chr8	69822429	69831102	protein_coding	ENSMUSG00000031861	+	Lpar2	889
890	Pbx4	chr8	69832491	69872292	protein_coding	ENSMUSG00000031860	+	Pbx4	890
891	Cilp2	chr8	69880369	69887687	protein_coding	ENSMUSG00000044006	-	Cilp2	891
892	Yjefn3	chr8	69887788	69902712	protein_coding	ENSMUSG00000048967	-	Yjefn3	892
893	Ndufa13	chr8	69894180	69902558	protein_coding	ENSMUSG00000036199	-	Ndufa13	893
894	Tssk6	chr8	69902184	69903518	protein_coding	ENSMUSG00000047654	+	Tssk6	894
895	Gatad2a	chr8	69907076	69996384	protein_coding	ENSMUSG00000036180	-	Gatad2a	895
896	Gm7730	chr8	70010549	70011002	processed_pseudogene	ENSMUSG00000110545	-	Gm7730	896
897	Mau2	chr8	70016123	70042734	protein_coding	ENSMUSG00000031858	-	Mau2	897
898	Sugp1	chr8	70042813	70072347	protein_coding	ENSMUSG00000011306	+	Sugp1	898
899	Tm6sf2	chr8	70072924	70080066	protein_coding	ENSMUSG00000036151	+	Tm6sf2	899
900	Hapln4	chr8	70083457	70090862	protein_coding	ENSMUSG00000007594	+	Hapln4	900
901	Ncan	chr8	70093085	70120873	protein_coding	ENSMUSG00000002341	-	Ncan	901
902	Rfxank	chr8	70130794	70139154	protein_coding	ENSMUSG00000036120	-	Rfxank	902
903	Nr2c2ap	chr8	70131333	70133749	protein_coding	ENSMUSG00000071078	+	Nr2c2ap	903
904	Borcs8	chr8	70139499	70147319	protein_coding	ENSMUSG00000002345	+	Borcs8	904
905	Mef2b	chr8	70139711	70167488	protein_coding	ENSMUSG00000079033	+	Mef2b	905
906	Tmem161a	chr8	70172356	70183681	protein_coding	ENSMUSG00000002342	+	Tmem161a	906
907	Slc25a42	chr8	70184340	70212305	protein_coding	ENSMUSG00000002346	-	Slc25a42	907
908	Armc6	chr8	70220172	70234466	protein_coding	ENSMUSG00000002343	-	Armc6	908
909	Sugp2	chr8	70234226	70279915	protein_coding	ENSMUSG00000036054	+	Sugp2	909
910	Homer3	chr8	70282827	70294361	protein_coding	ENSMUSG00000003573	+	Homer3	910
911	Ddx49	chr8	70292866	70302489	protein_coding	ENSMUSG00000057788	-	Ddx49	911
912	Cope	chr8	70302518	70312993	protein_coding	ENSMUSG00000055681	+	Cope	912
913	Cers1	chr8	70315775	70331592	protein_coding	ENSMUSG00000087408	+	Cers1	913
914	Gdf1	chr8	70329817	70331587	protein_coding	ENSMUSG00000109523	+	Gdf1	914
915	Upf1	chr8	70331525	70353278	protein_coding	ENSMUSG00000058301	-	Upf1	915
916	Comp	chr8	70373558	70382066	protein_coding	ENSMUSG00000031849	+	Comp	916
917	Crtc1	chr8	70382355	70439579	protein_coding	ENSMUSG00000003575	-	Crtc1	917
918	Klhl26	chr8	70450219	70476968	protein_coding	ENSMUSG00000055707	-	Klhl26	918
919	Tmem59l	chr8	70483867	70487358	protein_coding	ENSMUSG00000035964	-	Tmem59l	919
920	Crlf1	chr8	70493158	70504081	protein_coding	ENSMUSG00000007888	+	Crlf1	920
921	Rex1bd	chr8	70504292	70506752	protein_coding	ENSMUSG00000058833	-	Rex1bd	921
922	Uba52	chr8	70508263	70510801	protein_coding	ENSMUSG00000090137	-	Uba52	922
923	Kxd1	chr8	70508272	70527956	protein_coding	ENSMUSG00000055553	-	Kxd1	923
924	Fkbp8	chr8	70527724	70535328	protein_coding	ENSMUSG00000019428	+	Fkbp8	924
925	Ell	chr8	70539457	70592858	protein_coding	ENSMUSG00000070002	+	Ell	925
926	Isyna1	chr8	70594373	70597290	protein_coding	ENSMUSG00000019139	+	Isyna1	926
927	Ssbp4	chr8	70597490	70608872	protein_coding	ENSMUSG00000070003	-	Ssbp4	927
928	Gm45546	chr8	70610425	70612818	TEC	ENSMUSG00000110030	+	Gm45546	928
929	Lrrc25	chr8	70616155	70621483	protein_coding	ENSMUSG00000049988	+	Lrrc25	929
930	Pgpep1	chr8	70646435	70660388	protein_coding	ENSMUSG00000056204	-	Pgpep1	930
931	Lsm4	chr8	70673248	70678752	protein_coding	ENSMUSG00000031848	+	Lsm4	931
932	Jund	chr8	70698949	70700616	protein_coding	ENSMUSG00000071076	+	Jund	932
933	Iqcn	chr8	70703457	70717650	protein_coding	ENSMUSG00000110622	+	Iqcn	933
934	Gm3336	chr8	70718543	70722634	protein_coding	ENSMUSG00000095026	+	Gm3336	934
935	Pde4c	chr8	70723720	70751186	protein_coding	ENSMUSG00000031842	+	Pde4c	935
936	Rab3a	chr8	70754679	70758677	protein_coding	ENSMUSG00000031840	+	Rab3a	936
937	Mpv17l2	chr8	70758649	70760946	protein_coding	ENSMUSG00000035559	-	Mpv17l2	937
938	Ifi30	chr8	70762774	70766663	lncRNA	ENSMUSG00000031838	-	Ifi30	938
939	6330537M06Rik	chr8	70766579	70768220	TEC	ENSMUSG00000110575	+	6330537M06Rik	939
940	Pik3r2	chr8	70768176	70776713	protein_coding	ENSMUSG00000031834	-	Pik3r2	940
941	2010320M18Rik	chr8	70776815	70777823	lncRNA	ENSMUSG00000100691	+	2010320M18Rik	941
942	Mast3	chr8	70778117	70805054	protein_coding	ENSMUSG00000031833	-	Mast3	942
943	Il12rb1	chr8	70808449	70821424	protein_coding	ENSMUSG00000000791	+	Il12rb1	943
944	Arrdc2	chr8	70835129	70839720	protein_coding	ENSMUSG00000002910	-	Arrdc2	944
945	Kcnn1	chr8	70842049	70863258	protein_coding	ENSMUSG00000002908	-	Kcnn1	945
946	A230052G05Rik	chr8	70863127	70865428	TEC	ENSMUSG00000020887	+	A230052G05Rik	946
947	Ccdc124	chr8	70868227	70873935	protein_coding	ENSMUSG00000007721	-	Ccdc124	947
948	Slc5a5	chr8	70882889	70892757	protein_coding	ENSMUSG00000000792	-	Slc5a5	948
949	Rpl18a	chr8	70894722	70897412	protein_coding	ENSMUSG00000045128	-	Rpl18a	949
950	Mir7067	chr8	70895508	70895570	miRNA	ENSMUSG00000098710	-	Mir7067	950
951	Snora68	chr8	70895759	70895889	snoRNA	ENSMUSG00000077563	-	Snora68	951
952	Map1s	chr8	70905932	70917529	protein_coding	ENSMUSG00000019261	+	Map1s	952
953	Gm10654	chr8	70931405	70933037	TEC	ENSMUSG00000074252	+	Gm10654	953
954	1700026F02Rik	chr8	70948246	71085758	lncRNA	ENSMUSG00000101854	-	1700026F02Rik	954
955	Gm35256	chr8	71026792	71126576	lncRNA	ENSMUSG00000110554	+	Gm35256	955
956	Gm27628	chr8	71119342	71119448	miRNA	ENSMUSG00000098594	+	Gm27628	956
957	Haus8	chr8	71248561	71272934	protein_coding	ENSMUSG00000035439	-	Haus8	957
958	Myo9b	chr8	71272714	71360713	protein_coding	ENSMUSG00000004677	+	Myo9b	958
959	Use1	chr8	71366848	71369732	protein_coding	ENSMUSG00000002395	+	Use1	959
960	Ocel1	chr8	71371298	71379361	protein_coding	ENSMUSG00000002396	+	Ocel1	960
961	Nr2f6	chr8	71374123	71381960	protein_coding	ENSMUSG00000002393	-	Nr2f6	961
962	Ushbp1	chr8	71384272	71395802	protein_coding	ENSMUSG00000034911	-	Ushbp1	962
963	Babam1	chr8	71396861	71404619	protein_coding	ENSMUSG00000031820	+	Babam1	963
964	Ankle1	chr8	71406010	71409904	protein_coding	ENSMUSG00000046295	+	Ankle1	964
965	Abhd8	chr8	71456705	71463655	protein_coding	ENSMUSG00000007950	-	Abhd8	965
966	Mrpl34	chr8	71464959	71465747	protein_coding	ENSMUSG00000034880	+	Mrpl34	966
967	Dda1	chr8	71469199	71476098	protein_coding	ENSMUSG00000074247	+	Dda1	967
968	Ano8	chr8	71476019	71485963	protein_coding	ENSMUSG00000034863	-	Ano8	968
969	Gtpbp3	chr8	71488103	71499583	protein_coding	ENSMUSG00000007610	+	Gtpbp3	969
970	Plvap	chr8	71497765	71511752	protein_coding	ENSMUSG00000034845	-	Plvap	970
971	Ccdc194	chr8	71520120	71525711	protein_coding	ENSMUSG00000108900	-	Ccdc194	971
972	Gm7850	chr8	71523574	71524285	processed_pseudogene	ENSMUSG00000110619	+	Gm7850	972
973	Bst2	chr8	71534255	71537456	protein_coding	ENSMUSG00000046718	-	Bst2	973
974	Mvb12a	chr8	71542922	71548085	protein_coding	ENSMUSG00000031813	+	Mvb12a	974
975	Tmem221	chr8	71554238	71558871	protein_coding	ENSMUSG00000043664	-	Tmem221	975
976	Nxnl1	chr8	71560555	71566601	protein_coding	ENSMUSG00000034829	-	Nxnl1	976
977	Slc27a1	chr8	71568882	71587302	protein_coding	ENSMUSG00000031808	+	Slc27a1	977
978	Pgls	chr8	71592176	71601092	protein_coding	ENSMUSG00000031807	+	Pgls	978
979	Fam129c	chr8	71597648	71607936	protein_coding	ENSMUSG00000043243	+	Fam129c	979
980	Colgalt1	chr8	71610998	71624911	protein_coding	ENSMUSG00000034807	+	Colgalt1	980
981	Unc13a	chr8	71624417	71671757	protein_coding	ENSMUSG00000034799	-	Unc13a	981
982	Mir6769b	chr8	71631047	71631106	miRNA	ENSMUSG00000098976	-	Mir6769b	982
983	Jak3	chr8	71676296	71690575	protein_coding	ENSMUSG00000031805	+	Jak3	983
984	Insl3	chr8	71689214	71690575	protein_coding	ENSMUSG00000079019	+	Insl3	984
985	B3gnt3	chr8	71690756	71701789	protein_coding	ENSMUSG00000031803	-	B3gnt3	985
986	Fcho1	chr8	71708387	71725716	protein_coding	ENSMUSG00000070000	-	Fcho1	986
987	Gm35572	chr8	71752026	71781322	lncRNA	ENSMUSG00000110462	-	Gm35572	987
988	Gm5373	chr8	71824641	71857281	transcribed_unprocessed_pseudogene	ENSMUSG00000110685	-	Gm5373	988
989	Zfp709	chr8	71882019	71895727	protein_coding	ENSMUSG00000056019	+	Zfp709	989
990	Zfp882	chr8	71908608	71916354	protein_coding	ENSMUSG00000089857	+	Zfp882	990
991	Zfp617	chr8	71908635	71934629	protein_coding	ENSMUSG00000066880	+	Zfp617	991
992	Ccnb2-ps	chr8	71916556	71918851	transcribed_processed_pseudogene	ENSMUSG00000083718	-	Ccnb2-ps	992
993	Zfp961	chr8	71951038	71993792	protein_coding	ENSMUSG00000052446	+	Zfp961	993
994	Gm45694	chr8	71983903	71987153	TEC	ENSMUSG00000110529	+	Gm45694	994
995	Cyp4f18	chr8	71988482	72009626	protein_coding	ENSMUSG00000003484	-	Cyp4f18	995
996	Gm18924	chr8	72036069	72036588	processed_pseudogene	ENSMUSG00000110643	-	Gm18924	996
997	Olfr372	chr8	72041218	72060630	protein_coding	ENSMUSG00000069998	+	Olfr372	997
998	Olfr373	chr8	72083177	72103084	protein_coding	ENSMUSG00000061561	+	Olfr373	998
999	Olfr374	chr8	72107040	72118200	protein_coding	ENSMUSG00000046881	+	Olfr374	999
1000	Tpm4	chr8	72130174	72153142	protein_coding	ENSMUSG00000031799	+	Tpm4	1000
1001	Gm26586	chr8	72137389	72140820	lncRNA	ENSMUSG00000097472	-	Gm26586	1001
1002	Gm16091	chr8	72147601	72160855	lncRNA	ENSMUSG00000087502	-	Gm16091	1002
1003	Rab8a	chr8	72161200	72183904	protein_coding	ENSMUSG00000003037	+	Rab8a	1003
1004	Hsh2d	chr8	72189638	72201527	protein_coding	ENSMUSG00000062007	+	Hsh2d	1004
1005	Cib3	chr8	72204335	72212996	protein_coding	ENSMUSG00000074240	-	Cib3	1005
1006	Gm11034	chr8	72213494	72213636	protein_coding	ENSMUSG00000079016	-	Gm11034	1006
1007	Fam32a	chr8	72219730	72224418	protein_coding	ENSMUSG00000003039	+	Fam32a	1007
1008	Ap1m1	chr8	72240018	72257385	protein_coding	ENSMUSG00000003033	+	Ap1m1	1008
1009	Gm10282	chr8	72304110	72305260	protein_coding	ENSMUSG00000070713	-	Gm10282	1009
1010	Klf2	chr8	72319033	72321656	protein_coding	ENSMUSG00000055148	+	Klf2	1010
1011	Eps15l1	chr8	72340999	72421460	protein_coding	ENSMUSG00000006276	-	Eps15l1	1011
1012	Gm45779	chr8	72417409	72421472	TEC	ENSMUSG00000110558	-	Gm45779	1012
1013	Calr3	chr8	72424176	72443870	protein_coding	ENSMUSG00000019732	-	Calr3	1013
1014	1700030K09Rik	chr8	72443880	72461001	protein_coding	ENSMUSG00000052794	+	1700030K09Rik	1014
1015	Cherp	chr8	72460489	72475226	protein_coding	ENSMUSG00000052488	-	Cherp	1015
1016	Slc35e1	chr8	72480641	72492614	protein_coding	ENSMUSG00000019731	-	Slc35e1	1016
1017	Gm17435	chr8	72492934	72505499	lncRNA	ENSMUSG00000097000	+	Gm17435	1017
1018	Med26	chr8	72494561	72548270	protein_coding	ENSMUSG00000045248	-	Med26	1018
1019	Gm18646	chr8	72515358	72516420	processed_pseudogene	ENSMUSG00000110446	+	Gm18646	1019
1020	Gm35857	chr8	72531031	72531208	processed_pseudogene	ENSMUSG00000110532	+	Gm35857	1020
1021	Gm28019	chr8	72541480	72541580	miRNA	ENSMUSG00000094041	-	Gm28019	1021
1022	Smim7	chr8	72565188	72571088	protein_coding	ENSMUSG00000044600	-	Smim7	1022
1023	Tmem38a	chr8	72572055	72587282	protein_coding	ENSMUSG00000031791	+	Tmem38a	1023
1024	Nwd1	chr8	72646711	72717876	protein_coding	ENSMUSG00000048148	+	Nwd1	1024
1025	Gm26237	chr8	72684314	72684438	miRNA	ENSMUSG00000093276	+	Gm26237	1025
1026	Sin3b	chr8	72723285	72758201	protein_coding	ENSMUSG00000031622	+	Sin3b	1026
1027	F2rl3	chr8	72761880	72763874	protein_coding	ENSMUSG00000050147	+	F2rl3	1027
1028	Gm45705	chr8	72765481	72767614	TEC	ENSMUSG00000110481	+	Gm45705	1028
1029	Gm45706	chr8	72765481	72767616	TEC	ENSMUSG00000110696	-	Gm45706	1029
1030	Gm45704	chr8	72771658	72784333	unprocessed_pseudogene	ENSMUSG00000110585	-	Gm45704	1030
1031	Gm45791	chr8	72795136	72795487	processed_pseudogene	ENSMUSG00000110563	-	Gm45791	1031
1032	Large1	chr8	72814599	73353540	protein_coding	ENSMUSG00000004383	-	Large1	1032
1033	Mir28b	chr8	73016512	73016591	miRNA	ENSMUSG00000093140	+	Mir28b	1033
1034	Gm22532	chr8	73175119	73175258	snoRNA	ENSMUSG00000089447	-	Gm22532	1034
1035	Gm7943	chr8	73436571	73437604	processed_pseudogene	ENSMUSG00000110450	-	Gm7943	1035
1036	Crry-ps	chr8	73749475	73750783	processed_pseudogene	ENSMUSG00000047657	-	Crry-ps	1036
1037	Gm45821	chr8	74081645	74093684	lncRNA	ENSMUSG00000110703	-	Gm45821	1037
1038	Gm11033	chr8	74590987	74833947	lncRNA	ENSMUSG00000079011	-	Gm11033	1038
1039	Isx	chr8	74873173	74893506	protein_coding	ENSMUSG00000031621	+	Isx	1039
1040	Hmgxb4	chr8	74993356	75031978	protein_coding	ENSMUSG00000034518	+	Hmgxb4	1040
1041	Gm45822	chr8	75024097	75033941	lncRNA	ENSMUSG00000110593	-	Gm45822	1041
1042	Tom1	chr8	75033705	75070121	protein_coding	ENSMUSG00000042870	+	Tom1	1042
1043	Gm45820	chr8	75037434	75045246	lncRNA	ENSMUSG00000110433	-	Gm45820	1043
1044	Hmox1	chr8	75093621	75100589	protein_coding	ENSMUSG00000005413	+	Hmox1	1044
1045	Mcm5	chr8	75109569	75128439	protein_coding	ENSMUSG00000005410	+	Mcm5	1045
1046	Gm45899	chr8	75176458	75177733	lncRNA	ENSMUSG00000110693	+	Gm45899	1046
1047	Gm45903	chr8	75201439	75210042	lncRNA	ENSMUSG00000110640	+	Gm45903	1047
1048	Rasd2	chr8	75213944	75224113	protein_coding	ENSMUSG00000034472	+	Rasd2	1048
1049	Gm9644	chr8	75274482	75275664	processed_pseudogene	ENSMUSG00000110515	-	Gm9644	1049
1050	Umpk-ps	chr8	75383802	75384628	processed_pseudogene	ENSMUSG00000110543	+	Umpk-ps	1050
1051	Gm7984	chr8	75398511	75399048	processed_pseudogene	ENSMUSG00000049891	+	Gm7984	1051
1052	Gm10358	chr8	75405340	75406589	protein_coding	ENSMUSG00000110469	-	Gm10358	1052
1053	Iqcm	chr8	75448694	75984503	protein_coding	ENSMUSG00000031620	+	Iqcm	1053
1054	Gm7901	chr8	75711600	75713196	processed_pseudogene	ENSMUSG00000101431	-	Gm7901	1054
1055	Gm45740	chr8	75992509	76415040	lncRNA	ENSMUSG00000110485	-	Gm45740	1055
1056	Gm45741	chr8	76010026	76011139	lncRNA	ENSMUSG00000110603	+	Gm45741	1056
1057	Gm22509	chr8	76274344	76274450	snRNA	ENSMUSG00000064709	-	Gm22509	1057
1058	Gm45798	chr8	76289516	76296013	lncRNA	ENSMUSG00000110655	+	Gm45798	1058
1059	Gm7069	chr8	76293972	76294979	processed_pseudogene	ENSMUSG00000098215	+	Gm7069	1059
1060	Gm7990	chr8	76395132	76395724	processed_pseudogene	ENSMUSG00000110595	-	Gm7990	1060
1061	Gm10649	chr8	76605226	76900621	lncRNA	ENSMUSG00000074235	-	Gm10649	1061
1062	Gm5353	chr8	76862256	76863048	processed_pseudogene	ENSMUSG00000087321	-	Gm5353	1062
1063	Nr3c2	chr8	76899442	77245012	protein_coding	ENSMUSG00000031618	+	Nr3c2	1063
1064	Arhgap10	chr8	77250366	77517953	protein_coding	ENSMUSG00000037148	-	Arhgap10	1064
1065	4933421D24Rik	chr8	77305533	77313299	lncRNA	ENSMUSG00000110410	+	4933421D24Rik	1065
1066	Gm45285	chr8	77331970	77336922	lncRNA	ENSMUSG00000109732	+	Gm45285	1066
1067	Gm45407	chr8	77368841	77372516	TEC	ENSMUSG00000109873	-	Gm45407	1067
1068	0610038B21Rik	chr8	77517056	77523898	lncRNA	ENSMUSG00000097882	+	0610038B21Rik	1068
1069	Prmt9	chr8	77549397	77581338	protein_coding	ENSMUSG00000037134	+	Prmt9	1069
1070	Gm45286	chr8	77574219	77575568	TEC	ENSMUSG00000109787	+	Gm45286	1070
1071	Tmem184c	chr8	77595982	77610698	protein_coding	ENSMUSG00000031617	-	Tmem184c	1071
1072	4933431K23Rik	chr8	77610860	77769682	lncRNA	ENSMUSG00000086451	+	4933431K23Rik	1072
1073	1700092C02Rik	chr8	77624172	77628957	lncRNA	ENSMUSG00000086781	+	1700092C02Rik	1073
1074	Gm45714	chr8	77659691	77662412	TEC	ENSMUSG00000109866	+	Gm45714	1074
1075	Ednra	chr8	77663031	77724464	protein_coding	ENSMUSG00000031616	-	Ednra	1075
1076	Gm29895	chr8	78044010	78055473	lncRNA	ENSMUSG00000110382	+	Gm29895	1076
1077	Ttc29	chr8	78213297	78394326	protein_coding	ENSMUSG00000037101	+	Ttc29	1077
1078	Pou4f2	chr8	78433010	78436645	protein_coding	ENSMUSG00000031688	-	Pou4f2	1078
1079	Gm2225	chr8	78486034	78486410	processed_pseudogene	ENSMUSG00000110057	-	Gm2225	1079
1080	Rbmxl1	chr8	78505269	78508898	protein_coding	ENSMUSG00000037070	-	Rbmxl1	1080
1081	Slc10a7	chr8	78509346	78734003	protein_coding	ENSMUSG00000031684	+	Slc10a7	1081
1082	Gm2253	chr8	78604294	78604707	processed_pseudogene	ENSMUSG00000110244	+	Gm2253	1082
1083	Gm47209	chr8	78754916	78774545	unitary_pseudogene	ENSMUSG00000112190	-	Gm47209	1083
1084	Lsm6	chr8	78804865	78821140	protein_coding	ENSMUSG00000031683	-	Lsm6	1084
1085	Gm45326	chr8	78950851	78953914	lncRNA	ENSMUSG00000110094	-	Gm45326	1085
1086	Gm39204	chr8	78953926	79014119	lncRNA	ENSMUSG00000109583	+	Gm39204	1086
1087	Zfp827	chr8	79028437	79193766	protein_coding	ENSMUSG00000071064	+	Zfp827	1087
1088	1700011L22Rik	chr8	79210431	79248570	protein_coding	ENSMUSG00000031682	-	1700011L22Rik	1088
1089	Gm30329	chr8	79225930	79233224	lncRNA	ENSMUSG00000110388	+	Gm30329	1089
1090	Mmaa	chr8	79263598	79294937	protein_coding	ENSMUSG00000037022	-	Mmaa	1090
1091	Gm4890	chr8	79295123	79308961	lncRNA	ENSMUSG00000097174	+	Gm4890	1091
1092	Smad1	chr8	79338395	79399518	protein_coding	ENSMUSG00000031681	-	Smad1	1092
1093	Gm45601	chr8	79404148	79411216	lncRNA	ENSMUSG00000109945	+	Gm45601	1093
1094	Gm45602	chr8	79491142	79499737	lncRNA	ENSMUSG00000109774	+	Gm45602	1094
1095	Gm8077	chr8	79497155	79498178	processed_pseudogene	ENSMUSG00000109591	-	Gm8077	1095
1096	Otud4	chr8	79639618	79677724	protein_coding	ENSMUSG00000036990	+	Otud4	1096
1097	Tpd52-ps	chr8	79680284	79680806	processed_pseudogene	ENSMUSG00000094594	-	Tpd52-ps	1097
1098	Abce1	chr8	79683462	79711740	protein_coding	ENSMUSG00000058355	-	Abce1	1098
1099	Gm27006	chr8	79705597	79706539	processed_pseudogene	ENSMUSG00000098101	+	Gm27006	1099
1100	Anapc10	chr8	79711820	79779059	protein_coding	ENSMUSG00000036977	+	Anapc10	1100
1101	Gm45435	chr8	79747267	79752413	lncRNA	ENSMUSG00000110202	-	Gm45435	1101
1102	Hhip	chr8	79965851	80058006	protein_coding	ENSMUSG00000064325	-	Hhip	1102
1103	Gm5909	chr8	80110806	80112086	processed_pseudogene	ENSMUSG00000082491	-	Gm5909	1103
1104	Gm45431	chr8	80128194	80138667	lncRNA	ENSMUSG00000109593	-	Gm45431	1104
1105	Gm45430	chr8	80195199	80197656	lncRNA	ENSMUSG00000110294	+	Gm45430	1105
1106	Gypa	chr8	80493781	80510542	protein_coding	ENSMUSG00000051839	+	Gypa	1106
1107	4930505O20Rik	chr8	80511842	80514473	lncRNA	ENSMUSG00000086912	-	4930505O20Rik	1107
1108	Frem3	chr8	80611080	80695356	protein_coding	ENSMUSG00000042353	+	Frem3	1108
1109	Smarca5	chr8	80698507	80739497	protein_coding	ENSMUSG00000031715	-	Smarca5	1109
1110	Gm45872	chr8	80727554	80729137	TEC	ENSMUSG00000110142	-	Gm45872	1110
1111	Gab1	chr8	80764438	80880519	protein_coding	ENSMUSG00000031714	-	Gab1	1111
1112	Gm27048	chr8	80933534	80938667	lncRNA	ENSMUSG00000098001	-	Gm27048	1112
1113	Usp38	chr8	80980733	81014928	protein_coding	ENSMUSG00000038250	-	Usp38	1113
1114	Gm9725	chr8	81013576	81061195	lncRNA	ENSMUSG00000037982	+	Gm9725	1114
1115	Gm45538	chr8	81061334	81069803	lncRNA	ENSMUSG00000109980	+	Gm45538	1115
1116	Gm5354	chr8	81308177	81309149	processed_pseudogene	ENSMUSG00000097949	-	Gm5354	1116
1117	Inpp4b	chr8	81342556	82127914	protein_coding	ENSMUSG00000037940	+	Inpp4b	1117
1118	4930579O11Rik	chr8	81665876	81667118	lncRNA	ENSMUSG00000090732	-	4930579O11Rik	1118
1119	Gm17169	chr8	81790558	81790908	processed_pseudogene	ENSMUSG00000090584	-	Gm17169	1119
1120	Gm9520	chr8	82160623	82165639	processed_pseudogene	ENSMUSG00000109664	+	Gm9520	1120
1121	Gm38590	chr8	82184799	82207535	lncRNA	ENSMUSG00000110045	-	Gm38590	1121
1122	Il15	chr8	82331632	82403222	protein_coding	ENSMUSG00000031712	-	Il15	1122
1123	Gm25138	chr8	82409091	82409226	snoRNA	ENSMUSG00000065182	+	Gm25138	1123
1124	Gm9655	chr8	82747616	82757987	processed_pseudogene	ENSMUSG00000109893	+	Gm9655	1124
1125	Zfp330	chr8	82763607	82774160	protein_coding	ENSMUSG00000031711	-	Zfp330	1125
1126	Gm31545	chr8	82796146	82803361	lncRNA	ENSMUSG00000109643	-	Gm31545	1126
1127	Rnf150	chr8	82863356	83091268	protein_coding	ENSMUSG00000047747	+	Rnf150	1127
1128	Gm18212	chr8	82952512	82953400	processed_pseudogene	ENSMUSG00000109600	+	Gm18212	1128
1129	Gm45449	chr8	83082258	83086957	lncRNA	ENSMUSG00000109876	-	Gm45449	1129
1130	Gm10645	chr8	83165081	83166170	TEC	ENSMUSG00000074228	-	Gm10645	1130
1131	Tbc1d9	chr8	83165352	83272934	protein_coding	ENSMUSG00000031709	+	Tbc1d9	1131
1132	Gm17999	chr8	83267086	83267627	processed_pseudogene	ENSMUSG00000110422	+	Gm17999	1132
1133	Ucp1	chr8	83290352	83298452	protein_coding	ENSMUSG00000031710	+	Ucp1	1133
1134	Elmod2	chr8	83312632	83332486	protein_coding	ENSMUSG00000035151	-	Elmod2	1134
1135	Mgat4d	chr8	83348471	83382320	protein_coding	ENSMUSG00000035057	+	Mgat4d	1135
1136	Clgn	chr8	83389867	83428552	protein_coding	ENSMUSG00000002190	+	Clgn	1136
1137	Scoc	chr8	83430084	83458391	protein_coding	ENSMUSG00000063253	-	Scoc	1137
1138	Gm5910	chr8	83477471	83479216	processed_pseudogene	ENSMUSG00000110617	-	Gm5910	1138
1139	Olfr370	chr8	83535780	83545227	protein_coding	ENSMUSG00000047286	+	Olfr370	1139
1140	Ndufb7	chr8	83566671	83571626	protein_coding	ENSMUSG00000033938	+	Ndufb7	1140
1141	Tecr	chr8	83571698	83607971	protein_coding	ENSMUSG00000031708	-	Tecr	1141
1142	D830024N08Rik	chr8	83576044	83585919	lncRNA	ENSMUSG00000110580	+	D830024N08Rik	1142
1143	Gm45823	chr8	83584087	83585525	lncRNA	ENSMUSG00000110471	-	Gm45823	1143
1144	Gm18001	chr8	83600013	83600700	processed_pseudogene	ENSMUSG00000110690	+	Gm18001	1144
1145	Dnajb1	chr8	83608193	83612653	protein_coding	ENSMUSG00000005483	+	Dnajb1	1145
1146	Gipc1	chr8	83652677	83664694	protein_coding	ENSMUSG00000019433	+	Gipc1	1146
1147	Pkn1	chr8	83666536	83699179	protein_coding	ENSMUSG00000057672	-	Pkn1	1147
1148	Ptger1	chr8	83666678	83672753	protein_coding	ENSMUSG00000019464	+	Ptger1	1148
1149	Ddx39	chr8	83715177	83726892	protein_coding	ENSMUSG00000005481	+	Ddx39	1149
1150	Adgre5	chr8	83723251	83741326	protein_coding	ENSMUSG00000002885	-	Adgre5	1150
1151	Adgrl1	chr8	83900105	83941954	protein_coding	ENSMUSG00000013033	+	Adgrl1	1151
1152	Gm44450	chr8	83929443	83929556	miRNA	ENSMUSG00000105569	-	Gm44450	1152
1153	Gm44330	chr8	83929688	83929830	miRNA	ENSMUSG00000105878	-	Gm44330	1153
1154	Gm10644	chr8	83932329	83955343	lncRNA	ENSMUSG00000074219	-	Gm10644	1154
1155	Asf1b	chr8	83955507	83970197	protein_coding	ENSMUSG00000005470	+	Asf1b	1155
1156	Prkaca	chr8	83972993	83996443	protein_coding	ENSMUSG00000005469	+	Prkaca	1156
1157	Samd1	chr8	83997672	84000409	protein_coding	ENSMUSG00000079003	+	Samd1	1157
1158	1700067K01Rik	chr8	84001502	84004770	protein_coding	ENSMUSG00000046408	+	1700067K01Rik	1158
1159	Mir8111	chr8	84005628	84005764	miRNA	ENSMUSG00000098823	+	Mir8111	1159
1160	Palm3	chr8	84021471	84030295	protein_coding	ENSMUSG00000047986	+	Palm3	1160
1161	Il27ra	chr8	84030294	84042589	protein_coding	ENSMUSG00000005465	-	Il27ra	1161
1162	Rln3	chr8	84042929	84045000	protein_coding	ENSMUSG00000045232	-	Rln3	1162
1163	C330011M18Rik	chr8	84065236	84067287	lncRNA	ENSMUSG00000056753	-	C330011M18Rik	1163
1164	Rfx1	chr8	84066834	84096992	protein_coding	ENSMUSG00000031706	+	Rfx1	1164
1165	Dcaf15	chr8	84097072	84104768	protein_coding	ENSMUSG00000037103	-	Dcaf15	1165
1166	Podnl1	chr8	84125989	84132527	protein_coding	ENSMUSG00000012889	+	Podnl1	1166
1167	Cc2d1a	chr8	84132828	84147936	protein_coding	ENSMUSG00000036686	-	Cc2d1a	1167
1168	4930432K21Rik	chr8	84148025	84172590	protein_coding	ENSMUSG00000008129	+	4930432K21Rik	1168
1169	Nanos3	chr8	84173731	84185217	protein_coding	ENSMUSG00000056155	-	Nanos3	1169
1170	Mir181c	chr8	84178873	84178961	miRNA	ENSMUSG00000065483	-	Mir181c	1170
1171	Gm26887	chr8	84192774	84197667	lncRNA	ENSMUSG00000097120	-	Gm26887	1171
1172	Gm37352	chr8	84200869	84203049	TEC	ENSMUSG00000103593	+	Gm37352	1172
1173	Gm26532	chr8	84208920	84209609	lncRNA	ENSMUSG00000097296	+	Gm26532	1173
1174	Zswim4	chr8	84210678	84237055	protein_coding	ENSMUSG00000035671	-	Zswim4	1174
1175	D8Ertd738e	chr8	84246238	84249719	protein_coding	ENSMUSG00000019362	-	D8Ertd738e	1175
1176	Mri1	chr8	84249906	84257326	protein_coding	ENSMUSG00000004996	-	Mri1	1176
1177	Ccdc130	chr8	84257795	84270380	protein_coding	ENSMUSG00000004994	-	Ccdc130	1177
1178	Gm45608	chr8	84302963	84303733	processed_pseudogene	ENSMUSG00000109653	-	Gm45608	1178
1179	Cacna1a	chr8	84338639	84640246	protein_coding	ENSMUSG00000034656	+	Cacna1a	1179
1180	Gm23626	chr8	84380449	84380581	snoRNA	ENSMUSG00000064392	-	Gm23626	1180
1181	Gm16183	chr8	84611202	84617184	lncRNA	ENSMUSG00000086067	-	Gm16183	1181
1182	Ier2	chr8	84661331	84662854	protein_coding	ENSMUSG00000053560	-	Ier2	1182
1183	AC145556.1	chr8	84665445	84668745	unitary_pseudogene	ENSMUSG00000118487	+	AC145556.1	1183
1184	Nacc1	chr8	84670479	84687902	protein_coding	ENSMUSG00000001910	-	Nacc1	1184
1185	Trmt1	chr8	84686307	84699808	protein_coding	ENSMUSG00000001909	+	Trmt1	1185
1186	Nfix	chr8	84699876	84800344	protein_coding	ENSMUSG00000001911	-	Nfix	1186
1187	Lyl1	chr8	84701449	84704940	protein_coding	ENSMUSG00000034041	+	Lyl1	1187
1188	G430095P16Rik	chr8	84723007	84726844	protein_coding	ENSMUSG00000074203	+	G430095P16Rik	1188
1189	Dand5	chr8	84815404	84832409	protein_coding	ENSMUSG00000053226	-	Dand5	1189
1190	Gadd45gip1	chr8	84831522	84835482	protein_coding	ENSMUSG00000033751	+	Gadd45gip1	1190
1191	Rad23a	chr8	84834019	84840665	protein_coding	ENSMUSG00000003813	-	Rad23a	1191
1192	Calr	chr8	84841850	84846934	protein_coding	ENSMUSG00000003814	-	Calr	1192
1193	1700122E12Rik	chr8	84847188	84848415	lncRNA	ENSMUSG00000087685	+	1700122E12Rik	1193
1194	Farsa	chr8	84856989	84869257	protein_coding	ENSMUSG00000003808	+	Farsa	1194
1195	Syce2	chr8	84872111	84888221	protein_coding	ENSMUSG00000003824	+	Syce2	1195
1196	Gcdh	chr8	84886393	84893921	protein_coding	ENSMUSG00000003809	-	Gcdh	1196
1197	Klf1	chr8	84901928	84905291	protein_coding	ENSMUSG00000054191	+	Klf1	1197
1198	Dnase2a	chr8	84908560	84922915	protein_coding	ENSMUSG00000003812	+	Dnase2a	1198
1199	Mast1	chr8	84911903	84937359	protein_coding	ENSMUSG00000053693	-	Mast1	1199
1200	Rtbdn	chr8	84946991	84956603	protein_coding	ENSMUSG00000048617	+	Rtbdn	1200
1201	Rnaseh2a	chr8	84956610	84969767	protein_coding	ENSMUSG00000052926	-	Rnaseh2a	1201
1202	Gm49661	chr8	84967678	84969433	protein_coding	ENSMUSG00000111184	-	Gm49661	1202
1203	Prdx2	chr8	84969587	84974834	protein_coding	ENSMUSG00000005161	+	Prdx2	1203
1204	Junb	chr8	84974484	84978718	protein_coding	ENSMUSG00000052837	-	Junb	1204
1205	Hook2	chr8	84990603	85003349	protein_coding	ENSMUSG00000052566	+	Hook2	1205
1206	Best2	chr8	85007202	85014531	protein_coding	ENSMUSG00000052819	-	Best2	1206
1207	Asna1	chr8	85017931	85025281	protein_coding	ENSMUSG00000052456	-	Asna1	1207
1208	Trir	chr8	85026823	85030286	protein_coding	ENSMUSG00000041203	+	Trir	1208
1209	Tnpo2	chr8	85036915	85057583	protein_coding	ENSMUSG00000031691	+	Tnpo2	1209
1210	A230103J11Rik	chr8	85053160	85060460	lncRNA	ENSMUSG00000087026	-	A230103J11Rik	1210
1211	Fbxw9	chr8	85060055	85067124	protein_coding	ENSMUSG00000008167	+	Fbxw9	1211
1212	Mir7070	chr8	85062086	85062171	miRNA	ENSMUSG00000099076	+	Mir7070	1212
1213	Gm5741	chr8	85067568	85067982	protein_coding	ENSMUSG00000095845	-	Gm5741	1213
1214	Dhps	chr8	85071757	85075162	protein_coding	ENSMUSG00000060038	+	Dhps	1214
1215	Wdr83	chr8	85075035	85081306	protein_coding	ENSMUSG00000005150	-	Wdr83	1215
1216	Wdr83os	chr8	85080740	85082339	protein_coding	ENSMUSG00000059355	+	Wdr83os	1216
1217	Man2b1	chr8	85083270	85098282	protein_coding	ENSMUSG00000005142	+	Man2b1	1217
1218	Zfp791	chr8	85108553	85123095	protein_coding	ENSMUSG00000074194	-	Zfp791	1218
1219	Gm42031	chr8	85125872	85132289	lncRNA	ENSMUSG00000110386	-	Gm42031	1219
1220	Cks1brt	chr8	85151924	85173622	protein_coding	ENSMUSG00000062687	+	Cks1brt	1220
1221	Olfr371	chr8	85225988	85231509	protein_coding	ENSMUSG00000051952	+	Olfr371	1221
1222	Vps35	chr8	85260392	85299802	protein_coding	ENSMUSG00000031696	-	Vps35	1222
1223	Orc6	chr8	85299632	85308278	protein_coding	ENSMUSG00000031697	+	Orc6	1223
1224	Mylk3	chr8	85324303	85386345	protein_coding	ENSMUSG00000031698	-	Mylk3	1224
1225	AA672651	chr8	85339343	85340272	lncRNA	ENSMUSG00000084895	+	AA672651	1225
1226	4921524J17Rik	chr8	85408759	85432833	protein_coding	ENSMUSG00000036934	-	4921524J17Rik	1226
1227	Gm45594	chr8	85414275	85414515	processed_pseudogene	ENSMUSG00000109790	-	Gm45594	1227
1228	1700051O22Rik	chr8	85432686	85433323	TEC	ENSMUSG00000103341	+	1700051O22Rik	1228
1229	Gpt2	chr8	85492576	85527560	protein_coding	ENSMUSG00000031700	+	Gpt2	1229
1230	Dnaja2	chr8	85537633	85555344	protein_coding	ENSMUSG00000031701	-	Dnaja2	1230
1231	Gm45425	chr8	85605462	85610761	lncRNA	ENSMUSG00000109731	+	Gm45425	1231
1232	Neto2	chr8	85636588	85700924	protein_coding	ENSMUSG00000036902	-	Neto2	1232
1233	Itfg1	chr8	85717578	85840921	protein_coding	ENSMUSG00000031703	-	Itfg1	1233
1234	Gm39214	chr8	85730816	85765095	lncRNA	ENSMUSG00000109754	+	Gm39214	1234
1235	Phkb	chr8	85840959	86061376	protein_coding	ENSMUSG00000036879	+	Phkb	1235
1236	Abcc12	chr8	86482260	86580686	protein_coding	ENSMUSG00000036872	-	Abcc12	1236
1237	Lonp2	chr8	86624043	86723873	protein_coding	ENSMUSG00000047866	+	Lonp2	1237
1238	Gm16177	chr8	86659318	86660035	processed_pseudogene	ENSMUSG00000082484	-	Gm16177	1238
1239	Gm22305	chr8	86671236	86671343	snRNA	ENSMUSG00000064624	-	Gm22305	1239
1240	Siah1a	chr8	86724007	86745934	protein_coding	ENSMUSG00000036840	-	Siah1a	1240
1241	Gm10638	chr8	86745453	86748655	lncRNA	ENSMUSG00000074178	+	Gm10638	1241
1242	N4bp1	chr8	86808160	86885258	protein_coding	ENSMUSG00000031652	-	N4bp1	1242
1243	2010110E17Rik	chr8	86885688	86886566	lncRNA	ENSMUSG00000098434	+	2010110E17Rik	1243
1244	Gm27167	chr8	86902453	86919422	lncRNA	ENSMUSG00000098534	+	Gm27167	1244
1245	Gm27168	chr8	86920477	86921147	lncRNA	ENSMUSG00000099162	-	Gm27168	1245
1246	Rps13-ps1	chr8	87047689	87048226	processed_pseudogene	ENSMUSG00000066362	+	Rps13-ps1	1246
1247	Gm5118	chr8	87093307	87100987	lncRNA	ENSMUSG00000098854	+	Gm5118	1247
1248	Gm27246	chr8	87114645	87198404	lncRNA	ENSMUSG00000098684	+	Gm27246	1248
1249	Gm10637	chr8	87169747	87199850	lncRNA	ENSMUSG00000099207	-	Gm10637	1249
1250	Gm27169	chr8	87203026	87293504	lncRNA	ENSMUSG00000098257	+	Gm27169	1250
1251	Gm27207	chr8	87354501	87373075	lncRNA	ENSMUSG00000098768	-	Gm27207	1251
1252	Gm19872	chr8	87460469	87463797	lncRNA	ENSMUSG00000098295	+	Gm19872	1252
1253	Gm2694	chr8	87460469	87525554	lncRNA	ENSMUSG00000097248	+	Gm2694	1253
1254	Cbln1	chr8	87468405	87472609	protein_coding	ENSMUSG00000031654	-	Cbln1	1254
1255	Gm27016	chr8	87476055	87495462	lncRNA	ENSMUSG00000097992	-	Gm27016	1255
1256	4933402J07Rik	chr8	87563853	87589424	protein_coding	ENSMUSG00000069971	+	4933402J07Rik	1256
1257	Zfp423	chr8	87661810	87959595	protein_coding	ENSMUSG00000045333	-	Zfp423	1257
1258	Gm2716	chr8	88051511	88070810	unitary_pseudogene	ENSMUSG00000110719	-	Gm2716	1258
1259	Cnep1r1	chr8	88118769	88135110	protein_coding	ENSMUSG00000036810	+	Cnep1r1	1259
1260	Heatr3	chr8	88137855	88172027	protein_coding	ENSMUSG00000031657	+	Heatr3	1260
1261	9430002A10Rik	chr8	88174560	88175034	lncRNA	ENSMUSG00000062704	+	9430002A10Rik	1261
1262	Tent4b	chr8	88199213	88259722	protein_coding	ENSMUSG00000036779	+	Tent4b	1262
1263	Adcy7	chr8	88272403	88329962	protein_coding	ENSMUSG00000031659	+	Adcy7	1263
1264	Brd7	chr8	88331039	88362194	protein_coding	ENSMUSG00000031660	-	Brd7	1264
1265	Gm45497	chr8	88391121	88392228	processed_pseudogene	ENSMUSG00000110280	+	Gm45497	1265
1266	Nkd1	chr8	88521354	88594884	protein_coding	ENSMUSG00000031661	+	Nkd1	1266
1267	Gm45496	chr8	88560033	88562949	TEC	ENSMUSG00000110187	+	Gm45496	1267
1268	Snx20	chr8	88626563	88636128	protein_coding	ENSMUSG00000031662	-	Snx20	1268
1269	Nod2	chr8	88647315	88688474	protein_coding	ENSMUSG00000055994	+	Nod2	1269
1270	Cyld	chr8	88697028	88751945	protein_coding	ENSMUSG00000036712	+	Cyld	1270
1271	Gm17995	chr8	88721079	88721608	processed_pseudogene	ENSMUSG00000109970	-	Gm17995	1271
1272	Gm17910	chr8	88728203	88729040	processed_pseudogene	ENSMUSG00000110299	-	Gm17910	1272
1273	Sall1	chr8	89027235	89044162	protein_coding	ENSMUSG00000031665	-	Sall1	1273
1274	Gm5356	chr8	89186946	89187560	processed_pseudogene	ENSMUSG00000069962	-	Gm5356	1274
1275	Tox3	chr8	90247040	90348343	protein_coding	ENSMUSG00000043668	-	Tox3	1275
1276	Gm45639	chr8	90669805	90674958	lncRNA	ENSMUSG00000109672	-	Gm45639	1276
1277	Gm35850	chr8	90709458	90740775	lncRNA	ENSMUSG00000109870	-	Gm35850	1277
1278	Gm35963	chr8	90759463	90762596	lncRNA	ENSMUSG00000110212	-	Gm35963	1278
1279	Gm44382	chr8	90790826	90790947	miRNA	ENSMUSG00000105321	-	Gm44382	1279
1280	Gm19935	chr8	90816145	90817393	protein_coding	ENSMUSG00000110332	-	Gm19935	1280
1281	Chd9	chr8	90828352	91054516	protein_coding	ENSMUSG00000056608	+	Chd9	1281
1282	Gm45641	chr8	90848034	90849846	lncRNA	ENSMUSG00000110166	-	Gm45641	1282
1283	Gm45640	chr8	90876581	90878476	TEC	ENSMUSG00000109812	+	Gm45640	1283
1284	Gm45643	chr8	90893155	90894638	TEC	ENSMUSG00000109863	+	Gm45643	1284
1285	Gm6658	chr8	90906532	90908416	TEC	ENSMUSG00000074171	-	Gm6658	1285
1286	Rbl2	chr8	91070057	91123844	protein_coding	ENSMUSG00000031666	+	Rbl2	1286
1287	Aktip	chr8	91111784	91199976	protein_coding	ENSMUSG00000031667	-	Aktip	1287
1288	Gm45464	chr8	91113762	91116671	lncRNA	ENSMUSG00000109727	-	Gm45464	1288
1289	Gm45665	chr8	91152207	91152374	processed_pseudogene	ENSMUSG00000110189	+	Gm45665	1289
1290	Gm8489	chr8	91157739	91158890	processed_pseudogene	ENSMUSG00000109755	+	Gm8489	1290
1291	Gm45666	chr8	91160516	91171180	lncRNA	ENSMUSG00000110106	+	Gm45666	1291
1292	Gm36243	chr8	91210570	91224667	lncRNA	ENSMUSG00000110089	+	Gm36243	1292
1293	Rpgrip1l	chr8	91217030	91313262	protein_coding	ENSMUSG00000033282	-	Rpgrip1l	1293
1294	Gm45662	chr8	91258438	91260535	TEC	ENSMUSG00000109828	-	Gm45662	1294
1295	Gm45428	chr8	91305967	91307755	TEC	ENSMUSG00000109956	-	Gm45428	1295
1296	Fto	chr8	91313525	91668439	protein_coding	ENSMUSG00000055932	+	Fto	1296
1297	Gm45427	chr8	91390693	91391945	TEC	ENSMUSG00000110233	-	Gm45427	1297
1298	4831440D22Rik	chr8	91449521	91474598	lncRNA	ENSMUSG00000110138	-	4831440D22Rik	1298
1299	Gm45292	chr8	91450306	91452512	TEC	ENSMUSG00000110079	+	Gm45292	1299
1300	Gm45289	chr8	91493019	91495595	TEC	ENSMUSG00000109642	+	Gm45289	1300
1301	Gm45290	chr8	91528835	91532724	TEC	ENSMUSG00000109709	-	Gm45290	1301
1302	Gm45294	chr8	91579288	91581389	TEC	ENSMUSG00000110068	+	Gm45294	1302
1303	Gm3235	chr8	91621448	91629729	lncRNA	ENSMUSG00000090778	-	Gm3235	1303
1304	Gm45295	chr8	91670852	91671897	TEC	ENSMUSG00000110302	-	Gm45295	1304
1305	Gm9619	chr8	91688374	91689135	processed_pseudogene	ENSMUSG00000110371	-	Gm9619	1305
1306	Gm36325	chr8	91710233	91714413	lncRNA	ENSMUSG00000110216	-	Gm36325	1306
1307	Gm36380	chr8	91788508	91794248	lncRNA	ENSMUSG00000110304	-	Gm36380	1307
1308	Irx3os	chr8	91800415	91807539	lncRNA	ENSMUSG00000046413	+	Irx3os	1308
1309	Gm28515	chr8	91907565	91913066	lncRNA	ENSMUSG00000099812	-	Gm28515	1309
1310	Gm36670	chr8	91974095	91991947	lncRNA	ENSMUSG00000109696	-	Gm36670	1310
1311	Gm36843	chr8	91997594	92009006	lncRNA	ENSMUSG00000110274	+	Gm36843	1311
1312	Gm28516	chr8	92024442	92038438	lncRNA	ENSMUSG00000101613	+	Gm28516	1312
1313	Gm45332	chr8	92152096	92158266	lncRNA	ENSMUSG00000110380	-	Gm45332	1313
1314	Gm45335	chr8	92172587	92189124	lncRNA	ENSMUSG00000110198	+	Gm45335	1314
1315	Gm45334	chr8	92233125	92247959	lncRNA	ENSMUSG00000110134	+	Gm45334	1315
1316	Crnde	chr8	92326033	92356120	lncRNA	ENSMUSG00000031736	-	Crnde	1316
1317	Gm21817	chr8	92336668	92339250	lncRNA	ENSMUSG00000095651	-	Gm21817	1317
1318	Irx5	chr8	92357625	92376286	protein_coding	ENSMUSG00000031737	+	Irx5	1318
1319	Gm45336	chr8	92465767	92469665	lncRNA	ENSMUSG00000110290	+	Gm45336	1319
1320	Irx6	chr8	92674288	92680956	protein_coding	ENSMUSG00000031738	+	Irx6	1320
1321	Gm45505	chr8	92680172	92682194	lncRNA	ENSMUSG00000110023	-	Gm45505	1321
1322	Gm3272	chr8	92715747	92716975	processed_pseudogene	ENSMUSG00000078967	-	Gm3272	1322
1323	Mmp2	chr8	92827291	92853420	protein_coding	ENSMUSG00000031740	+	Mmp2	1323
1324	Gm45472	chr8	92853653	92856334	lncRNA	ENSMUSG00000109669	-	Gm45472	1324
1325	Lpcat2	chr8	92855339	92919279	protein_coding	ENSMUSG00000033192	+	Lpcat2	1325
1326	Slc6a2	chr8	92960079	93001667	protein_coding	ENSMUSG00000055368	+	Slc6a2	1326
1327	Gm45463	chr8	93011619	93041516	lncRNA	ENSMUSG00000109651	+	Gm45463	1327
1328	Ces1a	chr8	93020214	93048192	protein_coding	ENSMUSG00000071047	-	Ces1a	1328
1329	Ces1b	chr8	93056728	93080017	protein_coding	ENSMUSG00000078964	-	Ces1b	1329
1330	Ces1c	chr8	93099015	93131283	protein_coding	ENSMUSG00000057400	-	Ces1c	1330
1331	Gm45910	chr8	93141331	93154116	unprocessed_pseudogene	ENSMUSG00000110714	-	Gm45910	1331
1332	Ces1d	chr8	93166068	93197838	protein_coding	ENSMUSG00000056973	-	Ces1d	1332
1333	Ces1e	chr8	93201218	93229619	protein_coding	ENSMUSG00000061959	-	Ces1e	1333
1334	Gm45727	chr8	93238653	93251175	unprocessed_pseudogene	ENSMUSG00000110659	-	Gm45727	1334
1335	Ces1f	chr8	93256236	93279747	protein_coding	ENSMUSG00000031725	-	Ces1f	1335
1336	Ces1g	chr8	93302369	93337308	protein_coding	ENSMUSG00000057074	-	Ces1g	1336
1337	Ces1h	chr8	93351843	93379725	protein_coding	ENSMUSG00000074156	-	Ces1h	1337
1338	Gm45765	chr8	93363623	93431049	lncRNA	ENSMUSG00000110718	+	Gm45765	1338
1339	Gm45764	chr8	93398905	93403908	lncRNA	ENSMUSG00000110687	+	Gm45764	1339
1340	Gm30132	chr8	93415537	93427628	lncRNA	ENSMUSG00000110670	-	Gm30132	1340
1341	Gm45766	chr8	93430475	93437174	lncRNA	ENSMUSG00000110695	-	Gm45766	1341
1342	Ces5a	chr8	93499064	93535830	protein_coding	ENSMUSG00000058019	-	Ces5a	1342
1343	Gm45708	chr8	93565977	93628624	lncRNA	ENSMUSG00000110534	-	Gm45708	1343
1344	Gm26843	chr8	93646386	93687958	lncRNA	ENSMUSG00000110559	-	Gm26843	1344
1345	Gm30606	chr8	93707015	93719975	lncRNA	ENSMUSG00000110713	-	Gm30606	1345
1346	Gm45786	chr8	93747575	93749852	TEC	ENSMUSG00000110672	-	Gm45786	1346
1347	4930488L21Rik	chr8	93750147	93813722	lncRNA	ENSMUSG00000097520	-	4930488L21Rik	1347
1348	Gnao1	chr8	93809966	93969388	protein_coding	ENSMUSG00000031748	+	Gnao1	1348
1349	Gm24159	chr8	93933835	93933936	miRNA	ENSMUSG00000093005	-	Gm24159	1349
1350	Amfr	chr8	93971588	94012842	protein_coding	ENSMUSG00000031751	-	Amfr	1350
1351	Nudt21	chr8	94015496	94037031	protein_coding	ENSMUSG00000031754	-	Nudt21	1351
1352	Ogfod1	chr8	94037198	94067921	protein_coding	ENSMUSG00000033009	+	Ogfod1	1352
1353	Gm45873	chr8	94048781	94050695	TEC	ENSMUSG00000110499	+	Gm45873	1353
1354	Bbs2	chr8	94067954	94098928	protein_coding	ENSMUSG00000031755	-	Bbs2	1354
1355	Mt4	chr8	94137197	94139031	protein_coding	ENSMUSG00000031757	+	Mt4	1355
1356	Mt3	chr8	94152607	94154146	protein_coding	ENSMUSG00000031760	+	Mt3	1356
1357	Gm45774	chr8	94170748	94173412	lncRNA	ENSMUSG00000110588	-	Gm45774	1357
1358	Mt2	chr8	94172664	94173568	protein_coding	ENSMUSG00000031762	+	Mt2	1358
1359	Mt1	chr8	94179082	94180327	protein_coding	ENSMUSG00000031765	+	Mt1	1359
1360	Nup93	chr8	94214564	94317227	protein_coding	ENSMUSG00000032939	+	Nup93	1360
1361	Rpl10-ps5	chr8	94222993	94223634	processed_pseudogene	ENSMUSG00000110679	+	Rpl10-ps5	1361
1362	Gm45804	chr8	94273426	94276860	TEC	ENSMUSG00000110442	+	Gm45804	1362
1363	C78859	chr8	94322158	94328100	lncRNA	ENSMUSG00000110710	+	C78859	1363
1364	Mir138-2	chr8	94324311	94324381	miRNA	ENSMUSG00000065512	+	Mir138-2	1364
1365	Slc12a3	chr8	94329201	94366214	protein_coding	ENSMUSG00000031766	+	Slc12a3	1365
1366	Gm15889	chr8	94377872	94380317	lncRNA	ENSMUSG00000089712	+	Gm15889	1366
1367	Gm15890	chr8	94379184	94386972	lncRNA	ENSMUSG00000090105	-	Gm15890	1367
1368	Herpud1	chr8	94386438	94395377	protein_coding	ENSMUSG00000031770	+	Herpud1	1368
1369	Ap3s1-ps2	chr8	94405211	94405789	processed_pseudogene	ENSMUSG00000094257	+	Ap3s1-ps2	1369
1370	9330175E14Rik	chr8	94422898	94435103	lncRNA	ENSMUSG00000097194	-	9330175E14Rik	1370
1371	Nlrc5	chr8	94434356	94527272	protein_coding	ENSMUSG00000074151	+	Nlrc5	1371
1372	Cpne2	chr8	94532990	94570531	protein_coding	ENSMUSG00000034361	+	Cpne2	1372
1373	Fam192a	chr8	94574138	94601997	protein_coding	ENSMUSG00000031774	-	Fam192a	1373
1374	Rspry1	chr8	94601937	94660275	protein_coding	ENSMUSG00000050079	+	Rspry1	1374
1375	Gm45797	chr8	94610777	94612697	TEC	ENSMUSG00000110504	+	Gm45797	1375
1376	Arl2bp	chr8	94666600	94674425	protein_coding	ENSMUSG00000031776	+	Arl2bp	1376
1377	Pllp	chr8	94674894	94696278	protein_coding	ENSMUSG00000031775	-	Pllp	1377
1378	Gm45767	chr8	94675606	94680166	lncRNA	ENSMUSG00000110702	+	Gm45767	1378
1379	Gm22846	chr8	94698016	94698285	misc_RNA	ENSMUSG00000088331	-	Gm22846	1379
1380	Ccl22	chr8	94745590	94751699	protein_coding	ENSMUSG00000031779	+	Ccl22	1380
1381	Gnb1-ps3	chr8	94760288	94761237	processed_pseudogene	ENSMUSG00000110708	+	Gnb1-ps3	1381
1382	Cx3cl1	chr8	94772009	94782427	protein_coding	ENSMUSG00000031778	+	Cx3cl1	1382
1383	Ccl17	chr8	94810453	94812036	protein_coding	ENSMUSG00000031780	+	Ccl17	1383
1384	Ciapin1	chr8	94819804	94838358	protein_coding	ENSMUSG00000031781	-	Ciapin1	1384
1385	Coq9	chr8	94838321	94854895	protein_coding	ENSMUSG00000031782	+	Coq9	1385
1386	Polr2c	chr8	94857450	94873535	protein_coding	ENSMUSG00000031783	+	Polr2c	1386
1387	Dok4	chr8	94863828	94876330	protein_coding	ENSMUSG00000040631	-	Dok4	1387
1388	Ccdc102a	chr8	94902869	94918098	protein_coding	ENSMUSG00000063605	-	Ccdc102a	1388
1389	Adgrg5	chr8	94923694	94943280	protein_coding	ENSMUSG00000061577	+	Adgrg5	1389
1390	Gm10286	chr8	94964679	94969756	TEC	ENSMUSG00000070111	-	Gm10286	1390
1391	Adgrg1	chr8	94974751	95014217	protein_coding	ENSMUSG00000031785	+	Adgrg1	1391
1392	Adgrg3	chr8	95017692	95045250	protein_coding	ENSMUSG00000060470	+	Adgrg3	1392
1393	Gm45757	chr8	95045981	95047460	TEC	ENSMUSG00000110426	+	Gm45757	1393
1394	Drc7	chr8	95055103	95078141	protein_coding	ENSMUSG00000031786	+	Drc7	1394
1395	Katnb1	chr8	95081186	95103149	protein_coding	ENSMUSG00000031787	+	Katnb1	1395
1396	Gm45758	chr8	95089671	95090676	TEC	ENSMUSG00000110516	-	Gm45758	1396
1397	Kifc3	chr8	95099828	95202812	protein_coding	ENSMUSG00000031788	-	Kifc3	1397
1398	Gm31224	chr8	95113566	95129590	lncRNA	ENSMUSG00000110517	+	Gm31224	1398
1399	Gm45812	chr8	95126666	95134867	lncRNA	ENSMUSG00000110428	+	Gm45812	1399
1400	Gm31036	chr8	95138310	95148386	lncRNA	ENSMUSG00000110475	+	Gm31036	1400
1401	Cngb1	chr8	95239045	95306585	protein_coding	ENSMUSG00000031789	-	Cngb1	1401
1402	Tepp	chr8	95310566	95326323	protein_coding	ENSMUSG00000090206	+	Tepp	1402
1403	Zfp319	chr8	95323011	95331950	protein_coding	ENSMUSG00000046556	-	Zfp319	1403
1404	Usb1	chr8	95332284	95347507	protein_coding	ENSMUSG00000031792	+	Usb1	1404
1405	Mmp15	chr8	95352268	95375080	protein_coding	ENSMUSG00000031790	+	Mmp15	1405
1406	Cfap20	chr8	95420249	95434869	protein_coding	ENSMUSG00000031796	-	Cfap20	1406
1407	Csnk2a2	chr8	95446096	95490039	protein_coding	ENSMUSG00000046707	-	Csnk2a2	1407
1408	Gm45854	chr8	95468646	95472133	TEC	ENSMUSG00000110598	+	Gm45854	1408
1409	Gm45853	chr8	95480453	95483623	TEC	ENSMUSG00000110635	-	Gm45853	1409
1410	4933406B17Rik	chr8	95496430	95503718	lncRNA	ENSMUSG00000110427	+	4933406B17Rik	1410
1411	Ccdc113	chr8	95534085	95558890	protein_coding	ENSMUSG00000036598	+	Ccdc113	1411
1412	1700112L15Rik	chr8	95551793	95552302	TEC	ENSMUSG00000110577	+	1700112L15Rik	1412
1413	Prss54	chr8	95559069	95576340	protein_coding	ENSMUSG00000048400	-	Prss54	1413
1414	Gm5912	chr8	95577471	95578908	processed_pseudogene	ENSMUSG00000081436	+	Gm5912	1414
1415	Gm31518	chr8	95593422	95621509	lncRNA	ENSMUSG00000110447	+	Gm31518	1415
1416	Gm45702	chr8	95629173	95630391	lncRNA	ENSMUSG00000110483	-	Gm45702	1416
1417	Gins3	chr8	95633453	95645060	protein_coding	ENSMUSG00000031669	+	Gins3	1417
1418	Ndrg4	chr8	95676980	95715119	protein_coding	ENSMUSG00000036564	+	Ndrg4	1418
1419	Setd6	chr8	95715881	95719010	protein_coding	ENSMUSG00000031671	+	Setd6	1419
1420	Cnot1	chr8	95719451	95807464	protein_coding	ENSMUSG00000036550	-	Cnot1	1420
1421	Gm26493	chr8	95746060	95746195	snoRNA	ENSMUSG00000065089	-	Gm26493	1421
1422	Mir7073	chr8	95753151	95753214	miRNA	ENSMUSG00000106145	-	Mir7073	1422
1423	Gm45762	chr8	95775912	95778530	TEC	ENSMUSG00000110556	-	Gm45762	1423
1424	4930513N10Rik	chr8	95806744	95821728	lncRNA	ENSMUSG00000074136	+	4930513N10Rik	1424
1425	Gm31659	chr8	95808552	95818274	lncRNA	ENSMUSG00000110489	-	Gm31659	1425
1426	Sap18b	chr8	95825346	95826134	protein_coding	ENSMUSG00000061104	+	Sap18b	1426
1427	Gm31805	chr8	95828598	95833675	lncRNA	ENSMUSG00000110661	-	Gm31805	1427
1428	Slc38a7	chr8	95835920	95853539	protein_coding	ENSMUSG00000036534	-	Slc38a7	1428
1429	Got2	chr8	95864134	95888547	protein_coding	ENSMUSG00000031672	-	Got2	1429
1430	Gm45760	chr8	95870814	95872595	TEC	ENSMUSG00000110711	+	Gm45760	1430
1431	Gm45895	chr8	95910574	95934042	lncRNA	ENSMUSG00000110634	+	Gm45895	1431
1432	Gm8637	chr8	95921529	95922613	processed_pseudogene	ENSMUSG00000110506	+	Gm8637	1432
1433	Gm32005	chr8	96309519	96361523	lncRNA	ENSMUSG00000110623	+	Gm32005	1433
1434	Gm32122	chr8	96371727	96403862	lncRNA	ENSMUSG00000110633	-	Gm32122	1434
1435	Gm45703	chr8	97149419	97164356	lncRNA	ENSMUSG00000110567	-	Gm45703	1435
1436	Gm5131	chr8	97163793	97165030	processed_pseudogene	ENSMUSG00000110715	+	Gm5131	1436
1437	Gm45788	chr8	97215971	97218982	lncRNA	ENSMUSG00000110552	+	Gm45788	1437
1438	Gm39231	chr8	97840048	97847267	lncRNA	ENSMUSG00000109615	+	Gm39231	1438
1439	Gm45246	chr8	97876154	97876520	processed_pseudogene	ENSMUSG00000109645	+	Gm45246	1439
1440	Gm23494	chr8	98675077	98675202	snRNA	ENSMUSG00000080480	-	Gm23494	1440
1441	Gm15679	chr8	99011886	99032740	lncRNA	ENSMUSG00000089819	+	Gm15679	1441
1442	Cdh8	chr8	99024471	99416471	protein_coding	ENSMUSG00000036510	-	Cdh8	1442
1443	Gm45297	chr8	99045927	99049409	TEC	ENSMUSG00000109775	-	Gm45297	1443
1444	Gm15681	chr8	99145386	99148089	processed_pseudogene	ENSMUSG00000086842	-	Gm15681	1444
1445	Gm15680	chr8	99397213	99506770	lncRNA	ENSMUSG00000090116	-	Gm15680	1445
1446	A330008L17Rik	chr8	99416642	99733438	lncRNA	ENSMUSG00000052479	+	A330008L17Rik	1446
1447	Impdh2-ps	chr8	100030558	100032102	processed_pseudogene	ENSMUSG00000071041	+	Impdh2-ps	1447
1448	Gm5742	chr8	100060116	100060620	processed_pseudogene	ENSMUSG00000081383	+	Gm5742	1448
1449	Gm5361	chr8	100636519	100638016	processed_pseudogene	ENSMUSG00000110014	+	Gm5361	1449
1450	Gm39232	chr8	100661909	100726355	lncRNA	ENSMUSG00000109769	-	Gm39232	1450
1451	Cdh11	chr8	102632095	102785642	protein_coding	ENSMUSG00000031673	-	Cdh11	1451
1452	Gm45257	chr8	102654191	102658188	TEC	ENSMUSG00000110084	-	Gm45257	1452
1453	9430099M06Rik	chr8	102706049	102706790	TEC	ENSMUSG00000109997	-	9430099M06Rik	1453
1454	Gm26301	chr8	102732390	102732484	miRNA	ENSMUSG00000078006	-	Gm26301	1454
1455	Gm45258	chr8	102780190	102781042	TEC	ENSMUSG00000110269	-	Gm45258	1455
1456	Gm8730	chr8	102864845	102865798	processed_pseudogene	ENSMUSG00000063696	-	Gm8730	1456
1457	Gm45391	chr8	103130248	103144946	lncRNA	ENSMUSG00000109848	-	Gm45391	1457
1458	Gm32531	chr8	103271391	103340130	lncRNA	ENSMUSG00000109701	+	Gm32531	1458
1459	1600027J07Rik	chr8	103343878	103347534	lncRNA	ENSMUSG00000110340	-	1600027J07Rik	1459
1460	Gm45277	chr8	103531645	103563623	lncRNA	ENSMUSG00000109699	-	Gm45277	1460
1461	4933400L20Rik	chr8	103603782	103680384	lncRNA	ENSMUSG00000110336	+	4933400L20Rik	1461
1462	Gm29682	chr8	104088916	104105873	lncRNA	ENSMUSG00000110053	-	Gm29682	1462
1463	Cdh5	chr8	104101625	104144511	protein_coding	ENSMUSG00000031871	+	Cdh5	1463
1464	Gm45663	chr8	104152706	104154337	TEC	ENSMUSG00000109909	+	Gm45663	1464
1465	Bean1	chr8	104170442	104219122	protein_coding	ENSMUSG00000031872	+	Bean1	1465
1466	Gm10631	chr8	104177795	104184599	lncRNA	ENSMUSG00000074128	-	Gm10631	1466
1467	Gm45892	chr8	104217202	104218299	lncRNA	ENSMUSG00000110674	-	Gm45892	1467
1468	Gm45887	chr8	104220612	104223609	TEC	ENSMUSG00000110638	+	Gm45887	1468
1469	Gm45750	chr8	104223747	104224100	processed_pseudogene	ENSMUSG00000110551	+	Gm45750	1469
1470	Tk2	chr8	104226685	104248558	protein_coding	ENSMUSG00000035824	-	Tk2	1470
1471	Cklf	chr8	104250861	104264938	protein_coding	ENSMUSG00000054400	+	Cklf	1471
1472	Cmtm2a	chr8	104281042	104293181	protein_coding	ENSMUSG00000074127	-	Cmtm2a	1472
1473	Gm45711	chr8	104281347	104310081	protein_coding	ENSMUSG00000031876	-	Gm45711	1473
1474	Cmtm1	chr8	104292622	104310145	protein_coding	ENSMUSG00000110430	-	Cmtm1	1474
1475	Gm45710	chr8	104310832	104312769	unprocessed_pseudogene	ENSMUSG00000110642	-	Gm45710	1475
1476	Cmtm2b	chr8	104322230	104330764	protein_coding	ENSMUSG00000035785	+	Cmtm2b	1476
1477	Gm45878	chr8	104324440	104324680	unprocessed_pseudogene	ENSMUSG00000110600	-	Gm45878	1477
1478	Cmtm3	chr8	104339410	104347672	protein_coding	ENSMUSG00000031875	+	Cmtm3	1478
1479	Cmtm4	chr8	104348191	104395807	protein_coding	ENSMUSG00000096188	-	Cmtm4	1479
1480	Gm45877	chr8	104362602	104363668	lncRNA	ENSMUSG00000110486	-	Gm45877	1480
1481	Dync1li2	chr8	104417680	104443047	protein_coding	ENSMUSG00000035770	-	Dync1li2	1481
1482	Gm45731	chr8	104438260	104439462	TEC	ENSMUSG00000110689	+	Gm45731	1482
1483	K230015D01Rik	chr8	104442271	104443786	lncRNA	ENSMUSG00000110630	+	K230015D01Rik	1483
1484	Terb1	chr8	104446719	104509910	protein_coding	ENSMUSG00000052616	-	Terb1	1484
1485	Gm22148	chr8	104507902	104508008	snRNA	ENSMUSG00000077633	+	Gm22148	1485
1486	Nae1	chr8	104511028	104534637	protein_coding	ENSMUSG00000031878	-	Nae1	1486
1487	Car7	chr8	104534689	104550343	protein_coding	ENSMUSG00000031883	+	Car7	1487
1488	Gm45843	chr8	104551907	104556987	lncRNA	ENSMUSG00000110607	-	Gm45843	1488
1489	Pdp2	chr8	104591451	104599026	protein_coding	ENSMUSG00000048371	+	Pdp2	1489
1490	Cdh16	chr8	104601911	104624396	protein_coding	ENSMUSG00000031881	-	Cdh16	1490
1491	Rrad	chr8	104628070	104631327	protein_coding	ENSMUSG00000031880	-	Rrad	1491
1492	Gm33023	chr8	104630832	104636492	lncRNA	ENSMUSG00000110652	+	Gm33023	1492
1493	Ciao2b	chr8	104639838	104641965	protein_coding	ENSMUSG00000031879	-	Ciao2b	1493
1494	1700082M22Rik	chr8	104641807	104658558	lncRNA	ENSMUSG00000023737	+	1700082M22Rik	1494
1495	Gm7208	chr8	104675536	104682211	transcribed_unprocessed_pseudogene	ENSMUSG00000110568	-	Gm7208	1495
1496	Gm5159	chr8	104701705	104720965	transcribed_unprocessed_pseudogene	ENSMUSG00000110557	-	Gm5159	1496
1497	Ces2a	chr8	104734003	104741634	protein_coding	ENSMUSG00000055730	+	Ces2a	1497
1498	Gm6831	chr8	104755779	104764069	transcribed_unprocessed_pseudogene	ENSMUSG00000110639	+	Gm6831	1498
1499	Gm45782	chr8	104785828	104787612	unprocessed_pseudogene	ENSMUSG00000110694	+	Gm45782	1499
1500	4932416K20Rik	chr8	104794928	104799052	lncRNA	ENSMUSG00000069925	+	4932416K20Rik	1500
1501	Ces2b	chr8	104831572	104840093	protein_coding	ENSMUSG00000050097	+	Ces2b	1501
1502	Matr3-ps2	chr8	104844378	104846373	processed_pseudogene	ENSMUSG00000089748	-	Matr3-ps2	1502
1503	Gm8798	chr8	104886862	104902787	transcribed_unprocessed_pseudogene	ENSMUSG00000110597	+	Gm8798	1503
1504	Ces2e	chr8	104926260	104934672	protein_coding	ENSMUSG00000031886	+	Ces2e	1504
1505	Ces2f	chr8	104947356	104960047	protein_coding	ENSMUSG00000062826	+	Ces2f	1505
1506	Ces2g	chr8	104961718	104969537	protein_coding	ENSMUSG00000031877	+	Ces2g	1506
1507	Gm5743	chr8	104984464	104996811	transcribed_unprocessed_pseudogene	ENSMUSG00000110479	+	Gm5743	1507
1508	Ces2h	chr8	105000853	105021178	protein_coding	ENSMUSG00000091813	+	Ces2h	1508
1509	Ces3a	chr8	105048601	105058413	protein_coding	ENSMUSG00000069922	+	Ces3a	1509
1510	Gm45724	chr8	105051049	105051468	TEC	ENSMUSG00000110488	-	Gm45724	1510
1511	Ces3b	chr8	105083753	105093929	protein_coding	ENSMUSG00000062181	+	Ces3b	1511
1512	Gm8804	chr8	105110624	105111421	processed_pseudogene	ENSMUSG00000110502	+	Gm8804	1512
1513	Ces4a	chr8	105131800	105150109	protein_coding	ENSMUSG00000060560	+	Ces4a	1513
1514	Gm3830	chr8	105164587	105170367	lncRNA	ENSMUSG00000099465	+	Gm3830	1514
1515	Cbfb	chr8	105170674	105217989	protein_coding	ENSMUSG00000031885	+	Cbfb	1515
1516	D230025D16Rik	chr8	105225145	105253053	protein_coding	ENSMUSG00000031889	+	D230025D16Rik	1516
1517	B3gnt9	chr8	105252638	105255153	protein_coding	ENSMUSG00000069920	-	B3gnt9	1517
1518	Tradd	chr8	105258286	105264609	protein_coding	ENSMUSG00000031887	-	Tradd	1518
1519	Fbxl8	chr8	105264648	105269326	protein_coding	ENSMUSG00000033313	+	Fbxl8	1519
1520	Hsf4	chr8	105269801	105275845	protein_coding	ENSMUSG00000033249	+	Hsf4	1520
1521	Nol3	chr8	105276140	105281939	protein_coding	ENSMUSG00000014776	+	Nol3	1521
1522	4931428F04Rik	chr8	105280409	105289864	protein_coding	ENSMUSG00000014837	-	4931428F04Rik	1522
1523	Gm20163	chr8	105289678	105291485	lncRNA	ENSMUSG00000110611	+	Gm20163	1523
1524	Exoc3l	chr8	105289924	105296101	protein_coding	ENSMUSG00000043251	-	Exoc3l	1524
1525	E2f4	chr8	105297663	105305370	protein_coding	ENSMUSG00000014859	+	E2f4	1525
1526	Elmo3	chr8	105305601	105310760	protein_coding	ENSMUSG00000014791	+	Elmo3	1526
1527	Lrrc29	chr8	105312265	105326278	protein_coding	ENSMUSG00000041679	-	Lrrc29	1527
1528	Tmem208	chr8	105326354	105335219	protein_coding	ENSMUSG00000014856	+	Tmem208	1528
1529	Fhod1	chr8	105329163	105347953	protein_coding	ENSMUSG00000014778	-	Fhod1	1529
1530	Slc9a5	chr8	105348843	105369881	protein_coding	ENSMUSG00000014786	+	Slc9a5	1530
1531	Plekhg4	chr8	105373274	105382862	protein_coding	ENSMUSG00000014782	+	Plekhg4	1531
1532	Kctd19	chr8	105382807	105413502	protein_coding	ENSMUSG00000051648	-	Kctd19	1532
1533	Lrrc36	chr8	105413571	105464086	protein_coding	ENSMUSG00000054320	+	Lrrc36	1533
1534	Tppp3	chr8	105467493	105471526	protein_coding	ENSMUSG00000014846	-	Tppp3	1534
1535	Zdhhc1	chr8	105472423	105496902	protein_coding	ENSMUSG00000039199	-	Zdhhc1	1535
1536	Gm8838	chr8	105503406	105503946	processed_pseudogene	ENSMUSG00000110608	+	Gm8838	1536
1537	Hsd11b2	chr8	105518755	105523988	protein_coding	ENSMUSG00000031891	+	Hsd11b2	1537
1538	Atp6v0d1	chr8	105524465	105566047	protein_coding	ENSMUSG00000013160	-	Atp6v0d1	1538
1539	Gm38250	chr8	105566324	105578109	lncRNA	ENSMUSG00000104168	+	Gm38250	1539
1540	Agrp	chr8	105566698	105637393	protein_coding	ENSMUSG00000005705	-	Agrp	1540
1541	Gm45855	chr8	105585321	105586200	processed_pseudogene	ENSMUSG00000110686	-	Gm45855	1541
1542	Ripor1	chr8	105605255	105622219	protein_coding	ENSMUSG00000038604	+	Ripor1	1542
1543	Gm5914	chr8	105624336	105637485	lncRNA	ENSMUSG00000098120	-	Gm5914	1543
1544	Gm38384	chr8	105633750	105634871	TEC	ENSMUSG00000102593	+	Gm38384	1544
1545	Ctcf	chr8	105636568	105682922	protein_coding	ENSMUSG00000005698	+	Ctcf	1545
1546	Gm5915	chr8	105660334	105660787	processed_pseudogene	ENSMUSG00000080021	-	Gm5915	1546
1547	Carmil2	chr8	105686274	105698187	protein_coding	ENSMUSG00000050357	+	Carmil2	1547
1548	Acd	chr8	105695860	105701102	protein_coding	ENSMUSG00000038000	-	Acd	1548
1549	Pard6a	chr8	105701148	105703496	protein_coding	ENSMUSG00000005699	+	Pard6a	1549
1550	Enkd1	chr8	105703651	105708210	protein_coding	ENSMUSG00000013155	-	Enkd1	1550
1551	4933405L10Rik	chr8	105707655	105710246	protein_coding	ENSMUSG00000013158	+	4933405L10Rik	1551
1552	Gfod2	chr8	105713854	105758664	protein_coding	ENSMUSG00000013150	-	Gfod2	1552
1553	Ranbp10	chr8	105768308	105827350	protein_coding	ENSMUSG00000037415	-	Ranbp10	1553
1554	Tsnaxip1	chr8	105827731	105844680	protein_coding	ENSMUSG00000031893	+	Tsnaxip1	1554
1555	Cenpt	chr8	105844673	105853278	protein_coding	ENSMUSG00000036672	-	Cenpt	1555
1556	Thap11	chr8	105855132	105856950	protein_coding	ENSMUSG00000036442	+	Thap11	1556
1557	4930578M07Rik	chr8	105859303	105860422	lncRNA	ENSMUSG00000110586	-	4930578M07Rik	1557
1558	Nutf2	chr8	105860580	105879330	protein_coding	ENSMUSG00000008450	+	Nutf2	1558
1559	Edc4	chr8	105880881	105894908	protein_coding	ENSMUSG00000036270	+	Edc4	1559
1560	Nrn1l	chr8	105893567	105895023	protein_coding	ENSMUSG00000044287	+	Nrn1l	1560
1561	Pskh1	chr8	105900441	105931778	protein_coding	ENSMUSG00000048310	+	Pskh1	1561
1562	Ctrl	chr8	105932003	105933862	protein_coding	ENSMUSG00000031896	-	Ctrl	1562
1563	Gm16156	chr8	105934333	105945843	lncRNA	ENSMUSG00000087436	+	Gm16156	1563
1564	Psmb10	chr8	105935735	105938444	protein_coding	ENSMUSG00000031897	-	Psmb10	1564
1565	Lcat	chr8	105939551	105943382	protein_coding	ENSMUSG00000035237	-	Lcat	1565
1566	Slc12a4	chr8	105943590	105966097	protein_coding	ENSMUSG00000017765	-	Slc12a4	1566
1567	Gm45752	chr8	105973097	105985879	lncRNA	ENSMUSG00000110457	+	Gm45752	1567
1568	Dpep3	chr8	105973513	105979429	protein_coding	ENSMUSG00000031898	-	Dpep3	1568
1569	Dpep2	chr8	105984944	105991759	protein_coding	ENSMUSG00000053687	-	Dpep2	1569
1570	Dus2	chr8	105991337	106053840	protein_coding	ENSMUSG00000031901	+	Dus2	1570
1571	Dpep2nb	chr8	105995466	106005975	protein_coding	ENSMUSG00000115768	-	Dpep2nb	1571
1572	Ddx28	chr8	106009621	106011882	protein_coding	ENSMUSG00000045538	-	Ddx28	1572
1573	Nfatc3	chr8	106058840	106130537	protein_coding	ENSMUSG00000031902	+	Nfatc3	1573
1574	Gm27956	chr8	106071615	106071874	misc_RNA	ENSMUSG00000093345	-	Gm27956	1574
1575	Esrp2	chr8	106130319	106136974	protein_coding	ENSMUSG00000084128	-	Esrp2	1575
1576	1810019D21Rik	chr8	106135400	106138525	lncRNA	ENSMUSG00000086390	+	1810019D21Rik	1576
1577	Pla2g15	chr8	106150399	106164715	protein_coding	ENSMUSG00000031903	+	Pla2g15	1577
1578	Slc7a6	chr8	106168857	106198706	protein_coding	ENSMUSG00000031904	+	Slc7a6	1578
1579	Slc7a6os	chr8	106200717	106210935	protein_coding	ENSMUSG00000033106	-	Slc7a6os	1579
1580	Prmt7	chr8	106210936	106252794	protein_coding	ENSMUSG00000060098	+	Prmt7	1580
1581	Smpd3	chr8	106252548	106337988	protein_coding	ENSMUSG00000031906	-	Smpd3	1581
1582	Gm10629	chr8	106283307	106300017	lncRNA	ENSMUSG00000074113	+	Gm10629	1582
1583	Zfp90	chr8	106415327	106426598	protein_coding	ENSMUSG00000031907	+	Zfp90	1583
1584	6030452D12Rik	chr8	106500505	106509656	lncRNA	ENSMUSG00000054069	+	6030452D12Rik	1584
1585	Cdh3	chr8	106510891	106557297	protein_coding	ENSMUSG00000061048	+	Cdh3	1585
1586	Gm10073	chr8	106573009	106573350	processed_pseudogene	ENSMUSG00000060019	-	Gm10073	1586
1587	1110028F18Rik	chr8	106587143	106594820	lncRNA	ENSMUSG00000099139	+	1110028F18Rik	1587
1588	Cdh1	chr8	106603351	106670246	protein_coding	ENSMUSG00000000303	+	Cdh1	1588
1589	Tango6	chr8	106683068	106851439	protein_coding	ENSMUSG00000041949	+	Tango6	1589
1590	Has3	chr8	106870242	106884566	protein_coding	ENSMUSG00000031910	+	Has3	1590
1591	Chtf8	chr8	106883863	106893601	protein_coding	ENSMUSG00000046691	-	Chtf8	1591
1592	Gm50241	chr8	106883890	106893593	protein_coding	ENSMUSG00000117748	-	Gm50241	1592
1593	Utp4	chr8	106893636	106923088	protein_coding	ENSMUSG00000041438	+	Utp4	1593
1594	Rpl10-ps2	chr8	106927769	106928413	processed_pseudogene	ENSMUSG00000074108	-	Rpl10-ps2	1594
1595	Sntb2	chr8	106935750	107019714	protein_coding	ENSMUSG00000041308	+	Sntb2	1595
1596	Gm16208	chr8	107029675	107031188	lncRNA	ENSMUSG00000085464	-	Gm16208	1596
1597	Vps4a	chr8	107031222	107045755	protein_coding	ENSMUSG00000031913	+	Vps4a	1597
1598	Gm16209	chr8	107037480	107038106	processed_pseudogene	ENSMUSG00000083734	-	Gm16209	1598
1599	Pdf	chr8	107044698	107048614	protein_coding	ENSMUSG00000078931	-	Pdf	1599
1600	Cog8	chr8	107046289	107056689	protein_coding	ENSMUSG00000031916	-	Cog8	1600
1601	Nip7	chr8	107056877	107060931	protein_coding	ENSMUSG00000031917	+	Nip7	1601
1602	Tmed6	chr8	107061476	107065644	protein_coding	ENSMUSG00000031919	-	Tmed6	1602
1603	Terf2	chr8	107069400	107096547	protein_coding	ENSMUSG00000031921	-	Terf2	1603
1604	C630050I24Rik	chr8	107119110	107119892	TEC	ENSMUSG00000102271	+	C630050I24Rik	1604
1605	Cyb5b	chr8	107150640	107187471	protein_coding	ENSMUSG00000031924	+	Cyb5b	1605
1606	Rps18-ps3	chr8	107262793	107263248	processed_pseudogene	ENSMUSG00000057657	-	Rps18-ps3	1606
1607	Nfat5	chr8	107293470	107379517	protein_coding	ENSMUSG00000003847	+	Nfat5	1607
1608	Nqo1	chr8	107388225	107403206	protein_coding	ENSMUSG00000003849	-	Nqo1	1608
1609	Nob1	chr8	107412486	107425051	protein_coding	ENSMUSG00000003848	-	Nob1	1609
1610	Wwp2	chr8	107436365	107558595	protein_coding	ENSMUSG00000031930	+	Wwp2	1610
1611	Rps26-ps1	chr8	107439131	107439579	transcribed_processed_pseudogene	ENSMUSG00000059775	-	Rps26-ps1	1611
1612	Gm45900	chr8	107444284	107444692	processed_pseudogene	ENSMUSG00000110501	-	Gm45900	1612
1613	Psmd7	chr8	107580381	107588464	protein_coding	ENSMUSG00000039067	-	Psmd7	1613
1614	5033426E14Rik	chr8	107869685	107885011	lncRNA	ENSMUSG00000110625	+	5033426E14Rik	1614
1615	Zfhx3	chr8	107942644	108961630	protein_coding	ENSMUSG00000038872	+	Zfhx3	1615
1616	Gm39244	chr8	108526937	108537221	lncRNA	ENSMUSG00000109868	-	Gm39244	1616
1617	Lncbate1	chr8	108553252	108584595	lncRNA	ENSMUSG00000110613	-	Lncbate1	1617
1618	Gm38042	chr8	108737593	108742800	TEC	ENSMUSG00000104292	+	Gm38042	1618
1619	Gm38318	chr8	108867562	108869267	TEC	ENSMUSG00000102989	+	Gm38318	1619
1620	Gm20686	chr8	108918264	108921874	lncRNA	ENSMUSG00000093697	-	Gm20686	1620
1621	D030068K23Rik	chr8	109075222	109273811	lncRNA	ENSMUSG00000097393	+	D030068K23Rik	1621
1622	Gm1943	chr8	109340691	109340864	processed_pseudogene	ENSMUSG00000110528	-	Gm1943	1622
1623	Pmfbp1	chr8	109494027	109542640	protein_coding	ENSMUSG00000031727	+	Pmfbp1	1623
1624	Dhx38	chr8	109548011	109565861	protein_coding	ENSMUSG00000037993	-	Dhx38	1624
1625	Txnl4b	chr8	109565892	109574051	protein_coding	ENSMUSG00000031723	+	Txnl4b	1625
1626	Hp	chr8	109575128	109579172	protein_coding	ENSMUSG00000031722	-	Hp	1626
1627	Dhodh	chr8	109591343	109608673	protein_coding	ENSMUSG00000031730	-	Dhodh	1627
1628	Pkd1l3	chr8	109614517	109674386	protein_coding	ENSMUSG00000048827	+	Pkd1l3	1628
1629	Ist1	chr8	109671325	109693260	protein_coding	ENSMUSG00000031729	-	Ist1	1629
1630	Zfp821	chr8	109705546	109724932	protein_coding	ENSMUSG00000031728	+	Zfp821	1630
1631	Atxn1l	chr8	109726451	109737739	protein_coding	ENSMUSG00000069895	-	Atxn1l	1631
1632	Ap1g1	chr8	109778554	109864204	protein_coding	ENSMUSG00000031731	+	Ap1g1	1632
1633	Snord71	chr8	109839295	109839379	snoRNA	ENSMUSG00000077549	+	Snord71	1633
1634	Gm25321	chr8	109840588	109840689	snRNA	ENSMUSG00000084507	-	Gm25321	1634
1635	Gm17344	chr8	109859984	109868455	lncRNA	ENSMUSG00000078143	-	Gm17344	1635
1636	Phlpp2	chr8	109868542	109944671	protein_coding	ENSMUSG00000031732	+	Phlpp2	1636
1637	Gm16349	chr8	109925388	109933663	lncRNA	ENSMUSG00000085678	+	Gm16349	1637
1638	Marveld3	chr8	109947914	109962203	protein_coding	ENSMUSG00000001672	-	Marveld3	1638
1639	Tat	chr8	109990437	109999803	protein_coding	ENSMUSG00000001670	+	Tat	1639
1640	Gm45888	chr8	110011375	110014324	processed_pseudogene	ENSMUSG00000110561	-	Gm45888	1640
1641	Chst4	chr8	110029153	110039740	protein_coding	ENSMUSG00000035930	-	Chst4	1641
1642	8030455M16Rik	chr8	110047432	110057176	lncRNA	ENSMUSG00000110507	+	8030455M16Rik	1642
1643	Zfp612	chr8	110079746	110092741	protein_coding	ENSMUSG00000044676	+	Zfp612	1643
1644	Gm17720	chr8	110082803	110102753	protein_coding	ENSMUSG00000091041	-	Gm17720	1644
1645	Tle7	chr8	110101207	110111961	protein_coding	ENSMUSG00000095941	+	Tle7	1645
1646	Calb2	chr8	110137502	110168210	protein_coding	ENSMUSG00000003657	-	Calb2	1646
1647	Cmtr2	chr8	110215665	110224486	protein_coding	ENSMUSG00000046441	+	Cmtr2	1647
1648	Hydin	chr8	110266977	110610253	protein_coding	ENSMUSG00000059854	+	Hydin	1648
1649	Gm44489	chr8	110556766	110556862	miRNA	ENSMUSG00000105825	-	Gm44489	1649
1650	Vac14	chr8	110618585	110720398	protein_coding	ENSMUSG00000010936	+	Vac14	1650
1651	Mtss2	chr8	110721476	110741400	protein_coding	ENSMUSG00000033763	+	Mtss2	1651
1652	Il34	chr8	110741829	110805924	protein_coding	ENSMUSG00000031750	-	Il34	1652
1653	Gm15894	chr8	110754992	110758970	lncRNA	ENSMUSG00000090039	+	Gm15894	1653
1654	Gm15895	chr8	110805638	110807477	lncRNA	ENSMUSG00000085068	+	Gm15895	1654
1655	Sf3b3	chr8	110810239	110846787	protein_coding	ENSMUSG00000033732	-	Sf3b3	1655
1656	Cog4	chr8	110846600	110882227	protein_coding	ENSMUSG00000031753	+	Cog4	1656
1657	Fcsk	chr8	110882456	110902488	protein_coding	ENSMUSG00000033703	-	Fcsk	1657
1658	St3gal2	chr8	110919922	110972480	protein_coding	ENSMUSG00000031749	+	St3gal2	1658
1659	Gm26132	chr8	110923116	110923263	snoRNA	ENSMUSG00000065100	+	Gm26132	1659
1660	Ddx19a	chr8	110974996	110997800	protein_coding	ENSMUSG00000015023	-	Ddx19a	1660
1661	Ddx19b	chr8	111003188	111031751	protein_coding	ENSMUSG00000033658	-	Ddx19b	1661
1662	Mir3473d	chr8	111016450	111016530	miRNA	ENSMUSG00000093087	-	Mir3473d	1662
1663	Aars	chr8	111033144	111057664	protein_coding	ENSMUSG00000031960	+	Aars	1663
1664	Exosc6	chr8	111056339	111057664	protein_coding	ENSMUSG00000109941	+	Exosc6	1664
1665	Clec18a	chr8	111058920	111092426	protein_coding	ENSMUSG00000033633	-	Clec18a	1665
1666	Pdpr	chr8	111094630	111137074	protein_coding	ENSMUSG00000033624	+	Pdpr	1666
1667	9430091E24Rik	chr8	111128886	111145480	lncRNA	ENSMUSG00000084808	-	9430091E24Rik	1667
1668	Glg1	chr8	111154421	111259216	protein_coding	ENSMUSG00000003316	-	Glg1	1668
1669	Gm23193	chr8	111194964	111195045	miRNA	ENSMUSG00000076382	+	Gm23193	1669
1670	Rfwd3	chr8	111270944	111300222	protein_coding	ENSMUSG00000033596	-	Rfwd3	1670
1671	Mlkl	chr8	111311797	111338177	protein_coding	ENSMUSG00000012519	-	Mlkl	1671
1672	Fa2h	chr8	111345135	111393824	protein_coding	ENSMUSG00000033579	-	Fa2h	1672
1673	Wdr59	chr8	111448797	111522092	protein_coding	ENSMUSG00000031959	-	Wdr59	1673
1674	Mir1957b	chr8	111450200	111450322	miRNA	ENSMUSG00000098410	+	Mir1957b	1674
1675	Znrf1	chr8	111536097	111626030	protein_coding	ENSMUSG00000033545	+	Znrf1	1675
1676	Ldhd	chr8	111623785	111630374	protein_coding	ENSMUSG00000031958	-	Ldhd	1676
1677	Zfp1	chr8	111643401	111671011	protein_coding	ENSMUSG00000055835	+	Zfp1	1677
1678	Ctrb1	chr8	111686519	111691010	protein_coding	ENSMUSG00000031957	-	Ctrb1	1678
1679	Bcar1	chr8	111710474	111743809	protein_coding	ENSMUSG00000031955	-	Bcar1	1679
1680	Cfdp1	chr8	111768491	111854291	protein_coding	ENSMUSG00000031954	-	Cfdp1	1680
1681	Tmem170	chr8	111863038	111876750	protein_coding	ENSMUSG00000031953	-	Tmem170	1681
1682	Gm23853	chr8	111879304	111879407	snRNA	ENSMUSG00000089000	+	Gm23853	1682
1683	Chst5	chr8	111889136	111910447	protein_coding	ENSMUSG00000031952	-	Chst5	1683
1684	Tmem231	chr8	111912011	111933881	protein_coding	ENSMUSG00000031951	-	Tmem231	1684
1685	Gabarapl2	chr8	111940703	111953612	protein_coding	ENSMUSG00000031950	+	Gabarapl2	1685
1686	Adat1	chr8	111966908	111992302	protein_coding	ENSMUSG00000031949	-	Adat1	1686
1687	Kars	chr8	111993443	112011323	protein_coding	ENSMUSG00000031948	-	Kars	1687
1688	Terf2ip	chr8	112011398	112020528	protein_coding	ENSMUSG00000033430	+	Terf2ip	1688
1689	Gm6793	chr8	112013953	112015008	processed_pseudogene	ENSMUSG00000092086	-	Gm6793	1689
1690	Gm22827	chr8	112062505	112062611	snRNA	ENSMUSG00000065700	+	Gm22827	1690
1691	Gm26994	chr8	112554617	112569575	lncRNA	ENSMUSG00000098075	-	Gm26994	1691
1692	Cntnap4	chr8	112570043	112882717	protein_coding	ENSMUSG00000031772	+	Cntnap4	1692
1693	Gm22664	chr8	112581636	112581740	misc_RNA	ENSMUSG00000089344	+	Gm22664	1693
1694	Gm45904	chr8	112880460	113004997	lncRNA	ENSMUSG00000110455	-	Gm45904	1694
1695	Gm10280	chr8	113067262	113093334	lncRNA	ENSMUSG00000110541	+	Gm10280	1695
1696	Mon1b	chr8	113635587	113645179	protein_coding	ENSMUSG00000078908	+	Mon1b	1696
1697	Syce1l	chr8	113643213	113655533	protein_coding	ENSMUSG00000033409	+	Syce1l	1697
1698	Gm30052	chr8	113667926	113676458	lncRNA	ENSMUSG00000110582	-	Gm30052	1698
1699	Adamts18	chr8	113697126	113848738	protein_coding	ENSMUSG00000053399	-	Adamts18	1699
1700	Nudt7	chr8	114133557	114154739	protein_coding	ENSMUSG00000031767	+	Nudt7	1700
1701	Vat1l	chr8	114205612	114374071	protein_coding	ENSMUSG00000046844	+	Vat1l	1701
1702	4933408N05Rik	chr8	114341160	114351479	lncRNA	ENSMUSG00000084848	-	4933408N05Rik	1702
1703	Clec3a	chr8	114418086	114425846	protein_coding	ENSMUSG00000008874	+	Clec3a	1703
1704	Wwox	chr8	114439655	115352708	protein_coding	ENSMUSG00000004637	+	Wwox	1704
1705	Gm16116	chr8	114591303	114594900	lncRNA	ENSMUSG00000090217	-	Gm16116	1705
1706	Gm16117	chr8	114639546	114642114	lncRNA	ENSMUSG00000089723	-	Gm16117	1706
1707	Gm16118	chr8	114698439	114708006	lncRNA	ENSMUSG00000089797	-	Gm16118	1707
1708	4930488N15Rik	chr8	115585392	115595152	lncRNA	ENSMUSG00000110592	+	4930488N15Rik	1708
1709	Gm23677	chr8	115591170	115591273	snRNA	ENSMUSG00000065090	-	Gm23677	1709
1710	Maf	chr8	115682942	115707794	protein_coding	ENSMUSG00000055435	-	Maf	1710
1711	Gm15655	chr8	115705078	115707233	lncRNA	ENSMUSG00000086717	+	Gm15655	1711
1712	Gm45733	chr8	115971635	115972071	lncRNA	ENSMUSG00000110620	-	Gm45733	1712
1713	4930422C21Rik	chr8	116181451	116187369	lncRNA	ENSMUSG00000110476	-	4930422C21Rik	1713
1714	1700018P08Rik	chr8	116357061	116359550	lncRNA	ENSMUSG00000110709	+	1700018P08Rik	1714
1715	Dynlrb2	chr8	116504974	116515915	protein_coding	ENSMUSG00000034467	+	Dynlrb2	1715
1716	Cdyl2	chr8	116574400	116732991	protein_coding	ENSMUSG00000031758	-	Cdyl2	1716
1717	Cmc2	chr8	116888685	116921455	protein_coding	ENSMUSG00000014633	-	Cmc2	1717
1718	Cenpn	chr8	116921730	116941507	protein_coding	ENSMUSG00000031756	+	Cenpn	1718
1719	Atmin	chr8	116943393	116960445	protein_coding	ENSMUSG00000047388	+	Atmin	1719
1720	1700030J22Rik	chr8	116969594	116978959	protein_coding	ENSMUSG00000031847	-	1700030J22Rik	1720
1721	Gcsh	chr8	116981810	116993537	protein_coding	ENSMUSG00000034424	-	Gcsh	1721
1722	Pkd1l2	chr8	116995679	117082449	protein_coding	ENSMUSG00000034416	-	Pkd1l2	1722
1723	Gm15395	chr8	117036497	117043639	lncRNA	ENSMUSG00000085688	+	Gm15395	1723
1724	Bco1	chr8	117095854	117133720	protein_coding	ENSMUSG00000031845	+	Bco1	1724
1725	Gan	chr8	117158135	117215997	protein_coding	ENSMUSG00000052557	+	Gan	1725
1726	Cmip	chr8	117257064	117459430	protein_coding	ENSMUSG00000034390	+	Cmip	1726
1727	Mir7077	chr8	117453023	117453079	miRNA	ENSMUSG00000099062	+	Mir7077	1727
1728	Mir7078	chr8	117459265	117459328	miRNA	ENSMUSG00000098483	+	Mir7078	1728
1729	Plcg2	chr8	117498291	117635142	protein_coding	ENSMUSG00000034330	+	Plcg2	1729
1730	Sdr42e1	chr8	117661399	117673689	protein_coding	ENSMUSG00000034308	-	Sdr42e1	1730
1731	Gm31717	chr8	117675815	117677209	lncRNA	ENSMUSG00000110459	-	Gm31717	1731
1732	Gm38416	chr8	117681622	117693198	lncRNA	ENSMUSG00000110151	+	Gm38416	1732
1733	Hsd17b2	chr8	117701904	117759027	protein_coding	ENSMUSG00000031844	+	Hsd17b2	1733
1734	Gm45776	chr8	117712570	117714091	TEC	ENSMUSG00000110520	+	Gm45776	1734
1735	Mphosph6	chr8	117791645	117801943	protein_coding	ENSMUSG00000031843	-	Mphosph6	1735
1736	Cdh13	chr8	118283733	119324921	protein_coding	ENSMUSG00000031841	+	Cdh13	1736
1737	Gm45722	chr8	118381726	118382191	processed_pseudogene	ENSMUSG00000110662	-	Gm45722	1737
1738	Gm24035	chr8	118426493	118426599	snRNA	ENSMUSG00000064801	-	Gm24035	1738
1739	Gm45721	chr8	118607127	118610499	lncRNA	ENSMUSG00000110548	-	Gm45721	1739
1740	Gm45720	chr8	118610989	118615879	lncRNA	ENSMUSG00000110667	-	Gm45720	1740
1741	Gm22999	chr8	118726900	118726987	snoRNA	ENSMUSG00000087707	+	Gm22999	1741
1742	Hsbp1	chr8	119344488	119348922	protein_coding	ENSMUSG00000031839	+	Hsbp1	1742
1743	Gm45723	chr8	119378696	119386537	lncRNA	ENSMUSG00000110470	+	Gm45723	1743
1744	Mlycd	chr8	119394878	119411102	protein_coding	ENSMUSG00000074064	+	Mlycd	1744
1745	Osgin1	chr8	119434124	119446256	protein_coding	ENSMUSG00000074063	+	Osgin1	1745
1746	Necab2	chr8	119446719	119472640	protein_coding	ENSMUSG00000031837	+	Necab2	1746
1747	Slc38a8	chr8	119479602	119501698	protein_coding	ENSMUSG00000034224	-	Slc38a8	1747
1748	Mbtps1	chr8	119508156	119558735	protein_coding	ENSMUSG00000031835	-	Mbtps1	1748
1749	Hsdl1	chr8	119561989	119575183	protein_coding	ENSMUSG00000034189	-	Hsdl1	1749
1750	Dnaaf1	chr8	119575235	119598454	protein_coding	ENSMUSG00000031831	+	Dnaaf1	1750
1751	Taf1c	chr8	119597871	119605222	protein_coding	ENSMUSG00000031832	-	Taf1c	1751
1752	Rps13-ps4	chr8	119602170	119602625	processed_pseudogene	ENSMUSG00000081378	-	Rps13-ps4	1752
1753	Adad2	chr8	119612747	119616924	protein_coding	ENSMUSG00000024266	+	Adad2	1753
1754	Kcng4	chr8	119623854	119635680	protein_coding	ENSMUSG00000045246	-	Kcng4	1754
1755	Gm32352	chr8	119659475	119670881	lncRNA	ENSMUSG00000110453	-	Gm32352	1755
1756	Wfdc1	chr8	119666365	119688222	protein_coding	ENSMUSG00000023336	+	Wfdc1	1756
1757	Atp2c2	chr8	119700009	119757717	protein_coding	ENSMUSG00000034112	+	Atp2c2	1757
1758	Meak7	chr8	119760076	119778416	protein_coding	ENSMUSG00000034105	-	Meak7	1758
1759	Cotl1	chr8	119809222	119840544	protein_coding	ENSMUSG00000031827	-	Cotl1	1759
1760	Klhl36	chr8	119862266	119876995	protein_coding	ENSMUSG00000031828	+	Klhl36	1760
1761	Usp10	chr8	119910360	119957560	protein_coding	ENSMUSG00000031826	+	Usp10	1761
1762	Gm20388	chr8	119910841	124345722	protein_coding	ENSMUSG00000092329	+	Gm20388	1762
1763	Crispld2	chr8	119992438	120052793	protein_coding	ENSMUSG00000031825	+	Crispld2	1763
1764	Gm15684	chr8	120036194	120045287	lncRNA	ENSMUSG00000089776	-	Gm15684	1764
1765	Zdhhc7	chr8	120080890	120101482	protein_coding	ENSMUSG00000031823	-	Zdhhc7	1765
1766	A130014A01Rik	chr8	120101582	120103904	lncRNA	ENSMUSG00000097944	+	A130014A01Rik	1766
1767	Gm38379	chr8	120109441	120110965	TEC	ENSMUSG00000102665	+	Gm38379	1767
1768	6430548M08Rik	chr8	120114152	120165306	protein_coding	ENSMUSG00000031824	+	6430548M08Rik	1768
1769	Fam92b	chr8	120166397	120177466	protein_coding	ENSMUSG00000042269	-	Fam92b	1769
1770	A330074K22Rik	chr8	120204434	120228230	lncRNA	ENSMUSG00000097960	-	A330074K22Rik	1770
1771	Gse1	chr8	120228456	120581390	protein_coding	ENSMUSG00000031822	+	Gse1	1771
1772	1700016A09Rik	chr8	120536892	120537726	TEC	ENSMUSG00000102737	-	1700016A09Rik	1772
1773	Gins2	chr8	120578633	120589304	protein_coding	ENSMUSG00000031821	-	Gins2	1773
1774	Gm10614	chr8	120589531	120593801	lncRNA	ENSMUSG00000097773	+	Gm10614	1774
1775	Gm45834	chr8	120597110	120597563	processed_pseudogene	ENSMUSG00000110601	-	Gm45834	1775
1776	1190005I06Rik	chr8	120608602	120647632	protein_coding	ENSMUSG00000043687	-	1190005I06Rik	1776
1777	Gm27021	chr8	120608786	120668079	protein_coding	ENSMUSG00000097919	-	Gm27021	1777
1778	Gm26537	chr8	120643950	120653687	lncRNA	ENSMUSG00000097500	+	Gm26537	1778
1779	Emc8	chr8	120653914	120668573	protein_coding	ENSMUSG00000031819	-	Emc8	1779
1780	Cox4i1	chr8	120668222	120674207	protein_coding	ENSMUSG00000031818	+	Cox4i1	1780
1781	Gm33142	chr8	120685399	120686265	TEC	ENSMUSG00000104484	+	Gm33142	1781
1782	Gm24239	chr8	120717500	120717754	misc_RNA	ENSMUSG00000088416	-	Gm24239	1782
1783	Gm18709	chr8	120727263	120727943	processed_pseudogene	ENSMUSG00000097895	+	Gm18709	1783
1784	Irf8	chr8	120736358	120756694	protein_coding	ENSMUSG00000041515	+	Irf8	1784
1785	Fendrr	chr8	121054882	121083110	lncRNA	ENSMUSG00000097336	-	Fendrr	1785
1786	Foxf1	chr8	121084386	121088144	protein_coding	ENSMUSG00000042812	+	Foxf1	1786
1787	Mthfsd	chr8	121091628	121108392	protein_coding	ENSMUSG00000031816	-	Mthfsd	1787
1788	Foxc2	chr8	121116171	121118895	protein_coding	ENSMUSG00000046714	+	Foxc2	1788
1789	Foxl1	chr8	121127940	121130644	protein_coding	ENSMUSG00000097084	+	Foxl1	1789
1790	5033426O07Rik	chr8	121198714	121203602	lncRNA	ENSMUSG00000097097	-	5033426O07Rik	1790
1791	Gm26815	chr8	121256747	121356836	lncRNA	ENSMUSG00000097384	-	Gm26815	1791
1792	Gm26747	chr8	121421238	121428043	lncRNA	ENSMUSG00000097783	+	Gm26747	1792
1793	1700018B08Rik	chr8	121530780	121544320	protein_coding	ENSMUSG00000031809	-	1700018B08Rik	1793
1794	Gm27045	chr8	121542080	121543481	lncRNA	ENSMUSG00000098211	+	Gm27045	1794
1795	1700030M09Rik	chr8	121544382	121548342	lncRNA	ENSMUSG00000097424	+	1700030M09Rik	1795
1796	Fbxo31	chr8	121549440	121578806	protein_coding	ENSMUSG00000052934	-	Fbxo31	1796
1797	Gm17786	chr8	121581765	121582191	processed_pseudogene	ENSMUSG00000097987	+	Gm17786	1797
1798	Map1lc3b	chr8	121590361	121598760	protein_coding	ENSMUSG00000031812	+	Map1lc3b	1798
1799	Zcchc14	chr8	121598703	121652901	protein_coding	ENSMUSG00000061410	-	Zcchc14	1799
1800	Gm27030	chr8	121654054	121654517	lncRNA	ENSMUSG00000098221	+	Gm27030	1800
1801	Gm23299	chr8	121666628	121666706	snoRNA	ENSMUSG00000064642	-	Gm23299	1801
1802	Gm45833	chr8	121666814	121674088	lncRNA	ENSMUSG00000110673	-	Gm45833	1802
1803	Jph3	chr8	121729623	121794276	protein_coding	ENSMUSG00000025318	+	Jph3	1803
1804	Klhdc4	chr8	121796313	121829569	protein_coding	ENSMUSG00000040263	-	Klhdc4	1804
1805	Gm20406	chr8	121806415	121807369	lncRNA	ENSMUSG00000092418	+	Gm20406	1805
1806	Gm24283	chr8	121830436	121830542	snRNA	ENSMUSG00000077421	+	Gm24283	1806
1807	Gm42047	chr8	121833247	121841178	lncRNA	ENSMUSG00000110631	+	Gm42047	1807
1808	Gm26812	chr8	121850194	121860621	lncRNA	ENSMUSG00000097812	+	Gm26812	1808
1809	Slc7a5	chr8	121881150	121907694	protein_coding	ENSMUSG00000040010	-	Slc7a5	1809
1810	BC048644	chr8	121907833	121919690	lncRNA	ENSMUSG00000074052	+	BC048644	1810
1811	Car5a	chr8	121916126	121944904	protein_coding	ENSMUSG00000025317	-	Car5a	1811
1812	Banp	chr8	121949750	122029258	protein_coding	ENSMUSG00000025316	+	Banp	1812
1813	Gm17709	chr8	121972727	121973822	processed_pseudogene	ENSMUSG00000091952	-	Gm17709	1813
1814	Zfp469	chr8	122258620	122272650	protein_coding	ENSMUSG00000043903	+	Zfp469	1814
1815	Zfpm1	chr8	122282141	122337251	protein_coding	ENSMUSG00000049577	+	Zfpm1	1815
1816	Gm45353	chr8	122339171	122343100	lncRNA	ENSMUSG00000109957	+	Gm45353	1816
1817	Trhr2	chr8	122356967	122360746	protein_coding	ENSMUSG00000039079	-	Trhr2	1817
1818	Gm20681	chr8	122374037	122376444	lncRNA	ENSMUSG00000093682	+	Gm20681	1818
1819	Zc3h18	chr8	122376609	122417360	protein_coding	ENSMUSG00000017478	+	Zc3h18	1819
1820	Il17c	chr8	122422020	122423639	protein_coding	ENSMUSG00000046108	+	Il17c	1820
1821	Cyba	chr8	122424776	122432930	protein_coding	ENSMUSG00000006519	-	Cyba	1821
1822	Mvd	chr8	122433601	122443422	protein_coding	ENSMUSG00000006517	-	Mvd	1822
1823	Gm20735	chr8	122445268	122451322	lncRNA	ENSMUSG00000110656	-	Gm20735	1823
1824	Snai3	chr8	122454208	122460733	protein_coding	ENSMUSG00000006587	-	Snai3	1824
1825	Rnf166	chr8	122466147	122476064	protein_coding	ENSMUSG00000014470	-	Rnf166	1825
1826	Ctu2	chr8	122476143	122484138	protein_coding	ENSMUSG00000049482	+	Ctu2	1826
1827	Piezo1	chr8	122481698	122551329	protein_coding	ENSMUSG00000014444	-	Piezo1	1827
1828	Gm26497	chr8	122520568	122520674	snRNA	ENSMUSG00000065080	-	Gm26497	1828
1829	Cdt1	chr8	122568015	122573554	protein_coding	ENSMUSG00000006585	+	Cdt1	1829
1830	Aprt	chr8	122574635	122576909	protein_coding	ENSMUSG00000006589	-	Aprt	1830
1831	Galns	chr8	122578242	122611463	protein_coding	ENSMUSG00000015027	-	Galns	1831
1832	Trappc2l	chr8	122611640	122616660	protein_coding	ENSMUSG00000015013	+	Trappc2l	1832
1833	Cbfa2t3	chr8	122625141	122699109	protein_coding	ENSMUSG00000006362	-	Cbfa2t3	1833
1834	C230057M02Rik	chr8	122724948	122752325	lncRNA	ENSMUSG00000110523	-	C230057M02Rik	1834
1835	A530010L16Rik	chr8	122760045	122763021	lncRNA	ENSMUSG00000110682	-	A530010L16Rik	1835
1836	Gm39271	chr8	122774035	122775423	lncRNA	ENSMUSG00000110716	-	Gm39271	1836
1837	Acsf3	chr8	122775486	122817880	protein_coding	ENSMUSG00000015016	+	Acsf3	1837
1838	Gm45743	chr8	122826086	122828880	TEC	ENSMUSG00000110540	+	Gm45743	1838
1839	Gm45893	chr8	122836551	122836797	processed_pseudogene	ENSMUSG00000110525	+	Gm45893	1839
1840	Gm16378	chr8	122841731	122842072	processed_pseudogene	ENSMUSG00000095762	+	Gm16378	1840
1841	Cdh15	chr8	122847966	122867397	protein_coding	ENSMUSG00000031962	+	Cdh15	1841
1842	Gm45894	chr8	122870174	122901457	lncRNA	ENSMUSG00000110440	+	Gm45894	1842
1843	Ankrd11	chr8	122883822	123042277	protein_coding	ENSMUSG00000035569	-	Ankrd11	1843
1844	Gm24445	chr8	122982837	122982943	snRNA	ENSMUSG00000065915	-	Gm24445	1844
1845	2810013P06Rik	chr8	123042466	123044602	lncRNA	ENSMUSG00000099881	+	2810013P06Rik	1845
1846	Spg7	chr8	123062942	123097760	protein_coding	ENSMUSG00000000738	+	Spg7	1846
1847	Rpl13	chr8	123102350	123105244	protein_coding	ENSMUSG00000000740	+	Rpl13	1847
1848	Mir7079	chr8	123104975	123105043	miRNA	ENSMUSG00000098550	+	Mir7079	1848
1849	Cpne7	chr8	123117374	123135182	protein_coding	ENSMUSG00000034796	+	Cpne7	1849
1850	Mir7080	chr8	123130106	123130172	miRNA	ENSMUSG00000098582	+	Mir7080	1850
1851	Sult5a1	chr8	123140192	123158315	protein_coding	ENSMUSG00000000739	-	Sult5a1	1851
1852	Gm4316	chr8	123165255	123178765	lncRNA	ENSMUSG00000110537	+	Gm4316	1852
1853	Dpep1	chr8	123186242	123201812	protein_coding	ENSMUSG00000019278	+	Dpep1	1853
1854	Chmp1a	chr8	123204264	123212763	protein_coding	ENSMUSG00000000743	-	Chmp1a	1854
1855	Rps12-ps9	chr8	123206623	123207021	processed_pseudogene	ENSMUSG00000069862	+	Rps12-ps9	1855
1856	Spata33	chr8	123212832	123222046	protein_coding	ENSMUSG00000048478	+	Spata33	1856
1857	Cdk10	chr8	123224842	123232250	protein_coding	ENSMUSG00000033862	+	Cdk10	1857
1858	Spata2l	chr8	123229801	123236233	protein_coding	ENSMUSG00000033594	-	Spata2l	1858
1859	Gm45842	chr8	123230799	123242160	lncRNA	ENSMUSG00000110505	+	Gm45842	1859
1860	4933417D19Rik	chr8	123235091	123242359	lncRNA	ENSMUSG00000097637	+	4933417D19Rik	1860
1861	Vps9d1	chr8	123242356	123254348	protein_coding	ENSMUSG00000001062	-	Vps9d1	1861
1862	Zfp276	chr8	123254195	123269745	protein_coding	ENSMUSG00000001065	+	Zfp276	1862
1863	Fanca	chr8	123268300	123318576	protein_coding	ENSMUSG00000032815	-	Fanca	1863
1864	Spire2	chr8	123332713	123369515	protein_coding	ENSMUSG00000010154	+	Spire2	1864
1865	Tcf25	chr8	123373753	123403835	protein_coding	ENSMUSG00000001472	+	Tcf25	1865
1866	Mc1r	chr8	123407107	123410744	protein_coding	ENSMUSG00000074037	+	Mc1r	1866
1867	Gm38092	chr8	123408100	123408752	TEC	ENSMUSG00000103244	-	Gm38092	1867
1868	Tubb3	chr8	123411424	123422015	protein_coding	ENSMUSG00000062380	+	Tubb3	1868
1869	Def8	chr8	123423527	123463270	protein_coding	ENSMUSG00000001482	+	Def8	1869
1870	Gm25428	chr8	123471384	123471497	snoRNA	ENSMUSG00000088233	+	Gm25428	1870
1871	Afg3l1	chr8	123477903	123503916	protein_coding	ENSMUSG00000031967	+	Afg3l1	1871
1872	Dbndd1	chr8	123504718	123515463	protein_coding	ENSMUSG00000031970	-	Dbndd1	1872
1873	Gas8	chr8	123518834	123536650	protein_coding	ENSMUSG00000040220	+	Gas8	1873
1874	Rhou	chr8	123653929	123663884	protein_coding	ENSMUSG00000039960	+	Rhou	1874
1875	Gm45781	chr8	123727772	123735142	lncRNA	ENSMUSG00000110467	-	Gm45781	1875
1876	6030466F02Rik	chr8	123733958	123739941	lncRNA	ENSMUSG00000110599	+	6030466F02Rik	1876
1877	4732419C18Rik	chr8	123744631	123754726	lncRNA	ENSMUSG00000097203	-	4732419C18Rik	1877
1878	Gm45866	chr8	123754370	123767721	lncRNA	ENSMUSG00000110684	+	Gm45866	1878
1879	Gm45865	chr8	123767551	123768495	TEC	ENSMUSG00000110456	+	Gm45865	1879
1880	Rab4a	chr8	123805985	123835287	protein_coding	ENSMUSG00000019478	+	Rab4a	1880
1881	2810455O05Rik	chr8	123838553	123840785	lncRNA	ENSMUSG00000085030	-	2810455O05Rik	1881
1882	Ccsap	chr8	123840831	123860209	protein_coding	ENSMUSG00000031971	-	Ccsap	1882
1883	Gm4342	chr8	123853829	123854195	processed_pseudogene	ENSMUSG00000083911	+	Gm4342	1883
1884	Acta1	chr8	123891769	123894751	protein_coding	ENSMUSG00000031972	-	Acta1	1884
1885	Gm29773	chr8	123896273	123900620	lncRNA	ENSMUSG00000110547	+	Gm29773	1885
1886	Nup133	chr8	123897123	123949265	protein_coding	ENSMUSG00000039509	-	Nup133	1886
1887	Gm45890	chr8	123948790	123958935	lncRNA	ENSMUSG00000110615	+	Gm45890	1887
1888	Abcb10	chr8	123952459	123983122	protein_coding	ENSMUSG00000031974	-	Abcb10	1888
1889	Taf5l	chr8	123996318	124021397	protein_coding	ENSMUSG00000038697	-	Taf5l	1889
1890	Urb2	chr8	124021508	124048505	protein_coding	ENSMUSG00000031976	+	Urb2	1890
1891	Gm45732	chr8	124025072	124048412	lncRNA	ENSMUSG00000110704	-	Gm45732	1891
1892	Galnt2	chr8	124231391	124345724	protein_coding	ENSMUSG00000089704	+	Galnt2	1892
1893	1810008B01Rik	chr8	124305132	124306507	lncRNA	ENSMUSG00000089745	-	1810008B01Rik	1893
1894	Gm15775	chr8	124324778	124331795	lncRNA	ENSMUSG00000089820	-	Gm15775	1894
1895	Gm24459	chr8	124357238	124357323	snRNA	ENSMUSG00000064664	+	Gm24459	1895
1896	Pgbd5	chr8	124369049	124439658	protein_coding	ENSMUSG00000050751	-	Pgbd5	1896
1897	Cog2	chr8	124520767	124552008	protein_coding	ENSMUSG00000031979	+	Cog2	1897
1898	Agt	chr8	124556534	124569706	protein_coding	ENSMUSG00000031980	-	Agt	1898
1899	Capn9	chr8	124576111	124618731	protein_coding	ENSMUSG00000031981	+	Capn9	1899
1900	2310022B05Rik	chr8	124635756	124663369	protein_coding	ENSMUSG00000031983	-	2310022B05Rik	1900
1901	Ttc13	chr8	124671332	124721983	protein_coding	ENSMUSG00000037300	-	Ttc13	1901
1902	Arv1	chr8	124722139	124734123	protein_coding	ENSMUSG00000031982	+	Arv1	1902
1903	Fam89a	chr8	124740257	124751832	protein_coding	ENSMUSG00000043068	-	Fam89a	1903
1904	Gm9172	chr8	124765261	124766214	processed_pseudogene	ENSMUSG00000110666	+	Gm9172	1904
1905	Trim67	chr8	124793092	124834713	protein_coding	ENSMUSG00000036913	+	Trim67	1905
1906	Gm16163	chr8	124831698	124863703	lncRNA	ENSMUSG00000090118	+	Gm16163	1906
1907	2810004N23Rik	chr8	124836945	124863120	protein_coding	ENSMUSG00000031984	-	2810004N23Rik	1907
1908	Gnpat	chr8	124863033	124890057	protein_coding	ENSMUSG00000031985	+	Gnpat	1908
1909	Exoc8	chr8	124893108	124897705	protein_coding	ENSMUSG00000074030	-	Exoc8	1909
1910	Sprtn	chr8	124897886	124906161	protein_coding	ENSMUSG00000031986	+	Sprtn	1910
1911	Gm45709	chr8	124897894	124900130	lncRNA	ENSMUSG00000110706	-	Gm45709	1911
1912	Egln1	chr8	124908587	124949324	protein_coding	ENSMUSG00000031987	-	Egln1	1912
1913	Tsnax	chr8	125012997	125034192	protein_coding	ENSMUSG00000056820	+	Tsnax	1913
1914	Gm45874	chr8	125018826	125019171	processed_pseudogene	ENSMUSG00000110683	-	Gm45874	1914
1915	Disc1	chr8	125054195	125261858	protein_coding	ENSMUSG00000043051	+	Disc1	1915
1916	Gm16237	chr8	125224400	125227323	lncRNA	ENSMUSG00000086694	-	Gm16237	1916
1917	Sipa1l2	chr8	125418063	125569808	protein_coding	ENSMUSG00000001995	-	Sipa1l2	1917
1918	4930567H12Rik	chr8	125584632	125625605	lncRNA	ENSMUSG00000110629	+	4930567H12Rik	1918
1919	Map10	chr8	125669818	125673359	protein_coding	ENSMUSG00000050930	+	Map10	1919
1920	Ntpcr	chr8	125729963	125748235	protein_coding	ENSMUSG00000031851	+	Ntpcr	1920
1921	Pcnx2	chr8	125751508	125898317	protein_coding	ENSMUSG00000060212	-	Pcnx2	1921
1922	A730098A19Rik	chr8	125897914	125908144	lncRNA	ENSMUSG00000100812	+	A730098A19Rik	1922
1923	Map3k21	chr8	125910450	125947440	protein_coding	ENSMUSG00000031853	+	Map3k21	1923
1924	Kcnk1	chr8	125995170	126030685	protein_coding	ENSMUSG00000033998	+	Kcnk1	1924
1925	Gm45875	chr8	126029248	126046808	lncRNA	ENSMUSG00000110698	-	Gm45875	1925
1926	Gm45876	chr8	126057816	126060524	TEC	ENSMUSG00000110437	-	Gm45876	1926
1927	Slc35f3	chr8	126138995	126395978	protein_coding	ENSMUSG00000057060	+	Slc35f3	1927
1928	Coa6	chr8	126422515	126425433	protein_coding	ENSMUSG00000051671	+	Coa6	1928
1929	Tarbp1	chr8	126425329	126475065	protein_coding	ENSMUSG00000090290	-	Tarbp1	1929
1930	Gm26759	chr8	126566970	126590988	lncRNA	ENSMUSG00000097060	+	Gm26759	1930
1931	Irf2bp2	chr8	126588296	126593986	protein_coding	ENSMUSG00000051495	-	Irf2bp2	1931
1932	Gm45805	chr8	126755571	126758334	lncRNA	ENSMUSG00000110626	-	Gm45805	1932
1933	Gm31718	chr8	126812640	126908215	lncRNA	ENSMUSG00000110697	-	Gm31718	1933
1934	A630001O12Rik	chr8	126839233	126851473	lncRNA	ENSMUSG00000110498	+	A630001O12Rik	1934
1935	Tomm20	chr8	126930667	126945844	protein_coding	ENSMUSG00000093904	-	Tomm20	1935
1936	Rbm34	chr8	126947172	126971071	protein_coding	ENSMUSG00000033931	-	Rbm34	1936
1937	Pard3	chr8	127063893	127612286	protein_coding	ENSMUSG00000025812	+	Pard3	1937
1938	Nrp1	chr8	128358604	128503363	protein_coding	ENSMUSG00000025810	+	Nrp1	1938
1939	Gm45746	chr8	128654313	128656759	TEC	ENSMUSG00000110654	+	Gm45746	1939
1940	Itgb1	chr8	128685654	128733200	protein_coding	ENSMUSG00000025809	+	Itgb1	1940
1941	Ccdc7a	chr8	128734235	129065517	protein_coding	ENSMUSG00000025808	-	Ccdc7a	1941
1942	Gm3952	chr8	128745963	128798694	protein_coding	ENSMUSG00000102141	-	Gm3952	1942
1943	Ccdc7b	chr8	129067134	129183732	protein_coding	ENSMUSG00000056018	+	Ccdc7b	1943
1944	Gm10999	chr8	129129097	129131661	protein_coding	ENSMUSG00000078840	-	Gm10999	1944
1945	2610044O15Rik8	chr8	129216354	129234406	protein_coding	ENSMUSG00000071302	-	2610044O15Rik8	1945
1946	Gm21399	chr8	129252998	129253594	processed_pseudogene	ENSMUSG00000094530	+	Gm21399	1946
1947	Gm32856	chr8	129263641	129282844	lncRNA	ENSMUSG00000110605	+	Gm32856	1947
