	gene_name	chr	start	end	type	ensembl_id	strand	gene_name2	Node_ID
0	Gm30674	chr10	3104119	3104849	processed_pseudogene	ENSMUSG00000110943	+	Gm30674	0
1	9230019H11Rik	chr10	3119841	3129546	lncRNA	ENSMUSG00000071434	+	9230019H11Rik	1
2	B020014A21Rik	chr10	3125091	3133193	lncRNA	ENSMUSG00000110909	-	B020014A21Rik	2
3	Gm8155	chr10	3139447	3141058	processed_pseudogene	ENSMUSG00000111242	-	Gm8155	3
4	Gm48097	chr10	3176020	3176188	processed_pseudogene	ENSMUSG00000111625	+	Gm48097	4
5	Gm6667	chr10	3212803	3235033	unprocessed_pseudogene	ENSMUSG00000110787	-	Gm6667	5
6	H60c	chr10	3256208	3267771	protein_coding	ENSMUSG00000091618	-	H60c	6
7	Ppp1r14c	chr10	3366057	3464975	protein_coding	ENSMUSG00000040653	+	Ppp1r14c	7
8	Iyd	chr10	3540240	3554877	protein_coding	ENSMUSG00000019762	+	Iyd	8
9	Plekhg1	chr10	3740364	3967303	protein_coding	ENSMUSG00000040624	+	Plekhg1	9
10	Gm16149	chr10	3869299	3869607	processed_pseudogene	ENSMUSG00000082123	-	Gm16149	10
11	Mthfd1l	chr10	3973118	4167081	protein_coding	ENSMUSG00000040675	+	Mthfd1l	11
12	Gm25515	chr10	4104313	4104469	snRNA	ENSMUSG00000065792	+	Gm25515	12
13	Gm30570	chr10	4206426	4213114	lncRNA	ENSMUSG00000111266	-	Gm30570	13
14	Akap12	chr10	4266380	4359470	protein_coding	ENSMUSG00000038587	+	Akap12	14
15	Zbtb2	chr10	4367075	4388108	protein_coding	ENSMUSG00000075327	-	Zbtb2	15
16	Gm21781	chr10	4391587	4396424	lncRNA	ENSMUSG00000095123	+	Gm21781	16
17	Rmnd1	chr10	4401915	4432388	protein_coding	ENSMUSG00000019763	-	Rmnd1	17
18	Gm16153	chr10	4409033	4423369	lncRNA	ENSMUSG00000085687	+	Gm16153	18
19	Armt1	chr10	4432467	4455141	protein_coding	ENSMUSG00000061759	+	Armt1	19
20	Ccdc170	chr10	4482502	4562231	protein_coding	ENSMUSG00000019767	+	Ccdc170	20
21	Esr1	chr10	4611593	5005614	protein_coding	ENSMUSG00000019768	+	Esr1	21
22	Syne1	chr10	5020917	5551482	protein_coding	ENSMUSG00000096054	-	Syne1	22
23	Gm10097	chr10	5069192	5071975	lncRNA	ENSMUSG00000096553	+	Gm10097	23
24	Gm23573	chr10	5357173	5357279	snRNA	ENSMUSG00000094906	+	Gm23573	24
25	Myct1	chr10	5593775	5606904	protein_coding	ENSMUSG00000046916	+	Myct1	25
26	Vip	chr10	5639218	5647617	protein_coding	ENSMUSG00000019772	+	Vip	26
27	Gm47679	chr10	5735819	5736938	processed_pseudogene	ENSMUSG00000110983	+	Gm47679	27
28	Fbxo5	chr10	5799160	5805600	protein_coding	ENSMUSG00000019773	-	Fbxo5	28
29	Mtrf1l	chr10	5811887	5823910	protein_coding	ENSMUSG00000019774	-	Mtrf1l	29
30	Rgs17	chr10	5825663	5922400	protein_coding	ENSMUSG00000019775	-	Rgs17	30
31	Gm10945	chr10	6740629	6761761	protein_coding	ENSMUSG00000078488	-	Gm10945	31
32	Oprm1	chr10	6758506	7038198	protein_coding	ENSMUSG00000000766	+	Oprm1	32
33	Ipcef1	chr10	6885796	7052478	protein_coding	ENSMUSG00000064065	-	Ipcef1	33
34	Gm15536	chr10	7038661	7038774	processed_pseudogene	ENSMUSG00000081926	+	Gm15536	34
35	Cnksr3	chr10	7119063	7212237	protein_coding	ENSMUSG00000015202	-	Cnksr3	35
36	Gm21321	chr10	7384111	7390783	processed_pseudogene	ENSMUSG00000112057	-	Gm21321	36
37	Ulbp1	chr10	7440362	7473638	protein_coding	ENSMUSG00000079685	-	Ulbp1	37
38	Gm46209	chr10	7458356	7458908	processed_pseudogene	ENSMUSG00000112474	+	Gm46209	38
39	Gm48121	chr10	7577103	7577373	processed_pseudogene	ENSMUSG00000112394	+	Gm48121	39
40	Lrp11	chr10	7589800	7625483	protein_coding	ENSMUSG00000019796	+	Lrp11	40
41	Gm16254	chr10	7606084	7606813	processed_pseudogene	ENSMUSG00000087350	-	Gm16254	41
42	Pcmt1	chr10	7629373	7681136	protein_coding	ENSMUSG00000019795	-	Pcmt1	42
43	Nup43	chr10	7667503	7678881	protein_coding	ENSMUSG00000040034	+	Nup43	43
44	Lats1	chr10	7681214	7716460	protein_coding	ENSMUSG00000040021	+	Lats1	44
45	Katna1	chr10	7726000	7763150	protein_coding	ENSMUSG00000019794	+	Katna1	45
46	Gm20470	chr10	7743520	7761099	lncRNA	ENSMUSG00000092190	-	Gm20470	46
47	Ginm1	chr10	7767947	7792824	protein_coding	ENSMUSG00000040006	-	Ginm1	47
48	B430219N15Rik	chr10	7780185	7781357	lncRNA	ENSMUSG00000085211	+	B430219N15Rik	48
49	Ppil4	chr10	7792891	7823135	protein_coding	ENSMUSG00000015757	+	Ppil4	49
50	Zc3h12d	chr10	7832470	7870396	protein_coding	ENSMUSG00000039981	+	Zc3h12d	50
51	Mir5104	chr10	7836381	7836474	miRNA	ENSMUSG00000093060	+	Mir5104	51
52	Tab2	chr10	7905653	7956230	protein_coding	ENSMUSG00000015755	-	Tab2	52
53	Gm48614	chr10	8001943	8021292	lncRNA	ENSMUSG00000112360	-	Gm48614	53
54	Gm30906	chr10	8176131	8193340	lncRNA	ENSMUSG00000112109	+	Gm30906	54
55	Ust	chr10	8204756	8518825	protein_coding	ENSMUSG00000047712	-	Ust	55
56	Sash1	chr10	8722219	8886070	protein_coding	ENSMUSG00000015305	-	Sash1	56
57	Gm25410	chr10	8824011	8824147	snoRNA	ENSMUSG00000065692	-	Gm25410	57
58	Gm26674	chr10	8884637	8886878	lncRNA	ENSMUSG00000097597	+	Gm26674	58
59	Gm48727	chr10	8903981	8945137	lncRNA	ENSMUSG00000111731	+	Gm48727	59
60	Gm48728	chr10	8951949	8967244	lncRNA	ENSMUSG00000111674	+	Gm48728	60
61	Gm48743	chr10	9069419	9071475	TEC	ENSMUSG00000111077	-	Gm48743	61
62	Gm48744	chr10	9223971	9224751	TEC	ENSMUSG00000112543	-	Gm48744	62
63	Gm48748	chr10	9329851	9336618	lncRNA	ENSMUSG00000112019	-	Gm48748	63
64	Gm48749	chr10	9336682	9395259	lncRNA	ENSMUSG00000111627	+	Gm48749	64
65	Gm48750	chr10	9356155	9356532	processed_pseudogene	ENSMUSG00000112048	+	Gm48750	65
66	Gm48751	chr10	9482929	9487202	TEC	ENSMUSG00000112307	-	Gm48751	66
67	Gm48753	chr10	9513937	9514106	processed_pseudogene	ENSMUSG00000112827	+	Gm48753	67
68	Gm9930	chr10	9532531	9535681	TEC	ENSMUSG00000053980	-	Gm9930	68
69	Gm48755	chr10	9546246	9547521	TEC	ENSMUSG00000111951	-	Gm48755	69
70	Gm48757	chr10	9566376	9567605	lncRNA	ENSMUSG00000112700	+	Gm48757	70
71	Gm48758	chr10	9587602	9588114	processed_pseudogene	ENSMUSG00000112162	-	Gm48758	71
72	Gm48759	chr10	9596472	9599423	lncRNA	ENSMUSG00000112303	+	Gm48759	72
73	Samd5	chr10	9622936	9675208	protein_coding	ENSMUSG00000060487	-	Samd5	73
74	Gm48760	chr10	9667676	9668176	processed_pseudogene	ENSMUSG00000112680	+	Gm48760	74
75	Gm6150	chr10	9683908	9691906	transcribed_processed_pseudogene	ENSMUSG00000111901	+	Gm6150	75
76	Stxbp5	chr10	9755547	9901079	protein_coding	ENSMUSG00000019790	-	Stxbp5	76
77	Gm25635	chr10	9852019	9852149	snoRNA	ENSMUSG00000064609	-	Gm25635	77
78	Gm46210	chr10	9901313	9918843	lncRNA	ENSMUSG00000112146	+	Gm46210	78
79	Gm28905	chr10	9976627	10207981	lncRNA	ENSMUSG00000101621	+	Gm28905	79
80	Gm48282	chr10	10040920	10041426	processed_pseudogene	ENSMUSG00000112059	+	Gm48282	80
81	Gm48278	chr10	10083943	10092295	lncRNA	ENSMUSG00000112074	+	Gm48278	81
82	Gm48281	chr10	10100420	10110099	lncRNA	ENSMUSG00000112713	-	Gm48281	82
83	Gm25682	chr10	10100953	10101116	snRNA	ENSMUSG00000065876	+	Gm25682	83
84	Gm48279	chr10	10122486	10126891	lncRNA	ENSMUSG00000112060	+	Gm48279	84
85	4930598N05Rik	chr10	10184800	10258699	lncRNA	ENSMUSG00000109160	+	4930598N05Rik	85
86	Gm44555	chr10	10193524	10193671	processed_pseudogene	ENSMUSG00000108973	+	Gm44555	86
87	Gm31904	chr10	10230736	10234850	lncRNA	ENSMUSG00000112219	-	Gm31904	87
88	Gm48324	chr10	10270402	10296929	lncRNA	ENSMUSG00000112573	-	Gm48324	88
89	Adgb	chr10	10335703	10472326	protein_coding	ENSMUSG00000050994	-	Adgb	89
90	Rab32	chr10	10545002	10558265	protein_coding	ENSMUSG00000019832	-	Rab32	90
91	Gm5177	chr10	10605945	10616313	transcribed_processed_pseudogene	ENSMUSG00000098065	+	Gm5177	91
92	Grm1	chr10	10686059	11082356	protein_coding	ENSMUSG00000019828	-	Grm1	92
93	4930567K20Rik	chr10	10748930	10778370	lncRNA	ENSMUSG00000112730	+	4930567K20Rik	93
94	Gm48406	chr10	11035916	11036144	processed_pseudogene	ENSMUSG00000111921	+	Gm48406	94
95	Shprh	chr10	11149427	11217595	protein_coding	ENSMUSG00000090112	+	Shprh	95
96	Gm16577	chr10	11212280	11212979	lncRNA	ENSMUSG00000090070	-	Gm16577	96
97	4930432B10Rik	chr10	11244790	11281221	lncRNA	ENSMUSG00000097007	-	4930432B10Rik	97
98	Fbxo30	chr10	11281330	11298052	protein_coding	ENSMUSG00000047648	+	Fbxo30	98
99	Gm25979	chr10	11330489	11330626	snoRNA	ENSMUSG00000087802	-	Gm25979	99
100	Epm2a	chr10	11343404	11459644	protein_coding	ENSMUSG00000055493	+	Epm2a	100
101	Gm48679	chr10	11505296	11505933	processed_pseudogene	ENSMUSG00000111949	+	Gm48679	101
102	Gm48680	chr10	11580086	11587244	lncRNA	ENSMUSG00000112151	+	Gm48680	102
103	Gm48697	chr10	11824413	11841931	lncRNA	ENSMUSG00000111995	-	Gm48697	103
104	Gm25011	chr10	11959880	11960005	snoRNA	ENSMUSG00000089023	+	Gm25011	104
105	Gm48721	chr10	12002790	12009771	lncRNA	ENSMUSG00000112747	-	Gm48721	105
106	Gm48722	chr10	12020860	12031440	lncRNA	ENSMUSG00000112775	-	Gm48722	106
107	Gm48723	chr10	12323421	12324661	lncRNA	ENSMUSG00000112156	-	Gm48723	107
108	Utrn	chr10	12382188	12869365	protein_coding	ENSMUSG00000019820	-	Utrn	108
109	Gm48798	chr10	12420804	12421596	TEC	ENSMUSG00000112816	-	Gm48798	109
110	B230208H11Rik	chr10	12916648	12923090	lncRNA	ENSMUSG00000097378	-	B230208H11Rik	110
111	Stx11	chr10	12938209	12964298	protein_coding	ENSMUSG00000039232	-	Stx11	111
112	Sf3b5	chr10	13005343	13009183	protein_coding	ENSMUSG00000078348	+	Sf3b5	112
113	Gm47691	chr10	13043097	13051385	lncRNA	ENSMUSG00000112498	-	Gm47691	113
114	Plagl1	chr10	13060504	13131694	protein_coding	ENSMUSG00000019817	+	Plagl1	114
115	Zc2hc1b	chr10	13149540	13178023	protein_coding	ENSMUSG00000019815	-	Zc2hc1b	115
116	Ltv1	chr10	13178140	13193168	protein_coding	ENSMUSG00000019814	-	Ltv1	116
117	Phactr2	chr10	13207717	13474412	protein_coding	ENSMUSG00000062866	-	Phactr2	117
118	Fuca2	chr10	13499540	13519035	protein_coding	ENSMUSG00000019810	+	Fuca2	118
119	Pex3	chr10	13523842	13553142	protein_coding	ENSMUSG00000019809	-	Pex3	119
120	Adat2	chr10	13552894	13563376	protein_coding	ENSMUSG00000019808	+	Adat2	120
121	Gm48773	chr10	13627198	13635107	lncRNA	ENSMUSG00000112055	+	Gm48773	121
122	Aig1	chr10	13647054	13868980	protein_coding	ENSMUSG00000019806	-	Aig1	122
123	Gm32172	chr10	13871280	13879208	lncRNA	ENSMUSG00000112172	+	Gm32172	123
124	Gm32105	chr10	13877893	13883293	lncRNA	ENSMUSG00000112102	-	Gm32105	124
125	4930444K16Rik	chr10	13927198	13928964	TEC	ENSMUSG00000112494	-	4930444K16Rik	125
126	Hivep2	chr10	13966075	14151374	protein_coding	ENSMUSG00000015501	+	Hivep2	126
127	Gm28289	chr10	14149084	14154446	lncRNA	ENSMUSG00000101014	-	Gm28289	127
128	Gm48843	chr10	14197015	14206821	lncRNA	ENSMUSG00000112266	+	Gm48843	128
129	Gm48845	chr10	14226489	14266790	lncRNA	ENSMUSG00000112284	+	Gm48845	129
130	Gm48844	chr10	14226667	14233958	lncRNA	ENSMUSG00000112238	-	Gm48844	130
131	Gm24343	chr10	14233513	14233623	snoRNA	ENSMUSG00000089333	+	Gm24343	131
132	Gm40603	chr10	14296921	14324756	lncRNA	ENSMUSG00000112679	+	Gm40603	132
133	Gm37299	chr10	14313908	14314733	TEC	ENSMUSG00000102229	+	Gm37299	133
134	Gm48854	chr10	14327411	14336615	lncRNA	ENSMUSG00000112225	+	Gm48854	134
135	Adgrg6	chr10	14402583	14545659	protein_coding	ENSMUSG00000039116	-	Adgrg6	135
136	Gm46212	chr10	14544490	14551031	lncRNA	ENSMUSG00000111888	+	Gm46212	136
137	Vta1	chr10	14654755	14705560	protein_coding	ENSMUSG00000019868	-	Vta1	137
138	Gm16234	chr10	14664220	14668318	lncRNA	ENSMUSG00000085572	+	Gm16234	138
139	Nmbr	chr10	14705591	14770850	protein_coding	ENSMUSG00000019865	+	Nmbr	139
140	Gje1	chr10	14715623	14718214	protein_coding	ENSMUSG00000019867	-	Gje1	140
141	Gm8355	chr10	14745362	14747302	processed_pseudogene	ENSMUSG00000093798	-	Gm8355	141
142	Gm47698	chr10	14771940	14774519	lncRNA	ENSMUSG00000112113	+	Gm47698	142
143	Gm47703	chr10	15135903	15136300	processed_pseudogene	ENSMUSG00000112475	+	Gm47703	143
144	Gm47710	chr10	15300231	15392942	lncRNA	ENSMUSG00000112928	+	Gm47710	144
145	Gm7198	chr10	15520331	15521404	processed_pseudogene	ENSMUSG00000112395	-	Gm7198	145
146	Gm47712	chr10	15600227	15780010	lncRNA	ENSMUSG00000112089	+	Gm47712	146
147	Gm46188	chr10	15670924	15671385	processed_pseudogene	ENSMUSG00000112335	+	Gm46188	147
148	Gm40604	chr10	15697996	15760012	lncRNA	ENSMUSG00000112800	-	Gm40604	148
149	Gm32283	chr10	15734912	15738822	lncRNA	ENSMUSG00000111963	-	Gm32283	149
150	C330004P14Rik	chr10	15791777	15807065	lncRNA	ENSMUSG00000112227	+	C330004P14Rik	150
151	Gm18557	chr10	16364798	16366574	processed_pseudogene	ENSMUSG00000112602	+	Gm18557	151
152	Gm47729	chr10	16584268	16644555	lncRNA	ENSMUSG00000112929	+	Gm47729	152
153	Gm20125	chr10	16906427	17095807	lncRNA	ENSMUSG00000101969	-	Gm20125	153
154	Gm47760	chr10	17294698	17332877	lncRNA	ENSMUSG00000111922	-	Gm47760	154
155	Gm47769	chr10	17512114	17520608	lncRNA	ENSMUSG00000112587	-	Gm47769	155
156	Gm47768	chr10	17514730	17514944	processed_pseudogene	ENSMUSG00000112296	+	Gm47768	156
157	Gm47770	chr10	17522613	17526914	lncRNA	ENSMUSG00000111927	-	Gm47770	157
158	Gm47771	chr10	17562743	17658513	lncRNA	ENSMUSG00000112629	-	Gm47771	158
159	Cited2	chr10	17723218	17725674	protein_coding	ENSMUSG00000039910	+	Cited2	159
160	Gm20655	chr10	17790522	17799921	lncRNA	ENSMUSG00000093672	-	Gm20655	160
161	Txlnb	chr10	17796226	17845665	protein_coding	ENSMUSG00000039891	+	Txlnb	161
162	Heca	chr10	17868612	17948067	protein_coding	ENSMUSG00000039879	-	Heca	162
163	Abracl	chr10	18011260	18023288	protein_coding	ENSMUSG00000078453	-	Abracl	163
164	Gm17711	chr10	18011268	18011505	pseudogene	ENSMUSG00000091367	+	Gm17711	164
165	Reps1	chr10	18055861	18125155	protein_coding	ENSMUSG00000019854	+	Reps1	165
166	Ect2l	chr10	18128903	18210890	protein_coding	ENSMUSG00000071392	-	Ect2l	166
167	Ccdc28a	chr10	18213676	18234998	protein_coding	ENSMUSG00000059554	-	Ccdc28a	167
168	Gm10827	chr10	18235053	18246019	lncRNA	ENSMUSG00000096977	+	Gm10827	168
169	Gm48229	chr10	18302669	18303062	processed_pseudogene	ENSMUSG00000110762	-	Gm48229	169
170	Nhsl1	chr10	18318985	18533892	protein_coding	ENSMUSG00000039835	+	Nhsl1	170
171	Gm18942	chr10	18336121	18337241	processed_pseudogene	ENSMUSG00000111313	-	Gm18942	171
172	Hebp2	chr10	18539498	18546076	protein_coding	ENSMUSG00000019853	-	Hebp2	172
173	Arfgef3	chr10	18581839	18743949	protein_coding	ENSMUSG00000019852	-	Arfgef3	173
174	Gm32926	chr10	18743469	18837979	lncRNA	ENSMUSG00000111474	+	Gm32926	174
175	Gm4922	chr10	18779725	18786793	protein_coding	ENSMUSG00000044624	-	Gm4922	175
176	4930444F02Rik	chr10	18796806	18831930	lncRNA	ENSMUSG00000110737	-	4930444F02Rik	176
177	Perp	chr10	18845020	18857073	protein_coding	ENSMUSG00000019851	+	Perp	177
178	Gm48483	chr10	18879735	18887029	lncRNA	ENSMUSG00000111318	-	Gm48483	178
179	Tnfaip3	chr10	19000910	19015657	protein_coding	ENSMUSG00000019850	-	Tnfaip3	179
180	1700124M09Rik	chr10	19086530	19087178	lncRNA	ENSMUSG00000110938	-	1700124M09Rik	180
181	Gm48545	chr10	19094050	19101595	lncRNA	ENSMUSG00000111821	-	Gm48545	181
182	Gm20139	chr10	19141751	19206702	lncRNA	ENSMUSG00000111052	+	Gm20139	182
183	Gm33056	chr10	19290989	19325817	lncRNA	ENSMUSG00000110917	+	Gm33056	183
184	Olig3	chr10	19356533	19358604	protein_coding	ENSMUSG00000045591	+	Olig3	184
185	Gm33104	chr10	19486715	19507311	lncRNA	ENSMUSG00000110902	+	Gm33104	185
186	Gm48563	chr10	19519302	19522650	TEC	ENSMUSG00000110835	-	Gm48563	186
187	Ifngr1	chr10	19591949	19610229	protein_coding	ENSMUSG00000020009	+	Ifngr1	187
188	Il22ra2	chr10	19621998	19634681	protein_coding	ENSMUSG00000039760	+	Il22ra2	188
189	9230106D20Rik	chr10	19644750	19660801	lncRNA	ENSMUSG00000042940	+	9230106D20Rik	189
190	Il20ra	chr10	19712570	19760053	protein_coding	ENSMUSG00000020007	+	Il20ra	190
191	Gm33332	chr10	19716152	19718704	lncRNA	ENSMUSG00000110958	-	Gm33332	191
192	Gm25256	chr10	19782854	19782960	snRNA	ENSMUSG00000094977	+	Gm25256	192
193	Slc35d3	chr10	19847916	19851459	protein_coding	ENSMUSG00000050473	-	Slc35d3	193
194	Pex7	chr10	19853900	19907689	protein_coding	ENSMUSG00000020003	-	Pex7	194
195	Gm48714	chr10	19873007	19874447	TEC	ENSMUSG00000111067	-	Gm48714	195
196	Map3k5	chr10	19934472	20142753	protein_coding	ENSMUSG00000071369	+	Map3k5	196
197	Map7	chr10	20148471	20281590	protein_coding	ENSMUSG00000019996	+	Map7	197
198	4930405J17Rik	chr10	20199240	20201838	lncRNA	ENSMUSG00000110754	-	4930405J17Rik	198
199	Rpl32l	chr10	20208490	20208888	processed_pseudogene	ENSMUSG00000111356	+	Rpl32l	199
200	Gm48249	chr10	20267049	20286647	lncRNA	ENSMUSG00000111447	-	Gm48249	200
201	Gm30285	chr10	20292785	20293206	processed_pseudogene	ENSMUSG00000111064	+	Gm30285	201
202	4933406P04Rik	chr10	20310506	20312294	lncRNA	ENSMUSG00000069713	-	4933406P04Rik	202
203	Bclaf1	chr10	20312469	20344613	protein_coding	ENSMUSG00000037608	+	Bclaf1	203
204	Mtfr2	chr10	20347770	20361304	protein_coding	ENSMUSG00000019992	+	Mtfr2	204
205	Gm48537	chr10	20365010	20365437	processed_pseudogene	ENSMUSG00000111351	-	Gm48537	205
206	Pde7b	chr10	20398004	20725078	protein_coding	ENSMUSG00000019990	-	Pde7b	206
207	Gm17229	chr10	20515327	20519768	transcribed_processed_pseudogene	ENSMUSG00000092051	-	Gm17229	207
208	Gm17230	chr10	20625635	20629576	processed_pseudogene	ENSMUSG00000091730	+	Gm17230	208
209	Gm48651	chr10	20756117	20831303	lncRNA	ENSMUSG00000111091	+	Gm48651	209
210	Ahi1	chr10	20952547	21080429	protein_coding	ENSMUSG00000019986	+	Ahi1	210
211	Gm10826	chr10	21030490	21033793	TEC	ENSMUSG00000111006	-	Gm10826	211
212	Gm20149	chr10	21034304	21048899	lncRNA	ENSMUSG00000111227	-	Gm20149	212
213	Gm48189	chr10	21100560	21102226	lncRNA	ENSMUSG00000111102	+	Gm48189	213
214	Myb	chr10	21124935	21160984	protein_coding	ENSMUSG00000019982	-	Myb	214
215	Gm26577	chr10	21145094	21154374	lncRNA	ENSMUSG00000097923	+	Gm26577	215
216	Gm40608	chr10	21177627	21189182	lncRNA	ENSMUSG00000110967	-	Gm40608	216
217	Gm33619	chr10	21182695	21188620	lncRNA	ENSMUSG00000111005	+	Gm33619	217
218	Gm33728	chr10	21198101	21252114	lncRNA	ENSMUSG00000111200	-	Gm33728	218
219	Hbs1l	chr10	21295979	21368898	protein_coding	ENSMUSG00000019977	+	Hbs1l	219
220	4930455C13Rik	chr10	21319088	21342057	lncRNA	ENSMUSG00000112654	-	4930455C13Rik	220
221	Aldh8a1	chr10	21377291	21396585	protein_coding	ENSMUSG00000037542	+	Aldh8a1	221
222	Fkbp1a-ps2	chr10	21410263	21410573	processed_pseudogene	ENSMUSG00000112405	-	Fkbp1a-ps2	222
223	1700021A07Rik	chr10	21419358	21426565	lncRNA	ENSMUSG00000037535	+	1700021A07Rik	223
224	1700020N01Rik	chr10	21593145	21622376	protein_coding	ENSMUSG00000050844	+	1700020N01Rik	224
225	Gm5420	chr10	21686411	21707440	lncRNA	ENSMUSG00000056716	+	Gm5420	225
226	Gm29323	chr10	21743867	21747006	lncRNA	ENSMUSG00000099749	+	Gm29323	226
227	Platr6	chr10	21830499	21844851	lncRNA	ENSMUSG00000097107	-	Platr6	227
228	Sgk1	chr10	21882184	21999903	protein_coding	ENSMUSG00000019970	+	Sgk1	228
229	Gm8540	chr10	22040701	22048512	unprocessed_pseudogene	ENSMUSG00000090535	-	Gm8540	229
230	Gm7672	chr10	22046114	22046985	processed_pseudogene	ENSMUSG00000097086	-	Gm7672	230
231	Gm18637	chr10	22052251	22054150	processed_pseudogene	ENSMUSG00000111953	+	Gm18637	231
232	Gm2539	chr10	22074237	22103313	transcribed_unprocessed_pseudogene	ENSMUSG00000097739	+	Gm2539	232
233	E030030I06Rik	chr10	22113050	22149270	protein_coding	ENSMUSG00000097327	-	E030030I06Rik	233
234	Raet1e	chr10	22158569	22374139	protein_coding	ENSMUSG00000053219	+	Raet1e	234
235	H60b	chr10	22158586	22288849	protein_coding	ENSMUSG00000075297	+	H60b	235
236	Gm26740	chr10	22187013	22302835	lncRNA	ENSMUSG00000097705	-	Gm26740	236
237	Gm26581	chr10	22212653	22217241	lncRNA	ENSMUSG00000097108	+	Gm26581	237
238	Gm1972	chr10	22224280	22253819	unprocessed_pseudogene	ENSMUSG00000097053	+	Gm1972	238
239	C920009B18Rik	chr10	22306702	22321765	transcribed_unprocessed_pseudogene	ENSMUSG00000097352	+	C920009B18Rik	239
240	Raet1d	chr10	22360552	22374139	protein_coding	ENSMUSG00000078452	+	Raet1d	240
241	Gm16531	chr10	22414514	22444036	unprocessed_pseudogene	ENSMUSG00000097012	+	Gm16531	241
242	Slc2a12	chr10	22645011	22704285	protein_coding	ENSMUSG00000037490	+	Slc2a12	242
243	Tbpl1	chr10	22703879	22731938	protein_coding	ENSMUSG00000071359	-	Tbpl1	243
244	AC166256.1	chr10	22712085	22731237	protein_coding	ENSMUSG00000118528	-	AC166256.1	244
245	Mir7663	chr10	22729372	22729432	miRNA	ENSMUSG00000098714	-	Mir7663	245
246	Gm10824	chr10	22815749	22823330	lncRNA	ENSMUSG00000112397	+	Gm10824	246
247	Tcf21	chr10	22817281	22820174	protein_coding	ENSMUSG00000045680	-	Tcf21	247
248	Eya4	chr10	23102963	23350786	protein_coding	ENSMUSG00000010461	-	Eya4	248
249	Gm24655	chr10	23166865	23166971	snRNA	ENSMUSG00000094033	-	Gm24655	249
250	Gm47843	chr10	23573020	23609431	lncRNA	ENSMUSG00000111894	-	Gm47843	250
251	4930520K02Rik	chr10	23611263	23622148	lncRNA	ENSMUSG00000112868	-	4930520K02Rik	251
252	Rps12	chr10	23785183	23787275	protein_coding	ENSMUSG00000061983	-	Rps12	252
253	Snora33	chr10	23785347	23785475	snoRNA	ENSMUSG00000070063	-	Snora33	253
254	Snord100	chr10	23785750	23785823	snoRNA	ENSMUSG00000080486	-	Snord100	254
255	Slc18b1	chr10	23796986	23827968	protein_coding	ENSMUSG00000037455	+	Slc18b1	255
256	Vnn3	chr10	23851462	23869843	protein_coding	ENSMUSG00000020010	+	Vnn3	256
257	Vnn1	chr10	23894688	23905343	protein_coding	ENSMUSG00000037440	+	Vnn1	257
258	Taar2	chr10	23938572	23941583	protein_coding	ENSMUSG00000059763	+	Taar2	258
259	Taar6	chr10	23984609	23985646	protein_coding	ENSMUSG00000045111	-	Taar6	259
260	Taar7a	chr10	23992405	23993481	protein_coding	ENSMUSG00000095647	-	Taar7a	260
261	Taar7e	chr10	24037614	24038690	protein_coding	ENSMUSG00000100689	+	Taar7e	261
262	Taar8c	chr10	24100878	24101912	protein_coding	ENSMUSG00000100004	-	Taar8c	262
263	Gm40614	chr10	24123214	24132480	lncRNA	ENSMUSG00000085451	-	Gm40614	263
264	Stx7	chr10	24149302	24190222	protein_coding	ENSMUSG00000019998	+	Stx7	264
265	Moxd1	chr10	24223517	24302790	protein_coding	ENSMUSG00000020000	+	Moxd1	265
266	Gm15271	chr10	24447490	24452657	lncRNA	ENSMUSG00000086148	+	Gm15271	266
267	Gm15270	chr10	24549441	24597108	lncRNA	ENSMUSG00000087400	-	Gm15270	267
268	Gm6893	chr10	24567077	24568134	processed_pseudogene	ENSMUSG00000081259	-	Gm6893	268
269	Ccn2	chr10	24595442	24598683	protein_coding	ENSMUSG00000019997	+	Ccn2	269
270	Enpp1	chr10	24637914	24712159	protein_coding	ENSMUSG00000037370	-	Enpp1	270
271	Enpp3	chr10	24772406	24842823	protein_coding	ENSMUSG00000019989	-	Enpp3	271
272	Med23	chr10	24869986	24913681	protein_coding	ENSMUSG00000019984	+	Med23	272
273	Gm23410	chr10	24893980	24894086	snRNA	ENSMUSG00000096809	+	Gm23410	273
274	Arg1	chr10	24915221	24927484	protein_coding	ENSMUSG00000019987	-	Arg1	274
275	Gm47715	chr10	25000020	25031035	lncRNA	ENSMUSG00000111970	+	Gm47715	275
276	Gm4777	chr10	25053359	25054685	processed_pseudogene	ENSMUSG00000112597	+	Gm4777	276
277	Gm22566	chr10	25054140	25054224	miRNA	ENSMUSG00000093282	+	Gm22566	277
278	Akap7	chr10	25169090	25307870	protein_coding	ENSMUSG00000039166	-	Akap7	278
279	Gm40617	chr10	25298609	25306432	lncRNA	ENSMUSG00000112352	+	Gm40617	279
280	Epb41l2	chr10	25359798	25523519	protein_coding	ENSMUSG00000019978	+	Epb41l2	280
281	Gm47830	chr10	25415354	25416185	processed_pseudogene	ENSMUSG00000112445	-	Gm47830	281
282	Smlr1	chr10	25527943	25536267	protein_coding	ENSMUSG00000096546	-	Smlr1	282
283	Gm29571	chr10	25536386	25673343	lncRNA	ENSMUSG00000101537	+	Gm29571	283
284	Gm36908	chr10	25615632	25621563	lncRNA	ENSMUSG00000112630	-	Gm36908	284
285	Gm47924	chr10	25627573	25628874	processed_pseudogene	ENSMUSG00000112101	-	Gm47924	285
286	Gm36543	chr10	25701410	25707943	lncRNA	ENSMUSG00000112803	-	Gm36543	286
287	4930401C15Rik	chr10	25779314	25837437	lncRNA	ENSMUSG00000112444	-	4930401C15Rik	287
288	Gm19801	chr10	25831134	25836156	processed_pseudogene	ENSMUSG00000112491	+	Gm19801	288
289	Gm8681	chr10	25833079	25833696	processed_pseudogene	ENSMUSG00000112691	-	Gm8681	289
290	Gm47939	chr10	25899279	25903916	lncRNA	ENSMUSG00000112324	+	Gm47939	290
291	Tmem200a	chr10	25912331	26079052	protein_coding	ENSMUSG00000049420	-	Tmem200a	291
292	Gm9767	chr10	26078255	26079447	lncRNA	ENSMUSG00000039098	+	Gm9767	292
293	Samd3	chr10	26229707	26272172	protein_coding	ENSMUSG00000051354	+	Samd3	293
294	L3mbtl3	chr10	26274468	26375971	protein_coding	ENSMUSG00000039089	-	L3mbtl3	294
295	Gm27754	chr10	26356732	26356857	miRNA	ENSMUSG00000098898	-	Gm27754	295
296	Gm5649	chr10	26383144	26384094	processed_pseudogene	ENSMUSG00000112045	-	Gm5649	296
297	Gm30034	chr10	26493098	26498747	lncRNA	ENSMUSG00000112797	+	Gm30034	297
298	Gm48864	chr10	26626547	26629075	unitary_pseudogene	ENSMUSG00000111882	+	Gm48864	298
299	Gm8709	chr10	26673601	26674612	processed_pseudogene	ENSMUSG00000098179	-	Gm8709	299
300	Gm48893	chr10	26695574	26742860	lncRNA	ENSMUSG00000111950	+	Gm48893	300
301	Gm48892	chr10	26742079	26742556	processed_pseudogene	ENSMUSG00000112675	-	Gm48892	301
302	Arhgap18	chr10	26753421	26918648	protein_coding	ENSMUSG00000039031	+	Arhgap18	302
303	Gm48084	chr10	26949740	26982036	lncRNA	ENSMUSG00000112751	+	Gm48084	303
304	Gm30534	chr10	26966085	26966291	processed_pseudogene	ENSMUSG00000112804	+	Gm30534	304
305	Lama2	chr10	26980036	27619758	protein_coding	ENSMUSG00000019899	-	Lama2	305
306	Gm17917	chr10	27280718	27281670	processed_pseudogene	ENSMUSG00000112052	+	Gm17917	306
307	4930579H20Rik	chr10	27389866	27397225	lncRNA	ENSMUSG00000101636	+	4930579H20Rik	307
308	Gm36962	chr10	27613568	27615328	TEC	ENSMUSG00000103931	-	Gm36962	308
309	Gm30165	chr10	27646313	27698327	lncRNA	ENSMUSG00000112610	-	Gm30165	309
310	Gm30228	chr10	27744884	27809624	lncRNA	ENSMUSG00000112206	-	Gm30228	310
311	Gm18041	chr10	27778274	27778891	processed_pseudogene	ENSMUSG00000112703	+	Gm18041	311
312	Gm47696	chr10	27784244	27784643	processed_pseudogene	ENSMUSG00000112786	-	Gm47696	312
313	Gm10145	chr10	27936364	27936825	processed_pseudogene	ENSMUSG00000064208	+	Gm10145	313
314	Ptprk	chr10	28074820	28597397	protein_coding	ENSMUSG00000019889	+	Ptprk	314
315	Themis	chr10	28668360	28883818	protein_coding	ENSMUSG00000049109	+	Themis	315
316	4930519F09Rik	chr10	28880921	28923507	transcribed_processed_pseudogene	ENSMUSG00000090126	-	4930519F09Rik	316
317	2310057J18Rik	chr10	28972288	28986303	protein_coding	ENSMUSG00000015519	-	2310057J18Rik	317
318	Gm30619	chr10	29029128	29035453	unprocessed_pseudogene	ENSMUSG00000111542	-	Gm30619	318
319	Gm9996	chr10	29143282	29144194	TEC	ENSMUSG00000056316	-	Gm9996	319
320	Soga3	chr10	29143839	29199630	protein_coding	ENSMUSG00000038916	+	Soga3	320
321	Gm49353	chr10	29198954	29221940	protein_coding	ENSMUSG00000110723	+	Gm49353	321
322	9330159F19Rik	chr10	29211606	29230779	protein_coding	ENSMUSG00000004360	+	9330159F19Rik	322
323	Gm46218	chr10	29297934	29313825	lncRNA	ENSMUSG00000110830	-	Gm46218	323
324	Echdc1	chr10	29313166	29347469	protein_coding	ENSMUSG00000019883	+	Echdc1	324
325	Rnf146	chr10	29344176	29362442	protein_coding	ENSMUSG00000038876	-	Rnf146	325
326	Gm47483	chr10	29351879	29353893	TEC	ENSMUSG00000111496	-	Gm47483	326
327	Gm30698	chr10	29362148	29365345	TEC	ENSMUSG00000111090	+	Gm30698	327
328	Gm40621	chr10	29366740	29374945	lncRNA	ENSMUSG00000111646	+	Gm40621	328
329	Rspo3	chr10	29452416	29535867	protein_coding	ENSMUSG00000019880	-	Rspo3	329
330	Gm20276	chr10	29490774	29493421	TEC	ENSMUSG00000110986	-	Gm20276	330
331	Gm48159	chr10	29534717	29614471	lncRNA	ENSMUSG00000110831	+	Gm48159	331
332	Gm10275	chr10	29698746	29699380	transcribed_processed_pseudogene	ENSMUSG00000069682	-	Gm10275	332
333	Gm48215	chr10	29984178	30004378	lncRNA	ENSMUSG00000111195	-	Gm48215	333
334	Gm232	chr10	30010951	30017095	unprocessed_pseudogene	ENSMUSG00000111554	+	Gm232	334
335	Gm8767	chr10	30084265	30085334	processed_pseudogene	ENSMUSG00000111001	-	Gm8767	335
336	Cenpw	chr10	30194569	30200560	protein_coding	ENSMUSG00000075266	-	Cenpw	336
337	Gm4780	chr10	30372918	30375561	transcribed_processed_pseudogene	ENSMUSG00000111047	+	Gm4780	337
338	Gm48232	chr10	30511760	30514123	TEC	ENSMUSG00000111397	-	Gm48232	338
339	Gm48233	chr10	30530914	30532030	TEC	ENSMUSG00000111211	-	Gm48233	339
340	Trmt11	chr10	30534225	30600749	protein_coding	ENSMUSG00000019792	-	Trmt11	340
341	Gm20300	chr10	30603195	30606634	lncRNA	ENSMUSG00000111080	-	Gm20300	341
342	Hint3	chr10	30608141	30629632	protein_coding	ENSMUSG00000019791	-	Hint3	342
343	Ncoa7	chr10	30628999	30803326	protein_coding	ENSMUSG00000039697	-	Ncoa7	343
344	Gm24189	chr10	30673134	30673227	rRNA	ENSMUSG00000088600	-	Gm24189	344
345	Gm48335	chr10	30740152	30743962	TEC	ENSMUSG00000110894	-	Gm48335	345
346	Gm48334	chr10	30768799	30769575	TEC	ENSMUSG00000111442	-	Gm48334	346
347	Hey2	chr10	30832359	30842801	protein_coding	ENSMUSG00000019789	-	Hey2	347
348	Gm48862	chr10	30880517	30880850	processed_pseudogene	ENSMUSG00000110918	+	Gm48862	348
349	Gm30676	chr10	31006412	31066244	lncRNA	ENSMUSG00000111778	-	Gm30676	349
350	Gm5422	chr10	31248023	31251043	transcribed_processed_pseudogene	ENSMUSG00000039684	+	Gm5422	350
351	Hddc2	chr10	31313383	31328204	protein_coding	ENSMUSG00000000295	+	Hddc2	351
352	n-R5s76	chr10	31317169	31317281	rRNA	ENSMUSG00000084649	-	n-R5s76	352
353	Gm48865	chr10	31321418	31324022	TEC	ENSMUSG00000111664	+	Gm48865	353
354	Tpd52l1	chr10	31332376	31445958	protein_coding	ENSMUSG00000000296	-	Tpd52l1	354
355	Gm48094	chr10	31398923	31414401	lncRNA	ENSMUSG00000111256	+	Gm48094	355
356	Supt4b	chr10	31413815	31414165	processed_pseudogene	ENSMUSG00000110960	-	Supt4b	356
357	Gm48092	chr10	31423529	31426090	TEC	ENSMUSG00000110758	-	Gm48092	357
358	Gm48093	chr10	31429993	31433506	lncRNA	ENSMUSG00000110976	+	Gm48093	358
359	Gm47687	chr10	31448257	31452082	TEC	ENSMUSG00000111865	-	Gm47687	359
360	Rnf217	chr10	31493193	31609184	protein_coding	ENSMUSG00000063760	-	Rnf217	360
361	Gm47693	chr10	31555920	31557440	TEC	ENSMUSG00000112338	-	Gm47693	361
362	Gm7909	chr10	31574400	31575013	processed_pseudogene	ENSMUSG00000098068	-	Gm7909	362
363	Gm8793	chr10	31639158	31640460	processed_pseudogene	ENSMUSG00000098038	+	Gm8793	363
364	Nkain2	chr10	31689310	32890462	protein_coding	ENSMUSG00000069670	-	Nkain2	364
365	Gm47704	chr10	31867912	31871101	TEC	ENSMUSG00000112866	+	Gm47704	365
366	Gm18189	chr10	31971719	31973669	processed_pseudogene	ENSMUSG00000112906	-	Gm18189	366
367	A230081H15Rik	chr10	32263611	32266539	TEC	ENSMUSG00000112367	-	A230081H15Rik	367
368	C030006N10Rik	chr10	32279177	32279693	TEC	ENSMUSG00000112409	-	C030006N10Rik	368
369	Gm18704	chr10	32369555	32370292	unprocessed_pseudogene	ENSMUSG00000112511	-	Gm18704	369
370	Gm47700	chr10	32484490	32486999	TEC	ENSMUSG00000112075	-	Gm47700	370
371	Gm47702	chr10	32638831	32639486	TEC	ENSMUSG00000112914	-	Gm47702	371
372	Gm47823	chr10	32917208	32939685	lncRNA	ENSMUSG00000112469	-	Gm47823	372
373	Trdn	chr10	33080554	33476709	protein_coding	ENSMUSG00000019787	+	Trdn	373
374	Gm47831	chr10	33171710	33172486	TEC	ENSMUSG00000112897	+	Gm47831	374
375	Gm47845	chr10	33211085	33211632	processed_pseudogene	ENSMUSG00000112182	+	Gm47845	375
376	D830005E20Rik	chr10	33222345	33256418	lncRNA	ENSMUSG00000112707	-	D830005E20Rik	376
377	Gm47842	chr10	33324012	33327775	processed_pseudogene	ENSMUSG00000112855	-	Gm47842	377
378	Gm47844	chr10	33435482	33436853	processed_pseudogene	ENSMUSG00000111958	-	Gm47844	378
379	Gm47908	chr10	33477115	33477472	TEC	ENSMUSG00000112329	-	Gm47908	379
380	Clvs2	chr10	33512286	33624769	protein_coding	ENSMUSG00000019785	-	Clvs2	380
381	Gm47910	chr10	33580688	33583829	TEC	ENSMUSG00000112248	-	Gm47910	381
382	Gm47911	chr10	33619236	33621709	TEC	ENSMUSG00000112369	-	Gm47911	382
383	Gm15939	chr10	33624246	33662432	lncRNA	ENSMUSG00000090087	+	Gm15939	383
384	Sult3a2	chr10	33766424	33786704	protein_coding	ENSMUSG00000090298	-	Sult3a2	384
385	Gm10327	chr10	33808497	33809498	processed_pseudogene	ENSMUSG00000071343	-	Gm10327	385
386	Sult3a1	chr10	33857721	33879532	protein_coding	ENSMUSG00000069668	+	Sult3a1	386
387	Gm47935	chr10	33872634	33873018	processed_pseudogene	ENSMUSG00000112447	-	Gm47935	387
388	Gm47940	chr10	33894093	33894256	processed_pseudogene	ENSMUSG00000112534	-	Gm47940	388
389	Rsph4a	chr10	33905111	33916021	protein_coding	ENSMUSG00000039552	+	Rsph4a	389
390	Zup1	chr10	33919142	33951269	protein_coding	ENSMUSG00000039531	-	Zup1	390
391	Gm48018	chr10	33969983	33976689	transcribed_unprocessed_pseudogene	ENSMUSG00000111993	+	Gm48018	391
392	Gm7940	chr10	33972801	33973569	processed_pseudogene	ENSMUSG00000112782	-	Gm7940	392
393	Gm48034	chr10	33980497	33980840	processed_pseudogene	ENSMUSG00000112801	-	Gm48034	393
394	A830082N09Rik	chr10	33987216	33995055	lncRNA	ENSMUSG00000112280	-	A830082N09Rik	394
395	Rwdd1	chr10	33996555	34019624	protein_coding	ENSMUSG00000019782	-	Rwdd1	395
396	Trappc3l	chr10	34037597	34109815	protein_coding	ENSMUSG00000071340	+	Trappc3l	396
397	Calhm4	chr10	34038784	34044310	protein_coding	ENSMUSG00000039508	-	Calhm4	397
398	Calhm5	chr10	34087815	34096519	protein_coding	ENSMUSG00000049872	-	Calhm5	398
399	Calhm6	chr10	34126067	34127984	protein_coding	ENSMUSG00000046031	-	Calhm6	399
400	Dse	chr10	34151393	34207715	protein_coding	ENSMUSG00000039497	-	Dse	400
401	Gm47445	chr10	34178235	34179928	TEC	ENSMUSG00000111361	-	Gm47445	401
402	Gm26564	chr10	34230907	34233531	lncRNA	ENSMUSG00000111149	-	Gm26564	402
403	Gm47485	chr10	34242813	34245589	TEC	ENSMUSG00000111563	-	Gm47485	403
404	Tspyl1	chr10	34282190	34285275	protein_coding	ENSMUSG00000047514	+	Tspyl1	404
405	Nt5dc1	chr10	34288288	34418552	protein_coding	ENSMUSG00000039480	-	Nt5dc1	405
406	Gm47508	chr10	34293558	34296573	TEC	ENSMUSG00000110791	+	Gm47508	406
407	Gm47512	chr10	34295912	34298907	lncRNA	ENSMUSG00000097274	-	Gm47512	407
408	Tspyl4	chr10	34297442	34301320	protein_coding	ENSMUSG00000039485	+	Tspyl4	408
409	Col10a1	chr10	34389981	34397085	protein_coding	ENSMUSG00000039462	+	Col10a1	409
410	Frk	chr10	34483399	34611278	protein_coding	ENSMUSG00000019779	+	Frk	410
411	Gm18252	chr10	34878624	35065312	transcribed_processed_pseudogene	ENSMUSG00000111042	+	Gm18252	411
412	1700054O05Rik	chr10	35478827	35485396	lncRNA	ENSMUSG00000111753	-	1700054O05Rik	412
413	Amd2	chr10	35708675	35711892	protein_coding	ENSMUSG00000063953	-	Amd2	413
414	Gm49446	chr10	35838490	35854475	lncRNA	ENSMUSG00000111550	+	Gm49446	414
415	Gm47046	chr10	35849310	35859450	processed_pseudogene	ENSMUSG00000110865	-	Gm47046	415
416	Gm47048	chr10	36095876	36096495	processed_pseudogene	ENSMUSG00000110987	+	Gm47048	416
417	Gm47049	chr10	36391592	36396928	lncRNA	ENSMUSG00000110731	+	Gm47049	417
418	Hs3st5	chr10	36506814	36834397	protein_coding	ENSMUSG00000044499	+	Hs3st5	418
419	Gm47054	chr10	36611900	36614074	TEC	ENSMUSG00000111231	-	Gm47054	419
420	Hdac2	chr10	36974544	37001889	protein_coding	ENSMUSG00000019777	+	Hdac2	420
421	Marcks	chr10	37133375	37138920	protein_coding	ENSMUSG00000069662	-	Marcks	421
422	5930403N24Rik	chr10	37139402	37151315	lncRNA	ENSMUSG00000046463	+	5930403N24Rik	422
423	Gm26535	chr10	37337486	37379652	lncRNA	ENSMUSG00000097742	+	Gm26535	423
424	Gm48172	chr10	37452452	37452680	processed_pseudogene	ENSMUSG00000111549	-	Gm48172	424
425	Gm31378	chr10	38116245	38122061	lncRNA	ENSMUSG00000111488	-	Gm31378	425
426	4930591E09Rik	chr10	38175780	38181903	lncRNA	ENSMUSG00000111234	+	4930591E09Rik	426
427	Gm48197	chr10	38295074	38313846	lncRNA	ENSMUSG00000111208	-	Gm48197	427
428	Gm48198	chr10	38433979	38434135	processed_pseudogene	ENSMUSG00000110782	-	Gm48198	428
429	Gm22911	chr10	38615375	38615481	snRNA	ENSMUSG00000094521	-	Gm22911	429
430	Lama4	chr10	38965515	39110188	protein_coding	ENSMUSG00000019846	+	Lama4	430
431	Fam229b	chr10	39118804	39133914	protein_coding	ENSMUSG00000051736	-	Fam229b	431
432	Tube1	chr10	39133976	39152542	protein_coding	ENSMUSG00000019845	+	Tube1	432
433	Ccn6	chr10	39150970	39163794	protein_coding	ENSMUSG00000062074	-	Ccn6	433
434	D030034A15Rik	chr10	39169300	39173252	lncRNA	ENSMUSG00000111055	-	D030034A15Rik	434
435	Gm6477	chr10	39198538	39199301	processed_pseudogene	ENSMUSG00000111877	+	Gm6477	435
436	Gm31562	chr10	39245046	39255100	lncRNA	ENSMUSG00000111008	+	Gm31562	436
437	Gm48486	chr10	39282341	39323417	lncRNA	ENSMUSG00000111183	-	Gm48486	437
438	Fyn	chr10	39368855	39565381	protein_coding	ENSMUSG00000019843	+	Fyn	438
439	Gm16364	chr10	39558496	39613682	lncRNA	ENSMUSG00000086915	-	Gm16364	439
440	Traf3ip2	chr10	39612934	39655307	protein_coding	ENSMUSG00000019842	+	Traf3ip2	440
441	E130307A14Rik	chr10	39621412	39732007	lncRNA	ENSMUSG00000087177	-	E130307A14Rik	441
442	2900078I11Rik	chr10	39657428	39658426	TEC	ENSMUSG00000111358	-	2900078I11Rik	442
443	Gm8899	chr10	39662089	39663420	processed_pseudogene	ENSMUSG00000111847	+	Gm8899	443
444	Rev3l	chr10	39732118	39875211	protein_coding	ENSMUSG00000019841	+	Rev3l	444
445	Gm22105	chr10	39749317	39749432	snRNA	ENSMUSG00000080384	+	Gm22105	445
446	Mfsd4b4	chr10	39890013	39899238	protein_coding	ENSMUSG00000096687	-	Mfsd4b4	446
447	4930547M16Rik	chr10	39899329	39907931	lncRNA	ENSMUSG00000097890	+	4930547M16Rik	447
448	Gm8911	chr10	39911149	39911800	processed_pseudogene	ENSMUSG00000111355	+	Gm8911	448
449	Mfsd4b2-ps	chr10	39920380	39937313	transcribed_unprocessed_pseudogene	ENSMUSG00000039339	-	Mfsd4b2-ps	449
450	Gm31848	chr10	39936855	39939963	unprocessed_pseudogene	ENSMUSG00000111620	+	Gm31848	450
451	Mfsd4b3-ps	chr10	39946912	39960184	transcribed_unprocessed_pseudogene	ENSMUSG00000071335	-	Mfsd4b3-ps	451
452	Mfsd4b5	chr10	39958036	39986646	protein_coding	ENSMUSG00000038528	-	Mfsd4b5	452
453	Mfsd4b1	chr10	40001575	40025268	protein_coding	ENSMUSG00000038522	-	Mfsd4b1	453
454	Gm48839	chr10	40009555	40009936	processed_pseudogene	ENSMUSG00000111608	+	Gm48839	454
455	Gm8055	chr10	40011866	40012873	processed_pseudogene	ENSMUSG00000096171	+	Gm8055	455
456	Slc16a10	chr10	40033532	40142258	protein_coding	ENSMUSG00000019838	-	Slc16a10	456
457	Gm25613	chr10	40109462	40109590	snoRNA	ENSMUSG00000077200	+	Gm25613	457
458	Gm31992	chr10	40164110	40169759	lncRNA	ENSMUSG00000110781	+	Gm31992	458
459	Gm47598	chr10	40180657	40183692	lncRNA	ENSMUSG00000111045	-	Gm47598	459
460	Gm37786	chr10	40219583	40222807	TEC	ENSMUSG00000102632	-	Gm37786	460
461	Rpf2	chr10	40223246	40247036	protein_coding	ENSMUSG00000038510	-	Rpf2	461
462	Gtf3c6	chr10	40247703	40258108	protein_coding	ENSMUSG00000019837	-	Gtf3c6	462
463	Rnu3a	chr10	40258467	40258680	snoRNA	ENSMUSG00000065870	+	Rnu3a	463
464	A930033M14Rik	chr10	40260934	40261333	lncRNA	ENSMUSG00000111665	+	A930033M14Rik	464
465	Gm47867	chr10	40280683	40282053	processed_pseudogene	ENSMUSG00000111213	-	Gm47867	465
466	Amd1	chr10	40287458	40302188	protein_coding	ENSMUSG00000075232	-	Amd1	466
467	Cdk19	chr10	40339564	40483818	protein_coding	ENSMUSG00000038481	+	Cdk19	467
468	Cdk19os	chr10	40348508	40350103	lncRNA	ENSMUSG00000038491	-	Cdk19os	468
469	Gm18671	chr10	40548892	40549574	processed_pseudogene	ENSMUSG00000111251	+	Gm18671	469
470	Slc22a16	chr10	40570336	40604132	protein_coding	ENSMUSG00000019834	+	Slc22a16	470
471	Ddo	chr10	40630011	40681847	protein_coding	ENSMUSG00000063428	+	Ddo	471
472	Mettl24	chr10	40683282	40811083	protein_coding	ENSMUSG00000045555	+	Mettl24	472
473	Cdc40	chr10	40831621	40883311	protein_coding	ENSMUSG00000038446	-	Cdc40	473
474	Gm22948	chr10	40875640	40875882	misc_RNA	ENSMUSG00000089186	-	Gm22948	474
475	Wasf1	chr10	40883475	40938570	protein_coding	ENSMUSG00000019831	+	Wasf1	475
476	Gm48057	chr10	41035195	41037214	lncRNA	ENSMUSG00000111098	+	Gm48057	476
477	Gpr6	chr10	41069977	41072285	protein_coding	ENSMUSG00000046922	-	Gpr6	477
478	Gm32284	chr10	41075368	41101794	lncRNA	ENSMUSG00000111576	+	Gm32284	478
479	Gm32338	chr10	41103004	41138196	lncRNA	ENSMUSG00000111587	-	Gm32338	479
480	Fig4	chr10	41188172	41303260	protein_coding	ENSMUSG00000038417	-	Fig4	480
481	Ak9	chr10	41303980	41434534	protein_coding	ENSMUSG00000091415	+	Ak9	481
482	Gm18305	chr10	41362837	41364964	processed_pseudogene	ENSMUSG00000110822	-	Gm18305	482
483	Zbtb24	chr10	41450383	41465574	protein_coding	ENSMUSG00000019826	+	Zbtb24	483
484	Mical1	chr10	41476314	41487032	protein_coding	ENSMUSG00000019823	+	Mical1	484
485	Smpd2	chr10	41485642	41490369	protein_coding	ENSMUSG00000019822	-	Smpd2	485
486	Ppil6	chr10	41490439	41514286	protein_coding	ENSMUSG00000078451	+	Ppil6	486
487	Cd164	chr10	41519414	41531048	protein_coding	ENSMUSG00000019818	+	Cd164	487
488	Ccdc162	chr10	41538846	41716634	protein_coding	ENSMUSG00000075225	-	Ccdc162	488
489	Gm17196	chr10	41553762	41556552	lncRNA	ENSMUSG00000090708	+	Gm17196	489
490	5730435O14Rik	chr10	41568016	41576476	lncRNA	ENSMUSG00000091370	+	5730435O14Rik	490
491	Mir3473b	chr10	41670739	41670793	miRNA	ENSMUSG00000093298	+	Mir3473b	491
492	Cep57l1	chr10	41718840	41809871	protein_coding	ENSMUSG00000019813	-	Cep57l1	492
493	BC048559	chr10	41746721	41783437	lncRNA	ENSMUSG00000102114	+	BC048559	493
494	Sesn1	chr10	41809935	41908424	protein_coding	ENSMUSG00000038332	+	Sesn1	494
495	9930024M15Rik	chr10	41826538	41829121	TEC	ENSMUSG00000111131	+	9930024M15Rik	495
496	Armc2	chr10	41914990	42018442	protein_coding	ENSMUSG00000071324	-	Armc2	496
497	1700016J18Rik	chr10	42018216	42018810	lncRNA	ENSMUSG00000111103	+	1700016J18Rik	497
498	Gm9855	chr10	42054113	42055306	processed_pseudogene	ENSMUSG00000085666	-	Gm9855	498
499	Foxo3	chr10	42181841	42276755	protein_coding	ENSMUSG00000048756	-	Foxo3	499
500	Afg1l	chr10	42312585	42478565	protein_coding	ENSMUSG00000038302	-	Afg1l	500
501	Gm15198	chr10	42435889	42436065	processed_pseudogene	ENSMUSG00000083429	+	Gm15198	501
502	Gm25277	chr10	42493423	42493746	misc_RNA	ENSMUSG00000087891	-	Gm25277	502
503	Snx3	chr10	42502030	42535381	protein_coding	ENSMUSG00000019804	+	Snx3	503
504	Nr2e1	chr10	42561963	42583632	protein_coding	ENSMUSG00000019803	-	Nr2e1	504
505	Ostm1	chr10	42583822	42702459	protein_coding	ENSMUSG00000038280	+	Ostm1	505
506	Gm15199	chr10	42740539	42758660	lncRNA	ENSMUSG00000086428	-	Gm15199	506
507	Sec63	chr10	42761496	42832514	protein_coding	ENSMUSG00000019802	+	Sec63	507
508	Scml4	chr10	42860370	42960780	protein_coding	ENSMUSG00000044770	+	Scml4	508
509	Gm34006	chr10	42861382	42864699	lncRNA	ENSMUSG00000111293	-	Gm34006	509
510	Gm48671	chr10	42886705	42888797	lncRNA	ENSMUSG00000111086	-	Gm48671	510
511	Sobp	chr10	43002500	43174530	protein_coding	ENSMUSG00000038248	-	Sobp	511
512	Gm47815	chr10	43034993	43050219	lncRNA	ENSMUSG00000111171	+	Gm47815	512
513	Gm29245	chr10	43154216	43155631	TEC	ENSMUSG00000099893	+	Gm29245	513
514	Gm29246	chr10	43173263	43173958	lncRNA	ENSMUSG00000102062	+	Gm29246	514
515	9030612E09Rik	chr10	43174699	43176562	lncRNA	ENSMUSG00000045008	+	9030612E09Rik	515
516	Pdss2	chr10	43221486	43464882	protein_coding	ENSMUSG00000038240	+	Pdss2	516
517	Gm47857	chr10	43363010	43366888	TEC	ENSMUSG00000110903	+	Gm47857	517
518	Gm47856	chr10	43412531	43413762	TEC	ENSMUSG00000110772	+	Gm47856	518
519	Bend3	chr10	43478831	43515396	protein_coding	ENSMUSG00000038214	+	Bend3	519
520	Gm47889	chr10	43518571	43555817	lncRNA	ENSMUSG00000111368	+	Gm47889	520
521	Gm9803	chr10	43524084	43524646	protein_coding	ENSMUSG00000045886	+	Gm9803	521
522	1700021F05Rik	chr10	43525133	43540994	protein_coding	ENSMUSG00000019797	-	1700021F05Rik	522
523	Cd24a	chr10	43578284	43584265	protein_coding	ENSMUSG00000047139	+	Cd24a	523
524	F930017D23Rik	chr10	43593397	43709668	lncRNA	ENSMUSG00000075184	+	F930017D23Rik	524
525	Gm34481	chr10	43659318	43663498	lncRNA	ENSMUSG00000111565	+	Gm34481	525
526	Gm47927	chr10	43681001	43687302	lncRNA	ENSMUSG00000111749	-	Gm47927	526
527	Gm47926	chr10	43690726	43691828	lncRNA	ENSMUSG00000111575	-	Gm47926	527
528	Gm40634	chr10	43740114	43743087	lncRNA	ENSMUSG00000111377	-	Gm40634	528
529	1700027J07Rik	chr10	43745809	43765836	lncRNA	ENSMUSG00000111422	+	1700027J07Rik	529
530	Gm9034	chr10	43821231	43822235	processed_pseudogene	ENSMUSG00000094852	+	Gm9034	530
531	4933404K13Rik	chr10	43824200	43833392	lncRNA	ENSMUSG00000111342	+	4933404K13Rik	531
532	Qrsl1	chr10	43874188	43901745	protein_coding	ENSMUSG00000019863	-	Qrsl1	532
533	Rtn4ip1	chr10	43901807	43957201	protein_coding	ENSMUSG00000019864	+	Rtn4ip1	533
534	Crybg1	chr10	43950636	44148853	protein_coding	ENSMUSG00000019866	-	Crybg1	534
535	Speer5-ps1	chr10	44169911	44219583	transcribed_processed_pseudogene	ENSMUSG00000091358	+	Speer5-ps1	535
536	Atg5	chr10	44268358	44364291	protein_coding	ENSMUSG00000038160	+	Atg5	536
537	Gm35028	chr10	44418400	44424324	lncRNA	ENSMUSG00000111078	-	Gm35028	537
538	Prdm1	chr10	44437177	44528501	protein_coding	ENSMUSG00000038151	-	Prdm1	538
539	Gm48061	chr10	44580517	44590238	lncRNA	ENSMUSG00000111463	-	Gm48061	539
540	Gm5950	chr10	44589928	44592573	processed_pseudogene	ENSMUSG00000111730	+	Gm5950	540
541	Gm22087	chr10	44597240	44597327	snRNA	ENSMUSG00000088964	-	Gm22087	541
542	Gm48065	chr10	44597889	44602174	lncRNA	ENSMUSG00000111116	-	Gm48065	542
543	Gm35154	chr10	44598720	44689081	lncRNA	ENSMUSG00000111535	+	Gm35154	543
544	Gm48066	chr10	44647518	44662496	lncRNA	ENSMUSG00000111034	+	Gm48066	544
545	Gm47388	chr10	44697180	44699931	TEC	ENSMUSG00000111641	+	Gm47388	545
546	Gm47389	chr10	44715558	44717165	lncRNA	ENSMUSG00000111362	+	Gm47389	546
547	4930431F10Rik	chr10	44730769	44738900	lncRNA	ENSMUSG00000111494	-	4930431F10Rik	547
548	Gm47392	chr10	44730940	44823886	lncRNA	ENSMUSG00000110893	+	Gm47392	548
549	Gm47398	chr10	44851393	44866786	lncRNA	ENSMUSG00000111868	-	Gm47398	549
550	Gm6983	chr10	44852614	44853241	processed_pseudogene	ENSMUSG00000111671	+	Gm6983	550
551	Gm40638	chr10	44902558	44943294	lncRNA	ENSMUSG00000110898	-	Gm40638	551
552	Prep	chr10	45067203	45167198	protein_coding	ENSMUSG00000019849	+	Prep	552
553	Gm23766	chr10	45095629	45095708	miRNA	ENSMUSG00000077082	-	Gm23766	553
554	Popdc3	chr10	45178098	45318452	protein_coding	ENSMUSG00000019848	+	Popdc3	554
555	Gm26016	chr10	45268603	45268731	snoRNA	ENSMUSG00000077591	-	Gm26016	555
556	Gm15934	chr10	45287311	45289424	lncRNA	ENSMUSG00000090088	-	Gm15934	556
557	Bves	chr10	45335772	45372479	protein_coding	ENSMUSG00000071317	+	Bves	557
558	Lin28b	chr10	45376620	45486395	protein_coding	ENSMUSG00000063804	-	Lin28b	558
559	Gm27731	chr10	45537244	45537350	miRNA	ENSMUSG00000098993	+	Gm27731	559
560	Hace1	chr10	45577829	45712345	protein_coding	ENSMUSG00000038822	+	Hace1	560
561	Gm47504	chr10	45581219	45581571	processed_pseudogene	ENSMUSG00000111466	+	Gm47504	561
562	Gm47503	chr10	45656955	45661912	TEC	ENSMUSG00000111491	+	Gm47503	562
563	Gm47502	chr10	45680957	45681525	transcribed_processed_pseudogene	ENSMUSG00000111036	+	Gm47502	563
564	D030045P18Rik	chr10	45807562	45852283	lncRNA	ENSMUSG00000110874	+	D030045P18Rik	564
565	Gpx4-ps2	chr10	45875291	45876086	transcribed_processed_pseudogene	ENSMUSG00000110841	+	Gpx4-ps2	565
566	Gm35430	chr10	46228639	46325294	lncRNA	ENSMUSG00000111182	+	Gm35430	566
567	Gm23481	chr10	46658508	46658638	snoRNA	ENSMUSG00000077361	-	Gm23481	567
568	Gm19994	chr10	46670144	46670729	processed_pseudogene	ENSMUSG00000111754	+	Gm19994	568
569	Gm25650	chr10	46838346	46838507	snRNA	ENSMUSG00000065718	-	Gm25650	569
570	Gm35552	chr10	47016652	47102832	lncRNA	ENSMUSG00000110843	-	Gm35552	570
571	Gm47568	chr10	47024247	47037346	lncRNA	ENSMUSG00000111419	+	Gm47568	571
572	Gm19137	chr10	47304704	47310575	processed_pseudogene	ENSMUSG00000111719	-	Gm19137	572
573	Gm9068	chr10	47325218	47325672	processed_pseudogene	ENSMUSG00000111072	-	Gm9068	573
574	Gm47571	chr10	47640123	47640534	TEC	ENSMUSG00000112702	+	Gm47571	574
575	Gm47331	chr10	47941841	47945427	processed_pseudogene	ENSMUSG00000112917	+	Gm47331	575
576	Gm47354	chr10	48534981	48536356	lncRNA	ENSMUSG00000111262	-	Gm47354	576
577	Gm47355	chr10	48566168	48569999	processed_pseudogene	ENSMUSG00000111585	+	Gm47355	577
578	Gm47356	chr10	48678011	48681857	processed_pseudogene	ENSMUSG00000111436	-	Gm47356	578
579	Gm47377	chr10	48692852	48694412	processed_pseudogene	ENSMUSG00000111900	+	Gm47377	579
580	Gm47378	chr10	48868578	48870245	TEC	ENSMUSG00000111433	+	Gm47378	580
581	AC113305.1	chr10	49094006	49094729	processed_pseudogene	ENSMUSG00000111374	-	AC113305.1	581
582	Grik2	chr10	49094833	49788766	protein_coding	ENSMUSG00000056073	-	Grik2	582
583	Gm47017	chr10	49188994	49192365	TEC	ENSMUSG00000112295	-	Gm47017	583
584	Gm26543	chr10	49219422	49225653	lncRNA	ENSMUSG00000097884	-	Gm26543	584
585	Gm47018	chr10	49236915	49237861	lncRNA	ENSMUSG00000112103	-	Gm47018	585
586	Gm47023	chr10	49482000	49484479	TEC	ENSMUSG00000111935	-	Gm47023	586
587	Gm47016	chr10	49661647	49663273	TEC	ENSMUSG00000112340	-	Gm47016	587
588	Gm47022	chr10	49700363	49702834	TEC	ENSMUSG00000112142	-	Gm47022	588
589	Gm48125	chr10	49799325	49801079	TEC	ENSMUSG00000110832	+	Gm48125	589
590	Gm48128	chr10	49826270	49830115	processed_pseudogene	ENSMUSG00000111551	+	Gm48128	590
591	Gm48131	chr10	49980034	49981881	TEC	ENSMUSG00000111142	-	Gm48131	591
592	Gm48132	chr10	50179151	50182994	processed_pseudogene	ENSMUSG00000112349	-	Gm48132	592
593	Gm48269	chr10	50183039	50184149	processed_pseudogene	ENSMUSG00000112049	-	Gm48269	593
594	Gm48270	chr10	50255675	50259522	processed_pseudogene	ENSMUSG00000112667	+	Gm48270	594
595	Gm48271	chr10	50292646	50296142	TEC	ENSMUSG00000110779	-	Gm48271	595
596	Gm48273	chr10	50333764	50334749	TEC	ENSMUSG00000110896	-	Gm48273	596
597	Gm6991	chr10	50480996	50482173	processed_pseudogene	ENSMUSG00000112456	+	Gm6991	597
598	Ascc3	chr10	50592669	50851485	protein_coding	ENSMUSG00000038774	+	Ascc3	598
599	Gm48332	chr10	50696472	50696841	TEC	ENSMUSG00000112927	+	Gm48332	599
600	Gm18120	chr10	50758184	50758694	processed_pseudogene	ENSMUSG00000112918	+	Gm18120	600
601	Gm48333	chr10	50813725	50813990	processed_pseudogene	ENSMUSG00000112594	+	Gm48333	601
602	Sim1	chr10	50894754	50989152	protein_coding	ENSMUSG00000019913	+	Sim1	602
603	Gm49339	chr10	51480612	51496613	protein_coding	ENSMUSG00000062593	+	Gm49339	603
604	Lilr4b	chr10	51480632	51486703	protein_coding	ENSMUSG00000112023	+	Lilr4b	604
605	Gm40645	chr10	51489530	51522447	lncRNA	ENSMUSG00000112766	-	Gm40645	605
606	Lilrb4a	chr10	51490956	51496611	protein_coding	ENSMUSG00000112148	+	Lilrb4a	606
607	Gm46224	chr10	51526340	51531161	lncRNA	ENSMUSG00000112843	+	Gm46224	607
608	Gm48786	chr10	51543035	51546848	processed_pseudogene	ENSMUSG00000112226	+	Gm48786	608
609	Gm48788	chr10	51568949	51574134	processed_pseudogene	ENSMUSG00000112244	+	Gm48788	609
610	Fam162b	chr10	51585416	51590517	protein_coding	ENSMUSG00000019909	-	Fam162b	610
611	Gprc6a	chr10	51614823	51631461	protein_coding	ENSMUSG00000019905	-	Gprc6a	611
612	1700042O05Rik	chr10	51666989	51675831	lncRNA	ENSMUSG00000112878	+	1700042O05Rik	612
613	Rfx6	chr10	51677756	51730432	protein_coding	ENSMUSG00000019900	+	Rfx6	613
614	Gm47614	chr10	51781993	51786941	lncRNA	ENSMUSG00000112337	-	Gm47614	614
615	Gm40646	chr10	51863852	51970291	lncRNA	ENSMUSG00000112659	-	Gm40646	615
616	Gm47626	chr10	51986342	51989579	processed_pseudogene	ENSMUSG00000112557	-	Gm47626	616
617	Ros1	chr10	52045721	52195244	protein_coding	ENSMUSG00000019893	-	Ros1	617
618	Dcbld1	chr10	52233619	52321378	protein_coding	ENSMUSG00000019891	+	Dcbld1	618
619	Gopc	chr10	52335850	52382124	protein_coding	ENSMUSG00000019861	-	Gopc	619
620	Gm6627	chr10	52341272	52343657	processed_pseudogene	ENSMUSG00000112550	-	Gm6627	620
621	Gm26741	chr10	52358767	52358853	protein_coding	ENSMUSG00000097704	+	Gm26741	621
622	Gm47580	chr10	52379196	52381226	TEC	ENSMUSG00000112317	-	Gm47580	622
623	Nepn	chr10	52388972	52404625	protein_coding	ENSMUSG00000038624	+	Nepn	623
624	Nus1	chr10	52417547	52440183	protein_coding	ENSMUSG00000023068	+	Nus1	624
625	Gm47608	chr10	52450369	52452515	TEC	ENSMUSG00000112563	+	Gm47608	625
626	Gm47607	chr10	52451409	52453591	TEC	ENSMUSG00000112361	-	Gm47607	626
627	Gm47611	chr10	52523022	52526859	processed_pseudogene	ENSMUSG00000112149	+	Gm47611	627
628	Zfa-ps	chr10	52542320	52545739	transcribed_processed_pseudogene	ENSMUSG00000049576	-	Zfa-ps	628
629	Gm36065	chr10	52594012	52600673	lncRNA	ENSMUSG00000112552	+	Gm36065	629
630	Slc35f1	chr10	52690533	53111622	protein_coding	ENSMUSG00000038602	+	Slc35f1	630
631	Gm47624	chr10	52693838	52697673	TEC	ENSMUSG00000111918	+	Gm47624	631
632	Gm47623	chr10	52801493	52801700	TEC	ENSMUSG00000112257	+	Gm47623	632
633	Gm47621	chr10	52824305	52826842	TEC	ENSMUSG00000112576	+	Gm47621	633
634	Gm47622	chr10	53102543	53104953	lncRNA	ENSMUSG00000112681	+	Gm47622	634
635	Gm40649	chr10	53181180	53220463	lncRNA	ENSMUSG00000112376	+	Gm40649	635
636	Gm36173	chr10	53235187	53260736	lncRNA	ENSMUSG00000112835	+	Gm36173	636
637	Cep85l	chr10	53273443	53379947	protein_coding	ENSMUSG00000038594	-	Cep85l	637
638	Gm19395	chr10	53280281	53283686	lncRNA	ENSMUSG00000112709	+	Gm19395	638
639	Gm17823	chr10	53299137	53300142	processed_pseudogene	ENSMUSG00000112239	-	Gm17823	639
640	Pln	chr10	53337667	53345987	protein_coding	ENSMUSG00000038583	+	Pln	640
641	Gm47644	chr10	53337753	53345085	lncRNA	ENSMUSG00000112734	-	Gm47644	641
642	Gm47641	chr10	53379452	53381386	TEC	ENSMUSG00000111892	+	Gm47641	642
643	Gm36229	chr10	53409882	53424272	lncRNA	ENSMUSG00000112132	+	Gm36229	643
644	Gm40650	chr10	53488222	53514547	lncRNA	ENSMUSG00000112733	+	Gm40650	644
645	Gm20597	chr10	53498443	53518989	lncRNA	ENSMUSG00000112739	-	Gm20597	645
646	Gm47722	chr10	53529657	53530185	processed_pseudogene	ENSMUSG00000112440	-	Gm47722	646
647	Mcm9	chr10	53536315	53630439	protein_coding	ENSMUSG00000058298	-	Mcm9	647
648	Gm47738	chr10	53569669	53571582	lncRNA	ENSMUSG00000112530	+	Gm47738	648
649	Gm47739	chr10	53570625	53575756	lncRNA	ENSMUSG00000112731	-	Gm47739	649
650	Gm47737	chr10	53592817	53593124	TEC	ENSMUSG00000112634	-	Gm47737	650
651	Asf1a	chr10	53596757	53609225	protein_coding	ENSMUSG00000019857	+	Asf1a	651
652	4930466K18Rik	chr10	53614369	53615274	TEC	ENSMUSG00000112332	+	4930466K18Rik	652
653	Fam184a	chr10	53633145	53751123	protein_coding	ENSMUSG00000019856	-	Fam184a	653
654	Gm47915	chr10	53798024	53803529	lncRNA	ENSMUSG00000112809	-	Gm47915	654
655	Man1a	chr10	53904785	54076609	protein_coding	ENSMUSG00000003746	-	Man1a	655
656	Gm47917	chr10	54063811	54065069	lncRNA	ENSMUSG00000112824	+	Gm47917	656
657	Gm16998	chr10	54075922	54081081	lncRNA	ENSMUSG00000097069	+	Gm16998	657
658	Gm47967	chr10	54211734	54212823	processed_pseudogene	ENSMUSG00000112013	+	Gm47967	658
659	Gm47968	chr10	54212871	54216723	processed_pseudogene	ENSMUSG00000112516	+	Gm47968	659
660	Tbc1d32	chr10	56014293	56228689	protein_coding	ENSMUSG00000038122	-	Tbc1d32	660
661	Msl3l2	chr10	56106917	56116880	protein_coding	ENSMUSG00000047669	+	Msl3l2	661
662	Rps8-ps1	chr10	56354451	56355074	processed_pseudogene	ENSMUSG00000071303	-	Rps8-ps1	662
663	Gja1	chr10	56377330	56402513	protein_coding	ENSMUSG00000050953	+	Gja1	663
664	Gm36595	chr10	56431981	56475967	lncRNA	ENSMUSG00000112833	+	Gm36595	664
665	Gm9118	chr10	56497341	56498094	processed_pseudogene	ENSMUSG00000112825	+	Gm9118	665
666	Gm9795	chr10	56656194	56656886	processed_pseudogene	ENSMUSG00000045048	+	Gm9795	666
667	Gm48053	chr10	56909674	56914765	lncRNA	ENSMUSG00000112837	-	Gm48053	667
668	Gm36827	chr10	56970329	56982232	lncRNA	ENSMUSG00000112327	-	Gm36827	668
669	Gm40652	chr10	57117222	57157621	lncRNA	ENSMUSG00000112345	+	Gm40652	669
670	Gm48055	chr10	57266499	57266754	processed_pseudogene	ENSMUSG00000112217	-	Gm48055	670
671	Gm7001	chr10	57290889	57292353	processed_pseudogene	ENSMUSG00000111954	+	Gm7001	671
672	Gm9129	chr10	57386423	57391155	processed_pseudogene	ENSMUSG00000111969	+	Gm9129	672
673	4930467K11Rik	chr10	57478381	57486351	lncRNA	ENSMUSG00000097370	-	4930467K11Rik	673
674	Hsf2	chr10	57486385	57513135	protein_coding	ENSMUSG00000019878	+	Hsf2	674
675	Serinc1	chr10	57515774	57532530	protein_coding	ENSMUSG00000019877	-	Serinc1	675
676	Pkib	chr10	57631981	57741112	protein_coding	ENSMUSG00000019876	+	Pkib	676
677	Gm5777	chr10	57782354	57782801	processed_pseudogene	ENSMUSG00000093552	+	Gm5777	677
678	Fabp7	chr10	57784881	57788450	protein_coding	ENSMUSG00000019874	+	Fabp7	678
679	Smpdl3a	chr10	57794335	57811830	protein_coding	ENSMUSG00000019872	+	Smpdl3a	679
680	AW822073	chr10	58222972	58224930	protein_coding	ENSMUSG00000058537	-	AW822073	680
681	Gm10807	chr10	58227857	58228651	unprocessed_pseudogene	ENSMUSG00000057216	-	Gm10807	681
682	Duxf3	chr10	58229979	58232675	protein_coding	ENSMUSG00000075046	-	Duxf3	682
683	Gm4981	chr10	58234848	58236701	protein_coding	ENSMUSG00000075045	-	Gm4981	683
684	Gm19459	chr10	58239608	58240661	unprocessed_pseudogene	ENSMUSG00000093601	-	Gm19459	684
685	Gcc2	chr10	58255497	58305599	protein_coding	ENSMUSG00000038039	+	Gcc2	685
686	Lims1	chr10	58323466	58424691	protein_coding	ENSMUSG00000019920	+	Lims1	686
687	Gm23058	chr10	58349498	58349604	snRNA	ENSMUSG00000070214	-	Gm23058	687
688	Ranbp2	chr10	58446920	58494356	protein_coding	ENSMUSG00000003226	+	Ranbp2	688
689	Ccdc138	chr10	58497948	58576244	protein_coding	ENSMUSG00000038010	+	Ccdc138	689
690	Edar	chr10	58600789	58675654	protein_coding	ENSMUSG00000003227	-	Edar	690
691	BB019430	chr10	58696745	58704279	lncRNA	ENSMUSG00000091526	+	BB019430	691
692	Gm17542	chr10	58713606	58718210	protein_coding	ENSMUSG00000091731	-	Gm17542	692
693	Sh3rf3	chr10	58813359	59138916	protein_coding	ENSMUSG00000037990	+	Sh3rf3	693
694	Gm27672	chr10	58965543	58965746	miRNA	ENSMUSG00000098653	+	Gm27672	694
695	Sept10	chr10	59141627	59221847	protein_coding	ENSMUSG00000019917	-	Sept10	695
696	Sowahc	chr10	59221953	59226434	protein_coding	ENSMUSG00000098188	+	Sowahc	696
697	P4ha1	chr10	59323296	59373304	protein_coding	ENSMUSG00000019916	+	P4ha1	697
698	Gm10273	chr10	59395755	59396384	processed_pseudogene	ENSMUSG00000069622	+	Gm10273	698
699	Pla2g12b	chr10	59403660	59421976	protein_coding	ENSMUSG00000009646	+	Pla2g12b	699
700	Oit3	chr10	59422958	59441778	protein_coding	ENSMUSG00000009654	-	Oit3	700
701	Mcu	chr10	59446984	59616692	protein_coding	ENSMUSG00000009647	-	Mcu	701
702	Gm10322	chr10	59616063	59617416	lncRNA	ENSMUSG00000071280	+	Gm10322	702
703	Micu1	chr10	59702477	59864132	protein_coding	ENSMUSG00000020111	+	Micu1	703
704	Gm17059	chr10	59799199	59800254	lncRNA	ENSMUSG00000091184	-	Gm17059	704
705	Gm7399	chr10	59806557	59807414	processed_pseudogene	ENSMUSG00000091941	+	Gm7399	705
706	Gm23803	chr10	59817666	59817797	snoRNA	ENSMUSG00000094824	-	Gm23803	706
707	Gm7413	chr10	59871221	59871682	processed_pseudogene	ENSMUSG00000112673	-	Gm7413	707
708	Dnajb12	chr10	59879556	59899302	protein_coding	ENSMUSG00000020109	+	Dnajb12	708
709	Ddit4	chr10	59949669	59951834	protein_coding	ENSMUSG00000020108	-	Ddit4	709
710	Anapc16	chr10	59987409	60003135	protein_coding	ENSMUSG00000020107	-	Anapc16	710
711	Ascc1	chr10	60002805	60099988	protein_coding	ENSMUSG00000044475	+	Ascc1	711
712	Spock2	chr10	60106219	60135198	protein_coding	ENSMUSG00000058297	+	Spock2	712
713	Chst3	chr10	60181532	60219260	protein_coding	ENSMUSG00000057337	-	Chst3	713
714	Gm22117	chr10	60211185	60211251	miRNA	ENSMUSG00000077090	-	Gm22117	714
715	Psap	chr10	60277627	60302597	protein_coding	ENSMUSG00000004207	+	Psap	715
716	Cdh23	chr10	60302748	60696490	protein_coding	ENSMUSG00000012819	-	Cdh23	716
717	Vsir	chr10	60346851	60372684	protein_coding	ENSMUSG00000020101	+	Vsir	717
718	Gm17455	chr10	60399726	60403559	protein_coding	ENSMUSG00000090439	+	Gm17455	718
719	Slc29a3	chr10	60712072	60752794	protein_coding	ENSMUSG00000020100	-	Slc29a3	719
720	Unc5b	chr10	60762593	60831581	protein_coding	ENSMUSG00000020099	-	Unc5b	720
721	Pldi	chr10	60928226	60938132	lncRNA	ENSMUSG00000037247	-	Pldi	721
722	Gm26947	chr10	60931991	60940942	lncRNA	ENSMUSG00000098055	+	Gm26947	722
723	Gm20611	chr10	61031303	61038080	lncRNA	ENSMUSG00000093568	+	Gm20611	723
724	Gm20625	chr10	61038229	61042811	lncRNA	ENSMUSG00000093489	-	Gm20625	724
725	Gm20610	chr10	61046422	61051900	lncRNA	ENSMUSG00000093573	-	Gm20610	725
726	Pcbd1	chr10	61089331	61094324	protein_coding	ENSMUSG00000020098	+	Pcbd1	726
727	Sgpl1	chr10	61098642	61147703	protein_coding	ENSMUSG00000020097	-	Sgpl1	727
728	Gm44308	chr10	61125137	61125235	miRNA	ENSMUSG00000104762	-	Gm44308	728
729	Tbata	chr10	61171954	61188841	protein_coding	ENSMUSG00000020096	+	Tbata	729
730	Adamts14	chr10	61197112	61273438	protein_coding	ENSMUSG00000059901	-	Adamts14	730
731	Prf1	chr10	61297833	61304680	protein_coding	ENSMUSG00000037202	+	Prf1	731
732	Rpl27a-ps1	chr10	61309830	61310277	processed_pseudogene	ENSMUSG00000061488	+	Rpl27a-ps1	732
733	Pald1	chr10	61319656	61383530	protein_coding	ENSMUSG00000020092	-	Pald1	733
734	Gm48077	chr10	61359666	61361407	TEC	ENSMUSG00000112256	+	Gm48077	734
735	Nodal	chr10	61417972	61425338	protein_coding	ENSMUSG00000037171	+	Nodal	735
736	Eif4ebp2	chr10	61428491	61452661	protein_coding	ENSMUSG00000020091	-	Eif4ebp2	736
737	Gm48086	chr10	61446902	61450717	lncRNA	ENSMUSG00000112229	-	Gm48086	737
738	D830039M14Rik	chr10	61473576	61476937	lncRNA	ENSMUSG00000043126	-	D830039M14Rik	738
739	Lrrc20	chr10	61475801	61582791	protein_coding	ENSMUSG00000037151	+	Lrrc20	739
740	Gm47595	chr10	61494917	61496290	lncRNA	ENSMUSG00000112080	-	Gm47595	740
741	Gm47593	chr10	61496600	61499601	lncRNA	ENSMUSG00000112058	-	Gm47593	741
742	Gm17829	chr10	61510242	61510585	processed_pseudogene	ENSMUSG00000112710	-	Gm17829	742
743	Gm47594	chr10	61570911	61575064	TEC	ENSMUSG00000112255	+	Gm47594	743
744	Gm28447	chr10	61585393	61611074	lncRNA	ENSMUSG00000101792	-	Gm28447	744
745	Npffr1	chr10	61595492	61628565	protein_coding	ENSMUSG00000020090	+	Npffr1	745
746	Ppa1	chr10	61648552	61674168	protein_coding	ENSMUSG00000020089	+	Ppa1	746
747	1700022H01Rik	chr10	61674789	61680255	lncRNA	ENSMUSG00000112581	-	1700022H01Rik	747
748	Sar1a	chr10	61680299	61693297	protein_coding	ENSMUSG00000020088	+	Sar1a	748
749	Tysnd1	chr10	61695514	61702773	protein_coding	ENSMUSG00000020087	+	Tysnd1	749
750	Aifm2	chr10	61715263	61739260	protein_coding	ENSMUSG00000020085	+	Aifm2	750
751	H2afy2	chr10	61738665	61784147	protein_coding	ENSMUSG00000020086	-	H2afy2	751
752	Col13a1	chr10	61838236	61979108	protein_coding	ENSMUSG00000058806	-	Col13a1	752
753	Gm47919	chr10	62023404	62025615	TEC	ENSMUSG00000112018	+	Gm47919	753
754	Gm5424	chr10	62071123	62072362	processed_pseudogene	ENSMUSG00000046687	+	Gm5424	754
755	Fam241b	chr10	62107655	62143920	protein_coding	ENSMUSG00000020083	-	Fam241b	755
756	Neurog3	chr10	62133090	62134763	protein_coding	ENSMUSG00000044312	+	Neurog3	756
757	Tspan15	chr10	62185396	62231251	protein_coding	ENSMUSG00000037031	-	Tspan15	757
758	Tacr2	chr10	62252438	62265990	protein_coding	ENSMUSG00000020081	+	Tacr2	758
759	Hk1	chr10	62268855	62379908	protein_coding	ENSMUSG00000037012	-	Hk1	759
760	Hk1os	chr10	62340256	62363367	lncRNA	ENSMUSG00000085347	+	Hk1os	760
761	Hkdc1	chr10	62383137	62422491	protein_coding	ENSMUSG00000020080	-	Hkdc1	761
762	Supv3l1	chr10	62429209	62449738	protein_coding	ENSMUSG00000020079	-	Supv3l1	762
763	Vps26a	chr10	62455235	62486805	protein_coding	ENSMUSG00000020078	-	Vps26a	763
764	Srgn	chr10	62493833	62527451	protein_coding	ENSMUSG00000020077	-	Srgn	764
765	Kif1bp	chr10	62538626	62578457	protein_coding	ENSMUSG00000036955	-	Kif1bp	765
766	4933428P19Rik	chr10	62577694	62579069	lncRNA	ENSMUSG00000105203	+	4933428P19Rik	766
767	Ddx21	chr10	62580251	62602281	protein_coding	ENSMUSG00000020075	-	Ddx21	767
768	Gm47257	chr10	62602350	62604128	lncRNA	ENSMUSG00000112347	+	Gm47257	768
769	Ddx50	chr10	62615895	62651218	protein_coding	ENSMUSG00000020076	-	Ddx50	769
770	Stox1	chr10	62659043	62726128	protein_coding	ENSMUSG00000036923	-	Stox1	770
771	Gm18514	chr10	62669803	62670238	processed_pseudogene	ENSMUSG00000112901	+	Gm18514	771
772	Ccar1	chr10	62743928	62792286	protein_coding	ENSMUSG00000020074	-	Ccar1	772
773	Gm48146	chr10	62781757	62783187	TEC	ENSMUSG00000112806	-	Gm48146	773
774	Tet1	chr10	62804570	62908996	protein_coding	ENSMUSG00000047146	-	Tet1	774
775	Gm48353	chr10	62858124	62859994	TEC	ENSMUSG00000112309	-	Gm48353	775
776	Gm22803	chr10	62919559	62919841	misc_RNA	ENSMUSG00000088674	+	Gm22803	776
777	Slc25a16	chr10	62920633	62946498	protein_coding	ENSMUSG00000071253	+	Slc25a16	777
778	Gm25862	chr10	62923396	62923524	snoRNA	ENSMUSG00000088875	-	Gm25862	778
779	Dna2	chr10	62947026	62974185	protein_coding	ENSMUSG00000036875	+	Dna2	779
780	Rufy2	chr10	62980223	63017210	protein_coding	ENSMUSG00000020070	+	Rufy2	780
781	Gm16135	chr10	62998779	62999689	lncRNA	ENSMUSG00000084985	+	Gm16135	781
782	Hnrnph3	chr10	63014664	63024217	protein_coding	ENSMUSG00000020069	-	Hnrnph3	782
783	Pbld2	chr10	63024315	63058813	protein_coding	ENSMUSG00000020072	+	Pbld2	783
784	Gm16143	chr10	63055603	63057467	lncRNA	ENSMUSG00000087030	-	Gm16143	784
785	Pbld1	chr10	63060162	63077962	protein_coding	ENSMUSG00000112129	+	Pbld1	785
786	Gm48072	chr10	63072052	63075060	lncRNA	ENSMUSG00000112374	-	Gm48072	786
787	Atoh7	chr10	63099651	63101279	protein_coding	ENSMUSG00000036816	+	Atoh7	787
788	Mypn	chr10	63115795	63203952	protein_coding	ENSMUSG00000020067	-	Mypn	788
789	1700120B22Rik	chr10	63243068	63244153	lncRNA	ENSMUSG00000045391	-	1700120B22Rik	789
790	Herc4	chr10	63243810	63317878	protein_coding	ENSMUSG00000020064	+	Herc4	790
791	Gm19337	chr10	63250932	63252515	TEC	ENSMUSG00000112411	+	Gm19337	791
792	Gm47615	chr10	63270090	63270868	TEC	ENSMUSG00000112759	+	Gm47615	792
793	Gm26789	chr10	63292286	63295793	lncRNA	ENSMUSG00000096991	-	Gm26789	793
794	Sirt1	chr10	63319005	63381704	protein_coding	ENSMUSG00000020063	-	Sirt1	794
795	Gm16145	chr10	63353853	63366887	lncRNA	ENSMUSG00000085372	+	Gm16145	795
796	Dnajc12	chr10	63382443	63410576	protein_coding	ENSMUSG00000036764	+	Dnajc12	796
797	Gm7530	chr10	63412999	63413603	processed_pseudogene	ENSMUSG00000112572	+	Gm7530	797
798	Ctnna3	chr10	63430098	65003667	protein_coding	ENSMUSG00000060843	+	Ctnna3	798
799	Gm10118	chr10	63924866	63927434	TEC	ENSMUSG00000062561	-	Gm10118	799
800	Lrrtm3	chr10	63928472	64090277	protein_coding	ENSMUSG00000042846	-	Lrrtm3	800
801	Gm4796	chr10	65534654	65535277	processed_pseudogene	ENSMUSG00000112341	+	Gm4796	801
802	Gm19116	chr10	65771558	65772199	processed_pseudogene	ENSMUSG00000112720	-	Gm19116	802
803	Gm30853	chr10	65875605	65908250	lncRNA	ENSMUSG00000112913	-	Gm30853	803
804	1700023F02Rik	chr10	66120605	66254223	lncRNA	ENSMUSG00000100000	-	1700023F02Rik	804
805	4930407I19Rik	chr10	66145296	66179514	lncRNA	ENSMUSG00000112210	+	4930407I19Rik	805
806	Gm47894	chr10	66691342	66691615	processed_pseudogene	ENSMUSG00000112247	-	Gm47894	806
807	Gm31181	chr10	66698241	66705961	lncRNA	ENSMUSG00000112202	+	Gm31181	807
808	Gm18777	chr10	66740286	66741159	processed_pseudogene	ENSMUSG00000112159	-	Gm18777	808
809	Gm47895	chr10	66759454	66762095	lncRNA	ENSMUSG00000112383	+	Gm47895	809
810	Gm47896	chr10	66809840	66822354	lncRNA	ENSMUSG00000112425	+	Gm47896	810
811	Gm47897	chr10	66824169	66827403	lncRNA	ENSMUSG00000112514	+	Gm47897	811
812	Gm47900	chr10	66837597	66839501	lncRNA	ENSMUSG00000112379	+	Gm47900	812
813	1110002J07Rik	chr10	66912489	66920258	lncRNA	ENSMUSG00000097134	-	1110002J07Rik	813
814	Gm26576	chr10	66920302	66923599	lncRNA	ENSMUSG00000097921	+	Gm26576	814
815	Gm31763	chr10	67005020	67041326	lncRNA	ENSMUSG00000112925	+	Gm31763	815
816	Reep3	chr10	67009189	67096945	protein_coding	ENSMUSG00000019873	-	Reep3	816
817	Jmjd1c	chr10	67096125	67256326	protein_coding	ENSMUSG00000037876	+	Jmjd1c	817
818	Gm26359	chr10	67235861	67235961	snRNA	ENSMUSG00000089498	-	Gm26359	818
819	Nrbf2	chr10	67266689	67285305	protein_coding	ENSMUSG00000075000	-	Nrbf2	819
820	Gm49454	chr10	67297406	67418927	lncRNA	ENSMUSG00000112314	+	Gm49454	820
821	Gm47516	chr10	67348803	67348962	processed_pseudogene	ENSMUSG00000111908	-	Gm47516	821
822	Gm32023	chr10	67423994	67425251	lncRNA	ENSMUSG00000112848	+	Gm32023	822
823	Gm47531	chr10	67436090	67443429	lncRNA	ENSMUSG00000112726	-	Gm47531	823
824	Gm32255	chr10	67496359	67497707	lncRNA	ENSMUSG00000112120	-	Gm32255	824
825	Egr2	chr10	67535475	67542188	protein_coding	ENSMUSG00000037868	+	Egr2	825
826	Ado	chr10	67544511	67549068	protein_coding	ENSMUSG00000057134	-	Ado	826
827	Gm10797	chr10	67572042	67574263	TEC	ENSMUSG00000074999	+	Gm10797	827
828	Gm32364	chr10	67575883	67586387	lncRNA	ENSMUSG00000112558	+	Gm32364	828
829	Gm32515	chr10	67665359	67666745	lncRNA	ENSMUSG00000112097	+	Gm32515	829
830	Gm47574	chr10	67707838	67709468	TEC	ENSMUSG00000112396	+	Gm47574	830
831	1700030E10Rik	chr10	67708588	67718039	lncRNA	ENSMUSG00000112619	-	1700030E10Rik	831
832	4930543I11Rik	chr10	67785735	67786693	TEC	ENSMUSG00000112537	+	4930543I11Rik	832
833	Gm49766	chr10	67785749	67836401	lncRNA	ENSMUSG00000116971	+	Gm49766	833
834	Zfp365	chr10	67886103	67912662	protein_coding	ENSMUSG00000037855	-	Zfp365	834
835	4930521O17Rik	chr10	67962479	67973708	lncRNA	ENSMUSG00000112899	-	4930521O17Rik	835
836	Rtkn2	chr10	67979570	68059740	protein_coding	ENSMUSG00000037846	+	Rtkn2	836
837	Gm16212	chr10	68025450	68026626	lncRNA	ENSMUSG00000086838	-	Gm16212	837
838	Arid5b	chr10	68092520	68278740	protein_coding	ENSMUSG00000019947	-	Arid5b	838
839	Gm47078	chr10	68313008	68326978	lncRNA	ENSMUSG00000112275	+	Gm47078	839
840	Cabcoco1	chr10	68430953	68541896	protein_coding	ENSMUSG00000019945	-	Cabcoco1	840
841	Gm32872	chr10	68530094	68533936	lncRNA	ENSMUSG00000112793	+	Gm32872	841
842	Tmem26	chr10	68723646	68782650	protein_coding	ENSMUSG00000060044	+	Tmem26	842
843	1700048P04Rik	chr10	68902803	68904500	lncRNA	ENSMUSG00000112333	-	1700048P04Rik	843
844	Gm33035	chr10	69020740	69033888	lncRNA	ENSMUSG00000112331	-	Gm33035	844
845	Gm47107	chr10	69096662	69097866	lncRNA	ENSMUSG00000112083	-	Gm47107	845
846	Gm33263	chr10	69147773	69151132	lncRNA	ENSMUSG00000111941	-	Gm33263	846
847	Rhobtb1	chr10	69151434	69291791	protein_coding	ENSMUSG00000019944	+	Rhobtb1	847
848	A930033H14Rik	chr10	69209762	69213098	protein_coding	ENSMUSG00000090622	-	A930033H14Rik	848
849	Gm40685	chr10	69312139	69315376	lncRNA	ENSMUSG00000112798	+	Gm40685	849
850	Cdk1	chr10	69335146	69352938	protein_coding	ENSMUSG00000019942	-	Cdk1	850
851	Ank3	chr10	69398773	70027438	protein_coding	ENSMUSG00000069601	+	Ank3	851
852	Gm18636	chr10	69422683	69423748	processed_pseudogene	ENSMUSG00000111899	-	Gm18636	852
853	Gm46231	chr10	69566048	69566361	processed_pseudogene	ENSMUSG00000112729	-	Gm46231	853
854	Ccdc6	chr10	70097121	70193200	protein_coding	ENSMUSG00000048701	+	Ccdc6	854
855	Mrln	chr10	70204664	70219711	protein_coding	ENSMUSG00000019933	+	Mrln	855
856	Slc16a9	chr10	70245100	70285968	protein_coding	ENSMUSG00000037762	+	Slc16a9	856
857	Gm9877	chr10	70285549	70288176	pseudogene	ENSMUSG00000052426	-	Gm9877	857
858	Gm47946	chr10	70412460	70415581	lncRNA	ENSMUSG00000112884	-	Gm47946	858
859	Fam13c	chr10	70440481	70558736	protein_coding	ENSMUSG00000043259	+	Fam13c	859
860	Gm29783	chr10	70504880	70505248	processed_pseudogene	ENSMUSG00000112273	-	Gm29783	860
861	Phyhipl	chr10	70557682	70655965	protein_coding	ENSMUSG00000037747	-	Phyhipl	861
862	Gm33979	chr10	70714928	70738844	lncRNA	ENSMUSG00000112607	-	Gm33979	862
863	Gm48021	chr10	70807242	70813822	lncRNA	ENSMUSG00000112752	+	Gm48021	863
864	Gm40689	chr10	70830755	70837863	lncRNA	ENSMUSG00000112870	+	Gm40689	864
865	Gm48023	chr10	70847017	70853726	lncRNA	ENSMUSG00000112883	+	Gm48023	865
866	Gm48024	chr10	70863399	70868452	lncRNA	ENSMUSG00000112125	-	Gm48024	866
867	4930533K18Rik	chr10	70868644	70934324	lncRNA	ENSMUSG00000047692	+	4930533K18Rik	867
868	Gm48036	chr10	70869997	70872420	lncRNA	ENSMUSG00000112032	-	Gm48036	868
869	Bicc1	chr10	70922832	71159700	protein_coding	ENSMUSG00000014329	-	Bicc1	869
870	Gm48025	chr10	70975506	70993040	lncRNA	ENSMUSG00000112745	-	Gm48025	870
871	Gm15647	chr10	71082876	71083651	lncRNA	ENSMUSG00000090212	+	Gm15647	871
872	C730027H18Rik	chr10	71170834	71182052	lncRNA	ENSMUSG00000112189	-	C730027H18Rik	872
873	1700113B09Rik	chr10	71181036	71204487	lncRNA	ENSMUSG00000112028	+	1700113B09Rik	873
874	Tfam	chr10	71225464	71238280	protein_coding	ENSMUSG00000003923	-	Tfam	874
875	Ube2d1	chr10	71254980	71285262	protein_coding	ENSMUSG00000019927	-	Ube2d1	875
876	Gm34376	chr10	71287729	71292483	lncRNA	ENSMUSG00000112813	+	Gm34376	876
877	Gm20609	chr10	71310745	71313977	lncRNA	ENSMUSG00000093732	+	Gm20609	877
878	Cisd1	chr10	71330480	71344954	protein_coding	ENSMUSG00000037710	-	Cisd1	878
879	Ipmk	chr10	71347763	71433327	protein_coding	ENSMUSG00000060733	+	Ipmk	879
880	4930551I15Rik	chr10	71476405	71485520	lncRNA	ENSMUSG00000112108	-	4930551I15Rik	880
881	Gm46233	chr10	71483081	71483529	processed_pseudogene	ENSMUSG00000112608	+	Gm46233	881
882	Gm34544	chr10	71527281	71678840	lncRNA	ENSMUSG00000112126	+	Gm34544	882
883	Gm4797	chr10	71595847	71597129	processed_pseudogene	ENSMUSG00000111965	-	Gm4797	883
884	Gm19074	chr10	71611647	71613075	processed_pseudogene	ENSMUSG00000112624	-	Gm19074	884
885	Gm5080	chr10	71799105	71799847	processed_pseudogene	ENSMUSG00000111999	-	Gm5080	885
886	Gm47060	chr10	72019206	72019517	processed_pseudogene	ENSMUSG00000112185	+	Gm47060	886
887	Gm34609	chr10	72026982	72111778	lncRNA	ENSMUSG00000112414	+	Gm34609	887
888	Gm9923	chr10	72309321	72311156	processed_pseudogene	ENSMUSG00000053830	+	Gm9923	888
889	Zwint	chr10	72654845	72674964	protein_coding	ENSMUSG00000019923	+	Zwint	889
890	Gm47094	chr10	72717931	72718490	processed_pseudogene	ENSMUSG00000112862	+	Gm47094	890
891	Gm34776	chr10	72940238	72949792	lncRNA	ENSMUSG00000112168	-	Gm34776	891
892	A330049N07Rik	chr10	72973303	73086705	lncRNA	ENSMUSG00000111994	-	A330049N07Rik	892
893	Pcdh15	chr10	73099342	74649737	protein_coding	ENSMUSG00000052613	+	Pcdh15	893
894	Gm37438	chr10	73182926	73183318	TEC	ENSMUSG00000102584	-	Gm37438	894
895	Gm15398	chr10	73201399	73327175	lncRNA	ENSMUSG00000085456	-	Gm15398	895
896	Gm5778	chr10	73201695	73202766	processed_pseudogene	ENSMUSG00000091825	+	Gm5778	896
897	Gm47098	chr10	73275737	73276086	processed_pseudogene	ENSMUSG00000112838	+	Gm47098	897
898	Gm19168	chr10	73372332	73376033	processed_pseudogene	ENSMUSG00000112427	-	Gm19168	898
899	Gm15397	chr10	73489974	73518390	lncRNA	ENSMUSG00000085176	+	Gm15397	899
900	Gm6407	chr10	73690257	73690805	processed_pseudogene	ENSMUSG00000093548	-	Gm6407	900
901	Gm6419	chr10	74862988	74863416	processed_pseudogene	ENSMUSG00000072407	-	Gm6419	901
902	Rsph14	chr10	74957477	75032586	protein_coding	ENSMUSG00000009070	-	Rsph14	902
903	Gnaz	chr10	74967177	75016907	protein_coding	ENSMUSG00000040009	+	Gnaz	903
904	Gm40692	chr10	75034345	75035027	processed_pseudogene	ENSMUSG00000112136	+	Gm40692	904
905	Rab36	chr10	75037058	75054748	protein_coding	ENSMUSG00000020175	+	Rab36	905
906	Bcr	chr10	75060592	75184921	protein_coding	ENSMUSG00000009681	+	Bcr	906
907	Specc1l	chr10	75212073	75312743	protein_coding	ENSMUSG00000033444	+	Specc1l	907
908	Adora2a	chr10	75316877	75334784	protein_coding	ENSMUSG00000020178	+	Adora2a	908
909	Gm5779	chr10	75344472	75353033	transcribed_processed_pseudogene	ENSMUSG00000112471	+	Gm5779	909
910	Gucd1	chr10	75351111	75517972	protein_coding	ENSMUSG00000033416	-	Gucd1	910
911	Upb1	chr10	75401115	75441679	protein_coding	ENSMUSG00000033427	+	Upb1	911
912	Gm48158	chr10	75483090	75483392	processed_pseudogene	ENSMUSG00000112764	-	Gm48158	912
913	Gm48148	chr10	75496061	75496159	unprocessed_pseudogene	ENSMUSG00000111955	+	Gm48148	913
914	Snrpd3	chr10	75517551	75537381	protein_coding	ENSMUSG00000020180	+	Snrpd3	914
915	Lrrc75b	chr10	75550123	75560330	protein_coding	ENSMUSG00000046807	-	Lrrc75b	915
916	Ggt1	chr10	75561604	75586200	protein_coding	ENSMUSG00000006345	+	Ggt1	916
917	Ggt5	chr10	75589340	75617200	protein_coding	ENSMUSG00000006344	+	Ggt5	917
918	Gm19688	chr10	75619080	75619503	processed_pseudogene	ENSMUSG00000112643	-	Gm19688	918
919	Susd2	chr10	75636706	75644008	protein_coding	ENSMUSG00000006342	-	Susd2	919
920	Cabin1	chr10	75646112	75764341	protein_coding	ENSMUSG00000020196	-	Cabin1	920
921	Gm19326	chr10	75767161	75767486	processed_pseudogene	ENSMUSG00000112789	+	Gm19326	921
922	Ddt	chr10	75771230	75773414	protein_coding	ENSMUSG00000001666	-	Ddt	922
923	Gm20441	chr10	75771451	75780954	protein_coding	ENSMUSG00000092360	-	Gm20441	923
924	Gstt3	chr10	75774115	75781414	protein_coding	ENSMUSG00000001665	-	Gstt3	924
925	Gstt1	chr10	75783813	75798584	protein_coding	ENSMUSG00000001663	-	Gstt1	925
926	Gstt4	chr10	75814943	75822543	protein_coding	ENSMUSG00000009093	-	Gstt4	926
927	Gstt2	chr10	75831114	75837424	protein_coding	ENSMUSG00000033318	-	Gstt2	927
928	Mif	chr10	75859353	75860240	protein_coding	ENSMUSG00000033307	-	Mif	928
929	Gm47744	chr10	75875431	75875804	processed_pseudogene	ENSMUSG00000112306	+	Gm47744	929
930	Derl3	chr10	75893413	75895941	protein_coding	ENSMUSG00000009092	+	Derl3	930
931	Smarcb1	chr10	75896769	75921617	protein_coding	ENSMUSG00000000902	-	Smarcb1	931
932	Mmp11	chr10	75923222	75936496	protein_coding	ENSMUSG00000000901	-	Mmp11	932
933	Chchd10	chr10	75933130	75937747	protein_coding	ENSMUSG00000049422	+	Chchd10	933
934	Gm867	chr10	75937723	75940672	protein_coding	ENSMUSG00000050157	-	Gm867	934
935	Vpreb3	chr10	75943057	75949657	protein_coding	ENSMUSG00000000903	+	Vpreb3	935
936	Gm16221	chr10	75945295	75945687	processed_pseudogene	ENSMUSG00000082234	-	Gm16221	936
937	Gm5134	chr10	75954514	76009591	protein_coding	ENSMUSG00000033255	+	Gm5134	937
938	Gm16219	chr10	75969898	75970171	processed_pseudogene	ENSMUSG00000082619	+	Gm16219	938
939	Gm16220	chr10	75992691	75993992	lncRNA	ENSMUSG00000085662	-	Gm16220	939
940	Zfp280b	chr10	76032650	76043234	protein_coding	ENSMUSG00000049764	+	Zfp280b	940
941	Slc5a4b	chr10	76057494	76110961	protein_coding	ENSMUSG00000020226	-	Slc5a4b	941
942	Gm16222	chr10	76078617	76080502	lncRNA	ENSMUSG00000086798	+	Gm16222	942
943	Gm19217	chr10	76133434	76140301	unprocessed_pseudogene	ENSMUSG00000112128	+	Gm19217	943
944	Slc5a4a	chr10	76147451	76189265	protein_coding	ENSMUSG00000020229	+	Slc5a4a	944
945	Prmt2	chr10	76207222	76237865	protein_coding	ENSMUSG00000020230	-	Prmt2	945
946	Mir678	chr10	76207326	76207409	miRNA	ENSMUSG00000076068	-	Mir678	946
947	S100b	chr10	76253853	76261159	protein_coding	ENSMUSG00000033208	+	S100b	947
948	Dip2a	chr10	76259429	76345291	protein_coding	ENSMUSG00000020231	-	Dip2a	948
949	Pcnt	chr10	76351263	76442786	protein_coding	ENSMUSG00000001151	-	Pcnt	949
950	1700094J05Rik	chr10	76389015	76401507	lncRNA	ENSMUSG00000101695	+	1700094J05Rik	950
951	AC141477.1	chr10	76440241	76440444	protein_coding	ENSMUSG00000117965	-	AC141477.1	951
952	2610028H24Rik	chr10	76449081	76461110	protein_coding	ENSMUSG00000009114	+	2610028H24Rik	952
953	Ybey	chr10	76459567	76469114	protein_coding	ENSMUSG00000033126	-	Ybey	953
954	Mcm3ap	chr10	76468927	76515857	protein_coding	ENSMUSG00000001150	+	Mcm3ap	954
955	Lss	chr10	76531588	76557138	protein_coding	ENSMUSG00000033105	+	Lss	955
956	4930483K19Rik	chr10	76545871	76562226	lncRNA	ENSMUSG00000086241	-	4930483K19Rik	956
957	Spatc1l	chr10	76562272	76570201	protein_coding	ENSMUSG00000009115	+	Spatc1l	957
958	Gm15343	chr10	76564765	76570532	lncRNA	ENSMUSG00000085468	-	Gm15343	958
959	Ftcd	chr10	76575648	76590338	protein_coding	ENSMUSG00000001155	+	Ftcd	959
960	Col6a2	chr10	76595762	76623630	protein_coding	ENSMUSG00000020241	-	Col6a2	960
961	Gm35608	chr10	76684432	76686801	lncRNA	ENSMUSG00000112721	+	Gm35608	961
962	Col6a1	chr10	76708792	76726168	protein_coding	ENSMUSG00000001119	-	Col6a1	962
963	Pcbp3	chr10	76761857	76961887	protein_coding	ENSMUSG00000001120	-	Pcbp3	963
964	Gm35721	chr10	76964653	77008569	lncRNA	ENSMUSG00000112143	-	Gm35721	964
965	Gm37782	chr10	76983224	76983901	TEC	ENSMUSG00000102522	-	Gm37782	965
966	Gm3137	chr10	77011501	77029575	lncRNA	ENSMUSG00000112773	-	Gm3137	966
967	Gm10787	chr10	77011995	77022214	lncRNA	ENSMUSG00000074919	+	Gm10787	967
968	Slc19a1	chr10	77032241	77061002	protein_coding	ENSMUSG00000001436	+	Slc19a1	968
969	Col18a1	chr10	77052178	77166548	protein_coding	ENSMUSG00000001435	-	Col18a1	969
970	Gm10941	chr10	77257776	77259223	lncRNA	ENSMUSG00000078444	-	Gm10941	970
971	Pofut2	chr10	77259218	77269575	protein_coding	ENSMUSG00000020260	+	Pofut2	971
972	Adarb1	chr10	77290726	77418270	protein_coding	ENSMUSG00000020262	-	Adarb1	972
973	Gm35920	chr10	77457917	77471629	lncRNA	ENSMUSG00000112818	+	Gm35920	973
974	Fam207a	chr10	77486661	77515785	protein_coding	ENSMUSG00000032977	-	Fam207a	974
975	Itgb2	chr10	77530252	77565708	protein_coding	ENSMUSG00000000290	+	Itgb2	975
976	Pttg1ip	chr10	77581720	77598732	protein_coding	ENSMUSG00000009291	+	Pttg1ip	976
977	Sumo3	chr10	77606097	77618331	protein_coding	ENSMUSG00000020265	+	Sumo3	977
978	Gm49325	chr10	77606197	77641543	protein_coding	ENSMUSG00000112241	+	Gm49325	978
979	Ube2g2	chr10	77622275	77645993	protein_coding	ENSMUSG00000009293	+	Ube2g2	979
980	Gm18119	chr10	77652744	77653359	processed_pseudogene	ENSMUSG00000112007	-	Gm18119	980
981	Tspear	chr10	77686569	77887021	protein_coding	ENSMUSG00000069581	+	Tspear	981
982	Gm9639	chr10	77794399	77795076	protein_coding	ENSMUSG00000096131	-	Gm9639	982
983	Gm49918	chr10	77814682	77836652	protein_coding	ENSMUSG00000112600	+	Gm49918	983
984	Krtap10-4	chr10	77826115	77827095	protein_coding	ENSMUSG00000069582	-	Krtap10-4	984
985	Krtap10-10	chr10	77835947	77837252	protein_coding	ENSMUSG00000112223	+	Krtap10-10	985
986	Lrrc3	chr10	77897575	77902536	protein_coding	ENSMUSG00000051652	-	Lrrc3	986
987	Trpm2	chr10	77907722	77970563	protein_coding	ENSMUSG00000009292	-	Trpm2	987
988	Gm22871	chr10	77913798	77913851	snoRNA	ENSMUSG00000093443	-	Gm22871	988
989	Cfap410	chr10	77978524	77986905	protein_coding	ENSMUSG00000020284	+	Cfap410	989
990	Pfkl	chr10	77986947	78010083	protein_coding	ENSMUSG00000020277	-	Pfkl	990
991	Aire	chr10	78030022	78043610	protein_coding	ENSMUSG00000000731	-	Aire	991
992	Dnmt3l	chr10	78041947	78063622	protein_coding	ENSMUSG00000000730	+	Dnmt3l	992
993	Icosl	chr10	78069302	78083913	protein_coding	ENSMUSG00000000732	+	Icosl	993
994	Gm47922	chr10	78121433	78138097	lncRNA	ENSMUSG00000112662	-	Gm47922	994
995	Gatd3a	chr10	78162066	78169782	protein_coding	ENSMUSG00000053329	-	Gatd3a	995
996	Pwp2	chr10	78170909	78185149	protein_coding	ENSMUSG00000032834	-	Pwp2	996
997	Trappc10	chr10	78186725	78244641	protein_coding	ENSMUSG00000000374	-	Trappc10	997
998	Gm30122	chr10	78248880	78264139	lncRNA	ENSMUSG00000112433	-	Gm30122	998
999	Gm47976	chr10	78264531	78266075	TEC	ENSMUSG00000112300	-	Gm47976	999
1000	Agpat3	chr10	78269178	78352489	protein_coding	ENSMUSG00000001211	-	Agpat3	1000
1001	Gm47992	chr10	78298315	78300301	TEC	ENSMUSG00000112442	+	Gm47992	1001
1002	n-R5s77	chr10	78314165	78314283	rRNA	ENSMUSG00000065691	+	n-R5s77	1002
1003	Mir7659	chr10	78340150	78340207	miRNA	ENSMUSG00000098885	-	Mir7659	1003
1004	Gm40709	chr10	78352474	78355709	lncRNA	ENSMUSG00000112641	+	Gm40709	1004
1005	Gm10146	chr10	78393320	78393628	processed_pseudogene	ENSMUSG00000064317	+	Gm10146	1005
1006	Rrp1	chr10	78400384	78413043	protein_coding	ENSMUSG00000061032	-	Rrp1	1006
1007	Cstb	chr10	78425669	78427622	protein_coding	ENSMUSG00000005054	+	Cstb	1007
1008	4921516A02Rik	chr10	78428271	78438847	lncRNA	ENSMUSG00000112652	+	4921516A02Rik	1008
1009	Pdxk	chr10	78436744	78464975	protein_coding	ENSMUSG00000032788	-	Pdxk	1009
1010	Gm30232	chr10	78487056	78498353	transcribed_unprocessed_pseudogene	ENSMUSG00000112842	+	Gm30232	1010
1011	Gm47944	chr10	78501925	78520219	lncRNA	ENSMUSG00000112224	-	Gm47944	1011
1012	Olfr1358	chr10	78517428	78520566	protein_coding	ENSMUSG00000107822	+	Olfr1358	1012
1013	Gm5951	chr10	78543276	78543779	processed_pseudogene	ENSMUSG00000112313	+	Gm5951	1013
1014	Ilvbl	chr10	78574346	78584502	protein_coding	ENSMUSG00000032763	+	Ilvbl	1014
1015	Syde1	chr10	78584503	78591964	protein_coding	ENSMUSG00000032714	-	Syde1	1015
1016	Gm37514	chr10	78599122	78601874	TEC	ENSMUSG00000104370	-	Gm37514	1016
1017	Olfr1357	chr10	78611003	78618074	protein_coding	ENSMUSG00000071185	-	Olfr1357	1017
1018	Gm47459	chr10	78629554	78632624	lncRNA	ENSMUSG00000112674	+	Gm47459	1018
1019	Gm47476	chr10	78694971	78698808	processed_pseudogene	ENSMUSG00000112689	-	Gm47476	1019
1020	Gm47495	chr10	78699609	78699873	processed_pseudogene	ENSMUSG00000111946	+	Gm47495	1020
1021	Casp14	chr10	78711991	78718294	protein_coding	ENSMUSG00000005355	-	Casp14	1021
1022	Ccdc105	chr10	78746926	78753065	protein_coding	ENSMUSG00000078442	-	Ccdc105	1022
1023	Gm30400	chr10	78747130	78767585	lncRNA	ENSMUSG00000109776	+	Gm30400	1023
1024	Slc1a6	chr10	78780496	78814765	protein_coding	ENSMUSG00000005357	+	Slc1a6	1024
1025	Olfr1356	chr10	78845052	78852166	protein_coding	ENSMUSG00000051190	-	Olfr1356	1025
1026	Olfr1355	chr10	78875540	78882266	protein_coding	ENSMUSG00000062873	+	Olfr1355	1026
1027	Olfr1354	chr10	78913171	78920399	protein_coding	ENSMUSG00000094673	+	Olfr1354	1027
1028	Olfr1353	chr10	78963309	78971338	protein_coding	ENSMUSG00000042774	+	Olfr1353	1028
1029	Gm47343	chr10	78972103	79012892	lncRNA	ENSMUSG00000112732	-	Gm47343	1029
1030	Olfr1352	chr10	78981050	78987903	protein_coding	ENSMUSG00000046493	+	Olfr1352	1030
1031	Olfr1351	chr10	79012472	79019645	protein_coding	ENSMUSG00000063216	+	Olfr1351	1031
1032	Olfr57	chr10	79028741	79036274	protein_coding	ENSMUSG00000060205	+	Olfr57	1032
1033	2610008E11Rik	chr10	79064374	79097600	protein_coding	ENSMUSG00000060301	-	2610008E11Rik	1033
1034	Vmn2r80	chr10	79148769	79195012	protein_coding	ENSMUSG00000091888	+	Vmn2r80	1034
1035	Vmn2r81	chr10	79247692	79294535	protein_coding	ENSMUSG00000055515	+	Vmn2r81	1035
1036	Vmn2r82	chr10	79356520	79397849	protein_coding	ENSMUSG00000091468	+	Vmn2r82	1036
1037	Gm47015	chr10	79412962	79417905	lncRNA	ENSMUSG00000112907	-	Gm47015	1037
1038	Vmn2r83	chr10	79468731	79493585	protein_coding	ENSMUSG00000091381	+	Vmn2r83	1038
1039	Plpp2	chr10	79526430	79533796	protein_coding	ENSMUSG00000052151	-	Plpp2	1039
1040	Mier2	chr10	79540245	79555199	protein_coding	ENSMUSG00000042570	-	Mier2	1040
1041	Theg	chr10	79576379	79587331	protein_coding	ENSMUSG00000020317	-	Theg	1041
1042	C2cd4c	chr10	79606854	79614025	protein_coding	ENSMUSG00000045912	-	C2cd4c	1042
1043	Shc2	chr10	79618051	79637918	protein_coding	ENSMUSG00000020312	-	Shc2	1043
1044	Gm47163	chr10	79637856	79639520	lncRNA	ENSMUSG00000111977	+	Gm47163	1044
1045	Odf3l2	chr10	79639526	79645738	protein_coding	ENSMUSG00000035963	-	Odf3l2	1045
1046	Madcam1	chr10	79664559	79668537	protein_coding	ENSMUSG00000020310	+	Madcam1	1046
1047	Tpgs1	chr10	79669369	79676127	protein_coding	ENSMUSG00000020308	+	Tpgs1	1047
1048	Cdc34	chr10	79682195	79688398	protein_coding	ENSMUSG00000020307	+	Cdc34	1048
1049	Gzmm	chr10	79689020	79695261	protein_coding	ENSMUSG00000054206	+	Gzmm	1049
1050	Gm25794	chr10	79703484	79703590	snRNA	ENSMUSG00000065220	-	Gm25794	1050
1051	Bsg	chr10	79704491	79711969	protein_coding	ENSMUSG00000023175	+	Bsg	1051
1052	Hcn2	chr10	79716634	79736108	protein_coding	ENSMUSG00000020331	+	Hcn2	1052
1053	Polrmt	chr10	79736123	79746581	protein_coding	ENSMUSG00000020329	-	Polrmt	1053
1054	Fgf22	chr10	79755076	79758596	protein_coding	ENSMUSG00000020327	+	Fgf22	1054
1055	Rnf126	chr10	79758515	79766952	protein_coding	ENSMUSG00000035890	-	Rnf126	1055
1056	Fstl3	chr10	79777272	79782630	protein_coding	ENSMUSG00000020325	+	Fstl3	1056
1057	Prss57	chr10	79781474	79790961	protein_coding	ENSMUSG00000020323	-	Prss57	1057
1058	Palm	chr10	79793572	79820896	protein_coding	ENSMUSG00000035863	+	Palm	1058
1059	Gm48495	chr10	79793781	79794656	lncRNA	ENSMUSG00000112828	-	Gm48495	1059
1060	Misp	chr10	79820989	79830490	protein_coding	ENSMUSG00000035852	+	Misp	1060
1061	E130317F20Rik	chr10	79851381	79854971	lncRNA	ENSMUSG00000091994	-	E130317F20Rik	1061
1062	Ptbp1	chr10	79854427	79864771	protein_coding	ENSMUSG00000006498	+	Ptbp1	1062
1063	Plppr3	chr10	79860475	79874634	protein_coding	ENSMUSG00000035835	-	Plppr3	1063
1064	Gm17134	chr10	79863937	79864434	lncRNA	ENSMUSG00000090860	-	Gm17134	1064
1065	Prtn3	chr10	79874476	79883174	protein_coding	ENSMUSG00000057729	+	Prtn3	1065
1066	Elane	chr10	79886247	79888215	protein_coding	ENSMUSG00000020125	+	Elane	1066
1067	Cfd	chr10	79890853	79892655	protein_coding	ENSMUSG00000061780	+	Cfd	1067
1068	Med16	chr10	79894708	79908923	protein_coding	ENSMUSG00000013833	-	Med16	1068
1069	R3hdm4	chr10	79910052	79921208	protein_coding	ENSMUSG00000035781	-	R3hdm4	1069
1070	Gm26602	chr10	79910856	79911140	protein_coding	ENSMUSG00000097854	+	Gm26602	1070
1071	Kiss1r	chr10	79916971	79922273	protein_coding	ENSMUSG00000035773	+	Kiss1r	1071
1072	Arid3a	chr10	79927043	79955018	protein_coding	ENSMUSG00000019564	+	Arid3a	1072
1073	Wdr18	chr10	79960152	79970203	protein_coding	ENSMUSG00000035754	+	Wdr18	1073
1074	Grin3b	chr10	79970715	79977190	protein_coding	ENSMUSG00000035745	+	Grin3b	1074
1075	Tmem259	chr10	79974948	79984330	protein_coding	ENSMUSG00000013858	-	Tmem259	1075
1076	Gm26243	chr10	79985506	79985612	snRNA	ENSMUSG00000095615	+	Gm26243	1076
1077	Cnn2	chr10	79988584	79996062	protein_coding	ENSMUSG00000004665	+	Cnn2	1077
1078	Abca7	chr10	79996494	80015572	protein_coding	ENSMUSG00000035722	+	Abca7	1078
1079	Arhgap45	chr10	80016653	80031472	protein_coding	ENSMUSG00000035697	+	Arhgap45	1079
1080	Polr2e	chr10	80035949	80039795	protein_coding	ENSMUSG00000004667	-	Polr2e	1080
1081	Gpx4	chr10	80047166	80056439	protein_coding	ENSMUSG00000075706	+	Gpx4	1081
1082	Sbno2	chr10	80056992	80105571	protein_coding	ENSMUSG00000035673	-	Sbno2	1082
1083	Stk11	chr10	80115803	80130682	protein_coding	ENSMUSG00000003068	+	Stk11	1083
1084	Cbarp	chr10	80130451	80140835	protein_coding	ENSMUSG00000035640	-	Cbarp	1084
1085	Atp5d	chr10	80138632	80145818	protein_coding	ENSMUSG00000003072	+	Atp5d	1085
1086	Midn	chr10	80148272	80158368	protein_coding	ENSMUSG00000035621	+	Midn	1086
1087	Cirbp	chr10	80165985	80172786	protein_coding	ENSMUSG00000045193	+	Cirbp	1087
1088	1600002K03Rik	chr10	80172944	80175146	protein_coding	ENSMUSG00000035595	+	1600002K03Rik	1088
1089	Efna2	chr10	80179482	80190010	protein_coding	ENSMUSG00000003070	+	Efna2	1089
1090	Pwwp3a	chr10	80226434	80243903	protein_coding	ENSMUSG00000020156	+	Pwwp3a	1090
1091	Ndufs7	chr10	80249121	80256794	protein_coding	ENSMUSG00000020153	+	Ndufs7	1091
1092	Gamt	chr10	80258151	80261012	protein_coding	ENSMUSG00000020150	-	Gamt	1092
1093	Dazap1	chr10	80261486	80288408	protein_coding	ENSMUSG00000069565	+	Dazap1	1093
1094	Mir6911	chr10	80278164	80278232	miRNA	ENSMUSG00000098672	+	Mir6911	1094
1095	Gm15122	chr10	80282444	80283006	lncRNA	ENSMUSG00000087672	-	Gm15122	1095
1096	Rps15	chr10	80292453	80294114	protein_coding	ENSMUSG00000063457	+	Rps15	1096
1097	Apc2	chr10	80295977	80318263	protein_coding	ENSMUSG00000020135	+	Apc2	1097
1098	2310011J03Rik	chr10	80318254	80320537	protein_coding	ENSMUSG00000020133	-	2310011J03Rik	1098
1099	Pcsk4	chr10	80321283	80329498	protein_coding	ENSMUSG00000020131	-	Pcsk4	1099
1100	Reep6	chr10	80329953	80336441	protein_coding	ENSMUSG00000035504	+	Reep6	1100
1101	Adamtsl5	chr10	80339110	80348412	protein_coding	ENSMUSG00000043822	-	Adamtsl5	1101
1102	Plk5	chr10	80356459	80365489	protein_coding	ENSMUSG00000035486	+	Plk5	1102
1103	Gm15124	chr10	80371955	80373216	lncRNA	ENSMUSG00000085712	+	Gm15124	1103
1104	Mex3d	chr10	80380355	80387659	protein_coding	ENSMUSG00000048696	-	Mex3d	1104
1105	Mbd3	chr10	80392539	80399550	protein_coding	ENSMUSG00000035478	-	Mbd3	1105
1106	Uqcr11	chr10	80402997	80406830	protein_coding	ENSMUSG00000020163	-	Uqcr11	1106
1107	Tcf3	chr10	80409514	80433647	protein_coding	ENSMUSG00000020167	-	Tcf3	1107
1108	Onecut3	chr10	80494835	80517276	protein_coding	ENSMUSG00000045518	+	Onecut3	1108
1109	2610034O05Rik	chr10	80508769	80509623	TEC	ENSMUSG00000104429	+	2610034O05Rik	1109
1110	Atp8b3	chr10	80519584	80539124	protein_coding	ENSMUSG00000003341	-	Atp8b3	1110
1111	Rexo1	chr10	80540922	80561560	protein_coding	ENSMUSG00000047417	-	Rexo1	1111
1112	Klf16	chr10	80567124	80577321	protein_coding	ENSMUSG00000035397	-	Klf16	1112
1113	Abhd17a	chr10	80583654	80590341	protein_coding	ENSMUSG00000003346	-	Abhd17a	1113
1114	Gm29093	chr10	80587965	80589790	lncRNA	ENSMUSG00000100201	-	Gm29093	1114
1115	Scamp4	chr10	80602872	80615783	protein_coding	ENSMUSG00000113949	+	Scamp4	1115
1116	Adat3	chr10	80602880	80607654	protein_coding	ENSMUSG00000113640	+	Adat3	1116
1117	Gm49322	chr10	80606021	80615784	protein_coding	ENSMUSG00000035370	+	Gm49322	1117
1118	Csnk1g2	chr10	80622838	80640749	protein_coding	ENSMUSG00000003345	+	Csnk1g2	1118
1119	Btbd2	chr10	80642617	80657071	protein_coding	ENSMUSG00000003344	-	Btbd2	1119
1120	Mknk2	chr10	80665327	80678112	protein_coding	ENSMUSG00000020190	-	Mknk2	1120
1121	Mob3a	chr10	80685253	80701977	protein_coding	ENSMUSG00000003348	-	Mob3a	1121
1122	Izumo4	chr10	80702184	80705373	protein_coding	ENSMUSG00000055862	+	Izumo4	1122
1123	Ap3d1	chr10	80706956	80742264	protein_coding	ENSMUSG00000020198	-	Ap3d1	1123
1124	Dot1l	chr10	80755206	80795461	protein_coding	ENSMUSG00000061589	+	Dot1l	1124
1125	Gm17151	chr10	80766859	80768987	lncRNA	ENSMUSG00000075558	-	Gm17151	1125
1126	Plekhj1	chr10	80796099	80798626	protein_coding	ENSMUSG00000035278	-	Plekhj1	1126
1127	Sf3a2	chr10	80798198	80804924	protein_coding	ENSMUSG00000020211	+	Sf3a2	1127
1128	Jsrp1	chr10	80808496	80813498	protein_coding	ENSMUSG00000020216	-	Jsrp1	1128
1129	Oaz1	chr10	80826656	80829290	protein_coding	ENSMUSG00000035242	+	Oaz1	1129
1130	Mir1982	chr10	80828797	80828870	miRNA	ENSMUSG00000087993	+	Mir1982	1130
1131	Lingo3	chr10	80832801	80844039	protein_coding	ENSMUSG00000051067	-	Lingo3	1131
1132	Lsm7	chr10	80852821	80855209	protein_coding	ENSMUSG00000035215	-	Lsm7	1132
1133	Sppl2b	chr10	80855275	80868708	protein_coding	ENSMUSG00000035206	+	Sppl2b	1133
1134	Tmprss9	chr10	80871848	80899492	protein_coding	ENSMUSG00000059406	+	Tmprss9	1134
1135	Timm13	chr10	80899450	80900969	protein_coding	ENSMUSG00000020219	-	Timm13	1135
1136	Lmnb2	chr10	80901203	80918245	protein_coding	ENSMUSG00000062075	-	Lmnb2	1136
1137	Gadd45b	chr10	80930073	80932204	protein_coding	ENSMUSG00000015312	+	Gadd45b	1137
1138	Gng7	chr10	80948624	81014945	protein_coding	ENSMUSG00000048240	-	Gng7	1138
1139	Gm3828	chr10	80954454	80954710	processed_pseudogene	ENSMUSG00000083808	-	Gm3828	1139
1140	Diras1	chr10	81019589	81025662	protein_coding	ENSMUSG00000043670	-	Diras1	1140
1141	Gm16099	chr10	81024811	81026567	lncRNA	ENSMUSG00000087114	+	Gm16099	1141
1142	Slc39a3	chr10	81028538	81037426	protein_coding	ENSMUSG00000046822	-	Slc39a3	1142
1143	Sgta	chr10	81044075	81060181	protein_coding	ENSMUSG00000004937	-	Sgta	1143
1144	Thop1	chr10	81070035	81082559	protein_coding	ENSMUSG00000004929	+	Thop1	1144
1145	Creb3l3	chr10	81084324	81098874	protein_coding	ENSMUSG00000035041	-	Creb3l3	1145
1146	Map2k2	chr10	81105915	81133975	protein_coding	ENSMUSG00000035027	+	Map2k2	1146
1147	Zbtb7a	chr10	81135220	81152995	protein_coding	ENSMUSG00000035011	+	Zbtb7a	1147
1148	Pias4	chr10	81153266	81167923	protein_coding	ENSMUSG00000004934	-	Pias4	1148
1149	Eef2	chr10	81176631	81182498	protein_coding	ENSMUSG00000034994	+	Eef2	1149
1150	4930442H23Rik	chr10	81182605	81183849	TEC	ENSMUSG00000053603	-	4930442H23Rik	1150
1151	Dapk3	chr10	81183005	81193197	protein_coding	ENSMUSG00000034974	+	Dapk3	1151
1152	Atcayos	chr10	81194609	81210877	lncRNA	ENSMUSG00000085779	+	Atcayos	1152
1153	Nmrk2	chr10	81198170	81202051	protein_coding	ENSMUSG00000004939	-	Nmrk2	1153
1154	Atcay	chr10	81204508	81230833	protein_coding	ENSMUSG00000034958	-	Atcay	1154
1155	Zfr2	chr10	81233155	81252123	protein_coding	ENSMUSG00000034949	+	Zfr2	1155
1156	Matk	chr10	81252935	81263365	protein_coding	ENSMUSG00000004933	+	Matk	1156
1157	Mrpl54	chr10	81264713	81266934	protein_coding	ENSMUSG00000034932	-	Mrpl54	1157
1158	Apba3	chr10	81266960	81273246	protein_coding	ENSMUSG00000004931	+	Apba3	1158
1159	Tjp3	chr10	81273207	81291581	protein_coding	ENSMUSG00000034917	-	Tjp3	1159
1160	Pip5k1c	chr10	81292963	81319973	protein_coding	ENSMUSG00000034902	+	Pip5k1c	1160
1161	Gm16315	chr10	81301701	81302917	lncRNA	ENSMUSG00000090230	-	Gm16315	1161
1162	Cactin	chr10	81321103	81326242	protein_coding	ENSMUSG00000034889	+	Cactin	1162
1163	Tbxa2r	chr10	81328731	81335172	protein_coding	ENSMUSG00000034881	+	Tbxa2r	1163
1164	Gipc3	chr10	81335265	81343266	protein_coding	ENSMUSG00000034872	-	Gipc3	1164
1165	Hmg20b	chr10	81346048	81350480	protein_coding	ENSMUSG00000020232	-	Hmg20b	1165
1166	Mfsd12	chr10	81357491	81366225	protein_coding	ENSMUSG00000034854	+	Mfsd12	1166
1167	4930404N11Rik	chr10	81363067	81365816	protein_coding	ENSMUSG00000020234	-	4930404N11Rik	1167
1168	Fzr1	chr10	81366222	81378516	protein_coding	ENSMUSG00000020235	-	Fzr1	1168
1169	Dohh	chr10	81384428	81388352	protein_coding	ENSMUSG00000078440	+	Dohh	1169
1170	Gm48551	chr10	81384466	81391560	protein_coding	ENSMUSG00000113262	+	Gm48551	1170
1171	Gm48552	chr10	81389005	81391267	protein_coding	ENSMUSG00000114004	+	Gm48552	1171
1172	Smim24	chr10	81393051	81395392	protein_coding	ENSMUSG00000078439	+	Smim24	1172
1173	Nfic	chr10	81396186	81455635	protein_coding	ENSMUSG00000055053	-	Nfic	1173
1174	Gm16104	chr10	81409575	81411579	lncRNA	ENSMUSG00000085327	+	Gm16104	1174
1175	Celf5	chr10	81459227	81482709	protein_coding	ENSMUSG00000034818	-	Celf5	1175
1176	Gm16105	chr10	81461159	81462972	lncRNA	ENSMUSG00000084849	+	Gm16105	1176
1177	Ncln	chr10	81486249	81496392	protein_coding	ENSMUSG00000020238	-	Ncln	1177
1178	S1pr4	chr10	81497747	81500132	protein_coding	ENSMUSG00000044199	-	S1pr4	1178
1179	Gna15	chr10	81502306	81524225	protein_coding	ENSMUSG00000034792	-	Gna15	1179
1180	Gm47697	chr10	81525411	81526988	lncRNA	ENSMUSG00000112350	+	Gm47697	1180
1181	Gna11	chr10	81528724	81545190	protein_coding	ENSMUSG00000034781	-	Gna11	1181
1182	Tle5	chr10	81559488	81566362	protein_coding	ENSMUSG00000054452	+	Tle5	1182
1183	Gm15917	chr10	81572612	81575940	lncRNA	ENSMUSG00000090034	-	Gm15917	1183
1184	Tle2	chr10	81574561	81590845	protein_coding	ENSMUSG00000034771	+	Tle2	1184
1185	Tle6	chr10	81590904	81601073	protein_coding	ENSMUSG00000034758	-	Tle6	1185
1186	BC025920	chr10	81606270	81620703	protein_coding	ENSMUSG00000074862	+	BC025920	1186
1187	Sirt6	chr10	81621785	81627797	protein_coding	ENSMUSG00000034748	-	Sirt6	1187
1188	Ankrd24	chr10	81628540	81647610	protein_coding	ENSMUSG00000054708	+	Ankrd24	1188
1189	Gm10778	chr10	81649059	81667361	protein_coding	ENSMUSG00000096856	+	Gm10778	1189
1190	Zfp433	chr10	81704825	81726686	protein_coding	ENSMUSG00000096795	+	Zfp433	1190
1191	Gm8249	chr10	81715945	81716409	processed_pseudogene	ENSMUSG00000112061	+	Gm8249	1191
1192	Gm47529	chr10	81717039	81717557	processed_pseudogene	ENSMUSG00000112339	-	Gm47529	1192
1193	Gm5173	chr10	81727923	81728872	processed_pseudogene	ENSMUSG00000112621	+	Gm5173	1193
1194	Gm3055	chr10	81742821	81771161	protein_coding	ENSMUSG00000094622	-	Gm3055	1194
1195	Gm4767	chr10	81812186	81826490	protein_coding	ENSMUSG00000094076	+	Gm4767	1195
1196	Gm32687	chr10	81863934	81881081	protein_coding	ENSMUSG00000112640	+	Gm32687	1196
1197	Gm47539	chr10	81876151	81876667	processed_pseudogene	ENSMUSG00000112760	-	Gm47539	1197
1198	Gm8153	chr10	81887013	81887964	processed_pseudogene	ENSMUSG00000112311	+	Gm8153	1198
1199	Zfp781	chr10	81901911	81930480	protein_coding	ENSMUSG00000096718	-	Zfp781	1199
1200	Gm8290	chr10	82008379	82008855	processed_pseudogene	ENSMUSG00000111985	+	Gm8290	1200
1201	Gm46194	chr10	82009481	82009800	processed_pseudogene	ENSMUSG00000112502	-	Gm46194	1201
1202	Gm33378	chr10	82014473	82017230	TEC	ENSMUSG00000112790	+	Gm33378	1202
1203	Gm8170	chr10	82020551	82021495	processed_pseudogene	ENSMUSG00000112381	+	Gm8170	1203
1204	Zfp873	chr10	82048123	82064745	protein_coding	ENSMUSG00000061371	+	Zfp873	1204
1205	BC024063	chr10	82083353	82111216	protein_coding	ENSMUSG00000112160	+	BC024063	1205
1206	AU041133	chr10	82128013	82153065	protein_coding	ENSMUSG00000078435	+	AU041133	1206
1207	Gm47572	chr10	82157101	82160461	TEC	ENSMUSG00000112922	+	Gm47572	1207
1208	Gm47573	chr10	82164247	82166784	TEC	ENSMUSG00000112847	+	Gm47573	1208
1209	Gm15608	chr10	82178235	82201488	lncRNA	ENSMUSG00000112110	+	Gm15608	1209
1210	Zfp938	chr10	82224850	82241280	protein_coding	ENSMUSG00000062931	-	Zfp938	1210
1211	4932415D10Rik	chr10	82282116	82316582	protein_coding	ENSMUSG00000044581	-	4932415D10Rik	1211
1212	Gm4924	chr10	82354255	82422882	protein_coding	ENSMUSG00000073427	+	Gm4924	1212
1213	Gm47809	chr10	82442617	82442941	processed_pseudogene	ENSMUSG00000112070	+	Gm47809	1213
1214	Gm1553	chr10	82486537	82492618	protein_coding	ENSMUSG00000094186	-	Gm1553	1214
1215	Ap3m1-ps	chr10	82585426	82586683	processed_pseudogene	ENSMUSG00000094683	+	Ap3m1-ps	1215
1216	1190007I07Rik	chr10	82619851	82623228	protein_coding	ENSMUSG00000063320	-	1190007I07Rik	1216
1217	Tdg	chr10	82629828	82650799	protein_coding	ENSMUSG00000034674	+	Tdg	1217
1218	Glt8d2	chr10	82650433	82690650	protein_coding	ENSMUSG00000020251	-	Glt8d2	1218
1219	Hcfc2	chr10	82696160	82742428	protein_coding	ENSMUSG00000020246	+	Hcfc2	1219
1220	Nfyb	chr10	82748701	82764144	protein_coding	ENSMUSG00000020248	-	Nfyb	1220
1221	Gm47561	chr10	82771321	82777781	lncRNA	ENSMUSG00000112286	+	Gm47561	1221
1222	1700028I16Rik	chr10	82812123	82824242	lncRNA	ENSMUSG00000056821	+	1700028I16Rik	1222
1223	Txnrd1	chr10	82833951	82897712	protein_coding	ENSMUSG00000020250	+	Txnrd1	1223
1224	Gm38560	chr10	82845733	82859008	lncRNA	ENSMUSG00000112375	-	Gm38560	1224
1225	Gm47073	chr10	82851255	82852647	TEC	ENSMUSG00000112889	-	Gm47073	1225
1226	Eid3	chr10	82866626	82867930	protein_coding	ENSMUSG00000109864	+	Eid3	1226
1227	Gm4799	chr10	82954344	82955000	processed_pseudogene	ENSMUSG00000071151	+	Gm4799	1227
1228	Chst11	chr10	82985498	83195900	protein_coding	ENSMUSG00000034612	+	Chst11	1228
1229	Gm10773	chr10	83027761	83031695	TEC	ENSMUSG00000112084	-	Gm10773	1229
1230	1700025N21Rik	chr10	83139150	83142038	lncRNA	ENSMUSG00000090200	-	1700025N21Rik	1230
1231	Gm23122	chr10	83158025	83158127	snRNA	ENSMUSG00000088270	-	Gm23122	1231
1232	Slc41a2	chr10	83230848	83337882	protein_coding	ENSMUSG00000034591	-	Slc41a2	1232
1233	Gm40723	chr10	83344513	83351079	lncRNA	ENSMUSG00000112134	+	Gm40723	1233
1234	D10Wsu102e	chr10	83360221	83488505	protein_coding	ENSMUSG00000020255	+	D10Wsu102e	1234
1235	Aldh1l2	chr10	83487450	83534140	protein_coding	ENSMUSG00000020256	-	Aldh1l2	1235
1236	Washc4	chr10	83543752	83596473	protein_coding	ENSMUSG00000034560	+	Washc4	1236
1237	Appl2	chr10	83600033	83648738	protein_coding	ENSMUSG00000020263	-	Appl2	1237
1238	Gm47244	chr10	83659271	83660617	processed_pseudogene	ENSMUSG00000112072	+	Gm47244	1238
1239	1500009L16Rik	chr10	83722865	83762762	protein_coding	ENSMUSG00000087651	+	1500009L16Rik	1239
1240	Gm47245	chr10	83810164	83811565	processed_pseudogene	ENSMUSG00000112077	-	Gm47245	1240
1241	Gm47247	chr10	83901852	83902128	processed_pseudogene	ENSMUSG00000112133	+	Gm47247	1241
1242	C230099D08Rik	chr10	83992728	84004860	lncRNA	ENSMUSG00000111699	-	C230099D08Rik	1242
1243	Gm34184	chr10	84036560	84100697	lncRNA	ENSMUSG00000111049	-	Gm34184	1243
1244	Gm34113	chr10	84092266	84096249	lncRNA	ENSMUSG00000111524	+	Gm34113	1244
1245	Gm47253	chr10	84191820	84222057	lncRNA	ENSMUSG00000111062	-	Gm47253	1245
1246	Nuak1	chr10	84370905	84440597	protein_coding	ENSMUSG00000020032	-	Nuak1	1246
1247	Gm47962	chr10	84440826	84467009	lncRNA	ENSMUSG00000111583	+	Gm47962	1247
1248	4930463O16Rik	chr10	84488293	84497435	lncRNA	ENSMUSG00000020033	+	4930463O16Rik	1248
1249	E230014E18Rik	chr10	84518045	84523270	lncRNA	ENSMUSG00000111514	+	E230014E18Rik	1249
1250	Ckap4	chr10	84526305	84534062	protein_coding	ENSMUSG00000046841	-	Ckap4	1250
1251	Platr7	chr10	84547417	84553338	lncRNA	ENSMUSG00000097076	-	Platr7	1251
1252	Tcp11l2	chr10	84576626	84614359	protein_coding	ENSMUSG00000020034	+	Tcp11l2	1252
1253	Gm17249	chr10	84618341	84622578	lncRNA	ENSMUSG00000097309	-	Gm17249	1253
1254	Polr3b	chr10	84622292	84727178	protein_coding	ENSMUSG00000034453	+	Polr3b	1254
1255	Rfx4	chr10	84756062	84906538	protein_coding	ENSMUSG00000020037	+	Rfx4	1255
1256	Gm24226	chr10	84811087	84811183	snRNA	ENSMUSG00000089451	-	Gm24226	1256
1257	Ric8b	chr10	84917616	85018337	protein_coding	ENSMUSG00000035620	+	Ric8b	1257
1258	Fhl4	chr10	85096287	85102495	protein_coding	ENSMUSG00000050035	-	Fhl4	1258
1259	Tmem263	chr10	85102627	85120618	protein_coding	ENSMUSG00000060935	+	Tmem263	1259
1260	Mterf2	chr10	85119433	85128027	protein_coding	ENSMUSG00000049038	-	Mterf2	1260
1261	Cry1	chr10	85131700	85185064	protein_coding	ENSMUSG00000020038	-	Cry1	1261
1262	Gm38575	chr10	85220942	85266392	lncRNA	ENSMUSG00000111752	-	Gm38575	1262
1263	Gm8394	chr10	85313488	85314439	processed_pseudogene	ENSMUSG00000050490	+	Gm8394	1263
1264	Btbd11	chr10	85386814	85660292	protein_coding	ENSMUSG00000020042	+	Btbd11	1264
1265	Gm47358	chr10	85707680	85712368	lncRNA	ENSMUSG00000111435	+	Gm47358	1265
1266	Gm6714	chr10	85726612	85733068	processed_pseudogene	ENSMUSG00000112451	-	Gm6714	1266
1267	Gm47362	chr10	85744174	85745068	processed_pseudogene	ENSMUSG00000112119	-	Gm47362	1267
1268	Gm47366	chr10	85764265	85765762	processed_pseudogene	ENSMUSG00000111891	-	Gm47366	1268
1269	Gm47365	chr10	85764586	85765762	processed_pseudogene	ENSMUSG00000111996	-	Gm47365	1269
1270	Gm9466	chr10	85785298	85792048	processed_pseudogene	ENSMUSG00000112418	+	Gm9466	1270
1271	Pwp1	chr10	85829494	85889096	protein_coding	ENSMUSG00000001785	+	Pwp1	1271
1272	Gm19624	chr10	85829742	85833315	unprocessed_pseudogene	ENSMUSG00000112326	+	Gm19624	1272
1273	Gm47006	chr10	85849141	85850866	processed_pseudogene	ENSMUSG00000112836	+	Gm47006	1273
1274	Prdm4	chr10	85891966	85917142	protein_coding	ENSMUSG00000035529	-	Prdm4	1274
1275	Ascl4	chr10	85927681	85946206	protein_coding	ENSMUSG00000085111	+	Ascl4	1275
1276	Rtcb	chr10	85938637	85957823	protein_coding	ENSMUSG00000001783	-	Rtcb	1276
1277	Bpifc	chr10	85959340	86011895	protein_coding	ENSMUSG00000050108	-	Bpifc	1277
1278	A230060F14Rik	chr10	86020441	86022329	lncRNA	ENSMUSG00000097692	-	A230060F14Rik	1278
1279	Fbxo7	chr10	86021972	86051873	protein_coding	ENSMUSG00000001786	+	Fbxo7	1279
1280	Syn3	chr10	86055125	86498896	protein_coding	ENSMUSG00000059602	-	Syn3	1280
1281	4930486F22Rik	chr10	86095859	86113586	lncRNA	ENSMUSG00000112493	+	4930486F22Rik	1281
1282	Gm15990	chr10	86125827	86129854	lncRNA	ENSMUSG00000087256	+	Gm15990	1282
1283	Timp3	chr10	86300372	86349506	protein_coding	ENSMUSG00000020044	+	Timp3	1283
1284	Gm6729	chr10	86539883	86541334	processed_pseudogene	ENSMUSG00000090816	-	Gm6729	1284
1285	Gm9583	chr10	86550808	86552650	processed_pseudogene	ENSMUSG00000112893	-	Gm9583	1285
1286	Gm48454	chr10	86574323	86575528	processed_pseudogene	ENSMUSG00000112325	+	Gm48454	1286
1287	Gm48464	chr10	86601781	86602927	processed_pseudogene	ENSMUSG00000112834	+	Gm48464	1287
1288	Gm48466	chr10	86604292	86604763	processed_pseudogene	ENSMUSG00000112078	+	Gm48466	1288
1289	Gm18876	chr10	86640683	86642531	processed_pseudogene	ENSMUSG00000112098	+	Gm18876	1289
1290	Gm5174	chr10	86655958	86657380	processed_pseudogene	ENSMUSG00000090308	+	Gm5174	1290
1291	Gm48485	chr10	86657405	86671018	lncRNA	ENSMUSG00000112666	+	Gm48485	1291
1292	1810014B01Rik	chr10	86685525	86694806	transcribed_unprocessed_pseudogene	ENSMUSG00000097412	+	1810014B01Rik	1292
1293	Hsp90b1	chr10	86690209	86705509	protein_coding	ENSMUSG00000020048	-	Hsp90b1	1293
1294	Gm15344	chr10	86692119	86693095	lncRNA	ENSMUSG00000084899	-	Gm15344	1294
1295	Gm25745	chr10	86705316	86705448	miRNA	ENSMUSG00000092686	-	Gm25745	1295
1296	Ttc41	chr10	86705811	86776844	protein_coding	ENSMUSG00000044937	+	Ttc41	1296
1297	Fabp3-ps1	chr10	86731987	86732388	processed_pseudogene	ENSMUSG00000056366	-	Fabp3-ps1	1297
1298	Gm49358	chr10	86763972	86833972	protein_coding	ENSMUSG00000112743	+	Gm49358	1298
1299	Nt5dc3	chr10	86779005	86838389	protein_coding	ENSMUSG00000054027	+	Nt5dc3	1299
1300	Gm16268	chr10	86839094	86874954	lncRNA	ENSMUSG00000089959	+	Gm16268	1300
1301	Stab2	chr10	86841198	87008025	protein_coding	ENSMUSG00000035459	-	Stab2	1301
1302	Gm16270	chr10	86909479	86912716	transcribed_processed_pseudogene	ENSMUSG00000089775	+	Gm16270	1302
1303	Gm16271	chr10	86972216	87028015	lncRNA	ENSMUSG00000089656	+	Gm16271	1303
1304	1700113H08Rik	chr10	87058045	87230589	protein_coding	ENSMUSG00000047129	+	1700113H08Rik	1304
1305	4930555G07Rik	chr10	87230760	87297555	lncRNA	ENSMUSG00000112213	+	4930555G07Rik	1305
1306	Gm10764	chr10	87289493	87291827	TEC	ENSMUSG00000103862	+	Gm10764	1306
1307	Gm23191	chr10	87364040	87364146	snRNA	ENSMUSG00000096692	-	Gm23191	1307
1308	Ascl1	chr10	87490819	87493660	protein_coding	ENSMUSG00000020052	-	Ascl1	1308
1309	Pah	chr10	87521795	87584136	protein_coding	ENSMUSG00000020051	+	Pah	1309
1310	Gm48195	chr10	87688578	87689029	processed_pseudogene	ENSMUSG00000112536	+	Gm48195	1310
1311	Igf1os	chr10	87826377	87863381	lncRNA	ENSMUSG00000058934	-	Igf1os	1311
1312	Igf1	chr10	87858265	87937042	protein_coding	ENSMUSG00000020053	+	Igf1	1312
1313	Gm48306	chr10	87980462	87984220	lncRNA	ENSMUSG00000112183	+	Gm48306	1313
1314	Gm48307	chr10	88038225	88039679	TEC	ENSMUSG00000112235	+	Gm48307	1314
1315	Gm48308	chr10	88088198	88089824	TEC	ENSMUSG00000112932	+	Gm48308	1315
1316	Pmch	chr10	88091072	88092375	protein_coding	ENSMUSG00000035383	+	Pmch	1316
1317	Parpbp	chr10	88091432	88146941	protein_coding	ENSMUSG00000035365	-	Parpbp	1317
1318	Gm6653	chr10	88134566	88135853	TEC	ENSMUSG00000112026	-	Gm6653	1318
1319	Nup37	chr10	88146992	88178390	protein_coding	ENSMUSG00000035351	+	Nup37	1319
1320	Gm26357	chr10	88164959	88165073	snRNA	ENSMUSG00000088843	-	Gm26357	1320
1321	Washc3	chr10	88201093	88246158	protein_coding	ENSMUSG00000020056	+	Washc3	1321
1322	Gm17980	chr10	88270883	88273231	processed_pseudogene	ENSMUSG00000112259	-	Gm17980	1322
1323	Dram1	chr10	88322804	88379080	protein_coding	ENSMUSG00000020057	-	Dram1	1323
1324	Gnptab	chr10	88379132	88447329	protein_coding	ENSMUSG00000035311	+	Gnptab	1324
1325	Gm16235	chr10	88444236	88449887	lncRNA	ENSMUSG00000087429	-	Gm16235	1325
1326	Chpt1	chr10	88452745	88504073	protein_coding	ENSMUSG00000060002	-	Chpt1	1326
1327	Sycp3	chr10	88459569	88473236	protein_coding	ENSMUSG00000020059	+	Sycp3	1327
1328	Mybpc1	chr10	88518279	88605152	protein_coding	ENSMUSG00000020061	-	Mybpc1	1328
1329	Gm48752	chr10	88602472	88605340	TEC	ENSMUSG00000112841	+	Gm48752	1329
1330	Gm8435	chr10	88641379	88642170	processed_pseudogene	ENSMUSG00000112231	+	Gm8435	1330
1331	Gm48106	chr10	88650106	88658230	processed_pseudogene	ENSMUSG00000112428	-	Gm48106	1331
1332	Gm48108	chr10	88670495	88671269	processed_pseudogene	ENSMUSG00000112869	-	Gm48108	1332
1333	Spic	chr10	88674772	88685015	protein_coding	ENSMUSG00000004359	-	Spic	1333
1334	Gm46192	chr10	88704595	88705075	processed_pseudogene	ENSMUSG00000111919	+	Gm46192	1334
1335	n-R5s79	chr10	88710008	88710127	rRNA	ENSMUSG00000065005	-	n-R5s79	1335
1336	Gm4925	chr10	88729541	88731101	transcribed_processed_pseudogene	ENSMUSG00000069540	-	Gm4925	1336
1337	Arl1	chr10	88730858	88744094	protein_coding	ENSMUSG00000060904	+	Arl1	1337
1338	Utp20	chr10	88746607	88826804	protein_coding	ENSMUSG00000004356	-	Utp20	1338
1339	Slc5a8	chr10	88885992	88929515	protein_coding	ENSMUSG00000020062	+	Slc5a8	1339
1340	Ano4	chr10	88948994	89344762	protein_coding	ENSMUSG00000035189	-	Ano4	1340
1341	Gas2l3	chr10	89408823	89443967	protein_coding	ENSMUSG00000074802	-	Gas2l3	1341
1342	Nr1h4	chr10	89454234	89533585	protein_coding	ENSMUSG00000047638	-	Nr1h4	1342
1343	Gm48087	chr10	89555083	89555719	processed_pseudogene	ENSMUSG00000112272	-	Gm48087	1343
1344	Slc17a8	chr10	89574020	89621253	protein_coding	ENSMUSG00000019935	-	Slc17a8	1344
1345	Scyl2	chr10	89638721	89686285	protein_coding	ENSMUSG00000069539	-	Scyl2	1345
1346	1500026H17Rik	chr10	89686371	89700866	lncRNA	ENSMUSG00000097383	+	1500026H17Rik	1346
1347	Actr6	chr10	89711971	89732295	protein_coding	ENSMUSG00000019948	-	Actr6	1347
1348	Uhrf1bp1l	chr10	89744991	89819871	protein_coding	ENSMUSG00000019951	+	Uhrf1bp1l	1348
1349	Gm26180	chr10	89821340	89821446	snRNA	ENSMUSG00000093967	-	Gm26180	1349
1350	Anks1b	chr10	89873509	90973300	protein_coding	ENSMUSG00000058589	+	Anks1b	1350
1351	Gm5780	chr10	90132984	90134817	processed_pseudogene	ENSMUSG00000112140	-	Gm5780	1351
1352	Gm47591	chr10	90728960	90736330	lncRNA	ENSMUSG00000112153	+	Gm47591	1352
1353	Gm18670	chr10	90749992	90750687	processed_pseudogene	ENSMUSG00000111909	-	Gm18670	1353
1354	Gm47589	chr10	90750872	90751066	processed_pseudogene	ENSMUSG00000112507	-	Gm47589	1354
1355	Gm47592	chr10	90813083	90814389	TEC	ENSMUSG00000112015	+	Gm47592	1355
1356	Gm47590	chr10	90851099	90854074	TEC	ENSMUSG00000112601	+	Gm47590	1356
1357	Apaf1	chr10	90989311	91082770	protein_coding	ENSMUSG00000019979	-	Apaf1	1357
1358	Gm25390	chr10	91005741	91005843	snRNA	ENSMUSG00000087966	+	Gm25390	1358
1359	Ikbip	chr10	91082940	91102607	protein_coding	ENSMUSG00000019975	+	Ikbip	1359
1360	Slc25a3	chr10	91116574	91124059	protein_coding	ENSMUSG00000061904	-	Slc25a3	1360
1361	Tmpo	chr10	91147571	91181315	protein_coding	ENSMUSG00000019961	-	Tmpo	1361
1362	4930534H03Rik	chr10	91208258	91220642	lncRNA	ENSMUSG00000111544	-	4930534H03Rik	1362
1363	Gm18705	chr10	91252145	91259344	processed_pseudogene	ENSMUSG00000110847	-	Gm18705	1363
1364	Gm47082	chr10	91310345	91312450	lncRNA	ENSMUSG00000111525	+	Gm47082	1364
1365	Gm31592	chr10	91888829	91953580	lncRNA	ENSMUSG00000111657	+	Gm31592	1365
1366	Rmst	chr10	92071037	92165170	lncRNA	ENSMUSG00000112117	-	Rmst	1366
1367	Gm27544	chr10	92071661	92071815	misc_RNA	ENSMUSG00000098979	-	Gm27544	1367
1368	Gm27999	chr10	92075169	92075361	misc_RNA	ENSMUSG00000098394	-	Gm27999	1368
1369	Gm27588	chr10	92101665	92101927	misc_RNA	ENSMUSG00000098664	-	Gm27588	1369
1370	Gm27753	chr10	92103707	92103909	misc_RNA	ENSMUSG00000098891	-	Gm27753	1370
1371	Gm27582	chr10	92133222	92133347	misc_RNA	ENSMUSG00000098662	-	Gm27582	1371
1372	Gm27419	chr10	92135700	92135808	misc_RNA	ENSMUSG00000099307	-	Gm27419	1372
1373	Mir1251	chr10	92137140	92137223	miRNA	ENSMUSG00000093227	-	Mir1251	1373
1374	Gm20757	chr10	92171301	92375373	lncRNA	ENSMUSG00000098040	-	Gm20757	1374
1375	Gm8512	chr10	92223004	92223474	processed_pseudogene	ENSMUSG00000111104	-	Gm8512	1375
1376	4930401A07Rik	chr10	92401014	92417495	lncRNA	ENSMUSG00000110794	+	4930401A07Rik	1376
1377	Gm18043	chr10	92484220	92484958	processed_pseudogene	ENSMUSG00000111604	+	Gm18043	1377
1378	Gm4800	chr10	92542405	92543670	processed_pseudogene	ENSMUSG00000111759	-	Gm4800	1378
1379	Gm31822	chr10	92644091	92651734	lncRNA	ENSMUSG00000111470	+	Gm31822	1379
1380	Nedd1	chr10	92684746	92722420	protein_coding	ENSMUSG00000019988	-	Nedd1	1380
1381	Gm47993	chr10	92706083	92706257	processed_pseudogene	ENSMUSG00000111432	-	Gm47993	1381
1382	Gm49783	chr10	92717508	92723688	TEC	ENSMUSG00000111740	-	Gm49783	1382
1383	Cfap54	chr10	92775619	93081618	protein_coding	ENSMUSG00000020014	-	Cfap54	1383
1384	Gm32468	chr10	93084206	93093727	lncRNA	ENSMUSG00000111013	+	Gm32468	1384
1385	Cdk17	chr10	93160875	93267071	protein_coding	ENSMUSG00000020015	+	Cdk17	1385
1386	Mir1931	chr10	93162785	93162903	miRNA	ENSMUSG00000089214	+	Mir1931	1386
1387	Elk3	chr10	93247414	93311135	protein_coding	ENSMUSG00000008398	-	Elk3	1387
1388	Gm32688	chr10	93317403	93322725	lncRNA	ENSMUSG00000111531	+	Gm32688	1388
1389	Gm17745	chr10	93335393	93348877	lncRNA	ENSMUSG00000110647	+	Gm17745	1389
1390	Lta4h	chr10	93453411	93484875	protein_coding	ENSMUSG00000015889	+	Lta4h	1390
1391	Hal	chr10	93488768	93519304	protein_coding	ENSMUSG00000020017	+	Hal	1391
1392	Amdhd1	chr10	93523338	93540033	protein_coding	ENSMUSG00000015890	-	Amdhd1	1392
1393	Ccdc38	chr10	93540632	93584327	protein_coding	ENSMUSG00000036168	+	Ccdc38	1393
1394	Snrpf	chr10	93583029	93589706	protein_coding	ENSMUSG00000020018	-	Snrpf	1394
1395	4933408J17Rik	chr10	93589413	93605245	lncRNA	ENSMUSG00000097407	+	4933408J17Rik	1395
1396	Gm47156	chr10	93618862	93634323	lncRNA	ENSMUSG00000111366	+	Gm47156	1396
1397	Ntn4	chr10	93640681	93747207	protein_coding	ENSMUSG00000020019	+	Ntn4	1397
1398	Gm8580	chr10	93665383	93665846	processed_pseudogene	ENSMUSG00000090159	-	Gm8580	1398
1399	Gm15915	chr10	93674218	93683322	lncRNA	ENSMUSG00000085723	-	Gm15915	1399
1400	Gm15963	chr10	93726726	93728207	lncRNA	ENSMUSG00000086891	-	Gm15963	1400
1401	Gm3571	chr10	93778660	93779719	processed_pseudogene	ENSMUSG00000090610	+	Gm3571	1401
1402	Usp44	chr10	93831555	93858088	protein_coding	ENSMUSG00000020020	+	Usp44	1402
1403	Metap2	chr10	93858489	93897093	protein_coding	ENSMUSG00000036112	-	Metap2	1403
1404	4930471D02Rik	chr10	93897158	93901956	lncRNA	ENSMUSG00000097689	+	4930471D02Rik	1404
1405	Gm48126	chr10	93919090	93936270	unitary_pseudogene	ENSMUSG00000114757	+	Gm48126	1405
1406	Vezt	chr10	93939165	94035817	protein_coding	ENSMUSG00000036099	-	Vezt	1406
1407	Gm48191	chr10	94028081	94028365	processed_pseudogene	ENSMUSG00000111349	+	Gm48191	1407
1408	Gm49628	chr10	94034012	94035801	TEC	ENSMUSG00000110869	-	Gm49628	1408
1409	Fgd6	chr10	94036001	94145339	protein_coding	ENSMUSG00000020021	+	Fgd6	1409
1410	Gm18391	chr10	94097483	94098140	processed_pseudogene	ENSMUSG00000110753	-	Gm18391	1410
1411	Nr2c1	chr10	94148023	94197211	protein_coding	ENSMUSG00000005897	+	Nr2c1	1411
1412	Gm26122	chr10	94184492	94184573	snRNA	ENSMUSG00000065296	-	Gm26122	1412
1413	Ndufa12	chr10	94198720	94221443	protein_coding	ENSMUSG00000020022	+	Ndufa12	1413
1414	Gm4792	chr10	94293665	94298703	protein_coding	ENSMUSG00000053420	-	Gm4792	1414
1415	Tmcc3	chr10	94311949	94590956	protein_coding	ENSMUSG00000020023	+	Tmcc3	1415
1416	Gm16155	chr10	94408891	94410732	lncRNA	ENSMUSG00000085409	+	Gm16155	1416
1417	Tmcc3os	chr10	94567828	94612084	lncRNA	ENSMUSG00000086269	-	Tmcc3os	1417
1418	Mir7211	chr10	94586137	94586199	miRNA	ENSMUSG00000098544	-	Mir7211	1418
1419	Gm48657	chr10	94620540	94648657	lncRNA	ENSMUSG00000112477	+	Gm48657	1419
1420	Gm48658	chr10	94652796	94653052	processed_pseudogene	ENSMUSG00000112473	-	Gm48658	1420
1421	Cep83os	chr10	94671025	94688576	lncRNA	ENSMUSG00000097164	-	Cep83os	1421
1422	Gm49167	chr10	94685705	94688619	TEC	ENSMUSG00000112203	+	Gm49167	1422
1423	Cep83	chr10	94688654	94790853	protein_coding	ENSMUSG00000020024	+	Cep83	1423
1424	Gm48689	chr10	94781974	94787161	lncRNA	ENSMUSG00000112669	-	Gm48689	1424
1425	Plxnc1	chr10	94790866	94944835	protein_coding	ENSMUSG00000074785	-	Plxnc1	1425
1426	Gm24186	chr10	94821529	94821655	rRNA	ENSMUSG00000088608	-	Gm24186	1426
1427	Gm48718	chr10	94881311	94883792	TEC	ENSMUSG00000112736	-	Gm48718	1427
1428	Gm48867	chr10	94993952	94999442	lncRNA	ENSMUSG00000112277	-	Gm48867	1428
1429	Gm48868	chr10	95116379	95117731	TEC	ENSMUSG00000112677	+	Gm48868	1429
1430	Gm29684	chr10	95120582	95145825	lncRNA	ENSMUSG00000112481	-	Gm29684	1430
1431	Gm33091	chr10	95134290	95136874	lncRNA	ENSMUSG00000112501	-	Gm33091	1431
1432	Gm48874	chr10	95160361	95165660	TEC	ENSMUSG00000112682	+	Gm48874	1432
1433	Cradd	chr10	95174746	95324133	protein_coding	ENSMUSG00000045867	-	Cradd	1433
1434	Gm48880	chr10	95312870	95314853	TEC	ENSMUSG00000112744	-	Gm48880	1434
1435	Gm48882	chr10	95318247	95324358	lncRNA	ENSMUSG00000112593	+	Gm48882	1435
1436	2310039L15Rik	chr10	95336276	95366202	lncRNA	ENSMUSG00000100550	+	2310039L15Rik	1436
1437	Socs2	chr10	95385362	95417180	protein_coding	ENSMUSG00000020027	-	Socs2	1437
1438	5730420D15Rik	chr10	95417375	95428640	lncRNA	ENSMUSG00000097766	+	5730420D15Rik	1438
1439	Gm47599	chr10	95445316	95461224	lncRNA	ENSMUSG00000112261	-	Gm47599	1439
1440	Gm3619	chr10	95477343	95478117	processed_pseudogene	ENSMUSG00000112450	-	Gm3619	1440
1441	Mrpl42	chr10	95480805	95501940	protein_coding	ENSMUSG00000062981	-	Mrpl42	1441
1442	Ube2n	chr10	95515145	95545657	protein_coding	ENSMUSG00000074781	+	Ube2n	1442
1443	Nudt4	chr10	95547007	95564146	protein_coding	ENSMUSG00000020029	-	Nudt4	1443
1444	Gm47667	chr10	95634483	95636425	lncRNA	ENSMUSG00000112538	+	Gm47667	1444
1445	Gm47669	chr10	95703051	95703462	processed_pseudogene	ENSMUSG00000112025	-	Gm47669	1445
1446	Gm47671	chr10	95714001	95717507	lncRNA	ENSMUSG00000112519	-	Gm47671	1446
1447	Gm47708	chr10	95730183	95739356	lncRNA	ENSMUSG00000112188	+	Gm47708	1447
1448	4732465J04Rik	chr10	95746077	95797236	lncRNA	ENSMUSG00000101517	+	4732465J04Rik	1448
1449	Gm47718	chr10	95811337	95817895	lncRNA	ENSMUSG00000112771	-	Gm47718	1449
1450	Gm47719	chr10	95817570	95849118	lncRNA	ENSMUSG00000112599	+	Gm47719	1450
1451	Gm33543	chr10	95823973	95842930	protein_coding	ENSMUSG00000110353	-	Gm33543	1451
1452	Gm47725	chr10	95893443	95897257	lncRNA	ENSMUSG00000112400	+	Gm47725	1452
1453	Eea1	chr10	95940650	96045518	protein_coding	ENSMUSG00000036499	+	Eea1	1453
1454	Gm49817	chr10	96047628	96096005	unitary_pseudogene	ENSMUSG00000117008	-	Gm49817	1454
1455	Gm5426	chr10	96136603	96136914	protein_coding	ENSMUSG00000096486	+	Gm5426	1455
1456	4930459C07Rik	chr10	96226020	96248866	lncRNA	ENSMUSG00000112762	+	4930459C07Rik	1456
1457	Gm48427	chr10	96309345	96320725	lncRNA	ENSMUSG00000112234	+	Gm48427	1457
1458	Gm33782	chr10	96310131	96362367	lncRNA	ENSMUSG00000112290	+	Gm33782	1458
1459	Gm48428	chr10	96336090	96345824	lncRNA	ENSMUSG00000112749	-	Gm48428	1459
1460	Gm48505	chr10	96495721	96523982	lncRNA	ENSMUSG00000112264	-	Gm48505	1460
1461	Gm33843	chr10	96519157	96595731	lncRNA	ENSMUSG00000112354	-	Gm33843	1461
1462	Btg1	chr10	96617006	96622809	protein_coding	ENSMUSG00000036478	+	Btg1	1462
1463	Gm48507	chr10	96711807	96712086	processed_pseudogene	ENSMUSG00000112362	+	Gm48507	1463
1464	Gm48521	chr10	96801039	96884708	lncRNA	ENSMUSG00000111912	+	Gm48521	1464
1465	Gm33981	chr10	96903158	96958871	lncRNA	ENSMUSG00000112488	-	Gm33981	1465
1466	4930556N09Rik	chr10	97035768	97061059	lncRNA	ENSMUSG00000111924	+	4930556N09Rik	1466
1467	Gm48555	chr10	97105493	97106584	processed_pseudogene	ENSMUSG00000112631	-	Gm48555	1467
1468	Dcn	chr10	97479609	97518143	protein_coding	ENSMUSG00000019929	+	Dcn	1468
1469	Lum	chr10	97565128	97572703	protein_coding	ENSMUSG00000036446	+	Lum	1469
1470	4930473O22Rik	chr10	97590984	97596931	lncRNA	ENSMUSG00000112484	-	4930473O22Rik	1470
1471	Kera	chr10	97606879	97613692	protein_coding	ENSMUSG00000019932	+	Kera	1471
1472	Epyc	chr10	97644068	97682454	protein_coding	ENSMUSG00000019936	+	Epyc	1472
1473	Gm10754	chr10	97681414	97967090	lncRNA	ENSMUSG00000074776	-	Gm10754	1473
1474	Ccer1	chr10	97693059	97694923	protein_coding	ENSMUSG00000047025	+	Ccer1	1474
1475	4930525C09Rik	chr10	97714772	97753702	lncRNA	ENSMUSG00000112497	+	4930525C09Rik	1475
1476	C030005K15Rik	chr10	97724874	97726755	lncRNA	ENSMUSG00000079183	-	C030005K15Rik	1476
1477	Gm8633	chr10	98299927	98351874	lncRNA	ENSMUSG00000112896	-	Gm8633	1477
1478	Gm34297	chr10	98537478	98569836	lncRNA	ENSMUSG00000112874	+	Gm34297	1478
1479	Gm5427	chr10	98653799	98699710	lncRNA	ENSMUSG00000112647	-	Gm5427	1479
1480	Atp2b1	chr10	98914406	99026143	protein_coding	ENSMUSG00000019943	+	Atp2b1	1480
1481	Gm48761	chr10	99039472	99041443	TEC	ENSMUSG00000112660	+	Gm48761	1481
1482	Gm48768	chr10	99105791	99108080	lncRNA	ENSMUSG00000112346	-	Gm48768	1482
1483	Poc1b	chr10	99107036	99198074	protein_coding	ENSMUSG00000019952	+	Poc1b	1483
1484	Galnt4	chr10	99108159	99113247	protein_coding	ENSMUSG00000090035	+	Galnt4	1484
1485	Gm16239	chr10	99179184	99184610	lncRNA	ENSMUSG00000089994	-	Gm16239	1485
1486	Gm34574	chr10	99216442	99228906	lncRNA	ENSMUSG00000112805	-	Gm34574	1486
1487	Gm48884	chr10	99232794	99237616	lncRNA	ENSMUSG00000112902	-	Gm48884	1487
1488	Gm34777	chr10	99233117	99243062	lncRNA	ENSMUSG00000111923	+	Gm34777	1488
1489	Dusp6	chr10	99263231	99267489	protein_coding	ENSMUSG00000019960	+	Dusp6	1489
1490	Gm34921	chr10	99267686	99270446	lncRNA	ENSMUSG00000112384	-	Gm34921	1490
1491	Gm48089	chr10	99267896	99279084	lncRNA	ENSMUSG00000112544	+	Gm48089	1491
1492	B530045E10Rik	chr10	99298888	99423047	lncRNA	ENSMUSG00000044633	+	B530045E10Rik	1492
1493	Gad1-ps	chr10	99444044	99445819	processed_pseudogene	ENSMUSG00000090665	+	Gad1-ps	1493
1494	Gm35035	chr10	99452654	99460230	lncRNA	ENSMUSG00000112082	-	Gm35035	1494
1495	Gm34983	chr10	99459689	99488610	lncRNA	ENSMUSG00000112265	+	Gm34983	1495
1496	Gm20110	chr10	99609171	99658134	lncRNA	ENSMUSG00000111962	+	Gm20110	1496
1497	Gm18409	chr10	99638722	99641920	transcribed_processed_pseudogene	ENSMUSG00000112503	-	Gm18409	1497
1498	Gm35101	chr10	99669514	99675623	lncRNA	ENSMUSG00000112810	+	Gm35101	1498
1499	Gm47578	chr10	99719143	99891158	lncRNA	ENSMUSG00000113032	+	Gm47578	1499
1500	Csl	chr10	99757706	99759658	protein_coding	ENSMUSG00000046934	-	Csl	1500
1501	Gm35206	chr10	99759506	99830562	lncRNA	ENSMUSG00000112304	+	Gm35206	1501
1502	Kitl	chr10	100015630	100100416	protein_coding	ENSMUSG00000019966	+	Kitl	1502
1503	Gm35533	chr10	100129868	100144126	lncRNA	ENSMUSG00000112831	-	Gm35533	1503
1504	Gm47627	chr10	100203874	100204342	TEC	ENSMUSG00000112633	-	Gm47627	1504
1505	Gm47632	chr10	100317024	100320270	processed_pseudogene	ENSMUSG00000112522	-	Gm47632	1505
1506	Gm47628	chr10	100320313	100321425	processed_pseudogene	ENSMUSG00000112122	-	Gm47628	1506
1507	Gm47630	chr10	100321102	100321371	processed_pseudogene	ENSMUSG00000112178	+	Gm47630	1507
1508	Gm47673	chr10	100432938	100433569	TEC	ENSMUSG00000112580	-	Gm47673	1508
1509	Tmtc3	chr10	100443902	100487350	protein_coding	ENSMUSG00000036676	-	Tmtc3	1509
1510	Cep290	chr10	100487558	100574840	protein_coding	ENSMUSG00000019971	+	Cep290	1510
1511	4930430F08Rik	chr10	100572265	100590423	protein_coding	ENSMUSG00000046567	-	4930430F08Rik	1511
1512	Gm47956	chr10	100577426	100583711	lncRNA	ENSMUSG00000112000	+	Gm47956	1512
1513	1700017N19Rik	chr10	100590484	100618401	protein_coding	ENSMUSG00000056912	+	1700017N19Rik	1513
1514	Gm47325	chr10	100651630	100651942	processed_pseudogene	ENSMUSG00000112328	+	Gm47325	1514
1515	Gm35722	chr10	100707535	100741635	lncRNA	ENSMUSG00000112104	-	Gm35722	1515
1516	Gm19233	chr10	101271621	101272556	processed_pseudogene	ENSMUSG00000111906	+	Gm19233	1516
1517	Mgat4c	chr10	101681487	102391469	protein_coding	ENSMUSG00000019888	+	Mgat4c	1517
1518	Gm47032	chr10	101730775	101731561	TEC	ENSMUSG00000111931	+	Gm47032	1518
1519	Mir3059	chr10	101772692	101772772	miRNA	ENSMUSG00000092952	+	Mir3059	1519
1520	Gm47031	chr10	102319613	102321894	lncRNA	ENSMUSG00000112342	+	Gm47031	1520
1521	Gm47033	chr10	102415883	102418014	lncRNA	ENSMUSG00000111990	+	Gm47033	1521
1522	Gm47101	chr10	102435269	102435543	lncRNA	ENSMUSG00000112073	+	Gm47101	1522
1523	Nts	chr10	102481756	102490486	protein_coding	ENSMUSG00000019890	-	Nts	1523
1524	Rassf9	chr10	102512222	102549736	protein_coding	ENSMUSG00000044921	+	Rassf9	1524
1525	Gm47143	chr10	102683265	102694569	lncRNA	ENSMUSG00000112845	+	Gm47143	1525
1526	Gm5175	chr10	102819320	102838659	transcribed_processed_pseudogene	ENSMUSG00000112046	+	Gm5175	1526
1527	Alx1	chr10	102998707	103030215	protein_coding	ENSMUSG00000036602	-	Alx1	1527
1528	Lrriq1	chr10	103046031	103236322	protein_coding	ENSMUSG00000019892	-	Lrriq1	1528
1529	Gm25376	chr10	103121236	103121368	snoRNA	ENSMUSG00000077528	+	Gm25376	1529
1530	Gm47164	chr10	103207748	103213437	TEC	ENSMUSG00000112622	-	Gm47164	1530
1531	Slc6a15	chr10	103367783	103419377	protein_coding	ENSMUSG00000019894	+	Slc6a15	1531
1532	Gm8768	chr10	103429910	103430735	processed_pseudogene	ENSMUSG00000112923	+	Gm8768	1532
1533	Gm47223	chr10	103507362	103566565	lncRNA	ENSMUSG00000112636	+	Gm47223	1533
1534	Gm47221	chr10	103512928	103571685	lncRNA	ENSMUSG00000112319	+	Gm47221	1534
1535	Gm47224	chr10	103856267	103858332	lncRNA	ENSMUSG00000112554	-	Gm47224	1535
1536	Gm47226	chr10	103986993	103987906	lncRNA	ENSMUSG00000112281	+	Gm47226	1536
1537	Gm47227	chr10	104082225	104082341	processed_pseudogene	ENSMUSG00000112403	+	Gm47227	1537
1538	Gm47228	chr10	104096323	104096761	processed_pseudogene	ENSMUSG00000112382	-	Gm47228	1538
1539	Gm21293	chr10	104142987	104153674	protein_coding	ENSMUSG00000091779	+	Gm21293	1539
1540	Gm48184	chr10	104874212	104874484	processed_pseudogene	ENSMUSG00000112044	-	Gm48184	1540
1541	Tmtc2	chr10	105187663	105574451	protein_coding	ENSMUSG00000036019	-	Tmtc2	1541
1542	Gm48206	chr10	105340249	105342314	TEC	ENSMUSG00000112193	+	Gm48206	1542
1543	Gm48203	chr10	105392502	105394286	TEC	ENSMUSG00000112512	-	Gm48203	1543
1544	Gm15666	chr10	105505804	105508599	transcribed_processed_pseudogene	ENSMUSG00000084399	-	Gm15666	1544
1545	Gm48204	chr10	105514681	105516649	TEC	ENSMUSG00000112900	-	Gm48204	1545
1546	Gm48207	chr10	105532984	105534493	TEC	ENSMUSG00000112571	-	Gm48207	1546
1547	Gm15663	chr10	105573953	105583874	lncRNA	ENSMUSG00000085282	+	Gm15663	1547
1548	Mettl25	chr10	105763189	105841380	protein_coding	ENSMUSG00000036009	-	Mettl25	1548
1549	Gm48298	chr10	105806538	105808867	TEC	ENSMUSG00000112820	-	Gm48298	1549
1550	Ccdc59	chr10	105841067	105847833	protein_coding	ENSMUSG00000019897	+	Ccdc59	1550
1551	Gm48363	chr10	106074227	106079076	TEC	ENSMUSG00000112034	+	Gm48363	1551
1552	Gm48376	chr10	106166777	106169259	processed_pseudogene	ENSMUSG00000112668	-	Gm48376	1552
1553	Gm48377	chr10	106183021	106183891	TEC	ENSMUSG00000112523	+	Gm48377	1553
1554	Gm48380	chr10	106444397	106445102	processed_pseudogene	ENSMUSG00000112066	+	Gm48380	1554
1555	Ppfia2	chr10	106470339	106935952	protein_coding	ENSMUSG00000053825	+	Ppfia2	1555
1556	4930532I03Rik	chr10	106555195	106602480	lncRNA	ENSMUSG00000112201	-	4930532I03Rik	1556
1557	Acss3	chr10	106933517	107123668	protein_coding	ENSMUSG00000035948	-	Acss3	1557
1558	Gm19007	chr10	106949297	106950170	processed_pseudogene	ENSMUSG00000112443	+	Gm19007	1558
1559	Gm29674	chr10	107199912	107205775	lncRNA	ENSMUSG00000112466	-	Gm29674	1559
1560	Lin7a	chr10	107271686	107421474	protein_coding	ENSMUSG00000019906	+	Lin7a	1560
1561	Gm38117	chr10	107436421	107437359	TEC	ENSMUSG00000102934	-	Gm38117	1561
1562	Myf5	chr10	107482908	107486134	protein_coding	ENSMUSG00000000435	-	Myf5	1562
1563	Myf6	chr10	107492853	107494737	protein_coding	ENSMUSG00000035923	-	Myf6	1563
1564	Ptprq	chr10	107517049	107720051	protein_coding	ENSMUSG00000035916	-	Ptprq	1564
1565	Otogl	chr10	107760531	107912134	protein_coding	ENSMUSG00000091455	-	Otogl	1565
1566	Gm29685	chr10	107946645	107977834	lncRNA	ENSMUSG00000112910	+	Gm29685	1566
1567	Gm47999	chr10	108141688	108142432	processed_pseudogene	ENSMUSG00000112401	-	Gm47999	1567
1568	Ppp1r12a	chr10	108162193	108284475	protein_coding	ENSMUSG00000019907	+	Ppp1r12a	1568
1569	Pawr	chr10	108332121	108414240	protein_coding	ENSMUSG00000035873	+	Pawr	1569
1570	Gm36283	chr10	108417251	108453297	lncRNA	ENSMUSG00000112532	+	Gm36283	1570
1571	Gm25591	chr10	108428067	108428160	miRNA	ENSMUSG00000093762	+	Gm25591	1571
1572	Syt1	chr10	108497650	109010982	protein_coding	ENSMUSG00000035864	-	Syt1	1572
1573	Gm5136	chr10	108698764	108700160	protein_coding	ENSMUSG00000112039	-	Gm5136	1573
1574	Gm47472	chr10	108778311	108782873	TEC	ENSMUSG00000111910	+	Gm47472	1574
1575	Gm47477	chr10	108953357	108956488	TEC	ENSMUSG00000112905	-	Gm47477	1575
1576	Gm22097	chr10	109089998	109090275	misc_RNA	ENSMUSG00000088554	-	Gm22097	1576
1577	Gm47329	chr10	109386267	109386487	processed_pseudogene	ENSMUSG00000112253	-	Gm47329	1577
1578	Nav3	chr10	109681259	110456204	protein_coding	ENSMUSG00000020181	-	Nav3	1578
1579	Gm36935	chr10	110037488	110037779	TEC	ENSMUSG00000102410	-	Gm36935	1579
1580	Gm47337	chr10	110078691	110080967	TEC	ENSMUSG00000112197	+	Gm47337	1580
1581	Gm47339	chr10	110099819	110102904	TEC	ENSMUSG00000112556	+	Gm47339	1581
1582	Gm47340	chr10	110139739	110140169	processed_pseudogene	ENSMUSG00000112595	-	Gm47340	1582
1583	Gm47338	chr10	110379508	110381661	TEC	ENSMUSG00000112548	+	Gm47338	1583
1584	Gm47055	chr10	110480637	110481077	processed_pseudogene	ENSMUSG00000111948	+	Gm47055	1584
1585	9230102K24Rik	chr10	110596266	110615961	lncRNA	ENSMUSG00000112398	+	9230102K24Rik	1585
1586	E2f7	chr10	110745439	110787384	protein_coding	ENSMUSG00000020185	+	E2f7	1586
1587	1700020G17Rik	chr10	110784585	110896550	lncRNA	ENSMUSG00000101801	-	1700020G17Rik	1587
1588	Gm23698	chr10	110796173	110796300	snoRNA	ENSMUSG00000089461	+	Gm23698	1588
1589	Gm22186	chr10	110892298	110892419	snoRNA	ENSMUSG00000088447	-	Gm22186	1589
1590	Csrp2	chr10	110919789	110939622	protein_coding	ENSMUSG00000020186	+	Csrp2	1590
1591	Zdhhc17	chr10	110941780	111010140	protein_coding	ENSMUSG00000035798	-	Zdhhc17	1591
1592	Rpl6l	chr10	111125851	111126721	processed_pseudogene	ENSMUSG00000091086	+	Rpl6l	1592
1593	Gm8873	chr10	111156216	111157654	processed_pseudogene	ENSMUSG00000111968	+	Gm8873	1593
1594	Osbpl8	chr10	111164752	111297249	protein_coding	ENSMUSG00000020189	+	Osbpl8	1594
1595	Gm17849	chr10	111179952	111180804	processed_pseudogene	ENSMUSG00000112642	+	Gm17849	1595
1596	Bbs10	chr10	111298679	111301727	protein_coding	ENSMUSG00000035759	+	Bbs10	1596
1597	Gm40761	chr10	111337124	111347185	lncRNA	ENSMUSG00000112246	+	Gm40761	1597
1598	Nap1l1	chr10	111473223	111498150	protein_coding	ENSMUSG00000058799	+	Nap1l1	1598
1599	Gm25117	chr10	111481493	111481636	snoRNA	ENSMUSG00000087819	+	Gm25117	1599
1600	Gm5176	chr10	111500739	111501965	transcribed_processed_pseudogene	ENSMUSG00000111997	+	Gm5176	1600
1601	Phlda1	chr10	111506286	111508645	protein_coding	ENSMUSG00000020205	+	Phlda1	1601
1602	Gm28592	chr10	111506575	111507662	lncRNA	ENSMUSG00000100113	-	Gm28592	1602
1603	4933440J02Rik	chr10	111586719	111594273	lncRNA	ENSMUSG00000097082	-	4933440J02Rik	1603
1604	Gm30262	chr10	111599177	111611338	lncRNA	ENSMUSG00000112249	+	Gm30262	1604
1605	Gm30624	chr10	111725184	111843048	lncRNA	ENSMUSG00000112430	+	Gm30624	1605
1606	Gm47865	chr10	111757258	111799853	lncRNA	ENSMUSG00000112137	-	Gm47865	1606
1607	Gm46193	chr10	111767778	111768141	processed_pseudogene	ENSMUSG00000112706	+	Gm46193	1607
1608	Gm19005	chr10	111806388	111807252	processed_pseudogene	ENSMUSG00000112802	-	Gm19005	1608
1609	Gm20758	chr10	111854521	111874376	lncRNA	ENSMUSG00000112533	-	Gm20758	1609
1610	Gm47880	chr10	111889014	111889818	processed_pseudogene	ENSMUSG00000112628	+	Gm47880	1610
1611	Krr1	chr10	111972664	111988432	protein_coding	ENSMUSG00000063334	+	Krr1	1611
1612	Glipr1	chr10	111985448	112002631	protein_coding	ENSMUSG00000056888	-	Glipr1	1612
1613	Gm7269	chr10	112008922	112049286	unprocessed_pseudogene	ENSMUSG00000110391	-	Gm7269	1613
1614	Glipr1l1	chr10	112060189	112078510	protein_coding	ENSMUSG00000020213	+	Glipr1l1	1614
1615	Glipr1l2	chr10	112083354	112108098	protein_coding	ENSMUSG00000020214	+	Glipr1l2	1615
1616	Gm6808	chr10	112089667	112090473	processed_pseudogene	ENSMUSG00000090162	-	Gm6808	1616
1617	Gm15914	chr10	112101240	112101548	processed_pseudogene	ENSMUSG00000089667	-	Gm15914	1617
1618	Glipr1l3	chr10	112141754	112160327	protein_coding	ENSMUSG00000112611	-	Glipr1l3	1618
1619	Caps2	chr10	112163621	112216555	protein_coding	ENSMUSG00000035694	+	Caps2	1619
1620	Gm47419	chr10	112213787	112231141	lncRNA	ENSMUSG00000112564	-	Gm47419	1620
1621	Kcnc2	chr10	112271121	112467024	protein_coding	ENSMUSG00000035681	+	Kcnc2	1621
1622	1700010J16Rik	chr10	112726888	112785602	lncRNA	ENSMUSG00000100314	+	1700010J16Rik	1622
1623	Gm3942	chr10	112837752	112845385	lncRNA	ENSMUSG00000112722	+	Gm3942	1623
1624	Atxn7l3b	chr10	112925430	112929001	protein_coding	ENSMUSG00000074748	-	Atxn7l3b	1624
1625	Gm26596	chr10	112928501	112931155	TEC	ENSMUSG00000097185	+	Gm26596	1625
1626	Gm47519	chr10	112960188	112961790	TEC	ENSMUSG00000112807	+	Gm47519	1626
1627	Gm47524	chr10	113113389	113117926	lncRNA	ENSMUSG00000112228	+	Gm47524	1627
1628	Gm47532	chr10	113424184	113446080	lncRNA	ENSMUSG00000112767	+	Gm47532	1628
1629	Gm40765	chr10	113551631	113562763	lncRNA	ENSMUSG00000112087	-	Gm40765	1629
1630	Gm38333	chr10	113996647	113997250	TEC	ENSMUSG00000104006	+	Gm38333	1630
1631	Gm48104	chr10	114095727	114098357	TEC	ENSMUSG00000112921	+	Gm48104	1631
1632	Trhde	chr10	114398823	114802307	protein_coding	ENSMUSG00000050663	-	Trhde	1632
1633	4930473D10Rik	chr10	114757747	114785104	lncRNA	ENSMUSG00000089934	+	4930473D10Rik	1633
1634	Gm15723	chr10	114801726	114816831	lncRNA	ENSMUSG00000084865	+	Gm15723	1634
1635	Gm31182	chr10	114875007	114885131	lncRNA	ENSMUSG00000111883	+	Gm31182	1635
1636	Gm25319	chr10	114910711	114911035	misc_RNA	ENSMUSG00000084501	-	Gm25319	1636
1637	Gm31267	chr10	114947931	114952835	lncRNA	ENSMUSG00000112016	+	Gm31267	1637
1638	Tph2	chr10	115078641	115185022	protein_coding	ENSMUSG00000006764	-	Tph2	1638
1639	Tbc1d15	chr10	115197872	115251467	protein_coding	ENSMUSG00000020130	-	Tbc1d15	1639
1640	Gm22794	chr10	115257624	115257929	misc_RNA	ENSMUSG00000087853	-	Gm22794	1640
1641	Rab21	chr10	115287084	115315594	protein_coding	ENSMUSG00000020132	-	Rab21	1641
1642	Tmem19	chr10	115339674	115362501	protein_coding	ENSMUSG00000069520	-	Tmem19	1642
1643	Thap2	chr10	115368404	115384443	protein_coding	ENSMUSG00000020137	-	Thap2	1643
1644	Zfc3h1	chr10	115384959	115432772	protein_coding	ENSMUSG00000034163	+	Zfc3h1	1644
1645	A130012E19Rik	chr10	115394750	115397884	TEC	ENSMUSG00000112822	+	A130012E19Rik	1645
1646	Lgr5	chr10	115450311	115587780	protein_coding	ENSMUSG00000020140	-	Lgr5	1646
1647	A930009A15Rik	chr10	115569986	115582448	protein_coding	ENSMUSG00000092210	+	A930009A15Rik	1647
1648	Gm8960	chr10	115599026	115600328	processed_pseudogene	ENSMUSG00000112099	-	Gm8960	1648
1649	4930422I22Rik	chr10	115802416	115869522	lncRNA	ENSMUSG00000112513	-	4930422I22Rik	1649
1650	Tspan8	chr10	115816832	115849893	protein_coding	ENSMUSG00000034127	+	Tspan8	1650
1651	Ptprr	chr10	116018213	116274932	protein_coding	ENSMUSG00000020151	+	Ptprr	1651
1652	Taf7l2	chr10	116111664	116113917	protein_coding	ENSMUSG00000074734	-	Taf7l2	1652
1653	Ptprb	chr10	116275523	116389535	protein_coding	ENSMUSG00000020154	+	Ptprb	1653
1654	Gm47625	chr10	116284549	116286343	TEC	ENSMUSG00000112461	+	Gm47625	1654
1655	Gm26495	chr10	116340583	116340719	snoRNA	ENSMUSG00000065086	+	Gm26495	1655
1656	Kcnmb4	chr10	116417861	116473878	protein_coding	ENSMUSG00000054934	-	Kcnmb4	1656
1657	Kcnmb4os1	chr10	116418052	116421237	lncRNA	ENSMUSG00000020164	+	Kcnmb4os1	1657
1658	Kcnmb4os2	chr10	116473163	116475319	lncRNA	ENSMUSG00000085837	+	Kcnmb4os2	1658
1659	Cnot2	chr10	116485161	116581511	protein_coding	ENSMUSG00000020166	-	Cnot2	1659
1660	5330438D12Rik	chr10	116509052	116583515	lncRNA	ENSMUSG00000052291	+	5330438D12Rik	1660
1661	Gm25190	chr10	116531646	116531740	miRNA	ENSMUSG00000093404	-	Gm25190	1661
1662	Gm49344	chr10	116566782	116568031	TEC	ENSMUSG00000112881	+	Gm49344	1662
1663	Gm26579	chr10	116674591	116679303	lncRNA	ENSMUSG00000097104	+	Gm26579	1663
1664	1700030O20Rik	chr10	116723067	116729177	lncRNA	ENSMUSG00000100198	-	1700030O20Rik	1664
1665	4930579P08Rik	chr10	116729253	116739760	lncRNA	ENSMUSG00000112924	+	4930579P08Rik	1665
1666	Myrfl	chr10	116776535	116896919	protein_coding	ENSMUSG00000034057	-	Myrfl	1666
1667	Rab3ip	chr10	116905784	116950769	protein_coding	ENSMUSG00000064181	-	Rab3ip	1667
1668	4933412E12Rik	chr10	116949757	116963279	lncRNA	ENSMUSG00000112627	+	4933412E12Rik	1668
1669	Gm10271	chr10	116956824	116972609	protein_coding	ENSMUSG00000069518	-	Gm10271	1669
1670	D630029K05Rik	chr10	116964707	116969105	lncRNA	ENSMUSG00000031294	+	D630029K05Rik	1670
1671	Gm5781	chr10	116972766	116973208	processed_pseudogene	ENSMUSG00000111966	-	Gm5781	1671
1672	Best3	chr10	116986314	117025040	protein_coding	ENSMUSG00000020169	+	Best3	1672
1673	Gm10747	chr10	117043746	117045101	lncRNA	ENSMUSG00000112242	+	Gm10747	1673
1674	Lrrc10	chr10	117045341	117046768	protein_coding	ENSMUSG00000060187	+	Lrrc10	1674
1675	Cct2	chr10	117051001	117063814	protein_coding	ENSMUSG00000034024	-	Cct2	1675
1676	Frs2	chr10	117069427	117148534	protein_coding	ENSMUSG00000020170	-	Frs2	1676
1677	4930423D24Rik	chr10	117177303	117181112	lncRNA	ENSMUSG00000112753	+	4930423D24Rik	1677
1678	Yeats4	chr10	117215221	117224507	protein_coding	ENSMUSG00000020171	-	Yeats4	1678
1679	Gm48772	chr10	117224589	117224952	lncRNA	ENSMUSG00000112462	+	Gm48772	1679
1680	9530003J23Rik	chr10	117232237	117238703	protein_coding	ENSMUSG00000020177	-	9530003J23Rik	1680
1681	Gm10936	chr10	117248021	117250727	unprocessed_pseudogene	ENSMUSG00000078430	+	Gm10936	1681
1682	Lyz2	chr10	117277331	117282321	protein_coding	ENSMUSG00000069516	-	Lyz2	1682
1683	Lyz1	chr10	117287797	117292868	protein_coding	ENSMUSG00000069515	-	Lyz1	1683
1684	Cpsf6	chr10	117344673	117380015	protein_coding	ENSMUSG00000055531	-	Cpsf6	1684
1685	Gm48903	chr10	117390022	117398587	lncRNA	ENSMUSG00000112728	+	Gm48903	1685
1686	Gm40770	chr10	117408872	117413904	lncRNA	ENSMUSG00000112796	-	Gm40770	1686
1687	Gm32141	chr10	117446015	117447493	lncRNA	ENSMUSG00000112344	-	Gm32141	1687
1688	Gm9004	chr10	117588114	117589335	processed_pseudogene	ENSMUSG00000112081	-	Gm9004	1688
1689	Kifc5c-ps	chr10	117594353	117595882	transcribed_processed_pseudogene	ENSMUSG00000043800	+	Kifc5c-ps	1689
1690	Gm32365	chr10	117614405	117617102	lncRNA	ENSMUSG00000112476	+	Gm32365	1690
1691	Cpm	chr10	117629500	117687352	protein_coding	ENSMUSG00000020183	+	Cpm	1691
1692	Mdm2	chr10	117688875	117710758	protein_coding	ENSMUSG00000020184	-	Mdm2	1692
1693	Slc35e3	chr10	117733679	117746365	protein_coding	ENSMUSG00000060181	-	Slc35e3	1693
1694	Nup107	chr10	117750621	117792705	protein_coding	ENSMUSG00000052798	-	Nup107	1694
1695	Rap1b	chr10	117813871	117846035	protein_coding	ENSMUSG00000052681	-	Rap1b	1695
1696	Gm32552	chr10	117863681	117866715	lncRNA	ENSMUSG00000112711	-	Gm32552	1696
1697	Gm40773	chr10	117864670	117868075	lncRNA	ENSMUSG00000112458	+	Gm40773	1697
1698	4933411E08Rik	chr10	117925459	117948292	lncRNA	ENSMUSG00000112500	+	4933411E08Rik	1698
1699	5330439M10Rik	chr10	118112517	118124094	lncRNA	ENSMUSG00000112470	+	5330439M10Rik	1699
1700	Mdm1	chr10	118141811	118168997	protein_coding	ENSMUSG00000020212	+	Mdm1	1700
1701	Gm9030	chr10	118253259	118255668	processed_pseudogene	ENSMUSG00000112614	+	Gm9030	1701
1702	Gm9035	chr10	118265937	118267633	processed_pseudogene	ENSMUSG00000112561	+	Gm9035	1702
1703	Iltifb	chr10	118289629	118295038	protein_coding	ENSMUSG00000090461	-	Iltifb	1703
1704	Ifngas1	chr10	118502035	118556525	lncRNA	ENSMUSG00000112230	-	Ifngas1	1704
1705	Gm47434	chr10	118832588	118835106	TEC	ENSMUSG00000112616	-	Gm47434	1705
1706	Dyrk2	chr10	118855603	118870209	protein_coding	ENSMUSG00000028630	-	Dyrk2	1706
1707	4932442E05Rik	chr10	118860826	118863542	TEC	ENSMUSG00000104443	+	4932442E05Rik	1707
1708	Gm10744	chr10	118880949	118883654	TEC	ENSMUSG00000112402	-	Gm10744	1708
1709	Gm26976	chr10	118892911	118893818	processed_pseudogene	ENSMUSG00000098162	+	Gm26976	1709
1710	Gm38403	chr10	118920381	118927143	lncRNA	ENSMUSG00000112854	-	Gm38403	1710
1711	Gm47461	chr10	119018346	119021670	lncRNA	ENSMUSG00000112540	-	Gm47461	1711
1712	Gm33677	chr10	119028290	119050499	lncRNA	ENSMUSG00000112778	-	Gm33677	1712
1713	Gm18904	chr10	119090342	119090848	processed_pseudogene	ENSMUSG00000112683	+	Gm18904	1713
1714	1700064J06Rik	chr10	119092905	119103107	lncRNA	ENSMUSG00000100681	+	1700064J06Rik	1714
1715	Gm47480	chr10	119111624	119122966	lncRNA	ENSMUSG00000112609	+	Gm47480	1715
1716	Gm34045	chr10	119135164	119166385	lncRNA	ENSMUSG00000112161	-	Gm34045	1716
1717	Cand1	chr10	119199255	119240055	protein_coding	ENSMUSG00000020114	-	Cand1	1717
1718	4930477N07Rik	chr10	119320234	119331862	lncRNA	ENSMUSG00000112155	+	4930477N07Rik	1718
1719	Gm40778	chr10	119409879	119411222	TEC	ENSMUSG00000111972	-	Gm40778	1719
1720	1700025F24Rik	chr10	119413444	119426864	lncRNA	ENSMUSG00000100558	+	1700025F24Rik	1720
1721	Grip1os3	chr10	119429367	119455379	lncRNA	ENSMUSG00000085454	-	Grip1os3	1721
1722	Gm16321	chr10	119442679	119443624	lncRNA	ENSMUSG00000085592	-	Gm16321	1722
1723	Grip1	chr10	119453830	120087261	protein_coding	ENSMUSG00000034813	+	Grip1	1723
1724	Gm47341	chr10	119462350	119464521	TEC	ENSMUSG00000112741	+	Gm47341	1724
1725	Gm47024	chr10	119471318	119473888	TEC	ENSMUSG00000112287	+	Gm47024	1725
1726	Gm47342	chr10	119523838	119524458	TEC	ENSMUSG00000112243	+	Gm47342	1726
1727	Gm47027	chr10	119600363	119617720	lncRNA	ENSMUSG00000112555	-	Gm47027	1727
1728	Gm47026	chr10	119654064	119656395	TEC	ENSMUSG00000112106	+	Gm47026	1728
1729	Grip1os2	chr10	119746063	119761699	lncRNA	ENSMUSG00000084764	-	Grip1os2	1729
1730	Grip1os1	chr10	119825204	119852390	lncRNA	ENSMUSG00000085418	-	Grip1os1	1730
1731	Helb	chr10	120083608	120112987	protein_coding	ENSMUSG00000020228	-	Helb	1731
1732	Irak3	chr10	120141648	120202130	protein_coding	ENSMUSG00000020227	-	Irak3	1732
1733	Tmbim4	chr10	120201590	120224917	protein_coding	ENSMUSG00000020225	+	Tmbim4	1733
1734	Llph	chr10	120227070	120232582	protein_coding	ENSMUSG00000020224	+	Llph	1734
1735	Hmga2	chr10	120361275	120476469	protein_coding	ENSMUSG00000056758	-	Hmga2	1735
1736	1700006J14Rik	chr10	120364157	120384336	lncRNA	ENSMUSG00000034764	+	1700006J14Rik	1736
1737	9230105E05Rik	chr10	120389523	120392793	lncRNA	ENSMUSG00000090191	+	9230105E05Rik	1737
1738	4930471E19Rik	chr10	120632672	120699203	lncRNA	ENSMUSG00000112716	-	4930471E19Rik	1738
1739	Gm38289	chr10	120663252	120667017	TEC	ENSMUSG00000103213	-	Gm38289	1739
1740	Gm10743	chr10	120745976	120748333	TEC	ENSMUSG00000112757	-	Gm10743	1740
1741	Gm48202	chr10	120760821	120766028	lncRNA	ENSMUSG00000111907	-	Gm48202	1741
1742	4921513I03Rik	chr10	120765732	120778886	lncRNA	ENSMUSG00000044544	+	4921513I03Rik	1742
1743	Msrb3	chr10	120781096	120899101	protein_coding	ENSMUSG00000051236	-	Msrb3	1743
1744	Gm15961	chr10	120800677	120801794	lncRNA	ENSMUSG00000086444	+	Gm15961	1744
1745	Gm15910	chr10	120857629	120863326	lncRNA	ENSMUSG00000087480	+	Gm15910	1745
1746	Gm4473	chr10	120899157	120901888	lncRNA	ENSMUSG00000086522	+	Gm4473	1746
1747	Lemd3	chr10	120923413	120979332	protein_coding	ENSMUSG00000048661	-	Lemd3	1747
1748	Gm16166	chr10	120928186	120928972	processed_pseudogene	ENSMUSG00000082936	+	Gm16166	1748
1749	Gm23632	chr10	120974301	120974425	miRNA	ENSMUSG00000093030	-	Gm23632	1749
1750	Gm48341	chr10	120984756	121001061	lncRNA	ENSMUSG00000112192	-	Gm48341	1750
1751	Wif1	chr10	121033960	121100650	protein_coding	ENSMUSG00000020218	+	Wif1	1751
1752	4930432O09Rik	chr10	121199141	121202649	lncRNA	ENSMUSG00000112846	-	4930432O09Rik	1752
1753	Tbc1d30	chr10	121263820	121351278	protein_coding	ENSMUSG00000052302	-	Tbc1d30	1753
1754	Gm4478	chr10	121343176	121343658	processed_pseudogene	ENSMUSG00000111940	+	Gm4478	1754
1755	Gns	chr10	121365090	121397249	protein_coding	ENSMUSG00000034707	+	Gns	1755
1756	Rassf3	chr10	121410350	121476347	protein_coding	ENSMUSG00000025795	-	Rassf3	1756
1757	Gm48591	chr10	121423664	121462694	lncRNA	ENSMUSG00000112009	-	Gm48591	1757
1758	Gm46204	chr10	121505351	121505976	lncRNA	ENSMUSG00000111926	+	Gm46204	1758
1759	Gm35696	chr10	121506623	121526101	lncRNA	ENSMUSG00000112527	+	Gm35696	1759
1760	AC124413.1	chr10	121523330	121532376	unprocessed_pseudogene	ENSMUSG00000118419	-	AC124413.1	1760
1761	Tbk1	chr10	121546455	121586787	protein_coding	ENSMUSG00000020115	-	Tbk1	1761
1762	Xpot	chr10	121587380	121626332	protein_coding	ENSMUSG00000034667	-	Xpot	1762
1763	D930020B18Rik	chr10	121641588	121693915	protein_coding	ENSMUSG00000047642	+	D930020B18Rik	1763
1764	BC048403	chr10	121739937	121752878	protein_coding	ENSMUSG00000053684	+	BC048403	1764
1765	Srgap1	chr10	121780991	122047315	protein_coding	ENSMUSG00000020121	-	Srgap1	1765
1766	Gm48804	chr10	121829018	121832058	TEC	ENSMUSG00000112596	-	Gm48804	1766
1767	Rxylt1	chr10	122078114	122097371	protein_coding	ENSMUSG00000034620	-	Rxylt1	1767
1768	Gm4489	chr10	122119700	122130558	lncRNA	ENSMUSG00000111952	+	Gm4489	1768
1769	Gm36041	chr10	122386892	122435033	lncRNA	ENSMUSG00000112774	+	Gm36041	1769
1770	Gm48877	chr10	122405113	122546498	lncRNA	ENSMUSG00000112873	-	Gm48877	1770
1771	Avpr1a	chr10	122448499	122453452	protein_coding	ENSMUSG00000020123	+	Avpr1a	1771
1772	Gm48878	chr10	122454132	122456809	TEC	ENSMUSG00000112794	+	Gm48878	1772
1773	A130077B15Rik	chr10	122565023	122569891	lncRNA	ENSMUSG00000112095	-	A130077B15Rik	1773
1774	Mir6412	chr10	122648339	122648435	miRNA	ENSMUSG00000098522	+	Mir6412	1774
1775	Ppm1h	chr10	122678762	122945795	protein_coding	ENSMUSG00000034613	+	Ppm1h	1775
1776	A430028G04Rik	chr10	122756438	122758410	TEC	ENSMUSG00000112417	-	A430028G04Rik	1776
1777	Gm47582	chr10	122777480	122778065	TEC	ENSMUSG00000111957	-	Gm47582	1777
1778	Gm36208	chr10	122792055	122792483	lncRNA	ENSMUSG00000112220	-	Gm36208	1778
1779	D630033A02Rik	chr10	122985074	122986555	transcribed_processed_pseudogene	ENSMUSG00000112237	-	D630033A02Rik	1779
1780	Mon2	chr10	122992060	123076505	protein_coding	ENSMUSG00000034602	-	Mon2	1780
1781	Usp15	chr10	123105006	123196995	protein_coding	ENSMUSG00000020124	-	Usp15	1781
1782	Gm47726	chr10	123178324	123178684	processed_pseudogene	ENSMUSG00000112879	-	Gm47726	1782
1783	Gm4129	chr10	123196695	123199418	lncRNA	ENSMUSG00000112294	+	Gm4129	1783
1784	Gm27920	chr10	123196876	123196971	miRNA	ENSMUSG00000099088	-	Gm27920	1784
1785	Tafa2	chr10	123263996	123741204	protein_coding	ENSMUSG00000044071	+	Tafa2	1785
1786	Gm22958	chr10	123432566	123432749	snRNA	ENSMUSG00000084461	+	Gm22958	1786
1787	Gm47801	chr10	123437500	123440600	TEC	ENSMUSG00000112036	+	Gm47801	1787
1788	Gm19169	chr10	123583588	123584833	processed_pseudogene	ENSMUSG00000111945	+	Gm19169	1788
1789	4930503E24Rik	chr10	124469074	124524488	transcribed_processed_pseudogene	ENSMUSG00000112364	+	4930503E24Rik	1789
1790	Gm47839	chr10	124821112	124845481	lncRNA	ENSMUSG00000112130	-	Gm47839	1790
1791	Gm47840	chr10	124855213	124857492	TEC	ENSMUSG00000112542	-	Gm47840	1791
1792	Gm36719	chr10	124995983	125019801	lncRNA	ENSMUSG00000112283	+	Gm36719	1792
1793	Slc16a7	chr10	125219270	125389465	protein_coding	ENSMUSG00000020102	-	Slc16a7	1793
1794	Gm45604	chr10	125308912	125310679	lncRNA	ENSMUSG00000109803	+	Gm45604	1794
1795	Gm47862	chr10	125388539	125391007	TEC	ENSMUSG00000111943	+	Gm47862	1795
1796	Gm9102	chr10	125512531	125512995	processed_pseudogene	ENSMUSG00000112100	+	Gm9102	1796
1797	Lrig3	chr10	125966168	126015359	protein_coding	ENSMUSG00000020105	+	Lrig3	1797
1798	1700021G15Rik	chr10	126255117	126257218	lncRNA	ENSMUSG00000112387	+	1700021G15Rik	1798
1799	Gm40797	chr10	126663998	126674452	lncRNA	ENSMUSG00000112208	+	Gm40797	1799
1800	Gm47966	chr10	126714005	126719394	lncRNA	ENSMUSG00000111961	-	Gm47966	1800
1801	4930484H19Rik	chr10	126788864	126793710	lncRNA	ENSMUSG00000112832	-	4930484H19Rik	1801
1802	Atp23	chr10	126868427	126901355	protein_coding	ENSMUSG00000025436	-	Atp23	1802
1803	Gm49335	chr10	126958023	126960997	lncRNA	ENSMUSG00000112035	+	Gm49335	1803
1804	Gm47972	chr10	126962323	126962750	lncRNA	ENSMUSG00000112761	+	Gm47972	1804
1805	Ctdsp2	chr10	126978717	126999975	protein_coding	ENSMUSG00000078429	+	Ctdsp2	1805
1806	Mir546	chr10	126998440	126998560	miRNA	ENSMUSG00000072837	+	Mir546	1806
1807	Avil	chr10	127000709	127020994	protein_coding	ENSMUSG00000025432	+	Avil	1807
1808	Tsfm	chr10	127011572	127030840	protein_coding	ENSMUSG00000040521	-	Tsfm	1808
1809	Eef1akmt3	chr10	127031004	127041513	protein_coding	ENSMUSG00000080115	-	Eef1akmt3	1809
1810	Mettl1	chr10	127041414	127046365	protein_coding	ENSMUSG00000006732	+	Mettl1	1810
1811	Cyp27b1	chr10	127048250	127053006	protein_coding	ENSMUSG00000006724	+	Cyp27b1	1811
1812	March9	chr10	127055011	127060184	protein_coding	ENSMUSG00000040502	-	March9	1812
1813	Cdk4	chr10	127063534	127067920	protein_coding	ENSMUSG00000006728	+	Cdk4	1813
1814	Tspan31	chr10	127067280	127070264	protein_coding	ENSMUSG00000006736	-	Tspan31	1814
1815	A730063M14Rik	chr10	127070375	127074796	lncRNA	ENSMUSG00000112639	+	A730063M14Rik	1815
1816	Agap2	chr10	127075284	127093169	protein_coding	ENSMUSG00000025422	+	Agap2	1816
1817	Os9	chr10	127095650	127121131	protein_coding	ENSMUSG00000040462	-	Os9	1817
1818	Gm4178	chr10	127132848	127133496	processed_pseudogene	ENSMUSG00000112363	-	Gm4178	1818
1819	B4galnt1	chr10	127165225	127172330	protein_coding	ENSMUSG00000006731	+	B4galnt1	1819
1820	Slc26a10	chr10	127171393	127180645	protein_coding	ENSMUSG00000040441	-	Slc26a10	1820
1821	Arhgef25	chr10	127182525	127190083	protein_coding	ENSMUSG00000019467	-	Arhgef25	1821
1822	Dtx3	chr10	127190378	127195728	protein_coding	ENSMUSG00000040415	-	Dtx3	1822
1823	F420014N23Rik	chr10	127195249	127202643	lncRNA	ENSMUSG00000097331	+	F420014N23Rik	1823
1824	Pip4k2c	chr10	127197067	127211585	protein_coding	ENSMUSG00000025417	-	Pip4k2c	1824
1825	Kif5a	chr10	127225696	127263348	protein_coding	ENSMUSG00000074657	-	Kif5a	1825
1826	Dctn2	chr10	127266368	127281950	protein_coding	ENSMUSG00000025410	+	Dctn2	1826
1827	Mbd6	chr10	127281956	127289018	protein_coding	ENSMUSG00000025409	-	Mbd6	1827
1828	Gm20492	chr10	127288514	127289681	lncRNA	ENSMUSG00000092593	+	Gm20492	1828
1829	Gm4189	chr10	127289696	127290788	lncRNA	ENSMUSG00000092384	-	Gm4189	1829
1830	Ddit3	chr10	127290774	127296288	protein_coding	ENSMUSG00000025408	+	Ddit3	1830
1831	Mars	chr10	127296221	127311786	protein_coding	ENSMUSG00000040354	-	Mars	1831
1832	Gm6283	chr10	127313149	127314148	processed_pseudogene	ENSMUSG00000098057	+	Gm6283	1832
1833	Arhgap9	chr10	127321964	127329943	protein_coding	ENSMUSG00000040345	+	Arhgap9	1833
1834	Gli1	chr10	127329882	127341974	protein_coding	ENSMUSG00000025407	-	Gli1	1834
1835	Gm47200	chr10	127332391	127370406	lncRNA	ENSMUSG00000112426	+	Gm47200	1835
1836	Inhbe	chr10	127348857	127354411	protein_coding	ENSMUSG00000047492	-	Inhbe	1836
1837	Inhbc	chr10	127356322	127370431	protein_coding	ENSMUSG00000025405	-	Inhbc	1837
1838	R3hdm2	chr10	127380327	127499384	protein_coding	ENSMUSG00000025404	+	R3hdm2	1838
1839	Stac3	chr10	127501686	127508823	protein_coding	ENSMUSG00000040287	+	Stac3	1839
1840	Ndufa4l2	chr10	127514967	127517154	protein_coding	ENSMUSG00000040280	+	Ndufa4l2	1840
1841	Shmt2	chr10	127517123	127522444	protein_coding	ENSMUSG00000025403	-	Shmt2	1841
1842	Nxph4	chr10	127525473	127534559	protein_coding	ENSMUSG00000040258	-	Nxph4	1842
1843	Lrp1	chr10	127538161	127621148	protein_coding	ENSMUSG00000040249	-	Lrp1	1843
1844	Gm16217	chr10	127596548	127597870	lncRNA	ENSMUSG00000086499	+	Gm16217	1844
1845	Gm48815	chr10	127635913	127636387	processed_pseudogene	ENSMUSG00000112696	-	Gm48815	1845
1846	Stat6	chr10	127642986	127660957	protein_coding	ENSMUSG00000002147	+	Stat6	1846
1847	Nab2	chr10	127660918	127668568	protein_coding	ENSMUSG00000025402	-	Nab2	1847
1848	Gm16229	chr10	127663839	127665484	lncRNA	ENSMUSG00000085731	+	Gm16229	1848
1849	Nemp1	chr10	127666901	127701049	protein_coding	ENSMUSG00000040195	+	Nemp1	1849
1850	Gm16230	chr10	127671604	127676724	lncRNA	ENSMUSG00000087163	-	Gm16230	1850
1851	Myo1a	chr10	127705170	127720940	protein_coding	ENSMUSG00000025401	+	Myo1a	1851
1852	Tac2	chr10	127724478	127731768	protein_coding	ENSMUSG00000025400	+	Tac2	1852
1853	Zbtb39	chr10	127739538	127747349	protein_coding	ENSMUSG00000044617	+	Zbtb39	1853
1854	Gpr182	chr10	127747276	127751732	protein_coding	ENSMUSG00000058396	-	Gpr182	1854
1855	Rdh1	chr10	127759721	127768297	protein_coding	ENSMUSG00000089789	+	Rdh1	1855
1856	Rdh16f1	chr10	127759787	127792694	protein_coding	ENSMUSG00000099009	+	Rdh16f1	1856
1857	Rdh9	chr10	127776386	127792697	protein_coding	ENSMUSG00000056148	+	Rdh9	1857
1858	Rdh16	chr10	127801152	127846565	protein_coding	ENSMUSG00000069456	+	Rdh16	1858
1859	Rdh18-ps	chr10	127824284	127843938	transcribed_unprocessed_pseudogene	ENSMUSG00000054031	+	Rdh18-ps	1859
1860	Rdh19	chr10	127849928	127861176	protein_coding	ENSMUSG00000054052	+	Rdh19	1860
1861	Rdh16f2	chr10	127866474	127877317	protein_coding	ENSMUSG00000074639	+	Rdh16f2	1861
1862	Rdh7	chr10	127884028	127888817	protein_coding	ENSMUSG00000040134	-	Rdh7	1862
1863	Sdr9c7	chr10	127898518	127911761	protein_coding	ENSMUSG00000040127	+	Sdr9c7	1863
1864	Hsd17b6	chr10	127990936	128007611	protein_coding	ENSMUSG00000025396	-	Hsd17b6	1864
1865	Gm10120	chr10	128011776	128012132	processed_pseudogene	ENSMUSG00000112909	+	Gm10120	1865
1866	Prim1	chr10	128015168	128030037	protein_coding	ENSMUSG00000025395	+	Prim1	1866
1867	Naca	chr10	128035575	128048637	protein_coding	ENSMUSG00000061315	+	Naca	1867
1868	Ptges3	chr10	128058954	128077272	protein_coding	ENSMUSG00000071072	+	Ptges3	1868
1869	Gm47438	chr10	128081354	128082970	lncRNA	ENSMUSG00000111947	-	Gm47438	1869
1870	Atp5b	chr10	128083273	128090391	protein_coding	ENSMUSG00000025393	+	Atp5b	1870
1871	Snord59a	chr10	128084143	128084216	snoRNA	ENSMUSG00000064778	+	Snord59a	1871
1872	Mir677	chr10	128085286	128085363	miRNA	ENSMUSG00000104755	+	Mir677	1872
1873	Gm50449	chr10	128085289	128085360	snoRNA	ENSMUSG00000093245	+	Gm50449	1873
1874	Baz2a	chr10	128091577	128129303	protein_coding	ENSMUSG00000040054	+	Baz2a	1874
1875	Rbms2	chr10	128131558	128180297	protein_coding	ENSMUSG00000040043	-	Rbms2	1875
1876	Gls2	chr10	128194457	128210004	protein_coding	ENSMUSG00000044005	+	Gls2	1876
1877	AC135859.1	chr10	128196071	128197594	lncRNA	ENSMUSG00000118550	+	AC135859.1	1877
1878	Spryd4	chr10	128209908	128211807	protein_coding	ENSMUSG00000051346	-	Spryd4	1878
1879	Mip	chr10	128225838	128231812	protein_coding	ENSMUSG00000025389	+	Mip	1879
1880	Timeless	chr10	128232065	128252941	protein_coding	ENSMUSG00000039994	+	Timeless	1880
1881	Apon	chr10	128254096	128255896	protein_coding	ENSMUSG00000051716	+	Apon	1881
1882	Stat2	chr10	128270559	128292849	protein_coding	ENSMUSG00000040033	+	Stat2	1882
1883	Il23a	chr10	128296139	128298752	protein_coding	ENSMUSG00000025383	-	Il23a	1883
1884	Pan2	chr10	128303335	128321358	protein_coding	ENSMUSG00000005682	+	Pan2	1884
1885	Cnpy2	chr10	128322459	128327553	protein_coding	ENSMUSG00000025381	+	Cnpy2	1885
1886	Cs	chr10	128337734	128362479	protein_coding	ENSMUSG00000005683	+	Cs	1886
1887	Gm23182	chr10	128349241	128349375	snoRNA	ENSMUSG00000089313	+	Gm23182	1887
1888	Coq10a	chr10	128363100	128368997	protein_coding	ENSMUSG00000039914	-	Coq10a	1888
1889	Ankrd52	chr10	128377115	128408704	protein_coding	ENSMUSG00000014498	+	Ankrd52	1889
1890	Mir6915	chr10	128388832	128388900	miRNA	ENSMUSG00000106600	+	Mir6915	1890
1891	Gm17201	chr10	128391842	128395563	lncRNA	ENSMUSG00000090761	-	Gm17201	1891
1892	Slc39a5	chr10	128395931	128401229	protein_coding	ENSMUSG00000039878	-	Slc39a5	1892
1893	Nabp2	chr10	128401395	128411492	protein_coding	ENSMUSG00000025374	-	Nabp2	1893
1894	Rnf41	chr10	128411657	128441441	protein_coding	ENSMUSG00000025373	+	Rnf41	1894
1895	Gm26347	chr10	128435914	128436044	scaRNA	ENSMUSG00000088151	+	Gm26347	1895
1896	Smarcc2	chr10	128459248	128490482	protein_coding	ENSMUSG00000025369	+	Smarcc2	1896
1897	Myl6	chr10	128490860	128494145	protein_coding	ENSMUSG00000090841	-	Myl6	1897
1898	Myl6b	chr10	128494157	128498685	protein_coding	ENSMUSG00000039824	-	Myl6b	1898
1899	Esyt1	chr10	128509965	128525871	protein_coding	ENSMUSG00000025366	-	Esyt1	1899
1900	Mir6916	chr10	128511968	128512030	miRNA	ENSMUSG00000099292	-	Mir6916	1900
1901	Gm29585	chr10	128522263	128545359	lncRNA	ENSMUSG00000100548	+	Gm29585	1901
1902	Zc3h10	chr10	128541963	128547774	protein_coding	ENSMUSG00000039810	-	Zc3h10	1902
1903	Rpl41	chr10	128548114	128549305	protein_coding	ENSMUSG00000093674	-	Rpl41	1903
1904	Gm9176	chr10	128549694	128550813	processed_pseudogene	ENSMUSG00000112850	-	Gm9176	1904
1905	Pa2g4	chr10	128557766	128565987	protein_coding	ENSMUSG00000025364	-	Pa2g4	1905
1906	Gm47275	chr10	128559201	128559319	miRNA	ENSMUSG00000105001	-	Gm47275	1906
1907	Erbb3	chr10	128567523	128589652	protein_coding	ENSMUSG00000018166	-	Erbb3	1907
1908	Gm47540	chr10	128595615	128598623	lncRNA	ENSMUSG00000111936	+	Gm47540	1908
1909	Gm9182	chr10	128615401	128616039	processed_pseudogene	ENSMUSG00000112068	+	Gm9182	1909
1910	Rps26	chr10	128624534	128626747	protein_coding	ENSMUSG00000025362	-	Rps26	1910
1911	Ikzf4	chr10	128630843	128669358	protein_coding	ENSMUSG00000002578	-	Ikzf4	1911
1912	Gm26876	chr10	128645884	128649811	lncRNA	ENSMUSG00000097372	+	Gm26876	1912
1913	Suox	chr10	128669894	128674073	protein_coding	ENSMUSG00000049858	-	Suox	1913
1914	AC117232.1	chr10	128676158	128676649	processed_pseudogene	ENSMUSG00000118400	-	AC117232.1	1914
1915	Rab5b	chr10	128677175	128696264	protein_coding	ENSMUSG00000000711	-	Rab5b	1915
1916	Cdk2	chr10	128697939	128705031	protein_coding	ENSMUSG00000025358	-	Cdk2	1916
1917	Pmel	chr10	128704195	128720238	protein_coding	ENSMUSG00000025359	+	Pmel	1917
1918	Dgka	chr10	128720134	128744855	protein_coding	ENSMUSG00000025357	-	Dgka	1918
1919	Pym1	chr10	128747889	128766564	protein_coding	ENSMUSG00000064030	+	Pym1	1919
1920	Rpsa-ps2	chr10	128776371	128777250	processed_pseudogene	ENSMUSG00000045055	-	Rpsa-ps2	1920
1921	Gm47093	chr10	128789429	128801393	lncRNA	ENSMUSG00000112429	-	Gm47093	1921
1922	Mmp19	chr10	128790910	128800824	protein_coding	ENSMUSG00000025355	+	Mmp19	1922
1923	Tmem198b	chr10	128800036	128804370	protein_coding	ENSMUSG00000047090	-	Tmem198b	1923
1924	Dnajc14	chr10	128804062	128819446	protein_coding	ENSMUSG00000025354	+	Dnajc14	1924
1925	Sarnp	chr10	128817333	128877629	protein_coding	ENSMUSG00000078427	+	Sarnp	1925
1926	Ormdl2	chr10	128817902	128821645	protein_coding	ENSMUSG00000025353	-	Ormdl2	1926
1927	Gdf11	chr10	128882295	128891718	protein_coding	ENSMUSG00000025352	-	Gdf11	1927
1928	Cd63	chr10	128900989	128912822	protein_coding	ENSMUSG00000025351	+	Cd63	1928
1929	Rdh5	chr10	128913593	128922888	protein_coding	ENSMUSG00000025350	-	Rdh5	1929
1930	Bloc1s1	chr10	128917882	128924035	protein_coding	ENSMUSG00000090247	-	Bloc1s1	1930
1931	Itga7	chr10	128933818	128958282	protein_coding	ENSMUSG00000025348	+	Itga7	1931
1932	Mettl7b	chr10	128958274	128960988	protein_coding	ENSMUSG00000025347	-	Mettl7b	1932
1933	9030616G12Rik	chr10	128971197	128978115	lncRNA	ENSMUSG00000097691	+	9030616G12Rik	1933
1934	Olfr9	chr10	128989431	128992102	protein_coding	ENSMUSG00000069430	+	Olfr9	1934
1935	Olfr763	chr10	129010791	129013313	protein_coding	ENSMUSG00000063374	+	Olfr763	1935
1936	Olfr764-ps1	chr10	129032697	129039896	protein_coding	ENSMUSG00000107648	-	Olfr764-ps1	1936
1937	Olfr765	chr10	129044817	129049998	protein_coding	ENSMUSG00000056853	-	Olfr765	1937
1938	Olfr766-ps1	chr10	129061853	129068977	protein_coding	ENSMUSG00000107748	-	Olfr766-ps1	1938
1939	Olfr767	chr10	129074825	129082910	protein_coding	ENSMUSG00000059762	-	Olfr767	1939
1940	Olfr768	chr10	129090222	129099375	protein_coding	ENSMUSG00000050198	-	Olfr768	1940
1941	Olfr769	chr10	129108952	129117861	protein_coding	ENSMUSG00000042801	-	Olfr769	1941
1942	Olfr770	chr10	129132578	129138998	protein_coding	ENSMUSG00000047868	-	Olfr770	1942
1943	Olfr771	chr10	129160003	129164751	protein_coding	ENSMUSG00000061367	-	Olfr771	1943
1944	Olfr772	chr10	129172573	129177921	protein_coding	ENSMUSG00000107662	-	Olfr772	1944
1945	Olfr775	chr10	129248412	129253924	protein_coding	ENSMUSG00000096220	+	Olfr775	1945
1946	Olfr776	chr10	129259127	129264298	protein_coding	ENSMUSG00000095483	+	Olfr776	1946
1947	Olfr777	chr10	129264407	129271485	protein_coding	ENSMUSG00000062914	-	Olfr777	1947
1948	Olfr778-ps1	chr10	129288793	129288999	unprocessed_pseudogene	ENSMUSG00000107803	-	Olfr778-ps1	1948
1949	Gm25764	chr10	129302091	129302224	snoRNA	ENSMUSG00000077280	+	Gm25764	1949
1950	Olfr779	chr10	129311180	129312108	polymorphic_pseudogene	ENSMUSG00000044537	+	Olfr779	1950
1951	Olfr780	chr10	129318117	129324141	protein_coding	ENSMUSG00000049573	+	Olfr780	1951
1952	Olfr782	chr10	129348850	129352144	protein_coding	ENSMUSG00000095075	+	Olfr782	1952
1953	Olfr784	chr10	129384083	129390198	protein_coding	ENSMUSG00000094347	+	Olfr784	1953
1954	Olfr786	chr10	129427306	129439080	protein_coding	ENSMUSG00000095696	+	Olfr786	1954
1955	Olfr787	chr10	129461862	129467485	protein_coding	ENSMUSG00000096497	+	Olfr787	1955
1956	Olfr788	chr10	129470998	129476618	protein_coding	ENSMUSG00000049217	+	Olfr788	1956
1957	Olfr789	chr10	129484752	129490542	protein_coding	ENSMUSG00000111273	+	Olfr789	1957
1958	Olfr790	chr10	129498492	129503342	protein_coding	ENSMUSG00000044025	+	Olfr790	1958
1959	Olfr791	chr10	129521792	129528353	protein_coding	ENSMUSG00000047626	+	Olfr791	1959
1960	Olfr792	chr10	129539162	129542534	protein_coding	ENSMUSG00000094496	+	Olfr792	1960
1961	Olfr793-ps1	chr10	129547660	129548554	unprocessed_pseudogene	ENSMUSG00000107615	+	Olfr793-ps1	1961
1962	Olfr794	chr10	129567655	129573110	protein_coding	ENSMUSG00000044293	+	Olfr794	1962
1963	Olfr796	chr10	129605492	129612570	protein_coding	ENSMUSG00000052012	-	Olfr796	1963
1964	Olfr797-ps1	chr10	129622198	129622612	unprocessed_pseudogene	ENSMUSG00000107400	-	Olfr797-ps1	1964
1965	Olfr798	chr10	129622615	129627934	protein_coding	ENSMUSG00000095002	-	Olfr798	1965
1966	Olfr799	chr10	129637484	129648326	protein_coding	ENSMUSG00000094734	+	Olfr799	1966
1967	Olfr801	chr10	129666989	129673865	protein_coding	ENSMUSG00000058513	-	Olfr801	1967
1968	Olfr802	chr10	129677683	129688169	protein_coding	ENSMUSG00000093866	-	Olfr802	1968
1969	Olfr803	chr10	129690621	129694286	protein_coding	ENSMUSG00000046041	-	Olfr803	1969
1970	Gm24717	chr10	129695978	129696101	snoRNA	ENSMUSG00000088147	+	Gm24717	1970
1971	Olfr804	chr10	129703210	129710018	protein_coding	ENSMUSG00000095401	+	Olfr804	1971
1972	Olfr805	chr10	129721221	129729375	protein_coding	ENSMUSG00000096858	-	Olfr805	1972
1973	Olfr806	chr10	129735571	129741921	protein_coding	ENSMUSG00000071065	-	Olfr806	1973
1974	Olfr807	chr10	129754092	129757793	protein_coding	ENSMUSG00000050478	-	Olfr807	1974
1975	Olfr808	chr10	129765482	129771713	protein_coding	ENSMUSG00000049894	+	Olfr808	1975
1976	Olfr809	chr10	129774638	129778937	protein_coding	ENSMUSG00000050251	+	Olfr809	1976
1977	Olfr810	chr10	129787289	129794917	protein_coding	ENSMUSG00000069421	-	Olfr810	1977
1978	Olfr811	chr10	129800615	129804396	protein_coding	ENSMUSG00000063173	-	Olfr811	1978
1979	Olfr812	chr10	129841418	129846094	protein_coding	ENSMUSG00000049052	-	Olfr812	1979
1980	Olfr813	chr10	129855367	129858722	protein_coding	ENSMUSG00000052818	+	Olfr813	1980
1981	Olfr814	chr10	129871473	129879851	protein_coding	ENSMUSG00000059134	-	Olfr814	1981
1982	Olfr815	chr10	129900570	129905867	protein_coding	ENSMUSG00000061961	-	Olfr815	1982
1983	Olfr816	chr10	129909163	129915597	protein_coding	ENSMUSG00000063715	-	Olfr816	1983
1984	AC134333.1	chr10	129925158	129930481	unprocessed_pseudogene	ENSMUSG00000107399	-	AC134333.1	1984
1985	Olfr818	chr10	129944396	129949100	protein_coding	ENSMUSG00000058071	-	Olfr818	1985
1986	Olfr819	chr10	129963011	129967266	protein_coding	ENSMUSG00000094295	-	Olfr819	1986
1987	Olfr820	chr10	130012621	130021286	protein_coding	ENSMUSG00000048745	+	Olfr820	1987
1988	Olfr821	chr10	130030348	130035071	protein_coding	ENSMUSG00000044897	+	Olfr821	1988
1989	Olfr822	chr10	130071210	130076909	protein_coding	ENSMUSG00000058251	+	Olfr822	1989
1990	Gm9560	chr10	130140042	130149977	processed_pseudogene	ENSMUSG00000108134	+	Gm9560	1990
1991	Olfr825	chr10	130159732	130166766	protein_coding	ENSMUSG00000058084	-	Olfr825	1991
1992	Olfr826	chr10	130178471	130184186	protein_coding	ENSMUSG00000059862	-	Olfr826	1992
1993	Olfr827	chr10	130203049	130214403	protein_coding	ENSMUSG00000045559	-	Olfr827	1993
1994	Neurod4	chr10	130268152	130280240	protein_coding	ENSMUSG00000048015	-	Neurod4	1994
1995	Tespa1	chr10	130322870	130364111	protein_coding	ENSMUSG00000034833	+	Tespa1	1995
1996	Vmn2r84	chr10	130377925	130394332	protein_coding	ENSMUSG00000070601	-	Vmn2r84	1996
1997	Vmn2r85	chr10	130414064	130429703	protein_coding	ENSMUSG00000092048	-	Vmn2r85	1997
1998	Vmn2r86	chr10	130441562	130456050	protein_coding	ENSMUSG00000092162	-	Vmn2r86	1998
1999	Gm18755	chr10	130469511	130470609	processed_pseudogene	ENSMUSG00000112712	-	Gm18755	1999
2000	Vmn2r87	chr10	130471052	130497396	protein_coding	ENSMUSG00000091511	-	Vmn2r87	2000
2001	Gm35405	chr10	130535562	130535961	processed_pseudogene	ENSMUSG00000112195	-	Gm35405	2001
2002	Gm31793	chr10	130542347	130571793	lncRNA	ENSMUSG00000112742	+	Gm31793	2002
2003	Gm23793	chr10	130557348	130557464	snRNA	ENSMUSG00000096766	-	Gm23793	2003
2004	Gm26445	chr10	130592136	130592244	miRNA	ENSMUSG00000093816	-	Gm26445	2004
2005	Ftl1-ps2	chr10	130592157	130592705	processed_pseudogene	ENSMUSG00000096755	-	Ftl1-ps2	2005
