	gene_name	chr	start	end	type	ensembl_id	strand	gene_name2	Node_ID
0	Gm2888	chr14	3030002	3038762	protein_coding	ENSMUSG00000090487	+	Gm2888	0
1	Gm2897	chr14	3049285	3076840	protein_coding	ENSMUSG00000079410	+	Gm2897	1
2	Gm10340	chr14	3133997	3141609	protein_coding	ENSMUSG00000071613	+	Gm10340	2
3	Gm17188	chr14	3186101	3262317	lncRNA	ENSMUSG00000091849	-	Gm17188	3
4	Gm5795	chr14	3188255	3196681	protein_coding	ENSMUSG00000079409	+	Gm5795	4
5	D830030K20Rik	chr14	3208488	3234351	protein_coding	ENSMUSG00000096039	+	D830030K20Rik	5
6	1700110I01Rik	chr14	3262340	3305832	lncRNA	ENSMUSG00000079407	+	1700110I01Rik	6
7	Gm2956	chr14	3332627	3354799	protein_coding	ENSMUSG00000096574	+	Gm2956	7
8	Gm10409	chr14	3412614	3433800	protein_coding	ENSMUSG00000096488	+	Gm10409	8
9	Gm3005	chr14	3428103	3594220	protein_coding	ENSMUSG00000095195	+	Gm3005	9
10	Gm3043	chr14	3688783	3698000	protein_coding	ENSMUSG00000090364	+	Gm3043	10
11	Gm21965	chr14	3751771	3782764	unprocessed_pseudogene	ENSMUSG00000095469	+	Gm21965	11
12	Gm3002	chr14	3810074	3966518	protein_coding	ENSMUSG00000096793	+	Gm3002	12
13	Gm26886	chr14	3822531	3884087	lncRNA	ENSMUSG00000097127	-	Gm26886	13
14	Gm3033	chr14	3846245	3856085	protein_coding	ENSMUSG00000093887	+	Gm3033	14
15	Gm2916	chr14	3884172	3921640	protein_coding	ENSMUSG00000096218	+	Gm2916	15
16	Gm3029	chr14	3931756	3940185	protein_coding	ENSMUSG00000096901	+	Gm3029	16
17	Gm3095	chr14	3963547	3970207	protein_coding	ENSMUSG00000091756	+	Gm3095	17
18	Gm3099	chr14	3998394	4007006	protein_coding	ENSMUSG00000095686	+	Gm3099	18
19	Gm5796	chr14	4023941	4041370	protein_coding	ENSMUSG00000096775	+	Gm5796	19
20	Gm3115	chr14	4084120	4099306	protein_coding	ENSMUSG00000091022	+	Gm3115	20
21	Gm8108	chr14	4110526	4132784	protein_coding	ENSMUSG00000091563	+	Gm8108	21
22	Gm17152	chr14	4141216	4141750	processed_pseudogene	ENSMUSG00000090292	-	Gm17152	22
23	Gm3127	chr14	4165030	4173503	protein_coding	ENSMUSG00000090764	+	Gm3127	23
24	Gm2974	chr14	4182576	4204895	protein_coding	ENSMUSG00000079391	+	Gm2974	24
25	Gm3138	chr14	4249631	4258006	protein_coding	ENSMUSG00000091114	+	Gm3138	25
26	Gm3149	chr14	4317283	4325721	protein_coding	ENSMUSG00000079389	+	Gm3149	26
27	2610042L04Rik	chr14	4334763	4354688	protein_coding	ENSMUSG00000079388	+	2610042L04Rik	27
28	Gm3159	chr14	4397526	4406347	protein_coding	ENSMUSG00000095056	+	Gm3159	28
29	Gm3164	chr14	4415448	4443839	protein_coding	ENSMUSG00000091418	+	Gm3164	29
30	Gm3173	chr14	4430992	4519452	protein_coding	ENSMUSG00000079386	+	Gm3173	30
31	Gm3182	chr14	4481745	4490177	protein_coding	ENSMUSG00000091148	+	Gm3182	31
32	Gm26655	chr14	4551493	4585439	lncRNA	ENSMUSG00000097822	-	Gm26655	32
33	Gm3047	chr14	4555405	4562747	protein_coding	ENSMUSG00000090472	+	Gm3047	33
34	Gm26898	chr14	4593905	4622304	unprocessed_pseudogene	ENSMUSG00000097798	+	Gm26898	34
35	Gm8159	chr14	4632352	4640802	protein_coding	ENSMUSG00000094258	+	Gm8159	35
36	Gm3239	chr14	4664192	4670850	protein_coding	ENSMUSG00000090872	+	Gm3239	36
37	Gm7876	chr14	4709238	4717678	protein_coding	ENSMUSG00000091700	+	Gm7876	37
38	Gm3252	chr14	4726775	4747493	protein_coding	ENSMUSG00000094628	+	Gm3252	38
39	Gm9602	chr14	4776337	4785002	protein_coding	ENSMUSG00000090539	+	Gm9602	39
40	Gm3269	chr14	4838106	4846867	protein_coding	ENSMUSG00000091494	+	Gm3269	40
41	Gm3264	chr14	4855576	4875851	protein_coding	ENSMUSG00000094132	+	Gm3264	41
42	Gm26650	chr14	4867977	4930414	lncRNA	ENSMUSG00000097278	-	Gm26650	42
43	Gm3278	chr14	4892416	4902431	protein_coding	ENSMUSG00000091185	+	Gm3278	43
44	Gm10410	chr14	4938879	4967273	unprocessed_pseudogene	ENSMUSG00000093827	+	Gm10410	44
45	Gm8297	chr14	4983935	4992409	protein_coding	ENSMUSG00000090827	+	Gm8297	45
46	4930555G01Rik	chr14	5050629	5059243	protein_coding	ENSMUSG00000096197	+	4930555G01Rik	46
47	Gm8281	chr14	5071040	5093318	protein_coding	ENSMUSG00000095681	+	Gm8281	47
48	Gm26552	chr14	5161446	5221712	lncRNA	ENSMUSG00000097218	-	Gm26552	48
49	Gm3526	chr14	5253907	5260580	protein_coding	ENSMUSG00000094929	-	Gm3526	49
50	Gm3500	chr14	5365794	5389049	protein_coding	ENSMUSG00000096003	-	Gm3500	50
51	Gm3194	chr14	5438065	5455467	protein_coding	ENSMUSG00000094825	-	Gm3194	51
52	Gm8246	chr14	5469438	5477830	protein_coding	ENSMUSG00000095797	-	Gm8246	52
53	Gm3488	chr14	5501674	5522927	protein_coding	ENSMUSG00000095295	+	Gm3488	53
54	Gm26893	chr14	5514087	5574342	lncRNA	ENSMUSG00000097450	-	Gm26893	54
55	Gm3383	chr14	5607620	5807982	protein_coding	ENSMUSG00000096629	-	Gm3383	55
56	Gm3344	chr14	5610194	5613188	unprocessed_pseudogene	ENSMUSG00000091595	-	Gm3344	56
57	Gm3373	chr14	5718336	5741577	protein_coding	ENSMUSG00000094370	-	Gm3373	57
58	Gm17158	chr14	5849357	5849849	processed_pseudogene	ENSMUSG00000090552	+	Gm17158	58
59	Gm8237	chr14	5857918	5880382	protein_coding	ENSMUSG00000090707	-	Gm8237	59
60	Gm17046	chr14	5877076	5877925	processed_pseudogene	ENSMUSG00000091613	+	Gm17046	60
61	Gm3242	chr14	5893193	5899001	unprocessed_pseudogene	ENSMUSG00000079379	-	Gm3242	61
62	Gm3248	chr14	5939225	5961745	protein_coding	ENSMUSG00000091275	-	Gm3248	62
63	Gm17048	chr14	5958445	5959291	processed_pseudogene	ENSMUSG00000095991	+	Gm17048	63
64	Gm3453	chr14	5970744	5979137	protein_coding	ENSMUSG00000090643	-	Gm3453	64
65	Gm8206	chr14	6016759	6093942	protein_coding	ENSMUSG00000091568	-	Gm8206	65
66	Gm6337	chr14	6049469	6058267	protein_coding	ENSMUSG00000091882	-	Gm6337	66
67	Gm3468	chr14	6087295	6108665	protein_coding	ENSMUSG00000094634	-	Gm3468	67
68	Gm3476	chr14	6105321	6125807	protein_coding	ENSMUSG00000079371	-	Gm3476	68
69	Gm26991	chr14	6154002	6172001	unprocessed_pseudogene	ENSMUSG00000097199	-	Gm26991	69
70	Gm3208	chr14	6202334	6202760	processed_pseudogene	ENSMUSG00000091752	+	Gm3208	70
71	Gm21560	chr14	6210617	6219292	protein_coding	ENSMUSG00000094460	-	Gm21560	71
72	Gm3411	chr14	6259747	6287250	protein_coding	ENSMUSG00000079396	-	Gm3411	72
73	Gm21103	chr14	6296365	6304843	protein_coding	ENSMUSG00000094811	-	Gm21103	73
74	Gm3618	chr14	6306228	6352062	transcribed_unprocessed_pseudogene	ENSMUSG00000096828	-	Gm3618	74
75	Gm26630	chr14	6352044	6446960	lncRNA	ENSMUSG00000097447	+	Gm26630	75
76	Gm16440	chr14	6380721	6390319	protein_coding	ENSMUSG00000072738	-	Gm16440	76
77	Gm3594	chr14	6435796	6444611	protein_coding	ENSMUSG00000095360	-	Gm3594	77
78	Gm8356	chr14	6528612	6537290	protein_coding	ENSMUSG00000090627	-	Gm8356	78
79	Gm3629	chr14	6583959	6590613	protein_coding	ENSMUSG00000093898	-	Gm3629	79
80	Gm3460	chr14	6613967	6622418	protein_coding	ENSMUSG00000096839	-	Gm3460	80
81	Gm10251	chr14	6638420	6684170	protein_coding	ENSMUSG00000094590	-	Gm10251	81
82	Gm26680	chr14	6684255	6783942	lncRNA	ENSMUSG00000097901	+	Gm26680	82
83	Gm8050	chr14	6712183	6720251	protein_coding	ENSMUSG00000091814	-	Gm8050	83
84	Gm3636	chr14	6735685	6742332	protein_coding	ENSMUSG00000091754	-	Gm3636	84
85	Gm8362	chr14	6765962	6774411	protein_coding	ENSMUSG00000090404	-	Gm8362	85
86	Gm3642	chr14	6832231	6840311	protein_coding	ENSMUSG00000096685	-	Gm3642	86
87	Gm3667	chr14	6868502	6889962	protein_coding	ENSMUSG00000090691	-	Gm3667	87
88	Gm6356	chr14	6965449	6973818	protein_coding	ENSMUSG00000091400	-	Gm6356	88
89	Gm10406	chr14	7006115	7027449	protein_coding	ENSMUSG00000093985	-	Gm10406	89
90	Gm3685	chr14	7036535	7044970	protein_coding	ENSMUSG00000094021	-	Gm3685	90
91	Gm47764	chr14	7074598	7075170	processed_pseudogene	ENSMUSG00000114657	+	Gm47764	91
92	Gm3696	chr14	7083208	7100621	protein_coding	ENSMUSG00000092167	-	Gm3696	92
93	Gm3512	chr14	7153511	7174533	protein_coding	ENSMUSG00000090363	-	Gm3512	93
94	Gm16434	chr14	7185927	7194540	protein_coding	ENSMUSG00000095015	-	Gm16434	94
95	Gm3715	chr14	7223692	7229138	unprocessed_pseudogene	ENSMUSG00000072731	-	Gm3715	95
96	Gm3739	chr14	7293648	7315049	protein_coding	ENSMUSG00000091472	-	Gm3739	96
97	Gm5797	chr14	7323988	7332395	protein_coding	ENSMUSG00000072726	-	Gm5797	97
98	Gm8374	chr14	7362097	7365134	protein_coding	ENSMUSG00000091676	-	Gm8374	98
99	Gm10339	chr14	7374667	7412375	lncRNA	ENSMUSG00000071591	-	Gm10339	99
100	4933406F09Rik	chr14	7412460	7508369	lncRNA	ENSMUSG00000090585	+	4933406F09Rik	100
101	Gm3755	chr14	7440924	7450917	protein_coding	ENSMUSG00000091227	-	Gm3755	101
102	Gm3752	chr14	7466362	7483762	protein_coding	ENSMUSG00000091617	-	Gm3752	102
103	Gm3760	chr14	7498713	7506148	unprocessed_pseudogene	ENSMUSG00000091325	-	Gm3760	103
104	Gm3558	chr14	7545151	7568566	protein_coding	ENSMUSG00000079364	-	Gm3558	104
105	Gm10338	chr14	7580617	7595592	protein_coding	ENSMUSG00000094706	-	Gm10338	105
106	Gm10044	chr14	7744063	7791652	transcribed_unprocessed_pseudogene	ENSMUSG00000072723	-	Gm10044	106
107	Gm16741	chr14	7749945	7775528	lncRNA	ENSMUSG00000084775	+	Gm16741	107
108	Flnb	chr14	7817957	7951588	protein_coding	ENSMUSG00000025278	+	Flnb	108
109	Gm45521	chr14	7957288	7960636	protein_coding	ENSMUSG00000109649	+	Gm45521	109
110	Dnase1l3	chr14	7964533	7994573	protein_coding	ENSMUSG00000025279	-	Dnase1l3	110
111	Abhd6	chr14	8002902	8056763	protein_coding	ENSMUSG00000025277	+	Abhd6	111
112	Rpp14	chr14	8080367	8091834	protein_coding	ENSMUSG00000023156	+	Rpp14	112
113	Pxk	chr14	8098211	8165117	protein_coding	ENSMUSG00000033885	+	Pxk	113
114	Pdhb	chr14	8165996	8173025	protein_coding	ENSMUSG00000021748	-	Pdhb	114
115	Kctd6	chr14	8214140	8223563	protein_coding	ENSMUSG00000021752	+	Kctd6	115
116	Acox2	chr14	8225511	8259353	protein_coding	ENSMUSG00000021751	-	Acox2	116
117	Fam107a	chr14	8296274	8318023	protein_coding	ENSMUSG00000021750	-	Fam107a	117
118	Oit1	chr14	8348937	8378754	protein_coding	ENSMUSG00000021749	-	Oit1	118
119	2610318M16Rik	chr14	8367440	8371010	lncRNA	ENSMUSG00000114532	+	2610318M16Rik	119
120	4930452B06Rik	chr14	8431192	8666240	protein_coding	ENSMUSG00000021747	-	4930452B06Rik	120
121	4930455B14Rik	chr14	8666386	8673378	lncRNA	ENSMUSG00000097898	+	4930455B14Rik	121
122	Gm20241	chr14	8687419	8687965	processed_pseudogene	ENSMUSG00000114764	+	Gm20241	122
123	Gm9800	chr14	8800000	8800335	processed_pseudogene	ENSMUSG00000045799	-	Gm9800	123
124	Gm48364	chr14	8858989	8860050	processed_pseudogene	ENSMUSG00000114413	-	Gm48364	124
125	Gm48370	chr14	9400624	9459180	lncRNA	ENSMUSG00000114615	+	Gm48370	125
126	Gm48371	chr14	9443375	9469555	lncRNA	ENSMUSG00000114298	-	Gm48371	126
127	Fhit	chr14	9550092	11162035	protein_coding	ENSMUSG00000060579	-	Fhit	127
128	Hmgb3-ps	chr14	9863102	9863702	processed_pseudogene	ENSMUSG00000089795	+	Hmgb3-ps	128
129	Gm48438	chr14	9901921	9904368	TEC	ENSMUSG00000114691	-	Gm48438	129
130	Gm48430	chr14	10017223	10018671	TEC	ENSMUSG00000114467	-	Gm48430	130
131	Gm48439	chr14	10178620	10186051	lncRNA	ENSMUSG00000114391	+	Gm48439	131
132	Gm48442	chr14	10377697	10379948	TEC	ENSMUSG00000114749	-	Gm48442	132
133	Gm22053	chr14	10478674	10478873	snoRNA	ENSMUSG00000065328	+	Gm22053	133
134	Fhitos	chr14	10738535	10783076	lncRNA	ENSMUSG00000089833	+	Fhitos	134
135	Gm48437	chr14	10779067	10780448	TEC	ENSMUSG00000114305	-	Gm48437	135
136	Slc25a5-ps	chr14	11161529	11181110	transcribed_processed_pseudogene	ENSMUSG00000089785	+	Slc25a5-ps	136
137	Rpl21-ps4	chr14	11227552	11227989	processed_pseudogene	ENSMUSG00000072714	+	Rpl21-ps4	137
138	Gm3839	chr14	11280735	11356726	protein_coding	ENSMUSG00000097148	-	Gm3839	138
139	Gm48592	chr14	11392560	11392925	processed_pseudogene	ENSMUSG00000114216	+	Gm48592	139
140	Gm48594	chr14	11460359	11502992	lncRNA	ENSMUSG00000114786	+	Gm48594	140
141	Gm48595	chr14	11510535	11520770	lncRNA	ENSMUSG00000114849	-	Gm48595	141
142	Ptprg	chr14	11553532	12242041	protein_coding	ENSMUSG00000021745	+	Ptprg	142
143	Gm48602	chr14	11767943	11771311	TEC	ENSMUSG00000114310	+	Gm48602	143
144	Gm48601	chr14	11867594	11870625	TEC	ENSMUSG00000114431	+	Gm48601	144
145	Gm48600	chr14	11904679	11909158	TEC	ENSMUSG00000114267	+	Gm48600	145
146	Gm3848	chr14	11965446	11981223	lncRNA	ENSMUSG00000085883	-	Gm3848	146
147	Gm48603	chr14	12151447	12152584	TEC	ENSMUSG00000114246	-	Gm48603	147
148	Gm49355	chr14	12283976	12324454	protein_coding	ENSMUSG00000114378	+	Gm49355	148
149	3830406C13Rik	chr14	12284173	12303231	protein_coding	ENSMUSG00000033111	+	3830406C13Rik	149
150	D030051J21Rik	chr14	12321379	12324473	lncRNA	ENSMUSG00000114853	+	D030051J21Rik	150
151	Fezf2	chr14	12342094	12348189	protein_coding	ENSMUSG00000021743	-	Fezf2	151
152	Cadps	chr14	12372563	12823079	protein_coding	ENSMUSG00000054423	-	Cadps	152
153	Gm48239	chr14	12374585	12384729	lncRNA	ENSMUSG00000114230	+	Gm48239	153
154	Gm48267	chr14	12400698	12402230	TEC	ENSMUSG00000114624	-	Gm48267	154
155	n-R5s45	chr14	12427532	12427641	rRNA	ENSMUSG00000084541	-	n-R5s45	155
156	Gm17805	chr14	12618668	12619241	processed_pseudogene	ENSMUSG00000114453	+	Gm17805	156
157	Gm18077	chr14	12653337	12653825	processed_pseudogene	ENSMUSG00000114312	+	Gm18077	157
158	Gm48266	chr14	12769408	12770550	TEC	ENSMUSG00000114626	-	Gm48266	158
159	Gm5457	chr14	12867553	12867885	processed_pseudogene	ENSMUSG00000021741	+	Gm5457	159
160	Gm48515	chr14	12992695	12995179	processed_pseudogene	ENSMUSG00000114561	+	Gm48515	160
161	Gm48526	chr14	13030370	13035765	lncRNA	ENSMUSG00000114421	+	Gm48526	161
162	Gm5087	chr14	13157388	13284638	lncRNA	ENSMUSG00000051729	-	Gm5087	162
163	Synpr	chr14	13284780	13616340	protein_coding	ENSMUSG00000056296	+	Synpr	163
164	Gm15913	chr14	13352878	13354080	processed_pseudogene	ENSMUSG00000081115	-	Gm15913	164
165	Sntn	chr14	13670876	13683148	protein_coding	ENSMUSG00000044772	+	Sntn	165
166	Gm281	chr14	13814618	13914478	protein_coding	ENSMUSG00000084902	-	Gm281	166
167	Gm11100	chr14	13918334	13951132	protein_coding	ENSMUSG00000079357	+	Gm11100	167
168	Thoc7	chr14	13949012	13961852	protein_coding	ENSMUSG00000053453	-	Thoc7	168
169	Atxn7	chr14	13961440	14107302	protein_coding	ENSMUSG00000021738	+	Atxn7	169
170	Psmd6	chr14	14112174	14120984	protein_coding	ENSMUSG00000021737	-	Psmd6	170
171	Olfr720	chr14	14171738	14186838	protein_coding	ENSMUSG00000052417	-	Olfr720	171
172	Csnk2a1-ps1	chr14	14197306	14198464	processed_pseudogene	ENSMUSG00000114909	+	Csnk2a1-ps1	172
173	Gm48841	chr14	14254663	14257503	processed_pseudogene	ENSMUSG00000114268	-	Gm48841	173
174	Gm48852	chr14	14258286	14258568	processed_pseudogene	ENSMUSG00000114497	+	Gm48852	174
175	Gm3895	chr14	14259338	14259638	processed_pseudogene	ENSMUSG00000114556	-	Gm3895	175
176	Gm48857	chr14	14292405	14294676	lncRNA	ENSMUSG00000114768	-	Gm48857	176
177	Olfr31	chr14	14322828	14331791	protein_coding	ENSMUSG00000072707	+	Olfr31	177
178	Gm48860	chr14	14328004	14347264	lncRNA	ENSMUSG00000114883	-	Gm48860	178
179	Il3ra	chr14	14346275	14356011	protein_coding	ENSMUSG00000068758	+	Il3ra	179
180	Olfr721-ps1	chr14	14401298	14410095	protein_coding	ENSMUSG00000091809	+	Olfr721-ps1	180
181	Gm47654	chr14	14429177	14430245	processed_pseudogene	ENSMUSG00000114257	+	Gm47654	181
182	Gm47678	chr14	14585369	14589216	processed_pseudogene	ENSMUSG00000114676	-	Gm47678	182
183	Gm47685	chr14	14589946	14590314	processed_pseudogene	ENSMUSG00000114574	+	Gm47685	183
184	Gm19018	chr14	14659108	14659879	processed_pseudogene	ENSMUSG00000114628	+	Gm19018	184
185	Slc4a7	chr14	14702279	14799940	protein_coding	ENSMUSG00000021733	+	Slc4a7	185
186	Nek10	chr14	14803415	15012059	protein_coding	ENSMUSG00000042567	+	Nek10	186
187	Gm31517	chr14	15015189	15065231	lncRNA	ENSMUSG00000114538	-	Gm31517	187
188	Gm47743	chr14	15063032	15065425	TEC	ENSMUSG00000114197	+	Gm47743	188
189	4921522A10Rik	chr14	15104124	15110333	lncRNA	ENSMUSG00000114770	-	4921522A10Rik	189
190	Gm47756	chr14	15118313	15120977	TEC	ENSMUSG00000114946	-	Gm47756	190
191	Gm47759	chr14	15223952	15226166	processed_pseudogene	ENSMUSG00000114711	-	Gm47759	191
192	Gm47763	chr14	15298523	15298861	processed_pseudogene	ENSMUSG00000114683	-	Gm47763	192
193	Gm31577	chr14	15304420	15321874	lncRNA	ENSMUSG00000114789	-	Gm31577	193
194	Lrrc3b	chr14	15357515	15438987	protein_coding	ENSMUSG00000045201	-	Lrrc3b	194
195	B230110C06Rik	chr14	15437623	15452445	lncRNA	ENSMUSG00000097547	+	B230110C06Rik	195
196	Gm10403	chr14	15456331	15458041	TEC	ENSMUSG00000114266	+	Gm10403	196
197	Gm47782	chr14	15697956	15911315	lncRNA	ENSMUSG00000114794	-	Gm47782	197
198	Gm31804	chr14	15770099	15791784	lncRNA	ENSMUSG00000114586	+	Gm31804	198
199	Gm47780	chr14	15876628	15879459	lncRNA	ENSMUSG00000114513	+	Gm47780	199
200	Gm8514	chr14	15910518	15912163	processed_pseudogene	ENSMUSG00000114765	+	Gm8514	200
201	1700062C10Rik	chr14	15999768	16037271	lncRNA	ENSMUSG00000114390	-	1700062C10Rik	201
202	Gm8517	chr14	16171397	16172608	processed_pseudogene	ENSMUSG00000114484	+	Gm8517	202
203	Oxsm	chr14	16238652	16249808	protein_coding	ENSMUSG00000021786	-	Oxsm	203
204	Gm47794	chr14	16243351	16245091	lncRNA	ENSMUSG00000114907	+	Gm47794	204
205	Ngly1	chr14	16249280	16311926	protein_coding	ENSMUSG00000021785	+	Ngly1	205
206	Gm47797	chr14	16273995	16274321	TEC	ENSMUSG00000114842	+	Gm47797	206
207	Gm47798	chr14	16304511	16308325	lncRNA	ENSMUSG00000114253	+	Gm47798	207
208	Gm48163	chr14	16336846	16366268	lncRNA	ENSMUSG00000114243	-	Gm48163	208
209	Top2b	chr14	16365179	16435462	protein_coding	ENSMUSG00000017485	+	Top2b	209
210	Rarb	chr14	16430839	16819156	protein_coding	ENSMUSG00000017491	-	Rarb	210
211	Gm48162	chr14	16575601	16580459	lncRNA	ENSMUSG00000114463	+	Gm48162	211
212	Tpi-rs9	chr14	16946659	16947433	processed_pseudogene	ENSMUSG00000114890	+	Tpi-rs9	212
213	Gm18927	chr14	17105561	17105876	processed_pseudogene	ENSMUSG00000114296	+	Gm18927	213
214	Thrb	chr14	17660261	18038090	protein_coding	ENSMUSG00000021779	+	Thrb	214
215	Gm24140	chr14	17884808	17885133	misc_RNA	ENSMUSG00000084722	-	Gm24140	215
216	Gm48321	chr14	17931138	18021909	lncRNA	ENSMUSG00000114504	-	Gm48321	216
217	Gm27851	chr14	18060275	18060337	snRNA	ENSMUSG00000098478	+	Gm27851	217
218	Gm19290	chr14	18095724	18096034	processed_pseudogene	ENSMUSG00000114517	+	Gm19290	218
219	Gm44469	chr14	18200675	18200753	miRNA	ENSMUSG00000105635	+	Gm44469	219
220	Nr1d2	chr14	18204054	18239127	protein_coding	ENSMUSG00000021775	-	Nr1d2	220
221	Rpl15	chr14	18267823	18271391	protein_coding	ENSMUSG00000012405	-	Rpl15	221
222	Nkiras1	chr14	18271136	18284003	protein_coding	ENSMUSG00000021772	+	Nkiras1	222
223	Ube2e1	chr14	18282722	18331859	protein_coding	ENSMUSG00000021774	-	Ube2e1	223
224	Gm22350	chr14	18445875	18446030	snRNA	ENSMUSG00000065858	+	Gm22350	224
225	Gm6781	chr14	18531363	18532604	processed_pseudogene	ENSMUSG00000035129	+	Gm6781	225
226	Gm4939	chr14	18543808	18545132	processed_pseudogene	ENSMUSG00000114529	-	Gm4939	226
227	Ube2e2	chr14	18573575	18894267	protein_coding	ENSMUSG00000058317	-	Ube2e2	227
228	Gm22499	chr14	18814169	18814303	snoRNA	ENSMUSG00000077689	+	Gm22499	228
229	Gm15916	chr14	18831296	18832031	processed_pseudogene	ENSMUSG00000083606	+	Gm15916	229
230	Gm3778	chr14	19016757	19024593	unprocessed_pseudogene	ENSMUSG00000114435	+	Gm3778	230
231	Gm48781	chr14	19043184	19043425	processed_pseudogene	ENSMUSG00000114318	+	Gm48781	231
232	Gm48782	chr14	19059945	19061823	processed_pseudogene	ENSMUSG00000114580	-	Gm48782	232
233	Gm8582	chr14	19127800	19132109	unprocessed_pseudogene	ENSMUSG00000091929	+	Gm8582	233
234	Gm8584	chr14	19159695	19164408	unprocessed_pseudogene	ENSMUSG00000091557	+	Gm8584	234
235	Gm48099	chr14	19271274	19282822	lncRNA	ENSMUSG00000114304	+	Gm48099	235
236	Gm6122	chr14	19290531	19291209	processed_pseudogene	ENSMUSG00000114919	-	Gm6122	236
237	Gm5630	chr14	19350748	19351647	processed_pseudogene	ENSMUSG00000114252	-	Gm5630	237
238	Gm9637	chr14	19401727	19402599	processed_pseudogene	ENSMUSG00000093814	-	Gm9637	238
239	Gm21738	chr14	19415857	19418930	protein_coding	ENSMUSG00000095280	-	Gm21738	239
240	Gm36704	chr14	19496370	19504895	transcribed_processed_pseudogene	ENSMUSG00000114272	-	Gm36704	240
241	Gm48105	chr14	19504718	19529194	lncRNA	ENSMUSG00000114630	+	Gm48105	241
242	Gm2244	chr14	19532896	19549963	protein_coding	ENSMUSG00000092036	-	Gm2244	242
243	Gm2237	chr14	19563800	19585135	protein_coding	ENSMUSG00000093979	-	Gm2237	243
244	Gm5458	chr14	19594139	19602581	protein_coding	ENSMUSG00000095024	-	Gm5458	244
245	Gm41102	chr14	19612403	19618889	lncRNA	ENSMUSG00000114214	-	Gm41102	245
246	4930469B13Rik	chr14	19615130	19628632	lncRNA	ENSMUSG00000068776	+	4930469B13Rik	246
247	Gm7371	chr14	19688439	19688992	processed_pseudogene	ENSMUSG00000114885	-	Gm7371	247
248	Nid2	chr14	19751265	19811787	protein_coding	ENSMUSG00000021806	+	Nid2	248
249	Rtraf	chr14	19811351	19823824	protein_coding	ENSMUSG00000021807	-	Rtraf	249
250	D14Ertd670e	chr14	19838925	19844677	lncRNA	ENSMUSG00000114350	+	D14Ertd670e	250
251	Gm48283	chr14	19866980	19873455	lncRNA	ENSMUSG00000114436	+	Gm48283	251
252	Gng2	chr14	19872559	19977627	protein_coding	ENSMUSG00000043004	-	Gng2	252
253	Saysd1	chr14	20075636	20138534	protein_coding	ENSMUSG00000045107	-	Saysd1	253
254	Kcnk5	chr14	20140057	20181809	protein_coding	ENSMUSG00000023243	-	Kcnk5	254
255	Gm48395	chr14	20215502	20221425	lncRNA	ENSMUSG00000114439	+	Gm48395	255
256	Gm2048	chr14	20249415	20260932	unprocessed_pseudogene	ENSMUSG00000114410	-	Gm2048	256
257	Kcnk16	chr14	20261376	20269199	protein_coding	ENSMUSG00000023387	-	Kcnk16	257
258	Nudt13	chr14	20294697	20317578	protein_coding	ENSMUSG00000021809	+	Nudt13	258
259	Ecd	chr14	20319852	20348121	protein_coding	ENSMUSG00000021810	-	Ecd	259
260	Fam149b	chr14	20348162	20383491	protein_coding	ENSMUSG00000039599	+	Fam149b	260
261	Gm30054	chr14	20364567	20378876	lncRNA	ENSMUSG00000114937	-	Gm30054	261
262	Dnajc9	chr14	20384638	20388910	protein_coding	ENSMUSG00000021811	-	Dnajc9	262
263	Mrps16	chr14	20389304	20393634	protein_coding	ENSMUSG00000049960	-	Mrps16	263
264	Cfap70	chr14	20394193	20452226	protein_coding	ENSMUSG00000039543	-	Cfap70	264
265	Anxa7	chr14	20455260	20480133	protein_coding	ENSMUSG00000021814	-	Anxa7	265
266	Mss51	chr14	20482867	20496901	protein_coding	ENSMUSG00000021815	-	Mss51	266
267	Ppp3cb	chr14	20499364	20546573	protein_coding	ENSMUSG00000021816	-	Ppp3cb	267
268	1810062O18Rik	chr14	20546079	20570687	lncRNA	ENSMUSG00000084925	+	1810062O18Rik	268
269	Usp54	chr14	20548912	20641063	protein_coding	ENSMUSG00000034235	-	Usp54	269
270	2810402E24Rik	chr14	20641009	20644048	lncRNA	ENSMUSG00000099966	+	2810402E24Rik	270
271	Myoz1	chr14	20649107	20656540	protein_coding	ENSMUSG00000068697	-	Myoz1	271
272	Synpo2l	chr14	20658946	20668354	protein_coding	ENSMUSG00000039376	-	Synpo2l	272
273	Sec24c	chr14	20674308	20694852	protein_coding	ENSMUSG00000039367	+	Sec24c	273
274	6230400D17Rik	chr14	20687236	20703028	lncRNA	ENSMUSG00000097577	-	6230400D17Rik	274
275	Fut11	chr14	20694968	20701016	protein_coding	ENSMUSG00000039357	+	Fut11	275
276	Gm25328	chr14	20701523	20701629	snRNA	ENSMUSG00000095087	+	Gm25328	276
277	Chchd1	chr14	20703006	20704425	protein_coding	ENSMUSG00000063787	+	Chchd1	277
278	Zswim8	chr14	20707552	20723619	protein_coding	ENSMUSG00000021819	+	Zswim8	278
279	Ndst2	chr14	20723730	20734562	protein_coding	ENSMUSG00000039308	-	Ndst2	279
280	Camk2g	chr14	20734875	20794088	protein_coding	ENSMUSG00000021820	-	Camk2g	280
281	Gm30108	chr14	20794239	20796560	lncRNA	ENSMUSG00000114241	+	Gm30108	281
282	Plau	chr14	20836660	20843385	protein_coding	ENSMUSG00000021822	+	Plau	282
283	Vcl	chr14	20929398	21033676	protein_coding	ENSMUSG00000021823	+	Vcl	283
284	Ap3m1	chr14	21031442	21052508	protein_coding	ENSMUSG00000021824	-	Ap3m1	284
285	Adk	chr14	21052574	21448569	protein_coding	ENSMUSG00000039197	+	Adk	285
286	Gm26372	chr14	21263624	21263859	misc_RNA	ENSMUSG00000088456	+	Gm26372	286
287	Gm30363	chr14	21449949	21473360	lncRNA	ENSMUSG00000114875	-	Gm30363	287
288	Kat6b	chr14	21481434	21672478	protein_coding	ENSMUSG00000021767	+	Kat6b	288
289	Dupd1	chr14	21676537	21714576	protein_coding	ENSMUSG00000063821	-	Dupd1	289
290	Dusp13	chr14	21733394	21751181	protein_coding	ENSMUSG00000021768	-	Dusp13	290
291	Gm15935	chr14	21741543	21746632	lncRNA	ENSMUSG00000084940	+	Gm15935	291
292	Samd8	chr14	21750531	21798726	protein_coding	ENSMUSG00000021770	+	Samd8	292
293	Gm23502	chr14	21812711	21812855	snRNA	ENSMUSG00000065836	+	Gm23502	293
294	Vdac2	chr14	21825238	21845879	protein_coding	ENSMUSG00000021771	+	Vdac2	294
295	Comtd1	chr14	21845855	21848977	protein_coding	ENSMUSG00000021773	-	Comtd1	295
296	A430057M04Rik	chr14	21847578	21856931	lncRNA	ENSMUSG00000090564	+	A430057M04Rik	296
297	4931407E12Rik	chr14	21868630	21889766	lncRNA	ENSMUSG00000114352	-	4931407E12Rik	297
298	Gm37590	chr14	21932095	21952399	TEC	ENSMUSG00000104232	+	Gm37590	298
299	Zfp503	chr14	21983959	21989601	protein_coding	ENSMUSG00000039081	-	Zfp503	299
300	C130012C08Rik	chr14	21992436	21996100	TEC	ENSMUSG00000103160	+	C130012C08Rik	300
301	Lrmda	chr14	22019712	23056085	protein_coding	ENSMUSG00000063458	+	Lrmda	301
302	Gm7480	chr14	22032086	22036103	lncRNA	ENSMUSG00000114205	-	Gm7480	302
303	4930405A10Rik	chr14	22507174	22542823	lncRNA	ENSMUSG00000114412	-	4930405A10Rik	303
304	Gm47601	chr14	22927926	22933500	lncRNA	ENSMUSG00000114496	+	Gm47601	304
305	Gm10248	chr14	23038194	23094571	lncRNA	ENSMUSG00000068680	-	Gm10248	305
306	Kcnma1	chr14	23289431	24014491	protein_coding	ENSMUSG00000063142	-	Kcnma1	306
307	5430425E15Rik	chr14	23519662	23520844	TEC	ENSMUSG00000114751	+	5430425E15Rik	307
308	Gm29626	chr14	23560248	23564589	lncRNA	ENSMUSG00000100100	+	Gm29626	308
309	4930519K11Rik	chr14	24003844	24008335	lncRNA	ENSMUSG00000114953	+	4930519K11Rik	309
310	Gm31392	chr14	24044343	24075908	lncRNA	ENSMUSG00000114722	-	Gm31392	310
311	Gm6158	chr14	24069734	24070637	processed_pseudogene	ENSMUSG00000090381	+	Gm6158	311
312	AC163638.2	chr14	24082121	24156210	lncRNA	ENSMUSG00000118519	+	AC163638.2	312
313	AC163638.1	chr14	24107248	24113153	unprocessed_pseudogene	ENSMUSG00000118498	-	AC163638.1	313
314	Dlg5	chr14	24133953	24245920	protein_coding	ENSMUSG00000021782	-	Dlg5	314
315	Gm49098	chr14	24170160	24170986	TEC	ENSMUSG00000114880	-	Gm49098	315
316	Gm17105	chr14	24238172	24243391	lncRNA	ENSMUSG00000091079	-	Gm17105	316
317	Gm19034	chr14	24285109	24290650	unprocessed_pseudogene	ENSMUSG00000114648	+	Gm19034	317
318	E330034G19Rik	chr14	24293214	24309966	protein_coding	ENSMUSG00000038925	+	E330034G19Rik	318
319	Gm47774	chr14	24375653	24377252	lncRNA	ENSMUSG00000114567	-	Gm47774	319
320	Gm47814	chr14	24438987	24446403	lncRNA	ENSMUSG00000114575	-	Gm47814	320
321	Polr3a	chr14	24448696	24487058	protein_coding	ENSMUSG00000025280	-	Polr3a	321
322	Rps24	chr14	24487125	24496959	protein_coding	ENSMUSG00000025290	+	Rps24	322
323	4930542C16Rik	chr14	24597266	24617467	lncRNA	ENSMUSG00000048628	-	4930542C16Rik	323
324	4930428N03Rik	chr14	24617557	24788520	lncRNA	ENSMUSG00000089887	+	4930428N03Rik	324
325	Gm47906	chr14	24833635	24835089	lncRNA	ENSMUSG00000114965	+	Gm47906	325
326	Gm10398	chr14	24909414	24913440	lncRNA	ENSMUSG00000072686	+	Gm10398	326
327	Gm47907	chr14	25031097	25031669	TEC	ENSMUSG00000114416	+	Gm47907	327
328	Gm38408	chr14	25066904	25074444	lncRNA	ENSMUSG00000114924	-	Gm38408	328
329	Gm32123	chr14	25109384	25112926	lncRNA	ENSMUSG00000114288	+	Gm32123	329
330	Gm32224	chr14	25127788	25135852	lncRNA	ENSMUSG00000114271	+	Gm32224	330
331	4930572O13Rik	chr14	25139795	25143241	lncRNA	ENSMUSG00000114916	-	4930572O13Rik	331
332	Zmiz1os1	chr14	25257523	25461128	lncRNA	ENSMUSG00000087535	-	Zmiz1os1	332
333	Gm26660	chr14	25315873	25379609	lncRNA	ENSMUSG00000097601	-	Gm26660	333
334	Gm17747	chr14	25441641	25453229	lncRNA	ENSMUSG00000114232	+	Gm17747	334
335	Zmiz1	chr14	25459185	25666743	protein_coding	ENSMUSG00000007817	+	Zmiz1	335
336	Gm47920	chr14	25459980	25462387	lncRNA	ENSMUSG00000114709	+	Gm47920	336
337	Mir3075	chr14	25534439	25534523	miRNA	ENSMUSG00000093081	+	Mir3075	337
338	Ppif	chr14	25694154	25700468	protein_coding	ENSMUSG00000021868	+	Ppif	338
339	Ppifos	chr14	25696974	25701282	lncRNA	ENSMUSG00000114922	-	Ppifos	339
340	1700054O19Rik	chr14	25706406	25707273	TEC	ENSMUSG00000104183	-	1700054O19Rik	340
341	Zcchc24	chr14	25711642	25769039	protein_coding	ENSMUSG00000055538	-	Zcchc24	341
342	Gm27185	chr14	25809635	25809881	processed_pseudogene	ENSMUSG00000099057	-	Gm27185	342
343	Anxa11	chr14	25842156	25886804	protein_coding	ENSMUSG00000021866	+	Anxa11	343
344	Anxa11os	chr14	25856777	25870266	lncRNA	ENSMUSG00000098609	-	Anxa11os	344
345	Duxbl1	chr14	25978577	25990088	protein_coding	ENSMUSG00000048502	+	Duxbl1	345
346	Cphx3	chr14	26082297	26235744	protein_coding	ENSMUSG00000094817	+	Cphx3	346
347	Gm2274	chr14	26156036	26163648	unprocessed_pseudogene	ENSMUSG00000098369	+	Gm2274	347
348	Gm18578	chr14	26302705	26304913	processed_pseudogene	ENSMUSG00000114921	+	Gm18578	348
349	Gm34059	chr14	26315011	26324954	lncRNA	ENSMUSG00000114753	-	Gm34059	349
350	4933413J09Rik	chr14	26356574	26400456	lncRNA	ENSMUSG00000021874	+	4933413J09Rik	350
351	Slmapos2	chr14	26389199	26395521	lncRNA	ENSMUSG00000090104	+	Slmapos2	351
352	Slmap	chr14	26413168	26534931	protein_coding	ENSMUSG00000021870	-	Slmap	352
353	Gm24031	chr14	26497655	26497785	snoRNA	ENSMUSG00000065864	+	Gm24031	353
354	Dennd6a	chr14	26573856	26634322	protein_coding	ENSMUSG00000040818	+	Dennd6a	354
355	Arf4os	chr14	26628407	26638183	lncRNA	ENSMUSG00000090861	-	Arf4os	355
356	Arf4	chr14	26638074	26665084	protein_coding	ENSMUSG00000021877	+	Arf4	356
357	Pde12	chr14	26659958	26669883	protein_coding	ENSMUSG00000043702	-	Pde12	357
358	9930004E17Rik	chr14	26670010	26670507	lncRNA	ENSMUSG00000096052	+	9930004E17Rik	358
359	Dnah12	chr14	26693274	26891703	protein_coding	ENSMUSG00000021879	+	Dnah12	359
360	Asb14	chr14	26894557	26915258	protein_coding	ENSMUSG00000021898	+	Asb14	360
361	Appl1	chr14	26918988	26971232	protein_coding	ENSMUSG00000040760	-	Appl1	361
362	Gm41115	chr14	26926455	26926762	processed_pseudogene	ENSMUSG00000114785	+	Gm41115	362
363	Hesx1	chr14	26994416	27002329	protein_coding	ENSMUSG00000040726	+	Hesx1	363
364	Il17rd	chr14	27038941	27107286	protein_coding	ENSMUSG00000040717	+	Il17rd	364
365	Arhgef3	chr14	27114899	27403911	protein_coding	ENSMUSG00000021895	+	Arhgef3	365
366	Gm49616	chr14	27238062	27240494	TEC	ENSMUSG00000114888	+	Gm49616	366
367	Gm23633	chr14	27380732	27380850	miRNA	ENSMUSG00000093034	-	Gm23633	367
368	Tasor	chr14	27428834	27483555	protein_coding	ENSMUSG00000040651	+	Tasor	368
369	Ccdc66	chr14	27481090	27508460	protein_coding	ENSMUSG00000046753	-	Ccdc66	369
370	Gm22485	chr14	27489269	27489377	snRNA	ENSMUSG00000088615	+	Gm22485	370
371	Gm7604	chr14	27551191	27552158	processed_pseudogene	ENSMUSG00000114482	-	Gm7604	371
372	Erc2	chr14	27622428	28478537	protein_coding	ENSMUSG00000040640	+	Erc2	372
373	Gm18398	chr14	27714377	27715877	processed_pseudogene	ENSMUSG00000114653	+	Gm18398	373
374	Gm45645	chr14	27838165	27876217	lncRNA	ENSMUSG00000109849	-	Gm45645	374
375	Gm20242	chr14	28415997	28417851	TEC	ENSMUSG00000114503	+	Gm20242	375
376	Wnt5a	chr14	28504750	28527448	protein_coding	ENSMUSG00000021994	+	Wnt5a	376
377	Gm2670	chr14	28508074	28511392	lncRNA	ENSMUSG00000097002	-	Gm2670	377
378	Gm35164	chr14	28649672	28699011	lncRNA	ENSMUSG00000114818	+	Gm35164	378
379	Gm18079	chr14	28724375	28725259	processed_pseudogene	ENSMUSG00000114201	+	Gm18079	379
380	Gm35217	chr14	28777427	28798421	lncRNA	ENSMUSG00000114577	-	Gm35217	380
381	Cacna2d3	chr14	28904943	29721864	protein_coding	ENSMUSG00000021991	-	Cacna2d3	381
382	Lrtm1	chr14	29018208	29033645	protein_coding	ENSMUSG00000045776	+	Lrtm1	382
383	Gm48004	chr14	29081302	29083805	lncRNA	ENSMUSG00000114595	+	Gm48004	383
384	Gm6043	chr14	29217639	29218130	processed_pseudogene	ENSMUSG00000075245	+	Gm6043	384
385	Gm48006	chr14	29235227	29257521	lncRNA	ENSMUSG00000114760	+	Gm48006	385
386	Gm48005	chr14	29270287	29270467	processed_pseudogene	ENSMUSG00000114758	+	Gm48005	386
387	Gm48003	chr14	29574697	29593304	lncRNA	ENSMUSG00000114704	+	Gm48003	387
388	Gm48058	chr14	29732366	29733395	lncRNA	ENSMUSG00000114570	-	Gm48058	388
389	Gm41118	chr14	29735344	29745625	lncRNA	ENSMUSG00000114815	+	Gm41118	389
390	Gm35281	chr14	29786828	29852408	lncRNA	ENSMUSG00000114774	-	Gm35281	390
391	Gm7633	chr14	29902950	29907588	transcribed_processed_pseudogene	ENSMUSG00000114606	+	Gm7633	391
392	Gm47414	chr14	29958071	29961381	lncRNA	ENSMUSG00000114424	-	Gm47414	392
393	Selenok	chr14	29968308	29975662	protein_coding	ENSMUSG00000042682	+	Selenok	393
394	Actr8	chr14	29978337	30006354	protein_coding	ENSMUSG00000015971	+	Actr8	394
395	Il17rb	chr14	29996135	30008896	protein_coding	ENSMUSG00000015966	-	Il17rb	395
396	Chdh	chr14	30009023	30040527	protein_coding	ENSMUSG00000015970	+	Chdh	396
397	Gm18760	chr14	30027687	30028351	processed_pseudogene	ENSMUSG00000114705	-	Gm18760	397
398	Cacna1d	chr14	30039939	30491455	protein_coding	ENSMUSG00000015968	-	Cacna1d	398
399	CT009536.1	chr14	30094762	30101557	lncRNA	ENSMUSG00000118437	+	CT009536.1	399
400	Gm47570	chr14	30207738	30208219	processed_pseudogene	ENSMUSG00000114650	+	Gm47570	400
401	Gm18072	chr14	30383803	30384354	processed_pseudogene	ENSMUSG00000114670	-	Gm18072	401
402	Gm47576	chr14	30397994	30398443	processed_pseudogene	ENSMUSG00000114386	+	Gm47576	402
403	Dcp1a	chr14	30479535	30527063	protein_coding	ENSMUSG00000021962	+	Dcp1a	403
404	Tkt	chr14	30548359	30574720	protein_coding	ENSMUSG00000021957	+	Tkt	404
405	Mir3076	chr14	30572149	30572208	miRNA	ENSMUSG00000093156	+	Mir3076	405
406	Prkcd	chr14	30595354	30626210	protein_coding	ENSMUSG00000021948	-	Prkcd	406
407	Gm7644	chr14	30636160	30654077	lncRNA	ENSMUSG00000114553	+	Gm7644	407
408	Rft1	chr14	30654360	30691317	protein_coding	ENSMUSG00000052395	+	Rft1	408
409	Sfmbt1	chr14	30714849	30822721	protein_coding	ENSMUSG00000006527	+	Sfmbt1	409
410	1700087M22Rik	chr14	30770681	30778004	lncRNA	ENSMUSG00000115723	-	1700087M22Rik	410
411	Stimate	chr14	30825590	30877210	protein_coding	ENSMUSG00000006526	+	Stimate	411
412	Mustn1	chr14	30879200	30881610	protein_coding	ENSMUSG00000042485	+	Mustn1	412
413	Itih4	chr14	30886476	30902353	protein_coding	ENSMUSG00000021922	+	Itih4	413
414	Itih3	chr14	30908572	30923760	protein_coding	ENSMUSG00000006522	-	Itih3	414
415	Itih1	chr14	30929180	30943289	protein_coding	ENSMUSG00000006529	-	Itih1	415
416	Nek4	chr14	30951377	30988821	protein_coding	ENSMUSG00000021918	+	Nek4	416
417	Spcs1	chr14	30999826	31001672	protein_coding	ENSMUSG00000021917	-	Spcs1	417
418	Glt8d1	chr14	31001400	31011991	protein_coding	ENSMUSG00000021916	+	Glt8d1	418
419	Gnl3	chr14	31012433	31019152	protein_coding	ENSMUSG00000042354	-	Gnl3	419
420	Snord69	chr14	31014287	31014366	snoRNA	ENSMUSG00000077212	-	Snord69	420
421	Gm24916	chr14	31015148	31015226	snoRNA	ENSMUSG00000087912	-	Gm24916	421
422	Snord19	chr14	31016206	31016281	snoRNA	ENSMUSG00000077797	-	Snord19	422
423	Pbrm1	chr14	31019138	31121592	protein_coding	ENSMUSG00000042323	+	Pbrm1	423
424	Gm49094	chr14	31042317	31043120	processed_pseudogene	ENSMUSG00000115412	-	Gm49094	424
425	Gm5459	chr14	31076638	31077435	processed_pseudogene	ENSMUSG00000090305	-	Gm5459	425
426	Smim4	chr14	31088132	31128956	protein_coding	ENSMUSG00000058351	-	Smim4	426
427	Nt5dc2	chr14	31131053	31139124	protein_coding	ENSMUSG00000071547	+	Nt5dc2	427
428	Stab1	chr14	31139013	31168641	protein_coding	ENSMUSG00000042286	-	Stab1	428
429	Nisch	chr14	31170930	31216946	protein_coding	ENSMUSG00000021910	-	Nisch	429
430	Tnnc1	chr14	31208312	31211729	protein_coding	ENSMUSG00000091898	+	Tnnc1	430
431	Sema3g	chr14	31217860	31230352	protein_coding	ENSMUSG00000021904	+	Sema3g	431
432	Phf7	chr14	31237689	31251317	protein_coding	ENSMUSG00000021902	-	Phf7	432
433	Bap1	chr14	31251450	31259944	protein_coding	ENSMUSG00000021901	+	Bap1	433
434	Dnah1	chr14	31260375	31323896	protein_coding	ENSMUSG00000019027	-	Dnah1	434
435	Gm35823	chr14	31268757	31320941	lncRNA	ENSMUSG00000115311	+	Gm35823	435
436	Gm49217	chr14	31323955	31336076	lncRNA	ENSMUSG00000115468	+	Gm49217	436
437	Capn7	chr14	31336638	31371986	protein_coding	ENSMUSG00000021893	+	Capn7	437
438	Sh3bp5	chr14	31359880	31436078	protein_coding	ENSMUSG00000021892	-	Sh3bp5	438
439	Gm49252	chr14	31458828	31459225	processed_pseudogene	ENSMUSG00000115283	-	Gm49252	439
440	Mettl6	chr14	31473578	31495040	protein_coding	ENSMUSG00000021891	-	Mettl6	440
441	Eaf1	chr14	31494399	31509858	protein_coding	ENSMUSG00000021890	+	Eaf1	441
442	Gm49270	chr14	31511348	31512151	TEC	ENSMUSG00000115102	+	Gm49270	442
443	Colq	chr14	31523082	31591343	protein_coding	ENSMUSG00000057606	-	Colq	443
444	Gm24057	chr14	31536957	31537258	misc_RNA	ENSMUSG00000089241	-	Gm24057	444
445	Gm49387	chr14	31552905	31640878	protein_coding	ENSMUSG00000115022	-	Gm49387	445
446	Hacl1	chr14	31598730	31641286	protein_coding	ENSMUSG00000021884	-	Hacl1	446
447	Btd	chr14	31641028	31668579	protein_coding	ENSMUSG00000021900	+	Btd	447
448	Ankrd28	chr14	31698768	31830651	protein_coding	ENSMUSG00000014496	-	Ankrd28	448
449	Gm49308	chr14	31750803	31754414	TEC	ENSMUSG00000115210	-	Gm49308	449
450	Gm49309	chr14	31801559	31803411	transcribed_processed_pseudogene	ENSMUSG00000115812	+	Gm49309	450
451	D830044D21Rik	chr14	31906528	31931716	lncRNA	ENSMUSG00000046005	+	D830044D21Rik	451
452	4930425P05Rik	chr14	32012141	32013002	lncRNA	ENSMUSG00000115120	-	4930425P05Rik	452
453	Galnt15	chr14	32028989	32062197	protein_coding	ENSMUSG00000021903	+	Galnt15	453
454	Dph3	chr14	32080566	32085729	protein_coding	ENSMUSG00000021905	-	Dph3	454
455	Oxnad1	chr14	32085374	32103202	protein_coding	ENSMUSG00000021906	+	Oxnad1	455
456	Msmb	chr14	32142023	32158370	protein_coding	ENSMUSG00000021907	+	Msmb	456
457	Gm18909	chr14	32154748	32156071	processed_pseudogene	ENSMUSG00000115760	-	Gm18909	457
458	Ncoa4	chr14	32159865	32179855	protein_coding	ENSMUSG00000056234	+	Ncoa4	458
459	Timm23	chr14	32180162	32201898	protein_coding	ENSMUSG00000013701	-	Timm23	459
460	Gm23946	chr14	32191854	32192050	snoRNA	ENSMUSG00000077611	-	Gm23946	460
461	Parg	chr14	32201949	32297550	protein_coding	ENSMUSG00000021911	+	Parg	461
462	Gm49196	chr14	32230846	32231443	processed_pseudogene	ENSMUSG00000115833	+	Gm49196	462
463	Gm7707	chr14	32266593	32267748	processed_pseudogene	ENSMUSG00000091570	-	Gm7707	463
464	Gm17210	chr14	32292924	32294974	lncRNA	ENSMUSG00000090459	-	Gm17210	464
465	Gm46447	chr14	32301924	32308895	lncRNA	ENSMUSG00000115813	+	Gm46447	465
466	Gm48914	chr14	32303662	32317985	lncRNA	ENSMUSG00000115691	-	Gm48914	466
467	Ogdhl	chr14	32322019	32348151	protein_coding	ENSMUSG00000021913	+	Ogdhl	467
468	1700024G13Rik	chr14	32376068	32388391	protein_coding	ENSMUSG00000072473	-	1700024G13Rik	468
469	Chat	chr14	32408203	32465989	protein_coding	ENSMUSG00000021919	-	Chat	469
470	Slc18a3	chr14	32462438	32464850	protein_coding	ENSMUSG00000100241	-	Slc18a3	470
471	Gm2990	chr14	32465042	32483548	lncRNA	ENSMUSG00000097794	+	Gm2990	471
472	Ercc6	chr14	32513521	32580990	protein_coding	ENSMUSG00000054051	+	Ercc6	472
473	Gm49743	chr14	32595333	32598118	TEC	ENSMUSG00000115281	+	Gm49743	473
474	Prrxl1	chr14	32599407	32649246	protein_coding	ENSMUSG00000041730	+	Prrxl1	474
475	3425401B19Rik	chr14	32659119	32685293	protein_coding	ENSMUSG00000071540	-	3425401B19Rik	475
476	Gm28651	chr14	32685648	32689250	lncRNA	ENSMUSG00000101086	+	Gm28651	476
477	Tmem273	chr14	32785963	32817984	protein_coding	ENSMUSG00000041707	+	Tmem273	477
478	Vstm4	chr14	32856756	32939491	protein_coding	ENSMUSG00000050666	+	Vstm4	478
479	Wdfy4	chr14	32959547	33185508	protein_coding	ENSMUSG00000051506	-	Wdfy4	479
480	Lrrc18	chr14	32991382	33015291	protein_coding	ENSMUSG00000041673	+	Lrrc18	480
481	Arhgap22	chr14	33214026	33369934	protein_coding	ENSMUSG00000063506	+	Arhgap22	481
482	Gm49030	chr14	33218044	33220931	lncRNA	ENSMUSG00000115597	-	Gm49030	482
483	Gm15512	chr14	33365951	33370143	lncRNA	ENSMUSG00000087639	-	Gm15512	483
484	Mapk8	chr14	33377898	33447158	protein_coding	ENSMUSG00000021936	-	Mapk8	484
485	Gm49037	chr14	33428642	33429025	processed_pseudogene	ENSMUSG00000115248	-	Gm49037	485
486	Frmpd2	chr14	33471696	33575269	protein_coding	ENSMUSG00000108841	+	Frmpd2	486
487	Ptpn20	chr14	33589207	33640754	protein_coding	ENSMUSG00000021940	+	Ptpn20	487
488	Gdf10	chr14	33923587	33937983	protein_coding	ENSMUSG00000021943	+	Gdf10	488
489	Gdf2	chr14	33941039	33947198	protein_coding	ENSMUSG00000072625	+	Gdf2	489
490	Zfp488	chr14	33967070	33978764	protein_coding	ENSMUSG00000044519	-	Zfp488	490
491	Gm30083	chr14	33988417	34015182	protein_coding	ENSMUSG00000115726	-	Gm30083	491
492	Gm5460	chr14	34016758	34048193	protein_coding	ENSMUSG00000072624	+	Gm5460	492
493	A630023A22Rik	chr14	34051126	34102754	protein_coding	ENSMUSG00000095493	-	A630023A22Rik	493
494	Antxrl	chr14	34052707	34076405	protein_coding	ENSMUSG00000047441	+	Antxrl	494
495	Anxa8	chr14	34085981	34100571	protein_coding	ENSMUSG00000021950	+	Anxa8	495
496	Gm30556	chr14	34119596	34120861	lncRNA	ENSMUSG00000115180	+	Gm30556	496
497	Gm7778	chr14	34139448	34139815	processed_pseudogene	ENSMUSG00000115101	+	Gm7778	497
498	Npy4r	chr14	34143992	34152489	protein_coding	ENSMUSG00000048337	-	Npy4r	498
499	Rpl23a-ps3	chr14	34170655	34171122	processed_pseudogene	ENSMUSG00000078126	+	Rpl23a-ps3	499
500	Gm18884	chr14	34175731	34176309	processed_pseudogene	ENSMUSG00000115673	-	Gm18884	500
501	Gprin2	chr14	34185688	34201653	protein_coding	ENSMUSG00000071531	-	Gprin2	501
502	Syt15	chr14	34219595	34230420	protein_coding	ENSMUSG00000041479	+	Syt15	502
503	Gm49201	chr14	34230619	34231728	lncRNA	ENSMUSG00000115124	-	Gm49201	503
504	Shld2	chr14	34237033	34310493	protein_coding	ENSMUSG00000041471	-	Shld2	504
505	Gm18813	chr14	34260332	34261683	processed_pseudogene	ENSMUSG00000115649	+	Gm18813	505
506	Glud1	chr14	34310727	34345265	protein_coding	ENSMUSG00000021794	+	Glud1	506
507	Gm3219	chr14	34345281	34345583	processed_pseudogene	ENSMUSG00000115431	+	Gm3219	507
508	Fam25c	chr14	34351881	34355433	protein_coding	ENSMUSG00000043681	-	Fam25c	508
509	Mmrn2	chr14	34375465	34404287	protein_coding	ENSMUSG00000041445	+	Mmrn2	509
510	Bmpr1a	chr14	34410734	34503341	protein_coding	ENSMUSG00000021796	-	Bmpr1a	510
511	Gm17110	chr14	34501715	34502684	lncRNA	ENSMUSG00000090779	+	Gm17110	511
512	9230112D13Rik	chr14	34511621	34522801	protein_coding	ENSMUSG00000021797	-	9230112D13Rik	512
513	Gm48953	chr14	34516195	34516676	processed_pseudogene	ENSMUSG00000115582	+	Gm48953	513
514	Ldb3	chr14	34526603	34588682	protein_coding	ENSMUSG00000021798	-	Ldb3	514
515	Opn4	chr14	34590618	34600142	protein_coding	ENSMUSG00000021799	-	Opn4	515
516	Gm49012	chr14	34591092	34605700	lncRNA	ENSMUSG00000115509	+	Gm49012	516
517	Gm49025	chr14	34668031	34668339	lncRNA	ENSMUSG00000115451	-	Gm49025	517
518	5830448L01Rik	chr14	34672465	34673763	lncRNA	ENSMUSG00000115007	-	5830448L01Rik	518
519	Wapl	chr14	34673928	34747983	protein_coding	ENSMUSG00000041408	+	Wapl	519
520	A930038B10Rik	chr14	34759402	34770553	lncRNA	ENSMUSG00000097310	+	A930038B10Rik	520
521	Gm49032	chr14	34768956	34770055	lncRNA	ENSMUSG00000115109	-	Gm49032	521
522	Grid1	chr14	34820108	35583379	protein_coding	ENSMUSG00000041078	+	Grid1	522
523	Mir346	chr14	34894609	34894706	miRNA	ENSMUSG00000065481	+	Mir346	523
524	Gm19016	chr14	35548132	35549126	processed_pseudogene	ENSMUSG00000115277	-	Gm19016	524
525	4930596D02Rik	chr14	35809488	35811978	protein_coding	ENSMUSG00000041068	-	4930596D02Rik	525
526	Gm49039	chr14	35820609	35821060	processed_pseudogene	ENSMUSG00000115375	+	Gm49039	526
527	Gm46474	chr14	36013948	36015385	unprocessed_pseudogene	ENSMUSG00000115237	+	Gm46474	527
528	Gm7853	chr14	36089359	36090816	unprocessed_pseudogene	ENSMUSG00000072616	-	Gm7853	528
529	4930474N05Rik	chr14	36094917	36100114	protein_coding	ENSMUSG00000096405	+	4930474N05Rik	529
530	Gm48663	chr14	36231441	36232041	processed_pseudogene	ENSMUSG00000114494	-	Gm48663	530
531	Gm17940	chr14	36619278	36620087	processed_pseudogene	ENSMUSG00000114779	+	Gm17940	531
532	Ccser2	chr14	36874936	36968777	protein_coding	ENSMUSG00000058690	-	Ccser2	532
533	Rgr	chr14	37034909	37048964	protein_coding	ENSMUSG00000021804	-	Rgr	533
534	Lrit1	chr14	37054830	37064946	protein_coding	ENSMUSG00000041044	+	Lrit1	534
535	Lrit2	chr14	37067929	37073743	protein_coding	ENSMUSG00000043418	+	Lrit2	535
536	Cdhr1	chr14	37077857	37098347	protein_coding	ENSMUSG00000021803	-	Cdhr1	536
537	2610528A11Rik	chr14	37102140	37114022	protein_coding	ENSMUSG00000096001	-	2610528A11Rik	537
538	Ghitm	chr14	37120092	37135272	protein_coding	ENSMUSG00000041028	-	Ghitm	538
539	Gm22469	chr14	37224869	37225001	snoRNA	ENSMUSG00000077306	+	Gm22469	539
540	Gm47971	chr14	37465822	37467898	TEC	ENSMUSG00000114741	-	Gm47971	540
541	Gm31393	chr14	37601107	37606788	lncRNA	ENSMUSG00000114334	-	Gm31393	541
542	Gm5204	chr14	37911848	37912698	processed_pseudogene	ENSMUSG00000114227	-	Gm5204	542
543	Gm47974	chr14	38047983	38051136	processed_pseudogene	ENSMUSG00000114339	+	Gm47974	543
544	Gm18523	chr14	38074111	38074901	processed_pseudogene	ENSMUSG00000114450	+	Gm18523	544
545	Gm31456	chr14	38317904	38337126	lncRNA	ENSMUSG00000114219	+	Gm31456	545
546	Nrg3	chr14	38368952	39473088	protein_coding	ENSMUSG00000041014	-	Nrg3	546
547	Gm20641	chr14	38522049	38532311	lncRNA	ENSMUSG00000093556	+	Gm20641	547
548	Nrg3os	chr14	38898302	38958794	lncRNA	ENSMUSG00000093528	+	Nrg3os	548
549	Gm20642	chr14	39220071	39250430	lncRNA	ENSMUSG00000093383	+	Gm20642	549
550	1700109I08Rik	chr14	39655663	39685293	lncRNA	ENSMUSG00000101261	+	1700109I08Rik	550
551	Eif1-ps1	chr14	40006220	40006549	processed_pseudogene	ENSMUSG00000074553	+	Eif1-ps1	551
552	Gm4817	chr14	40294120	40295530	processed_pseudogene	ENSMUSG00000114862	-	Gm4817	552
553	Gm5205	chr14	40557238	40558240	processed_pseudogene	ENSMUSG00000098169	+	Gm5205	553
554	Gm48040	chr14	40747227	40748499	processed_pseudogene	ENSMUSG00000114933	+	Gm48040	554
555	Sh2d4b	chr14	40813789	40893266	protein_coding	ENSMUSG00000037833	-	Sh2d4b	555
556	Tspan14	chr14	40906445	40966807	protein_coding	ENSMUSG00000037824	-	Tspan14	556
557	Prxl2a	chr14	40993740	41013788	protein_coding	ENSMUSG00000021792	-	Prxl2a	557
558	Dydc2	chr14	41049117	41069208	protein_coding	ENSMUSG00000021791	-	Dydc2	558
559	Dydc1	chr14	41072911	41092197	protein_coding	ENSMUSG00000021790	+	Dydc1	559
560	Mat1a	chr14	41105035	41124412	protein_coding	ENSMUSG00000037798	+	Mat1a	560
561	Sftpa1	chr14	41131782	41136452	protein_coding	ENSMUSG00000021789	+	Sftpa1	561
562	Gm7920	chr14	41148912	41149104	processed_pseudogene	ENSMUSG00000114782	+	Gm7920	562
563	Mbl1	chr14	41151458	41159601	protein_coding	ENSMUSG00000037780	+	Mbl1	563
564	Sftpd	chr14	41172214	41185149	protein_coding	ENSMUSG00000021795	-	Sftpd	564
565	Gm2832	chr14	41278805	41288815	protein_coding	ENSMUSG00000091110	+	Gm2832	565
566	Gm9671	chr14	41307354	41309643	unprocessed_pseudogene	ENSMUSG00000091808	-	Gm9671	566
567	Gm2855	chr14	41370175	41372374	unprocessed_pseudogene	ENSMUSG00000091847	-	Gm2855	567
568	Gm7945	chr14	41381628	41386379	protein_coding	ENSMUSG00000091131	-	Gm7945	568
569	Gm6482	chr14	41402885	41408281	protein_coding	ENSMUSG00000092142	-	Gm6482	569
570	Gm7954	chr14	41448203	41453518	protein_coding	ENSMUSG00000093863	-	Gm7954	570
571	Gm2878	chr14	41473616	41475917	unprocessed_pseudogene	ENSMUSG00000091016	-	Gm2878	571
572	Gm3486	chr14	41484232	41489485	protein_coding	ENSMUSG00000090505	-	Gm3486	572
573	Gm6490	chr14	41517217	41519215	unprocessed_pseudogene	ENSMUSG00000079266	+	Gm6490	573
574	Gm17061	chr14	41538031	41540815	unprocessed_pseudogene	ENSMUSG00000090519	-	Gm17061	574
575	1700049E17Rik2	chr14	41573211	41581305	protein_coding	ENSMUSG00000090440	+	1700049E17Rik2	575
576	Gm17159	chr14	41608857	41611107	unprocessed_pseudogene	ENSMUSG00000091470	-	Gm17159	576
577	Gm3072	chr14	41619286	41624612	protein_coding	ENSMUSG00000091657	-	Gm3072	577
578	Gm3077	chr14	41631680	41633816	unprocessed_pseudogene	ENSMUSG00000091146	-	Gm3077	578
579	Gm3676	chr14	41641179	41646487	protein_coding	ENSMUSG00000079269	-	Gm3676	579
580	Gm8068	chr14	41696393	41701885	protein_coding	ENSMUSG00000095518	-	Gm8068	580
581	Gm7929	chr14	41745917	41750614	protein_coding	ENSMUSG00000091740	-	Gm7929	581
582	Gm47189	chr14	41767172	41772441	protein_coding	ENSMUSG00000114852	-	Gm47189	582
583	Gm17062	chr14	41889687	41892459	unprocessed_pseudogene	ENSMUSG00000092027	-	Gm17062	583
584	1700024B05Rik	chr14	41943995	42003821	protein_coding	ENSMUSG00000052334	+	1700024B05Rik	584
585	Gm9890	chr14	41946433	41948671	unprocessed_pseudogene	ENSMUSG00000052790	-	Gm9890	585
586	Gm6401	chr14	41962708	41967927	protein_coding	ENSMUSG00000095044	-	Gm6401	586
587	Gm3543	chr14	41977873	41983325	protein_coding	ENSMUSG00000093945	-	Gm3543	587
588	1700091H14Rik	chr14	42089750	42095277	transcribed_processed_pseudogene	ENSMUSG00000090462	-	1700091H14Rik	588
589	Gm7951	chr14	42111963	42117369	protein_coding	ENSMUSG00000095490	-	Gm7951	589
590	Gm17027	chr14	42157290	42162622	protein_coding	ENSMUSG00000093926	-	Gm17027	590
591	Gm17166	chr14	42175704	42178006	unprocessed_pseudogene	ENSMUSG00000090476	-	Gm17166	591
592	Gm3573	chr14	42185391	42190791	protein_coding	ENSMUSG00000091792	-	Gm3573	592
593	Gm17165	chr14	42218285	42220283	unprocessed_pseudogene	ENSMUSG00000079273	+	Gm17165	593
594	Gm25208	chr14	42274419	42274539	miRNA	ENSMUSG00000096309	-	Gm25208	594
595	Gm9611	chr14	42291907	42297358	protein_coding	ENSMUSG00000095371	-	Gm9611	595
596	Gm7995	chr14	42310210	42325394	protein_coding	ENSMUSG00000094157	+	Gm7995	596
597	Gm2959	chr14	42411451	42414526	unprocessed_pseudogene	ENSMUSG00000090731	+	Gm2959	597
598	Gm8005	chr14	42434156	42439673	protein_coding	ENSMUSG00000092148	-	Gm8005	598
599	Gm8011	chr14	42463881	42472122	protein_coding	ENSMUSG00000094954	+	Gm8011	599
600	Gm8020	chr14	42496884	42502349	protein_coding	ENSMUSG00000090690	-	Gm8020	600
601	Gm8024	chr14	42518878	42524282	protein_coding	ENSMUSG00000095318	-	Gm8024	601
602	Gm8032	chr14	42557051	42560015	unprocessed_pseudogene	ENSMUSG00000091788	+	Gm8032	602
603	Gm17124	chr14	42594502	42599882	protein_coding	ENSMUSG00000091140	-	Gm17124	603
604	Gm17162	chr14	42685234	42687469	unprocessed_pseudogene	ENSMUSG00000090975	-	Gm17162	604
605	Gm17161	chr14	42752315	42754334	unprocessed_pseudogene	ENSMUSG00000091741	-	Gm17161	605
606	Gm3025	chr14	42782883	42785217	unprocessed_pseudogene	ENSMUSG00000090333	-	Gm3025	606
607	Gm10377	chr14	42792568	42797987	protein_coding	ENSMUSG00000095226	-	Gm10377	607
608	Gm7152	chr14	42825371	42828470	unprocessed_pseudogene	ENSMUSG00000079272	+	Gm7152	608
609	Gm21977	chr14	42847980	42853477	protein_coding	ENSMUSG00000094804	-	Gm21977	609
610	Gm3111	chr14	43000499	43002836	unprocessed_pseudogene	ENSMUSG00000091286	-	Gm3111	610
611	Gm10376	chr14	43010188	43015628	protein_coding	ENSMUSG00000072605	-	Gm10376	611
612	Gm6536	chr14	43042970	43045946	unprocessed_pseudogene	ENSMUSG00000090396	+	Gm6536	612
613	Gm3123	chr14	43060214	43062467	unprocessed_pseudogene	ENSMUSG00000091961	-	Gm3123	613
614	Gm8094	chr14	43071142	43076643	protein_coding	ENSMUSG00000091733	-	Gm8094	614
615	Gm49873	chr14	43089445	43109217	transcribed_processed_pseudogene	ENSMUSG00000114317	+	Gm49873	615
616	Gm8104	chr14	43100601	43115190	protein_coding	ENSMUSG00000096446	+	Gm8104	616
617	Cdv3-ps	chr14	43120937	43122471	processed_pseudogene	ENSMUSG00000090389	-	Cdv3-ps	617
618	Gm49135	chr14	43131404	43146687	lncRNA	ENSMUSG00000115262	+	Gm49135	618
619	Gm49141	chr14	43168628	43178007	transcribed_processed_pseudogene	ENSMUSG00000114619	+	Gm49141	619
620	Gm7233	chr14	43179867	43187988	protein_coding	ENSMUSG00000094151	+	Gm7233	620
621	Gm7316	chr14	43211909	43214147	unprocessed_pseudogene	ENSMUSG00000090385	-	Gm7316	621
622	Gm8122	chr14	43229832	43235304	protein_coding	ENSMUSG00000094784	-	Gm8122	622
623	Gm49146	chr14	43250590	43258804	transcribed_unprocessed_pseudogene	ENSMUSG00000114544	+	Gm49146	623
624	Gm8126	chr14	43258649	43266799	protein_coding	ENSMUSG00000090634	+	Gm8126	624
625	Gm9732	chr14	43275036	43306011	protein_coding	ENSMUSG00000115483	+	Gm9732	625
626	Gm17153	chr14	43277419	43279645	unprocessed_pseudogene	ENSMUSG00000091815	-	Gm17153	626
627	Gm8127	chr14	43288312	43293832	protein_coding	ENSMUSG00000090713	-	Gm8127	627
628	Gm17155	chr14	43318175	43320397	unprocessed_pseudogene	ENSMUSG00000091832	-	Gm17155	628
629	1700001F09Rik	chr14	43342383	43347811	protein_coding	ENSMUSG00000095384	-	1700001F09Rik	629
630	Gm9597	chr14	43386214	43394024	transcribed_unprocessed_pseudogene	ENSMUSG00000090788	+	Gm9597	630
631	Gm5799	chr14	43543576	43551213	protein_coding	ENSMUSG00000091477	+	Gm5799	631
632	Gm17654	chr14	43573843	43579146	protein_coding	ENSMUSG00000095743	-	Gm17654	632
633	Gm3221	chr14	43593005	43595276	unprocessed_pseudogene	ENSMUSG00000090681	-	Gm3221	633
634	Gm10375	chr14	43602627	43608013	protein_coding	ENSMUSG00000095528	-	Gm10375	634
635	Gm21154	chr14	43646251	43673065	lncRNA	ENSMUSG00000115050	+	Gm21154	635
636	Gm8165	chr14	43671962	43677199	protein_coding	ENSMUSG00000093968	-	Gm8165	636
637	Gm7324	chr14	43697828	43715378	protein_coding	ENSMUSG00000049235	+	Gm7324	637
638	Gm9672	chr14	43700269	43702426	unprocessed_pseudogene	ENSMUSG00000091990	-	Gm9672	638
639	Gm17208	chr14	43713383	43715579	processed_pseudogene	ENSMUSG00000091216	+	Gm17208	639
640	Gm49078	chr14	43730063	43731362	unprocessed_pseudogene	ENSMUSG00000115394	+	Gm49078	640
641	Gm49080	chr14	43736459	43736660	unprocessed_pseudogene	ENSMUSG00000115675	+	Gm49080	641
642	Gm6526	chr14	43747866	43755948	protein_coding	ENSMUSG00000091698	+	Gm6526	642
643	Gm49965	chr14	43762152	43909143	lncRNA	ENSMUSG00000115272	+	Gm49965	643
644	Gm9587	chr14	43768934	43771115	unprocessed_pseudogene	ENSMUSG00000091911	-	Gm9587	644
645	Gm8180	chr14	43779488	43784745	protein_coding	ENSMUSG00000091584	-	Gm8180	645
646	Gm49082	chr14	43787317	43788616	unprocessed_pseudogene	ENSMUSG00000115619	+	Gm49082	646
647	Gm49083	chr14	43804696	43812383	lncRNA	ENSMUSG00000115354	-	Gm49083	647
648	Ear1	chr14	43818765	43875517	protein_coding	ENSMUSG00000072601	-	Ear1	648
649	Gm8113	chr14	43925390	43933411	protein_coding	ENSMUSG00000089901	+	Gm8113	649
650	Ang5	chr14	43957069	43963072	protein_coding	ENSMUSG00000053961	+	Ang5	650
651	Gm49087	chr14	43979713	43987466	lncRNA	ENSMUSG00000115724	-	Gm49087	651
652	Gm3287	chr14	44026002	44037526	lncRNA	ENSMUSG00000090249	-	Gm3287	652
653	Gm49101	chr14	44092634	44103915	lncRNA	ENSMUSG00000115794	-	Gm49101	653
654	Ear2	chr14	44102654	44103534	protein_coding	ENSMUSG00000072596	+	Ear2	654
655	Gm49102	chr14	44113360	44117887	transcribed_unprocessed_pseudogene	ENSMUSG00000115235	+	Gm49102	655
656	Gm18216	chr14	44120072	44121253	unprocessed_pseudogene	ENSMUSG00000115713	-	Gm18216	656
657	4930503E14Rik	chr14	44163169	44213254	protein_coding	ENSMUSG00000072595	-	4930503E14Rik	657
658	1700047E10Rik	chr14	44191607	44213237	lncRNA	ENSMUSG00000115294	-	1700047E10Rik	658
659	Gm8212	chr14	44197661	44203133	protein_coding	ENSMUSG00000094543	+	Gm8212	659
660	Gm32857	chr14	44226217	44315511	lncRNA	ENSMUSG00000115536	-	Gm32857	660
661	Gm49111	chr14	44275579	44275796	unprocessed_pseudogene	ENSMUSG00000115287	-	Gm49111	661
662	Gm8220	chr14	44285580	44291068	protein_coding	ENSMUSG00000091725	+	Gm8220	662
663	Gm5930	chr14	44330442	44338584	protein_coding	ENSMUSG00000079267	-	Gm5930	663
664	Gm8229	chr14	44365357	44370841	protein_coding	ENSMUSG00000090379	+	Gm8229	664
665	Gm3370	chr14	44379870	44382093	unprocessed_pseudogene	ENSMUSG00000092144	+	Gm3370	665
666	Gm3371	chr14	44402671	44410688	protein_coding	ENSMUSG00000090716	-	Gm3371	666
667	Gm8232	chr14	44433635	44439086	protein_coding	ENSMUSG00000091569	+	Gm8232	667
668	Gm49779	chr14	44440402	44452387	lncRNA	ENSMUSG00000115359	-	Gm49779	668
669	Gm21991	chr14	44447792	44450009	unprocessed_pseudogene	ENSMUSG00000096081	+	Gm21991	669
670	Gm17184	chr14	44472516	44535359	transcribed_unprocessed_pseudogene	ENSMUSG00000072574	-	Gm17184	670
671	BC061237	chr14	44492463	44506345	protein_coding	ENSMUSG00000072145	+	BC061237	671
672	Gm17093	chr14	44518276	44523444	protein_coding	ENSMUSG00000091429	+	Gm17093	672
673	AC160336.1	chr14	44544055	44637201	lncRNA	ENSMUSG00000115801	-	AC160336.1	673
674	Gm5624	chr14	44556795	44627938	protein_coding	ENSMUSG00000092165	-	Gm5624	674
675	Gm8247	chr14	44583153	44588402	protein_coding	ENSMUSG00000091122	+	Gm8247	675
676	Gm8256	chr14	44613533	44618904	transcribed_unprocessed_pseudogene	ENSMUSG00000091605	+	Gm8256	676
677	Gm9593	chr14	44623288	44625490	unprocessed_pseudogene	ENSMUSG00000090736	+	Gm9593	677
678	Gm8257	chr14	44649204	44706456	protein_coding	ENSMUSG00000079265	-	Gm8257	678
679	Gm6541	chr14	44701858	44704087	unprocessed_pseudogene	ENSMUSG00000091453	+	Gm6541	679
680	Gm8267	chr14	44716838	44750340	protein_coding	ENSMUSG00000091923	-	Gm8267	680
681	Gm34060	chr14	44750440	44767598	lncRNA	ENSMUSG00000115321	+	Gm34060	681
682	Gm17187	chr14	44777463	44779762	unprocessed_pseudogene	ENSMUSG00000091011	+	Gm17187	682
683	Gm49145	chr14	44821886	44834142	lncRNA	ENSMUSG00000115747	+	Gm49145	683
684	Ptgdr	chr14	44851235	44859375	protein_coding	ENSMUSG00000071489	-	Ptgdr	684
685	Gm16976	chr14	44858671	44974944	transcribed_unprocessed_pseudogene	ENSMUSG00000085500	+	Gm16976	685
686	4930431P03Rik	chr14	44955215	44961326	lncRNA	ENSMUSG00000075042	-	4930431P03Rik	686
687	Gm49364	chr14	44955217	44989699	lncRNA	ENSMUSG00000115344	-	Gm49364	687
688	Gm17173	chr14	44972268	45006900	lncRNA	ENSMUSG00000090709	-	Gm17173	688
689	Ptger2	chr14	44988195	45003820	protein_coding	ENSMUSG00000037759	+	Ptger2	689
690	Gm49180	chr14	45056497	45102094	lncRNA	ENSMUSG00000115735	-	Gm49180	690
691	Gm21010	chr14	45090615	45091900	processed_pseudogene	ENSMUSG00000114974	+	Gm21010	691
692	Gm49181	chr14	45113704	45114112	unprocessed_pseudogene	ENSMUSG00000115814	-	Gm49181	692
693	Gm49183	chr14	45114401	45114708	unprocessed_pseudogene	ENSMUSG00000115216	-	Gm49183	693
694	Txndc16	chr14	45133465	45220328	protein_coding	ENSMUSG00000021830	-	Txndc16	694
695	Gm15765	chr14	45211523	45212432	processed_pseudogene	ENSMUSG00000082463	+	Gm15765	695
696	Gpr137c	chr14	45219717	45282725	protein_coding	ENSMUSG00000049092	+	Gpr137c	696
697	Gm49194	chr14	45273250	45274723	lncRNA	ENSMUSG00000115373	+	Gm49194	697
698	Ero1l	chr14	45283087	45318771	protein_coding	ENSMUSG00000021831	-	Ero1l	698
699	Psmc6	chr14	45329788	45349705	protein_coding	ENSMUSG00000021832	+	Psmc6	699
700	Styx	chr14	45351093	45422820	protein_coding	ENSMUSG00000053205	+	Styx	700
701	Gnpnat1	chr14	45376334	45404913	protein_coding	ENSMUSG00000037722	-	Gnpnat1	701
702	Gm34250	chr14	45442754	45447073	lncRNA	ENSMUSG00000115209	-	Gm34250	702
703	Fermt2	chr14	45458795	45530118	protein_coding	ENSMUSG00000037712	-	Fermt2	703
704	Gm22637	chr14	45461363	45461645	misc_RNA	ENSMUSG00000088769	-	Gm22637	704
705	9630050E16Rik	chr14	45484645	45492085	TEC	ENSMUSG00000115275	-	9630050E16Rik	705
706	4930527F14Rik	chr14	45530358	45562933	lncRNA	ENSMUSG00000115324	+	4930527F14Rik	706
707	Gm41144	chr14	45541173	45543567	lncRNA	ENSMUSG00000115846	-	Gm41144	707
708	Gm5206	chr14	45546408	45558330	transcribed_processed_pseudogene	ENSMUSG00000115702	-	Gm5206	708
709	Gm49123	chr14	45551838	45554402	lncRNA	ENSMUSG00000115391	-	Gm49123	709
710	Gm15601	chr14	45563834	45598512	lncRNA	ENSMUSG00000085913	+	Gm15601	710
711	Gm49124	chr14	45565531	45586120	lncRNA	ENSMUSG00000115553	+	Gm49124	711
712	Ddhd1	chr14	45588467	45658143	protein_coding	ENSMUSG00000037697	-	Ddhd1	712
713	Gm49125	chr14	45612772	45614066	TEC	ENSMUSG00000115148	-	Gm49125	713
714	A530076I17Rik	chr14	45660770	45668498	lncRNA	ENSMUSG00000086124	-	A530076I17Rik	714
715	Gm7206	chr14	45704536	45713723	processed_pseudogene	ENSMUSG00000082475	+	Gm7206	715
716	Gm15218	chr14	45754689	45993170	lncRNA	ENSMUSG00000085866	+	Gm15218	716
717	Gm8317	chr14	45858076	45858546	processed_pseudogene	ENSMUSG00000084276	-	Gm8317	717
718	Gm49192	chr14	45944000	45991037	lncRNA	ENSMUSG00000115000	-	Gm49192	718
719	Gm6580	chr14	46027428	46028784	processed_pseudogene	ENSMUSG00000083169	+	Gm6580	719
720	Gm37257	chr14	46044460	46061149	TEC	ENSMUSG00000102763	-	Gm37257	720
721	Gm1821	chr14	46084028	46085000	transcribed_processed_pseudogene	ENSMUSG00000044285	+	Gm1821	721
722	Gm15217	chr14	46379414	46383608	protein_coding	ENSMUSG00000079261	+	Gm15217	722
723	Bmp4	chr14	46383520	46390669	protein_coding	ENSMUSG00000021835	-	Bmp4	723
724	Gm15222	chr14	46387519	46389282	lncRNA	ENSMUSG00000086746	+	Gm15222	724
725	Gm15221	chr14	46436855	46454535	lncRNA	ENSMUSG00000086168	+	Gm15221	725
726	Gm48911	chr14	46461162	46463520	lncRNA	ENSMUSG00000115296	-	Gm48911	726
727	Gm34756	chr14	46481228	46493690	lncRNA	ENSMUSG00000115083	+	Gm34756	727
728	Gm48912	chr14	46482225	46516442	lncRNA	ENSMUSG00000115158	-	Gm48912	728
729	Gm49319	chr14	46528176	46637408	lncRNA	ENSMUSG00000115781	-	Gm49319	729
730	E130120K24Rik	chr14	46556303	46568344	lncRNA	ENSMUSG00000085380	+	E130120K24Rik	730
731	Rubie	chr14	46568263	46598425	lncRNA	ENSMUSG00000085123	-	Rubie	731
732	4933425B07Rik	chr14	46602806	46637423	lncRNA	ENSMUSG00000115665	-	4933425B07Rik	732
733	D330046F09Rik	chr14	46645817	46673775	lncRNA	ENSMUSG00000115015	-	D330046F09Rik	733
734	Gm48917	chr14	46671702	46681301	lncRNA	ENSMUSG00000115421	+	Gm48917	734
735	Gm48924	chr14	46743215	46746399	lncRNA	ENSMUSG00000115690	-	Gm48924	735
736	Cdkn3	chr14	46760541	46771669	protein_coding	ENSMUSG00000037628	+	Cdkn3	736
737	Cnih1	chr14	46775567	46788411	protein_coding	ENSMUSG00000015759	-	Cnih1	737
738	Gm48939	chr14	46804135	46806151	TEC	ENSMUSG00000115041	-	Gm48939	738
739	Gmfb	chr14	46808149	46822242	protein_coding	ENSMUSG00000062014	-	Gmfb	739
740	Gm10101	chr14	46829109	46832027	lncRNA	ENSMUSG00000061510	-	Gm10101	740
741	Cgrrf1	chr14	46832125	46854193	protein_coding	ENSMUSG00000055128	+	Cgrrf1	741
742	Gm48949	chr14	46844813	46845480	lncRNA	ENSMUSG00000115417	+	Gm48949	742
743	Gm34934	chr14	46866576	46882757	lncRNA	ENSMUSG00000115100	-	Gm34934	743
744	Samd4	chr14	46882854	47105815	protein_coding	ENSMUSG00000021838	+	Samd4	744
745	2810457G06Rik	chr14	46883698	46885064	lncRNA	ENSMUSG00000115410	-	2810457G06Rik	745
746	Gm48958	chr14	46893520	46896483	TEC	ENSMUSG00000114996	+	Gm48958	746
747	Gm15562	chr14	46961440	46965684	lncRNA	ENSMUSG00000089870	+	Gm15562	747
748	Gm10371	chr14	47097679	47116161	lncRNA	ENSMUSG00000072589	-	Gm10371	748
749	Gm49132	chr14	47116296	47120439	TEC	ENSMUSG00000115207	+	Gm49132	749
750	Gch1	chr14	47153895	47189413	protein_coding	ENSMUSG00000037580	-	Gch1	750
751	Gm49137	chr14	47214135	47214738	processed_pseudogene	ENSMUSG00000115400	-	Gm49137	751
752	Wdhd1	chr14	47240944	47276857	protein_coding	ENSMUSG00000037572	-	Wdhd1	752
753	Gm49149	chr14	47261832	47262186	TEC	ENSMUSG00000115849	-	Gm49149	753
754	Gm24378	chr14	47270859	47270964	snRNA	ENSMUSG00000084648	-	Gm24378	754
755	Gm49150	chr14	47276370	47276796	lncRNA	ENSMUSG00000115097	+	Gm49150	755
756	Socs4	chr14	47276931	47296102	protein_coding	ENSMUSG00000048379	+	Socs4	756
757	Gm9502	chr14	47297508	47298542	TEC	ENSMUSG00000114977	-	Gm9502	757
758	Mapk1ip1l	chr14	47298266	47323204	protein_coding	ENSMUSG00000021840	+	Mapk1ip1l	758
759	Gm49189	chr14	47301982	47305485	lncRNA	ENSMUSG00000115082	-	Gm49189	759
760	Gm49190	chr14	47320410	47321056	processed_pseudogene	ENSMUSG00000115728	-	Gm49190	760
761	Lgals3	chr14	47367751	47386160	protein_coding	ENSMUSG00000050335	+	Lgals3	761
762	Dlgap5	chr14	47387779	47418407	protein_coding	ENSMUSG00000037544	-	Dlgap5	762
763	Gm8353	chr14	47419758	47420189	processed_pseudogene	ENSMUSG00000115436	-	Gm8353	763
764	Gm48975	chr14	47422417	47427570	lncRNA	ENSMUSG00000115617	+	Gm48975	764
765	Fbxo34	chr14	47450421	47531962	protein_coding	ENSMUSG00000037536	+	Fbxo34	765
766	Gm48986	chr14	47491568	47492783	TEC	ENSMUSG00000115570	+	Gm48986	766
767	Gm35166	chr14	47502944	47508187	lncRNA	ENSMUSG00000115145	-	Gm35166	767
768	Atg14	chr14	47540893	47570649	protein_coding	ENSMUSG00000037526	-	Atg14	768
769	Gm49004	chr14	47541980	47544217	lncRNA	ENSMUSG00000115823	+	Gm49004	769
770	Ktn1	chr14	47648448	47739894	protein_coding	ENSMUSG00000021843	+	Ktn1	770
771	4930538L07Rik	chr14	47755092	47757498	lncRNA	ENSMUSG00000115719	-	4930538L07Rik	771
772	Gm41148	chr14	47790968	47805349	lncRNA	ENSMUSG00000115215	-	Gm41148	772
773	Gm35360	chr14	47805235	47823104	lncRNA	ENSMUSG00000115310	+	Gm35360	773
774	4930447J18Rik	chr14	47898851	47944189	lncRNA	ENSMUSG00000115609	+	4930447J18Rik	774
775	Gm49303	chr14	47960019	47973713	lncRNA	ENSMUSG00000114989	+	Gm49303	775
776	Gm49304	chr14	47991528	47993803	lncRNA	ENSMUSG00000115403	-	Gm49304	776
777	Gm49305	chr14	47993941	47997714	lncRNA	ENSMUSG00000115425	+	Gm49305	777
778	Gm49306	chr14	48047011	48058470	lncRNA	ENSMUSG00000115060	+	Gm49306	778
779	Gm6055	chr14	48079375	48079752	processed_pseudogene	ENSMUSG00000062081	-	Gm6055	779
780	Peli2	chr14	48120823	48281575	protein_coding	ENSMUSG00000021846	+	Peli2	780
781	9530086P17Rik	chr14	48129485	48130163	TEC	ENSMUSG00000115790	-	9530086P17Rik	781
782	Gm49310	chr14	48134224	48137246	TEC	ENSMUSG00000115686	+	Gm49310	782
783	Gm49307	chr14	48196760	48198030	TEC	ENSMUSG00000115555	+	Gm49307	783
784	Gm3534	chr14	48408618	48409618	processed_pseudogene	ENSMUSG00000098192	+	Gm3534	784
785	Tmem260	chr14	48446124	48524246	protein_coding	ENSMUSG00000036339	+	Tmem260	785
786	Gm49519	chr14	48518236	48560287	lncRNA	ENSMUSG00000115756	+	Gm49519	786
787	Gm49096	chr14	48530358	48532665	TEC	ENSMUSG00000115316	+	Gm49096	787
788	4930572G02Rik	chr14	48537991	48571888	lncRNA	ENSMUSG00000115725	+	4930572G02Rik	788
789	Gm49120	chr14	48590599	48596402	lncRNA	ENSMUSG00000115636	+	Gm49120	789
790	Gm35766	chr14	48636141	48642002	lncRNA	ENSMUSG00000115376	+	Gm35766	790
791	Gm49151	chr14	48643461	48649774	lncRNA	ENSMUSG00000115669	+	Gm49151	791
792	Otx2	chr14	48657677	48673819	protein_coding	ENSMUSG00000021848	-	Otx2	792
793	Otx2os1	chr14	48668708	48870683	lncRNA	ENSMUSG00000098682	+	Otx2os1	793
794	Gm48909	chr14	48695601	48695981	processed_pseudogene	ENSMUSG00000115194	-	Gm48909	794
795	Gm49156	chr14	48727414	48740809	lncRNA	ENSMUSG00000115579	-	Gm49156	795
796	Gm22699	chr14	48769354	48769458	snRNA	ENSMUSG00000093117	-	Gm22699	796
797	Gm49152	chr14	48814421	48815729	TEC	ENSMUSG00000115130	+	Gm49152	797
798	Gm534	chr14	48870258	48881869	lncRNA	ENSMUSG00000115398	-	Gm534	798
799	4933429O19Rik	chr14	48878586	48887112	lncRNA	ENSMUSG00000115008	+	4933429O19Rik	799
800	Gm23470	chr14	49001717	49001836	snRNA	ENSMUSG00000087754	-	Gm23470	800
801	Exoc5	chr14	49004090	49066653	protein_coding	ENSMUSG00000061244	-	Exoc5	801
802	Gm49204	chr14	49023930	49028569	TEC	ENSMUSG00000115624	-	Gm49204	802
803	Ap5m1	chr14	49066097	49094234	protein_coding	ENSMUSG00000036291	+	Ap5m1	803
804	Rpl19-ps3	chr14	49103507	49122712	transcribed_processed_pseudogene	ENSMUSG00000115737	-	Rpl19-ps3	804
805	Naa30	chr14	49172226	49191031	protein_coding	ENSMUSG00000036282	+	Naa30	805
806	Gm48935	chr14	49217779	49220047	lncRNA	ENSMUSG00000115772	+	Gm48935	806
807	ccdc198	chr14	49219588	49245474	protein_coding	ENSMUSG00000021850	-	ccdc198	807
808	Gm48936	chr14	49220898	49223364	TEC	ENSMUSG00000115389	+	Gm48936	808
809	Slc35f4	chr14	49298519	49526046	protein_coding	ENSMUSG00000021852	-	Slc35f4	809
810	Gm48940	chr14	49299836	49304512	lncRNA	ENSMUSG00000115096	+	Gm48940	810
811	Gm22116	chr14	49520029	49520169	snRNA	ENSMUSG00000089416	-	Gm22116	811
812	Gm22949	chr14	49573214	49573318	miRNA	ENSMUSG00000089187	-	Gm22949	812
813	Armh4	chr14	49675952	49783383	protein_coding	ENSMUSG00000036242	-	Armh4	813
814	Gm16082	chr14	49713246	49713622	processed_pseudogene	ENSMUSG00000082967	-	Gm16082	814
815	Gm36146	chr14	49722652	49744296	lncRNA	ENSMUSG00000115787	+	Gm36146	815
816	Gm48950	chr14	49736658	49738009	TEC	ENSMUSG00000115742	-	Gm48950	816
817	Gm48948	chr14	49747251	49748193	TEC	ENSMUSG00000115228	-	Gm48948	817
818	Gm8417	chr14	49802785	49826516	transcribed_unprocessed_pseudogene	ENSMUSG00000115212	+	Gm8417	818
819	Olfr722	chr14	49894258	49901999	protein_coding	ENSMUSG00000048933	-	Olfr722	819
820	Olfr723	chr14	49928563	49931787	protein_coding	ENSMUSG00000093825	-	Olfr723	820
821	Olfr724	chr14	49960023	49963274	protein_coding	ENSMUSG00000096254	-	Olfr724	821
822	Olfr725	chr14	50034314	50040375	protein_coding	ENSMUSG00000068437	-	Olfr725	822
823	Gm37194	chr14	50061360	50064390	TEC	ENSMUSG00000102189	+	Gm37194	823
824	Olfr726	chr14	50083570	50090953	protein_coding	ENSMUSG00000060523	-	Olfr726	824
825	Olfr727	chr14	50123186	50128746	protein_coding	ENSMUSG00000059488	+	Olfr727	825
826	Olfr728	chr14	50133758	50142680	protein_coding	ENSMUSG00000050030	-	Olfr728	826
827	Olfr729	chr14	50144731	50152910	protein_coding	ENSMUSG00000049011	-	Olfr729	827
828	Olfr730	chr14	50183296	50188198	protein_coding	ENSMUSG00000109835	-	Olfr730	828
829	Olfr731	chr14	50233531	50241866	protein_coding	ENSMUSG00000048080	-	Olfr731	829
830	Olfr732	chr14	50278473	50284206	protein_coding	ENSMUSG00000091873	-	Olfr732	830
831	Olfr733	chr14	50295891	50301522	protein_coding	ENSMUSG00000090874	-	Olfr733	831
832	Olfr734	chr14	50316506	50326761	protein_coding	ENSMUSG00000045306	-	Olfr734	832
833	Olfr735	chr14	50342612	50348872	protein_coding	ENSMUSG00000046210	-	Olfr735	833
834	Tlr11	chr14	50357914	50363663	protein_coding	ENSMUSG00000051969	+	Tlr11	834
835	Olfr736	chr14	50381163	50394192	protein_coding	ENSMUSG00000047716	+	Olfr736	835
836	Olfr738	chr14	50407568	50415438	protein_coding	ENSMUSG00000094692	+	Olfr738	836
837	Olfr739	chr14	50418626	50427888	protein_coding	ENSMUSG00000057903	+	Olfr739	837
838	Olfr740	chr14	50445545	50456933	protein_coding	ENSMUSG00000095917	+	Olfr740	838
839	Olfr741	chr14	50472738	50488338	protein_coding	ENSMUSG00000095765	+	Olfr741	839
840	Olfr742	chr14	50503600	50517145	protein_coding	ENSMUSG00000068431	+	Olfr742	840
841	Olfr743	chr14	50521839	50534955	protein_coding	ENSMUSG00000094285	+	Olfr743	841
842	Olfr744	chr14	50614879	50619839	protein_coding	ENSMUSG00000053815	+	Olfr744	842
843	Olfr745	chr14	50639388	50643885	protein_coding	ENSMUSG00000050028	+	Olfr745	843
844	Olfr746	chr14	50647083	50654183	protein_coding	ENSMUSG00000058188	+	Olfr746	844
845	Olfr747	chr14	50680657	50693206	protein_coding	ENSMUSG00000057179	-	Olfr747	845
846	Olfr748	chr14	50707373	50713797	protein_coding	ENSMUSG00000060084	+	Olfr748	846
847	Olfr749	chr14	50736171	50745094	protein_coding	ENSMUSG00000059069	-	Olfr749	847
848	Ttc5	chr14	50765415	50785519	protein_coding	ENSMUSG00000006288	-	Ttc5	848
849	Gm10916	chr14	50769248	50769730	processed_pseudogene	ENSMUSG00000078125	+	Gm10916	849
850	Gm48938	chr14	50787816	50788239	processed_pseudogene	ENSMUSG00000115769	+	Gm48938	850
851	Ccnb1ip1	chr14	50789248	50807732	protein_coding	ENSMUSG00000071470	-	Ccnb1ip1	851
852	Parp2	chr14	50807841	50821301	protein_coding	ENSMUSG00000036023	+	Parp2	852
853	Tep1	chr14	50824059	50870560	protein_coding	ENSMUSG00000006281	-	Tep1	853
854	Gm26782	chr14	50870324	50880603	lncRNA	ENSMUSG00000097431	+	Gm26782	854
855	Klhl33	chr14	50888582	50897507	protein_coding	ENSMUSG00000090799	-	Klhl33	855
856	Osgep	chr14	50906478	50924893	protein_coding	ENSMUSG00000006289	-	Osgep	856
857	Gm24689	chr14	50918425	50918528	snRNA	ENSMUSG00000088385	+	Gm24689	857
858	Apex1	chr14	50924968	50927139	protein_coding	ENSMUSG00000035960	+	Apex1	858
859	Pip4p1	chr14	50926068	50930856	protein_coding	ENSMUSG00000035953	-	Pip4p1	859
860	Pnp	chr14	50931082	50965237	protein_coding	ENSMUSG00000115338	+	Pnp	860
861	Gm49342	chr14	50944517	50963136	protein_coding	ENSMUSG00000021871	+	Gm49342	861
862	Gm38316	chr14	50950559	50952004	TEC	ENSMUSG00000103730	-	Gm38316	862
863	Pnp2	chr14	50955992	50964749	protein_coding	ENSMUSG00000068417	+	Pnp2	863
864	Gm8518	chr14	50978447	50978936	processed_pseudogene	ENSMUSG00000115312	-	Gm8518	864
865	Gm49038	chr14	50995713	50997075	processed_pseudogene	ENSMUSG00000114997	-	Gm49038	865
866	Rnase10	chr14	51007751	51010758	protein_coding	ENSMUSG00000021872	+	Rnase10	866
867	Olfr750	chr14	51066301	51074435	protein_coding	ENSMUSG00000035932	-	Olfr750	867
868	Rnase4	chr14	51091077	51106151	protein_coding	ENSMUSG00000021876	+	Rnase4	868
869	Ang	chr14	51091150	51102009	protein_coding	ENSMUSG00000072115	+	Ang	869
870	Eddm3b	chr14	51114426	51117807	protein_coding	ENSMUSG00000072575	+	Eddm3b	870
871	Rnase6	chr14	51123908	51132187	protein_coding	ENSMUSG00000021880	+	Rnase6	871
872	Rnase1	chr14	51144998	51146785	protein_coding	ENSMUSG00000035896	-	Rnase1	872
873	Ear-ps1	chr14	51167967	51168425	unprocessed_pseudogene	ENSMUSG00000115136	-	Ear-ps1	873
874	Ang2	chr14	51195324	51199148	protein_coding	ENSMUSG00000047894	-	Ang2	874
875	Ear14	chr14	51203391	51204338	protein_coding	ENSMUSG00000050766	+	Ear14	875
876	Rnase2a	chr14	51255262	51256112	protein_coding	ENSMUSG00000047222	-	Rnase2a	876
877	Gm49245	chr14	51277602	51277709	unprocessed_pseudogene	ENSMUSG00000115574	+	Gm49245	877
878	Gm21718	chr14	51311497	51317768	lncRNA	ENSMUSG00000094991	+	Gm21718	878
879	4930597G03Rik	chr14	51317335	51345489	lncRNA	ENSMUSG00000115540	-	4930597G03Rik	879
880	Gm7107	chr14	51358603	51359964	processed_pseudogene	ENSMUSG00000115280	+	Gm7107	880
881	Gm7247	chr14	51361756	51569982	protein_coding	ENSMUSG00000068399	+	Gm7247	881
882	Vmn2r-ps110	chr14	51377284	51380974	transcribed_unprocessed_pseudogene	ENSMUSG00000115166	+	Vmn2r-ps110	882
883	Vmn2r-ps111	chr14	51377348	51431915	lncRNA	ENSMUSG00000089761	+	Vmn2r-ps111	883
884	Vmn2r88	chr14	51410820	51420721	protein_coding	ENSMUSG00000000606	+	Vmn2r88	884
885	Vmn2r89	chr14	51451857	51464172	protein_coding	ENSMUSG00000070448	+	Vmn2r89	885
886	Gm5622	chr14	51552790	51662953	protein_coding	ENSMUSG00000079244	+	Gm5622	886
887	Gm16290	chr14	51556635	51559358	unprocessed_pseudogene	ENSMUSG00000089836	-	Gm16290	887
888	Gm17175	chr14	51568892	51574063	protein_coding	ENSMUSG00000091142	-	Gm17175	888
889	Gm17174	chr14	51587653	51592139	protein_coding	ENSMUSG00000096024	-	Gm17174	889
890	Gm17078	chr14	51606807	51611310	protein_coding	ENSMUSG00000094715	-	Gm17078	890
891	Gm4181	chr14	51630273	51635666	protein_coding	ENSMUSG00000091296	-	Gm4181	891
892	Gm17079	chr14	51691019	51695468	protein_coding	ENSMUSG00000090740	-	Gm17079	892
893	Gm5800	chr14	51711643	51717183	protein_coding	ENSMUSG00000068506	-	Gm5800	893
894	Ear-ps3	chr14	51753505	51753949	unprocessed_pseudogene	ENSMUSG00000091189	+	Ear-ps3	894
895	Ang4	chr14	51763878	51773590	protein_coding	ENSMUSG00000060615	-	Ang4	895
896	AY358078	chr14	51800046	51826359	protein_coding	ENSMUSG00000050961	+	AY358078	896
897	Gm27375	chr14	51837151	51837257	miRNA	ENSMUSG00000099191	+	Gm27375	897
898	Ear6	chr14	51853699	51854643	protein_coding	ENSMUSG00000062148	+	Ear6	898
899	Mettl17	chr14	51884842	51893039	protein_coding	ENSMUSG00000004561	+	Mettl17	899
900	Slc39a2	chr14	51892889	51896745	protein_coding	ENSMUSG00000072572	+	Slc39a2	900
901	Ndrg2	chr14	51905271	51914158	protein_coding	ENSMUSG00000004558	-	Ndrg2	901
902	Rnase13	chr14	51921362	51922773	protein_coding	ENSMUSG00000068392	-	Rnase13	902
903	Gm49076	chr14	51926264	51929660	lncRNA	ENSMUSG00000115698	-	Gm49076	903
904	Arhgef40	chr14	51984719	52006251	protein_coding	ENSMUSG00000004562	+	Arhgef40	904
905	Gm16617	chr14	51986425	51988827	lncRNA	ENSMUSG00000097633	-	Gm16617	905
906	Zfp219	chr14	52006077	52020733	protein_coding	ENSMUSG00000049295	-	Zfp219	906
907	Tmem253	chr14	52015658	52019794	protein_coding	ENSMUSG00000072571	+	Tmem253	907
908	Gm49086	chr14	52020076	52021908	lncRNA	ENSMUSG00000115454	+	Gm49086	908
909	Gm49256	chr14	52023284	52024108	lncRNA	ENSMUSG00000115141	+	Gm49256	909
910	Olfr221	chr14	52033962	52042459	protein_coding	ENSMUSG00000044286	-	Olfr221	910
911	Hnrnpc	chr14	52073377	52104028	protein_coding	ENSMUSG00000060373	-	Hnrnpc	911
912	Rpgrip1	chr14	52110704	52163546	protein_coding	ENSMUSG00000057132	+	Rpgrip1	912
913	Supt16	chr14	52160414	52197416	protein_coding	ENSMUSG00000035726	-	Supt16	913
914	Gm26590	chr14	52197502	52213852	lncRNA	ENSMUSG00000097533	+	Gm26590	914
915	Chd8	chr14	52198151	52257780	protein_coding	ENSMUSG00000053754	-	Chd8	915
916	Snord8	chr14	52209785	52209894	snoRNA	ENSMUSG00000093044	-	Snord8	916
917	Gm43766	chr14	52258811	52264227	TEC	ENSMUSG00000105868	+	Gm43766	917
918	Rab2b	chr14	52261759	52279545	protein_coding	ENSMUSG00000022159	-	Rab2b	918
919	Tox4	chr14	52279146	52296401	protein_coding	ENSMUSG00000016831	+	Tox4	919
920	Mettl3	chr14	52294841	52305128	protein_coding	ENSMUSG00000022160	-	Mettl3	920
921	Sall2	chr14	52311172	52328762	protein_coding	ENSMUSG00000049532	-	Sall2	921
922	Gm26328	chr14	52342777	52342883	snRNA	ENSMUSG00000064755	+	Gm26328	922
923	Olfr1513	chr14	52347495	52356408	protein_coding	ENSMUSG00000095030	-	Olfr1513	923
924	Gm4742	chr14	52368918	52369688	processed_pseudogene	ENSMUSG00000105461	-	Gm4742	924
925	Olfr1512	chr14	52371332	52379168	protein_coding	ENSMUSG00000094140	-	Olfr1512	925
926	Gm37504	chr14	52373153	52375526	TEC	ENSMUSG00000103010	-	Gm37504	926
927	Olfr1511	chr14	52389794	52397379	protein_coding	ENSMUSG00000063867	-	Olfr1511	927
928	Olfr1510	chr14	52409131	52414373	protein_coding	ENSMUSG00000063106	-	Olfr1510	928
929	Olfr1509	chr14	52442990	52452574	protein_coding	ENSMUSG00000035626	+	Olfr1509	929
930	Olfr1508	chr14	52458829	52467495	protein_coding	ENSMUSG00000057564	-	Olfr1508	930
931	Olfr1507	chr14	52488791	52495749	protein_coding	ENSMUSG00000059887	-	Olfr1507	931
932	Gm36448	chr14	52538652	52540876	unprocessed_pseudogene	ENSMUSG00000104788	-	Gm36448	932
933	Trav4-1	chr14	52607307	52607804	TR_V_pseudogene	ENSMUSG00000106382	+	Trav4-1	933
934	Trav7d-4	chr14	52769753	52770392	TR_V_gene	ENSMUSG00000094023	+	Trav7d-4	934
935	Trav6d-5	chr14	52795165	52795633	TR_V_gene	ENSMUSG00000095426	+	Trav6d-5	935
936	Trav12d-1	chr14	52844465	52845041	TR_V_gene	ENSMUSG00000095689	+	Trav12d-1	936
937	Gm6740	chr14	52861767	52862630	processed_pseudogene	ENSMUSG00000105061	-	Gm6740	937
938	Gm30214	chr14	53032417	53039466	lncRNA	ENSMUSG00000104598	-	Gm30214	938
939	Trav12n-1	chr14	53155512	53156088	TR_V_gene	ENSMUSG00000096055	+	Trav12n-1	939
940	Trav5n-4	chr14	53312904	53313422	TR_V_gene	ENSMUSG00000096168	+	Trav5n-4	940
941	Gm43650	chr14	53336637	53343922	lncRNA	ENSMUSG00000105418	-	Gm43650	941
942	Trav13n-4	chr14	53362267	53364106	TR_V_gene	ENSMUSG00000076823	+	Trav13n-4	942
943	Gm43550	chr14	53694573	53694875	processed_pseudogene	ENSMUSG00000104673	-	Gm43550	943
944	Trav5-4	chr14	53704007	53704514	TR_V_gene	ENSMUSG00000095607	+	Trav5-4	944
945	Trav7-6	chr14	53716716	53717291	TR_V_gene	ENSMUSG00000096138	+	Trav7-6	945
946	Trav16	chr14	53743104	53743705	TR_V_gene	ENSMUSG00000076855	+	Trav16	946
947	Trav15-3	chr14	53767026	53767180	TR_V_pseudogene	ENSMUSG00000105090	+	Trav15-3	947
948	Trav17	chr14	53806639	53807115	TR_V_gene	ENSMUSG00000096397	+	Trav17	948
949	Gm43647	chr14	53918327	53961515	lncRNA	ENSMUSG00000105963	-	Gm43647	949
950	Trav22	chr14	53926978	53927595	TR_V_pseudogene	ENSMUSG00000104650	+	Trav22	950
951	Trdv2-2	chr14	53960944	53961602	TR_V_gene	ENSMUSG00000076866	+	Trdv2-2	951
952	Gm30275	chr14	54067579	54125395	lncRNA	ENSMUSG00000104658	-	Gm30275	952
953	Trdv4	chr14	54074905	54075515	TR_V_gene	ENSMUSG00000076867	+	Trdv4	953
954	Gm43434	chr14	54128298	54146287	lncRNA	ENSMUSG00000106112	-	Gm43434	954
955	Trdc	chr14	54142851	54148868	TR_C_gene	ENSMUSG00000104876	+	Trdc	955
956	Traj58	chr14	54157280	54157342	TR_J_gene	ENSMUSG00000076875	+	Traj58	956
957	Traj56	chr14	54159263	54159325	TR_J_gene	ENSMUSG00000076877	+	Traj56	957
958	Traj52	chr14	54165316	54165381	TR_J_gene	ENSMUSG00000076879	+	Traj52	958
959	Traj51	chr14	54166239	54166281	TR_J_pseudogene	ENSMUSG00000076880	+	Traj51	959
960	Traj49	chr14	54168686	54168747	TR_J_gene	ENSMUSG00000076882	+	Traj49	960
961	Traj46	chr14	54172336	54172398	TR_J_gene	ENSMUSG00000076884	+	Traj46	961
962	Traj43	chr14	54174742	54174798	TR_J_gene	ENSMUSG00000076887	+	Traj43	962
963	Traj27	chr14	54192303	54192361	TR_J_gene	ENSMUSG00000076902	+	Traj27	963
964	Traj24	chr14	54195638	54195700	TR_J_gene	ENSMUSG00000076905	+	Traj24	964
965	Traj23	chr14	54196081	54196140	TR_J_gene	ENSMUSG00000076906	+	Traj23	965
966	Traj18	chr14	54200777	54200842	TR_J_gene	ENSMUSG00000076911	+	Traj18	966
967	Traj15	chr14	54204422	54204481	TR_J_gene	ENSMUSG00000076914	+	Traj15	967
968	Traj12	chr14	54206553	54206610	TR_J_gene	ENSMUSG00000076917	+	Traj12	968
969	Traj9	chr14	54209393	54209450	TR_J_gene	ENSMUSG00000076919	+	Traj9	969
970	Traj3	chr14	54217292	54217357	TR_J_gene	ENSMUSG00000076925	+	Traj3	970
971	Trac	chr14	54220521	54224206	TR_C_gene	ENSMUSG00000076928	+	Trac	971
972	Dad1	chr14	54235479	54254104	protein_coding	ENSMUSG00000022174	-	Dad1	972
973	Abhd4	chr14	54254188	54270637	protein_coding	ENSMUSG00000040997	+	Abhd4	973
974	Olfr49	chr14	54278253	54284939	protein_coding	ENSMUSG00000048153	-	Olfr49	974
975	Gm43305	chr14	54292443	54297456	lncRNA	ENSMUSG00000105703	-	Gm43305	975
976	Gm3945	chr14	54334217	54334899	processed_pseudogene	ENSMUSG00000105667	+	Gm3945	976
977	5330426L24Rik	chr14	54349462	54351636	lncRNA	ENSMUSG00000105501	-	5330426L24Rik	977
978	Oxa1l	chr14	54360834	54369673	protein_coding	ENSMUSG00000000959	+	Oxa1l	978
979	Slc7a7	chr14	54369442	54417780	protein_coding	ENSMUSG00000000958	-	Slc7a7	979
980	Mrpl52	chr14	54426909	54429756	protein_coding	ENSMUSG00000010406	+	Mrpl52	980
981	Mmp14	chr14	54431612	54445364	protein_coding	ENSMUSG00000000957	+	Mmp14	981
982	5430430K15Rik	chr14	54446318	54447861	TEC	ENSMUSG00000115270	+	5430430K15Rik	982
983	Gm10366	chr14	54463042	54464742	lncRNA	ENSMUSG00000115767	-	Gm10366	983
984	Lrp10	chr14	54464137	54471497	protein_coding	ENSMUSG00000022175	+	Lrp10	984
985	Rem2	chr14	54476100	54480431	protein_coding	ENSMUSG00000022176	+	Rem2	985
986	Prmt5	chr14	54507187	54517525	protein_coding	ENSMUSG00000023110	-	Prmt5	986
987	Haus4	chr14	54541785	54554616	protein_coding	ENSMUSG00000022177	-	Haus4	987
988	Ajuba	chr14	54567472	54577558	protein_coding	ENSMUSG00000022178	-	Ajuba	988
989	4931414P19Rik	chr14	54583663	54605993	protein_coding	ENSMUSG00000022179	-	4931414P19Rik	989
990	Psmb5	chr14	54614119	54618022	protein_coding	ENSMUSG00000022193	-	Psmb5	990
991	Mir686	chr14	54616677	54616785	miRNA	ENSMUSG00000076128	-	Mir686	991
992	Psmb11	chr14	54621433	54629556	protein_coding	ENSMUSG00000072423	+	Psmb11	992
993	Cdh24	chr14	54631231	54641364	protein_coding	ENSMUSG00000059674	-	Cdh24	993
994	Gm17606	chr14	54640952	54648293	protein_coding	ENSMUSG00000091306	+	Gm17606	994
995	Acin1	chr14	54642161	54686931	protein_coding	ENSMUSG00000022185	-	Acin1	995
996	Mir6948	chr14	54643049	54643110	miRNA	ENSMUSG00000106169	-	Mir6948	996
997	4930579G18Rik	chr14	54650511	54654607	lncRNA	ENSMUSG00000040840	+	4930579G18Rik	997
998	1700123O20Rik	chr14	54686216	54690741	protein_coding	ENSMUSG00000040822	+	1700123O20Rik	998
999	Gm29776	chr14	54692598	54698833	protein_coding	ENSMUSG00000114865	-	Gm29776	999
1000	Slc7a8	chr14	54722209	54781946	protein_coding	ENSMUSG00000022180	-	Slc7a8	1000
1001	Rnf212b	chr14	54814141	54854108	protein_coding	ENSMUSG00000112858	+	Rnf212b	1001
1002	Gm8865	chr14	54826247	54826676	processed_pseudogene	ENSMUSG00000086420	-	Gm8865	1002
1003	Homez	chr14	54852736	54870961	protein_coding	ENSMUSG00000057156	-	Homez	1003
1004	Ppp1r3e	chr14	54872669	54877550	protein_coding	ENSMUSG00000072494	-	Ppp1r3e	1004
1005	Bcl2l2	chr14	54883377	54888234	protein_coding	ENSMUSG00000089682	+	Bcl2l2	1005
1006	Gm20521	chr14	54883441	54898137	protein_coding	ENSMUSG00000092232	+	Gm20521	1006
1007	Pabpn1	chr14	54892500	54898169	protein_coding	ENSMUSG00000022194	+	Pabpn1	1007
1008	Slc22a17	chr14	54906304	54913132	protein_coding	ENSMUSG00000022199	-	Slc22a17	1008
1009	Efs	chr14	54916535	54926126	protein_coding	ENSMUSG00000022203	-	Efs	1009
1010	Il25	chr14	54932695	54935837	protein_coding	ENSMUSG00000040770	+	Il25	1010
1011	Cmtm5	chr14	54936261	54939274	protein_coding	ENSMUSG00000040759	+	Cmtm5	1011
1012	Gm49130	chr14	54940355	54942852	lncRNA	ENSMUSG00000115234	+	Gm49130	1012
1013	Myh6	chr14	54941921	54966927	protein_coding	ENSMUSG00000040752	-	Myh6	1013
1014	Mhrt	chr14	54968678	54974349	lncRNA	ENSMUSG00000097652	+	Mhrt	1014
1015	Myh7	chr14	54970684	54994626	protein_coding	ENSMUSG00000053093	-	Myh7	1015
1016	Mir208b	chr14	54975700	54975776	miRNA	ENSMUSG00000077928	-	Mir208b	1016
1017	Gm17428	chr14	54976933	54977025	protein_coding	ENSMUSG00000090889	+	Gm17428	1017
1018	Gm31251	chr14	54979393	54991601	lncRNA	ENSMUSG00000115610	+	Gm31251	1018
1019	Ngdn	chr14	55015454	55024137	protein_coding	ENSMUSG00000022204	+	Ngdn	1019
1020	Gm10364	chr14	55038462	55042979	transcribed_processed_pseudogene	ENSMUSG00000072492	+	Gm10364	1020
1021	Zfhx2os	chr14	55053869	55075873	lncRNA	ENSMUSG00000093452	+	Zfhx2os	1021
1022	Gm20687	chr14	55054945	55098986	lncRNA	ENSMUSG00000100162	+	Gm20687	1022
1023	Zfhx2	chr14	55060262	55092324	protein_coding	ENSMUSG00000040721	-	Zfhx2	1023
1024	Thtpa	chr14	55094784	55098986	protein_coding	ENSMUSG00000045691	+	Thtpa	1024
1025	Ap1g2	chr14	55098575	55106593	protein_coding	ENSMUSG00000040701	-	Ap1g2	1025
1026	Jph4	chr14	55106826	55116935	protein_coding	ENSMUSG00000022208	-	Jph4	1026
1027	Gm49020	chr14	55127317	55128391	TEC	ENSMUSG00000115250	+	Gm49020	1027
1028	Gm46455	chr14	55169709	55176639	unprocessed_pseudogene	ENSMUSG00000115077	+	Gm46455	1028
1029	Dhrs2	chr14	55222007	55241435	protein_coding	ENSMUSG00000022209	+	Dhrs2	1029
1030	Gm49022	chr14	55276834	55280687	lncRNA	ENSMUSG00000114987	-	Gm49022	1030
1031	Gm49023	chr14	55383597	55394148	unprocessed_pseudogene	ENSMUSG00000115322	+	Gm49023	1031
1032	Gm8894	chr14	55420124	55420789	processed_pseudogene	ENSMUSG00000060680	-	Gm8894	1032
1033	Dhrs4	chr14	55478758	55490340	protein_coding	ENSMUSG00000022210	+	Dhrs4	1033
1034	Carmil3	chr14	55490651	55508272	protein_coding	ENSMUSG00000022211	+	Carmil3	1034
1035	Cpne6	chr14	55510445	55517431	protein_coding	ENSMUSG00000022212	+	Cpne6	1035
1036	Nrl	chr14	55518978	55524981	protein_coding	ENSMUSG00000040632	-	Nrl	1036
1037	Gm10876	chr14	55528828	55542399	lncRNA	ENSMUSG00000115778	-	Gm10876	1037
1038	Pck2	chr14	55540266	55551242	protein_coding	ENSMUSG00000040618	+	Pck2	1038
1039	A730061H03Rik	chr14	55559097	55560408	lncRNA	ENSMUSG00000053588	-	A730061H03Rik	1039
1040	Dcaf11	chr14	55560006	55570065	protein_coding	ENSMUSG00000022214	+	Dcaf11	1040
1041	Gm15932	chr14	55566159	55575991	lncRNA	ENSMUSG00000086341	-	Gm15932	1041
1042	Psme1	chr14	55578123	55581529	protein_coding	ENSMUSG00000022216	+	Psme1	1042
1043	Emc9	chr14	55581516	55585302	protein_coding	ENSMUSG00000022217	-	Emc9	1043
1044	Psme2	chr14	55587441	55591113	protein_coding	ENSMUSG00000079197	-	Psme2	1044
1045	Rnf31	chr14	55591708	55603693	protein_coding	ENSMUSG00000047098	+	Rnf31	1045
1046	Irf9	chr14	55603571	55610030	protein_coding	ENSMUSG00000002325	+	Irf9	1046
1047	Rec8	chr14	55618037	55625395	protein_coding	ENSMUSG00000002324	+	Rec8	1047
1048	Ipo4	chr14	55625400	55635957	protein_coding	ENSMUSG00000002319	-	Ipo4	1048
1049	Gm49378	chr14	55629076	55637895	protein_coding	ENSMUSG00000115232	-	Gm49378	1049
1050	Tm9sf1	chr14	55635965	55643806	protein_coding	ENSMUSG00000002320	-	Tm9sf1	1050
1051	Gm49747	chr14	55643604	55646352	lncRNA	ENSMUSG00000115222	+	Gm49747	1051
1052	Gm49299	chr14	55654845	55658208	unitary_pseudogene	ENSMUSG00000115600	-	Gm49299	1052
1053	Mdp1	chr14	55657879	55660508	protein_coding	ENSMUSG00000002329	-	Mdp1	1053
1054	Nedd8	chr14	55662263	55672124	protein_coding	ENSMUSG00000010376	-	Nedd8	1054
1055	Gmpr2	chr14	55671941	55679200	protein_coding	ENSMUSG00000002326	+	Gmpr2	1055
1056	Tinf2	chr14	55674689	55681820	protein_coding	ENSMUSG00000007589	-	Tinf2	1056
1057	Gm49067	chr14	55681918	55712282	lncRNA	ENSMUSG00000115154	+	Gm49067	1057
1058	Tgm1	chr14	55700009	55713926	protein_coding	ENSMUSG00000022218	-	Tgm1	1058
1059	Rabggta	chr14	55715416	55722263	protein_coding	ENSMUSG00000040472	-	Rabggta	1059
1060	Dhrs1	chr14	55739020	55745690	protein_coding	ENSMUSG00000002332	-	Dhrs1	1060
1061	Nop9	chr14	55745693	55755500	protein_coding	ENSMUSG00000019297	+	Nop9	1061
1062	Cideb	chr14	55754050	55758458	protein_coding	ENSMUSG00000022219	-	Cideb	1062
1063	Ltb4r2	chr14	55761428	55765138	protein_coding	ENSMUSG00000040432	+	Ltb4r2	1063
1064	Ltb4r1	chr14	55765962	55768494	protein_coding	ENSMUSG00000046908	+	Ltb4r1	1064
1065	Adcy4	chr14	55769057	55784095	protein_coding	ENSMUSG00000022220	-	Adcy4	1065
1066	Nfatc4	chr14	55823144	55833943	protein_coding	ENSMUSG00000023411	+	Nfatc4	1066
1067	Nynrin	chr14	55854010	55874736	protein_coding	ENSMUSG00000075592	+	Nynrin	1067
1068	Cbln3	chr14	55878913	55884392	protein_coding	ENSMUSG00000040380	-	Cbln3	1068
1069	Khnyn	chr14	55884947	55898775	protein_coding	ENSMUSG00000047153	+	Khnyn	1069
1070	Sdr39u1	chr14	55897283	55900293	protein_coding	ENSMUSG00000022223	-	Sdr39u1	1070
1071	Cma1	chr14	55941451	55944675	protein_coding	ENSMUSG00000022225	-	Cma1	1071
1072	Mcpt-ps1	chr14	55949809	55952350	transcribed_unprocessed_pseudogene	ENSMUSG00000115592	-	Mcpt-ps1	1072
1073	Cma2	chr14	55950980	55974031	protein_coding	ENSMUSG00000068289	+	Cma2	1073
1074	Gm5801	chr14	56010536	56011315	processed_pseudogene	ENSMUSG00000058581	-	Gm5801	1074
1075	Mcpt1	chr14	56017971	56020384	protein_coding	ENSMUSG00000022227	+	Mcpt1	1075
1076	Mcpt9	chr14	56026864	56030495	protein_coding	ENSMUSG00000071361	-	Mcpt9	1076
1077	Mcpt2	chr14	56042041	56044642	protein_coding	ENSMUSG00000022226	+	Mcpt2	1077
1078	Mcpt4	chr14	56059629	56062313	protein_coding	ENSMUSG00000061068	-	Mcpt4	1078
1079	Mcpt8	chr14	56082166	56085273	protein_coding	ENSMUSG00000022157	-	Mcpt8	1079
1080	Ctsg	chr14	56099881	56102574	protein_coding	ENSMUSG00000040314	-	Ctsg	1080
1081	Gzme	chr14	56117626	56120625	protein_coding	ENSMUSG00000022156	-	Gzme	1081
1082	Gzmd	chr14	56129556	56132608	protein_coding	ENSMUSG00000059256	-	Gzmd	1082
1083	Gzmg	chr14	56156582	56159579	protein_coding	ENSMUSG00000040284	-	Gzmg	1083
1084	Gzmn	chr14	56165797	56174599	protein_coding	ENSMUSG00000015443	-	Gzmn	1084
1085	Gm4022	chr14	56173751	56207735	lncRNA	ENSMUSG00000114303	+	Gm4022	1085
1086	Gm8961	chr14	56178004	56180711	unprocessed_pseudogene	ENSMUSG00000114392	-	Gm8961	1086
1087	Gzmc	chr14	56231441	56234656	protein_coding	ENSMUSG00000079186	-	Gzmc	1087
1088	Gm4819	chr14	56250069	56251077	processed_pseudogene	ENSMUSG00000097936	+	Gm4819	1088
1089	Gm48200	chr14	56275793	56276948	processed_pseudogene	ENSMUSG00000114820	+	Gm48200	1089
1090	Atp12a	chr14	56365068	56388550	protein_coding	ENSMUSG00000022229	+	Atp12a	1090
1091	Gm10873	chr14	56376902	56391562	lncRNA	ENSMUSG00000114345	-	Gm10873	1091
1092	Rnf17	chr14	56402581	56525032	protein_coding	ENSMUSG00000000365	+	Rnf17	1092
1093	Cenpj	chr14	56526761	56575425	protein_coding	ENSMUSG00000064128	-	Cenpj	1093
1094	Parp4	chr14	56575619	56659794	protein_coding	ENSMUSG00000054509	+	Parp4	1094
1095	Gm16573	chr14	56607261	56620513	lncRNA	ENSMUSG00000090038	-	Gm16573	1095
1096	Gm4032	chr14	56665605	56668124	transcribed_processed_pseudogene	ENSMUSG00000110165	-	Gm4032	1096
1097	Mphosph8	chr14	56668248	56697430	protein_coding	ENSMUSG00000079184	+	Mphosph8	1097
1098	Gm16973	chr14	56696280	56701268	lncRNA	ENSMUSG00000097743	-	Gm16973	1098
1099	Pspc1	chr14	56720710	56778316	protein_coding	ENSMUSG00000021938	-	Pspc1	1099
1100	Gm4479	chr14	56787517	56787687	processed_pseudogene	ENSMUSG00000094250	-	Gm4479	1100
1101	Zmym5	chr14	56790585	56811716	protein_coding	ENSMUSG00000040123	-	Zmym5	1101
1102	2410022M11Rik	chr14	56811989	56813899	lncRNA	ENSMUSG00000100017	+	2410022M11Rik	1102
1103	Gm48906	chr14	56836292	56837036	processed_pseudogene	ENSMUSG00000114420	-	Gm48906	1103
1104	Gm8983	chr14	56865413	56866355	processed_pseudogene	ENSMUSG00000114500	+	Gm8983	1104
1105	Zmym2	chr14	56886653	56962701	protein_coding	ENSMUSG00000021945	+	Zmym2	1105
1106	Gja3	chr14	57034460	57058100	protein_coding	ENSMUSG00000048582	-	Gja3	1106
1107	Gjb2	chr14	57098600	57104702	protein_coding	ENSMUSG00000046352	-	Gjb2	1107
1108	Gm4491	chr14	57112506	57115883	protein_coding	ENSMUSG00000089840	-	Gm4491	1108
1109	Gjb6	chr14	57123303	57133611	protein_coding	ENSMUSG00000040055	-	Gjb6	1109
1110	Gm8996	chr14	57217233	57217642	processed_pseudogene	ENSMUSG00000114754	+	Gm8996	1110
1111	Cryl1	chr14	57274993	57398529	protein_coding	ENSMUSG00000021947	-	Cryl1	1111
1112	Gm23593	chr14	57333366	57333485	snoRNA	ENSMUSG00000077497	-	Gm23593	1112
1113	Gm29717	chr14	57384865	57385250	processed_pseudogene	ENSMUSG00000114952	-	Gm29717	1113
1114	Ift88	chr14	57424062	57517936	protein_coding	ENSMUSG00000040040	+	Ift88	1114
1115	Gm15836	chr14	57435721	57436513	processed_pseudogene	ENSMUSG00000081238	-	Gm15836	1115
1116	Ift88os	chr14	57506744	57510835	lncRNA	ENSMUSG00000086486	-	Ift88os	1116
1117	Il17d	chr14	57524777	57543166	protein_coding	ENSMUSG00000050222	+	Il17d	1117
1118	Eef1akmt1	chr14	57549597	57571612	protein_coding	ENSMUSG00000021951	-	Eef1akmt1	1118
1119	1700039M10Rik	chr14	57571614	57572368	lncRNA	ENSMUSG00000097933	+	1700039M10Rik	1119
1120	Xpo4	chr14	57577521	57665430	protein_coding	ENSMUSG00000021952	-	Xpo4	1120
1121	Gm49361	chr14	57642077	57746103	protein_coding	ENSMUSG00000114942	-	Gm49361	1121
1122	Lats2	chr14	57689662	57758388	protein_coding	ENSMUSG00000021959	-	Lats2	1122
1123	Gm26440	chr14	57697809	57697937	snoRNA	ENSMUSG00000064525	+	Gm26440	1123
1124	Gm20430	chr14	57698013	57698219	processed_pseudogene	ENSMUSG00000092358	+	Gm20430	1124
1125	Sap18	chr14	57798180	57806638	protein_coding	ENSMUSG00000021963	+	Sap18	1125
1126	Ska3	chr14	57806561	57826185	protein_coding	ENSMUSG00000021965	-	Ska3	1126
1127	Mrpl57	chr14	57826234	57829296	protein_coding	ENSMUSG00000021967	+	Mrpl57	1127
1128	Gm22738	chr14	57831063	57831209	snRNA	ENSMUSG00000065374	-	Gm22738	1128
1129	Zdhhc20	chr14	57832703	57890276	protein_coding	ENSMUSG00000021969	-	Zdhhc20	1129
1130	Micu2	chr14	57916261	57999262	protein_coding	ENSMUSG00000021973	-	Micu2	1130
1131	3110083C13Rik	chr14	57999323	58003697	lncRNA	ENSMUSG00000097303	+	3110083C13Rik	1131
1132	Gm9012	chr14	58049229	58049823	processed_pseudogene	ENSMUSG00000114918	-	Gm9012	1132
1133	Fgf9	chr14	58070547	58112720	protein_coding	ENSMUSG00000021974	+	Fgf9	1133
1134	Gm18080	chr14	58240221	58240834	processed_pseudogene	ENSMUSG00000114562	+	Gm18080	1134
1135	Gm33321	chr14	58300973	58363816	lncRNA	ENSMUSG00000114690	+	Gm33321	1135
1136	Gm25614	chr14	58650268	58650400	snoRNA	ENSMUSG00000077201	-	Gm25614	1136
1137	Gm48447	chr14	58912104	58939867	lncRNA	ENSMUSG00000114486	+	Gm48447	1137
1138	Gm33472	chr14	59043995	59061063	lncRNA	ENSMUSG00000114441	-	Gm33472	1138
1139	Gm41162	chr14	59046121	59067224	lncRNA	ENSMUSG00000114720	+	Gm41162	1139
1140	Gm48453	chr14	59084136	59087118	lncRNA	ENSMUSG00000114289	-	Gm48453	1140
1141	1700129C05Rik	chr14	59133040	59142893	protein_coding	ENSMUSG00000021977	-	1700129C05Rik	1141
1142	Gm5142	chr14	59158503	59178749	protein_coding	ENSMUSG00000053868	-	Gm5142	1142
1143	Rcbtb1	chr14	59201209	59237265	protein_coding	ENSMUSG00000035469	+	Rcbtb1	1143
1144	Phf11-ps	chr14	59244700	59260180	unprocessed_pseudogene	ENSMUSG00000090881	-	Phf11-ps	1144
1145	Phf11a	chr14	59276913	59297522	protein_coding	ENSMUSG00000044703	-	Phf11a	1145
1146	Phf11b	chr14	59320964	59341351	protein_coding	ENSMUSG00000091649	-	Phf11b	1146
1147	Phf11d	chr14	59347407	59365470	protein_coding	ENSMUSG00000068245	-	Phf11d	1147
1148	Phf11c	chr14	59380833	59395381	protein_coding	ENSMUSG00000091144	-	Phf11c	1148
1149	Setdb2	chr14	59402009	59440884	protein_coding	ENSMUSG00000071350	-	Setdb2	1149
1150	Gm16301	chr14	59414270	59414564	processed_pseudogene	ENSMUSG00000089643	-	Gm16301	1150
1151	Cab39l	chr14	59440972	59585764	protein_coding	ENSMUSG00000021981	+	Cab39l	1151
1152	Cdadc1	chr14	59559388	59597959	protein_coding	ENSMUSG00000021982	-	Cdadc1	1152
1153	Shisa2	chr14	59625308	59631660	protein_coding	ENSMUSG00000044461	+	Shisa2	1153
1154	Atp8a2	chr14	59638540	60197179	protein_coding	ENSMUSG00000021983	-	Atp8a2	1154
1155	Gm19716	chr14	59642312	59644384	transcribed_processed_pseudogene	ENSMUSG00000114593	+	Gm19716	1155
1156	Gm9013	chr14	60039610	60040491	processed_pseudogene	ENSMUSG00000087286	-	Gm9013	1156
1157	4930563I02Rik	chr14	60087071	60096093	lncRNA	ENSMUSG00000086112	+	4930563I02Rik	1157
1158	Gm6913	chr14	60141063	60141410	processed_pseudogene	ENSMUSG00000075288	+	Gm6913	1158
1159	Gm16261	chr14	60154151	60154355	processed_pseudogene	ENSMUSG00000072068	+	Gm16261	1159
1160	Nupl1	chr14	60184612	60251431	protein_coding	ENSMUSG00000063895	-	Nupl1	1160
1161	Gm49336	chr14	60205282	60251507	protein_coding	ENSMUSG00000114797	-	Gm49336	1161
1162	Gm47694	chr14	60210974	60216419	TEC	ENSMUSG00000114584	-	Gm47694	1162
1163	Mir719	chr14	60228806	60228915	miRNA	ENSMUSG00000076270	-	Mir719	1163
1164	Mtmr6	chr14	60265228	60302370	protein_coding	ENSMUSG00000021987	+	Mtmr6	1164
1165	Amer2	chr14	60373259	60388197	protein_coding	ENSMUSG00000021986	+	Amer2	1165
1166	Gm6066	chr14	60441979	60442453	processed_pseudogene	ENSMUSG00000114948	+	Gm6066	1166
1167	Gm29266	chr14	60485208	60599031	lncRNA	ENSMUSG00000101797	+	Gm29266	1167
1168	Spata13	chr14	60634001	60764556	protein_coding	ENSMUSG00000021990	+	Spata13	1168
1169	C1qtnf9	chr14	60768134	60780869	protein_coding	ENSMUSG00000071347	+	C1qtnf9	1169
1170	Mipepos	chr14	60776329	60784581	lncRNA	ENSMUSG00000084951	-	Mipepos	1170
1171	Mipep	chr14	60784573	60905478	protein_coding	ENSMUSG00000021993	+	Mipep	1171
1172	Tnfrsf19	chr14	60963875	61046490	protein_coding	ENSMUSG00000060548	-	Tnfrsf19	1172
1173	Gm41168	chr14	61037960	61076802	lncRNA	ENSMUSG00000115627	+	Gm41168	1173
1174	Sacs	chr14	61138457	61240695	protein_coding	ENSMUSG00000048279	+	Sacs	1174
1175	Sgcg	chr14	61219115	61258490	protein_coding	ENSMUSG00000035296	-	Sgcg	1175
1176	1700109G14Rik	chr14	61292980	61318146	lncRNA	ENSMUSG00000101505	-	1700109G14Rik	1176
1177	Arl11	chr14	61309753	61311936	protein_coding	ENSMUSG00000043157	+	Arl11	1177
1178	Gm5461	chr14	61324852	61325810	processed_pseudogene	ENSMUSG00000114642	-	Gm5461	1178
1179	Ebpl	chr14	61331742	61360439	protein_coding	ENSMUSG00000021928	-	Ebpl	1179
1180	Kpna3	chr14	61365211	61439874	protein_coding	ENSMUSG00000021929	-	Kpna3	1180
1181	4930556J02Rik	chr14	61492688	61527389	lncRNA	ENSMUSG00000115656	+	4930556J02Rik	1181
1182	Spryd7	chr14	61531993	61556886	protein_coding	ENSMUSG00000021930	-	Spryd7	1182
1183	Vmn1r-ps136	chr14	61543727	61544108	unprocessed_pseudogene	ENSMUSG00000115802	+	Vmn1r-ps136	1183
1184	Gm4118	chr14	61558798	61559661	processed_pseudogene	ENSMUSG00000114902	+	Gm4118	1184
1185	Trim13	chr14	61598247	61605946	protein_coding	ENSMUSG00000035235	+	Trim13	1185
1186	Dleu2	chr14	61602839	61682373	lncRNA	ENSMUSG00000097589	-	Dleu2	1186
1187	Kcnrg	chr14	61607457	61612826	protein_coding	ENSMUSG00000046168	+	Kcnrg	1187
1188	Gm27010	chr14	61625926	61627337	lncRNA	ENSMUSG00000098183	-	Gm27010	1188
1189	Gm27845	chr14	61629093	61629206	misc_RNA	ENSMUSG00000098967	+	Gm27845	1189
1190	Gm26916	chr14	61629484	61630414	lncRNA	ENSMUSG00000098088	+	Gm26916	1190
1191	Mir16-1	chr14	61631880	61631972	miRNA	ENSMUSG00000092995	-	Mir16-1	1191
1192	Gm27747	chr14	61643371	61643455	misc_RNA	ENSMUSG00000098914	+	Gm27747	1192
1193	Gm27972	chr14	61648638	61648774	misc_RNA	ENSMUSG00000098626	+	Gm27972	1193
1194	Gm27017	chr14	61648950	61667312	lncRNA	ENSMUSG00000097997	+	Gm27017	1194
1195	Gm27928	chr14	61666387	61666642	misc_RNA	ENSMUSG00000099039	+	Gm27928	1195
1196	Gm37420	chr14	61667220	61670131	TEC	ENSMUSG00000103869	-	Gm37420	1196
1197	Gm37472	chr14	61677443	61681494	TEC	ENSMUSG00000102151	-	Gm37472	1197
1198	Gm47953	chr14	62012319	62012633	processed_pseudogene	ENSMUSG00000114368	+	Gm47953	1198
1199	Gm35419	chr14	62113120	62171126	lncRNA	ENSMUSG00000115531	-	Gm35419	1199
1200	Dleu7	chr14	62276231	62293047	protein_coding	ENSMUSG00000048281	-	Dleu7	1200
1201	Rnaseh2b	chr14	62292589	62372992	protein_coding	ENSMUSG00000021932	+	Rnaseh2b	1201
1202	Gucy1b2	chr14	62392676	62456289	protein_coding	ENSMUSG00000021933	-	Gucy1b2	1202
1203	Gm4131	chr14	62463414	62566921	protein_coding	ENSMUSG00000100486	-	Gm4131	1203
1204	Gm6076	chr14	62514848	62515295	processed_pseudogene	ENSMUSG00000114292	-	Gm6076	1204
1205	Gm5802	chr14	62540493	62541193	processed_pseudogene	ENSMUSG00000114488	-	Gm5802	1205
1206	Fam124a	chr14	62555737	62608486	protein_coding	ENSMUSG00000035184	+	Fam124a	1206
1207	Serpine3	chr14	62663667	62692243	protein_coding	ENSMUSG00000091155	+	Serpine3	1207
1208	Ints6	chr14	62676330	62761169	protein_coding	ENSMUSG00000035161	-	Ints6	1208
1209	Gm18146	chr14	62779697	62780210	processed_pseudogene	ENSMUSG00000115371	+	Gm18146	1209
1210	Wdfy2	chr14	62837678	62961509	protein_coding	ENSMUSG00000014547	+	Wdfy2	1210
1211	Mir6541	chr14	62865542	62865651	miRNA	ENSMUSG00000098858	+	Mir6541	1211
1212	n-R5s47	chr14	62869714	62869832	rRNA	ENSMUSG00000084465	+	n-R5s47	1212
1213	Defb48	chr14	62977524	62984510	protein_coding	ENSMUSG00000075574	-	Defb48	1213
1214	Defb47	chr14	62998077	63001160	protein_coding	ENSMUSG00000075573	+	Defb47	1214
1215	Defb43	chr14	63011771	63018088	protein_coding	ENSMUSG00000075572	+	Defb43	1215
1216	Defb30	chr14	63034087	63049960	protein_coding	ENSMUSG00000075571	-	Defb30	1216
1217	Defb42	chr14	63046991	63058149	protein_coding	ENSMUSG00000054763	+	Defb42	1217
1218	Gm23629	chr14	63099536	63099642	snRNA	ENSMUSG00000064399	+	Gm23629	1218
1219	Ctsb	chr14	63122462	63145923	protein_coding	ENSMUSG00000021939	+	Ctsb	1219
1220	Fdft1	chr14	63145150	63179578	protein_coding	ENSMUSG00000021273	-	Fdft1	1220
1221	Neil2	chr14	63182443	63193856	protein_coding	ENSMUSG00000035121	-	Neil2	1221
1222	Gata4	chr14	63198922	63271692	protein_coding	ENSMUSG00000021944	-	Gata4	1222
1223	Gm49390	chr14	63317745	63336957	lncRNA	ENSMUSG00000114898	+	Gm49390	1223
1224	Gm5463	chr14	63329220	63345635	lncRNA	ENSMUSG00000114892	+	Gm5463	1224
1225	Blk	chr14	63372836	63417037	protein_coding	ENSMUSG00000014453	-	Blk	1225
1226	Fam167a	chr14	63436394	63465498	protein_coding	ENSMUSG00000035095	+	Fam167a	1226
1227	Tdh	chr14	63492347	63509092	protein_coding	ENSMUSG00000021953	-	Tdh	1227
1228	Gm17232	chr14	63493699	63499872	lncRNA	ENSMUSG00000090374	+	Gm17232	1228
1229	Mtmr9	chr14	63519651	63543982	protein_coding	ENSMUSG00000035078	-	Mtmr9	1229
1230	Gm15918	chr14	63602524	63607372	lncRNA	ENSMUSG00000087652	-	Gm15918	1230
1231	Xkr6	chr14	63606503	63820809	protein_coding	ENSMUSG00000035067	+	Xkr6	1231
1232	Mir598	chr14	63727189	63727267	miRNA	ENSMUSG00000076049	+	Mir598	1232
1233	Pinx1	chr14	63860364	63919859	protein_coding	ENSMUSG00000021958	+	Pinx1	1233
1234	Sox7	chr14	63943673	63950732	protein_coding	ENSMUSG00000063060	+	Sox7	1234
1235	4930578I06Rik	chr14	63969339	63987790	protein_coding	ENSMUSG00000021961	-	4930578I06Rik	1235
1236	Rp1l1	chr14	63992506	64035025	protein_coding	ENSMUSG00000046049	+	Rp1l1	1236
1237	Prss55	chr14	64075438	64090162	protein_coding	ENSMUSG00000034623	-	Prss55	1237
1238	Prss51	chr14	64086234	64097678	protein_coding	ENSMUSG00000052099	+	Prss51	1238
1239	4930471C04Rik	chr14	64099295	64104235	lncRNA	ENSMUSG00000091686	-	4930471C04Rik	1239
1240	Prss52	chr14	64104286	64113755	protein_coding	ENSMUSG00000021966	+	Prss52	1240
1241	Gm17116	chr14	64111200	64114641	lncRNA	ENSMUSG00000090785	-	Gm17116	1241
1242	9630015K15Rik	chr14	64116314	64127605	lncRNA	ENSMUSG00000114284	+	9630015K15Rik	1242
1243	Msra	chr14	64122625	64455903	protein_coding	ENSMUSG00000054733	-	Msra	1243
1244	Gm47202	chr14	64530952	64537538	lncRNA	ENSMUSG00000114680	-	Gm47202	1244
1245	Mir124a-1hg	chr14	64587331	64593961	lncRNA	ENSMUSG00000097545	+	Mir124a-1hg	1245
1246	Mir124a-1	chr14	64590657	64590741	miRNA	ENSMUSG00000065597	+	Mir124a-1	1246
1247	Mir3078	chr14	64591185	64591271	miRNA	ENSMUSG00000092972	+	Mir3078	1247
1248	Kif13b	chr14	64647265	64809617	protein_coding	ENSMUSG00000060012	+	Kif13b	1248
1249	Gm26225	chr14	64753918	64754052	snoRNA	ENSMUSG00000064442	+	Gm26225	1249
1250	Hmbox1	chr14	64811600	64949871	protein_coding	ENSMUSG00000021972	-	Hmbox1	1250
1251	Gm37183	chr14	64835855	64839259	TEC	ENSMUSG00000102764	-	Gm37183	1251
1252	Gm20111	chr14	64839100	64839418	processed_pseudogene	ENSMUSG00000098837	+	Gm20111	1252
1253	Gm4573	chr14	64921821	64922085	processed_pseudogene	ENSMUSG00000114686	+	Gm4573	1253
1254	Ints9	chr14	64950045	65039832	protein_coding	ENSMUSG00000021975	+	Ints9	1254
1255	Extl3	chr14	65052060	65149855	protein_coding	ENSMUSG00000021978	-	Extl3	1255
1256	Gm30008	chr14	65171115	65174959	lncRNA	ENSMUSG00000114658	-	Gm30008	1256
1257	Gm41177	chr14	65172355	65185432	lncRNA	ENSMUSG00000114693	+	Gm41177	1257
1258	Fzd3	chr14	65192449	65262463	protein_coding	ENSMUSG00000007989	-	Fzd3	1258
1259	Fbxo16	chr14	65266618	65323973	protein_coding	ENSMUSG00000034532	+	Fbxo16	1259
1260	Gm48433	chr14	65326331	65337604	lncRNA	ENSMUSG00000114209	+	Gm48433	1260
1261	Gm48449	chr14	65351442	65359410	lncRNA	ENSMUSG00000114357	-	Gm48449	1261
1262	Zfp395	chr14	65358389	65398930	protein_coding	ENSMUSG00000034522	+	Zfp395	1262
1263	Pnoc	chr14	65400673	65425472	protein_coding	ENSMUSG00000045731	-	Pnoc	1263
1264	Elp3	chr14	65530449	65593075	protein_coding	ENSMUSG00000022031	-	Elp3	1264
1265	Nuggc	chr14	65598546	65648531	protein_coding	ENSMUSG00000061356	+	Nuggc	1265
1266	Scara5	chr14	65666403	65764826	protein_coding	ENSMUSG00000022032	+	Scara5	1266
1267	Pbk	chr14	65805837	65817822	protein_coding	ENSMUSG00000022033	+	Pbk	1267
1268	Esco2	chr14	65819038	65833994	protein_coding	ENSMUSG00000022034	-	Esco2	1268
1269	Ccdc25	chr14	65837302	65866607	protein_coding	ENSMUSG00000022035	+	Ccdc25	1269
1270	Scara3	chr14	65919394	65953935	protein_coding	ENSMUSG00000034463	-	Scara3	1270
1271	Gm19222	chr14	65961121	65962888	processed_pseudogene	ENSMUSG00000114844	-	Gm19222	1271
1272	Clu	chr14	65968483	65981547	protein_coding	ENSMUSG00000022037	+	Clu	1272
1273	Gulo	chr14	65986786	66009207	protein_coding	ENSMUSG00000034450	-	Gulo	1273
1274	Adam2	chr14	66027329	66077733	protein_coding	ENSMUSG00000022039	-	Adam2	1274
1275	Ephx2	chr14	66084374	66124500	protein_coding	ENSMUSG00000022040	-	Ephx2	1275
1276	Chrna2	chr14	66135039	66152948	protein_coding	ENSMUSG00000022041	+	Chrna2	1276
1277	Ptk2b	chr14	66153257	66281052	protein_coding	ENSMUSG00000059456	-	Ptk2b	1277
1278	1700001G11Rik	chr14	66295334	66297129	lncRNA	ENSMUSG00000085984	-	1700001G11Rik	1278
1279	Trim35	chr14	66297031	66311424	protein_coding	ENSMUSG00000022043	+	Trim35	1279
1280	Stmn4	chr14	66344296	66361680	protein_coding	ENSMUSG00000022044	+	Stmn4	1280
1281	Adra1a	chr14	66635251	66771168	protein_coding	ENSMUSG00000045875	+	Adra1a	1281
1282	Gm10032	chr14	66784480	66793758	lncRNA	ENSMUSG00000057913	+	Gm10032	1282
1283	Gm9130	chr14	66797856	66798378	processed_pseudogene	ENSMUSG00000114829	-	Gm9130	1283
1284	Dpysl2	chr14	66802864	66868688	protein_coding	ENSMUSG00000022048	-	Dpysl2	1284
1285	Gm5464	chr14	66868850	66871723	lncRNA	ENSMUSG00000075553	+	Gm5464	1285
1286	Pnma2	chr14	66911170	66921023	protein_coding	ENSMUSG00000046204	+	Pnma2	1286
1287	Gm9570	chr14	66967182	66969867	processed_pseudogene	ENSMUSG00000114558	+	Gm9570	1287
1288	Gm24258	chr14	66970452	66970584	snoRNA	ENSMUSG00000065673	+	Gm24258	1288
1289	Bnip3l	chr14	66985239	67008877	protein_coding	ENSMUSG00000022051	-	Bnip3l	1289
1290	Ppp2r2a	chr14	67014056	67072444	protein_coding	ENSMUSG00000022052	-	Ppp2r2a	1290
1291	Gm30806	chr14	67169588	67209261	lncRNA	ENSMUSG00000114697	+	Gm30806	1291
1292	Gm20675	chr14	67232437	67233129	lncRNA	ENSMUSG00000093744	-	Gm20675	1292
1293	Ebf2	chr14	67233292	67430918	protein_coding	ENSMUSG00000022053	+	Ebf2	1293
1294	Gm6878	chr14	67304888	67314711	lncRNA	ENSMUSG00000075549	-	Gm6878	1294
1295	1700120O09Rik	chr14	67324894	67335928	lncRNA	ENSMUSG00000093386	-	1700120O09Rik	1295
1296	4930438E09Rik	chr14	67332042	67397742	lncRNA	ENSMUSG00000093472	-	4930438E09Rik	1296
1297	Gm10860	chr14	67427668	67437171	lncRNA	ENSMUSG00000093634	-	Gm10860	1297
1298	Gm38409	chr14	67476873	67502079	lncRNA	ENSMUSG00000114744	+	Gm38409	1298
1299	Gm20667	chr14	67673177	67675106	lncRNA	ENSMUSG00000093726	-	Gm20667	1299
1300	Cdca2	chr14	67676331	67715841	protein_coding	ENSMUSG00000048922	-	Cdca2	1300
1301	Kctd9	chr14	67715937	67742310	protein_coding	ENSMUSG00000034327	+	Kctd9	1301
1302	Gnrh1	chr14	67745181	67749439	protein_coding	ENSMUSG00000015812	+	Gnrh1	1302
1303	Dock5	chr14	67752135	67933442	protein_coding	ENSMUSG00000044447	-	Dock5	1303
1304	Gm31107	chr14	68044428	68051330	lncRNA	ENSMUSG00000114621	-	Gm31107	1304
1305	Nefm	chr14	68082590	68124846	protein_coding	ENSMUSG00000022054	-	Nefm	1305
1306	Nefl	chr14	68083863	68089095	protein_coding	ENSMUSG00000022055	+	Nefl	1306
1307	Gm47212	chr14	68218253	68223811	lncRNA	ENSMUSG00000114925	+	Gm47212	1307
1308	Gm31227	chr14	68461631	68496417	lncRNA	ENSMUSG00000114396	+	Gm31227	1308
1309	Adam7	chr14	68497336	68533741	protein_coding	ENSMUSG00000022056	-	Adam7	1309
1310	Adamdec1	chr14	68563380	68582095	protein_coding	ENSMUSG00000022057	-	Adamdec1	1310
1311	Adam28	chr14	68606027	68655842	protein_coding	ENSMUSG00000014725	-	Adam28	1311
1312	Gm41192	chr14	69019434	69029652	lncRNA	ENSMUSG00000114833	-	Gm41192	1312
1313	Stc1	chr14	69029238	69041804	protein_coding	ENSMUSG00000014813	+	Stc1	1313
1314	Rps2-ps5	chr14	69158671	69159519	processed_pseudogene	ENSMUSG00000098713	+	Rps2-ps5	1314
1315	Nkx3-1	chr14	69190638	69194662	protein_coding	ENSMUSG00000022061	+	Nkx3-1	1315
1316	Gm37762	chr14	69209569	69213129	TEC	ENSMUSG00000102999	-	Gm37762	1316
1317	Slc25a37	chr14	69241848	69285112	protein_coding	ENSMUSG00000034248	-	Slc25a37	1317
1318	Gm31748	chr14	69284350	69285846	TEC	ENSMUSG00000104405	+	Gm31748	1318
1319	Gm27223	chr14	69284606	69305355	lncRNA	ENSMUSG00000098255	+	Gm27223	1319
1320	Gm16677	chr14	69327999	69337165	lncRNA	ENSMUSG00000097511	-	Gm16677	1320
1321	Entpd4	chr14	69337174	69367270	protein_coding	ENSMUSG00000095463	+	Entpd4	1321
1322	Gm27221	chr14	69348897	69352259	lncRNA	ENSMUSG00000098270	-	Gm27221	1322
1323	Gm16867	chr14	69363504	69503362	protein_coding	ENSMUSG00000093954	-	Gm16867	1323
1324	Gm21451	chr14	69390854	69480287	unprocessed_pseudogene	ENSMUSG00000094526	+	Gm21451	1324
1325	Gm38378	chr14	69395504	69397771	TEC	ENSMUSG00000102660	-	Gm38378	1325
1326	Gm37094	chr14	69495851	69500390	TEC	ENSMUSG00000103720	-	Gm37094	1326
1327	Gm37847	chr14	69502600	69504096	TEC	ENSMUSG00000102611	+	Gm37847	1327
1328	Gm27175	chr14	69502856	69523605	lncRNA	ENSMUSG00000099315	+	Gm27175	1328
1329	Gm27174	chr14	69546249	69555332	lncRNA	ENSMUSG00000098784	-	Gm27174	1329
1330	Entpd4b	chr14	69555424	69585520	protein_coding	ENSMUSG00000022066	+	Entpd4b	1330
1331	Gm27176	chr14	69567147	69570509	lncRNA	ENSMUSG00000099027	-	Gm27176	1331
1332	Gm27177	chr14	69582164	69683286	lncRNA	ENSMUSG00000098975	-	Gm27177	1332
1333	Loxl2	chr14	69609068	69695834	protein_coding	ENSMUSG00000034205	+	Loxl2	1333
1334	Gm37513	chr14	69613779	69616046	TEC	ENSMUSG00000104371	-	Gm37513	1334
1335	R3hcc1	chr14	69697307	69707584	protein_coding	ENSMUSG00000034194	-	R3hcc1	1335
1336	Chmp7	chr14	69717000	69732541	protein_coding	ENSMUSG00000034190	-	Chmp7	1336
1337	Gm17740	chr14	69761171	69763538	processed_pseudogene	ENSMUSG00000114316	-	Gm17740	1337
1338	Tnfrsf10b	chr14	69767472	69784411	protein_coding	ENSMUSG00000022074	+	Tnfrsf10b	1338
1339	Rhobtb2	chr14	69784990	69805636	protein_coding	ENSMUSG00000022075	-	Rhobtb2	1339
1340	Pebp4	chr14	69840420	70059918	protein_coding	ENSMUSG00000022085	+	Pebp4	1340
1341	Gm33524	chr14	70018231	70057367	lncRNA	ENSMUSG00000114446	-	Gm33524	1341
1342	Egr3	chr14	70077203	70082614	protein_coding	ENSMUSG00000033730	+	Egr3	1342
1343	Bin3	chr14	70100105	70138206	protein_coding	ENSMUSG00000022089	+	Bin3	1343
1344	Ccar2	chr14	70138164	70153811	protein_coding	ENSMUSG00000033712	-	Ccar2	1344
1345	9930012K11Rik	chr14	70154405	70159502	protein_coding	ENSMUSG00000044551	-	9930012K11Rik	1345
1346	Pdlim2	chr14	70164218	70177681	protein_coding	ENSMUSG00000022090	-	Pdlim2	1346
1347	Sorbs3	chr14	70180468	70211989	protein_coding	ENSMUSG00000022091	-	Sorbs3	1347
1348	Gm49417	chr14	70205324	70255287	lncRNA	ENSMUSG00000115186	+	Gm49417	1348
1349	Ppp3cc	chr14	70217865	70289471	protein_coding	ENSMUSG00000022092	-	Ppp3cc	1349
1350	Gm49288	chr14	70237285	70237569	processed_pseudogene	ENSMUSG00000115645	-	Gm49288	1350
1351	Gm4240	chr14	70302207	70302939	processed_pseudogene	ENSMUSG00000115025	+	Gm4240	1351
1352	Slc39a14	chr14	70303469	70351425	protein_coding	ENSMUSG00000022094	-	Slc39a14	1352
1353	Piwil2	chr14	70372477	70429383	protein_coding	ENSMUSG00000033644	-	Piwil2	1353
1354	Gm24890	chr14	70428496	70428597	snRNA	ENSMUSG00000077577	-	Gm24890	1354
1355	Polr3d	chr14	70438757	70443447	protein_coding	ENSMUSG00000000776	-	Polr3d	1355
1356	Phyhip	chr14	70457476	70468832	protein_coding	ENSMUSG00000003469	+	Phyhip	1356
1357	Bmp1	chr14	70474558	70520234	protein_coding	ENSMUSG00000022098	-	Bmp1	1357
1358	Sftpc	chr14	70520949	70524081	protein_coding	ENSMUSG00000022097	-	Sftpc	1358
1359	Lgi3	chr14	70530685	70538324	protein_coding	ENSMUSG00000033595	+	Lgi3	1359
1360	Reep4	chr14	70545251	70548933	protein_coding	ENSMUSG00000033589	+	Reep4	1360
1361	Hr	chr14	70552212	70573548	protein_coding	ENSMUSG00000022096	+	Hr	1361
1362	Nudt18	chr14	70577637	70582688	protein_coding	ENSMUSG00000045211	+	Nudt18	1362
1363	Fam160b2	chr14	70583296	70599835	protein_coding	ENSMUSG00000022095	-	Fam160b2	1363
1364	Dmtn	chr14	70601263	70636048	protein_coding	ENSMUSG00000022099	-	Dmtn	1364
1365	Fgf17	chr14	70636203	70642268	protein_coding	ENSMUSG00000022101	-	Fgf17	1365
1366	Npm2	chr14	70647302	70659244	protein_coding	ENSMUSG00000047911	-	Npm2	1366
1367	Xpo7	chr14	70654246	70766628	protein_coding	ENSMUSG00000022100	-	Xpo7	1367
1368	Gm49244	chr14	70674450	70674891	processed_pseudogene	ENSMUSG00000115387	+	Gm49244	1368
1369	Dok2	chr14	70766036	70778495	protein_coding	ENSMUSG00000022102	+	Dok2	1369
1370	2410012E07Rik	chr14	70852933	70873954	lncRNA	ENSMUSG00000099528	+	2410012E07Rik	1370
1371	Gfra2	chr14	70890120	70979838	protein_coding	ENSMUSG00000022103	+	Gfra2	1371
1372	Gm49289	chr14	71087270	71147008	lncRNA	ENSMUSG00000115671	+	Gm49289	1372
1373	Gm4251	chr14	71251273	71271051	lncRNA	ENSMUSG00000115139	+	Gm4251	1373
1374	Gm9192	chr14	71819567	71820551	processed_pseudogene	ENSMUSG00000098064	-	Gm9192	1374
1375	4930434J06Rik	chr14	71856702	71920439	lncRNA	ENSMUSG00000115304	+	4930434J06Rik	1375
1376	Gm9195	chr14	72426013	72491838	protein_coding	ENSMUSG00000109446	-	Gm9195	1376
1377	Fndc3a	chr14	72537946	72710003	protein_coding	ENSMUSG00000033487	-	Fndc3a	1377
1378	Gm16549	chr14	72589752	72603367	lncRNA	ENSMUSG00000090216	+	Gm16549	1378
1379	Gm49293	chr14	72732748	72738313	lncRNA	ENSMUSG00000115494	-	Gm49293	1379
1380	Gm41206	chr14	72789353	72860268	lncRNA	ENSMUSG00000115532	+	Gm41206	1380
1381	Gm4606	chr14	72840641	72863555	transcribed_processed_pseudogene	ENSMUSG00000115611	-	Gm4606	1381
1382	Gm49295	chr14	72902159	72902636	processed_pseudogene	ENSMUSG00000115475	+	Gm49295	1382
1383	Cysltr2	chr14	73025603	73049114	protein_coding	ENSMUSG00000033470	-	Cysltr2	1383
1384	Rcbtb2	chr14	73123037	73207843	protein_coding	ENSMUSG00000022106	+	Rcbtb2	1384
1385	Gm17233	chr14	73173820	73187321	lncRNA	ENSMUSG00000090706	-	Gm17233	1385
1386	Rb1	chr14	73183673	73325822	protein_coding	ENSMUSG00000022105	-	Rb1	1386
1387	Mir687	chr14	73206763	73206851	miRNA	ENSMUSG00000076121	-	Mir687	1387
1388	Lpar6	chr14	73237895	73243294	protein_coding	ENSMUSG00000033446	+	Lpar6	1388
1389	Gm49131	chr14	73335092	73335341	processed_pseudogene	ENSMUSG00000115573	+	Gm49131	1389
1390	Itm2b	chr14	73362226	73385289	protein_coding	ENSMUSG00000022108	-	Itm2b	1390
1391	Med4	chr14	73510025	73518849	protein_coding	ENSMUSG00000022109	+	Med4	1391
1392	Nudt15	chr14	73518877	73548242	protein_coding	ENSMUSG00000033405	-	Nudt15	1392
1393	Sucla2	chr14	73525319	73596142	protein_coding	ENSMUSG00000022110	+	Sucla2	1393
1394	Gm21750	chr14	73661225	73662721	protein_coding	ENSMUSG00000096463	+	Gm21750	1394
1395	Gm49165	chr14	73712817	73732016	lncRNA	ENSMUSG00000115088	-	Gm49165	1395
1396	Gm49164	chr14	73728568	73956061	lncRNA	ENSMUSG00000115289	+	Gm49164	1396
1397	Gm16409	chr14	73796544	73797290	processed_pseudogene	ENSMUSG00000075581	-	Gm16409	1397
1398	Gm18683	chr14	73933027	73933609	processed_pseudogene	ENSMUSG00000115470	+	Gm18683	1398
1399	Gm49170	chr14	73974226	73974412	processed_pseudogene	ENSMUSG00000115559	+	Gm49170	1399
1400	Gm49171	chr14	73979158	74451303	lncRNA	ENSMUSG00000115704	-	Gm49171	1400
1401	4933402J15Rik	chr14	74355527	74369741	lncRNA	ENSMUSG00000115845	+	4933402J15Rik	1401
1402	Gm49175	chr14	74532174	74547547	lncRNA	ENSMUSG00000115449	-	Gm49175	1402
1403	Htr2a	chr14	74640840	74709494	protein_coding	ENSMUSG00000034997	+	Htr2a	1403
1404	Gm9212	chr14	74717712	74718830	processed_pseudogene	ENSMUSG00000115288	+	Gm9212	1404
1405	Esd	chr14	74732297	74750765	protein_coding	ENSMUSG00000021996	+	Esd	1405
1406	Lrch1	chr14	74754675	74947876	protein_coding	ENSMUSG00000068015	-	Lrch1	1406
1407	Gm10847	chr14	74926445	74933133	lncRNA	ENSMUSG00000115002	+	Gm10847	1407
1408	Gm4278	chr14	74975086	74987104	lncRNA	ENSMUSG00000115019	+	Gm4278	1408
1409	Rubcnl	chr14	75016027	75052532	protein_coding	ENSMUSG00000034959	+	Rubcnl	1409
1410	Lrrc63	chr14	75084303	75130881	protein_coding	ENSMUSG00000021997	-	Lrrc63	1410
1411	Lcp1	chr14	75131101	75230842	protein_coding	ENSMUSG00000021998	+	Lcp1	1411
1412	Gm15628	chr14	75136270	75136912	lncRNA	ENSMUSG00000089733	-	Gm15628	1412
1413	Gm15629	chr14	75197073	75199271	lncRNA	ENSMUSG00000090054	-	Gm15629	1413
1414	Cpb2	chr14	75242287	75283555	protein_coding	ENSMUSG00000021999	+	Cpb2	1414
1415	Gm18147	chr14	75264217	75264967	processed_pseudogene	ENSMUSG00000115789	+	Gm18147	1415
1416	Zc3h13	chr14	75284373	75344426	protein_coding	ENSMUSG00000022000	+	Zc3h13	1416
1417	Gm49200	chr14	75358982	75400446	lncRNA	ENSMUSG00000115615	-	Gm49200	1417
1418	Siah3	chr14	75455982	75529708	protein_coding	ENSMUSG00000091722	+	Siah3	1418
1419	Spert	chr14	75582877	75593116	protein_coding	ENSMUSG00000034913	-	Spert	1419
1420	Erich6b	chr14	75642249	75696717	protein_coding	ENSMUSG00000022002	+	Erich6b	1420
1421	Gm23622	chr14	75651423	75651529	snRNA	ENSMUSG00000064394	-	Gm23622	1421
1422	Cog3	chr14	75702350	75754558	protein_coding	ENSMUSG00000034893	-	Cog3	1422
1423	Gm24876	chr14	75745849	75745940	rRNA	ENSMUSG00000089405	-	Gm24876	1423
1424	Slc25a30	chr14	75760117	75787037	protein_coding	ENSMUSG00000022003	-	Slc25a30	1424
1425	Gm4285	chr14	75843379	75844964	lncRNA	ENSMUSG00000085829	-	Gm4285	1425
1426	Tpt1	chr14	75845093	75848525	protein_coding	ENSMUSG00000060126	+	Tpt1	1426
1427	Snora31	chr14	75847905	75848034	snoRNA	ENSMUSG00000065147	+	Snora31	1427
1428	Gtf2f2	chr14	75896937	76010865	protein_coding	ENSMUSG00000067995	-	Gtf2f2	1428
1429	Kctd4	chr14	75955009	75966206	protein_coding	ENSMUSG00000046523	+	Kctd4	1429
1430	Gm25517	chr14	75972486	75972619	snoRNA	ENSMUSG00000065799	-	Gm25517	1430
1431	Gpalpp1	chr14	76086236	76110760	protein_coding	ENSMUSG00000022008	-	Gpalpp1	1431
1432	Nufip1	chr14	76110891	76137379	protein_coding	ENSMUSG00000022009	+	Nufip1	1432
1433	2900040C04Rik	chr14	76251457	76252327	lncRNA	ENSMUSG00000115625	+	2900040C04Rik	1433
1434	Tsc22d1	chr14	76414961	76507765	protein_coding	ENSMUSG00000022010	+	Tsc22d1	1434
1435	Serp2	chr14	76532814	76556889	protein_coding	ENSMUSG00000052584	-	Serp2	1435
1436	1700108F19Rik	chr14	76672963	76687169	lncRNA	ENSMUSG00000101009	+	1700108F19Rik	1436
1437	4930431P22Rik	chr14	76760131	76762217	lncRNA	ENSMUSG00000115709	+	4930431P22Rik	1437
1438	Gm30246	chr14	76780827	76784212	lncRNA	ENSMUSG00000115817	+	Gm30246	1438
1439	Gm48968	chr14	76832821	76853299	lncRNA	ENSMUSG00000115353	+	Gm48968	1439
1440	Gm48969	chr14	76861571	76875175	lncRNA	ENSMUSG00000115596	+	Gm48969	1440
1441	Lacc1	chr14	77024200	77036904	protein_coding	ENSMUSG00000044350	-	Lacc1	1441
1442	Ccdc122	chr14	77036772	77112257	protein_coding	ENSMUSG00000034795	+	Ccdc122	1442
1443	Enox1	chr14	77156763	77721760	protein_coding	ENSMUSG00000022012	+	Enox1	1443
1444	Gm10132	chr14	77251847	77252314	processed_pseudogene	ENSMUSG00000063556	-	Gm10132	1444
1445	Gm49001	chr14	77342602	77344854	transcribed_processed_pseudogene	ENSMUSG00000115733	-	Gm49001	1445
1446	Gm49002	chr14	77438586	77440976	lncRNA	ENSMUSG00000115244	-	Gm49002	1446
1447	Gm6994	chr14	77479483	77506868	lncRNA	ENSMUSG00000067973	-	Gm6994	1447
1448	n-R5s48	chr14	77530398	77530507	rRNA	ENSMUSG00000084431	+	n-R5s48	1448
1449	Gm49003	chr14	77578544	77633860	lncRNA	ENSMUSG00000115363	-	Gm49003	1449
1450	Gm30467	chr14	77780974	77794221	lncRNA	ENSMUSG00000115257	+	Gm30467	1450
1451	Gm1587	chr14	77793945	77798968	lncRNA	ENSMUSG00000075512	-	Gm1587	1451
1452	Dnajc15	chr14	77820681	77875125	protein_coding	ENSMUSG00000022013	-	Dnajc15	1452
1453	Epsti1	chr14	77904239	78002657	protein_coding	ENSMUSG00000022014	+	Epsti1	1453
1454	Gm48954	chr14	78019728	78048336	lncRNA	ENSMUSG00000115517	+	Gm48954	1454
1455	Gm19301	chr14	78070717	78090786	lncRNA	ENSMUSG00000092272	+	Gm19301	1455
1456	Fam216b	chr14	78081021	78089007	protein_coding	ENSMUSG00000045655	-	Fam216b	1456
1457	Tnfsf11	chr14	78277445	78308043	protein_coding	ENSMUSG00000022015	-	Tnfsf11	1457
1458	Akap11	chr14	78492246	78536808	protein_coding	ENSMUSG00000022016	-	Akap11	1458
1459	Dgkh	chr14	78558750	78732776	protein_coding	ENSMUSG00000034731	-	Dgkh	1459
1460	Gm48998	chr14	78597770	78600476	TEC	ENSMUSG00000115087	-	Gm48998	1460
1461	Gm19098	chr14	78829326	78831270	processed_pseudogene	ENSMUSG00000115290	-	Gm19098	1461
1462	Vwa8	chr14	78849052	79202310	protein_coding	ENSMUSG00000058997	+	Vwa8	1462
1463	Gm49016	chr14	78945180	78947227	lncRNA	ENSMUSG00000115090	-	Gm49016	1463
1464	Gm6997	chr14	78965949	78966568	processed_pseudogene	ENSMUSG00000115539	-	Gm6997	1464
1465	Gm49011	chr14	79105709	79105879	processed_pseudogene	ENSMUSG00000115643	+	Gm49011	1465
1466	Gm49015	chr14	79146259	79151389	lncRNA	ENSMUSG00000115167	-	Gm49015	1466
1467	Gm4632	chr14	79178894	79199190	lncRNA	ENSMUSG00000115111	-	Gm4632	1467
1468	Zfp957	chr14	79212355	79247369	protein_coding	ENSMUSG00000071262	-	Zfp957	1468
1469	Gm49028	chr14	79260453	79261382	processed_pseudogene	ENSMUSG00000115045	+	Gm49028	1469
1470	Rgcc	chr14	79288756	79301645	protein_coding	ENSMUSG00000022018	-	Rgcc	1470
1471	Naa16	chr14	79325269	79390778	protein_coding	ENSMUSG00000022020	-	Naa16	1471
1472	Mtrf1	chr14	79397772	79423587	protein_coding	ENSMUSG00000022022	+	Mtrf1	1472
1473	Kbtbd7	chr14	79426511	79431036	protein_coding	ENSMUSG00000043881	+	Kbtbd7	1473
1474	Kbtbd6	chr14	79451835	79454818	protein_coding	ENSMUSG00000075502	+	Kbtbd6	1474
1475	Wbp4	chr14	79459937	79481520	protein_coding	ENSMUSG00000022023	-	Wbp4	1475
1476	Elf1	chr14	79481194	79582494	protein_coding	ENSMUSG00000036461	+	Elf1	1476
1477	Gm27857	chr14	79562167	79562292	miRNA	ENSMUSG00000093684	-	Gm27857	1477
1478	Sugt1	chr14	79587691	79635196	protein_coding	ENSMUSG00000022024	+	Sugt1	1478
1479	Cnmd	chr14	79637690	79662170	protein_coding	ENSMUSG00000022025	-	Cnmd	1479
1480	Gm49042	chr14	79695037	79702410	lncRNA	ENSMUSG00000115740	-	Gm49042	1480
1481	4930452G13Rik	chr14	79702920	79714464	lncRNA	ENSMUSG00000115422	+	4930452G13Rik	1481
1482	Pcdh8	chr14	79766775	79771312	protein_coding	ENSMUSG00000036422	-	Pcdh8	1482
1483	Gm6999	chr14	79836712	80006326	lncRNA	ENSMUSG00000097927	+	Gm6999	1483
1484	Gm10845	chr14	79860521	79869176	lncRNA	ENSMUSG00000095959	-	Gm10845	1484
1485	Gm49542	chr14	79898467	79907230	lncRNA	ENSMUSG00000115190	+	Gm49542	1485
1486	Olfm4	chr14	79984081	80023139	protein_coding	ENSMUSG00000022026	+	Olfm4	1486
1487	Gm17923	chr14	80214930	80216352	processed_pseudogene	ENSMUSG00000115334	+	Gm17923	1487
1488	Gm49043	chr14	80442405	80442870	processed_pseudogene	ENSMUSG00000115036	+	Gm49043	1488
1489	Gm49045	chr14	80974293	80974667	processed_pseudogene	ENSMUSG00000115297	+	Gm49045	1489
1490	Gm49046	chr14	81100768	81123367	lncRNA	ENSMUSG00000115542	+	Gm49046	1490
1491	Cyp2c73-ps	chr14	81370045	81371091	processed_pseudogene	ENSMUSG00000115465	+	Cyp2c73-ps	1491
1492	Gm41219	chr14	81685810	81721128	lncRNA	ENSMUSG00000115455	+	Gm41219	1492
1493	Gm49048	chr14	82140123	82142578	lncRNA	ENSMUSG00000115825	-	Gm49048	1493
1494	Gm49049	chr14	82770391	82770577	processed_pseudogene	ENSMUSG00000115051	+	Gm49049	1494
1495	Gm49050	chr14	82855964	82856344	processed_pseudogene	ENSMUSG00000115847	-	Gm49050	1495
1496	Gm49051	chr14	82892837	82893106	processed_pseudogene	ENSMUSG00000115031	+	Gm49051	1496
1497	Gm49052	chr14	83496398	83496901	processed_pseudogene	ENSMUSG00000115393	-	Gm49052	1497
1498	Gm49054	chr14	83932800	83939741	lncRNA	ENSMUSG00000115006	-	Gm49054	1498
1499	Gm32455	chr14	84046431	84075290	lncRNA	ENSMUSG00000115043	-	Gm32455	1499
1500	Gm49056	chr14	84114799	84115089	processed_pseudogene	ENSMUSG00000115770	+	Gm49056	1500
1501	Gm29800	chr14	84126486	84126874	processed_pseudogene	ENSMUSG00000115612	-	Gm29800	1501
1502	Pcdh17	chr14	84443563	84539002	protein_coding	ENSMUSG00000035566	+	Pcdh17	1502
1503	9630013A20Rik	chr14	84458639	84476424	lncRNA	ENSMUSG00000115529	-	9630013A20Rik	1503
1504	Gm7004	chr14	84757626	84759083	processed_pseudogene	ENSMUSG00000115743	-	Gm7004	1504
1505	Gm9264	chr14	85479026	85479533	processed_pseudogene	ENSMUSG00000115239	+	Gm9264	1505
1506	Gm49059	chr14	85655204	85655897	processed_pseudogene	ENSMUSG00000115653	+	Gm49059	1506
1507	Gm32729	chr14	86172923	86179581	lncRNA	ENSMUSG00000115217	+	Gm32729	1507
1508	4930529K09Rik	chr14	86245970	86283688	lncRNA	ENSMUSG00000115271	+	4930529K09Rik	1508
1509	Gm32815	chr14	86264144	86299734	lncRNA	ENSMUSG00000115777	-	Gm32815	1509
1510	Gm32913	chr14	86396382	86409099	lncRNA	ENSMUSG00000115664	-	Gm32913	1510
1511	Gm49158	chr14	86511615	86512071	processed_pseudogene	ENSMUSG00000115776	-	Gm49158	1511
1512	Diaph3	chr14	86655367	87141235	protein_coding	ENSMUSG00000022021	-	Diaph3	1512
1513	Gm49159	chr14	86704562	86707185	TEC	ENSMUSG00000115306	-	Gm49159	1513
1514	Gm49193	chr14	87160005	87162165	transcribed_processed_pseudogene	ENSMUSG00000115438	+	Gm49193	1514
1515	Tdrd3	chr14	87416639	87545504	protein_coding	ENSMUSG00000022019	+	Tdrd3	1515
1516	Gm49199	chr14	87428350	87429315	TEC	ENSMUSG00000115564	+	Gm49199	1516
1517	Gm49197	chr14	87492953	87495153	TEC	ENSMUSG00000115184	+	Gm49197	1517
1518	Gm4355	chr14	88012269	88098037	transcribed_processed_pseudogene	ENSMUSG00000115527	-	Gm4355	1518
1519	Rps3a2	chr14	88123017	88123808	processed_pseudogene	ENSMUSG00000062611	-	Rps3a2	1519
1520	Gm33203	chr14	88264392	88337544	lncRNA	ENSMUSG00000115479	-	Gm33203	1520
1521	Pcdh20	chr14	88464743	88471396	protein_coding	ENSMUSG00000050505	-	Pcdh20	1521
1522	Gm41225	chr14	88636033	88763761	lncRNA	ENSMUSG00000115623	+	Gm41225	1522
1523	Gm10110	chr14	89896228	89899447	transcribed_processed_pseudogene	ENSMUSG00000062093	-	Gm10110	1523
1524	Gm48941	chr14	90064763	90085892	lncRNA	ENSMUSG00000115313	-	Gm48941	1524
1525	4930474H20Rik	chr14	90126891	90269760	lncRNA	ENSMUSG00000115001	+	4930474H20Rik	1525
1526	Gm33246	chr14	90668259	90691445	lncRNA	ENSMUSG00000115292	-	Gm33246	1526
1527	Gm18082	chr14	90719554	90720328	processed_pseudogene	ENSMUSG00000115565	+	Gm18082	1527
1528	Gm48942	chr14	91638499	91647839	lncRNA	ENSMUSG00000115368	-	Gm48942	1528
1529	Gm48943	chr14	91676448	91730881	unprocessed_pseudogene	ENSMUSG00000115171	+	Gm48943	1529
1530	Gm48944	chr14	92233505	92233774	processed_pseudogene	ENSMUSG00000115308	+	Gm48944	1530
1531	Gm7232	chr14	92602458	92604397	processed_pseudogene	ENSMUSG00000115662	-	Gm7232	1531
1532	Gm48962	chr14	92674098	92674317	processed_pseudogene	ENSMUSG00000115660	+	Gm48962	1532
1533	4930433E05Rik	chr14	92861256	92866566	lncRNA	ENSMUSG00000115720	-	4930433E05Rik	1533
1534	Pcdh9	chr14	93013410	93890679	protein_coding	ENSMUSG00000055421	-	Pcdh9	1534
1535	Gm23509	chr14	93138030	93138189	snRNA	ENSMUSG00000065014	-	Gm23509	1535
1536	Gm9247	chr14	93194698	93195696	processed_pseudogene	ENSMUSG00000115505	-	Gm9247	1536
1537	Gm17922	chr14	93202100	93202901	processed_pseudogene	ENSMUSG00000115632	-	Gm17922	1537
1538	Gm48964	chr14	93311137	93313156	TEC	ENSMUSG00000115447	+	Gm48964	1538
1539	Gm48967	chr14	93618846	93623029	TEC	ENSMUSG00000115023	+	Gm48967	1539
1540	C230086J09Rik	chr14	93797141	93801173	TEC	ENSMUSG00000115471	-	C230086J09Rik	1540
1541	Gm48981	chr14	93982142	93982246	processed_pseudogene	ENSMUSG00000115797	+	Gm48981	1541
1542	Gm48982	chr14	94255460	94257165	processed_pseudogene	ENSMUSG00000115613	-	Gm48982	1542
1543	Gm18074	chr14	94508191	94508794	processed_pseudogene	ENSMUSG00000115638	-	Gm18074	1543
1544	Gm33450	chr14	94715695	94735465	lncRNA	ENSMUSG00000115822	-	Gm33450	1544
1545	Gm48989	chr14	95261017	95262070	processed_pseudogene	ENSMUSG00000115038	+	Gm48989	1545
1546	Gm5207	chr14	95419786	95421363	processed_pseudogene	ENSMUSG00000115243	+	Gm5207	1546
1547	Spertl	chr14	95881254	95882780	protein_coding	ENSMUSG00000034689	+	Spertl	1547
1548	Gm19099	chr14	95981980	95982700	processed_pseudogene	ENSMUSG00000115603	-	Gm19099	1548
1549	Klhl1	chr14	96102736	96519102	protein_coding	ENSMUSG00000022076	-	Klhl1	1549
1550	Gm15515	chr14	96231953	96232774	processed_pseudogene	ENSMUSG00000083933	+	Gm15515	1550
1551	Gm49006	chr14	96675070	96675550	processed_pseudogene	ENSMUSG00000115535	+	Gm49006	1551
1552	Gm18926	chr14	96890698	96891511	processed_pseudogene	ENSMUSG00000115714	-	Gm18926	1552
1553	Gm49007	chr14	96924633	96992293	lncRNA	ENSMUSG00000115601	-	Gm49007	1553
1554	Gm9287	chr14	96967825	96969754	processed_pseudogene	ENSMUSG00000115052	+	Gm9287	1554
1555	Gm33525	chr14	97042601	97052968	lncRNA	ENSMUSG00000115229	-	Gm33525	1555
1556	Gm23276	chr14	97336495	97336632	snoRNA	ENSMUSG00000088538	-	Gm23276	1556
1557	Dach1	chr14	97786853	98169765	protein_coding	ENSMUSG00000055639	-	Dach1	1557
1558	Gm26006	chr14	98260745	98260825	snoRNA	ENSMUSG00000089425	-	Gm26006	1558
1559	Gm49017	chr14	98519416	98519700	processed_pseudogene	ENSMUSG00000115486	-	Gm49017	1559
1560	Gm49018	chr14	98887974	98920945	lncRNA	ENSMUSG00000115242	-	Gm49018	1560
1561	Gm18148	chr14	98922654	98923527	processed_pseudogene	ENSMUSG00000115567	+	Gm18148	1561
1562	Rpl36a-ps1	chr14	98993870	98994318	protein_coding	ENSMUSG00000060377	-	Rpl36a-ps1	1562
1563	Mzt1	chr14	99034544	99046134	protein_coding	ENSMUSG00000033186	-	Mzt1	1563
1564	Bora	chr14	99046222	99074540	protein_coding	ENSMUSG00000022070	+	Bora	1564
1565	Dis3	chr14	99075206	99099770	protein_coding	ENSMUSG00000033166	-	Dis3	1565
1566	Pibf1	chr14	99099424	99254493	protein_coding	ENSMUSG00000022064	+	Pibf1	1566
1567	Gm4412	chr14	99291204	99291636	processed_pseudogene	ENSMUSG00000100172	-	Gm4412	1567
1568	Klf5	chr14	99298691	99315036	protein_coding	ENSMUSG00000005148	+	Klf5	1568
1569	Gm25130	chr14	99360672	99360827	snRNA	ENSMUSG00000064584	-	Gm25130	1569
1570	Gm49220	chr14	99441657	99442677	processed_pseudogene	ENSMUSG00000115178	+	Gm49220	1570
1571	Gm41230	chr14	99522545	99576902	lncRNA	ENSMUSG00000115580	+	Gm41230	1571
1572	Gm49225	chr14	99617527	99620016	lncRNA	ENSMUSG00000115550	-	Gm49225	1572
1573	Gm9298	chr14	99629756	99630666	processed_pseudogene	ENSMUSG00000115366	-	Gm9298	1573
1574	Gm37093	chr14	99747465	99792773	TEC	ENSMUSG00000103188	-	Gm37093	1574
1575	Gm22970	chr14	99773623	99773808	snRNA	ENSMUSG00000065238	-	Gm22970	1575
1576	Klf12	chr14	99870632	100284679	protein_coding	ENSMUSG00000072294	-	Klf12	1576
1577	4930517O19Rik	chr14	100213142	100245339	lncRNA	ENSMUSG00000054391	+	4930517O19Rik	1577
1578	Gm16260	chr14	100219486	100219789	processed_pseudogene	ENSMUSG00000084991	+	Gm16260	1578
1579	Gm41231	chr14	100286165	100292575	lncRNA	ENSMUSG00000110273	+	Gm41231	1579
1580	6330576A10Rik	chr14	100459423	100479525	lncRNA	ENSMUSG00000115821	+	6330576A10Rik	1580
1581	Gm49238	chr14	100655761	100662533	TEC	ENSMUSG00000115105	+	Gm49238	1581
1582	Gm49239	chr14	100812187	100812478	processed_pseudogene	ENSMUSG00000115721	+	Gm49239	1582
1583	Prr30	chr14	101197690	101200330	protein_coding	ENSMUSG00000042888	-	Prr30	1583
1584	Tbc1d4	chr14	101442360	101609191	protein_coding	ENSMUSG00000033083	-	Tbc1d4	1584
1585	Commd6	chr14	101632981	101640686	protein_coding	ENSMUSG00000075486	-	Commd6	1585
1586	Uchl3	chr14	101653967	101696125	protein_coding	ENSMUSG00000022111	+	Uchl3	1586
1587	Gm18075	chr14	101702413	101703247	processed_pseudogene	ENSMUSG00000115435	-	Gm18075	1587
1588	Gm9922	chr14	101727601	101729815	lncRNA	ENSMUSG00000053821	-	Gm9922	1588
1589	Lmo7	chr14	101729957	101934710	protein_coding	ENSMUSG00000033060	+	Lmo7	1589
1590	Gm5854	chr14	101981991	101982763	processed_pseudogene	ENSMUSG00000115584	-	Gm5854	1590
1591	Gm49292	chr14	102437023	102464994	lncRNA	ENSMUSG00000115696	+	Gm49292	1591
1592	Gm34589	chr14	102818164	102834758	lncRNA	ENSMUSG00000115816	-	Gm34589	1592
1593	Kctd12	chr14	102976581	102982637	protein_coding	ENSMUSG00000098557	-	Kctd12	1593
1594	4933432I03Rik	chr14	102987412	103033803	lncRNA	ENSMUSG00000114980	-	4933432I03Rik	1594
1595	Rpl17-ps7	chr14	103010246	103010786	processed_pseudogene	ENSMUSG00000115512	+	Rpl17-ps7	1595
1596	Gm34643	chr14	103012908	103024457	lncRNA	ENSMUSG00000115855	+	Gm34643	1596
1597	Acod1	chr14	103046977	103056573	protein_coding	ENSMUSG00000022126	+	Acod1	1597
1598	Cln5	chr14	103070216	103077628	protein_coding	ENSMUSG00000022125	+	Cln5	1598
1599	Fbxl3	chr14	103080239	103099566	protein_coding	ENSMUSG00000022124	-	Fbxl3	1599
1600	Mycbp2	chr14	103113411	103346814	protein_coding	ENSMUSG00000033004	-	Mycbp2	1600
1601	Gm4654	chr14	103370465	103371446	processed_pseudogene	ENSMUSG00000098111	-	Gm4654	1601
1602	1700087I21Rik	chr14	103424905	103449867	lncRNA	ENSMUSG00000115099	+	1700087I21Rik	1602
1603	Gm34907	chr14	103463919	103512619	lncRNA	ENSMUSG00000115762	+	Gm34907	1603
1604	Scel	chr14	103513342	103612797	protein_coding	ENSMUSG00000022123	+	Scel	1604
1605	Slain1	chr14	103650228	103704907	protein_coding	ENSMUSG00000055717	+	Slain1	1605
1606	Slain1os	chr14	103692983	103699442	lncRNA	ENSMUSG00000089707	-	Slain1os	1606
1607	Ednrb	chr14	103814625	103844402	protein_coding	ENSMUSG00000022122	-	Ednrb	1607
1608	Gm37910	chr14	103948096	103949811	TEC	ENSMUSG00000104311	+	Gm37910	1608
1609	4930432J09Rik	chr14	103977628	104027142	lncRNA	ENSMUSG00000115727	-	4930432J09Rik	1609
1610	D130079A08Rik	chr14	104288431	104459336	lncRNA	ENSMUSG00000115424	-	D130079A08Rik	1610
1611	Pou4f1	chr14	104461676	104467999	protein_coding	ENSMUSG00000048349	-	Pou4f1	1611
1612	Rnf219	chr14	104477536	104522645	protein_coding	ENSMUSG00000022120	-	Rnf219	1612
1613	D130009I18Rik	chr14	104612791	104966783	lncRNA	ENSMUSG00000115432	+	D130009I18Rik	1613
1614	Rbm26	chr14	105106751	105177327	protein_coding	ENSMUSG00000022119	-	Rbm26	1614
1615	Gm17066	chr14	105109390	105114676	lncRNA	ENSMUSG00000091509	-	Gm17066	1615
1616	Gm6201	chr14	105199326	105201099	processed_pseudogene	ENSMUSG00000115247	-	Gm6201	1616
1617	Ndfip2	chr14	105258573	105309298	protein_coding	ENSMUSG00000053253	+	Ndfip2	1617
1618	Gm24207	chr14	105276879	105276986	snRNA	ENSMUSG00000064715	-	Gm24207	1618
1619	Gm16259	chr14	105292432	105292984	processed_pseudogene	ENSMUSG00000086260	-	Gm16259	1619
1620	5430440P10Rik	chr14	105427559	105437716	lncRNA	ENSMUSG00000115548	+	5430440P10Rik	1620
1621	4930449E01Rik	chr14	105498788	105505629	lncRNA	ENSMUSG00000022116	+	4930449E01Rik	1621
1622	Gm35909	chr14	105518096	105523485	lncRNA	ENSMUSG00000115386	+	Gm35909	1622
1623	9330188P03Rik	chr14	105589476	105632054	lncRNA	ENSMUSG00000115149	+	9330188P03Rik	1623
1624	Gm6145	chr14	105621015	105643725	lncRNA	ENSMUSG00000110080	-	Gm6145	1624
1625	Mir6390	chr14	105623642	105623770	miRNA	ENSMUSG00000098780	-	Mir6390	1625
1626	Gm10076	chr14	105681828	105682211	lncRNA	ENSMUSG00000060143	+	Gm10076	1626
1627	Gm48970	chr14	105853073	105862501	lncRNA	ENSMUSG00000115796	-	Gm48970	1627
1628	Spry2	chr14	105891947	105896819	protein_coding	ENSMUSG00000022114	-	Spry2	1628
1629	Gm4775	chr14	106100765	106101166	processed_pseudogene	ENSMUSG00000090538	-	Gm4775	1629
1630	Trim52	chr14	106106198	106135859	protein_coding	ENSMUSG00000022113	+	Trim52	1630
1631	Gm48971	chr14	106211777	106211978	processed_pseudogene	ENSMUSG00000115501	-	Gm48971	1631
1632	Gm48972	chr14	106241684	106267934	lncRNA	ENSMUSG00000115754	-	Gm48972	1632
1633	Gm36107	chr14	106265292	106271248	lncRNA	ENSMUSG00000115439	+	Gm36107	1633
1634	1700128A07Rik	chr14	106417187	106486520	lncRNA	ENSMUSG00000099794	-	1700128A07Rik	1634
1635	Gm48974	chr14	106619588	106620359	processed_pseudogene	ENSMUSG00000115763	-	Gm48974	1635
1636	Gm17366	chr14	106698112	106698298	processed_pseudogene	ENSMUSG00000091723	-	Gm17366	1636
1637	Gm9335	chr14	107748450	107749760	processed_pseudogene	ENSMUSG00000115273	+	Gm9335	1637
1638	Gm48977	chr14	107997070	108011384	lncRNA	ENSMUSG00000115562	-	Gm48977	1638
1639	Rpl27a-ps2	chr14	108692194	108692643	processed_pseudogene	ENSMUSG00000058430	-	Rpl27a-ps2	1639
1640	Slitrk1	chr14	108908800	108914158	protein_coding	ENSMUSG00000075478	-	Slitrk1	1640
1641	Slitrk6	chr14	110748580	110755149	protein_coding	ENSMUSG00000045871	-	Slitrk6	1641
1642	Gm48988	chr14	111349789	111350233	processed_pseudogene	ENSMUSG00000115461	-	Gm48988	1642
1643	Gm48992	chr14	111432212	111433312	lncRNA	ENSMUSG00000115650	-	Gm48992	1643
1644	Gm18580	chr14	111544201	111545092	processed_pseudogene	ENSMUSG00000115818	+	Gm18580	1644
1645	Slitrk5	chr14	111675097	111683141	protein_coding	ENSMUSG00000033214	+	Slitrk5	1645
1646	AC102368.2	chr14	111710078	111710504	processed_pseudogene	ENSMUSG00000118561	+	AC102368.2	1646
1647	AC102368.1	chr14	111710598	111710771	processed_pseudogene	ENSMUSG00000118534	+	AC102368.1	1647
1648	Gm22764	chr14	111965957	111966048	snRNA	ENSMUSG00000088995	-	Gm22764	1648
1649	Gm49000	chr14	112029642	112031238	TEC	ENSMUSG00000115558	-	Gm49000	1649
1650	Gm19223	chr14	112578865	112580551	processed_pseudogene	ENSMUSG00000115126	-	Gm19223	1650
1651	Gm4486	chr14	112957368	112958203	processed_pseudogene	ENSMUSG00000115786	+	Gm4486	1651
1652	Tpm3-rs7	chr14	113314608	113316754	protein_coding	ENSMUSG00000058126	+	Tpm3-rs7	1652
1653	Gm5209	chr14	113902027	113902746	processed_pseudogene	ENSMUSG00000115269	+	Gm5209	1653
1654	Gm19829	chr14	114308700	114310803	processed_pseudogene	ENSMUSG00000115658	-	Gm19829	1654
1655	4930524C18Rik	chr14	114831965	114861327	lncRNA	ENSMUSG00000115320	+	4930524C18Rik	1655
1656	Gm49010	chr14	114874944	114876510	lncRNA	ENSMUSG00000115309	-	Gm49010	1656
1657	1700100I10Rik	chr14	114940227	114945948	lncRNA	ENSMUSG00000115372	-	1700100I10Rik	1657
1658	Gm31072	chr14	114945999	114947584	lncRNA	ENSMUSG00000114979	+	Gm31072	1658
1659	Mir17hg	chr14	115042879	115046727	lncRNA	ENSMUSG00000089726	+	Mir17hg	1659
1660	Mir17	chr14	115043671	115043754	miRNA	ENSMUSG00000065508	+	Mir17	1660
1661	Gpc5	chr14	115092215	116525179	protein_coding	ENSMUSG00000022112	+	Gpc5	1661
1662	4930505G20Rik	chr14	115396551	115409552	lncRNA	ENSMUSG00000093551	-	4930505G20Rik	1662
1663	Gm20713	chr14	115788144	115871278	lncRNA	ENSMUSG00000093497	-	Gm20713	1663
1664	Gpc6	chr14	116925315	117976544	protein_coding	ENSMUSG00000058571	+	Gpc6	1664
1665	Dct	chr14	118012790	118052244	protein_coding	ENSMUSG00000022129	-	Dct	1665
1666	4930435M08Rik	chr14	118044974	118046864	lncRNA	ENSMUSG00000115689	+	4930435M08Rik	1666
1667	Tgds	chr14	118111911	118132755	protein_coding	ENSMUSG00000022130	-	Tgds	1667
1668	Gpr180	chr14	118137158	118163261	protein_coding	ENSMUSG00000022131	+	Gpr180	1668
1669	4933431J24Rik	chr14	118209378	118213145	lncRNA	ENSMUSG00000115774	+	4933431J24Rik	1669
1670	Sox21	chr14	118233232	118237030	protein_coding	ENSMUSG00000061517	-	Sox21	1670
1671	Gm4675	chr14	118236232	118261199	lncRNA	ENSMUSG00000090534	+	Gm4675	1671
1672	Gm9376	chr14	118266960	118267688	protein_coding	ENSMUSG00000092109	+	Gm9376	1672
1673	Gm26791	chr14	118363732	118384768	lncRNA	ENSMUSG00000096997	+	Gm26791	1673
1674	1700044C05Rik	chr14	118365878	118398170	lncRNA	ENSMUSG00000099911	+	1700044C05Rik	1674
1675	Gm5672	chr14	118375261	118376194	processed_pseudogene	ENSMUSG00000115515	-	Gm5672	1675
1676	Abcc4	chr14	118482692	118706219	protein_coding	ENSMUSG00000032849	-	Abcc4	1676
1677	Gm27198	chr14	118727794	118735145	lncRNA	ENSMUSG00000098630	-	Gm27198	1677
1678	Cldn10	chr14	118787908	118875489	protein_coding	ENSMUSG00000022132	+	Cldn10	1678
1679	Dzip1	chr14	118875520	118925460	protein_coding	ENSMUSG00000042156	-	Dzip1	1679
1680	Gm49179	chr14	118875882	118880860	lncRNA	ENSMUSG00000115718	+	Gm49179	1680
1681	Dnajc3	chr14	118937976	118981697	protein_coding	ENSMUSG00000022136	+	Dnajc3	1681
1682	Gm49768	chr14	118982994	118983760	lncRNA	ENSMUSG00000115220	-	Gm49768	1682
1683	Uggt2	chr14	118985039	119099430	protein_coding	ENSMUSG00000042104	-	Uggt2	1683
1684	Gm16835	chr14	119098965	119115074	lncRNA	ENSMUSG00000087479	+	Gm16835	1684
1685	Hs6st3	chr14	119138341	119869815	protein_coding	ENSMUSG00000053465	+	Hs6st3	1685
1686	Gm6087	chr14	119278424	119279086	processed_pseudogene	ENSMUSG00000115684	+	Gm6087	1686
1687	Gm6212	chr14	119644012	119644231	processed_pseudogene	ENSMUSG00000115196	+	Gm6212	1687
1688	1700006F04Rik	chr14	119749225	119751564	lncRNA	ENSMUSG00000100274	+	1700006F04Rik	1688
1689	Gm48985	chr14	119784759	119785094	processed_pseudogene	ENSMUSG00000115223	-	Gm48985	1689
1690	4930404K13Rik	chr14	119798978	119817574	lncRNA	ENSMUSG00000115639	+	4930404K13Rik	1690
1691	Oxgr1	chr14	120019585	120042435	protein_coding	ENSMUSG00000044819	-	Oxgr1	1691
1692	Gm4681	chr14	120089943	120195452	lncRNA	ENSMUSG00000115146	-	Gm4681	1692
1693	Mbnl2	chr14	120275669	120431697	protein_coding	ENSMUSG00000022139	+	Mbnl2	1693
1694	Gm26679	chr14	120384859	120388985	lncRNA	ENSMUSG00000097903	-	Gm26679	1694
1695	Rap2a	chr14	120478444	120507194	protein_coding	ENSMUSG00000051615	+	Rap2a	1695
1696	Gm49008	chr14	120632962	120660850	lncRNA	ENSMUSG00000115648	+	Gm49008	1696
1697	Rpl19-ps5	chr14	120713078	120713666	processed_pseudogene	ENSMUSG00000115630	+	Rpl19-ps5	1697
1698	Gm17613	chr14	120749185	120750062	lncRNA	ENSMUSG00000090284	+	Gm17613	1698
1699	Gm25781	chr14	120798853	120798936	snRNA	ENSMUSG00000084476	+	Gm25781	1699
1700	Gm41253	chr14	120805143	120806284	lncRNA	ENSMUSG00000115835	-	Gm41253	1700
1701	Gm18076	chr14	120815127	120815740	processed_pseudogene	ENSMUSG00000115163	-	Gm18076	1701
1702	Ipo5	chr14	120911224	120947999	protein_coding	ENSMUSG00000030662	+	Ipo5	1702
1703	Farp1	chr14	121035200	121283744	protein_coding	ENSMUSG00000025555	+	Farp1	1703
1704	B930095G15Rik	chr14	121248706	121253971	lncRNA	ENSMUSG00000085133	+	B930095G15Rik	1704
1705	Stk24	chr14	121286343	121380011	protein_coding	ENSMUSG00000063410	-	Stk24	1705
1706	Gm49031	chr14	121385505	121385956	processed_pseudogene	ENSMUSG00000115666	-	Gm49031	1706
1707	Gm33299	chr14	121451730	121455762	lncRNA	ENSMUSG00000115123	-	Gm33299	1707
1708	Slc15a1	chr14	121459621	121505252	protein_coding	ENSMUSG00000025557	-	Slc15a1	1708
1709	Gm49035	chr14	121507013	121519130	lncRNA	ENSMUSG00000115390	-	Gm49035	1709
1710	Dock9	chr14	121542046	121797837	protein_coding	ENSMUSG00000025558	-	Dock9	1710
1711	1810041H14Rik	chr14	121876725	121879409	lncRNA	ENSMUSG00000102112	-	1810041H14Rik	1711
1712	Ubac2	chr14	121878620	122021034	protein_coding	ENSMUSG00000041765	+	Ubac2	1712
1713	Gpr18	chr14	121911253	121915781	protein_coding	ENSMUSG00000050350	-	Gpr18	1713
1714	Gpr183	chr14	121952551	121965195	protein_coding	ENSMUSG00000051212	-	Gpr183	1714
1715	Timm8a2	chr14	122034674	122038420	protein_coding	ENSMUSG00000071229	+	Timm8a2	1715
1716	Gm49236	chr14	122064351	122091226	lncRNA	ENSMUSG00000115121	-	Gm49236	1716
1717	A330035P11Rik	chr14	122103430	122106974	lncRNA	ENSMUSG00000085615	-	A330035P11Rik	1717
1718	Tm9sf2	chr14	122107038	122159604	protein_coding	ENSMUSG00000025544	+	Tm9sf2	1718
1719	Gm6254	chr14	122117938	122119009	processed_pseudogene	ENSMUSG00000066538	+	Gm6254	1719
1720	Gm17082	chr14	122121553	122122643	processed_pseudogene	ENSMUSG00000090674	+	Gm17082	1720
1721	Clybl	chr14	122181704	122402234	protein_coding	ENSMUSG00000025545	+	Clybl	1721
1722	1700108J01Rik	chr14	122229905	122233654	lncRNA	ENSMUSG00000100585	-	1700108J01Rik	1722
1723	Gm5089	chr14	122434854	122451115	lncRNA	ENSMUSG00000064052	-	Gm5089	1723
1724	Zic5	chr14	122456795	122465677	protein_coding	ENSMUSG00000041703	-	Zic5	1724
1725	2610035F20Rik	chr14	122470284	122475199	lncRNA	ENSMUSG00000085555	-	2610035F20Rik	1725
1726	Zic2	chr14	122475435	122479852	protein_coding	ENSMUSG00000061524	+	Zic2	1726
1727	Gm10837	chr14	122490586	122492121	lncRNA	ENSMUSG00000075465	+	Gm10837	1727
1728	Gm9399	chr14	122494613	122495251	processed_pseudogene	ENSMUSG00000093669	-	Gm9399	1728
1729	Gm18143	chr14	122513439	122513829	processed_pseudogene	ENSMUSG00000115652	-	Gm18143	1729
1730	Pcca	chr14	122534324	122891100	protein_coding	ENSMUSG00000041650	+	Pcca	1730
1731	Gm49259	chr14	122609119	122610113	processed_pseudogene	ENSMUSG00000115256	-	Gm49259	1731
1732	Gm49260	chr14	122686316	122688378	TEC	ENSMUSG00000115264	+	Gm49260	1732
1733	Ggact	chr14	122816223	122913757	protein_coding	ENSMUSG00000041625	-	Ggact	1733
1734	4930594M22Rik	chr14	122913030	122937469	lncRNA	ENSMUSG00000075463	+	4930594M22Rik	1734
1735	Tmtc4	chr14	122918971	122984035	protein_coding	ENSMUSG00000041594	-	Tmtc4	1735
1736	Gm33906	chr14	123043282	123265002	lncRNA	ENSMUSG00000115016	+	Gm33906	1736
1737	Nalcn	chr14	123276634	123627144	protein_coding	ENSMUSG00000000197	-	Nalcn	1737
1738	Gm49297	chr14	123386566	123389370	TEC	ENSMUSG00000115674	-	Gm49297	1738
1739	Itgbl1	chr14	123659971	123975618	protein_coding	ENSMUSG00000032925	+	Itgbl1	1739
1740	Gm9308	chr14	123698141	123698588	processed_pseudogene	ENSMUSG00000082793	-	Gm9308	1740
1741	Fgf14	chr14	123977907	124677127	protein_coding	ENSMUSG00000025551	-	Fgf14	1741
1742	Gm28932	chr14	123979210	123980619	lncRNA	ENSMUSG00000101445	+	Gm28932	1742
1743	Gm15422	chr14	123985276	123985816	processed_pseudogene	ENSMUSG00000082738	-	Gm15422	1743
1744	1700024B18Rik	chr14	123987635	124015684	lncRNA	ENSMUSG00000099994	+	1700024B18Rik	1744
1745	Gm49070	chr14	124398691	124398972	processed_pseudogene	ENSMUSG00000115472	+	Gm49070	1745
1746	Gm49071	chr14	124531952	124532403	processed_pseudogene	ENSMUSG00000115191	+	Gm49071	1746
1747	Olfr277-ps1	chr14	124589055	124589339	unprocessed_pseudogene	ENSMUSG00000108568	+	Olfr277-ps1	1747
1748	Gm49069	chr14	124608482	124612492	TEC	ENSMUSG00000114970	-	Gm49069	1748
1749	4930404O17Rik	chr14	124730320	124742797	lncRNA	ENSMUSG00000115490	-	4930404O17Rik	1749
