	gene_name	chr	start	end	type	ensembl_id	strand	gene_name2	Node_ID
0	Gm10722	chr9	3000922	3002330	protein_coding	ENSMUSG00000091028	+	Gm10722	0
1	Gm11168	chr9	3003346	3006948	protein_coding	ENSMUSG00000096385	+	Gm11168	1
2	Gm10721	chr9	3013140	3014344	protein_coding	ENSMUSG00000096519	+	Gm10721	2
3	Gm10720	chr9	3015654	3017210	protein_coding	ENSMUSG00000074564	+	Gm10720	3
4	Gm10719	chr9	3017408	3021593	protein_coding	ENSMUSG00000095547	+	Gm10719	4
5	Gm10718	chr9	3023547	3025218	protein_coding	ENSMUSG00000095186	+	Gm10718	5
6	Gm10717	chr9	3025417	3033289	protein_coding	ENSMUSG00000095891	+	Gm10717	6
7	Gm17535	chr9	3034599	3035805	protein_coding	ENSMUSG00000096736	+	Gm17535	7
8	Gm10715	chr9	3036877	3038316	protein_coding	ENSMUSG00000096201	+	Gm10715	8
9	4930433N12Rik	chr9	3133847	3199799	lncRNA	ENSMUSG00000042360	-	4930433N12Rik	9
10	Gm32390	chr9	3137043	3138739	processed_pseudogene	ENSMUSG00000110425	-	Gm32390	10
11	Gm31138	chr9	3199894	3215230	lncRNA	ENSMUSG00000110491	+	Gm31138	11
12	Olfr369-ps1	chr9	3233346	3236427	unprocessed_pseudogene	ENSMUSG00000110646	+	Olfr369-ps1	12
13	Alkbh8	chr9	3335140	3391154	protein_coding	ENSMUSG00000025899	+	Alkbh8	13
14	Cwf19l2	chr9	3403592	3479236	protein_coding	ENSMUSG00000025898	+	Cwf19l2	14
15	Gm5362	chr9	3494379	3497463	processed_pseudogene	ENSMUSG00000110660	-	Gm5362	15
16	Gucy1a2	chr9	3532778	3894736	protein_coding	ENSMUSG00000041624	+	Gucy1a2	16
17	Gm5363	chr9	4213922	4215941	processed_pseudogene	ENSMUSG00000110691	+	Gm5363	17
18	Gm45860	chr9	4228796	4229129	processed_pseudogene	ENSMUSG00000110461	-	Gm45860	18
19	Aasdhppt	chr9	4294793	4309471	protein_coding	ENSMUSG00000025894	-	Aasdhppt	19
20	Kbtbd3	chr9	4309833	4331732	protein_coding	ENSMUSG00000025893	+	Kbtbd3	20
21	Gm23992	chr9	4371269	4371335	miRNA	ENSMUSG00000094086	-	Gm23992	21
22	Msantd4	chr9	4376562	4386870	protein_coding	ENSMUSG00000041124	+	Msantd4	22
23	Gria4	chr9	4417896	4796234	protein_coding	ENSMUSG00000025892	-	Gria4	23
24	Gm23811	chr9	4455940	4456023	miRNA	ENSMUSG00000092896	-	Gm23811	24
25	Casp1	chr9	5298508	5307290	protein_coding	ENSMUSG00000025888	+	Casp1	25
26	Casp4	chr9	5308828	5336783	protein_coding	ENSMUSG00000033538	+	Casp4	26
27	Casp12	chr9	5345430	5373032	protein_coding	ENSMUSG00000025887	+	Casp12	27
28	Gm6015	chr9	5861647	5865418	processed_pseudogene	ENSMUSG00000111191	+	Gm6015	28
29	Gm9662	chr9	6070313	6074278	processed_pseudogene	ENSMUSG00000111707	+	Gm9662	29
30	Pdgfd	chr9	6168584	6378850	protein_coding	ENSMUSG00000032006	+	Pdgfd	30
31	Ddi1	chr9	6262733	6269846	protein_coding	ENSMUSG00000047619	-	Ddi1	31
32	Dync2h1	chr9	6928503	7184446	protein_coding	ENSMUSG00000047193	-	Dync2h1	32
33	Dcun1d5	chr9	7184520	7208205	protein_coding	ENSMUSG00000032002	+	Dcun1d5	33
34	Gm47741	chr9	7238154	7238379	processed_pseudogene	ENSMUSG00000111615	-	Gm47741	34
35	Mmp13	chr9	7272514	7283331	protein_coding	ENSMUSG00000050578	+	Mmp13	35
36	Mmp12	chr9	7344381	7369499	protein_coding	ENSMUSG00000049723	+	Mmp12	36
37	Mmp1b	chr9	7368239	7388047	protein_coding	ENSMUSG00000041620	-	Mmp1b	37
38	Mmp3	chr9	7445822	7455975	protein_coding	ENSMUSG00000043613	+	Mmp3	38
39	Mmp1a	chr9	7464141	7476869	polymorphic_pseudogene	ENSMUSG00000043089	+	Mmp1a	39
40	Mmp10	chr9	7502352	7510240	protein_coding	ENSMUSG00000047562	+	Mmp10	40
41	Mmp8	chr9	7558456	7568485	protein_coding	ENSMUSG00000005800	+	Mmp8	41
42	Mmp27	chr9	7571396	7581885	protein_coding	ENSMUSG00000070323	+	Mmp27	42
43	Mmp20	chr9	7628231	7674979	protein_coding	ENSMUSG00000018620	+	Mmp20	43
44	AV064505	chr9	7669429	7695631	lncRNA	ENSMUSG00000086381	-	AV064505	44
45	Gm19212	chr9	7688975	7689836	processed_pseudogene	ENSMUSG00000110936	-	Gm19212	45
46	Mmp7	chr9	7692090	7699585	protein_coding	ENSMUSG00000018623	+	Mmp7	46
47	Gm10709	chr9	7751725	7752204	processed_pseudogene	ENSMUSG00000074516	+	Gm10709	47
48	Tmem123	chr9	7764041	7794333	protein_coding	ENSMUSG00000050912	+	Tmem123	48
49	Birc2	chr9	7818227	7837064	protein_coding	ENSMUSG00000057367	-	Birc2	49
50	Birc3	chr9	7848699	7873186	protein_coding	ENSMUSG00000032000	-	Birc3	50
51	Yap1	chr9	7931999	8004596	protein_coding	ENSMUSG00000053110	-	Yap1	51
52	Gm20416	chr9	7965838	7977004	lncRNA	ENSMUSG00000092185	+	Gm20416	52
53	Gm45494	chr9	8004830	8009269	lncRNA	ENSMUSG00000110161	+	Gm45494	53
54	Cfap300	chr9	8021672	8042823	protein_coding	ENSMUSG00000053070	-	Cfap300	54
55	Cep126	chr9	8076461	8134294	protein_coding	ENSMUSG00000040729	-	Cep126	55
56	Gm19324	chr9	8142541	8185129	unprocessed_pseudogene	ENSMUSG00000111353	+	Gm19324	56
57	Gm7495	chr9	8153761	8154186	processed_pseudogene	ENSMUSG00000111845	-	Gm7495	57
58	1700128F08Rik	chr9	8221889	8241987	transcribed_processed_pseudogene	ENSMUSG00000031998	+	1700128F08Rik	58
59	Trpc6	chr9	8544142	8680741	protein_coding	ENSMUSG00000031997	+	Trpc6	59
60	Gm32014	chr9	8644073	8740988	lncRNA	ENSMUSG00000111602	-	Gm32014	60
61	Pgr	chr9	8899833	8968611	protein_coding	ENSMUSG00000031870	+	Pgr	61
62	Gm16485	chr9	8971791	8975773	TEC	ENSMUSG00000078117	+	Gm16485	62
63	Arhgap42	chr9	8994329	9239101	protein_coding	ENSMUSG00000050730	-	Arhgap42	63
64	Gm16833	chr9	9236288	9260883	lncRNA	ENSMUSG00000085253	+	Gm16833	64
65	Gm46102	chr9	9355737	9583307	lncRNA	ENSMUSG00000111061	-	Gm46102	65
66	Gm47334	chr9	9564087	9583564	lncRNA	ENSMUSG00000111284	+	Gm47334	66
67	Cntn5	chr9	9660891	10904775	protein_coding	ENSMUSG00000039488	-	Cntn5	67
68	Gm46103	chr9	10475935	10476275	processed_pseudogene	ENSMUSG00000111648	+	Gm46103	68
69	Gm7529	chr9	10734640	10736536	processed_pseudogene	ENSMUSG00000111209	+	Gm7529	69
70	Gm32710	chr9	10904345	10907818	lncRNA	ENSMUSG00000109590	+	Gm32710	70
71	Gm47001	chr9	11102513	11119398	lncRNA	ENSMUSG00000110951	+	Gm47001	71
72	Gm47002	chr9	11148600	11167495	lncRNA	ENSMUSG00000111691	+	Gm47002	72
73	Gm47034	chr9	11516862	11584845	lncRNA	ENSMUSG00000111503	-	Gm47034	73
74	Gm47037	chr9	11975653	11978249	TEC	ENSMUSG00000111111	-	Gm47037	74
75	Gm7570	chr9	12819525	12820222	processed_pseudogene	ENSMUSG00000111552	+	Gm7570	75
76	4930568E12Rik	chr9	13091256	13105858	lncRNA	ENSMUSG00000111830	-	4930568E12Rik	76
77	Gm47051	chr9	13106013	13136998	lncRNA	ENSMUSG00000111285	+	Gm47051	77
78	Jrkl	chr9	13242607	13245829	protein_coding	ENSMUSG00000079083	-	Jrkl	78
79	Ccdc82	chr9	13246955	13292520	protein_coding	ENSMUSG00000079084	+	Ccdc82	79
80	Gm26189	chr9	13275516	13275622	snRNA	ENSMUSG00000095068	+	Gm26189	80
81	Maml2	chr9	13297957	13709388	protein_coding	ENSMUSG00000031925	+	Maml2	81
82	Gm47087	chr9	13308214	13312446	TEC	ENSMUSG00000111212	+	Gm47087	82
83	Phxr4	chr9	13431361	13432751	TEC	ENSMUSG00000031802	+	Phxr4	83
84	Gm17571	chr9	13444034	13446753	protein_coding	ENSMUSG00000090592	-	Gm17571	84
85	Gm47089	chr9	13519936	13520101	TEC	ENSMUSG00000111223	+	Gm47089	85
86	Mtmr2	chr9	13748410	13806481	protein_coding	ENSMUSG00000031918	+	Mtmr2	86
87	Cep57	chr9	13807792	13827107	protein_coding	ENSMUSG00000031922	-	Cep57	87
88	Fam76b	chr9	13827716	13854987	protein_coding	ENSMUSG00000037808	+	Fam76b	88
89	Gm47535	chr9	13915801	13920119	lncRNA	ENSMUSG00000111100	-	Gm47535	89
90	Gm47557	chr9	13945281	13981814	lncRNA	ENSMUSG00000111871	+	Gm47557	90
91	1700019J19Rik	chr9	14089620	14118301	lncRNA	ENSMUSG00000111489	+	1700019J19Rik	91
92	Gm47564	chr9	14204083	14218183	lncRNA	ENSMUSG00000111803	+	Gm47564	92
93	Gm47565	chr9	14249625	14250939	lncRNA	ENSMUSG00000111695	-	Gm47565	93
94	Gm34069	chr9	14259041	14263803	lncRNA	ENSMUSG00000111097	-	Gm34069	94
95	Sesn3	chr9	14275067	14333101	protein_coding	ENSMUSG00000032009	+	Sesn3	95
96	Gm47326	chr9	14335612	14343063	lncRNA	ENSMUSG00000111555	+	Gm47326	96
97	Endod1	chr9	14353990	14381507	protein_coding	ENSMUSG00000037419	-	Endod1	97
98	Kdm4d	chr9	14462548	14500482	protein_coding	ENSMUSG00000053914	-	Kdm4d	98
99	Cwc15	chr9	14500617	14510577	protein_coding	ENSMUSG00000004096	+	Cwc15	99
100	Gm47090	chr9	14525090	14525761	processed_pseudogene	ENSMUSG00000111612	-	Gm47090	100
101	Amotl1	chr9	14541966	14645056	protein_coding	ENSMUSG00000013076	-	Amotl1	101
102	Gm34263	chr9	14643772	14645792	lncRNA	ENSMUSG00000111198	+	Gm34263	102
103	Gm7607	chr9	14663022	14665099	lncRNA	ENSMUSG00000111085	+	Gm7607	103
104	Gm18997	chr9	14693523	14694344	processed_pseudogene	ENSMUSG00000111483	+	Gm18997	104
105	Piwil4	chr9	14696230	14740733	protein_coding	ENSMUSG00000036912	-	Piwil4	105
106	Gm10706	chr9	14704642	14719058	lncRNA	ENSMUSG00000074508	+	Gm10706	106
107	Fut4	chr9	14748320	14752393	protein_coding	ENSMUSG00000049307	-	Fut4	107
108	1700012B09Rik	chr9	14756587	14771030	protein_coding	ENSMUSG00000031927	-	1700012B09Rik	108
109	Ankrd49	chr9	14779618	14784856	protein_coding	ENSMUSG00000031931	-	Ankrd49	109
110	Mre11a	chr9	14784654	14837123	protein_coding	ENSMUSG00000031928	+	Mre11a	110
111	Gm47154	chr9	14807774	14808040	processed_pseudogene	ENSMUSG00000111817	-	Gm47154	111
112	Gm16302	chr9	14845613	14847835	lncRNA	ENSMUSG00000090023	+	Gm16302	112
113	Gpr83	chr9	14860210	14870789	protein_coding	ENSMUSG00000031932	+	Gpr83	113
114	Izumo1r	chr9	14885814	14903949	protein_coding	ENSMUSG00000031933	-	Izumo1r	114
115	Gm47214	chr9	14949463	14977583	lncRNA	ENSMUSG00000110766	+	Gm47214	115
116	Panx1	chr9	15002128	15045478	protein_coding	ENSMUSG00000031934	-	Panx1	116
117	Hephl1	chr9	15051841	15112108	protein_coding	ENSMUSG00000031936	-	Hephl1	117
118	Gm22658	chr9	15211631	15211785	snRNA	ENSMUSG00000077384	-	Gm22658	118
119	Vstm5	chr9	15239045	15259416	protein_coding	ENSMUSG00000031937	+	Vstm5	119
120	Med17	chr9	15260351	15279931	protein_coding	ENSMUSG00000031935	-	Med17	120
121	4931406C07Rik	chr9	15283337	15306448	protein_coding	ENSMUSG00000031938	-	4931406C07Rik	121
122	Taf1d	chr9	15306214	15316991	protein_coding	ENSMUSG00000031939	+	Taf1d	122
123	Gm25500	chr9	15312552	15312674	snoRNA	ENSMUSG00000077614	+	Gm25500	123
124	Mir7650	chr9	15312611	15312669	miRNA	ENSMUSG00000105847	+	Mir7650	124
125	Gm24455	chr9	15313802	15313932	snoRNA	ENSMUSG00000065282	+	Gm24455	125
126	Gm24299	chr9	15314074	15314144	snoRNA	ENSMUSG00000088929	+	Gm24299	126
127	Gm49349	chr9	15314842	15314908	miRNA	ENSMUSG00000106649	+	Gm49349	127
128	Gm25791	chr9	15314845	15314981	snoRNA	ENSMUSG00000065226	+	Gm25791	128
129	Gm22620	chr9	15315189	15315321	snoRNA	ENSMUSG00000064634	+	Gm22620	129
130	Gm24357	chr9	15315522	15315595	snoRNA	ENSMUSG00000064797	+	Gm24357	130
131	Gm23455	chr9	15316489	15316588	snoRNA	ENSMUSG00000065265	+	Gm23455	131
132	Gm22579	chr9	15316676	15316808	snoRNA	ENSMUSG00000065663	+	Gm22579	132
133	Cep295	chr9	15316915	15357788	protein_coding	ENSMUSG00000046111	-	Cep295	133
134	Gm48142	chr9	15320733	15321277	unprocessed_pseudogene	ENSMUSG00000111132	+	Gm48142	134
135	Gm48141	chr9	15321605	15322316	unprocessed_pseudogene	ENSMUSG00000111529	+	Gm48141	135
136	Scarna9	chr9	15326264	15326333	snoRNA	ENSMUSG00000077506	-	Scarna9	136
137	Gm24339	chr9	15326464	15326539	snoRNA	ENSMUSG00000077394	-	Gm24339	137
138	Gm16568	chr9	15330573	15335345	lncRNA	ENSMUSG00000089702	+	Gm16568	138
139	Gm34973	chr9	15381367	15387425	lncRNA	ENSMUSG00000111763	+	Gm34973	139
140	Smco4	chr9	15493432	15545260	protein_coding	ENSMUSG00000058173	+	Smco4	140
141	Deup1	chr9	15559864	15627933	protein_coding	ENSMUSG00000039977	-	Deup1	141
142	4930540M03Rik	chr9	15619857	15641224	lncRNA	ENSMUSG00000111299	+	4930540M03Rik	142
143	Gm5119	chr9	15682902	15683535	processed_pseudogene	ENSMUSG00000110786	+	Gm5119	143
144	Slc36a4	chr9	15709738	15743361	protein_coding	ENSMUSG00000043885	+	Slc36a4	144
145	Mtnr1b	chr9	15824528	15874556	protein_coding	ENSMUSG00000050901	-	Mtnr1b	145
146	Fat3	chr9	15910189	16501285	protein_coding	ENSMUSG00000074505	-	Fat3	146
147	Gm48726	chr9	16432867	16435395	TEC	ENSMUSG00000111652	-	Gm48726	147
148	Gm5611	chr9	17030045	17030896	processed_pseudogene	ENSMUSG00000090602	+	Gm5611	148
149	Gm2594	chr9	17501968	17502709	processed_pseudogene	ENSMUSG00000111405	-	Gm2594	149
150	Gm48848	chr9	17719063	17719173	processed_pseudogene	ENSMUSG00000111506	+	Gm48848	150
151	Gm48856	chr9	18097955	18098280	unprocessed_pseudogene	ENSMUSG00000111743	+	Gm48856	151
152	Gm44498	chr9	18098152	18098262	miRNA	ENSMUSG00000105805	-	Gm44498	152
153	Chordc1	chr9	18292125	18317442	protein_coding	ENSMUSG00000001774	+	Chordc1	153
154	Gm19178	chr9	18298833	18300651	processed_pseudogene	ENSMUSG00000110816	-	Gm19178	154
155	Naalad2	chr9	18321951	18402995	protein_coding	ENSMUSG00000043943	-	Naalad2	155
156	Gm19174	chr9	18400542	18402855	processed_pseudogene	ENSMUSG00000110944	+	Gm19174	156
157	Ubtfl1	chr9	18404418	18413177	protein_coding	ENSMUSG00000074502	+	Ubtfl1	157
158	Gm5612	chr9	18427543	18427917	processed_pseudogene	ENSMUSG00000074501	+	Gm5612	158
159	Mbd3l2	chr9	18430654	18446316	protein_coding	ENSMUSG00000047508	+	Mbd3l2	159
160	Zfp558	chr9	18455575	18478268	protein_coding	ENSMUSG00000074500	-	Zfp558	160
161	Mbd3l1	chr9	18478359	18485298	protein_coding	ENSMUSG00000038691	+	Mbd3l1	161
162	Muc16	chr9	18495455	18674530	protein_coding	ENSMUSG00000109564	-	Muc16	162
163	Gm25295	chr9	18574613	18574918	misc_RNA	ENSMUSG00000084743	+	Gm25295	163
164	Olfr24	chr9	18751507	18763996	protein_coding	ENSMUSG00000054141	-	Olfr24	164
165	Olfr829	chr9	18854933	18859080	protein_coding	ENSMUSG00000051414	+	Olfr829	165
166	Olfr830	chr9	18874693	18878369	protein_coding	ENSMUSG00000062868	+	Olfr830	166
167	Olfr831-ps1	chr9	18931922	18932981	unprocessed_pseudogene	ENSMUSG00000066914	-	Olfr831-ps1	167
168	Olfr832	chr9	18937122	18948940	protein_coding	ENSMUSG00000095957	+	Olfr832	168
169	Olfr836	chr9	19120382	19125938	protein_coding	ENSMUSG00000059303	+	Olfr836	169
170	Olfr837	chr9	19136317	19140641	protein_coding	ENSMUSG00000110621	+	Olfr837	170
171	Olfr839-ps1	chr9	19168407	19177312	protein_coding	ENSMUSG00000110519	-	Olfr839-ps1	171
172	AC119987.1	chr9	19219070	19232174	unprocessed_pseudogene	ENSMUSG00000110493	-	AC119987.1	172
173	Olfr843	chr9	19242956	19251987	protein_coding	ENSMUSG00000048391	-	Olfr843	173
174	Olfr845	chr9	19336457	19341718	protein_coding	ENSMUSG00000061614	+	Olfr845	174
175	Olfr846	chr9	19357065	19364005	protein_coding	ENSMUSG00000058692	-	Olfr846	175
176	Olfr847	chr9	19373668	19378669	protein_coding	ENSMUSG00000059821	-	Olfr847	176
177	Olfr849	chr9	19440266	19446923	protein_coding	ENSMUSG00000052182	+	Olfr849	177
178	Olfr851	chr9	19493295	19502815	protein_coding	ENSMUSG00000052625	+	Olfr851	178
179	Olfr852-ps1	chr9	19533644	19533869	unprocessed_pseudogene	ENSMUSG00000110572	-	Olfr852-ps1	179
180	Olfr853	chr9	19534202	19541076	protein_coding	ENSMUSG00000051160	-	Olfr853	180
181	Olfr855	chr9	19582617	19586030	protein_coding	ENSMUSG00000043087	+	Olfr855	181
182	Zfp317	chr9	19622102	19649731	protein_coding	ENSMUSG00000057551	+	Zfp317	182
183	Olfr856-ps1	chr9	19657057	19658647	unprocessed_pseudogene	ENSMUSG00000110521	-	Olfr856-ps1	183
184	Olfr857	chr9	19709433	19714930	protein_coding	ENSMUSG00000094678	+	Olfr857	184
185	Olfr859	chr9	19804906	19817626	protein_coding	ENSMUSG00000095448	+	Olfr859	185
186	Gm45699	chr9	19842073	19872536	lncRNA	ENSMUSG00000110511	+	Gm45699	186
187	Olfr860	chr9	19845156	19849747	protein_coding	ENSMUSG00000066905	-	Olfr860	187
188	Olfr862	chr9	19882417	19888004	protein_coding	ENSMUSG00000063842	-	Olfr862	188
189	Olfr77	chr9	19916865	19929124	protein_coding	ENSMUSG00000051118	+	Olfr77	189
190	Gm7808	chr9	19927896	19928282	processed_pseudogene	ENSMUSG00000091460	-	Gm7808	190
191	Olfr867	chr9	20050955	20057562	protein_coding	ENSMUSG00000044454	-	Olfr867	191
192	Olfr868	chr9	20098626	20104754	protein_coding	ENSMUSG00000044106	+	Olfr868	192
193	Olfr869	chr9	20129009	20138763	protein_coding	ENSMUSG00000058491	+	Olfr869	193
194	Olfr870	chr9	20168533	20174057	protein_coding	ENSMUSG00000066899	-	Olfr870	194
195	Olfr872	chr9	20237119	20261643	protein_coding	ENSMUSG00000066897	+	Olfr872	195
196	Olfr39	chr9	20282351	20287578	protein_coding	ENSMUSG00000059623	+	Olfr39	196
197	Olfr873	chr9	20298532	20303599	protein_coding	ENSMUSG00000049028	+	Olfr873	197
198	Olfr18	chr9	20312152	20336094	protein_coding	ENSMUSG00000066896	-	Olfr18	198
199	Zfp560	chr9	20345136	20385177	protein_coding	ENSMUSG00000045519	-	Zfp560	199
200	4921534A09Rik	chr9	20385234	20387728	TEC	ENSMUSG00000110910	+	4921534A09Rik	200
201	Gm29761	chr9	20399922	20401860	processed_pseudogene	ENSMUSG00000110761	-	Gm29761	201
202	Gm48729	chr9	20413175	20413387	processed_pseudogene	ENSMUSG00000110811	+	Gm48729	202
203	Zfp26	chr9	20428449	20460162	protein_coding	ENSMUSG00000063108	-	Zfp26	203
204	Zfp426	chr9	20468549	20492746	protein_coding	ENSMUSG00000059475	-	Zfp426	204
205	Gm23316	chr9	20477865	20477978	snRNA	ENSMUSG00000088622	+	Gm23316	205
206	Zfp266	chr9	20495068	20521417	protein_coding	ENSMUSG00000060510	-	Zfp266	206
207	Gm46142	chr9	20555329	20555809	processed_pseudogene	ENSMUSG00000111661	+	Gm46142	207
208	Zfp846	chr9	20581291	20605409	protein_coding	ENSMUSG00000058192	+	Zfp846	208
209	Gm48069	chr9	20606133	20607616	TEC	ENSMUSG00000111547	-	Gm48069	209
210	Fbxl12os	chr9	20607458	20617271	lncRNA	ENSMUSG00000062470	+	Fbxl12os	210
211	Fbxl12	chr9	20618118	20644767	protein_coding	ENSMUSG00000066892	-	Fbxl12	211
212	Ubl5	chr9	20642878	20647140	protein_coding	ENSMUSG00000084786	+	Ubl5	212
213	Pin1	chr9	20652095	20666584	protein_coding	ENSMUSG00000032171	+	Pin1	213
214	Olfm2	chr9	20667690	20746349	protein_coding	ENSMUSG00000032172	-	Olfm2	214
215	Col5a3	chr9	20770050	20815067	protein_coding	ENSMUSG00000004098	-	Col5a3	215
216	Rdh8	chr9	20818503	20826117	protein_coding	ENSMUSG00000053773	+	Rdh8	216
217	AC170598.2	chr9	20839528	20857875	unprocessed_pseudogene	ENSMUSG00000118527	+	AC170598.2	217
218	Shfl	chr9	20868642	20874307	protein_coding	ENSMUSG00000038884	+	Shfl	218
219	Angptl6	chr9	20873808	20879727	protein_coding	ENSMUSG00000038742	-	Angptl6	219
220	Ppan	chr9	20888175	20892178	protein_coding	ENSMUSG00000004100	+	Ppan	220
221	Gm24067	chr9	20889484	20889568	snoRNA	ENSMUSG00000077702	+	Gm24067	221
222	AC170598.1	chr9	20893243	20894023	unitary_pseudogene	ENSMUSG00000118421	+	AC170598.1	222
223	Eif3g	chr9	20894349	20898623	protein_coding	ENSMUSG00000070319	-	Eif3g	223
224	Dnmt1	chr9	20907209	20959888	protein_coding	ENSMUSG00000004099	-	Dnmt1	224
225	S1pr2	chr9	20962361	20976781	protein_coding	ENSMUSG00000043895	-	S1pr2	225
226	Mrpl4	chr9	21002738	21008839	protein_coding	ENSMUSG00000003299	+	Mrpl4	226
227	Icam1	chr9	21015985	21028817	protein_coding	ENSMUSG00000037405	+	Icam1	227
228	Gm47079	chr9	21028307	21032357	lncRNA	ENSMUSG00000110790	-	Gm47079	228
229	Icam4	chr9	21029373	21030595	protein_coding	ENSMUSG00000001014	+	Icam4	229
230	Icam5	chr9	21032073	21039036	protein_coding	ENSMUSG00000032174	+	Icam5	230
231	Mir1900	chr9	21032251	21032328	miRNA	ENSMUSG00000084663	-	Mir1900	231
232	Gm26592	chr9	21034290	21037782	lncRNA	ENSMUSG00000097535	-	Gm26592	232
233	Zglp1	chr9	21062393	21067093	protein_coding	ENSMUSG00000079681	-	Zglp1	233
234	Gm49373	chr9	21062400	21073096	protein_coding	ENSMUSG00000111692	-	Gm49373	234
235	Gm38431	chr9	21067514	21091997	protein_coding	ENSMUSG00000111497	-	Gm38431	235
236	Fdx2	chr9	21067520	21073614	protein_coding	ENSMUSG00000079677	-	Fdx2	236
237	Raver1	chr9	21074158	21092008	protein_coding	ENSMUSG00000010205	-	Raver1	237
238	Mir7082	chr9	21075497	21075588	miRNA	ENSMUSG00000098907	-	Mir7082	238
239	1700084C06Rik	chr9	21091755	21128393	lncRNA	ENSMUSG00000086016	+	1700084C06Rik	239
240	Tyk2	chr9	21104068	21131243	protein_coding	ENSMUSG00000032175	-	Tyk2	240
241	Cdc37	chr9	21133222	21149982	protein_coding	ENSMUSG00000019471	-	Cdc37	241
242	Pde4a	chr9	21165714	21213248	protein_coding	ENSMUSG00000032177	+	Pde4a	242
243	Gm16754	chr9	21225371	21233046	lncRNA	ENSMUSG00000097439	+	Gm16754	243
244	Keap1	chr9	21229730	21239361	protein_coding	ENSMUSG00000003308	-	Keap1	244
245	S1pr5	chr9	21242912	21248443	protein_coding	ENSMUSG00000045087	-	S1pr5	245
246	Gm48303	chr9	21247713	21249606	TEC	ENSMUSG00000111623	+	Gm48303	246
247	Atg4d	chr9	21265293	21277772	protein_coding	ENSMUSG00000002820	+	Atg4d	247
248	Kri1	chr9	21273457	21287969	protein_coding	ENSMUSG00000035047	-	Kri1	248
249	Cdkn2d	chr9	21288410	21291407	protein_coding	ENSMUSG00000096472	-	Cdkn2d	249
250	Ap1m2	chr9	21294275	21312337	protein_coding	ENSMUSG00000003309	-	Ap1m2	250
251	Gm39302	chr9	21318079	21320617	lncRNA	ENSMUSG00000111172	-	Gm39302	251
252	Slc44a2	chr9	21320698	21355028	protein_coding	ENSMUSG00000057193	+	Slc44a2	252
253	Gm36198	chr9	21367396	21369184	lncRNA	ENSMUSG00000110915	-	Gm36198	253
254	Ilf3	chr9	21367871	21405361	protein_coding	ENSMUSG00000032178	+	Ilf3	254
255	Gm16853	chr9	21405242	21411720	lncRNA	ENSMUSG00000097665	-	Gm16853	255
256	Qtrt1	chr9	21411837	21420274	protein_coding	ENSMUSG00000002825	+	Qtrt1	256
257	Dnm2	chr9	21424908	21507759	protein_coding	ENSMUSG00000033335	+	Dnm2	257
258	Tmed1	chr9	21507553	21510252	protein_coding	ENSMUSG00000032180	-	Tmed1	258
259	AB124611	chr9	21526176	21545333	protein_coding	ENSMUSG00000057191	+	AB124611	259
260	Gm20519	chr9	21533627	21533985	processed_pseudogene	ENSMUSG00000092261	-	Gm20519	260
261	Carm1	chr9	21546894	21592623	protein_coding	ENSMUSG00000032185	+	Carm1	261
262	Yipf2	chr9	21588682	21592828	protein_coding	ENSMUSG00000032182	-	Yipf2	262
263	Timm29	chr9	21592722	21595970	protein_coding	ENSMUSG00000048429	+	Timm29	263
264	Mir1946b	chr9	21613444	21613576	miRNA	ENSMUSG00000088478	-	Mir1946b	264
265	Smarca4	chr9	21616169	21704230	protein_coding	ENSMUSG00000032187	+	Smarca4	265
266	Gm26511	chr9	21717616	21723450	lncRNA	ENSMUSG00000097155	-	Gm26511	266
267	Ldlr	chr9	21723483	21749919	protein_coding	ENSMUSG00000032193	+	Ldlr	267
268	Spc24	chr9	21755442	21760303	protein_coding	ENSMUSG00000074476	-	Spc24	268
269	Kank2	chr9	21766784	21798744	protein_coding	ENSMUSG00000032194	-	Kank2	269
270	Dock6	chr9	21799860	21852635	protein_coding	ENSMUSG00000032198	-	Dock6	270
271	Angptl8	chr9	21835510	21837347	protein_coding	ENSMUSG00000047822	+	Angptl8	271
272	Gm47873	chr9	21872274	21892189	unitary_pseudogene	ENSMUSG00000111766	+	Gm47873	272
273	Rab3d	chr9	21907491	21918192	protein_coding	ENSMUSG00000019066	-	Rab3d	273
274	Tmem205	chr9	21921008	21927556	protein_coding	ENSMUSG00000040883	-	Tmem205	274
275	Ccdc159	chr9	21927471	21935872	protein_coding	ENSMUSG00000006241	+	Ccdc159	275
276	Plppr2	chr9	21937033	21948907	protein_coding	ENSMUSG00000040563	+	Plppr2	276
277	Swsap1	chr9	21955755	21958264	protein_coding	ENSMUSG00000051238	+	Swsap1	277
278	Epor	chr9	21958897	21963506	protein_coding	ENSMUSG00000006235	-	Epor	278
279	Rgl3	chr9	21968711	21989446	protein_coding	ENSMUSG00000040146	-	Rgl3	279
280	Ccdc151	chr9	21989871	22002634	protein_coding	ENSMUSG00000039632	-	Ccdc151	280
281	Prkcsh	chr9	22002806	22014222	protein_coding	ENSMUSG00000003402	+	Prkcsh	281
282	Elavl3	chr9	22015005	22052023	protein_coding	ENSMUSG00000003410	-	Elavl3	282
283	Gm49318	chr9	22036380	22071259	protein_coding	ENSMUSG00000111842	-	Gm49318	283
284	Zfp653	chr9	22055411	22071376	protein_coding	ENSMUSG00000038895	-	Zfp653	284
285	Gm16845	chr9	22071002	22086122	lncRNA	ENSMUSG00000096981	+	Gm16845	285
286	Ecsit	chr9	22072246	22085438	protein_coding	ENSMUSG00000066839	-	Ecsit	286
287	Gm6581	chr9	22092513	22092772	processed_pseudogene	ENSMUSG00000111446	+	Gm6581	287
288	Cnn1	chr9	22099216	22109630	protein_coding	ENSMUSG00000001349	+	Cnn1	288
289	Elof1	chr9	22112989	22117172	protein_coding	ENSMUSG00000013822	-	Elof1	289
290	Mir7084	chr9	22113944	22114013	miRNA	ENSMUSG00000098646	-	Mir7084	290
291	6530413G14Rik	chr9	22117328	22137756	lncRNA	ENSMUSG00000111856	+	6530413G14Rik	291
292	Acp5	chr9	22126727	22135711	protein_coding	ENSMUSG00000001348	-	Acp5	292
293	Pigyl	chr9	22156846	22158358	protein_coding	ENSMUSG00000010607	+	Pigyl	293
294	Gm18227	chr9	22167479	22170652	unprocessed_pseudogene	ENSMUSG00000109765	+	Gm18227	294
295	Rpl15-ps3	chr9	22185607	22186221	processed_pseudogene	ENSMUSG00000061167	-	Rpl15-ps3	295
296	Zfp872	chr9	22188090	22202123	protein_coding	ENSMUSG00000074472	+	Zfp872	296
297	1810064F22Rik	chr9	22196963	22213860	lncRNA	ENSMUSG00000090925	-	1810064F22Rik	297
298	Gm18228	chr9	22204493	22205583	unprocessed_pseudogene	ENSMUSG00000110757	+	Gm18228	298
299	Zfp809	chr9	22225714	22243354	protein_coding	ENSMUSG00000057982	+	Zfp809	299
300	Gm48478	chr9	22228978	22231302	TEC	ENSMUSG00000111424	+	Gm48478	300
301	Zfp599	chr9	22247430	22259895	protein_coding	ENSMUSG00000062794	-	Zfp599	301
302	Gm39307	chr9	22260102	22263289	lncRNA	ENSMUSG00000111205	+	Gm39307	302
303	Zfp810	chr9	22276748	22307648	protein_coding	ENSMUSG00000066829	-	Zfp810	303
304	Gm48627	chr9	22294222	22295572	TEC	ENSMUSG00000111292	-	Gm48627	304
305	Gm18225	chr9	22295946	22296687	unprocessed_pseudogene	ENSMUSG00000111808	-	Gm18225	305
306	Gm6607	chr9	22330173	22330500	processed_pseudogene	ENSMUSG00000110759	-	Gm6607	306
307	Anln	chr9	22332012	22389188	protein_coding	ENSMUSG00000036777	-	Anln	307
308	Gm48646	chr9	22370552	22371779	lncRNA	ENSMUSG00000111069	-	Gm48646	308
309	Rp9	chr9	22411047	22469743	protein_coding	ENSMUSG00000032239	-	Rp9	309
310	9530077C05Rik	chr9	22411513	22444681	protein_coding	ENSMUSG00000036411	+	9530077C05Rik	310
311	Gm17545	chr9	22454290	22462062	protein_coding	ENSMUSG00000091159	+	Gm17545	311
312	Bbs9	chr9	22475715	22888280	protein_coding	ENSMUSG00000035919	+	Bbs9	312
313	Gm27639	chr9	22772751	22772835	snRNA	ENSMUSG00000098940	-	Gm27639	313
314	Bmper	chr9	23223076	23485200	protein_coding	ENSMUSG00000031963	+	Bmper	314
315	Gm47663	chr9	23917102	23940342	lncRNA	ENSMUSG00000110848	-	Gm47663	315
316	Gm47670	chr9	24091643	24091902	processed_pseudogene	ENSMUSG00000111135	-	Gm47670	316
317	Npsr1	chr9	24097996	24316398	protein_coding	ENSMUSG00000043659	+	Npsr1	317
318	Gm47674	chr9	24284873	24287841	TEC	ENSMUSG00000111002	-	Gm47674	318
319	Gm15600	chr9	24296139	24300257	lncRNA	ENSMUSG00000085969	-	Gm15600	319
320	Gm10701	chr9	24341657	24418709	lncRNA	ENSMUSG00000074465	+	Gm10701	320
321	Dpy19l1	chr9	24411776	24503140	protein_coding	ENSMUSG00000043067	-	Dpy19l1	321
322	Gm47772	chr9	24503449	24505585	lncRNA	ENSMUSG00000111365	+	Gm47772	322
323	Dpy19l2	chr9	24557047	24696293	protein_coding	ENSMUSG00000085576	-	Dpy19l2	323
324	Cypt4	chr9	24625196	24625824	protein_coding	ENSMUSG00000047995	+	Cypt4	324
325	Tbx20	chr9	24718138	24774303	protein_coding	ENSMUSG00000031965	-	Tbx20	325
326	Gm29824	chr9	24776467	24806024	lncRNA	ENSMUSG00000111275	+	Gm29824	326
327	E130101E03Rik	chr9	24974208	24998420	lncRNA	ENSMUSG00000111866	+	E130101E03Rik	327
328	Gm48256	chr9	25057050	25062599	lncRNA	ENSMUSG00000111751	+	Gm48256	328
329	Gm10180	chr9	25101404	25101481	processed_pseudogene	ENSMUSG00000066809	-	Gm10180	329
330	Herpud2	chr9	25108132	25151820	protein_coding	ENSMUSG00000008429	-	Herpud2	330
331	Gm29642	chr9	25152114	25175561	lncRNA	ENSMUSG00000100002	+	Gm29642	331
332	Sept7	chr9	25252439	25308571	protein_coding	ENSMUSG00000001833	+	Sept7	332
333	Gm48272	chr9	25274802	25275475	processed_pseudogene	ENSMUSG00000111004	-	Gm48272	333
334	Gm18891	chr9	25349498	25351664	processed_pseudogene	ENSMUSG00000111558	+	Gm18891	334
335	Gm8049	chr9	25450462	25452243	processed_pseudogene	ENSMUSG00000111600	+	Gm8049	335
336	Eepd1	chr9	25481547	25604110	protein_coding	ENSMUSG00000036611	+	Eepd1	336
337	Gm48362	chr9	25855315	25859652	lncRNA	ENSMUSG00000110866	-	Gm48362	337
338	Gm39312	chr9	26028685	26033479	lncRNA	ENSMUSG00000111240	-	Gm39312	338
339	Gm19113	chr9	26366831	26368658	processed_pseudogene	ENSMUSG00000111238	-	Gm19113	339
340	Gm48373	chr9	26386019	26386302	processed_pseudogene	ENSMUSG00000111124	-	Gm48373	340
341	Gm30313	chr9	26519485	26549953	lncRNA	ENSMUSG00000111066	-	Gm30313	341
342	Gm48393	chr9	26719838	26731861	lncRNA	ENSMUSG00000110901	-	Gm48393	342
343	B3gat1	chr9	26733728	26763101	protein_coding	ENSMUSG00000045994	+	B3gat1	343
344	Glb1l2	chr9	26763044	26806468	protein_coding	ENSMUSG00000036395	-	Glb1l2	344
345	Glb1l3	chr9	26817953	26860890	protein_coding	ENSMUSG00000031966	-	Glb1l3	345
346	Gm1110	chr9	26879567	26923111	protein_coding	ENSMUSG00000079644	-	Gm1110	346
347	Gm5120	chr9	26960146	26962559	processed_pseudogene	ENSMUSG00000111151	-	Gm5120	347
348	Acad8	chr9	26974135	26999566	protein_coding	ENSMUSG00000031969	-	Acad8	348
349	Thyn1	chr9	26999710	27007336	protein_coding	ENSMUSG00000035443	+	Thyn1	349
350	Vps26b	chr9	27007771	27030065	protein_coding	ENSMUSG00000031988	-	Vps26b	350
351	Gm48673	chr9	27021553	27024921	TEC	ENSMUSG00000111505	-	Gm48673	351
352	Ncapd3	chr9	27030175	27095315	protein_coding	ENSMUSG00000035024	+	Ncapd3	352
353	Jam3	chr9	27097384	27155421	protein_coding	ENSMUSG00000031990	-	Jam3	353
354	Gm48796	chr9	27098551	27102343	lncRNA	ENSMUSG00000111390	+	Gm48796	354
355	Gm48801	chr9	27199590	27203298	lncRNA	ENSMUSG00000110836	-	Gm48801	355
356	Gm48803	chr9	27291197	27293344	lncRNA	ENSMUSG00000111387	-	Gm48803	356
357	Igsf9b	chr9	27299204	27357546	protein_coding	ENSMUSG00000034275	+	Igsf9b	357
358	Spata19	chr9	27396800	27401785	protein_coding	ENSMUSG00000031991	+	Spata19	358
359	Gm18585	chr9	27582837	27583392	processed_pseudogene	ENSMUSG00000110892	-	Gm18585	359
360	Gm8106	chr9	27611600	27612122	processed_pseudogene	ENSMUSG00000110745	+	Gm8106	360
361	Gm48902	chr9	27616185	27625898	lncRNA	ENSMUSG00000110851	+	Gm48902	361
362	Opcml	chr9	27790775	28925410	protein_coding	ENSMUSG00000062257	+	Opcml	362
363	Gm15606	chr9	28197887	28199521	lncRNA	ENSMUSG00000087531	+	Gm15606	363
364	Gm44316	chr9	28292748	28292844	miRNA	ENSMUSG00000106021	+	Gm44316	364
365	Gm48091	chr9	28794296	28954347	lncRNA	ENSMUSG00000110741	-	Gm48091	365
366	Ntm	chr9	28994750	29963141	protein_coding	ENSMUSG00000059974	-	Ntm	366
367	Gm15520	chr9	29059799	29070199	lncRNA	ENSMUSG00000085449	+	Gm15520	367
368	Gm15521	chr9	29590484	29592510	lncRNA	ENSMUSG00000085638	-	Gm15521	368
369	Gm47677	chr9	30167575	30171881	lncRNA	ENSMUSG00000111304	+	Gm47677	369
370	Gm30933	chr9	30385980	30426976	lncRNA	ENSMUSG00000111109	-	Gm30933	370
371	Snx19	chr9	30427108	30466733	protein_coding	ENSMUSG00000031993	+	Snx19	371
372	Gm47714	chr9	30489959	30490376	processed_pseudogene	ENSMUSG00000111260	+	Gm47714	372
373	Rps2-ps12	chr9	30512940	30513724	processed_pseudogene	ENSMUSG00000111438	+	Rps2-ps12	373
374	Gm47716	chr9	30625808	30632587	lncRNA	ENSMUSG00000111413	-	Gm47716	374
375	Gm31013	chr9	30722035	30781479	lncRNA	ENSMUSG00000111867	-	Gm31013	375
376	Adamts15	chr9	30899155	30922452	protein_coding	ENSMUSG00000033453	-	Adamts15	376
377	Adamts8	chr9	30942562	30963838	protein_coding	ENSMUSG00000031994	+	Adamts8	377
378	Gm29724	chr9	30954087	31031205	lncRNA	ENSMUSG00000111673	-	Gm29724	378
379	Zbtb44	chr9	31030644	31075885	protein_coding	ENSMUSG00000047412	+	Zbtb44	379
380	Gm17508	chr9	31080617	31082475	lncRNA	ENSMUSG00000097701	-	Gm17508	380
381	St14	chr9	31089402	31131853	protein_coding	ENSMUSG00000031995	-	St14	381
382	Gm16071	chr9	31094202	31094994	processed_pseudogene	ENSMUSG00000081343	+	Gm16071	382
383	Aplp2	chr9	31149557	31211815	protein_coding	ENSMUSG00000031996	-	Aplp2	383
384	Gm7244	chr9	31274821	31275275	processed_pseudogene	ENSMUSG00000091003	+	Gm7244	384
385	4930517E14Rik	chr9	31278021	31280992	lncRNA	ENSMUSG00000111246	-	4930517E14Rik	385
386	Prdm10	chr9	31280538	31381723	protein_coding	ENSMUSG00000042496	+	Prdm10	386
387	Nfrkb	chr9	31386192	31421333	protein_coding	ENSMUSG00000042185	+	Nfrkb	387
388	Tmem45b	chr9	31426196	31464462	protein_coding	ENSMUSG00000041737	-	Tmem45b	388
389	Gm8162	chr9	31434043	31434707	processed_pseudogene	ENSMUSG00000111548	-	Gm8162	389
390	5033425B01Rik	chr9	31438465	31439767	TEC	ENSMUSG00000111468	-	5033425B01Rik	390
391	4930434F21Rik	chr9	31463906	31515809	lncRNA	ENSMUSG00000111655	+	4930434F21Rik	391
392	Gm31408	chr9	31559609	31579634	lncRNA	ENSMUSG00000111853	+	Gm31408	392
393	Gm18226	chr9	31567726	31568246	processed_pseudogene	ENSMUSG00000110952	-	Gm18226	393
394	Gm47436	chr9	31676808	31678026	lncRNA	ENSMUSG00000110853	-	Gm47436	394
395	Barx2	chr9	31846044	31913462	protein_coding	ENSMUSG00000032033	-	Barx2	395
396	Gm31497	chr9	31905993	31911198	lncRNA	ENSMUSG00000110813	+	Gm31497	396
397	Gm3756	chr9	31935446	31936800	processed_pseudogene	ENSMUSG00000091639	-	Gm3756	397
398	Gm47465	chr9	31947018	32005460	lncRNA	ENSMUSG00000111771	-	Gm47465	398
399	Gm44453	chr9	32067171	32067296	miRNA	ENSMUSG00000106368	+	Gm44453	399
400	Gm47496	chr9	32078281	32078765	processed_pseudogene	ENSMUSG00000110840	+	Gm47496	400
401	Arhgap32	chr9	32116136	32268446	protein_coding	ENSMUSG00000041444	+	Arhgap32	401
402	Kcnj5	chr9	32314707	32344350	protein_coding	ENSMUSG00000032034	-	Kcnj5	402
403	Gm39317	chr9	32348682	32361738	lncRNA	ENSMUSG00000111056	+	Gm39317	403
404	Kcnj1	chr9	32372493	32399197	protein_coding	ENSMUSG00000041248	+	Kcnj1	404
405	Fli1	chr9	32422204	32542861	protein_coding	ENSMUSG00000016087	-	Fli1	405
406	Gm38292	chr9	32477333	32480377	TEC	ENSMUSG00000103151	-	Gm38292	406
407	Gm38346	chr9	32507745	32510383	TEC	ENSMUSG00000102352	-	Gm38346	407
408	Gm27201	chr9	32508413	32516958	lncRNA	ENSMUSG00000098645	+	Gm27201	408
409	Gm37474	chr9	32525145	32526958	TEC	ENSMUSG00000102153	-	Gm37474	409
410	Gm37082	chr9	32535251	32537177	TEC	ENSMUSG00000102850	-	Gm37082	410
411	Gm47680	chr9	32613452	32629557	lncRNA	ENSMUSG00000110844	+	Gm47680	411
412	Ets1	chr9	32636221	32757820	protein_coding	ENSMUSG00000032035	+	Ets1	412
413	Gm3331	chr9	32813734	32834104	lncRNA	ENSMUSG00000099148	+	Gm3331	413
414	Gm27162	chr9	32904937	32928966	lncRNA	ENSMUSG00000099025	-	Gm27162	414
415	Gm27166	chr9	33031791	33090799	lncRNA	ENSMUSG00000098519	+	Gm27166	415
416	Gm32171	chr9	33151292	33262516	lncRNA	ENSMUSG00000111645	+	Gm32171	416
417	Gm37758	chr9	33160062	33160690	TEC	ENSMUSG00000102712	-	Gm37758	417
418	Gm47775	chr9	33296244	33308803	lncRNA	ENSMUSG00000111467	+	Gm47775	418
419	Gm47777	chr9	33482183	33492014	lncRNA	ENSMUSG00000111878	-	Gm47777	419
420	Gm47778	chr9	33597365	33600468	lncRNA	ENSMUSG00000111276	+	Gm47778	420
421	Gm47785	chr9	33901917	33921449	lncRNA	ENSMUSG00000110771	+	Gm47785	421
422	Gm27164	chr9	33942310	34007173	lncRNA	ENSMUSG00000098358	+	Gm27164	422
423	7630403G23Rik	chr9	34042369	34059019	lncRNA	ENSMUSG00000098758	+	7630403G23Rik	423
424	Gm47858	chr9	34459181	34477056	lncRNA	ENSMUSG00000110925	+	Gm47858	424
425	Kirrel3	chr9	34485894	35036716	protein_coding	ENSMUSG00000032036	+	Kirrel3	425
426	Gm38217	chr9	34521755	34522664	TEC	ENSMUSG00000103552	+	Gm38217	426
427	Kirrel3os	chr9	34918233	34929509	lncRNA	ENSMUSG00000053889	-	Kirrel3os	427
428	St3gal4	chr9	35046576	35119268	protein_coding	ENSMUSG00000032038	-	St3gal4	428
429	4930581F22Rik	chr9	35116728	35130922	lncRNA	ENSMUSG00000070315	+	4930581F22Rik	429
430	Dcps	chr9	35124408	35176061	protein_coding	ENSMUSG00000032040	-	Dcps	430
431	Tirap	chr9	35184551	35200291	protein_coding	ENSMUSG00000032041	-	Tirap	431
432	Gm39318	chr9	35188663	35193817	lncRNA	ENSMUSG00000110774	+	Gm39318	432
433	Srpr	chr9	35200175	35247973	protein_coding	ENSMUSG00000032042	+	Srpr	433
434	Foxred1	chr9	35204206	35211055	protein_coding	ENSMUSG00000039048	-	Foxred1	434
435	Fam118b	chr9	35216965	35267805	protein_coding	ENSMUSG00000050471	-	Fam118b	435
436	Rpusd4	chr9	35267865	35277731	protein_coding	ENSMUSG00000032044	+	Rpusd4	436
437	4933422A05Rik	chr9	35281105	35285423	lncRNA	ENSMUSG00000111746	+	4933422A05Rik	437
438	Gm5614	chr9	35281518	35281835	processed_pseudogene	ENSMUSG00000066771	-	Gm5614	438
439	Gm33838	chr9	35301722	35307599	lncRNA	ENSMUSG00000111059	-	Gm33838	439
440	2610105M22Rik	chr9	35361961	35363113	TEC	ENSMUSG00000103259	-	2610105M22Rik	440
441	Cdon	chr9	35421128	35507652	protein_coding	ENSMUSG00000038119	+	Cdon	441
442	Gm25630	chr9	35474885	35475046	snRNA	ENSMUSG00000065934	+	Gm25630	442
443	Gm24188	chr9	35503588	35503695	rRNA	ENSMUSG00000088605	-	Gm24188	443
444	Gm1113	chr9	35509222	35518269	protein_coding	ENSMUSG00000098590	-	Gm1113	444
445	Ddx25	chr9	35536647	35558528	protein_coding	ENSMUSG00000032101	-	Ddx25	445
446	Pus3	chr9	35558595	35567401	protein_coding	ENSMUSG00000032103	+	Pus3	446
447	Hyls1	chr9	35560820	35570398	protein_coding	ENSMUSG00000050555	-	Hyls1	447
448	Pate2	chr9	35570284	35690318	protein_coding	ENSMUSG00000074452	+	Pate2	448
449	Pate4	chr9	35607093	35611941	protein_coding	ENSMUSG00000032099	-	Pate4	449
450	Pate3	chr9	35645113	35648202	protein_coding	ENSMUSG00000094995	-	Pate3	450
451	Pate1	chr9	35685079	35687390	protein_coding	ENSMUSG00000091215	-	Pate1	451
452	Pate10	chr9	35741049	35742252	protein_coding	ENSMUSG00000091174	+	Pate10	452
453	Gm27235	chr9	35776524	35790101	protein_coding	ENSMUSG00000098847	-	Gm27235	453
454	Pate6	chr9	35788050	35790112	protein_coding	ENSMUSG00000032108	-	Pate6	454
455	Gm36974	chr9	35835387	35836457	TEC	ENSMUSG00000104304	+	Gm36974	455
456	Pate5	chr9	35838329	35844150	protein_coding	ENSMUSG00000047980	-	Pate5	456
457	Gm3428	chr9	35847855	35850253	lncRNA	ENSMUSG00000098705	-	Gm3428	457
458	Pate13	chr9	35908423	35910796	protein_coding	ENSMUSG00000078934	+	Pate13	458
459	Gm27187	chr9	35960687	36011558	lncRNA	ENSMUSG00000099201	-	Gm27187	459
460	Gm48348	chr9	36089920	36092359	processed_pseudogene	ENSMUSG00000111619	-	Gm48348	460
461	Gm5916	chr9	36119934	36128779	protein_coding	ENSMUSG00000091411	-	Gm5916	461
462	Gm3434	chr9	36134246	36135630	lncRNA	ENSMUSG00000098390	-	Gm3434	462
463	Gm48391	chr9	36249948	36263066	transcribed_processed_pseudogene	ENSMUSG00000111023	+	Gm48391	463
464	Gm3867	chr9	36255931	36258323	transcribed_processed_pseudogene	ENSMUSG00000066767	-	Gm3867	464
465	Gm48401	chr9	36376974	36380808	processed_pseudogene	ENSMUSG00000111327	-	Gm48401	465
466	Pate12	chr9	36431884	36434938	protein_coding	ENSMUSG00000023093	+	Pate12	466
467	Pate9	chr9	36532397	36541963	protein_coding	ENSMUSG00000074448	-	Pate9	467
468	Gm49367	chr9	36635753	36692969	lncRNA	ENSMUSG00000111683	-	Gm49367	468
469	Pate14	chr9	36635754	36643376	protein_coding	ENSMUSG00000070313	-	Pate14	469
470	1700027I24Rik	chr9	36668856	36693189	lncRNA	ENSMUSG00000098304	-	1700027I24Rik	470
471	Gm48443	chr9	36672697	36676537	processed_pseudogene	ENSMUSG00000111485	+	Gm48443	471
472	Acrv1	chr9	36693220	36698843	protein_coding	ENSMUSG00000032110	+	Acrv1	472
473	Chek1	chr9	36708482	36727065	protein_coding	ENSMUSG00000032113	-	Chek1	473
474	Stt3a	chr9	36729344	36767679	protein_coding	ENSMUSG00000032116	-	Stt3a	474
475	Gm26787	chr9	36767887	36782677	lncRNA	ENSMUSG00000096993	+	Gm26787	475
476	Ei24	chr9	36779159	36797393	protein_coding	ENSMUSG00000062762	-	Ei24	476
477	Gm27219	chr9	36813133	36813874	processed_pseudogene	ENSMUSG00000098985	-	Gm27219	477
478	Fez1	chr9	36821864	36878924	protein_coding	ENSMUSG00000032118	+	Fez1	478
479	Pknox2	chr9	36890982	37147407	protein_coding	ENSMUSG00000035934	-	Pknox2	479
480	Gm3896	chr9	37015758	37020671	lncRNA	ENSMUSG00000093721	+	Gm3896	480
481	n-R5s82	chr9	37026399	37026507	rRNA	ENSMUSG00000077401	+	n-R5s82	481
482	Gm48716	chr9	37118656	37120064	lncRNA	ENSMUSG00000110722	+	Gm48716	482
483	Gm48717	chr9	37138553	37139624	TEC	ENSMUSG00000111254	-	Gm48717	483
484	Tmem218	chr9	37208223	37224700	protein_coding	ENSMUSG00000032121	+	Tmem218	484
485	Slc37a2	chr9	37227585	37255738	protein_coding	ENSMUSG00000032122	-	Slc37a2	485
486	Gm10177	chr9	37252922	37253365	transcribed_processed_pseudogene	ENSMUSG00000090136	+	Gm10177	486
487	Gm48081	chr9	37255498	37256149	lncRNA	ENSMUSG00000111797	+	Gm48081	487
488	Gm47640	chr9	37269287	37272168	TEC	ENSMUSG00000111681	+	Gm47640	488
489	Gm18329	chr9	37275260	37275848	processed_pseudogene	ENSMUSG00000111738	+	Gm18329	489
490	Ccdc15	chr9	37275835	37348432	protein_coding	ENSMUSG00000034303	-	Ccdc15	490
491	Gm47643	chr9	37296126	37299361	TEC	ENSMUSG00000111421	-	Gm47643	491
492	Gm34885	chr9	37312136	37324436	lncRNA	ENSMUSG00000111748	+	Gm34885	492
493	Gm47652	chr9	37329767	37334429	TEC	ENSMUSG00000111481	-	Gm47652	493
494	Hepacam	chr9	37367351	37386575	protein_coding	ENSMUSG00000046240	+	Hepacam	494
495	Robo4	chr9	37401897	37415115	protein_coding	ENSMUSG00000032125	+	Robo4	495
496	Robo3	chr9	37415669	37433246	protein_coding	ENSMUSG00000032128	-	Robo3	496
497	Msantd2	chr9	37489319	37524625	protein_coding	ENSMUSG00000042138	+	Msantd2	497
498	Gm47963	chr9	37497769	37499912	TEC	ENSMUSG00000110993	+	Gm47963	498
499	Esam	chr9	37528078	37538319	protein_coding	ENSMUSG00000001946	+	Esam	499
500	Vsig2	chr9	37539255	37544205	protein_coding	ENSMUSG00000001943	+	Vsig2	500
501	Nrgn	chr9	37544492	37552904	protein_coding	ENSMUSG00000053310	-	Nrgn	501
502	Siae	chr9	37555698	37649655	protein_coding	ENSMUSG00000001942	+	Siae	502
503	Spa17	chr9	37603290	37613722	protein_coding	ENSMUSG00000001948	-	Spa17	503
504	Tbrg1	chr9	37648763	37657312	protein_coding	ENSMUSG00000011114	-	Tbrg1	504
505	Panx3	chr9	37659902	37669235	protein_coding	ENSMUSG00000011118	-	Panx3	505
506	Olfr160	chr9	37708964	37716250	protein_coding	ENSMUSG00000061165	-	Olfr160	506
507	Olfr151	chr9	37729977	37731104	polymorphic_pseudogene	ENSMUSG00000110526	-	Olfr151	507
508	Olfr874	chr9	37745106	37748594	protein_coding	ENSMUSG00000063350	+	Olfr874	508
509	Olfr876	chr9	37803031	37808144	protein_coding	ENSMUSG00000066750	+	Olfr876	509
510	Olfr877	chr9	37854269	37857320	protein_coding	ENSMUSG00000066749	+	Olfr877	510
511	Olfr145	chr9	37896724	37903519	protein_coding	ENSMUSG00000066748	+	Olfr145	511
512	Olfr878	chr9	37917840	37922474	protein_coding	ENSMUSG00000066747	+	Olfr878	512
513	Olfr879-ps1	chr9	37941415	37942108	unprocessed_pseudogene	ENSMUSG00000110675	+	Olfr879-ps1	513
514	Olfr881	chr9	37991825	37996408	protein_coding	ENSMUSG00000060583	+	Olfr881	514
515	Olfr884	chr9	38046555	38050137	protein_coding	ENSMUSG00000095893	+	Olfr884	515
516	Olfr886-ps1	chr9	38069587	38070748	unprocessed_pseudogene	ENSMUSG00000110602	+	Olfr886-ps1	516
517	Olfr887	chr9	38084072	38090737	protein_coding	ENSMUSG00000096167	+	Olfr887	517
518	Olfr889	chr9	38115198	38121245	protein_coding	ENSMUSG00000096356	+	Olfr889	518
519	Olfr890	chr9	38142517	38148375	protein_coding	ENSMUSG00000096409	+	Olfr890	519
520	Olfr894	chr9	38218055	38221706	protein_coding	ENSMUSG00000070311	+	Olfr894	520
521	Olfr143	chr9	38252774	38256549	protein_coding	ENSMUSG00000094778	+	Olfr143	521
522	Olfr896-ps1	chr9	38291107	38294465	protein_coding	ENSMUSG00000111814	+	Olfr896-ps1	522
523	Olfr897-ps1	chr9	38308797	38309731	polymorphic_pseudogene	ENSMUSG00000110881	+	Olfr897-ps1	523
524	Olfr25	chr9	38329060	38335889	protein_coding	ENSMUSG00000058270	+	Olfr25	524
525	Olfr898	chr9	38348411	38352919	protein_coding	ENSMUSG00000094588	+	Olfr898	525
526	Olfr251	chr9	38377086	38382474	protein_coding	ENSMUSG00000096757	+	Olfr251	526
527	Olfr147	chr9	38401698	38407997	protein_coding	ENSMUSG00000049098	+	Olfr147	527
528	Olfr901	chr9	38429455	38432682	protein_coding	ENSMUSG00000052058	+	Olfr901	528
529	Olfr1543-ps1	chr9	38456452	38457523	unprocessed_pseudogene	ENSMUSG00000111032	+	Olfr1543-ps1	529
530	Olfr904	chr9	38463144	38468995	protein_coding	ENSMUSG00000094380	+	Olfr904	530
531	Olfr905	chr9	38471107	38477013	protein_coding	ENSMUSG00000096794	+	Olfr905	531
532	Olfr906	chr9	38487085	38491560	protein_coding	ENSMUSG00000039962	+	Olfr906	532
533	Olfr907	chr9	38495801	38499882	protein_coding	ENSMUSG00000094810	+	Olfr907	533
534	Olfr908	chr9	38516034	38516965	polymorphic_pseudogene	ENSMUSG00000110991	+	Olfr908	534
535	Olfr911-ps1	chr9	38521580	38527133	protein_coding	ENSMUSG00000062621	+	Olfr911-ps1	535
536	Olfr912	chr9	38580178	38586876	protein_coding	ENSMUSG00000111448	+	Olfr912	536
537	Olfr913	chr9	38592759	38596283	protein_coding	ENSMUSG00000059189	+	Olfr913	537
538	Olfr914	chr9	38605102	38610978	protein_coding	ENSMUSG00000047050	+	Olfr914	538
539	Gm49385	chr9	38647486	38658393	polymorphic_pseudogene	ENSMUSG00000111700	-	Gm49385	539
540	Olfr916	chr9	38655052	38659875	protein_coding	ENSMUSG00000094701	-	Olfr916	540
541	Olfr918	chr9	38669861	38674601	protein_coding	ENSMUSG00000046150	-	Olfr918	541
542	Gm5010	chr9	38678614	38679748	unprocessed_pseudogene	ENSMUSG00000111127	-	Gm5010	542
543	Olfr919	chr9	38696804	38703673	protein_coding	ENSMUSG00000056961	-	Olfr919	543
544	Vwa5a	chr9	38718268	38743337	protein_coding	ENSMUSG00000023186	+	Vwa5a	544
545	Olfr920	chr9	38752299	38760117	protein_coding	ENSMUSG00000061039	+	Olfr920	545
546	Olfr921	chr9	38773068	38779021	protein_coding	ENSMUSG00000049926	+	Olfr921	546
547	Olfr922	chr9	38814614	38819195	protein_coding	ENSMUSG00000043911	+	Olfr922	547
548	Olfr923	chr9	38826545	38830300	protein_coding	ENSMUSG00000044798	+	Olfr923	548
549	Olfr924	chr9	38844449	38851495	protein_coding	ENSMUSG00000062103	+	Olfr924	549
550	Olfr925-ps1	chr9	38868866	38869645	unprocessed_pseudogene	ENSMUSG00000111453	+	Olfr925-ps1	550
551	Olfr926	chr9	38877126	38878176	protein_coding	ENSMUSG00000064333	+	Olfr926	551
552	Olfr929-ps1	chr9	38907173	38907847	unprocessed_pseudogene	ENSMUSG00000111708	-	Olfr929-ps1	552
553	Olfr930	chr9	38929809	38931396	protein_coding	ENSMUSG00000063221	+	Olfr930	553
554	Gm20953	chr9	38937489	38940102	processed_pseudogene	ENSMUSG00000110964	-	Gm20953	554
555	Olfr931-ps1	chr9	38945167	38945715	unprocessed_pseudogene	ENSMUSG00000110792	-	Olfr931-ps1	555
556	CT025680.1	chr9	38945914	38949211	unprocessed_pseudogene	ENSMUSG00000110849	+	CT025680.1	556
557	Olfr933	chr9	38972313	38979861	protein_coding	ENSMUSG00000058515	+	Olfr933	557
558	Olfr934	chr9	38981026	38988315	protein_coding	ENSMUSG00000057424	-	Olfr934	558
559	Olfr935	chr9	38993971	38999683	protein_coding	ENSMUSG00000059595	-	Olfr935	559
560	Olfr146	chr9	39018073	39023377	protein_coding	ENSMUSG00000058820	-	Olfr146	560
561	Olfr936	chr9	39046614	39047550	polymorphic_pseudogene	ENSMUSG00000095194	-	Olfr936	561
562	Olfr937	chr9	39058851	39064951	protein_coding	ENSMUSG00000094182	-	Olfr937	562
563	AC073947.1	chr9	39084499	39095161	unprocessed_pseudogene	ENSMUSG00000111781	-	AC073947.1	563
564	Olfr27	chr9	39128131	39145072	protein_coding	ENSMUSG00000049708	+	Olfr27	564
565	Olfr943	chr9	39166304	39192350	protein_coding	ENSMUSG00000094970	+	Olfr943	565
566	Olfr944	chr9	39201920	39218421	protein_coding	ENSMUSG00000096555	+	Olfr944	566
567	Olfr1537	chr9	39234412	39249994	protein_coding	ENSMUSG00000096109	-	Olfr1537	567
568	Olfr945	chr9	39256869	39276818	protein_coding	ENSMUSG00000063380	-	Olfr945	568
569	Olfr947-ps1	chr9	39287813	39299548	polymorphic_pseudogene	ENSMUSG00000111190	-	Olfr947-ps1	569
570	Olfr948	chr9	39315712	39326045	protein_coding	ENSMUSG00000057349	-	Olfr948	570
571	Olfr951	chr9	39387410	39395633	protein_coding	ENSMUSG00000094269	+	Olfr951	571
572	Olfr952	chr9	39426093	39427148	protein_coding	ENSMUSG00000058856	-	Olfr952	572
573	Olfr953-ps1	chr9	39452295	39453293	unprocessed_pseudogene	ENSMUSG00000110985	+	Olfr953-ps1	573
574	Olfr954	chr9	39456701	39464625	protein_coding	ENSMUSG00000094745	+	Olfr954	574
575	Olfr955	chr9	39465801	39471944	protein_coding	ENSMUSG00000063176	-	Olfr955	575
576	Olfr44	chr9	39481786	39493995	protein_coding	ENSMUSG00000062649	-	Olfr44	576
577	Olfr957	chr9	39510234	39515809	protein_coding	ENSMUSG00000095322	-	Olfr957	577
578	Gm24278	chr9	39537826	39537952	snoRNA	ENSMUSG00000077427	-	Gm24278	578
579	Olfr958	chr9	39547958	39554054	protein_coding	ENSMUSG00000050853	-	Olfr958	579
580	Olfr959	chr9	39569383	39575569	protein_coding	ENSMUSG00000059366	-	Olfr959	580
581	AW551984	chr9	39587396	39604403	protein_coding	ENSMUSG00000038112	-	AW551984	581
582	Olfr148	chr9	39610655	39615927	protein_coding	ENSMUSG00000048299	+	Olfr148	582
583	Olfr960	chr9	39621373	39624205	protein_coding	ENSMUSG00000059867	+	Olfr960	583
584	Olfr961	chr9	39645085	39649556	protein_coding	ENSMUSG00000059106	+	Olfr961	584
585	Olfr963	chr9	39667205	39670783	protein_coding	ENSMUSG00000064110	+	Olfr963	585
586	Olfr149	chr9	39700518	39707117	protein_coding	ENSMUSG00000062121	-	Olfr149	586
587	Olfr965	chr9	39711353	39720614	protein_coding	ENSMUSG00000095839	+	Olfr965	587
588	Olfr966-ps1	chr9	39723965	39724541	unprocessed_pseudogene	ENSMUSG00000111305	+	Olfr966-ps1	588
589	Olfr150	chr9	39730978	39738456	protein_coding	ENSMUSG00000094353	+	Olfr150	589
590	Olfr967	chr9	39746249	39751493	protein_coding	ENSMUSG00000055820	+	Olfr967	590
591	Olfr968	chr9	39768776	39783253	protein_coding	ENSMUSG00000095903	-	Olfr968	591
592	Olfr969	chr9	39790945	39796635	protein_coding	ENSMUSG00000094254	+	Olfr969	592
593	Olfr970	chr9	39808860	39820997	protein_coding	ENSMUSG00000095774	+	Olfr970	593
594	Olfr971	chr9	39836876	39841281	protein_coding	ENSMUSG00000093934	+	Olfr971	594
595	Olfr972	chr9	39866422	39874651	protein_coding	ENSMUSG00000094449	+	Olfr972	595
596	Olfr229	chr9	39907336	39912732	protein_coding	ENSMUSG00000095390	+	Olfr229	596
597	Olfr974	chr9	39937501	39945170	protein_coding	ENSMUSG00000051493	+	Olfr974	597
598	Olfr975	chr9	39948131	39952046	protein_coding	ENSMUSG00000043331	-	Olfr975	598
599	Olfr976	chr9	39954139	39961133	protein_coding	ENSMUSG00000047352	-	Olfr976	599
600	Olfr978	chr9	39992113	39995095	protein_coding	ENSMUSG00000044292	+	Olfr978	600
601	Olfr979	chr9	39998003	40003465	protein_coding	ENSMUSG00000059473	-	Olfr979	601
602	Olfr980	chr9	40004348	40009582	protein_coding	ENSMUSG00000060254	-	Olfr980	602
603	Olfr981	chr9	40021464	40030377	protein_coding	ENSMUSG00000046678	+	Olfr981	603
604	Gm18892	chr9	40039891	40040771	processed_pseudogene	ENSMUSG00000111553	+	Gm18892	604
605	1700001J11Rik	chr9	40050365	40053028	transcribed_processed_pseudogene	ENSMUSG00000101963	+	1700001J11Rik	605
606	Olfr982	chr9	40073829	40079404	protein_coding	ENSMUSG00000049010	+	Olfr982	606
607	Olfr984	chr9	40096515	40114206	protein_coding	ENSMUSG00000045812	-	Olfr984	607
608	Olfr985	chr9	40126308	40130184	protein_coding	ENSMUSG00000049073	-	Olfr985	608
609	Tmem225	chr9	40148122	40150874	protein_coding	ENSMUSG00000040541	+	Tmem225	609
610	Olfr986	chr9	40180920	40190134	protein_coding	ENSMUSG00000051095	+	Olfr986	610
611	Zfp202	chr9	40192316	40213604	protein_coding	ENSMUSG00000025602	+	Zfp202	611
612	Scn3b	chr9	40269217	40291618	protein_coding	ENSMUSG00000049281	+	Scn3b	612
613	Gm47266	chr9	40275903	40276532	TEC	ENSMUSG00000111509	-	Gm47266	613
614	Gramd1b	chr9	40293233	40531383	protein_coding	ENSMUSG00000040111	-	Gramd1b	614
615	1700110K17Rik	chr9	40323426	40343564	lncRNA	ENSMUSG00000087047	+	1700110K17Rik	615
616	Gm48129	chr9	40341618	40342103	lncRNA	ENSMUSG00000111323	-	Gm48129	616
617	Gm48127	chr9	40342308	40342938	lncRNA	ENSMUSG00000111271	-	Gm48127	617
618	Gm48114	chr9	40363217	40366902	TEC	ENSMUSG00000110928	-	Gm48114	618
619	Gm5055	chr9	40487720	40488300	processed_pseudogene	ENSMUSG00000111515	+	Gm5055	619
620	Gm17540	chr9	40531155	40533620	lncRNA	ENSMUSG00000097205	+	Gm17540	620
621	Gm35177	chr9	40547360	40561393	lncRNA	ENSMUSG00000110922	+	Gm35177	621
622	Gm48277	chr9	40555086	40560929	lncRNA	ENSMUSG00000111858	-	Gm48277	622
623	Gm48284	chr9	40606416	40616386	lncRNA	ENSMUSG00000111504	-	Gm48284	623
624	Gm35371	chr9	40667960	40669107	lncRNA	ENSMUSG00000110992	-	Gm35371	624
625	Clmp	chr9	40685962	40785319	protein_coding	ENSMUSG00000032024	+	Clmp	625
626	Gm48294	chr9	40715158	40720034	lncRNA	ENSMUSG00000111794	+	Gm48294	626
627	Gm16095	chr9	40718906	40719986	lncRNA	ENSMUSG00000086014	-	Gm16095	627
628	Gm48293	chr9	40747281	40762673	lncRNA	ENSMUSG00000111189	-	Gm48293	628
629	Gm16096	chr9	40780742	40784181	lncRNA	ENSMUSG00000087135	-	Gm16096	629
630	Hspa8	chr9	40800984	40810087	protein_coding	ENSMUSG00000015656	+	Hspa8	630
631	Snord14c	chr9	40803583	40803668	snoRNA	ENSMUSG00000096263	+	Snord14c	631
632	Snord14e	chr9	40804748	40804837	snoRNA	ENSMUSG00000064791	+	Snord14e	632
633	Gm48565	chr9	40820969	40822673	TEC	ENSMUSG00000110982	+	Gm48565	633
634	Bsx	chr9	40874127	40880057	protein_coding	ENSMUSG00000054360	+	Bsx	634
635	Jhy	chr9	40894849	40964118	protein_coding	ENSMUSG00000032023	-	Jhy	635
636	Gm18586	chr9	40929909	40930426	processed_pseudogene	ENSMUSG00000111346	-	Gm18586	636
637	Crtam	chr9	40969691	41004628	protein_coding	ENSMUSG00000032021	-	Crtam	637
638	Ubash3b	chr9	41011098	41161697	protein_coding	ENSMUSG00000032020	-	Ubash3b	638
639	Gm48611	chr9	41109527	41112081	TEC	ENSMUSG00000110914	-	Gm48611	639
640	Gm35657	chr9	41159424	41188862	lncRNA	ENSMUSG00000110747	+	Gm35657	640
641	1700063D05Rik	chr9	41192446	41217990	lncRNA	ENSMUSG00000100837	+	1700063D05Rik	641
642	Gm48710	chr9	41228882	41232191	TEC	ENSMUSG00000111308	+	Gm48710	642
643	Mir100hg	chr9	41327077	41716994	lncRNA	ENSMUSG00000074415	+	Mir100hg	643
644	Gm48742	chr9	41405374	41532087	lncRNA	ENSMUSG00000111593	-	Gm48742	644
645	Gm48739	chr9	41419051	41419482	processed_pseudogene	ENSMUSG00000110885	+	Gm48739	645
646	Gm49317	chr9	41474855	41655483	lncRNA	ENSMUSG00000111462	+	Gm49317	646
647	Gm48736	chr9	41513525	41513780	processed_pseudogene	ENSMUSG00000110801	-	Gm48736	647
648	Mirlet7a-2	chr9	41536716	41536811	miRNA	ENSMUSG00000092770	+	Mirlet7a-2	648
649	Gm48740	chr9	41551506	41559259	lncRNA	ENSMUSG00000111854	-	Gm48740	649
650	Gm28119	chr9	41581908	41582283	lncRNA	ENSMUSG00000100158	+	Gm28119	650
651	Mir125b-1	chr9	41581926	41582002	miRNA	ENSMUSG00000093354	+	Mir125b-1	651
652	Gm48737	chr9	41618992	41621303	TEC	ENSMUSG00000111107	+	Gm48737	652
653	Gm8707	chr9	41651893	41655282	transcribed_processed_pseudogene	ENSMUSG00000098093	+	Gm8707	653
654	Gm48784	chr9	41659164	41675054	lncRNA	ENSMUSG00000110727	-	Gm48784	654
655	Gm35835	chr9	41680147	41737398	lncRNA	ENSMUSG00000110862	-	Gm35835	655
656	AC160966.1	chr9	41803165	41876268	lncRNA	ENSMUSG00000111511	-	AC160966.1	656
657	Gm35940	chr9	41805412	41838418	lncRNA	ENSMUSG00000110981	+	Gm35940	657
658	Gm40513	chr9	41886512	41890604	lncRNA	ENSMUSG00000111726	-	Gm40513	658
659	Sorl1	chr9	41964720	42124297	protein_coding	ENSMUSG00000049313	-	Sorl1	659
660	Gm16214	chr9	42022615	42034113	lncRNA	ENSMUSG00000086360	+	Gm16214	660
661	Gm39321	chr9	42141993	42146506	lncRNA	ENSMUSG00000111167	+	Gm39321	661
662	4930546K05Rik	chr9	42176592	42209231	lncRNA	ENSMUSG00000111767	-	4930546K05Rik	662
663	Sc5d	chr9	42251595	42264256	protein_coding	ENSMUSG00000032018	-	Sc5d	663
664	Gm36435	chr9	42274764	42279878	lncRNA	ENSMUSG00000111074	-	Gm36435	664
665	Tecta	chr9	42329619	42399929	protein_coding	ENSMUSG00000037705	-	Tecta	665
666	Gm47629	chr9	42385862	42390886	lncRNA	ENSMUSG00000110937	+	Gm47629	666
667	Tbcel	chr9	42412316	42507809	protein_coding	ENSMUSG00000037287	-	Tbcel	667
668	Gm44311	chr9	42442852	42442920	miRNA	ENSMUSG00000104589	+	Gm44311	668
669	Gm16322	chr9	42474555	42505662	lncRNA	ENSMUSG00000087456	+	Gm16322	669
670	Grik4	chr9	42518135	42944493	protein_coding	ENSMUSG00000032017	-	Grik4	670
671	Gm24420	chr9	42520773	42520831	misc_RNA	ENSMUSG00000093745	-	Gm24420	671
672	Arhgef12	chr9	42963842	43107239	protein_coding	ENSMUSG00000059495	-	Arhgef12	672
673	Gm5831	chr9	42964872	42966080	processed_pseudogene	ENSMUSG00000111133	+	Gm5831	673
674	Tmem136	chr9	43108650	43116570	protein_coding	ENSMUSG00000048503	-	Tmem136	674
675	Pou2f3	chr9	43123939	43210369	protein_coding	ENSMUSG00000032015	-	Pou2f3	675
676	Oaf	chr9	43221235	43239911	protein_coding	ENSMUSG00000032014	-	Oaf	676
677	D630033O11Rik	chr9	43243599	43280076	lncRNA	ENSMUSG00000095385	+	D630033O11Rik	677
678	Trim29	chr9	43310848	43336115	protein_coding	ENSMUSG00000032013	+	Trim29	678
679	Gm36799	chr9	43356273	43379050	lncRNA	ENSMUSG00000110823	+	Gm36799	679
680	Gm47475	chr9	43438965	43444438	lncRNA	ENSMUSG00000111829	-	Gm47475	680
681	Gm36855	chr9	43506551	43521004	lncRNA	ENSMUSG00000111110	-	Gm36855	681
682	Gm29909	chr9	43608184	43620810	lncRNA	ENSMUSG00000110988	+	Gm29909	682
683	Gm29961	chr9	43642082	43645157	lncRNA	ENSMUSG00000111400	-	Gm29961	683
684	Gm30015	chr9	43716841	43746100	lncRNA	ENSMUSG00000111334	-	Gm30015	684
685	Gm47542	chr9	43734114	43736436	TEC	ENSMUSG00000111129	-	Gm47542	685
686	Nectin1	chr9	43743984	43807461	protein_coding	ENSMUSG00000032012	+	Nectin1	686
687	Gm3898	chr9	43820947	43832658	lncRNA	ENSMUSG00000096322	+	Gm3898	687
688	Gm30373	chr9	43924751	43970253	lncRNA	ENSMUSG00000111758	-	Gm30373	688
689	E230034D01Rik	chr9	43993984	44000673	lncRNA	ENSMUSG00000111283	+	E230034D01Rik	689
690	Gm47345	chr9	43996471	43998593	TEC	ENSMUSG00000110815	-	Gm47345	690
691	Gm39323	chr9	44011735	44041059	lncRNA	ENSMUSG00000111229	-	Gm39323	691
692	Thy1	chr9	44043384	44048579	protein_coding	ENSMUSG00000032011	+	Thy1	692
693	Gm49380	chr9	44066327	44113500	protein_coding	ENSMUSG00000111409	-	Gm49380	693
694	Gm39325	chr9	44066766	44071468	lncRNA	ENSMUSG00000111415	-	Gm39325	694
695	Usp2	chr9	44067021	44095627	protein_coding	ENSMUSG00000032010	+	Usp2	695
696	Rnf26	chr9	44095631	44113517	protein_coding	ENSMUSG00000053128	-	Rnf26	696
697	Mfrp	chr9	44101729	44109187	protein_coding	ENSMUSG00000034739	+	Mfrp	697
698	C1qtnf5	chr9	44107245	44109187	protein_coding	ENSMUSG00000079592	+	C1qtnf5	698
699	Gm20444	chr9	44107301	44108879	lncRNA	ENSMUSG00000092258	-	Gm20444	699
700	Gm47327	chr9	44110909	44111170	TEC	ENSMUSG00000111632	+	Gm47327	700
701	Gm26737	chr9	44112923	44121960	lncRNA	ENSMUSG00000097467	+	Gm26737	701
702	Gm10687	chr9	44122186	44134485	lncRNA	ENSMUSG00000097617	-	Gm10687	702
703	Mcam	chr9	44134469	44142727	protein_coding	ENSMUSG00000032135	+	Mcam	703
704	Cbl	chr9	44142976	44234049	protein_coding	ENSMUSG00000034342	-	Cbl	704
705	5830462O15Rik	chr9	44179047	44180701	TEC	ENSMUSG00000110972	-	5830462O15Rik	705
706	Ccdc153	chr9	44240676	44247306	protein_coding	ENSMUSG00000070306	+	Ccdc153	706
707	Nlrx1	chr9	44252717	44268599	protein_coding	ENSMUSG00000032109	-	Nlrx1	707
708	Gm10686	chr9	44255047	44258293	TEC	ENSMUSG00000111685	+	Gm10686	708
709	Abcg4	chr9	44273188	44288615	protein_coding	ENSMUSG00000032131	-	Abcg4	709
710	Gm48604	chr9	44290044	44292463	lncRNA	ENSMUSG00000111291	-	Gm48604	710
711	Hinfp	chr9	44292440	44305671	protein_coding	ENSMUSG00000032119	-	Hinfp	711
712	C2cd2l	chr9	44309237	44320285	protein_coding	ENSMUSG00000032120	-	C2cd2l	712
713	Dpagt1	chr9	44326019	44333900	protein_coding	ENSMUSG00000032123	+	Dpagt1	713
714	Gm48853	chr9	44332684	44334386	lncRNA	ENSMUSG00000110740	-	Gm48853	714
715	H2afx	chr9	44334694	44336077	protein_coding	ENSMUSG00000049932	+	H2afx	715
716	Hmbs	chr9	44336339	44344228	protein_coding	ENSMUSG00000032126	-	Hmbs	716
717	Vps11	chr9	44347749	44361670	protein_coding	ENSMUSG00000032127	-	Vps11	717
718	Gm10080	chr9	44374744	44375181	processed_pseudogene	ENSMUSG00000060467	-	Gm10080	718
719	9430081H08Rik	chr9	44378633	44379450	TEC	ENSMUSG00000111088	-	9430081H08Rik	719
720	Hyou1	chr9	44379490	44392369	protein_coding	ENSMUSG00000032115	+	Hyou1	720
721	Gm26306	chr9	44395797	44395915	snoRNA	ENSMUSG00000088398	-	Gm26306	721
722	Slc37a4	chr9	44396852	44402968	protein_coding	ENSMUSG00000032114	+	Slc37a4	722
723	Trappc4	chr9	44403698	44407600	protein_coding	ENSMUSG00000032112	-	Trappc4	723
724	Rps25	chr9	44407139	44410427	protein_coding	ENSMUSG00000009927	+	Rps25	724
725	Ccdc84	chr9	44410159	44418569	protein_coding	ENSMUSG00000043923	-	Ccdc84	725
726	Gm47186	chr9	44419938	44423391	lncRNA	ENSMUSG00000111849	-	Gm47186	726
727	Foxr1	chr9	44433773	44441136	protein_coding	ENSMUSG00000074397	-	Foxr1	727
728	C030014I23Rik	chr9	44468344	44482180	lncRNA	ENSMUSG00000060380	+	C030014I23Rik	728
729	Gm22540	chr9	44476416	44476532	snRNA	ENSMUSG00000088793	-	Gm22540	729
730	Gm47204	chr9	44477928	44479759	lncRNA	ENSMUSG00000110980	-	Gm47204	730
731	Gm47205	chr9	44481514	44483803	TEC	ENSMUSG00000111312	-	Gm47205	731
732	Bcl9l	chr9	44482825	44511896	protein_coding	ENSMUSG00000063382	+	Bcl9l	732
733	Cxcr5	chr9	44511787	44561877	protein_coding	ENSMUSG00000047880	-	Cxcr5	733
734	Gm47230	chr9	44579608	44584652	lncRNA	ENSMUSG00000111378	+	Gm47230	734
735	Gm47232	chr9	44598855	44599720	lncRNA	ENSMUSG00000111656	-	Gm47232	735
736	Ddx6	chr9	44604892	44640731	protein_coding	ENSMUSG00000032097	+	Ddx6	736
737	Gm30671	chr9	44610405	44610722	processed_pseudogene	ENSMUSG00000111301	-	Gm30671	737
738	E030022I16Rik	chr9	44618253	44621018	TEC	ENSMUSG00000111264	+	E030022I16Rik	738
739	Gm47234	chr9	44634195	44635103	TEC	ENSMUSG00000111030	+	Gm47234	739
740	Gm3953	chr9	44663928	44664716	processed_pseudogene	ENSMUSG00000111326	-	Gm3953	740
741	Treh	chr9	44673233	44686305	protein_coding	ENSMUSG00000032098	+	Treh	741
742	Phldb1	chr9	44686304	44735198	protein_coding	ENSMUSG00000048537	-	Phldb1	742
743	Arcn1	chr9	44741564	44767845	protein_coding	ENSMUSG00000032096	-	Arcn1	743
744	Gm48562	chr9	44753104	44753851	TEC	ENSMUSG00000111345	-	Gm48562	744
745	Ift46	chr9	44767908	44793447	protein_coding	ENSMUSG00000002031	+	Ift46	745
746	Tmem25	chr9	44793769	44799307	protein_coding	ENSMUSG00000002032	-	Tmem25	746
747	Gm48702	chr9	44799258	44802838	lncRNA	ENSMUSG00000110750	+	Gm48702	747
748	Ttc36	chr9	44799397	44803072	protein_coding	ENSMUSG00000039438	-	Ttc36	748
749	Kmt2a	chr9	44803355	44881296	protein_coding	ENSMUSG00000002028	-	Kmt2a	749
750	Gm48314	chr9	44856437	44859175	TEC	ENSMUSG00000111017	-	Gm48314	750
751	Gm39326	chr9	44877891	44884397	lncRNA	ENSMUSG00000110773	+	Gm39326	751
752	Atp5l	chr9	44912557	44920742	protein_coding	ENSMUSG00000038717	-	Atp5l	752
753	Gm30934	chr9	44920199	44921489	lncRNA	ENSMUSG00000111082	+	Gm30934	753
754	Ube4a	chr9	44923127	44965600	protein_coding	ENSMUSG00000059890	-	Ube4a	754
755	Gm19121	chr9	44955715	44956736	unprocessed_pseudogene	ENSMUSG00000111241	+	Gm19121	755
756	Cd3g	chr9	44969572	44980431	protein_coding	ENSMUSG00000002033	-	Cd3g	756
757	Cd3d	chr9	44981786	44987339	protein_coding	ENSMUSG00000032094	+	Cd3d	757
758	Cd3e	chr9	44998740	45009627	protein_coding	ENSMUSG00000032093	-	Cd3e	758
759	Gm48719	chr9	44999429	45002985	lncRNA	ENSMUSG00000111203	+	Gm48719	759
760	Gm48720	chr9	45008142	45009347	TEC	ENSMUSG00000111690	-	Gm48720	760
761	Mpzl2	chr9	45039799	45054015	protein_coding	ENSMUSG00000032092	+	Mpzl2	761
762	Gm48840	chr9	45051424	45055344	TEC	ENSMUSG00000110899	-	Gm48840	762
763	Mpzl3	chr9	45055186	45077436	protein_coding	ENSMUSG00000070305	+	Mpzl3	763
764	Jaml	chr9	45079183	45108534	protein_coding	ENSMUSG00000048534	+	Jaml	764
765	Gm10684	chr9	45107176	45135606	lncRNA	ENSMUSG00000074385	-	Gm10684	765
766	Gm47596	chr9	45112022	45112855	TEC	ENSMUSG00000111070	-	Gm47596	766
767	Scn2b	chr9	45117782	45130070	protein_coding	ENSMUSG00000070304	+	Scn2b	767
768	Scn4b	chr9	45138395	45154152	protein_coding	ENSMUSG00000046480	+	Scn4b	768
769	Gm39327	chr9	45166985	45169946	lncRNA	ENSMUSG00000111811	-	Gm39327	769
770	Tmprss4	chr9	45172726	45204092	protein_coding	ENSMUSG00000032091	-	Tmprss4	770
771	Gm17099	chr9	45172997	45175161	lncRNA	ENSMUSG00000091659	+	Gm17099	771
772	BC049352	chr9	45182007	45250020	protein_coding	ENSMUSG00000091996	+	BC049352	772
773	Il10ra	chr9	45253837	45269149	protein_coding	ENSMUSG00000032089	-	Il10ra	773
774	Gm47964	chr9	45301962	45302171	processed_pseudogene	ENSMUSG00000111075	+	Gm47964	774
775	Lncbate3	chr9	45318265	45322079	lncRNA	ENSMUSG00000085831	-	Lncbate3	775
776	Tmprss13	chr9	45319100	45347581	protein_coding	ENSMUSG00000037129	+	Tmprss13	776
777	Fxyd6	chr9	45370185	45396159	protein_coding	ENSMUSG00000066705	+	Fxyd6	777
778	Fxyd2	chr9	45399669	45410278	protein_coding	ENSMUSG00000059412	+	Fxyd2	778
779	Gm48135	chr9	45413473	45414090	TEC	ENSMUSG00000111186	-	Gm48135	779
780	4833428L15Rik	chr9	45416626	45431730	lncRNA	ENSMUSG00000097074	-	4833428L15Rik	780
781	Dscaml1	chr9	45426628	45753712	protein_coding	ENSMUSG00000032087	+	Dscaml1	781
782	Gm22069	chr9	45634706	45634812	snRNA	ENSMUSG00000096202	-	Gm22069	782
783	Cep164	chr9	45766946	45828691	protein_coding	ENSMUSG00000043987	-	Cep164	783
784	2610028D06Rik	chr9	45797348	45799060	TEC	ENSMUSG00000110997	-	2610028D06Rik	784
785	Gm7286	chr9	45835929	45836935	processed_pseudogene	ENSMUSG00000098194	-	Gm7286	785
786	Bace1	chr9	45838580	45864399	protein_coding	ENSMUSG00000032086	+	Bace1	786
787	Gm16536	chr9	45856769	45858357	lncRNA	ENSMUSG00000089810	-	Gm16536	787
788	Gm49338	chr9	45858604	45860682	TEC	ENSMUSG00000111128	-	Gm49338	788
789	Rnf214	chr9	45863425	45906911	protein_coding	ENSMUSG00000042790	-	Rnf214	789
790	Pcsk7	chr9	45906497	45929726	protein_coding	ENSMUSG00000035382	+	Pcsk7	790
791	Tagln	chr9	45929619	45936058	protein_coding	ENSMUSG00000032085	-	Tagln	791
792	Gm48529	chr9	45930112	45933738	lncRNA	ENSMUSG00000111521	+	Gm48529	792
793	Sidt2	chr9	45937857	45955258	protein_coding	ENSMUSG00000034908	-	Sidt2	793
794	Mir7087	chr9	45939521	45939590	miRNA	ENSMUSG00000098327	-	Mir7087	794
795	A830035O19Rik	chr9	45954101	45955998	lncRNA	ENSMUSG00000111329	+	A830035O19Rik	795
796	Pafah1b2	chr9	45962859	46012690	protein_coding	ENSMUSG00000003131	-	Pafah1b2	796
797	Sik3	chr9	46012820	46224194	protein_coding	ENSMUSG00000034135	+	Sik3	797
798	Apoa1	chr9	46228580	46230466	protein_coding	ENSMUSG00000032083	+	Apoa1	798
799	Apoc3	chr9	46232933	46235636	protein_coding	ENSMUSG00000032081	-	Apoc3	799
800	Gm47528	chr9	46239841	46242032	TEC	ENSMUSG00000111282	-	Gm47528	800
801	Apoa4	chr9	46240696	46243459	protein_coding	ENSMUSG00000032080	+	Apoa4	801
802	Apoa5	chr9	46268633	46271919	protein_coding	ENSMUSG00000032079	+	Apoa5	802
803	Gm47544	chr9	46270035	46271365	lncRNA	ENSMUSG00000111403	-	Gm47544	803
804	Zpr1	chr9	46273064	46282643	protein_coding	ENSMUSG00000032078	+	Zpr1	804
805	Bud13	chr9	46283008	46299110	protein_coding	ENSMUSG00000032077	+	Bud13	805
806	4931429L15Rik	chr9	46303361	46319986	protein_coding	ENSMUSG00000056617	-	4931429L15Rik	806
807	Gm39329	chr9	46319038	46331798	lncRNA	ENSMUSG00000111126	+	Gm39329	807
808	4930448E22Rik	chr9	46326393	46329527	lncRNA	ENSMUSG00000097463	-	4930448E22Rik	808
809	Gm31374	chr9	46337931	46384755	lncRNA	ENSMUSG00000110864	+	Gm31374	809
810	Gm47141	chr9	46397362	46398943	lncRNA	ENSMUSG00000110802	+	Gm47141	810
811	Gm47144	chr9	46486104	46505073	lncRNA	ENSMUSG00000111115	-	Gm47144	811
812	Gm31432	chr9	46532757	46543376	lncRNA	ENSMUSG00000110767	+	Gm31432	812
813	Gm22659	chr9	46562974	46563103	snoRNA	ENSMUSG00000077383	+	Gm22659	813
814	Gm48945	chr9	46607255	46612726	lncRNA	ENSMUSG00000111649	+	Gm48945	814
815	Gm31557	chr9	46666273	46674844	lncRNA	ENSMUSG00000111800	+	Gm31557	815
816	Gm8863	chr9	46713233	46714158	processed_pseudogene	ENSMUSG00000111783	-	Gm8863	816
817	Gm31614	chr9	46830339	46837616	lncRNA	ENSMUSG00000111236	+	Gm31614	817
818	2900052N01Rik	chr9	46913493	46927366	lncRNA	ENSMUSG00000099696	+	2900052N01Rik	818
819	Gm47153	chr9	46960235	46979053	lncRNA	ENSMUSG00000111482	-	Gm47153	819
820	Gm4791	chr9	46998741	47003860	protein_coding	ENSMUSG00000094893	+	Gm4791	820
821	Gm31698	chr9	47085947	47227095	lncRNA	ENSMUSG00000111669	-	Gm31698	821
822	Gm31816	chr9	47242326	47368649	lncRNA	ENSMUSG00000109844	-	Gm31816	822
823	Gm47161	chr9	47481628	47486506	TEC	ENSMUSG00000111703	-	Gm47161	823
824	Cadm1	chr9	47530173	47857637	protein_coding	ENSMUSG00000032076	+	Cadm1	824
825	Gm47198	chr9	47771141	47773375	TEC	ENSMUSG00000110959	+	Gm47198	825
826	Gm47197	chr9	47773791	47776737	TEC	ENSMUSG00000111155	-	Gm47197	826
827	Gm47215	chr9	47964476	47967312	TEC	ENSMUSG00000111294	+	Gm47215	827
828	A730065G17Rik	chr9	48049516	48071634	lncRNA	ENSMUSG00000111117	+	A730065G17Rik	828
829	Gm40518	chr9	48132504	48158965	lncRNA	ENSMUSG00000110924	-	Gm40518	829
830	Nxpe4	chr9	48162023	48400025	protein_coding	ENSMUSG00000044229	+	Nxpe4	830
831	Nxpe2	chr9	48318006	48353454	protein_coding	ENSMUSG00000032028	-	Nxpe2	831
832	Nxpe1-ps	chr9	48418321	48431959	transcribed_unprocessed_pseudogene	ENSMUSG00000109675	+	Nxpe1-ps	832
833	Rexo2	chr9	48468512	48480623	protein_coding	ENSMUSG00000032026	-	Rexo2	833
834	Rbm7	chr9	48488701	48495299	protein_coding	ENSMUSG00000042396	-	Rbm7	834
835	Gm23653	chr9	48506964	48507060	miRNA	ENSMUSG00000080401	-	Gm23653	835
836	Nnmt	chr9	48591877	48605153	protein_coding	ENSMUSG00000032271	-	Nnmt	836
837	Zbtb16	chr9	48654297	48836222	protein_coding	ENSMUSG00000066687	-	Zbtb16	837
838	Gm32335	chr9	48896451	48905982	lncRNA	ENSMUSG00000111570	+	Gm32335	838
839	Htr3a	chr9	48899213	48911099	protein_coding	ENSMUSG00000032269	-	Htr3a	839
840	Htr3b	chr9	48935008	48964990	protein_coding	ENSMUSG00000008590	-	Htr3b	840
841	Usp28	chr9	48985375	49042517	protein_coding	ENSMUSG00000032267	+	Usp28	841
842	1700042D02Rik	chr9	49051335	49055465	lncRNA	ENSMUSG00000105991	-	1700042D02Rik	842
843	Zw10	chr9	49055613	49078775	protein_coding	ENSMUSG00000032264	+	Zw10	843
844	Tmprss5	chr9	49081260	49117587	protein_coding	ENSMUSG00000032268	+	Tmprss5	844
845	Gm4894	chr9	49250531	49280594	protein_coding	ENSMUSG00000054156	+	Gm4894	845
846	Drd2	chr9	49340627	49408177	protein_coding	ENSMUSG00000032259	+	Drd2	846
847	Ankk1	chr9	49415194	49427021	protein_coding	ENSMUSG00000032257	-	Ankk1	847
848	Ttc12	chr9	49436963	49486225	protein_coding	ENSMUSG00000040219	-	Ttc12	848
849	Ncam1	chr9	49502136	49798925	protein_coding	ENSMUSG00000039542	-	Ncam1	849
850	Gm11149	chr9	49518288	49572591	lncRNA	ENSMUSG00000079564	+	Gm11149	850
851	Gm47543	chr9	49954878	49956554	lncRNA	ENSMUSG00000111682	+	Gm47543	851
852	Rpl10-ps3	chr9	50344201	50344968	protein_coding	ENSMUSG00000058443	-	Rpl10-ps3	852
853	Plet1os	chr9	50488795	50507823	lncRNA	ENSMUSG00000101304	-	Plet1os	853
854	Plet1	chr9	50494525	50505482	protein_coding	ENSMUSG00000032068	+	Plet1	854
855	Pts	chr9	50521617	50528724	protein_coding	ENSMUSG00000032067	-	Pts	855
856	Gm47077	chr9	50528767	50533752	lncRNA	ENSMUSG00000111654	+	Gm47077	856
857	Bco2	chr9	50533087	50555181	protein_coding	ENSMUSG00000032066	-	Bco2	857
858	Il18	chr9	50554827	50581840	protein_coding	ENSMUSG00000039217	+	Il18	858
859	Tex12	chr9	50556819	50561325	protein_coding	ENSMUSG00000032065	-	Tex12	859
860	Sdhd	chr9	50596357	50603812	protein_coding	ENSMUSG00000000171	-	Sdhd	860
861	Timm8b	chr9	50603910	50605320	protein_coding	ENSMUSG00000039016	+	Timm8b	861
862	Nkapd1	chr9	50605240	50617464	protein_coding	ENSMUSG00000059820	-	Nkapd1	862
863	Pih1d2	chr9	50617321	50625000	protein_coding	ENSMUSG00000000167	+	Pih1d2	863
864	Dlat	chr9	50634633	50659780	protein_coding	ENSMUSG00000000168	-	Dlat	864
865	Dixdc1	chr9	50662752	50739517	protein_coding	ENSMUSG00000032064	-	Dixdc1	865
866	2310030G06Rik	chr9	50739691	50746536	protein_coding	ENSMUSG00000032062	-	2310030G06Rik	866
867	Cryab	chr9	50751325	50756636	protein_coding	ENSMUSG00000032060	+	Cryab	867
868	1110032A03Rik	chr9	50762828	50775520	protein_coding	ENSMUSG00000037971	-	1110032A03Rik	868
869	Fdxacb1	chr9	50768236	50773348	protein_coding	ENSMUSG00000037845	+	Fdxacb1	869
870	Alg9	chr9	50775019	50843542	protein_coding	ENSMUSG00000032059	+	Alg9	870
871	Ppp2r1b	chr9	50845301	50894229	protein_coding	ENSMUSG00000032058	+	Ppp2r1b	871
872	Sik2	chr9	50892801	51009073	protein_coding	ENSMUSG00000037112	-	Sik2	872
873	Layn	chr9	51054640	51077094	protein_coding	ENSMUSG00000060594	-	Layn	873
874	Btg4	chr9	51060901	51119875	protein_coding	ENSMUSG00000032056	+	Btg4	874
875	4833427G06Rik	chr9	51081115	51102078	protein_coding	ENSMUSG00000032057	-	4833427G06Rik	875
876	Gm32742	chr9	51130307	51165517	protein_coding	ENSMUSG00000110266	-	Gm32742	876
877	Pou2af1	chr9	51213708	51240080	protein_coding	ENSMUSG00000032053	+	Pou2af1	877
878	Gm47828	chr9	51215733	51219521	lncRNA	ENSMUSG00000111862	+	Gm47828	878
879	Colca2	chr9	51270258	51278569	protein_coding	ENSMUSG00000079559	-	Colca2	879
880	2010007H06Rik	chr9	51278513	51284210	lncRNA	ENSMUSG00000044694	+	2010007H06Rik	880
881	1810046K07Rik	chr9	51289686	51328924	protein_coding	ENSMUSG00000036027	-	1810046K07Rik	881
882	Gm47854	chr9	51621425	51655127	lncRNA	ENSMUSG00000078308	-	Gm47854	882
883	Gm7293	chr9	51622745	51623751	processed_pseudogene	ENSMUSG00000111162	+	Gm7293	883
884	Gm8959	chr9	51656891	51657461	processed_pseudogene	ENSMUSG00000110825	+	Gm8959	884
885	Arhgap20	chr9	51765337	51853856	protein_coding	ENSMUSG00000053199	+	Arhgap20	885
886	Arhgap20os	chr9	51832814	51875886	lncRNA	ENSMUSG00000074354	-	Arhgap20os	886
887	Gm6980	chr9	51913477	51931661	lncRNA	ENSMUSG00000111357	-	Gm6980	887
888	4933407I05Rik	chr9	51914427	51927003	lncRNA	ENSMUSG00000111836	+	4933407I05Rik	888
889	Fdx1	chr9	51943306	51963556	protein_coding	ENSMUSG00000032051	-	Fdx1	889
890	Gm6981	chr9	52002274	52003281	processed_pseudogene	ENSMUSG00000098076	-	Gm6981	890
891	Rdx	chr9	52047173	52100463	protein_coding	ENSMUSG00000032050	+	Rdx	891
892	Gm27686	chr9	52103689	52103779	miRNA	ENSMUSG00000099213	-	Gm27686	892
893	Zc3h12c	chr9	52111344	52168572	protein_coding	ENSMUSG00000035164	-	Zc3h12c	893
894	Mir6244	chr9	52115623	52115739	miRNA	ENSMUSG00000099311	+	Mir6244	894
895	Gm47957	chr9	52321896	52349311	lncRNA	ENSMUSG00000111561	-	Gm47957	895
896	Gm47960	chr9	52399274	52401968	lncRNA	ENSMUSG00000111780	-	Gm47960	896
897	Gm33125	chr9	52402096	52470346	lncRNA	ENSMUSG00000111520	+	Gm33125	897
898	Gm49389	chr9	52404299	52404815	processed_pseudogene	ENSMUSG00000111112	+	Gm49389	898
899	AI593442	chr9	52673042	52679780	protein_coding	ENSMUSG00000078307	-	AI593442	899
900	Gm1715	chr9	52679863	52798774	lncRNA	ENSMUSG00000111020	+	Gm1715	900
901	Ddx10	chr9	53098635	53248053	protein_coding	ENSMUSG00000053289	-	Ddx10	901
902	4930510E17Rik	chr9	53264615	53280985	lncRNA	ENSMUSG00000032048	+	4930510E17Rik	902
903	Exph5	chr9	53301670	53377514	protein_coding	ENSMUSG00000034584	+	Exph5	903
904	Poglut3	chr9	53384025	53401867	protein_coding	ENSMUSG00000034487	+	Poglut3	904
905	4930550C14Rik	chr9	53402325	53434402	protein_coding	ENSMUSG00000005131	+	4930550C14Rik	905
906	Atm	chr9	53439149	53536740	protein_coding	ENSMUSG00000034218	-	Atm	906
907	Npat	chr9	53537047	53574342	protein_coding	ENSMUSG00000033054	+	Npat	907
908	Acat1	chr9	53580522	53610382	protein_coding	ENSMUSG00000032047	-	Acat1	908
909	Cul5	chr9	53614582	53670014	protein_coding	ENSMUSG00000032030	-	Cul5	909
910	Gm22304	chr9	53639977	53640105	snoRNA	ENSMUSG00000064622	+	Gm22304	910
911	Gm16124	chr9	53667246	53681265	lncRNA	ENSMUSG00000086914	+	Gm16124	911
912	Rab39	chr9	53684110	53706232	protein_coding	ENSMUSG00000055069	-	Rab39	912
913	Rps6-ps3	chr9	53689534	53690283	processed_pseudogene	ENSMUSG00000082465	-	Rps6-ps3	913
914	Gm48292	chr9	53746069	53748733	processed_pseudogene	ENSMUSG00000111084	+	Gm48292	914
915	Slc35f2	chr9	53771538	53818154	protein_coding	ENSMUSG00000042195	+	Slc35f2	915
916	Sln	chr9	53850164	53854560	protein_coding	ENSMUSG00000042045	+	Sln	916
917	Elmod1	chr9	53911457	53975301	protein_coding	ENSMUSG00000041986	-	Elmod1	917
918	Tnfaip8l3	chr9	54023405	54068388	protein_coding	ENSMUSG00000074345	-	Tnfaip8l3	918
919	Cyp19a1	chr9	54165937	54268110	protein_coding	ENSMUSG00000032274	-	Cyp19a1	919
920	Gldnos	chr9	54268578	54301570	lncRNA	ENSMUSG00000074343	-	Gldnos	920
921	Gldn	chr9	54286486	54341786	protein_coding	ENSMUSG00000046167	+	Gldn	921
922	Dmxl2	chr9	54365158	54501626	protein_coding	ENSMUSG00000041268	-	Dmxl2	922
923	Sh2d7	chr9	54534146	54545020	protein_coding	ENSMUSG00000046460	+	Sh2d7	923
924	Cib2	chr9	54544794	54560218	protein_coding	ENSMUSG00000037493	-	Cib2	924
925	Idh3a	chr9	54586334	54604661	protein_coding	ENSMUSG00000032279	+	Idh3a	925
926	Acsbg1	chr9	54604877	54661870	protein_coding	ENSMUSG00000032281	-	Acsbg1	926
927	Gm7368	chr9	54691136	54691502	processed_pseudogene	ENSMUSG00000110867	-	Gm7368	927
928	Dnaja4	chr9	54698873	54716315	protein_coding	ENSMUSG00000032285	+	Dnaja4	928
929	Wdr61	chr9	54714735	54734519	protein_coding	ENSMUSG00000061559	-	Wdr61	929
930	Crabp1	chr9	54764748	54773110	protein_coding	ENSMUSG00000032291	+	Crabp1	930
931	Rab7-ps1	chr9	54824661	54825282	processed_pseudogene	ENSMUSG00000111686	-	Rab7-ps1	931
932	Ireb2	chr9	54863789	54912530	protein_coding	ENSMUSG00000032293	+	Ireb2	932
933	Hykk	chr9	54917283	54949924	protein_coding	ENSMUSG00000035878	+	Hykk	933
934	AY074887	chr9	54950230	54950998	protein_coding	ENSMUSG00000044820	-	AY074887	934
935	Psma4	chr9	54950790	54958030	protein_coding	ENSMUSG00000032301	+	Psma4	935
936	Chrna5	chr9	54980880	55007779	protein_coding	ENSMUSG00000035594	+	Chrna5	936
937	Chrna3	chr9	55010111	55026562	protein_coding	ENSMUSG00000032303	-	Chrna3	937
938	Chrnb4	chr9	55028154	55048779	protein_coding	ENSMUSG00000035200	-	Chrnb4	938
939	Gm47877	chr9	55030783	55039429	lncRNA	ENSMUSG00000111050	+	Gm47877	939
940	Gm47887	chr9	55064927	55067463	lncRNA	ENSMUSG00000111157	-	Gm47887	940
941	Ube2q2	chr9	55148854	55207529	protein_coding	ENSMUSG00000032307	+	Ube2q2	941
942	Fbxo22	chr9	55208925	55224433	protein_coding	ENSMUSG00000032309	+	Fbxo22	942
943	Nrg4	chr9	55220222	55326844	protein_coding	ENSMUSG00000032311	-	Nrg4	943
944	Gm15625	chr9	55305288	55306380	processed_pseudogene	ENSMUSG00000082744	+	Gm15625	944
945	Tmem266	chr9	55326913	55438345	protein_coding	ENSMUSG00000032313	+	Tmem266	945
946	Etfa	chr9	55454508	55512243	protein_coding	ENSMUSG00000032314	-	Etfa	946
947	Gm5917	chr9	55518569	55519289	processed_pseudogene	ENSMUSG00000110926	+	Gm5917	947
948	Isl2	chr9	55538672	55546180	protein_coding	ENSMUSG00000032318	+	Isl2	948
949	Gm17226	chr9	55539549	55540888	lncRNA	ENSMUSG00000090270	-	Gm17226	949
950	Scaper	chr9	55549879	55938119	protein_coding	ENSMUSG00000034007	-	Scaper	950
951	Gm7435	chr9	55938252	55952409	transcribed_processed_pseudogene	ENSMUSG00000111662	+	Gm7435	951
952	4930563M21Rik	chr9	55962589	56010550	protein_coding	ENSMUSG00000050702	-	4930563M21Rik	952
953	Gm7444	chr9	56027742	56030169	processed_pseudogene	ENSMUSG00000110989	+	Gm7444	953
954	Rcn2	chr9	56041845	56061882	protein_coding	ENSMUSG00000032320	+	Rcn2	954
955	Pstpip1	chr9	56089962	56128888	protein_coding	ENSMUSG00000032322	+	Pstpip1	955
956	Tspan3	chr9	56131725	56165477	protein_coding	ENSMUSG00000032324	-	Tspan3	956
957	Peak1	chr9	56201126	56418067	protein_coding	ENSMUSG00000074305	-	Peak1	957
958	Gm24270	chr9	56223715	56223771	miRNA	ENSMUSG00000076281	-	Gm24270	958
959	Gm29322	chr9	56239285	56240751	lncRNA	ENSMUSG00000099543	-	Gm29322	959
960	Peak1os	chr9	56257890	56267780	lncRNA	ENSMUSG00000097111	+	Peak1os	960
961	Gm37842	chr9	56263599	56265167	TEC	ENSMUSG00000102617	+	Gm37842	961
962	Gm36940	chr9	56414031	56416066	TEC	ENSMUSG00000102419	-	Gm36940	962
963	Hmg20a	chr9	56418609	56496936	protein_coding	ENSMUSG00000032329	+	Hmg20a	963
964	Gm47175	chr9	56504825	56506661	TEC	ENSMUSG00000111343	-	Gm47175	964
965	Gm47178	chr9	56543756	56544097	processed_pseudogene	ENSMUSG00000111201	+	Gm47178	965
966	Gm26868	chr9	56606693	56614473	lncRNA	ENSMUSG00000097870	+	Gm26868	966
967	Lingo1	chr9	56618475	56796468	protein_coding	ENSMUSG00000049556	-	Lingo1	967
968	Odf3l1	chr9	56848659	56864679	protein_coding	ENSMUSG00000045620	-	Odf3l1	968
969	Cspg4	chr9	56865033	56899870	protein_coding	ENSMUSG00000032911	+	Cspg4	969
970	Snx33	chr9	56917193	56928371	protein_coding	ENSMUSG00000032733	-	Snx33	970
971	4930442G15Rik	chr9	56931631	56933545	lncRNA	ENSMUSG00000111629	+	4930442G15Rik	971
972	Imp3	chr9	56937475	56938398	protein_coding	ENSMUSG00000032288	+	Imp3	972
973	Snupn	chr9	56950878	56983206	protein_coding	ENSMUSG00000055334	+	Snupn	973
974	Ptpn9	chr9	56994923	57062807	protein_coding	ENSMUSG00000032290	+	Ptpn9	974
975	Gm10658	chr9	57056630	57071966	lncRNA	ENSMUSG00000074284	-	Gm10658	975
976	Sin3a	chr9	57072040	57128366	protein_coding	ENSMUSG00000042557	+	Sin3a	976
977	Man2c1os	chr9	57099950	57131290	lncRNA	ENSMUSG00000086728	-	Man2c1os	977
978	Man2c1	chr9	57130690	57142722	protein_coding	ENSMUSG00000032295	+	Man2c1	978
979	Neil1	chr9	57142800	57148305	protein_coding	ENSMUSG00000032298	-	Neil1	979
980	Commd4	chr9	57155035	57158331	protein_coding	ENSMUSG00000032299	-	Commd4	980
981	1700041C23Rik	chr9	57175275	57186108	lncRNA	ENSMUSG00000100282	+	1700041C23Rik	981
982	Trcg1	chr9	57236556	57249864	protein_coding	ENSMUSG00000070298	+	Trcg1	982
983	1700017B05Rik	chr9	57253117	57262612	protein_coding	ENSMUSG00000032300	-	1700017B05Rik	983
984	Gm18996	chr9	57328661	57329415	processed_pseudogene	ENSMUSG00000111457	-	Gm18996	984
985	Ppcdc	chr9	57385095	57440124	protein_coding	ENSMUSG00000063849	-	Ppcdc	985
986	Scamp5	chr9	57441327	57468060	protein_coding	ENSMUSG00000040722	-	Scamp5	986
987	D9Wsu149	chr9	57482976	57483569	processed_pseudogene	ENSMUSG00000111380	+	D9Wsu149	987
988	Gm18103	chr9	57483810	57485304	processed_pseudogene	ENSMUSG00000111414	+	Gm18103	988
989	Rpp25	chr9	57504026	57505448	protein_coding	ENSMUSG00000062309	+	Rpp25	989
990	Cox5a	chr9	57521274	57532426	protein_coding	ENSMUSG00000000088	+	Cox5a	990
991	Gm26631	chr9	57531287	57537629	lncRNA	ENSMUSG00000097445	-	Gm26631	991
992	Fam219b	chr9	57537528	57543184	protein_coding	ENSMUSG00000032305	+	Fam219b	992
993	Mpi	chr9	57544256	57552763	protein_coding	ENSMUSG00000032306	-	Mpi	993
994	Scamp2	chr9	57560943	57588795	protein_coding	ENSMUSG00000040188	+	Scamp2	994
995	Ulk3	chr9	57589452	57596233	protein_coding	ENSMUSG00000032308	+	Ulk3	995
996	Cplx3	chr9	57599992	57606281	protein_coding	ENSMUSG00000039714	-	Cplx3	996
997	Lman1l	chr9	57607085	57620774	protein_coding	ENSMUSG00000056271	-	Lman1l	997
998	Csk	chr9	57626646	57653631	protein_coding	ENSMUSG00000032312	-	Csk	998
999	Cyp1a2	chr9	57676937	57683703	protein_coding	ENSMUSG00000032310	-	Cyp1a2	999
1000	Cyp1a1	chr9	57687928	57703824	protein_coding	ENSMUSG00000032315	+	Cyp1a1	1000
1001	Edc3	chr9	57708540	57752499	protein_coding	ENSMUSG00000038957	+	Edc3	1001
1002	Clk3	chr9	57750624	57765860	protein_coding	ENSMUSG00000032316	-	Clk3	1002
1003	Gm17231	chr9	57777865	57834295	lncRNA	ENSMUSG00000091908	+	Gm17231	1003
1004	Arid3b	chr9	57790353	57836793	protein_coding	ENSMUSG00000004661	-	Arid3b	1004
1005	Ubl7	chr9	57910979	57929968	protein_coding	ENSMUSG00000055720	+	Ubl7	1005
1006	Sema7a	chr9	57940112	57962865	protein_coding	ENSMUSG00000038264	+	Sema7a	1006
1007	Gm17322	chr9	57998041	58007451	lncRNA	ENSMUSG00000097604	+	Gm17322	1007
1008	Cyp11a1	chr9	58006411	58027023	protein_coding	ENSMUSG00000032323	+	Cyp11a1	1008
1009	Ccdc33	chr9	58028677	58118823	protein_coding	ENSMUSG00000037716	-	Ccdc33	1009
1010	Gm16130	chr9	58032274	58048997	lncRNA	ENSMUSG00000086624	+	Gm16130	1010
1011	Stra6	chr9	58063788	58153996	protein_coding	ENSMUSG00000032327	+	Stra6	1011
1012	Islr	chr9	58156268	58204306	protein_coding	ENSMUSG00000037206	-	Islr	1012
1013	Islr2	chr9	58196297	58204319	protein_coding	ENSMUSG00000051243	-	Islr2	1013
1014	1600029O15Rik	chr9	58202897	58208808	transcribed_processed_pseudogene	ENSMUSG00000057818	+	1600029O15Rik	1014
1015	Pml	chr9	58218076	58249786	protein_coding	ENSMUSG00000036986	-	Pml	1015
1016	Mir6385	chr9	58221150	58221254	miRNA	ENSMUSG00000098886	+	Mir6385	1016
1017	Stoml1	chr9	58253164	58262520	protein_coding	ENSMUSG00000032333	+	Stoml1	1017
1018	Loxl1	chr9	58287738	58313186	protein_coding	ENSMUSG00000032334	-	Loxl1	1018
1019	1700072B07Rik	chr9	58370504	58374183	lncRNA	ENSMUSG00000100487	+	1700072B07Rik	1019
1020	4930461G14Rik	chr9	58455122	58469635	lncRNA	ENSMUSG00000097651	+	4930461G14Rik	1020
1021	Insyn1	chr9	58488603	58499780	protein_coding	ENSMUSG00000066607	+	Insyn1	1021
1022	Cd276	chr9	58524298	58555437	protein_coding	ENSMUSG00000035914	-	Cd276	1022
1023	Gm10657	chr9	58554799	58555829	TEC	ENSMUSG00000103486	+	Gm10657	1023
1024	Nptn	chr9	58582240	58657955	protein_coding	ENSMUSG00000032336	+	Nptn	1024
1025	Rec114	chr9	58652850	58743964	protein_coding	ENSMUSG00000074269	-	Rec114	1025
1026	Gm20620	chr9	58695844	58696011	processed_pseudogene	ENSMUSG00000093473	-	Gm20620	1026
1027	Hcn4	chr9	58823412	58863175	protein_coding	ENSMUSG00000032338	+	Hcn4	1027
1028	Neo1	chr9	58874687	59036441	protein_coding	ENSMUSG00000032340	-	Neo1	1028
1029	Gm47271	chr9	58979251	59033856	lncRNA	ENSMUSG00000111846	+	Gm47271	1029
1030	Gm33053	chr9	59191410	59235071	lncRNA	ENSMUSG00000110789	-	Gm33053	1030
1031	Adpgk	chr9	59291558	59324052	protein_coding	ENSMUSG00000025236	+	Adpgk	1031
1032	Bbs4	chr9	59321990	59353508	protein_coding	ENSMUSG00000025235	-	Bbs4	1032
1033	Arih1	chr9	59388258	59486618	protein_coding	ENSMUSG00000025234	-	Arih1	1033
1034	Rps11-ps1	chr9	59471759	59472233	processed_pseudogene	ENSMUSG00000090516	-	Rps11-ps1	1034
1035	Gm33180	chr9	59499361	59512865	lncRNA	ENSMUSG00000111852	-	Gm33180	1035
1036	Tmem202	chr9	59518685	59539847	protein_coding	ENSMUSG00000049526	-	Tmem202	1036
1037	Hexa	chr9	59539540	59565109	protein_coding	ENSMUSG00000025232	+	Hexa	1037
1038	Celf6	chr9	59577917	59607292	protein_coding	ENSMUSG00000032297	+	Celf6	1038
1039	Parp6	chr9	59617284	59650285	protein_coding	ENSMUSG00000025237	+	Parp6	1039
1040	Pkm	chr9	59656368	59679375	protein_coding	ENSMUSG00000032294	+	Pkm	1040
1041	Gm49759	chr9	59672814	59676700	TEC	ENSMUSG00000111394	+	Gm49759	1041
1042	Gramd2	chr9	59680144	59718874	protein_coding	ENSMUSG00000074259	+	Gramd2	1042
1043	Senp8	chr9	59734259	59750710	protein_coding	ENSMUSG00000051705	-	Senp8	1043
1044	Myo9a	chr9	59750896	59928866	protein_coding	ENSMUSG00000039585	+	Myo9a	1044
1045	Gm7613	chr9	59766717	59767203	processed_pseudogene	ENSMUSG00000087239	-	Gm7613	1045
1046	Gm20275	chr9	59826257	59941077	lncRNA	ENSMUSG00000110803	-	Gm20275	1046
1047	Gm2735	chr9	59844327	59844603	processed_pseudogene	ENSMUSG00000085116	-	Gm2735	1047
1048	Nr2e3	chr9	59942771	59960659	protein_coding	ENSMUSG00000032292	-	Nr2e3	1048
1049	Gm7616	chr9	59951285	59959044	lncRNA	ENSMUSG00000084913	+	Gm7616	1049
1050	Gm15507	chr9	59957511	59961801	lncRNA	ENSMUSG00000084847	-	Gm15507	1050
1051	Thsd4	chr9	59966931	60522046	protein_coding	ENSMUSG00000032289	-	Thsd4	1051
1052	2010001M07Rik	chr9	60334142	60334968	lncRNA	ENSMUSG00000111296	+	2010001M07Rik	1052
1053	Gm47676	chr9	60391793	60393757	TEC	ENSMUSG00000111065	-	Gm47676	1053
1054	9230112J17Rik	chr9	60523967	60545882	lncRNA	ENSMUSG00000111761	-	9230112J17Rik	1054
1055	Gm49334	chr9	60527419	60546035	lncRNA	ENSMUSG00000111809	+	Gm49334	1055
1056	Gm17853	chr9	60548195	60549543	processed_pseudogene	ENSMUSG00000111512	+	Gm17853	1056
1057	Lrrc49	chr9	60568859	60688158	protein_coding	ENSMUSG00000047766	-	Lrrc49	1057
1058	Larp6	chr9	60712989	60738801	protein_coding	ENSMUSG00000034839	+	Larp6	1058
1059	1700036A12Rik	chr9	60743120	60770276	lncRNA	ENSMUSG00000095956	+	1700036A12Rik	1059
1060	Uaca	chr9	60794542	60880370	protein_coding	ENSMUSG00000034485	+	Uaca	1060
1061	Gm9869	chr9	60821552	60838200	lncRNA	ENSMUSG00000052143	-	Gm9869	1061
1062	Gm47923	chr9	60919223	60949373	lncRNA	ENSMUSG00000111444	+	Gm47923	1062
1063	Gm5122	chr9	61013481	61019797	lncRNA	ENSMUSG00000111290	+	Gm5122	1063
1064	Gm33699	chr9	61032212	61059116	lncRNA	ENSMUSG00000111147	+	Gm33699	1064
1065	Gm39348	chr9	61049009	61055819	lncRNA	ENSMUSG00000111180	-	Gm39348	1065
1066	Gm34004	chr9	61081951	61117839	lncRNA	ENSMUSG00000111169	+	Gm34004	1066
1067	Gm33914	chr9	61102229	61127031	lncRNA	ENSMUSG00000111354	-	Gm33914	1067
1068	4933433G08Rik	chr9	61103012	61105385	lncRNA	ENSMUSG00000111807	-	4933433G08Rik	1068
1069	I730028E13Rik	chr9	61138515	61145259	lncRNA	ENSMUSG00000110998	+	I730028E13Rik	1069
1070	Gm34105	chr9	61206679	61212916	lncRNA	ENSMUSG00000111449	+	Gm34105	1070
1071	B930092H01Rik	chr9	61259227	61293809	lncRNA	ENSMUSG00000111658	-	B930092H01Rik	1071
1072	Tle3	chr9	61372366	61418497	protein_coding	ENSMUSG00000032280	+	Tle3	1072
1073	Gm34322	chr9	61442591	61455947	lncRNA	ENSMUSG00000111033	+	Gm34322	1073
1074	Gm34424	chr9	61509723	61534247	transcribed_processed_pseudogene	ENSMUSG00000111381	+	Gm34424	1074
1075	Gm47241	chr9	61763084	61763442	processed_pseudogene	ENSMUSG00000111739	+	Gm47241	1075
1076	Rplp1	chr9	61913284	61914542	protein_coding	ENSMUSG00000007892	-	Rplp1	1076
1077	Kif23	chr9	61915905	61946774	protein_coding	ENSMUSG00000032254	-	Kif23	1077
1078	Paqr5	chr9	61953481	62026856	protein_coding	ENSMUSG00000032278	-	Paqr5	1078
1079	Glce	chr9	62057248	62122655	protein_coding	ENSMUSG00000032252	-	Glce	1079
1080	Gm47262	chr9	62241670	62243997	lncRNA	ENSMUSG00000110826	+	Gm47262	1080
1081	Spesp1	chr9	62270729	62282208	protein_coding	ENSMUSG00000046846	-	Spesp1	1081
1082	Gm35288	chr9	62298502	62336649	lncRNA	ENSMUSG00000111193	+	Gm35288	1082
1083	Anp32a	chr9	62341293	62378812	protein_coding	ENSMUSG00000032249	+	Anp32a	1083
1084	Coro2b	chr9	62419492	62537044	protein_coding	ENSMUSG00000041729	-	Coro2b	1084
1085	Itga11	chr9	62677826	62783982	protein_coding	ENSMUSG00000032243	+	Itga11	1085
1086	Gm7653	chr9	62789904	62790411	processed_pseudogene	ENSMUSG00000111537	+	Gm7653	1086
1087	Fem1b	chr9	62791821	62811934	protein_coding	ENSMUSG00000032244	-	Fem1b	1087
1088	Cln6	chr9	62838785	62852006	protein_coding	ENSMUSG00000032245	+	Cln6	1088
1089	Gm10653	chr9	62841477	62868000	transcribed_processed_pseudogene	ENSMUSG00000074250	-	Gm10653	1089
1090	Gm47274	chr9	62856066	62856462	processed_pseudogene	ENSMUSG00000111805	+	Gm47274	1090
1091	Calml4	chr9	62858080	62875921	protein_coding	ENSMUSG00000032246	+	Calml4	1091
1092	Pias1	chr9	62878368	62987924	protein_coding	ENSMUSG00000032405	-	Pias1	1092
1093	Gm24526	chr9	63027560	63027717	snRNA	ENSMUSG00000064855	+	Gm24526	1093
1094	Gm48193	chr9	63080267	63082973	lncRNA	ENSMUSG00000111144	-	Gm48193	1094
1095	Map2k5	chr9	63163768	63377902	protein_coding	ENSMUSG00000058444	-	Map2k5	1095
1096	2300009A05Rik	chr9	63394447	63399246	protein_coding	ENSMUSG00000032403	-	2300009A05Rik	1096
1097	Gm16759	chr9	63398601	63568691	lncRNA	ENSMUSG00000086539	+	Gm16759	1097
1098	Iqch	chr9	63421455	63602493	protein_coding	ENSMUSG00000037801	-	Iqch	1098
1099	Gm25995	chr9	63442319	63442460	snRNA	ENSMUSG00000093137	+	Gm25995	1099
1100	Gm6257	chr9	63443166	63444075	processed_pseudogene	ENSMUSG00000091866	-	Gm6257	1100
1101	Aagab	chr9	63602660	63644588	protein_coding	ENSMUSG00000037257	+	Aagab	1101
1102	Smad3	chr9	63646767	63757994	protein_coding	ENSMUSG00000032402	-	Smad3	1102
1103	Gm2553	chr9	63801193	63801797	processed_pseudogene	ENSMUSG00000111137	-	Gm2553	1103
1104	Gm18541	chr9	63898265	63898802	processed_pseudogene	ENSMUSG00000110768	+	Gm18541	1104
1105	Gm36033	chr9	63926655	63937121	lncRNA	ENSMUSG00000111058	-	Gm36033	1105
1106	Smad6	chr9	63953076	64022059	protein_coding	ENSMUSG00000036867	-	Smad6	1106
1107	1700055C04Rik	chr9	64038465	64041465	lncRNA	ENSMUSG00000093616	-	1700055C04Rik	1107
1108	Scarletltr	chr9	64080761	64086961	lncRNA	ENSMUSG00000093759	+	Scarletltr	1108
1109	Lctl	chr9	64117147	64138118	protein_coding	ENSMUSG00000032401	+	Lctl	1109
1110	Zwilch	chr9	64137144	64173104	protein_coding	ENSMUSG00000032400	-	Zwilch	1110
1111	Rpl4	chr9	64173375	64178666	protein_coding	ENSMUSG00000032399	+	Rpl4	1111
1112	Snord16a	chr9	64175423	64175521	snoRNA	ENSMUSG00000094411	+	Snord16a	1112
1113	Snapc5	chr9	64179274	64183132	protein_coding	ENSMUSG00000032398	+	Snapc5	1113
1114	Map2k1	chr9	64185770	64253631	protein_coding	ENSMUSG00000004936	-	Map2k1	1114
1115	Gm24106	chr9	64225523	64225649	miRNA	ENSMUSG00000093239	+	Gm24106	1115
1116	Gm48855	chr9	64228339	64230795	lncRNA	ENSMUSG00000111160	+	Gm48855	1116
1117	Uchl4	chr9	64235201	64236362	protein_coding	ENSMUSG00000035337	+	Uchl4	1117
1118	Tipin	chr9	64281581	64305424	protein_coding	ENSMUSG00000032397	+	Tipin	1118
1119	Gm24289	chr9	64295931	64296065	scaRNA	ENSMUSG00000088254	+	Gm24289	1119
1120	Dis3l	chr9	64306756	64341288	protein_coding	ENSMUSG00000032396	-	Dis3l	1120
1121	Megf11	chr9	64385626	64709205	protein_coding	ENSMUSG00000036466	+	Megf11	1121
1122	Rab11a	chr9	64715299	64737758	protein_coding	ENSMUSG00000004771	-	Rab11a	1122
1123	Gm47308	chr9	64726624	64726730	miRNA	ENSMUSG00000104953	-	Gm47308	1123
1124	Dennd4a	chr9	64811340	64919667	protein_coding	ENSMUSG00000053641	+	Dennd4a	1124
1125	Slc24a1	chr9	64922861	64951607	protein_coding	ENSMUSG00000034452	-	Slc24a1	1125
1126	Ints14	chr9	64960905	64986978	protein_coding	ENSMUSG00000034263	+	Ints14	1126
1127	Gm25640	chr9	64971669	64971793	miRNA	ENSMUSG00000093119	-	Gm25640	1127
1128	Hacd3	chr9	64986983	65021693	protein_coding	ENSMUSG00000033629	-	Hacd3	1128
1129	Dpp8	chr9	65032414	65082651	protein_coding	ENSMUSG00000032393	+	Dpp8	1129
1130	Gm47350	chr9	65054882	65094355	lncRNA	ENSMUSG00000111471	-	Gm47350	1130
1131	Igdcc4	chr9	65101486	65137940	protein_coding	ENSMUSG00000032816	+	Igdcc4	1131
1132	Igdcc3	chr9	65141189	65185872	protein_coding	ENSMUSG00000032394	+	Igdcc3	1132
1133	Parp16	chr9	65195353	65239224	protein_coding	ENSMUSG00000032392	+	Parp16	1133
1134	Cilp	chr9	65265180	65280605	protein_coding	ENSMUSG00000042254	+	Cilp	1134
1135	Clpx	chr9	65294260	65330658	protein_coding	ENSMUSG00000015357	+	Clpx	1135
1136	Gm16218	chr9	65297532	65297919	processed_pseudogene	ENSMUSG00000059571	-	Gm16218	1136
1137	Gm39363	chr9	65332520	65345607	lncRNA	ENSMUSG00000111712	+	Gm39363	1137
1138	Gm19219	chr9	65336174	65336897	processed_pseudogene	ENSMUSG00000111725	-	Gm19219	1138
1139	Pdcd7	chr9	65346104	65359643	protein_coding	ENSMUSG00000041837	+	Pdcd7	1139
1140	Ubap1l	chr9	65361041	65380377	protein_coding	ENSMUSG00000086228	+	Ubap1l	1140
1141	Gm17875	chr9	65364887	65365946	processed_pseudogene	ENSMUSG00000111092	+	Gm17875	1141
1142	Rasl12	chr9	65398506	65414853	protein_coding	ENSMUSG00000041696	+	Rasl12	1142
1143	Slc51b	chr9	65412714	65422955	protein_coding	ENSMUSG00000053862	-	Slc51b	1143
1144	Mtfmt	chr9	65435782	65453054	protein_coding	ENSMUSG00000059183	+	Mtfmt	1144
1145	Gm47270	chr9	65453615	65460399	lncRNA	ENSMUSG00000111722	+	Gm47270	1145
1146	Spg21	chr9	65460947	65488470	protein_coding	ENSMUSG00000032388	+	Spg21	1146
1147	Ankdd1a	chr9	65488470	65520193	protein_coding	ENSMUSG00000066510	-	Ankdd1a	1147
1148	Gm17749	chr9	65521106	65529806	lncRNA	ENSMUSG00000111818	-	Gm17749	1148
1149	Plekho2	chr9	65552698	65580040	protein_coding	ENSMUSG00000050721	-	Plekho2	1149
1150	Pif1	chr9	65587160	65595967	protein_coding	ENSMUSG00000041064	+	Pif1	1150
1151	Rbpms2	chr9	65629648	65660528	protein_coding	ENSMUSG00000032387	+	Rbpms2	1151
1152	Oaz2	chr9	65668001	65690300	protein_coding	ENSMUSG00000040652	+	Oaz2	1152
1153	Zfp609	chr9	65692391	65827564	protein_coding	ENSMUSG00000040524	-	Zfp609	1153
1154	Trip4	chr9	65828930	65908794	protein_coding	ENSMUSG00000032386	-	Trip4	1154
1155	Gm16073	chr9	65838167	65838683	processed_pseudogene	ENSMUSG00000079915	+	Gm16073	1155
1156	Pclaf	chr9	65890237	65903266	protein_coding	ENSMUSG00000040204	+	Pclaf	1156
1157	Gm23248	chr9	65900201	65900308	snRNA	ENSMUSG00000065301	+	Gm23248	1157
1158	Csnk1g1	chr9	65908924	66045015	protein_coding	ENSMUSG00000032384	+	Csnk1g1	1158
1159	Gm22657	chr9	65952314	65952445	snoRNA	ENSMUSG00000077385	-	Gm22657	1159
1160	Ppib	chr9	66060222	66066623	protein_coding	ENSMUSG00000032383	+	Ppib	1160
1161	Snx22	chr9	66065176	66069719	protein_coding	ENSMUSG00000039452	-	Snx22	1161
1162	Snx1	chr9	66088133	66126587	protein_coding	ENSMUSG00000032382	-	Snx1	1162
1163	Ciao2a	chr9	66126611	66138955	protein_coding	ENSMUSG00000032381	+	Ciao2a	1163
1164	Dapk2	chr9	66158223	66272242	protein_coding	ENSMUSG00000032380	+	Dapk2	1164
1165	Herc1	chr9	66350450	66508775	protein_coding	ENSMUSG00000038664	+	Herc1	1165
1166	Gm28379	chr9	66417746	66448496	lncRNA	ENSMUSG00000100130	-	Gm28379	1166
1167	Fbxl22	chr9	66508375	66514609	protein_coding	ENSMUSG00000050503	-	Fbxl22	1167
1168	Usp3	chr9	66514637	66593142	protein_coding	ENSMUSG00000032376	-	Usp3	1168
1169	Gm15563	chr9	66572001	66582059	lncRNA	ENSMUSG00000086387	+	Gm15563	1169
1170	Car12	chr9	66713686	66766845	protein_coding	ENSMUSG00000032373	+	Car12	1170
1171	Aph1b	chr9	66775202	66795490	protein_coding	ENSMUSG00000032375	-	Aph1b	1171
1172	Gm10647	chr9	66797039	66799074	TEC	ENSMUSG00000074232	+	Gm10647	1172
1173	BC050972	chr9	66798678	66804359	lncRNA	ENSMUSG00000092131	-	BC050972	1173
1174	Aph1c	chr9	66814994	66834726	protein_coding	ENSMUSG00000053040	-	Aph1c	1174
1175	Rab8b	chr9	66843664	66919687	protein_coding	ENSMUSG00000036943	-	Rab8b	1175
1176	Rps27l	chr9	66946086	66949516	protein_coding	ENSMUSG00000036781	+	Rps27l	1176
1177	Lactb	chr9	66955388	66975484	protein_coding	ENSMUSG00000032370	-	Lactb	1177
1178	Gm24225	chr9	66981088	66981185	snRNA	ENSMUSG00000089450	-	Gm24225	1178
1179	Tpm1	chr9	67022590	67049406	protein_coding	ENSMUSG00000032366	-	Tpm1	1179
1180	Gm10646	chr9	67102300	67109601	lncRNA	ENSMUSG00000111825	+	Gm10646	1180
1181	Gm19299	chr9	67133560	67213918	lncRNA	ENSMUSG00000111556	+	Gm19299	1181
1182	Tln2	chr9	67217087	67559703	protein_coding	ENSMUSG00000052698	-	Tln2	1182
1183	Mir190a	chr9	67236660	67236726	miRNA	ENSMUSG00000076379	-	Mir190a	1183
1184	Gm47047	chr9	67424503	67427491	lncRNA	ENSMUSG00000111412	+	Gm47047	1184
1185	Mir7241	chr9	67727717	67727780	miRNA	ENSMUSG00000098937	-	Mir7241	1185
1186	M5C1000I18Rik	chr9	67758712	67760230	lncRNA	ENSMUSG00000055125	-	M5C1000I18Rik	1186
1187	Vps13c	chr9	67840396	67995638	protein_coding	ENSMUSG00000035284	+	Vps13c	1187
1188	Gm20745	chr9	68017964	68025714	lncRNA	ENSMUSG00000111841	-	Gm20745	1188
1189	Gm22382	chr9	68280574	68280703	snoRNA	ENSMUSG00000088810	+	Gm22382	1189
1190	Gm22169	chr9	68461339	68461445	snRNA	ENSMUSG00000096639	-	Gm22169	1190
1191	4930502A04Rik	chr9	68470902	68520200	lncRNA	ENSMUSG00000111303	-	4930502A04Rik	1191
1192	Gm47169	chr9	68552395	68552556	processed_pseudogene	ENSMUSG00000111404	+	Gm47169	1192
1193	Rora	chr9	68653786	69388246	protein_coding	ENSMUSG00000032238	+	Rora	1193
1194	Gm15511	chr9	69348889	69364247	lncRNA	ENSMUSG00000086648	-	Gm15511	1194
1195	Ice2	chr9	69397906	69433122	protein_coding	ENSMUSG00000032235	+	Ice2	1195
1196	Gm7802	chr9	69436986	69437247	processed_pseudogene	ENSMUSG00000111621	-	Gm7802	1196
1197	Gm4978	chr9	69450235	69451035	processed_pseudogene	ENSMUSG00000062874	-	Gm4978	1197
1198	Anxa2	chr9	69453620	69491795	protein_coding	ENSMUSG00000032231	+	Anxa2	1198
1199	Gm16144	chr9	69477029	69479598	lncRNA	ENSMUSG00000086399	-	Gm16144	1199
1200	Foxb1	chr9	69757710	69760940	protein_coding	ENSMUSG00000059246	-	Foxb1	1200
1201	B230323A14Rik	chr9	69758740	69830845	lncRNA	ENSMUSG00000097623	+	B230323A14Rik	1201
1202	Gm28731	chr9	69988400	69989968	lncRNA	ENSMUSG00000101555	-	Gm28731	1202
1203	Bnip2	chr9	69989466	70008317	protein_coding	ENSMUSG00000011958	+	Bnip2	1203
1204	Gtf2a2	chr9	70012550	70022866	protein_coding	ENSMUSG00000033543	+	Gtf2a2	1204
1205	Gcnt3	chr9	70031496	70038088	protein_coding	ENSMUSG00000032226	-	Gcnt3	1205
1206	Fam81a	chr9	70088511	70142560	protein_coding	ENSMUSG00000032224	-	Fam81a	1206
1207	Myo1e	chr9	70207350	70399766	protein_coding	ENSMUSG00000032220	+	Myo1e	1207
1208	Mir5626	chr9	70405694	70405753	miRNA	ENSMUSG00000093763	-	Mir5626	1208
1209	Ccnb2	chr9	70407692	70421547	protein_coding	ENSMUSG00000032218	-	Ccnb2	1209
1210	Rnf111	chr9	70425424	70503725	protein_coding	ENSMUSG00000032217	-	Rnf111	1210
1211	Gm23730	chr9	70521598	70521704	snRNA	ENSMUSG00000094366	-	Gm23730	1211
1212	Gm22229	chr9	70537814	70537921	snRNA	ENSMUSG00000064921	+	Gm22229	1212
1213	Sltm	chr9	70542754	70592234	protein_coding	ENSMUSG00000032212	+	Sltm	1213
1214	Mindy2	chr9	70599014	70657174	protein_coding	ENSMUSG00000042444	-	Mindy2	1214
1215	Gm10642	chr9	70656251	70657862	lncRNA	ENSMUSG00000074213	+	Gm10642	1215
1216	Adam10	chr9	70678997	70780229	protein_coding	ENSMUSG00000054693	+	Adam10	1216
1217	Lipc	chr9	70798128	70952226	protein_coding	ENSMUSG00000032207	-	Lipc	1217
1218	Gm3436	chr9	70852576	70853415	processed_pseudogene	ENSMUSG00000096160	+	Gm3436	1218
1219	Gm32017	chr9	70930488	70934430	lncRNA	ENSMUSG00000111631	+	Gm32017	1219
1220	Aqp9	chr9	71110659	71168682	protein_coding	ENSMUSG00000032204	-	Aqp9	1220
1221	Gm47268	chr9	71126842	71127544	processed_pseudogene	ENSMUSG00000111618	+	Gm47268	1221
1222	Gm32511	chr9	71163794	71208124	lncRNA	ENSMUSG00000111429	+	Gm32511	1222
1223	Aldh1a2	chr9	71215789	71296243	protein_coding	ENSMUSG00000013584	+	Aldh1a2	1223
1224	Polr2m	chr9	71478437	71485935	protein_coding	ENSMUSG00000032199	-	Polr2m	1224
1225	Myzap	chr9	71504347	71592360	protein_coding	ENSMUSG00000041361	-	Myzap	1225
1226	Cgnl1	chr9	71626509	71771602	protein_coding	ENSMUSG00000032232	-	Cgnl1	1226
1227	Gm37660	chr9	71840005	71841736	TEC	ENSMUSG00000104467	-	Gm37660	1227
1228	Tcf12	chr9	71842688	72111871	protein_coding	ENSMUSG00000032228	-	Tcf12	1228
1229	Gm38057	chr9	71852001	71855203	TEC	ENSMUSG00000102143	-	Gm38057	1229
1230	Gm38111	chr9	71896713	71899453	TEC	ENSMUSG00000102939	-	Gm38111	1230
1231	Gm18821	chr9	71908843	71909551	processed_pseudogene	ENSMUSG00000098761	+	Gm18821	1231
1232	Gm37879	chr9	71939591	71941585	TEC	ENSMUSG00000104107	-	Gm37879	1232
1233	Gm37663	chr9	71988973	71991271	TEC	ENSMUSG00000104469	-	Gm37663	1233
1234	Gm37023	chr9	72001378	72003803	TEC	ENSMUSG00000104078	-	Gm37023	1234
1235	A430027C01Rik	chr9	72011376	72013019	TEC	ENSMUSG00000104432	-	A430027C01Rik	1235
1236	Gm27450	chr9	72033198	72033287	miRNA	ENSMUSG00000077821	+	Gm27450	1236
1237	Gm37137	chr9	72040552	72043235	TEC	ENSMUSG00000102874	-	Gm37137	1237
1238	Rpl15-ps2	chr9	72060937	72061549	processed_pseudogene	ENSMUSG00000098915	+	Rpl15-ps2	1238
1239	Gm7863	chr9	72128587	72129391	processed_pseudogene	ENSMUSG00000099253	+	Gm7863	1239
1240	Uba52-ps	chr9	72174580	72174958	processed_pseudogene	ENSMUSG00000061390	-	Uba52-ps	1240
1241	Gm27188	chr9	72207706	72230306	lncRNA	ENSMUSG00000099190	-	Gm27188	1241
1242	Gm25163	chr9	72257036	72257139	snRNA	ENSMUSG00000089530	-	Gm25163	1242
1243	Gm27253	chr9	72268614	72274856	lncRNA	ENSMUSG00000098340	-	Gm27253	1243
1244	Zfp280d	chr9	72274860	72363777	protein_coding	ENSMUSG00000038535	+	Zfp280d	1244
1245	Gm19353	chr9	72289667	72290111	processed_pseudogene	ENSMUSG00000098492	+	Gm19353	1245
1246	Gm17828	chr9	72292542	72293340	processed_pseudogene	ENSMUSG00000098893	-	Gm17828	1246
1247	Gm37983	chr9	72315131	72317136	TEC	ENSMUSG00000102225	+	Gm37983	1247
1248	Gm37303	chr9	72355075	72356633	TEC	ENSMUSG00000103133	+	Gm37303	1248
1249	Gm37581	chr9	72357227	72358214	TEC	ENSMUSG00000103388	+	Gm37581	1249
1250	BC065403	chr9	72361735	72409945	lncRNA	ENSMUSG00000097211	-	BC065403	1250
1251	Gm37150	chr9	72384389	72387142	TEC	ENSMUSG00000102925	+	Gm37150	1251
1252	Gm27230	chr9	72395974	72404510	lncRNA	ENSMUSG00000098959	+	Gm27230	1252
1253	Gm27255	chr9	72409268	72409878	lncRNA	ENSMUSG00000098801	+	Gm27255	1253
1254	Mns1	chr9	72438011	72462025	protein_coding	ENSMUSG00000032221	+	Mns1	1254
1255	Gm36948	chr9	72440760	72444006	TEC	ENSMUSG00000103445	+	Gm36948	1255
1256	Tex9	chr9	72450394	72492212	protein_coding	ENSMUSG00000090626	-	Tex9	1256
1257	Gm28010	chr9	72511209	72511334	miRNA	ENSMUSG00000095555	-	Gm28010	1257
1258	4930509E16Rik	chr9	72518250	72531858	lncRNA	ENSMUSG00000096986	-	4930509E16Rik	1258
1259	Rfx7	chr9	72532240	72622937	protein_coding	ENSMUSG00000037674	+	Rfx7	1259
1260	Gm19427	chr9	72551728	72551935	processed_pseudogene	ENSMUSG00000099310	+	Gm19427	1260
1261	Gm37105	chr9	72594923	72597007	TEC	ENSMUSG00000102672	+	Gm37105	1261
1262	Gm27241	chr9	72613790	72617053	lncRNA	ENSMUSG00000099051	-	Gm27241	1262
1263	Gm27232	chr9	72618693	72619520	lncRNA	ENSMUSG00000098573	-	Gm27232	1263
1264	Gm23057	chr9	72633447	72633553	snRNA	ENSMUSG00000064735	+	Gm23057	1264
1265	Nedd4	chr9	72662346	72749852	protein_coding	ENSMUSG00000032216	+	Nedd4	1265
1266	A530064N14Rik	chr9	72687224	72688715	TEC	ENSMUSG00000104273	+	A530064N14Rik	1266
1267	Gm7265	chr9	72691549	72695050	TEC	ENSMUSG00000102573	+	Gm7265	1267
1268	Gm37955	chr9	72716960	72717171	TEC	ENSMUSG00000104066	+	Gm37955	1268
1269	Gm36936	chr9	72728140	72730888	TEC	ENSMUSG00000102411	+	Gm36936	1269
1270	Gm27204	chr9	72774063	72776225	lncRNA	ENSMUSG00000098294	-	Gm27204	1270
1271	Prtg	chr9	72806874	72917291	protein_coding	ENSMUSG00000036030	+	Prtg	1271
1272	Gm27203	chr9	72827257	72827563	processed_pseudogene	ENSMUSG00000098471	-	Gm27203	1272
1273	A730062M13Rik	chr9	72869652	72871561	TEC	ENSMUSG00000102971	+	A730062M13Rik	1273
1274	Gm37234	chr9	72889045	72890485	TEC	ENSMUSG00000102330	+	Gm37234	1274
1275	Pygo1	chr9	72925645	72952181	protein_coding	ENSMUSG00000034910	+	Pygo1	1275
1276	Dnaaf4	chr9	72958785	72973064	protein_coding	ENSMUSG00000092192	+	Dnaaf4	1276
1277	Gm44503	chr9	72958852	73016319	protein_coding	ENSMUSG00000089865	+	Gm44503	1277
1278	Gm37710	chr9	72972285	72973558	TEC	ENSMUSG00000102797	-	Gm37710	1278
1279	Ccpg1os	chr9	72979722	72985382	protein_coding	ENSMUSG00000086158	-	Ccpg1os	1279
1280	Ccpg1	chr9	72985429	73016340	protein_coding	ENSMUSG00000034563	+	Ccpg1	1280
1281	Gm27353	chr9	73005201	73005322	miRNA	ENSMUSG00000098589	+	Gm27353	1281
1282	Pigb	chr9	73007419	73040378	protein_coding	ENSMUSG00000079469	-	Pigb	1282
1283	Gm38192	chr9	73024293	73026139	TEC	ENSMUSG00000102305	+	Gm38192	1283
1284	2310009A05Rik	chr9	73039718	73042779	protein_coding	ENSMUSG00000098332	+	2310009A05Rik	1284
1285	Rab27a	chr9	73044854	73097629	protein_coding	ENSMUSG00000032202	+	Rab27a	1285
1286	Gm27186	chr9	73060951	73061257	processed_pseudogene	ENSMUSG00000098468	+	Gm27186	1286
1287	Khdc3	chr9	73101836	73104438	protein_coding	ENSMUSG00000092622	+	Khdc3	1287
1288	Gm20509	chr9	73102470	73117920	protein_coding	ENSMUSG00000092310	+	Gm20509	1288
1289	Rsl24d1	chr9	73113426	73123333	protein_coding	ENSMUSG00000032215	+	Rsl24d1	1289
1290	Gm38215	chr9	73132689	73134921	TEC	ENSMUSG00000103556	+	Gm38215	1290
1291	Gm27211	chr9	73192483	73268115	lncRNA	ENSMUSG00000098875	+	Gm27211	1291
1292	Unc13c	chr9	73479422	73968966	protein_coding	ENSMUSG00000062151	-	Unc13c	1292
1293	Gm37611	chr9	73551843	73553870	TEC	ENSMUSG00000103832	-	Gm37611	1293
1294	Gm25105	chr9	73795128	73795257	snoRNA	ENSMUSG00000084426	-	Gm25105	1294
1295	Gm37326	chr9	73857108	73860178	TEC	ENSMUSG00000103202	-	Gm37326	1295
1296	Wdr72	chr9	74110356	74283308	protein_coding	ENSMUSG00000044976	+	Wdr72	1296
1297	Gm27189	chr9	74568238	74568427	processed_pseudogene	ENSMUSG00000098748	+	Gm27189	1297
1298	Gm16551	chr9	74847983	74860134	lncRNA	ENSMUSG00000066477	+	Gm16551	1298
1299	Gm20649	chr9	74848463	74891476	lncRNA	ENSMUSG00000093662	+	Gm20649	1299
1300	Gm28182	chr9	74852909	74855385	lncRNA	ENSMUSG00000101596	-	Gm28182	1300
1301	Onecut1	chr9	74861921	74891781	protein_coding	ENSMUSG00000043013	+	Onecut1	1301
1302	Fam214a	chr9	74952884	75032468	protein_coding	ENSMUSG00000034858	+	Fam214a	1302
1303	Arpp19	chr9	75037614	75060313	protein_coding	ENSMUSG00000007656	+	Arpp19	1303
1304	Myo5a	chr9	75071015	75223688	protein_coding	ENSMUSG00000034593	+	Myo5a	1304
1305	Gm9719	chr9	75098598	75099140	processed_pseudogene	ENSMUSG00000090001	-	Gm9719	1305
1306	Gm16353	chr9	75132959	75134181	processed_pseudogene	ENSMUSG00000089651	-	Gm16353	1306
1307	Myo5c	chr9	75232020	75305451	protein_coding	ENSMUSG00000033590	+	Myo5c	1307
1308	Gnb5	chr9	75306288	75345876	protein_coding	ENSMUSG00000032192	+	Gnb5	1308
1309	Gm19531	chr9	75310335	75314871	lncRNA	ENSMUSG00000111348	-	Gm19531	1309
1310	Gm48677	chr9	75317072	75342842	lncRNA	ENSMUSG00000110824	-	Gm48677	1310
1311	Bcl2l10	chr9	75347758	75351649	protein_coding	ENSMUSG00000032191	+	Bcl2l10	1311
1312	Mapk6	chr9	75369062	75410005	protein_coding	ENSMUSG00000042688	-	Mapk6	1312
1313	Gm18015	chr9	75372784	75373099	processed_pseudogene	ENSMUSG00000111545	-	Gm18015	1313
1314	4933433G15Rik	chr9	75410184	75417709	lncRNA	ENSMUSG00000097021	+	4933433G15Rik	1314
1315	Leo1	chr9	75441524	75466432	protein_coding	ENSMUSG00000042487	+	Leo1	1315
1316	Gm7972	chr9	75468616	75486681	transcribed_unprocessed_pseudogene	ENSMUSG00000109032	+	Gm7972	1316
1317	Tmod3	chr9	75497707	75559657	protein_coding	ENSMUSG00000058587	-	Tmod3	1317
1318	Gm48789	chr9	75520374	75520502	processed_pseudogene	ENSMUSG00000111228	-	Gm48789	1318
1319	Tmod2	chr9	75565621	75611325	protein_coding	ENSMUSG00000032186	-	Tmod2	1319
1320	Gm48822	chr9	75582739	75585109	TEC	ENSMUSG00000110895	-	Gm48822	1320
1321	Lysmd2	chr9	75625741	75637771	protein_coding	ENSMUSG00000032184	+	Lysmd2	1321
1322	Scg3	chr9	75643189	75684056	protein_coding	ENSMUSG00000032181	-	Scg3	1322
1323	Gm37871	chr9	75666652	75667339	TEC	ENSMUSG00000102176	+	Gm37871	1323
1324	Gm3671	chr9	75693653	75694659	processed_pseudogene	ENSMUSG00000098232	-	Gm3671	1324
1325	Bmp5	chr9	75775364	75900310	protein_coding	ENSMUSG00000032179	+	Bmp5	1325
1326	Gm47723	chr9	75876260	75877713	TEC	ENSMUSG00000110817	+	Gm47723	1326
1327	Gm26903	chr9	75897843	76015192	lncRNA	ENSMUSG00000097836	-	Gm26903	1327
1328	Hmgcll1	chr9	76014855	76136350	protein_coding	ENSMUSG00000007908	+	Hmgcll1	1328
1329	Gm38083	chr9	76067449	76070946	TEC	ENSMUSG00000103354	+	Gm38083	1329
1330	Gfral	chr9	76164102	76213657	protein_coding	ENSMUSG00000059383	-	Gfral	1330
1331	Hcrtr2	chr9	76225880	76323856	protein_coding	ENSMUSG00000032360	-	Hcrtr2	1331
1332	Gm27234	chr9	76319577	76320846	lncRNA	ENSMUSG00000098894	+	Gm27234	1332
1333	Fam83b	chr9	76490054	76567116	protein_coding	ENSMUSG00000032358	-	Fam83b	1333
1334	Gm27156	chr9	76650381	76651134	processed_pseudogene	ENSMUSG00000098335	+	Gm27156	1334
1335	Gm34158	chr9	76754767	76786516	lncRNA	ENSMUSG00000111222	+	Gm34158	1335
1336	Gm27155	chr9	76760112	76761009	processed_pseudogene	ENSMUSG00000099239	-	Gm27155	1336
1337	Gm47800	chr9	76804116	76823062	lncRNA	ENSMUSG00000110839	-	Gm47800	1337
1338	Tinag	chr9	76951693	77045794	protein_coding	ENSMUSG00000032357	-	Tinag	1338
1339	Gm19541	chr9	77046682	77051953	lncRNA	ENSMUSG00000098370	+	Gm19541	1339
1340	Gm5746	chr9	77097191	77099390	processed_pseudogene	ENSMUSG00000099138	+	Gm5746	1340
1341	Mlip	chr9	77102081	77352969	protein_coding	ENSMUSG00000032355	-	Mlip	1341
1342	Gm38254	chr9	77302067	77303075	TEC	ENSMUSG00000102783	-	Gm38254	1342
1343	4930590H14Rik	chr9	77357352	77357902	TEC	ENSMUSG00000103794	+	4930590H14Rik	1343
1344	5730403I07Rik	chr9	77366412	77399418	lncRNA	ENSMUSG00000099170	-	5730403I07Rik	1344
1345	Lrrc1	chr9	77430823	77544870	protein_coding	ENSMUSG00000032352	-	Lrrc1	1345
1346	Klhl31	chr9	77636500	77660127	protein_coding	ENSMUSG00000044938	+	Klhl31	1346
1347	Gm47790	chr9	77692197	77730279	lncRNA	ENSMUSG00000111225	-	Gm47790	1347
1348	Gm47795	chr9	77730737	77733268	lncRNA	ENSMUSG00000111014	-	Gm47795	1348
1349	Gclc	chr9	77754535	77794485	protein_coding	ENSMUSG00000032350	+	Gclc	1349
1350	Gm47818	chr9	77836030	77848111	lncRNA	ENSMUSG00000111250	+	Gm47818	1350
1351	Elovl5	chr9	77917364	77984519	protein_coding	ENSMUSG00000032349	+	Elovl5	1351
1352	Gm34829	chr9	77992599	78002261	lncRNA	ENSMUSG00000111610	+	Gm34829	1352
1353	Gm47829	chr9	78027945	78028089	processed_pseudogene	ENSMUSG00000111850	+	Gm47829	1353
1354	Gcm1	chr9	78051924	78065624	protein_coding	ENSMUSG00000023333	+	Gcm1	1354
1355	Fbxo9	chr9	78081499	78109065	protein_coding	ENSMUSG00000001366	-	Fbxo9	1355
1356	Ick	chr9	78109192	78172107	protein_coding	ENSMUSG00000009828	+	Ick	1356
1357	Rn7sk	chr9	78175303	78175633	misc_RNA	ENSMUSG00000065037	-	Rn7sk	1357
1358	C920006O11Rik	chr9	78175914	78178879	transcribed_unprocessed_pseudogene	ENSMUSG00000097574	+	C920006O11Rik	1358
1359	Gsta4	chr9	78182774	78209349	protein_coding	ENSMUSG00000032348	+	Gsta4	1359
1360	Gm3126	chr9	78213378	78214845	processed_pseudogene	ENSMUSG00000111015	-	Gm3126	1360
1361	Gsta1	chr9	78230656	78242684	protein_coding	ENSMUSG00000074183	+	Gsta1	1361
1362	Gm10639	chr9	78289923	78305525	protein_coding	ENSMUSG00000074179	+	Gm10639	1362
1363	Omt2a	chr9	78311972	78314796	protein_coding	ENSMUSG00000066463	-	Omt2a	1363
1364	Gm8074	chr9	78321299	78322354	unprocessed_pseudogene	ENSMUSG00000090802	-	Gm8074	1364
1365	Gsta2	chr9	78331018	78355788	protein_coding	ENSMUSG00000057933	-	Gsta2	1365
1366	Dppa5a	chr9	78367052	78368177	protein_coding	ENSMUSG00000060461	-	Dppa5a	1366
1367	Ooep	chr9	78376109	78378725	protein_coding	ENSMUSG00000032346	-	Ooep	1367
1368	Ddx43	chr9	78395777	78423587	protein_coding	ENSMUSG00000070291	+	Ddx43	1368
1369	Gm8093	chr9	78427507	78430805	transcribed_processed_pseudogene	ENSMUSG00000087052	+	Gm8093	1369
1370	Cgas	chr9	78430526	78443237	protein_coding	ENSMUSG00000032344	-	Cgas	1370
1371	Mto1	chr9	78448208	78475348	protein_coding	ENSMUSG00000032342	+	Mto1	1371
1372	Eef1a1	chr9	78478449	78489151	protein_coding	ENSMUSG00000037742	-	Eef1a1	1372
1373	Gm26377	chr9	78478528	78478635	miRNA	ENSMUSG00000076138	-	Gm26377	1373
1374	Gm47430	chr9	78520546	78522157	lncRNA	ENSMUSG00000111417	+	Gm47430	1374
1375	Slc17a5	chr9	78536488	78588041	protein_coding	ENSMUSG00000049624	-	Slc17a5	1375
1376	Cd109	chr9	78615546	78716253	protein_coding	ENSMUSG00000046186	+	Cd109	1376
1377	Gm8116	chr9	78820638	78821838	processed_pseudogene	ENSMUSG00000059422	-	Gm8116	1377
1378	Gm18863	chr9	78942338	78943636	processed_pseudogene	ENSMUSG00000111309	-	Gm18863	1378
1379	Gm35024	chr9	79026940	79029752	lncRNA	ENSMUSG00000111363	-	Gm35024	1379
1380	Gm47499	chr9	79159621	79202007	lncRNA	ENSMUSG00000110923	-	Gm47499	1380
1381	Gm47501	chr9	79215121	79267651	lncRNA	ENSMUSG00000111638	-	Gm47501	1381
1382	Gm47500	chr9	79263892	79264275	processed_pseudogene	ENSMUSG00000111670	+	Gm47500	1382
1383	Gm39377	chr9	79378119	79390855	lncRNA	ENSMUSG00000111633	-	Gm39377	1383
1384	Gm35262	chr9	79395203	79395469	processed_pseudogene	ENSMUSG00000111560	-	Gm35262	1384
1385	Gm10635	chr9	79444037	79519302	lncRNA	ENSMUSG00000111765	-	Gm10635	1385
1386	Col12a1	chr9	79598991	79718831	protein_coding	ENSMUSG00000032332	-	Col12a1	1386
1387	4930562D21Rik	chr9	79688776	79690907	lncRNA	ENSMUSG00000086608	+	4930562D21Rik	1387
1388	Cox7a2	chr9	79755361	79759878	protein_coding	ENSMUSG00000032330	-	Cox7a2	1388
1389	Tmem30a	chr9	79768943	79793507	protein_coding	ENSMUSG00000032328	-	Tmem30a	1389
1390	4930429F24Rik	chr9	79793641	79803235	lncRNA	ENSMUSG00000086918	+	4930429F24Rik	1390
1391	Filip1	chr9	79805094	80012851	protein_coding	ENSMUSG00000034898	-	Filip1	1391
1392	Gm8131	chr9	80003838	80005407	processed_pseudogene	ENSMUSG00000111827	+	Gm8131	1392
1393	Gm25433	chr9	80037429	80037714	misc_RNA	ENSMUSG00000088908	+	Gm25433	1393
1394	Senp6	chr9	80066903	80144953	protein_coding	ENSMUSG00000034252	+	Senp6	1394
1395	Gm20648	chr9	80073429	80073756	processed_pseudogene	ENSMUSG00000093779	-	Gm20648	1395
1396	Gm17477	chr9	80118895	80121937	lncRNA	ENSMUSG00000084917	-	Gm17477	1396
1397	Myo6	chr9	80165031	80311729	protein_coding	ENSMUSG00000033577	+	Myo6	1397
1398	Impg1	chr9	80313330	80465481	protein_coding	ENSMUSG00000032343	-	Impg1	1398
1399	Gm18292	chr9	80451248	80452166	processed_pseudogene	ENSMUSG00000111267	+	Gm18292	1399
1400	Gm48387	chr9	80544763	80601097	lncRNA	ENSMUSG00000111510	-	Gm48387	1400
1401	Gm39380	chr9	80709995	80713723	lncRNA	ENSMUSG00000111717	+	Gm39380	1401
1402	Gm27224	chr9	80802651	80864861	lncRNA	ENSMUSG00000098685	+	Gm27224	1402
1403	Gm26713	chr9	80955436	81203591	lncRNA	ENSMUSG00000097655	+	Gm26713	1403
1404	Gm8151	chr9	81016088	81016958	processed_pseudogene	ENSMUSG00000099085	-	Gm8151	1404
1405	Gm27226	chr9	81455397	81460966	lncRNA	ENSMUSG00000098429	+	Gm27226	1405
1406	Htr1b	chr9	81628291	81633828	protein_coding	ENSMUSG00000049511	-	Htr1b	1406
1407	D430036J16Rik	chr9	81631551	81645156	lncRNA	ENSMUSG00000097466	+	D430036J16Rik	1407
1408	Gm9531	chr9	81677598	81678677	transcribed_processed_pseudogene	ENSMUSG00000079225	+	Gm9531	1408
1409	Gm26907	chr9	81776695	81858891	lncRNA	ENSMUSG00000097241	-	Gm26907	1409
1410	Mei4	chr9	81863670	82206007	protein_coding	ENSMUSG00000043289	+	Mei4	1410
1411	Gm15896	chr9	82202648	82203398	processed_pseudogene	ENSMUSG00000081273	+	Gm15896	1411
1412	Gm35548	chr9	82249931	82260208	lncRNA	ENSMUSG00000111697	-	Gm35548	1412
1413	1700063H06Rik	chr9	82260293	82263485	lncRNA	ENSMUSG00000099266	+	1700063H06Rik	1413
1414	Gm27249	chr9	82524991	82525318	processed_pseudogene	ENSMUSG00000098420	+	Gm27249	1414
1415	Irak1bp1	chr9	82829540	82847687	protein_coding	ENSMUSG00000032251	+	Irak1bp1	1415
1416	Phip	chr9	82866159	82975516	protein_coding	ENSMUSG00000032253	-	Phip	1416
1417	Gm39383	chr9	83008603	83042603	lncRNA	ENSMUSG00000111839	+	Gm39383	1417
1418	Gm38398	chr9	83098224	83106330	lncRNA	ENSMUSG00000111774	+	Gm38398	1418
1419	Hmgn3	chr9	83109948	83146685	protein_coding	ENSMUSG00000066456	-	Hmgn3	1419
1420	Gm2065	chr9	83114108	83116864	TEC	ENSMUSG00000102882	+	Gm2065	1420
1421	Gm29054	chr9	83145915	83147364	lncRNA	ENSMUSG00000101144	+	Gm29054	1421
1422	Gm38279	chr9	83174647	83175777	TEC	ENSMUSG00000104080	-	Gm38279	1422
1423	Gm27216	chr9	83240481	83254540	lncRNA	ENSMUSG00000098747	-	Gm27216	1423
1424	Gm46123	chr9	83346159	83353978	lncRNA	ENSMUSG00000111443	+	Gm46123	1424
1425	Lca5	chr9	83390293	83441127	protein_coding	ENSMUSG00000032258	-	Lca5	1425
1426	Rps27a-ps2	chr9	83409660	83410126	processed_pseudogene	ENSMUSG00000058838	+	Rps27a-ps2	1426
1427	Gm2087	chr9	83431547	83454573	lncRNA	ENSMUSG00000099718	+	Gm2087	1427
1428	Gm37307	chr9	83447559	83450179	TEC	ENSMUSG00000103044	+	Gm37307	1428
1429	Sh3bgrl2	chr9	83548327	83638801	protein_coding	ENSMUSG00000032261	+	Sh3bgrl2	1429
1430	Gm39384	chr9	83571560	83573289	lncRNA	ENSMUSG00000110950	-	Gm39384	1430
1431	Gm36120	chr9	83678081	83687525	lncRNA	ENSMUSG00000111820	-	Gm36120	1431
1432	Gm2109	chr9	83691475	83693223	lncRNA	ENSMUSG00000100155	+	Gm2109	1432
1433	Elovl4	chr9	83778692	83806277	protein_coding	ENSMUSG00000032262	-	Elovl4	1433
1434	Ttk	chr9	83834689	83872389	protein_coding	ENSMUSG00000038379	+	Ttk	1434
1435	Gm36278	chr9	83921709	83925022	lncRNA	ENSMUSG00000111769	-	Gm36278	1435
1436	Bckdhb	chr9	83925145	84124240	protein_coding	ENSMUSG00000032263	+	Bckdhb	1436
1437	Gm46124	chr9	84009139	84024817	lncRNA	ENSMUSG00000111757	-	Gm46124	1437
1438	Gm26146	chr9	84188355	84188539	snRNA	ENSMUSG00000077666	+	Gm26146	1438
1439	Gm18487	chr9	84385307	84386555	processed_pseudogene	ENSMUSG00000111616	-	Gm18487	1439
1440	Gm8226	chr9	84423984	84424781	processed_pseudogene	ENSMUSG00000099927	+	Gm8226	1440
1441	Gm39388	chr9	84577960	84613684	lncRNA	ENSMUSG00000111245	+	Gm39388	1441
1442	4930554C24Rik	chr9	84774398	84857691	lncRNA	ENSMUSG00000099724	+	4930554C24Rik	1442
1443	Gm48820	chr9	84858707	84862914	lncRNA	ENSMUSG00000111500	+	Gm48820	1443
1444	Gm28625	chr9	84890545	84890749	lncRNA	ENSMUSG00000102064	+	Gm28625	1444
1445	Gm48821	chr9	84892120	84924633	lncRNA	ENSMUSG00000110783	-	Gm48821	1445
1446	Gm8228	chr9	84973053	84976515	processed_pseudogene	ENSMUSG00000099779	-	Gm8228	1446
1447	Gm48830	chr9	85221196	85234582	lncRNA	ENSMUSG00000111281	-	Gm48830	1447
1448	Tent5a	chr9	85320439	85327348	protein_coding	ENSMUSG00000032265	-	Tent5a	1448
1449	Gm48832	chr9	85332352	85348065	lncRNA	ENSMUSG00000111840	-	Gm48832	1449
1450	Gm36927	chr9	85342511	85344351	TEC	ENSMUSG00000103368	-	Gm36927	1450
1451	Gm48834	chr9	85519493	85553765	lncRNA	ENSMUSG00000110956	-	Gm48834	1451
1452	Gm48842	chr9	85637289	85639567	lncRNA	ENSMUSG00000111386	-	Gm48842	1452
1453	Ibtk	chr9	85687360	85749334	protein_coding	ENSMUSG00000035941	-	Ibtk	1453
1454	4933431K14Rik	chr9	85749078	85750429	TEC	ENSMUSG00000103715	+	4933431K14Rik	1454
1455	Gm22830	chr9	85772351	85772480	snoRNA	ENSMUSG00000065706	-	Gm22830	1455
1456	Gm5619	chr9	85781868	85782627	processed_pseudogene	ENSMUSG00000099980	-	Gm5619	1456
1457	9330154J02Rik	chr9	85820241	85844323	lncRNA	ENSMUSG00000056031	-	9330154J02Rik	1457
1458	Tpbg	chr9	85842380	85847040	protein_coding	ENSMUSG00000035274	+	Tpbg	1458
1459	Gm18016	chr9	86173925	86176015	processed_pseudogene	ENSMUSG00000111418	-	Gm18016	1459
1460	Ube2cbp	chr9	86307306	86464950	protein_coding	ENSMUSG00000032415	-	Ube2cbp	1460
1461	Dop1a	chr9	86467154	86555923	protein_coding	ENSMUSG00000034973	+	Dop1a	1461
1462	Gm17530	chr9	86546682	86547153	TEC	ENSMUSG00000103731	-	Gm17530	1462
1463	Pgm3	chr9	86554377	86571842	protein_coding	ENSMUSG00000056131	-	Pgm3	1463
1464	Rwdd2a	chr9	86571991	86574899	protein_coding	ENSMUSG00000032417	+	Rwdd2a	1464
1465	Me1	chr9	86581371	86695953	protein_coding	ENSMUSG00000032418	-	Me1	1465
1466	Gm38230	chr9	86684050	86685208	TEC	ENSMUSG00000102259	-	Gm38230	1466
1467	A330041J22Rik	chr9	86695460	86701253	lncRNA	ENSMUSG00000087466	+	A330041J22Rik	1467
1468	Gm22138	chr9	86703819	86703946	snoRNA	ENSMUSG00000089373	+	Gm22138	1468
1469	Prss35	chr9	86743649	86758443	protein_coding	ENSMUSG00000033491	+	Prss35	1469
1470	Snap91	chr9	86765923	86880654	protein_coding	ENSMUSG00000033419	-	Snap91	1470
1471	Gm37941	chr9	86784547	86786855	TEC	ENSMUSG00000103891	-	Gm37941	1471
1472	Gm36539	chr9	86981991	87006163	lncRNA	ENSMUSG00000111874	-	Gm36539	1472
1473	Ripply2	chr9	87015537	87019917	protein_coding	ENSMUSG00000047897	+	Ripply2	1473
1474	Cyb5r4	chr9	87022014	87077774	protein_coding	ENSMUSG00000032872	+	Cyb5r4	1474
1475	Mrap2	chr9	87144306	87184045	protein_coding	ENSMUSG00000042761	+	Mrap2	1475
1476	Gm37012	chr9	87188336	87189413	TEC	ENSMUSG00000102830	-	Gm37012	1476
1477	Cep162	chr9	87189577	87255536	protein_coding	ENSMUSG00000056919	-	Cep162	1477
1478	Gm9540	chr9	87394250	87394727	processed_pseudogene	ENSMUSG00000099385	+	Gm9540	1478
1479	Tbx18	chr9	87702800	87731260	protein_coding	ENSMUSG00000032419	-	Tbx18	1479
1480	Gm37374	chr9	87738192	87740020	TEC	ENSMUSG00000102684	-	Gm37374	1480
1481	Gm23176	chr9	88021420	88021549	snoRNA	ENSMUSG00000077553	-	Gm23176	1481
1482	Nt5e	chr9	88327197	88372092	protein_coding	ENSMUSG00000032420	+	Nt5e	1482
1483	Snx14	chr9	88376750	88438958	protein_coding	ENSMUSG00000032422	-	Snx14	1483
1484	Gm10163	chr9	88390837	88391317	processed_pseudogene	ENSMUSG00000066443	+	Gm10163	1484
1485	Gm20537	chr9	88407432	88456616	protein_coding	ENSMUSG00000092541	-	Gm20537	1485
1486	Gm28229	chr9	88441500	88443652	lncRNA	ENSMUSG00000101335	-	Gm28229	1486
1487	Syncrip	chr9	88447009	88482574	protein_coding	ENSMUSG00000032423	-	Syncrip	1487
1488	Snhg5	chr9	88521050	88522929	lncRNA	ENSMUSG00000097195	-	Snhg5	1488
1489	Snord50a	chr9	88521529	88521600	snoRNA	ENSMUSG00000094263	-	Snord50a	1489
1490	Gm22985	chr9	88526679	88526794	snRNA	ENSMUSG00000084703	-	Gm22985	1490
1491	Zfp949	chr9	88548020	88571061	protein_coding	ENSMUSG00000032425	+	Zfp949	1491
1492	Gm26461	chr9	88553236	88553525	misc_RNA	ENSMUSG00000092805	+	Gm26461	1492
1493	Trim43a	chr9	88580891	88588819	protein_coding	ENSMUSG00000090693	+	Trim43a	1493
1494	9430037G07Rik	chr9	88595325	88599516	lncRNA	ENSMUSG00000097073	-	9430037G07Rik	1494
1495	Gm29603	chr9	88597410	88597743	processed_pseudogene	ENSMUSG00000099389	+	Gm29603	1495
1496	Gm23017	chr9	88598348	88598419	snoRNA	ENSMUSG00000095772	-	Gm23017	1496
1497	Gm38214	chr9	88680939	88681926	TEC	ENSMUSG00000103967	-	Gm38214	1497
1498	Gm37226	chr9	88682932	88686186	TEC	ENSMUSG00000102533	-	Gm37226	1498
1499	Mthfsl	chr9	88688602	88720296	protein_coding	ENSMUSG00000079427	-	Mthfsl	1499
1500	Gm10634	chr9	88719629	88806264	lncRNA	ENSMUSG00000074149	+	Gm10634	1500
1501	Bcl2a1d	chr9	88723285	88731914	protein_coding	ENSMUSG00000099974	-	Bcl2a1d	1501
1502	Gm37560	chr9	88731998	88732997	TEC	ENSMUSG00000103165	+	Gm37560	1502
1503	Gm37614	chr9	88826604	88826813	TEC	ENSMUSG00000103837	-	Gm37614	1503
1504	Gm29562	chr9	88827522	88828425	lncRNA	ENSMUSG00000101698	+	Gm29562	1504
1505	Trim43c	chr9	88839164	88848190	protein_coding	ENSMUSG00000067399	+	Trim43c	1505
1506	9330159M07Rik	chr9	88840236	88858870	lncRNA	ENSMUSG00000097177	-	9330159M07Rik	1506
1507	Gm26135	chr9	88857693	88857764	snoRNA	ENSMUSG00000096191	-	Gm26135	1507
1508	Gm26611	chr9	88859011	88883554	lncRNA	ENSMUSG00000097677	+	Gm26611	1508
1509	Gm2396	chr9	88878994	88937342	lncRNA	ENSMUSG00000099930	-	Gm2396	1509
1510	Bcl2a1a	chr9	88956900	88962419	protein_coding	ENSMUSG00000102037	+	Bcl2a1a	1510
1511	Gm37833	chr9	88980921	88984176	TEC	ENSMUSG00000103581	+	Gm37833	1511
1512	Gm37993	chr9	88985191	88986178	TEC	ENSMUSG00000103336	+	Gm37993	1512
1513	Gm24463	chr9	89075336	89075407	snoRNA	ENSMUSG00000096473	+	Gm24463	1513
1514	Trim43b	chr9	89084624	89092835	protein_coding	ENSMUSG00000079162	-	Trim43b	1514
1515	4930579C12Rik	chr9	89113111	89177887	lncRNA	ENSMUSG00000074146	-	4930579C12Rik	1515
1516	Bcl2a1b	chr9	89199209	89207827	protein_coding	ENSMUSG00000089929	+	Bcl2a1b	1516
1517	Gm29094	chr9	89199379	89215471	protein_coding	ENSMUSG00000100838	+	Gm29094	1517
1518	Mthfs	chr9	89210676	89377713	protein_coding	ENSMUSG00000066442	+	Mthfs	1518
1519	Gm38091	chr9	89259525	89263395	TEC	ENSMUSG00000103247	-	Gm38091	1519
1520	Gm47403	chr9	89550698	89560384	lncRNA	ENSMUSG00000111806	-	Gm47403	1520
1521	Minar1	chr9	89587216	89623125	protein_coding	ENSMUSG00000039313	-	Minar1	1521
1522	Gm47409	chr9	89638072	89646002	lncRNA	ENSMUSG00000111274	+	Gm47409	1522
1523	Gm47410	chr9	89667273	89668471	processed_pseudogene	ENSMUSG00000111569	-	Gm47410	1523
1524	Tmed3	chr9	89699206	89705068	protein_coding	ENSMUSG00000032353	-	Tmed3	1524
1525	Ankrd34c	chr9	89725245	89738475	protein_coding	ENSMUSG00000047606	-	Ankrd34c	1525
1526	Gm29608	chr9	89759003	89759465	processed_pseudogene	ENSMUSG00000100523	+	Gm29608	1526
1527	4930524O08Rik	chr9	89826519	89864028	lncRNA	ENSMUSG00000098627	+	4930524O08Rik	1527
1528	Rasgrf1	chr9	89909908	90026977	protein_coding	ENSMUSG00000032356	+	Rasgrf1	1528
1529	Ctsh	chr9	90054152	90076089	protein_coding	ENSMUSG00000032359	+	Ctsh	1529
1530	Morf4l1	chr9	90091665	90114774	protein_coding	ENSMUSG00000062270	-	Morf4l1	1530
1531	Gm6223	chr9	90118937	90119807	processed_pseudogene	ENSMUSG00000096647	+	Gm6223	1531
1532	9430062P05Rik	chr9	90156460	90159804	TEC	ENSMUSG00000104263	-	9430062P05Rik	1532
1533	Adamts7	chr9	90163069	90208071	protein_coding	ENSMUSG00000032363	+	Adamts7	1533
1534	Tbc1d2b	chr9	90202027	90270804	protein_coding	ENSMUSG00000037410	-	Tbc1d2b	1534
1535	Gm16200	chr9	90221295	90221625	processed_pseudogene	ENSMUSG00000081520	-	Gm16200	1535
1536	Gm30849	chr9	90303800	90318448	lncRNA	ENSMUSG00000111666	+	Gm30849	1536
1537	Gm2497	chr9	90732924	90733524	processed_pseudogene	ENSMUSG00000099366	-	Gm2497	1537
1538	Gm29605	chr9	90734145	90734436	processed_pseudogene	ENSMUSG00000101938	-	Gm29605	1538
1539	Gm28703	chr9	90825302	90828860	lncRNA	ENSMUSG00000099512	-	Gm28703	1539
1540	Gm5620	chr9	91097149	91098496	processed_pseudogene	ENSMUSG00000056904	+	Gm5620	1540
1541	Gm29602	chr9	91216015	91216456	processed_pseudogene	ENSMUSG00000100568	+	Gm29602	1541
1542	Gm37812	chr9	91270930	91273404	TEC	ENSMUSG00000102814	-	Gm37812	1542
1543	Gm37457	chr9	91325416	91327848	TEC	ENSMUSG00000104286	-	Gm37457	1543
1544	Gm37040	chr9	91335244	91337067	TEC	ENSMUSG00000102568	-	Gm37040	1544
1545	Gm28652	chr9	91337601	91340878	lncRNA	ENSMUSG00000101608	+	Gm28652	1545
1546	Zic1	chr9	91358058	91365810	protein_coding	ENSMUSG00000032368	-	Zic1	1546
1547	Zic4	chr9	91362413	91389348	protein_coding	ENSMUSG00000036972	+	Zic4	1547
1548	Gm37477	chr9	91380519	91381402	TEC	ENSMUSG00000102803	-	Gm37477	1548
1549	Gm29478	chr9	91404474	91562818	lncRNA	ENSMUSG00000100341	+	Gm29478	1549
1550	Gm31409	chr9	91922664	91961118	lncRNA	ENSMUSG00000109896	-	Gm31409	1550
1551	Plscr5	chr9	92192936	92209772	protein_coding	ENSMUSG00000095654	+	Plscr5	1551
1552	Plscr1	chr9	92249750	92272278	protein_coding	ENSMUSG00000032369	+	Plscr1	1552
1553	Plscr2	chr9	92275602	92297752	protein_coding	ENSMUSG00000032372	+	Plscr2	1553
1554	1700057G04Rik	chr9	92309377	92357876	protein_coding	ENSMUSG00000074139	+	1700057G04Rik	1554
1555	Plscr4	chr9	92457373	92492456	protein_coding	ENSMUSG00000032377	+	Plscr4	1555
1556	Gm38391	chr9	92538801	92542869	TEC	ENSMUSG00000103622	-	Gm38391	1556
1557	Gm37545	chr9	92539936	92540083	processed_pseudogene	ENSMUSG00000099610	-	Gm37545	1557
1558	Plod2	chr9	92542223	92608428	protein_coding	ENSMUSG00000032374	+	Plod2	1558
1559	Gm29396	chr9	92691943	92692756	processed_pseudogene	ENSMUSG00000101822	+	Gm29396	1559
1560	4933400C23Rik	chr9	92717456	92795711	lncRNA	ENSMUSG00000101734	+	4933400C23Rik	1560
1561	Gm28054	chr9	92895832	92915791	lncRNA	ENSMUSG00000099823	+	Gm28054	1561
1562	Gm29397	chr9	92976226	92976558	processed_pseudogene	ENSMUSG00000101309	+	Gm29397	1562
1563	1700034K08Rik	chr9	92979914	93005739	lncRNA	ENSMUSG00000100294	-	1700034K08Rik	1563
1564	Gm47165	chr9	93569574	93570684	processed_pseudogene	ENSMUSG00000111630	+	Gm47165	1564
1565	Gm5369	chr9	94139462	94140049	processed_pseudogene	ENSMUSG00000111352	+	Gm5369	1565
1566	Dipk2a	chr9	94517864	94538081	protein_coding	ENSMUSG00000045414	-	Dipk2a	1566
1567	Gm39404	chr9	94592196	94592508	processed_pseudogene	ENSMUSG00000111019	+	Gm39404	1567
1568	Gm24178	chr9	94644019	94644114	snRNA	ENSMUSG00000089551	+	Gm24178	1568
1569	Gm29395	chr9	94667208	94668818	lncRNA	ENSMUSG00000101595	-	Gm29395	1569
1570	Slc9a9	chr9	94669909	95230445	protein_coding	ENSMUSG00000031129	+	Slc9a9	1570
1571	Gm16262	chr9	94695704	94702319	lncRNA	ENSMUSG00000089709	-	Gm16262	1571
1572	Gm47168	chr9	94992015	94992684	processed_pseudogene	ENSMUSG00000111087	-	Gm47168	1572
1573	Chst2	chr9	95399292	95406722	protein_coding	ENSMUSG00000033350	-	Chst2	1573
1574	Gm19193	chr9	95425630	95426359	processed_pseudogene	ENSMUSG00000101459	+	Gm19193	1574
1575	U2surp	chr9	95456898	95511996	protein_coding	ENSMUSG00000032407	-	U2surp	1575
1576	Gm28424	chr9	95512151	95513469	lncRNA	ENSMUSG00000101037	+	Gm28424	1576
1577	Gm32281	chr9	95554497	95558913	lncRNA	ENSMUSG00000110827	+	Gm32281	1577
1578	Paqr9	chr9	95559657	95568023	protein_coding	ENSMUSG00000064225	+	Paqr9	1578
1579	Gm16126	chr9	95618911	95648471	lncRNA	ENSMUSG00000086585	-	Gm16126	1579
1580	Gm28164	chr9	95621978	95622419	processed_pseudogene	ENSMUSG00000101936	-	Gm28164	1580
1581	Gm25582	chr9	95624502	95624611	snoRNA	ENSMUSG00000065346	+	Gm25582	1581
1582	Gm16127	chr9	95636972	95638265	lncRNA	ENSMUSG00000086248	-	Gm16127	1582
1583	Pcolce2	chr9	95637601	95698096	protein_coding	ENSMUSG00000015354	+	Pcolce2	1583
1584	Trpc1	chr9	95705082	95750375	protein_coding	ENSMUSG00000032839	-	Trpc1	1584
1585	Pls1	chr9	95752642	95845311	protein_coding	ENSMUSG00000049493	-	Pls1	1585
1586	1700065D16Rik	chr9	95855418	95858322	lncRNA	ENSMUSG00000096655	-	1700065D16Rik	1586
1587	Atr	chr9	95857597	95951781	protein_coding	ENSMUSG00000032409	+	Atr	1587
1588	Gm24004	chr9	95934613	95934790	snRNA	ENSMUSG00000089085	+	Gm24004	1588
1589	Gm16794	chr9	95942045	95959393	lncRNA	ENSMUSG00000097777	-	Gm16794	1589
1590	Xrn1	chr9	95954760	96057803	protein_coding	ENSMUSG00000032410	+	Xrn1	1590
1591	C78334	chr9	96017934	96024740	lncRNA	ENSMUSG00000101867	-	C78334	1591
1592	Gm28085	chr9	96027101	96040673	lncRNA	ENSMUSG00000100931	-	Gm28085	1592
1593	Gm38375	chr9	96028624	96030850	TEC	ENSMUSG00000103507	+	Gm38375	1593
1594	Gk5	chr9	96119362	96184608	protein_coding	ENSMUSG00000041440	+	Gk5	1594
1595	Tfdp2	chr9	96196275	96323646	protein_coding	ENSMUSG00000032411	+	Tfdp2	1595
1596	Gm37195	chr9	96219130	96222147	TEC	ENSMUSG00000103611	+	Gm37195	1596
1597	Gm28924	chr9	96269861	96270101	processed_pseudogene	ENSMUSG00000100382	-	Gm28924	1597
1598	Atp1b3	chr9	96332655	96364442	protein_coding	ENSMUSG00000032412	-	Atp1b3	1598
1599	AC117248.1	chr9	96426326	96449345	unitary_pseudogene	ENSMUSG00000118397	-	AC117248.1	1599
1600	BC043934	chr9	96435783	96438138	lncRNA	ENSMUSG00000056418	-	BC043934	1600
1601	Rnf7	chr9	96470937	96478675	protein_coding	ENSMUSG00000051234	-	Rnf7	1601
1602	Gm28729	chr9	96486001	96525264	protein_coding	ENSMUSG00000099564	-	Gm28729	1602
1603	Gm8495	chr9	96537161	96537854	processed_pseudogene	ENSMUSG00000101615	+	Gm8495	1603
1604	Rasa2	chr9	96539300	96631617	protein_coding	ENSMUSG00000032413	-	Rasa2	1604
1605	Zbtb38	chr9	96682770	96752831	protein_coding	ENSMUSG00000040433	-	Zbtb38	1605
1606	A930006L05Rik	chr9	96705828	96711449	lncRNA	ENSMUSG00000102097	+	A930006L05Rik	1606
1607	C430002N11Rik	chr9	96765562	96782477	lncRNA	ENSMUSG00000101581	+	C430002N11Rik	1607
1608	Gm8520	chr9	96813467	96814334	processed_pseudogene	ENSMUSG00000100922	-	Gm8520	1608
1609	Pxylp1	chr9	96823336	96892669	protein_coding	ENSMUSG00000043587	-	Pxylp1	1609
1610	Gm10123	chr9	96895658	96896147	processed_pseudogene	ENSMUSG00000062933	+	Gm10123	1610
1611	Gm8524	chr9	96905507	96905885	processed_pseudogene	ENSMUSG00000101209	+	Gm8524	1611
1612	Spsb4	chr9	96943482	97018843	protein_coding	ENSMUSG00000046997	-	Spsb4	1612
1613	Gm16010	chr9	97015966	97022043	lncRNA	ENSMUSG00000085541	+	Gm16010	1613
1614	Gm19325	chr9	97047444	97067307	lncRNA	ENSMUSG00000101365	-	Gm19325	1614
1615	Slc25a36	chr9	97074961	97111157	protein_coding	ENSMUSG00000032449	-	Slc25a36	1615
1616	Gm16185	chr9	97085326	97088610	lncRNA	ENSMUSG00000084911	+	Gm16185	1616
1617	Rpl7a-ps10	chr9	97179179	97179976	processed_pseudogene	ENSMUSG00000101502	+	Rpl7a-ps10	1617
1618	Trim42	chr9	97349562	97369958	protein_coding	ENSMUSG00000032451	-	Trim42	1618
1619	Gm15891	chr9	97349616	97369945	lncRNA	ENSMUSG00000087167	+	Gm15891	1619
1620	Clstn2	chr9	97444395	98033181	protein_coding	ENSMUSG00000032452	-	Clstn2	1620
1621	Gm37661	chr9	97928606	97930155	TEC	ENSMUSG00000104462	-	Gm37661	1621
1622	4921534H16Rik	chr9	98003420	98012175	lncRNA	ENSMUSG00000090255	+	4921534H16Rik	1622
1623	Nmnat3	chr9	98287435	98420438	protein_coding	ENSMUSG00000032456	+	Nmnat3	1623
1624	Gm28530	chr9	98301650	98302226	processed_pseudogene	ENSMUSG00000101452	+	Gm28530	1624
1625	Rbp1	chr9	98422961	98446575	protein_coding	ENSMUSG00000046402	+	Rbp1	1625
1626	Rbp2	chr9	98486115	98509781	protein_coding	ENSMUSG00000032454	+	Rbp2	1626
1627	4930579K19Rik	chr9	98562229	98563611	lncRNA	ENSMUSG00000051074	-	4930579K19Rik	1627
1628	Copb2	chr9	98563721	98588382	protein_coding	ENSMUSG00000032458	+	Copb2	1628
1629	Gm47147	chr9	98575308	98576766	processed_pseudogene	ENSMUSG00000111777	-	Gm47147	1629
1630	Mrps22	chr9	98588730	98601660	protein_coding	ENSMUSG00000032459	-	Mrps22	1630
1631	Gm37637	chr9	98590495	98591750	lncRNA	ENSMUSG00000102861	+	Gm37637	1631
1632	E330023G01Rik	chr9	98748599	98820087	lncRNA	ENSMUSG00000102013	-	E330023G01Rik	1632
1633	Gm38226	chr9	98771105	98771625	TEC	ENSMUSG00000103949	+	Gm38226	1633
1634	Prr23a3	chr9	98864767	98866583	protein_coding	ENSMUSG00000090470	+	Prr23a3	1634
1635	Gm5920	chr9	98873064	98873916	processed_pseudogene	ENSMUSG00000100839	-	Gm5920	1635
1636	Foxl2os	chr9	98949781	98955299	lncRNA	ENSMUSG00000097072	-	Foxl2os	1636
1637	Foxl2	chr9	98955288	98958543	protein_coding	ENSMUSG00000050397	+	Foxl2	1637
1638	Faim	chr9	98986373	99002021	protein_coding	ENSMUSG00000032463	+	Faim	1638
1639	Gm1123	chr9	99006790	99035715	protein_coding	ENSMUSG00000044860	-	Gm1123	1639
1640	Pik3cb	chr9	99036654	99140621	protein_coding	ENSMUSG00000032462	-	Pik3cb	1640
1641	Faiml	chr9	99229376	99237239	protein_coding	ENSMUSG00000096316	-	Faiml	1641
1642	Gm38327	chr9	99241851	99243605	TEC	ENSMUSG00000103638	-	Gm38327	1642
1643	Cep70	chr9	99243367	99300404	protein_coding	ENSMUSG00000056267	+	Cep70	1643
1644	Gm18914	chr9	99260945	99261560	processed_pseudogene	ENSMUSG00000111383	-	Gm18914	1644
1645	4930422M22Rik	chr9	99299007	99304675	lncRNA	ENSMUSG00000100281	-	4930422M22Rik	1645
1646	Gm37249	chr9	99307583	99310451	TEC	ENSMUSG00000103857	+	Gm37249	1646
1647	Esyt3	chr9	99309963	99358557	protein_coding	ENSMUSG00000037681	-	Esyt3	1647
1648	1700008A23Rik	chr9	99322826	99323516	TEC	ENSMUSG00000103452	+	1700008A23Rik	1648
1649	Gm28087	chr9	99367033	99368490	lncRNA	ENSMUSG00000100123	+	Gm28087	1649
1650	Mras	chr9	99385420	99437381	protein_coding	ENSMUSG00000032470	-	Mras	1650
1651	Nme9	chr9	99451475	99474751	protein_coding	ENSMUSG00000046242	+	Nme9	1651
1652	Armc8	chr9	99478372	99568899	protein_coding	ENSMUSG00000032468	-	Armc8	1652
1653	Dbr1	chr9	99575799	99584501	protein_coding	ENSMUSG00000032469	+	Dbr1	1653
1654	A4gnt	chr9	99612502	99622367	protein_coding	ENSMUSG00000037953	+	A4gnt	1654
1655	Dzip1l	chr9	99629496	99669256	protein_coding	ENSMUSG00000037784	+	Dzip1l	1655
1656	Cldn18	chr9	99689461	99717267	protein_coding	ENSMUSG00000032473	-	Cldn18	1656
1657	Gm16004	chr9	99708399	99756043	lncRNA	ENSMUSG00000089655	+	Gm16004	1657
1658	Gm47757	chr9	99848283	99858313	lncRNA	ENSMUSG00000110929	-	Gm47757	1658
1659	4930519F24Rik	chr9	100022300	100034672	lncRNA	ENSMUSG00000101584	+	4930519F24Rik	1659
1660	Gm34397	chr9	100384202	100391907	lncRNA	ENSMUSG00000111258	-	Gm34397	1660
1661	Il20rb	chr9	100457719	100486788	protein_coding	ENSMUSG00000044244	-	Il20rb	1661
1662	Nck1	chr9	100492293	100546134	protein_coding	ENSMUSG00000032475	-	Nck1	1662
1663	Gm28586	chr9	100530616	100531071	lncRNA	ENSMUSG00000100176	-	Gm28586	1663
1664	Slc35g2	chr9	100552188	100571090	protein_coding	ENSMUSG00000070287	-	Slc35g2	1664
1665	Stag1	chr9	100597798	100959375	protein_coding	ENSMUSG00000037286	+	Stag1	1665
1666	Gm8661	chr9	100624974	100625965	processed_pseudogene	ENSMUSG00000086225	-	Gm8661	1666
1667	Gm37204	chr9	100665839	100669799	TEC	ENSMUSG00000103657	+	Gm37204	1667
1668	Gm38297	chr9	100703213	100704269	TEC	ENSMUSG00000104272	+	Gm38297	1668
1669	Gm3081	chr9	100877091	100880115	TEC	ENSMUSG00000103624	+	Gm3081	1669
1670	Pccb	chr9	100982032	101034898	protein_coding	ENSMUSG00000032527	-	Pccb	1670
1671	Msl2	chr9	101074101	101104800	protein_coding	ENSMUSG00000066415	+	Msl2	1671
1672	Gm37553	chr9	101092977	101094578	TEC	ENSMUSG00000104383	+	Gm37553	1672
1673	Ppp2r3a	chr9	101105084	101251795	protein_coding	ENSMUSG00000043154	-	Ppp2r3a	1673
1674	Gm37962	chr9	101113805	101115838	TEC	ENSMUSG00000104392	+	Gm37962	1674
1675	Gm37621	chr9	101116701	101122231	TEC	ENSMUSG00000103672	+	Gm37621	1675
1676	Gm37953	chr9	101150312	101152195	TEC	ENSMUSG00000104061	+	Gm37953	1676
1677	Gm38344	chr9	101186556	101187908	TEC	ENSMUSG00000102452	-	Gm38344	1677
1678	Gm37314	chr9	101188598	101191282	TEC	ENSMUSG00000104094	-	Gm37314	1678
1679	Gm28979	chr9	101342194	101348017	lncRNA	ENSMUSG00000101941	+	Gm28979	1679
1680	Gm47932	chr9	101754915	101757705	processed_pseudogene	ENSMUSG00000111696	-	Gm47932	1680
1681	Gm47933	chr9	101757753	101758863	processed_pseudogene	ENSMUSG00000111269	-	Gm47933	1681
1682	Gm47934	chr9	101758542	101758809	processed_pseudogene	ENSMUSG00000111672	+	Gm47934	1682
1683	Gm29521	chr9	101770369	101862489	lncRNA	ENSMUSG00000100807	-	Gm29521	1683
1684	9630041A04Rik	chr9	101861841	101943228	protein_coding	ENSMUSG00000057710	+	9630041A04Rik	1684
1685	Gm37460	chr9	101911008	101913256	TEC	ENSMUSG00000104282	-	Gm37460	1685
1686	Ephb1	chr9	101922128	102354693	protein_coding	ENSMUSG00000032537	-	Ephb1	1686
1687	Gm31326	chr9	101989260	101990307	TEC	ENSMUSG00000103026	+	Gm31326	1687
1688	Gm37562	chr9	102052230	102056557	TEC	ENSMUSG00000104041	-	Gm37562	1688
1689	n-R5s88	chr9	102127888	102128005	rRNA	ENSMUSG00000065107	+	n-R5s88	1689
1690	Gm29388	chr9	102151242	102153717	lncRNA	ENSMUSG00000101648	-	Gm29388	1690
1691	Gm37945	chr9	102172738	102177104	TEC	ENSMUSG00000102963	+	Gm37945	1691
1692	Gm37260	chr9	102273736	102274986	TEC	ENSMUSG00000102702	+	Gm37260	1692
1693	Mir7243	chr9	102304924	102304975	miRNA	ENSMUSG00000098521	-	Mir7243	1693
1694	Ky	chr9	102505750	102546239	protein_coding	ENSMUSG00000035606	+	Ky	1694
1695	Gm29387	chr9	102559300	102570708	lncRNA	ENSMUSG00000100279	+	Gm29387	1695
1696	Cep63	chr9	102584588	102626534	protein_coding	ENSMUSG00000032534	-	Cep63	1696
1697	Anapc13	chr9	102626296	102634425	protein_coding	ENSMUSG00000035048	+	Anapc13	1697
1698	4930533D04Rik	chr9	102692885	102693834	lncRNA	ENSMUSG00000099491	+	4930533D04Rik	1698
1699	Gm36957	chr9	102698179	102701002	TEC	ENSMUSG00000102200	-	Gm36957	1699
1700	Amotl2	chr9	102716672	102733418	protein_coding	ENSMUSG00000032531	+	Amotl2	1700
1701	Gm5627	chr9	102739648	102756685	lncRNA	ENSMUSG00000093812	+	Gm5627	1701
1702	Gm36958	chr9	102764635	102766509	TEC	ENSMUSG00000102204	-	Gm36958	1702
1703	Gm47416	chr9	102771495	102790260	lncRNA	ENSMUSG00000110884	+	Gm47416	1703
1704	Ryk	chr9	102834917	102908305	protein_coding	ENSMUSG00000032547	+	Ryk	1704
1705	Gm47427	chr9	102851835	102852473	TEC	ENSMUSG00000110877	+	Gm47427	1705
1706	Slco2a1	chr9	102988712	103096002	protein_coding	ENSMUSG00000032548	+	Slco2a1	1706
1707	n-R5s89	chr9	103011417	103011520	rRNA	ENSMUSG00000065466	-	n-R5s89	1707
1708	Rab6b	chr9	103111787	103185276	protein_coding	ENSMUSG00000032549	+	Rab6b	1708
1709	Srprb	chr9	103188032	103202137	protein_coding	ENSMUSG00000032553	-	Srprb	1709
1710	Trf	chr9	103204001	103230444	protein_coding	ENSMUSG00000032554	-	Trf	1710
1711	1300017J02Rik	chr9	103250521	103305082	protein_coding	ENSMUSG00000033688	-	1300017J02Rik	1711
1712	Topbp1	chr9	103305215	103350428	protein_coding	ENSMUSG00000032555	+	Topbp1	1712
1713	Cdv3	chr9	103353094	103365840	protein_coding	ENSMUSG00000032803	-	Cdv3	1713
1714	Gm47328	chr9	103412358	103423200	lncRNA	ENSMUSG00000111399	-	Gm47328	1714
1715	5830418P13Rik	chr9	103423578	103461260	lncRNA	ENSMUSG00000086236	+	5830418P13Rik	1715
1716	Bfsp2	chr9	103424924	103480420	protein_coding	ENSMUSG00000032556	-	Bfsp2	1716
1717	Gm16252	chr9	103472084	103493249	lncRNA	ENSMUSG00000085168	+	Gm16252	1717
1718	Tmem108	chr9	103482947	103761837	protein_coding	ENSMUSG00000042757	-	Tmem108	1718
1719	Gm32743	chr9	103521787	103545977	lncRNA	ENSMUSG00000111278	+	Gm32743	1719
1720	Gm37649	chr9	103541303	103543534	TEC	ENSMUSG00000102257	-	Gm37649	1720
1721	4932413F04Rik	chr9	103557090	103565891	lncRNA	ENSMUSG00000099616	+	4932413F04Rik	1721
1722	Gm38032	chr9	103598576	103600164	TEC	ENSMUSG00000102441	-	Gm38032	1722
1723	Gm29154	chr9	103888423	103960376	lncRNA	ENSMUSG00000099722	-	Gm29154	1723
1724	Nphp3	chr9	104002544	104043818	protein_coding	ENSMUSG00000032558	+	Nphp3	1724
1725	Gm28305	chr9	104040662	104075879	protein_coding	ENSMUSG00000101152	+	Gm28305	1725
1726	Gm37200	chr9	104043605	104045776	TEC	ENSMUSG00000103062	-	Gm37200	1726
1727	Uba5	chr9	104046599	104063134	protein_coding	ENSMUSG00000032557	-	Uba5	1727
1728	Gm37750	chr9	104053327	104053455	TEC	ENSMUSG00000104268	+	Gm37750	1728
1729	Acad11	chr9	104063377	104127725	protein_coding	ENSMUSG00000090150	+	Acad11	1729
1730	Ackr4	chr9	104084157	104126933	protein_coding	ENSMUSG00000079355	-	Ackr4	1730
1731	Gm47000	chr9	104101135	104101613	TEC	ENSMUSG00000111039	+	Gm47000	1731
1732	Gm46999	chr9	104104436	104104800	TEC	ENSMUSG00000111218	+	Gm46999	1732
1733	Dnajc13	chr9	104151282	104262930	protein_coding	ENSMUSG00000032560	-	Dnajc13	1733
1734	Hmgb1-rs16	chr9	104169199	104169811	processed_pseudogene	ENSMUSG00000099773	-	Hmgb1-rs16	1734
1735	Acpp	chr9	104288251	104337748	protein_coding	ENSMUSG00000032561	-	Acpp	1735
1736	Gm28996	chr9	104344131	104344851	processed_pseudogene	ENSMUSG00000100346	-	Gm28996	1736
1737	Gm28548	chr9	104361832	104385031	lncRNA	ENSMUSG00000099599	+	Gm28548	1737
1738	Cpne4	chr9	104547286	105034544	protein_coding	ENSMUSG00000032564	+	Cpne4	1738
1739	Mrpl3	chr9	105053239	105079888	protein_coding	ENSMUSG00000032563	+	Mrpl3	1739
1740	Gm38077	chr9	105064777	105068021	TEC	ENSMUSG00000104344	+	Gm38077	1740
1741	Gm47106	chr9	105064805	105088286	lncRNA	ENSMUSG00000111044	-	Gm47106	1741
1742	Gm47103	chr9	105085920	105087030	processed_pseudogene	ENSMUSG00000111472	+	Gm47103	1742
1743	Gm47102	chr9	105087075	105090181	processed_pseudogene	ENSMUSG00000111824	+	Gm47102	1743
1744	Nudt16	chr9	105128903	105131824	protein_coding	ENSMUSG00000032565	-	Nudt16	1744
1745	Nudt16l2	chr9	105143342	105145092	protein_coding	ENSMUSG00000032566	-	Nudt16l2	1745
1746	Nek11	chr9	105162156	105395524	protein_coding	ENSMUSG00000035032	-	Nek11	1746
1747	Gm20643	chr9	105208196	105211863	lncRNA	ENSMUSG00000093590	+	Gm20643	1747
1748	Gm15619	chr9	105333513	105348916	lncRNA	ENSMUSG00000085430	+	Gm15619	1748
1749	Aste1	chr9	105395392	105412229	protein_coding	ENSMUSG00000032567	+	Aste1	1749
1750	Atp2c1	chr9	105403539	105527319	protein_coding	ENSMUSG00000032570	-	Atp2c1	1750
1751	Gm19667	chr9	105470520	105480194	lncRNA	ENSMUSG00000099373	+	Gm19667	1751
1752	Gm5621	chr9	105560122	105560761	processed_pseudogene	ENSMUSG00000101597	-	Gm5621	1752
1753	Pik3r4	chr9	105642978	105687657	protein_coding	ENSMUSG00000032571	+	Pik3r4	1753
1754	Gm22720	chr9	105673465	105673551	snRNA	ENSMUSG00000084659	-	Gm22720	1754
1755	Col6a6	chr9	105687809	105828160	protein_coding	ENSMUSG00000043719	-	Col6a6	1755
1756	Col6a5	chr9	105856078	105960643	protein_coding	ENSMUSG00000091345	-	Col6a5	1756
1757	Col6a4	chr9	105989454	106096783	protein_coding	ENSMUSG00000032572	-	Col6a4	1757
1758	Gm47575	chr9	106013530	106014653	lncRNA	ENSMUSG00000111796	+	Gm47575	1758
1759	Gm36993	chr9	106095474	106098453	TEC	ENSMUSG00000103434	+	Gm36993	1759
1760	Gm9451	chr9	106121296	106121899	processed_pseudogene	ENSMUSG00000099717	-	Gm9451	1760
1761	Gm29208	chr9	106122079	106128095	lncRNA	ENSMUSG00000100795	-	Gm29208	1761
1762	D030055H07Rik	chr9	106148687	106160201	lncRNA	ENSMUSG00000086296	+	D030055H07Rik	1762
1763	Glyctk	chr9	106152857	106158138	protein_coding	ENSMUSG00000020258	-	Glyctk	1763
1764	Wdr82	chr9	106170928	106191139	protein_coding	ENSMUSG00000020257	+	Wdr82	1764
1765	Ppm1m	chr9	106194947	106199746	protein_coding	ENSMUSG00000020253	-	Ppm1m	1765
1766	Twf2	chr9	106203108	106215389	protein_coding	ENSMUSG00000023277	+	Twf2	1766
1767	Tlr9	chr9	106222598	106226883	protein_coding	ENSMUSG00000045322	+	Tlr9	1767
1768	Alas1	chr9	106233455	106248654	protein_coding	ENSMUSG00000032786	-	Alas1	1768
1769	4930500F10Rik	chr9	106247960	106249413	lncRNA	ENSMUSG00000097592	+	4930500F10Rik	1769
1770	Poc1a	chr9	106281061	106350521	protein_coding	ENSMUSG00000023345	+	Poc1a	1770
1771	Gm29123	chr9	106309944	106335833	lncRNA	ENSMUSG00000099879	-	Gm29123	1771
1772	Dusp7	chr9	106368632	106375724	protein_coding	ENSMUSG00000053716	+	Dusp7	1772
1773	Rpl29	chr9	106429454	106431568	protein_coding	ENSMUSG00000048758	+	Rpl29	1773
1774	Acy1	chr9	106432981	106438319	protein_coding	ENSMUSG00000023262	-	Acy1	1774
1775	Abhd14a	chr9	106440051	106447678	protein_coding	ENSMUSG00000042210	-	Abhd14a	1775
1776	Abhd14b	chr9	106447459	106452923	protein_coding	ENSMUSG00000042073	+	Abhd14b	1776
1777	Gm28959	chr9	106452181	106452918	lncRNA	ENSMUSG00000100039	-	Gm28959	1777
1778	Pcbp4	chr9	106453291	106464012	protein_coding	ENSMUSG00000023495	+	Pcbp4	1778
1779	Gpr62	chr9	106463962	106465938	protein_coding	ENSMUSG00000091735	-	Gpr62	1779
1780	Parp3	chr9	106470322	106476949	protein_coding	ENSMUSG00000023249	-	Parp3	1780
1781	Rrp9	chr9	106475963	106485424	protein_coding	ENSMUSG00000041506	+	Rrp9	1781
1782	Iqcf1	chr9	106499967	106502254	protein_coding	ENSMUSG00000066383	+	Iqcf1	1782
1783	Iqcf3	chr9	106503225	106561625	protein_coding	ENSMUSG00000118396	-	Iqcf3	1783
1784	Iqcf4	chr9	106568319	106570996	protein_coding	ENSMUSG00000041009	-	Iqcf4	1784
1785	Iqcf6	chr9	106625981	106627675	protein_coding	ENSMUSG00000091129	+	Iqcf6	1785
1786	Gm28111	chr9	106640928	106643564	lncRNA	ENSMUSG00000101411	+	Gm28111	1786
1787	Grm2	chr9	106643095	106656082	protein_coding	ENSMUSG00000023192	-	Grm2	1787
1788	Tex264	chr9	106658746	106685927	protein_coding	ENSMUSG00000040813	-	Tex264	1788
1789	Rad54l2	chr9	106688082	106789194	protein_coding	ENSMUSG00000040661	-	Rad54l2	1789
1790	Dcaf1	chr9	106821874	106880992	protein_coding	ENSMUSG00000040325	+	Dcaf1	1790
1791	Manf	chr9	106838312	106891979	protein_coding	ENSMUSG00000032575	-	Manf	1791
1792	Gm37612	chr9	106870674	106871501	lncRNA	ENSMUSG00000103835	+	Gm37612	1792
1793	Rbm15b	chr9	106880918	106887428	protein_coding	ENSMUSG00000074102	-	Rbm15b	1793
1794	4930524O07Rik	chr9	106891547	106895182	lncRNA	ENSMUSG00000090207	+	4930524O07Rik	1794
1795	Dock3	chr9	106892825	107231909	protein_coding	ENSMUSG00000039716	-	Dock3	1795
1796	Gm17205	chr9	107047803	107049009	processed_pseudogene	ENSMUSG00000075469	+	Gm17205	1796
1797	Gm22454	chr9	107096951	107097057	snRNA	ENSMUSG00000064517	+	Gm22454	1797
1798	Gm17117	chr9	107115074	107115372	processed_pseudogene	ENSMUSG00000091669	+	Gm17117	1798
1799	1700039M15Rik	chr9	107241220	107243997	lncRNA	ENSMUSG00000104086	+	1700039M15Rik	1799
1800	Mapkapk3	chr9	107254927	107289877	protein_coding	ENSMUSG00000032577	-	Mapkapk3	1800
1801	Gm17040	chr9	107292435	107297192	transcribed_processed_pseudogene	ENSMUSG00000091366	-	Gm17040	1801
1802	Cish	chr9	107296026	107302784	protein_coding	ENSMUSG00000032578	+	Cish	1802
1803	Gm17041	chr9	107300380	107301838	lncRNA	ENSMUSG00000090570	-	Gm17041	1803
1804	Hemk1	chr9	107327084	107338350	protein_coding	ENSMUSG00000032579	-	Hemk1	1804
1805	6430571L13Rik	chr9	107340602	107352422	protein_coding	ENSMUSG00000037977	+	6430571L13Rik	1805
1806	4930429P21Rik	chr9	107351276	107353986	lncRNA	ENSMUSG00000102144	-	4930429P21Rik	1806
1807	Cacna2d2	chr9	107399612	107529343	protein_coding	ENSMUSG00000010066	+	Cacna2d2	1807
1808	Gm17141	chr9	107423857	107430567	lncRNA	ENSMUSG00000091816	-	Gm17141	1808
1809	Gm17118	chr9	107443950	107445031	lncRNA	ENSMUSG00000091425	-	Gm17118	1809
1810	Tmem115	chr9	107533945	107538673	protein_coding	ENSMUSG00000010045	+	Tmem115	1810
1811	Cyb561d2	chr9	107539007	107542193	protein_coding	ENSMUSG00000037190	-	Cyb561d2	1811
1812	Nprl2	chr9	107542226	107545706	protein_coding	ENSMUSG00000010057	+	Nprl2	1812
1813	Zmynd10	chr9	107547298	107551319	protein_coding	ENSMUSG00000010044	+	Zmynd10	1813
1814	Gm34106	chr9	107547569	107550768	lncRNA	ENSMUSG00000102300	-	Gm34106	1814
1815	Rassf1	chr9	107551555	107562267	protein_coding	ENSMUSG00000010067	+	Rassf1	1815
1816	Gm9917	chr9	107558809	107568415	lncRNA	ENSMUSG00000097099	-	Gm9917	1816
1817	Tusc2	chr9	107563255	107566112	protein_coding	ENSMUSG00000010054	+	Tusc2	1817
1818	Hyal2	chr9	107567945	107572779	protein_coding	ENSMUSG00000010047	+	Hyal2	1818
1819	Gm16343	chr9	107575820	107587425	lncRNA	ENSMUSG00000089935	-	Gm16343	1819
1820	Hyal1	chr9	107576927	107581710	protein_coding	ENSMUSG00000010051	+	Hyal1	1820
1821	Naa80	chr9	107578887	107584050	protein_coding	ENSMUSG00000079334	+	Naa80	1821
1822	Hyal3	chr9	107580818	107587359	protein_coding	ENSMUSG00000036091	+	Hyal3	1822
1823	Ifrd2	chr9	107587642	107593385	protein_coding	ENSMUSG00000010048	+	Ifrd2	1823
1824	Lsmem2	chr9	107592630	107597075	protein_coding	ENSMUSG00000103409	-	Lsmem2	1824
1825	Gm38150	chr9	107594440	107594891	lncRNA	ENSMUSG00000103164	+	Gm38150	1825
1826	Sema3b	chr9	107597674	107609229	protein_coding	ENSMUSG00000057969	-	Sema3b	1826
1827	Gnai2	chr9	107614125	107635367	protein_coding	ENSMUSG00000032562	-	Gnai2	1827
1828	Gm19721	chr9	107630776	107632539	TEC	ENSMUSG00000102324	-	Gm19721	1828
1829	Slc38a3	chr9	107650634	107669530	protein_coding	ENSMUSG00000010064	-	Slc38a3	1829
1830	Gnat1	chr9	107674474	107679712	protein_coding	ENSMUSG00000034837	-	Gnat1	1830
1831	Sema3f	chr9	107681500	107710475	protein_coding	ENSMUSG00000034684	-	Sema3f	1831
1832	Rbm5	chr9	107740371	107770996	protein_coding	ENSMUSG00000032580	-	Rbm5	1832
1833	Gm37850	chr9	107762808	107763587	lncRNA	ENSMUSG00000102899	+	Gm37850	1833
1834	Rbm6	chr9	107773559	107873237	protein_coding	ENSMUSG00000032582	-	Rbm6	1834
1835	Gm37436	chr9	107818928	107820012	TEC	ENSMUSG00000102670	-	Gm37436	1835
1836	Mon1a	chr9	107888151	107903139	protein_coding	ENSMUSG00000032583	+	Mon1a	1836
1837	Mst1r	chr9	107906873	107920383	protein_coding	ENSMUSG00000032584	+	Mst1r	1837
1838	Actl11	chr9	107928469	107932461	protein_coding	ENSMUSG00000066368	+	Actl11	1838
1839	Gm37974	chr9	107935077	107936394	lncRNA	ENSMUSG00000102377	-	Gm37974	1839
1840	Camkv	chr9	107935674	107949691	protein_coding	ENSMUSG00000032936	+	Camkv	1840
1841	Traip	chr9	107950136	107972270	protein_coding	ENSMUSG00000032586	+	Traip	1841
1842	Uba7	chr9	107975505	107984060	protein_coding	ENSMUSG00000032596	+	Uba7	1842
1843	Gm20661	chr9	107983058	107995007	protein_coding	ENSMUSG00000079323	+	Gm20661	1843
1844	Gm24944	chr9	107987369	107987496	snoRNA	ENSMUSG00000088955	+	Gm24944	1844
1845	4921523L03Rik	chr9	107991684	107995656	lncRNA	ENSMUSG00000093749	-	4921523L03Rik	1845
1846	Cdhr4	chr9	107992497	107999684	protein_coding	ENSMUSG00000032595	+	Cdhr4	1846
1847	Gm20662	chr9	107996349	108045270	protein_coding	ENSMUSG00000093456	+	Gm20662	1847
1848	4930535L15Rik	chr9	107998116	108002404	lncRNA	ENSMUSG00000093619	-	4930535L15Rik	1848
1849	Ip6k1	chr9	108002501	108048782	protein_coding	ENSMUSG00000032594	+	Ip6k1	1849
1850	Gm38134	chr9	108010976	108016608	lncRNA	ENSMUSG00000102540	-	Gm38134	1850
1851	Gmppb	chr9	108049242	108052801	protein_coding	ENSMUSG00000070284	+	Gmppb	1851
1852	Rnf123	chr9	108051534	108083346	protein_coding	ENSMUSG00000041528	-	Rnf123	1852
1853	Gm20529	chr9	108051675	108058592	lncRNA	ENSMUSG00000092218	+	Gm20529	1853
1854	Amigo3	chr9	108053159	108055701	protein_coding	ENSMUSG00000032593	+	Amigo3	1854
1855	Mst1	chr9	108080436	108085003	protein_coding	ENSMUSG00000032591	+	Mst1	1855
1856	Apeh	chr9	108085413	108094606	protein_coding	ENSMUSG00000032590	-	Apeh	1856
1857	Bsn	chr9	108096022	108190384	protein_coding	ENSMUSG00000032589	-	Bsn	1857
1858	Gm47303	chr9	108103129	108103246	miRNA	ENSMUSG00000106657	-	Gm47303	1858
1859	4930447F24Rik	chr9	108133718	108138567	lncRNA	ENSMUSG00000102224	+	4930447F24Rik	1859
1860	Gm37201	chr9	108160279	108160801	processed_pseudogene	ENSMUSG00000103658	+	Gm37201	1860
1861	Gm37247	chr9	108188998	108189727	TEC	ENSMUSG00000103466	-	Gm37247	1861
1862	Gm37230	chr9	108190531	108191348	TEC	ENSMUSG00000102538	-	Gm37230	1862
1863	Dag1	chr9	108204634	108263958	protein_coding	ENSMUSG00000039952	-	Dag1	1863
1864	Nicn1	chr9	108290429	108296498	protein_coding	ENSMUSG00000032606	+	Nicn1	1864
1865	Amt	chr9	108296853	108302302	protein_coding	ENSMUSG00000032607	+	Amt	1865
1866	Tcta	chr9	108302958	108306160	protein_coding	ENSMUSG00000039461	-	Tcta	1866
1867	Rhoa	chr9	108306129	108337934	protein_coding	ENSMUSG00000007815	+	Rhoa	1867
1868	Gm37568	chr9	108331246	108331609	processed_pseudogene	ENSMUSG00000102554	+	Gm37568	1868
1869	Gm37401	chr9	108337089	108338273	lncRNA	ENSMUSG00000104208	-	Gm37401	1869
1870	Gpx1	chr9	108338903	108340343	protein_coding	ENSMUSG00000063856	+	Gpx1	1870
1871	Usp4	chr9	108347853	108392545	protein_coding	ENSMUSG00000032612	+	Usp4	1871
1872	Rps2-ps11	chr9	108358202	108359069	processed_pseudogene	ENSMUSG00000104280	-	Rps2-ps11	1872
1873	Gm37963	chr9	108389082	108390205	lncRNA	ENSMUSG00000104399	+	Gm37963	1873
1874	1700102P08Rik	chr9	108392805	108410934	protein_coding	ENSMUSG00000032611	+	1700102P08Rik	1874
1875	Ccdc36	chr9	108403611	108428484	protein_coding	ENSMUSG00000047220	-	Ccdc36	1875
1876	BC048562	chr9	108436482	108446086	protein_coding	ENSMUSG00000050641	+	BC048562	1876
1877	Klhdc8b	chr9	108447636	108461581	protein_coding	ENSMUSG00000032609	-	Klhdc8b	1877
1878	Ccdc71	chr9	108460527	108465938	protein_coding	ENSMUSG00000049305	+	Ccdc71	1878
1879	Gm37475	chr9	108469346	108470360	TEC	ENSMUSG00000102152	+	Gm37475	1879
1880	Lamb2	chr9	108479736	108490530	protein_coding	ENSMUSG00000052911	+	Lamb2	1880
1881	Usp19	chr9	108490602	108502337	protein_coding	ENSMUSG00000006676	+	Usp19	1881
1882	Qars	chr9	108507706	108515941	protein_coding	ENSMUSG00000032604	+	Qars	1882
1883	Qrich1	chr9	108516806	108560163	protein_coding	ENSMUSG00000006673	+	Qrich1	1883
1884	Gm38366	chr9	108530832	108532765	TEC	ENSMUSG00000103621	+	Gm38366	1884
1885	Gm37678	chr9	108544214	108545359	TEC	ENSMUSG00000103970	+	Gm37678	1885
1886	Impdh2	chr9	108560286	108565584	protein_coding	ENSMUSG00000062867	+	Impdh2	1886
1887	Ndufaf3	chr9	108565537	108567434	protein_coding	ENSMUSG00000070283	-	Ndufaf3	1887
1888	4833445I07Rik	chr9	108567533	108569174	lncRNA	ENSMUSG00000103103	+	4833445I07Rik	1888
1889	Dalrd3	chr9	108569886	108572774	protein_coding	ENSMUSG00000019039	+	Dalrd3	1889
1890	Wdr6	chr9	108572311	108578739	protein_coding	ENSMUSG00000066357	-	Wdr6	1890
1891	P4htm	chr9	108578862	108597667	protein_coding	ENSMUSG00000006675	-	P4htm	1891
1892	Gm38163	chr9	108584756	108585361	lncRNA	ENSMUSG00000102770	-	Gm38163	1892
1893	Gm49209	chr9	108587052	108589545	unitary_pseudogene	ENSMUSG00000115688	+	Gm49209	1893
1894	Arih2	chr9	108602942	108649386	protein_coding	ENSMUSG00000064145	-	Arih2	1894
1895	Slc25a20	chr9	108662088	108684641	protein_coding	ENSMUSG00000032602	+	Slc25a20	1895
1896	Prkar2a	chr9	108689314	108750436	protein_coding	ENSMUSG00000032601	+	Prkar2a	1896
1897	Gm24259	chr9	108738752	108738858	snRNA	ENSMUSG00000065674	-	Gm24259	1897
1898	Ip6k2	chr9	108783796	108806337	protein_coding	ENSMUSG00000032599	+	Ip6k2	1898
1899	Gm23034	chr9	108795242	108795388	snoRNA	ENSMUSG00000088626	-	Gm23034	1899
1900	Nckipsd	chr9	108808368	108818844	protein_coding	ENSMUSG00000032598	+	Nckipsd	1900
1901	Gm35025	chr9	108823938	108825098	lncRNA	ENSMUSG00000103785	-	Gm35025	1901
1902	Celsr3	chr9	108826320	108852969	protein_coding	ENSMUSG00000023473	+	Celsr3	1902
1903	Slc26a6	chr9	108853283	108913049	protein_coding	ENSMUSG00000023259	+	Slc26a6	1903
1904	Uqcrc1	chr9	108936633	108949623	protein_coding	ENSMUSG00000025651	+	Uqcrc1	1904
1905	Gm37284	chr9	108950003	108950541	TEC	ENSMUSG00000103754	-	Gm37284	1905
1906	Col7a1	chr9	108953586	108984875	protein_coding	ENSMUSG00000025650	+	Col7a1	1906
1907	Pfkfb4	chr9	108991778	109032228	protein_coding	ENSMUSG00000025648	+	Pfkfb4	1907
1908	Shisa5	chr9	109038565	109057777	protein_coding	ENSMUSG00000025647	+	Shisa5	1908
1909	Trex1	chr9	109057933	109059734	protein_coding	ENSMUSG00000049734	-	Trex1	1909
1910	Atrip	chr9	109057933	109074124	protein_coding	ENSMUSG00000025646	-	Atrip	1910
1911	Tma7	chr9	109074568	109082587	protein_coding	ENSMUSG00000091537	-	Tma7	1911
1912	Ccdc51	chr9	109082493	109092489	protein_coding	ENSMUSG00000025645	+	Ccdc51	1912
1913	Gm7628	chr9	109093844	109097796	lncRNA	ENSMUSG00000025644	-	Gm7628	1913
1914	Plxnb1	chr9	109095389	109119917	protein_coding	ENSMUSG00000053646	+	Plxnb1	1914
1915	Fbxw21	chr9	109139447	109162041	protein_coding	ENSMUSG00000047237	-	Fbxw21	1915
1916	Fbxw13	chr9	109179227	109195975	protein_coding	ENSMUSG00000049314	-	Fbxw13	1916
1917	Fbxw20	chr9	109217432	109234754	protein_coding	ENSMUSG00000061701	-	Fbxw20	1917
1918	Fbxw14	chr9	109270790	109287676	protein_coding	ENSMUSG00000105589	-	Fbxw14	1918
1919	Fbxw28	chr9	109322886	109339659	protein_coding	ENSMUSG00000054087	-	Fbxw28	1919
1920	Fbxw22	chr9	109378400	109404296	protein_coding	ENSMUSG00000070324	-	Fbxw22	1920
1921	Fbxw16	chr9	109432316	109449140	protein_coding	ENSMUSG00000074062	-	Fbxw16	1921
1922	Gm42493	chr9	109448645	109460105	lncRNA	ENSMUSG00000106134	+	Gm42493	1922
1923	Fbxw19	chr9	109476654	109495875	protein_coding	ENSMUSG00000074061	-	Fbxw19	1923
1924	Fbxw23	chr9	109516388	109534858	transcribed_unprocessed_pseudogene	ENSMUSG00000104572	-	Fbxw23	1924
1925	Gm42756	chr9	109537100	109552780	lncRNA	ENSMUSG00000104674	+	Gm42756	1925
1926	Gm43089	chr9	109541701	109542913	processed_pseudogene	ENSMUSG00000105948	-	Gm43089	1926
1927	Fbxw15	chr9	109552602	109568262	protein_coding	ENSMUSG00000074060	-	Fbxw15	1927
1928	Fbxw24	chr9	109601116	109626057	protein_coding	ENSMUSG00000062275	-	Fbxw24	1928
1929	Fbxw25	chr9	109645122	109664652	protein_coding	ENSMUSG00000094992	-	Fbxw25	1929
1930	Fbxw18	chr9	109676734	109702700	protein_coding	ENSMUSG00000074059	-	Fbxw18	1930
1931	Gm43209	chr9	109702934	109704521	TEC	ENSMUSG00000104567	+	Gm43209	1931
1932	Fbxw26	chr9	109717566	109746089	protein_coding	ENSMUSG00000059547	-	Fbxw26	1932
1933	Fbxw27	chr9	109766045	109790670	protein_coding	ENSMUSG00000104614	-	Fbxw27	1933
1934	Spink8	chr9	109812280	109826633	protein_coding	ENSMUSG00000050074	+	Spink8	1934
1935	3000002C10Rik	chr9	109827943	109832706	transcribed_processed_pseudogene	ENSMUSG00000070282	-	3000002C10Rik	1935
1936	Nme6	chr9	109832749	109843116	protein_coding	ENSMUSG00000032478	+	Nme6	1936
1937	Camp	chr9	109847379	109849617	protein_coding	ENSMUSG00000038357	-	Camp	1937
1938	Cdc25a	chr9	109875579	109893895	protein_coding	ENSMUSG00000032477	+	Cdc25a	1938
1939	Map4	chr9	109931460	110083955	protein_coding	ENSMUSG00000032479	+	Map4	1939
1940	Gm4734	chr9	109970433	109971209	processed_pseudogene	ENSMUSG00000106208	+	Gm4734	1940
1941	Gm43732	chr9	109988967	109991834	lncRNA	ENSMUSG00000105856	-	Gm43732	1941
1942	Gm42433	chr9	110005974	110006913	TEC	ENSMUSG00000105230	+	Gm42433	1942
1943	Gm42432	chr9	110041180	110042796	TEC	ENSMUSG00000105962	+	Gm42432	1943
1944	Dhx30	chr9	110084320	110117830	protein_coding	ENSMUSG00000032480	-	Dhx30	1944
1945	Gm27855	chr9	110109012	110109139	misc_RNA	ENSMUSG00000098956	-	Gm27855	1945
1946	Smarcc1	chr9	110117708	110240178	protein_coding	ENSMUSG00000032481	+	Smarcc1	1946
1947	Gm23377	chr9	110121680	110121805	snoRNA	ENSMUSG00000064877	-	Gm23377	1947
1948	Cspg5	chr9	110243783	110262576	protein_coding	ENSMUSG00000032482	+	Cspg5	1948
1949	Gm43622	chr9	110252126	110254144	TEC	ENSMUSG00000104988	-	Gm43622	1949
1950	Mir6236	chr9	110281287	110281409	miRNA	ENSMUSG00000098973	+	Mir6236	1950
1951	Gm42775	chr9	110288952	110293937	lncRNA	ENSMUSG00000105484	-	Gm42775	1951
1952	Elp6	chr9	110305173	110322102	protein_coding	ENSMUSG00000054836	+	Elp6	1952
1953	Gm42638	chr9	110327978	110330564	TEC	ENSMUSG00000106123	-	Gm42638	1953
1954	Scap	chr9	110333288	110384950	protein_coding	ENSMUSG00000032485	+	Scap	1954
1955	5830462I19Rik	chr9	110372048	110375430	TEC	ENSMUSG00000091102	-	5830462I19Rik	1955
1956	Ptpn23	chr9	110385082	110408213	protein_coding	ENSMUSG00000036057	-	Ptpn23	1956
1957	Ngp	chr9	110419747	110423012	protein_coding	ENSMUSG00000032484	+	Ngp	1957
1958	Klhl18	chr9	110425926	110476694	protein_coding	ENSMUSG00000054792	-	Klhl18	1958
1959	Kif9	chr9	110476958	110525179	protein_coding	ENSMUSG00000032489	+	Kif9	1959
1960	Setd2	chr9	110532597	110618633	protein_coding	ENSMUSG00000044791	+	Setd2	1960
1961	Gm42763	chr9	110543211	110545297	TEC	ENSMUSG00000104983	+	Gm42763	1961
1962	Nradd	chr9	110621135	110624452	protein_coding	ENSMUSG00000032491	-	Nradd	1962
1963	Nbeal2	chr9	110624789	110654161	protein_coding	ENSMUSG00000056724	-	Nbeal2	1963
1964	Mir8107	chr9	110635999	110636115	miRNA	ENSMUSG00000099275	-	Mir8107	1964
1965	Ccdc12	chr9	110656503	110711606	protein_coding	ENSMUSG00000019659	+	Ccdc12	1965
1966	Gm35715	chr9	110669329	110674954	lncRNA	ENSMUSG00000104945	-	Gm35715	1966
1967	Pth1r	chr9	110722085	110747145	protein_coding	ENSMUSG00000032492	-	Pth1r	1967
1968	Myl3	chr9	110741861	110769798	protein_coding	ENSMUSG00000059741	+	Myl3	1968
1969	Prss42	chr9	110798166	110803754	protein_coding	ENSMUSG00000044664	+	Prss42	1969
1970	Prss44	chr9	110813994	110824523	protein_coding	ENSMUSG00000032493	+	Prss44	1970
1971	Prss43	chr9	110826690	110831839	protein_coding	ENSMUSG00000058398	+	Prss43	1971
1972	Prss45	chr9	110834588	110841313	protein_coding	ENSMUSG00000047257	+	Prss45	1972
1973	Prss46	chr9	110844506	110856522	protein_coding	ENSMUSG00000049719	+	Prss46	1973
1974	Prss50	chr9	110857967	110864629	protein_coding	ENSMUSG00000048752	+	Prss50	1974
1975	Tmie	chr9	110865711	110880113	protein_coding	ENSMUSG00000049555	-	Tmie	1975
1976	Als2cl	chr9	110879870	110900530	protein_coding	ENSMUSG00000044037	+	Als2cl	1976
1977	Gm43127	chr9	110893111	110895899	TEC	ENSMUSG00000105140	-	Gm43127	1977
1978	Fam240a	chr9	110914739	110916861	protein_coding	ENSMUSG00000096393	-	Fam240a	1978
1979	Tdgf1	chr9	110939603	110946158	protein_coding	ENSMUSG00000032494	-	Tdgf1	1979
1980	Lrrc2	chr9	110951545	110984066	protein_coding	ENSMUSG00000032495	+	Lrrc2	1980
1981	Rtp3	chr9	110984935	110990583	protein_coding	ENSMUSG00000066319	-	Rtp3	1981
1982	Gm10030	chr9	110989499	111008029	lncRNA	ENSMUSG00000057802	+	Gm10030	1982
1983	Ltf	chr9	111019271	111042767	protein_coding	ENSMUSG00000032496	+	Ltf	1983
1984	Gm43814	chr9	111052781	111053193	TEC	ENSMUSG00000104654	-	Gm43814	1984
1985	Ccrl2	chr9	111054486	111057519	protein_coding	ENSMUSG00000043953	-	Ccrl2	1985
1986	Lrrfip2	chr9	111117592	111225668	protein_coding	ENSMUSG00000032497	+	Lrrfip2	1986
1987	Mlh1	chr9	111228228	111271791	protein_coding	ENSMUSG00000032498	-	Mlh1	1987
1988	Epm2aip1	chr9	111271929	111279093	protein_coding	ENSMUSG00000046785	+	Epm2aip1	1988
1989	Trank1	chr9	111311739	111395775	protein_coding	ENSMUSG00000062296	+	Trank1	1989
1990	Gm42527	chr9	111411434	111412913	TEC	ENSMUSG00000105592	+	Gm42527	1990
1991	Dclk3	chr9	111439081	111489118	protein_coding	ENSMUSG00000032500	+	Dclk3	1991
1992	Gm42523	chr9	111544004	111548940	lncRNA	ENSMUSG00000106647	-	Gm42523	1992
1993	Stac	chr9	111561437	111690348	protein_coding	ENSMUSG00000032502	-	Stac	1993
1994	4930545L08Rik	chr9	111912311	111918666	lncRNA	ENSMUSG00000111054	-	4930545L08Rik	1994
1995	Arpp21	chr9	112065091	112235938	protein_coding	ENSMUSG00000032503	-	Arpp21	1995
1996	2310075C17Rik	chr9	112227579	112228242	lncRNA	ENSMUSG00000089718	+	2310075C17Rik	1996
1997	2900079G21Rik	chr9	112234277	112348925	lncRNA	ENSMUSG00000087038	+	2900079G21Rik	1997
1998	4933411E02Rik	chr9	112390104	112461630	lncRNA	ENSMUSG00000110876	-	4933411E02Rik	1998
1999	Gm36251	chr9	113070983	113123029	lncRNA	ENSMUSG00000110996	-	Gm36251	1999
2000	Gm4657	chr9	113174608	113189815	lncRNA	ENSMUSG00000111235	-	Gm4657	2000
2001	Gm36367	chr9	113287707	113311215	lncRNA	ENSMUSG00000111022	+	Gm36367	2001
2002	Gm39436	chr9	113324251	113352369	lncRNA	ENSMUSG00000110784	-	Gm39436	2002
2003	Gm36485	chr9	113406169	113420060	lncRNA	ENSMUSG00000111532	-	Gm36485	2003
2004	Gm47875	chr9	113420111	113422536	lncRNA	ENSMUSG00000111199	+	Gm47875	2004
2005	AU023762	chr9	113496746	113611783	lncRNA	ENSMUSG00000109890	-	AU023762	2005
2006	Gm36745	chr9	113636528	113642054	lncRNA	ENSMUSG00000111364	-	Gm36745	2006
2007	Pdcd6ip	chr9	113651744	113708259	protein_coding	ENSMUSG00000032504	-	Pdcd6ip	2007
2008	Clasp2	chr9	113741473	113919682	protein_coding	ENSMUSG00000033392	+	Clasp2	2008
2009	Ubp1	chr9	113930934	113977202	protein_coding	ENSMUSG00000009741	+	Ubp1	2009
2010	Fbxl2	chr9	113963637	114046191	protein_coding	ENSMUSG00000032507	-	Fbxl2	2010
2011	Gm47950	chr9	113969984	113970998	lncRNA	ENSMUSG00000111793	-	Gm47950	2011
2012	Susd5	chr9	114057140	114098728	protein_coding	ENSMUSG00000086596	+	Susd5	2012
2013	Gm29825	chr9	114118088	114192640	lncRNA	ENSMUSG00000111734	+	Gm29825	2013
2014	4921528I07Rik	chr9	114237697	114317028	lncRNA	ENSMUSG00000064299	-	4921528I07Rik	2014
2015	4930520O04Rik	chr9	114368303	114377229	lncRNA	ENSMUSG00000074039	+	4930520O04Rik	2015
2016	Crtap	chr9	114375134	114390675	protein_coding	ENSMUSG00000032431	-	Crtap	2016
2017	Glb1	chr9	114401076	114474898	protein_coding	ENSMUSG00000045594	+	Glb1	2017
2018	Tmppe	chr9	114401105	114407276	protein_coding	ENSMUSG00000079260	+	Tmppe	2018
2019	Ccr4	chr9	114490316	114504916	protein_coding	ENSMUSG00000047898	-	Ccr4	2019
2020	Trim71	chr9	114507133	114564369	protein_coding	ENSMUSG00000079259	-	Trim71	2020
2021	Cnot10	chr9	114585878	114640184	protein_coding	ENSMUSG00000056167	-	Cnot10	2021
2022	Gm23232	chr9	114602088	114602192	snRNA	ENSMUSG00000087925	-	Gm23232	2022
2023	Dync1li1	chr9	114688790	114724302	protein_coding	ENSMUSG00000032435	+	Dync1li1	2023
2024	Cmtm6	chr9	114731116	114749344	protein_coding	ENSMUSG00000032434	+	Cmtm6	2024
2025	Cmtm7	chr9	114756836	114781856	protein_coding	ENSMUSG00000032436	-	Cmtm7	2025
2026	Gm9888	chr9	114780100	114782257	lncRNA	ENSMUSG00000052724	+	Gm9888	2026
2027	Cmtm8	chr9	114789345	114844156	protein_coding	ENSMUSG00000041012	-	Cmtm8	2027
2028	Gpd1l	chr9	114899341	114933987	protein_coding	ENSMUSG00000050627	-	Gpd1l	2028
2029	Osbpl10	chr9	114978569	115232225	protein_coding	ENSMUSG00000040875	+	Osbpl10	2029
2030	Rps27rt	chr9	114982366	114982739	protein_coding	ENSMUSG00000050621	-	Rps27rt	2030
2031	Gm4665	chr9	115180404	115186058	lncRNA	ENSMUSG00000098127	-	Gm4665	2031
2032	Gm26962	chr9	115195453	115196898	lncRNA	ENSMUSG00000098191	-	Gm26962	2032
2033	Gm27002	chr9	115200398	115203875	lncRNA	ENSMUSG00000097967	+	Gm27002	2033
2034	Stt3b	chr9	115242581	115310421	protein_coding	ENSMUSG00000032437	-	Stt3b	2034
2035	Stmn1-rs1	chr9	115281520	115281981	processed_pseudogene	ENSMUSG00000111564	-	Stmn1-rs1	2035
2036	Gm5921	chr9	115437700	115438581	processed_pseudogene	ENSMUSG00000074034	-	Gm5921	2036
2037	D330037F02Rik	chr9	115665914	115674353	lncRNA	ENSMUSG00000111398	+	D330037F02Rik	2037
2038	Gadl1	chr9	115909455	116076176	protein_coding	ENSMUSG00000056880	+	Gadl1	2038
2039	Gm16142	chr9	115990956	116001788	lncRNA	ENSMUSG00000087469	-	Gm16142	2039
2040	Gm9385	chr9	116040593	116041064	processed_pseudogene	ENSMUSG00000080848	-	Gm9385	2040
2041	Tgfbr2	chr9	116084293	116175360	protein_coding	ENSMUSG00000032440	-	Tgfbr2	2041
2042	Gm4668	chr9	116189180	116194886	lncRNA	ENSMUSG00000111243	+	Gm4668	2042
2043	Gm31410	chr9	116218802	116249753	lncRNA	ENSMUSG00000111324	+	Gm31410	2043
2044	D730003K21Rik	chr9	116327337	116339511	lncRNA	ENSMUSG00000110752	+	D730003K21Rik	2044
2045	Rbms3	chr9	116572746	117872584	protein_coding	ENSMUSG00000039607	-	Rbms3	2045
2046	Gm17396	chr9	117252536	117254696	lncRNA	ENSMUSG00000079669	+	Gm17396	2046
2047	Gm20396	chr9	117402979	117404342	processed_pseudogene	ENSMUSG00000092504	+	Gm20396	2047
2048	Gm26614	chr9	117873144	117881202	lncRNA	ENSMUSG00000097240	+	Gm26614	2048
2049	Zcwpw2	chr9	117876000	118040259	protein_coding	ENSMUSG00000032443	-	Zcwpw2	2049
2050	Gm22008	chr9	117999336	117999430	miRNA	ENSMUSG00000094677	+	Gm22008	2050
2051	Azi2	chr9	118040499	118069794	protein_coding	ENSMUSG00000039285	+	Azi2	2051
2052	Cmc1	chr9	118064522	118150177	protein_coding	ENSMUSG00000039163	-	Cmc1	2052
2053	Gm17399	chr9	118150231	118170376	lncRNA	ENSMUSG00000097402	+	Gm17399	2053
2054	4933432G23Rik	chr9	118429836	118437048	lncRNA	ENSMUSG00000111843	+	4933432G23Rik	2054
2055	Eomes	chr9	118478212	118486132	protein_coding	ENSMUSG00000032446	+	Eomes	2055
2056	Gm33460	chr9	118485559	118489099	lncRNA	ENSMUSG00000110692	-	Gm33460	2056
2057	Golga4	chr9	118506267	118582519	protein_coding	ENSMUSG00000038708	+	Golga4	2057
2058	Gm45897	chr9	118584853	118590195	lncRNA	ENSMUSG00000110676	-	Gm45897	2058
2059	Itga9	chr9	118606690	118901003	protein_coding	ENSMUSG00000039115	+	Itga9	2059
2060	Gm10157	chr9	118837613	118837955	processed_pseudogene	ENSMUSG00000066270	-	Gm10157	2060
2061	Gm2415	chr9	118890075	118926455	lncRNA	ENSMUSG00000086119	-	Gm2415	2061
2062	Gm16295	chr9	118924873	118925777	lncRNA	ENSMUSG00000087041	+	Gm16295	2062
2063	Ctdspl	chr9	118926453	119043998	protein_coding	ENSMUSG00000047409	+	Ctdspl	2063
2064	Vill	chr9	119052778	119071525	protein_coding	ENSMUSG00000038775	+	Vill	2064
2065	Plcd1	chr9	119071527	119093502	protein_coding	ENSMUSG00000010660	-	Plcd1	2065
2066	Dlec1	chr9	119102478	119148246	protein_coding	ENSMUSG00000038060	+	Dlec1	2066
2067	Acaa1b	chr9	119148023	119157093	protein_coding	ENSMUSG00000010651	-	Acaa1b	2067
2068	Gm47289	chr9	119159161	119161669	lncRNA	ENSMUSG00000074029	+	Gm47289	2068
2069	Slc22a14	chr9	119169455	119365553	protein_coding	ENSMUSG00000070280	-	Slc22a14	2069
2070	Slc22a13	chr9	119192974	119209098	protein_coding	ENSMUSG00000074028	-	Slc22a13	2070
2071	Slc22a13b	chr9	119220488	119231692	polymorphic_pseudogene	ENSMUSG00000092212	-	Slc22a13b	2071
2072	Oxsr1	chr9	119238432	119322427	protein_coding	ENSMUSG00000036737	-	Oxsr1	2072
2073	Myd88	chr9	119335934	119341411	protein_coding	ENSMUSG00000032508	-	Myd88	2073
2074	Acaa1a	chr9	119339676	119350299	protein_coding	ENSMUSG00000036138	+	Acaa1a	2074
2075	Xylb	chr9	119357381	119393797	protein_coding	ENSMUSG00000035769	+	Xylb	2075
2076	Acvr2b	chr9	119402118	119434995	protein_coding	ENSMUSG00000061393	+	Acvr2b	2076
2077	Gm47320	chr9	119405108	119409016	lncRNA	ENSMUSG00000111204	-	Gm47320	2077
2078	4930516B21Rik	chr9	119440278	119444830	lncRNA	ENSMUSG00000097504	-	4930516B21Rik	2078
2079	Exog	chr9	119444943	119465517	protein_coding	ENSMUSG00000042787	+	Exog	2079
2080	Scn5a	chr9	119483408	119579016	protein_coding	ENSMUSG00000032511	-	Scn5a	2080
2081	Scn10a	chr9	119608456	119719322	protein_coding	ENSMUSG00000034533	-	Scn10a	2081
2082	Scn11a	chr9	119753759	119825456	protein_coding	ENSMUSG00000034115	-	Scn11a	2082
2083	Gm2449	chr9	119887449	119894863	lncRNA	ENSMUSG00000097223	-	Gm2449	2083
2084	Wdr48	chr9	119894878	119926587	protein_coding	ENSMUSG00000032512	+	Wdr48	2084
2085	Cx3cr1	chr9	119901616	120069879	protein_coding	ENSMUSG00000052336	-	Cx3cr1	2085
2086	Gorasp1	chr9	119925257	119937565	protein_coding	ENSMUSG00000032513	-	Gorasp1	2086
2087	Ttc21a	chr9	119937606	119967793	protein_coding	ENSMUSG00000032514	+	Ttc21a	2087
2088	Csrnp1	chr9	119971163	119984658	protein_coding	ENSMUSG00000032515	-	Csrnp1	2088
2089	1700019L13Rik	chr9	119983146	119988092	lncRNA	ENSMUSG00000111639	+	1700019L13Rik	2089
2090	Gm47043	chr9	120004037	120005106	lncRNA	ENSMUSG00000111369	+	Gm47043	2090
2091	Gm49427	chr9	120009805	120011448	lncRNA	ENSMUSG00000111089	+	Gm49427	2091
2092	Xirp1	chr9	120013755	120023598	protein_coding	ENSMUSG00000079243	-	Xirp1	2092
2093	Gm33858	chr9	120068996	120070622	lncRNA	ENSMUSG00000111792	+	Gm33858	2093
2094	Ccr8	chr9	120092114	120094906	protein_coding	ENSMUSG00000042262	+	Ccr8	2094
2095	Gm47050	chr9	120095663	120097838	TEC	ENSMUSG00000111546	+	Gm47050	2095
2096	Slc25a38	chr9	120110374	120124504	protein_coding	ENSMUSG00000032519	+	Slc25a38	2096
2097	Rpsa	chr9	120127689	120132369	protein_coding	ENSMUSG00000032518	+	Rpsa	2097
2098	Gm5922	chr9	120133463	120136329	lncRNA	ENSMUSG00000111028	-	Gm5922	2098
2099	Mobp	chr9	120149707	120181484	protein_coding	ENSMUSG00000032517	+	Mobp	2099
2100	Gm38642	chr9	120179038	120279171	lncRNA	ENSMUSG00000111219	+	Gm38642	2100
2101	Gm47059	chr9	120259628	120264358	lncRNA	ENSMUSG00000111498	+	Gm47059	2101
2102	Myrip	chr9	120301513	120474841	protein_coding	ENSMUSG00000041794	+	Myrip	2102
2103	Gm15566	chr9	120316328	120316917	processed_pseudogene	ENSMUSG00000083772	+	Gm15566	2103
2104	Gm15565	chr9	120384911	120385337	processed_pseudogene	ENSMUSG00000082356	+	Gm15565	2104
2105	D830035M03Rik	chr9	120490532	120492547	lncRNA	ENSMUSG00000111828	-	D830035M03Rik	2105
2106	Eif1b	chr9	120492232	120495330	protein_coding	ENSMUSG00000006941	+	Eif1b	2106
2107	Entpd3	chr9	120539818	120568327	protein_coding	ENSMUSG00000041608	+	Entpd3	2107
2108	Rpl14	chr9	120571444	120574654	protein_coding	ENSMUSG00000025794	+	Rpl14	2108
2109	5830454E08Rik	chr9	120577331	120578074	lncRNA	ENSMUSG00000052658	+	5830454E08Rik	2109
2110	Gm47062	chr9	120580135	120582738	unprocessed_pseudogene	ENSMUSG00000110962	+	Gm47062	2110
2111	Gm39456	chr9	120611654	120620299	lncRNA	ENSMUSG00000110760	-	Gm39456	2111
2112	Gm39458	chr9	120674405	120682399	lncRNA	ENSMUSG00000111533	+	Gm39458	2112
2113	Gm47064	chr9	120743590	120751143	lncRNA	ENSMUSG00000111831	-	Gm47064	2113
2114	Gm23624	chr9	120791465	120791785	misc_RNA	ENSMUSG00000064397	-	Gm23624	2114
2115	Gm47066	chr9	120791986	120794882	lncRNA	ENSMUSG00000111270	+	Gm47066	2115
2116	Gm39459	chr9	120834363	120844936	lncRNA	ENSMUSG00000111720	+	Gm39459	2116
2117	Gm47068	chr9	120843445	120846181	lncRNA	ENSMUSG00000110911	-	Gm47068	2117
2118	Gm47069	chr9	120849207	120853103	lncRNA	ENSMUSG00000111233	+	Gm47069	2118
2119	Gm19385	chr9	120861615	120866756	lncRNA	ENSMUSG00000110730	-	Gm19385	2119
2120	Gm34425	chr9	120869160	120873860	lncRNA	ENSMUSG00000111094	+	Gm34425	2120
2121	Gm39460	chr9	120879697	120881972	lncRNA	ENSMUSG00000111528	-	Gm39460	2121
2122	4930593C16Rik	chr9	120924452	120930804	lncRNA	ENSMUSG00000086365	-	4930593C16Rik	2122
2123	Ctnnb1	chr9	120929216	120960507	protein_coding	ENSMUSG00000006932	+	Ctnnb1	2123
2124	Ulk4	chr9	120955351	121277197	protein_coding	ENSMUSG00000040936	-	Ulk4	2124
2125	Gm17157	chr9	121247317	121247664	processed_pseudogene	ENSMUSG00000091336	+	Gm17157	2125
2126	Gm34655	chr9	121277775	121286000	lncRNA	ENSMUSG00000110863	+	Gm34655	2126
2127	Trak1	chr9	121297502	121474918	protein_coding	ENSMUSG00000032536	+	Trak1	2127
2128	C230053D17Rik	chr9	121319385	121321630	TEC	ENSMUSG00000110751	+	C230053D17Rik	2128
2129	Gm47092	chr9	121346556	121348368	TEC	ENSMUSG00000110738	+	Gm47092	2129
2130	Cck	chr9	121489824	121495694	protein_coding	ENSMUSG00000032532	-	Cck	2130
2131	Gm47095	chr9	121515665	121536151	lncRNA	ENSMUSG00000111598	-	Gm47095	2131
2132	Gm38661	chr9	121523575	121530805	lncRNA	ENSMUSG00000110814	+	Gm38661	2132
2133	Lyzl4	chr9	121577843	121642096	protein_coding	ENSMUSG00000032530	-	Lyzl4	2133
2134	Lyzl4os	chr9	121586997	121614255	lncRNA	ENSMUSG00000084995	+	Lyzl4os	2134
2135	Gm47097	chr9	121629891	121631370	TEC	ENSMUSG00000111844	-	Gm47097	2135
2136	Vipr1	chr9	121642716	121672954	protein_coding	ENSMUSG00000032528	+	Vipr1	2136
2137	Sec22c	chr9	121680045	121705490	protein_coding	ENSMUSG00000061536	-	Sec22c	2137
2138	Ss18l2	chr9	121710329	121713388	protein_coding	ENSMUSG00000032526	+	Ss18l2	2138
2139	Nktr	chr9	121719169	121756843	protein_coding	ENSMUSG00000032525	+	Nktr	2139
2140	E530011L22Rik	chr9	121754662	121759943	lncRNA	ENSMUSG00000097820	-	E530011L22Rik	2140
2141	Zfp651	chr9	121759330	121771742	protein_coding	ENSMUSG00000013419	+	Zfp651	2141
2142	Gm47108	chr9	121775024	121778146	TEC	ENSMUSG00000111000	-	Gm47108	2142
2143	Klhl40	chr9	121777607	121783818	protein_coding	ENSMUSG00000074001	+	Klhl40	2143
2144	Hhatl	chr9	121784016	121792507	protein_coding	ENSMUSG00000032523	-	Hhatl	2144
2145	Ccdc13	chr9	121797627	121839461	protein_coding	ENSMUSG00000079235	-	Ccdc13	2145
2146	Gm17163	chr9	121820289	121831193	lncRNA	ENSMUSG00000092042	+	Gm17163	2146
2147	Gm47111	chr9	121843822	121846937	TEC	ENSMUSG00000111341	-	Gm47111	2147
2148	Higd1a	chr9	121848563	121858362	protein_coding	ENSMUSG00000038412	-	Higd1a	2148
2149	Gm47112	chr9	121857680	121859209	lncRNA	ENSMUSG00000111079	+	Gm47112	2149
2150	Gm47113	chr9	121869496	121879936	lncRNA	ENSMUSG00000111465	+	Gm47113	2150
2151	Ackr2	chr9	121898355	121911074	protein_coding	ENSMUSG00000044534	+	Ackr2	2151
2152	1700048O20Rik	chr9	121937223	121947016	lncRNA	ENSMUSG00000043773	+	1700048O20Rik	2152
2153	Gm49343	chr9	121937973	121965089	lncRNA	ENSMUSG00000111053	+	Gm49343	2153
2154	Gask1a	chr9	121950988	121980209	protein_coding	ENSMUSG00000038233	+	Gask1a	2154
2155	Pomgnt2	chr9	121981606	121997110	protein_coding	ENSMUSG00000066235	-	Pomgnt2	2155
2156	Gm39463	chr9	121996118	122012455	lncRNA	ENSMUSG00000111873	+	Gm39463	2156
2157	Gm47117	chr9	122008354	122012140	lncRNA	ENSMUSG00000110729	-	Gm47117	2157
2158	Gm39465	chr9	122019528	122051463	lncRNA	ENSMUSG00000111389	-	Gm39465	2158
2159	Gm39464	chr9	122047088	122052647	lncRNA	ENSMUSG00000111785	+	Gm39464	2159
2160	Snrk	chr9	122117266	122169702	protein_coding	ENSMUSG00000038145	+	Snrk	2160
2161	Gm47122	chr9	122119145	122119495	TEC	ENSMUSG00000111003	+	Gm47122	2161
2162	4632418H02Rik	chr9	122127294	122130014	TEC	ENSMUSG00000111605	+	4632418H02Rik	2162
2163	Gm47121	chr9	122142449	122143708	lncRNA	ENSMUSG00000111434	+	Gm47121	2163
2164	Ano10	chr9	122175874	122294423	protein_coding	ENSMUSG00000037949	-	Ano10	2164
2165	Mir8106	chr9	122273890	122274028	miRNA	ENSMUSG00000098922	-	Mir8106	2165
2166	Gm26797	chr9	122295869	122310928	lncRNA	ENSMUSG00000097572	-	Gm26797	2166
2167	Gm47126	chr9	122295911	122304879	lncRNA	ENSMUSG00000111268	+	Gm47126	2167
2168	Abhd5	chr9	122351608	122381524	protein_coding	ENSMUSG00000032540	+	Abhd5	2168
2169	A730085K08Rik	chr9	122380575	122398801	lncRNA	ENSMUSG00000093598	-	A730085K08Rik	2169
2170	Gm47128	chr9	122422136	122423376	lncRNA	ENSMUSG00000111192	+	Gm47128	2170
2171	Gm35454	chr9	122435818	122438165	lncRNA	ENSMUSG00000111146	-	Gm35454	2171
2172	Gm47133	chr9	122531746	122535020	lncRNA	ENSMUSG00000111221	-	Gm47133	2172
2173	9530059O14Rik	chr9	122572499	122679596	lncRNA	ENSMUSG00000097736	+	9530059O14Rik	2173
2174	Gm47134	chr9	122640169	122647830	lncRNA	ENSMUSG00000111143	-	Gm47134	2174
2175	Gm47135	chr9	122682742	122683641	transcribed_unprocessed_pseudogene	ENSMUSG00000111837	+	Gm47135	2175
2176	Mir138-1	chr9	122682876	122682974	miRNA	ENSMUSG00000065414	+	Mir138-1	2176
2177	Gm35501	chr9	122686799	122693642	lncRNA	ENSMUSG00000111068	+	Gm35501	2177
2178	Gm47136	chr9	122687068	122714333	lncRNA	ENSMUSG00000111577	-	Gm47136	2178
2179	Topaz1	chr9	122747346	122802135	protein_coding	ENSMUSG00000094985	+	Topaz1	2179
2180	Tcaim	chr9	122805539	122836334	protein_coding	ENSMUSG00000046603	+	Tcaim	2180
2181	Gm25341	chr9	122812564	122812831	misc_RNA	ENSMUSG00000088086	+	Gm25341	2181
2182	Gm35549	chr9	122822776	122844035	protein_coding	ENSMUSG00000107504	-	Gm35549	2182
2183	Zfp445	chr9	122844529	122866006	protein_coding	ENSMUSG00000047036	-	Zfp445	2183
2184	Gm47140	chr9	122847019	122848418	lncRNA	ENSMUSG00000111325	-	Gm47140	2184
2185	A530083I20Rik	chr9	122885080	122903531	lncRNA	ENSMUSG00000097322	-	A530083I20Rik	2185
2186	Zkscan7	chr9	122885685	122898618	protein_coding	ENSMUSG00000063488	+	Zkscan7	2186
2187	Gm47145	chr9	122918533	122921342	unprocessed_pseudogene	ENSMUSG00000111710	+	Gm47145	2187
2188	Zfp105	chr9	122923072	122931028	protein_coding	ENSMUSG00000057895	+	Zfp105	2188
2189	Gm46136	chr9	122935812	122942819	transcribed_unprocessed_pseudogene	ENSMUSG00000111163	+	Gm46136	2189
2190	Gm47146	chr9	122942530	122942691	transcribed_processed_pseudogene	ENSMUSG00000111428	+	Gm47146	2190
2191	1110059G10Rik	chr9	122945089	122951000	protein_coding	ENSMUSG00000032551	-	1110059G10Rik	2191
2192	Kif15	chr9	122951046	123018733	protein_coding	ENSMUSG00000036768	+	Kif15	2192
2193	Gm47148	chr9	122993127	122993704	TEC	ENSMUSG00000111617	+	Gm47148	2193
2194	Gm9856	chr9	123018995	123021572	lncRNA	ENSMUSG00000110945	-	Gm9856	2194
2195	Tmem42	chr9	123021326	123023705	protein_coding	ENSMUSG00000066233	+	Tmem42	2195
2196	Gm49323	chr9	123021418	123045019	lncRNA	ENSMUSG00000111789	+	Gm49323	2196
2197	Tgm4	chr9	123034726	123067561	protein_coding	ENSMUSG00000025787	+	Tgm4	2197
2198	Zdhhc3	chr9	123066160	123113205	protein_coding	ENSMUSG00000025786	-	Zdhhc3	2198
2199	Exosc7	chr9	123113215	123136129	protein_coding	ENSMUSG00000025785	+	Exosc7	2199
2200	Gm47159	chr9	123138466	123139641	TEC	ENSMUSG00000111490	+	Gm47159	2200
2201	Clec3b	chr9	123150946	123157432	protein_coding	ENSMUSG00000025784	+	Clec3b	2201
2202	Cdcp1	chr9	123170824	123216038	protein_coding	ENSMUSG00000035498	-	Cdcp1	2202
2203	Tmem158	chr9	123259053	123260764	protein_coding	ENSMUSG00000054871	-	Tmem158	2203
2204	Scp2-ps2	chr9	123306600	123317998	transcribed_unprocessed_pseudogene	ENSMUSG00000058492	-	Scp2-ps2	2204
2205	Gm47162	chr9	123307084	123307983	lncRNA	ENSMUSG00000111371	+	Gm47162	2205
2206	Lars2	chr9	123366927	123462666	protein_coding	ENSMUSG00000035202	+	Lars2	2206
2207	Limd1	chr9	123478706	123521552	protein_coding	ENSMUSG00000025239	+	Limd1	2207
2208	Sacm1l	chr9	123529759	123592600	protein_coding	ENSMUSG00000025240	+	Sacm1l	2208
2209	Slc6a20b	chr9	123590800	123632565	protein_coding	ENSMUSG00000025243	-	Slc6a20b	2209
2210	Slc6a20a	chr9	123634770	123678885	protein_coding	ENSMUSG00000036814	-	Slc6a20a	2210
2211	Gm17120	chr9	123635388	123637325	lncRNA	ENSMUSG00000091172	+	Gm17120	2211
2212	Gm47171	chr9	123644194	123646987	TEC	ENSMUSG00000111340	-	Gm47171	2212
2213	Gm17200	chr9	123678096	123701046	lncRNA	ENSMUSG00000090608	+	Gm17200	2213
2214	Ccr9	chr9	123678439	123784330	protein_coding	ENSMUSG00000029530	+	Ccr9	2214
2215	Gm10052	chr9	123689233	123690192	processed_pseudogene	ENSMUSG00000058922	-	Gm10052	2215
2216	Lztfl1	chr9	123694416	123717697	protein_coding	ENSMUSG00000025245	-	Lztfl1	2216
2217	Gm17021	chr9	123768114	123791289	lncRNA	ENSMUSG00000091661	-	Gm17021	2217
2218	Fyco1	chr9	123789500	123851899	protein_coding	ENSMUSG00000025241	-	Fyco1	2218
2219	Cxcr6	chr9	123806475	123811760	protein_coding	ENSMUSG00000048521	+	Cxcr6	2219
2220	Xcr1	chr9	123852315	123862029	protein_coding	ENSMUSG00000060509	-	Xcr1	2220
2221	Ccr1	chr9	123962124	123968692	protein_coding	ENSMUSG00000025804	-	Ccr1	2221
2222	Ccr3	chr9	124021972	124031689	protein_coding	ENSMUSG00000035448	+	Ccr3	2222
2223	Ccr2	chr9	124101950	124113557	protein_coding	ENSMUSG00000049103	+	Ccr2	2223
2224	Ccr5	chr9	124121543	124147699	protein_coding	ENSMUSG00000079227	+	Ccr5	2224
2225	Gm39469	chr9	124270358	124282139	lncRNA	ENSMUSG00000110834	-	Gm39469	2225
2226	2010315B03Rik	chr9	124291804	124312696	protein_coding	ENSMUSG00000074829	-	2010315B03Rik	2226
2227	Gm47180	chr9	124338979	124347160	transcribed_unprocessed_pseudogene	ENSMUSG00000111194	+	Gm47180	2227
2228	Gm47179	chr9	124340783	124342618	TEC	ENSMUSG00000110795	-	Gm47179	2228
2229	Gm47181	chr9	124344398	124347514	lncRNA	ENSMUSG00000111733	-	Gm47181	2229
2230	Nlrp4g	chr9	124348872	124356970	transcribed_unprocessed_pseudogene	ENSMUSG00000079741	+	Nlrp4g	2230
2231	Ppp2r3d	chr9	124422622	124476898	protein_coding	ENSMUSG00000093803	-	Ppp2r3d	2231
2232	Gm21836	chr9	124493731	124493793	protein_coding	ENSMUSG00000096734	-	Gm21836	2232
