	gene_name	chr	start	end	type	ensembl_id	strand	gene_name2	Node_ID
0	Gm17177	chr13	3082188	3123373	transcribed_unprocessed_pseudogene	ENSMUSG00000091834	+	Gm17177	0
1	Gm46400	chr13	3116916	3119562	lncRNA	ENSMUSG00000113784	-	Gm46400	1
2	Gm48519	chr13	3134649	3135145	processed_pseudogene	ENSMUSG00000113560	-	Gm48519	2
3	Speer6-ps1	chr13	3149475	3189678	transcribed_unprocessed_pseudogene	ENSMUSG00000091304	+	Speer6-ps1	3
4	Gm40653	chr13	3273235	3282998	lncRNA	ENSMUSG00000113271	+	Gm40653	4
5	Gm9616	chr13	3298887	3299667	processed_pseudogene	ENSMUSG00000114003	+	Gm9616	5
6	Gm48530	chr13	3325296	3358455	lncRNA	ENSMUSG00000112968	-	Gm48530	6
7	Gm8616	chr13	3352952	3353988	processed_pseudogene	ENSMUSG00000113636	+	Gm8616	7
8	Gm16505	chr13	3358273	3363862	transcribed_unprocessed_pseudogene	ENSMUSG00000096107	+	Gm16505	8
9	2810429I04Rik	chr13	3478230	3501393	lncRNA	ENSMUSG00000097709	+	2810429I04Rik	9
10	Gdi2	chr13	3538063	3567871	protein_coding	ENSMUSG00000021218	+	Gdi2	10
11	Gm48838	chr13	3562385	3563618	TEC	ENSMUSG00000113894	+	Gm48838	11
12	Tasor2	chr13	3566035	3611108	protein_coding	ENSMUSG00000033799	-	Tasor2	12
13	Asb13	chr13	3634032	3653822	protein_coding	ENSMUSG00000033781	+	Asb13	13
14	Gm47695	chr13	3759825	3781203	lncRNA	ENSMUSG00000113759	+	Gm47695	14
15	Gm35190	chr13	3762282	3766722	lncRNA	ENSMUSG00000113259	-	Gm35190	15
16	Calml3	chr13	3802896	3804316	protein_coding	ENSMUSG00000063130	-	Calml3	16
17	Gm40655	chr13	3825519	3843909	lncRNA	ENSMUSG00000114091	+	Gm40655	17
18	Net1	chr13	3882018	3918220	protein_coding	ENSMUSG00000021215	-	Net1	18
19	Tubal3	chr13	3918274	3935277	protein_coding	ENSMUSG00000021216	+	Tubal3	19
20	Ucn3	chr13	3940688	3945349	protein_coding	ENSMUSG00000044988	-	Ucn3	20
21	Gm22460	chr13	3957119	3957242	miRNA	ENSMUSG00000093010	-	Gm22460	21
22	Gm47853	chr13	4023169	4025827	processed_pseudogene	ENSMUSG00000113667	+	Gm47853	22
23	Gm18857	chr13	4035245	4054757	unprocessed_pseudogene	ENSMUSG00000110055	+	Gm18857	23
24	Akr1c14	chr13	4049011	4090688	protein_coding	ENSMUSG00000033715	+	Akr1c14	24
25	Gm47904	chr13	4091286	4092636	lncRNA	ENSMUSG00000113788	+	Gm47904	25
26	Gm47905	chr13	4097498	4100831	TEC	ENSMUSG00000113517	+	Gm47905	26
27	Akr1c18	chr13	4132615	4150654	protein_coding	ENSMUSG00000021214	-	Akr1c18	27
28	Gm47925	chr13	4166503	4172845	lncRNA	ENSMUSG00000113744	+	Gm47925	28
29	Gm2123	chr13	4168145	4170980	processed_pseudogene	ENSMUSG00000112986	-	Gm2123	29
30	Akr1c13	chr13	4191150	4205596	protein_coding	ENSMUSG00000021213	+	Akr1c13	30
31	Akr1c19	chr13	4228700	4252843	protein_coding	ENSMUSG00000071551	+	Akr1c19	31
32	Akr1c12	chr13	4268176	4279433	protein_coding	ENSMUSG00000021211	-	Akr1c12	32
33	Gm9973	chr13	4350397	4391265	transcribed_unprocessed_pseudogene	ENSMUSG00000113175	-	Gm9973	33
34	Gm47951	chr13	4368681	4372417	processed_pseudogene	ENSMUSG00000113004	+	Gm47951	34
35	Akr1c6	chr13	4434306	4457877	protein_coding	ENSMUSG00000021210	+	Akr1c6	35
36	Akr1c20	chr13	4486849	4523345	protein_coding	ENSMUSG00000054757	-	Akr1c20	36
37	Akr1c21	chr13	4574075	4586541	protein_coding	ENSMUSG00000021207	+	Akr1c21	37
38	Akr1e1	chr13	4590750	4609174	protein_coding	ENSMUSG00000045410	-	Akr1e1	38
39	Rpl29-ps2	chr13	4609334	4615025	transcribed_processed_pseudogene	ENSMUSG00000094772	+	Rpl29-ps2	39
40	Gm40658	chr13	4643907	4749064	lncRNA	ENSMUSG00000113717	+	Gm40658	40
41	Gm5444	chr13	4771651	4836485	lncRNA	ENSMUSG00000053499	+	Gm5444	41
42	Gm47450	chr13	4915714	4943052	lncRNA	ENSMUSG00000113866	-	Gm47450	42
43	Gm40660	chr13	5454909	5560329	lncRNA	ENSMUSG00000114098	+	Gm40660	43
44	Gm35330	chr13	5539279	5724510	lncRNA	ENSMUSG00000114053	-	Gm35330	44
45	Gm26043	chr13	5821768	5821858	miRNA	ENSMUSG00000080562	-	Gm26043	45
46	1700016G22Rik	chr13	5855508	5858092	lncRNA	ENSMUSG00000100625	-	1700016G22Rik	46
47	Klf6	chr13	5861482	5870394	protein_coding	ENSMUSG00000000078	+	Klf6	47
48	Gm47507	chr13	5887109	5928045	lncRNA	ENSMUSG00000113757	+	Gm47507	48
49	Gm46401	chr13	5915793	6014285	lncRNA	ENSMUSG00000113017	+	Gm46401	49
50	Gm47514	chr13	6024533	6029004	lncRNA	ENSMUSG00000113054	-	Gm47514	50
51	Gm47549	chr13	6269108	6277026	lncRNA	ENSMUSG00000113765	+	Gm47549	51
52	Gm35615	chr13	6280378	6294714	lncRNA	ENSMUSG00000114097	-	Gm35615	52
53	Gm28465	chr13	6395716	6398740	lncRNA	ENSMUSG00000101540	+	Gm28465	53
54	Pitrm1	chr13	6548149	6580515	protein_coding	ENSMUSG00000021193	+	Pitrm1	54
55	Pfkp	chr13	6579768	6648777	protein_coding	ENSMUSG00000021196	-	Pfkp	55
56	Gm40662	chr13	6995654	7076316	lncRNA	ENSMUSG00000114017	-	Gm40662	56
57	Gm22689	chr13	7120394	7120503	miRNA	ENSMUSG00000076407	-	Gm22689	57
58	Gm40663	chr13	7139127	7175925	lncRNA	ENSMUSG00000113241	-	Gm40663	58
59	Gm36074	chr13	7446509	7465343	lncRNA	ENSMUSG00000113225	+	Gm36074	59
60	Gm9742	chr13	8013696	8038218	transcribed_processed_pseudogene	ENSMUSG00000113508	-	Gm9742	60
61	Gm5191	chr13	8128133	8129368	processed_pseudogene	ENSMUSG00000113412	+	Gm5191	61
62	Adarb2	chr13	8202866	8768747	protein_coding	ENSMUSG00000052551	+	Adarb2	62
63	Gm48259	chr13	8278604	8279289	TEC	ENSMUSG00000113810	+	Gm48259	63
64	Gm48261	chr13	8282248	8286103	TEC	ENSMUSG00000113073	+	Gm48261	64
65	Gm10357	chr13	8289850	8290113	processed_pseudogene	ENSMUSG00000072421	-	Gm10357	65
66	Gm48260	chr13	8295315	8299143	processed_pseudogene	ENSMUSG00000113978	-	Gm48260	66
67	Gm48262	chr13	8553020	8557635	TEC	ENSMUSG00000113742	+	Gm48262	67
68	Gm48327	chr13	8797302	8798402	TEC	ENSMUSG00000113391	-	Gm48327	68
69	Wdr37	chr13	8802968	8871909	protein_coding	ENSMUSG00000021147	-	Wdr37	69
70	Gm48375	chr13	8833099	8834372	TEC	ENSMUSG00000114094	-	Gm48375	70
71	Gm48374	chr13	8870341	8872105	TEC	ENSMUSG00000113589	+	Gm48374	71
72	Idi1	chr13	8885501	8892451	protein_coding	ENSMUSG00000058258	+	Idi1	72
73	Rpl10a-ps2	chr13	8940336	8940977	processed_pseudogene	ENSMUSG00000061988	-	Rpl10a-ps2	73
74	Gm9745	chr13	8941575	8948231	protein_coding	ENSMUSG00000021148	-	Gm9745	74
75	Idi2	chr13	8952863	8960945	protein_coding	ENSMUSG00000033520	+	Idi2	75
76	Gtpbp4	chr13	8966331	8996083	protein_coding	ENSMUSG00000021149	-	Gtpbp4	76
77	Gm48649	chr13	8966705	8968082	unprocessed_pseudogene	ENSMUSG00000113466	+	Gm48649	77
78	Gm36264	chr13	9001432	9076451	lncRNA	ENSMUSG00000113543	-	Gm36264	78
79	Larp4b	chr13	9093881	9174451	protein_coding	ENSMUSG00000033499	+	Larp4b	79
80	Gm23553	chr13	9109305	9109599	misc_RNA	ENSMUSG00000088442	+	Gm23553	80
81	Gm8784	chr13	9223537	9224971	processed_pseudogene	ENSMUSG00000113936	+	Gm8784	81
82	Gm48825	chr13	9268684	9274143	lncRNA	ENSMUSG00000113455	+	Gm48825	82
83	Dip2c	chr13	9276528	9668928	protein_coding	ENSMUSG00000048264	+	Dip2c	83
84	Gm48887	chr13	9321427	9322979	TEC	ENSMUSG00000113922	+	Gm48887	84
85	Gm48890	chr13	9328630	9330247	TEC	ENSMUSG00000113984	+	Gm48890	85
86	Gm48870	chr13	9344402	9348425	TEC	ENSMUSG00000113065	+	Gm48870	86
87	Gm48869	chr13	9352028	9352689	processed_pseudogene	ENSMUSG00000113869	+	Gm48869	87
88	Gm48889	chr13	9412517	9415160	TEC	ENSMUSG00000112955	+	Gm48889	88
89	Gm48871	chr13	9445900	9448419	TEC	ENSMUSG00000112948	+	Gm48871	89
90	Gm48872	chr13	9557861	9561989	TEC	ENSMUSG00000113905	+	Gm48872	90
91	Gm23496	chr13	9623380	9623627	misc_RNA	ENSMUSG00000088366	-	Gm23496	91
92	Gm48888	chr13	9635329	9637089	TEC	ENSMUSG00000113355	-	Gm48888	92
93	Gm36423	chr13	9684226	9689544	lncRNA	ENSMUSG00000114138	+	Gm36423	93
94	Zmynd11	chr13	9684833	9765330	protein_coding	ENSMUSG00000021156	-	Zmynd11	94
95	Gm47802	chr13	9733897	9738234	lncRNA	ENSMUSG00000113885	+	Gm47802	95
96	Gm47826	chr13	9753741	9756879	TEC	ENSMUSG00000113650	-	Gm47826	96
97	Gm24187	chr13	9834469	9834525	miRNA	ENSMUSG00000088609	-	Gm24187	97
98	Chrm3	chr13	9875486	10360847	protein_coding	ENSMUSG00000046159	-	Chrm3	98
99	Gm47411	chr13	10048667	10051848	TEC	ENSMUSG00000113502	-	Gm47411	99
100	Gm47405	chr13	10064758	10070866	lncRNA	ENSMUSG00000113680	-	Gm47405	100
101	9330159N22Rik	chr13	10164744	10165774	TEC	ENSMUSG00000113695	-	9330159N22Rik	101
102	Gm47404	chr13	10175784	10180807	lncRNA	ENSMUSG00000113261	-	Gm47404	102
103	Gm26861	chr13	10357595	10797502	lncRNA	ENSMUSG00000097009	+	Gm26861	103
104	Gm47407	chr13	10517687	10538811	lncRNA	ENSMUSG00000113758	+	Gm47407	104
105	Gm36525	chr13	10539738	10557707	lncRNA	ENSMUSG00000113243	-	Gm36525	105
106	Gm47408	chr13	10700161	10830778	lncRNA	ENSMUSG00000114134	+	Gm47408	106
107	Gm47486	chr13	10974423	10979945	lncRNA	ENSMUSG00000113673	+	Gm47486	107
108	Zp4-ps	chr13	11522052	11528852	transcribed_unprocessed_pseudogene	ENSMUSG00000113593	+	Zp4-ps	108
109	Ryr2	chr13	11553102	12106945	protein_coding	ENSMUSG00000021313	-	Ryr2	109
110	Gm47494	chr13	11818248	11821734	TEC	ENSMUSG00000113269	-	Gm47494	110
111	Gm26956	chr13	11939558	11940543	processed_pseudogene	ENSMUSG00000098110	+	Gm26956	111
112	Gm47493	chr13	12047342	12052055	TEC	ENSMUSG00000112947	-	Gm47493	112
113	Gm16419	chr13	12171526	12172150	processed_pseudogene	ENSMUSG00000113848	-	Gm16419	113
114	Gm47322	chr13	12177458	12179281	TEC	ENSMUSG00000113789	-	Gm47322	114
115	Mtr	chr13	12182712	12258113	protein_coding	ENSMUSG00000021311	-	Mtr	115
116	Actn2	chr13	12269426	12340760	protein_coding	ENSMUSG00000052374	-	Actn2	116
117	Gm5445	chr13	12378158	12378637	processed_pseudogene	ENSMUSG00000094185	+	Gm5445	117
118	Heatr1	chr13	12395027	12440289	protein_coding	ENSMUSG00000050244	+	Heatr1	118
119	Lgals8	chr13	12439415	12464944	protein_coding	ENSMUSG00000057554	-	Lgals8	119
120	Edaradd	chr13	12472632	12520438	protein_coding	ENSMUSG00000095105	-	Edaradd	120
121	Gm30239	chr13	12540143	12562716	lncRNA	ENSMUSG00000114115	+	Gm30239	121
122	Ero1lb	chr13	12565874	12611396	protein_coding	ENSMUSG00000057069	+	Ero1lb	122
123	Gm25483	chr13	12589565	12589791	snoRNA	ENSMUSG00000065158	+	Gm25483	123
124	Gpr137b-ps	chr13	12615057	12650388	transcribed_unprocessed_pseudogene	ENSMUSG00000097715	-	Gpr137b-ps	124
125	Gm48456	chr13	12682289	12683041	processed_pseudogene	ENSMUSG00000113148	+	Gm48456	125
126	Prl2c3	chr13	12790816	12800079	protein_coding	ENSMUSG00000056457	-	Prl2c3	126
127	Gm18262	chr13	12864124	12866069	processed_pseudogene	ENSMUSG00000113053	+	Gm18262	127
128	Gm2544	chr13	12866723	12873784	unprocessed_pseudogene	ENSMUSG00000113117	-	Gm2544	128
129	Gm18878	chr13	12879755	12881197	processed_pseudogene	ENSMUSG00000113353	-	Gm18878	129
130	Prl2c2	chr13	12996125	13005383	protein_coding	ENSMUSG00000079092	-	Prl2c2	130
131	Gm9628	chr13	13113355	13118597	unprocessed_pseudogene	ENSMUSG00000113319	+	Gm9628	131
132	Gm10811	chr13	13168730	13171177	TEC	ENSMUSG00000113908	-	Gm10811	132
133	Prl2c5	chr13	13182715	13191923	protein_coding	ENSMUSG00000055360	+	Prl2c5	133
134	Gm5374	chr13	13275135	13276085	transcribed_processed_pseudogene	ENSMUSG00000114152	+	Gm5374	134
135	Gm7040	chr13	13320941	13323370	unprocessed_pseudogene	ENSMUSG00000113027	-	Gm7040	135
136	Gm18562	chr13	13323364	13350427	unprocessed_pseudogene	ENSMUSG00000110123	+	Gm18562	136
137	Gm25804	chr13	13329484	13329671	snoRNA	ENSMUSG00000084734	+	Gm25804	137
138	Gpr137b	chr13	13357620	13394014	protein_coding	ENSMUSG00000021306	-	Gpr137b	138
139	Gm48661	chr13	13412440	13412794	processed_pseudogene	ENSMUSG00000113445	-	Gm48661	139
140	Gm48672	chr13	13417147	13418200	processed_pseudogene	ENSMUSG00000113444	+	Gm48672	140
141	Gm7426	chr13	13418766	13419169	processed_pseudogene	ENSMUSG00000094865	-	Gm7426	141
142	Nid1	chr13	13437551	13512269	protein_coding	ENSMUSG00000005397	+	Nid1	142
143	Gm48682	chr13	13474343	13482405	lncRNA	ENSMUSG00000113380	-	Gm48682	143
144	Lyst	chr13	13590397	13778803	protein_coding	ENSMUSG00000019726	+	Lyst	144
145	Gng4	chr13	13784059	13827896	protein_coding	ENSMUSG00000021303	+	Gng4	145
146	Gm7441	chr13	13842242	13844250	processed_pseudogene	ENSMUSG00000113493	+	Gm7441	146
147	Gm47882	chr13	13862534	13893979	lncRNA	ENSMUSG00000113811	+	Gm47882	147
148	Gm7446	chr13	13890760	13891999	processed_pseudogene	ENSMUSG00000113258	-	Gm7446	148
149	Gm7046	chr13	13895807	13910408	processed_pseudogene	ENSMUSG00000114087	-	Gm7046	149
150	Gm47884	chr13	13953219	13954338	lncRNA	ENSMUSG00000113310	+	Gm47884	150
151	B3galnt2	chr13	13954469	13999103	protein_coding	ENSMUSG00000039242	+	B3galnt2	151
152	Gm18856	chr13	13964487	13971337	transcribed_processed_pseudogene	ENSMUSG00000096192	-	Gm18856	152
153	Tbce	chr13	13997949	14039638	protein_coding	ENSMUSG00000039233	-	Tbce	153
154	Gm48017	chr13	14041392	14041599	processed_pseudogene	ENSMUSG00000113819	+	Gm48017	154
155	Ggps1	chr13	14050659	14063488	protein_coding	ENSMUSG00000021302	-	Ggps1	155
156	Arid4b	chr13	14063232	14199603	protein_coding	ENSMUSG00000039219	+	Arid4b	156
157	Gm26129	chr13	14087439	14087545	snRNA	ENSMUSG00000064653	+	Gm26129	157
158	Gm48027	chr13	14171053	14174488	lncRNA	ENSMUSG00000113775	+	Gm48027	158
159	Hecw1	chr13	14226438	14523228	protein_coding	ENSMUSG00000021301	-	Hecw1	159
160	Gm47011	chr13	14377987	14379573	TEC	ENSMUSG00000113981	-	Gm47011	160
161	Gm30893	chr13	14521486	14525016	lncRNA	ENSMUSG00000113654	+	Gm30893	161
162	Gm48096	chr13	14559118	14559309	processed_pseudogene	ENSMUSG00000113345	+	Gm48096	162
163	Mrpl32	chr13	14608184	14613165	protein_coding	ENSMUSG00000015672	-	Mrpl32	163
164	Psma2	chr13	14613240	14674236	protein_coding	ENSMUSG00000015671	+	Psma2	164
165	AW209491	chr13	14630154	14639096	protein_coding	ENSMUSG00000039182	+	AW209491	165
166	Gm19189	chr13	14862000	14864136	processed_pseudogene	ENSMUSG00000113686	+	Gm19189	166
167	Gm9512	chr13	15118632	15119128	processed_pseudogene	ENSMUSG00000113389	+	Gm9512	167
168	Gm20043	chr13	15375624	15413100	lncRNA	ENSMUSG00000113410	+	Gm20043	168
169	Gm6556	chr13	15440302	15463736	lncRNA	ENSMUSG00000097806	-	Gm6556	169
170	Gm26645	chr13	15459980	15461295	lncRNA	ENSMUSG00000097684	-	Gm26645	170
171	Gli3	chr13	15463235	15730026	protein_coding	ENSMUSG00000021318	+	Gli3	171
172	Gm48408	chr13	15768990	15770120	TEC	ENSMUSG00000113309	-	Gm48408	172
173	4933412O06Rik	chr13	15781664	15802630	lncRNA	ENSMUSG00000113960	-	4933412O06Rik	173
174	A530046M15Rik	chr13	15807243	15827537	lncRNA	ENSMUSG00000113338	+	A530046M15Rik	174
175	B230303A05Rik	chr13	15813548	16023423	transcribed_processed_pseudogene	ENSMUSG00000113701	-	B230303A05Rik	175
176	A530058O07Rik	chr13	15817316	15820679	TEC	ENSMUSG00000113290	+	A530058O07Rik	176
177	Gm31450	chr13	15931682	15934681	lncRNA	ENSMUSG00000114057	+	Gm31450	177
178	Gm48928	chr13	15969864	15970410	processed_pseudogene	ENSMUSG00000113080	-	Gm48928	178
179	Inhba	chr13	16011851	16031621	protein_coding	ENSMUSG00000041324	+	Inhba	179
180	Gm48444	chr13	16025382	16032275	lncRNA	ENSMUSG00000113224	-	Gm48444	180
181	Gm22628	chr13	16041046	16041152	snRNA	ENSMUSG00000095584	-	Gm22628	181
182	Gm6562	chr13	16045641	16046104	processed_pseudogene	ENSMUSG00000113715	+	Gm6562	182
183	Gm48491	chr13	16273191	16277838	lncRNA	ENSMUSG00000113038	-	Gm48491	183
184	Gm48492	chr13	16368944	16373180	lncRNA	ENSMUSG00000113322	-	Gm48492	184
185	Gm48493	chr13	16385919	16389759	processed_pseudogene	ENSMUSG00000113924	-	Gm48493	185
186	Sugct	chr13	16857472	17695553	protein_coding	ENSMUSG00000055137	-	Sugct	186
187	Gm48503	chr13	16937609	16947045	lncRNA	ENSMUSG00000113851	+	Gm48503	187
188	Gm48499	chr13	16943846	16945569	processed_pseudogene	ENSMUSG00000114114	+	Gm48499	188
189	Gm27043	chr13	17050921	17051878	processed_pseudogene	ENSMUSG00000098218	+	Gm27043	189
190	Gm48502	chr13	17258771	17261641	TEC	ENSMUSG00000113024	+	Gm48502	190
191	Gm17890	chr13	17337599	17338355	processed_pseudogene	ENSMUSG00000113219	+	Gm17890	191
192	Gm48501	chr13	17360294	17364134	processed_pseudogene	ENSMUSG00000113889	+	Gm48501	192
193	Gm24873	chr13	17440790	17440896	snRNA	ENSMUSG00000094665	+	Gm24873	193
194	Mplkip	chr13	17695192	17699748	protein_coding	ENSMUSG00000012429	+	Mplkip	194
195	Gm48621	chr13	17708603	17709864	TEC	ENSMUSG00000113045	-	Gm48621	195
196	Cdk13	chr13	17710315	17805097	protein_coding	ENSMUSG00000041297	-	Cdk13	196
197	8430406P12Rik	chr13	17735985	17737054	TEC	ENSMUSG00000113432	-	8430406P12Rik	197
198	Mir466i	chr13	17747473	17747593	miRNA	ENSMUSG00000080574	+	Mir466i	198
199	Gm48624	chr13	17754516	17757325	TEC	ENSMUSG00000113140	-	Gm48624	199
200	Gm24018	chr13	17809591	17809697	snRNA	ENSMUSG00000095025	-	Gm24018	200
201	Rala	chr13	17880571	17944239	protein_coding	ENSMUSG00000008859	-	Rala	201
202	Gm48754	chr13	17932386	17938434	lncRNA	ENSMUSG00000113100	+	Gm48754	202
203	Gm32699	chr13	17944291	17946278	TEC	ENSMUSG00000113528	+	Gm32699	203
204	Gm5628	chr13	17949908	17950956	processed_pseudogene	ENSMUSG00000113750	+	Gm5628	204
205	A930027P06Rik	chr13	17951938	17954912	TEC	ENSMUSG00000113688	+	A930027P06Rik	205
206	Gm48776	chr13	17960852	17961416	transcribed_processed_pseudogene	ENSMUSG00000114077	-	Gm48776	206
207	Gm48778	chr13	17961150	17992533	lncRNA	ENSMUSG00000113030	-	Gm48778	207
208	Yae1d1	chr13	17981330	17993349	protein_coding	ENSMUSG00000075054	-	Yae1d1	208
209	Gm48799	chr13	18002310	18008344	lncRNA	ENSMUSG00000113847	-	Gm48799	209
210	4930448F12Rik	chr13	18084947	18100202	lncRNA	ENSMUSG00000113470	-	4930448F12Rik	210
211	Gm48800	chr13	18094472	18095954	processed_pseudogene	ENSMUSG00000113893	-	Gm48800	211
212	Pou6f2	chr13	18121098	18397686	protein_coding	ENSMUSG00000009734	-	Pou6f2	212
213	Gm48829	chr13	18640257	18645349	lncRNA	ENSMUSG00000114118	-	Gm48829	213
214	Vps41	chr13	18717286	18866811	protein_coding	ENSMUSG00000041236	+	Vps41	214
215	Amph	chr13	18948205	19150921	protein_coding	ENSMUSG00000021314	+	Amph	215
216	Gm47658	chr13	18971702	18974997	lncRNA	ENSMUSG00000113576	-	Gm47658	216
217	Gm47659	chr13	18973460	18974141	processed_pseudogene	ENSMUSG00000113993	+	Gm47659	217
218	Gm18065	chr13	18983930	18984455	processed_pseudogene	ENSMUSG00000113028	+	Gm18065	218
219	Gm47661	chr13	19029940	19057896	lncRNA	ENSMUSG00000114080	-	Gm47661	219
220	Gm47660	chr13	19071197	19071575	processed_pseudogene	ENSMUSG00000113378	-	Gm47660	220
221	Gm31887	chr13	19162036	19193558	lncRNA	ENSMUSG00000105715	-	Gm31887	221
222	Tcrg-V5	chr13	19192278	19192725	TR_V_gene	ENSMUSG00000076747	+	Tcrg-V5	222
223	Tcrg-C1	chr13	19214103	19217024	TR_C_gene	ENSMUSG00000076749	+	Tcrg-C1	223
224	Tcrg-V3	chr13	19242845	19243301	TR_V_gene	ENSMUSG00000076750	+	Tcrg-V3	224
225	Tcrg-C3	chr13	19260884	19263528	TR_C_gene	ENSMUSG00000091682	+	Tcrg-C3	225
226	Tcrg-C2	chr13	19304649	19307551	TR_C_gene	ENSMUSG00000076752	-	Tcrg-C2	226
227	Tcrg-V1	chr13	19339989	19340454	TR_V_gene	ENSMUSG00000076755	+	Tcrg-V1	227
228	Tcrg-C4	chr13	19344558	19352756	TR_C_gene	ENSMUSG00000076757	+	Tcrg-C4	228
229	Stard3nl	chr13	19357676	19395795	protein_coding	ENSMUSG00000003062	-	Stard3nl	229
230	Gm42683	chr13	19393126	19395453	TEC	ENSMUSG00000105848	-	Gm42683	230
231	Gm18131	chr13	19412800	19413248	processed_pseudogene	ENSMUSG00000104959	+	Gm18131	231
232	9330199G10Rik	chr13	19462847	19504367	lncRNA	ENSMUSG00000114189	-	9330199G10Rik	232
233	Epdr1	chr13	19591706	19619927	protein_coding	ENSMUSG00000002808	-	Epdr1	233
234	Sfrp4	chr13	19623104	19632994	protein_coding	ENSMUSG00000021319	+	Sfrp4	234
235	Nme8	chr13	19645078	19697794	protein_coding	ENSMUSG00000041138	-	Nme8	235
236	Gm47606	chr13	19672382	19673934	TEC	ENSMUSG00000114009	-	Gm47606	236
237	Gpr141b	chr13	19727426	19732951	protein_coding	ENSMUSG00000047462	-	Gpr141b	237
238	Gpr141	chr13	19749682	19824257	protein_coding	ENSMUSG00000053101	-	Gpr141	238
239	Gm19154	chr13	19820739	19821678	processed_pseudogene	ENSMUSG00000113542	+	Gm19154	239
240	Gm5446	chr13	19995021	19995804	processed_pseudogene	ENSMUSG00000050243	-	Gm5446	240
241	Elmo1	chr13	20090596	20608353	protein_coding	ENSMUSG00000041112	+	Elmo1	241
242	Gm32036	chr13	20445286	20473490	lncRNA	ENSMUSG00000113313	-	Gm32036	242
243	Gm47664	chr13	20499888	20501227	lncRNA	ENSMUSG00000113183	+	Gm47664	243
244	Gm47657	chr13	20504795	20506598	TEC	ENSMUSG00000113557	+	Gm47657	244
245	Gm47721	chr13	20645757	20647164	processed_pseudogene	ENSMUSG00000113130	+	Gm47721	245
246	Aoah	chr13	20794113	21036617	protein_coding	ENSMUSG00000021322	+	Aoah	246
247	Olfr1370	chr13	21069334	21074947	protein_coding	ENSMUSG00000042869	-	Olfr1370	247
248	Olfr1369-ps1	chr13	21111483	21119095	protein_coding	ENSMUSG00000060404	+	Olfr1369-ps1	248
249	Olfr263	chr13	21129639	21136296	protein_coding	ENSMUSG00000071522	+	Olfr263	249
250	Gm47806	chr13	21177187	21187556	lncRNA	ENSMUSG00000113104	-	Gm47806	250
251	Trim27	chr13	21179445	21194724	protein_coding	ENSMUSG00000021326	+	Trim27	251
252	Gpx5	chr13	21286429	21292731	protein_coding	ENSMUSG00000004344	-	Gpx5	252
253	Gpx6	chr13	21312125	21319624	protein_coding	ENSMUSG00000004341	+	Gpx6	253
254	Zscan12	chr13	21362820	21372289	protein_coding	ENSMUSG00000036721	+	Zscan12	254
255	Zkscan3	chr13	21387003	21402755	protein_coding	ENSMUSG00000021327	-	Zkscan3	255
256	Mir6942	chr13	21396578	21396638	miRNA	ENSMUSG00000098790	-	Mir6942	256
257	BX001068.1	chr13	21412051	21417906	unitary_pseudogene	ENSMUSG00000118467	+	BX001068.1	257
258	Pgbd1	chr13	21421275	21441058	protein_coding	ENSMUSG00000055313	-	Pgbd1	258
259	4930470G03Rik	chr13	21440471	21445934	lncRNA	ENSMUSG00000085788	+	4930470G03Rik	259
260	Zscan26	chr13	21442180	21453730	protein_coding	ENSMUSG00000022228	-	Zscan26	260
261	Mir1896	chr13	21445160	21445240	miRNA	ENSMUSG00000084590	+	Mir1896	261
262	Nkapl	chr13	21467047	21468509	protein_coding	ENSMUSG00000059395	-	Nkapl	262
263	Gm40828	chr13	21477615	21485049	lncRNA	ENSMUSG00000114702	-	Gm40828	263
264	Zkscan4	chr13	21478907	21485507	protein_coding	ENSMUSG00000054931	+	Zkscan4	264
265	Gm23779	chr13	21486338	21486401	snRNA	ENSMUSG00000088563	-	Gm23779	265
266	AK157302	chr13	21495223	21497146	protein_coding	ENSMUSG00000078139	+	AK157302	266
267	Gm11273	chr13	21501029	21501418	protein_coding	ENSMUSG00000079941	-	Gm11273	267
268	Zfp389	chr13	21504313	21506533	transcribed_processed_pseudogene	ENSMUSG00000082396	-	Zfp389	268
269	Zkscan8	chr13	21513222	21531120	protein_coding	ENSMUSG00000063894	-	Zkscan8	269
270	Olfr1366	chr13	21535113	21542808	protein_coding	ENSMUSG00000048996	-	Olfr1366	270
271	Olfr1535	chr13	21553894	21559893	protein_coding	ENSMUSG00000054890	-	Olfr1535	271
272	Olfr1364	chr13	21571813	21581759	protein_coding	ENSMUSG00000046016	-	Olfr1364	272
273	Olfr11	chr13	21636623	21642518	protein_coding	ENSMUSG00000036658	-	Olfr11	273
274	Olfr1361	chr13	21656880	21663386	protein_coding	ENSMUSG00000049737	-	Olfr1361	274
275	Olfr1360	chr13	21673431	21677405	protein_coding	ENSMUSG00000108534	-	Olfr1360	275
276	Olfr1359	chr13	21698111	21706833	protein_coding	ENSMUSG00000108674	+	Olfr1359	276
277	Gm11274	chr13	21769125	21770476	lncRNA	ENSMUSG00000085331	+	Gm11274	277
278	Hist1h2bp	chr13	21787461	21789213	protein_coding	ENSMUSG00000069308	+	Hist1h2bp	278
279	Hist1h2br	chr13	21833743	21837530	protein_coding	ENSMUSG00000069303	+	Hist1h2br	279
280	Gm11279	chr13	21903156	21904784	processed_pseudogene	ENSMUSG00000081576	+	Gm11279	280
281	Gm11280	chr13	21940374	21945197	lncRNA	ENSMUSG00000085393	-	Gm11280	281
282	Zfp184	chr13	21945094	21960779	protein_coding	ENSMUSG00000006720	+	Zfp184	282
283	Gm11281	chr13	21953053	21953628	processed_pseudogene	ENSMUSG00000078917	-	Gm11281	283
284	Pom121l2	chr13	21981194	21988734	protein_coding	ENSMUSG00000016982	+	Pom121l2	284
285	Prss16	chr13	22002173	22009742	protein_coding	ENSMUSG00000006179	-	Prss16	285
286	Gm11290	chr13	22014468	22020738	lncRNA	ENSMUSG00000085827	+	Gm11290	286
287	Gm11292	chr13	22026699	22032196	lncRNA	ENSMUSG00000043145	+	Gm11292	287
288	Hist1h4i	chr13	22040636	22041362	protein_coding	ENSMUSG00000060639	-	Hist1h4i	288
289	Gm48356	chr13	22049514	22051450	TEC	ENSMUSG00000114817	+	Gm48356	289
290	Vmn1r-ps92	chr13	22057346	22057862	unprocessed_pseudogene	ENSMUSG00000083873	-	Vmn1r-ps92	290
291	Vmn1r188	chr13	22084440	22095916	protein_coding	ENSMUSG00000069299	+	Vmn1r188	291
292	Vmn1r189	chr13	22099762	22105824	protein_coding	ENSMUSG00000099611	-	Vmn1r189	292
293	Vmn1r-ps95	chr13	22123289	22124191	unprocessed_pseudogene	ENSMUSG00000081469	+	Vmn1r-ps95	293
294	Vmn1r-ps97	chr13	22136424	22137026	unprocessed_pseudogene	ENSMUSG00000083167	-	Vmn1r-ps97	294
295	Vmn1r191	chr13	22173220	22183969	protein_coding	ENSMUSG00000095916	-	Vmn1r191	295
296	Vmn1r192	chr13	22183997	22191141	protein_coding	ENSMUSG00000099787	-	Vmn1r192	296
297	Gm25084	chr13	22204575	22204675	miRNA	ENSMUSG00000096817	-	Gm25084	297
298	Vmn1r193	chr13	22213672	22223160	protein_coding	ENSMUSG00000046932	-	Vmn1r193	298
299	Vmn1r194	chr13	22244215	22245105	protein_coding	ENSMUSG00000069297	+	Vmn1r194	299
300	Vmn1r195	chr13	22270522	22281230	protein_coding	ENSMUSG00000069296	+	Vmn1r195	300
301	Gm11295	chr13	22282354	22283548	processed_pseudogene	ENSMUSG00000084038	+	Gm11295	301
302	Vmn1r196	chr13	22289920	22298360	protein_coding	ENSMUSG00000069295	+	Vmn1r196	302
303	Vmn1r197	chr13	22324589	22332866	protein_coding	ENSMUSG00000069294	+	Vmn1r197	303
304	Vmn1r198	chr13	22350364	22360301	protein_coding	ENSMUSG00000095125	+	Vmn1r198	304
305	Vmn1r-ps101	chr13	22370561	22370825	unprocessed_pseudogene	ENSMUSG00000114666	+	Vmn1r-ps101	305
306	Vmn1r199	chr13	22379818	22388102	protein_coding	ENSMUSG00000069292	+	Vmn1r199	306
307	Vmn1r200	chr13	22390373	22400052	protein_coding	ENSMUSG00000101073	+	Vmn1r200	307
308	Gm11298	chr13	22464296	22467857	processed_pseudogene	ENSMUSG00000083940	+	Gm11298	308
309	Vmn1r201	chr13	22471923	22478701	protein_coding	ENSMUSG00000094898	+	Vmn1r201	309
310	Vmn1r-ps106	chr13	22480631	22483043	unprocessed_pseudogene	ENSMUSG00000081717	+	Vmn1r-ps106	310
311	Vmn1r-ps108	chr13	22496034	22496398	unprocessed_pseudogene	ENSMUSG00000081495	+	Vmn1r-ps108	311
312	Vmn1r202	chr13	22497750	22505381	protein_coding	ENSMUSG00000094379	-	Vmn1r202	312
313	Vmn1r203	chr13	22518114	22531992	protein_coding	ENSMUSG00000069289	+	Vmn1r203	313
314	Vmn1r204	chr13	22553198	22558200	protein_coding	ENSMUSG00000094637	+	Vmn1r204	314
315	Vmn1r206	chr13	22617456	22624251	protein_coding	ENSMUSG00000101578	-	Vmn1r206	315
316	Vmn1r-ps110	chr13	22628071	22629164	unprocessed_pseudogene	ENSMUSG00000083413	-	Vmn1r-ps110	316
317	Gm11307	chr13	22675660	22676969	processed_pseudogene	ENSMUSG00000082178	+	Gm11307	317
318	Gm11309	chr13	22691299	22714987	lncRNA	ENSMUSG00000085221	+	Gm11309	318
319	Vmn1r207-ps	chr13	22722717	22729629	protein_coding	ENSMUSG00000084136	-	Vmn1r207-ps	319
320	Vmn1r208	chr13	22771474	22777400	protein_coding	ENSMUSG00000071493	-	Vmn1r208	320
321	Gm11314	chr13	22772656	22773471	lncRNA	ENSMUSG00000087643	+	Gm11314	321
322	Vmn1r209	chr13	22800629	22809682	protein_coding	ENSMUSG00000071491	-	Vmn1r209	322
323	Vmn1r210	chr13	22825875	22831348	protein_coding	ENSMUSG00000061296	-	Vmn1r210	323
324	Vmn1r211	chr13	22847426	22857561	protein_coding	ENSMUSG00000063998	-	Vmn1r211	324
325	Vmn1r-ps116	chr13	22875102	22875393	unprocessed_pseudogene	ENSMUSG00000082037	-	Vmn1r-ps116	325
326	Vmn1r-ps120	chr13	22939199	22940072	unprocessed_pseudogene	ENSMUSG00000082268	-	Vmn1r-ps120	326
327	Vmn1r213	chr13	23007656	23014482	protein_coding	ENSMUSG00000060024	+	Vmn1r213	327
328	Vmn1r214	chr13	23030418	23037957	protein_coding	ENSMUSG00000061829	+	Vmn1r214	328
329	Vmn1r215	chr13	23068025	23078006	protein_coding	ENSMUSG00000099917	+	Vmn1r215	329
330	Vmn1r216	chr13	23096976	23108732	protein_coding	ENSMUSG00000115697	+	Vmn1r216	330
331	Vmn1r217	chr13	23105100	23118226	protein_coding	ENSMUSG00000115791	-	Vmn1r217	331
332	Vmn1r218	chr13	23133155	23146112	protein_coding	ENSMUSG00000115020	+	Vmn1r218	332
333	Vmn1r219	chr13	23159312	23168154	protein_coding	ENSMUSG00000061376	+	Vmn1r219	333
334	Vmn1r220	chr13	23178514	23187975	protein_coding	ENSMUSG00000096099	-	Vmn1r220	334
335	Vmn1r-ps132	chr13	23201161	23202052	unprocessed_pseudogene	ENSMUSG00000080794	-	Vmn1r-ps132	335
336	Vmn1r221	chr13	23214127	23222913	protein_coding	ENSMUSG00000082316	+	Vmn1r221	336
337	Vmn1r222	chr13	23230836	23235947	protein_coding	ENSMUSG00000061022	-	Vmn1r222	337
338	Vmn1r223	chr13	23247134	23253906	protein_coding	ENSMUSG00000069280	+	Vmn1r223	338
339	Gm11331	chr13	23266534	23266821	unprocessed_pseudogene	ENSMUSG00000082593	+	Gm11331	339
340	Vmn1r-ps135	chr13	23268880	23269474	unprocessed_pseudogene	ENSMUSG00000084096	+	Vmn1r-ps135	340
341	4930557F10Rik	chr13	23276204	23313400	lncRNA	ENSMUSG00000085488	-	4930557F10Rik	341
342	4933404K08Rik	chr13	23278350	23282267	lncRNA	ENSMUSG00000085122	+	4933404K08Rik	342
343	4930586N03Rik	chr13	23313525	23385799	lncRNA	ENSMUSG00000087097	+	4930586N03Rik	343
344	Zfp322a	chr13	23353103	23369208	protein_coding	ENSMUSG00000046351	-	Zfp322a	344
345	Abt1	chr13	23418361	23423866	protein_coding	ENSMUSG00000036376	-	Abt1	345
346	C230035I16Rik	chr13	23427975	23431022	lncRNA	ENSMUSG00000085024	-	C230035I16Rik	346
347	Gm46404	chr13	23441822	23445935	lncRNA	ENSMUSG00000113440	-	Gm46404	347
348	Btn1a1	chr13	23456992	23465901	protein_coding	ENSMUSG00000000706	-	Btn1a1	348
349	Btn2a2	chr13	23477676	23488857	protein_coding	ENSMUSG00000053216	-	Btn2a2	349
350	Gm11335	chr13	23527011	23530943	lncRNA	ENSMUSG00000085016	-	Gm11335	350
351	Hist1h3g	chr13	23535422	23535951	protein_coding	ENSMUSG00000099517	+	Hist1h3g	351
352	Hist1h2bh	chr13	23541714	23543392	protein_coding	ENSMUSG00000114456	-	Hist1h2bh	352
353	Hist1h3f	chr13	23544052	23545312	protein_coding	ENSMUSG00000100210	+	Hist1h3f	353
354	Hist1h1d	chr13	23553262	23560686	protein_coding	ENSMUSG00000052565	+	Hist1h1d	354
355	Hist1h3e	chr13	23561534	23562369	protein_coding	ENSMUSG00000069273	-	Hist1h3e	355
356	Hist1h2ae	chr13	23570517	23571220	protein_coding	ENSMUSG00000069272	-	Hist1h2ae	356
357	Hist1h2bg	chr13	23571396	23572013	protein_coding	ENSMUSG00000058385	+	Hist1h2bg	357
358	Hist1h3d	chr13	23575763	23577011	protein_coding	ENSMUSG00000099583	+	Hist1h3d	358
359	Hist1h4d	chr13	23581598	23582735	protein_coding	ENSMUSG00000061482	+	Hist1h4d	359
360	Hist1h2be	chr13	23583670	23621124	protein_coding	ENSMUSG00000047246	-	Hist1h2be	360
361	Hist1h1e	chr13	23620629	23622558	protein_coding	ENSMUSG00000051627	-	Hist1h1e	361
362	Hist1h2ac	chr13	23681467	23683948	protein_coding	ENSMUSG00000069270	-	Hist1h2ac	362
363	Hist1h2bc	chr13	23684199	23692908	protein_coding	ENSMUSG00000018102	+	Hist1h2bc	363
364	Hist1h4c	chr13	23697635	23698454	protein_coding	ENSMUSG00000060678	-	Hist1h4c	364
365	Hfe	chr13	23702034	23710854	protein_coding	ENSMUSG00000006611	-	Hfe	365
366	Gm11338	chr13	23728548	23730106	unprocessed_pseudogene	ENSMUSG00000083206	+	Gm11338	366
367	Hist1h1c	chr13	23738808	23740367	protein_coding	ENSMUSG00000036181	+	Hist1h1c	367
368	Hist1h3b	chr13	23752267	23752886	protein_coding	ENSMUSG00000069267	+	Hist1h3b	368
369	Trim38	chr13	23769913	23791528	protein_coding	ENSMUSG00000064140	+	Trim38	369
370	Gm11337	chr13	23794768	23804599	lncRNA	ENSMUSG00000087173	-	Gm11337	370
371	Slc17a2	chr13	23806993	23825180	protein_coding	ENSMUSG00000036110	+	Slc17a2	371
372	Slc17a3	chr13	23839434	23860716	protein_coding	ENSMUSG00000036083	+	Slc17a3	372
373	Slc17a1	chr13	23867750	23895730	protein_coding	ENSMUSG00000021335	+	Slc17a1	373
374	Slc17a4	chr13	23895890	23915009	protein_coding	ENSMUSG00000021336	-	Slc17a4	374
375	Scgn	chr13	23953456	23991214	protein_coding	ENSMUSG00000021337	-	Scgn	375
376	Gm11339	chr13	23956809	23966175	lncRNA	ENSMUSG00000087603	+	Gm11339	376
377	Carmil1	chr13	24012344	24280795	protein_coding	ENSMUSG00000021338	-	Carmil1	377
378	Gm11343	chr13	24195897	24196495	processed_pseudogene	ENSMUSG00000081707	+	Gm11343	378
379	Gm11341	chr13	24320302	24320748	processed_pseudogene	ENSMUSG00000081909	+	Gm11341	379
380	Cmah	chr13	24327404	24477377	protein_coding	ENSMUSG00000016756	+	Cmah	380
381	Gm11342	chr13	24335937	24414803	lncRNA	ENSMUSG00000084788	-	Gm11342	381
382	Ripor2	chr13	24501525	24733816	protein_coding	ENSMUSG00000036006	+	Ripor2	382
383	Gm11346	chr13	24596347	24604925	transcribed_processed_pseudogene	ENSMUSG00000085603	-	Gm11346	383
384	Armh2	chr13	24741232	24746592	protein_coding	ENSMUSG00000085861	+	Armh2	384
385	Gmnn	chr13	24751845	24761923	protein_coding	ENSMUSG00000006715	-	Gmnn	385
386	BC005537	chr13	24801657	24816197	protein_coding	ENSMUSG00000019132	+	BC005537	386
387	Gm22358	chr13	24811447	24811568	snoRNA	ENSMUSG00000064811	-	Gm22358	387
388	Acot13	chr13	24817948	24831540	protein_coding	ENSMUSG00000006717	-	Acot13	388
389	Tdp2	chr13	24831679	24842153	protein_coding	ENSMUSG00000035958	+	Tdp2	389
390	D130043K22Rik	chr13	24845135	24901270	protein_coding	ENSMUSG00000006711	+	D130043K22Rik	390
391	4932702P03Rik	chr13	24905593	24914272	lncRNA	ENSMUSG00000086796	+	4932702P03Rik	391
392	Aldh5a1	chr13	24907579	24937661	protein_coding	ENSMUSG00000035936	-	Aldh5a1	392
393	9330162012Rik	chr13	24937401	24941417	lncRNA	ENSMUSG00000086448	+	9330162012Rik	393
394	Gpld1	chr13	24943152	24992501	protein_coding	ENSMUSG00000021340	+	Gpld1	394
395	Mrs2	chr13	24987483	25020379	protein_coding	ENSMUSG00000021339	-	Mrs2	395
396	Dcdc2a	chr13	25056004	25210706	protein_coding	ENSMUSG00000035910	+	Dcdc2a	396
397	Nrsn1	chr13	25252040	25270502	protein_coding	ENSMUSG00000048978	-	Nrsn1	397
398	F830002E08Rik	chr13	25428169	25430127	TEC	ENSMUSG00000114427	-	F830002E08Rik	398
399	Gm11349	chr13	25582271	25583386	processed_pseudogene	ENSMUSG00000080840	-	Gm11349	399
400	Gm11350	chr13	25680274	25681143	processed_pseudogene	ENSMUSG00000082161	-	Gm11350	400
401	Gm11351	chr13	25921033	25986293	lncRNA	ENSMUSG00000086531	-	Gm11351	401
402	1700092E19Rik	chr13	26283150	26312406	lncRNA	ENSMUSG00000084811	-	1700092E19Rik	402
403	Gm47881	chr13	26358954	26360026	TEC	ENSMUSG00000114660	-	Gm47881	403
404	Hdgfl1	chr13	26768173	26770165	protein_coding	ENSMUSG00000045835	-	Hdgfl1	404
405	4921520N01Rik	chr13	26769393	26772727	lncRNA	ENSMUSG00000114342	+	4921520N01Rik	405
406	Gm11354	chr13	26787365	26787786	processed_pseudogene	ENSMUSG00000081653	-	Gm11354	406
407	Gm47888	chr13	26968491	27058022	lncRNA	ENSMUSG00000114646	-	Gm47888	407
408	Prl	chr13	27057570	27065205	protein_coding	ENSMUSG00000021342	+	Prl	408
409	Prl3d1	chr13	27094190	27100258	protein_coding	ENSMUSG00000057170	+	Prl3d1	409
410	Prl3d2	chr13	27121698	27127555	protein_coding	ENSMUSG00000062737	+	Prl3d2	410
411	Prl3d3	chr13	27156790	27162593	protein_coding	ENSMUSG00000062201	+	Prl3d3	411
412	Prl3c1	chr13	27196659	27203749	protein_coding	ENSMUSG00000017922	+	Prl3c1	412
413	Prl3b1	chr13	27241847	27249683	protein_coding	ENSMUSG00000038891	+	Prl3b1	413
414	Prl3a1	chr13	27259436	27276667	protein_coding	ENSMUSG00000038883	+	Prl3a1	414
415	4930511O05Rik	chr13	27292616	27306032	lncRNA	ENSMUSG00000086698	+	4930511O05Rik	415
416	Prl6a1	chr13	27312627	27319252	protein_coding	ENSMUSG00000069259	+	Prl6a1	416
417	Gm11358	chr13	27331428	27334404	unprocessed_pseudogene	ENSMUSG00000082306	+	Gm11358	417
418	Prl8a2	chr13	27345673	27354216	protein_coding	ENSMUSG00000018259	+	Prl8a2	418
419	Prl8a6	chr13	27432681	27438688	protein_coding	ENSMUSG00000021345	-	Prl8a6	419
420	Prl8a8	chr13	27506968	27513217	protein_coding	ENSMUSG00000021346	-	Prl8a8	420
421	Prl8a9	chr13	27557995	27564606	protein_coding	ENSMUSG00000006490	-	Prl8a9	421
422	Prl8a1	chr13	27573922	27582171	protein_coding	ENSMUSG00000019756	-	Prl8a1	422
423	Prl7b1	chr13	27601819	27610582	protein_coding	ENSMUSG00000021347	-	Prl7b1	423
424	Prl7a1	chr13	27633366	27642493	protein_coding	ENSMUSG00000006488	-	Prl7a1	424
425	Prl7a2	chr13	27658584	27668036	protein_coding	ENSMUSG00000046899	-	Prl7a2	425
426	Gm11359	chr13	27683199	27690868	unprocessed_pseudogene	ENSMUSG00000083946	-	Gm11359	426
427	Prl7d1	chr13	27706337	27716736	protein_coding	ENSMUSG00000021348	-	Prl7d1	427
428	Prl7c1	chr13	27773495	27780804	protein_coding	ENSMUSG00000060738	-	Prl7c1	428
429	Prl2a1	chr13	27801654	27808729	protein_coding	ENSMUSG00000022886	+	Prl2a1	429
430	Prl2c1	chr13	27849342	27857788	protein_coding	ENSMUSG00000062551	+	Prl2c1	430
431	Prl4a1	chr13	28016212	28023559	protein_coding	ENSMUSG00000005891	+	Prl4a1	431
432	Gm47019	chr13	28072061	28090874	unprocessed_pseudogene	ENSMUSG00000114182	+	Gm47019	432
433	Prl5a1	chr13	28142484	28151611	protein_coding	ENSMUSG00000017064	+	Prl5a1	433
434	Gm11361	chr13	28257528	28258134	protein_coding	ENSMUSG00000113061	+	Gm11361	434
435	Gm47172	chr13	28285569	28309898	unprocessed_pseudogene	ENSMUSG00000113418	+	Gm47172	435
436	Gm40841	chr13	28394453	28420066	lncRNA	ENSMUSG00000113216	-	Gm40841	436
437	2610307P16Rik	chr13	28460034	28885620	lncRNA	ENSMUSG00000085936	-	2610307P16Rik	437
438	Mir6368	chr13	28710781	28710873	miRNA	ENSMUSG00000099158	-	Mir6368	438
439	Gm11362	chr13	28836875	28837724	processed_pseudogene	ENSMUSG00000082861	+	Gm11362	439
440	Gm34639	chr13	28889458	28898676	lncRNA	ENSMUSG00000113352	-	Gm34639	440
441	Sox4	chr13	28948919	28953713	protein_coding	ENSMUSG00000076431	-	Sox4	441
442	A330102I10Rik	chr13	29014399	29040336	lncRNA	ENSMUSG00000086363	+	A330102I10Rik	442
443	Gm11363	chr13	29130211	29130758	processed_pseudogene	ENSMUSG00000082730	-	Gm11363	443
444	Cdkal1	chr13	29191746	29855674	protein_coding	ENSMUSG00000006191	-	Cdkal1	444
445	E2f3	chr13	29906575	29986063	protein_coding	ENSMUSG00000016477	-	E2f3	445
446	Gm11365	chr13	29940283	29942261	lncRNA	ENSMUSG00000086893	+	Gm11365	446
447	Gm11368	chr13	30058677	30062971	lncRNA	ENSMUSG00000085188	+	Gm11368	447
448	Gm47259	chr13	30098493	30102042	TEC	ENSMUSG00000113366	+	Gm47259	448
449	Mboat1	chr13	30136489	30246717	protein_coding	ENSMUSG00000038732	+	Mboat1	449
450	Agtr1a	chr13	30336441	30382867	protein_coding	ENSMUSG00000049115	+	Agtr1a	450
451	Gm48161	chr13	30370359	30377183	lncRNA	ENSMUSG00000113424	+	Gm48161	451
452	Uqcrfs1	chr13	30540308	30545362	protein_coding	ENSMUSG00000038462	-	Uqcrfs1	452
453	4930519D14Rik	chr13	30615043	30624259	lncRNA	ENSMUSG00000086263	+	4930519D14Rik	453
454	Dusp22	chr13	30659999	30711231	protein_coding	ENSMUSG00000069255	+	Dusp22	454
455	Irf4	chr13	30749226	30766976	protein_coding	ENSMUSG00000021356	+	Irf4	455
456	Gm29675	chr13	30784433	30795226	lncRNA	ENSMUSG00000113515	-	Gm29675	456
457	Exoc2	chr13	30813919	30974093	protein_coding	ENSMUSG00000021357	-	Exoc2	457
458	Hus1b	chr13	30946573	30947759	protein_coding	ENSMUSG00000076430	-	Hus1b	458
459	Gm5447	chr13	30974164	30976248	TEC	ENSMUSG00000056257	+	Gm5447	459
460	4930401O12Rik	chr13	31213410	31241086	lncRNA	ENSMUSG00000087460	-	4930401O12Rik	460
461	Gm11373	chr13	31325934	31330767	lncRNA	ENSMUSG00000087662	-	Gm11373	461
462	G630018N14Rik	chr13	31349901	31408922	lncRNA	ENSMUSG00000085620	-	G630018N14Rik	462
463	Gm11376	chr13	31392578	31396579	lncRNA	ENSMUSG00000087140	+	Gm11376	463
464	A530084C06Rik	chr13	31556134	31559333	protein_coding	ENSMUSG00000090863	-	A530084C06Rik	464
465	Foxq1	chr13	31556134	31560976	protein_coding	ENSMUSG00000038415	+	Foxq1	465
466	Gm11377	chr13	31564749	31573562	lncRNA	ENSMUSG00000087220	+	Gm11377	466
467	1700018A04Rik	chr13	31565492	31625792	lncRNA	ENSMUSG00000038408	-	1700018A04Rik	467
468	Foxf2	chr13	31625816	31631403	protein_coding	ENSMUSG00000038402	+	Foxf2	468
469	Gm11379	chr13	31797539	31800789	lncRNA	ENSMUSG00000086144	+	Gm11379	469
470	Foxc1	chr13	31806633	31812476	protein_coding	ENSMUSG00000050295	+	Foxc1	470
471	Gmds	chr13	31819579	32338740	protein_coding	ENSMUSG00000038372	-	Gmds	471
472	Gm48883	chr13	31832905	31834736	TEC	ENSMUSG00000113119	-	Gm48883	472
473	Gm11380	chr13	31884225	31885224	processed_pseudogene	ENSMUSG00000083149	+	Gm11380	473
474	Gm48885	chr13	32095279	32099175	TEC	ENSMUSG00000112944	-	Gm48885	474
475	A730091E23Rik	chr13	32338819	32342643	TEC	ENSMUSG00000113965	+	A730091E23Rik	475
476	Gm11381	chr13	32379907	32383688	lncRNA	ENSMUSG00000085770	-	Gm11381	476
477	Gm48073	chr13	32532919	32536415	lncRNA	ENSMUSG00000113449	-	Gm48073	477
478	Mylk4	chr13	32700827	32783954	protein_coding	ENSMUSG00000044951	-	Mylk4	478
479	D930007J09Rik	chr13	32800633	32803091	lncRNA	ENSMUSG00000042874	-	D930007J09Rik	479
480	Wrnip1	chr13	32802038	32822609	protein_coding	ENSMUSG00000021400	+	Wrnip1	480
481	Serpinb1a	chr13	32842092	32851185	protein_coding	ENSMUSG00000044734	-	Serpinb1a	481
482	Serpinb1-ps1	chr13	32859959	32863170	unprocessed_pseudogene	ENSMUSG00000081433	-	Serpinb1-ps1	482
483	Serpinb1c	chr13	32881434	32898211	protein_coding	ENSMUSG00000079049	-	Serpinb1c	483
484	Serpinb6b	chr13	32965209	32979067	protein_coding	ENSMUSG00000042842	+	Serpinb6b	484
485	Gm47662	chr13	32997062	33001750	lncRNA	ENSMUSG00000114185	+	Gm47662	485
486	Serpinb9	chr13	33003250	33017957	protein_coding	ENSMUSG00000045827	+	Serpinb9	486
487	Serpinb9b	chr13	33027416	33041884	protein_coding	ENSMUSG00000021403	+	Serpinb9b	487
488	Serpinb1b	chr13	33078575	33094380	protein_coding	ENSMUSG00000051029	+	Serpinb1b	488
489	Gm11384	chr13	33105539	33133493	unprocessed_pseudogene	ENSMUSG00000083653	-	Gm11384	489
490	Serpinb9c	chr13	33149275	33159742	protein_coding	ENSMUSG00000021404	-	Serpinb9c	490
491	Serpinb9d	chr13	33192959	33203129	protein_coding	ENSMUSG00000054266	+	Serpinb9d	491
492	Serpinb9e	chr13	33249612	33260850	protein_coding	ENSMUSG00000062342	+	Serpinb9e	492
493	Serpinb9f	chr13	33324077	33335370	protein_coding	ENSMUSG00000038327	+	Serpinb9f	493
494	Serpinb9h	chr13	33395761	33405285	protein_coding	ENSMUSG00000071452	+	Serpinb9h	494
495	Serpinb9g	chr13	33484790	33496004	protein_coding	ENSMUSG00000057726	+	Serpinb9g	495
496	Gm11387	chr13	33508127	33526311	unprocessed_pseudogene	ENSMUSG00000081903	+	Gm11387	496
497	Gm11393	chr13	33542999	33550698	unprocessed_pseudogene	ENSMUSG00000082722	+	Gm11393	497
498	Gm6093	chr13	33562486	33569317	lncRNA	ENSMUSG00000112963	-	Gm6093	498
499	Serpinb6d	chr13	33661405	33671581	protein_coding	ENSMUSG00000047889	+	Serpinb6d	499
500	Gm11389	chr13	33686457	33689508	unprocessed_pseudogene	ENSMUSG00000082986	+	Gm11389	500
501	Gm26701	chr13	33700473	33701102	unprocessed_pseudogene	ENSMUSG00000097202	-	Gm26701	501
502	Gm11392	chr13	33718276	33722055	unprocessed_pseudogene	ENSMUSG00000097931	+	Gm11392	502
503	Vmn2r-ps94	chr13	33766920	33811602	unprocessed_pseudogene	ENSMUSG00000080317	+	Vmn2r-ps94	503
504	Serpinb6e	chr13	33832345	33843408	protein_coding	ENSMUSG00000069248	-	Serpinb6e	504
505	Serpinb6c	chr13	33879816	33905708	protein_coding	ENSMUSG00000052180	-	Serpinb6c	505
506	Serpinb6a	chr13	33917918	34002794	protein_coding	ENSMUSG00000060147	-	Serpinb6a	506
507	1110046J04Rik	chr13	33935567	33960181	lncRNA	ENSMUSG00000085457	+	1110046J04Rik	507
508	Nqo2	chr13	33964687	33988443	protein_coding	ENSMUSG00000046949	+	Nqo2	508
509	Ripk1	chr13	34002363	34037147	protein_coding	ENSMUSG00000021408	+	Ripk1	509
510	Gm17083	chr13	34006966	34008331	processed_pseudogene	ENSMUSG00000090628	-	Gm17083	510
511	Gm17084	chr13	34034526	34035036	processed_pseudogene	ENSMUSG00000091462	+	Gm17084	511
512	Bphl	chr13	34037597	34074074	protein_coding	ENSMUSG00000038286	+	Bphl	512
513	Tubb2a	chr13	34074274	34078007	protein_coding	ENSMUSG00000058672	-	Tubb2a	513
514	4930447K03Rik	chr13	34084155	34113272	lncRNA	ENSMUSG00000113591	-	4930447K03Rik	514
515	Gm47065	chr13	34087137	34089027	transcribed_unprocessed_pseudogene	ENSMUSG00000114067	-	Gm47065	515
516	Gm47076	chr13	34119701	34122465	lncRNA	ENSMUSG00000113645	+	Gm47076	516
517	Tubb2b	chr13	34126748	34130466	protein_coding	ENSMUSG00000045136	-	Tubb2b	517
518	Gm36500	chr13	34133860	34137654	lncRNA	ENSMUSG00000113883	+	Gm36500	518
519	Psmg4	chr13	34162964	34178173	protein_coding	ENSMUSG00000071451	+	Psmg4	519
520	Slc22a23	chr13	34179158	34345182	protein_coding	ENSMUSG00000038267	-	Slc22a23	520
521	Gm24530	chr13	34276965	34277252	misc_RNA	ENSMUSG00000088573	-	Gm24530	521
522	Gm40909	chr13	34500728	34506511	lncRNA	ENSMUSG00000113998	-	Gm40909	522
523	Pxdc1	chr13	34627834	34653486	protein_coding	ENSMUSG00000021411	-	Pxdc1	523
524	Gm15908	chr13	34652923	34666774	lncRNA	ENSMUSG00000086786	+	Gm15908	524
525	Gm47152	chr13	34720682	34728661	lncRNA	ENSMUSG00000113457	+	Gm47152	525
526	Fam50b	chr13	34734850	34747623	protein_coding	ENSMUSG00000038246	+	Fam50b	526
527	Gm47157	chr13	34781585	34814544	lncRNA	ENSMUSG00000113484	-	Gm47157	527
528	Gm36839	chr13	34872512	34875432	lncRNA	ENSMUSG00000113170	-	Gm36839	528
529	Prpf4b	chr13	34875302	34906064	protein_coding	ENSMUSG00000021413	+	Prpf4b	529
530	Fam217a	chr13	34909960	34924310	protein_coding	ENSMUSG00000021414	-	Fam217a	530
531	4933417A18Rik	chr13	34924409	34955875	protein_coding	ENSMUSG00000021415	+	4933417A18Rik	531
532	Eci3	chr13	34946614	34963810	protein_coding	ENSMUSG00000021416	-	Eci3	532
533	Gm16984	chr13	34963982	34990452	lncRNA	ENSMUSG00000085962	+	Gm16984	533
534	Eci2	chr13	34977748	35027096	protein_coding	ENSMUSG00000021417	-	Eci2	534
535	Gm48626	chr13	35027354	35031946	lncRNA	ENSMUSG00000114061	-	Gm48626	535
536	Gm40910	chr13	35052727	35083260	lncRNA	ENSMUSG00000113738	+	Gm40910	536
537	Gm48629	chr13	35065461	35067620	lncRNA	ENSMUSG00000114233	+	Gm48629	537
538	4930529N20Rik	chr13	35167146	35172309	lncRNA	ENSMUSG00000113906	-	4930529N20Rik	538
539	1700011B04Rik	chr13	35167927	35188017	lncRNA	ENSMUSG00000102099	+	1700011B04Rik	539
540	1700019C18Rik	chr13	35184370	35212048	lncRNA	ENSMUSG00000113770	-	1700019C18Rik	540
541	Gm48694	chr13	35242971	35256521	lncRNA	ENSMUSG00000114237	-	Gm48694	541
542	Gm48703	chr13	35395383	35455832	lncRNA	ENSMUSG00000114838	+	Gm48703	542
543	Gm48704	chr13	35543902	35545484	lncRNA	ENSMUSG00000114337	+	Gm48704	543
544	Gm48707	chr13	35603030	35660777	lncRNA	ENSMUSG00000114661	-	Gm48707	544
545	Cdyl	chr13	35659833	35874063	protein_coding	ENSMUSG00000059288	+	Cdyl	545
546	Gm48708	chr13	35773573	35776896	lncRNA	ENSMUSG00000114373	-	Gm48708	546
547	Gm48706	chr13	35798750	35802136	TEC	ENSMUSG00000114555	+	Gm48706	547
548	Rpp40	chr13	35893472	35906359	protein_coding	ENSMUSG00000021418	-	Rpp40	548
549	Gm48746	chr13	35905457	35921389	lncRNA	ENSMUSG00000114270	+	Gm48746	549
550	Gm48756	chr13	35937549	35937833	processed_pseudogene	ENSMUSG00000114910	-	Gm48756	550
551	Gm30127	chr13	35957545	35965008	lncRNA	ENSMUSG00000114647	-	Gm30127	551
552	Ppp1r3g	chr13	35958839	35970388	protein_coding	ENSMUSG00000050423	+	Ppp1r3g	552
553	Lyrm4	chr13	35978395	36117526	protein_coding	ENSMUSG00000046573	-	Lyrm4	553
554	Gm48770	chr13	35995453	36014464	lncRNA	ENSMUSG00000114857	+	Gm48770	554
555	Gm48765	chr13	36006725	36189723	lncRNA	ENSMUSG00000114407	-	Gm48765	555
556	Fars2	chr13	36117412	36726280	protein_coding	ENSMUSG00000021420	+	Fars2	556
557	Gm48766	chr13	36252359	36256920	TEC	ENSMUSG00000114617	+	Gm48766	557
558	Gm48763	chr13	36458447	36459280	TEC	ENSMUSG00000114714	-	Gm48763	558
559	Gm8277	chr13	36558466	36559065	processed_pseudogene	ENSMUSG00000114581	-	Gm8277	559
560	Gm48767	chr13	36569764	36575934	lncRNA	ENSMUSG00000114387	-	Gm48767	560
561	Gm46409	chr13	36612816	36653073	lncRNA	ENSMUSG00000114851	+	Gm46409	561
562	Nrn1	chr13	36725361	36735131	protein_coding	ENSMUSG00000039114	-	Nrn1	562
563	Gm30177	chr13	36727258	36729259	lncRNA	ENSMUSG00000114708	+	Gm30177	563
564	Gm49144	chr13	36836366	36885596	lncRNA	ENSMUSG00000114483	+	Gm49144	564
565	F13a1	chr13	36867178	37050244	protein_coding	ENSMUSG00000039109	-	F13a1	565
566	Gm30489	chr13	36963239	36973329	lncRNA	ENSMUSG00000114329	+	Gm30489	566
567	Ly86	chr13	37345208	37419036	protein_coding	ENSMUSG00000021423	+	Ly86	567
568	Gm4035	chr13	37421833	37435149	lncRNA	ENSMUSG00000100760	-	Gm4035	568
569	Gm29459	chr13	37449400	37451157	lncRNA	ENSMUSG00000100932	-	Gm29459	569
570	Gm29458	chr13	37452212	37453208	lncRNA	ENSMUSG00000099847	-	Gm29458	570
571	Gm47731	chr13	37472038	37479213	lncRNA	ENSMUSG00000114701	+	Gm47731	571
572	Gm47732	chr13	37482385	37483150	lncRNA	ENSMUSG00000114573	+	Gm47732	572
573	Gm29590	chr13	37508940	37512074	lncRNA	ENSMUSG00000100022	+	Gm29590	573
574	Lncbate6	chr13	37541357	37549725	lncRNA	ENSMUSG00000114665	+	Lncbate6	574
575	Gm47751	chr13	37561945	37564972	lncRNA	ENSMUSG00000114724	-	Gm47751	575
576	Gm47754	chr13	37581077	37589313	lncRNA	ENSMUSG00000114784	+	Gm47754	576
577	Gm40915	chr13	37616964	37627603	lncRNA	ENSMUSG00000114404	-	Gm40915	577
578	Gm40916	chr13	37633938	37648236	lncRNA	ENSMUSG00000114355	-	Gm40916	578
579	AI463229	chr13	37657022	37667734	lncRNA	ENSMUSG00000114828	-	AI463229	579
580	Gm40918	chr13	37692089	37717648	lncRNA	ENSMUSG00000114732	-	Gm40918	580
581	Gm31600	chr13	37761748	37768147	lncRNA	ENSMUSG00000114800	+	Gm31600	581
582	Rreb1	chr13	37778400	37952005	protein_coding	ENSMUSG00000039087	+	Rreb1	582
583	Gm46411	chr13	37793382	37799790	lncRNA	ENSMUSG00000114370	-	Gm46411	583
584	Ssr1	chr13	37966605	37994217	protein_coding	ENSMUSG00000021427	-	Ssr1	584
585	Cage1	chr13	38006052	38037069	protein_coding	ENSMUSG00000044566	-	Cage1	585
586	Riok1	chr13	38036995	38061433	protein_coding	ENSMUSG00000021428	+	Riok1	586
587	Gm27387	chr13	38086202	38086317	miRNA	ENSMUSG00000098481	+	Gm27387	587
588	Dsp	chr13	38151294	38198577	protein_coding	ENSMUSG00000054889	+	Dsp	588
589	Snrnp48	chr13	38204938	38227665	protein_coding	ENSMUSG00000021431	+	Snrnp48	589
590	Gm47978	chr13	38270388	38270609	processed_pseudogene	ENSMUSG00000114799	-	Gm47978	590
591	Gm47990	chr13	38320526	38340721	lncRNA	ENSMUSG00000114525	+	Gm47990	591
592	Bmp6	chr13	38345107	38500302	protein_coding	ENSMUSG00000039004	+	Bmp6	592
593	4930579J19Rik	chr13	38454149	38461805	lncRNA	ENSMUSG00000114895	-	4930579J19Rik	593
594	Txndc5	chr13	38500079	38528824	protein_coding	ENSMUSG00000038991	-	Txndc5	594
595	Gm31834	chr13	38527403	38532920	lncRNA	ENSMUSG00000114638	+	Gm31834	595
596	Gm48056	chr13	38535274	38536680	lncRNA	ENSMUSG00000114331	-	Gm48056	596
597	Gm40922	chr13	38554865	38563819	lncRNA	ENSMUSG00000114866	+	Gm40922	597
598	Bloc1s5	chr13	38592842	38635109	protein_coding	ENSMUSG00000038982	-	Bloc1s5	598
599	Gm47400	chr13	38634971	38637116	lncRNA	ENSMUSG00000114830	+	Gm47400	599
600	Eef1e1	chr13	38644207	38659058	protein_coding	ENSMUSG00000001707	-	Eef1e1	600
601	Gm46392	chr13	38710054	38908255	lncRNA	ENSMUSG00000114767	+	Gm46392	601
602	Gm47510	chr13	38723642	38727222	lncRNA	ENSMUSG00000114813	+	Gm47510	602
603	Gm47511	chr13	38775824	38777191	lncRNA	ENSMUSG00000114845	+	Gm47511	603
604	Gm47509	chr13	38782161	38825755	lncRNA	ENSMUSG00000114319	-	Gm47509	604
605	Gm47530	chr13	38917153	38919219	TEC	ENSMUSG00000114949	-	Gm47530	605
606	Slc35b3	chr13	38932136	38960875	protein_coding	ENSMUSG00000021432	-	Slc35b3	606
607	5033403F01Rik	chr13	38960619	38966605	lncRNA	ENSMUSG00000096932	+	5033403F01Rik	607
608	Gm47348	chr13	39440565	39449671	lncRNA	ENSMUSG00000114512	+	Gm47348	608
609	Gm3509	chr13	39463227	39467017	lncRNA	ENSMUSG00000114821	-	Gm3509	609
610	Gm47352	chr13	39571583	39699499	lncRNA	ENSMUSG00000114841	+	Gm47352	610
611	Gm32243	chr13	39617668	39647247	lncRNA	ENSMUSG00000114300	-	Gm32243	611
612	Gm40923	chr13	39771790	39791384	lncRNA	ENSMUSG00000114710	-	Gm40923	612
613	A230103O09Rik	chr13	39791438	39844840	lncRNA	ENSMUSG00000114491	+	A230103O09Rik	613
614	Gm47316	chr13	39877035	39884381	lncRNA	ENSMUSG00000114957	-	Gm47316	614
615	Ofcc1	chr13	40001882	40361450	protein_coding	ENSMUSG00000047094	-	Ofcc1	615
616	Gm47039	chr13	40559320	40606479	lncRNA	ENSMUSG00000114198	-	Gm47039	616
617	Gm47041	chr13	40642607	40644649	TEC	ENSMUSG00000114322	-	Gm47041	617
618	Gm9979	chr13	40704005	40707949	lncRNA	ENSMUSG00000055732	+	Gm9979	618
619	Tfap2a	chr13	40715302	40738376	protein_coding	ENSMUSG00000021359	-	Tfap2a	619
620	Gm47061	chr13	40723110	40725449	lncRNA	ENSMUSG00000114936	+	Gm47061	620
621	Gm26688	chr13	40727808	40735162	lncRNA	ENSMUSG00000097752	+	Gm26688	621
622	Gm48107	chr13	40754060	40754996	lncRNA	ENSMUSG00000114640	-	Gm48107	622
623	Gm6245	chr13	40778040	40778807	processed_pseudogene	ENSMUSG00000090475	+	Gm6245	623
624	Gm7201	chr13	40830797	40838656	processed_pseudogene	ENSMUSG00000114263	-	Gm7201	624
625	Gcnt2	chr13	40859754	40960892	protein_coding	ENSMUSG00000021360	+	Gcnt2	625
626	Gm48192	chr13	40873498	40874189	TEC	ENSMUSG00000114672	-	Gm48192	626
627	Gm31683	chr13	40907332	40917895	lncRNA	ENSMUSG00000114662	-	Gm31683	627
628	5530402G07Rik	chr13	40948889	40949631	TEC	ENSMUSG00000114723	-	5530402G07Rik	628
629	A730081D07Rik	chr13	40956414	41001151	lncRNA	ENSMUSG00000086693	-	A730081D07Rik	629
630	Pak1ip1	chr13	41001023	41013015	protein_coding	ENSMUSG00000038683	+	Pak1ip1	630
631	Tmem14c	chr13	41016292	41022586	protein_coding	ENSMUSG00000021361	+	Tmem14c	631
632	Mak	chr13	41025008	41079706	protein_coding	ENSMUSG00000021363	-	Mak	632
633	Gcm2	chr13	41101427	41111035	protein_coding	ENSMUSG00000021362	-	Gcm2	633
634	Sycp2l	chr13	41114307	41174351	protein_coding	ENSMUSG00000038651	+	Sycp2l	634
635	Gm48510	chr13	41176888	41179030	lncRNA	ENSMUSG00000114388	+	Gm48510	635
636	Elovl2	chr13	41182381	41220405	protein_coding	ENSMUSG00000021364	-	Elovl2	636
637	Gm32063	chr13	41236345	41241478	lncRNA	ENSMUSG00000114247	+	Gm32063	637
638	Smim13	chr13	41249844	41276577	protein_coding	ENSMUSG00000091264	+	Smim13	638
639	Nedd9	chr13	41309581	41487362	protein_coding	ENSMUSG00000021365	-	Nedd9	639
640	Gm26877	chr13	41359971	41370908	lncRNA	ENSMUSG00000097373	+	Gm26877	640
641	Gm48571	chr13	41379956	41384725	lncRNA	ENSMUSG00000114914	+	Gm48571	641
642	Gm32401	chr13	41487130	41544567	lncRNA	ENSMUSG00000114585	+	Gm32401	642
643	Gm32184	chr13	41543005	41559913	lncRNA	ENSMUSG00000114545	-	Gm32184	643
644	Tmem170b	chr13	41605907	41641355	protein_coding	ENSMUSG00000087370	+	Tmem170b	644
645	Gm5082	chr13	41649443	41656777	lncRNA	ENSMUSG00000054258	+	Gm5082	645
646	Adtrp	chr13	41763148	41847684	protein_coding	ENSMUSG00000058022	-	Adtrp	646
647	1700061E18Rik	chr13	41800783	41801795	lncRNA	ENSMUSG00000085759	+	1700061E18Rik	647
648	Gm28564	chr13	41843014	41849768	lncRNA	ENSMUSG00000099672	+	Gm28564	648
649	Gm10790	chr13	41865915	41913092	lncRNA	ENSMUSG00000113856	+	Gm10790	649
650	Gm28707	chr13	42049334	42050287	lncRNA	ENSMUSG00000100071	+	Gm28707	650
651	Hivep1	chr13	42052021	42192537	protein_coding	ENSMUSG00000021366	+	Hivep1	651
652	Edn1	chr13	42301476	42307990	protein_coding	ENSMUSG00000021367	+	Edn1	652
653	Gm23086	chr13	42624994	42625084	miRNA	ENSMUSG00000095255	+	Gm23086	653
654	Phactr1	chr13	42680623	43138526	protein_coding	ENSMUSG00000054728	+	Phactr1	654
655	Gm15810	chr13	42782692	42788258	lncRNA	ENSMUSG00000089710	-	Gm15810	655
656	Gm15812	chr13	42868338	42869602	processed_pseudogene	ENSMUSG00000085276	-	Gm15812	656
657	Gm15809	chr13	42998511	43006067	lncRNA	ENSMUSG00000090135	+	Gm15809	657
658	Gm26086	chr13	43052148	43052410	misc_RNA	ENSMUSG00000088527	-	Gm26086	658
659	Gm15813	chr13	43117673	43125717	lncRNA	ENSMUSG00000087202	-	Gm15813	659
660	Tbc1d7	chr13	43151740	43171501	protein_coding	ENSMUSG00000021368	-	Tbc1d7	660
661	Gfod1	chr13	43195245	43304172	protein_coding	ENSMUSG00000051335	-	Gfod1	661
662	Sirt5	chr13	43365496	43395203	protein_coding	ENSMUSG00000054021	+	Sirt5	662
663	Nol7	chr13	43398390	43407097	protein_coding	ENSMUSG00000063200	+	Nol7	663
664	Ranbp9	chr13	43402675	43481282	protein_coding	ENSMUSG00000038546	-	Ranbp9	664
665	Gm47597	chr13	43417534	43417865	processed_pseudogene	ENSMUSG00000112942	+	Gm47597	665
666	Gm26064	chr13	43425742	43425850	snRNA	ENSMUSG00000065315	-	Gm26064	666
667	Gm47683	chr13	43498897	43500167	lncRNA	ENSMUSG00000113891	-	Gm47683	667
668	Mcur1	chr13	43538393	43560191	protein_coding	ENSMUSG00000021371	-	Mcur1	668
669	Rnf182	chr13	43615710	43670945	protein_coding	ENSMUSG00000044164	+	Rnf182	669
670	Gm47728	chr13	43683120	43701064	lncRNA	ENSMUSG00000114121	+	Gm47728	670
671	Gm20751	chr13	43716791	43719038	lncRNA	ENSMUSG00000110016	+	Gm20751	671
672	Cd83	chr13	43784775	43803132	protein_coding	ENSMUSG00000015396	+	Cd83	672
673	Gm33115	chr13	43842438	43846157	lncRNA	ENSMUSG00000114192	+	Gm33115	673
674	Gm33195	chr13	43864669	43868589	lncRNA	ENSMUSG00000113780	+	Gm33195	674
675	Gm23117	chr13	43872802	43872909	snRNA	ENSMUSG00000089107	+	Gm23117	675
676	Gm2233	chr13	43948879	43952699	lncRNA	ENSMUSG00000113671	+	Gm2233	676
677	Gm33489	chr13	44010592	44018522	lncRNA	ENSMUSG00000113252	-	Gm33489	677
678	Gm33630	chr13	44092028	44099960	lncRNA	ENSMUSG00000113276	-	Gm33630	678
679	Gm5083	chr13	44121167	44125179	lncRNA	ENSMUSG00000089815	+	Gm5083	679
680	Gm33684	chr13	44150595	44151953	lncRNA	ENSMUSG00000113458	+	Gm33684	680
681	A330076C08Rik	chr13	44185760	44216487	lncRNA	ENSMUSG00000113186	-	A330076C08Rik	681
682	Gm47781	chr13	44232398	44239606	lncRNA	ENSMUSG00000113727	+	Gm47781	682
683	Gm29676	chr13	44249460	44280449	lncRNA	ENSMUSG00000113689	-	Gm29676	683
684	Gm33958	chr13	44363836	44391117	lncRNA	ENSMUSG00000112936	-	Gm33958	684
685	Gm27007	chr13	44400436	44455303	lncRNA	ENSMUSG00000098107	-	Gm27007	685
686	Gm27036	chr13	44438834	44439813	processed_pseudogene	ENSMUSG00000098124	-	Gm27036	686
687	1700029N11Rik	chr13	44439712	44469030	lncRNA	ENSMUSG00000098144	+	1700029N11Rik	687
688	Gm34084	chr13	44472426	44504548	lncRNA	ENSMUSG00000113010	-	Gm34084	688
689	Gm47792	chr13	44509558	44511037	lncRNA	ENSMUSG00000113492	+	Gm47792	689
690	Gm34276	chr13	44537309	44568668	lncRNA	ENSMUSG00000113977	-	Gm34276	690
691	Gm47805	chr13	44622182	44625217	lncRNA	ENSMUSG00000113730	+	Gm47805	691
692	Jarid2	chr13	44729474	44921643	protein_coding	ENSMUSG00000038518	+	Jarid2	692
693	Dtnbp1	chr13	44922075	45002147	protein_coding	ENSMUSG00000057531	-	Dtnbp1	693
694	Gm23104	chr13	45026252	45026355	snRNA	ENSMUSG00000065656	-	Gm23104	694
695	Gm9817	chr13	45078692	45081222	TEC	ENSMUSG00000047061	+	Gm9817	695
696	Gm40932	chr13	45099957	45117730	lncRNA	ENSMUSG00000113553	+	Gm40932	696
697	Gm47448	chr13	45235635	45335588	lncRNA	ENSMUSG00000113772	+	Gm47448	697
698	Gm34466	chr13	45246632	45267711	lncRNA	ENSMUSG00000113919	-	Gm34466	698
699	Mylip	chr13	45389742	45412022	protein_coding	ENSMUSG00000038175	+	Mylip	699
700	Gmpr	chr13	45507444	45553800	protein_coding	ENSMUSG00000000253	+	Gmpr	700
701	Atxn1	chr13	45549755	45965008	protein_coding	ENSMUSG00000046876	-	Atxn1	701
702	Gm47460	chr13	45749572	45755206	lncRNA	ENSMUSG00000114131	+	Gm47460	702
703	4930453C13Rik	chr13	45936040	45936904	lncRNA	ENSMUSG00000113987	+	4930453C13Rik	703
704	5033430I15Rik	chr13	45965253	45966508	lncRNA	ENSMUSG00000038152	+	5033430I15Rik	704
705	Gm45949	chr13	46060597	46068765	lncRNA	ENSMUSG00000113860	+	Gm45949	705
706	Gm10113	chr13	46175428	46191046	lncRNA	ENSMUSG00000062282	-	Gm10113	706
707	Stmnd1	chr13	46273721	46300115	protein_coding	ENSMUSG00000063529	+	Stmnd1	707
708	Rbm24	chr13	46418434	46431095	protein_coding	ENSMUSG00000038132	+	Rbm24	708
709	Gm35110	chr13	46472669	46501984	lncRNA	ENSMUSG00000114752	-	Gm35110	709
710	Cap2	chr13	46501848	46650281	protein_coding	ENSMUSG00000021373	+	Cap2	710
711	Gm47523	chr13	46605327	46619780	lncRNA	ENSMUSG00000114596	-	Gm47523	711
712	Fam8a1	chr13	46669522	46678056	protein_coding	ENSMUSG00000069237	+	Fam8a1	712
713	Nup153	chr13	46679905	46727940	protein_coding	ENSMUSG00000021374	-	Nup153	713
714	Kif13a	chr13	46749087	46929867	protein_coding	ENSMUSG00000021375	-	Kif13a	714
715	Gm24620	chr13	46767520	46767649	snoRNA	ENSMUSG00000064558	-	Gm24620	715
716	Gm48250	chr13	46881027	46884898	lncRNA	ENSMUSG00000114917	+	Gm48250	716
717	Gm22960	chr13	46902589	46902692	snRNA	ENSMUSG00000084466	+	Gm22960	717
718	2010001K21Rik	chr13	46979908	47011195	lncRNA	ENSMUSG00000051606	+	2010001K21Rik	718
719	Gm24769	chr13	46980720	46980848	snoRNA	ENSMUSG00000089131	+	Gm24769	719
720	Gm5790	chr13	47009533	47010945	processed_pseudogene	ENSMUSG00000114858	-	Gm5790	720
721	Nhlrc1	chr13	47012557	47014850	protein_coding	ENSMUSG00000044231	-	Nhlrc1	721
722	Tpmt	chr13	47022482	47044737	protein_coding	ENSMUSG00000021376	-	Tpmt	722
723	Gm18807	chr13	47024346	47024986	processed_pseudogene	ENSMUSG00000114376	+	Gm18807	723
724	Kdm1b	chr13	47043499	47085279	protein_coding	ENSMUSG00000038080	+	Kdm1b	724
725	Dek	chr13	47084775	47106201	protein_coding	ENSMUSG00000021377	-	Dek	725
726	1700026N04Rik	chr13	47106419	47109519	lncRNA	ENSMUSG00000114681	+	1700026N04Rik	726
727	Rnf144b	chr13	47122656	47247991	protein_coding	ENSMUSG00000038068	+	Rnf144b	727
728	A930002C04Rik	chr13	47143942	47148670	lncRNA	ENSMUSG00000114961	-	A930002C04Rik	728
729	Gm48581	chr13	47152357	47155008	TEC	ENSMUSG00000114882	-	Gm48581	729
730	Gm48612	chr13	47335251	47340939	lncRNA	ENSMUSG00000114958	-	Gm48612	730
731	Gm35733	chr13	47361386	47439554	lncRNA	ENSMUSG00000114843	+	Gm35733	731
732	4930471G24Rik	chr13	47667550	47668392	lncRNA	ENSMUSG00000114509	+	4930471G24Rik	732
733	G630093K05Rik	chr13	47910435	47934301	lncRNA	ENSMUSG00000114959	+	G630093K05Rik	733
734	4931429P17Rik	chr13	47960330	48018608	lncRNA	ENSMUSG00000047324	-	4931429P17Rik	734
735	Gm36101	chr13	48031773	48042471	lncRNA	ENSMUSG00000114810	+	Gm36101	735
736	A330033J07Rik	chr13	48044231	48262623	lncRNA	ENSMUSG00000097622	-	A330033J07Rik	736
737	Gm36346	chr13	48107617	48237251	lncRNA	ENSMUSG00000114457	-	Gm36346	737
738	Gm49291	chr13	48239054	48262591	lncRNA	ENSMUSG00000114860	-	Gm49291	738
739	Id4	chr13	48261228	48266026	protein_coding	ENSMUSG00000021379	+	Id4	739
740	A330048O09Rik	chr13	48272413	48273884	lncRNA	ENSMUSG00000097326	-	A330048O09Rik	740
741	Gm8588	chr13	48312670	48314251	processed_pseudogene	ENSMUSG00000114881	+	Gm8588	741
742	Gm48648	chr13	48359459	48408512	lncRNA	ENSMUSG00000114695	-	Gm48648	742
743	Zfp169	chr13	48487647	48513451	protein_coding	ENSMUSG00000050954	-	Zfp169	743
744	A830005F24Rik	chr13	48513570	48514859	protein_coding	ENSMUSG00000053181	+	A830005F24Rik	744
745	6720427I07Rik	chr13	48532905	48546500	lncRNA	ENSMUSG00000097375	-	6720427I07Rik	745
746	Mirlet7d	chr13	48536012	48536114	miRNA	ENSMUSG00000065453	-	Mirlet7d	746
747	Mirlet7a-1	chr13	48538179	48538272	miRNA	ENSMUSG00000065421	-	Mirlet7a-1	747
748	Gm37238	chr13	48542644	48545033	TEC	ENSMUSG00000103373	-	Gm37238	748
749	Ptpdc1	chr13	48577872	48625664	protein_coding	ENSMUSG00000038042	-	Ptpdc1	749
750	Gm36550	chr13	48593501	48595843	lncRNA	ENSMUSG00000113037	+	Gm36550	750
751	Barx1	chr13	48662998	48666507	protein_coding	ENSMUSG00000021381	+	Barx1	751
752	Phf2	chr13	48801750	48871119	protein_coding	ENSMUSG00000038025	-	Phf2	752
753	Phf2os1	chr13	48871112	48875460	lncRNA	ENSMUSG00000086889	+	Phf2os1	753
754	Fam120a	chr13	48879219	48968017	protein_coding	ENSMUSG00000038014	-	Fam120a	754
755	Wnk2	chr13	49036303	49148014	protein_coding	ENSMUSG00000037989	-	Wnk2	755
756	Ninj1	chr13	49187485	49196244	protein_coding	ENSMUSG00000037966	+	Ninj1	756
757	Card19	chr13	49202950	49216037	protein_coding	ENSMUSG00000037960	-	Card19	757
758	Susd3	chr13	49230690	49248706	protein_coding	ENSMUSG00000021384	-	Susd3	758
759	Fgd3	chr13	49261554	49320311	protein_coding	ENSMUSG00000037946	-	Fgd3	759
760	Bicd2	chr13	49341585	49387026	protein_coding	ENSMUSG00000037933	+	Bicd2	760
761	Ippk	chr13	49421249	49464573	protein_coding	ENSMUSG00000021385	+	Ippk	761
762	Cenpp	chr13	49464023	49652785	protein_coding	ENSMUSG00000021391	-	Cenpp	762
763	Tes3-ps	chr13	49493318	49496589	protein_coding	ENSMUSG00000113255	+	Tes3-ps	763
764	Ecm2	chr13	49504810	49532789	protein_coding	ENSMUSG00000043631	+	Ecm2	764
765	Aspn	chr13	49544443	49567565	protein_coding	ENSMUSG00000021388	+	Aspn	765
766	Omd	chr13	49582462	49592822	protein_coding	ENSMUSG00000048368	+	Omd	766
767	Ogn	chr13	49608046	49624501	protein_coding	ENSMUSG00000021390	+	Ogn	767
768	Nol8	chr13	49653078	49679016	protein_coding	ENSMUSG00000021392	+	Nol8	768
769	Iars	chr13	49682100	49734267	protein_coding	ENSMUSG00000037851	+	Iars	769
770	Gm25394	chr13	49684301	49684433	snoRNA	ENSMUSG00000087963	+	Gm25394	770
771	Gm23482	chr13	49714119	49714240	snoRNA	ENSMUSG00000077360	+	Gm23482	771
772	AC125070.1	chr13	49750465	49752616	processed_pseudogene	ENSMUSG00000118398	+	AC125070.1	772
773	Gm270	chr13	49764328	49765303	processed_pseudogene	ENSMUSG00000113823	+	Gm270	773
774	Gm30302	chr13	49784765	49799001	protein_coding	ENSMUSG00000114073	-	Gm30302	774
775	Gm47977	chr13	49784981	49787292	lncRNA	ENSMUSG00000112995	+	Gm47977	775
776	Gm8672	chr13	49861669	49864129	processed_pseudogene	ENSMUSG00000113530	-	Gm8672	776
777	Gm48009	chr13	49890423	49892868	processed_pseudogene	ENSMUSG00000113782	-	Gm48009	777
778	Gm8674	chr13	49899435	49904597	processed_pseudogene	ENSMUSG00000093976	-	Gm8674	778
779	Gm10784	chr13	49945096	49945333	processed_pseudogene	ENSMUSG00000094886	-	Gm10784	779
780	Gm48051	chr13	49970001	49974260	lncRNA	ENSMUSG00000114175	+	Gm48051	780
781	Gm6554	chr13	50000347	50002258	processed_pseudogene	ENSMUSG00000113963	-	Gm6554	781
782	Gm48052	chr13	50049004	50051005	processed_pseudogene	ENSMUSG00000113312	-	Gm48052	782
783	LOC667541	chr13	50056441	50058385	processed_pseudogene	ENSMUSG00000113888	-	LOC667541	783
784	4933433N18Rik	chr13	50137069	50146670	lncRNA	ENSMUSG00000113227	+	4933433N18Rik	784
785	Gm31126	chr13	50267976	50276670	lncRNA	ENSMUSG00000114035	+	Gm31126	785
786	Gm8739	chr13	50343583	50491741	lncRNA	ENSMUSG00000101136	-	Gm8739	786
787	Fbxw17	chr13	50417864	50433780	protein_coding	ENSMUSG00000037816	+	Fbxw17	787
788	Nutm2	chr13	50467307	50475355	protein_coding	ENSMUSG00000071909	+	Nutm2	788
789	Mir683-1	chr13	50544626	50544734	miRNA	ENSMUSG00000095697	-	Mir683-1	789
790	Gm20789	chr13	50561473	50570876	unprocessed_pseudogene	ENSMUSG00000113354	+	Gm20789	790
791	Gm904	chr13	50643228	50645838	protein_coding	ENSMUSG00000096641	+	Gm904	791
792	4930518P08Rik	chr13	50753391	50765248	lncRNA	ENSMUSG00000113652	-	4930518P08Rik	792
793	Gm2654	chr13	50786144	50787735	processed_pseudogene	ENSMUSG00000112976	+	Gm2654	793
794	Spin1	chr13	51100880	51152546	protein_coding	ENSMUSG00000021395	+	Spin1	794
795	Nxnl2	chr13	51171022	51175188	protein_coding	ENSMUSG00000021396	+	Nxnl2	795
796	Gm44341	chr13	51202698	51202835	miRNA	ENSMUSG00000106200	+	Gm44341	796
797	Hist1h2al	chr13	51202727	51203065	processed_pseudogene	ENSMUSG00000091383	-	Hist1h2al	797
798	Gm6056	chr13	51338921	51339707	processed_pseudogene	ENSMUSG00000113426	+	Gm6056	798
799	Gm47554	chr13	51344996	51345598	processed_pseudogene	ENSMUSG00000113162	+	Gm47554	799
800	Gm32834	chr13	51378136	51418686	lncRNA	ENSMUSG00000112959	-	Gm32834	800
801	S1pr3	chr13	51408639	51422797	protein_coding	ENSMUSG00000067586	+	S1pr3	801
802	Shc3	chr13	51431041	51569487	protein_coding	ENSMUSG00000021448	-	Shc3	802
803	Cks2	chr13	51645232	51650660	protein_coding	ENSMUSG00000062248	+	Cks2	803
804	Secisbp2	chr13	51651697	51684044	protein_coding	ENSMUSG00000035139	+	Secisbp2	804
805	Sema4d	chr13	51685529	51793747	protein_coding	ENSMUSG00000021451	-	Sema4d	805
806	Gadd45g	chr13	51846678	51848468	protein_coding	ENSMUSG00000021453	+	Gadd45g	806
807	Gm26651	chr13	51973214	51976583	lncRNA	ENSMUSG00000097495	+	Gm26651	807
808	Gm48190	chr13	52087607	52096668	lncRNA	ENSMUSG00000113090	-	Gm48190	808
809	4921525O09Rik	chr13	52096741	52124158	lncRNA	ENSMUSG00000113211	+	4921525O09Rik	809
810	Gm48199	chr13	52180411	52181637	lncRNA	ENSMUSG00000113399	+	Gm48199	810
811	Diras2	chr13	52504380	52531279	protein_coding	ENSMUSG00000047842	-	Diras2	811
812	Syk	chr13	52583173	52648792	protein_coding	ENSMUSG00000021457	+	Syk	812
813	BB123696	chr13	52729615	52757205	lncRNA	ENSMUSG00000113737	-	BB123696	813
814	Auh	chr13	52835119	52929681	protein_coding	ENSMUSG00000021460	-	Auh	814
815	Nfil3	chr13	52967209	52981073	protein_coding	ENSMUSG00000056749	-	Nfil3	815
816	Gm48336	chr13	53028918	53035090	lncRNA	ENSMUSG00000112952	+	Gm48336	816
817	Ror2	chr13	53109312	53286124	protein_coding	ENSMUSG00000021464	-	Ror2	817
818	Sptlc1	chr13	53332748	53377397	protein_coding	ENSMUSG00000021468	-	Sptlc1	818
819	Gm2762	chr13	53393657	53455630	lncRNA	ENSMUSG00000107008	+	Gm2762	819
820	Gm43262	chr13	53403950	53414830	lncRNA	ENSMUSG00000107305	-	Gm43262	820
821	Gm34022	chr13	53503606	53533257	lncRNA	ENSMUSG00000113834	-	Gm34022	821
822	9530014B07Rik	chr13	53635894	53639193	lncRNA	ENSMUSG00000113599	-	9530014B07Rik	822
823	Gm34278	chr13	53681609	53700417	lncRNA	ENSMUSG00000112965	-	Gm34278	823
824	Gm48548	chr13	53776627	53778973	lncRNA	ENSMUSG00000114143	+	Gm48548	824
825	Gm18974	chr13	53888627	53890855	processed_pseudogene	ENSMUSG00000114012	+	Gm18974	825
826	E130119H09Rik	chr13	53912263	53915748	lncRNA	ENSMUSG00000114069	-	E130119H09Rik	826
827	Gm34557	chr13	53921313	53934788	lncRNA	ENSMUSG00000113982	-	Gm34557	827
828	Gm48550	chr13	53968944	53976666	lncRNA	ENSMUSG00000113882	+	Gm48550	828
829	Drd1	chr13	54051183	54055705	protein_coding	ENSMUSG00000021478	-	Drd1	829
830	Sfxn1	chr13	54071869	54108342	protein_coding	ENSMUSG00000021474	+	Sfxn1	830
831	Hrh2	chr13	54192129	54236180	protein_coding	ENSMUSG00000034987	+	Hrh2	831
832	Gm16578	chr13	54219453	54223023	lncRNA	ENSMUSG00000090016	-	Gm16578	832
833	Gm48623	chr13	54301959	54312797	lncRNA	ENSMUSG00000112941	+	Gm48623	833
834	Gm48622	chr13	54309905	54327880	lncRNA	ENSMUSG00000113404	-	Gm48622	834
835	Cplx2	chr13	54371349	54383917	protein_coding	ENSMUSG00000025867	+	Cplx2	835
836	Gm22668	chr13	54429441	54429700	misc_RNA	ENSMUSG00000089341	-	Gm22668	836
837	Thoc3	chr13	54458837	54468849	protein_coding	ENSMUSG00000025872	-	Thoc3	837
838	Gm2830	chr13	54499705	54500089	processed_pseudogene	ENSMUSG00000086567	-	Gm2830	838
839	Simc1	chr13	54503779	54551290	protein_coding	ENSMUSG00000043183	+	Simc1	839
840	4833439L19Rik	chr13	54551218	54565435	protein_coding	ENSMUSG00000025871	-	4833439L19Rik	840
841	Arl10	chr13	54575015	54581128	protein_coding	ENSMUSG00000025870	+	Arl10	841
842	Nop16	chr13	54584185	54590090	protein_coding	ENSMUSG00000025869	-	Nop16	842
843	Higd2a	chr13	54590207	54591158	protein_coding	ENSMUSG00000025868	+	Higd2a	843
844	Cltb	chr13	54592401	54611344	protein_coding	ENSMUSG00000047547	-	Cltb	844
845	Faf2	chr13	54621784	54664063	protein_coding	ENSMUSG00000025873	+	Faf2	845
846	Rnf44	chr13	54679399	54693907	protein_coding	ENSMUSG00000034928	-	Rnf44	846
847	Cdhr2	chr13	54701461	54736662	protein_coding	ENSMUSG00000034918	+	Cdhr2	847
848	Gprin1	chr13	54736671	54749874	protein_coding	ENSMUSG00000069227	-	Gprin1	848
849	Sncb	chr13	54758860	54766595	protein_coding	ENSMUSG00000034891	-	Sncb	849
850	Gm16249	chr13	54777514	54783091	lncRNA	ENSMUSG00000084949	-	Gm16249	850
851	Eif4e1b	chr13	54783998	54788459	protein_coding	ENSMUSG00000074895	+	Eif4e1b	851
852	Tspan17	chr13	54789377	54796776	protein_coding	ENSMUSG00000025875	+	Tspan17	852
853	4930526F13Rik	chr13	54926763	54930256	lncRNA	ENSMUSG00000087335	-	4930526F13Rik	853
854	Unc5a	chr13	54949411	55006018	protein_coding	ENSMUSG00000025876	+	Unc5a	854
855	Hk3	chr13	55005985	55021385	protein_coding	ENSMUSG00000025877	-	Hk3	855
856	Uimc1	chr13	55027880	55100300	protein_coding	ENSMUSG00000025878	-	Uimc1	856
857	Gm6344	chr13	55085777	55086259	processed_pseudogene	ENSMUSG00000094446	+	Gm6344	857
858	Zfp346	chr13	55105311	55134825	protein_coding	ENSMUSG00000021481	+	Zfp346	858
859	Gm17617	chr13	55132962	55133548	protein_coding	ENSMUSG00000091768	-	Gm17617	859
860	Fgfr4	chr13	55152640	55168759	protein_coding	ENSMUSG00000005320	+	Fgfr4	860
861	Nsd1	chr13	55209782	55318325	protein_coding	ENSMUSG00000021488	+	Nsd1	861
862	Gm47816	chr13	55253225	55254401	processed_pseudogene	ENSMUSG00000114359	-	Gm47816	862
863	Rab24	chr13	55319743	55321946	protein_coding	ENSMUSG00000034789	-	Rab24	863
864	Prelid1	chr13	55320500	55325272	protein_coding	ENSMUSG00000021486	+	Prelid1	864
865	Mxd3	chr13	55325168	55329823	protein_coding	ENSMUSG00000021485	-	Mxd3	865
866	Lman2	chr13	55343833	55362783	protein_coding	ENSMUSG00000021484	-	Lman2	866
867	Rgs14	chr13	55369732	55384687	protein_coding	ENSMUSG00000052087	+	Rgs14	867
868	Slc34a1	chr13	55398187	55415592	protein_coding	ENSMUSG00000021490	+	Slc34a1	868
869	F12	chr13	55417958	55426793	protein_coding	ENSMUSG00000021492	-	F12	869
870	Grk6	chr13	55445072	55460927	protein_coding	ENSMUSG00000074886	+	Grk6	870
871	Prr7	chr13	55464267	55473154	protein_coding	ENSMUSG00000034686	+	Prr7	871
872	Dbn1	chr13	55473429	55488111	protein_coding	ENSMUSG00000034675	-	Dbn1	872
873	Mir6944	chr13	55477681	55477776	miRNA	ENSMUSG00000098341	-	Mir6944	873
874	Pdlim7	chr13	55495795	55513676	protein_coding	ENSMUSG00000021493	-	Pdlim7	874
875	Mir6945	chr13	55507625	55507692	miRNA	ENSMUSG00000099096	-	Mir6945	875
876	Dok3	chr13	55523231	55529296	protein_coding	ENSMUSG00000035711	-	Dok3	876
877	Ddx41	chr13	55530410	55536658	protein_coding	ENSMUSG00000021494	-	Ddx41	877
878	Gm46416	chr13	55535995	55536624	lncRNA	ENSMUSG00000114633	+	Gm46416	878
879	Fam193b	chr13	55539316	55571120	protein_coding	ENSMUSG00000021495	-	Fam193b	879
880	Tmed9	chr13	55573732	55597697	protein_coding	ENSMUSG00000058569	+	Tmed9	880
881	B4galt7	chr13	55599896	55610443	protein_coding	ENSMUSG00000021504	+	B4galt7	881
882	Gm15911	chr13	55602182	55604783	lncRNA	ENSMUSG00000086506	-	Gm15911	882
883	Caml	chr13	55623005	55632411	protein_coding	ENSMUSG00000021501	+	Caml	883
884	Ddx46	chr13	55635027	55681256	protein_coding	ENSMUSG00000021500	+	Ddx46	884
885	B230219D22Rik	chr13	55693124	55703500	protein_coding	ENSMUSG00000045767	+	B230219D22Rik	885
886	Txndc15	chr13	55714650	55726227	protein_coding	ENSMUSG00000021497	+	Txndc15	886
887	Pcbd2	chr13	55727368	55776830	protein_coding	ENSMUSG00000021496	+	Pcbd2	887
888	4930451E10Rik	chr13	55775136	55784505	lncRNA	ENSMUSG00000069223	-	4930451E10Rik	888
889	Catsper3	chr13	55784568	55808998	protein_coding	ENSMUSG00000021499	+	Catsper3	889
890	Pitx1	chr13	55825051	55836192	protein_coding	ENSMUSG00000021506	-	Pitx1	890
891	Gm47071	chr13	55826250	56084849	lncRNA	ENSMUSG00000114493	+	Gm47071	891
892	Gm47072	chr13	56027384	56030234	processed_pseudogene	ENSMUSG00000114229	-	Gm47072	892
893	H2afy	chr13	56073619	56136361	protein_coding	ENSMUSG00000015937	-	H2afy	893
894	Tifab	chr13	56173704	56178885	protein_coding	ENSMUSG00000049625	-	Tifab	894
895	4930550C17Rik	chr13	56222224	56243940	lncRNA	ENSMUSG00000097361	-	4930550C17Rik	895
896	Neurog1	chr13	56250478	56252163	protein_coding	ENSMUSG00000048904	-	Neurog1	896
897	Cxcl14	chr13	56288643	56296551	protein_coding	ENSMUSG00000021508	-	Cxcl14	897
898	Gm17878	chr13	56318325	56320334	processed_pseudogene	ENSMUSG00000114911	-	Gm17878	898
899	Gm3045	chr13	56426594	56433753	protein_coding	ENSMUSG00000110477	+	Gm3045	899
900	Slc25a48	chr13	56438355	56474239	protein_coding	ENSMUSG00000021509	+	Slc25a48	900
901	Fbxl21	chr13	56522472	56537898	protein_coding	ENSMUSG00000035509	+	Fbxl21	901
902	Lect2	chr13	56542464	56548502	protein_coding	ENSMUSG00000021539	-	Lect2	902
903	2010203P06Rik	chr13	56595537	56596642	lncRNA	ENSMUSG00000114604	+	2010203P06Rik	903
904	Tgfbi	chr13	56609523	56639562	protein_coding	ENSMUSG00000035493	+	Tgfbi	904
905	Gm27698	chr13	56699930	56700178	misc_RNA	ENSMUSG00000098962	+	Gm27698	905
906	Smad5	chr13	56703010	56742377	protein_coding	ENSMUSG00000021540	+	Smad5	906
907	Gm27271	chr13	56704030	56704199	misc_RNA	ENSMUSG00000098328	+	Gm27271	907
908	Trpc7	chr13	56773113	56895993	protein_coding	ENSMUSG00000021541	-	Trpc7	908
909	Gm22777	chr13	56930820	56930948	snoRNA	ENSMUSG00000077279	-	Gm22777	909
910	Gm48174	chr13	57239847	57240255	processed_pseudogene	ENSMUSG00000114363	+	Gm48174	910
911	Spock1	chr13	57421195	57908332	protein_coding	ENSMUSG00000056222	-	Spock1	911
912	Klhl3	chr13	58000228	58113592	protein_coding	ENSMUSG00000014164	-	Klhl3	912
913	Hnrnpa0	chr13	58125879	58128556	protein_coding	ENSMUSG00000007836	-	Hnrnpa0	913
914	1700066J03Rik	chr13	58146949	58149692	lncRNA	ENSMUSG00000097717	+	1700066J03Rik	914
915	Idnk	chr13	58157649	58164693	protein_coding	ENSMUSG00000050002	+	Idnk	915
916	Ubqln1	chr13	58176156	58215653	protein_coding	ENSMUSG00000005312	-	Ubqln1	916
917	Gm48357	chr13	58184896	58191318	lncRNA	ENSMUSG00000114524	-	Gm48357	917
918	Gm48441	chr13	58232143	58236750	lncRNA	ENSMUSG00000114929	+	Gm48441	918
919	Gkap1	chr13	58233346	58275699	protein_coding	ENSMUSG00000021552	-	Gkap1	919
920	Gm26555	chr13	58281183	58299145	lncRNA	ENSMUSG00000097399	+	Gm26555	920
921	Kif27	chr13	58287502	58359122	protein_coding	ENSMUSG00000060176	-	Kif27	921
922	Gm24284	chr13	58325267	58325408	snoRNA	ENSMUSG00000077428	+	Gm24284	922
923	2210016F16Rik	chr13	58379817	58385225	protein_coding	ENSMUSG00000021550	-	2210016F16Rik	923
924	Hnrnpk	chr13	58391142	58403343	protein_coding	ENSMUSG00000021546	-	Hnrnpk	924
925	Rmi1	chr13	58402248	58411148	protein_coding	ENSMUSG00000035367	+	Rmi1	925
926	Gm47918	chr13	58443021	58444580	lncRNA	ENSMUSG00000114654	+	Gm47918	926
927	Slc28a3	chr13	58545399	58610877	protein_coding	ENSMUSG00000021553	-	Slc28a3	927
928	Gm47942	chr13	58668624	58668839	processed_pseudogene	ENSMUSG00000114380	-	Gm47942	928
929	4930455J16Rik	chr13	58736408	58762360	lncRNA	ENSMUSG00000114384	-	4930455J16Rik	929
930	Gm47947	chr13	58762385	58776543	lncRNA	ENSMUSG00000114808	+	Gm47947	930
931	Gm40968	chr13	58775458	58797448	lncRNA	ENSMUSG00000114231	-	Gm40968	931
932	Ntrk2	chr13	58806569	59133970	protein_coding	ENSMUSG00000055254	+	Ntrk2	932
933	C630044B11Rik	chr13	58812153	58814363	TEC	ENSMUSG00000114448	+	C630044B11Rik	933
934	Gm47423	chr13	58824218	58826994	lncRNA	ENSMUSG00000114218	-	Gm47423	934
935	4930415C11Rik	chr13	59054896	59084093	lncRNA	ENSMUSG00000114437	-	4930415C11Rik	935
936	Gm34245	chr13	59075440	59078296	TEC	ENSMUSG00000114896	-	Gm34245	936
937	Gm34307	chr13	59144257	59145828	lncRNA	ENSMUSG00000114208	-	Gm34307	937
938	Gm34354	chr13	59145873	59204327	lncRNA	ENSMUSG00000114854	+	Gm34354	938
939	Gm47359	chr13	59170633	59182816	lncRNA	ENSMUSG00000114393	-	Gm47359	939
940	Gm34558	chr13	59211622	59217172	lncRNA	ENSMUSG00000114478	-	Gm34558	940
941	Gm34672	chr13	59235750	59255411	lncRNA	ENSMUSG00000114743	-	Gm34672	941
942	Gm47360	chr13	59294819	59330243	lncRNA	ENSMUSG00000114240	-	Gm47360	942
943	Gm34721	chr13	59405486	59409301	lncRNA	ENSMUSG00000114200	-	Gm34721	943
944	Gm34788	chr13	59411618	59419254	lncRNA	ENSMUSG00000114623	-	Gm34788	944
945	4930455M05Rik	chr13	59419108	59423161	lncRNA	ENSMUSG00000114787	+	4930455M05Rik	945
946	Agtpbp1	chr13	59445742	59585227	protein_coding	ENSMUSG00000021557	-	Agtpbp1	946
947	Naa35	chr13	59585259	59635922	protein_coding	ENSMUSG00000021555	+	Naa35	947
948	Gm47246	chr13	59603309	59605662	TEC	ENSMUSG00000114535	+	Gm47246	948
949	Golm1	chr13	59634626	59675811	protein_coding	ENSMUSG00000021556	-	Golm1	949
950	4921517D22Rik	chr13	59687402	59694108	protein_coding	ENSMUSG00000049902	-	4921517D22Rik	950
951	Spata31d1a	chr13	59699806	59710330	protein_coding	ENSMUSG00000050876	-	Spata31d1a	951
952	Spata31d1b	chr13	59712284	59719295	protein_coding	ENSMUSG00000091311	+	Spata31d1b	952
953	Spata31d1d	chr13	59725925	59731752	protein_coding	ENSMUSG00000043986	-	Spata31d1d	953
954	Gm46419	chr13	59726724	59750140	lncRNA	ENSMUSG00000114903	+	Gm46419	954
955	4930528D03Rik	chr13	59733630	59739185	lncRNA	ENSMUSG00000097502	+	4930528D03Rik	955
956	1700014D04Rik	chr13	59740842	59746752	protein_coding	ENSMUSG00000051054	-	1700014D04Rik	956
957	Isca1	chr13	59755409	59769810	protein_coding	ENSMUSG00000044792	-	Isca1	957
958	Gm49354	chr13	59758935	59782245	protein_coding	ENSMUSG00000114763	-	Gm49354	958
959	Etohd2	chr13	59769497	59775407	lncRNA	ENSMUSG00000089875	+	Etohd2	959
960	Tut7	chr13	59771561	59823147	protein_coding	ENSMUSG00000035248	-	Tut7	960
961	Gm48194	chr13	59781062	59781578	lncRNA	ENSMUSG00000114835	-	Gm48194	961
962	Gm34961	chr13	59823266	59833236	lncRNA	ENSMUSG00000114354	+	Gm34961	962
963	Gm48384	chr13	59873642	59874964	lncRNA	ENSMUSG00000114669	+	Gm48384	963
964	Gm19866	chr13	59901233	59915822	lncRNA	ENSMUSG00000114490	-	Gm19866	964
965	A530065N20Rik	chr13	60029711	60116669	lncRNA	ENSMUSG00000114531	+	A530065N20Rik	965
966	Gm48396	chr13	60053684	60057625	lncRNA	ENSMUSG00000114795	-	Gm48396	966
967	Gm48397	chr13	60068641	60074017	lncRNA	ENSMUSG00000114734	+	Gm48397	967
968	Gas1	chr13	60174405	60177365	protein_coding	ENSMUSG00000052957	-	Gas1	968
969	Gm48488	chr13	60176682	60182862	lncRNA	ENSMUSG00000114433	+	Gm48488	969
970	Gm5084	chr13	60205471	60216023	lncRNA	ENSMUSG00000050765	+	Gm5084	970
971	Gm10779	chr13	60331449	60333751	TEC	ENSMUSG00000114460	+	Gm10779	971
972	Gm35333	chr13	60422756	60434731	lncRNA	ENSMUSG00000114274	-	Gm35333	972
973	Gm48500	chr13	60463586	60481298	lncRNA	ENSMUSG00000114566	-	Gm48500	973
974	A530001N23Rik	chr13	60483504	60488808	lncRNA	ENSMUSG00000114452	-	A530001N23Rik	974
975	Dapk1	chr13	60601947	60763191	protein_coding	ENSMUSG00000021559	+	Dapk1	975
976	Gm48582	chr13	60622967	60629395	TEC	ENSMUSG00000114501	+	Gm48582	976
977	Gm48583	chr13	60641790	60642009	processed_pseudogene	ENSMUSG00000114277	+	Gm48583	977
978	Gm10312	chr13	60771675	60772163	processed_pseudogene	ENSMUSG00000096874	+	Gm10312	978
979	BC051665	chr13	60781887	60786364	protein_coding	ENSMUSG00000042243	-	BC051665	979
980	4930486L24Rik	chr13	60842612	60864475	protein_coding	ENSMUSG00000050345	-	4930486L24Rik	980
981	Gm49392	chr13	60842621	60896894	protein_coding	ENSMUSG00000114635	-	Gm49392	981
982	Gm49393	chr13	60853230	60935590	protein_coding	ENSMUSG00000114487	-	Gm49393	982
983	Ctla2b	chr13	60895350	60897447	protein_coding	ENSMUSG00000074874	-	Ctla2b	983
984	Gm49391	chr13	60895350	60936571	protein_coding	ENSMUSG00000114432	-	Gm49391	984
985	Tpbpb	chr13	60901188	60904880	protein_coding	ENSMUSG00000062705	-	Tpbpb	985
986	Tpbpa	chr13	60938492	60941984	protein_coding	ENSMUSG00000033834	-	Tpbpa	986
987	Gm40975	chr13	60955219	60959948	lncRNA	ENSMUSG00000114502	+	Gm40975	987
988	Ctsj	chr13	61000179	61005959	protein_coding	ENSMUSG00000055298	-	Ctsj	988
989	Ctsq	chr13	61035024	61040631	protein_coding	ENSMUSG00000021439	-	Ctsq	989
990	Gm18064	chr13	61146226	61149807	processed_pseudogene	ENSMUSG00000114643	-	Gm18064	990
991	Ctsr	chr13	61159204	61164256	protein_coding	ENSMUSG00000055679	-	Ctsr	991
992	Cts6	chr13	61195132	61203410	protein_coding	ENSMUSG00000021441	-	Cts6	992
993	Cts8	chr13	61246745	61255358	protein_coding	ENSMUSG00000057446	-	Cts8	993
994	Gm49398	chr13	61247878	61288839	protein_coding	ENSMUSG00000114473	-	Gm49398	994
995	Cts8-ps	chr13	61281380	61288850	transcribed_unprocessed_pseudogene	ENSMUSG00000114867	-	Cts8-ps	995
996	Gm5664	chr13	61298210	61303414	unprocessed_pseudogene	ENSMUSG00000114495	-	Gm5664	996
997	Cts7	chr13	61352461	61358197	protein_coding	ENSMUSG00000021440	-	Cts7	997
998	Cts7-ps	chr13	61436088	61439870	unprocessed_pseudogene	ENSMUSG00000114802	-	Cts7-ps	998
999	Ctsm-ps2	chr13	61482408	61490329	unprocessed_pseudogene	ENSMUSG00000114667	-	Ctsm-ps2	999
1000	Ctsm	chr13	61535743	61541839	protein_coding	ENSMUSG00000074871	-	Ctsm	1000
1001	Gm49352	chr13	61538390	61568174	protein_coding	ENSMUSG00000114904	-	Gm49352	1001
1002	Cts3	chr13	61564630	61570127	protein_coding	ENSMUSG00000074870	-	Cts3	1002
1003	Gm49357	chr13	61655303	61743770	lncRNA	ENSMUSG00000113295	+	Gm49357	1003
1004	Gm7622	chr13	61665941	61667140	processed_pseudogene	ENSMUSG00000113728	+	Gm7622	1004
1005	Gm7240	chr13	61804257	61861675	transcribed_processed_pseudogene	ENSMUSG00000113626	+	Gm7240	1005
1006	Gm24193	chr13	61823544	61823664	miRNA	ENSMUSG00000080451	-	Gm24193	1006
1007	Gm48228	chr13	62006640	62126102	lncRNA	ENSMUSG00000114036	-	Gm48228	1007
1008	Gm25649	chr13	62013035	62013144	miRNA	ENSMUSG00000094096	-	Gm25649	1008
1009	Gm3325	chr13	62015605	62050986	transcribed_processed_pseudogene	ENSMUSG00000113836	+	Gm3325	1009
1010	Gm6478	chr13	62035422	62036163	processed_pseudogene	ENSMUSG00000074868	+	Gm6478	1010
1011	Gm40977	chr13	62097748	62112047	lncRNA	ENSMUSG00000113566	+	Gm40977	1011
1012	Zfp808	chr13	62129886	62236144	protein_coding	ENSMUSG00000074867	+	Zfp808	1012
1013	Gm23713	chr13	62136762	62136831	snoRNA	ENSMUSG00000095111	+	Gm23713	1013
1014	Gm24539	chr13	62136930	62137062	snoRNA	ENSMUSG00000093874	+	Gm24539	1014
1015	Gm36501	chr13	62151170	62151914	processed_pseudogene	ENSMUSG00000113690	+	Gm36501	1015
1016	Gm3333	chr13	62263566	62275253	transcribed_processed_pseudogene	ENSMUSG00000113081	+	Gm3333	1016
1017	Gm19792	chr13	62336463	62340727	lncRNA	ENSMUSG00000113495	-	Gm19792	1017
1018	Gm3604	chr13	62368328	62383177	protein_coding	ENSMUSG00000094942	-	Gm3604	1018
1019	Selenok-ps6	chr13	62387651	62387933	processed_pseudogene	ENSMUSG00000113865	-	Selenok-ps6	1019
1020	Gm48691	chr13	62402493	62417043	transcribed_processed_pseudogene	ENSMUSG00000113623	-	Gm48691	1020
1021	Gm48699	chr13	62432866	62434390	TEC	ENSMUSG00000113812	-	Gm48699	1021
1022	Gm48701	chr13	62449317	62451609	TEC	ENSMUSG00000113841	-	Gm48701	1022
1023	Gm49359	chr13	62453016	62466832	protein_coding	ENSMUSG00000113450	-	Gm49359	1023
1024	Zfp935	chr13	62453715	62558511	protein_coding	ENSMUSG00000055228	-	Zfp935	1024
1025	Zfp934	chr13	62479827	62571199	protein_coding	ENSMUSG00000074865	-	Zfp934	1025
1026	Gm7664	chr13	62528216	62528960	processed_pseudogene	ENSMUSG00000113428	-	Gm7664	1026
1027	Gm24095	chr13	62543203	62543335	snoRNA	ENSMUSG00000096563	-	Gm24095	1027
1028	Gm22615	chr13	62543434	62543503	snoRNA	ENSMUSG00000094815	-	Gm22615	1028
1029	6720489N17Rik	chr13	62603013	62624182	protein_coding	ENSMUSG00000072066	-	6720489N17Rik	1029
1030	Gm36298	chr13	62639886	62643252	processed_pseudogene	ENSMUSG00000114172	-	Gm36298	1030
1031	Gm7045	chr13	62670299	62670903	processed_pseudogene	ENSMUSG00000113473	-	Gm7045	1031
1032	Platr25	chr13	62671784	62760709	protein_coding	ENSMUSG00000074863	-	Platr25	1032
1033	Gm48735	chr13	62681192	62682501	TEC	ENSMUSG00000113601	-	Gm48735	1033
1034	Gm48734	chr13	62734907	62737195	TEC	ENSMUSG00000113078	-	Gm48734	1034
1035	Gm5141	chr13	62772200	62785808	protein_coding	ENSMUSG00000091183	-	Gm5141	1035
1036	Gm21963	chr13	62778782	62779111	processed_pseudogene	ENSMUSG00000095895	+	Gm21963	1036
1037	Gm7049	chr13	62813076	62814787	processed_pseudogene	ENSMUSG00000113637	+	Gm7049	1037
1038	Gm48795	chr13	62813969	62815523	lncRNA	ENSMUSG00000114117	-	Gm48795	1038
1039	Fbp2	chr13	62836877	62858422	protein_coding	ENSMUSG00000021456	-	Fbp2	1039
1040	Fbp1	chr13	62864753	62888282	protein_coding	ENSMUSG00000069805	-	Fbp1	1040
1041	Gm48812	chr13	62944561	62949442	lncRNA	ENSMUSG00000113057	-	Gm48812	1041
1042	Aopep	chr13	62964893	63326096	protein_coding	ENSMUSG00000021458	+	Aopep	1042
1043	Gm47584	chr13	63009959	63011240	TEC	ENSMUSG00000113708	+	Gm47584	1043
1044	Gm30409	chr13	63134051	63134511	lncRNA	ENSMUSG00000113257	+	Gm30409	1044
1045	Gm47587	chr13	63142494	63143934	lncRNA	ENSMUSG00000113203	+	Gm47587	1045
1046	Gm47583	chr13	63210950	63214374	TEC	ENSMUSG00000113853	+	Gm47583	1046
1047	Gm47586	chr13	63244221	63246248	TEC	ENSMUSG00000113326	+	Gm47586	1047
1048	Gm47603	chr13	63253024	63255564	TEC	ENSMUSG00000113665	-	Gm47603	1048
1049	Gm47585	chr13	63273600	63275911	TEC	ENSMUSG00000114104	+	Gm47585	1049
1050	Gm47602	chr13	63276905	63279224	TEC	ENSMUSG00000113472	-	Gm47602	1050
1051	Fancc	chr13	63285043	63497278	protein_coding	ENSMUSG00000021461	-	Fancc	1051
1052	Mir23b	chr13	63300484	63300557	miRNA	ENSMUSG00000065599	+	Mir23b	1052
1053	Mir27b	chr13	63300712	63300784	miRNA	ENSMUSG00000065475	+	Mir27b	1053
1054	Mir3074-1	chr13	63301199	63301283	miRNA	ENSMUSG00000092741	-	Mir3074-1	1054
1055	Mir24-1	chr13	63301208	63301275	miRNA	ENSMUSG00000105904	+	Mir24-1	1055
1056	Gm16133	chr13	63329556	63339961	lncRNA	ENSMUSG00000089854	+	Gm16133	1056
1057	Gm16132	chr13	63376761	63381045	lncRNA	ENSMUSG00000090232	-	Gm16132	1057
1058	Gm47588	chr13	63410918	63414767	TEC	ENSMUSG00000113126	-	Gm47588	1058
1059	Gm16134	chr13	63446930	63447265	processed_pseudogene	ENSMUSG00000089868	-	Gm16134	1059
1060	Ptch1	chr13	63508328	63573598	protein_coding	ENSMUSG00000021466	-	Ptch1	1060
1061	A930032L01Rik	chr13	63567098	63568054	TEC	ENSMUSG00000102282	-	A930032L01Rik	1061
1062	Gm30655	chr13	63575051	63582562	lncRNA	ENSMUSG00000113459	+	Gm30655	1062
1063	Gm30709	chr13	63621500	63627379	lncRNA	ENSMUSG00000113453	-	Gm30709	1063
1064	1700024I08Rik	chr13	63675756	63734298	lncRNA	ENSMUSG00000113825	-	1700024I08Rik	1064
1065	Gm47390	chr13	63730149	63734599	lncRNA	ENSMUSG00000114071	+	Gm47390	1065
1066	Gm47418	chr13	63794106	63795428	lncRNA	ENSMUSG00000114092	+	Gm47418	1066
1067	Ercc6l2	chr13	63815240	63900302	protein_coding	ENSMUSG00000021470	+	Ercc6l2	1067
1068	Gm47424	chr13	63861082	63862291	lncRNA	ENSMUSG00000114095	+	Gm47424	1068
1069	Gm7695	chr13	63945881	63946521	processed_pseudogene	ENSMUSG00000113340	-	Gm7695	1069
1070	Hsd17b3	chr13	64058266	64089230	protein_coding	ENSMUSG00000033122	-	Hsd17b3	1070
1071	Slc35d2	chr13	64096308	64129368	protein_coding	ENSMUSG00000033114	-	Slc35d2	1071
1072	Zfp367	chr13	64133018	64153202	protein_coding	ENSMUSG00000044934	-	Zfp367	1072
1073	Gm47513	chr13	64152581	64154596	TEC	ENSMUSG00000114165	+	Gm47513	1073
1074	Habp4	chr13	64161824	64186537	protein_coding	ENSMUSG00000021476	+	Habp4	1074
1075	Cdc14b	chr13	64189268	64275290	protein_coding	ENSMUSG00000033102	-	Cdc14b	1075
1076	1810034E14Rik	chr13	64248700	64271852	lncRNA	ENSMUSG00000097101	+	1810034E14Rik	1076
1077	Gm47004	chr13	64262114	64264374	TEC	ENSMUSG00000113603	+	Gm47004	1077
1078	Prxl2c	chr13	64275280	64312710	protein_coding	ENSMUSG00000021482	-	Prxl2c	1078
1079	Gm47003	chr13	64291077	64298039	lncRNA	ENSMUSG00000113816	+	Gm47003	1079
1080	Gm25654	chr13	64296437	64296524	snRNA	ENSMUSG00000089092	-	Gm25654	1080
1081	CT030159.1	chr13	64322183	64322918	processed_pseudogene	ENSMUSG00000118556	-	CT030159.1	1081
1082	Ctsl	chr13	64359337	64370890	protein_coding	ENSMUSG00000021477	-	Ctsl	1082
1083	Gm47123	chr13	64361052	64363022	lncRNA	ENSMUSG00000113683	+	Gm47123	1083
1084	1700015C15Rik	chr13	64427780	64432402	lncRNA	ENSMUSG00000113696	-	1700015C15Rik	1084
1085	Cdk20	chr13	64432314	64441773	protein_coding	ENSMUSG00000021483	+	Cdk20	1085
1086	Gm31218	chr13	64449437	64508611	lncRNA	ENSMUSG00000113244	+	Gm31218	1086
1087	Gm7712	chr13	64454413	64458923	transcribed_processed_pseudogene	ENSMUSG00000113109	-	Gm7712	1087
1088	Fam240b	chr13	64481246	64497792	protein_coding	ENSMUSG00000096537	-	Fam240b	1088
1089	Gm4810	chr13	64509490	64511096	processed_pseudogene	ENSMUSG00000094597	+	Gm4810	1089
1090	Gm47191	chr13	64611860	64619498	transcribed_processed_pseudogene	ENSMUSG00000113850	+	Gm47191	1090
1091	Gm47193	chr13	64619550	64625002	lncRNA	ENSMUSG00000113124	+	Gm47193	1091
1092	Gm4935	chr13	64673863	64675060	processed_pseudogene	ENSMUSG00000113405	+	Gm4935	1092
1093	Gm47194	chr13	64674539	64685275	lncRNA	ENSMUSG00000114168	-	Gm47194	1093
1094	Gm7065	chr13	64703158	64703631	processed_pseudogene	ENSMUSG00000113469	+	Gm7065	1094
1095	Cntnap3	chr13	64736182	64903955	protein_coding	ENSMUSG00000033063	-	Cntnap3	1095
1096	Spata31	chr13	64917406	64923194	protein_coding	ENSMUSG00000056223	+	Spata31	1096
1097	Gm6888	chr13	64998934	65000335	processed_pseudogene	ENSMUSG00000113807	+	Gm6888	1097
1098	Spata31d1c	chr13	65033058	65038004	protein_coding	ENSMUSG00000074849	+	Spata31d1c	1098
1099	Prss47	chr13	65044606	65052760	protein_coding	ENSMUSG00000090658	-	Prss47	1099
1100	Mfsd14b	chr13	65064663	65112975	protein_coding	ENSMUSG00000038212	-	Mfsd14b	1100
1101	Olfr465-ps1	chr13	65138089	65146047	protein_coding	ENSMUSG00000108426	+	Olfr465-ps1	1101
1102	Olfr466	chr13	65150240	65156152	protein_coding	ENSMUSG00000049806	+	Olfr466	1102
1103	Nlrp4f	chr13	65177111	65205977	protein_coding	ENSMUSG00000032999	-	Nlrp4f	1103
1104	Gm47249	chr13	65212111	65214903	lncRNA	ENSMUSG00000113500	+	Gm47249	1104
1105	Gm36445	chr13	65241753	65250154	lncRNA	ENSMUSG00000110393	+	Gm36445	1105
1106	Gm47251	chr13	65252704	65253703	lncRNA	ENSMUSG00000113238	-	Gm47251	1106
1107	Gm10775	chr13	65259539	65260826	protein_coding	ENSMUSG00000074847	+	Gm10775	1107
1108	Zfp369	chr13	65278814	65304221	protein_coding	ENSMUSG00000021514	+	Zfp369	1108
1109	Gm47258	chr13	65289453	65290794	TEC	ENSMUSG00000114016	+	Gm47258	1109
1110	Gm3800	chr13	65313758	65314311	processed_pseudogene	ENSMUSG00000114194	+	Gm3800	1110
1111	Gm7762	chr13	65336222	65348597	lncRNA	ENSMUSG00000113406	-	Gm7762	1111
1112	Vmn2r-ps95	chr13	65353256	65364427	unprocessed_pseudogene	ENSMUSG00000113145	-	Vmn2r-ps95	1112
1113	Gm48111	chr13	65404296	65408136	processed_pseudogene	ENSMUSG00000113388	+	Gm48111	1113
1114	Vmn2r-ps96	chr13	65421635	65435539	unprocessed_pseudogene	ENSMUSG00000114065	-	Vmn2r-ps96	1114
1115	Gm48165	chr13	65487439	65624203	transcribed_unprocessed_pseudogene	ENSMUSG00000113468	+	Gm48165	1115
1116	Gm48168	chr13	65491789	65496793	lncRNA	ENSMUSG00000113955	-	Gm48168	1116
1117	Gm48166	chr13	65493490	65630774	lncRNA	ENSMUSG00000113618	+	Gm48166	1117
1118	Vmn2r-ps97	chr13	65564206	65578024	unprocessed_pseudogene	ENSMUSG00000113381	-	Vmn2r-ps97	1118
1119	Gm48170	chr13	65615824	65620243	lncRNA	ENSMUSG00000113135	-	Gm48170	1119
1120	Gm19428	chr13	65689613	65713454	transcribed_processed_pseudogene	ENSMUSG00000113260	-	Gm19428	1120
1121	Vmn2r-ps98	chr13	65727793	65734016	unprocessed_pseudogene	ENSMUSG00000117836	-	Vmn2r-ps98	1121
1122	Vmn2r-ps99	chr13	65875884	65889731	transcribed_unprocessed_pseudogene	ENSMUSG00000113945	+	Vmn2r-ps99	1122
1123	Gm48218	chr13	65908223	65908904	processed_pseudogene	ENSMUSG00000114625	+	Gm48218	1123
1124	Gm40987	chr13	65976343	65982791	lncRNA	ENSMUSG00000113559	-	Gm40987	1124
1125	Gm48222	chr13	66032209	66040247	lncRNA	ENSMUSG00000113760	+	Gm48222	1125
1126	AC192334.1	chr13	66119040	66129693	lncRNA	ENSMUSG00000118427	-	AC192334.1	1126
1127	Gm48223	chr13	66177347	66178100	lncRNA	ENSMUSG00000113156	+	Gm48223	1127
1128	Gm26754	chr13	66244270	66451277	lncRNA	ENSMUSG00000114616	+	Gm26754	1128
1129	C330022B21Rik	chr13	66340586	66342935	processed_pseudogene	ENSMUSG00000114729	-	C330022B21Rik	1129
1130	Vmn2r-ps104	chr13	66350919	66401873	transcribed_unprocessed_pseudogene	ENSMUSG00000094499	-	Vmn2r-ps104	1130
1131	2410141K09Rik	chr13	66418114	66441118	protein_coding	ENSMUSG00000074832	-	2410141K09Rik	1131
1132	Gm26806	chr13	66503160	66519887	lncRNA	ENSMUSG00000097483	-	Gm26806	1132
1133	Vmn2r-ps105	chr13	66512195	66517604	unprocessed_pseudogene	ENSMUSG00000114684	+	Vmn2r-ps105	1133
1134	Gm49532	chr13	66591913	66592013	processed_pseudogene	ENSMUSG00000114262	-	Gm49532	1134
1135	Zfp640	chr13	66669928	66698243	transcribed_processed_pseudogene	ENSMUSG00000074830	-	Zfp640	1135
1136	Gm40988	chr13	66680954	66708957	lncRNA	ENSMUSG00000114327	+	Gm40988	1136
1137	Gm40989	chr13	66738371	66741313	processed_pseudogene	ENSMUSG00000114839	-	Gm40989	1137
1138	Gm48412	chr13	66777441	66779142	lncRNA	ENSMUSG00000114226	+	Gm48412	1138
1139	Gm7896	chr13	66792070	66802560	transcribed_processed_pseudogene	ENSMUSG00000114353	-	Gm7896	1139
1140	Vmn2r-ps108	chr13	66809021	66815219	unprocessed_pseudogene	ENSMUSG00000117784	-	Vmn2r-ps108	1140
1141	Gm10323	chr13	66849651	66854871	processed_pseudogene	ENSMUSG00000114816	-	Gm10323	1141
1142	Gm5451	chr13	66874081	66874659	processed_pseudogene	ENSMUSG00000095847	+	Gm5451	1142
1143	Uqcrb	chr13	66900617	66905378	protein_coding	ENSMUSG00000021520	-	Uqcrb	1143
1144	Gm10767	chr13	66904914	66909236	protein_coding	ENSMUSG00000074826	+	Gm10767	1144
1145	Mterf3	chr13	66906968	66933088	protein_coding	ENSMUSG00000021519	-	Mterf3	1145
1146	Ptdss1	chr13	66932830	66998401	protein_coding	ENSMUSG00000021518	+	Ptdss1	1146
1147	4933433G19Rik	chr13	66996819	67032408	lncRNA	ENSMUSG00000114362	-	4933433G19Rik	1147
1148	Zfp712	chr13	67038596	67061170	protein_coding	ENSMUSG00000090641	-	Zfp712	1148
1149	Gm48705	chr13	67050735	67051025	processed_pseudogene	ENSMUSG00000114834	+	Gm48705	1149
1150	Gm46440	chr13	67060505	67092042	lncRNA	ENSMUSG00000114516	+	Gm46440	1150
1151	Zfp708	chr13	67069399	67097976	protein_coding	ENSMUSG00000058883	-	Zfp708	1151
1152	Gm28557	chr13	67069399	67108604	protein_coding	ENSMUSG00000100235	-	Gm28557	1152
1153	Gm17938	chr13	67089485	67090130	processed_pseudogene	ENSMUSG00000114603	+	Gm17938	1153
1154	Rslcan18	chr13	67096613	67116263	protein_coding	ENSMUSG00000074824	-	Rslcan18	1154
1155	Zfp759	chr13	67121660	67141787	protein_coding	ENSMUSG00000057396	+	Zfp759	1155
1156	Gm48732	chr13	67143672	67145366	lncRNA	ENSMUSG00000114568	-	Gm48732	1156
1157	Gm48733	chr13	67167781	67168778	transcribed_processed_pseudogene	ENSMUSG00000114677	+	Gm48733	1157
1158	Rsl1	chr13	67173182	67184044	protein_coding	ENSMUSG00000058900	+	Rsl1	1158
1159	Gm9626	chr13	67187387	67188177	processed_pseudogene	ENSMUSG00000114805	+	Gm9626	1159
1160	Zfp455	chr13	67194506	67209298	protein_coding	ENSMUSG00000051037	+	Zfp455	1160
1161	Gm49064	chr13	67226997	67229969	lncRNA	ENSMUSG00000114771	-	Gm49064	1161
1162	Zfp458	chr13	67254918	67278466	protein_coding	ENSMUSG00000055480	-	Zfp458	1162
1163	F630042J09Rik	chr13	67278577	67283361	lncRNA	ENSMUSG00000114442	+	F630042J09Rik	1163
1164	Zfp457	chr13	67288138	67306485	protein_coding	ENSMUSG00000055341	-	Zfp457	1164
1165	Gm48824	chr13	67307334	67308907	lncRNA	ENSMUSG00000114863	-	Gm48824	1165
1166	Zfp595	chr13	67312998	67332570	protein_coding	ENSMUSG00000057842	-	Zfp595	1166
1167	Gm28044	chr13	67317942	67360536	protein_coding	ENSMUSG00000098781	-	Gm28044	1167
1168	Zfp953	chr13	67339306	67360605	protein_coding	ENSMUSG00000098905	-	Zfp953	1168
1169	Gm28041	chr13	67345246	67375733	protein_coding	ENSMUSG00000098692	-	Gm28041	1169
1170	Gm17039	chr13	67360671	67365679	lncRNA	ENSMUSG00000092103	+	Gm17039	1170
1171	Zfp456	chr13	67362113	67375810	protein_coding	ENSMUSG00000078995	-	Zfp456	1171
1172	Zfp429	chr13	67387905	67399819	protein_coding	ENSMUSG00000078994	-	Zfp429	1172
1173	Gm48900	chr13	67390475	67408858	lncRNA	ENSMUSG00000114726	+	Gm48900	1173
1174	Zfp459	chr13	67405709	67421418	protein_coding	ENSMUSG00000055560	-	Zfp459	1174
1175	Zfp874a	chr13	67424549	67451624	protein_coding	ENSMUSG00000069206	-	Zfp874a	1175
1176	Gm38307	chr13	67451658	67453497	TEC	ENSMUSG00000103398	+	Gm38307	1176
1177	Zfp874b	chr13	67471513	67484258	protein_coding	ENSMUSG00000059839	-	Zfp874b	1177
1178	Gm48899	chr13	67472478	67473500	lncRNA	ENSMUSG00000114788	+	Gm48899	1178
1179	Zfp58	chr13	67490167	67500555	protein_coding	ENSMUSG00000071291	-	Zfp58	1179
1180	Gm26965	chr13	67491152	67526151	protein_coding	ENSMUSG00000097565	-	Gm26965	1180
1181	Zfp87	chr13	67515781	67526177	protein_coding	ENSMUSG00000097333	-	Zfp87	1181
1182	Zfp748	chr13	67538641	67553830	protein_coding	ENSMUSG00000095432	-	Zfp748	1182
1183	9430065F17Rik	chr13	67553035	67564010	lncRNA	ENSMUSG00000097360	+	9430065F17Rik	1183
1184	Zfp729b	chr13	67589439	67609707	protein_coding	ENSMUSG00000058093	-	Zfp729b	1184
1185	Gm49345	chr13	67592159	67637769	protein_coding	ENSMUSG00000114923	-	Gm49345	1185
1186	Zfp729a	chr13	67612763	67637791	protein_coding	ENSMUSG00000021510	-	Zfp729a	1186
1187	Gm48095	chr13	67658669	67667943	lncRNA	ENSMUSG00000114264	+	Gm48095	1187
1188	Zfp738	chr13	67658685	67687071	protein_coding	ENSMUSG00000048280	-	Zfp738	1188
1189	Zfp65	chr13	67705309	67729173	protein_coding	ENSMUSG00000071281	-	Zfp65	1189
1190	Zfp85os	chr13	67729262	67756838	lncRNA	ENSMUSG00000044081	+	Zfp85os	1190
1191	Zfp85	chr13	67747800	67755228	protein_coding	ENSMUSG00000058331	-	Zfp85	1191
1192	Gm9894	chr13	67762714	67773451	unprocessed_pseudogene	ENSMUSG00000052909	-	Gm9894	1192
1193	Zfp493	chr13	67779693	67792512	protein_coding	ENSMUSG00000090659	+	Zfp493	1193
1194	4930525G20Rik	chr13	67796594	67830985	lncRNA	ENSMUSG00000097276	-	4930525G20Rik	1194
1195	Zfp273	chr13	67813740	67827002	protein_coding	ENSMUSG00000030446	+	Zfp273	1195
1196	Gm10037	chr13	67831106	67844035	protein_coding	ENSMUSG00000058246	+	Gm10037	1196
1197	BC048507	chr13	67863326	67863925	protein_coding	ENSMUSG00000064063	+	BC048507	1197
1198	AA414992	chr13	68181294	68182869	TEC	ENSMUSG00000113342	+	AA414992	1198
1199	Gm8016	chr13	68353364	68356825	lncRNA	ENSMUSG00000113050	-	Gm8016	1199
1200	Mtrr	chr13	68560780	68582149	protein_coding	ENSMUSG00000034617	-	Mtrr	1200
1201	Fastkd3	chr13	68582234	68592338	protein_coding	ENSMUSG00000021532	+	Fastkd3	1201
1202	Gm48556	chr13	68590481	68594722	lncRNA	ENSMUSG00000112985	-	Gm48556	1202
1203	1700001L19Rik	chr13	68597421	68614231	protein_coding	ENSMUSG00000021534	+	1700001L19Rik	1203
1204	Adcy2	chr13	68620043	68999541	protein_coding	ENSMUSG00000021536	-	Adcy2	1204
1205	Gm48593	chr13	68995537	68998019	TEC	ENSMUSG00000113505	-	Gm48593	1205
1206	Gm35161	chr13	68998793	69031550	lncRNA	ENSMUSG00000113121	+	Gm35161	1206
1207	Gm37122	chr13	69016622	69018188	TEC	ENSMUSG00000103035	+	Gm37122	1207
1208	Gm26844	chr13	69141229	69143965	lncRNA	ENSMUSG00000097522	+	Gm26844	1208
1209	Tent4a	chr13	69497959	69534617	protein_coding	ENSMUSG00000034575	-	Tent4a	1209
1210	Gm48676	chr13	69514000	69514176	processed_pseudogene	ENSMUSG00000113486	+	Gm48676	1210
1211	Nsun2	chr13	69533746	69635780	protein_coding	ENSMUSG00000021595	+	Nsun2	1211
1212	Srd5a1	chr13	69573449	69611442	protein_coding	ENSMUSG00000021594	-	Srd5a1	1212
1213	Gm17108	chr13	69610498	69614901	lncRNA	ENSMUSG00000091133	-	Gm17108	1213
1214	Gm17872	chr13	69654775	69655512	processed_pseudogene	ENSMUSG00000113790	-	Gm17872	1214
1215	Gm48817	chr13	69664483	69665833	processed_pseudogene	ENSMUSG00000114037	-	Gm48817	1215
1216	Gm18313	chr13	69666718	69668944	processed_pseudogene	ENSMUSG00000114171	-	Gm18313	1216
1217	Gm35618	chr13	69680589	69697676	lncRNA	ENSMUSG00000113299	-	Gm35618	1217
1218	Gm48819	chr13	69697811	69700895	lncRNA	ENSMUSG00000113324	+	Gm48819	1218
1219	Ube2ql1	chr13	69702832	69739889	protein_coding	ENSMUSG00000052981	-	Ube2ql1	1219
1220	Med10	chr13	69802395	69816104	protein_coding	ENSMUSG00000021598	+	Med10	1220
1221	1700084F23Rik	chr13	70004050	70028348	lncRNA	ENSMUSG00000099639	-	1700084F23Rik	1221
1222	Gm3772	chr13	70021959	70119949	lncRNA	ENSMUSG00000113074	+	Gm3772	1222
1223	AU017674	chr13	70149800	70205972	lncRNA	ENSMUSG00000113573	+	AU017674	1223
1224	4930520P13Rik	chr13	70232822	70248122	lncRNA	ENSMUSG00000113463	+	4930520P13Rik	1224
1225	Gm47706	chr13	70422491	70422781	processed_pseudogene	ENSMUSG00000114054	-	Gm47706	1225
1226	Ice1	chr13	70551707	70637634	protein_coding	ENSMUSG00000034525	-	Ice1	1226
1227	1700100L14Rik	chr13	70573241	70576110	lncRNA	ENSMUSG00000101051	+	1700100L14Rik	1227
1228	D030007L05Rik	chr13	70650144	70655979	lncRNA	ENSMUSG00000113334	+	D030007L05Rik	1228
1229	Gm36377	chr13	70651005	70655787	lncRNA	ENSMUSG00000113909	-	Gm36377	1229
1230	Gm36426	chr13	70676716	70681966	lncRNA	ENSMUSG00000113796	-	Gm36426	1230
1231	Gm36607	chr13	70706233	70733207	lncRNA	ENSMUSG00000113794	+	Gm36607	1231
1232	Adamts16	chr13	70727802	70841811	protein_coding	ENSMUSG00000049538	-	Adamts16	1232
1233	Gm36529	chr13	70840451	70859609	lncRNA	ENSMUSG00000113771	+	Gm36529	1233
1234	8030423J24Rik	chr13	70882948	70884503	lncRNA	ENSMUSG00000021600	+	8030423J24Rik	1234
1235	Gm38191	chr13	71068480	71071726	TEC	ENSMUSG00000102303	-	Gm38191	1235
1236	1700112M02Rik	chr13	71487607	71612709	lncRNA	ENSMUSG00000113358	+	1700112M02Rik	1236
1237	Gm40999	chr13	71709055	71956552	lncRNA	ENSMUSG00000114038	-	Gm40999	1237
1238	Irx1	chr13	71957921	71963723	protein_coding	ENSMUSG00000060969	-	Irx1	1238
1239	Gm47836	chr13	72367326	72371647	TEC	ENSMUSG00000113172	-	Gm47836	1239
1240	Rpl9-ps4	chr13	72454762	72455340	processed_pseudogene	ENSMUSG00000094989	-	Rpl9-ps4	1240
1241	Gm47838	chr13	72467977	72471803	TEC	ENSMUSG00000113375	+	Gm47838	1241
1242	Gm47902	chr13	72769431	72786342	lncRNA	ENSMUSG00000113837	+	Gm47902	1242
1243	Irx4	chr13	73260479	73269608	protein_coding	ENSMUSG00000021604	+	Irx4	1243
1244	Gm48000	chr13	73273230	73273732	TEC	ENSMUSG00000113485	+	Gm48000	1244
1245	Ndufs6	chr13	73319838	73328542	protein_coding	ENSMUSG00000021606	-	Ndufs6	1245
1246	Mrpl36	chr13	73328513	73332178	protein_coding	ENSMUSG00000021607	+	Mrpl36	1246
1247	Eprn	chr13	73344665	73347384	lncRNA	ENSMUSG00000113346	-	Eprn	1247
1248	Lpcat1	chr13	73467197	73516422	protein_coding	ENSMUSG00000021608	+	Lpcat1	1248
1249	Slc6a3	chr13	73536747	73578672	protein_coding	ENSMUSG00000021609	+	Slc6a3	1249
1250	Clptm1l	chr13	73604006	73620605	protein_coding	ENSMUSG00000021610	+	Clptm1l	1250
1251	Tert	chr13	73626911	73649843	protein_coding	ENSMUSG00000021611	+	Tert	1251
1252	Slc6a18	chr13	73661752	73678023	protein_coding	ENSMUSG00000021612	-	Slc6a18	1252
1253	Slc6a19	chr13	73679745	73704865	protein_coding	ENSMUSG00000021565	-	Slc6a19	1253
1254	Slc6a19os	chr13	73699826	73709853	lncRNA	ENSMUSG00000021566	+	Slc6a19os	1254
1255	Slc12a7	chr13	73733094	73816754	protein_coding	ENSMUSG00000017756	+	Slc12a7	1255
1256	Nkd2	chr13	73818534	73847631	protein_coding	ENSMUSG00000021567	-	Nkd2	1256
1257	Gm8062	chr13	73829932	73830375	processed_pseudogene	ENSMUSG00000066714	+	Gm8062	1257
1258	Trip13	chr13	73911347	73937784	protein_coding	ENSMUSG00000021569	-	Trip13	1258
1259	Gm25197	chr13	73924585	73924710	miRNA	ENSMUSG00000095943	-	Gm25197	1259
1260	Brd9	chr13	73937811	73960895	protein_coding	ENSMUSG00000057649	+	Brd9	1260
1261	Gm41002	chr13	73958941	73963733	lncRNA	ENSMUSG00000113274	-	Gm41002	1261
1262	Zdhhc11	chr13	73963851	73992990	protein_coding	ENSMUSG00000069189	+	Zdhhc11	1262
1263	Gm15912	chr13	74008009	74009354	lncRNA	ENSMUSG00000085881	-	Gm15912	1263
1264	Tppp	chr13	74009407	74035753	protein_coding	ENSMUSG00000021573	+	Tppp	1264
1265	Gm6263	chr13	74018793	74020134	processed_pseudogene	ENSMUSG00000080966	-	Gm6263	1265
1266	Cep72	chr13	74036500	74062299	protein_coding	ENSMUSG00000021572	-	Cep72	1266
1267	Slc9a3	chr13	74121457	74169442	protein_coding	ENSMUSG00000036123	+	Slc9a3	1267
1268	Exoc3	chr13	74169488	74208732	protein_coding	ENSMUSG00000034152	-	Exoc3	1268
1269	Ahrr	chr13	74211118	74292331	protein_coding	ENSMUSG00000021575	-	Ahrr	1269
1270	Pdcd6	chr13	74303509	74317580	protein_coding	ENSMUSG00000021576	-	Pdcd6	1270
1271	Sdha	chr13	74322254	74350280	protein_coding	ENSMUSG00000021577	-	Sdha	1271
1272	Gm16125	chr13	74340539	74340877	processed_pseudogene	ENSMUSG00000090004	+	Gm16125	1272
1273	Ccdc127	chr13	74350309	74365783	protein_coding	ENSMUSG00000021578	+	Ccdc127	1273
1274	Lrrc14b	chr13	74359578	74364005	protein_coding	ENSMUSG00000021579	-	Lrrc14b	1274
1275	Zfp72	chr13	74369326	74390836	protein_coding	ENSMUSG00000069184	-	Zfp72	1275
1276	Ftl1-ps1	chr13	74399694	74407346	protein_coding	ENSMUSG00000062382	+	Ftl1-ps1	1276
1277	Mir692-3	chr13	74407065	74407173	miRNA	ENSMUSG00000076033	+	Mir692-3	1277
1278	E430024I08Rik	chr13	74434781	74463429	lncRNA	ENSMUSG00000112964	-	E430024I08Rik	1278
1279	Zfp825	chr13	74480054	74493992	protein_coding	ENSMUSG00000069208	-	Zfp825	1279
1280	Gm49763	chr13	74494143	74498470	lncRNA	ENSMUSG00000116646	+	Gm49763	1280
1281	Gm47467	chr13	74509598	74522461	lncRNA	ENSMUSG00000113019	-	Gm47467	1281
1282	Gm5626	chr13	74533526	74534583	processed_pseudogene	ENSMUSG00000113660	+	Gm5626	1282
1283	Gm47469	chr13	74553910	74564256	lncRNA	ENSMUSG00000113047	-	Gm47469	1283
1284	Gm46430	chr13	74579358	74617945	lncRNA	ENSMUSG00000113204	-	Gm46430	1284
1285	Erap1	chr13	74639568	74693201	protein_coding	ENSMUSG00000021583	+	Erap1	1285
1286	Cast	chr13	74692368	74808810	protein_coding	ENSMUSG00000021585	-	Cast	1286
1287	Gm6296	chr13	74767919	74768861	processed_pseudogene	ENSMUSG00000113015	-	Gm6296	1287
1288	Pcsk1	chr13	75089826	75134861	protein_coding	ENSMUSG00000021587	+	Pcsk1	1288
1289	Gm8278	chr13	75515897	75518414	processed_pseudogene	ENSMUSG00000113773	-	Gm8278	1289
1290	Gm4149	chr13	75644896	75645171	processed_pseudogene	ENSMUSG00000074800	+	Gm4149	1290
1291	Mir682	chr13	75645046	75645141	miRNA	ENSMUSG00000076236	+	Mir682	1291
1292	1700037F03Rik	chr13	75700162	75707172	lncRNA	ENSMUSG00000114125	-	1700037F03Rik	1292
1293	Ell2	chr13	75706757	75772364	protein_coding	ENSMUSG00000001542	+	Ell2	1293
1294	Gm48302	chr13	75727279	75729162	lncRNA	ENSMUSG00000113041	+	Gm48302	1294
1295	Gm23127	chr13	75768068	75768197	snoRNA	ENSMUSG00000077449	+	Gm23127	1295
1296	Gm8288	chr13	75802706	75803298	processed_pseudogene	ENSMUSG00000113409	+	Gm8288	1296
1297	Glrx	chr13	75839868	75850154	protein_coding	ENSMUSG00000021591	+	Glrx	1297
1298	Rhobtb3	chr13	75869537	75943925	protein_coding	ENSMUSG00000021589	-	Rhobtb3	1298
1299	Gm24163	chr13	75905147	75905278	snoRNA	ENSMUSG00000070170	+	Gm24163	1299
1300	Gm6311	chr13	75954136	75955013	processed_pseudogene	ENSMUSG00000061833	+	Gm6311	1300
1301	Gm23319	chr13	75963657	75963787	snoRNA	ENSMUSG00000077655	-	Gm23319	1301
1302	Spata9	chr13	75967150	75998972	protein_coding	ENSMUSG00000021590	+	Spata9	1302
1303	Rfesd	chr13	76001535	76018719	protein_coding	ENSMUSG00000043190	-	Rfesd	1303
1304	Gm4165	chr13	76019807	76020110	processed_pseudogene	ENSMUSG00000114366	-	Gm4165	1304
1305	Gpr150	chr13	76054851	76056996	protein_coding	ENSMUSG00000045509	-	Gpr150	1305
1306	Arsk	chr13	76060422	76098660	protein_coding	ENSMUSG00000021592	-	Arsk	1306
1307	Ttc37	chr13	76098734	76190316	protein_coding	ENSMUSG00000033991	+	Ttc37	1307
1308	Gm48639	chr13	76198991	76200866	TEC	ENSMUSG00000114664	+	Gm48639	1308
1309	Fam81b	chr13	76201708	76305072	protein_coding	ENSMUSG00000109228	-	Fam81b	1309
1310	Gm31219	chr13	76255947	76278968	lncRNA	ENSMUSG00000114242	+	Gm31219	1310
1311	Mctp1	chr13	76384535	77031810	protein_coding	ENSMUSG00000021596	+	Mctp1	1311
1312	Gm24519	chr13	76604319	76604450	snoRNA	ENSMUSG00000096675	-	Gm24519	1312
1313	Gm21959	chr13	76683982	76684433	processed_pseudogene	ENSMUSG00000096216	-	Gm21959	1313
1314	Gm8185	chr13	76935163	76935831	processed_pseudogene	ENSMUSG00000090119	+	Gm8185	1314
1315	Slf1	chr13	77043088	77135473	protein_coding	ENSMUSG00000021597	-	Slf1	1315
1316	2210408I21Rik	chr13	77135540	77613784	protein_coding	ENSMUSG00000071252	+	2210408I21Rik	1316
1317	Gm29844	chr13	77169378	77169888	processed_pseudogene	ENSMUSG00000114256	+	Gm29844	1317
1318	Gm9634	chr13	77553610	77554373	processed_pseudogene	ENSMUSG00000114778	-	Gm9634	1318
1319	Fam172a	chr13	77702033	78166235	protein_coding	ENSMUSG00000064138	+	Fam172a	1319
1320	Pou5f2	chr13	78024902	78026295	protein_coding	ENSMUSG00000093668	+	Pou5f2	1320
1321	Gm48254	chr13	78079388	78079856	processed_pseudogene	ENSMUSG00000114812	+	Gm48254	1321
1322	C130051F05Rik	chr13	78112482	78116319	TEC	ENSMUSG00000114605	+	C130051F05Rik	1322
1323	Gm18990	chr13	78121070	78122718	processed_pseudogene	ENSMUSG00000114622	+	Gm18990	1323
1324	Gm38604	chr13	78123379	78183168	lncRNA	ENSMUSG00000114401	-	Gm38604	1324
1325	3110006O06Rik	chr13	78171630	78182973	lncRNA	ENSMUSG00000114649	+	3110006O06Rik	1325
1326	Nr2f1	chr13	78188973	78199757	protein_coding	ENSMUSG00000069171	-	Nr2f1	1326
1327	A830082K12Rik	chr13	78198017	78279391	lncRNA	ENSMUSG00000087143	+	A830082K12Rik	1327
1328	Gm5042	chr13	78273469	78273952	processed_pseudogene	ENSMUSG00000114592	-	Gm5042	1328
1329	Gm6317	chr13	78372987	78379128	processed_pseudogene	ENSMUSG00000098003	-	Gm6317	1329
1330	Gm48399	chr13	78374179	78384198	lncRNA	ENSMUSG00000114632	+	Gm48399	1330
1331	Gm31946	chr13	78427248	78442524	lncRNA	ENSMUSG00000114639	+	Gm31946	1331
1332	Gm32067	chr13	78483354	78562570	lncRNA	ENSMUSG00000114522	+	Gm32067	1332
1333	Gm48402	chr13	78638017	78643064	lncRNA	ENSMUSG00000114594	+	Gm48402	1333
1334	Gm8345	chr13	78953088	78954792	processed_pseudogene	ENSMUSG00000114557	-	Gm8345	1334
1335	Gm29318	chr13	79285712	79298242	lncRNA	ENSMUSG00000101416	+	Gm29318	1335
1336	Gm48471	chr13	79838077	79838843	processed_pseudogene	ENSMUSG00000114505	+	Gm48471	1336
1337	Gm28526	chr13	79873085	80130468	lncRNA	ENSMUSG00000100168	-	Gm28526	1337
1338	Gm5197	chr13	80098222	80099418	processed_pseudogene	ENSMUSG00000114287	-	Gm5197	1338
1339	Gm46388	chr13	80493009	80493484	processed_pseudogene	ENSMUSG00000114528	+	Gm46388	1339
1340	Arrdc3	chr13	80883384	80896042	protein_coding	ENSMUSG00000074794	+	Arrdc3	1340
1341	1700023H06Rik	chr13	80884224	80885524	lncRNA	ENSMUSG00000089827	-	1700023H06Rik	1341
1342	5430425K12Rik	chr13	80940411	80948597	lncRNA	ENSMUSG00000114554	+	5430425K12Rik	1342
1343	Gm4211	chr13	80957665	80963730	lncRNA	ENSMUSG00000097146	-	Gm4211	1343
1344	9330111N05Rik	chr13	80962888	81128864	lncRNA	ENSMUSG00000097098	+	9330111N05Rik	1344
1345	Gm49375	chr13	80979470	80983873	lncRNA	ENSMUSG00000114479	+	Gm49375	1345
1346	Gm48549	chr13	81016196	81016560	processed_pseudogene	ENSMUSG00000114801	-	Gm48549	1346
1347	Gm4813	chr13	81029103	81029901	processed_pseudogene	ENSMUSG00000114822	-	Gm4813	1347
1348	Gm18517	chr13	81085391	81087564	transcribed_processed_pseudogene	ENSMUSG00000114836	-	Gm18517	1348
1349	Adgrv1	chr13	81095068	81633154	protein_coding	ENSMUSG00000069170	-	Adgrv1	1349
1350	Gm48566	chr13	81239177	81240784	TEC	ENSMUSG00000114939	-	Gm48566	1350
1351	Lysmd3	chr13	81657663	81672871	protein_coding	ENSMUSG00000035840	+	Lysmd3	1351
1352	Polr3g	chr13	81673843	81711013	protein_coding	ENSMUSG00000035834	-	Polr3g	1352
1353	Mblac2	chr13	81711341	81753275	protein_coding	ENSMUSG00000051098	+	Mblac2	1353
1354	Gm48113	chr13	81723990	81725028	processed_pseudogene	ENSMUSG00000114905	-	Gm48113	1354
1355	Gm17259	chr13	81778773	81783749	lncRNA	ENSMUSG00000097793	-	Gm17259	1355
1356	Cetn3	chr13	81783077	81797155	protein_coding	ENSMUSG00000021537	+	Cetn3	1356
1357	F830210D05Rik	chr13	81927785	81929687	TEC	ENSMUSG00000114634	-	F830210D05Rik	1357
1358	Gm48155	chr13	82089757	82258960	lncRNA	ENSMUSG00000114461	+	Gm48155	1358
1359	2310067P03Rik	chr13	83065457	83194347	lncRNA	ENSMUSG00000114372	+	2310067P03Rik	1359
1360	Mef2c	chr13	83504034	83667080	protein_coding	ENSMUSG00000005583	+	Mef2c	1360
1361	Gm48067	chr13	83687222	83687441	processed_pseudogene	ENSMUSG00000114254	+	Gm48067	1361
1362	C130071C03Rik	chr13	83721381	83884194	lncRNA	ENSMUSG00000050334	+	C130071C03Rik	1362
1363	Gm26803	chr13	83723442	83729582	lncRNA	ENSMUSG00000097265	-	Gm26803	1363
1364	Gm33366	chr13	83734709	83738535	TEC	ENSMUSG00000102969	-	Gm33366	1364
1365	Mir9-2	chr13	83738814	83738885	miRNA	ENSMUSG00000065424	+	Mir9-2	1365
1366	Gm6411	chr13	83761132	83762335	processed_pseudogene	ENSMUSG00000114588	-	Gm6411	1366
1367	Gm5452	chr13	83832340	83833336	processed_pseudogene	ENSMUSG00000114687	+	Gm5452	1367
1368	2810049E08Rik	chr13	83891208	83928710	lncRNA	ENSMUSG00000100891	+	2810049E08Rik	1368
1369	Gm4241	chr13	83971355	83987991	lncRNA	ENSMUSG00000114379	-	Gm4241	1369
1370	Gm8447	chr13	83997547	83998439	processed_pseudogene	ENSMUSG00000114930	-	Gm8447	1370
1371	Gm17750	chr13	84025297	84064772	lncRNA	ENSMUSG00000098087	-	Gm17750	1371
1372	A230107N01Rik	chr13	84219581	84222175	lncRNA	ENSMUSG00000097292	-	A230107N01Rik	1372
1373	Tmem161b	chr13	84222296	84296141	protein_coding	ENSMUSG00000035762	+	Tmem161b	1373
1374	Gm49223	chr13	84274844	84280817	lncRNA	ENSMUSG00000114602	+	Gm49223	1374
1375	Gm46432	chr13	84281179	84281816	processed_pseudogene	ENSMUSG00000114827	-	Gm46432	1375
1376	Gm26927	chr13	84339149	84340113	processed_pseudogene	ENSMUSG00000098245	-	Gm26927	1376
1377	Gm4076	chr13	85126550	85127514	processed_pseudogene	ENSMUSG00000096449	-	Gm4076	1377
1378	Ccnh	chr13	85189408	85223469	protein_coding	ENSMUSG00000021548	+	Ccnh	1378
1379	Rasa1	chr13	85214780	85289130	protein_coding	ENSMUSG00000021549	-	Rasa1	1379
1380	Gm47636	chr13	85865112	85865333	processed_pseudogene	ENSMUSG00000114447	-	Gm47636	1380
1381	Cox7c	chr13	86044816	86046904	protein_coding	ENSMUSG00000017778	-	Cox7c	1381
1382	Gm22574	chr13	86044989	86045048	TEC	ENSMUSG00000064917	-	Gm22574	1382
1383	Gm27025	chr13	86235827	86237727	processed_pseudogene	ENSMUSG00000098152	+	Gm27025	1383
1384	Gm18265	chr13	87307726	87308524	processed_pseudogene	ENSMUSG00000114750	+	Gm18265	1384
1385	Gm19239	chr13	87826538	87827059	processed_pseudogene	ENSMUSG00000114674	+	Gm19239	1385
1386	Gm47649	chr13	87977497	87980299	TEC	ENSMUSG00000114960	-	Gm47649	1386
1387	Gm34585	chr13	88521190	88578168	lncRNA	ENSMUSG00000114273	+	Gm34585	1387
1388	Edil3	chr13	88821472	89323223	protein_coding	ENSMUSG00000034488	+	Edil3	1388
1389	Hapln1	chr13	89539796	89611652	protein_coding	ENSMUSG00000021613	+	Hapln1	1389
1390	Vcan	chr13	89655312	89742509	protein_coding	ENSMUSG00000021614	-	Vcan	1390
1391	Gm4117	chr13	89739460	89887166	lncRNA	ENSMUSG00000089940	+	Gm4117	1391
1392	Xrcc4	chr13	89774027	90089608	protein_coding	ENSMUSG00000021615	-	Xrcc4	1392
1393	Tmem167	chr13	90089123	90143907	protein_coding	ENSMUSG00000012422	+	Tmem167	1393
1394	Gm24507	chr13	90098981	90099114	snoRNA	ENSMUSG00000088308	+	Gm24507	1394
1395	Gm37727	chr13	90157154	90157972	TEC	ENSMUSG00000103228	+	Gm37727	1395
1396	Gm29680	chr13	90179217	90217142	lncRNA	ENSMUSG00000114541	-	Gm29680	1396
1397	Gm47520	chr13	90360130	90418100	lncRNA	ENSMUSG00000114204	-	Gm47520	1397
1398	Gm36966	chr13	90634085	90634497	TEC	ENSMUSG00000103069	+	Gm36966	1398
1399	Atp6ap1l	chr13	90883433	90905355	protein_coding	ENSMUSG00000078958	-	Atp6ap1l	1399
1400	Rps23	chr13	90922958	90924950	protein_coding	ENSMUSG00000049517	+	Rps23	1400
1401	Atg10	chr13	90935356	91223968	protein_coding	ENSMUSG00000021619	-	Atg10	1401
1402	Gm47381	chr13	91259376	91274954	lncRNA	ENSMUSG00000114688	+	Gm47381	1402
1403	A830009L08Rik	chr13	91368990	91388085	lncRNA	ENSMUSG00000097182	-	A830009L08Rik	1403
1404	Gm29540	chr13	91373842	91374294	lncRNA	ENSMUSG00000099340	-	Gm29540	1404
1405	Ssbp2	chr13	91460283	91703429	protein_coding	ENSMUSG00000003992	+	Ssbp2	1405
1406	4833422C13Rik	chr13	91701665	91741872	lncRNA	ENSMUSG00000074782	-	4833422C13Rik	1406
1407	Acot12	chr13	91741512	91786148	protein_coding	ENSMUSG00000021620	+	Acot12	1407
1408	Gm24597	chr13	91744705	91745004	misc_RNA	ENSMUSG00000084452	-	Gm24597	1408
1409	Gm27656	chr13	91752106	91752185	miRNA	ENSMUSG00000099004	+	Gm27656	1409
1410	Zcchc9	chr13	91796533	91807705	protein_coding	ENSMUSG00000021621	-	Zcchc9	1410
1411	Ckmt2	chr13	91853387	91876885	protein_coding	ENSMUSG00000021622	-	Ckmt2	1411
1412	Rasgrf2	chr13	91880400	92131656	protein_coding	ENSMUSG00000021708	-	Rasgrf2	1412
1413	Msh3	chr13	92211872	92355003	protein_coding	ENSMUSG00000014850	-	Msh3	1413
1414	Gm20379	chr13	92305980	92307183	protein_coding	ENSMUSG00000100622	+	Gm20379	1414
1415	Dhfr	chr13	92354726	92389053	protein_coding	ENSMUSG00000021707	+	Dhfr	1415
1416	C030017D09Rik	chr13	92415017	92427224	lncRNA	ENSMUSG00000090907	-	C030017D09Rik	1416
1417	Ankrd34b	chr13	92425896	92441658	protein_coding	ENSMUSG00000045034	+	Ankrd34b	1417
1418	Fam151b	chr13	92449625	92484015	protein_coding	ENSMUSG00000034334	-	Fam151b	1418
1419	Zfyve16	chr13	92487108	92530868	protein_coding	ENSMUSG00000021706	-	Zfyve16	1419
1420	Spz1	chr13	92574636	92576172	protein_coding	ENSMUSG00000046957	-	Spz1	1420
1421	Serinc5	chr13	92611091	92711947	protein_coding	ENSMUSG00000021703	+	Serinc5	1421
1422	Thbs4	chr13	92751590	92794818	protein_coding	ENSMUSG00000021702	-	Thbs4	1422
1423	Mtx3	chr13	92844760	92858230	protein_coding	ENSMUSG00000021704	+	Mtx3	1423
1424	Gm31630	chr13	92898286	92907126	lncRNA	ENSMUSG00000114823	+	Gm31630	1424
1425	Cmya5	chr13	93040713	93144724	protein_coding	ENSMUSG00000047419	-	Cmya5	1425
1426	Gm4814	chr13	93073304	93074757	lncRNA	ENSMUSG00000114382	+	Gm4814	1426
1427	A630019I02Rik	chr13	93094833	93098968	lncRNA	ENSMUSG00000114968	+	A630019I02Rik	1427
1428	Tent2	chr13	93146282	93192385	protein_coding	ENSMUSG00000042167	-	Tent2	1428
1429	Homer1	chr13	93299635	93405129	protein_coding	ENSMUSG00000007617	+	Homer1	1429
1430	Gm47075	chr13	93312041	93314055	TEC	ENSMUSG00000114169	+	Gm47075	1430
1431	Gm47088	chr13	93317427	93319065	TEC	ENSMUSG00000113076	+	Gm47088	1431
1432	Gm47155	chr13	93410783	93412957	TEC	ENSMUSG00000114019	+	Gm47155	1432
1433	Gm18960	chr13	93420604	93421316	processed_pseudogene	ENSMUSG00000113514	-	Gm18960	1433
1434	Jmy	chr13	93430101	93499808	protein_coding	ENSMUSG00000021690	-	Jmy	1434
1435	Gm6109	chr13	93448488	93448835	processed_pseudogene	ENSMUSG00000113237	+	Gm6109	1435
1436	Bhmt	chr13	93616675	93637961	protein_coding	ENSMUSG00000074768	-	Bhmt	1436
1437	Gm15622	chr13	93625382	93628633	lncRNA	ENSMUSG00000085834	+	Gm15622	1437
1438	Bhmt2	chr13	93655720	93674302	protein_coding	ENSMUSG00000042118	-	Bhmt2	1438
1439	Dmgdh	chr13	93674433	93752833	protein_coding	ENSMUSG00000042102	+	Dmgdh	1439
1440	AW495222	chr13	93706182	93719175	lncRNA	ENSMUSG00000087334	-	AW495222	1440
1441	Gm15620	chr13	93727363	93727702	processed_pseudogene	ENSMUSG00000085202	-	Gm15620	1441
1442	Gm47210	chr13	93770950	93772194	lncRNA	ENSMUSG00000113647	-	Gm47210	1442
1443	Arsb	chr13	93771630	93943016	protein_coding	ENSMUSG00000042082	+	Arsb	1443
1444	Gm25534	chr13	93923187	93923311	miRNA	ENSMUSG00000093106	-	Gm25534	1444
1445	Gm47216	chr13	93983195	93991768	lncRNA	ENSMUSG00000113791	-	Gm47216	1445
1446	Cycs-ps3	chr13	94053843	94054388	processed_pseudogene	ENSMUSG00000114174	+	Cycs-ps3	1446
1447	Lhfpl2	chr13	94057796	94195409	protein_coding	ENSMUSG00000045312	+	Lhfpl2	1447
1448	Gm15907	chr13	94137447	94140117	lncRNA	ENSMUSG00000087319	-	Gm15907	1448
1449	Scamp1	chr13	94201310	94285857	protein_coding	ENSMUSG00000021687	-	Scamp1	1449
1450	Gm32089	chr13	94289448	94295006	lncRNA	ENSMUSG00000114055	-	Gm32089	1450
1451	Gm48102	chr13	94294017	94301250	lncRNA	ENSMUSG00000113494	+	Gm48102	1451
1452	Gm5668	chr13	94299424	94299859	processed_pseudogene	ENSMUSG00000114056	-	Gm5668	1452
1453	Gm9776	chr13	94355839	94358923	lncRNA	ENSMUSG00000042857	-	Gm9776	1453
1454	Ap3b1	chr13	94358960	94566317	protein_coding	ENSMUSG00000021686	+	Ap3b1	1454
1455	Gm25109	chr13	94517162	94517275	miRNA	ENSMUSG00000084423	+	Gm25109	1455
1456	Gm36991	chr13	94619280	94619927	TEC	ENSMUSG00000103438	+	Gm36991	1456
1457	Gm32305	chr13	94685566	94700356	lncRNA	ENSMUSG00000112934	-	Gm32305	1457
1458	Tbca	chr13	94788910	94842922	protein_coding	ENSMUSG00000042043	+	Tbca	1458
1459	Otp	chr13	94875602	94885130	protein_coding	ENSMUSG00000021685	+	Otp	1459
1460	Wdr41	chr13	94976344	95023314	protein_coding	ENSMUSG00000042015	+	Wdr41	1460
1461	Gm48349	chr13	95002358	95002824	processed_pseudogene	ENSMUSG00000113871	+	Gm48349	1461
1462	Gm48350	chr13	95012681	95023790	lncRNA	ENSMUSG00000114014	-	Gm48350	1462
1463	Gm48420	chr13	95024301	95024900	lncRNA	ENSMUSG00000113070	+	Gm48420	1463
1464	Pde8b	chr13	95024454	95250336	protein_coding	ENSMUSG00000021684	-	Pde8b	1464
1465	Gm16243	chr13	95208112	95208936	lncRNA	ENSMUSG00000090033	+	Gm16243	1465
1466	Zbed3	chr13	95323612	95337841	protein_coding	ENSMUSG00000041995	+	Zbed3	1466
1467	Gm22661	chr13	95332618	95332749	snoRNA	ENSMUSG00000077380	+	Gm22661	1467
1468	Aggf1	chr13	95350683	95375352	protein_coding	ENSMUSG00000021681	-	Aggf1	1468
1469	Crhbp	chr13	95431371	95444924	protein_coding	ENSMUSG00000021680	-	Crhbp	1469
1470	F2rl1	chr13	95511732	95525227	protein_coding	ENSMUSG00000021678	-	F2rl1	1470
1471	Gm48730	chr13	95535590	95545200	lncRNA	ENSMUSG00000113359	+	Gm48730	1471
1472	F2r	chr13	95601803	95618487	protein_coding	ENSMUSG00000048376	-	F2r	1472
1473	Iqgap2	chr13	95627174	95892483	protein_coding	ENSMUSG00000021676	-	Iqgap2	1473
1474	Gm48745	chr13	95685145	95686809	TEC	ENSMUSG00000113631	+	Gm48745	1474
1475	F2rl2	chr13	95696853	95702739	protein_coding	ENSMUSG00000021675	+	F2rl2	1475
1476	AC171003.1	chr13	95707494	95725547	lncRNA	ENSMUSG00000118445	+	AC171003.1	1476
1477	AC163685.1	chr13	95736583	95753638	lncRNA	ENSMUSG00000118436	+	AC163685.1	1477
1478	Gm24032	chr13	95896962	95897120	snRNA	ENSMUSG00000065866	-	Gm24032	1478
1479	Sv2c	chr13	95954594	96132577	protein_coding	ENSMUSG00000051111	-	Sv2c	1479
1480	Gm20075	chr13	96079216	96081376	protein_coding	ENSMUSG00000114133	-	Gm20075	1480
1481	Gm17190	chr13	96082054	96083231	protein_coding	ENSMUSG00000099115	+	Gm17190	1481
1482	Gm23955	chr13	96104463	96104562	snRNA	ENSMUSG00000087839	-	Gm23955	1482
1483	Gm29543	chr13	96133369	96134335	lncRNA	ENSMUSG00000100475	+	Gm29543	1483
1484	Gm8712	chr13	96376930	96377630	processed_pseudogene	ENSMUSG00000113743	+	Gm8712	1484
1485	Poc5	chr13	96388294	96417737	protein_coding	ENSMUSG00000021671	+	Poc5	1485
1486	Ankdd1b	chr13	96416134	96471267	protein_coding	ENSMUSG00000047117	-	Ankdd1b	1486
1487	Polk	chr13	96480690	96542579	protein_coding	ENSMUSG00000021668	-	Polk	1487
1488	Gm17622	chr13	96490733	96491120	protein_coding	ENSMUSG00000091109	+	Gm17622	1488
1489	Col4a3bp	chr13	96542618	96640167	protein_coding	ENSMUSG00000021669	+	Col4a3bp	1489
1490	Gm48133	chr13	96542993	96543652	lncRNA	ENSMUSG00000113068	-	Gm48133	1490
1491	Gm48138	chr13	96556232	96559111	TEC	ENSMUSG00000113842	+	Gm48138	1491
1492	Gm46436	chr13	96576630	96577923	TEC	ENSMUSG00000113379	+	Gm46436	1492
1493	Gm48139	chr13	96605677	96609591	TEC	ENSMUSG00000114193	+	Gm48139	1493
1494	Hmgcr	chr13	96648967	96670936	protein_coding	ENSMUSG00000021670	-	Hmgcr	1494
1495	Ankrd31	chr13	96748272	96910039	protein_coding	ENSMUSG00000109561	+	Ankrd31	1495
1496	Gm48580	chr13	96776466	96777930	processed_pseudogene	ENSMUSG00000113879	-	Gm48580	1496
1497	Gcnt4	chr13	96924689	96950906	protein_coding	ENSMUSG00000091387	+	Gcnt4	1497
1498	Gm48597	chr13	96950372	96950914	lncRNA	ENSMUSG00000114154	-	Gm48597	1498
1499	1700029F12Rik	chr13	97021864	97034362	protein_coding	ENSMUSG00000052075	-	1700029F12Rik	1499
1500	Fam169a	chr13	97067286	97131013	protein_coding	ENSMUSG00000041817	+	Fam169a	1500
1501	Gm6169	chr13	97098208	97099237	protein_coding	ENSMUSG00000057762	-	Gm6169	1501
1502	Nsa2	chr13	97129424	97137937	protein_coding	ENSMUSG00000060739	-	Nsa2	1502
1503	Gfm2	chr13	97137937	97181195	protein_coding	ENSMUSG00000021666	+	Gfm2	1503
1504	Hexb	chr13	97176331	97198357	protein_coding	ENSMUSG00000021665	-	Hexb	1504
1505	Enc1	chr13	97241105	97253034	protein_coding	ENSMUSG00000041773	+	Enc1	1505
1506	C430039J16Rik	chr13	97283183	97285560	lncRNA	ENSMUSG00000097932	+	C430039J16Rik	1506
1507	Gm33447	chr13	97376234	97380465	lncRNA	ENSMUSG00000114425	+	Gm33447	1507
1508	Lncenc1	chr13	97434970	97497007	lncRNA	ENSMUSG00000078952	+	Lncenc1	1508
1509	Gm8756	chr13	97458149	97459077	processed_pseudogene	ENSMUSG00000098238	-	Gm8756	1509
1510	Gm2379	chr13	97511204	97515730	lncRNA	ENSMUSG00000114926	+	Gm2379	1510
1511	Gm41030	chr13	97523200	97527455	lncRNA	ENSMUSG00000114415	-	Gm41030	1511
1512	Gm48090	chr13	97541712	97543335	TEC	ENSMUSG00000114837	-	Gm48090	1512
1513	Gm5086	chr13	97559971	97583996	lncRNA	ENSMUSG00000110235	+	Gm5086	1513
1514	Gm48070	chr13	97609536	97609817	processed_pseudogene	ENSMUSG00000114599	+	Gm48070	1514
1515	5330416C01Rik	chr13	97733498	97747411	lncRNA	ENSMUSG00000054944	-	5330416C01Rik	1515
1516	Gm26619	chr13	97751112	97760965	lncRNA	ENSMUSG00000097346	+	Gm26619	1516
1517	Gm10260	chr13	97760072	97760632	protein_coding	ENSMUSG00000069117	-	Gm10260	1517
1518	Gm47577	chr13	97790564	97793258	TEC	ENSMUSG00000114294	+	Gm47577	1518
1519	Gm41031	chr13	97796162	97825885	lncRNA	ENSMUSG00000114348	-	Gm41031	1519
1520	Gm34388	chr13	97865841	97876662	lncRNA	ENSMUSG00000114474	-	Gm34388	1520
1521	Arhgef28	chr13	97899469	98206439	protein_coding	ENSMUSG00000021662	-	Arhgef28	1521
1522	Utp15	chr13	98246845	98263041	protein_coding	ENSMUSG00000041747	-	Utp15	1522
1523	Ankra2	chr13	98263074	98274754	protein_coding	ENSMUSG00000021661	+	Ankra2	1523
1524	Gm21976	chr13	98279887	98307154	protein_coding	ENSMUSG00000096330	+	Gm21976	1524
1525	Btf3	chr13	98309896	98317006	protein_coding	ENSMUSG00000021660	-	Btf3	1525
1526	Gm9828	chr13	98316422	98324415	lncRNA	ENSMUSG00000048603	+	Gm9828	1526
1527	Foxd1	chr13	98354242	98359305	protein_coding	ENSMUSG00000078302	+	Foxd1	1527
1528	2310005E17Rik	chr13	98424109	98435065	lncRNA	ENSMUSG00000099446	-	2310005E17Rik	1528
1529	Gm10320	chr13	98489348	98492001	protein_coding	ENSMUSG00000092116	-	Gm10320	1529
1530	Gm37425	chr13	98517364	98517938	TEC	ENSMUSG00000104430	-	Gm37425	1530
1531	Gm22698	chr13	98560354	98560461	miRNA	ENSMUSG00000093116	+	Gm22698	1531
1532	Gm48050	chr13	98608411	98617662	lncRNA	ENSMUSG00000114521	-	Gm48050	1532
1533	Tmem174	chr13	98634978	98637410	protein_coding	ENSMUSG00000046082	-	Tmem174	1533
1534	Tmem171	chr13	98686235	98694834	protein_coding	ENSMUSG00000052485	-	Tmem171	1534
1535	Gm9465	chr13	98713074	98716510	lncRNA	ENSMUSG00000114689	-	Gm9465	1535
1536	Fcho2	chr13	98723403	98815449	protein_coding	ENSMUSG00000041685	-	Fcho2	1536
1537	Gm47550	chr13	98732986	98734690	TEC	ENSMUSG00000114612	+	Gm47550	1537
1538	D130062J10Rik	chr13	98798611	98801410	lncRNA	ENSMUSG00000114598	-	D130062J10Rik	1538
1539	Gm47551	chr13	98801172	98803736	lncRNA	ENSMUSG00000114458	+	Gm47551	1539
1540	Gm18134	chr13	98816752	98817265	processed_pseudogene	ENSMUSG00000114719	+	Gm18134	1540
1541	Tnpo1	chr13	98839019	98926384	protein_coding	ENSMUSG00000009470	-	Tnpo1	1541
1542	Gm5453	chr13	98904224	98904670	processed_pseudogene	ENSMUSG00000062461	+	Gm5453	1542
1543	Gm35215	chr13	98936763	98945916	lncRNA	ENSMUSG00000114569	-	Gm35215	1543
1544	Gm35279	chr13	98994151	98997418	lncRNA	ENSMUSG00000114203	+	Gm35279	1544
1545	A930014D07Rik	chr13	99007099	99021695	lncRNA	ENSMUSG00000114414	+	A930014D07Rik	1545
1546	2310020H05Rik	chr13	99076526	99087921	lncRNA	ENSMUSG00000100410	-	2310020H05Rik	1546
1547	Gm807	chr13	99100706	99107580	lncRNA	ENSMUSG00000097848	+	Gm807	1547
1548	Zfp366	chr13	99184823	99250656	protein_coding	ENSMUSG00000050919	+	Zfp366	1548
1549	Ptcd2	chr13	99319647	99344705	protein_coding	ENSMUSG00000021650	-	Ptcd2	1549
1550	Mrps27	chr13	99344786	99415562	protein_coding	ENSMUSG00000041632	+	Mrps27	1550
1551	6430562O15Rik	chr13	99396924	99412876	lncRNA	ENSMUSG00000097828	-	6430562O15Rik	1551
1552	Map1b	chr13	99421446	99516540	protein_coding	ENSMUSG00000052727	-	Map1b	1552
1553	5330431K02Rik	chr13	99502477	99504439	TEC	ENSMUSG00000114282	-	5330431K02Rik	1553
1554	Gm26559	chr13	99516629	99521760	lncRNA	ENSMUSG00000097027	+	Gm26559	1554
1555	Cartpt	chr13	99898489	99901091	protein_coding	ENSMUSG00000021647	-	Cartpt	1555
1556	Mccc2	chr13	99948530	100015639	protein_coding	ENSMUSG00000021646	-	Mccc2	1556
1557	Bdp1	chr13	100017994	100104070	protein_coding	ENSMUSG00000049658	-	Bdp1	1557
1558	BC001981	chr13	100106795	100108339	lncRNA	ENSMUSG00000097022	-	BC001981	1558
1559	Serf1	chr13	100108012	100114571	protein_coding	ENSMUSG00000021643	+	Serf1	1559
1560	Smn1	chr13	100124852	100137690	protein_coding	ENSMUSG00000021645	+	Smn1	1560
1561	Naip2	chr13	100144063	100202092	protein_coding	ENSMUSG00000078945	-	Naip2	1561
1562	Naip5	chr13	100211739	100246323	protein_coding	ENSMUSG00000071203	-	Naip5	1562
1563	Naip3-ps1	chr13	100264745	100278817	unprocessed_pseudogene	ENSMUSG00000114576	-	Naip3-ps1	1563
1564	Naip6	chr13	100281121	100317674	protein_coding	ENSMUSG00000078942	-	Naip6	1564
1565	Naip3	chr13	100340144	100378960	unprocessed_pseudogene	ENSMUSG00000082956	-	Naip3	1565
1566	Gm18601	chr13	100392732	100394499	processed_pseudogene	ENSMUSG00000112978	+	Gm18601	1566
1567	Naip1	chr13	100407764	100452869	protein_coding	ENSMUSG00000021640	-	Naip1	1567
1568	Rpl31-ps13	chr13	100415565	100415942	processed_pseudogene	ENSMUSG00000051723	+	Rpl31-ps13	1568
1569	Gtf2h2	chr13	100460218	100492579	protein_coding	ENSMUSG00000021639	-	Gtf2h2	1569
1570	Gm48452	chr13	100467932	100468187	processed_pseudogene	ENSMUSG00000113596	+	Gm48452	1570
1571	Ocln	chr13	100496507	100552718	protein_coding	ENSMUSG00000021638	-	Ocln	1571
1572	Gm48596	chr13	100557426	100560639	lncRNA	ENSMUSG00000114360	+	Gm48596	1572
1573	Gm8847	chr13	100559402	100560032	processed_pseudogene	ENSMUSG00000114332	-	Gm8847	1573
1574	Marveld2	chr13	100595957	100616971	protein_coding	ENSMUSG00000021636	-	Marveld2	1574
1575	Rad17	chr13	100617164	100651051	protein_coding	ENSMUSG00000021635	-	Rad17	1575
1576	Ak6	chr13	100650979	100666359	protein_coding	ENSMUSG00000078941	+	Ak6	1576
1577	Taf9	chr13	100651579	100656060	protein_coding	ENSMUSG00000052293	+	Taf9	1577
1578	Ccdc125	chr13	100669717	100697240	protein_coding	ENSMUSG00000048924	+	Ccdc125	1578
1579	Cdk7	chr13	100702631	100730939	protein_coding	ENSMUSG00000069089	-	Cdk7	1579
1580	Mrps36	chr13	100735955	100744659	protein_coding	ENSMUSG00000061474	-	Mrps36	1580
1581	Cenph	chr13	100759674	100775899	protein_coding	ENSMUSG00000045273	-	Cenph	1581
1582	Slc30a5	chr13	100802648	100833427	protein_coding	ENSMUSG00000021629	-	Slc30a5	1582
1583	Gm29502	chr13	100847433	100977915	lncRNA	ENSMUSG00000100596	+	Gm29502	1583
1584	Gm37830	chr13	100872780	100876195	TEC	ENSMUSG00000104450	+	Gm37830	1584
1585	Gm41041	chr13	100909097	100909889	processed_pseudogene	ENSMUSG00000114738	-	Gm41041	1585
1586	Gm10257	chr13	100946405	100946815	processed_pseudogene	ENSMUSG00000114759	-	Gm10257	1586
1587	Gm6114	chr13	101013019	101013986	processed_pseudogene	ENSMUSG00000098005	-	Gm6114	1587
1588	5930438M14Rik	chr13	101232127	101247551	lncRNA	ENSMUSG00000114590	+	5930438M14Rik	1588
1589	4932411K12Rik	chr13	101254294	101464160	lncRNA	ENSMUSG00000100733	+	4932411K12Rik	1589
1590	Gm41043	chr13	101543777	101548152	lncRNA	ENSMUSG00000114652	-	Gm41043	1590
1591	Gm47533	chr13	101545206	101548279	lncRNA	ENSMUSG00000114400	+	Gm47533	1591
1592	Pik3r1	chr13	101680563	101768217	protein_coding	ENSMUSG00000041417	-	Pik3r1	1592
1593	Gm36638	chr13	101752806	101753205	TEC	ENSMUSG00000102635	-	Gm36638	1593
1594	Gm17832	chr13	101920420	101922391	processed_pseudogene	ENSMUSG00000114717	+	Gm17832	1594
1595	Gm38133	chr13	102114117	102116035	TEC	ENSMUSG00000102542	-	Gm38133	1595
1596	Gm29927	chr13	102563187	102590285	lncRNA	ENSMUSG00000114846	-	Gm29927	1596
1597	Gm47014	chr13	102604533	102606903	processed_pseudogene	ENSMUSG00000114730	+	Gm47014	1597
1598	Cd180	chr13	102693558	102739629	protein_coding	ENSMUSG00000021624	+	Cd180	1598
1599	Mast4	chr13	102732486	103334497	protein_coding	ENSMUSG00000034751	-	Mast4	1599
1600	1700099I09Rik	chr13	102760255	102761896	lncRNA	ENSMUSG00000091906	+	1700099I09Rik	1600
1601	Gm17160	chr13	102762435	102764785	lncRNA	ENSMUSG00000090329	+	Gm17160	1601
1602	Gm6211	chr13	103159795	103164069	transcribed_processed_pseudogene	ENSMUSG00000091577	-	Gm6211	1602
1603	Gm5454	chr13	103356252	103357704	processed_pseudogene	ENSMUSG00000047643	+	Gm5454	1603
1604	Gm30551	chr13	103591395	103707633	lncRNA	ENSMUSG00000114206	-	Gm30551	1604
1605	Srek1	chr13	103739348	103774608	protein_coding	ENSMUSG00000032621	-	Srek1	1605
1606	Erbin	chr13	103818787	103920514	protein_coding	ENSMUSG00000021709	-	Erbin	1606
1607	Gm47849	chr13	103945928	103970124	lncRNA	ENSMUSG00000114276	-	Gm47849	1607
1608	Gm47851	chr13	103976312	103978330	lncRNA	ENSMUSG00000114637	-	Gm47851	1608
1609	Nln	chr13	104023057	104109614	protein_coding	ENSMUSG00000021710	-	Nln	1609
1610	Sgtb	chr13	104109741	104141735	protein_coding	ENSMUSG00000042743	+	Sgtb	1610
1611	Trappc13	chr13	104142149	104178469	protein_coding	ENSMUSG00000021711	-	Trappc13	1611
1612	Shld3	chr13	104173722	104178439	protein_coding	ENSMUSG00000118537	-	Shld3	1612
1613	Trim23	chr13	104178797	104203372	protein_coding	ENSMUSG00000021712	+	Trim23	1613
1614	Ppwd1	chr13	104205124	104228843	protein_coding	ENSMUSG00000021713	-	Ppwd1	1614
1615	Cenpk	chr13	104228611	104252392	protein_coding	ENSMUSG00000021714	+	Cenpk	1615
1616	Adamts6	chr13	104287835	104496695	protein_coding	ENSMUSG00000046169	+	Adamts6	1616
1617	Cwc27	chr13	104631140	104817142	protein_coding	ENSMUSG00000021715	-	Cwc27	1617
1618	2610204G07Rik	chr13	104684931	104694994	lncRNA	ENSMUSG00000084860	+	2610204G07Rik	1618
1619	Srek1ip1	chr13	104792484	104839274	protein_coding	ENSMUSG00000021716	+	Srek1ip1	1619
1620	Shisal2b	chr13	104845283	104863893	protein_coding	ENSMUSG00000042655	-	Shisal2b	1620
1621	Rgs7bp	chr13	104945904	105054930	protein_coding	ENSMUSG00000021719	-	Rgs7bp	1621
1622	4933425L06Rik	chr13	105082122	105121782	protein_coding	ENSMUSG00000021718	+	4933425L06Rik	1622
1623	Rnf180	chr13	105130001	105294815	protein_coding	ENSMUSG00000021720	-	Rnf180	1623
1624	Htr1a	chr13	105443639	105448122	protein_coding	ENSMUSG00000021721	+	Htr1a	1624
1625	Gm10739	chr13	105838547	106019783	lncRNA	ENSMUSG00000114564	+	Gm10739	1625
1626	Olfr717-ps1	chr13	106197216	106197771	unprocessed_pseudogene	ENSMUSG00000108515	-	Olfr717-ps1	1626
1627	Gm30411	chr13	106747070	106761579	lncRNA	ENSMUSG00000114422	-	Gm30411	1627
1628	Gm28989	chr13	106788070	106796796	lncRNA	ENSMUSG00000101308	+	Gm28989	1628
1629	Ipo11	chr13	106794439	106936958	protein_coding	ENSMUSG00000042590	-	Ipo11	1629
1630	AC154328.1	chr13	106833714	106847267	transcribed_unitary_pseudogene	ENSMUSG00000118423	-	AC154328.1	1630
1631	Gm28988	chr13	106851900	106853846	lncRNA	ENSMUSG00000100833	+	Gm28988	1631
1632	Dimt1	chr13	106947127	106960224	protein_coding	ENSMUSG00000021692	+	Dimt1	1632
1633	Kif2a	chr13	106958996	107022126	protein_coding	ENSMUSG00000021693	-	Kif2a	1633
1634	3830408C21Rik	chr13	107022553	107055497	lncRNA	ENSMUSG00000071181	+	3830408C21Rik	1634
1635	Gm48684	chr13	107034284	107035217	lncRNA	ENSMUSG00000114893	+	Gm48684	1635
1636	Gm31452	chr13	107063693	107099252	lncRNA	ENSMUSG00000114311	+	Gm31452	1636
1637	Gm2736	chr13	107348204	107348516	processed_pseudogene	ENSMUSG00000114459	+	Gm2736	1637
1638	Apoo-ps	chr13	107414144	107414729	processed_pseudogene	ENSMUSG00000049233	-	Apoo-ps	1638
1639	AI197445	chr13	107469822	107482718	lncRNA	ENSMUSG00000114780	+	AI197445	1639
1640	Gm32004	chr13	107524061	107565331	lncRNA	ENSMUSG00000114534	-	Gm32004	1640
1641	Gm32090	chr13	107605284	107612849	lncRNA	ENSMUSG00000114807	-	Gm32090	1641
1642	1700006H21Rik	chr13	107687397	107692173	lncRNA	ENSMUSG00000102000	+	1700006H21Rik	1642
1643	Zswim6	chr13	107724617	107890064	protein_coding	ENSMUSG00000032846	-	Zswim6	1643
1644	Gm22118	chr13	107829110	107829280	miRNA	ENSMUSG00000093334	-	Gm22118	1644
1645	B230220B15Rik	chr13	107996285	108004669	lncRNA	ENSMUSG00000114627	+	B230220B15Rik	1645
1646	Ndufaf2	chr13	108002715	108158623	protein_coding	ENSMUSG00000068184	-	Ndufaf2	1646
1647	Smim15	chr13	108044446	108049172	protein_coding	ENSMUSG00000071180	+	Smim15	1647
1648	Ercc8	chr13	108158731	108195364	protein_coding	ENSMUSG00000021694	+	Ercc8	1648
1649	Elovl7	chr13	108214404	108285683	protein_coding	ENSMUSG00000021696	+	Elovl7	1649
1650	Gm32376	chr13	108220468	108220841	processed_pseudogene	ENSMUSG00000114519	-	Gm32376	1650
1651	Gm30747	chr13	108233089	108233555	processed_pseudogene	ENSMUSG00000114507	-	Gm30747	1651
1652	Gm2822	chr13	108313099	108316273	lncRNA	ENSMUSG00000090358	-	Gm2822	1652
1653	Depdc1b	chr13	108316332	108407782	protein_coding	ENSMUSG00000021697	+	Depdc1b	1653
1654	Pde4d	chr13	108449948	109953461	protein_coding	ENSMUSG00000021699	+	Pde4d	1654
1655	Rps3a3	chr13	108670603	108671397	processed_pseudogene	ENSMUSG00000059751	+	Rps3a3	1655
1656	Mir582	chr13	109324744	109324824	miRNA	ENSMUSG00000076946	+	Mir582	1656
1657	Mir1904	chr13	109903809	109903888	miRNA	ENSMUSG00000084651	+	Mir1904	1657
1658	Rab3c	chr13	110054187	110280996	protein_coding	ENSMUSG00000021700	-	Rab3c	1658
1659	Plk2	chr13	110395046	110400844	protein_coding	ENSMUSG00000021701	+	Plk2	1659
1660	Gm33045	chr13	110627288	110642730	lncRNA	ENSMUSG00000109853	+	Gm33045	1660
1661	Gm33172	chr13	110683912	110686925	lncRNA	ENSMUSG00000114775	+	Gm33172	1661
1662	Gm48534	chr13	110844574	110844936	processed_pseudogene	ENSMUSG00000114275	-	Gm48534	1662
1663	Gm30839	chr13	110860413	110860671	processed_pseudogene	ENSMUSG00000114320	-	Gm30839	1663
1664	4930526H09Rik	chr13	110882852	110903846	lncRNA	ENSMUSG00000114307	-	4930526H09Rik	1664
1665	Gm48547	chr13	111017523	111018821	processed_pseudogene	ENSMUSG00000114747	-	Gm48547	1665
1666	3110015C05Rik	chr13	111211467	111229431	lncRNA	ENSMUSG00000114824	-	3110015C05Rik	1666
1667	Gm6270	chr13	111361840	111368680	lncRNA	ENSMUSG00000086201	-	Gm6270	1667
1668	Gpbp1	chr13	111425680	111490111	protein_coding	ENSMUSG00000032745	-	Gpbp1	1668
1669	Gm49496	chr13	111439229	111549947	protein_coding	ENSMUSG00000116016	-	Gm49496	1669
1670	Gm15290	chr13	111522350	111549911	lncRNA	ENSMUSG00000085634	-	Gm15290	1670
1671	Gm15288	chr13	111561372	111568553	lncRNA	ENSMUSG00000086870	-	Gm15288	1671
1672	Gm15286	chr13	111580261	111644830	lncRNA	ENSMUSG00000086649	+	Gm15286	1672
1673	Mier3	chr13	111680979	111718596	protein_coding	ENSMUSG00000032727	+	Mier3	1673
1674	Gm15488	chr13	111721479	111724334	unitary_pseudogene	ENSMUSG00000084217	-	Gm15488	1674
1675	Gm15287	chr13	111725517	111735124	lncRNA	ENSMUSG00000086480	+	Gm15287	1675
1676	Map3k1	chr13	111746428	111808993	protein_coding	ENSMUSG00000021754	-	Map3k1	1676
1677	Gm15327	chr13	111809141	111811039	lncRNA	ENSMUSG00000085204	+	Gm15327	1677
1678	Gm15325	chr13	111850316	111852622	lncRNA	ENSMUSG00000086861	-	Gm15325	1678
1679	Gm15324	chr13	111856996	111858505	lncRNA	ENSMUSG00000086057	+	Gm15324	1679
1680	Gm15326	chr13	111867936	111874730	lncRNA	ENSMUSG00000086111	+	Gm15326	1680
1681	Gm9025	chr13	111882393	111884177	processed_pseudogene	ENSMUSG00000082433	-	Gm9025	1681
1682	Gm15322	chr13	111991466	111995486	lncRNA	ENSMUSG00000086402	+	Gm15322	1682
1683	Gm15323	chr13	112005502	112017332	lncRNA	ENSMUSG00000086092	+	Gm15323	1683
1684	Gm48802	chr13	112165458	112172068	lncRNA	ENSMUSG00000114745	-	Gm48802	1684
1685	Ankrd55	chr13	112288451	112384002	protein_coding	ENSMUSG00000049985	+	Ankrd55	1685
1686	Gm22768	chr13	112291121	112291273	snRNA	ENSMUSG00000088991	+	Gm22768	1686
1687	Gm48837	chr13	112356925	112367845	lncRNA	ENSMUSG00000114536	-	Gm48837	1687
1688	2810403G07Rik	chr13	112414938	112417365	lncRNA	ENSMUSG00000114656	-	2810403G07Rik	1688
1689	Gm48879	chr13	112429434	112436596	lncRNA	ENSMUSG00000114468	-	Gm48879	1689
1690	Il6st	chr13	112464070	112510086	protein_coding	ENSMUSG00000021756	+	Il6st	1690
1691	Il31ra	chr13	112519898	112594360	protein_coding	ENSMUSG00000050377	-	Il31ra	1691
1692	Gm3226	chr13	112593743	112595084	processed_pseudogene	ENSMUSG00000114547	-	Gm3226	1692
1693	Ddx4	chr13	112598333	112652475	protein_coding	ENSMUSG00000021758	-	Ddx4	1693
1694	Slc38a9	chr13	112660751	112738749	protein_coding	ENSMUSG00000047789	+	Slc38a9	1694
1695	Gm47827	chr13	112669139	112685696	lncRNA	ENSMUSG00000114438	-	Gm47827	1695
1696	Plpp1	chr13	112800792	112867894	protein_coding	ENSMUSG00000021759	+	Plpp1	1696
1697	Mtrex	chr13	112867418	112927398	protein_coding	ENSMUSG00000016018	-	Mtrex	1697
1698	Gm26943	chr13	112884226	112885182	processed_pseudogene	ENSMUSG00000098067	+	Gm26943	1698
1699	Dhx29	chr13	112927454	112969432	protein_coding	ENSMUSG00000042426	+	Dhx29	1699
1700	Gm8795	chr13	112937585	112938023	processed_pseudogene	ENSMUSG00000114477	+	Gm8795	1700
1701	Ccno	chr13	112987802	112990777	protein_coding	ENSMUSG00000042417	+	Ccno	1701
1702	Mcidas	chr13	112993845	113000394	protein_coding	ENSMUSG00000074651	+	Mcidas	1702
1703	Cdc20b	chr13	113035111	113091195	protein_coding	ENSMUSG00000078926	+	Cdc20b	1703
1704	Gpx8	chr13	113042753	113046410	protein_coding	ENSMUSG00000021760	-	Gpx8	1704
1705	Gzma	chr13	113093825	113100981	protein_coding	ENSMUSG00000023132	-	Gzma	1705
1706	Gm9848	chr13	113108073	113108331	processed_pseudogene	ENSMUSG00000051002	+	Gm9848	1706
1707	1700084D21Rik	chr13	113136083	113144012	lncRNA	ENSMUSG00000114333	+	1700084D21Rik	1707
1708	Gm49564	chr13	113150677	113151450	unprocessed_pseudogene	ENSMUSG00000116741	-	Gm49564	1708
1709	Gzmk	chr13	113171608	113225908	protein_coding	ENSMUSG00000042385	-	Gzmk	1709
1710	Esm1	chr13	113209659	113218098	protein_coding	ENSMUSG00000042379	+	Esm1	1710
1711	BC067074	chr13	113293159	113379711	protein_coding	ENSMUSG00000021763	+	BC067074	1711
1712	Gm41071	chr13	113420336	113423887	lncRNA	ENSMUSG00000114864	-	Gm41071	1712
1713	4921509O07Rik	chr13	113446288	113502844	lncRNA	ENSMUSG00000114790	-	4921509O07Rik	1713
1714	Gm34471	chr13	113529039	113567767	lncRNA	ENSMUSG00000114715	-	Gm34471	1714
1715	Snx18	chr13	113592179	113618564	protein_coding	ENSMUSG00000042364	-	Snx18	1715
1716	Hspb3	chr13	113662896	113663676	protein_coding	ENSMUSG00000051456	-	Hspb3	1716
1717	Gm34586	chr13	113672318	113686540	lncRNA	ENSMUSG00000114417	+	Gm34586	1717
1718	Arl15	chr13	113794505	114157461	protein_coding	ENSMUSG00000042348	+	Arl15	1718
1719	Gm47479	chr13	114118441	114120416	TEC	ENSMUSG00000114696	-	Gm47479	1719
1720	A430090L17Rik	chr13	114124348	114151592	lncRNA	ENSMUSG00000114213	-	A430090L17Rik	1720
1721	Gm37907	chr13	114227111	114237432	TEC	ENSMUSG00000104314	+	Gm37907	1721
1722	4631422I05Rik	chr13	114240878	114242640	TEC	ENSMUSG00000114655	-	4631422I05Rik	1722
1723	Gm47558	chr13	114281668	114284381	TEC	ENSMUSG00000114707	-	Gm47558	1723
1724	Ndufs4	chr13	114287795	114388258	protein_coding	ENSMUSG00000021764	-	Ndufs4	1724
1725	Gm47569	chr13	114435409	114436699	processed_pseudogene	ENSMUSG00000114712	-	Gm47569	1725
1726	Fst	chr13	114452290	114458951	protein_coding	ENSMUSG00000021765	-	Fst	1726
1727	Gm47040	chr13	114458663	114462047	lncRNA	ENSMUSG00000114935	+	Gm47040	1727
1728	Gm25950	chr13	114580495	114580594	miRNA	ENSMUSG00000093072	+	Gm25950	1728
1729	4930467J12Rik	chr13	114586513	114607084	lncRNA	ENSMUSG00000114879	-	4930467J12Rik	1729
1730	4930544M13Rik	chr13	114607237	114697822	lncRNA	ENSMUSG00000051758	+	4930544M13Rik	1730
1731	Mocs2	chr13	114818236	114832275	protein_coding	ENSMUSG00000015536	+	Mocs2	1731
1732	Itga2	chr13	114833081	114932100	protein_coding	ENSMUSG00000015533	-	Itga2	1732
1733	Gm47776	chr13	114934642	114935068	processed_pseudogene	ENSMUSG00000114703	-	Gm47776	1733
1734	Itga1	chr13	114953096	115101964	protein_coding	ENSMUSG00000042284	-	Itga1	1734
1735	Gm49395	chr13	115035273	115101921	protein_coding	ENSMUSG00000114470	-	Gm49395	1735
1736	Pelo	chr13	115088355	115090186	protein_coding	ENSMUSG00000042275	-	Pelo	1736
1737	Gm25985	chr13	115116127	115116233	snRNA	ENSMUSG00000096021	+	Gm25985	1737
1738	Gm18759	chr13	115163608	115164820	processed_pseudogene	ENSMUSG00000114872	-	Gm18759	1738
1739	Gm47891	chr13	115282201	115282675	processed_pseudogene	ENSMUSG00000114471	+	Gm47891	1739
1740	Gm18135	chr13	115770936	115771468	processed_pseudogene	ENSMUSG00000114324	+	Gm18135	1740
1741	Isl1	chr13	116298281	116309689	protein_coding	ENSMUSG00000042258	-	Isl1	1741
1742	Gm47914	chr13	116558311	116677705	lncRNA	ENSMUSG00000114731	-	Gm47914	1742
1743	Gm47913	chr13	116651448	116663591	lncRNA	ENSMUSG00000114347	-	Gm47913	1743
1744	4930435F18Rik	chr13	116802095	116838178	lncRNA	ENSMUSG00000114290	-	4930435F18Rik	1744
1745	Parp8	chr13	116854820	117025537	protein_coding	ENSMUSG00000021725	-	Parp8	1745
1746	Gm6416	chr13	117130027	117135884	lncRNA	ENSMUSG00000114792	+	Gm6416	1746
1747	Emb	chr13	117208536	117274415	protein_coding	ENSMUSG00000021728	+	Emb	1747
1748	Gm17509	chr13	117218701	117221075	lncRNA	ENSMUSG00000091423	-	Gm17509	1748
1749	Gm6421	chr13	117358212	117358620	processed_pseudogene	ENSMUSG00000114540	-	Gm6421	1749
1750	Hcn1	chr13	117602320	117987418	protein_coding	ENSMUSG00000021730	+	Hcn1	1750
1751	4933413L06Rik	chr13	117706764	117720011	lncRNA	ENSMUSG00000079048	-	4933413L06Rik	1751
1752	Gm9633	chr13	118047320	118047944	processed_pseudogene	ENSMUSG00000114713	+	Gm9633	1752
1753	Mrps30	chr13	118378381	118387252	protein_coding	ENSMUSG00000021731	-	Mrps30	1753
1754	B430218F22Rik	chr13	118386630	118388124	lncRNA	ENSMUSG00000097411	+	B430218F22Rik	1754
1755	1700003P14Rik	chr13	118555360	118588704	lncRNA	ENSMUSG00000100727	+	1700003P14Rik	1755
1756	Gm9098	chr13	118568775	118569782	processed_pseudogene	ENSMUSG00000114365	-	Gm9098	1756
1757	Gm10732	chr13	118603418	118658743	lncRNA	ENSMUSG00000114613	-	Gm10732	1757
1758	Fgf10	chr13	118669791	118792115	protein_coding	ENSMUSG00000021732	+	Fgf10	1758
1759	Gm16263	chr13	118695292	118715396	lncRNA	ENSMUSG00000086709	-	Gm16263	1759
1760	Gm47336	chr13	119271619	119279545	lncRNA	ENSMUSG00000114736	-	Gm47336	1760
1761	Nnt	chr13	119335448	119408997	protein_coding	ENSMUSG00000025453	-	Nnt	1761
1762	Paip1	chr13	119428601	119458218	protein_coding	ENSMUSG00000025451	+	Paip1	1762
1763	4833420G17Rik	chr13	119462768	119486120	protein_coding	ENSMUSG00000062822	+	4833420G17Rik	1763
1764	Gm9752	chr13	119473804	119476761	lncRNA	ENSMUSG00000025450	-	Gm9752	1764
1765	3110070M22Rik	chr13	119487252	119488384	lncRNA	ENSMUSG00000074635	-	3110070M22Rik	1765
1766	Tmem267	chr13	119488039	119611059	protein_coding	ENSMUSG00000074634	+	Tmem267	1766
1767	Gm48265	chr13	119609765	119613472	lncRNA	ENSMUSG00000114945	-	Gm48265	1767
1768	Ccl28	chr13	119623819	119654359	protein_coding	ENSMUSG00000074715	+	Ccl28	1768
1769	1700074H08Rik	chr13	119680040	119681588	lncRNA	ENSMUSG00000099872	+	1700074H08Rik	1769
1770	Hmgcs1	chr13	119690379	119708260	protein_coding	ENSMUSG00000093930	+	Hmgcs1	1770
1771	Gm48342	chr13	119698360	119704549	lncRNA	ENSMUSG00000114934	-	Gm48342	1771
1772	Nim1k	chr13	119710094	119755882	protein_coding	ENSMUSG00000095930	-	Nim1k	1772
1773	Gm41077	chr13	119756093	119769532	lncRNA	ENSMUSG00000114369	+	Gm41077	1773
1774	Zfp131	chr13	119765187	119790889	protein_coding	ENSMUSG00000094870	-	Zfp131	1774
1775	Gm23308	chr13	119813233	119813339	snRNA	ENSMUSG00000096182	+	Gm23308	1775
1776	D13Ertd608e	chr13	119836006	119846570	protein_coding	ENSMUSG00000095514	+	D13Ertd608e	1776
1777	Gm21358	chr13	119864848	119873075	processed_pseudogene	ENSMUSG00000103877	-	Gm21358	1777
1778	Gm37619	chr13	119878292	119879015	processed_pseudogene	ENSMUSG00000104162	+	Gm37619	1778
1779	Tcstv1	chr13	119893388	119894785	protein_coding	ENSMUSG00000096284	-	Tcstv1	1779
1780	Gm21761	chr13	119912095	119929272	protein_coding	ENSMUSG00000096175	-	Gm21761	1780
1781	Gm36161	chr13	120010390	120018931	lncRNA	ENSMUSG00000114608	+	Gm36161	1781
1782	Gm36079	chr13	120026439	120027011	protein_coding	ENSMUSG00000095029	-	Gm36079	1782
1783	Gm21188	chr13	120034605	120052194	protein_coding	ENSMUSG00000095609	-	Gm21188	1783
1784	Gm20767	chr13	120140246	120155335	protein_coding	ENSMUSG00000096323	+	Gm20767	1784
1785	BC147527	chr13	120300392	120308779	protein_coding	ENSMUSG00000094796	+	BC147527	1785
