	gene_name	chr	start	end	type	ensembl_id	strand	gene_name2	Node_ID
0	Gm2888	chr14	3030002	3038762	protein_coding	ENSMUSG00000090487	+	Gm2888	0
1	Gm2897	chr14	3049285	3076840	protein_coding	ENSMUSG00000079410	+	Gm2897	1
2	Esd-ps	chr14	3051653	3052499	processed_pseudogene	ENSMUSG00000079101	-	Esd-ps	2
3	Gm10340	chr14	3133997	3141609	protein_coding	ENSMUSG00000071613	+	Gm10340	3
4	Gm17188	chr14	3186101	3262317	lncRNA	ENSMUSG00000091849	-	Gm17188	4
5	Gm5795	chr14	3188255	3196681	protein_coding	ENSMUSG00000079409	+	Gm5795	5
6	D830030K20Rik	chr14	3208488	3234351	protein_coding	ENSMUSG00000096039	+	D830030K20Rik	6
7	Gm17222	chr14	3210975	3211821	processed_pseudogene	ENSMUSG00000095512	-	Gm17222	7
8	Gm4904	chr14	3254679	3255873	processed_pseudogene	ENSMUSG00000096217	-	Gm4904	8
9	1700110I01Rik	chr14	3262340	3305832	lncRNA	ENSMUSG00000079407	+	1700110I01Rik	9
10	Gm2956	chr14	3332627	3354799	protein_coding	ENSMUSG00000096574	+	Gm2956	10
11	Gm10413	chr14	3395093	3403525	protein_coding	ENSMUSG00000095533	+	Gm10413	11
12	Gm10409	chr14	3412614	3433800	protein_coding	ENSMUSG00000096488	+	Gm10409	12
13	Gm3005	chr14	3428103	3594220	protein_coding	ENSMUSG00000095195	+	Gm3005	13
14	Gm10408	chr14	3449379	3459287	protein_coding	ENSMUSG00000072739	+	Gm10408	14
15	Gm11109	chr14	3512378	3543372	unprocessed_pseudogene	ENSMUSG00000094880	+	Gm11109	15
16	Gm3012	chr14	3634512	3642943	protein_coding	ENSMUSG00000095368	+	Gm3012	16
17	Gm3020	chr14	3652030	3673215	protein_coding	ENSMUSG00000079402	+	Gm3020	17
18	Gm2871	chr14	3713109	3714312	processed_pseudogene	ENSMUSG00000096614	+	Gm2871	18
19	Gm2877	chr14	3735760	3736963	processed_pseudogene	ENSMUSG00000096450	-	Gm2877	19
20	Gm21965	chr14	3751771	3782764	unprocessed_pseudogene	ENSMUSG00000095469	+	Gm21965	20
21	Gm3002	chr14	3810074	3966518	protein_coding	ENSMUSG00000096793	+	Gm3002	21
22	Gm26886	chr14	3822531	3884087	lncRNA	ENSMUSG00000097127	-	Gm26886	22
23	Gm3033	chr14	3846245	3856085	protein_coding	ENSMUSG00000093887	+	Gm3033	23
24	Gm2907	chr14	3876445	3877636	processed_pseudogene	ENSMUSG00000097594	-	Gm2907	24
25	Gm2916	chr14	3884172	3921640	protein_coding	ENSMUSG00000096218	+	Gm2916	25
26	Gm3029	chr14	3931756	3940185	protein_coding	ENSMUSG00000096901	+	Gm3029	26
27	Gm3095	chr14	3963547	3970207	protein_coding	ENSMUSG00000091756	+	Gm3095	27
28	Gm3099	chr14	3998394	4007006	protein_coding	ENSMUSG00000095686	+	Gm3099	28
29	Gm5796	chr14	4023941	4041370	protein_coding	ENSMUSG00000096775	+	Gm5796	29
30	Gm11107	chr14	4049381	4049885	processed_pseudogene	ENSMUSG00000091027	-	Gm11107	30
31	Gm3115	chr14	4084120	4099306	protein_coding	ENSMUSG00000091022	+	Gm3115	31
32	Gm8108	chr14	4110526	4132784	protein_coding	ENSMUSG00000091563	+	Gm8108	32
33	Gm17152	chr14	4141216	4141750	processed_pseudogene	ENSMUSG00000090292	-	Gm17152	33
34	Gm3127	chr14	4165030	4173503	protein_coding	ENSMUSG00000090764	+	Gm3127	34
35	Gm2974	chr14	4182576	4204895	protein_coding	ENSMUSG00000079391	+	Gm2974	35
36	Gm3138	chr14	4249631	4258006	protein_coding	ENSMUSG00000091114	+	Gm3138	36
37	Gm17085	chr14	4266085	4266586	processed_pseudogene	ENSMUSG00000091368	+	Gm17085	37
38	Gm3149	chr14	4317283	4325721	protein_coding	ENSMUSG00000079389	+	Gm3149	38
39	2610042L04Rik	chr14	4334763	4354688	protein_coding	ENSMUSG00000079388	+	2610042L04Rik	39
40	Gm3159	chr14	4397526	4406347	protein_coding	ENSMUSG00000095056	+	Gm3159	40
41	Gm3164	chr14	4415448	4443839	protein_coding	ENSMUSG00000091418	+	Gm3164	41
42	Gm3173	chr14	4430992	4519452	protein_coding	ENSMUSG00000079386	+	Gm3173	42
43	Gm3182	chr14	4481745	4490177	protein_coding	ENSMUSG00000091148	+	Gm3182	43
44	Gm3030	chr14	4536038	4538795	unprocessed_pseudogene	ENSMUSG00000091894	+	Gm3030	44
45	Gm26655	chr14	4551493	4585439	lncRNA	ENSMUSG00000097822	-	Gm26655	45
46	Gm3047	chr14	4555405	4562747	protein_coding	ENSMUSG00000090472	+	Gm3047	46
47	Gm8164	chr14	4577811	4579002	processed_pseudogene	ENSMUSG00000090598	-	Gm8164	47
48	Gm26898	chr14	4593905	4622304	unprocessed_pseudogene	ENSMUSG00000097798	+	Gm26898	48
49	Gm8159	chr14	4632352	4640802	protein_coding	ENSMUSG00000094258	+	Gm8159	49
50	Gm3239	chr14	4664192	4670850	protein_coding	ENSMUSG00000090872	+	Gm3239	50
51	Gm7876	chr14	4709238	4717678	protein_coding	ENSMUSG00000091700	+	Gm7876	51
52	Gm3252	chr14	4726775	4747493	protein_coding	ENSMUSG00000094628	+	Gm3252	52
53	Gm3084	chr14	4755722	4756319	processed_pseudogene	ENSMUSG00000091221	-	Gm3084	53
54	Gm9602	chr14	4776337	4785002	protein_coding	ENSMUSG00000090539	+	Gm9602	54
55	Gm3091	chr14	4792713	4793196	processed_pseudogene	ENSMUSG00000090465	-	Gm3091	55
56	Gm3269	chr14	4838106	4846867	protein_coding	ENSMUSG00000091494	+	Gm3269	56
57	Gm3264	chr14	4855576	4875851	protein_coding	ENSMUSG00000094132	+	Gm3264	57
58	Gm26650	chr14	4867977	4930414	lncRNA	ENSMUSG00000097278	-	Gm26650	58
59	Gm3278	chr14	4892416	4902431	protein_coding	ENSMUSG00000091185	+	Gm3278	59
60	Gm8305	chr14	4922785	4923979	processed_pseudogene	ENSMUSG00000095196	-	Gm8305	60
61	Gm10410	chr14	4938879	4967273	unprocessed_pseudogene	ENSMUSG00000093827	+	Gm10410	61
62	Gm8297	chr14	4983935	4992409	protein_coding	ENSMUSG00000090827	+	Gm8297	62
63	Gm3298	chr14	5015891	5019119	protein_coding	ENSMUSG00000079383	+	Gm3298	63
64	4930555G01Rik	chr14	5050629	5059243	protein_coding	ENSMUSG00000096197	+	4930555G01Rik	64
65	Gm8281	chr14	5071040	5093318	protein_coding	ENSMUSG00000095681	+	Gm8281	65
66	Gm26552	chr14	5161446	5221712	lncRNA	ENSMUSG00000097218	-	Gm26552	66
67	Gm3526	chr14	5253907	5260580	protein_coding	ENSMUSG00000094929	-	Gm3526	67
68	Gm3339	chr14	5277775	5280522	unprocessed_pseudogene	ENSMUSG00000091995	-	Gm3339	68
69	Gm3542	chr14	5326255	5334928	protein_coding	ENSMUSG00000096023	-	Gm3542	69
70	Gm3500	chr14	5365794	5389049	protein_coding	ENSMUSG00000096003	-	Gm3500	70
71	Gm3348	chr14	5385806	5386655	processed_pseudogene	ENSMUSG00000106752	+	Gm3348	71
72	Gm3194	chr14	5438065	5455467	protein_coding	ENSMUSG00000094825	-	Gm3194	72
73	Gm8246	chr14	5469438	5477830	protein_coding	ENSMUSG00000095797	-	Gm8246	73
74	Gm3187	chr14	5484207	5492584	protein_coding	ENSMUSG00000094578	+	Gm3187	74
75	Gm3488	chr14	5501674	5522927	protein_coding	ENSMUSG00000095295	+	Gm3488	75
76	Gm26893	chr14	5514087	5574342	lncRNA	ENSMUSG00000097450	-	Gm26893	76
77	Gm3532	chr14	5538496	5546373	protein_coding	ENSMUSG00000097853	+	Gm3532	77
78	Gm3383	chr14	5607620	5807982	protein_coding	ENSMUSG00000096629	-	Gm3383	78
79	Gm3344	chr14	5610194	5613188	unprocessed_pseudogene	ENSMUSG00000091595	-	Gm3344	79
80	Gm9603	chr14	5678784	5687457	protein_coding	ENSMUSG00000096470	-	Gm9603	80
81	Gm3373	chr14	5718336	5741577	protein_coding	ENSMUSG00000094370	-	Gm3373	81
82	Gm8237	chr14	5857918	5880382	protein_coding	ENSMUSG00000090707	-	Gm8237	82
83	Gm3242	chr14	5893193	5899001	unprocessed_pseudogene	ENSMUSG00000079379	-	Gm3242	83
84	Gm17047	chr14	5930665	5931094	processed_pseudogene	ENSMUSG00000090927	+	Gm17047	84
85	Gm3248	chr14	5939225	5961745	protein_coding	ENSMUSG00000091275	-	Gm3248	85
86	Gm17048	chr14	5958445	5959291	processed_pseudogene	ENSMUSG00000095991	+	Gm17048	86
87	Gm3453	chr14	5970744	5979137	protein_coding	ENSMUSG00000090643	-	Gm3453	87
88	Gm8206	chr14	6016759	6093942	protein_coding	ENSMUSG00000091568	-	Gm8206	88
89	Gm17045	chr14	6034967	6035810	processed_pseudogene	ENSMUSG00000094737	+	Gm17045	89
90	Gm6337	chr14	6049469	6058267	protein_coding	ENSMUSG00000091882	-	Gm6337	90
91	Gm3275	chr14	6078696	6079182	processed_pseudogene	ENSMUSG00000091290	+	Gm3275	91
92	Gm3468	chr14	6087295	6108665	protein_coding	ENSMUSG00000094634	-	Gm3468	92
93	Gm3476	chr14	6105321	6125807	protein_coding	ENSMUSG00000079371	-	Gm3476	93
94	Gm26991	chr14	6154002	6172001	unprocessed_pseudogene	ENSMUSG00000097199	-	Gm26991	94
95	Gm3208	chr14	6202334	6202760	processed_pseudogene	ENSMUSG00000091752	+	Gm3208	95
96	Gm21560	chr14	6210617	6219292	protein_coding	ENSMUSG00000094460	-	Gm21560	96
97	Gm21772	chr14	6251403	6251880	processed_pseudogene	ENSMUSG00000096507	+	Gm21772	97
98	Gm3411	chr14	6259747	6287250	protein_coding	ENSMUSG00000079396	-	Gm3411	98
99	Gm21103	chr14	6296365	6304843	protein_coding	ENSMUSG00000094811	-	Gm21103	99
100	Gm3618	chr14	6306228	6352062	transcribed_unprocessed_pseudogene	ENSMUSG00000096828	-	Gm3618	100
101	Gm26630	chr14	6352044	6446960	lncRNA	ENSMUSG00000097447	+	Gm26630	101
102	Gm8340	chr14	6358497	6359687	processed_pseudogene	ENSMUSG00000091776	+	Gm8340	102
103	Gm16440	chr14	6380721	6390319	protein_coding	ENSMUSG00000072738	-	Gm16440	103
104	Gm3591	chr14	6405827	6412482	protein_coding	ENSMUSG00000096904	-	Gm3591	104
105	Gm3594	chr14	6435796	6444611	protein_coding	ENSMUSG00000095360	-	Gm3594	105
106	Gm8356	chr14	6528612	6537290	protein_coding	ENSMUSG00000090627	-	Gm8356	106
107	Gm3629	chr14	6583959	6590613	protein_coding	ENSMUSG00000093898	-	Gm3629	107
108	Gm3460	chr14	6613967	6622418	protein_coding	ENSMUSG00000096839	-	Gm3460	108
109	Gm10251	chr14	6638420	6684170	protein_coding	ENSMUSG00000094590	-	Gm10251	109
110	Gm26680	chr14	6684255	6783942	lncRNA	ENSMUSG00000097901	+	Gm26680	110
111	Gm3466	chr14	6690690	6691881	processed_pseudogene	ENSMUSG00000096927	+	Gm3466	111
112	Gm8050	chr14	6712183	6720251	protein_coding	ENSMUSG00000091814	-	Gm8050	112
113	Gm3636	chr14	6735685	6742332	protein_coding	ENSMUSG00000091754	-	Gm3636	113
114	Gm8362	chr14	6765962	6774411	protein_coding	ENSMUSG00000090404	-	Gm8362	114
115	Gm3642	chr14	6832231	6840311	protein_coding	ENSMUSG00000096685	-	Gm3642	115
116	Gm3667	chr14	6868502	6889962	protein_coding	ENSMUSG00000090691	-	Gm3667	116
117	Gm47747	chr14	6956945	6957625	processed_pseudogene	ENSMUSG00000114950	+	Gm47747	117
118	Gm6356	chr14	6965449	6973818	protein_coding	ENSMUSG00000091400	-	Gm6356	118
119	Gm47749	chr14	6997191	6997782	processed_pseudogene	ENSMUSG00000114611	+	Gm47749	119
120	Gm10406	chr14	7006115	7027449	protein_coding	ENSMUSG00000093985	-	Gm10406	120
121	Gm3685	chr14	7036535	7044970	protein_coding	ENSMUSG00000094021	-	Gm3685	121
122	Gm3696	chr14	7083208	7100621	protein_coding	ENSMUSG00000092167	-	Gm3696	122
123	Gm3512	chr14	7153511	7174533	protein_coding	ENSMUSG00000090363	-	Gm3512	123
124	Gm16434	chr14	7185927	7194540	protein_coding	ENSMUSG00000095015	-	Gm16434	124
125	Gm3715	chr14	7223692	7229138	unprocessed_pseudogene	ENSMUSG00000072731	-	Gm3715	125
126	Gm5456	chr14	7241442	7242285	processed_pseudogene	ENSMUSG00000094242	+	Gm5456	126
127	Gm3727	chr14	7255889	7264714	protein_coding	ENSMUSG00000096183	-	Gm3727	127
128	Gm3739	chr14	7293648	7315049	protein_coding	ENSMUSG00000091472	-	Gm3739	128
129	Gm5797	chr14	7323988	7332395	protein_coding	ENSMUSG00000072726	-	Gm5797	129
130	Gm8374	chr14	7362097	7365134	protein_coding	ENSMUSG00000091676	-	Gm8374	130
131	Gm10339	chr14	7374667	7412375	lncRNA	ENSMUSG00000071591	-	Gm10339	131
132	4933406F09Rik	chr14	7412460	7508369	lncRNA	ENSMUSG00000090585	+	4933406F09Rik	132
133	Gm3755	chr14	7440924	7450917	protein_coding	ENSMUSG00000091227	-	Gm3755	133
134	Gm3752	chr14	7466362	7483762	protein_coding	ENSMUSG00000091617	-	Gm3752	134
135	Gm3760	chr14	7498713	7506148	unprocessed_pseudogene	ENSMUSG00000091325	-	Gm3760	135
136	Gm3558	chr14	7545151	7568566	protein_coding	ENSMUSG00000079364	-	Gm3558	136
137	Gm17121	chr14	7565259	7566105	processed_pseudogene	ENSMUSG00000096579	+	Gm17121	137
138	Gm10338	chr14	7580617	7595592	protein_coding	ENSMUSG00000094706	-	Gm10338	138
139	Gm10128	chr14	7640895	7643972	protein_coding	ENSMUSG00000063277	-	Gm10128	139
140	Gm10044	chr14	7744063	7791652	transcribed_unprocessed_pseudogene	ENSMUSG00000072723	-	Gm10044	140
141	Gm16741	chr14	7749945	7775528	lncRNA	ENSMUSG00000084775	+	Gm16741	141
142	Gm26661	chr14	7791455	7792057	TEC	ENSMUSG00000097169	+	Gm26661	142
143	Gm8396	chr14	7801208	7802030	processed_pseudogene	ENSMUSG00000049460	+	Gm8396	143
144	Flnb	chr14	7817957	7951588	protein_coding	ENSMUSG00000025278	+	Flnb	144
145	Gm45521	chr14	7957288	7960636	protein_coding	ENSMUSG00000109649	+	Gm45521	145
146	Dnase1l3	chr14	7964533	7994573	protein_coding	ENSMUSG00000025279	-	Dnase1l3	146
147	Abhd6	chr14	8002902	8056763	protein_coding	ENSMUSG00000025277	+	Abhd6	147
148	Rpp14	chr14	8080367	8091834	protein_coding	ENSMUSG00000023156	+	Rpp14	148
149	Pxk	chr14	8098211	8165117	protein_coding	ENSMUSG00000033885	+	Pxk	149
150	Pdhb	chr14	8165996	8173025	protein_coding	ENSMUSG00000021748	-	Pdhb	150
151	Kctd6	chr14	8214140	8223563	protein_coding	ENSMUSG00000021752	+	Kctd6	151
152	Acox2	chr14	8225511	8259353	protein_coding	ENSMUSG00000021751	-	Acox2	152
153	Fam107a	chr14	8296274	8318023	protein_coding	ENSMUSG00000021750	-	Fam107a	153
154	Oit1	chr14	8348937	8378754	protein_coding	ENSMUSG00000021749	-	Oit1	154
155	2610318M16Rik	chr14	8367440	8371010	lncRNA	ENSMUSG00000114532	+	2610318M16Rik	155
156	Gm8416	chr14	8408917	8410195	processed_pseudogene	ENSMUSG00000114533	+	Gm8416	156
157	4930452B06Rik	chr14	8431192	8666240	protein_coding	ENSMUSG00000021747	-	4930452B06Rik	157
158	4930455B14Rik	chr14	8666386	8673378	lncRNA	ENSMUSG00000097898	+	4930455B14Rik	158
159	Gm20241	chr14	8687419	8687965	processed_pseudogene	ENSMUSG00000114764	+	Gm20241	159
160	Gm9800	chr14	8800000	8800335	processed_pseudogene	ENSMUSG00000045799	-	Gm9800	160
161	Gm48364	chr14	8858989	8860050	processed_pseudogene	ENSMUSG00000114413	-	Gm48364	161
162	Gm18071	chr14	8925472	8926180	processed_pseudogene	ENSMUSG00000114464	-	Gm18071	162
163	Gm48370	chr14	9400624	9459180	lncRNA	ENSMUSG00000114615	+	Gm48370	163
164	Gm48371	chr14	9443375	9469555	lncRNA	ENSMUSG00000114298	-	Gm48371	164
165	Fhit	chr14	9550092	11162035	protein_coding	ENSMUSG00000060579	-	Fhit	165
166	Hmgb3-ps	chr14	9863102	9863702	processed_pseudogene	ENSMUSG00000089795	+	Hmgb3-ps	166
167	Mnd1-ps	chr14	9884195	9886768	transcribed_processed_pseudogene	ENSMUSG00000089686	+	Mnd1-ps	167
168	Gm48438	chr14	9901921	9904368	TEC	ENSMUSG00000114691	-	Gm48438	168
169	Gm48430	chr14	10017223	10018671	TEC	ENSMUSG00000114467	-	Gm48430	169
170	Gm48439	chr14	10178620	10186051	lncRNA	ENSMUSG00000114391	+	Gm48439	170
171	Gm48442	chr14	10377697	10379948	TEC	ENSMUSG00000114749	-	Gm48442	171
172	Gm22053	chr14	10478674	10478873	snoRNA	ENSMUSG00000065328	+	Gm22053	172
173	Fhitos	chr14	10738535	10783076	lncRNA	ENSMUSG00000089833	+	Fhitos	173
174	Gm48437	chr14	10779067	10780448	TEC	ENSMUSG00000114305	-	Gm48437	174
175	Slc25a5-ps	chr14	11161529	11181110	transcribed_processed_pseudogene	ENSMUSG00000089785	+	Slc25a5-ps	175
176	Rpl21-ps4	chr14	11227552	11227989	processed_pseudogene	ENSMUSG00000072714	+	Rpl21-ps4	176
177	Gm3839	chr14	11280735	11356726	protein_coding	ENSMUSG00000097148	-	Gm3839	177
178	Mir5124b	chr14	11282477	11282561	miRNA	ENSMUSG00000099218	+	Mir5124b	178
179	Gm25466	chr14	11335873	11336004	snoRNA	ENSMUSG00000096758	+	Gm25466	179
180	Gm48592	chr14	11392560	11392925	processed_pseudogene	ENSMUSG00000114216	+	Gm48592	180
181	Gm48594	chr14	11460359	11502992	lncRNA	ENSMUSG00000114786	+	Gm48594	181
182	Gm8438	chr14	11491032	11491658	processed_pseudogene	ENSMUSG00000114850	-	Gm8438	182
183	Gm48595	chr14	11510535	11520770	lncRNA	ENSMUSG00000114849	-	Gm48595	183
184	Ptprg	chr14	11553532	12242041	protein_coding	ENSMUSG00000021745	+	Ptprg	184
185	Gm48602	chr14	11767943	11771311	TEC	ENSMUSG00000114310	+	Gm48602	185
186	Gm48601	chr14	11867594	11870625	TEC	ENSMUSG00000114431	+	Gm48601	186
187	Gm48600	chr14	11904679	11909158	TEC	ENSMUSG00000114267	+	Gm48600	187
188	Gm3848	chr14	11965446	11981223	lncRNA	ENSMUSG00000085883	-	Gm3848	188
189	Gm48603	chr14	12151447	12152584	TEC	ENSMUSG00000114246	-	Gm48603	189
190	Gm49355	chr14	12283976	12324454	protein_coding	ENSMUSG00000114378	+	Gm49355	190
191	3830406C13Rik	chr14	12284173	12303231	protein_coding	ENSMUSG00000033111	+	3830406C13Rik	191
192	D030051J21Rik	chr14	12321379	12324473	lncRNA	ENSMUSG00000114853	+	D030051J21Rik	192
193	Gm24578	chr14	12333776	12333904	snoRNA	ENSMUSG00000077158	-	Gm24578	193
194	Fezf2	chr14	12342094	12348189	protein_coding	ENSMUSG00000021743	-	Fezf2	194
195	Cadps	chr14	12372563	12823079	protein_coding	ENSMUSG00000054423	-	Cadps	195
196	Gm48239	chr14	12374585	12384729	lncRNA	ENSMUSG00000114230	+	Gm48239	196
197	Gm48267	chr14	12400698	12402230	TEC	ENSMUSG00000114624	-	Gm48267	197
198	Gm17805	chr14	12618668	12619241	processed_pseudogene	ENSMUSG00000114453	+	Gm17805	198
199	Gm18077	chr14	12653337	12653825	processed_pseudogene	ENSMUSG00000114312	+	Gm18077	199
200	Gm48266	chr14	12769408	12770550	TEC	ENSMUSG00000114626	-	Gm48266	200
201	Gm5457	chr14	12867553	12867885	processed_pseudogene	ENSMUSG00000021741	+	Gm5457	201
202	Gm48515	chr14	12992695	12995179	processed_pseudogene	ENSMUSG00000114561	+	Gm48515	202
203	Gm48526	chr14	13030370	13035765	lncRNA	ENSMUSG00000114421	+	Gm48526	203
204	Gm5087	chr14	13157388	13284638	lncRNA	ENSMUSG00000051729	-	Gm5087	204
205	Synpr	chr14	13284780	13616340	protein_coding	ENSMUSG00000056296	+	Synpr	205
206	Gm15913	chr14	13352878	13354080	processed_pseudogene	ENSMUSG00000081115	-	Gm15913	206
207	Sntn	chr14	13670876	13683148	protein_coding	ENSMUSG00000044772	+	Sntn	207
208	Rpl19-ps4	chr14	13777817	13778441	processed_pseudogene	ENSMUSG00000091818	-	Rpl19-ps4	208
209	Gm27506	chr14	13778072	13778151	miRNA	ENSMUSG00000098694	-	Gm27506	209
210	Gm3637	chr14	13790983	13792060	processed_pseudogene	ENSMUSG00000114480	-	Gm3637	210
211	Gm281	chr14	13814618	13914478	protein_coding	ENSMUSG00000084902	-	Gm281	211
212	Gm11100	chr14	13918334	13951132	protein_coding	ENSMUSG00000079357	+	Gm11100	212
213	Thoc7	chr14	13949012	13961852	protein_coding	ENSMUSG00000053453	-	Thoc7	213
214	Atxn7	chr14	13961440	14107302	protein_coding	ENSMUSG00000021738	+	Atxn7	214
215	Psmd6	chr14	14112174	14120984	protein_coding	ENSMUSG00000021737	-	Psmd6	215
216	Gm48797	chr14	14123570	14123975	processed_pseudogene	ENSMUSG00000114455	+	Gm48797	216
217	Olfr720	chr14	14171738	14186838	protein_coding	ENSMUSG00000052417	-	Olfr720	217
218	Csnk2a1-ps1	chr14	14197306	14198464	processed_pseudogene	ENSMUSG00000114909	+	Csnk2a1-ps1	218
219	Gm48841	chr14	14254663	14257503	processed_pseudogene	ENSMUSG00000114268	-	Gm48841	219
220	Gm48852	chr14	14258286	14258568	processed_pseudogene	ENSMUSG00000114497	+	Gm48852	220
221	Gm3895	chr14	14259338	14259638	processed_pseudogene	ENSMUSG00000114556	-	Gm3895	221
222	Gm48857	chr14	14292405	14294676	lncRNA	ENSMUSG00000114768	-	Gm48857	222
223	Gm48859	chr14	14302683	14303111	processed_pseudogene	ENSMUSG00000114510	-	Gm48859	223
224	Olfr31	chr14	14322828	14331791	protein_coding	ENSMUSG00000072707	+	Olfr31	224
225	Gm48860	chr14	14328004	14347264	lncRNA	ENSMUSG00000114883	-	Gm48860	225
226	Il3ra	chr14	14346275	14356011	protein_coding	ENSMUSG00000068758	+	Il3ra	226
227	Gm6734	chr14	14371648	14372248	processed_pseudogene	ENSMUSG00000114748	+	Gm6734	227
228	Olfr721-ps1	chr14	14401298	14410095	protein_coding	ENSMUSG00000091809	+	Olfr721-ps1	228
229	Gm47654	chr14	14429177	14430245	processed_pseudogene	ENSMUSG00000114257	+	Gm47654	229
230	Gm21063	chr14	14437740	14438708	processed_pseudogene	ENSMUSG00000114476	+	Gm21063	230
231	Gm8483	chr14	14447661	14448944	processed_pseudogene	ENSMUSG00000114737	-	Gm8483	231
232	Gm47678	chr14	14585369	14589216	processed_pseudogene	ENSMUSG00000114676	-	Gm47678	232
233	Gm47685	chr14	14589946	14590314	processed_pseudogene	ENSMUSG00000114574	+	Gm47685	233
234	Gm19018	chr14	14659108	14659879	processed_pseudogene	ENSMUSG00000114628	+	Gm19018	234
235	Slc4a7	chr14	14702279	14799940	protein_coding	ENSMUSG00000021733	+	Slc4a7	235
236	Nek10	chr14	14803415	15012059	protein_coding	ENSMUSG00000042567	+	Nek10	236
237	Gm31517	chr14	15015189	15065231	lncRNA	ENSMUSG00000114538	-	Gm31517	237
238	Gm18142	chr14	15040807	15042169	processed_pseudogene	ENSMUSG00000114542	-	Gm18142	238
239	Gm47743	chr14	15063032	15065425	TEC	ENSMUSG00000114197	+	Gm47743	239
240	4921522A10Rik	chr14	15104124	15110333	lncRNA	ENSMUSG00000114770	-	4921522A10Rik	240
241	Gm47756	chr14	15118313	15120977	TEC	ENSMUSG00000114946	-	Gm47756	241
242	Gm47758	chr14	15154891	15157213	lncRNA	ENSMUSG00000114323	-	Gm47758	242
243	Gm47759	chr14	15223952	15226166	processed_pseudogene	ENSMUSG00000114711	-	Gm47759	243
244	Gm47763	chr14	15298523	15298861	processed_pseudogene	ENSMUSG00000114683	-	Gm47763	244
245	Gm31577	chr14	15304420	15321874	lncRNA	ENSMUSG00000114789	-	Gm31577	245
246	Lrrc3b	chr14	15357515	15438987	protein_coding	ENSMUSG00000045201	-	Lrrc3b	246
247	B230110C06Rik	chr14	15437623	15452445	lncRNA	ENSMUSG00000097547	+	B230110C06Rik	247
248	Gm10403	chr14	15456331	15458041	TEC	ENSMUSG00000114266	+	Gm10403	248
249	Gm47782	chr14	15697956	15911315	lncRNA	ENSMUSG00000114794	-	Gm47782	249
250	Gm31804	chr14	15770099	15791784	lncRNA	ENSMUSG00000114586	+	Gm31804	250
251	Gm47780	chr14	15876628	15879459	lncRNA	ENSMUSG00000114513	+	Gm47780	251
252	Gm8514	chr14	15910518	15912163	processed_pseudogene	ENSMUSG00000114765	+	Gm8514	252
253	1700062C10Rik	chr14	15999768	16037271	lncRNA	ENSMUSG00000114390	-	1700062C10Rik	253
254	Gm8517	chr14	16171397	16172608	processed_pseudogene	ENSMUSG00000114484	+	Gm8517	254
255	Rpl31-ps3	chr14	16225023	16225370	processed_pseudogene	ENSMUSG00000114698	+	Rpl31-ps3	255
256	Oxsm	chr14	16238652	16249808	protein_coding	ENSMUSG00000021786	-	Oxsm	256
257	Gm47794	chr14	16243351	16245091	lncRNA	ENSMUSG00000114907	+	Gm47794	257
258	Ngly1	chr14	16249280	16311926	protein_coding	ENSMUSG00000021785	+	Ngly1	258
259	5430414B19Rik	chr14	16271089	16271838	lncRNA	ENSMUSG00000114419	+	5430414B19Rik	259
260	Gm47797	chr14	16273995	16274321	TEC	ENSMUSG00000114842	+	Gm47797	260
261	Gm47798	chr14	16304511	16308325	lncRNA	ENSMUSG00000114253	+	Gm47798	261
262	Gm48163	chr14	16336846	16366268	lncRNA	ENSMUSG00000114243	-	Gm48163	262
263	Top2b	chr14	16365179	16435462	protein_coding	ENSMUSG00000017485	+	Top2b	263
264	Rarb	chr14	16430839	16819156	protein_coding	ENSMUSG00000017491	-	Rarb	264
265	Gm48162	chr14	16575601	16580459	lncRNA	ENSMUSG00000114463	+	Gm48162	265
266	Tpi-rs9	chr14	16946659	16947433	processed_pseudogene	ENSMUSG00000114890	+	Tpi-rs9	266
267	Gm18078	chr14	16953606	16954197	processed_pseudogene	ENSMUSG00000114202	+	Gm18078	267
268	Gm48312	chr14	17121503	17122100	processed_pseudogene	ENSMUSG00000114769	+	Gm48312	268
269	Thrb	chr14	17660261	18038090	protein_coding	ENSMUSG00000021779	+	Thrb	269
270	Gm24140	chr14	17884808	17885133	misc_RNA	ENSMUSG00000084722	-	Gm24140	270
271	Gm48321	chr14	17931138	18021909	lncRNA	ENSMUSG00000114504	-	Gm48321	271
272	Gm27851	chr14	18060275	18060337	snRNA	ENSMUSG00000098478	+	Gm27851	272
273	Gm19290	chr14	18095724	18096034	processed_pseudogene	ENSMUSG00000114517	+	Gm19290	273
274	Gm6773	chr14	18099183	18100060	processed_pseudogene	ENSMUSG00000098079	-	Gm6773	274
275	Gm48481	chr14	18189040	18189554	processed_pseudogene	ENSMUSG00000114678	+	Gm48481	275
276	Gm44469	chr14	18200675	18200753	miRNA	ENSMUSG00000105635	+	Gm44469	276
277	Nr1d2	chr14	18204054	18239127	protein_coding	ENSMUSG00000021775	-	Nr1d2	277
278	Gm7084	chr14	18242422	18243253	processed_pseudogene	ENSMUSG00000114894	+	Gm7084	278
279	Rpl15	chr14	18267823	18271391	protein_coding	ENSMUSG00000012405	-	Rpl15	279
280	Nkiras1	chr14	18271136	18284003	protein_coding	ENSMUSG00000021772	+	Nkiras1	280
281	Ube2e1	chr14	18282722	18331859	protein_coding	ENSMUSG00000021774	-	Ube2e1	281
282	Gm6781	chr14	18531363	18532604	processed_pseudogene	ENSMUSG00000035129	+	Gm6781	282
283	Gm4939	chr14	18543808	18545132	processed_pseudogene	ENSMUSG00000114529	-	Gm4939	283
284	Ube2e2	chr14	18573575	18894267	protein_coding	ENSMUSG00000058317	-	Ube2e2	284
285	Gm22499	chr14	18814169	18814303	snoRNA	ENSMUSG00000077689	+	Gm22499	285
286	Gm15916	chr14	18831296	18832031	processed_pseudogene	ENSMUSG00000083606	+	Gm15916	286
287	Gm6785	chr14	19014762	19015937	processed_pseudogene	ENSMUSG00000114548	-	Gm6785	287
288	Gm3778	chr14	19016757	19024593	unprocessed_pseudogene	ENSMUSG00000114435	+	Gm3778	288
289	Gm48781	chr14	19043184	19043425	processed_pseudogene	ENSMUSG00000114318	+	Gm48781	289
290	Gm48782	chr14	19059945	19061823	processed_pseudogene	ENSMUSG00000114580	-	Gm48782	290
291	Gm18275	chr14	19102467	19104133	processed_pseudogene	ENSMUSG00000114636	+	Gm18275	291
292	Gm7089	chr14	19107435	19108900	processed_pseudogene	ENSMUSG00000114445	-	Gm7089	292
293	Gm48785	chr14	19116429	19116924	processed_pseudogene	ENSMUSG00000114819	-	Gm48785	293
294	Gm8582	chr14	19127800	19132109	unprocessed_pseudogene	ENSMUSG00000091929	+	Gm8582	294
295	Gm8584	chr14	19159695	19164408	unprocessed_pseudogene	ENSMUSG00000091557	+	Gm8584	295
296	Gm48098	chr14	19263216	19263497	processed_pseudogene	ENSMUSG00000114906	+	Gm48098	296
297	Gm48099	chr14	19271274	19282822	lncRNA	ENSMUSG00000114304	+	Gm48099	297
298	Gm6122	chr14	19290531	19291209	processed_pseudogene	ENSMUSG00000114919	-	Gm6122	298
299	Gm33022	chr14	19292162	19292529	unprocessed_pseudogene	ENSMUSG00000114877	-	Gm33022	299
300	Gm5630	chr14	19350748	19351647	processed_pseudogene	ENSMUSG00000114252	-	Gm5630	300
301	Gm9637	chr14	19401727	19402599	processed_pseudogene	ENSMUSG00000093814	-	Gm9637	301
302	Gm21738	chr14	19415857	19418930	protein_coding	ENSMUSG00000095280	-	Gm21738	302
303	Gm36704	chr14	19496370	19504895	transcribed_processed_pseudogene	ENSMUSG00000114272	-	Gm36704	303
304	Gm48105	chr14	19504718	19529194	lncRNA	ENSMUSG00000114630	+	Gm48105	304
305	Gm7352	chr14	19511367	19512558	processed_pseudogene	ENSMUSG00000096709	+	Gm7352	305
306	Gm18577	chr14	19529679	19531632	processed_pseudogene	ENSMUSG00000114947	+	Gm18577	306
307	Gm2244	chr14	19532896	19549963	protein_coding	ENSMUSG00000092036	-	Gm2244	307
308	Gm2237	chr14	19563800	19585135	protein_coding	ENSMUSG00000093979	-	Gm2237	308
309	Gm5458	chr14	19594139	19602581	protein_coding	ENSMUSG00000095024	-	Gm5458	309
310	Gm41102	chr14	19612403	19618889	lncRNA	ENSMUSG00000114214	-	Gm41102	310
311	4930469B13Rik	chr14	19615130	19628632	lncRNA	ENSMUSG00000068776	+	4930469B13Rik	311
312	Gm49800	chr14	19617521	19617710	pseudogene	ENSMUSG00000117083	+	Gm49800	312
313	Gm48157	chr14	19646670	19647054	processed_pseudogene	ENSMUSG00000114692	-	Gm48157	313
314	Gm17030	chr14	19675339	19677660	unprocessed_pseudogene	ENSMUSG00000090660	-	Gm17030	314
315	Gm7371	chr14	19688439	19688992	processed_pseudogene	ENSMUSG00000114885	-	Gm7371	315
316	Gm49341	chr14	19696830	19697209	processed_pseudogene	ENSMUSG00000114199	-	Gm49341	316
317	Nid2	chr14	19751265	19811787	protein_coding	ENSMUSG00000021806	+	Nid2	317
318	Rtraf	chr14	19811351	19823824	protein_coding	ENSMUSG00000021807	-	Rtraf	318
319	D14Ertd670e	chr14	19838925	19844677	lncRNA	ENSMUSG00000114350	+	D14Ertd670e	319
320	Gm48283	chr14	19866980	19873455	lncRNA	ENSMUSG00000114436	+	Gm48283	320
321	Gng2	chr14	19872559	19977627	protein_coding	ENSMUSG00000043004	-	Gng2	321
322	Gm48339	chr14	20057852	20058297	processed_pseudogene	ENSMUSG00000114498	-	Gm48339	322
323	Saysd1	chr14	20075636	20138534	protein_coding	ENSMUSG00000045107	-	Saysd1	323
324	Kcnk5	chr14	20140057	20181809	protein_coding	ENSMUSG00000023243	-	Kcnk5	324
325	Gm48394	chr14	20199702	20199954	processed_pseudogene	ENSMUSG00000114523	-	Gm48394	325
326	Gm24912	chr14	20199996	20200112	snoRNA	ENSMUSG00000087916	-	Gm24912	326
327	Gm48395	chr14	20215502	20221425	lncRNA	ENSMUSG00000114439	+	Gm48395	327
328	Gm2048	chr14	20249415	20260932	unprocessed_pseudogene	ENSMUSG00000114410	-	Gm2048	328
329	Kcnk16	chr14	20261376	20269199	protein_coding	ENSMUSG00000023387	-	Kcnk16	329
330	Nudt13	chr14	20294697	20317578	protein_coding	ENSMUSG00000021809	+	Nudt13	330
331	Ecd	chr14	20319852	20348121	protein_coding	ENSMUSG00000021810	-	Ecd	331
332	Fam149b	chr14	20348162	20383491	protein_coding	ENSMUSG00000039599	+	Fam149b	332
333	Gm30054	chr14	20364567	20378876	lncRNA	ENSMUSG00000114937	-	Gm30054	333
334	Dnajc9	chr14	20384638	20388910	protein_coding	ENSMUSG00000021811	-	Dnajc9	334
335	Mrps16	chr14	20389304	20393634	protein_coding	ENSMUSG00000049960	-	Mrps16	335
336	Cfap70	chr14	20394193	20452226	protein_coding	ENSMUSG00000039543	-	Cfap70	336
337	7330404K18Rik	chr14	20398359	20398930	lncRNA	ENSMUSG00000084942	+	7330404K18Rik	337
338	Anxa7	chr14	20455260	20480133	protein_coding	ENSMUSG00000021814	-	Anxa7	338
339	Mss51	chr14	20482867	20496901	protein_coding	ENSMUSG00000021815	-	Mss51	339
340	Ppp3cb	chr14	20499364	20546573	protein_coding	ENSMUSG00000021816	-	Ppp3cb	340
341	1810062O18Rik	chr14	20546079	20570687	lncRNA	ENSMUSG00000084925	+	1810062O18Rik	341
342	Usp54	chr14	20548912	20641063	protein_coding	ENSMUSG00000034235	-	Usp54	342
343	2810402E24Rik	chr14	20641009	20644048	lncRNA	ENSMUSG00000099966	+	2810402E24Rik	343
344	Myoz1	chr14	20649107	20656540	protein_coding	ENSMUSG00000068697	-	Myoz1	344
345	Synpo2l	chr14	20658946	20668354	protein_coding	ENSMUSG00000039376	-	Synpo2l	345
346	Sec24c	chr14	20674308	20694852	protein_coding	ENSMUSG00000039367	+	Sec24c	346
347	6230400D17Rik	chr14	20687236	20703028	lncRNA	ENSMUSG00000097577	-	6230400D17Rik	347
348	Mir6946	chr14	20690635	20690703	miRNA	ENSMUSG00000098602	+	Mir6946	348
349	Fut11	chr14	20694968	20701016	protein_coding	ENSMUSG00000039357	+	Fut11	349
350	Gm25328	chr14	20701523	20701629	snRNA	ENSMUSG00000095087	+	Gm25328	350
351	Chchd1	chr14	20703006	20704425	protein_coding	ENSMUSG00000063787	+	Chchd1	351
352	Zswim8	chr14	20707552	20723619	protein_coding	ENSMUSG00000021819	+	Zswim8	352
353	Ndst2	chr14	20723730	20734562	protein_coding	ENSMUSG00000039308	-	Ndst2	353
354	Camk2g	chr14	20734875	20794088	protein_coding	ENSMUSG00000021820	-	Camk2g	354
355	Gm30108	chr14	20794239	20796560	lncRNA	ENSMUSG00000114241	+	Gm30108	355
356	Plau	chr14	20836660	20843385	protein_coding	ENSMUSG00000021822	+	Plau	356
357	Gm6128	chr14	20856014	20856421	processed_pseudogene	ENSMUSG00000114728	-	Gm6128	357
358	Vcl	chr14	20929398	21033676	protein_coding	ENSMUSG00000021823	+	Vcl	358
359	Ap3m1	chr14	21031442	21052508	protein_coding	ENSMUSG00000021824	-	Ap3m1	359
360	Adk	chr14	21052574	21448569	protein_coding	ENSMUSG00000039197	+	Adk	360
361	Gm26372	chr14	21263624	21263859	misc_RNA	ENSMUSG00000088456	+	Gm26372	361
362	Gm30363	chr14	21449949	21473360	lncRNA	ENSMUSG00000114875	-	Gm30363	362
363	Gm25864	chr14	21450474	21450565	snRNA	ENSMUSG00000088873	+	Gm25864	363
364	Kat6b	chr14	21481434	21672478	protein_coding	ENSMUSG00000021767	+	Kat6b	364
365	Dupd1	chr14	21676537	21714576	protein_coding	ENSMUSG00000063821	-	Dupd1	365
366	Dusp13	chr14	21733394	21751181	protein_coding	ENSMUSG00000021768	-	Dusp13	366
367	Gm15935	chr14	21741543	21746632	lncRNA	ENSMUSG00000084940	+	Gm15935	367
368	Samd8	chr14	21750531	21798726	protein_coding	ENSMUSG00000021770	+	Samd8	368
369	Gm23502	chr14	21812711	21812855	snRNA	ENSMUSG00000065836	+	Gm23502	369
370	Vdac2	chr14	21825238	21845879	protein_coding	ENSMUSG00000021771	+	Vdac2	370
371	Comtd1	chr14	21845855	21848977	protein_coding	ENSMUSG00000021773	-	Comtd1	371
372	A430057M04Rik	chr14	21847578	21856931	lncRNA	ENSMUSG00000090564	+	A430057M04Rik	372
373	4931407E12Rik	chr14	21868630	21889766	lncRNA	ENSMUSG00000114352	-	4931407E12Rik	373
374	Gm37590	chr14	21932095	21952399	TEC	ENSMUSG00000104232	+	Gm37590	374
375	Zfp503	chr14	21983959	21989601	protein_coding	ENSMUSG00000039081	-	Zfp503	375
376	C130012C08Rik	chr14	21992436	21996100	TEC	ENSMUSG00000103160	+	C130012C08Rik	376
377	Lrmda	chr14	22019712	23056085	protein_coding	ENSMUSG00000063458	+	Lrmda	377
378	Gm27532	chr14	22021958	22022070	miRNA	ENSMUSG00000098542	-	Gm27532	378
379	Gm7480	chr14	22032086	22036103	lncRNA	ENSMUSG00000114205	-	Gm7480	379
380	4930405A10Rik	chr14	22507174	22542823	lncRNA	ENSMUSG00000114412	-	4930405A10Rik	380
381	Gm7473	chr14	22775018	22775244	processed_pseudogene	ENSMUSG00000114967	-	Gm7473	381
382	Gm47601	chr14	22927926	22933500	lncRNA	ENSMUSG00000114496	+	Gm47601	382
383	Gm10248	chr14	23038194	23094571	lncRNA	ENSMUSG00000068680	-	Gm10248	383
384	Kcnma1	chr14	23289431	24014491	protein_coding	ENSMUSG00000063142	-	Kcnma1	384
385	Gm46443	chr14	23321144	23321507	processed_pseudogene	ENSMUSG00000114803	+	Gm46443	385
386	5430425E15Rik	chr14	23519662	23520844	TEC	ENSMUSG00000114751	+	5430425E15Rik	386
387	Gm29626	chr14	23560248	23564589	lncRNA	ENSMUSG00000100100	+	Gm29626	387
388	4930519K11Rik	chr14	24003844	24008335	lncRNA	ENSMUSG00000114953	+	4930519K11Rik	388
389	Gm31392	chr14	24044343	24075908	lncRNA	ENSMUSG00000114722	-	Gm31392	389
390	Gm6158	chr14	24069734	24070637	processed_pseudogene	ENSMUSG00000090381	+	Gm6158	390
391	AC163638.2	chr14	24082121	24156210	lncRNA	ENSMUSG00000118519	+	AC163638.2	391
392	Mir7210	chr14	24088877	24088930	miRNA	ENSMUSG00000105723	+	Mir7210	392
393	AC163638.1	chr14	24107248	24113153	unprocessed_pseudogene	ENSMUSG00000118498	-	AC163638.1	393
394	Dlg5	chr14	24133953	24245920	protein_coding	ENSMUSG00000021782	-	Dlg5	394
395	Gm49098	chr14	24170160	24170986	TEC	ENSMUSG00000114880	-	Gm49098	395
396	Gm17105	chr14	24238172	24243391	lncRNA	ENSMUSG00000091079	-	Gm17105	396
397	Gm19034	chr14	24285109	24290650	unprocessed_pseudogene	ENSMUSG00000114648	+	Gm19034	397
398	E330034G19Rik	chr14	24293214	24309966	protein_coding	ENSMUSG00000038925	+	E330034G19Rik	398
399	Gm18276	chr14	24358359	24358954	processed_pseudogene	ENSMUSG00000114913	+	Gm18276	399
400	Gm47774	chr14	24375653	24377252	lncRNA	ENSMUSG00000114567	-	Gm47774	400
401	Gm41109	chr14	24425164	24429822	TEC	ENSMUSG00000114207	-	Gm41109	401
402	Gm47814	chr14	24438987	24446403	lncRNA	ENSMUSG00000114575	-	Gm47814	402
403	Polr3a	chr14	24448696	24487058	protein_coding	ENSMUSG00000025280	-	Polr3a	403
404	Rps24	chr14	24487125	24496959	protein_coding	ENSMUSG00000025290	+	Rps24	404
405	4930542C16Rik	chr14	24597266	24617467	lncRNA	ENSMUSG00000048628	-	4930542C16Rik	405
406	4930428N03Rik	chr14	24617557	24788520	lncRNA	ENSMUSG00000089887	+	4930428N03Rik	406
407	Gm47906	chr14	24833635	24835089	lncRNA	ENSMUSG00000114965	+	Gm47906	407
408	Gm10398	chr14	24909414	24913440	lncRNA	ENSMUSG00000072686	+	Gm10398	408
409	Gm47907	chr14	25031097	25031669	TEC	ENSMUSG00000114416	+	Gm47907	409
410	Gm38408	chr14	25066904	25074444	lncRNA	ENSMUSG00000114924	-	Gm38408	410
411	Gm32123	chr14	25109384	25112926	lncRNA	ENSMUSG00000114288	+	Gm32123	411
412	Gm32224	chr14	25127788	25135852	lncRNA	ENSMUSG00000114271	+	Gm32224	412
413	4930572O13Rik	chr14	25139795	25143241	lncRNA	ENSMUSG00000114916	-	4930572O13Rik	413
414	Zmiz1os1	chr14	25257523	25461128	lncRNA	ENSMUSG00000087535	-	Zmiz1os1	414
415	Gm26660	chr14	25315873	25379609	lncRNA	ENSMUSG00000097601	-	Gm26660	415
416	Gm17747	chr14	25441641	25453229	lncRNA	ENSMUSG00000114232	+	Gm17747	416
417	Zmiz1	chr14	25459185	25666743	protein_coding	ENSMUSG00000007817	+	Zmiz1	417
418	Gm47920	chr14	25459980	25462387	lncRNA	ENSMUSG00000114709	+	Gm47920	418
419	Gm47921	chr14	25480054	25481105	lncRNA	ENSMUSG00000114539	+	Gm47921	419
420	Mir3075	chr14	25534439	25534523	miRNA	ENSMUSG00000093081	+	Mir3075	420
421	Ppif	chr14	25694154	25700468	protein_coding	ENSMUSG00000021868	+	Ppif	421
422	Ppifos	chr14	25696974	25701282	lncRNA	ENSMUSG00000114922	-	Ppifos	422
423	1700054O19Rik	chr14	25706406	25707273	TEC	ENSMUSG00000104183	-	1700054O19Rik	423
424	Zcchc24	chr14	25711642	25769039	protein_coding	ENSMUSG00000055538	-	Zcchc24	424
425	Gm27185	chr14	25809635	25809881	processed_pseudogene	ENSMUSG00000099057	-	Gm27185	425
426	Gm23701	chr14	25827996	25828105	miRNA	ENSMUSG00000077081	-	Gm23701	426
427	Anxa11	chr14	25842156	25886804	protein_coding	ENSMUSG00000021866	+	Anxa11	427
428	Anxa11os	chr14	25856777	25870266	lncRNA	ENSMUSG00000098609	-	Anxa11os	428
429	Plac9a	chr14	25887506	25903100	protein_coding	ENSMUSG00000095304	-	Plac9a	429
430	Cphx1	chr14	25938304	25956356	protein_coding	ENSMUSG00000095975	+	Cphx1	430
431	Duxbl1	chr14	25978577	25990088	protein_coding	ENSMUSG00000048502	+	Duxbl1	431
432	Gm9780	chr14	26027282	26042711	protein_coding	ENSMUSG00000094800	-	Gm9780	432
433	Cphx3	chr14	26082297	26235744	protein_coding	ENSMUSG00000094817	+	Cphx3	433
434	Duxbl2	chr14	26118349	26129763	protein_coding	ENSMUSG00000072675	+	Duxbl2	434
435	Gm2274	chr14	26156036	26163648	unprocessed_pseudogene	ENSMUSG00000098369	+	Gm2274	435
436	Plac9b	chr14	26167405	26182480	protein_coding	ENSMUSG00000072674	-	Plac9b	436
437	Tmem254b	chr14	26203369	26207041	protein_coding	ENSMUSG00000021867	-	Tmem254b	437
438	Duxbl3	chr14	26257962	26269436	protein_coding	ENSMUSG00000072672	+	Duxbl3	438
439	Gm18578	chr14	26302705	26304913	processed_pseudogene	ENSMUSG00000114921	+	Gm18578	439
440	Gm34059	chr14	26315011	26324954	lncRNA	ENSMUSG00000114753	-	Gm34059	440
441	4933413J09Rik	chr14	26356574	26400456	lncRNA	ENSMUSG00000021874	+	4933413J09Rik	441
442	Crb1-ps	chr14	26375278	26376172	processed_pseudogene	ENSMUSG00000089978	-	Crb1-ps	442
443	Slmapos2	chr14	26389199	26395521	lncRNA	ENSMUSG00000090104	+	Slmapos2	443
444	Slmap	chr14	26413168	26534931	protein_coding	ENSMUSG00000021870	-	Slmap	444
445	Gm24031	chr14	26497655	26497785	snoRNA	ENSMUSG00000065864	+	Gm24031	445
446	Gm2178	chr14	26514554	26514910	processed_pseudogene	ENSMUSG00000078128	+	Gm2178	446
447	Gm18215	chr14	26562279	26563076	processed_pseudogene	ENSMUSG00000107452	-	Gm18215	447
448	Gm7565	chr14	26565766	26566388	processed_pseudogene	ENSMUSG00000107911	+	Gm7565	448
449	Dennd6a	chr14	26573856	26634322	protein_coding	ENSMUSG00000040818	+	Dennd6a	449
450	Arf4os	chr14	26628407	26638183	lncRNA	ENSMUSG00000090861	-	Arf4os	450
451	Arf4	chr14	26638074	26665084	protein_coding	ENSMUSG00000021877	+	Arf4	451
452	Pde12	chr14	26659958	26669883	protein_coding	ENSMUSG00000043702	-	Pde12	452
453	9930004E17Rik	chr14	26670010	26670507	lncRNA	ENSMUSG00000096052	+	9930004E17Rik	453
454	Dnah12	chr14	26693274	26891703	protein_coding	ENSMUSG00000021879	+	Dnah12	454
455	Asb14	chr14	26894557	26915258	protein_coding	ENSMUSG00000021898	+	Asb14	455
456	Appl1	chr14	26918988	26971232	protein_coding	ENSMUSG00000040760	-	Appl1	456
457	Gm41115	chr14	26926455	26926762	processed_pseudogene	ENSMUSG00000114785	+	Gm41115	457
458	Hesx1	chr14	26994416	27002329	protein_coding	ENSMUSG00000040726	+	Hesx1	458
459	Il17rd	chr14	27038941	27107286	protein_coding	ENSMUSG00000040717	+	Il17rd	459
460	Arhgef3	chr14	27114899	27403911	protein_coding	ENSMUSG00000021895	+	Arhgef3	460
461	Gm7591	chr14	27210397	27211249	processed_pseudogene	ENSMUSG00000114349	+	Gm7591	461
462	Gm49616	chr14	27238062	27240494	TEC	ENSMUSG00000114888	+	Gm49616	462
463	Gm23633	chr14	27380732	27380850	miRNA	ENSMUSG00000093034	-	Gm23633	463
464	Tasor	chr14	27428834	27483555	protein_coding	ENSMUSG00000040651	+	Tasor	464
465	Ccdc66	chr14	27481090	27508460	protein_coding	ENSMUSG00000046753	-	Ccdc66	465
466	Gm22485	chr14	27489269	27489377	snRNA	ENSMUSG00000088615	+	Gm22485	466
467	Gm25697	chr14	27527751	27527848	snoRNA	ENSMUSG00000064836	-	Gm25697	467
468	Gm7604	chr14	27551191	27552158	processed_pseudogene	ENSMUSG00000114482	-	Gm7604	468
469	Erc2	chr14	27622428	28478537	protein_coding	ENSMUSG00000040640	+	Erc2	469
470	Gm18398	chr14	27714377	27715877	processed_pseudogene	ENSMUSG00000114653	+	Gm18398	470
471	Gm45645	chr14	27838165	27876217	lncRNA	ENSMUSG00000109849	-	Gm45645	471
472	Gm20242	chr14	28415997	28417851	TEC	ENSMUSG00000114503	+	Gm20242	472
473	Wnt5a	chr14	28504750	28527448	protein_coding	ENSMUSG00000021994	+	Wnt5a	473
474	Gm2670	chr14	28508074	28511392	lncRNA	ENSMUSG00000097002	-	Gm2670	474
475	Gm35164	chr14	28649672	28699011	lncRNA	ENSMUSG00000114818	+	Gm35164	475
476	Gm18079	chr14	28724375	28725259	processed_pseudogene	ENSMUSG00000114201	+	Gm18079	476
477	Gm35217	chr14	28777427	28798421	lncRNA	ENSMUSG00000114577	-	Gm35217	477
478	Cacna2d3	chr14	28904943	29721864	protein_coding	ENSMUSG00000021991	-	Cacna2d3	478
479	Lrtm1	chr14	29018208	29033645	protein_coding	ENSMUSG00000045776	+	Lrtm1	479
480	Gm48004	chr14	29081302	29083805	lncRNA	ENSMUSG00000114595	+	Gm48004	480
481	Gm6043	chr14	29217639	29218130	processed_pseudogene	ENSMUSG00000075245	+	Gm6043	481
482	Gm48006	chr14	29235227	29257521	lncRNA	ENSMUSG00000114760	+	Gm48006	482
483	Gm48005	chr14	29270287	29270467	processed_pseudogene	ENSMUSG00000114758	+	Gm48005	483
484	Gm48003	chr14	29574697	29593304	lncRNA	ENSMUSG00000114704	+	Gm48003	484
485	Gm48058	chr14	29732366	29733395	lncRNA	ENSMUSG00000114570	-	Gm48058	485
486	Gm41118	chr14	29735344	29745625	lncRNA	ENSMUSG00000114815	+	Gm41118	486
487	Gm35281	chr14	29786828	29852408	lncRNA	ENSMUSG00000114774	-	Gm35281	487
488	Gm7633	chr14	29902950	29907588	transcribed_processed_pseudogene	ENSMUSG00000114606	+	Gm7633	488
489	Gm47414	chr14	29958071	29961381	lncRNA	ENSMUSG00000114424	-	Gm47414	489
490	Selenok	chr14	29968308	29975662	protein_coding	ENSMUSG00000042682	+	Selenok	490
491	Actr8	chr14	29978337	30006354	protein_coding	ENSMUSG00000015971	+	Actr8	491
492	Mir6947	chr14	29988888	29988952	miRNA	ENSMUSG00000104926	+	Mir6947	492
493	Il17rb	chr14	29996135	30008896	protein_coding	ENSMUSG00000015966	-	Il17rb	493
494	Chdh	chr14	30009023	30040527	protein_coding	ENSMUSG00000015970	+	Chdh	494
495	Gm18760	chr14	30027687	30028351	processed_pseudogene	ENSMUSG00000114705	-	Gm18760	495
496	Cacna1d	chr14	30039939	30491455	protein_coding	ENSMUSG00000015968	-	Cacna1d	496
497	CT009536.1	chr14	30094762	30101557	lncRNA	ENSMUSG00000118437	+	CT009536.1	497
498	Gm47570	chr14	30207738	30208219	processed_pseudogene	ENSMUSG00000114650	+	Gm47570	498
499	Gm18072	chr14	30383803	30384354	processed_pseudogene	ENSMUSG00000114670	-	Gm18072	499
500	Gm7621	chr14	30402002	30402988	processed_pseudogene	ENSMUSG00000114397	+	Gm7621	500
501	Gm18681	chr14	30423270	30423883	processed_pseudogene	ENSMUSG00000114966	+	Gm18681	501
502	Dcp1a	chr14	30479535	30527063	protein_coding	ENSMUSG00000021962	+	Dcp1a	502
503	Tkt	chr14	30548359	30574720	protein_coding	ENSMUSG00000021957	+	Tkt	503
504	Mir3076	chr14	30572149	30572208	miRNA	ENSMUSG00000093156	+	Mir3076	504
505	Prkcd	chr14	30595354	30626210	protein_coding	ENSMUSG00000021948	-	Prkcd	505
506	Gm7644	chr14	30636160	30654077	lncRNA	ENSMUSG00000114553	+	Gm7644	506
507	Rft1	chr14	30654360	30691317	protein_coding	ENSMUSG00000052395	+	Rft1	507
508	Sfmbt1	chr14	30714849	30822721	protein_coding	ENSMUSG00000006527	+	Sfmbt1	508
509	1700087M22Rik	chr14	30770681	30778004	lncRNA	ENSMUSG00000115723	-	1700087M22Rik	509
510	Gm15667	chr14	30804379	30805160	processed_pseudogene	ENSMUSG00000115370	+	Gm15667	510
511	Stimate	chr14	30825590	30877210	protein_coding	ENSMUSG00000006526	+	Stimate	511
512	Mustn1	chr14	30879200	30881610	protein_coding	ENSMUSG00000042485	+	Mustn1	512
513	Itih4	chr14	30886476	30902353	protein_coding	ENSMUSG00000021922	+	Itih4	513
514	Itih3	chr14	30908572	30923760	protein_coding	ENSMUSG00000006522	-	Itih3	514
515	Itih1	chr14	30929180	30943289	protein_coding	ENSMUSG00000006529	-	Itih1	515
516	Nek4	chr14	30951377	30988821	protein_coding	ENSMUSG00000021918	+	Nek4	516
517	Spcs1	chr14	30999826	31001672	protein_coding	ENSMUSG00000021917	-	Spcs1	517
518	Glt8d1	chr14	31001400	31011991	protein_coding	ENSMUSG00000021916	+	Glt8d1	518
519	Gnl3	chr14	31012433	31019152	protein_coding	ENSMUSG00000042354	-	Gnl3	519
520	Snord69	chr14	31014287	31014366	snoRNA	ENSMUSG00000077212	-	Snord69	520
521	Gm24916	chr14	31015148	31015226	snoRNA	ENSMUSG00000087912	-	Gm24916	521
522	Snord19	chr14	31016206	31016281	snoRNA	ENSMUSG00000077797	-	Snord19	522
523	Pbrm1	chr14	31019138	31121592	protein_coding	ENSMUSG00000042323	+	Pbrm1	523
524	Gm49094	chr14	31042317	31043120	processed_pseudogene	ENSMUSG00000115412	-	Gm49094	524
525	Gm5459	chr14	31076638	31077435	processed_pseudogene	ENSMUSG00000090305	-	Gm5459	525
526	Smim4	chr14	31088132	31128956	protein_coding	ENSMUSG00000058351	-	Smim4	526
527	Nt5dc2	chr14	31131053	31139124	protein_coding	ENSMUSG00000071547	+	Nt5dc2	527
528	Stab1	chr14	31139013	31168641	protein_coding	ENSMUSG00000042286	-	Stab1	528
529	Nisch	chr14	31170930	31216946	protein_coding	ENSMUSG00000021910	-	Nisch	529
530	Tnnc1	chr14	31208312	31211729	protein_coding	ENSMUSG00000091898	+	Tnnc1	530
531	Sema3g	chr14	31217860	31230352	protein_coding	ENSMUSG00000021904	+	Sema3g	531
532	Phf7	chr14	31237689	31251317	protein_coding	ENSMUSG00000021902	-	Phf7	532
533	Bap1	chr14	31251450	31259944	protein_coding	ENSMUSG00000021901	+	Bap1	533
534	Dnah1	chr14	31260375	31323896	protein_coding	ENSMUSG00000019027	-	Dnah1	534
535	Gm35823	chr14	31268757	31320941	lncRNA	ENSMUSG00000115311	+	Gm35823	535
536	Gm49217	chr14	31323955	31336076	lncRNA	ENSMUSG00000115468	+	Gm49217	536
537	Gm49791	chr14	31325519	31326006	lncRNA	ENSMUSG00000115445	-	Gm49791	537
538	Capn7	chr14	31336638	31371986	protein_coding	ENSMUSG00000021893	+	Capn7	538
539	Sh3bp5	chr14	31359880	31436078	protein_coding	ENSMUSG00000021892	-	Sh3bp5	539
540	Gm49252	chr14	31458828	31459225	processed_pseudogene	ENSMUSG00000115283	-	Gm49252	540
541	Mettl6	chr14	31473578	31495040	protein_coding	ENSMUSG00000021891	-	Mettl6	541
542	Eaf1	chr14	31494399	31509858	protein_coding	ENSMUSG00000021890	+	Eaf1	542
543	Gm49270	chr14	31511348	31512151	TEC	ENSMUSG00000115102	+	Gm49270	543
544	Colq	chr14	31523082	31591343	protein_coding	ENSMUSG00000057606	-	Colq	544
545	Gm24057	chr14	31536957	31537258	misc_RNA	ENSMUSG00000089241	-	Gm24057	545
546	Gm49387	chr14	31552905	31640878	protein_coding	ENSMUSG00000115022	-	Gm49387	546
547	Hacl1	chr14	31598730	31641286	protein_coding	ENSMUSG00000021884	-	Hacl1	547
548	Btd	chr14	31641028	31668579	protein_coding	ENSMUSG00000021900	+	Btd	548
549	Ankrd28	chr14	31698768	31830651	protein_coding	ENSMUSG00000014496	-	Ankrd28	549
550	Gm49308	chr14	31750803	31754414	TEC	ENSMUSG00000115210	-	Gm49308	550
551	Gm49309	chr14	31801559	31803411	transcribed_processed_pseudogene	ENSMUSG00000115812	+	Gm49309	551
552	Gm22876	chr14	31836884	31837181	misc_RNA	ENSMUSG00000093191	-	Gm22876	552
553	D830044D21Rik	chr14	31906528	31931716	lncRNA	ENSMUSG00000046005	+	D830044D21Rik	553
554	4930425P05Rik	chr14	32012141	32013002	lncRNA	ENSMUSG00000115120	-	4930425P05Rik	554
555	Galnt15	chr14	32028989	32062197	protein_coding	ENSMUSG00000021903	+	Galnt15	555
556	Gm49084	chr14	32035915	32036338	processed_pseudogene	ENSMUSG00000115628	-	Gm49084	556
557	Dph3	chr14	32080566	32085729	protein_coding	ENSMUSG00000021905	-	Dph3	557
558	Oxnad1	chr14	32085374	32103202	protein_coding	ENSMUSG00000021906	+	Oxnad1	558
559	Msmb	chr14	32142023	32158370	protein_coding	ENSMUSG00000021907	+	Msmb	559
560	Gm18909	chr14	32154748	32156071	processed_pseudogene	ENSMUSG00000115760	-	Gm18909	560
561	Ncoa4	chr14	32159865	32179855	protein_coding	ENSMUSG00000056234	+	Ncoa4	561
562	Timm23	chr14	32180162	32201898	protein_coding	ENSMUSG00000013701	-	Timm23	562
563	Gm23946	chr14	32191854	32192050	snoRNA	ENSMUSG00000077611	-	Gm23946	563
564	Parg	chr14	32201949	32297550	protein_coding	ENSMUSG00000021911	+	Parg	564
565	Gm49196	chr14	32230846	32231443	processed_pseudogene	ENSMUSG00000115833	+	Gm49196	565
566	Gm7707	chr14	32266593	32267748	processed_pseudogene	ENSMUSG00000091570	-	Gm7707	566
567	Gm17210	chr14	32292924	32294974	lncRNA	ENSMUSG00000090459	-	Gm17210	567
568	Gm46447	chr14	32301924	32308895	lncRNA	ENSMUSG00000115813	+	Gm46447	568
569	Gm48914	chr14	32303662	32317985	lncRNA	ENSMUSG00000115691	-	Gm48914	569
570	Ogdhl	chr14	32322019	32348151	protein_coding	ENSMUSG00000021913	+	Ogdhl	570
571	1700024G13Rik	chr14	32376068	32388391	protein_coding	ENSMUSG00000072473	-	1700024G13Rik	571
572	Chat	chr14	32408203	32465989	protein_coding	ENSMUSG00000021919	-	Chat	572
573	Slc18a3	chr14	32462438	32464850	protein_coding	ENSMUSG00000100241	-	Slc18a3	573
574	Gm2990	chr14	32465042	32483548	lncRNA	ENSMUSG00000097794	+	Gm2990	574
575	Ercc6	chr14	32513521	32580990	protein_coding	ENSMUSG00000054051	+	Ercc6	575
576	Gm49743	chr14	32595333	32598118	TEC	ENSMUSG00000115281	+	Gm49743	576
577	Prrxl1	chr14	32599407	32649246	protein_coding	ENSMUSG00000041730	+	Prrxl1	577
578	3425401B19Rik	chr14	32659119	32685293	protein_coding	ENSMUSG00000071540	-	3425401B19Rik	578
579	Gm28651	chr14	32685648	32689250	lncRNA	ENSMUSG00000101086	+	Gm28651	579
580	Tmem273	chr14	32785963	32817984	protein_coding	ENSMUSG00000041707	+	Tmem273	580
581	Fam170b	chr14	32833962	32836789	protein_coding	ENSMUSG00000078127	+	Fam170b	581
582	Vstm4	chr14	32856756	32939491	protein_coding	ENSMUSG00000050666	+	Vstm4	582
583	Gm7734	chr14	32897719	32898729	processed_pseudogene	ENSMUSG00000098236	+	Gm7734	583
584	Wdfy4	chr14	32959547	33185508	protein_coding	ENSMUSG00000051506	-	Wdfy4	584
585	Lrrc18	chr14	32991382	33015291	protein_coding	ENSMUSG00000041673	+	Lrrc18	585
586	Gm49029	chr14	33202858	33203263	processed_pseudogene	ENSMUSG00000115104	+	Gm49029	586
587	Gm6340	chr14	33213160	33213392	processed_pseudogene	ENSMUSG00000115523	+	Gm6340	587
588	Arhgap22	chr14	33214026	33369934	protein_coding	ENSMUSG00000063506	+	Arhgap22	588
589	Gm49030	chr14	33218044	33220931	lncRNA	ENSMUSG00000115597	-	Gm49030	589
590	Gm15512	chr14	33365951	33370143	lncRNA	ENSMUSG00000087639	-	Gm15512	590
591	Mapk8	chr14	33377898	33447158	protein_coding	ENSMUSG00000021936	-	Mapk8	591
592	Gm49037	chr14	33428642	33429025	processed_pseudogene	ENSMUSG00000115248	-	Gm49037	592
593	Gm46448	chr14	33432133	33432940	processed_pseudogene	ENSMUSG00000115745	+	Gm46448	593
594	Frmpd2	chr14	33471696	33575269	protein_coding	ENSMUSG00000108841	+	Frmpd2	594
595	Ptpn20	chr14	33589207	33640754	protein_coding	ENSMUSG00000021940	+	Ptpn20	595
596	Gm49108	chr14	33804266	33807041	lncRNA	ENSMUSG00000115134	-	Gm49108	596
597	4930503F20Rik	chr14	33808075	33811283	lncRNA	ENSMUSG00000115751	-	4930503F20Rik	597
598	Gdf10	chr14	33923587	33937983	protein_coding	ENSMUSG00000021943	+	Gdf10	598
599	Gdf2	chr14	33941039	33947198	protein_coding	ENSMUSG00000072625	+	Gdf2	599
600	Rbp3	chr14	33954003	33964216	protein_coding	ENSMUSG00000041534	+	Rbp3	600
601	Zfp488	chr14	33967070	33978764	protein_coding	ENSMUSG00000044519	-	Zfp488	601
602	Gm30083	chr14	33988417	34015182	protein_coding	ENSMUSG00000115726	-	Gm30083	602
603	Gm5460	chr14	34016758	34048193	protein_coding	ENSMUSG00000072624	+	Gm5460	603
604	A630023A22Rik	chr14	34051126	34102754	protein_coding	ENSMUSG00000095493	-	A630023A22Rik	604
605	Antxrl	chr14	34052707	34076405	protein_coding	ENSMUSG00000047441	+	Antxrl	605
606	Gm49129	chr14	34084753	34085085	processed_pseudogene	ENSMUSG00000115489	+	Gm49129	606
607	Anxa8	chr14	34085981	34100571	protein_coding	ENSMUSG00000021950	+	Anxa8	607
608	Gm24998	chr14	34106156	34106244	snoRNA	ENSMUSG00000088533	+	Gm24998	608
609	Gm30556	chr14	34119596	34120861	lncRNA	ENSMUSG00000115180	+	Gm30556	609
610	Npy4r	chr14	34143992	34152489	protein_coding	ENSMUSG00000048337	-	Npy4r	610
611	Rpl23a-ps3	chr14	34170655	34171122	processed_pseudogene	ENSMUSG00000078126	+	Rpl23a-ps3	611
612	Gm18884	chr14	34175731	34176309	processed_pseudogene	ENSMUSG00000115673	-	Gm18884	612
613	Gprin2	chr14	34185688	34201653	protein_coding	ENSMUSG00000071531	-	Gprin2	613
614	Gm49168	chr14	34218076	34218385	processed_pseudogene	ENSMUSG00000115299	+	Gm49168	614
615	Syt15	chr14	34219595	34230420	protein_coding	ENSMUSG00000041479	+	Syt15	615
616	Gm49201	chr14	34230619	34231728	lncRNA	ENSMUSG00000115124	-	Gm49201	616
617	Shld2	chr14	34237033	34310493	protein_coding	ENSMUSG00000041471	-	Shld2	617
618	Gm18813	chr14	34260332	34261683	processed_pseudogene	ENSMUSG00000115649	+	Gm18813	618
619	Gm49203	chr14	34263123	34263536	processed_pseudogene	ENSMUSG00000115183	+	Gm49203	619
620	Gm49202	chr14	34280843	34281179	processed_pseudogene	ENSMUSG00000115214	+	Gm49202	620
621	Glud1	chr14	34310727	34345265	protein_coding	ENSMUSG00000021794	+	Glud1	621
622	Gm3219	chr14	34345281	34345583	processed_pseudogene	ENSMUSG00000115431	+	Gm3219	622
623	Fam25c	chr14	34351881	34355433	protein_coding	ENSMUSG00000043681	-	Fam25c	623
624	Sncg	chr14	34370274	34374789	protein_coding	ENSMUSG00000023064	-	Sncg	624
625	Mmrn2	chr14	34375465	34404287	protein_coding	ENSMUSG00000041445	+	Mmrn2	625
626	Bmpr1a	chr14	34410734	34503341	protein_coding	ENSMUSG00000021796	-	Bmpr1a	626
627	Gm17110	chr14	34501715	34502684	lncRNA	ENSMUSG00000090779	+	Gm17110	627
628	9230112D13Rik	chr14	34511621	34522801	protein_coding	ENSMUSG00000021797	-	9230112D13Rik	628
629	Gm48953	chr14	34516195	34516676	processed_pseudogene	ENSMUSG00000115582	+	Gm48953	629
630	Ldb3	chr14	34526603	34588682	protein_coding	ENSMUSG00000021798	-	Ldb3	630
631	Opn4	chr14	34590618	34600142	protein_coding	ENSMUSG00000021799	-	Opn4	631
632	Gm49012	chr14	34591092	34605700	lncRNA	ENSMUSG00000115509	+	Gm49012	632
633	Gm49024	chr14	34661707	34662704	lncRNA	ENSMUSG00000115575	+	Gm49024	633
634	Gm49025	chr14	34668031	34668339	lncRNA	ENSMUSG00000115451	-	Gm49025	634
635	5830448L01Rik	chr14	34672465	34673763	lncRNA	ENSMUSG00000115007	-	5830448L01Rik	635
636	Wapl	chr14	34673928	34747983	protein_coding	ENSMUSG00000041408	+	Wapl	636
637	A930038B10Rik	chr14	34759402	34770553	lncRNA	ENSMUSG00000097310	+	A930038B10Rik	637
638	Gm49032	chr14	34768956	34770055	lncRNA	ENSMUSG00000115109	-	Gm49032	638
639	Grid1	chr14	34820108	35583379	protein_coding	ENSMUSG00000041078	+	Grid1	639
640	Mir346	chr14	34894609	34894706	miRNA	ENSMUSG00000065481	+	Mir346	640
641	Gm19016	chr14	35548132	35549126	processed_pseudogene	ENSMUSG00000115277	-	Gm19016	641
642	Gm27617	chr14	35569953	35570120	misc_RNA	ENSMUSG00000098696	+	Gm27617	642
643	4930596D02Rik	chr14	35809488	35811978	protein_coding	ENSMUSG00000041068	-	4930596D02Rik	643
644	Gm49039	chr14	35820609	35821060	processed_pseudogene	ENSMUSG00000115375	+	Gm49039	644
645	Gm49040	chr14	35980994	35981268	processed_pseudogene	ENSMUSG00000115274	+	Gm49040	645
646	Gm46474	chr14	36013948	36015385	unprocessed_pseudogene	ENSMUSG00000115237	+	Gm46474	646
647	Gm19129	chr14	36050560	36051220	processed_pseudogene	ENSMUSG00000115295	+	Gm19129	647
648	Gm7853	chr14	36089359	36090816	unprocessed_pseudogene	ENSMUSG00000072616	-	Gm7853	648
649	4930474N05Rik	chr14	36094917	36100114	protein_coding	ENSMUSG00000096405	+	4930474N05Rik	649
650	Gm48663	chr14	36231441	36232041	processed_pseudogene	ENSMUSG00000114494	-	Gm48663	650
651	Gm24394	chr14	36612117	36612239	snoRNA	ENSMUSG00000088766	+	Gm24394	651
652	Gm17940	chr14	36619278	36620087	processed_pseudogene	ENSMUSG00000114779	+	Gm17940	652
653	Gm25204	chr14	36767425	36767530	snRNA	ENSMUSG00000064777	+	Gm25204	653
654	n-R5s46	chr14	36855929	36856044	rRNA	ENSMUSG00000065894	-	n-R5s46	654
655	Ccser2	chr14	36874936	36968777	protein_coding	ENSMUSG00000058690	-	Ccser2	655
656	Gm47885	chr14	37023959	37024534	processed_pseudogene	ENSMUSG00000114739	-	Gm47885	656
657	Rgr	chr14	37034909	37048964	protein_coding	ENSMUSG00000021804	-	Rgr	657
658	Lrit1	chr14	37054830	37064946	protein_coding	ENSMUSG00000041044	+	Lrit1	658
659	Lrit2	chr14	37067929	37073743	protein_coding	ENSMUSG00000043418	+	Lrit2	659
660	Cdhr1	chr14	37077857	37098347	protein_coding	ENSMUSG00000021803	-	Cdhr1	660
661	2610528A11Rik	chr14	37102140	37114022	protein_coding	ENSMUSG00000096001	-	2610528A11Rik	661
662	Ghitm	chr14	37120092	37135272	protein_coding	ENSMUSG00000041028	-	Ghitm	662
663	Gm18834	chr14	37182204	37183065	processed_pseudogene	ENSMUSG00000114675	-	Gm18834	663
664	Gm22469	chr14	37224869	37225001	snoRNA	ENSMUSG00000077306	+	Gm22469	664
665	Gm47971	chr14	37465822	37467898	TEC	ENSMUSG00000114741	-	Gm47971	665
666	Gm31393	chr14	37601107	37606788	lncRNA	ENSMUSG00000114334	-	Gm31393	666
667	Gm5203	chr14	37722117	37722937	processed_pseudogene	ENSMUSG00000114766	+	Gm5203	667
668	Gm47974	chr14	38047983	38051136	processed_pseudogene	ENSMUSG00000114339	+	Gm47974	668
669	Gm18523	chr14	38074111	38074901	processed_pseudogene	ENSMUSG00000114450	+	Gm18523	669
670	Gm31456	chr14	38317904	38337126	lncRNA	ENSMUSG00000114219	+	Gm31456	670
671	Nrg3	chr14	38368952	39473088	protein_coding	ENSMUSG00000041014	-	Nrg3	671
672	Gm20641	chr14	38522049	38532311	lncRNA	ENSMUSG00000093556	+	Gm20641	672
673	Nrg3os	chr14	38898302	38958794	lncRNA	ENSMUSG00000093528	+	Nrg3os	673
674	Gm20642	chr14	39220071	39250430	lncRNA	ENSMUSG00000093383	+	Gm20642	674
675	1700109I08Rik	chr14	39655663	39685293	lncRNA	ENSMUSG00000101261	+	1700109I08Rik	675
676	Eif1-ps1	chr14	40006220	40006549	processed_pseudogene	ENSMUSG00000074553	+	Eif1-ps1	676
677	Gm25012	chr14	40009902	40010065	snRNA	ENSMUSG00000089021	+	Gm25012	677
678	Gm22191	chr14	40215132	40215241	miRNA	ENSMUSG00000077019	-	Gm22191	678
679	Gm4817	chr14	40294120	40295530	processed_pseudogene	ENSMUSG00000114862	-	Gm4817	679
680	Gm22726	chr14	40318072	40318250	misc_RNA	ENSMUSG00000088714	-	Gm22726	680
681	Gm48028	chr14	40329444	40329717	processed_pseudogene	ENSMUSG00000114543	+	Gm48028	681
682	Gm24388	chr14	40421515	40421621	snRNA	ENSMUSG00000095140	+	Gm24388	682
683	Gm5205	chr14	40557238	40558240	processed_pseudogene	ENSMUSG00000098169	+	Gm5205	683
684	Gm48040	chr14	40747227	40748499	processed_pseudogene	ENSMUSG00000114933	+	Gm48040	684
685	Sh2d4b	chr14	40813789	40893266	protein_coding	ENSMUSG00000037833	-	Sh2d4b	685
686	Tspan14	chr14	40906445	40966807	protein_coding	ENSMUSG00000037824	-	Tspan14	686
687	Prxl2a	chr14	40993740	41013788	protein_coding	ENSMUSG00000021792	-	Prxl2a	687
688	Dydc2	chr14	41049117	41069208	protein_coding	ENSMUSG00000021791	-	Dydc2	688
689	Gm47547	chr14	41053653	41061614	lncRNA	ENSMUSG00000114196	+	Gm47547	689
690	Dydc1	chr14	41072911	41092197	protein_coding	ENSMUSG00000021790	+	Dydc1	690
691	Mat1a	chr14	41105035	41124412	protein_coding	ENSMUSG00000037798	+	Mat1a	691
692	Sftpa1	chr14	41131782	41136452	protein_coding	ENSMUSG00000021789	+	Sftpa1	692
693	Mbl1	chr14	41151458	41159601	protein_coding	ENSMUSG00000037780	+	Mbl1	693
694	Sftpd	chr14	41172214	41185149	protein_coding	ENSMUSG00000021795	-	Sftpd	694
695	Gm47114	chr14	41191401	41191653	processed_pseudogene	ENSMUSG00000114927	-	Gm47114	695
696	Gm7925	chr14	41219463	41221651	unprocessed_pseudogene	ENSMUSG00000092055	-	Gm7925	696
697	Gm22823	chr14	41247686	41247792	snRNA	ENSMUSG00000094710	+	Gm22823	697
698	Gm2832	chr14	41278805	41288815	protein_coding	ENSMUSG00000091110	+	Gm2832	698
699	Gm9671	chr14	41307354	41309643	unprocessed_pseudogene	ENSMUSG00000091808	-	Gm9671	699
700	Gm5798	chr14	41348609	41356839	protein_coding	ENSMUSG00000094925	+	Gm5798	700
701	Gm2855	chr14	41370175	41372374	unprocessed_pseudogene	ENSMUSG00000091847	-	Gm2855	701
702	Gm7945	chr14	41381628	41386379	protein_coding	ENSMUSG00000091131	-	Gm7945	702
703	Gm6482	chr14	41402885	41408281	protein_coding	ENSMUSG00000092142	-	Gm6482	703
704	Gm7953	chr14	41436816	41439018	unprocessed_pseudogene	ENSMUSG00000091486	-	Gm7953	704
705	Gm7954	chr14	41448203	41453518	protein_coding	ENSMUSG00000093863	-	Gm7954	705
706	Gm3486	chr14	41484232	41489485	protein_coding	ENSMUSG00000090505	-	Gm3486	706
707	Gm6490	chr14	41517217	41519215	unprocessed_pseudogene	ENSMUSG00000079266	+	Gm6490	707
708	Gm17061	chr14	41538031	41540815	unprocessed_pseudogene	ENSMUSG00000090519	-	Gm17061	708
709	Gm7970	chr14	41550120	41555583	protein_coding	ENSMUSG00000093833	-	Gm7970	709
710	1700049E17Rik2	chr14	41573211	41581305	protein_coding	ENSMUSG00000090440	+	1700049E17Rik2	710
711	Gm17159	chr14	41608857	41611107	unprocessed_pseudogene	ENSMUSG00000091470	-	Gm17159	711
712	Gm3072	chr14	41619286	41624612	protein_coding	ENSMUSG00000091657	-	Gm3072	712
713	Gm3077	chr14	41631680	41633816	unprocessed_pseudogene	ENSMUSG00000091146	-	Gm3077	713
714	Gm3676	chr14	41641179	41646487	protein_coding	ENSMUSG00000079269	-	Gm3676	714
715	Gm8065	chr14	41673751	41676835	unprocessed_pseudogene	ENSMUSG00000091281	+	Gm8065	715
716	Gm8068	chr14	41696393	41701885	protein_coding	ENSMUSG00000095518	-	Gm8068	716
717	Gm7929	chr14	41745917	41750614	protein_coding	ENSMUSG00000091740	-	Gm7929	717
718	Gm47189	chr14	41767172	41772441	protein_coding	ENSMUSG00000114852	-	Gm47189	718
719	Gm17062	chr14	41889687	41892459	unprocessed_pseudogene	ENSMUSG00000092027	-	Gm17062	719
720	Gm7980	chr14	41901813	41907290	protein_coding	ENSMUSG00000095551	-	Gm7980	720
721	1700049E17Rik1	chr14	41924949	41933041	protein_coding	ENSMUSG00000079271	+	1700049E17Rik1	721
722	1700024B05Rik	chr14	41943995	42003821	protein_coding	ENSMUSG00000052334	+	1700024B05Rik	722
723	Gm9890	chr14	41946433	41948671	unprocessed_pseudogene	ENSMUSG00000052790	-	Gm9890	723
724	Gm6401	chr14	41962708	41967927	protein_coding	ENSMUSG00000095044	-	Gm6401	724
725	Gm3543	chr14	41977873	41983325	protein_coding	ENSMUSG00000093945	-	Gm3543	725
726	Gm7991	chr14	42067059	42070137	unprocessed_pseudogene	ENSMUSG00000091116	+	Gm7991	726
727	1700091H14Rik	chr14	42089750	42095277	transcribed_processed_pseudogene	ENSMUSG00000090462	-	1700091H14Rik	727
728	Gm7951	chr14	42111963	42117369	protein_coding	ENSMUSG00000095490	-	Gm7951	728
729	Gm17027	chr14	42157290	42162622	protein_coding	ENSMUSG00000093926	-	Gm17027	729
730	Gm17166	chr14	42175704	42178006	unprocessed_pseudogene	ENSMUSG00000090476	-	Gm17166	730
731	Gm3573	chr14	42185391	42190791	protein_coding	ENSMUSG00000091792	-	Gm3573	731
732	Gm17165	chr14	42218285	42220283	unprocessed_pseudogene	ENSMUSG00000079273	+	Gm17165	732
733	Gm17038	chr14	42243217	42245444	unprocessed_pseudogene	ENSMUSG00000091960	-	Gm17038	733
734	Gm17026	chr14	42254659	42260048	protein_coding	ENSMUSG00000092152	-	Gm17026	734
735	Gm25208	chr14	42274419	42274539	miRNA	ENSMUSG00000096309	-	Gm25208	735
736	Gm9611	chr14	42291907	42297358	protein_coding	ENSMUSG00000095371	-	Gm9611	736
737	Gm7995	chr14	42310210	42325394	protein_coding	ENSMUSG00000094157	+	Gm7995	737
738	Gm17164	chr14	42359209	42361450	unprocessed_pseudogene	ENSMUSG00000091099	-	Gm17164	738
739	Gm2951	chr14	42371350	42373777	unprocessed_pseudogene	ENSMUSG00000090635	-	Gm2951	739
740	Gm2959	chr14	42411451	42414526	unprocessed_pseudogene	ENSMUSG00000090731	+	Gm2959	740
741	Gm8005	chr14	42434156	42439673	protein_coding	ENSMUSG00000092148	-	Gm8005	741
742	Gm8011	chr14	42463881	42472122	protein_coding	ENSMUSG00000094954	+	Gm8011	742
743	Gm2966	chr14	42485417	42487658	unprocessed_pseudogene	ENSMUSG00000090481	-	Gm2966	743
744	Gm8020	chr14	42496884	42502349	protein_coding	ENSMUSG00000090690	-	Gm8020	744
745	Gm8024	chr14	42518878	42524282	protein_coding	ENSMUSG00000095318	-	Gm8024	745
746	Gm48134	chr14	42543472	42543704	processed_pseudogene	ENSMUSG00000114938	+	Gm48134	746
747	Gm8032	chr14	42557051	42560015	unprocessed_pseudogene	ENSMUSG00000091788	+	Gm8032	747
748	Gm17204	chr14	42582988	42585202	unprocessed_pseudogene	ENSMUSG00000090351	-	Gm17204	748
749	Gm17124	chr14	42594502	42599882	protein_coding	ENSMUSG00000091140	-	Gm17124	749
750	Gm25228	chr14	42614226	42614346	miRNA	ENSMUSG00000094563	-	Gm25228	750
751	Gm3633	chr14	42636467	42641917	protein_coding	ENSMUSG00000095113	-	Gm3633	751
752	Gm10378	chr14	42655938	42663605	protein_coding	ENSMUSG00000093948	+	Gm10378	752
753	Gm17162	chr14	42685234	42687469	unprocessed_pseudogene	ENSMUSG00000090975	-	Gm17162	753
754	Gm5929	chr14	42697337	42699767	unprocessed_pseudogene	ENSMUSG00000091627	-	Gm5929	754
755	Gm3008	chr14	42728272	42731344	unprocessed_pseudogene	ENSMUSG00000090742	+	Gm3008	755
756	Gm17161	chr14	42752315	42754334	unprocessed_pseudogene	ENSMUSG00000091741	-	Gm17161	756
757	Gm3015	chr14	42763525	42768821	protein_coding	ENSMUSG00000095466	-	Gm3015	757
758	Gm3025	chr14	42782883	42785217	unprocessed_pseudogene	ENSMUSG00000090333	-	Gm3025	758
759	Gm10377	chr14	42792568	42797987	protein_coding	ENSMUSG00000095226	-	Gm10377	759
760	Gm7152	chr14	42825371	42828470	unprocessed_pseudogene	ENSMUSG00000079272	+	Gm7152	760
761	Gm21977	chr14	42847980	42853477	protein_coding	ENSMUSG00000094804	-	Gm21977	761
762	Gm3102	chr14	42976995	42979191	unprocessed_pseudogene	ENSMUSG00000090947	-	Gm3102	762
763	Gm8082	chr14	42988342	42993624	protein_coding	ENSMUSG00000094349	-	Gm8082	763
764	Gm3111	chr14	43000499	43002836	unprocessed_pseudogene	ENSMUSG00000091286	-	Gm3111	764
765	Gm10376	chr14	43010188	43015628	protein_coding	ENSMUSG00000072605	-	Gm10376	765
766	Gm6536	chr14	43042970	43045946	unprocessed_pseudogene	ENSMUSG00000090396	+	Gm6536	766
767	Gm3123	chr14	43060214	43062467	unprocessed_pseudogene	ENSMUSG00000091961	-	Gm3123	767
768	Gm8094	chr14	43071142	43076643	protein_coding	ENSMUSG00000091733	-	Gm8094	768
769	Gm49873	chr14	43089445	43109217	transcribed_processed_pseudogene	ENSMUSG00000114317	+	Gm49873	769
770	Gm8104	chr14	43100601	43115190	protein_coding	ENSMUSG00000096446	+	Gm8104	770
771	Cdv3-ps	chr14	43120937	43122471	processed_pseudogene	ENSMUSG00000090389	-	Cdv3-ps	771
772	Gm49135	chr14	43131404	43146687	lncRNA	ENSMUSG00000115262	+	Gm49135	772
773	Gm8114	chr14	43133466	43135689	unprocessed_pseudogene	ENSMUSG00000090657	-	Gm8114	773
774	Gm3141	chr14	43147487	43149893	unprocessed_pseudogene	ENSMUSG00000090796	-	Gm3141	774
775	Gm49141	chr14	43168628	43178007	transcribed_processed_pseudogene	ENSMUSG00000114619	+	Gm49141	775
776	Gm7233	chr14	43179867	43187988	protein_coding	ENSMUSG00000094151	+	Gm7233	776
777	Gm7316	chr14	43211909	43214147	unprocessed_pseudogene	ENSMUSG00000090385	-	Gm7316	777
778	Gm8122	chr14	43229832	43235304	protein_coding	ENSMUSG00000094784	-	Gm8122	778
779	Gm49146	chr14	43250590	43258804	transcribed_unprocessed_pseudogene	ENSMUSG00000114544	+	Gm49146	779
780	Gm8126	chr14	43258649	43266799	protein_coding	ENSMUSG00000090634	+	Gm8126	780
781	Gm9732	chr14	43275036	43306011	protein_coding	ENSMUSG00000115483	+	Gm9732	781
782	Gm17153	chr14	43277419	43279645	unprocessed_pseudogene	ENSMUSG00000091815	-	Gm17153	782
783	Gm8127	chr14	43288312	43293832	protein_coding	ENSMUSG00000090713	-	Gm8127	783
784	Gm17155	chr14	43318175	43320397	unprocessed_pseudogene	ENSMUSG00000091832	-	Gm17155	784
785	Gm17154	chr14	43332701	43334975	unprocessed_pseudogene	ENSMUSG00000091481	-	Gm17154	785
786	1700001F09Rik	chr14	43342383	43347811	protein_coding	ENSMUSG00000095384	-	1700001F09Rik	786
787	Gm9597	chr14	43386214	43394024	transcribed_unprocessed_pseudogene	ENSMUSG00000090788	+	Gm9597	787
788	Gm8138	chr14	43410827	43416350	protein_coding	ENSMUSG00000096372	-	Gm8138	788
789	Gm5799	chr14	43543576	43551213	protein_coding	ENSMUSG00000091477	+	Gm5799	789
790	Gm3216	chr14	43562300	43564547	unprocessed_pseudogene	ENSMUSG00000090332	-	Gm3216	790
791	Gm17654	chr14	43573843	43579146	protein_coding	ENSMUSG00000095743	-	Gm17654	791
792	Gm3221	chr14	43593005	43595276	unprocessed_pseudogene	ENSMUSG00000090681	-	Gm3221	792
793	Gm10375	chr14	43602627	43608013	protein_coding	ENSMUSG00000095528	-	Gm10375	793
794	Gm8046	chr14	43635674	43638776	unprocessed_pseudogene	ENSMUSG00000090798	+	Gm8046	794
795	Gm21154	chr14	43646251	43673065	lncRNA	ENSMUSG00000115050	+	Gm21154	795
796	Gm8161	chr14	43653029	43655027	unprocessed_pseudogene	ENSMUSG00000090821	-	Gm8161	796
797	Gm8165	chr14	43671962	43677199	protein_coding	ENSMUSG00000093968	-	Gm8165	797
798	Gm7324	chr14	43697828	43715378	protein_coding	ENSMUSG00000049235	+	Gm7324	798
799	Gm9672	chr14	43700269	43702426	unprocessed_pseudogene	ENSMUSG00000091990	-	Gm9672	799
800	Gm17208	chr14	43713383	43715579	processed_pseudogene	ENSMUSG00000091216	+	Gm17208	800
801	Gm16506	chr14	43722253	43727485	protein_coding	ENSMUSG00000091718	-	Gm16506	801
802	Gm49078	chr14	43730063	43731362	unprocessed_pseudogene	ENSMUSG00000115394	+	Gm49078	802
803	Gm49080	chr14	43736459	43736660	unprocessed_pseudogene	ENSMUSG00000115675	+	Gm49080	803
804	Gm6526	chr14	43747866	43755948	protein_coding	ENSMUSG00000091698	+	Gm6526	804
805	Gm49965	chr14	43762152	43909143	lncRNA	ENSMUSG00000115272	+	Gm49965	805
806	Gm9587	chr14	43768934	43771115	unprocessed_pseudogene	ENSMUSG00000091911	-	Gm9587	806
807	Gm8180	chr14	43779488	43784745	protein_coding	ENSMUSG00000091584	-	Gm8180	807
808	Gm49082	chr14	43787317	43788616	unprocessed_pseudogene	ENSMUSG00000115619	+	Gm49082	808
809	Gm49081	chr14	43797289	43797490	unprocessed_pseudogene	ENSMUSG00000115844	+	Gm49081	809
810	Gm41138	chr14	43798448	43800750	lncRNA	ENSMUSG00000115659	-	Gm41138	810
811	Gm49083	chr14	43804696	43812383	lncRNA	ENSMUSG00000115354	-	Gm49083	811
812	Ear1	chr14	43818765	43875517	protein_coding	ENSMUSG00000072601	-	Ear1	812
813	Ear-ps12	chr14	43853729	43854179	unprocessed_pseudogene	ENSMUSG00000089654	-	Ear-ps12	813
814	Ang-ps2	chr14	43864917	43865349	unprocessed_pseudogene	ENSMUSG00000093889	+	Ang-ps2	814
815	Ear10	chr14	43922720	43923559	protein_coding	ENSMUSG00000090166	-	Ear10	815
816	Gm8113	chr14	43925390	43933411	protein_coding	ENSMUSG00000089901	+	Gm8113	816
817	Gm9550	chr14	43940997	43941858	processed_pseudogene	ENSMUSG00000090265	+	Gm9550	817
818	Ang5	chr14	43957069	43963072	protein_coding	ENSMUSG00000053961	+	Ang5	818
819	Gm49087	chr14	43979713	43987466	lncRNA	ENSMUSG00000115724	-	Gm49087	819
820	Ear-ps10	chr14	43991714	43992173	unprocessed_pseudogene	ENSMUSG00000090109	+	Ear-ps10	820
821	Ang6	chr14	44001826	44002269	protein_coding	ENSMUSG00000072598	-	Ang6	821
822	Gm8194	chr14	44021600	44022458	processed_pseudogene	ENSMUSG00000090051	-	Gm8194	822
823	Gm3287	chr14	44026002	44037526	lncRNA	ENSMUSG00000090249	-	Gm3287	823
824	Ear-ps2	chr14	44046985	44047450	unprocessed_pseudogene	ENSMUSG00000072599	+	Ear-ps2	824
825	Ang-ps1	chr14	44056983	44057418	unprocessed_pseudogene	ENSMUSG00000090180	-	Ang-ps1	825
826	Gm49099	chr14	44074083	44075921	lncRNA	ENSMUSG00000115488	-	Gm49099	826
827	Gm16545	chr14	44074561	44075023	unprocessed_pseudogene	ENSMUSG00000090259	+	Gm16545	827
828	Gm49101	chr14	44092634	44103915	lncRNA	ENSMUSG00000115794	-	Gm49101	828
829	Ear2	chr14	44102654	44103534	protein_coding	ENSMUSG00000072596	+	Ear2	829
830	Gm49102	chr14	44113360	44117887	transcribed_unprocessed_pseudogene	ENSMUSG00000115235	+	Gm49102	830
831	Gm18216	chr14	44120072	44121253	unprocessed_pseudogene	ENSMUSG00000115713	-	Gm18216	831
832	Gm3327	chr14	44123851	44129043	protein_coding	ENSMUSG00000090594	+	Gm3327	832
833	Gm8207	chr14	44138385	44140545	unprocessed_pseudogene	ENSMUSG00000091048	+	Gm8207	833
834	4930503E14Rik	chr14	44163169	44213254	protein_coding	ENSMUSG00000072595	-	4930503E14Rik	834
835	1700047E10Rik	chr14	44191607	44213237	lncRNA	ENSMUSG00000115294	-	1700047E10Rik	835
836	Gm8212	chr14	44197661	44203133	protein_coding	ENSMUSG00000094543	+	Gm8212	836
837	Gm49104	chr14	44210608	44210861	unprocessed_pseudogene	ENSMUSG00000115498	+	Gm49104	837
838	Gm32857	chr14	44226217	44315511	lncRNA	ENSMUSG00000115536	-	Gm32857	838
839	Gm49110	chr14	44230931	44231161	unprocessed_pseudogene	ENSMUSG00000115805	-	Gm49110	839
840	Gm49111	chr14	44275579	44275796	unprocessed_pseudogene	ENSMUSG00000115287	-	Gm49111	840
841	Gm8220	chr14	44285580	44291068	protein_coding	ENSMUSG00000091725	+	Gm8220	841
842	Gm49109	chr14	44306134	44306443	processed_pseudogene	ENSMUSG00000115065	-	Gm49109	842
843	Gm8224	chr14	44307689	44309906	unprocessed_pseudogene	ENSMUSG00000091707	+	Gm8224	843
844	Gm5930	chr14	44330442	44338584	protein_coding	ENSMUSG00000079267	-	Gm5930	844
845	Gm8229	chr14	44365357	44370841	protein_coding	ENSMUSG00000090379	+	Gm8229	845
846	Gm3370	chr14	44379870	44382093	unprocessed_pseudogene	ENSMUSG00000092144	+	Gm3370	846
847	Gm3371	chr14	44402671	44410688	protein_coding	ENSMUSG00000090716	-	Gm3371	847
848	Gm8232	chr14	44433635	44439086	protein_coding	ENSMUSG00000091569	+	Gm8232	848
849	Gm49779	chr14	44440402	44452387	lncRNA	ENSMUSG00000115359	-	Gm49779	849
850	Gm21991	chr14	44447792	44450009	unprocessed_pseudogene	ENSMUSG00000096081	+	Gm21991	850
851	Gm17184	chr14	44472516	44535359	transcribed_unprocessed_pseudogene	ENSMUSG00000072574	-	Gm17184	851
852	BC061237	chr14	44492463	44506345	protein_coding	ENSMUSG00000072145	+	BC061237	852
853	Gm17093	chr14	44518276	44523444	protein_coding	ENSMUSG00000091429	+	Gm17093	853
854	Gm17183	chr14	44530797	44533002	unprocessed_pseudogene	ENSMUSG00000091466	+	Gm17183	854
855	AC160336.1	chr14	44544055	44637201	lncRNA	ENSMUSG00000115801	-	AC160336.1	855
856	Gm5624	chr14	44556795	44627938	protein_coding	ENSMUSG00000092165	-	Gm5624	856
857	Gm8247	chr14	44583153	44588402	protein_coding	ENSMUSG00000091122	+	Gm8247	857
858	Gm8256	chr14	44613533	44618904	transcribed_unprocessed_pseudogene	ENSMUSG00000091605	+	Gm8256	858
859	Gm9593	chr14	44623288	44625490	unprocessed_pseudogene	ENSMUSG00000090736	+	Gm9593	859
860	Gm8257	chr14	44649204	44706456	protein_coding	ENSMUSG00000079265	-	Gm8257	860
861	Gm21754	chr14	44687491	44689874	unprocessed_pseudogene	ENSMUSG00000093949	+	Gm21754	861
862	Gm6541	chr14	44701858	44704087	unprocessed_pseudogene	ENSMUSG00000091453	+	Gm6541	862
863	Gm8267	chr14	44716838	44750340	protein_coding	ENSMUSG00000091923	-	Gm8267	863
864	Gm34060	chr14	44750440	44767598	lncRNA	ENSMUSG00000115321	+	Gm34060	864
865	Gm17187	chr14	44777463	44779762	unprocessed_pseudogene	ENSMUSG00000091011	+	Gm17187	865
866	Gm49143	chr14	44782571	44783601	processed_pseudogene	ENSMUSG00000115706	-	Gm49143	866
867	Gm17070	chr14	44804701	44805484	processed_pseudogene	ENSMUSG00000090365	-	Gm17070	867
868	Gm49145	chr14	44821886	44834142	lncRNA	ENSMUSG00000115747	+	Gm49145	868
869	Gm34198	chr14	44846050	44846350	processed_pseudogene	ENSMUSG00000115521	+	Gm34198	869
870	Ptgdr	chr14	44851235	44859375	protein_coding	ENSMUSG00000071489	-	Ptgdr	870
871	Gm16976	chr14	44858671	44974944	transcribed_unprocessed_pseudogene	ENSMUSG00000085500	+	Gm16976	871
872	Gm18524	chr14	44905748	44906516	processed_pseudogene	ENSMUSG00000115268	+	Gm18524	872
873	Gm49148	chr14	44933163	44934206	processed_pseudogene	ENSMUSG00000115487	+	Gm49148	873
874	Gm49147	chr14	44939102	44939266	processed_pseudogene	ENSMUSG00000115500	-	Gm49147	874
875	Mir327	chr14	44947443	44947511	miRNA	ENSMUSG00000105372	-	Mir327	875
876	4930431P03Rik	chr14	44955215	44961326	lncRNA	ENSMUSG00000075042	-	4930431P03Rik	876
877	Gm49364	chr14	44955217	44989699	lncRNA	ENSMUSG00000115344	-	Gm49364	877
878	Gm17173	chr14	44972268	45006900	lncRNA	ENSMUSG00000090709	-	Gm17173	878
879	Ptger2	chr14	44988195	45003820	protein_coding	ENSMUSG00000037759	+	Ptger2	879
880	Gm49180	chr14	45056497	45102094	lncRNA	ENSMUSG00000115735	-	Gm49180	880
881	Gm21010	chr14	45090615	45091900	processed_pseudogene	ENSMUSG00000114974	+	Gm21010	881
882	Gm49181	chr14	45113704	45114112	unprocessed_pseudogene	ENSMUSG00000115814	-	Gm49181	882
883	Gm49183	chr14	45114401	45114708	unprocessed_pseudogene	ENSMUSG00000115216	-	Gm49183	883
884	Gm49184	chr14	45130034	45130384	processed_pseudogene	ENSMUSG00000115054	+	Gm49184	884
885	Txndc16	chr14	45133465	45220328	protein_coding	ENSMUSG00000021830	-	Txndc16	885
886	Gm15765	chr14	45211523	45212432	processed_pseudogene	ENSMUSG00000082463	+	Gm15765	886
887	Gpr137c	chr14	45219717	45282725	protein_coding	ENSMUSG00000049092	+	Gpr137c	887
888	Gm49194	chr14	45273250	45274723	lncRNA	ENSMUSG00000115373	+	Gm49194	888
889	Ero1l	chr14	45283087	45318771	protein_coding	ENSMUSG00000021831	-	Ero1l	889
890	Psmc6	chr14	45329788	45349705	protein_coding	ENSMUSG00000021832	+	Psmc6	890
891	Styx	chr14	45351093	45422820	protein_coding	ENSMUSG00000053205	+	Styx	891
892	Gnpnat1	chr14	45376334	45404913	protein_coding	ENSMUSG00000037722	-	Gnpnat1	892
893	Gm25353	chr14	45404840	45404960	miRNA	ENSMUSG00000096383	-	Gm25353	893
894	Gm34250	chr14	45442754	45447073	lncRNA	ENSMUSG00000115209	-	Gm34250	894
895	Fermt2	chr14	45458795	45530118	protein_coding	ENSMUSG00000037712	-	Fermt2	895
896	Gm22637	chr14	45461363	45461645	misc_RNA	ENSMUSG00000088769	-	Gm22637	896
897	9630050E16Rik	chr14	45484645	45492085	TEC	ENSMUSG00000115275	-	9630050E16Rik	897
898	4930527F14Rik	chr14	45530358	45562933	lncRNA	ENSMUSG00000115324	+	4930527F14Rik	898
899	Gm41144	chr14	45541173	45543567	lncRNA	ENSMUSG00000115846	-	Gm41144	899
900	Gm5206	chr14	45546408	45558330	transcribed_processed_pseudogene	ENSMUSG00000115702	-	Gm5206	900
901	Gm49123	chr14	45551838	45554402	lncRNA	ENSMUSG00000115391	-	Gm49123	901
902	Gm15601	chr14	45563834	45598512	lncRNA	ENSMUSG00000085913	+	Gm15601	902
903	Gm49124	chr14	45565531	45586120	lncRNA	ENSMUSG00000115553	+	Gm49124	903
904	Ddhd1	chr14	45588467	45658143	protein_coding	ENSMUSG00000037697	-	Ddhd1	904
905	Gm49125	chr14	45612772	45614066	TEC	ENSMUSG00000115148	-	Gm49125	905
906	A530076I17Rik	chr14	45660770	45668498	lncRNA	ENSMUSG00000086124	-	A530076I17Rik	906
907	Gm7206	chr14	45704536	45713723	processed_pseudogene	ENSMUSG00000082475	+	Gm7206	907
908	Gm15516	chr14	45713132	45713324	processed_pseudogene	ENSMUSG00000082662	-	Gm15516	908
909	Gm15218	chr14	45754689	45993170	lncRNA	ENSMUSG00000085866	+	Gm15218	909
910	Gm8317	chr14	45858076	45858546	processed_pseudogene	ENSMUSG00000084276	-	Gm8317	910
911	Gm15220	chr14	45919087	45919465	processed_pseudogene	ENSMUSG00000081840	-	Gm15220	911
912	Gm46475	chr14	45925934	45926197	processed_pseudogene	ENSMUSG00000115382	+	Gm46475	912
913	Gm49192	chr14	45944000	45991037	lncRNA	ENSMUSG00000115000	-	Gm49192	913
914	Gm6580	chr14	46027428	46028784	processed_pseudogene	ENSMUSG00000083169	+	Gm6580	914
915	Gm37257	chr14	46044460	46061149	TEC	ENSMUSG00000102763	-	Gm37257	915
916	Gm1821	chr14	46084028	46085000	transcribed_processed_pseudogene	ENSMUSG00000044285	+	Gm1821	916
917	Gm15217	chr14	46379414	46383608	protein_coding	ENSMUSG00000079261	+	Gm15217	917
918	Bmp4	chr14	46383520	46390669	protein_coding	ENSMUSG00000021835	-	Bmp4	918
919	Gm15222	chr14	46387519	46389282	lncRNA	ENSMUSG00000086746	+	Gm15222	919
920	Gm15221	chr14	46436855	46454535	lncRNA	ENSMUSG00000086168	+	Gm15221	920
921	Gm48910	chr14	46454342	46456456	lncRNA	ENSMUSG00000115168	-	Gm48910	921
922	Gm48911	chr14	46461162	46463520	lncRNA	ENSMUSG00000115296	-	Gm48911	922
923	Gm34756	chr14	46481228	46493690	lncRNA	ENSMUSG00000115083	+	Gm34756	923
924	Gm48912	chr14	46482225	46516442	lncRNA	ENSMUSG00000115158	-	Gm48912	924
925	Gm49319	chr14	46528176	46637408	lncRNA	ENSMUSG00000115781	-	Gm49319	925
926	E130120K24Rik	chr14	46556303	46568344	lncRNA	ENSMUSG00000085380	+	E130120K24Rik	926
927	Rubie	chr14	46568263	46598425	lncRNA	ENSMUSG00000085123	-	Rubie	927
928	4933425B07Rik	chr14	46602806	46637423	lncRNA	ENSMUSG00000115665	-	4933425B07Rik	928
929	Gm18761	chr14	46607552	46608952	processed_pseudogene	ENSMUSG00000115828	+	Gm18761	929
930	D330046F09Rik	chr14	46645817	46673775	lncRNA	ENSMUSG00000115015	-	D330046F09Rik	930
931	Gm48917	chr14	46671702	46681301	lncRNA	ENSMUSG00000115421	+	Gm48917	931
932	Gm48924	chr14	46743215	46746399	lncRNA	ENSMUSG00000115690	-	Gm48924	932
933	Cdkn3	chr14	46760541	46771669	protein_coding	ENSMUSG00000037628	+	Cdkn3	933
934	Cnih1	chr14	46775567	46788411	protein_coding	ENSMUSG00000015759	-	Cnih1	934
935	Gm48933	chr14	46787633	46788530	lncRNA	ENSMUSG00000115003	+	Gm48933	935
936	Gm48939	chr14	46804135	46806151	TEC	ENSMUSG00000115041	-	Gm48939	936
937	Gmfb	chr14	46808149	46822242	protein_coding	ENSMUSG00000062014	-	Gmfb	937
938	Gm10101	chr14	46829109	46832027	lncRNA	ENSMUSG00000061510	-	Gm10101	938
939	Cgrrf1	chr14	46832125	46854193	protein_coding	ENSMUSG00000055128	+	Cgrrf1	939
940	Gm48949	chr14	46844813	46845480	lncRNA	ENSMUSG00000115417	+	Gm48949	940
941	Gm34934	chr14	46866576	46882757	lncRNA	ENSMUSG00000115100	-	Gm34934	941
942	Samd4	chr14	46882854	47105815	protein_coding	ENSMUSG00000021838	+	Samd4	942
943	2810457G06Rik	chr14	46883698	46885064	lncRNA	ENSMUSG00000115410	-	2810457G06Rik	943
944	Gm48958	chr14	46893520	46896483	TEC	ENSMUSG00000114996	+	Gm48958	944
945	Mir378c	chr14	46954830	46954928	miRNA	ENSMUSG00000099036	-	Mir378c	945
946	Gm15562	chr14	46961440	46965684	lncRNA	ENSMUSG00000089870	+	Gm15562	946
947	Gm10371	chr14	47097679	47116161	lncRNA	ENSMUSG00000072589	-	Gm10371	947
948	Gm49132	chr14	47116296	47120439	TEC	ENSMUSG00000115207	+	Gm49132	948
949	Gch1	chr14	47153895	47189413	protein_coding	ENSMUSG00000037580	-	Gch1	949
950	Gm49134	chr14	47162377	47162634	processed_pseudogene	ENSMUSG00000115098	+	Gm49134	950
951	Gm18811	chr14	47177883	47178546	processed_pseudogene	ENSMUSG00000115764	-	Gm18811	951
952	Gm49137	chr14	47214135	47214738	processed_pseudogene	ENSMUSG00000115400	-	Gm49137	952
953	Wdhd1	chr14	47240944	47276857	protein_coding	ENSMUSG00000037572	-	Wdhd1	953
954	Gm49149	chr14	47261832	47262186	TEC	ENSMUSG00000115849	-	Gm49149	954
955	Gm24378	chr14	47270859	47270964	snRNA	ENSMUSG00000084648	-	Gm24378	955
956	Gm49150	chr14	47276370	47276796	lncRNA	ENSMUSG00000115097	+	Gm49150	956
957	Socs4	chr14	47276931	47296102	protein_coding	ENSMUSG00000048379	+	Socs4	957
958	Gm9502	chr14	47297508	47298542	TEC	ENSMUSG00000114977	-	Gm9502	958
959	Mapk1ip1l	chr14	47298266	47323204	protein_coding	ENSMUSG00000021840	+	Mapk1ip1l	959
960	Gm49189	chr14	47301982	47305485	lncRNA	ENSMUSG00000115082	-	Gm49189	960
961	Gm49190	chr14	47320410	47321056	processed_pseudogene	ENSMUSG00000115728	-	Gm49190	961
962	Lgals3	chr14	47367751	47386160	protein_coding	ENSMUSG00000050335	+	Lgals3	962
963	Dlgap5	chr14	47387779	47418407	protein_coding	ENSMUSG00000037544	-	Dlgap5	963
964	Gm8353	chr14	47419758	47420189	processed_pseudogene	ENSMUSG00000115436	-	Gm8353	964
965	Gm48975	chr14	47422417	47427570	lncRNA	ENSMUSG00000115617	+	Gm48975	965
966	Fbxo34	chr14	47450421	47531962	protein_coding	ENSMUSG00000037536	+	Fbxo34	966
967	Gm48986	chr14	47491568	47492783	TEC	ENSMUSG00000115570	+	Gm48986	967
968	Gm35166	chr14	47502944	47508187	lncRNA	ENSMUSG00000115145	-	Gm35166	968
969	Atg14	chr14	47540893	47570649	protein_coding	ENSMUSG00000037526	-	Atg14	969
970	Gm49004	chr14	47541980	47544217	lncRNA	ENSMUSG00000115823	+	Gm49004	970
971	Gm6616	chr14	47569526	47569774	processed_pseudogene	ENSMUSG00000115571	+	Gm6616	971
972	Ktn1	chr14	47648448	47739894	protein_coding	ENSMUSG00000021843	+	Ktn1	972
973	4930538L07Rik	chr14	47755092	47757498	lncRNA	ENSMUSG00000115719	-	4930538L07Rik	973
974	Gm41148	chr14	47790968	47805349	lncRNA	ENSMUSG00000115215	-	Gm41148	974
975	Gm49302	chr14	47800740	47801465	lncRNA	ENSMUSG00000115046	-	Gm49302	975
976	Gm35360	chr14	47805235	47823104	lncRNA	ENSMUSG00000115310	+	Gm35360	976
977	4930447J18Rik	chr14	47898851	47944189	lncRNA	ENSMUSG00000115609	+	4930447J18Rik	977
978	Gm49303	chr14	47960019	47973713	lncRNA	ENSMUSG00000114989	+	Gm49303	978
979	Gm49304	chr14	47991528	47993803	lncRNA	ENSMUSG00000115403	-	Gm49304	979
980	Gm49305	chr14	47993941	47997714	lncRNA	ENSMUSG00000115425	+	Gm49305	980
981	Gm49306	chr14	48047011	48058470	lncRNA	ENSMUSG00000115060	+	Gm49306	981
982	Gm6055	chr14	48079375	48079752	processed_pseudogene	ENSMUSG00000062081	-	Gm6055	982
983	Peli2	chr14	48120823	48281575	protein_coding	ENSMUSG00000021846	+	Peli2	983
984	9530086P17Rik	chr14	48129485	48130163	TEC	ENSMUSG00000115790	-	9530086P17Rik	984
985	Gm49310	chr14	48134224	48137246	TEC	ENSMUSG00000115686	+	Gm49310	985
986	Gm49307	chr14	48196760	48198030	TEC	ENSMUSG00000115555	+	Gm49307	986
987	Gm6498	chr14	48227201	48228206	transcribed_processed_pseudogene	ENSMUSG00000063885	+	Gm6498	987
988	1700128I11Rik	chr14	48360578	48362615	lncRNA	ENSMUSG00000114991	-	1700128I11Rik	988
989	Gm3534	chr14	48408618	48409618	processed_pseudogene	ENSMUSG00000098192	+	Gm3534	989
990	Tmem260	chr14	48446124	48524246	protein_coding	ENSMUSG00000036339	+	Tmem260	990
991	Gm49519	chr14	48518236	48560287	lncRNA	ENSMUSG00000115756	+	Gm49519	991
992	Gm49096	chr14	48530358	48532665	TEC	ENSMUSG00000115316	+	Gm49096	992
993	4930572G02Rik	chr14	48537991	48571888	lncRNA	ENSMUSG00000115725	+	4930572G02Rik	993
994	Gm49120	chr14	48590599	48596402	lncRNA	ENSMUSG00000115636	+	Gm49120	994
995	Gm35766	chr14	48636141	48642002	lncRNA	ENSMUSG00000115376	+	Gm35766	995
996	Gm49151	chr14	48643461	48649774	lncRNA	ENSMUSG00000115669	+	Gm49151	996
997	Gm23469	chr14	48652499	48652602	snRNA	ENSMUSG00000087756	+	Gm23469	997
998	Otx2	chr14	48657677	48673819	protein_coding	ENSMUSG00000021848	-	Otx2	998
999	Otx2os1	chr14	48668708	48870683	lncRNA	ENSMUSG00000098682	+	Otx2os1	999
1000	Gm49154	chr14	48672094	48673899	TEC	ENSMUSG00000115599	-	Gm49154	1000
1001	Gm48909	chr14	48695601	48695981	processed_pseudogene	ENSMUSG00000115194	-	Gm48909	1001
1002	Gm25380	chr14	48695982	48696088	snRNA	ENSMUSG00000095299	-	Gm25380	1002
1003	Gm49153	chr14	48704184	48706120	TEC	ENSMUSG00000115429	+	Gm49153	1003
1004	Gm49156	chr14	48727414	48740809	lncRNA	ENSMUSG00000115579	-	Gm49156	1004
1005	Gm22699	chr14	48769354	48769458	snRNA	ENSMUSG00000093117	-	Gm22699	1005
1006	Gm49152	chr14	48814421	48815729	TEC	ENSMUSG00000115130	+	Gm49152	1006
1007	Gm46453	chr14	48834168	48834534	processed_pseudogene	ENSMUSG00000115380	-	Gm46453	1007
1008	Gm49155	chr14	48867329	48867800	processed_pseudogene	ENSMUSG00000115348	-	Gm49155	1008
1009	Gm534	chr14	48870258	48881869	lncRNA	ENSMUSG00000115398	-	Gm534	1009
1010	4933429O19Rik	chr14	48878586	48887112	lncRNA	ENSMUSG00000115008	+	4933429O19Rik	1010
1011	Gm23470	chr14	49001717	49001836	snRNA	ENSMUSG00000087754	-	Gm23470	1011
1012	Exoc5	chr14	49004090	49066653	protein_coding	ENSMUSG00000061244	-	Exoc5	1012
1013	Gm49204	chr14	49023930	49028569	TEC	ENSMUSG00000115624	-	Gm49204	1013
1014	Ap5m1	chr14	49066097	49094234	protein_coding	ENSMUSG00000036291	+	Ap5m1	1014
1015	Rpl19-ps3	chr14	49103507	49122712	transcribed_processed_pseudogene	ENSMUSG00000115737	-	Rpl19-ps3	1015
1016	Naa30	chr14	49172226	49191031	protein_coding	ENSMUSG00000036282	+	Naa30	1016
1017	Gm48935	chr14	49217779	49220047	lncRNA	ENSMUSG00000115772	+	Gm48935	1017
1018	ccdc198	chr14	49219588	49245474	protein_coding	ENSMUSG00000021850	-	ccdc198	1018
1019	Gm48936	chr14	49220898	49223364	TEC	ENSMUSG00000115389	+	Gm48936	1019
1020	Slc35f4	chr14	49298519	49526046	protein_coding	ENSMUSG00000021852	-	Slc35f4	1020
1021	Gm48940	chr14	49299836	49304512	lncRNA	ENSMUSG00000115096	+	Gm48940	1021
1022	Gm22116	chr14	49520029	49520169	snRNA	ENSMUSG00000089416	-	Gm22116	1022
1023	Gm22949	chr14	49573214	49573318	miRNA	ENSMUSG00000089187	-	Gm22949	1023
1024	Armh4	chr14	49675952	49783383	protein_coding	ENSMUSG00000036242	-	Armh4	1024
1025	Gm16082	chr14	49713246	49713622	processed_pseudogene	ENSMUSG00000082967	-	Gm16082	1025
1026	Gm36146	chr14	49722652	49744296	lncRNA	ENSMUSG00000115787	+	Gm36146	1026
1027	Gm48950	chr14	49736658	49738009	TEC	ENSMUSG00000115742	-	Gm48950	1027
1028	Gm48948	chr14	49747251	49748193	TEC	ENSMUSG00000115228	-	Gm48948	1028
1029	Gm8417	chr14	49802785	49826516	transcribed_unprocessed_pseudogene	ENSMUSG00000115212	+	Gm8417	1029
1030	Olfr722	chr14	49894258	49901999	protein_coding	ENSMUSG00000048933	-	Olfr722	1030
1031	Olfr723	chr14	49928563	49931787	protein_coding	ENSMUSG00000093825	-	Olfr723	1031
1032	Olfr724	chr14	49960023	49963274	protein_coding	ENSMUSG00000096254	-	Olfr724	1032
1033	Olfr725	chr14	50034314	50040375	protein_coding	ENSMUSG00000068437	-	Olfr725	1033
1034	Gm37194	chr14	50061360	50064390	TEC	ENSMUSG00000102189	+	Gm37194	1034
1035	Olfr726	chr14	50083570	50090953	protein_coding	ENSMUSG00000060523	-	Olfr726	1035
1036	Olfr727	chr14	50123186	50128746	protein_coding	ENSMUSG00000059488	+	Olfr727	1036
1037	Olfr728	chr14	50133758	50142680	protein_coding	ENSMUSG00000050030	-	Olfr728	1037
1038	Olfr729	chr14	50144731	50152910	protein_coding	ENSMUSG00000049011	-	Olfr729	1038
1039	Olfr730	chr14	50183296	50188198	protein_coding	ENSMUSG00000109835	-	Olfr730	1039
1040	Olfr731	chr14	50233531	50241866	protein_coding	ENSMUSG00000048080	-	Olfr731	1040
1041	Olfr732	chr14	50278473	50284206	protein_coding	ENSMUSG00000091873	-	Olfr732	1041
1042	Olfr733	chr14	50295891	50301522	protein_coding	ENSMUSG00000090874	-	Olfr733	1042
1043	Olfr734	chr14	50316506	50326761	protein_coding	ENSMUSG00000045306	-	Olfr734	1043
1044	Olfr735	chr14	50342612	50348872	protein_coding	ENSMUSG00000046210	-	Olfr735	1044
1045	Tlr11	chr14	50357914	50363663	protein_coding	ENSMUSG00000051969	+	Tlr11	1045
1046	Olfr736	chr14	50381163	50394192	protein_coding	ENSMUSG00000047716	+	Olfr736	1046
1047	Olfr738	chr14	50407568	50415438	protein_coding	ENSMUSG00000094692	+	Olfr738	1047
1048	Olfr739	chr14	50418626	50427888	protein_coding	ENSMUSG00000057903	+	Olfr739	1048
1049	Olfr740	chr14	50445545	50456933	protein_coding	ENSMUSG00000095917	+	Olfr740	1049
1050	Olfr741	chr14	50472738	50488338	protein_coding	ENSMUSG00000095765	+	Olfr741	1050
1051	Olfr742	chr14	50503600	50517145	protein_coding	ENSMUSG00000068431	+	Olfr742	1051
1052	Olfr743	chr14	50521839	50534955	protein_coding	ENSMUSG00000094285	+	Olfr743	1052
1053	Gm19109	chr14	50552868	50553828	processed_pseudogene	ENSMUSG00000115034	+	Gm19109	1053
1054	Olfr744	chr14	50614879	50619839	protein_coding	ENSMUSG00000053815	+	Olfr744	1054
1055	Olfr745	chr14	50639388	50643885	protein_coding	ENSMUSG00000050028	+	Olfr745	1055
1056	Gm45192	chr14	50645388	50645670	processed_pseudogene	ENSMUSG00000108510	-	Gm45192	1056
1057	Olfr746	chr14	50647083	50654183	protein_coding	ENSMUSG00000058188	+	Olfr746	1057
1058	Gm18762	chr14	50670388	50672234	processed_pseudogene	ENSMUSG00000115323	+	Gm18762	1058
1059	Olfr747	chr14	50680657	50693206	protein_coding	ENSMUSG00000057179	-	Olfr747	1059
1060	Olfr748	chr14	50707373	50713797	protein_coding	ENSMUSG00000060084	+	Olfr748	1060
1061	Gm24316	chr14	50731053	50731159	snRNA	ENSMUSG00000096731	+	Gm24316	1061
1062	Olfr749	chr14	50736171	50745094	protein_coding	ENSMUSG00000059069	-	Olfr749	1062
1063	Ttc5	chr14	50765415	50785519	protein_coding	ENSMUSG00000006288	-	Ttc5	1063
1064	Gm10916	chr14	50769248	50769730	processed_pseudogene	ENSMUSG00000078125	+	Gm10916	1064
1065	Gm48938	chr14	50787816	50788239	processed_pseudogene	ENSMUSG00000115769	+	Gm48938	1065
1066	Ccnb1ip1	chr14	50789248	50807732	protein_coding	ENSMUSG00000071470	-	Ccnb1ip1	1066
1067	Rpph1	chr14	50807449	50807767	ribozyme	ENSMUSG00000092837	-	Rpph1	1067
1068	Parp2	chr14	50807841	50821301	protein_coding	ENSMUSG00000036023	+	Parp2	1068
1069	Tep1	chr14	50824059	50870560	protein_coding	ENSMUSG00000006281	-	Tep1	1069
1070	Gm26782	chr14	50870324	50880603	lncRNA	ENSMUSG00000097431	+	Gm26782	1070
1071	Klhl33	chr14	50888582	50897507	protein_coding	ENSMUSG00000090799	-	Klhl33	1071
1072	Osgep	chr14	50906478	50924893	protein_coding	ENSMUSG00000006289	-	Osgep	1072
1073	Gm24689	chr14	50918425	50918528	snRNA	ENSMUSG00000088385	+	Gm24689	1073
1074	Apex1	chr14	50924968	50927139	protein_coding	ENSMUSG00000035960	+	Apex1	1074
1075	Pip4p1	chr14	50926068	50930856	protein_coding	ENSMUSG00000035953	-	Pip4p1	1075
1076	Pnp	chr14	50931082	50965237	protein_coding	ENSMUSG00000115338	+	Pnp	1076
1077	Gm49342	chr14	50944517	50963136	protein_coding	ENSMUSG00000021871	+	Gm49342	1077
1078	Gm38316	chr14	50950559	50952004	TEC	ENSMUSG00000103730	-	Gm38316	1078
1079	Pnp2	chr14	50955992	50964749	protein_coding	ENSMUSG00000068417	+	Pnp2	1079
1080	Gm8518	chr14	50978447	50978936	processed_pseudogene	ENSMUSG00000115312	-	Gm8518	1080
1081	Gm49038	chr14	50995713	50997075	processed_pseudogene	ENSMUSG00000114997	-	Gm49038	1081
1082	Rnase10	chr14	51007751	51010758	protein_coding	ENSMUSG00000021872	+	Rnase10	1082
1083	Rnase9	chr14	51038459	51041869	protein_coding	ENSMUSG00000052382	-	Rnase9	1083
1084	Rnase11	chr14	51049451	51050163	protein_coding	ENSMUSG00000059648	-	Rnase11	1084
1085	Rnase12	chr14	51056698	51057661	protein_coding	ENSMUSG00000068407	-	Rnase12	1085
1086	Olfr750	chr14	51066301	51074435	protein_coding	ENSMUSG00000035932	-	Olfr750	1086
1087	Rnase4	chr14	51091077	51106151	protein_coding	ENSMUSG00000021876	+	Rnase4	1087
1088	Ang	chr14	51091150	51102009	protein_coding	ENSMUSG00000072115	+	Ang	1088
1089	Eddm3b	chr14	51114426	51117807	protein_coding	ENSMUSG00000072575	+	Eddm3b	1089
1090	Rnase6	chr14	51123908	51132187	protein_coding	ENSMUSG00000021880	+	Rnase6	1090
1091	1810028F09Rik	chr14	51142870	51144117	lncRNA	ENSMUSG00000114985	-	1810028F09Rik	1091
1092	Rnase1	chr14	51144998	51146785	protein_coding	ENSMUSG00000035896	-	Rnase1	1092
1093	Rnase2b	chr14	51162260	51163018	protein_coding	ENSMUSG00000059606	+	Rnase2b	1093
1094	Ang2	chr14	51195324	51199148	protein_coding	ENSMUSG00000047894	-	Ang2	1094
1095	Rnase2a	chr14	51255262	51256112	protein_coding	ENSMUSG00000047222	-	Rnase2a	1095
1096	Gm49245	chr14	51277602	51277709	unprocessed_pseudogene	ENSMUSG00000115574	+	Gm49245	1096
1097	Gm21718	chr14	51311497	51317768	lncRNA	ENSMUSG00000094991	+	Gm21718	1097
1098	Gm7106	chr14	51314461	51314928	processed_pseudogene	ENSMUSG00000115094	+	Gm7106	1098
1099	4930597G03Rik	chr14	51317335	51345489	lncRNA	ENSMUSG00000115540	-	4930597G03Rik	1099
1100	Gm7107	chr14	51358603	51359964	processed_pseudogene	ENSMUSG00000115280	+	Gm7107	1100
1101	Gm7247	chr14	51361756	51569982	protein_coding	ENSMUSG00000068399	+	Gm7247	1101
1102	Vmn2r-ps110	chr14	51377284	51380974	transcribed_unprocessed_pseudogene	ENSMUSG00000115166	+	Vmn2r-ps110	1102
1103	Vmn2r-ps111	chr14	51377348	51431915	lncRNA	ENSMUSG00000089761	+	Vmn2r-ps111	1103
1104	Vmn2r88	chr14	51410820	51420721	protein_coding	ENSMUSG00000000606	+	Vmn2r88	1104
1105	Vmn2r89	chr14	51451857	51464172	protein_coding	ENSMUSG00000070448	+	Vmn2r89	1105
1106	Gm5622	chr14	51552790	51662953	protein_coding	ENSMUSG00000079244	+	Gm5622	1106
1107	Gm16290	chr14	51556635	51559358	unprocessed_pseudogene	ENSMUSG00000089836	-	Gm16290	1107
1108	Gm17175	chr14	51568892	51574063	protein_coding	ENSMUSG00000091142	-	Gm17175	1108
1109	Gm17174	chr14	51587653	51592139	protein_coding	ENSMUSG00000096024	-	Gm17174	1109
1110	Gm19157	chr14	51598894	51599374	processed_pseudogene	ENSMUSG00000115135	+	Gm19157	1110
1111	Gm17078	chr14	51606807	51611310	protein_coding	ENSMUSG00000094715	-	Gm17078	1111
1112	Gm4181	chr14	51630273	51635666	protein_coding	ENSMUSG00000091296	-	Gm4181	1112
1113	Gm17186	chr14	51679863	51682065	unprocessed_pseudogene	ENSMUSG00000090603	-	Gm17186	1113
1114	Gm17079	chr14	51691019	51695468	protein_coding	ENSMUSG00000090740	-	Gm17079	1114
1115	Gm5800	chr14	51711643	51717183	protein_coding	ENSMUSG00000068506	-	Gm5800	1115
1116	Ear-ps3	chr14	51753505	51753949	unprocessed_pseudogene	ENSMUSG00000091189	+	Ear-ps3	1116
1117	Ang4	chr14	51763878	51773590	protein_coding	ENSMUSG00000060615	-	Ang4	1117
1118	AY358078	chr14	51800046	51826359	protein_coding	ENSMUSG00000050961	+	AY358078	1118
1119	Gm6047	chr14	51825720	51826293	transcribed_processed_pseudogene	ENSMUSG00000091293	+	Gm6047	1119
1120	Ear-ps5	chr14	51838999	51839461	unprocessed_pseudogene	ENSMUSG00000091812	+	Ear-ps5	1120
1121	Ear6	chr14	51853699	51854643	protein_coding	ENSMUSG00000062148	+	Ear6	1121
1122	Mettl17	chr14	51884842	51893039	protein_coding	ENSMUSG00000004561	+	Mettl17	1122
1123	Slc39a2	chr14	51892889	51896745	protein_coding	ENSMUSG00000072572	+	Slc39a2	1123
1124	Ndrg2	chr14	51905271	51914158	protein_coding	ENSMUSG00000004558	-	Ndrg2	1124
1125	Tppp2	chr14	51918425	51920700	protein_coding	ENSMUSG00000008813	+	Tppp2	1125
1126	Rnase13	chr14	51921362	51922773	protein_coding	ENSMUSG00000068392	-	Rnase13	1126
1127	Gm49076	chr14	51926264	51929660	lncRNA	ENSMUSG00000115698	-	Gm49076	1127
1128	Arhgef40	chr14	51984719	52006251	protein_coding	ENSMUSG00000004562	+	Arhgef40	1128
1129	Gm16617	chr14	51986425	51988827	lncRNA	ENSMUSG00000097633	-	Gm16617	1129
1130	Zfp219	chr14	52006077	52020733	protein_coding	ENSMUSG00000049295	-	Zfp219	1130
1131	Tmem253	chr14	52015658	52019794	protein_coding	ENSMUSG00000072571	+	Tmem253	1131
1132	Gm49086	chr14	52020076	52021908	lncRNA	ENSMUSG00000115454	+	Gm49086	1132
1133	Gm49256	chr14	52023284	52024108	lncRNA	ENSMUSG00000115141	+	Gm49256	1133
1134	Olfr221	chr14	52033962	52042459	protein_coding	ENSMUSG00000044286	-	Olfr221	1134
1135	Gm22354	chr14	52069300	52069369	snoRNA	ENSMUSG00000065853	+	Gm22354	1135
1136	Gm8586	chr14	52069471	52070019	processed_pseudogene	ENSMUSG00000115736	+	Gm8586	1136
1137	Gm49258	chr14	52071523	52071927	processed_pseudogene	ENSMUSG00000115541	-	Gm49258	1137
1138	Hnrnpc	chr14	52073377	52104028	protein_coding	ENSMUSG00000060373	-	Hnrnpc	1138
1139	Rpgrip1	chr14	52110704	52163546	protein_coding	ENSMUSG00000057132	+	Rpgrip1	1139
1140	Supt16	chr14	52160414	52197416	protein_coding	ENSMUSG00000035726	-	Supt16	1140
1141	Gm26590	chr14	52197502	52213852	lncRNA	ENSMUSG00000097533	+	Gm26590	1141
1142	Chd8	chr14	52198151	52257780	protein_coding	ENSMUSG00000053754	-	Chd8	1142
1143	Snord8	chr14	52209785	52209894	snoRNA	ENSMUSG00000093044	-	Snord8	1143
1144	Gm43766	chr14	52258811	52264227	TEC	ENSMUSG00000105868	+	Gm43766	1144
1145	Rab2b	chr14	52261759	52279545	protein_coding	ENSMUSG00000022159	-	Rab2b	1145
1146	Gm23758	chr14	52276531	52276620	snoRNA	ENSMUSG00000088979	+	Gm23758	1146
1147	Tox4	chr14	52279146	52296401	protein_coding	ENSMUSG00000016831	+	Tox4	1147
1148	Mettl3	chr14	52294841	52305128	protein_coding	ENSMUSG00000022160	-	Mettl3	1148
1149	Sall2	chr14	52311172	52328762	protein_coding	ENSMUSG00000049532	-	Sall2	1149
1150	Gm26328	chr14	52342777	52342883	snRNA	ENSMUSG00000064755	+	Gm26328	1150
1151	Olfr1513	chr14	52347495	52356408	protein_coding	ENSMUSG00000095030	-	Olfr1513	1151
1152	Gm4742	chr14	52368918	52369688	processed_pseudogene	ENSMUSG00000105461	-	Gm4742	1152
1153	Olfr1512	chr14	52371332	52379168	protein_coding	ENSMUSG00000094140	-	Olfr1512	1153
1154	Gm37504	chr14	52373153	52375526	TEC	ENSMUSG00000103010	-	Gm37504	1154
1155	Olfr1511	chr14	52389794	52397379	protein_coding	ENSMUSG00000063867	-	Olfr1511	1155
1156	Olfr1510	chr14	52409131	52414373	protein_coding	ENSMUSG00000063106	-	Olfr1510	1156
1157	Gm43250	chr14	52420556	52420828	processed_pseudogene	ENSMUSG00000105132	+	Gm43250	1157
1158	Trav1	chr14	52427928	52428876	TR_V_gene	ENSMUSG00000076758	+	Trav1	1158
1159	Olfr1509	chr14	52442990	52452574	protein_coding	ENSMUSG00000035626	+	Olfr1509	1159
1160	Olfr1508	chr14	52458829	52467495	protein_coding	ENSMUSG00000057564	-	Olfr1508	1160
1161	Olfr1507	chr14	52488791	52495749	protein_coding	ENSMUSG00000059887	-	Olfr1507	1161
1162	Gm36382	chr14	52508542	52509082	processed_pseudogene	ENSMUSG00000106131	-	Gm36382	1162
1163	Gm36448	chr14	52538652	52540876	unprocessed_pseudogene	ENSMUSG00000104788	-	Gm36448	1163
1164	Trav2	chr14	52567198	52568051	TR_V_gene	ENSMUSG00000076759	+	Trav2	1164
1165	Trav3-1	chr14	52580665	52581213	TR_V_gene	ENSMUSG00000076760	+	Trav3-1	1165
1166	Trav4-1	chr14	52607307	52607804	TR_V_pseudogene	ENSMUSG00000106382	+	Trav4-1	1166
1167	Trav6-1	chr14	52638515	52638962	TR_V_gene	ENSMUSG00000076762	+	Trav6-1	1167
1168	Trav7-1	chr14	52654817	52655328	TR_V_gene	ENSMUSG00000104620	+	Trav7-1	1168
1169	Trav6-2	chr14	52667411	52667864	TR_V_gene	ENSMUSG00000076764	+	Trav6-2	1169
1170	Trav4d-2	chr14	52710913	52711402	TR_V_pseudogene	ENSMUSG00000082819	+	Trav4d-2	1170
1171	Trav6d-3	chr14	52725299	52726919	TR_V_gene	ENSMUSG00000096600	+	Trav6d-3	1171
1172	Trav7d-3	chr14	52744249	52744840	TR_V_gene	ENSMUSG00000096746	+	Trav7d-3	1172
1173	Trav6d-4	chr14	52753367	52753846	TR_V_gene	ENSMUSG00000095387	+	Trav6d-4	1173
1174	Trav7d-4	chr14	52769753	52770392	TR_V_gene	ENSMUSG00000094023	+	Trav7d-4	1174
1175	Gm5408	chr14	52774869	52775615	processed_pseudogene	ENSMUSG00000105920	+	Gm5408	1175
1176	Trav9d-1	chr14	52792316	52792777	TR_V_gene	ENSMUSG00000096478	+	Trav9d-1	1176
1177	Trav6d-5	chr14	52795165	52795633	TR_V_gene	ENSMUSG00000095426	+	Trav6d-5	1177
1178	Trav10d	chr14	52810934	52811496	TR_V_gene	ENSMUSG00000094792	+	Trav10d	1178
1179	Gm6740	chr14	52861767	52862630	processed_pseudogene	ENSMUSG00000105061	-	Gm6740	1179
1180	Gm43104	chr14	52992957	52993267	processed_pseudogene	ENSMUSG00000105386	-	Gm43104	1180
1181	C920008G01Rik	chr14	53020416	53020991	TR_V_gene	ENSMUSG00000105721	+	C920008G01Rik	1181
1182	Gm30214	chr14	53032417	53039466	lncRNA	ENSMUSG00000104598	-	Gm30214	1182
1183	Trav8d-2	chr14	53042428	53042891	TR_V_gene	ENSMUSG00000076795	+	Trav8d-2	1183
1184	Trav13d-4	chr14	53072763	53073274	TR_V_gene	ENSMUSG00000096329	+	Trav13d-4	1184
1185	Trav14d-3-dv8	chr14	53078452	53079045	TR_V_gene	ENSMUSG00000094619	+	Trav14d-3-dv8	1185
1186	Trav15d-3	chr14	53082354	53082520	TR_V_pseudogene	ENSMUSG00000106481	+	Trav15d-3	1186
1187	Trav7n-4	chr14	53091346	53091875	TR_V_gene	ENSMUSG00000095736	+	Trav7n-4	1187
1188	Trav9n-1	chr14	53101801	53102265	TR_V_pseudogene	ENSMUSG00000092251	+	Trav9n-1	1188
1189	Trav10n	chr14	53122114	53122610	TR_V_gene	ENSMUSG00000095646	+	Trav10n	1189
1190	Trav11n	chr14	53135122	53135678	TR_V_pseudogene	ENSMUSG00000106259	+	Trav11n	1190
1191	Trav7n-5	chr14	53146919	53147448	TR_V_gene	ENSMUSG00000105629	+	Trav7n-5	1191
1192	Rps19-ps1	chr14	53213730	53214167	processed_pseudogene	ENSMUSG00000096681	+	Rps19-ps1	1192
1193	Trav14n-2	chr14	53259578	53260179	TR_V_gene	ENSMUSG00000093801	+	Trav14n-2	1193
1194	Trav5n-4	chr14	53312904	53313422	TR_V_gene	ENSMUSG00000096168	+	Trav5n-4	1194
1195	Gm43650	chr14	53336637	53343922	lncRNA	ENSMUSG00000105418	-	Gm43650	1195
1196	Trav13n-3	chr14	53337122	53337639	TR_V_gene	ENSMUSG00000096038	+	Trav13n-3	1196
1197	Trav8n-2	chr14	53345890	53346424	TR_V_gene	ENSMUSG00000076821	+	Trav8n-2	1197
1198	Trav16n	chr14	53351028	53351621	TR_V_gene	ENSMUSG00000076822	+	Trav16n	1198
1199	Trav13n-4	chr14	53362267	53364106	TR_V_gene	ENSMUSG00000076823	+	Trav13n-4	1199
1200	Trav14n-3	chr14	53370077	53370575	TR_V_gene	ENSMUSG00000076824	+	Trav14n-3	1200
1201	Trav6-3	chr14	53428711	53430377	TR_V_gene	ENSMUSG00000094220	+	Trav6-3	1201
1202	Trav7-4	chr14	53461099	53461738	TR_V_gene	ENSMUSG00000094766	+	Trav7-4	1202
1203	Trav8-1	chr14	53469756	53470232	TR_V_gene	ENSMUSG00000076831	+	Trav8-1	1203
1204	Trav6-5	chr14	53491115	53491622	TR_V_gene	ENSMUSG00000096149	+	Trav6-5	1204
1205	Trav13-1	chr14	53545014	53545525	TR_V_gene	ENSMUSG00000076839	+	Trav13-1	1205
1206	Trav15-1-dv6-1	chr14	53559632	53560247	TR_V_gene	ENSMUSG00000094016	+	Trav15-1-dv6-1	1206
1207	Trav3-2	chr14	53586500	53586964	TR_V_pseudogene	ENSMUSG00000104738	+	Trav3-2	1207
1208	Trav9-2	chr14	53590857	53591514	TR_V_gene	ENSMUSG00000094966	+	Trav9-2	1208
1209	Trav4-3	chr14	53598828	53599410	TR_V_gene	ENSMUSG00000093966	+	Trav4-3	1209
1210	Trav5-2	chr14	53614945	53615224	TR_V_pseudogene	ENSMUSG00000104815	+	Trav5-2	1210
1211	Trav12-2	chr14	53616315	53616914	TR_V_gene	ENSMUSG00000096656	+	Trav12-2	1211
1212	Trav12-3	chr14	53621657	53622245	TR_V_gene	ENSMUSG00000095958	+	Trav12-3	1212
1213	Trav4-4-dv10	chr14	53683647	53684177	TR_V_gene	ENSMUSG00000096096	+	Trav4-4-dv10	1213
1214	Gm43550	chr14	53694573	53694875	processed_pseudogene	ENSMUSG00000104673	-	Gm43550	1214
1215	Trav5-4	chr14	53704007	53704514	TR_V_gene	ENSMUSG00000095607	+	Trav5-4	1215
1216	Trav7-6	chr14	53716716	53717291	TR_V_gene	ENSMUSG00000096138	+	Trav7-6	1216
1217	Trav13-4-dv7	chr14	53757356	53757921	TR_V_gene	ENSMUSG00000094562	+	Trav13-4-dv7	1217
1218	Trav14-3	chr14	53763173	53763694	TR_V_gene	ENSMUSG00000094212	+	Trav14-3	1218
1219	Trav15-3	chr14	53767026	53767180	TR_V_pseudogene	ENSMUSG00000105090	+	Trav15-3	1219
1220	Trav12-4	chr14	53778603	53778873	TR_V_pseudogene	ENSMUSG00000105380	+	Trav12-4	1220
1221	B230359F08Rik	chr14	53795357	53795963	TR_V_gene	ENSMUSG00000087666	+	B230359F08Rik	1221
1222	Trav18	chr14	53831105	53831827	TR_V_gene	ENSMUSG00000076861	+	Trav18	1222
1223	Trav19	chr14	53845234	53845827	TR_V_gene	ENSMUSG00000076862	+	Trav19	1223
1224	Trav20	chr14	53863110	53863661	TR_V_pseudogene	ENSMUSG00000086858	+	Trav20	1224
1225	Trav21-dv12	chr14	53875984	53876752	TR_V_gene	ENSMUSG00000076863	+	Trav21-dv12	1225
1226	Trdv1	chr14	53881612	53882217	TR_V_gene	ENSMUSG00000076864	+	Trdv1	1226
1227	Gm43647	chr14	53918327	53961515	lncRNA	ENSMUSG00000105963	-	Gm43647	1227
1228	Trav22	chr14	53926978	53927595	TR_V_pseudogene	ENSMUSG00000104650	+	Trav22	1228
1229	Trdv2-1	chr14	53946073	53946660	TR_V_gene	ENSMUSG00000076865	+	Trdv2-1	1229
1230	Trdv2-2	chr14	53960944	53961602	TR_V_gene	ENSMUSG00000076866	+	Trdv2-2	1230
1231	Trav23	chr14	53977153	53977678	TR_V_gene	ENSMUSG00000106289	+	Trav23	1231
1232	Trdv3	chr14	54000959	54001267	TR_V_pseudogene	ENSMUSG00000105823	+	Trdv3	1232
1233	Gm30275	chr14	54067579	54125395	lncRNA	ENSMUSG00000104658	-	Gm30275	1233
1234	Trdv4	chr14	54074905	54075515	TR_V_gene	ENSMUSG00000076867	+	Trdv4	1234
1235	Gm43434	chr14	54128298	54146287	lncRNA	ENSMUSG00000106112	-	Gm43434	1235
1236	Trdj2	chr14	54136779	54136837	TR_J_gene	ENSMUSG00000076871	+	Trdj2	1236
1237	Trdc	chr14	54142851	54148868	TR_C_gene	ENSMUSG00000104876	+	Trdc	1237
1238	Trdv5	chr14	54148662	54149294	TR_V_gene	ENSMUSG00000076873	-	Trdv5	1238
1239	Traj59	chr14	54156133	54156196	TR_J_gene	ENSMUSG00000076874	+	Traj59	1239
1240	Traj58	chr14	54157280	54157342	TR_J_gene	ENSMUSG00000076875	+	Traj58	1240
1241	Traj55	chr14	54161439	54161501	TR_J_pseudogene	ENSMUSG00000091005	+	Traj55	1241
1242	Traj54	chr14	54161990	54162043	TR_J_pseudogene	ENSMUSG00000091326	+	Traj54	1242
1243	Traj52	chr14	54165316	54165381	TR_J_gene	ENSMUSG00000076879	+	Traj52	1243
1244	Traj51	chr14	54166239	54166281	TR_J_pseudogene	ENSMUSG00000076880	+	Traj51	1244
1245	Traj49	chr14	54168686	54168747	TR_J_gene	ENSMUSG00000076882	+	Traj49	1245
1246	Traj48	chr14	54169808	54169868	TR_J_gene	ENSMUSG00000076883	+	Traj48	1246
1247	Traj47	chr14	54171800	54171856	TR_J_gene	ENSMUSG00000105216	+	Traj47	1247
1248	Traj46	chr14	54172336	54172398	TR_J_gene	ENSMUSG00000076884	+	Traj46	1248
1249	Traj45	chr14	54172828	54172890	TR_J_gene	ENSMUSG00000076885	+	Traj45	1249
1250	Traj43	chr14	54174742	54174798	TR_J_gene	ENSMUSG00000076887	+	Traj43	1250
1251	Traj42	chr14	54175773	54175836	TR_J_gene	ENSMUSG00000076888	+	Traj42	1251
1252	Traj41	chr14	54176271	54176325	TR_J_gene	ENSMUSG00000076889	+	Traj41	1252
1253	Traj38	chr14	54180574	54180635	TR_J_gene	ENSMUSG00000076892	+	Traj38	1253
1254	Traj37	chr14	54181518	54181577	TR_J_gene	ENSMUSG00000076893	+	Traj37	1254
1255	Traj36	chr14	54182402	54182464	TR_J_pseudogene	ENSMUSG00000090494	+	Traj36	1255
1256	Traj34	chr14	54184699	54184756	TR_J_gene	ENSMUSG00000076895	+	Traj34	1256
1257	Traj33	chr14	54185358	54185414	TR_J_gene	ENSMUSG00000076896	+	Traj33	1257
1258	Traj31	chr14	54187895	54187951	TR_J_gene	ENSMUSG00000076898	+	Traj31	1258
1259	Traj30	chr14	54189866	54189924	TR_J_gene	ENSMUSG00000076899	+	Traj30	1259
1260	Traj27	chr14	54192303	54192361	TR_J_gene	ENSMUSG00000076902	+	Traj27	1260
1261	Traj26	chr14	54194490	54194549	TR_J_gene	ENSMUSG00000076903	+	Traj26	1261
1262	Traj25	chr14	54194815	54194871	TR_J_gene	ENSMUSG00000076904	+	Traj25	1262
1263	Traj23	chr14	54196081	54196140	TR_J_gene	ENSMUSG00000076906	+	Traj23	1263
1264	Traj22	chr14	54197248	54197307	TR_J_gene	ENSMUSG00000076907	+	Traj22	1264
1265	Traj21	chr14	54198790	54198846	TR_J_gene	ENSMUSG00000076908	+	Traj21	1265
1266	Traj20	chr14	54199441	54199498	TR_J_gene	ENSMUSG00000076909	+	Traj20	1266
1267	Traj19	chr14	54200386	54200446	TR_J_gene	ENSMUSG00000076910	+	Traj19	1267
1268	Traj18	chr14	54200777	54200842	TR_J_gene	ENSMUSG00000076911	+	Traj18	1268
1269	Traj16	chr14	54203134	54203194	TR_J_gene	ENSMUSG00000076913	+	Traj16	1269
1270	Traj15	chr14	54204422	54204481	TR_J_gene	ENSMUSG00000076914	+	Traj15	1270
1271	Traj14	chr14	54205111	54205144	TR_J_pseudogene	ENSMUSG00000076915	+	Traj14	1271
1272	Traj13	chr14	54205741	54205797	TR_J_gene	ENSMUSG00000076916	+	Traj13	1272
1273	Traj12	chr14	54206553	54206610	TR_J_gene	ENSMUSG00000076917	+	Traj12	1273
1274	Traj11	chr14	54207139	54207197	TR_J_gene	ENSMUSG00000076918	+	Traj11	1274
1275	Traj9	chr14	54209393	54209450	TR_J_gene	ENSMUSG00000076919	+	Traj9	1275
1276	Traj8	chr14	54209918	54209954	TR_J_pseudogene	ENSMUSG00000076920	+	Traj8	1276
1277	Traj7	chr14	54211470	54211528	TR_J_gene	ENSMUSG00000076921	+	Traj7	1277
1278	Traj6	chr14	54212688	54212749	TR_J_gene	ENSMUSG00000076922	+	Traj6	1278
1279	Traj4	chr14	54216291	54216353	TR_J_gene	ENSMUSG00000076924	+	Traj4	1279
1280	Traj3	chr14	54217292	54217357	TR_J_gene	ENSMUSG00000076925	+	Traj3	1280
1281	Traj1	chr14	54218814	54218842	TR_J_pseudogene	ENSMUSG00000076927	+	Traj1	1281
1282	Trac	chr14	54220521	54224206	TR_C_gene	ENSMUSG00000076928	+	Trac	1282
1283	Dad1	chr14	54235479	54254104	protein_coding	ENSMUSG00000022174	-	Dad1	1283
1284	Abhd4	chr14	54254188	54270637	protein_coding	ENSMUSG00000040997	+	Abhd4	1284
1285	Olfr49	chr14	54278253	54284939	protein_coding	ENSMUSG00000048153	-	Olfr49	1285
1286	Gm43305	chr14	54292443	54297456	lncRNA	ENSMUSG00000105703	-	Gm43305	1286
1287	Gm43304	chr14	54323998	54324323	processed_pseudogene	ENSMUSG00000105294	-	Gm43304	1287
1288	Gm3945	chr14	54334217	54334899	processed_pseudogene	ENSMUSG00000105667	+	Gm3945	1288
1289	5330426L24Rik	chr14	54349462	54351636	lncRNA	ENSMUSG00000105501	-	5330426L24Rik	1289
1290	Oxa1l	chr14	54360834	54369673	protein_coding	ENSMUSG00000000959	+	Oxa1l	1290
1291	Slc7a7	chr14	54369442	54417780	protein_coding	ENSMUSG00000000958	-	Slc7a7	1291
1292	Mrpl52	chr14	54426909	54429756	protein_coding	ENSMUSG00000010406	+	Mrpl52	1292
1293	Mmp14	chr14	54431612	54445364	protein_coding	ENSMUSG00000000957	+	Mmp14	1293
1294	5430430K15Rik	chr14	54446318	54447861	TEC	ENSMUSG00000115270	+	5430430K15Rik	1294
1295	Gm24424	chr14	54449958	54450064	snRNA	ENSMUSG00000096030	-	Gm24424	1295
1296	Gm10366	chr14	54463042	54464742	lncRNA	ENSMUSG00000115767	-	Gm10366	1296
1297	Lrp10	chr14	54464137	54471497	protein_coding	ENSMUSG00000022175	+	Lrp10	1297
1298	Rem2	chr14	54476100	54480431	protein_coding	ENSMUSG00000022176	+	Rem2	1298
1299	Prmt5	chr14	54507187	54517525	protein_coding	ENSMUSG00000023110	-	Prmt5	1299
1300	Haus4	chr14	54541785	54554616	protein_coding	ENSMUSG00000022177	-	Haus4	1300
1301	Ajuba	chr14	54567472	54577558	protein_coding	ENSMUSG00000022178	-	Ajuba	1301
1302	Gm24705	chr14	54581177	54581283	snRNA	ENSMUSG00000064742	+	Gm24705	1302
1303	4931414P19Rik	chr14	54583663	54605993	protein_coding	ENSMUSG00000022179	-	4931414P19Rik	1303
1304	Psmb5	chr14	54614119	54618022	protein_coding	ENSMUSG00000022193	-	Psmb5	1304
1305	Mir686	chr14	54616677	54616785	miRNA	ENSMUSG00000076128	-	Mir686	1305
1306	Psmb11	chr14	54621433	54629556	protein_coding	ENSMUSG00000072423	+	Psmb11	1306
1307	Cdh24	chr14	54631231	54641364	protein_coding	ENSMUSG00000059674	-	Cdh24	1307
1308	Gm17606	chr14	54640952	54648293	protein_coding	ENSMUSG00000091306	+	Gm17606	1308
1309	Acin1	chr14	54642161	54686931	protein_coding	ENSMUSG00000022185	-	Acin1	1309
1310	Mir6948	chr14	54643049	54643110	miRNA	ENSMUSG00000106169	-	Mir6948	1310
1311	4930579G18Rik	chr14	54650511	54654607	lncRNA	ENSMUSG00000040840	+	4930579G18Rik	1311
1312	1700123O20Rik	chr14	54686216	54690741	protein_coding	ENSMUSG00000040822	+	1700123O20Rik	1312
1313	Gm29776	chr14	54692598	54698833	protein_coding	ENSMUSG00000114865	-	Gm29776	1313
1314	Cebpe	chr14	54710360	54712174	protein_coding	ENSMUSG00000052435	-	Cebpe	1314
1315	Slc7a8	chr14	54722209	54781946	protein_coding	ENSMUSG00000022180	-	Slc7a8	1315
1316	Gm17772	chr14	54805746	54806096	processed_pseudogene	ENSMUSG00000115626	-	Gm17772	1316
1317	Rnf212b	chr14	54814141	54854108	protein_coding	ENSMUSG00000112858	+	Rnf212b	1317
1318	Gm8865	chr14	54826247	54826676	processed_pseudogene	ENSMUSG00000086420	-	Gm8865	1318
1319	Homez	chr14	54852736	54870961	protein_coding	ENSMUSG00000057156	-	Homez	1319
1320	Ppp1r3e	chr14	54872669	54877550	protein_coding	ENSMUSG00000072494	-	Ppp1r3e	1320
1321	Bcl2l2	chr14	54883377	54888234	protein_coding	ENSMUSG00000089682	+	Bcl2l2	1321
1322	Gm20521	chr14	54883441	54898137	protein_coding	ENSMUSG00000092232	+	Gm20521	1322
1323	Pabpn1	chr14	54892500	54898169	protein_coding	ENSMUSG00000022194	+	Pabpn1	1323
1324	Slc22a17	chr14	54906304	54913132	protein_coding	ENSMUSG00000022199	-	Slc22a17	1324
1325	Efs	chr14	54916535	54926126	protein_coding	ENSMUSG00000022203	-	Efs	1325
1326	Il25	chr14	54932695	54935837	protein_coding	ENSMUSG00000040770	+	Il25	1326
1327	Cmtm5	chr14	54936261	54939274	protein_coding	ENSMUSG00000040759	+	Cmtm5	1327
1328	Gm49130	chr14	54940355	54942852	lncRNA	ENSMUSG00000115234	+	Gm49130	1328
1329	Myh6	chr14	54941921	54966927	protein_coding	ENSMUSG00000040752	-	Myh6	1329
1330	Mir208a	chr14	54949060	54949142	miRNA	ENSMUSG00000065432	-	Mir208a	1330
1331	Mhrt	chr14	54968678	54974349	lncRNA	ENSMUSG00000097652	+	Mhrt	1331
1332	Myh7	chr14	54970684	54994626	protein_coding	ENSMUSG00000053093	-	Myh7	1332
1333	Gm29015	chr14	54973029	54973359	lncRNA	ENSMUSG00000101680	+	Gm29015	1333
1334	Mir208b	chr14	54975700	54975776	miRNA	ENSMUSG00000077928	-	Mir208b	1334
1335	Gm17428	chr14	54976933	54977025	protein_coding	ENSMUSG00000090889	+	Gm17428	1335
1336	Gm31251	chr14	54979393	54991601	lncRNA	ENSMUSG00000115610	+	Gm31251	1336
1337	Ngdn	chr14	55015454	55024137	protein_coding	ENSMUSG00000022204	+	Ngdn	1337
1338	Gm10364	chr14	55038462	55042979	transcribed_processed_pseudogene	ENSMUSG00000072492	+	Gm10364	1338
1339	Zfhx2os	chr14	55053869	55075873	lncRNA	ENSMUSG00000093452	+	Zfhx2os	1339
1340	Gm20687	chr14	55054945	55098986	lncRNA	ENSMUSG00000100162	+	Gm20687	1340
1341	Zfhx2	chr14	55060262	55092324	protein_coding	ENSMUSG00000040721	-	Zfhx2	1341
1342	Thtpa	chr14	55094784	55098986	protein_coding	ENSMUSG00000045691	+	Thtpa	1342
1343	Ap1g2	chr14	55098575	55106593	protein_coding	ENSMUSG00000040701	-	Ap1g2	1343
1344	Jph4	chr14	55106826	55116935	protein_coding	ENSMUSG00000022208	-	Jph4	1344
1345	Gm49020	chr14	55127317	55128391	TEC	ENSMUSG00000115250	+	Gm49020	1345
1346	Gm23596	chr14	55161477	55161608	snoRNA	ENSMUSG00000077492	-	Gm23596	1346
1347	Gm46455	chr14	55169709	55176639	unprocessed_pseudogene	ENSMUSG00000115077	+	Gm46455	1347
1348	Dhrs2	chr14	55222007	55241435	protein_coding	ENSMUSG00000022209	+	Dhrs2	1348
1349	Gm49022	chr14	55276834	55280687	lncRNA	ENSMUSG00000114987	-	Gm49022	1349
1350	Gm6852	chr14	55349784	55350690	processed_pseudogene	ENSMUSG00000115125	-	Gm6852	1350
1351	Gm49023	chr14	55383597	55394148	unprocessed_pseudogene	ENSMUSG00000115322	+	Gm49023	1351
1352	Gm8894	chr14	55420124	55420789	processed_pseudogene	ENSMUSG00000060680	-	Gm8894	1352
1353	Dhrs4	chr14	55478758	55490340	protein_coding	ENSMUSG00000022210	+	Dhrs4	1353
1354	Carmil3	chr14	55490651	55508272	protein_coding	ENSMUSG00000022211	+	Carmil3	1354
1355	Cpne6	chr14	55510445	55517431	protein_coding	ENSMUSG00000022212	+	Cpne6	1355
1356	Nrl	chr14	55518978	55524981	protein_coding	ENSMUSG00000040632	-	Nrl	1356
1357	Gm10876	chr14	55528828	55542399	lncRNA	ENSMUSG00000115778	-	Gm10876	1357
1358	Gm49117	chr14	55537869	55539154	processed_pseudogene	ENSMUSG00000115622	+	Gm49117	1358
1359	Pck2	chr14	55540266	55551242	protein_coding	ENSMUSG00000040618	+	Pck2	1359
1360	A730061H03Rik	chr14	55559097	55560408	lncRNA	ENSMUSG00000053588	-	A730061H03Rik	1360
1361	Dcaf11	chr14	55560006	55570065	protein_coding	ENSMUSG00000022214	+	Dcaf11	1361
1362	Gm15932	chr14	55566159	55575991	lncRNA	ENSMUSG00000086341	-	Gm15932	1362
1363	Fitm1	chr14	55575617	55576954	protein_coding	ENSMUSG00000022215	+	Fitm1	1363
1364	Psme1	chr14	55578123	55581529	protein_coding	ENSMUSG00000022216	+	Psme1	1364
1365	Emc9	chr14	55581516	55585302	protein_coding	ENSMUSG00000022217	-	Emc9	1365
1366	Psme2	chr14	55587441	55591113	protein_coding	ENSMUSG00000079197	-	Psme2	1366
1367	Rnf31	chr14	55591708	55603693	protein_coding	ENSMUSG00000047098	+	Rnf31	1367
1368	Irf9	chr14	55603571	55610030	protein_coding	ENSMUSG00000002325	+	Irf9	1368
1369	Rec8	chr14	55618037	55625395	protein_coding	ENSMUSG00000002324	+	Rec8	1369
1370	Ipo4	chr14	55625400	55635957	protein_coding	ENSMUSG00000002319	-	Ipo4	1370
1371	Gm49378	chr14	55629076	55637895	protein_coding	ENSMUSG00000115232	-	Gm49378	1371
1372	Tm9sf1	chr14	55635965	55643806	protein_coding	ENSMUSG00000002320	-	Tm9sf1	1372
1373	Gm49747	chr14	55643604	55646352	lncRNA	ENSMUSG00000115222	+	Gm49747	1373
1374	Tssk4	chr14	55650184	55652539	protein_coding	ENSMUSG00000007591	+	Tssk4	1374
1375	Gm49299	chr14	55654845	55658208	unitary_pseudogene	ENSMUSG00000115600	-	Gm49299	1375
1376	Mdp1	chr14	55657879	55660508	protein_coding	ENSMUSG00000002329	-	Mdp1	1376
1377	Nedd8	chr14	55662263	55672124	protein_coding	ENSMUSG00000010376	-	Nedd8	1377
1378	Gmpr2	chr14	55671941	55679200	protein_coding	ENSMUSG00000002326	+	Gmpr2	1378
1379	Tinf2	chr14	55674689	55681820	protein_coding	ENSMUSG00000007589	-	Tinf2	1379
1380	Gm49067	chr14	55681918	55712282	lncRNA	ENSMUSG00000115154	+	Gm49067	1380
1381	Gm25887	chr14	55683834	55683917	snRNA	ENSMUSG00000088402	-	Gm25887	1381
1382	Tgm1	chr14	55700009	55713926	protein_coding	ENSMUSG00000022218	-	Tgm1	1382
1383	Rabggta	chr14	55715416	55722263	protein_coding	ENSMUSG00000040472	-	Rabggta	1383
1384	Dhrs1	chr14	55739020	55745690	protein_coding	ENSMUSG00000002332	-	Dhrs1	1384
1385	Nop9	chr14	55745693	55755500	protein_coding	ENSMUSG00000019297	+	Nop9	1385
1386	Cideb	chr14	55754050	55758458	protein_coding	ENSMUSG00000022219	-	Cideb	1386
1387	Ltb4r2	chr14	55761428	55765138	protein_coding	ENSMUSG00000040432	+	Ltb4r2	1387
1388	Ltb4r1	chr14	55765962	55768494	protein_coding	ENSMUSG00000046908	+	Ltb4r1	1388
1389	Adcy4	chr14	55769057	55784095	protein_coding	ENSMUSG00000022220	-	Adcy4	1389
1390	Ripk3	chr14	55784995	55788865	protein_coding	ENSMUSG00000022221	-	Ripk3	1390
1391	Nfatc4	chr14	55823144	55833943	protein_coding	ENSMUSG00000023411	+	Nfatc4	1391
1392	Nynrin	chr14	55854010	55874736	protein_coding	ENSMUSG00000075592	+	Nynrin	1392
1393	Cbln3	chr14	55878913	55884392	protein_coding	ENSMUSG00000040380	-	Cbln3	1393
1394	Khnyn	chr14	55884947	55898775	protein_coding	ENSMUSG00000047153	+	Khnyn	1394
1395	Sdr39u1	chr14	55897283	55900293	protein_coding	ENSMUSG00000022223	-	Sdr39u1	1395
1396	Gm48925	chr14	55935606	55937595	lncRNA	ENSMUSG00000114978	-	Gm48925	1396
1397	Cma1	chr14	55941451	55944675	protein_coding	ENSMUSG00000022225	-	Cma1	1397
1398	Mcpt-ps1	chr14	55949809	55952350	transcribed_unprocessed_pseudogene	ENSMUSG00000115592	-	Mcpt-ps1	1398
1399	Cma2	chr14	55950980	55974031	protein_coding	ENSMUSG00000068289	+	Cma2	1399
1400	Gm48927	chr14	55966725	55966865	processed_pseudogene	ENSMUSG00000115179	-	Gm48927	1400
1401	Gm48934	chr14	55989063	55989685	unprocessed_pseudogene	ENSMUSG00000115757	+	Gm48934	1401
1402	Gm5801	chr14	56010536	56011315	processed_pseudogene	ENSMUSG00000058581	-	Gm5801	1402
1403	Mcpt1	chr14	56017971	56020384	protein_coding	ENSMUSG00000022227	+	Mcpt1	1403
1404	Mcpt9	chr14	56026864	56030495	protein_coding	ENSMUSG00000071361	-	Mcpt9	1404
1405	Mcpt2	chr14	56042041	56044642	protein_coding	ENSMUSG00000022226	+	Mcpt2	1405
1406	Mcpt4	chr14	56059629	56062313	protein_coding	ENSMUSG00000061068	-	Mcpt4	1406
1407	Mcpt8	chr14	56082166	56085273	protein_coding	ENSMUSG00000022157	-	Mcpt8	1407
1408	Ctsg	chr14	56099881	56102574	protein_coding	ENSMUSG00000040314	-	Ctsg	1408
1409	Gzme	chr14	56117626	56120625	protein_coding	ENSMUSG00000022156	-	Gzme	1409
1410	Gzmd	chr14	56129556	56132608	protein_coding	ENSMUSG00000059256	-	Gzmd	1410
1411	Gzmg	chr14	56156582	56159579	protein_coding	ENSMUSG00000040284	-	Gzmg	1411
1412	Gm9547	chr14	56162131	56162801	processed_pseudogene	ENSMUSG00000114908	-	Gm9547	1412
1413	Gzmn	chr14	56165797	56174599	protein_coding	ENSMUSG00000015443	-	Gzmn	1413
1414	Gm4022	chr14	56173751	56207735	lncRNA	ENSMUSG00000114303	+	Gm4022	1414
1415	Gm8961	chr14	56178004	56180711	unprocessed_pseudogene	ENSMUSG00000114392	-	Gm8961	1415
1416	Gm8963	chr14	56181827	56182507	processed_pseudogene	ENSMUSG00000114806	+	Gm8963	1416
1417	Gzmf	chr14	56205263	56211417	protein_coding	ENSMUSG00000015441	-	Gzmf	1417
1418	Gzmc	chr14	56231441	56234656	protein_coding	ENSMUSG00000079186	-	Gzmc	1418
1419	Gm24118	chr14	56240560	56240685	snoRNA	ENSMUSG00000077160	+	Gm24118	1419
1420	Gm4819	chr14	56250069	56251077	processed_pseudogene	ENSMUSG00000097936	+	Gm4819	1420
1421	Gzmb	chr14	56258838	56262260	protein_coding	ENSMUSG00000015437	-	Gzmb	1421
1422	Gm48200	chr14	56275793	56276948	processed_pseudogene	ENSMUSG00000114820	+	Gm48200	1422
1423	Atp12a	chr14	56365068	56388550	protein_coding	ENSMUSG00000022229	+	Atp12a	1423
1424	Gm10873	chr14	56376902	56391562	lncRNA	ENSMUSG00000114345	-	Gm10873	1424
1425	Rnf17	chr14	56402581	56525032	protein_coding	ENSMUSG00000000365	+	Rnf17	1425
1426	Gm24392	chr14	56416766	56416868	snRNA	ENSMUSG00000088761	+	Gm24392	1426
1427	Cenpj	chr14	56526761	56575425	protein_coding	ENSMUSG00000064128	-	Cenpj	1427
1428	Gm22431	chr14	56535971	56536077	misc_RNA	ENSMUSG00000089170	+	Gm22431	1428
1429	Parp4	chr14	56575619	56659794	protein_coding	ENSMUSG00000054509	+	Parp4	1429
1430	Gm16573	chr14	56607261	56620513	lncRNA	ENSMUSG00000090038	-	Gm16573	1430
1431	Gm4032	chr14	56665605	56668124	transcribed_processed_pseudogene	ENSMUSG00000110165	-	Gm4032	1431
1432	Mphosph8	chr14	56668248	56697430	protein_coding	ENSMUSG00000079184	+	Mphosph8	1432
1433	Gm16973	chr14	56696280	56701268	lncRNA	ENSMUSG00000097743	-	Gm16973	1433
1434	Pspc1	chr14	56720710	56778316	protein_coding	ENSMUSG00000021938	-	Pspc1	1434
1435	Gm4479	chr14	56787517	56787687	processed_pseudogene	ENSMUSG00000094250	-	Gm4479	1435
1436	Zmym5	chr14	56790585	56811716	protein_coding	ENSMUSG00000040123	-	Zmym5	1436
1437	2410022M11Rik	chr14	56811989	56813899	lncRNA	ENSMUSG00000100017	+	2410022M11Rik	1437
1438	Gm48906	chr14	56836292	56837036	processed_pseudogene	ENSMUSG00000114420	-	Gm48906	1438
1439	Gm8983	chr14	56865413	56866355	processed_pseudogene	ENSMUSG00000114500	+	Gm8983	1439
1440	Zmym2	chr14	56886653	56962701	protein_coding	ENSMUSG00000021945	+	Zmym2	1440
1441	B020004C17Rik	chr14	57015134	57018982	lncRNA	ENSMUSG00000096144	+	B020004C17Rik	1441
1442	Gja3	chr14	57034460	57058100	protein_coding	ENSMUSG00000048582	-	Gja3	1442
1443	Gjb2	chr14	57098600	57104702	protein_coding	ENSMUSG00000046352	-	Gjb2	1443
1444	Gm4491	chr14	57112506	57115883	protein_coding	ENSMUSG00000089840	-	Gm4491	1444
1445	Gjb6	chr14	57123303	57133611	protein_coding	ENSMUSG00000040055	-	Gjb6	1445
1446	Gm48725	chr14	57178978	57179160	processed_pseudogene	ENSMUSG00000114530	-	Gm48725	1446
1447	Gm8996	chr14	57217233	57217642	processed_pseudogene	ENSMUSG00000114754	+	Gm8996	1447
1448	Cryl1	chr14	57274993	57398529	protein_coding	ENSMUSG00000021947	-	Cryl1	1448
1449	Gm23593	chr14	57333366	57333485	snoRNA	ENSMUSG00000077497	-	Gm23593	1449
1450	Gm8971	chr14	57363385	57363733	processed_pseudogene	ENSMUSG00000114321	+	Gm8971	1450
1451	Gm29717	chr14	57384865	57385250	processed_pseudogene	ENSMUSG00000114952	-	Gm29717	1451
1452	Ift88	chr14	57424062	57517936	protein_coding	ENSMUSG00000040040	+	Ift88	1452
1453	Gm15836	chr14	57435721	57436513	processed_pseudogene	ENSMUSG00000081238	-	Gm15836	1453
1454	Ift88os	chr14	57506744	57510835	lncRNA	ENSMUSG00000086486	-	Ift88os	1454
1455	Il17d	chr14	57524777	57543166	protein_coding	ENSMUSG00000050222	+	Il17d	1455
1456	Eef1akmt1	chr14	57549597	57571612	protein_coding	ENSMUSG00000021951	-	Eef1akmt1	1456
1457	1700039M10Rik	chr14	57571614	57572368	lncRNA	ENSMUSG00000097933	+	1700039M10Rik	1457
1458	Xpo4	chr14	57577521	57665430	protein_coding	ENSMUSG00000021952	-	Xpo4	1458
1459	Gm49361	chr14	57642077	57746103	protein_coding	ENSMUSG00000114942	-	Gm49361	1459
1460	Lats2	chr14	57689662	57758388	protein_coding	ENSMUSG00000021959	-	Lats2	1460
1461	Gm26440	chr14	57697809	57697937	snoRNA	ENSMUSG00000064525	+	Gm26440	1461
1462	Gm20430	chr14	57698013	57698219	processed_pseudogene	ENSMUSG00000092358	+	Gm20430	1462
1463	Sap18	chr14	57798180	57806638	protein_coding	ENSMUSG00000021963	+	Sap18	1463
1464	Ska3	chr14	57806561	57826185	protein_coding	ENSMUSG00000021965	-	Ska3	1464
1465	Mrpl57	chr14	57826234	57829296	protein_coding	ENSMUSG00000021967	+	Mrpl57	1465
1466	Gm22738	chr14	57831063	57831209	snRNA	ENSMUSG00000065374	-	Gm22738	1466
1467	Zdhhc20	chr14	57832703	57890276	protein_coding	ENSMUSG00000021969	-	Zdhhc20	1467
1468	Micu2	chr14	57916261	57999262	protein_coding	ENSMUSG00000021973	-	Micu2	1468
1469	3110083C13Rik	chr14	57999323	58003697	lncRNA	ENSMUSG00000097303	+	3110083C13Rik	1469
1470	Gm9012	chr14	58049229	58049823	processed_pseudogene	ENSMUSG00000114918	-	Gm9012	1470
1471	Fgf9	chr14	58070547	58112720	protein_coding	ENSMUSG00000021974	+	Fgf9	1471
1472	Gm17109	chr14	58105772	58106129	processed_pseudogene	ENSMUSG00000091132	-	Gm17109	1472
1473	Gm18080	chr14	58240221	58240834	processed_pseudogene	ENSMUSG00000114562	+	Gm18080	1473
1474	Gm33321	chr14	58300973	58363816	lncRNA	ENSMUSG00000114690	+	Gm33321	1474
1475	Gm25614	chr14	58650268	58650400	snoRNA	ENSMUSG00000077201	-	Gm25614	1475
1476	Gm9022	chr14	58878833	58880228	transcribed_processed_pseudogene	ENSMUSG00000098157	-	Gm9022	1476
1477	Rpl13-ps3	chr14	58893506	58894129	processed_pseudogene	ENSMUSG00000059835	+	Rpl13-ps3	1477
1478	Gm48447	chr14	58912104	58939867	lncRNA	ENSMUSG00000114486	+	Gm48447	1478
1479	Gm33472	chr14	59043995	59061063	lncRNA	ENSMUSG00000114441	-	Gm33472	1479
1480	Gm41162	chr14	59046121	59067224	lncRNA	ENSMUSG00000114720	+	Gm41162	1480
1481	Gm48453	chr14	59084136	59087118	lncRNA	ENSMUSG00000114289	-	Gm48453	1481
1482	1700129C05Rik	chr14	59133040	59142893	protein_coding	ENSMUSG00000021977	-	1700129C05Rik	1482
1483	Gm5142	chr14	59158503	59178749	protein_coding	ENSMUSG00000053868	-	Gm5142	1483
1484	Rcbtb1	chr14	59201209	59237265	protein_coding	ENSMUSG00000035469	+	Rcbtb1	1484
1485	Phf11-ps	chr14	59244700	59260180	unprocessed_pseudogene	ENSMUSG00000090881	-	Phf11-ps	1485
1486	Phf11a	chr14	59276913	59297522	protein_coding	ENSMUSG00000044703	-	Phf11a	1486
1487	Phf11b	chr14	59320964	59341351	protein_coding	ENSMUSG00000091649	-	Phf11b	1487
1488	Phf11d	chr14	59347407	59365470	protein_coding	ENSMUSG00000068245	-	Phf11d	1488
1489	Phf11c	chr14	59380833	59395381	protein_coding	ENSMUSG00000091144	-	Phf11c	1489
1490	Setdb2	chr14	59402009	59440884	protein_coding	ENSMUSG00000071350	-	Setdb2	1490
1491	Gm16301	chr14	59414270	59414564	processed_pseudogene	ENSMUSG00000089643	-	Gm16301	1491
1492	Cab39l	chr14	59440972	59585764	protein_coding	ENSMUSG00000021981	+	Cab39l	1492
1493	Cdadc1	chr14	59559388	59597959	protein_coding	ENSMUSG00000021982	-	Cdadc1	1493
1494	Gm18073	chr14	59622116	59622667	processed_pseudogene	ENSMUSG00000114804	-	Gm18073	1494
1495	Shisa2	chr14	59625308	59631660	protein_coding	ENSMUSG00000044461	+	Shisa2	1495
1496	Atp8a2	chr14	59638540	60197179	protein_coding	ENSMUSG00000021983	-	Atp8a2	1496
1497	Gm19716	chr14	59642312	59644384	transcribed_processed_pseudogene	ENSMUSG00000114593	+	Gm19716	1497
1498	Gm9013	chr14	60039610	60040491	processed_pseudogene	ENSMUSG00000087286	-	Gm9013	1498
1499	4930563I02Rik	chr14	60087071	60096093	lncRNA	ENSMUSG00000086112	+	4930563I02Rik	1499
1500	Gm6913	chr14	60141063	60141410	processed_pseudogene	ENSMUSG00000075288	+	Gm6913	1500
1501	Gm16261	chr14	60154151	60154355	processed_pseudogene	ENSMUSG00000072068	+	Gm16261	1501
1502	Nupl1	chr14	60184612	60251431	protein_coding	ENSMUSG00000063895	-	Nupl1	1502
1503	Gm49336	chr14	60205282	60251507	protein_coding	ENSMUSG00000114797	-	Gm49336	1503
1504	Gm47694	chr14	60210974	60216419	TEC	ENSMUSG00000114584	-	Gm47694	1504
1505	Mir719	chr14	60228806	60228915	miRNA	ENSMUSG00000076270	-	Mir719	1505
1506	Mtmr6	chr14	60265228	60302370	protein_coding	ENSMUSG00000021987	+	Mtmr6	1506
1507	Amer2	chr14	60373259	60388197	protein_coding	ENSMUSG00000021986	+	Amer2	1507
1508	Gm6066	chr14	60441979	60442453	processed_pseudogene	ENSMUSG00000114948	+	Gm6066	1508
1509	Gm29266	chr14	60485208	60599031	lncRNA	ENSMUSG00000101797	+	Gm29266	1509
1510	Gm47810	chr14	60596161	60596902	processed_pseudogene	ENSMUSG00000114408	-	Gm47810	1510
1511	Spata13	chr14	60634001	60764556	protein_coding	ENSMUSG00000021990	+	Spata13	1511
1512	C1qtnf9	chr14	60768134	60780869	protein_coding	ENSMUSG00000071347	+	C1qtnf9	1512
1513	Mipepos	chr14	60776329	60784581	lncRNA	ENSMUSG00000084951	-	Mipepos	1513
1514	Mipep	chr14	60784573	60905478	protein_coding	ENSMUSG00000021993	+	Mipep	1514
1515	Tnfrsf19	chr14	60963875	61046490	protein_coding	ENSMUSG00000060548	-	Tnfrsf19	1515
1516	Gm41168	chr14	61037960	61076802	lncRNA	ENSMUSG00000115627	+	Gm41168	1516
1517	Sacs	chr14	61138457	61240695	protein_coding	ENSMUSG00000048279	+	Sacs	1517
1518	Sgcg	chr14	61219115	61258490	protein_coding	ENSMUSG00000035296	-	Sgcg	1518
1519	Gm19097	chr14	61283780	61284788	processed_pseudogene	ENSMUSG00000114920	-	Gm19097	1519
1520	1700109G14Rik	chr14	61292980	61318146	lncRNA	ENSMUSG00000101505	-	1700109G14Rik	1520
1521	Arl11	chr14	61309753	61311936	protein_coding	ENSMUSG00000043157	+	Arl11	1521
1522	Gm5461	chr14	61324852	61325810	processed_pseudogene	ENSMUSG00000114642	-	Gm5461	1522
1523	Ebpl	chr14	61331742	61360439	protein_coding	ENSMUSG00000021928	-	Ebpl	1523
1524	Gm25716	chr14	61342964	61343067	snRNA	ENSMUSG00000089253	-	Gm25716	1524
1525	Kpna3	chr14	61365211	61439874	protein_coding	ENSMUSG00000021929	-	Kpna3	1525
1526	Gm49298	chr14	61459267	61459721	processed_pseudogene	ENSMUSG00000115618	+	Gm49298	1526
1527	Rps12-ps2	chr14	61466968	61467366	processed_pseudogene	ENSMUSG00000115595	-	Rps12-ps2	1527
1528	4930556J02Rik	chr14	61492688	61527389	lncRNA	ENSMUSG00000115656	+	4930556J02Rik	1528
1529	Spryd7	chr14	61531993	61556886	protein_coding	ENSMUSG00000021930	-	Spryd7	1529
1530	Vmn1r-ps136	chr14	61543727	61544108	unprocessed_pseudogene	ENSMUSG00000115802	+	Vmn1r-ps136	1530
1531	Gm4118	chr14	61558798	61559661	processed_pseudogene	ENSMUSG00000114902	+	Gm4118	1531
1532	Trim13	chr14	61598247	61605946	protein_coding	ENSMUSG00000035235	+	Trim13	1532
1533	Dleu2	chr14	61602839	61682373	lncRNA	ENSMUSG00000097589	-	Dleu2	1533
1534	Kcnrg	chr14	61607457	61612826	protein_coding	ENSMUSG00000046168	+	Kcnrg	1534
1535	Gm27010	chr14	61625926	61627337	lncRNA	ENSMUSG00000098183	-	Gm27010	1535
1536	Gm27845	chr14	61629093	61629206	misc_RNA	ENSMUSG00000098967	+	Gm27845	1536
1537	Gm26916	chr14	61629484	61630414	lncRNA	ENSMUSG00000098088	+	Gm26916	1537
1538	Mir16-1	chr14	61631880	61631972	miRNA	ENSMUSG00000092995	-	Mir16-1	1538
1539	Mir15a	chr14	61632027	61632110	miRNA	ENSMUSG00000093007	-	Mir15a	1539
1540	Gm27747	chr14	61643371	61643455	misc_RNA	ENSMUSG00000098914	+	Gm27747	1540
1541	Gm27972	chr14	61648638	61648774	misc_RNA	ENSMUSG00000098626	+	Gm27972	1541
1542	Gm27017	chr14	61648950	61667312	lncRNA	ENSMUSG00000097997	+	Gm27017	1542
1543	Gm27928	chr14	61666387	61666642	misc_RNA	ENSMUSG00000099039	+	Gm27928	1543
1544	Gm37420	chr14	61667220	61670131	TEC	ENSMUSG00000103869	-	Gm37420	1544
1545	Gm37472	chr14	61677443	61681494	TEC	ENSMUSG00000102151	-	Gm37472	1545
1546	Gm37820	chr14	61683510	61685656	TEC	ENSMUSG00000104187	+	Gm37820	1546
1547	Gm47952	chr14	61921376	61922063	processed_pseudogene	ENSMUSG00000114706	+	Gm47952	1547
1548	Gm47953	chr14	62012319	62012633	processed_pseudogene	ENSMUSG00000114368	+	Gm47953	1548
1549	Gm35419	chr14	62113120	62171126	lncRNA	ENSMUSG00000115531	-	Gm35419	1549
1550	Gm26969	chr14	62201915	62204352	lncRNA	ENSMUSG00000098096	-	Gm26969	1550
1551	Dleu7	chr14	62276231	62293047	protein_coding	ENSMUSG00000048281	-	Dleu7	1551
1552	Rnaseh2b	chr14	62292589	62372992	protein_coding	ENSMUSG00000021932	+	Rnaseh2b	1552
1553	Gucy1b2	chr14	62392676	62456289	protein_coding	ENSMUSG00000021933	-	Gucy1b2	1553
1554	Gm4131	chr14	62463414	62566921	protein_coding	ENSMUSG00000100486	-	Gm4131	1554
1555	Gm6076	chr14	62514848	62515295	processed_pseudogene	ENSMUSG00000114292	-	Gm6076	1555
1556	Gm24625	chr14	62521023	62521152	snoRNA	ENSMUSG00000064556	+	Gm24625	1556
1557	Gm5802	chr14	62540493	62541193	processed_pseudogene	ENSMUSG00000114488	-	Gm5802	1557
1558	Gm35595	chr14	62541380	62541575	processed_pseudogene	ENSMUSG00000114571	-	Gm35595	1558
1559	Fam124a	chr14	62555737	62608486	protein_coding	ENSMUSG00000035184	+	Fam124a	1559
1560	Serpine3	chr14	62663667	62692243	protein_coding	ENSMUSG00000091155	+	Serpine3	1560
1561	Gm25162	chr14	62668612	62668770	snoRNA	ENSMUSG00000089531	+	Gm25162	1561
1562	Ints6	chr14	62676330	62761169	protein_coding	ENSMUSG00000035161	-	Ints6	1562
1563	Gm18146	chr14	62779697	62780210	processed_pseudogene	ENSMUSG00000115371	+	Gm18146	1563
1564	Gm47505	chr14	62818843	62819642	processed_pseudogene	ENSMUSG00000114440	+	Gm47505	1564
1565	Wdfy2	chr14	62837678	62961509	protein_coding	ENSMUSG00000014547	+	Wdfy2	1565
1566	Mir8098	chr14	62837721	62837857	miRNA	ENSMUSG00000099245	+	Mir8098	1566
1567	Mir6541	chr14	62865542	62865651	miRNA	ENSMUSG00000098858	+	Mir6541	1567
1568	n-R5s47	chr14	62869714	62869832	rRNA	ENSMUSG00000084465	+	n-R5s47	1568
1569	Gm21021	chr14	62973790	62974975	processed_pseudogene	ENSMUSG00000114403	+	Gm21021	1569
1570	Defb48	chr14	62977524	62984510	protein_coding	ENSMUSG00000075574	-	Defb48	1570
1571	Defb47	chr14	62998077	63001160	protein_coding	ENSMUSG00000075573	+	Defb47	1571
1572	Defb43	chr14	63011771	63018088	protein_coding	ENSMUSG00000075572	+	Defb43	1572
1573	Gm19198	chr14	63025130	63025897	processed_pseudogene	ENSMUSG00000114260	-	Gm19198	1573
1574	Defb30	chr14	63034087	63049960	protein_coding	ENSMUSG00000075571	-	Defb30	1574
1575	Defb42	chr14	63046991	63058149	protein_coding	ENSMUSG00000054763	+	Defb42	1575
1576	Gm17941	chr14	63095338	63097115	processed_pseudogene	ENSMUSG00000114344	+	Gm17941	1576
1577	Gm23629	chr14	63099536	63099642	snRNA	ENSMUSG00000064399	+	Gm23629	1577
1578	Ctsb	chr14	63122462	63145923	protein_coding	ENSMUSG00000021939	+	Ctsb	1578
1579	Fdft1	chr14	63145150	63179578	protein_coding	ENSMUSG00000021273	-	Fdft1	1579
1580	Neil2	chr14	63182443	63193856	protein_coding	ENSMUSG00000035121	-	Neil2	1580
1581	Gata4	chr14	63198922	63271692	protein_coding	ENSMUSG00000021944	-	Gata4	1581
1582	Gm49390	chr14	63317745	63336957	lncRNA	ENSMUSG00000114898	+	Gm49390	1582
1583	Gm5463	chr14	63329220	63345635	lncRNA	ENSMUSG00000114892	+	Gm5463	1583
1584	Blk	chr14	63372836	63417037	protein_coding	ENSMUSG00000014453	-	Blk	1584
1585	Gm21430	chr14	63428733	63429730	processed_pseudogene	ENSMUSG00000097948	-	Gm21430	1585
1586	Fam167a	chr14	63436394	63465498	protein_coding	ENSMUSG00000035095	+	Fam167a	1586
1587	Gm47074	chr14	63475117	63475376	processed_pseudogene	ENSMUSG00000114258	-	Gm47074	1587
1588	Tdh	chr14	63492347	63509092	protein_coding	ENSMUSG00000021953	-	Tdh	1588
1589	Gm17232	chr14	63493699	63499872	lncRNA	ENSMUSG00000090374	+	Gm17232	1589
1590	Mtmr9	chr14	63519651	63543982	protein_coding	ENSMUSG00000035078	-	Mtmr9	1590
1591	Gm15918	chr14	63602524	63607372	lncRNA	ENSMUSG00000087652	-	Gm15918	1591
1592	Xkr6	chr14	63606503	63820809	protein_coding	ENSMUSG00000035067	+	Xkr6	1592
1593	Pinx1	chr14	63860364	63919859	protein_coding	ENSMUSG00000021958	+	Pinx1	1593
1594	Sox7	chr14	63943673	63950732	protein_coding	ENSMUSG00000063060	+	Sox7	1594
1595	4930578I06Rik	chr14	63969339	63987790	protein_coding	ENSMUSG00000021961	-	4930578I06Rik	1595
1596	Rp1l1	chr14	63992506	64035025	protein_coding	ENSMUSG00000046049	+	Rp1l1	1596
1597	Prss55	chr14	64075438	64090162	protein_coding	ENSMUSG00000034623	-	Prss55	1597
1598	Prss51	chr14	64086234	64097678	protein_coding	ENSMUSG00000052099	+	Prss51	1598
1599	4930471C04Rik	chr14	64099295	64104235	lncRNA	ENSMUSG00000091686	-	4930471C04Rik	1599
1600	Prss52	chr14	64104286	64113755	protein_coding	ENSMUSG00000021966	+	Prss52	1600
1601	Gm17116	chr14	64111200	64114641	lncRNA	ENSMUSG00000090785	-	Gm17116	1601
1602	9630015K15Rik	chr14	64116314	64127605	lncRNA	ENSMUSG00000114284	+	9630015K15Rik	1602
1603	Msra	chr14	64122625	64455903	protein_coding	ENSMUSG00000054733	-	Msra	1603
1604	Gm47202	chr14	64530952	64537538	lncRNA	ENSMUSG00000114680	-	Gm47202	1604
1605	Mir124a-1hg	chr14	64587331	64593961	lncRNA	ENSMUSG00000097545	+	Mir124a-1hg	1605
1606	Mir124a-1	chr14	64590657	64590741	miRNA	ENSMUSG00000065597	+	Mir124a-1	1606
1607	Mir3078	chr14	64591185	64591271	miRNA	ENSMUSG00000092972	+	Mir3078	1607
1608	Kif13b	chr14	64647265	64809617	protein_coding	ENSMUSG00000060012	+	Kif13b	1608
1609	Gm26225	chr14	64753918	64754052	snoRNA	ENSMUSG00000064442	+	Gm26225	1609
1610	Hmbox1	chr14	64811600	64949871	protein_coding	ENSMUSG00000021972	-	Hmbox1	1610
1611	Gm37183	chr14	64835855	64839259	TEC	ENSMUSG00000102764	-	Gm37183	1611
1612	Gm20111	chr14	64839100	64839418	processed_pseudogene	ENSMUSG00000098837	+	Gm20111	1612
1613	Gm4573	chr14	64921821	64922085	processed_pseudogene	ENSMUSG00000114686	+	Gm4573	1613
1614	Ints9	chr14	64950045	65039832	protein_coding	ENSMUSG00000021975	+	Ints9	1614
1615	Extl3	chr14	65052060	65149855	protein_coding	ENSMUSG00000021978	-	Extl3	1615
1616	Gm48299	chr14	65166914	65167191	processed_pseudogene	ENSMUSG00000114944	+	Gm48299	1616
1617	Gm30008	chr14	65171115	65174959	lncRNA	ENSMUSG00000114658	-	Gm30008	1617
1618	Gm41177	chr14	65172355	65185432	lncRNA	ENSMUSG00000114693	+	Gm41177	1618
1619	Fzd3	chr14	65192449	65262463	protein_coding	ENSMUSG00000007989	-	Fzd3	1619
1620	Gm27263	chr14	65206894	65206969	misc_RNA	ENSMUSG00000098479	-	Gm27263	1620
1621	Gm9086	chr14	65207119	65207731	processed_pseudogene	ENSMUSG00000114878	+	Gm9086	1621
1622	Fbxo16	chr14	65266618	65323973	protein_coding	ENSMUSG00000034532	+	Fbxo16	1622
1623	Gm48433	chr14	65326331	65337604	lncRNA	ENSMUSG00000114209	+	Gm48433	1623
1624	Gm48449	chr14	65351442	65359410	lncRNA	ENSMUSG00000114357	-	Gm48449	1624
1625	Zfp395	chr14	65358389	65398930	protein_coding	ENSMUSG00000034522	+	Zfp395	1625
1626	Pnoc	chr14	65400673	65425472	protein_coding	ENSMUSG00000045731	-	Pnoc	1626
1627	Elp3	chr14	65530449	65593075	protein_coding	ENSMUSG00000022031	-	Elp3	1627
1628	Nuggc	chr14	65598546	65648531	protein_coding	ENSMUSG00000061356	+	Nuggc	1628
1629	Scara5	chr14	65666403	65764826	protein_coding	ENSMUSG00000022032	+	Scara5	1629
1630	Pbk	chr14	65805837	65817822	protein_coding	ENSMUSG00000022033	+	Pbk	1630
1631	Esco2	chr14	65819038	65833994	protein_coding	ENSMUSG00000022034	-	Esco2	1631
1632	Ccdc25	chr14	65837302	65866607	protein_coding	ENSMUSG00000022035	+	Ccdc25	1632
1633	Scara3	chr14	65919394	65953935	protein_coding	ENSMUSG00000034463	-	Scara3	1633
1634	Gm19222	chr14	65961121	65962888	processed_pseudogene	ENSMUSG00000114844	-	Gm19222	1634
1635	Clu	chr14	65968483	65981547	protein_coding	ENSMUSG00000022037	+	Clu	1635
1636	Gulo	chr14	65986786	66009207	protein_coding	ENSMUSG00000034450	-	Gulo	1636
1637	Adam2	chr14	66027329	66077733	protein_coding	ENSMUSG00000022039	-	Adam2	1637
1638	Ephx2	chr14	66084374	66124500	protein_coding	ENSMUSG00000022040	-	Ephx2	1638
1639	Chrna2	chr14	66135039	66152948	protein_coding	ENSMUSG00000022041	+	Chrna2	1639
1640	Ptk2b	chr14	66153257	66281052	protein_coding	ENSMUSG00000059456	-	Ptk2b	1640
1641	1700001G11Rik	chr14	66295334	66297129	lncRNA	ENSMUSG00000085984	-	1700001G11Rik	1641
1642	Trim35	chr14	66297031	66311424	protein_coding	ENSMUSG00000022043	+	Trim35	1642
1643	Gm41183	chr14	66336715	66341229	lncRNA	ENSMUSG00000114618	-	Gm41183	1643
1644	Stmn4	chr14	66344296	66361680	protein_coding	ENSMUSG00000022044	+	Stmn4	1644
1645	Gm23899	chr14	66591606	66591695	rRNA	ENSMUSG00000088737	-	Gm23899	1645
1646	Adra1a	chr14	66635251	66771168	protein_coding	ENSMUSG00000045875	+	Adra1a	1646
1647	Gm10032	chr14	66784480	66793758	lncRNA	ENSMUSG00000057913	+	Gm10032	1647
1648	Gm9130	chr14	66797856	66798378	processed_pseudogene	ENSMUSG00000114829	-	Gm9130	1648
1649	Dpysl2	chr14	66802864	66868688	protein_coding	ENSMUSG00000022048	-	Dpysl2	1649
1650	Gm5464	chr14	66868850	66871723	lncRNA	ENSMUSG00000075553	+	Gm5464	1650
1651	Pnma2	chr14	66911170	66921023	protein_coding	ENSMUSG00000046204	+	Pnma2	1651
1652	4930578I07Rik	chr14	66937365	66938736	TEC	ENSMUSG00000104220	+	4930578I07Rik	1652
1653	Gm9570	chr14	66967182	66969867	processed_pseudogene	ENSMUSG00000114558	+	Gm9570	1653
1654	Gm24258	chr14	66970452	66970584	snoRNA	ENSMUSG00000065673	+	Gm24258	1654
1655	Bnip3l	chr14	66985239	67008877	protein_coding	ENSMUSG00000022051	-	Bnip3l	1655
1656	Ppp2r2a	chr14	67014056	67072444	protein_coding	ENSMUSG00000022052	-	Ppp2r2a	1656
1657	Gm27647	chr14	67074830	67074947	miRNA	ENSMUSG00000098365	+	Gm27647	1657
1658	Gm30806	chr14	67169588	67209261	lncRNA	ENSMUSG00000114697	+	Gm30806	1658
1659	Gm20675	chr14	67232437	67233129	lncRNA	ENSMUSG00000093744	-	Gm20675	1659
1660	Ebf2	chr14	67233292	67430918	protein_coding	ENSMUSG00000022053	+	Ebf2	1660
1661	Gm23178	chr14	67274869	67274963	miRNA	ENSMUSG00000080432	-	Gm23178	1661
1662	Gm6878	chr14	67304888	67314711	lncRNA	ENSMUSG00000075549	-	Gm6878	1662
1663	1700120O09Rik	chr14	67324894	67335928	lncRNA	ENSMUSG00000093386	-	1700120O09Rik	1663
1664	4930438E09Rik	chr14	67332042	67397742	lncRNA	ENSMUSG00000093472	-	4930438E09Rik	1664
1665	Gm10860	chr14	67427668	67437171	lncRNA	ENSMUSG00000093634	-	Gm10860	1665
1666	Gm38409	chr14	67476873	67502079	lncRNA	ENSMUSG00000114744	+	Gm38409	1666
1667	Gm24981	chr14	67566850	67566981	snoRNA	ENSMUSG00000077647	+	Gm24981	1667
1668	Gm47010	chr14	67588363	67588792	processed_pseudogene	ENSMUSG00000114514	-	Gm47010	1668
1669	Gm20667	chr14	67673177	67675106	lncRNA	ENSMUSG00000093726	-	Gm20667	1669
1670	Cdca2	chr14	67676331	67715841	protein_coding	ENSMUSG00000048922	-	Cdca2	1670
1671	Kctd9	chr14	67715937	67742310	protein_coding	ENSMUSG00000034327	+	Kctd9	1671
1672	Gnrh1	chr14	67745181	67749439	protein_coding	ENSMUSG00000015812	+	Gnrh1	1672
1673	Dock5	chr14	67752135	67933442	protein_coding	ENSMUSG00000044447	-	Dock5	1673
1674	Mir6539	chr14	67859636	67859745	miRNA	ENSMUSG00000098866	-	Mir6539	1674
1675	Gm31107	chr14	68044428	68051330	lncRNA	ENSMUSG00000114621	-	Gm31107	1675
1676	Nefm	chr14	68082590	68124846	protein_coding	ENSMUSG00000022054	-	Nefm	1676
1677	Nefl	chr14	68083863	68089095	protein_coding	ENSMUSG00000022055	+	Nefl	1677
1678	Gm19216	chr14	68113933	68115145	processed_pseudogene	ENSMUSG00000114466	+	Gm19216	1678
1679	Gm22319	chr14	68166953	68167074	snoRNA	ENSMUSG00000087772	-	Gm22319	1679
1680	Gm47212	chr14	68218253	68223811	lncRNA	ENSMUSG00000114925	+	Gm47212	1680
1681	Gm31227	chr14	68461631	68496417	lncRNA	ENSMUSG00000114396	+	Gm31227	1681
1682	Adam7	chr14	68497336	68533741	protein_coding	ENSMUSG00000022056	-	Adam7	1682
1683	Adamdec1	chr14	68563380	68582095	protein_coding	ENSMUSG00000022057	-	Adamdec1	1683
1684	Adam28	chr14	68606027	68655842	protein_coding	ENSMUSG00000014725	-	Adam28	1684
1685	Gm46476	chr14	68731954	68732356	processed_pseudogene	ENSMUSG00000114641	+	Gm46476	1685
1686	Gm47256	chr14	68874835	68875129	processed_pseudogene	ENSMUSG00000114679	+	Gm47256	1686
1687	Gm41192	chr14	69019434	69029652	lncRNA	ENSMUSG00000114833	-	Gm41192	1687
1688	Stc1	chr14	69029238	69041804	protein_coding	ENSMUSG00000014813	+	Stc1	1688
1689	Rps2-ps5	chr14	69158671	69159519	processed_pseudogene	ENSMUSG00000098713	+	Rps2-ps5	1689
1690	1700092C10Rik	chr14	69164797	69171857	lncRNA	ENSMUSG00000092499	-	1700092C10Rik	1690
1691	Nkx2-6	chr14	69171802	69175518	protein_coding	ENSMUSG00000044186	+	Nkx2-6	1691
1692	Nkx3-1	chr14	69190638	69194662	protein_coding	ENSMUSG00000022061	+	Nkx3-1	1692
1693	Gm37762	chr14	69209569	69213129	TEC	ENSMUSG00000102999	-	Gm37762	1693
1694	Slc25a37	chr14	69241848	69285112	protein_coding	ENSMUSG00000034248	-	Slc25a37	1694
1695	Gm27222	chr14	69259146	69262037	lncRNA	ENSMUSG00000098248	+	Gm27222	1695
1696	Gm20236	chr14	69277601	69282140	TEC	ENSMUSG00000103065	-	Gm20236	1696
1697	Gm31748	chr14	69284350	69285846	TEC	ENSMUSG00000104405	+	Gm31748	1697
1698	Gm27223	chr14	69284606	69305355	lncRNA	ENSMUSG00000098255	+	Gm27223	1698
1699	Gm16677	chr14	69327999	69337165	lncRNA	ENSMUSG00000097511	-	Gm16677	1699
1700	Entpd4	chr14	69337174	69367270	protein_coding	ENSMUSG00000095463	+	Entpd4	1700
1701	Gm27221	chr14	69348897	69352259	lncRNA	ENSMUSG00000098270	-	Gm27221	1701
1702	Gm16867	chr14	69363504	69503362	protein_coding	ENSMUSG00000093954	-	Gm16867	1702
1703	Gm21451	chr14	69390854	69480287	unprocessed_pseudogene	ENSMUSG00000094526	+	Gm21451	1703
1704	Gm38378	chr14	69395504	69397771	TEC	ENSMUSG00000102660	-	Gm38378	1704
1705	Gm37094	chr14	69495851	69500390	TEC	ENSMUSG00000103720	-	Gm37094	1705
1706	Gm37847	chr14	69502600	69504096	TEC	ENSMUSG00000102611	+	Gm37847	1706
1707	Gm27175	chr14	69502856	69523605	lncRNA	ENSMUSG00000099315	+	Gm27175	1707
1708	Gm27179	chr14	69508632	69512549	protein_coding	ENSMUSG00000098773	-	Gm27179	1708
1709	Gm27174	chr14	69546249	69555332	lncRNA	ENSMUSG00000098784	-	Gm27174	1709
1710	Entpd4b	chr14	69555424	69585520	protein_coding	ENSMUSG00000022066	+	Entpd4b	1710
1711	Gm27176	chr14	69567147	69570509	lncRNA	ENSMUSG00000099027	-	Gm27176	1711
1712	Gm27177	chr14	69582164	69683286	lncRNA	ENSMUSG00000098975	-	Gm27177	1712
1713	Loxl2	chr14	69609068	69695834	protein_coding	ENSMUSG00000034205	+	Loxl2	1713
1714	Gm37513	chr14	69613779	69616046	TEC	ENSMUSG00000104371	-	Gm37513	1714
1715	Mir6950	chr14	69692248	69692320	miRNA	ENSMUSG00000098666	+	Mir6950	1715
1716	R3hcc1	chr14	69697307	69707584	protein_coding	ENSMUSG00000034194	-	R3hcc1	1716
1717	Chmp7	chr14	69717000	69732541	protein_coding	ENSMUSG00000034190	-	Chmp7	1717
1718	Gm17740	chr14	69761171	69763538	processed_pseudogene	ENSMUSG00000114316	-	Gm17740	1718
1719	Tnfrsf10b	chr14	69767472	69784411	protein_coding	ENSMUSG00000022074	+	Tnfrsf10b	1719
1720	Rhobtb2	chr14	69784990	69805636	protein_coding	ENSMUSG00000022075	-	Rhobtb2	1720
1721	Pebp4	chr14	69840420	70059918	protein_coding	ENSMUSG00000022085	+	Pebp4	1721
1722	Gm33524	chr14	70018231	70057367	lncRNA	ENSMUSG00000114446	-	Gm33524	1722
1723	Egr3	chr14	70077203	70082614	protein_coding	ENSMUSG00000033730	+	Egr3	1723
1724	Bin3	chr14	70100105	70138206	protein_coding	ENSMUSG00000022089	+	Bin3	1724
1725	Ccar2	chr14	70138164	70153811	protein_coding	ENSMUSG00000033712	-	Ccar2	1725
1726	9930012K11Rik	chr14	70154405	70159502	protein_coding	ENSMUSG00000044551	-	9930012K11Rik	1726
1727	Pdlim2	chr14	70164218	70177681	protein_coding	ENSMUSG00000022090	-	Pdlim2	1727
1728	Sorbs3	chr14	70180468	70211989	protein_coding	ENSMUSG00000022091	-	Sorbs3	1728
1729	Gm49417	chr14	70205324	70255287	lncRNA	ENSMUSG00000115186	+	Gm49417	1729
1730	Ppp3cc	chr14	70217865	70289471	protein_coding	ENSMUSG00000022092	-	Ppp3cc	1730
1731	Gm44340	chr14	70299922	70300007	miRNA	ENSMUSG00000106195	-	Gm44340	1731
1732	Gm4240	chr14	70302207	70302939	processed_pseudogene	ENSMUSG00000115025	+	Gm4240	1732
1733	Slc39a14	chr14	70303469	70351425	protein_coding	ENSMUSG00000022094	-	Slc39a14	1733
1734	Gm9174	chr14	70360187	70360441	processed_pseudogene	ENSMUSG00000058745	+	Gm9174	1734
1735	Piwil2	chr14	70372477	70429383	protein_coding	ENSMUSG00000033644	-	Piwil2	1735
1736	Gm22725	chr14	70422171	70422280	snoRNA	ENSMUSG00000088717	-	Gm22725	1736
1737	Gm24890	chr14	70428496	70428597	snRNA	ENSMUSG00000077577	-	Gm24890	1737
1738	Polr3d	chr14	70438757	70443447	protein_coding	ENSMUSG00000000776	-	Polr3d	1738
1739	Phyhip	chr14	70457476	70468832	protein_coding	ENSMUSG00000003469	+	Phyhip	1739
1740	Bmp1	chr14	70474558	70520234	protein_coding	ENSMUSG00000022098	-	Bmp1	1740
1741	Sftpc	chr14	70520949	70524081	protein_coding	ENSMUSG00000022097	-	Sftpc	1741
1742	Lgi3	chr14	70530685	70538324	protein_coding	ENSMUSG00000033595	+	Lgi3	1742
1743	Reep4	chr14	70545251	70548933	protein_coding	ENSMUSG00000033589	+	Reep4	1743
1744	Hr	chr14	70552212	70573548	protein_coding	ENSMUSG00000022096	+	Hr	1744
1745	Nudt18	chr14	70577637	70582688	protein_coding	ENSMUSG00000045211	+	Nudt18	1745
1746	Fam160b2	chr14	70583296	70599835	protein_coding	ENSMUSG00000022095	-	Fam160b2	1746
1747	Dmtn	chr14	70601263	70636048	protein_coding	ENSMUSG00000022099	-	Dmtn	1747
1748	Fgf17	chr14	70636203	70642268	protein_coding	ENSMUSG00000022101	-	Fgf17	1748
1749	Npm2	chr14	70647302	70659244	protein_coding	ENSMUSG00000047911	-	Npm2	1749
1750	Xpo7	chr14	70654246	70766628	protein_coding	ENSMUSG00000022100	-	Xpo7	1750
1751	Gm49244	chr14	70674450	70674891	processed_pseudogene	ENSMUSG00000115387	+	Gm49244	1751
1752	Dok2	chr14	70766036	70778495	protein_coding	ENSMUSG00000022102	+	Dok2	1752
1753	2410012E07Rik	chr14	70852933	70873954	lncRNA	ENSMUSG00000099528	+	2410012E07Rik	1753
1754	Gfra2	chr14	70890120	70979838	protein_coding	ENSMUSG00000022103	+	Gfra2	1754
1755	Gm49289	chr14	71087270	71147008	lncRNA	ENSMUSG00000115671	+	Gm49289	1755
1756	Gm4251	chr14	71251273	71271051	lncRNA	ENSMUSG00000115139	+	Gm4251	1756
1757	Gm37455	chr14	71371002	71371530	TEC	ENSMUSG00000104288	-	Gm37455	1757
1758	4930429C20Rik	chr14	71421012	71421611	lncRNA	ENSMUSG00000115286	+	4930429C20Rik	1758
1759	Gm9192	chr14	71819567	71820551	processed_pseudogene	ENSMUSG00000098064	-	Gm9192	1759
1760	4930434J06Rik	chr14	71856702	71920439	lncRNA	ENSMUSG00000115304	+	4930434J06Rik	1760
1761	Gm49290	chr14	72195317	72195696	processed_pseudogene	ENSMUSG00000115061	-	Gm49290	1761
1762	Gm9195	chr14	72426013	72491838	protein_coding	ENSMUSG00000109446	-	Gm9195	1762
1763	Mlnr-ps	chr14	72531024	72532649	unitary_pseudogene	ENSMUSG00000108975	-	Mlnr-ps	1763
1764	Fndc3a	chr14	72537946	72710003	protein_coding	ENSMUSG00000033487	-	Fndc3a	1764
1765	Gm16549	chr14	72589752	72603367	lncRNA	ENSMUSG00000090216	+	Gm16549	1765
1766	Gm49293	chr14	72732748	72738313	lncRNA	ENSMUSG00000115494	-	Gm49293	1766
1767	Gm41206	chr14	72789353	72860268	lncRNA	ENSMUSG00000115532	+	Gm41206	1767
1768	Gm4606	chr14	72840641	72863555	transcribed_processed_pseudogene	ENSMUSG00000115611	-	Gm4606	1768
1769	Gm49295	chr14	72902159	72902636	processed_pseudogene	ENSMUSG00000115475	+	Gm49295	1769
1770	Gm9198	chr14	72978626	72979904	processed_pseudogene	ENSMUSG00000115085	-	Gm9198	1770
1771	Cysltr2	chr14	73025603	73049114	protein_coding	ENSMUSG00000033470	-	Cysltr2	1771
1772	Rcbtb2	chr14	73123037	73207843	protein_coding	ENSMUSG00000022106	+	Rcbtb2	1772
1773	Gm17233	chr14	73173820	73187321	lncRNA	ENSMUSG00000090706	-	Gm17233	1773
1774	Rb1	chr14	73183673	73325822	protein_coding	ENSMUSG00000022105	-	Rb1	1774
1775	Mir687	chr14	73206763	73206851	miRNA	ENSMUSG00000076121	-	Mir687	1775
1776	Lpar6	chr14	73237895	73243294	protein_coding	ENSMUSG00000033446	+	Lpar6	1776
1777	Gm49131	chr14	73335092	73335341	processed_pseudogene	ENSMUSG00000115573	+	Gm49131	1777
1778	Itm2b	chr14	73362226	73385289	protein_coding	ENSMUSG00000022108	-	Itm2b	1778
1779	Gm4266	chr14	73493093	73493924	processed_pseudogene	ENSMUSG00000115530	+	Gm4266	1779
1780	Med4	chr14	73510025	73518849	protein_coding	ENSMUSG00000022109	+	Med4	1780
1781	Nudt15	chr14	73518877	73548242	protein_coding	ENSMUSG00000033405	-	Nudt15	1781
1782	Sucla2	chr14	73525319	73596142	protein_coding	ENSMUSG00000022110	+	Sucla2	1782
1783	Gm21750	chr14	73661225	73662721	protein_coding	ENSMUSG00000096463	+	Gm21750	1783
1784	Gm49165	chr14	73712817	73732016	lncRNA	ENSMUSG00000115088	-	Gm49165	1784
1785	Gm49164	chr14	73728568	73956061	lncRNA	ENSMUSG00000115289	+	Gm49164	1785
1786	Gm24540	chr14	73767862	73767968	snRNA	ENSMUSG00000093873	-	Gm24540	1786
1787	Gm16409	chr14	73796544	73797290	processed_pseudogene	ENSMUSG00000075581	-	Gm16409	1787
1788	Gm18683	chr14	73933027	73933609	processed_pseudogene	ENSMUSG00000115470	+	Gm18683	1788
1789	Gm22164	chr14	73945533	73945638	rRNA	ENSMUSG00000089038	-	Gm22164	1789
1790	Cbx3-ps6	chr14	73955000	73955551	processed_pseudogene	ENSMUSG00000057886	-	Cbx3-ps6	1790
1791	Gm49170	chr14	73974226	73974412	processed_pseudogene	ENSMUSG00000115559	+	Gm49170	1791
1792	Gm49171	chr14	73979158	74451303	lncRNA	ENSMUSG00000115704	-	Gm49171	1792
1793	Gm6986	chr14	74297545	74298775	processed_pseudogene	ENSMUSG00000115411	+	Gm6986	1793
1794	4933402J15Rik	chr14	74355527	74369741	lncRNA	ENSMUSG00000115845	+	4933402J15Rik	1794
1795	Gm49174	chr14	74451559	74452084	processed_pseudogene	ENSMUSG00000115427	+	Gm49174	1795
1796	Gm49175	chr14	74532174	74547547	lncRNA	ENSMUSG00000115449	-	Gm49175	1796
1797	Htr2a	chr14	74640840	74709494	protein_coding	ENSMUSG00000034997	+	Htr2a	1797
1798	Gm9212	chr14	74717712	74718830	processed_pseudogene	ENSMUSG00000115288	+	Gm9212	1798
1799	Esd	chr14	74732297	74750765	protein_coding	ENSMUSG00000021996	+	Esd	1799
1800	Lrch1	chr14	74754675	74947876	protein_coding	ENSMUSG00000068015	-	Lrch1	1800
1801	Gm10847	chr14	74926445	74933133	lncRNA	ENSMUSG00000115002	+	Gm10847	1801
1802	Gm4278	chr14	74975086	74987104	lncRNA	ENSMUSG00000115019	+	Gm4278	1802
1803	Rubcnl	chr14	75016027	75052532	protein_coding	ENSMUSG00000034959	+	Rubcnl	1803
1804	Lrrc63	chr14	75084303	75130881	protein_coding	ENSMUSG00000021997	-	Lrrc63	1804
1805	Lcp1	chr14	75131101	75230842	protein_coding	ENSMUSG00000021998	+	Lcp1	1805
1806	Gm15628	chr14	75136270	75136912	lncRNA	ENSMUSG00000089733	-	Gm15628	1806
1807	Gm15629	chr14	75197073	75199271	lncRNA	ENSMUSG00000090054	-	Gm15629	1807
1808	Cpb2	chr14	75242287	75283555	protein_coding	ENSMUSG00000021999	+	Cpb2	1808
1809	Gm44482	chr14	75262013	75262115	miRNA	ENSMUSG00000104689	+	Gm44482	1809
1810	Gm18147	chr14	75264217	75264967	processed_pseudogene	ENSMUSG00000115789	+	Gm18147	1810
1811	Zc3h13	chr14	75284373	75344426	protein_coding	ENSMUSG00000022000	+	Zc3h13	1811
1812	Gm49200	chr14	75358982	75400446	lncRNA	ENSMUSG00000115615	-	Gm49200	1812
1813	Siah3	chr14	75455982	75529708	protein_coding	ENSMUSG00000091722	+	Siah3	1813
1814	Spert	chr14	75582877	75593116	protein_coding	ENSMUSG00000034913	-	Spert	1814
1815	Erich6b	chr14	75642249	75696717	protein_coding	ENSMUSG00000022002	+	Erich6b	1815
1816	Gm23622	chr14	75651423	75651529	snRNA	ENSMUSG00000064394	-	Gm23622	1816
1817	Cog3	chr14	75702350	75754558	protein_coding	ENSMUSG00000034893	-	Cog3	1817
1818	Gm24876	chr14	75745849	75745940	rRNA	ENSMUSG00000089405	-	Gm24876	1818
1819	Slc25a30	chr14	75760117	75787037	protein_coding	ENSMUSG00000022003	-	Slc25a30	1819
1820	Gm4285	chr14	75843379	75844964	lncRNA	ENSMUSG00000085829	-	Gm4285	1820
1821	Tpt1	chr14	75845093	75848525	protein_coding	ENSMUSG00000060126	+	Tpt1	1821
1822	Snora31	chr14	75847905	75848034	snoRNA	ENSMUSG00000065147	+	Snora31	1822
1823	Gtf2f2	chr14	75896937	76010865	protein_coding	ENSMUSG00000067995	-	Gtf2f2	1823
1824	Kctd4	chr14	75955009	75966206	protein_coding	ENSMUSG00000046523	+	Kctd4	1824
1825	Gm25517	chr14	75972486	75972619	snoRNA	ENSMUSG00000065799	-	Gm25517	1825
1826	Gpalpp1	chr14	76086236	76110760	protein_coding	ENSMUSG00000022008	-	Gpalpp1	1826
1827	Nufip1	chr14	76110891	76137379	protein_coding	ENSMUSG00000022009	+	Nufip1	1827
1828	Rps2-ps6	chr14	76236691	76237545	processed_pseudogene	ENSMUSG00000095427	-	Rps2-ps6	1828
1829	2900040C04Rik	chr14	76251457	76252327	lncRNA	ENSMUSG00000115625	+	2900040C04Rik	1829
1830	Tsc22d1	chr14	76414961	76507765	protein_coding	ENSMUSG00000022010	+	Tsc22d1	1830
1831	E130202H07Rik	chr14	76526592	76530746	lncRNA	ENSMUSG00000115092	+	E130202H07Rik	1831
1832	Serp2	chr14	76532814	76556889	protein_coding	ENSMUSG00000052584	-	Serp2	1832
1833	Fkbp1a-ps1	chr14	76636537	76636864	processed_pseudogene	ENSMUSG00000115143	-	Fkbp1a-ps1	1833
1834	1700108F19Rik	chr14	76672963	76687169	lncRNA	ENSMUSG00000101009	+	1700108F19Rik	1834
1835	4930431P22Rik	chr14	76760131	76762217	lncRNA	ENSMUSG00000115709	+	4930431P22Rik	1835
1836	Gm30246	chr14	76780827	76784212	lncRNA	ENSMUSG00000115817	+	Gm30246	1836
1837	Gm48968	chr14	76832821	76853299	lncRNA	ENSMUSG00000115353	+	Gm48968	1837
1838	Gm48969	chr14	76861571	76875175	lncRNA	ENSMUSG00000115596	+	Gm48969	1838
1839	Lacc1	chr14	77024200	77036904	protein_coding	ENSMUSG00000044350	-	Lacc1	1839
1840	Ccdc122	chr14	77036772	77112257	protein_coding	ENSMUSG00000034795	+	Ccdc122	1840
1841	Enox1	chr14	77156763	77721760	protein_coding	ENSMUSG00000022012	+	Enox1	1841
1842	Gm10132	chr14	77251847	77252314	processed_pseudogene	ENSMUSG00000063556	-	Gm10132	1842
1843	Gm49001	chr14	77342602	77344854	transcribed_processed_pseudogene	ENSMUSG00000115733	-	Gm49001	1843
1844	Gm49002	chr14	77438586	77440976	lncRNA	ENSMUSG00000115244	-	Gm49002	1844
1845	Gm6994	chr14	77479483	77506868	lncRNA	ENSMUSG00000067973	-	Gm6994	1845
1846	n-R5s48	chr14	77530398	77530507	rRNA	ENSMUSG00000084431	+	n-R5s48	1846
1847	Gm23823	chr14	77540642	77540765	snoRNA	ENSMUSG00000089365	-	Gm23823	1847
1848	Gm49003	chr14	77578544	77633860	lncRNA	ENSMUSG00000115363	-	Gm49003	1848
1849	Gm30467	chr14	77780974	77794221	lncRNA	ENSMUSG00000115257	+	Gm30467	1849
1850	Gm1587	chr14	77793945	77798968	lncRNA	ENSMUSG00000075512	-	Gm1587	1850
1851	Dnajc15	chr14	77820681	77875125	protein_coding	ENSMUSG00000022013	-	Dnajc15	1851
1852	Epsti1	chr14	77904239	78002657	protein_coding	ENSMUSG00000022014	+	Epsti1	1852
1853	Gm48954	chr14	78019728	78048336	lncRNA	ENSMUSG00000115517	+	Gm48954	1853
1854	Gm19301	chr14	78070717	78090786	lncRNA	ENSMUSG00000092272	+	Gm19301	1854
1855	Fam216b	chr14	78081021	78089007	protein_coding	ENSMUSG00000045655	-	Fam216b	1855
1856	Gm48959	chr14	78199373	78199769	processed_pseudogene	ENSMUSG00000115552	+	Gm48959	1856
1857	Tnfsf11	chr14	78277445	78308043	protein_coding	ENSMUSG00000022015	-	Tnfsf11	1857
1858	Gm26197	chr14	78311226	78311340	rRNA	ENSMUSG00000092774	-	Gm26197	1858
1859	Gm4821	chr14	78461292	78461818	processed_pseudogene	ENSMUSG00000115450	+	Gm4821	1859
1860	Akap11	chr14	78492246	78536808	protein_coding	ENSMUSG00000022016	-	Akap11	1860
1861	Dgkh	chr14	78558750	78732776	protein_coding	ENSMUSG00000034731	-	Dgkh	1861
1862	Gm48998	chr14	78597770	78600476	TEC	ENSMUSG00000115087	-	Gm48998	1862
1863	Gm26251	chr14	78603710	78603831	snoRNA	ENSMUSG00000084447	+	Gm26251	1863
1864	Gm18368	chr14	78703810	78704563	processed_pseudogene	ENSMUSG00000115107	+	Gm18368	1864
1865	Gm49009	chr14	78762103	78762719	processed_pseudogene	ENSMUSG00000115514	+	Gm49009	1865
1866	Gm30584	chr14	78820981	78821197	processed_pseudogene	ENSMUSG00000115305	+	Gm30584	1866
1867	Gm19098	chr14	78829326	78831270	processed_pseudogene	ENSMUSG00000115290	-	Gm19098	1867
1868	Vwa8	chr14	78849052	79202310	protein_coding	ENSMUSG00000058997	+	Vwa8	1868
1869	Gm49016	chr14	78945180	78947227	lncRNA	ENSMUSG00000115090	-	Gm49016	1869
1870	Gm6997	chr14	78965949	78966568	processed_pseudogene	ENSMUSG00000115539	-	Gm6997	1870
1871	Gm49011	chr14	79105709	79105879	processed_pseudogene	ENSMUSG00000115643	+	Gm49011	1871
1872	Gm30970	chr14	79106039	79106401	processed_pseudogene	ENSMUSG00000115637	-	Gm30970	1872
1873	Gm49015	chr14	79146259	79151389	lncRNA	ENSMUSG00000115167	-	Gm49015	1873
1874	Gm4632	chr14	79178894	79199190	lncRNA	ENSMUSG00000115111	-	Gm4632	1874
1875	Zfp957	chr14	79212355	79247369	protein_coding	ENSMUSG00000071262	-	Zfp957	1875
1876	Gm49028	chr14	79260453	79261382	processed_pseudogene	ENSMUSG00000115045	+	Gm49028	1876
1877	Rgcc	chr14	79288756	79301645	protein_coding	ENSMUSG00000022018	-	Rgcc	1877
1878	Naa16	chr14	79325269	79390778	protein_coding	ENSMUSG00000022020	-	Naa16	1878
1879	Mtrf1	chr14	79397772	79423587	protein_coding	ENSMUSG00000022022	+	Mtrf1	1879
1880	Kbtbd7	chr14	79426511	79431036	protein_coding	ENSMUSG00000043881	+	Kbtbd7	1880
1881	Kbtbd6	chr14	79451835	79454818	protein_coding	ENSMUSG00000075502	+	Kbtbd6	1881
1882	Wbp4	chr14	79459937	79481520	protein_coding	ENSMUSG00000022023	-	Wbp4	1882
1883	Elf1	chr14	79481194	79582494	protein_coding	ENSMUSG00000036461	+	Elf1	1883
1884	Gm27857	chr14	79562167	79562292	miRNA	ENSMUSG00000093684	-	Gm27857	1884
1885	Sugt1	chr14	79587691	79635196	protein_coding	ENSMUSG00000022024	+	Sugt1	1885
1886	Cnmd	chr14	79637690	79662170	protein_coding	ENSMUSG00000022025	-	Cnmd	1886
1887	Gm49042	chr14	79695037	79702410	lncRNA	ENSMUSG00000115740	-	Gm49042	1887
1888	4930452G13Rik	chr14	79702920	79714464	lncRNA	ENSMUSG00000115422	+	4930452G13Rik	1888
1889	Mir759	chr14	79738431	79738528	miRNA	ENSMUSG00000076453	+	Mir759	1889
1890	Pcdh8	chr14	79766775	79771312	protein_coding	ENSMUSG00000036422	-	Pcdh8	1890
1891	Gm9748	chr14	79769908	79772743	lncRNA	ENSMUSG00000102774	+	Gm9748	1891
1892	Gm6999	chr14	79836712	80006326	lncRNA	ENSMUSG00000097927	+	Gm6999	1892
1893	Gm10845	chr14	79860521	79869176	lncRNA	ENSMUSG00000095959	-	Gm10845	1893
1894	Gm49542	chr14	79898467	79907230	lncRNA	ENSMUSG00000115190	+	Gm49542	1894
1895	Gm18605	chr14	79947657	79948279	processed_pseudogene	ENSMUSG00000115291	+	Gm18605	1895
1896	Olfm4	chr14	79984081	80023139	protein_coding	ENSMUSG00000022026	+	Olfm4	1896
1897	Gm17923	chr14	80214930	80216352	processed_pseudogene	ENSMUSG00000115334	+	Gm17923	1897
1898	Gm49043	chr14	80442405	80442870	processed_pseudogene	ENSMUSG00000115036	+	Gm49043	1898
1899	Gm19120	chr14	80834332	80835019	processed_pseudogene	ENSMUSG00000115346	+	Gm19120	1899
1900	Gm49044	chr14	80930737	80931037	processed_pseudogene	ENSMUSG00000115716	+	Gm49044	1900
1901	Gm49046	chr14	81100768	81123367	lncRNA	ENSMUSG00000115542	+	Gm49046	1901
1902	Cyp2c73-ps	chr14	81370045	81371091	processed_pseudogene	ENSMUSG00000115465	+	Cyp2c73-ps	1902
1903	Gm41219	chr14	81685810	81721128	lncRNA	ENSMUSG00000115455	+	Gm41219	1903
1904	Gm19311	chr14	81703206	81703671	processed_pseudogene	ENSMUSG00000115385	-	Gm19311	1904
1905	Gm18525	chr14	81839170	81840379	processed_pseudogene	ENSMUSG00000115175	+	Gm18525	1905
1906	Gm49047	chr14	82128619	82128850	processed_pseudogene	ENSMUSG00000115476	-	Gm49047	1906
1907	Gm49048	chr14	82140123	82142578	lncRNA	ENSMUSG00000115825	-	Gm49048	1907
1908	Gm22891	chr14	82384366	82384529	snRNA	ENSMUSG00000089266	-	Gm22891	1908
1909	Gm49049	chr14	82770391	82770577	processed_pseudogene	ENSMUSG00000115051	+	Gm49049	1909
1910	Gm49050	chr14	82855964	82856344	processed_pseudogene	ENSMUSG00000115847	-	Gm49050	1910
1911	Gm49051	chr14	82892837	82893106	processed_pseudogene	ENSMUSG00000115031	+	Gm49051	1911
1912	Gm24774	chr14	83405631	83405764	snoRNA	ENSMUSG00000088009	+	Gm24774	1912
1913	Gm49052	chr14	83496398	83496901	processed_pseudogene	ENSMUSG00000115393	-	Gm49052	1913
1914	Gm49053	chr14	83752648	83753059	processed_pseudogene	ENSMUSG00000115780	+	Gm49053	1914
1915	Gm49054	chr14	83932800	83939741	lncRNA	ENSMUSG00000115006	-	Gm49054	1915
1916	Gm32455	chr14	84046431	84075290	lncRNA	ENSMUSG00000115043	-	Gm32455	1916
1917	Gm49056	chr14	84114799	84115089	processed_pseudogene	ENSMUSG00000115770	+	Gm49056	1917
1918	Gm29800	chr14	84126486	84126874	processed_pseudogene	ENSMUSG00000115612	-	Gm29800	1918
1919	Gm49057	chr14	84391310	84391579	processed_pseudogene	ENSMUSG00000115227	+	Gm49057	1919
1920	Pcdh17	chr14	84443563	84539002	protein_coding	ENSMUSG00000035566	+	Pcdh17	1920
1921	9630013A20Rik	chr14	84458639	84476424	lncRNA	ENSMUSG00000115529	-	9630013A20Rik	1921
1922	Gm7004	chr14	84757626	84759083	processed_pseudogene	ENSMUSG00000115743	-	Gm7004	1922
1923	Gm9264	chr14	85479026	85479533	processed_pseudogene	ENSMUSG00000115239	+	Gm9264	1923
1924	Gm32729	chr14	86172923	86179581	lncRNA	ENSMUSG00000115217	+	Gm32729	1924
1925	Gm49060	chr14	86204742	86205372	processed_pseudogene	ENSMUSG00000115836	+	Gm49060	1925
1926	Gm49062	chr14	86229612	86229801	processed_pseudogene	ENSMUSG00000115128	-	Gm49062	1926
1927	4930529K09Rik	chr14	86245970	86283688	lncRNA	ENSMUSG00000115271	+	4930529K09Rik	1927
1928	Gm32815	chr14	86264144	86299734	lncRNA	ENSMUSG00000115777	-	Gm32815	1928
1929	Gm4350	chr14	86320285	86320863	processed_pseudogene	ENSMUSG00000115089	+	Gm4350	1929
1930	Gm32913	chr14	86396382	86409099	lncRNA	ENSMUSG00000115664	-	Gm32913	1930
1931	Gm25115	chr14	86408522	86408661	snRNA	ENSMUSG00000087812	+	Gm25115	1931
1932	Gm49157	chr14	86503446	86503575	processed_pseudogene	ENSMUSG00000115401	-	Gm49157	1932
1933	Gm49158	chr14	86511615	86512071	processed_pseudogene	ENSMUSG00000115776	-	Gm49158	1933
1934	Diaph3	chr14	86655367	87141235	protein_coding	ENSMUSG00000022021	-	Diaph3	1934
1935	Gm49159	chr14	86704562	86707185	TEC	ENSMUSG00000115306	-	Gm49159	1935
1936	Gm23438	chr14	86920621	86920711	miRNA	ENSMUSG00000077948	-	Gm23438	1936
1937	Gm49193	chr14	87160005	87162165	transcribed_processed_pseudogene	ENSMUSG00000115438	+	Gm49193	1937
1938	Gm37002	chr14	87199702	87200074	TEC	ENSMUSG00000102284	-	Gm37002	1938
1939	Tdrd3	chr14	87416639	87545504	protein_coding	ENSMUSG00000022019	+	Tdrd3	1939
1940	Gm49199	chr14	87428350	87429315	TEC	ENSMUSG00000115564	+	Gm49199	1940
1941	Gm33121	chr14	87441208	87441690	processed_pseudogene	ENSMUSG00000115484	-	Gm33121	1941
1942	Gm49197	chr14	87492953	87495153	TEC	ENSMUSG00000115184	+	Gm49197	1942
1943	Gm18812	chr14	87990229	87991072	transcribed_processed_pseudogene	ENSMUSG00000115452	-	Gm18812	1943
1944	Gm4355	chr14	88012269	88098037	transcribed_processed_pseudogene	ENSMUSG00000115527	-	Gm4355	1944
1945	Rps3a2	chr14	88123017	88123808	processed_pseudogene	ENSMUSG00000062611	-	Rps3a2	1945
1946	Gm33203	chr14	88264392	88337544	lncRNA	ENSMUSG00000115479	-	Gm33203	1946
1947	Gm9274	chr14	88349372	88350355	processed_pseudogene	ENSMUSG00000098095	-	Gm9274	1947
1948	Gm48929	chr14	88355004	88355497	processed_pseudogene	ENSMUSG00000115533	-	Gm48929	1948
1949	Gm9275	chr14	88395940	88396714	processed_pseudogene	ENSMUSG00000115202	+	Gm9275	1949
1950	Gm48930	chr14	88415390	88416025	transcribed_processed_pseudogene	ENSMUSG00000115114	-	Gm48930	1950
1951	Pcdh20	chr14	88464743	88471396	protein_coding	ENSMUSG00000050505	-	Pcdh20	1951
1952	Gm41225	chr14	88636033	88763761	lncRNA	ENSMUSG00000115623	+	Gm41225	1952
1953	Gm36946	chr14	89351025	89351459	TEC	ENSMUSG00000102164	+	Gm36946	1953
1954	Gm10110	chr14	89896228	89899447	transcribed_processed_pseudogene	ENSMUSG00000062093	-	Gm10110	1954
1955	Gm48941	chr14	90064763	90085892	lncRNA	ENSMUSG00000115313	-	Gm48941	1955
1956	4930474H20Rik	chr14	90126891	90269760	lncRNA	ENSMUSG00000115001	+	4930474H20Rik	1956
1957	Gm33246	chr14	90668259	90691445	lncRNA	ENSMUSG00000115292	-	Gm33246	1957
1958	Gm23225	chr14	91108179	91108292	snoRNA	ENSMUSG00000088746	-	Gm23225	1958
1959	Gm7272	chr14	91199439	91199878	processed_pseudogene	ENSMUSG00000115225	-	Gm7272	1959
1960	Gm48942	chr14	91638499	91647839	lncRNA	ENSMUSG00000115368	-	Gm48942	1960
1961	Gm48943	chr14	91676448	91730881	unprocessed_pseudogene	ENSMUSG00000115171	+	Gm48943	1961
1962	Gm48944	chr14	92233505	92233774	processed_pseudogene	ENSMUSG00000115308	+	Gm48944	1962
1963	Gm37341	chr14	92496628	92496998	TEC	ENSMUSG00000103410	+	Gm37341	1963
1964	Gm7232	chr14	92602458	92604397	processed_pseudogene	ENSMUSG00000115662	-	Gm7232	1964
1965	Gm48962	chr14	92674098	92674317	processed_pseudogene	ENSMUSG00000115660	+	Gm48962	1965
1966	4930433E05Rik	chr14	92861256	92866566	lncRNA	ENSMUSG00000115720	-	4930433E05Rik	1966
1967	Gm48963	chr14	92892528	92892702	processed_pseudogene	ENSMUSG00000115444	-	Gm48963	1967
1968	Pcdh9	chr14	93013410	93890679	protein_coding	ENSMUSG00000055421	-	Pcdh9	1968
1969	Gm23509	chr14	93138030	93138189	snRNA	ENSMUSG00000065014	-	Gm23509	1969
1970	Gm9247	chr14	93194698	93195696	processed_pseudogene	ENSMUSG00000115505	-	Gm9247	1970
1971	Gm17922	chr14	93202100	93202901	processed_pseudogene	ENSMUSG00000115632	-	Gm17922	1971
1972	Gm48964	chr14	93311137	93313156	TEC	ENSMUSG00000115447	+	Gm48964	1972
1973	Gm48967	chr14	93618846	93623029	TEC	ENSMUSG00000115023	+	Gm48967	1973
1974	C230086J09Rik	chr14	93797141	93801173	TEC	ENSMUSG00000115471	-	C230086J09Rik	1974
1975	Gm48981	chr14	93982142	93982246	processed_pseudogene	ENSMUSG00000115797	+	Gm48981	1975
1976	Gm48982	chr14	94255460	94257165	processed_pseudogene	ENSMUSG00000115613	-	Gm48982	1976
1977	Gm48983	chr14	94505370	94505716	processed_pseudogene	ENSMUSG00000115059	-	Gm48983	1977
1978	Gm18074	chr14	94508191	94508794	processed_pseudogene	ENSMUSG00000115638	-	Gm18074	1978
1979	Gm33450	chr14	94715695	94735465	lncRNA	ENSMUSG00000115822	-	Gm33450	1979
1980	Gm24680	chr14	94929701	94929826	snoRNA	ENSMUSG00000089384	+	Gm24680	1980
1981	Gm9721	chr14	95148616	95149329	processed_pseudogene	ENSMUSG00000115331	+	Gm9721	1981
1982	Gm48989	chr14	95261017	95262070	processed_pseudogene	ENSMUSG00000115038	+	Gm48989	1982
1983	Gm48990	chr14	95285234	95285656	processed_pseudogene	ENSMUSG00000115379	-	Gm48990	1983
1984	Gm48991	chr14	95339251	95339527	processed_pseudogene	ENSMUSG00000115499	-	Gm48991	1984
1985	Gm48994	chr14	95339630	95339995	processed_pseudogene	ENSMUSG00000115396	+	Gm48994	1985
1986	Gm5207	chr14	95419786	95421363	processed_pseudogene	ENSMUSG00000115243	+	Gm5207	1986
1987	Gm48995	chr14	95729500	95729980	processed_pseudogene	ENSMUSG00000115679	-	Gm48995	1987
1988	Spertl	chr14	95881254	95882780	protein_coding	ENSMUSG00000034689	+	Spertl	1988
1989	Gm18885	chr14	95932960	95934595	processed_pseudogene	ENSMUSG00000115029	+	Gm18885	1989
1990	Gm19099	chr14	95981980	95982700	processed_pseudogene	ENSMUSG00000115603	-	Gm19099	1990
1991	Klhl1	chr14	96102736	96519102	protein_coding	ENSMUSG00000022076	-	Klhl1	1991
1992	Gm15515	chr14	96231953	96232774	processed_pseudogene	ENSMUSG00000083933	+	Gm15515	1992
1993	Gm49006	chr14	96675070	96675550	processed_pseudogene	ENSMUSG00000115535	+	Gm49006	1993
1994	Gnb1-ps2	chr14	96700273	96700609	processed_pseudogene	ENSMUSG00000115315	-	Gnb1-ps2	1994
1995	Gm18926	chr14	96890698	96891511	processed_pseudogene	ENSMUSG00000115714	-	Gm18926	1995
1996	Gm49007	chr14	96924633	96992293	lncRNA	ENSMUSG00000115601	-	Gm49007	1996
1997	Gm9287	chr14	96967825	96969754	processed_pseudogene	ENSMUSG00000115052	+	Gm9287	1997
1998	Gm33525	chr14	97042601	97052968	lncRNA	ENSMUSG00000115229	-	Gm33525	1998
1999	Gm27441	chr14	97049481	97049585	miRNA	ENSMUSG00000098772	-	Gm27441	1999
2000	Gm23276	chr14	97336495	97336632	snoRNA	ENSMUSG00000088538	-	Gm23276	2000
2001	Dach1	chr14	97786853	98169765	protein_coding	ENSMUSG00000055639	-	Dach1	2001
2002	Gm25831	chr14	97967829	97967991	snRNA	ENSMUSG00000089549	-	Gm25831	2002
2003	Gm16331	chr14	98118509	98119006	processed_pseudogene	ENSMUSG00000086133	+	Gm16331	2003
2004	Gm26006	chr14	98260745	98260825	snoRNA	ENSMUSG00000089425	-	Gm26006	2004
2005	Gm46477	chr14	98273849	98274269	processed_pseudogene	ENSMUSG00000115218	-	Gm46477	2005
2006	Gm49017	chr14	98519416	98519700	processed_pseudogene	ENSMUSG00000115486	-	Gm49017	2006
2007	Gm26139	chr14	98624190	98624296	snRNA	ENSMUSG00000096444	+	Gm26139	2007
2008	Gm27034	chr14	98714813	98715752	processed_pseudogene	ENSMUSG00000098059	+	Gm27034	2008
2009	Gm49018	chr14	98887974	98920945	lncRNA	ENSMUSG00000115242	-	Gm49018	2009
2010	Gm18148	chr14	98922654	98923527	processed_pseudogene	ENSMUSG00000115567	+	Gm18148	2010
2011	Rpl36a-ps1	chr14	98993870	98994318	protein_coding	ENSMUSG00000060377	-	Rpl36a-ps1	2011
2012	Mzt1	chr14	99034544	99046134	protein_coding	ENSMUSG00000033186	-	Mzt1	2012
2013	Bora	chr14	99046222	99074540	protein_coding	ENSMUSG00000022070	+	Bora	2013
2014	Dis3	chr14	99075206	99099770	protein_coding	ENSMUSG00000033166	-	Dis3	2014
2015	Pibf1	chr14	99099424	99254493	protein_coding	ENSMUSG00000022064	+	Pibf1	2015
2016	Gm49026	chr14	99111677	99112814	TEC	ENSMUSG00000115071	+	Gm49026	2016
2017	Gm4412	chr14	99291204	99291636	processed_pseudogene	ENSMUSG00000100172	-	Gm4412	2017
2018	Klf5	chr14	99298691	99315036	protein_coding	ENSMUSG00000005148	+	Klf5	2018
2019	Gm22984	chr14	99352048	99352169	snRNA	ENSMUSG00000084700	-	Gm22984	2019
2020	Gm25130	chr14	99360672	99360827	snRNA	ENSMUSG00000064584	-	Gm25130	2020
2021	Gm49218	chr14	99365682	99366017	processed_pseudogene	ENSMUSG00000115746	-	Gm49218	2021
2022	Gm49219	chr14	99387439	99387778	processed_pseudogene	ENSMUSG00000115590	+	Gm49219	2022
2023	Gm49220	chr14	99441657	99442677	processed_pseudogene	ENSMUSG00000115178	+	Gm49220	2023
2024	Gm41230	chr14	99522545	99576902	lncRNA	ENSMUSG00000115580	+	Gm41230	2024
2025	Gm49225	chr14	99617527	99620016	lncRNA	ENSMUSG00000115550	-	Gm49225	2025
2026	Gm9298	chr14	99629756	99630666	processed_pseudogene	ENSMUSG00000115366	-	Gm9298	2026
2027	Gm37093	chr14	99747465	99792773	TEC	ENSMUSG00000103188	-	Gm37093	2027
2028	Gm22970	chr14	99773623	99773808	snRNA	ENSMUSG00000065238	-	Gm22970	2028
2029	Gm5958	chr14	99835518	99835814	processed_pseudogene	ENSMUSG00000087144	-	Gm5958	2029
2030	Klf12	chr14	99870632	100284679	protein_coding	ENSMUSG00000072294	-	Klf12	2030
2031	4930517O19Rik	chr14	100213142	100245339	lncRNA	ENSMUSG00000054391	+	4930517O19Rik	2031
2032	Gm41231	chr14	100286165	100292575	lncRNA	ENSMUSG00000110273	+	Gm41231	2032
2033	6330576A10Rik	chr14	100459423	100479525	lncRNA	ENSMUSG00000115821	+	6330576A10Rik	2033
2034	Gm9302	chr14	100519583	100520227	processed_pseudogene	ENSMUSG00000115732	-	Gm9302	2034
2035	Gm24345	chr14	100525244	100525367	snoRNA	ENSMUSG00000089331	-	Gm24345	2035
2036	Gm49237	chr14	100558632	100560670	lncRNA	ENSMUSG00000115506	+	Gm49237	2036
2037	Gm49238	chr14	100655761	100662533	TEC	ENSMUSG00000115105	+	Gm49238	2037
2038	Gm22401	chr14	100700621	100700737	miRNA	ENSMUSG00000092668	+	Gm22401	2038
2039	Gm23538	chr14	100760168	100760268	snRNA	ENSMUSG00000088160	-	Gm23538	2039
2040	Gm49239	chr14	100812187	100812478	processed_pseudogene	ENSMUSG00000115721	+	Gm49239	2040
2041	Prr30	chr14	101197690	101200330	protein_coding	ENSMUSG00000042888	-	Prr30	2041
2042	Gm26173	chr14	101283067	101283202	snoRNA	ENSMUSG00000089041	+	Gm26173	2042
2043	Hspd1-ps5	chr14	101343544	101345232	processed_pseudogene	ENSMUSG00000115538	+	Hspd1-ps5	2043
2044	Tbc1d4	chr14	101442360	101609191	protein_coding	ENSMUSG00000033083	-	Tbc1d4	2044
2045	Gm34417	chr14	101572528	101573014	processed_pseudogene	ENSMUSG00000115319	-	Gm34417	2045
2046	Commd6	chr14	101632981	101640686	protein_coding	ENSMUSG00000075486	-	Commd6	2046
2047	Uchl3	chr14	101653967	101696125	protein_coding	ENSMUSG00000022111	+	Uchl3	2047
2048	Gm18075	chr14	101702413	101703247	processed_pseudogene	ENSMUSG00000115435	-	Gm18075	2048
2049	Gm49269	chr14	101711434	101711605	processed_pseudogene	ENSMUSG00000115110	+	Gm49269	2049
2050	Gm9922	chr14	101727601	101729815	lncRNA	ENSMUSG00000053821	-	Gm9922	2050
2051	Lmo7	chr14	101729957	101934710	protein_coding	ENSMUSG00000033060	+	Lmo7	2051
2052	Gm5854	chr14	101981991	101982763	processed_pseudogene	ENSMUSG00000115584	-	Gm5854	2052
2053	Gm49292	chr14	102437023	102464994	lncRNA	ENSMUSG00000115696	+	Gm49292	2053
2054	Gm23764	chr14	102806099	102806146	rRNA	ENSMUSG00000088971	+	Gm23764	2054
2055	Gm34589	chr14	102818164	102834758	lncRNA	ENSMUSG00000115816	-	Gm34589	2055
2056	Kctd12	chr14	102976581	102982637	protein_coding	ENSMUSG00000098557	-	Kctd12	2056
2057	4933432I03Rik	chr14	102987412	103033803	lncRNA	ENSMUSG00000114980	-	4933432I03Rik	2057
2058	Rpl17-ps7	chr14	103010246	103010786	processed_pseudogene	ENSMUSG00000115512	+	Rpl17-ps7	2058
2059	Gm34643	chr14	103012908	103024457	lncRNA	ENSMUSG00000115855	+	Gm34643	2059
2060	Acod1	chr14	103046977	103056573	protein_coding	ENSMUSG00000022126	+	Acod1	2060
2061	Cln5	chr14	103070216	103077628	protein_coding	ENSMUSG00000022125	+	Cln5	2061
2062	Fbxl3	chr14	103080239	103099566	protein_coding	ENSMUSG00000022124	-	Fbxl3	2062
2063	Mycbp2	chr14	103113411	103346814	protein_coding	ENSMUSG00000033004	-	Mycbp2	2063
2064	Gm4654	chr14	103370465	103371446	processed_pseudogene	ENSMUSG00000098111	-	Gm4654	2064
2065	1700087I21Rik	chr14	103424905	103449867	lncRNA	ENSMUSG00000115099	+	1700087I21Rik	2065
2066	Gm34907	chr14	103463919	103512619	lncRNA	ENSMUSG00000115762	+	Gm34907	2066
2067	Scel	chr14	103513342	103612797	protein_coding	ENSMUSG00000022123	+	Scel	2067
2068	Slain1	chr14	103650228	103704907	protein_coding	ENSMUSG00000055717	+	Slain1	2068
2069	Slain1os	chr14	103692983	103699442	lncRNA	ENSMUSG00000089707	-	Slain1os	2069
2070	Ednrb	chr14	103814625	103844402	protein_coding	ENSMUSG00000022122	-	Ednrb	2070
2071	Gm37910	chr14	103948096	103949811	TEC	ENSMUSG00000104311	+	Gm37910	2071
2072	4930432J09Rik	chr14	103977628	104027142	lncRNA	ENSMUSG00000115727	-	4930432J09Rik	2072
2073	D130079A08Rik	chr14	104288431	104459336	lncRNA	ENSMUSG00000115424	-	D130079A08Rik	2073
2074	Pou4f1	chr14	104461676	104467999	protein_coding	ENSMUSG00000048349	-	Pou4f1	2074
2075	Rnf219	chr14	104477536	104522645	protein_coding	ENSMUSG00000022120	-	Rnf219	2075
2076	Gm49205	chr14	104481491	104482283	processed_pseudogene	ENSMUSG00000115384	+	Gm49205	2076
2077	Gm22021	chr14	104591094	104591200	snRNA	ENSMUSG00000077541	+	Gm22021	2077
2078	D130009I18Rik	chr14	104612791	104966783	lncRNA	ENSMUSG00000115432	+	D130009I18Rik	2078
2079	Gm24280	chr14	104971427	104971560	snoRNA	ENSMUSG00000077425	+	Gm24280	2079
2080	Gm5671	chr14	105043450	105044354	processed_pseudogene	ENSMUSG00000115195	+	Gm5671	2080
2081	Rbm26	chr14	105106751	105177327	protein_coding	ENSMUSG00000022119	-	Rbm26	2081
2082	Gm17066	chr14	105109390	105114676	lncRNA	ENSMUSG00000091509	-	Gm17066	2082
2083	Gm48937	chr14	105184024	105184385	processed_pseudogene	ENSMUSG00000115831	-	Gm48937	2083
2084	Gm6201	chr14	105199326	105201099	processed_pseudogene	ENSMUSG00000115247	-	Gm6201	2084
2085	Ndfip2	chr14	105258573	105309298	protein_coding	ENSMUSG00000053253	+	Ndfip2	2085
2086	Gm24207	chr14	105276879	105276986	snRNA	ENSMUSG00000064715	-	Gm24207	2086
2087	Gm16259	chr14	105292432	105292984	processed_pseudogene	ENSMUSG00000086260	-	Gm16259	2087
2088	5430440P10Rik	chr14	105427559	105437716	lncRNA	ENSMUSG00000115548	+	5430440P10Rik	2088
2089	4930449E01Rik	chr14	105498788	105505629	lncRNA	ENSMUSG00000022116	+	4930449E01Rik	2089
2090	Gm35909	chr14	105518096	105523485	lncRNA	ENSMUSG00000115386	+	Gm35909	2090
2091	9330188P03Rik	chr14	105589476	105632054	lncRNA	ENSMUSG00000115149	+	9330188P03Rik	2091
2092	Gm6145	chr14	105621015	105643725	lncRNA	ENSMUSG00000110080	-	Gm6145	2092
2093	Mir6390	chr14	105623642	105623770	miRNA	ENSMUSG00000098780	-	Mir6390	2093
2094	Gm10076	chr14	105681828	105682211	lncRNA	ENSMUSG00000060143	+	Gm10076	2094
2095	Gm48970	chr14	105853073	105862501	lncRNA	ENSMUSG00000115796	-	Gm48970	2095
2096	Spry2	chr14	105891947	105896819	protein_coding	ENSMUSG00000022114	-	Spry2	2096
2097	Frg2f4	chr14	106093234	106093482	processed_pseudogene	ENSMUSG00000115800	-	Frg2f4	2097
2098	Gm4775	chr14	106100765	106101166	processed_pseudogene	ENSMUSG00000090538	-	Gm4775	2098
2099	Trim52	chr14	106106198	106135859	protein_coding	ENSMUSG00000022113	+	Trim52	2099
2100	Gm48971	chr14	106211777	106211978	processed_pseudogene	ENSMUSG00000115501	-	Gm48971	2100
2101	Gm48972	chr14	106241684	106267934	lncRNA	ENSMUSG00000115754	-	Gm48972	2101
2102	Gm23459	chr14	106261123	106261253	snRNA	ENSMUSG00000065193	-	Gm23459	2102
2103	Gm36107	chr14	106265292	106271248	lncRNA	ENSMUSG00000115439	+	Gm36107	2103
2104	1700128A07Rik	chr14	106417187	106486520	lncRNA	ENSMUSG00000099794	-	1700128A07Rik	2104
2105	Gm48973	chr14	106555862	106556243	processed_pseudogene	ENSMUSG00000115695	-	Gm48973	2105
2106	Gm48974	chr14	106619588	106620359	processed_pseudogene	ENSMUSG00000115763	-	Gm48974	2106
2107	Gm23437	chr14	106766030	106766156	snoRNA	ENSMUSG00000077224	+	Gm23437	2107
2108	Gm9334	chr14	107525474	107526244	processed_pseudogene	ENSMUSG00000115510	-	Gm9334	2108
2109	Gm19146	chr14	107594707	107595524	processed_pseudogene	ENSMUSG00000115741	+	Gm19146	2109
2110	Gm9335	chr14	107748450	107749760	processed_pseudogene	ENSMUSG00000115273	+	Gm9335	2110
2111	Gm48976	chr14	107875402	107876753	processed_pseudogene	ENSMUSG00000115661	+	Gm48976	2111
2112	Gm48977	chr14	107997070	108011384	lncRNA	ENSMUSG00000115562	-	Gm48977	2112
2113	Gm24818	chr14	108379564	108379724	miRNA	ENSMUSG00000092834	+	Gm24818	2113
2114	Gm24229	chr14	108622543	108622660	snoRNA	ENSMUSG00000089455	+	Gm24229	2114
2115	Rpl27a-ps2	chr14	108692194	108692643	processed_pseudogene	ENSMUSG00000058430	-	Rpl27a-ps2	2115
2116	Slitrk1	chr14	108908800	108914158	protein_coding	ENSMUSG00000075478	-	Slitrk1	2116
2117	Gm18977	chr14	109523099	109524096	processed_pseudogene	ENSMUSG00000115642	+	Gm18977	2117
2118	Gm7313	chr14	109566618	109567087	processed_pseudogene	ENSMUSG00000115416	+	Gm7313	2118
2119	n-R5s50	chr14	110161835	110161945	rRNA	ENSMUSG00000065102	+	n-R5s50	2119
2120	Gm23242	chr14	110428157	110428263	snRNA	ENSMUSG00000094312	-	Gm23242	2120
2121	Gm48980	chr14	110461395	110461671	processed_pseudogene	ENSMUSG00000115336	-	Gm48980	2121
2122	Gm17932	chr14	110556420	110557003	processed_pseudogene	ENSMUSG00000115606	+	Gm17932	2122
2123	Gm25670	chr14	110597616	110597722	snRNA	ENSMUSG00000095059	-	Gm25670	2123
2124	Slitrk6	chr14	110748580	110755149	protein_coding	ENSMUSG00000045871	-	Slitrk6	2124
2125	Gm9348	chr14	110779228	110780211	processed_pseudogene	ENSMUSG00000115349	+	Gm9348	2125
2126	Gm48992	chr14	111432212	111433312	lncRNA	ENSMUSG00000115650	-	Gm48992	2126
2127	Gm48993	chr14	111466369	111466678	processed_pseudogene	ENSMUSG00000115755	-	Gm48993	2127
2128	Gm18580	chr14	111544201	111545092	processed_pseudogene	ENSMUSG00000115818	+	Gm18580	2128
2129	Slitrk5	chr14	111675097	111683141	protein_coding	ENSMUSG00000033214	+	Slitrk5	2129
2130	AC102368.2	chr14	111710078	111710504	processed_pseudogene	ENSMUSG00000118561	+	AC102368.2	2130
2131	AC102368.1	chr14	111710598	111710771	processed_pseudogene	ENSMUSG00000118534	+	AC102368.1	2131
2132	Gm48999	chr14	111949264	111950278	processed_pseudogene	ENSMUSG00000115663	+	Gm48999	2132
2133	Gm49000	chr14	112029642	112031238	TEC	ENSMUSG00000115558	-	Gm49000	2133
2134	Gm20127	chr14	112328718	112329175	processed_pseudogene	ENSMUSG00000115581	-	Gm20127	2134
2135	Gm4822	chr14	112481367	112481845	processed_pseudogene	ENSMUSG00000058953	+	Gm4822	2135
2136	Gm19223	chr14	112578865	112580551	processed_pseudogene	ENSMUSG00000115126	-	Gm19223	2136
2137	Gm4486	chr14	112957368	112958203	processed_pseudogene	ENSMUSG00000115786	+	Gm4486	2137
2138	Gm49005	chr14	113128821	113129193	processed_pseudogene	ENSMUSG00000115260	+	Gm49005	2138
2139	Tpm3-rs7	chr14	113314608	113316754	protein_coding	ENSMUSG00000058126	+	Tpm3-rs7	2139
2140	Gm4487	chr14	113490219	113490660	processed_pseudogene	ENSMUSG00000086415	-	Gm4487	2140
2141	Gm5209	chr14	113902027	113902746	processed_pseudogene	ENSMUSG00000115269	+	Gm5209	2141
2142	Gm18369	chr14	114172443	114173016	processed_pseudogene	ENSMUSG00000115572	+	Gm18369	2142
2143	Gm19829	chr14	114308700	114310803	processed_pseudogene	ENSMUSG00000115658	-	Gm19829	2143
2144	Gm37495	chr14	114820962	114821225	TEC	ENSMUSG00000103140	-	Gm37495	2144
2145	4930524C18Rik	chr14	114831965	114861327	lncRNA	ENSMUSG00000115320	+	4930524C18Rik	2145
2146	Gm49010	chr14	114874944	114876510	lncRNA	ENSMUSG00000115309	-	Gm49010	2146
2147	1700100I10Rik	chr14	114940227	114945948	lncRNA	ENSMUSG00000115372	-	1700100I10Rik	2147
2148	Gm31072	chr14	114945999	114947584	lncRNA	ENSMUSG00000114979	+	Gm31072	2148
2149	Mir17hg	chr14	115042879	115046727	lncRNA	ENSMUSG00000089726	+	Mir17hg	2149
2150	Mir17	chr14	115043671	115043754	miRNA	ENSMUSG00000065508	+	Mir17	2150
2151	Mir18	chr14	115043851	115043946	miRNA	ENSMUSG00000065403	+	Mir18	2151
2152	Mir19a	chr14	115044000	115044081	miRNA	ENSMUSG00000065416	+	Mir19a	2152
2153	Mir20a	chr14	115044157	115044263	miRNA	ENSMUSG00000065442	+	Mir20a	2153
2154	Mir19b-1	chr14	115044305	115044391	miRNA	ENSMUSG00000076256	+	Mir19b-1	2154
2155	Mir92-1	chr14	115044427	115044506	miRNA	ENSMUSG00000076062	+	Mir92-1	2155
2156	Gpc5	chr14	115092215	116525179	protein_coding	ENSMUSG00000022112	+	Gpc5	2156
2157	4930505G20Rik	chr14	115396551	115409552	lncRNA	ENSMUSG00000093551	-	4930505G20Rik	2157
2158	Gm18367	chr14	115555923	115556522	processed_pseudogene	ENSMUSG00000093589	-	Gm18367	2158
2159	Gm20713	chr14	115788144	115871278	lncRNA	ENSMUSG00000093497	-	Gm20713	2159
2160	Gpc6	chr14	116925315	117976544	protein_coding	ENSMUSG00000058571	+	Gpc6	2160
2161	Mir6239	chr14	117953743	117953847	miRNA	ENSMUSG00000098648	-	Mir6239	2161
2162	Dct	chr14	118012790	118052244	protein_coding	ENSMUSG00000022129	-	Dct	2162
2163	4930435M08Rik	chr14	118044974	118046864	lncRNA	ENSMUSG00000115689	+	4930435M08Rik	2163
2164	Tgds	chr14	118111911	118132755	protein_coding	ENSMUSG00000022130	-	Tgds	2164
2165	Gpr180	chr14	118137158	118163261	protein_coding	ENSMUSG00000022131	+	Gpr180	2165
2166	4933431J24Rik	chr14	118209378	118213145	lncRNA	ENSMUSG00000115774	+	4933431J24Rik	2166
2167	Sox21	chr14	118233232	118237030	protein_coding	ENSMUSG00000061517	-	Sox21	2167
2168	Gm4675	chr14	118236232	118261199	lncRNA	ENSMUSG00000090534	+	Gm4675	2168
2169	Mir6241	chr14	118258634	118258736	miRNA	ENSMUSG00000098612	+	Mir6241	2169
2170	Gm9376	chr14	118266960	118267688	protein_coding	ENSMUSG00000092109	+	Gm9376	2170
2171	Gm32093	chr14	118322977	118325899	lncRNA	ENSMUSG00000115258	+	Gm32093	2171
2172	Gm26791	chr14	118363732	118384768	lncRNA	ENSMUSG00000096997	+	Gm26791	2172
2173	1700044C05Rik	chr14	118365878	118398170	lncRNA	ENSMUSG00000099911	+	1700044C05Rik	2173
2174	Gm5672	chr14	118375261	118376194	processed_pseudogene	ENSMUSG00000115515	-	Gm5672	2174
2175	Abcc4	chr14	118482692	118706219	protein_coding	ENSMUSG00000032849	-	Abcc4	2175
2176	Gm49033	chr14	118564072	118564343	processed_pseudogene	ENSMUSG00000115075	+	Gm49033	2176
2177	Gm23302	chr14	118585039	118585138	snRNA	ENSMUSG00000064644	+	Gm23302	2177
2178	Mir6391	chr14	118592369	118592472	miRNA	ENSMUSG00000098433	-	Mir6391	2178
2179	Gm27198	chr14	118727794	118735145	lncRNA	ENSMUSG00000098630	-	Gm27198	2179
2180	Gm22379	chr14	118775152	118775282	snoRNA	ENSMUSG00000088105	+	Gm22379	2180
2181	Cldn10	chr14	118787908	118875489	protein_coding	ENSMUSG00000022132	+	Cldn10	2181
2182	Dzip1	chr14	118875520	118925460	protein_coding	ENSMUSG00000042156	-	Dzip1	2182
2183	Gm49179	chr14	118875882	118880860	lncRNA	ENSMUSG00000115718	+	Gm49179	2183
2184	Dnajc3	chr14	118937976	118981697	protein_coding	ENSMUSG00000022136	+	Dnajc3	2184
2185	Gm49768	chr14	118982994	118983760	lncRNA	ENSMUSG00000115220	-	Gm49768	2185
2186	Uggt2	chr14	118985039	119099430	protein_coding	ENSMUSG00000042104	-	Uggt2	2186
2187	Gm16835	chr14	119098965	119115074	lncRNA	ENSMUSG00000087479	+	Gm16835	2187
2188	Hs6st3	chr14	119138341	119869815	protein_coding	ENSMUSG00000053465	+	Hs6st3	2188
2189	Gm6087	chr14	119278424	119279086	processed_pseudogene	ENSMUSG00000115684	+	Gm6087	2189
2190	Gm6212	chr14	119644012	119644231	processed_pseudogene	ENSMUSG00000115196	+	Gm6212	2190
2191	1700006F04Rik	chr14	119749225	119751564	lncRNA	ENSMUSG00000100274	+	1700006F04Rik	2191
2192	Gm48985	chr14	119784759	119785094	processed_pseudogene	ENSMUSG00000115223	-	Gm48985	2192
2193	4930404K13Rik	chr14	119798978	119817574	lncRNA	ENSMUSG00000115639	+	4930404K13Rik	2193
2194	Oxgr1	chr14	120019585	120042435	protein_coding	ENSMUSG00000044819	-	Oxgr1	2194
2195	Gm20167	chr14	120077510	120077659	processed_pseudogene	ENSMUSG00000115133	+	Gm20167	2195
2196	Gm4681	chr14	120089943	120195452	lncRNA	ENSMUSG00000115146	-	Gm4681	2196
2197	Gm48997	chr14	120129924	120130603	lncRNA	ENSMUSG00000114983	-	Gm48997	2197
2198	Mbnl2	chr14	120275669	120431697	protein_coding	ENSMUSG00000022139	+	Mbnl2	2198
2199	Gm26679	chr14	120384859	120388985	lncRNA	ENSMUSG00000097903	-	Gm26679	2199
2200	Rap2a	chr14	120478444	120507194	protein_coding	ENSMUSG00000051615	+	Rap2a	2200
2201	Gm49008	chr14	120632962	120660850	lncRNA	ENSMUSG00000115648	+	Gm49008	2201
2202	Rpl19-ps5	chr14	120713078	120713666	processed_pseudogene	ENSMUSG00000115630	+	Rpl19-ps5	2202
2203	Gm17613	chr14	120749185	120750062	lncRNA	ENSMUSG00000090284	+	Gm17613	2203
2204	Gm25781	chr14	120798853	120798936	snRNA	ENSMUSG00000084476	+	Gm25781	2204
2205	Gm41253	chr14	120805143	120806284	lncRNA	ENSMUSG00000115835	-	Gm41253	2205
2206	Gm18076	chr14	120815127	120815740	processed_pseudogene	ENSMUSG00000115163	-	Gm18076	2206
2207	Gm9391	chr14	120827158	120827546	processed_pseudogene	ENSMUSG00000115028	+	Gm9391	2207
2208	Ipo5	chr14	120911224	120947999	protein_coding	ENSMUSG00000030662	+	Ipo5	2208
2209	Farp1	chr14	121035200	121283744	protein_coding	ENSMUSG00000025555	+	Farp1	2209
2210	B930095G15Rik	chr14	121248706	121253971	lncRNA	ENSMUSG00000085133	+	B930095G15Rik	2210
2211	Stk24	chr14	121286343	121380011	protein_coding	ENSMUSG00000063410	-	Stk24	2211
2212	Gm33299	chr14	121451730	121455762	lncRNA	ENSMUSG00000115123	-	Gm33299	2212
2213	Slc15a1	chr14	121459621	121505252	protein_coding	ENSMUSG00000025557	-	Slc15a1	2213
2214	Gm49035	chr14	121507013	121519130	lncRNA	ENSMUSG00000115390	-	Gm49035	2214
2215	Gm4529	chr14	121523544	121523748	processed_pseudogene	ENSMUSG00000115408	+	Gm4529	2215
2216	Dock9	chr14	121542046	121797837	protein_coding	ENSMUSG00000025558	-	Dock9	2216
2217	Gm9395	chr14	121831014	121831458	processed_pseudogene	ENSMUSG00000115443	+	Gm9395	2217
2218	1810041H14Rik	chr14	121876725	121879409	lncRNA	ENSMUSG00000102112	-	1810041H14Rik	2218
2219	Ubac2	chr14	121878620	122021034	protein_coding	ENSMUSG00000041765	+	Ubac2	2219
2220	Gpr18	chr14	121911253	121915781	protein_coding	ENSMUSG00000050350	-	Gpr18	2220
2221	Gpr183	chr14	121952551	121965195	protein_coding	ENSMUSG00000051212	-	Gpr183	2221
2222	Timm8a2	chr14	122034674	122038420	protein_coding	ENSMUSG00000071229	+	Timm8a2	2222
2223	Gm49236	chr14	122064351	122091226	lncRNA	ENSMUSG00000115121	-	Gm49236	2223
2224	A330035P11Rik	chr14	122103430	122106974	lncRNA	ENSMUSG00000085615	-	A330035P11Rik	2224
2225	Tm9sf2	chr14	122107038	122159604	protein_coding	ENSMUSG00000025544	+	Tm9sf2	2225
2226	Gm6254	chr14	122117938	122119009	processed_pseudogene	ENSMUSG00000066538	+	Gm6254	2226
2227	Gm17082	chr14	122121553	122122643	processed_pseudogene	ENSMUSG00000090674	+	Gm17082	2227
2228	Clybl	chr14	122181704	122402234	protein_coding	ENSMUSG00000025545	+	Clybl	2228
2229	1700108J01Rik	chr14	122229905	122233654	lncRNA	ENSMUSG00000100585	-	1700108J01Rik	2229
2230	Gm25464	chr14	122388054	122388160	snRNA	ENSMUSG00000095311	-	Gm25464	2230
2231	Gm5089	chr14	122434854	122451115	lncRNA	ENSMUSG00000064052	-	Gm5089	2231
2232	Zic5	chr14	122456795	122465677	protein_coding	ENSMUSG00000041703	-	Zic5	2232
2233	2610035F20Rik	chr14	122470284	122475199	lncRNA	ENSMUSG00000085555	-	2610035F20Rik	2233
2234	Zic2	chr14	122475435	122479852	protein_coding	ENSMUSG00000061524	+	Zic2	2234
2235	Gm10837	chr14	122490586	122492121	lncRNA	ENSMUSG00000075465	+	Gm10837	2235
2236	Gm9399	chr14	122494613	122495251	processed_pseudogene	ENSMUSG00000093669	-	Gm9399	2236
2237	Gm18143	chr14	122513439	122513829	processed_pseudogene	ENSMUSG00000115652	-	Gm18143	2237
2238	Pcca	chr14	122534324	122891100	protein_coding	ENSMUSG00000041650	+	Pcca	2238
2239	Gm49259	chr14	122609119	122610113	processed_pseudogene	ENSMUSG00000115256	-	Gm49259	2239
2240	Gm49260	chr14	122686316	122688378	TEC	ENSMUSG00000115264	+	Gm49260	2240
2241	Ggact	chr14	122816223	122913757	protein_coding	ENSMUSG00000041625	-	Ggact	2241
2242	4930594M22Rik	chr14	122913030	122937469	lncRNA	ENSMUSG00000075463	+	4930594M22Rik	2242
2243	Tmtc4	chr14	122918971	122984035	protein_coding	ENSMUSG00000041594	-	Tmtc4	2243
2244	Gm33906	chr14	123043282	123265002	lncRNA	ENSMUSG00000115016	+	Gm33906	2244
2245	Gm49294	chr14	123165302	123165485	processed_pseudogene	ENSMUSG00000115758	-	Gm49294	2245
2246	Nalcn	chr14	123276634	123627144	protein_coding	ENSMUSG00000000197	-	Nalcn	2246
2247	Gm49297	chr14	123386566	123389370	TEC	ENSMUSG00000115674	-	Gm49297	2247
2248	Itgbl1	chr14	123659971	123975618	protein_coding	ENSMUSG00000032925	+	Itgbl1	2248
2249	Gm9308	chr14	123698141	123698588	processed_pseudogene	ENSMUSG00000082793	-	Gm9308	2249
2250	Gm25272	chr14	123933718	123933845	snoRNA	ENSMUSG00000077481	+	Gm25272	2250
2251	Fgf14	chr14	123977907	124677127	protein_coding	ENSMUSG00000025551	-	Fgf14	2251
2252	Gm28932	chr14	123979210	123980619	lncRNA	ENSMUSG00000101445	+	Gm28932	2252
2253	Gm15422	chr14	123985276	123985816	processed_pseudogene	ENSMUSG00000082738	-	Gm15422	2253
2254	1700024B18Rik	chr14	123987635	124015684	lncRNA	ENSMUSG00000099994	+	1700024B18Rik	2254
2255	Gm49070	chr14	124398691	124398972	processed_pseudogene	ENSMUSG00000115472	+	Gm49070	2255
2256	Gm49071	chr14	124531952	124532403	processed_pseudogene	ENSMUSG00000115191	+	Gm49071	2256
2257	Olfr277-ps1	chr14	124589055	124589339	unprocessed_pseudogene	ENSMUSG00000108568	+	Olfr277-ps1	2257
2258	Gm49069	chr14	124608482	124612492	TEC	ENSMUSG00000114970	-	Gm49069	2258
2259	4930404O17Rik	chr14	124730320	124742797	lncRNA	ENSMUSG00000115490	-	4930404O17Rik	2259
