	gene_name	chr	start	end	type	ensembl_id	strand	gene_name2	Node_ID
0	Gm28002	chr3	3004130	3004229	miRNA	ENSMUSG00000098982	-	Gm28002	0
1	Gm37338	chr3	3188033	3188159	TEC	ENSMUSG00000103416	+	Gm37338	1
2	Gm8747	chr3	3266277	3267027	processed_pseudogene	ENSMUSG00000103028	-	Gm8747	2
3	Hnf4g	chr3	3508030	3658052	protein_coding	ENSMUSG00000017688	+	Hnf4g	3
4	Gm37000	chr3	3546368	3546795	unprocessed_pseudogene	ENSMUSG00000102283	+	Gm37000	4
5	Rps24-ps2	chr3	3791898	3792292	processed_pseudogene	ENSMUSG00000069125	+	Rps24-ps2	5
6	Gm2071	chr3	3829284	3830057	processed_pseudogene	ENSMUSG00000103245	+	Gm2071	6
7	Gm8775	chr3	4211718	4213044	processed_pseudogene	ENSMUSG00000091223	+	Gm8775	7
8	Gm23976	chr3	4305193	4305293	miRNA	ENSMUSG00000096480	-	Gm23976	8
9	n-R5s194	chr3	4338998	4339116	rRNA	ENSMUSG00000094830	+	n-R5s194	9
10	Gm34023	chr3	4371808	4372024	processed_pseudogene	ENSMUSG00000104233	+	Gm34023	10
11	Gm38131	chr3	4393870	4394299	processed_pseudogene	ENSMUSG00000104054	-	Gm38131	11
12	Gm37029	chr3	4504831	4505069	processed_pseudogene	ENSMUSG00000104073	+	Gm37029	12
13	Gm22944	chr3	4567203	4567335	snoRNA	ENSMUSG00000089287	-	Gm22944	13
14	Gm37801	chr3	4766098	4766371	processed_pseudogene	ENSMUSG00000103306	+	Gm37801	14
15	1110015O18Rik	chr3	4797558	4814911	lncRNA	ENSMUSG00000098659	+	1110015O18Rik	15
16	Gm6140	chr3	4890266	4891231	processed_pseudogene	ENSMUSG00000104141	-	Gm6140	16
17	Gm17308	chr3	5090276	5094776	lncRNA	ENSMUSG00000096922	+	Gm17308	17
18	2700069I18Rik	chr3	5177586	5220841	lncRNA	ENSMUSG00000086224	-	2700069I18Rik	18
19	Gm10748	chr3	5212838	5215216	TEC	ENSMUSG00000103881	+	Gm10748	19
20	Zfhx4	chr3	5218526	5415857	protein_coding	ENSMUSG00000025255	+	Zfhx4	20
21	4930555M17Rik	chr3	5512995	5515333	lncRNA	ENSMUSG00000093557	-	4930555M17Rik	21
22	Pex2	chr3	5560188	5576239	protein_coding	ENSMUSG00000040374	-	Pex2	22
23	Gm8797	chr3	5750806	5751295	protein_coding	ENSMUSG00000103034	+	Gm8797	23
24	Gm37350	chr3	5880832	5885503	lncRNA	ENSMUSG00000102979	-	Gm37350	24
25	Gm25144	chr3	5885595	5885704	miRNA	ENSMUSG00000096130	+	Gm25144	25
26	Gm17934	chr3	6137823	6138244	processed_pseudogene	ENSMUSG00000103848	-	Gm17934	26
27	Gm6162	chr3	6164895	6167824	processed_pseudogene	ENSMUSG00000103733	-	Gm6162	27
28	Gm38298	chr3	6267783	6267900	processed_pseudogene	ENSMUSG00000104270	-	Gm38298	28
29	Gm18658	chr3	6378332	6378601	processed_pseudogene	ENSMUSG00000103852	-	Gm18658	29
30	Gm5272	chr3	6450607	6451588	processed_pseudogene	ENSMUSG00000098226	-	Gm5272	30
31	Gm38291	chr3	6611205	6611463	processed_pseudogene	ENSMUSG00000103150	-	Gm38291	31
32	1700008P02Rik	chr3	6615418	6620443	protein_coding	ENSMUSG00000069118	-	1700008P02Rik	32
33	Olfr289-ps1	chr3	6751704	6752072	unprocessed_pseudogene	ENSMUSG00000103538	-	Olfr289-ps1	33
34	Gm22074	chr3	6977268	6977380	snoRNA	ENSMUSG00000089220	+	Gm22074	34
35	Gm8823	chr3	7192778	7193210	processed_pseudogene	ENSMUSG00000104274	-	Gm8823	35
36	Pkia	chr3	7366669	7445366	protein_coding	ENSMUSG00000027499	+	Pkia	36
37	Gm37918	chr3	7418340	7418459	processed_pseudogene	ENSMUSG00000103274	-	Gm37918	37
38	Gm8826	chr3	7454521	7455539	processed_pseudogene	ENSMUSG00000102268	+	Gm8826	38
39	Zc2hc1a	chr3	7503483	7553836	protein_coding	ENSMUSG00000043542	+	Zc2hc1a	39
40	Il7	chr3	7569994	7613760	protein_coding	ENSMUSG00000040329	-	Il7	40
41	Gm16685	chr3	7612705	7690001	lncRNA	ENSMUSG00000097804	+	Gm16685	41
42	Gm29747	chr3	7893335	7893919	processed_pseudogene	ENSMUSG00000103399	+	Gm29747	42
43	1700010I02Rik	chr3	7925303	7954889	lncRNA	ENSMUSG00000100010	-	1700010I02Rik	43
44	Gm7103	chr3	8214332	8216183	processed_pseudogene	ENSMUSG00000103725	+	Gm7103	44
45	Gm5841	chr3	8327531	8329707	processed_pseudogene	ENSMUSG00000103921	+	Gm5841	45
46	Gm24614	chr3	8429158	8429264	snRNA	ENSMUSG00000065203	+	Gm24614	46
47	1700003N22Rik	chr3	8462228	8463035	processed_pseudogene	ENSMUSG00000102463	-	1700003N22Rik	47
48	Stmn2	chr3	8509360	8561606	protein_coding	ENSMUSG00000027500	+	Stmn2	48
49	Gm18822	chr3	8615275	8616504	processed_pseudogene	ENSMUSG00000098047	-	Gm18822	49
50	Gm32496	chr3	8628051	8632454	lncRNA	ENSMUSG00000104102	+	Gm32496	50
51	Hey1	chr3	8663359	8667256	protein_coding	ENSMUSG00000040289	-	Hey1	51
52	Gm38007	chr3	8673410	8673722	processed_pseudogene	ENSMUSG00000103814	+	Gm38007	52
53	Gm23670	chr3	8679359	8679477	snoRNA	ENSMUSG00000088094	-	Gm23670	53
54	C230057A21Rik	chr3	8732870	8736360	lncRNA	ENSMUSG00000103346	-	C230057A21Rik	54
55	Gm37647	chr3	8743682	8746824	TEC	ENSMUSG00000103256	-	Gm37647	55
56	Mrps28	chr3	8802146	8923918	protein_coding	ENSMUSG00000040269	-	Mrps28	56
57	Gm15467	chr3	8881199	8881643	processed_pseudogene	ENSMUSG00000081594	+	Gm15467	57
58	Gm15466	chr3	8882238	8882570	processed_pseudogene	ENSMUSG00000081657	-	Gm15466	58
59	Tpd52	chr3	8925593	9004723	protein_coding	ENSMUSG00000027506	-	Tpd52	59
60	Gm37616	chr3	9047171	9047492	processed_pseudogene	ENSMUSG00000103461	-	Gm37616	60
61	4930539M17Rik	chr3	9061964	9071074	lncRNA	ENSMUSG00000103116	+	4930539M17Rik	61
62	Gm8860	chr3	9072767	9073211	processed_pseudogene	ENSMUSG00000103011	+	Gm8860	62
63	Zbtb10	chr3	9250602	9285333	protein_coding	ENSMUSG00000069114	+	Zbtb10	63
64	Gm22604	chr3	9402175	9402485	misc_RNA	ENSMUSG00000088229	+	Gm22604	64
65	C030034L19Rik	chr3	9403064	9437233	lncRNA	ENSMUSG00000097365	+	C030034L19Rik	65
66	Zfp704	chr3	9427020	9610085	protein_coding	ENSMUSG00000040209	-	Zfp704	66
67	Gm38001	chr3	9496168	9499928	TEC	ENSMUSG00000103485	+	Gm38001	67
68	Pag1	chr3	9687479	9833679	protein_coding	ENSMUSG00000027508	-	Pag1	68
69	Gm16337	chr3	9757607	9786142	lncRNA	ENSMUSG00000089794	+	Gm16337	69
70	Gm24786	chr3	9829620	9829728	rRNA	ENSMUSG00000088004	-	Gm24786	70
71	Gm6236	chr3	9899430	9902377	processed_pseudogene	ENSMUSG00000102795	+	Gm6236	71
72	Gm17877	chr3	9971188	9972001	processed_pseudogene	ENSMUSG00000103698	-	Gm17877	72
73	Fabp5	chr3	10012548	10016607	protein_coding	ENSMUSG00000027533	+	Fabp5	73
74	Gm38335	chr3	10022311	10025539	lncRNA	ENSMUSG00000104000	-	Gm38335	74
75	Gm9833	chr3	10088110	10092565	protein_coding	ENSMUSG00000049230	+	Gm9833	75
76	Pmp2	chr3	10179851	10183929	protein_coding	ENSMUSG00000052468	-	Pmp2	76
77	Gm37389	chr3	10179852	10197262	protein_coding	ENSMUSG00000103124	-	Gm37389	77
78	Fabp9	chr3	10193621	10197283	protein_coding	ENSMUSG00000027528	-	Fabp9	78
79	Fabp4	chr3	10204088	10208576	protein_coding	ENSMUSG00000062515	-	Fabp4	79
80	4632432E15Rik	chr3	10220995	10223433	TEC	ENSMUSG00000102705	-	4632432E15Rik	80
81	Fabp12	chr3	10244209	10301183	protein_coding	ENSMUSG00000027530	-	Fabp12	81
82	A930014E01Rik	chr3	10304791	10305120	TEC	ENSMUSG00000104092	+	A930014E01Rik	82
83	Gm38364	chr3	10309048	10309226	processed_pseudogene	ENSMUSG00000103592	+	Gm38364	83
84	Impa1	chr3	10311956	10331439	protein_coding	ENSMUSG00000027531	-	Impa1	84
85	Gm38303	chr3	10321712	10335681	protein_coding	ENSMUSG00000103392	-	Gm38303	85
86	Slc10a5	chr3	10331734	10335656	protein_coding	ENSMUSG00000058921	-	Slc10a5	86
87	Zfand1	chr3	10339953	10351317	protein_coding	ENSMUSG00000039795	-	Zfand1	87
88	Chmp4c	chr3	10366907	10428856	protein_coding	ENSMUSG00000027536	+	Chmp4c	88
89	Snx16	chr3	10417817	10440102	protein_coding	ENSMUSG00000027534	-	Snx16	89
90	Gm37831	chr3	10646316	10648102	TEC	ENSMUSG00000104451	+	Gm37831	90
91	Gm18692	chr3	10753918	10754428	processed_pseudogene	ENSMUSG00000104185	-	Gm18692	91
92	Gm37244	chr3	10772919	10774899	TEC	ENSMUSG00000102470	-	Gm37244	92
93	Gm21631	chr3	11008850	11009603	processed_pseudogene	ENSMUSG00000103323	-	Gm21631	93
94	Gm37832	chr3	11044170	11044358	processed_pseudogene	ENSMUSG00000081537	-	Gm37832	94
95	Gm22547	chr3	11154337	11154437	miRNA	ENSMUSG00000095289	+	Gm22547	95
96	Gm8919	chr3	11658497	11659510	processed_pseudogene	ENSMUSG00000098085	-	Gm8919	96
97	Gm10745	chr3	11823229	11844359	lncRNA	ENSMUSG00000104015	-	Gm10745	97
98	Gm37996	chr3	12384243	12384609	processed_pseudogene	ENSMUSG00000103339	-	Gm37996	98
99	Gm2429	chr3	12631260	12631845	processed_pseudogene	ENSMUSG00000104177	+	Gm2429	99
100	Gm8935	chr3	12855836	12858633	transcribed_processed_pseudogene	ENSMUSG00000095661	+	Gm8935	100
101	Gm8939	chr3	12892451	12893414	processed_pseudogene	ENSMUSG00000103950	-	Gm8939	101
102	Gm37813	chr3	13288197	13291891	TEC	ENSMUSG00000102815	+	Gm37813	102
103	Gm37197	chr3	13429558	13429958	processed_pseudogene	ENSMUSG00000104065	+	Gm37197	103
104	Gm2464	chr3	13470439	13471829	lncRNA	ENSMUSG00000102215	-	Gm2464	104
105	Ralyl	chr3	13471655	14182287	protein_coding	ENSMUSG00000039717	+	Ralyl	105
106	Gm37164	chr3	13669509	13670145	processed_pseudogene	ENSMUSG00000104514	-	Gm37164	106
107	Gm2474	chr3	13749954	13750512	processed_pseudogene	ENSMUSG00000103856	+	Gm2474	107
108	Gm19114	chr3	13838875	13840231	processed_pseudogene	ENSMUSG00000102891	-	Gm19114	108
109	Gm22026	chr3	14029482	14029762	misc_RNA	ENSMUSG00000084684	-	Gm22026	109
110	Gm23112	chr3	14267315	14267439	snoRNA	ENSMUSG00000089231	-	Gm23112	110
111	Gm38311	chr3	14330227	14330391	processed_pseudogene	ENSMUSG00000102707	+	Gm38311	111
112	Gm6300	chr3	14363117	14377587	unprocessed_pseudogene	ENSMUSG00000104375	+	Gm6300	112
113	Gm37358	chr3	14383922	14384400	processed_pseudogene	ENSMUSG00000103626	-	Gm37358	113
114	Gm8955	chr3	14428492	14435009	processed_pseudogene	ENSMUSG00000098036	-	Gm8955	114
115	Slc7a12	chr3	14480697	14505830	protein_coding	ENSMUSG00000039710	+	Slc7a12	115
116	Gm8957	chr3	14511084	14512095	processed_pseudogene	ENSMUSG00000098083	-	Gm8957	116
117	Lrrcc1	chr3	14533788	14572658	protein_coding	ENSMUSG00000027550	+	Lrrcc1	117
118	Gm17119	chr3	14564402	14564681	transcribed_processed_pseudogene	ENSMUSG00000090300	+	Gm17119	118
119	E2f5	chr3	14578641	14606309	protein_coding	ENSMUSG00000027552	+	E2f5	119
120	Rbis	chr3	14606284	14611285	protein_coding	ENSMUSG00000078784	-	Rbis	120
121	Car13	chr3	14641727	14663002	protein_coding	ENSMUSG00000027555	+	Car13	121
122	Gm5843	chr3	14722416	14729626	unprocessed_pseudogene	ENSMUSG00000084092	+	Gm5843	122
123	Car1	chr3	14766216	14808368	protein_coding	ENSMUSG00000027556	-	Car1	123
124	Gm16399	chr3	14802356	14802574	processed_pseudogene	ENSMUSG00000097790	-	Gm16399	124
125	Car3	chr3	14863512	14872523	protein_coding	ENSMUSG00000027559	+	Car3	125
126	Car2	chr3	14886273	14900770	protein_coding	ENSMUSG00000027562	+	Car2	126
127	A930001A20Rik	chr3	14971201	15002727	lncRNA	ENSMUSG00000098008	+	A930001A20Rik	127
128	Gm7132	chr3	14973569	14974552	processed_pseudogene	ENSMUSG00000098186	-	Gm7132	128
129	Gm33819	chr3	15153065	15171442	lncRNA	ENSMUSG00000103912	-	Gm33819	129
130	Gm9733	chr3	15296551	15332302	protein_coding	ENSMUSG00000078783	-	Gm9733	130
131	Sirpb1a	chr3	15371653	15426520	protein_coding	ENSMUSG00000095788	-	Sirpb1a	131
132	Sirpb1b	chr3	15495751	15575065	protein_coding	ENSMUSG00000095028	-	Sirpb1b	132
133	Gm37468	chr3	15547479	15548599	lncRNA	ENSMUSG00000102155	+	Gm37468	133
134	Sirpb1c	chr3	15795145	15848528	protein_coding	ENSMUSG00000074677	-	Sirpb1c	134
135	Gm6321	chr3	15891466	15892555	processed_pseudogene	ENSMUSG00000103688	-	Gm6321	135
136	Gm7343	chr3	15941773	15942833	processed_pseudogene	ENSMUSG00000103769	-	Gm7343	136
137	Gm5150	chr3	15946870	16006437	protein_coding	ENSMUSG00000078780	-	Gm5150	137
138	Gm24694	chr3	16013818	16013927	miRNA	ENSMUSG00000094598	+	Gm24694	138
139	Ythdf3	chr3	16183212	16217037	protein_coding	ENSMUSG00000047213	+	Ythdf3	139
140	Gm26485	chr3	16823249	16823312	snRNA	ENSMUSG00000088644	-	Gm26485	140
141	Gm6350	chr3	17269456	17270794	processed_pseudogene	ENSMUSG00000103351	+	Gm6350	141
142	Gm30340	chr3	17328694	17334425	lncRNA	ENSMUSG00000104411	-	Gm30340	142
143	Gm19694	chr3	17395879	17396383	processed_pseudogene	ENSMUSG00000102646	+	Gm19694	143
144	Gm38154	chr3	17670688	17671027	processed_pseudogene	ENSMUSG00000104242	+	Gm38154	144
145	Mir124-2hg	chr3	17789921	17808970	lncRNA	ENSMUSG00000100252	+	Mir124-2hg	145
146	Mir124a-2	chr3	17795662	17795770	miRNA	ENSMUSG00000093073	+	Mir124a-2	146
147	Gm23441	chr3	17803621	17803747	snRNA	ENSMUSG00000087893	-	Gm23441	147
148	Gm19175	chr3	17923708	17924623	processed_pseudogene	ENSMUSG00000105262	+	Gm19175	148
149	Cypt12	chr3	17948410	17948959	protein_coding	ENSMUSG00000027564	+	Cypt12	149
150	Gm5844	chr3	18008806	18010996	processed_pseudogene	ENSMUSG00000082896	+	Gm5844	150
151	Bhlhe22	chr3	18054174	18057517	protein_coding	ENSMUSG00000025128	+	Bhlhe22	151
152	Gm23726	chr3	18069326	18069392	miRNA	ENSMUSG00000094983	+	Gm23726	152
153	Cyp7b1	chr3	18071950	18243338	protein_coding	ENSMUSG00000039519	-	Cyp7b1	153
154	Gm23686	chr3	18177462	18177625	snRNA	ENSMUSG00000096391	-	Gm23686	154
155	Gm43834	chr3	18299310	18304139	TEC	ENSMUSG00000104801	+	Gm43834	155
156	Gm30667	chr3	18341667	18461254	lncRNA	ENSMUSG00000102886	-	Gm30667	156
157	4930433B08Rik	chr3	18468287	18480477	lncRNA	ENSMUSG00000102699	-	4930433B08Rik	157
158	Gm6369	chr3	18533875	18534286	processed_pseudogene	ENSMUSG00000040217	+	Gm6369	158
159	Pgk1-ps3	chr3	18564538	18565738	processed_pseudogene	ENSMUSG00000105280	+	Pgk1-ps3	159
160	Gm37317	chr3	18609808	18610831	processed_pseudogene	ENSMUSG00000104091	-	Gm37317	160
161	Gm42944	chr3	18622162	18626141	TEC	ENSMUSG00000104918	+	Gm42944	161
162	Gm30341	chr3	18753077	18753365	processed_pseudogene	ENSMUSG00000103264	+	Gm30341	162
163	Armc1	chr3	19131402	19163065	protein_coding	ENSMUSG00000027599	-	Armc1	163
164	Gm37979	chr3	19143188	19143899	TEC	ENSMUSG00000103135	-	Gm37979	164
165	Mtfr1	chr3	19187327	19220817	protein_coding	ENSMUSG00000027601	+	Mtfr1	165
166	Pde7a	chr3	19223108	19311322	protein_coding	ENSMUSG00000069094	-	Pde7a	166
167	Gm16093	chr3	19227780	19240987	lncRNA	ENSMUSG00000087108	+	Gm16093	167
168	Gm22282	chr3	19330773	19331084	misc_RNA	ENSMUSG00000089149	+	Gm22282	168
169	Dnajc5b	chr3	19508595	19610862	protein_coding	ENSMUSG00000027606	+	Dnajc5b	169
170	Gm23330	chr3	19560253	19560416	snRNA	ENSMUSG00000096211	+	Gm23330	170
171	Gm6141	chr3	19584791	19585538	processed_pseudogene	ENSMUSG00000084339	+	Gm6141	171
172	1700064H15Rik	chr3	19610368	19628677	protein_coding	ENSMUSG00000082766	-	1700064H15Rik	172
173	Trim55	chr3	19644474	19692421	protein_coding	ENSMUSG00000060913	+	Trim55	173
174	BC002189	chr3	19685971	19686568	lncRNA	ENSMUSG00000104465	+	BC002189	174
175	Crh	chr3	19693401	19695396	protein_coding	ENSMUSG00000049796	-	Crh	175
176	Gm18864	chr3	19708270	19709320	processed_pseudogene	ENSMUSG00000102261	-	Gm18864	176
177	Gm7442	chr3	19768873	19769255	processed_pseudogene	ENSMUSG00000106182	+	Gm7442	177
178	4632415L05Rik	chr3	19894886	19901033	transcribed_unprocessed_pseudogene	ENSMUSG00000048106	+	4632415L05Rik	178
179	Gm37523	chr3	19913796	19914355	processed_pseudogene	ENSMUSG00000103781	+	Gm37523	179
180	Gm17771	chr3	19934242	19935388	processed_pseudogene	ENSMUSG00000104031	+	Gm17771	180
181	Cp	chr3	19957054	20009145	protein_coding	ENSMUSG00000003617	+	Cp	181
182	Hps3	chr3	19995945	20035315	protein_coding	ENSMUSG00000027615	-	Hps3	182
183	Hltf	chr3	20057811	20118490	protein_coding	ENSMUSG00000002428	+	Hltf	183
184	Gyg	chr3	20122084	20155317	protein_coding	ENSMUSG00000019528	-	Gyg	184
185	Cpa3	chr3	20215620	20242181	protein_coding	ENSMUSG00000001865	-	Cpa3	185
186	Mir7007	chr3	20222290	20222359	miRNA	ENSMUSG00000099105	-	Mir7007	186
187	Cpb1	chr3	20248264	20275733	protein_coding	ENSMUSG00000011463	-	Cpb1	187
188	Gm43525	chr3	20308407	20309915	lncRNA	ENSMUSG00000105208	+	Gm43525	188
189	Agtr1b	chr3	20314473	20367177	protein_coding	ENSMUSG00000054988	-	Agtr1b	189
190	Gm18426	chr3	20391013	20391985	processed_pseudogene	ENSMUSG00000103573	-	Gm18426	190
191	Gm31466	chr3	20503098	20506208	lncRNA	ENSMUSG00000102636	-	Gm31466	191
192	Gm18491	chr3	20782470	20784063	processed_pseudogene	ENSMUSG00000103460	-	Gm18491	192
193	Gm38323	chr3	20787937	20788146	processed_pseudogene	ENSMUSG00000102986	+	Gm38323	193
194	Gm18493	chr3	20804475	20806086	processed_pseudogene	ENSMUSG00000103533	+	Gm18493	194
195	Gm37480	chr3	20819621	20823689	TEC	ENSMUSG00000102807	+	Gm37480	195
196	Gm7488	chr3	21049565	21050248	processed_pseudogene	ENSMUSG00000039617	+	Gm7488	196
197	Gm43160	chr3	21113583	21114003	processed_pseudogene	ENSMUSG00000106051	-	Gm43160	197
198	Gm29137	chr3	21268372	21269090	lncRNA	ENSMUSG00000101897	-	Gm29137	198
199	Gm43675	chr3	21603810	21605508	unprocessed_pseudogene	ENSMUSG00000106085	+	Gm43675	199
200	Gm17935	chr3	21648387	21649158	processed_pseudogene	ENSMUSG00000106460	+	Gm17935	200
201	Gm31693	chr3	21702815	21712460	lncRNA	ENSMUSG00000105440	+	Gm31693	201
202	7530428D23Rik	chr3	21753529	21800773	transcribed_processed_pseudogene	ENSMUSG00000103441	-	7530428D23Rik	202
203	Gm43671	chr3	22021197	22021629	processed_pseudogene	ENSMUSG00000106527	+	Gm43671	203
204	Gm43672	chr3	22074412	22076142	lncRNA	ENSMUSG00000106019	-	Gm43672	204
205	Tbl1xr1	chr3	22076652	22216594	protein_coding	ENSMUSG00000027630	+	Tbl1xr1	205
206	Gm5842	chr3	22080494	22081115	processed_pseudogene	ENSMUSG00000103293	-	Gm5842	206
207	Rprl2	chr3	22251374	22251663	ribozyme	ENSMUSG00000087775	+	Rprl2	207
208	Gm38324	chr3	22285081	22297830	lncRNA	ENSMUSG00000102987	-	Gm38324	208
209	Gm37636	chr3	22348862	22349612	processed_pseudogene	ENSMUSG00000102866	-	Gm37636	209
210	Gm26354	chr3	22409923	22410051	snoRNA	ENSMUSG00000088846	-	Gm26354	210
211	Spin3-ps	chr3	22525238	22526007	processed_pseudogene	ENSMUSG00000103801	+	Spin3-ps	211
212	Gm36983	chr3	23072419	23074921	unprocessed_pseudogene	ENSMUSG00000103275	+	Gm36983	212
213	Gm37021	chr3	23085975	23088949	lncRNA	ENSMUSG00000103607	+	Gm37021	213
214	4930412E21Rik	chr3	23461050	23521398	lncRNA	ENSMUSG00000102203	+	4930412E21Rik	214
215	Naaladl2	chr3	23798102	25144261	protein_coding	ENSMUSG00000102758	-	Naaladl2	215
216	Gm7536	chr3	24333068	24333511	processed_pseudogene	ENSMUSG00000057036	+	Gm7536	216
217	Gm24704	chr3	24562074	24562180	snRNA	ENSMUSG00000070227	+	Gm24704	217
218	Gm24062	chr3	24718716	24718981	misc_RNA	ENSMUSG00000088115	+	Gm24062	218
219	Gm42774	chr3	25007423	25007705	processed_pseudogene	ENSMUSG00000105009	-	Gm42774	219
220	Gm38002	chr3	25184800	25184979	processed_pseudogene	ENSMUSG00000102855	-	Gm38002	220
221	Gm10259	chr3	25211016	25212605	processed_pseudogene	ENSMUSG00000069083	-	Gm10259	221
222	Nlgn1	chr3	25426215	26332460	protein_coding	ENSMUSG00000063887	-	Nlgn1	222
223	Gm24250	chr3	25546020	25546154	rRNA	ENSMUSG00000087945	+	Gm24250	223
224	Gm37573	chr3	25695195	25700303	lncRNA	ENSMUSG00000102397	-	Gm37573	224
225	Gm6197	chr3	25731243	25731696	processed_pseudogene	ENSMUSG00000104295	+	Gm6197	225
226	A830092H15Rik	chr3	26331150	26333377	lncRNA	ENSMUSG00000074664	+	A830092H15Rik	226
227	Gm4855	chr3	26380445	26382411	processed_pseudogene	ENSMUSG00000102274	+	Gm4855	227
228	Gm25773	chr3	26626185	26626311	miRNA	ENSMUSG00000080368	-	Gm25773	228
229	Spata16	chr3	26637620	26983212	protein_coding	ENSMUSG00000039335	+	Spata16	229
230	Gm37659	chr3	27012764	27012874	processed_pseudogene	ENSMUSG00000103712	+	Gm37659	230
231	Gm7558	chr3	27046789	27047953	processed_pseudogene	ENSMUSG00000102908	-	Gm7558	231
232	Ect2	chr3	27097222	27153878	protein_coding	ENSMUSG00000027699	-	Ect2	232
233	Gm25152	chr3	27108982	27109095	snoRNA	ENSMUSG00000087742	+	Gm25152	233
234	1700125G22Rik	chr3	27154026	27157019	lncRNA	ENSMUSG00000097584	+	1700125G22Rik	234
235	Nceh1	chr3	27182965	27284608	protein_coding	ENSMUSG00000027698	+	Nceh1	235
236	Gm37191	chr3	27278060	27278447	processed_pseudogene	ENSMUSG00000102186	+	Gm37191	236
237	Gm43345	chr3	27308406	27308674	processed_pseudogene	ENSMUSG00000105806	-	Gm43345	237
238	Tnfsf10	chr3	27317028	27342427	protein_coding	ENSMUSG00000039304	+	Tnfsf10	238
239	Ghsr	chr3	27371351	27378010	protein_coding	ENSMUSG00000051136	+	Ghsr	239
240	Fndc3b	chr3	27416162	27711307	protein_coding	ENSMUSG00000039286	-	Fndc3b	240
241	Gm43344	chr3	27546641	27547869	TEC	ENSMUSG00000106625	+	Gm43344	241
242	Mir3092	chr3	27584900	27584995	miRNA	ENSMUSG00000092695	-	Mir3092	242
243	Tmem212	chr3	27866066	27896368	protein_coding	ENSMUSG00000043164	-	Tmem212	243
244	Pld1	chr3	27938695	28133362	protein_coding	ENSMUSG00000027695	+	Pld1	244
245	Gm42196	chr3	28176553	28212209	lncRNA	ENSMUSG00000109716	+	Gm42196	245
246	Gm37098	chr3	28245523	28245766	processed_pseudogene	ENSMUSG00000103729	+	Gm37098	246
247	Tnik	chr3	28263214	28675858	protein_coding	ENSMUSG00000027692	+	Tnik	247
248	Gm37537	chr3	28324357	28326094	TEC	ENSMUSG00000103420	+	Gm37537	248
249	Mir466q	chr3	28419943	28420018	miRNA	ENSMUSG00000092990	+	Mir466q	249
250	Slc2a2	chr3	28697903	28731359	protein_coding	ENSMUSG00000027690	+	Slc2a2	250
251	1700112D23Rik	chr3	28702667	28781108	lncRNA	ENSMUSG00000091329	-	1700112D23Rik	251
252	Gm6505	chr3	28764713	28765360	processed_pseudogene	ENSMUSG00000070522	-	Gm6505	252
253	Eif5a2	chr3	28781276	28798846	protein_coding	ENSMUSG00000050192	+	Eif5a2	253
254	Gm32950	chr3	28802804	28805336	lncRNA	ENSMUSG00000103827	-	Gm32950	254
255	Rpl22l1	chr3	28805436	28807424	protein_coding	ENSMUSG00000039221	+	Rpl22l1	255
256	Gm33051	chr3	28807205	28813985	lncRNA	ENSMUSG00000104444	-	Gm33051	256
257	Gm37867	chr3	28852033	28854257	lncRNA	ENSMUSG00000104275	-	Gm37867	257
258	Gm37924	chr3	28879812	28883458	TEC	ENSMUSG00000102482	+	Gm37924	258
259	Gm1527	chr3	28892617	28926724	protein_coding	ENSMUSG00000074655	+	Gm1527	259
260	Egfem1	chr3	29082023	29691209	protein_coding	ENSMUSG00000063600	+	Egfem1	260
261	Gm38029	chr3	29174838	29176927	TEC	ENSMUSG00000103992	+	Gm38029	261
262	Gm37965	chr3	29219887	29221248	TEC	ENSMUSG00000102579	+	Gm37965	262
263	Mir21b	chr3	29636744	29636851	miRNA	ENSMUSG00000098315	+	Mir21b	263
264	Gm33206	chr3	29773466	29893177	lncRNA	ENSMUSG00000102574	-	Gm33206	264
265	Mannr	chr3	29891014	29924191	lncRNA	ENSMUSG00000102590	+	Mannr	265
266	Gm37281	chr3	29926536	29926974	processed_pseudogene	ENSMUSG00000102884	+	Gm37281	266
267	Mecom	chr3	29951296	30548008	protein_coding	ENSMUSG00000027684	-	Mecom	267
268	Mecomos	chr3	30012379	30054808	lncRNA	ENSMUSG00000085702	+	Mecomos	268
269	Gm38066	chr3	30160253	30161886	TEC	ENSMUSG00000104486	-	Gm38066	269
270	Gm38197	chr3	30225573	30227694	TEC	ENSMUSG00000102460	-	Gm38197	270
271	Gm10258	chr3	30267825	30269947	TEC	ENSMUSG00000069074	-	Gm10258	271
272	Gm38362	chr3	30272322	30274385	TEC	ENSMUSG00000103870	-	Gm38362	272
273	Gm37024	chr3	30488426	30489293	TEC	ENSMUSG00000104079	+	Gm37024	273
274	Gm37652	chr3	30501719	30503813	TEC	ENSMUSG00000103738	-	Gm37652	274
275	Gm38258	chr3	30552697	30564243	lncRNA	ENSMUSG00000102256	-	Gm38258	275
276	Gm38153	chr3	30561658	30562129	processed_pseudogene	ENSMUSG00000104243	-	Gm38153	276
277	1600017P15Rik	chr3	30595346	30595757	misc_RNA	ENSMUSG00000065361	-	1600017P15Rik	277
278	Actrt3	chr3	30597073	30599939	protein_coding	ENSMUSG00000037737	-	Actrt3	278
279	Mynn	chr3	30602065	30619873	protein_coding	ENSMUSG00000037730	+	Mynn	279
280	Lrrc34	chr3	30624267	30647869	protein_coding	ENSMUSG00000027702	-	Lrrc34	280
281	Lrriq4	chr3	30644507	30672431	protein_coding	ENSMUSG00000027703	+	Lrriq4	281
282	Lrrc31	chr3	30679058	30699843	protein_coding	ENSMUSG00000074653	-	Lrrc31	282
283	Gm15462	chr3	30686085	30692366	lncRNA	ENSMUSG00000086189	+	Gm15462	283
284	Samd7	chr3	30746293	30767174	protein_coding	ENSMUSG00000051860	+	Samd7	284
285	4933429H19Rik	chr3	30792570	30793564	lncRNA	ENSMUSG00000097786	-	4933429H19Rik	285
286	Sec62	chr3	30792875	30821263	protein_coding	ENSMUSG00000027706	+	Sec62	286
287	Gm38080	chr3	30828565	30828832	processed_pseudogene	ENSMUSG00000104361	-	Gm38080	287
288	Gpr160	chr3	30855950	30897192	protein_coding	ENSMUSG00000037661	+	Gpr160	288
289	Phc3	chr3	30899371	30969415	protein_coding	ENSMUSG00000037652	-	Phc3	289
290	9530022L04Rik	chr3	30957329	30957638	TEC	ENSMUSG00000102369	-	9530022L04Rik	290
291	Gm2979	chr3	30974649	30975111	processed_pseudogene	ENSMUSG00000102741	+	Gm2979	291
292	Prkci	chr3	30995747	31052959	protein_coding	ENSMUSG00000037643	+	Prkci	292
293	Skil	chr3	31095058	31122577	protein_coding	ENSMUSG00000027660	+	Skil	293
294	Cldn11	chr3	31149920	31164324	protein_coding	ENSMUSG00000037625	+	Cldn11	294
295	Slc7a14	chr3	31202858	31310378	protein_coding	ENSMUSG00000069072	-	Slc7a14	295
296	Gm15496	chr3	31285587	31316891	lncRNA	ENSMUSG00000085953	+	Gm15496	296
297	Gm38025	chr3	31341012	31345280	lncRNA	ENSMUSG00000103998	+	Gm38025	297
298	Gm6558	chr3	31644796	31690585	transcribed_unprocessed_pseudogene	ENSMUSG00000103499	-	Gm6558	298
299	Kcnmb2	chr3	31902507	32200180	protein_coding	ENSMUSG00000037610	+	Kcnmb2	299
300	Gm37834	chr3	31954764	31957798	TEC	ENSMUSG00000103539	+	Gm37834	300
301	Gm37770	chr3	32260333	32261104	processed_pseudogene	ENSMUSG00000103643	+	Gm37770	301
302	Zmat3	chr3	32334792	32366014	protein_coding	ENSMUSG00000027663	-	Zmat3	302
303	Gm36990	chr3	32371578	32372989	TEC	ENSMUSG00000102825	-	Gm36990	303
304	Pik3ca	chr3	32397671	32468486	protein_coding	ENSMUSG00000027665	+	Pik3ca	304
305	Gm37123	chr3	32454587	32455757	TEC	ENSMUSG00000103039	+	Gm37123	305
306	Kcnmb3	chr3	32471588	32492231	protein_coding	ENSMUSG00000091091	-	Kcnmb3	306
307	Zfp639	chr3	32510259	32520833	protein_coding	ENSMUSG00000027667	+	Zfp639	307
308	Gm37592	chr3	32511803	32512344	lncRNA	ENSMUSG00000104231	-	Gm37592	308
309	Mfn1	chr3	32529465	32579239	protein_coding	ENSMUSG00000027668	+	Mfn1	309
310	Gnb4	chr3	32580332	32616585	protein_coding	ENSMUSG00000027669	-	Gnb4	310
311	Gm37640	chr3	32610861	32613513	lncRNA	ENSMUSG00000102862	+	Gm37640	311
312	Actl6a	chr3	32706298	32726973	protein_coding	ENSMUSG00000027671	+	Actl6a	312
313	Gm37353	chr3	32721777	32722089	TEC	ENSMUSG00000103590	-	Gm37353	313
314	Mrpl47	chr3	32725397	32737605	protein_coding	ENSMUSG00000037531	-	Mrpl47	314
315	Ndufb5	chr3	32736990	32751566	protein_coding	ENSMUSG00000027673	+	Ndufb5	315
316	Usp13	chr3	32817546	32938071	protein_coding	ENSMUSG00000056900	+	Usp13	316
317	Gm15574	chr3	32880011	32880608	processed_pseudogene	ENSMUSG00000081883	-	Gm15574	317
318	Gm37459	chr3	32939314	32983301	lncRNA	ENSMUSG00000104283	+	Gm37459	318
319	Pex5l	chr3	32949408	33143247	protein_coding	ENSMUSG00000027674	-	Pex5l	319
320	Gm23214	chr3	33011958	33012114	snRNA	ENSMUSG00000084665	+	Gm23214	320
321	4930419G24Rik	chr3	33024777	33088607	lncRNA	ENSMUSG00000087625	+	4930419G24Rik	321
322	Gm37443	chr3	33034228	33037054	TEC	ENSMUSG00000102581	-	Gm37443	322
323	Gm19445	chr3	33073919	33076356	TEC	ENSMUSG00000102498	-	Gm19445	323
324	Gm37128	chr3	33190805	33191036	processed_pseudogene	ENSMUSG00000103896	+	Gm37128	324
325	Gm37031	chr3	33283118	33285647	TEC	ENSMUSG00000104384	+	Gm37031	325
326	Gm37398	chr3	33393382	33394847	TEC	ENSMUSG00000104203	-	Gm37398	326
327	Gm5845	chr3	33621608	33622403	processed_pseudogene	ENSMUSG00000103423	+	Gm5845	327
328	Gm42694	chr3	33684508	33684865	processed_pseudogene	ENSMUSG00000104954	-	Gm42694	328
329	Gm43666	chr3	33703355	33759616	lncRNA	ENSMUSG00000104588	-	Gm43666	329
330	Gm18611	chr3	33730600	33733534	processed_pseudogene	ENSMUSG00000106231	+	Gm18611	330
331	Ttc14	chr3	33799832	33814860	protein_coding	ENSMUSG00000027677	+	Ttc14	331
332	Ccdc39	chr3	33812362	33844310	protein_coding	ENSMUSG00000027676	-	Ccdc39	332
333	Gm43140	chr3	33817256	33817946	lncRNA	ENSMUSG00000105286	+	Gm43140	333
334	4930431L21Rik	chr3	33866813	33897584	lncRNA	ENSMUSG00000105475	-	4930431L21Rik	334
335	4930502C17Rik	chr3	33956200	33957147	TEC	ENSMUSG00000106584	+	4930502C17Rik	335
336	Gm23175	chr3	33959069	33959200	snoRNA	ENSMUSG00000077559	-	Gm23175	336
337	Gm9791	chr3	34005017	34005463	processed_pseudogene	ENSMUSG00000044434	-	Gm9791	337
338	Gm43077	chr3	34017708	34019882	lncRNA	ENSMUSG00000105535	-	Gm43077	338
339	Fxr1	chr3	34019943	34070322	protein_coding	ENSMUSG00000027680	+	Fxr1	339
340	Gm43667	chr3	34054335	34055429	TEC	ENSMUSG00000105135	-	Gm43667	340
341	Dnajc19	chr3	34056020	34081321	protein_coding	ENSMUSG00000027679	-	Dnajc19	341
342	Gm43668	chr3	34070659	34076000	TEC	ENSMUSG00000105176	+	Gm43668	342
343	Sox2ot	chr3	34104270	34682619	lncRNA	ENSMUSG00000105265	+	Sox2ot	343
344	Gm5708	chr3	34183307	34184192	processed_pseudogene	ENSMUSG00000105739	+	Gm5708	344
345	Gm38505	chr3	34298172	34351712	lncRNA	ENSMUSG00000092196	-	Gm38505	345
346	Gm34599	chr3	34416495	34418162	lncRNA	ENSMUSG00000105577	+	Gm34599	346
347	Gm20515	chr3	34427373	34435097	lncRNA	ENSMUSG00000092242	-	Gm20515	347
348	Gm29135	chr3	34481428	34482207	lncRNA	ENSMUSG00000099437	-	Gm29135	348
349	Gm27403	chr3	34560340	34560553	misc_RNA	ENSMUSG00000098795	+	Gm27403	349
350	Gm42695	chr3	34565265	34572202	lncRNA	ENSMUSG00000106525	-	Gm42695	350
351	Gm42205	chr3	34598519	34602248	lncRNA	ENSMUSG00000105222	-	Gm42205	351
352	AC137708.1	chr3	34638368	34638639	misc_RNA	ENSMUSG00000084530	+	AC137708.1	352
353	Mir1897	chr3	34638464	34638542	miRNA	ENSMUSG00000104797	+	Mir1897	353
354	Gm42692	chr3	34643264	34646096	TEC	ENSMUSG00000104901	+	Gm42692	354
355	Sox2	chr3	34650405	34652461	protein_coding	ENSMUSG00000074637	+	Sox2	355
356	Gm27611	chr3	34653178	34653285	misc_RNA	ENSMUSG00000098254	+	Gm27611	356
357	Gm42693	chr3	34663659	34664289	TEC	ENSMUSG00000105284	-	Gm42693	357
358	Gm43206	chr3	34682633	34682746	TEC	ENSMUSG00000105101	+	Gm43206	358
359	Gm3143	chr3	34699640	34716662	lncRNA	ENSMUSG00000105153	-	Gm3143	359
360	Gm38509	chr3	34772075	34782346	lncRNA	ENSMUSG00000106519	+	Gm38509	360
361	Gm21388	chr3	34826616	34879284	lncRNA	ENSMUSG00000114832	+	Gm21388	361
362	Mir6378	chr3	34922545	34922651	miRNA	ENSMUSG00000098862	-	Mir6378	362
363	1700017M07Rik	chr3	35256462	35276131	lncRNA	ENSMUSG00000105651	-	1700017M07Rik	363
364	Gm25442	chr3	35325614	35325705	miRNA	ENSMUSG00000093499	+	Gm25442	364
365	Gm7733	chr3	35536882	35537800	processed_pseudogene	ENSMUSG00000106496	-	Gm7733	365
366	Ube2l3-ps1	chr3	35545894	35546329	processed_pseudogene	ENSMUSG00000105040	+	Ube2l3-ps1	366
367	Gm6639	chr3	35597152	35666163	lncRNA	ENSMUSG00000105662	-	Gm6639	367
368	Gm25696	chr3	35735373	35735477	snRNA	ENSMUSG00000064834	+	Gm25696	368
369	Atp11b	chr3	35754106	35856276	protein_coding	ENSMUSG00000037400	+	Atp11b	369
370	Gm43203	chr3	35845342	35845899	TEC	ENSMUSG00000104897	+	Gm43203	370
371	Gm7741	chr3	35863877	35864865	processed_pseudogene	ENSMUSG00000097713	+	Gm7741	371
372	Dcun1d1	chr3	35892105	35937445	protein_coding	ENSMUSG00000027708	-	Dcun1d1	372
373	Gm15952	chr3	35933045	35990840	lncRNA	ENSMUSG00000085655	+	Gm15952	373
374	8430422M14Rik	chr3	35955436	35956257	TEC	ENSMUSG00000105095	-	8430422M14Rik	374
375	Mccc1	chr3	35959312	36000678	protein_coding	ENSMUSG00000027709	-	Mccc1	375
376	Gm43080	chr3	35969384	35972026	TEC	ENSMUSG00000105556	-	Gm43080	376
377	B230207O21Rik	chr3	35973771	35974091	processed_pseudogene	ENSMUSG00000106096	+	B230207O21Rik	377
378	Mccc1os	chr3	35999833	36025106	lncRNA	ENSMUSG00000086392	+	Mccc1os	378
379	Ccdc144b	chr3	36007244	36053547	protein_coding	ENSMUSG00000047696	-	Ccdc144b	379
380	Acad9	chr3	36065979	36092853	protein_coding	ENSMUSG00000027710	+	Acad9	380
381	Gm43079	chr3	36088859	36091446	lncRNA	ENSMUSG00000105055	+	Gm43079	381
382	Gm43205	chr3	36097177	36099144	TEC	ENSMUSG00000105419	+	Gm43205	382
383	Zfp267	chr3	36151017	36170342	protein_coding	ENSMUSG00000033883	+	Zfp267	383
384	Qrfpr	chr3	36179424	36222313	protein_coding	ENSMUSG00000058400	-	Qrfpr	384
385	Gm43255	chr3	36203289	36205623	lncRNA	ENSMUSG00000104568	+	Gm43255	385
386	Gm18893	chr3	36213814	36214756	processed_pseudogene	ENSMUSG00000106180	-	Gm18893	386
387	Gm42208	chr3	36272327	36274660	lncRNA	ENSMUSG00000106140	-	Gm42208	387
388	Gm17835	chr3	36394699	36395197	processed_pseudogene	ENSMUSG00000105281	-	Gm17835	388
389	Gm17887	chr3	36421576	36422122	processed_pseudogene	ENSMUSG00000105792	+	Gm17887	389
390	Anxa5	chr3	36448923	36475894	protein_coding	ENSMUSG00000027712	-	Anxa5	390
391	Mir7009	chr3	36475461	36475524	miRNA	ENSMUSG00000098808	-	Mir7009	391
392	1810062G17Rik	chr3	36475937	36482299	protein_coding	ENSMUSG00000027713	+	1810062G17Rik	392
393	Gm11548	chr3	36499804	36506809	lncRNA	ENSMUSG00000085320	-	Gm11548	393
394	Gm11549	chr3	36515057	36532384	protein_coding	ENSMUSG00000085007	-	Gm11549	394
395	Gm11550	chr3	36539383	36540081	processed_pseudogene	ENSMUSG00000083388	-	Gm11550	395
396	Exosc9	chr3	36552606	36565727	protein_coding	ENSMUSG00000027714	+	Exosc9	396
397	Ccna2	chr3	36564865	36572150	protein_coding	ENSMUSG00000027715	-	Ccna2	397
398	Bbs7	chr3	36573142	36613477	protein_coding	ENSMUSG00000037325	-	Bbs7	398
399	Trpc3	chr3	36620482	36690167	protein_coding	ENSMUSG00000027716	-	Trpc3	399
400	Gm12377	chr3	36694802	36695053	processed_pseudogene	ENSMUSG00000082548	-	Gm12377	400
401	Gm12376	chr3	36824352	36824958	processed_pseudogene	ENSMUSG00000084027	-	Gm12376	401
402	4932438A13Rik	chr3	36863104	37053033	protein_coding	ENSMUSG00000037270	+	4932438A13Rik	402
403	Gm12531	chr3	37052215	37060035	lncRNA	ENSMUSG00000086090	-	Gm12531	403
404	Adad1	chr3	37063527	37121930	protein_coding	ENSMUSG00000027719	+	Adad1	404
405	Gm12582	chr3	37077655	37078351	processed_pseudogene	ENSMUSG00000081705	+	Gm12582	405
406	Gm12583	chr3	37108174	37109026	processed_pseudogene	ENSMUSG00000082878	+	Gm12583	406
407	Gm12584	chr3	37116734	37117838	processed_pseudogene	ENSMUSG00000083857	+	Gm12584	407
408	Il2	chr3	37120523	37125959	protein_coding	ENSMUSG00000027720	-	Il2	408
409	Gm12532	chr3	37182885	37188593	lncRNA	ENSMUSG00000084754	+	Gm12532	409
410	Il21	chr3	37222759	37232636	protein_coding	ENSMUSG00000027718	-	Il21	410
411	Gm12534	chr3	37231333	37232469	lncRNA	ENSMUSG00000086517	+	Gm12534	411
412	Gm43822	chr3	37232867	37233342	TEC	ENSMUSG00000104998	+	Gm43822	412
413	Cetn4	chr3	37307749	37312708	protein_coding	ENSMUSG00000045031	-	Cetn4	413
414	Gm43439	chr3	37312519	37404866	lncRNA	ENSMUSG00000106407	+	Gm43439	414
415	Bbs12	chr3	37312554	37321453	protein_coding	ENSMUSG00000051444	+	Bbs12	415
416	Gm12540	chr3	37327072	37327390	processed_pseudogene	ENSMUSG00000083353	+	Gm12540	416
417	Fgf2os	chr3	37335332	37349740	lncRNA	ENSMUSG00000054779	-	Fgf2os	417
418	Gm43488	chr3	37339017	37341520	TEC	ENSMUSG00000105063	+	Gm43488	418
419	Fgf2	chr3	37348346	37410108	protein_coding	ENSMUSG00000037225	+	Fgf2	419
420	Gm42923	chr3	37392206	37395101	TEC	ENSMUSG00000105134	-	Gm42923	420
421	Nudt6	chr3	37404910	37420211	protein_coding	ENSMUSG00000050174	-	Nudt6	421
422	Spata5	chr3	37419896	37579096	protein_coding	ENSMUSG00000027722	+	Spata5	422
423	Gm43484	chr3	37488827	37494792	TEC	ENSMUSG00000106166	+	Gm43484	423
424	Gm12564	chr3	37556183	37556503	processed_pseudogene	ENSMUSG00000080723	-	Gm12564	424
425	Gm12565	chr3	37599424	37600072	processed_pseudogene	ENSMUSG00000081093	-	Gm12565	425
426	4930594O21Rik	chr3	37613913	37615276	lncRNA	ENSMUSG00000085677	+	4930594O21Rik	426
427	Gm42922	chr3	37638579	37640656	TEC	ENSMUSG00000104605	-	Gm42922	427
428	Spry1	chr3	37639947	37644598	protein_coding	ENSMUSG00000037211	+	Spry1	428
429	Gm43820	chr3	37644607	37647952	TEC	ENSMUSG00000106062	+	Gm43820	429
430	Gm43414	chr3	37708021	37711208	TEC	ENSMUSG00000104935	+	Gm43414	430
431	Gm5148	chr3	37714190	37724490	protein_coding	ENSMUSG00000058174	-	Gm5148	431
432	Rps23-ps1	chr3	37714740	37715164	processed_pseudogene	ENSMUSG00000100755	+	Rps23-ps1	432
433	Rpl31-ps15	chr3	37734730	37735104	processed_pseudogene	ENSMUSG00000097304	+	Rpl31-ps15	433
434	Gm42921	chr3	37761037	37767297	lncRNA	ENSMUSG00000106441	+	Gm42921	434
435	Gm42752	chr3	37838468	37839573	TEC	ENSMUSG00000106621	+	Gm42752	435
436	Gm42753	chr3	37841798	37843065	TEC	ENSMUSG00000105252	+	Gm42753	436
437	Gm20755	chr3	37898813	37992728	lncRNA	ENSMUSG00000106461	+	Gm20755	437
438	Gm7799	chr3	37959612	37960087	processed_pseudogene	ENSMUSG00000087457	-	Gm7799	438
439	Gm42751	chr3	37982792	37983350	TEC	ENSMUSG00000105099	+	Gm42751	439
440	Gm22899	chr3	37995105	37995235	snoRNA	ENSMUSG00000077728	-	Gm22899	440
441	Gm43821	chr3	38094629	38130191	lncRNA	ENSMUSG00000105219	-	Gm43821	441
442	Rpl21-ps10	chr3	38107443	38107922	processed_pseudogene	ENSMUSG00000105359	-	Rpl21-ps10	442
443	5430434I15Rik	chr3	38203151	38208119	lncRNA	ENSMUSG00000106002	-	5430434I15Rik	443
444	Gm2965	chr3	38223451	38223793	processed_pseudogene	ENSMUSG00000105943	+	Gm2965	444
445	Gm25574	chr3	38267836	38268084	misc_RNA	ENSMUSG00000092986	-	Gm25574	445
446	Gm42920	chr3	38369398	38373636	lncRNA	ENSMUSG00000106008	+	Gm42920	446
447	3830422I06Rik	chr3	38418971	38420151	TEC	ENSMUSG00000106485	-	3830422I06Rik	447
448	Gm36823	chr3	38426552	38443874	lncRNA	ENSMUSG00000105516	-	Gm36823	448
449	Gm7815	chr3	38438962	38439793	processed_pseudogene	ENSMUSG00000106201	-	Gm7815	449
450	Ankrd50	chr3	38449259	38484844	protein_coding	ENSMUSG00000044864	-	Ankrd50	450
451	Gm24462	chr3	38558109	38558214	miRNA	ENSMUSG00000076385	-	Gm24462	451
452	Gm7824	chr3	38558137	38558668	processed_pseudogene	ENSMUSG00000105360	-	Gm7824	452
453	Gm43538	chr3	38614247	38615558	lncRNA	ENSMUSG00000106168	+	Gm43538	453
454	C230034O21Rik	chr3	38874570	38888259	lncRNA	ENSMUSG00000086181	-	C230034O21Rik	454
455	Fat4	chr3	38886940	39011985	protein_coding	ENSMUSG00000046743	+	Fat4	455
456	Gm43539	chr3	39008602	39009681	lncRNA	ENSMUSG00000105910	-	Gm43539	456
457	Gm43308	chr3	39128533	39128905	processed_pseudogene	ENSMUSG00000104792	-	Gm43308	457
458	Gm43008	chr3	39217561	39217846	processed_pseudogene	ENSMUSG00000107333	-	Gm43008	458
459	n-R5s195	chr3	39635964	39636082	rRNA	ENSMUSG00000093952	-	n-R5s195	459
460	Gm42781	chr3	39636059	39638777	TEC	ENSMUSG00000106786	+	Gm42781	460
461	Gm23796	chr3	39666288	39666447	snRNA	ENSMUSG00000065945	+	Gm23796	461
462	Gm23831	chr3	39799632	39799716	snoRNA	ENSMUSG00000089520	-	Gm23831	462
463	Gm42786	chr3	39820481	39820760	processed_pseudogene	ENSMUSG00000106846	-	Gm42786	463
464	Gm42785	chr3	39823577	39827411	processed_pseudogene	ENSMUSG00000106948	+	Gm42785	464
465	1700017G19Rik	chr3	40504867	40522912	lncRNA	ENSMUSG00000037884	-	1700017G19Rik	465
466	Intu	chr3	40531286	40704774	protein_coding	ENSMUSG00000060798	+	Intu	466
467	Gm16114	chr3	40658867	40659166	processed_pseudogene	ENSMUSG00000089932	-	Gm16114	467
468	Slc25a31	chr3	40708855	40726096	protein_coding	ENSMUSG00000069041	+	Slc25a31	468
469	Hspa4l	chr3	40744495	40796103	protein_coding	ENSMUSG00000025757	+	Hspa4l	469
470	Plk4	chr3	40800019	40816883	protein_coding	ENSMUSG00000025758	+	Plk4	470
471	Mfsd8	chr3	40818103	40846886	protein_coding	ENSMUSG00000025759	-	Mfsd8	471
472	Gm2011	chr3	40846820	40875388	transcribed_unprocessed_pseudogene	ENSMUSG00000107741	+	Gm2011	472
473	Abhd18	chr3	40846970	40938138	protein_coding	ENSMUSG00000037818	+	Abhd18	473
474	Gm44136	chr3	40863948	40865053	TEC	ENSMUSG00000107524	-	Gm44136	474
475	Gm44524	chr3	40876977	40877247	processed_pseudogene	ENSMUSG00000107892	-	Gm44524	475
476	6430590A07Rik	chr3	40885897	40894193	lncRNA	ENSMUSG00000097583	-	6430590A07Rik	476
477	1700034I23Rik	chr3	40900196	40902543	protein_coding	ENSMUSG00000074619	-	1700034I23Rik	477
478	Larp1b	chr3	40949828	41040234	protein_coding	ENSMUSG00000025762	+	Larp1b	478
479	Gm22043	chr3	40992693	40992850	snRNA	ENSMUSG00000064927	+	Gm22043	479
480	Gm42436	chr3	41002434	41006089	TEC	ENSMUSG00000105517	+	Gm42436	480
481	Gm42437	chr3	41005515	41006437	TEC	ENSMUSG00000105674	-	Gm42437	481
482	Pgrmc2	chr3	41066326	41083046	protein_coding	ENSMUSG00000049940	-	Pgrmc2	482
483	Gm40038	chr3	41163048	41172663	lncRNA	ENSMUSG00000105258	-	Gm40038	483
484	Gm16508	chr3	41286061	41290590	lncRNA	ENSMUSG00000106000	-	Gm16508	484
485	1700052H01Rik	chr3	41354147	41393589	lncRNA	ENSMUSG00000105297	+	1700052H01Rik	485
486	Gm25487	chr3	41441343	41441467	snoRNA	ENSMUSG00000089350	-	Gm25487	486
487	Gm40040	chr3	41477577	41482391	lncRNA	ENSMUSG00000105260	-	Gm40040	487
488	Platr4	chr3	41484024	41493192	lncRNA	ENSMUSG00000097639	-	Platr4	488
489	Gm6069	chr3	41485733	41486195	processed_pseudogene	ENSMUSG00000104616	+	Gm6069	489
490	2400006E01Rik	chr3	41521247	41528474	lncRNA	ENSMUSG00000106223	-	2400006E01Rik	490
491	Jade1	chr3	41555731	41616864	protein_coding	ENSMUSG00000025764	+	Jade1	491
492	Gm31266	chr3	41562279	41563698	lncRNA	ENSMUSG00000103843	-	Gm31266	492
493	Sclt1	chr3	41626720	41742514	protein_coding	ENSMUSG00000059834	-	Sclt1	493
494	Gm38047	chr3	41648118	41649250	TEC	ENSMUSG00000102436	-	Gm38047	494
495	D3Ertd751e	chr3	41742611	41803320	protein_coding	ENSMUSG00000025766	+	D3Ertd751e	495
496	Gm37268	chr3	41773181	41775794	TEC	ENSMUSG00000103952	+	Gm37268	496
497	Gm7899	chr3	41976152	41978048	processed_pseudogene	ENSMUSG00000103823	-	Gm7899	497
498	Gm37348	chr3	41976335	41978123	processed_pseudogene	ENSMUSG00000102972	+	Gm37348	498
499	Gm37846	chr3	42163865	42167638	TEC	ENSMUSG00000102610	+	Gm37846	499
500	Gm37533	chr3	42572458	42573002	TEC	ENSMUSG00000103426	+	Gm37533	500
501	Gm38044	chr3	42585113	42585599	processed_pseudogene	ENSMUSG00000104294	-	Gm38044	501
502	Gm18865	chr3	43390767	43391937	processed_pseudogene	ENSMUSG00000102334	-	Gm18865	502
503	Gm36976	chr3	43547173	43548282	TEC	ENSMUSG00000104303	+	Gm36976	503
504	Gm29739	chr3	43764236	43764764	processed_pseudogene	ENSMUSG00000104083	-	Gm29739	504
505	Gm25714	chr3	43925569	43925864	misc_RNA	ENSMUSG00000089251	+	Gm25714	505
506	Gm32175	chr3	43927602	43927947	processed_pseudogene	ENSMUSG00000102792	-	Gm32175	506
507	Gm37746	chr3	43955721	43955918	TEC	ENSMUSG00000103148	+	Gm37746	507
508	Gm37365	chr3	44493495	44493903	processed_pseudogene	ENSMUSG00000104013	-	Gm37365	508
509	Gm38128	chr3	44659902	44663151	TEC	ENSMUSG00000104051	+	Gm38128	509
510	Gm37597	chr3	44718132	44718513	processed_pseudogene	ENSMUSG00000103353	-	Gm37597	510
511	Gm38124	chr3	45269987	45272567	TEC	ENSMUSG00000103082	-	Gm38124	511
512	5930409G06Rik	chr3	45273424	45274967	TEC	ENSMUSG00000103477	-	5930409G06Rik	512
513	2610316D01Rik	chr3	45280437	45378260	lncRNA	ENSMUSG00000097040	-	2610316D01Rik	513
514	Gm36996	chr3	45332161	45332410	processed_pseudogene	ENSMUSG00000103430	-	Gm36996	514
515	Pcdh10	chr3	45378398	45435623	protein_coding	ENSMUSG00000049100	+	Pcdh10	515
516	1700027H10Rik	chr3	45416584	45439310	lncRNA	ENSMUSG00000100799	-	1700027H10Rik	516
517	Gm2136	chr3	45438380	45440956	TEC	ENSMUSG00000103713	+	Gm2136	517
518	Gm37345	chr3	45445669	45448806	TEC	ENSMUSG00000103947	+	Gm37345	518
519	Gm38166	chr3	45775424	45775894	TEC	ENSMUSG00000102190	-	Gm38166	519
520	Gm26081	chr3	46289833	46289964	snoRNA	ENSMUSG00000077256	+	Gm26081	520
521	Gm18843	chr3	46413402	46414120	processed_pseudogene	ENSMUSG00000104511	+	Gm18843	521
522	Pabpc4l	chr3	46442197	46448219	protein_coding	ENSMUSG00000090919	-	Pabpc4l	522
523	Gm37445	chr3	46621121	46621362	processed_pseudogene	ENSMUSG00000102589	+	Gm37445	523
524	Mir6379	chr3	46900668	46900782	miRNA	ENSMUSG00000098417	-	Mir6379	524
525	Gm10356	chr3	47050382	47051639	processed_pseudogene	ENSMUSG00000072387	-	Gm10356	525
526	Gm5274	chr3	47084732	47085734	processed_pseudogene	ENSMUSG00000097985	-	Gm5274	526
527	Gm23891	chr3	47200627	47200764	snoRNA	ENSMUSG00000088739	+	Gm23891	527
528	Rpl23a-ps5	chr3	47230538	47231003	processed_pseudogene	ENSMUSG00000102220	-	Rpl23a-ps5	528
529	Gm10730	chr3	47263078	47265800	TEC	ENSMUSG00000103491	-	Gm10730	529
530	Gm2229	chr3	47459629	47460338	processed_pseudogene	ENSMUSG00000103798	-	Gm2229	530
531	Gm7977	chr3	48026013	48026760	processed_pseudogene	ENSMUSG00000103257	-	Gm7977	531
532	1700018B24Rik	chr3	48605732	48609102	lncRNA	ENSMUSG00000037910	-	1700018B24Rik	532
533	Gm37190	chr3	48748510	48760949	lncRNA	ENSMUSG00000102181	-	Gm37190	533
534	Gm23511	chr3	48954722	48954885	snRNA	ENSMUSG00000065018	+	Gm23511	534
535	Gm31415	chr3	49062378	49085259	lncRNA	ENSMUSG00000102263	+	Gm31415	535
536	Gm37819	chr3	49137463	49138527	TEC	ENSMUSG00000104186	+	Gm37819	536
537	Gm20557	chr3	49325680	49367359	lncRNA	ENSMUSG00000102679	+	Gm20557	537
538	Gm5846	chr3	49381333	49382746	processed_pseudogene	ENSMUSG00000104309	-	Gm5846	538
539	Gm22480	chr3	49491351	49491478	snoRNA	ENSMUSG00000084517	+	Gm22480	539
540	Gm37424	chr3	49530750	49531310	processed_pseudogene	ENSMUSG00000104437	+	Gm37424	540
541	Gm38261	chr3	49603561	49603876	processed_pseudogene	ENSMUSG00000102731	+	Gm38261	541
542	Gm2328	chr3	49632435	49632969	processed_pseudogene	ENSMUSG00000104134	-	Gm2328	542
543	Gm29741	chr3	49643707	49644127	processed_pseudogene	ENSMUSG00000103568	+	Gm29741	543
544	Gm23096	chr3	49658763	49658869	snRNA	ENSMUSG00000065381	+	Gm23096	544
545	Pcdh18	chr3	49743296	49757325	protein_coding	ENSMUSG00000037892	-	Pcdh18	545
546	Slc7a11	chr3	49892526	50443614	protein_coding	ENSMUSG00000027737	-	Slc7a11	546
547	Gm37854	chr3	50001972	50010783	lncRNA	ENSMUSG00000102892	+	Gm37854	547
548	Gm37826	chr3	50029669	50029990	processed_pseudogene	ENSMUSG00000104457	+	Gm37826	548
549	Gm37692	chr3	50166661	50166892	processed_pseudogene	ENSMUSG00000104349	-	Gm37692	549
550	Gm37498	chr3	50400282	50404283	TEC	ENSMUSG00000103907	-	Gm37498	550
551	Gm6209	chr3	50516399	50607223	lncRNA	ENSMUSG00000102715	-	Gm6209	551
552	5830415G21Rik	chr3	50575186	50576517	TEC	ENSMUSG00000102895	-	5830415G21Rik	552
553	Gm38237	chr3	50598069	50598444	processed_pseudogene	ENSMUSG00000103745	-	Gm38237	553
554	Gm37199	chr3	50624347	50628411	TEC	ENSMUSG00000104068	-	Gm37199	554
555	Gm37461	chr3	50679698	50683401	TEC	ENSMUSG00000104281	-	Gm37461	555
556	Gm24503	chr3	50838581	50838715	snoRNA	ENSMUSG00000089079	-	Gm24503	556
557	Gm37548	chr3	50883246	50887059	TEC	ENSMUSG00000103012	-	Gm37548	557
558	Gm37843	chr3	50918887	50921525	TEC	ENSMUSG00000102614	-	Gm37843	558
559	Gm37209	chr3	50977536	50978811	TEC	ENSMUSG00000103652	-	Gm37209	559
560	Gm29230	chr3	51058910	51074856	lncRNA	ENSMUSG00000102067	-	Gm29230	560
561	Gm38246	chr3	51103660	51105170	lncRNA	ENSMUSG00000103464	+	Gm38246	561
562	Noct	chr3	51224447	51251644	protein_coding	ENSMUSG00000023087	+	Noct	562
563	Gm38357	chr3	51231917	51234380	TEC	ENSMUSG00000103313	+	Gm38357	563
564	Elf2	chr3	51252720	51340663	protein_coding	ENSMUSG00000037174	-	Elf2	564
565	4930577N17Rik	chr3	51276759	51278383	TEC	ENSMUSG00000087440	+	4930577N17Rik	565
566	Gm24282	chr3	51297179	51297244	miRNA	ENSMUSG00000077420	+	Gm24282	566
567	Gm37399	chr3	51302488	51302903	TEC	ENSMUSG00000104200	-	Gm37399	567
568	Gm37203	chr3	51370222	51370606	processed_pseudogene	ENSMUSG00000103654	+	Gm37203	568
569	Gm5103	chr3	51378024	51386324	lncRNA	ENSMUSG00000102544	+	Gm5103	569
570	Mgarp	chr3	51388412	51396738	protein_coding	ENSMUSG00000037161	-	Mgarp	570
571	Gm9442	chr3	51402844	51403162	processed_pseudogene	ENSMUSG00000104241	-	Gm9442	571
572	Ndufc1	chr3	51404677	51408988	protein_coding	ENSMUSG00000037152	-	Ndufc1	572
573	Naa15	chr3	51415148	51476507	protein_coding	ENSMUSG00000063273	+	Naa15	573
574	Gm37646	chr3	51423613	51423723	TEC	ENSMUSG00000103191	+	Gm37646	574
575	Gm38160	chr3	51482331	51484829	TEC	ENSMUSG00000102775	-	Gm38160	575
576	Rab33b	chr3	51483920	51496232	protein_coding	ENSMUSG00000027739	+	Rab33b	576
577	Gm37968	chr3	51489620	51492820	TEC	ENSMUSG00000102570	+	Gm37968	577
578	Setd7	chr3	51515319	51560879	protein_coding	ENSMUSG00000037111	-	Setd7	578
579	Gm38200	chr3	51557542	51559652	TEC	ENSMUSG00000102466	-	Gm38200	579
580	5031434O11Rik	chr3	51560035	51567117	lncRNA	ENSMUSG00000097885	+	5031434O11Rik	580
581	Gm38334	chr3	51571111	51571423	processed_pseudogene	ENSMUSG00000104001	-	Gm38334	581
582	5430433H01Rik	chr3	51582306	51582847	TEC	ENSMUSG00000104075	+	5430433H01Rik	582
583	Gm38247	chr3	51636496	51636928	processed_pseudogene	ENSMUSG00000104166	-	Gm38247	583
584	Mgst2	chr3	51660360	51682677	protein_coding	ENSMUSG00000074604	+	Mgst2	584
585	Gm37261	chr3	51672801	51673901	TEC	ENSMUSG00000103527	+	Gm37261	585
586	Maml3	chr3	51685907	52105076	protein_coding	ENSMUSG00000061143	-	Maml3	586
587	Gm10729	chr3	51693716	51695090	TEC	ENSMUSG00000074603	+	Gm10729	587
588	Gm37342	chr3	51757124	51762088	TEC	ENSMUSG00000102732	-	Gm37342	588
589	Gm37229	chr3	51812951	51819309	lncRNA	ENSMUSG00000102539	+	Gm37229	589
590	n-R5s196	chr3	51828912	51829028	rRNA	ENSMUSG00000065070	+	n-R5s196	590
591	3110080O07Rik	chr3	51829385	51830405	TEC	ENSMUSG00000103284	-	3110080O07Rik	591
592	Gm38000	chr3	51867345	51868559	TEC	ENSMUSG00000103484	-	Gm38000	592
593	Gm37675	chr3	51872990	51875836	TEC	ENSMUSG00000102620	-	Gm37675	593
594	Gm38252	chr3	51884276	51886891	TEC	ENSMUSG00000102786	-	Gm38252	594
595	Gm10728	chr3	51906986	51908816	TEC	ENSMUSG00000103701	-	Gm10728	595
596	Gm20089	chr3	51980941	51990075	lncRNA	ENSMUSG00000104161	+	Gm20089	596
597	Gm38055	chr3	51987631	51989847	TEC	ENSMUSG00000102147	-	Gm38055	597
598	Gm37526	chr3	51991341	51991959	TEC	ENSMUSG00000103784	-	Gm37526	598
599	Gm37465	chr3	52000736	52004025	TEC	ENSMUSG00000102423	-	Gm37465	599
600	C130089K02Rik	chr3	52057285	52064244	TEC	ENSMUSG00000104339	-	C130089K02Rik	600
601	5430420F09Rik	chr3	52071589	52073387	TEC	ENSMUSG00000102808	-	5430420F09Rik	601
602	Gm37202	chr3	52134047	52221997	lncRNA	ENSMUSG00000103655	-	Gm37202	602
603	Gm30074	chr3	52172162	52179972	lncRNA	ENSMUSG00000103726	-	Gm30074	603
604	Gm38132	chr3	52186573	52187957	lncRNA	ENSMUSG00000104055	+	Gm38132	604
605	Gm37170	chr3	52198248	52200489	lncRNA	ENSMUSG00000103170	+	Gm37170	605
606	Olfr1398-ps1	chr3	52236865	52246945	unprocessed_pseudogene	ENSMUSG00000102510	-	Olfr1398-ps1	606
607	Foxo1	chr3	52268336	52353221	protein_coding	ENSMUSG00000044167	+	Foxo1	607
608	Gm38034	chr3	52282241	52284309	TEC	ENSMUSG00000102844	+	Gm38034	608
609	Gm38098	chr3	52425408	52425648	processed_pseudogene	ENSMUSG00000103454	+	Gm38098	609
610	Gm30173	chr3	52516964	52550219	lncRNA	ENSMUSG00000103965	+	Gm30173	610
611	Gm10293	chr3	52612835	52613836	processed_pseudogene	ENSMUSG00000070490	+	Gm10293	611
612	Gm2447	chr3	52739716	52776656	lncRNA	ENSMUSG00000102785	+	Gm2447	612
613	Gm30292	chr3	52789004	52797785	lncRNA	ENSMUSG00000104109	-	Gm30292	613
614	Gm20750	chr3	52906756	52927666	lncRNA	ENSMUSG00000104401	-	Gm20750	614
615	Gm37007	chr3	52960048	52960366	processed_pseudogene	ENSMUSG00000103886	-	Gm37007	615
616	Cog6	chr3	52981875	53017237	protein_coding	ENSMUSG00000027742	-	Cog6	616
617	Gm42901	chr3	53038585	53041755	lncRNA	ENSMUSG00000104850	-	Gm42901	617
618	Lhfp	chr3	53041528	53261679	protein_coding	ENSMUSG00000048332	+	Lhfp	618
619	Gm42898	chr3	53072165	53075237	TEC	ENSMUSG00000104828	-	Gm42898	619
620	Gm42899	chr3	53083219	53085885	TEC	ENSMUSG00000104687	+	Gm42899	620
621	C130075A20Rik	chr3	53099000	53103175	TEC	ENSMUSG00000104735	+	C130075A20Rik	621
622	Gm43804	chr3	53109668	53110123	TEC	ENSMUSG00000104615	+	Gm43804	622
623	Gm43803	chr3	53110396	53113411	lncRNA	ENSMUSG00000104968	-	Gm43803	623
624	Gm43805	chr3	53112166	53112989	TEC	ENSMUSG00000105971	+	Gm43805	624
625	Gm43472	chr3	53346492	53347229	processed_pseudogene	ENSMUSG00000106660	-	Gm43472	625
626	Gm43471	chr3	53401731	53402197	processed_pseudogene	ENSMUSG00000105397	-	Gm43471	626
627	Nhlrc3	chr3	53448583	53463332	protein_coding	ENSMUSG00000042997	-	Nhlrc3	627
628	Gm16206	chr3	53452619	53457797	lncRNA	ENSMUSG00000085174	+	Gm16206	628
629	Proser1	chr3	53463666	53481755	protein_coding	ENSMUSG00000049504	+	Proser1	629
630	Stoml3	chr3	53488653	53508502	protein_coding	ENSMUSG00000027744	+	Stoml3	630
631	6430500D05Rik	chr3	53508928	53510103	TEC	ENSMUSG00000105481	+	6430500D05Rik	631
632	Gm23675	chr3	53512002	53512126	snoRNA	ENSMUSG00000087936	+	Gm23675	632
633	Frem2	chr3	53513938	53657355	protein_coding	ENSMUSG00000037016	-	Frem2	633
634	Gm6073	chr3	53666863	53667328	processed_pseudogene	ENSMUSG00000105840	-	Gm6073	634
635	Gm6204	chr3	53692422	53692878	processed_pseudogene	ENSMUSG00000105879	-	Gm6204	635
636	Gm30735	chr3	53725477	53733018	lncRNA	ENSMUSG00000105168	+	Gm30735	636
637	Gm10727	chr3	53736225	53737826	TEC	ENSMUSG00000105444	+	Gm10727	637
638	C820005J03Rik	chr3	53756731	53772950	lncRNA	ENSMUSG00000106270	+	C820005J03Rik	638
639	Gm24851	chr3	53843407	53843509	snRNA	ENSMUSG00000088653	+	Gm24851	639
640	Ufm1	chr3	53853376	53863830	protein_coding	ENSMUSG00000027746	-	Ufm1	640
641	Gm31026	chr3	53924835	53943528	lncRNA	ENSMUSG00000106577	+	Gm31026	641
642	Gm8109	chr3	54021164	54021909	processed_pseudogene	ENSMUSG00000103155	+	Gm8109	642
643	Gm18018	chr3	54029992	54030399	processed_pseudogene	ENSMUSG00000105067	+	Gm18018	643
644	Trpc4	chr3	54156035	54318471	protein_coding	ENSMUSG00000027748	+	Trpc4	644
645	Postn	chr3	54361109	54391037	protein_coding	ENSMUSG00000027750	+	Postn	645
646	Gm5641	chr3	54481438	54482925	transcribed_processed_pseudogene	ENSMUSG00000069014	+	Gm5641	646
647	B020017C02Rik	chr3	54632881	54634568	processed_pseudogene	ENSMUSG00000104831	-	B020017C02Rik	647
648	Supt20	chr3	54692807	54728766	protein_coding	ENSMUSG00000027751	+	Supt20	648
649	Gm21958	chr3	54713176	54714353	protein_coding	ENSMUSG00000094487	-	Gm21958	649
650	Exosc8	chr3	54728678	54735393	protein_coding	ENSMUSG00000027752	-	Exosc8	650
651	Alg5	chr3	54735539	54751318	protein_coding	ENSMUSG00000036632	+	Alg5	651
652	Smad9	chr3	54755582	54801257	protein_coding	ENSMUSG00000027796	+	Smad9	652
653	Rfxap	chr3	54803115	54807791	protein_coding	ENSMUSG00000036615	-	Rfxap	653
654	Gm10254	chr3	54810384	54811250	processed_pseudogene	ENSMUSG00000069011	-	Gm10254	654
655	Sertm1	chr3	54897068	54915887	protein_coding	ENSMUSG00000056306	-	Sertm1	655
656	Ccna1	chr3	55045469	55055501	protein_coding	ENSMUSG00000027793	-	Ccna1	656
657	4931419H13Rik	chr3	55055242	55084002	lncRNA	ENSMUSG00000106589	+	4931419H13Rik	657
658	Gm43555	chr3	55057347	55057656	processed_pseudogene	ENSMUSG00000105977	-	Gm43555	658
659	Spg20	chr3	55112108	55137322	protein_coding	ENSMUSG00000036580	+	Spg20	659
660	Ccdc169	chr3	55137339	55172935	protein_coding	ENSMUSG00000048655	+	Ccdc169	660
661	Gm22029	chr3	55162314	55162434	miRNA	ENSMUSG00000080590	-	Gm22029	661
662	Sohlh2	chr3	55182028	55209957	protein_coding	ENSMUSG00000027794	+	Sohlh2	662
663	Dclk1	chr3	55242364	55539068	protein_coding	ENSMUSG00000027797	+	Dclk1	663
664	Gm25132	chr3	55305317	55305423	snRNA	ENSMUSG00000064586	+	Gm25132	664
665	Gm19817	chr3	55330841	55332972	TEC	ENSMUSG00000105302	+	Gm19817	665
666	Gm42609	chr3	55377457	55403122	lncRNA	ENSMUSG00000105975	-	Gm42609	666
667	Gm21954	chr3	55461985	55472210	protein_coding	ENSMUSG00000094962	-	Gm21954	667
668	Gm42607	chr3	55483788	55487180	TEC	ENSMUSG00000106354	+	Gm42607	668
669	Gm42608	chr3	55517569	55519586	TEC	ENSMUSG00000106651	+	Gm42608	669
670	Gm25404	chr3	55548446	55548552	snRNA	ENSMUSG00000064904	+	Gm25404	670
671	Gm43548	chr3	55574921	55577273	TEC	ENSMUSG00000105627	+	Gm43548	671
672	Gm43549	chr3	55578105	55582730	lncRNA	ENSMUSG00000106334	-	Gm43549	672
673	Nbea	chr3	55625195	56183701	protein_coding	ENSMUSG00000027799	-	Nbea	673
674	Mab21l1	chr3	55782510	55785001	protein_coding	ENSMUSG00000056947	+	Mab21l1	674
675	4933417G07Rik	chr3	55847105	55848400	transcribed_processed_pseudogene	ENSMUSG00000106572	+	4933417G07Rik	675
676	Gm43376	chr3	55890306	55936699	lncRNA	ENSMUSG00000104677	+	Gm43376	676
677	Gm22784	chr3	55956782	55956913	snoRNA	ENSMUSG00000077276	-	Gm22784	677
678	Gm42840	chr3	56014918	56017168	TEC	ENSMUSG00000104938	-	Gm42840	678
679	Gm42842	chr3	56123156	56126159	TEC	ENSMUSG00000106211	-	Gm42842	679
680	Gm42841	chr3	56128596	56130527	TEC	ENSMUSG00000106528	-	Gm42841	680
681	Gm42843	chr3	56163954	56167569	TEC	ENSMUSG00000105293	-	Gm42843	681
682	Gm25727	chr3	56445282	56445412	snoRNA	ENSMUSG00000077710	-	Gm25727	682
683	Gm2622	chr3	56828317	56828787	processed_pseudogene	ENSMUSG00000105113	-	Gm2622	683
684	Gm8177	chr3	57135496	57136831	processed_pseudogene	ENSMUSG00000097366	-	Gm8177	684
685	Gm43424	chr3	57249252	57249504	processed_pseudogene	ENSMUSG00000106286	+	Gm43424	685
686	Gm18660	chr3	57271741	57272369	processed_pseudogene	ENSMUSG00000104534	-	Gm18660	686
687	Tm4sf1	chr3	57285611	57301988	protein_coding	ENSMUSG00000027800	-	Tm4sf1	687
688	Tm4sf4	chr3	57425314	57441677	protein_coding	ENSMUSG00000027801	+	Tm4sf4	688
689	Wwtr1	chr3	57455649	57575910	protein_coding	ENSMUSG00000027803	-	Wwtr1	689
690	Gm16016	chr3	57528232	57528781	processed_pseudogene	ENSMUSG00000083538	+	Gm16016	690
691	Gm26671	chr3	57612697	57625824	lncRNA	ENSMUSG00000097339	-	Gm26671	691
692	Mir6377	chr3	57616609	57616722	miRNA	ENSMUSG00000098401	+	Mir6377	692
693	Gm43437	chr3	57636883	57640837	TEC	ENSMUSG00000104965	-	Gm43437	693
694	Commd2	chr3	57644349	57651715	protein_coding	ENSMUSG00000036513	-	Commd2	694
695	BB187690	chr3	57654404	57655579	TEC	ENSMUSG00000105389	-	BB187690	695
696	Ankub1	chr3	57657393	57692799	protein_coding	ENSMUSG00000074591	-	Ankub1	696
697	Gm43098	chr3	57696180	57697476	TEC	ENSMUSG00000106635	-	Gm43098	697
698	Gm6394	chr3	57717813	57718289	processed_pseudogene	ENSMUSG00000104623	-	Gm6394	698
699	Rnf13	chr3	57736062	57835233	protein_coding	ENSMUSG00000036503	+	Rnf13	699
700	Gm9645	chr3	57765864	57766655	processed_pseudogene	ENSMUSG00000106421	-	Gm9645	700
701	Gm17951	chr3	57809762	57810257	processed_pseudogene	ENSMUSG00000106006	-	Gm17951	701
702	Pfn2	chr3	57841895	57848079	protein_coding	ENSMUSG00000027805	-	Pfn2	702
703	Gm40055	chr3	57953655	57958225	lncRNA	ENSMUSG00000105003	-	Gm40055	703
704	Gm18867	chr3	57962194	57963372	processed_pseudogene	ENSMUSG00000106246	+	Gm18867	704
705	Gm42513	chr3	58079716	58081834	TEC	ENSMUSG00000105065	+	Gm42513	705
706	Gm5537	chr3	58102996	58104247	processed_pseudogene	ENSMUSG00000069008	-	Gm5537	706
707	4921539H07Rik	chr3	58117053	58167616	lncRNA	ENSMUSG00000104586	+	4921539H07Rik	707
708	1700007F19Rik	chr3	58141707	58163807	lncRNA	ENSMUSG00000100666	-	1700007F19Rik	708
709	Gm26166	chr3	58290251	58290357	snRNA	ENSMUSG00000065722	-	Gm26166	709
710	Gm43730	chr3	58314939	58315310	processed_pseudogene	ENSMUSG00000106176	-	Gm43730	710
711	Gm20128	chr3	58404701	58405117	processed_pseudogene	ENSMUSG00000105154	+	Gm20128	711
712	Tsc22d2	chr3	58414715	58466783	protein_coding	ENSMUSG00000027806	+	Tsc22d2	712
713	Serp1	chr3	58519817	58525892	protein_coding	ENSMUSG00000027808	-	Serp1	713
714	Eif2a	chr3	58525821	58557501	protein_coding	ENSMUSG00000027810	+	Eif2a	714
715	6720482G16Rik	chr3	58526930	58528121	TEC	ENSMUSG00000106553	+	6720482G16Rik	715
716	Selenot	chr3	58576636	58593133	protein_coding	ENSMUSG00000075700	+	Selenot	716
717	Erich6	chr3	58616300	58637207	protein_coding	ENSMUSG00000070471	-	Erich6	717
718	Gm8234	chr3	58652053	58653159	processed_pseudogene	ENSMUSG00000105021	+	Gm8234	718
719	AU022133	chr3	58665470	58666566	processed_pseudogene	ENSMUSG00000105336	-	AU022133	719
720	Siah2	chr3	58674938	58692400	protein_coding	ENSMUSG00000036432	-	Siah2	720
721	4930593A02Rik	chr3	58692589	58797331	lncRNA	ENSMUSG00000097725	+	4930593A02Rik	721
722	A930028O11Rik	chr3	58697561	58698668	TEC	ENSMUSG00000105226	+	A930028O11Rik	722
723	Mindy4b-ps	chr3	58788407	58822311	protein_coding	ENSMUSG00000101860	-	Mindy4b-ps	723
724	Clrn1	chr3	58844028	58885340	protein_coding	ENSMUSG00000043850	-	Clrn1	724
725	Gm22491	chr3	58975630	58975731	snRNA	ENSMUSG00000087815	+	Gm22491	725
726	Gm25572	chr3	58978855	58979026	snRNA	ENSMUSG00000088152	-	Gm25572	726
727	Rpl13-ps6	chr3	58987170	58987805	processed_pseudogene	ENSMUSG00000059776	+	Rpl13-ps6	727
728	Gm27793	chr3	59001620	59001695	misc_RNA	ENSMUSG00000099052	+	Gm27793	728
729	Gm43570	chr3	59002471	59006158	lncRNA	ENSMUSG00000105945	-	Gm43570	729
730	Med12l	chr3	59005825	59318682	protein_coding	ENSMUSG00000056476	+	Med12l	730
731	Gpr171	chr3	59096448	59101821	protein_coding	ENSMUSG00000050075	-	Gpr171	731
732	P2ry14	chr3	59113855	59153618	protein_coding	ENSMUSG00000036381	-	P2ry14	732
733	Gpr87	chr3	59178923	59195104	protein_coding	ENSMUSG00000051431	-	Gpr87	733
734	P2ry13	chr3	59207892	59210882	protein_coding	ENSMUSG00000036362	-	P2ry13	734
735	P2ry12	chr3	59216272	59262871	protein_coding	ENSMUSG00000036353	-	P2ry12	735
736	Gm43589	chr3	59269786	59271308	TEC	ENSMUSG00000104550	+	Gm43589	736
737	Igsf10	chr3	59316735	59344394	protein_coding	ENSMUSG00000036334	-	Igsf10	737
738	Gm38186	chr3	59344271	59351167	lncRNA	ENSMUSG00000103668	+	Gm38186	738
739	Gm8276	chr3	59431537	59433348	processed_pseudogene	ENSMUSG00000102550	+	Gm8276	739
740	Gm38288	chr3	59469671	59474095	processed_pseudogene	ENSMUSG00000103211	-	Gm38288	740
741	Gm4856	chr3	59505581	59535226	unprocessed_pseudogene	ENSMUSG00000103598	-	Gm4856	741
742	Gm5709	chr3	59602455	59635733	unprocessed_pseudogene	ENSMUSG00000095128	-	Gm5709	742
743	Gm37926	chr3	59662858	59665281	TEC	ENSMUSG00000102480	+	Gm37926	743
744	Gm5538	chr3	59729790	59752333	protein_coding	ENSMUSG00000090527	+	Gm5538	744
745	Gm37579	chr3	59737176	59737317	processed_pseudogene	ENSMUSG00000102390	-	Gm37579	745
746	Gm5539	chr3	59767275	59768240	processed_pseudogene	ENSMUSG00000103986	+	Gm5539	746
747	4930449A18Rik	chr3	59777809	59846817	transcribed_unprocessed_pseudogene	ENSMUSG00000074589	+	4930449A18Rik	747
748	Gm2756	chr3	59783289	59783688	processed_pseudogene	ENSMUSG00000102757	-	Gm2756	748
749	Gm8298	chr3	59861051	59877313	protein_coding	ENSMUSG00000095522	+	Gm8298	749
750	C130079G13Rik	chr3	59925214	59937949	protein_coding	ENSMUSG00000036951	+	C130079G13Rik	750
751	Gm9696	chr3	59952309	59973594	transcribed_unprocessed_pseudogene	ENSMUSG00000070465	+	Gm9696	751
752	Aadacl2	chr3	60006743	60025420	protein_coding	ENSMUSG00000091376	+	Aadacl2	752
753	Gm18427	chr3	60020355	60020869	processed_pseudogene	ENSMUSG00000103177	-	Gm18427	753
754	Aadac	chr3	60025717	60040160	protein_coding	ENSMUSG00000027761	+	Aadac	754
755	Sucnr1	chr3	60081869	60087566	protein_coding	ENSMUSG00000027762	+	Sucnr1	755
756	Gm24382	chr3	60127641	60127747	snRNA	ENSMUSG00000084647	-	Gm24382	756
757	Tgif1-ps	chr3	60342358	60343093	processed_pseudogene	ENSMUSG00000107270	-	Tgif1-ps	757
758	Mbnl1	chr3	60472830	60629750	protein_coding	ENSMUSG00000027763	+	Mbnl1	758
759	Gm37589	chr3	60535751	60539744	TEC	ENSMUSG00000104235	+	Gm37589	759
760	Gm37488	chr3	60604384	60607757	TEC	ENSMUSG00000104125	+	Gm37488	760
761	Gm38280	chr3	60737628	60737785	processed_pseudogene	ENSMUSG00000104337	-	Gm38280	761
762	Gm38326	chr3	60788361	60794730	lncRNA	ENSMUSG00000103587	+	Gm38326	762
763	Gm36985	chr3	60860707	60861085	processed_pseudogene	ENSMUSG00000102490	+	Gm36985	763
764	Gm8325	chr3	60877014	60877587	transcribed_processed_pseudogene	ENSMUSG00000027694	+	Gm8325	764
765	Gm37035	chr3	61001639	61003786	lncRNA	ENSMUSG00000102564	-	Gm37035	765
766	P2ry1	chr3	61002795	61008982	protein_coding	ENSMUSG00000027765	+	P2ry1	766
767	Gm37719	chr3	61291155	61291446	processed_pseudogene	ENSMUSG00000102242	-	Gm37719	767
768	Gm19901	chr3	61328699	61329193	processed_pseudogene	ENSMUSG00000102667	-	Gm19901	768
769	Gm37696	chr3	61358549	61361897	lncRNA	ENSMUSG00000103473	-	Gm37696	769
770	Rap2b	chr3	61361638	61368430	protein_coding	ENSMUSG00000036894	+	Rap2b	770
771	B430305J03Rik	chr3	61362250	61365951	protein_coding	ENSMUSG00000053706	-	B430305J03Rik	771
772	Gm8349	chr3	61461859	61462861	processed_pseudogene	ENSMUSG00000098208	-	Gm8349	772
773	Gm9700	chr3	62067540	62069794	processed_pseudogene	ENSMUSG00000104489	-	Gm9700	773
774	Gm37404	chr3	62123207	62123565	TEC	ENSMUSG00000103322	+	Gm37404	774
775	9330121J05Rik	chr3	62337524	62340532	lncRNA	ENSMUSG00000103502	-	9330121J05Rik	775
776	Arhgef26	chr3	62338344	62462221	protein_coding	ENSMUSG00000036885	+	Arhgef26	776
777	Dhx36	chr3	62468013	62507004	protein_coding	ENSMUSG00000027770	-	Dhx36	777
778	Gpr149	chr3	62529077	62605140	protein_coding	ENSMUSG00000043441	-	Gpr149	778
779	Gm9701	chr3	62923807	62924233	processed_pseudogene	ENSMUSG00000063001	-	Gm9701	779
780	Gm8388	chr3	63173106	63173861	processed_pseudogene	ENSMUSG00000102270	-	Gm8388	780
781	Mme	chr3	63241537	63386030	protein_coding	ENSMUSG00000027820	+	Mme	781
782	Gm34240	chr3	63439251	63457897	lncRNA	ENSMUSG00000104336	+	Gm34240	782
783	Strit1	chr3	63481112	63483879	protein_coding	ENSMUSG00000103476	-	Strit1	783
784	Gm24946	chr3	63488993	63489098	snRNA	ENSMUSG00000088957	+	Gm24946	784
785	Plch1	chr3	63696234	63899472	protein_coding	ENSMUSG00000036834	-	Plch1	785
786	Gm23500	chr3	63770212	63770309	snRNA	ENSMUSG00000088360	+	Gm23500	786
787	Gm16162	chr3	63825794	63826444	processed_pseudogene	ENSMUSG00000090131	+	Gm16162	787
788	Gm16129	chr3	63843116	63844069	processed_pseudogene	ENSMUSG00000085290	+	Gm16129	788
789	Gm34379	chr3	63905429	63905718	processed_pseudogene	ENSMUSG00000103905	+	Gm34379	789
790	E130311K13Rik	chr3	63914684	63929472	protein_coding	ENSMUSG00000048581	-	E130311K13Rik	790
791	Slc33a1	chr3	63933507	63964768	protein_coding	ENSMUSG00000027822	-	Slc33a1	791
792	Gm26850	chr3	63963633	63968659	lncRNA	ENSMUSG00000097724	+	Gm26850	792
793	Gmps	chr3	63976106	64022579	protein_coding	ENSMUSG00000027823	+	Gmps	793
794	Vmn2r-ps3	chr3	64053031	64055610	unprocessed_pseudogene	ENSMUSG00000090303	-	Vmn2r-ps3	794
795	Vmn2r1	chr3	64081547	64109484	protein_coding	ENSMUSG00000027824	+	Vmn2r1	795
796	Gm22165	chr3	64109635	64109737	snRNA	ENSMUSG00000089039	+	Gm22165	796
797	Vmn2r2	chr3	64115278	64141928	protein_coding	ENSMUSG00000043897	-	Vmn2r2	797
798	Gm5139	chr3	64163390	64163638	processed_pseudogene	ENSMUSG00000093447	+	Gm5139	798
799	Gm18294	chr3	64195574	64213677	unprocessed_pseudogene	ENSMUSG00000093416	-	Gm18294	799
800	Vmn2r3	chr3	64257215	64289709	protein_coding	ENSMUSG00000091572	-	Vmn2r3	800
801	Gm23897	chr3	64318407	64318564	snoRNA	ENSMUSG00000088735	-	Gm23897	801
802	Vmn2r-ps4	chr3	64328660	64332853	unprocessed_pseudogene	ENSMUSG00000093503	+	Vmn2r-ps4	802
803	Vmn2r-ps5	chr3	64339565	64357724	polymorphic_pseudogene	ENSMUSG00000091967	-	Vmn2r-ps5	803
804	Vmn2r4	chr3	64383044	64415368	protein_coding	ENSMUSG00000092049	-	Vmn2r4	804
805	Vmn2r-ps6	chr3	64436883	64438287	unprocessed_pseudogene	ENSMUSG00000093395	-	Vmn2r-ps6	805
806	Vmn2r-ps7	chr3	64442600	64443975	unprocessed_pseudogene	ENSMUSG00000093546	-	Vmn2r-ps7	806
807	Gm20656	chr3	64447967	64460095	unprocessed_pseudogene	ENSMUSG00000093671	+	Gm20656	807
808	Vmn2r-ps8	chr3	64477018	64479319	unprocessed_pseudogene	ENSMUSG00000094482	+	Vmn2r-ps8	808
809	Vmn2r5	chr3	64488609	64509842	protein_coding	ENSMUSG00000068999	-	Vmn2r5	809
810	Vmn2r6	chr3	64531310	64565830	protein_coding	ENSMUSG00000090581	-	Vmn2r6	810
811	Vmn2r-ps9	chr3	64591515	64592896	unprocessed_pseudogene	ENSMUSG00000093699	-	Vmn2r-ps9	811
812	Gm20657	chr3	64596913	64605773	unprocessed_pseudogene	ENSMUSG00000093484	+	Gm20657	812
813	Vmn2r-ps11	chr3	64632574	64662261	transcribed_unprocessed_pseudogene	ENSMUSG00000093434	-	Vmn2r-ps11	813
814	Gm26939	chr3	64632863	64844743	lncRNA	ENSMUSG00000097538	-	Gm26939	814
815	Vmn2r7	chr3	64685044	64844765	protein_coding	ENSMUSG00000062200	-	Vmn2r7	815
816	Vmn2r-ps12	chr3	64744749	64745645	unprocessed_pseudogene	ENSMUSG00000093474	-	Vmn2r-ps12	816
817	Gm25222	chr3	64894471	64894596	snoRNA	ENSMUSG00000088824	-	Gm25222	817
818	Vmn2r-ps13	chr3	64898855	64899859	unprocessed_pseudogene	ENSMUSG00000093767	+	Vmn2r-ps13	818
819	Kcnab1	chr3	64949196	65378223	protein_coding	ENSMUSG00000027827	+	Kcnab1	819
820	A330015K06Rik	chr3	65133060	65302685	lncRNA	ENSMUSG00000104093	-	A330015K06Rik	820
821	A730090N16Rik	chr3	65324776	65349429	lncRNA	ENSMUSG00000090120	-	A730090N16Rik	821
822	Ssr3	chr3	65379655	65392623	protein_coding	ENSMUSG00000027828	-	Ssr3	822
823	Gm5540	chr3	65393337	65395184	processed_pseudogene	ENSMUSG00000048916	+	Gm5540	823
824	Gm34780	chr3	65494087	65495035	TEC	ENSMUSG00000103513	-	Gm34780	824
825	Gm37009	chr3	65506277	65506637	processed_pseudogene	ENSMUSG00000103880	-	Gm37009	825
826	4931440P22Rik	chr3	65507257	65529379	transcribed_processed_pseudogene	ENSMUSG00000074580	-	4931440P22Rik	826
827	Gm22279	chr3	65525701	65525793	snRNA	ENSMUSG00000087825	+	Gm22279	827
828	Tiparp	chr3	65528410	65555518	protein_coding	ENSMUSG00000034640	+	Tiparp	828
829	Gm5847	chr3	65613589	65615183	processed_pseudogene	ENSMUSG00000082280	+	Gm5847	829
830	Gm38233	chr3	65615368	65616174	processed_pseudogene	ENSMUSG00000103294	-	Gm38233	830
831	Lekr1	chr3	65666228	65831355	protein_coding	ENSMUSG00000074579	+	Lekr1	831
832	Gm37776	chr3	65678386	65680882	TEC	ENSMUSG00000104037	+	Gm37776	832
833	Gm37359	chr3	65829116	65872281	lncRNA	ENSMUSG00000103620	-	Gm37359	833
834	Gm37131	chr3	65863269	65864829	TEC	ENSMUSG00000103440	-	Gm37131	834
835	Gm37037	chr3	65933485	65933908	processed_pseudogene	ENSMUSG00000102566	-	Gm37037	835
836	Ccnl1	chr3	65946151	65958249	protein_coding	ENSMUSG00000027829	-	Ccnl1	836
837	Gm37305	chr3	65957758	65962036	lncRNA	ENSMUSG00000103041	+	Gm37305	837
838	Gm35106	chr3	65968902	65969151	processed_pseudogene	ENSMUSG00000102914	-	Gm35106	838
839	Gm37078	chr3	65969914	65971922	TEC	ENSMUSG00000102652	+	Gm37078	839
840	Gm19024	chr3	65987158	65989753	processed_pseudogene	ENSMUSG00000103641	-	Gm19024	840
841	Gm6546	chr3	66029540	66031519	processed_pseudogene	ENSMUSG00000103369	-	Gm6546	841
842	Veph1	chr3	66053558	66296837	protein_coding	ENSMUSG00000027831	-	Veph1	842
843	Gm37822	chr3	66086684	66087792	TEC	ENSMUSG00000104189	+	Gm37822	843
844	Gm26442	chr3	66088109	66088261	snRNA	ENSMUSG00000064522	-	Gm26442	844
845	Gm36973	chr3	66099805	66100063	processed_pseudogene	ENSMUSG00000104307	+	Gm36973	845
846	Tpi-rs2	chr3	66128968	66129723	processed_pseudogene	ENSMUSG00000097968	-	Tpi-rs2	846
847	Gm37330	chr3	66191093	66191245	processed_pseudogene	ENSMUSG00000103208	-	Gm37330	847
848	Ptx3	chr3	66219910	66225805	protein_coding	ENSMUSG00000027832	+	Ptx3	848
849	Gm50014	chr3	66364539	66364626	unitary_pseudogene	ENSMUSG00000117623	+	Gm50014	849
850	Gm17952	chr3	66562805	66563551	processed_pseudogene	ENSMUSG00000103600	-	Gm17952	850
851	Gm6555	chr3	66882350	66883138	processed_pseudogene	ENSMUSG00000103700	+	Gm6555	851
852	Shox2	chr3	66971727	66981771	protein_coding	ENSMUSG00000027833	-	Shox2	852
853	Rsrc1	chr3	66981390	67358396	protein_coding	ENSMUSG00000034544	+	Rsrc1	853
854	Gm22295	chr3	67055958	67056064	snRNA	ENSMUSG00000065245	+	Gm22295	854
855	Gm17402	chr3	67365461	67375163	protein_coding	ENSMUSG00000090408	-	Gm17402	855
856	Mlf1	chr3	67374097	67400003	protein_coding	ENSMUSG00000048416	+	Mlf1	856
857	Gfm1	chr3	67430096	67476529	protein_coding	ENSMUSG00000027774	+	Gfm1	857
858	Lxn	chr3	67457998	67463926	protein_coding	ENSMUSG00000047557	-	Lxn	858
859	Gm42568	chr3	67476978	67478818	TEC	ENSMUSG00000103703	+	Gm42568	859
860	Rarres1	chr3	67478972	67515523	protein_coding	ENSMUSG00000049404	-	Rarres1	860
861	Gm35299	chr3	67551329	67553425	lncRNA	ENSMUSG00000103718	-	Gm35299	861
862	4930402C01Rik	chr3	67570565	67572821	lncRNA	ENSMUSG00000104382	-	4930402C01Rik	862
863	Gm25919	chr3	67573160	67573291	snoRNA	ENSMUSG00000077459	-	Gm25919	863
864	Mfsd1	chr3	67582741	67604237	protein_coding	ENSMUSG00000027775	+	Mfsd1	864
865	Gm412	chr3	67619781	67620728	processed_pseudogene	ENSMUSG00000103606	-	Gm412	865
866	Gm37601	chr3	67684359	67684752	processed_pseudogene	ENSMUSG00000102746	-	Gm37601	866
867	Gm18717	chr3	67741968	67743297	processed_pseudogene	ENSMUSG00000104477	-	Gm18717	867
868	Iqcj	chr3	67892220	68056593	protein_coding	ENSMUSG00000051777	+	Iqcj	868
869	Iqschfp	chr3	67892232	68626466	protein_coding	ENSMUSG00000102422	+	Iqschfp	869
870	Schip1	chr3	68064802	68626481	protein_coding	ENSMUSG00000027777	+	Schip1	870
871	Gm10292	chr3	68333196	68333780	processed_pseudogene	ENSMUSG00000102846	+	Gm10292	871
872	Gm10723	chr3	68407783	68414700	TEC	ENSMUSG00000103345	+	Gm10723	872
873	Gm22073	chr3	68547520	68547708	snRNA	ENSMUSG00000084617	-	Gm22073	873
874	Il12a	chr3	68690644	68698547	protein_coding	ENSMUSG00000027776	+	Il12a	874
875	Gm10040	chr3	68733137	68738077	pseudogene	ENSMUSG00000058360	+	Gm10040	875
876	4930535E02Rik	chr3	68759906	68761433	lncRNA	ENSMUSG00000102677	-	4930535E02Rik	876
877	Gm35584	chr3	68761495	68762667	lncRNA	ENSMUSG00000102936	+	Gm35584	877
878	Gm7270	chr3	68846079	68847403	processed_pseudogene	ENSMUSG00000102853	+	Gm7270	878
879	Gm17641	chr3	68867917	68870266	TEC	ENSMUSG00000091272	-	Gm17641	879
880	1110032F04Rik	chr3	68869586	68872163	protein_coding	ENSMUSG00000046999	+	1110032F04Rik	880
881	Ift80	chr3	68892499	69004570	protein_coding	ENSMUSG00000027778	-	Ift80	881
882	Gm20689	chr3	68900171	68900449	processed_pseudogene	ENSMUSG00000093384	-	Gm20689	882
883	Gm20690	chr3	68901830	68902144	processed_pseudogene	ENSMUSG00000093730	+	Gm20690	883
884	Gm18588	chr3	68902267	68902758	processed_pseudogene	ENSMUSG00000093402	-	Gm18588	884
885	Gm48183	chr3	68916499	68917323	TEC	ENSMUSG00000111756	-	Gm48183	885
886	Smc4	chr3	69004738	69034623	protein_coding	ENSMUSG00000034349	+	Smc4	886
887	Mir15b	chr3	69009772	69009835	miRNA	ENSMUSG00000065580	+	Mir15b	887
888	Mir16-2	chr3	69009902	69009996	miRNA	ENSMUSG00000065606	+	Mir16-2	888
889	Trim59	chr3	69035288	69044755	protein_coding	ENSMUSG00000034317	-	Trim59	889
890	Kpna4	chr3	69067149	69127113	protein_coding	ENSMUSG00000027782	-	Kpna4	890
891	Gm22009	chr3	69085105	69085447	scaRNA	ENSMUSG00000089417	-	Gm22009	891
892	Gm37558	chr3	69119742	69122724	TEC	ENSMUSG00000103094	-	Gm37558	892
893	Gm1647	chr3	69131233	69157177	lncRNA	ENSMUSG00000094763	+	Gm1647	893
894	Arl14	chr3	69222419	69223618	protein_coding	ENSMUSG00000098207	+	Arl14	894
895	Ppm1l	chr3	69316861	69560802	protein_coding	ENSMUSG00000027784	+	Ppm1l	895
896	Gm17214	chr3	69320045	69320585	processed_pseudogene	ENSMUSG00000091315	-	Gm17214	896
897	Gm17212	chr3	69335502	69335760	processed_pseudogene	ENSMUSG00000090941	-	Gm17212	897
898	Gm17213	chr3	69431009	69432368	processed_pseudogene	ENSMUSG00000090743	-	Gm17213	898
899	Gm8565	chr3	69566451	69567464	processed_pseudogene	ENSMUSG00000098006	-	Gm8565	899
900	B3galnt1	chr3	69574158	69598960	protein_coding	ENSMUSG00000043300	-	B3galnt1	900
901	Gm37380	chr3	69661766	69662162	processed_pseudogene	ENSMUSG00000102342	+	Gm37380	901
902	Rpl32-ps	chr3	69716986	69717393	processed_pseudogene	ENSMUSG00000068969	-	Rpl32-ps	902
903	Nmd3	chr3	69721985	69756373	protein_coding	ENSMUSG00000027787	+	Nmd3	903
904	Sptssb	chr3	69819542	69859940	protein_coding	ENSMUSG00000043461	-	Sptssb	904
905	Gm17895	chr3	69954809	69955682	processed_pseudogene	ENSMUSG00000103549	-	Gm17895	905
906	Gm23484	chr3	69962315	69962445	snoRNA	ENSMUSG00000077366	-	Gm23484	906
907	Gm37784	chr3	69963282	69963470	processed_pseudogene	ENSMUSG00000102525	+	Gm37784	907
908	Otol1	chr3	70007613	70028708	protein_coding	ENSMUSG00000027788	+	Otol1	908
909	Gm37681	chr3	70059745	70060471	processed_pseudogene	ENSMUSG00000103020	+	Gm37681	909
910	Gm37585	chr3	70116253	70116532	processed_pseudogene	ENSMUSG00000103113	-	Gm37585	910
911	Gm6631	chr3	70413319	70413877	processed_pseudogene	ENSMUSG00000102663	+	Gm6631	911
912	Gm37213	chr3	70566262	70567296	unprocessed_pseudogene	ENSMUSG00000104023	-	Gm37213	912
913	Gm10780	chr3	70689092	70689380	pseudogene	ENSMUSG00000074877	+	Gm10780	913
914	Gm8599	chr3	71401091	71401547	processed_pseudogene	ENSMUSG00000102666	-	Gm8599	914
915	Gm38305	chr3	71465229	71465669	processed_pseudogene	ENSMUSG00000103396	-	Gm38305	915
916	Gm19194	chr3	71672518	71677123	processed_pseudogene	ENSMUSG00000103815	+	Gm19194	916
917	Gm8604	chr3	71859185	71860149	processed_pseudogene	ENSMUSG00000098189	+	Gm8604	917
918	Gm37617	chr3	71894835	71894993	processed_pseudogene	ENSMUSG00000103465	+	Gm37617	918
919	Gm3351	chr3	72050098	72050602	processed_pseudogene	ENSMUSG00000103279	-	Gm3351	919
920	Gm37603	chr3	72180737	72180955	processed_pseudogene	ENSMUSG00000103859	+	Gm37603	920
921	Gm27465	chr3	72312941	72313031	misc_RNA	ENSMUSG00000098869	+	Gm27465	921
922	Sis	chr3	72888557	72967863	protein_coding	ENSMUSG00000027790	-	Sis	922
923	Gm37056	chr3	73041975	73043839	TEC	ENSMUSG00000102753	-	Gm37056	923
924	Slitrk3	chr3	73047265	73057803	protein_coding	ENSMUSG00000048304	-	Slitrk3	924
925	Gm20754	chr3	73066316	73594830	lncRNA	ENSMUSG00000103428	+	Gm20754	925
926	Gm24544	chr3	73146849	73146958	miRNA	ENSMUSG00000077050	+	Gm24544	926
927	Gm37725	chr3	73164086	73166210	TEC	ENSMUSG00000102916	+	Gm37725	927
928	Gm38353	chr3	73329434	73470014	lncRNA	ENSMUSG00000102820	+	Gm38353	928
929	4930509J09Rik	chr3	73351206	73481651	lncRNA	ENSMUSG00000102362	-	4930509J09Rik	929
930	Bche	chr3	73635808	73708415	protein_coding	ENSMUSG00000027792	-	Bche	930
931	Gm8625	chr3	73933046	73934122	processed_pseudogene	ENSMUSG00000102859	+	Gm8625	931
932	Gm20356	chr3	74009217	74017277	lncRNA	ENSMUSG00000104096	-	Gm20356	932
933	Gm6098	chr3	74242267	74242596	processed_pseudogene	ENSMUSG00000096400	-	Gm6098	933
934	Gm37050	chr3	74323527	74323992	processed_pseudogene	ENSMUSG00000104227	-	Gm37050	934
935	Gm8643	chr3	74814718	74815342	processed_pseudogene	ENSMUSG00000102809	+	Gm8643	935
936	Gm37464	chr3	75022396	75024615	TEC	ENSMUSG00000102420	-	Gm37464	936
937	Zbbx	chr3	75037907	75165034	protein_coding	ENSMUSG00000034151	-	Zbbx	937
938	Serpini2	chr3	75242370	75270078	protein_coding	ENSMUSG00000034139	-	Serpini2	938
939	Wdr49	chr3	75274988	75482156	protein_coding	ENSMUSG00000104301	-	Wdr49	939
940	Gm17836	chr3	75391319	75392620	processed_pseudogene	ENSMUSG00000103444	+	Gm17836	940
941	Pdcd10	chr3	75516490	75556856	protein_coding	ENSMUSG00000027835	-	Pdcd10	941
942	Serpini1	chr3	75557547	75643495	protein_coding	ENSMUSG00000027834	+	Serpini1	942
943	Gm37672	chr3	75619347	75623360	TEC	ENSMUSG00000102625	+	Gm37672	943
944	Platr10	chr3	75647446	75655731	lncRNA	ENSMUSG00000099370	-	Platr10	944
945	Gm25846	chr3	75714790	75714924	snoRNA	ENSMUSG00000088638	+	Gm25846	945
946	Gm29133	chr3	75748197	75787653	protein_coding	ENSMUSG00000100962	+	Gm29133	946
947	Golim4	chr3	75875084	75956949	protein_coding	ENSMUSG00000034109	-	Golim4	947
948	Gm37685	chr3	75952124	75954300	TEC	ENSMUSG00000103024	+	Gm37685	948
949	Gm37256	chr3	75956101	76001136	lncRNA	ENSMUSG00000104448	+	Gm37256	949
950	Gm18428	chr3	76040933	76041723	processed_pseudogene	ENSMUSG00000104223	-	Gm18428	950
951	Fstl5	chr3	76074270	76710019	protein_coding	ENSMUSG00000034098	+	Fstl5	951
952	Gm37897	chr3	76546691	76550251	TEC	ENSMUSG00000103920	+	Gm37897	952
953	Gm37290	chr3	76822059	76822397	processed_pseudogene	ENSMUSG00000103702	+	Gm37290	953
954	Gm19231	chr3	76884496	76885325	processed_pseudogene	ENSMUSG00000102216	+	Gm19231	954
955	Gm23644	chr3	77105209	77105285	snoRNA	ENSMUSG00000088481	-	Gm23644	955
956	Dnmt3a-ps1	chr3	77562600	77563870	processed_pseudogene	ENSMUSG00000102489	-	Dnmt3a-ps1	956
957	Gm37806	chr3	77564956	77571342	TEC	ENSMUSG00000103849	-	Gm37806	957
958	Gm38195	chr3	77702888	77704386	TEC	ENSMUSG00000102872	-	Gm38195	958
959	Gm37576	chr3	77872782	77873153	processed_pseudogene	ENSMUSG00000102393	-	Gm37576	959
960	Gm18719	chr3	77961384	77962796	processed_pseudogene	ENSMUSG00000105026	+	Gm18719	960
961	Gm6677	chr3	78006459	78006899	processed_pseudogene	ENSMUSG00000103312	+	Gm6677	961
962	Gm8684	chr3	78085833	78087396	processed_pseudogene	ENSMUSG00000102637	-	Gm8684	962
963	Gm6680	chr3	78134630	78135579	processed_pseudogene	ENSMUSG00000103817	+	Gm6680	963
964	Gm43326	chr3	78404301	78405938	TEC	ENSMUSG00000104782	-	Gm43326	964
965	Gm15442	chr3	78486808	78488637	processed_pseudogene	ENSMUSG00000084370	-	Gm15442	965
966	Gm18952	chr3	78758619	78759464	processed_pseudogene	ENSMUSG00000102341	+	Gm18952	966
967	Gm24749	chr3	78842224	78842566	misc_RNA	ENSMUSG00000088463	+	Gm24749	967
968	Gm17953	chr3	78864897	78865563	processed_pseudogene	ENSMUSG00000102438	-	Gm17953	968
969	Gm5277	chr3	78891867	78892422	processed_pseudogene	ENSMUSG00000091361	-	Gm5277	969
970	Gm10291	chr3	78917258	78918256	processed_pseudogene	ENSMUSG00000070443	+	Gm10291	970
971	Gm9762	chr3	78966356	78966799	processed_pseudogene	ENSMUSG00000037096	-	Gm9762	971
972	Gm23440	chr3	78979922	78980051	snoRNA	ENSMUSG00000077487	+	Gm23440	972
973	Rapgef2	chr3	79062516	79286517	protein_coding	ENSMUSG00000062232	-	Rapgef2	973
974	Gm24150	chr3	79196374	79196477	snRNA	ENSMUSG00000064693	+	Gm24150	974
975	4921511C10Rik	chr3	79212919	79253913	lncRNA	ENSMUSG00000104585	+	4921511C10Rik	975
976	6430573P05Rik	chr3	79287173	79289848	lncRNA	ENSMUSG00000102545	+	6430573P05Rik	976
977	Gm17359	chr3	79336661	79464129	protein_coding	ENSMUSG00000091685	+	Gm17359	977
978	Fnip2	chr3	79455974	79567796	protein_coding	ENSMUSG00000061175	-	Fnip2	978
979	Gm3513	chr3	79551314	79552193	lncRNA	ENSMUSG00000089746	-	Gm3513	979
980	4930589L23Rik	chr3	79568192	79572580	lncRNA	ENSMUSG00000068957	+	4930589L23Rik	980
981	Gm35067	chr3	79582588	79583234	processed_pseudogene	ENSMUSG00000103564	+	Gm35067	981
982	Ppid	chr3	79591342	79603650	protein_coding	ENSMUSG00000027804	+	Ppid	982
983	Etfdh	chr3	79603788	79629500	protein_coding	ENSMUSG00000027809	-	Etfdh	983
984	Gm37973	chr3	79610538	79611826	TEC	ENSMUSG00000102370	-	Gm37973	984
985	4930579G24Rik	chr3	79629079	79632820	protein_coding	ENSMUSG00000027811	+	4930579G24Rik	985
986	Rxfp1	chr3	79641611	79737880	protein_coding	ENSMUSG00000034009	-	Rxfp1	986
987	Gm26984	chr3	79673367	79676876	lncRNA	ENSMUSG00000098204	-	Gm26984	987
988	Tmem144	chr3	79812564	79852773	protein_coding	ENSMUSG00000027956	-	Tmem144	988
989	Gm36569	chr3	79859293	79886806	lncRNA	ENSMUSG00000102191	-	Gm36569	989
990	Gask1b	chr3	79884533	79946280	protein_coding	ENSMUSG00000027955	+	Gask1b	990
991	A330069K06Rik	chr3	80054892	80213085	lncRNA	ENSMUSG00000103181	+	A330069K06Rik	991
992	Gm19066	chr3	80088082	80089159	processed_pseudogene	ENSMUSG00000103193	-	Gm19066	992
993	Gm43839	chr3	80134132	80136456	TEC	ENSMUSG00000105307	+	Gm43839	993
994	Gm37892	chr3	80202492	80205598	lncRNA	ENSMUSG00000103929	-	Gm37892	994
995	Gm37971	chr3	80285123	80334595	lncRNA	ENSMUSG00000102379	-	Gm37971	995
996	Gm6706	chr3	80399349	80399666	processed_pseudogene	ENSMUSG00000087123	-	Gm6706	996
997	Gria2	chr3	80681450	80802835	protein_coding	ENSMUSG00000033981	-	Gria2	997
998	Gm25749	chr3	80692203	80692313	miRNA	ENSMUSG00000093226	-	Gm25749	998
999	Glrb	chr3	80843599	80913660	protein_coding	ENSMUSG00000028020	-	Glrb	999
1000	Gm42468	chr3	80962960	80971627	lncRNA	ENSMUSG00000105092	+	Gm42468	1000
1001	Gm29808	chr3	81000994	81001461	unprocessed_pseudogene	ENSMUSG00000103419	+	Gm29808	1001
1002	Gm42476	chr3	81032954	81033774	lncRNA	ENSMUSG00000106293	+	Gm42476	1002
1003	Pdgfc	chr3	81036416	81214040	protein_coding	ENSMUSG00000028019	+	Pdgfc	1003
1004	Gm16000	chr3	81037408	81040437	lncRNA	ENSMUSG00000085106	-	Gm16000	1004
1005	Gm37300	chr3	81405293	81405572	processed_pseudogene	ENSMUSG00000102223	-	Gm37300	1005
1006	Gm4857	chr3	81556041	81556825	processed_pseudogene	ENSMUSG00000102710	-	Gm4857	1006
1007	Gm43346	chr3	81721676	81724030	lncRNA	ENSMUSG00000104732	+	Gm43346	1007
1008	A830029E22Rik	chr3	81802025	81805161	lncRNA	ENSMUSG00000103695	+	A830029E22Rik	1008
1009	Gm9989	chr3	81918008	81924463	lncRNA	ENSMUSG00000056023	-	Gm9989	1009
1010	Ctso	chr3	81932601	81956725	protein_coding	ENSMUSG00000028015	+	Ctso	1010
1011	Tdo2	chr3	81957090	81976202	protein_coding	ENSMUSG00000028011	-	Tdo2	1011
1012	Asic5	chr3	81982290	82021233	protein_coding	ENSMUSG00000028008	+	Asic5	1012
1013	Gucy1b1	chr3	82032006	82074689	protein_coding	ENSMUSG00000028005	-	Gucy1b1	1013
1014	Gucy1a1	chr3	82092427	82145789	protein_coding	ENSMUSG00000033910	-	Gucy1a1	1014
1015	Mir7010	chr3	82106247	82106309	miRNA	ENSMUSG00000098712	-	Mir7010	1015
1016	Map9	chr3	82358044	82395268	protein_coding	ENSMUSG00000033900	+	Map9	1016
1017	Npy2r	chr3	82538383	82548084	protein_coding	ENSMUSG00000028004	-	Npy2r	1017
1018	Gm35323	chr3	82577577	82578075	processed_pseudogene	ENSMUSG00000102514	+	Gm35323	1018
1019	Gm29999	chr3	82660375	82664900	lncRNA	ENSMUSG00000102629	-	Gm29999	1019
1020	Gm43347	chr3	82671988	82672567	processed_pseudogene	ENSMUSG00000104772	-	Gm43347	1020
1021	Gm30043	chr3	82754524	82759860	lncRNA	ENSMUSG00000104898	+	Gm30043	1021
1022	Gm22038	chr3	82793656	82793897	misc_RNA	ENSMUSG00000087902	-	Gm22038	1022
1023	Gm43348	chr3	82794975	82812234	lncRNA	ENSMUSG00000105034	-	Gm43348	1023
1024	Rbm46	chr3	82837228	82876483	protein_coding	ENSMUSG00000033882	-	Rbm46	1024
1025	Rbm46os	chr3	82876705	82943638	lncRNA	ENSMUSG00000086273	+	Rbm46os	1025
1026	Lrat	chr3	82892579	82903973	protein_coding	ENSMUSG00000028003	-	Lrat	1026
1027	Gm30097	chr3	82926665	83008488	lncRNA	ENSMUSG00000102595	-	Gm30097	1027
1028	Fgg	chr3	83007724	83015049	protein_coding	ENSMUSG00000033860	+	Fgg	1028
1029	Fga	chr3	83026076	83033627	protein_coding	ENSMUSG00000028001	+	Fga	1029
1030	Fgb	chr3	83040141	83049863	protein_coding	ENSMUSG00000033831	-	Fgb	1030
1031	Plrg1	chr3	83055522	83072355	protein_coding	ENSMUSG00000027998	+	Plrg1	1031
1032	Gm10710	chr3	83125276	83129246	lncRNA	ENSMUSG00000074517	-	Gm10710	1032
1033	Dchs2	chr3	83127948	83357209	protein_coding	ENSMUSG00000102692	+	Dchs2	1033
1034	Gm38096	chr3	83403402	83405790	lncRNA	ENSMUSG00000103459	+	Gm38096	1034
1035	1700028M03Rik	chr3	83555363	83574122	lncRNA	ENSMUSG00000101334	-	1700028M03Rik	1035
1036	Rpl28-ps2	chr3	83686721	83687274	processed_pseudogene	ENSMUSG00000102137	+	Rpl28-ps2	1036
1037	Gm24584	chr3	83702252	83702358	snRNA	ENSMUSG00000088597	+	Gm24584	1037
1038	Sfrp2	chr3	83766321	83774316	protein_coding	ENSMUSG00000027996	+	Sfrp2	1038
1039	Gm26771	chr3	83773853	83789956	lncRNA	ENSMUSG00000097250	-	Gm26771	1039
1040	Gm7115	chr3	83811471	83832219	unprocessed_pseudogene	ENSMUSG00000104082	+	Gm7115	1040
1041	Tlr2	chr3	83836272	83841767	protein_coding	ENSMUSG00000027995	-	Tlr2	1041
1042	Tmem131l	chr3	83897655	84040175	protein_coding	ENSMUSG00000033767	-	Tmem131l	1042
1043	Gm36981	chr3	84058968	84063452	TEC	ENSMUSG00000103261	-	Gm36981	1043
1044	Mnd1	chr3	84087933	84155786	protein_coding	ENSMUSG00000033752	-	Mnd1	1044
1045	Trim2	chr3	84160439	84306877	protein_coding	ENSMUSG00000027993	-	Trim2	1045
1046	Gm6525	chr3	84174104	84175132	protein_coding	ENSMUSG00000104043	+	Gm6525	1046
1047	4930565D16Rik	chr3	84349376	84379921	lncRNA	ENSMUSG00000104004	-	4930565D16Rik	1047
1048	Fhdc1	chr3	84442198	84480429	protein_coding	ENSMUSG00000041842	-	Fhdc1	1048
1049	Arfip1	chr3	84496093	84582625	protein_coding	ENSMUSG00000074513	-	Arfip1	1049
1050	Gm37240	chr3	84496426	85887518	protein_coding	ENSMUSG00000102805	-	Gm37240	1050
1051	Gm8813	chr3	84552858	84553452	processed_pseudogene	ENSMUSG00000085625	-	Gm8813	1051
1052	Gm38241	chr3	84556890	84557787	processed_pseudogene	ENSMUSG00000103741	-	Gm38241	1052
1053	Tigd4	chr3	84593574	84597032	protein_coding	ENSMUSG00000047819	+	Tigd4	1053
1054	Tmem154	chr3	84666192	84704575	protein_coding	ENSMUSG00000056498	+	Tmem154	1054
1055	Fbxw7	chr3	84815268	84979198	protein_coding	ENSMUSG00000028086	+	Fbxw7	1055
1056	Gm37726	chr3	84873891	84877776	TEC	ENSMUSG00000102919	+	Gm37726	1056
1057	Gm38041	chr3	85152036	85152696	processed_pseudogene	ENSMUSG00000104290	-	Gm38041	1057
1058	Gm38313	chr3	85195182	85196447	TEC	ENSMUSG00000102703	-	Gm38313	1058
1059	1700036G14Rik	chr3	85317519	85332030	lncRNA	ENSMUSG00000099995	+	1700036G14Rik	1059
1060	Gm42813	chr3	85397524	85428128	lncRNA	ENSMUSG00000105012	-	Gm42813	1060
1061	Gm45790	chr3	85435187	85466128	lncRNA	ENSMUSG00000110441	-	Gm45790	1061
1062	Mir466k	chr3	85467377	85467498	miRNA	ENSMUSG00000080424	+	Mir466k	1062
1063	Gm42812	chr3	85544316	85553389	lncRNA	ENSMUSG00000106422	-	Gm42812	1063
1064	Gm15535	chr3	85556046	85573945	lncRNA	ENSMUSG00000085527	-	Gm15535	1064
1065	Gatb	chr3	85574119	85655622	protein_coding	ENSMUSG00000028085	+	Gatb	1065
1066	Fam160a1	chr3	85660061	85817291	protein_coding	ENSMUSG00000051000	-	Fam160a1	1066
1067	Glt28d2	chr3	85869849	85887516	protein_coding	ENSMUSG00000031286	-	Glt28d2	1067
1068	4933425M03Rik	chr3	85887691	85889234	TEC	ENSMUSG00000106508	+	4933425M03Rik	1068
1069	Gm26204	chr3	85908353	85908459	snRNA	ENSMUSG00000064840	-	Gm26204	1069
1070	Gm38030	chr3	85914643	85915117	processed_pseudogene	ENSMUSG00000103993	+	Gm38030	1070
1071	Gm9790	chr3	85915783	85916070	processed_pseudogene	ENSMUSG00000044330	+	Gm9790	1071
1072	Gm25876	chr3	85950888	85951006	snoRNA	ENSMUSG00000077517	+	Gm25876	1072
1073	Gm24501	chr3	85962771	85962832	snRNA	ENSMUSG00000089077	-	Gm24501	1073
1074	Sh3d19	chr3	85971109	86130526	protein_coding	ENSMUSG00000028082	+	Sh3d19	1074
1075	Prss48	chr3	85993810	86002491	protein_coding	ENSMUSG00000049013	-	Prss48	1075
1076	Gm25188	chr3	86100534	86100655	snoRNA	ENSMUSG00000065847	+	Gm25188	1076
1077	Rps3a1	chr3	86137940	86142702	protein_coding	ENSMUSG00000028081	-	Rps3a1	1077
1078	Snord73a	chr3	86138791	86138858	snoRNA	ENSMUSG00000064984	-	Snord73a	1078
1079	Rnu73b	chr3	86140618	86140688	snoRNA	ENSMUSG00000064390	-	Rnu73b	1079
1080	Gm37933	chr3	86142757	86145545	lncRNA	ENSMUSG00000103408	+	Gm37933	1080
1081	Gm37493	chr3	86144937	86145369	processed_pseudogene	ENSMUSG00000102218	-	Gm37493	1081
1082	Gm23025	chr3	86191416	86191526	snRNA	ENSMUSG00000089394	+	Gm23025	1082
1083	Lrba	chr3	86224680	86782692	protein_coding	ENSMUSG00000028080	+	Lrba	1083
1084	Gm37288	chr3	86263242	86263575	processed_pseudogene	ENSMUSG00000103759	-	Gm37288	1084
1085	Gm26343	chr3	86275232	86275362	snoRNA	ENSMUSG00000077744	-	Gm26343	1085
1086	Gm23850	chr3	86364457	86364625	snRNA	ENSMUSG00000065764	+	Gm23850	1086
1087	Gm25039	chr3	86384247	86384353	snRNA	ENSMUSG00000064867	+	Gm25039	1087
1088	Mab21l2	chr3	86545581	86548629	protein_coding	ENSMUSG00000057777	-	Mab21l2	1088
1089	Gm3788	chr3	86672033	86672168	processed_pseudogene	ENSMUSG00000094392	-	Gm3788	1089
1090	Gm37876	chr3	86768071	86778653	lncRNA	ENSMUSG00000104108	-	Gm37876	1090
1091	Dclk2	chr3	86786151	86920852	protein_coding	ENSMUSG00000028078	-	Dclk2	1091
1092	Gm37025	chr3	86864492	86865320	processed_pseudogene	ENSMUSG00000104074	+	Gm37025	1092
1093	Gm23376	chr3	86930743	86930902	snRNA	ENSMUSG00000064872	+	Gm23376	1093
1094	Gm37207	chr3	86933368	86933663	processed_pseudogene	ENSMUSG00000103650	-	Gm37207	1094
1095	Cd1d2	chr3	86986551	86989780	polymorphic_pseudogene	ENSMUSG00000041750	+	Cd1d2	1095
1096	Cd1d1	chr3	86995834	86999441	protein_coding	ENSMUSG00000028076	-	Cd1d1	1096
1097	Gm8869	chr3	87022937	87023883	processed_pseudogene	ENSMUSG00000104265	-	Gm8869	1097
1098	Gm18403	chr3	87054359	87054887	processed_pseudogene	ENSMUSG00000103913	+	Gm18403	1098
1099	Gm37575	chr3	87060125	87060433	processed_pseudogene	ENSMUSG00000102394	+	Gm37575	1099
1100	Gm24472	chr3	87066893	87067024	snoRNA	ENSMUSG00000077672	+	Gm24472	1100
1101	Kirrel	chr3	87078593	87174747	protein_coding	ENSMUSG00000041734	-	Kirrel	1101
1102	Gm37855	chr3	87157693	87162455	lncRNA	ENSMUSG00000102893	+	Gm37855	1102
1103	Gm10705	chr3	87207545	87208005	processed_pseudogene	ENSMUSG00000074506	-	Gm10705	1103
1104	Fcrls	chr3	87250758	87263738	protein_coding	ENSMUSG00000015852	-	Fcrls	1104
1105	Cd5l	chr3	87357881	87371073	protein_coding	ENSMUSG00000015854	+	Cd5l	1105
1106	Fcrl1	chr3	87376387	87402934	protein_coding	ENSMUSG00000059994	+	Fcrl1	1106
1107	Fcrl5	chr3	87435773	87500678	protein_coding	ENSMUSG00000048031	+	Fcrl5	1107
1108	Etv3	chr3	87525407	87540156	protein_coding	ENSMUSG00000003382	+	Etv3	1108
1109	ETV3L	chr3	87550099	87561109	protein_coding	ENSMUSG00000118505	+	ETV3L	1109
1110	Arhgef11	chr3	87617559	87738034	protein_coding	ENSMUSG00000041977	+	Arhgef11	1110
1111	Lrrc71	chr3	87736923	87748625	protein_coding	ENSMUSG00000023084	-	Lrrc71	1111
1112	Pear1	chr3	87747890	87824306	protein_coding	ENSMUSG00000028073	-	Pear1	1112
1113	Ntrk1	chr3	87778244	87795162	protein_coding	ENSMUSG00000028072	-	Ntrk1	1113
1114	Insrr	chr3	87796951	87816101	protein_coding	ENSMUSG00000005640	+	Insrr	1114
1115	Sh2d2a	chr3	87846755	87855722	protein_coding	ENSMUSG00000028071	+	Sh2d2a	1115
1116	Prcc	chr3	87858903	87885608	protein_coding	ENSMUSG00000004895	-	Prcc	1116
1117	Hdgf	chr3	87906321	87916132	protein_coding	ENSMUSG00000004897	+	Hdgf	1117
1118	Mrpl24	chr3	87919506	87923672	protein_coding	ENSMUSG00000019710	+	Mrpl24	1118
1119	Rrnad1	chr3	87922601	87930717	protein_coding	ENSMUSG00000004896	-	Rrnad1	1119
1120	Isg20l2	chr3	87930314	87940686	protein_coding	ENSMUSG00000048039	+	Isg20l2	1120
1121	Crabp2	chr3	87948666	87953376	protein_coding	ENSMUSG00000004885	+	Crabp2	1121
1122	Gm3745	chr3	87968186	87968606	processed_pseudogene	ENSMUSG00000103792	+	Gm3745	1122
1123	Nes	chr3	87971078	87980451	protein_coding	ENSMUSG00000004891	+	Nes	1123
1124	Bcan	chr3	87987531	88000230	protein_coding	ENSMUSG00000004892	-	Bcan	1124
1125	Hapln2	chr3	88021750	88027583	protein_coding	ENSMUSG00000004894	-	Hapln2	1125
1126	Gm19439	chr3	88030878	88033150	TEC	ENSMUSG00000105843	+	Gm19439	1126
1127	Gpatch4	chr3	88043108	88055993	protein_coding	ENSMUSG00000028069	+	Gpatch4	1127
1128	Naxe	chr3	88056520	88058495	protein_coding	ENSMUSG00000028070	-	Naxe	1128
1129	Ttc24	chr3	88069410	88078304	protein_coding	ENSMUSG00000051036	-	Ttc24	1129
1130	Iqgap3	chr3	88081971	88121048	protein_coding	ENSMUSG00000028068	+	Iqgap3	1130
1131	Mef2d	chr3	88142372	88172086	protein_coding	ENSMUSG00000001419	+	Mef2d	1131
1132	1700113A16Rik	chr3	88171556	88177785	lncRNA	ENSMUSG00000096935	-	1700113A16Rik	1132
1133	AI849053	chr3	88199102	88204595	lncRNA	ENSMUSG00000097280	-	AI849053	1133
1134	AW047730	chr3	88200623	88203481	lncRNA	ENSMUSG00000097428	+	AW047730	1134
1135	Gm3764	chr3	88206813	88229959	lncRNA	ENSMUSG00000097156	+	Gm3764	1135
1136	Gm25641	chr3	88215589	88215696	miRNA	ENSMUSG00000092876	-	Gm25641	1136
1137	Mir9-1	chr3	88215598	88215686	miRNA	ENSMUSG00000106493	+	Mir9-1	1137
1138	Rhbg	chr3	88242874	88254709	protein_coding	ENSMUSG00000104445	-	Rhbg	1138
1139	Gm38392	chr3	88243380	88287210	protein_coding	ENSMUSG00000103766	-	Gm38392	1139
1140	Tsacc	chr3	88282757	88296999	protein_coding	ENSMUSG00000010538	-	Tsacc	1140
1141	Gm37116	chr3	88284607	88284753	processed_pseudogene	ENSMUSG00000103574	-	Gm37116	1141
1142	Cct3	chr3	88297116	88321767	protein_coding	ENSMUSG00000001416	+	Cct3	1142
1143	Glmp	chr3	88325023	88331313	protein_coding	ENSMUSG00000001418	+	Glmp	1143
1144	Tmem79	chr3	88328655	88336148	protein_coding	ENSMUSG00000001420	-	Tmem79	1144
1145	Smg5	chr3	88336260	88362338	protein_coding	ENSMUSG00000001415	+	Smg5	1145
1146	Paqr6	chr3	88364584	88368541	protein_coding	ENSMUSG00000041423	+	Paqr6	1146
1147	Bglap3	chr3	88368616	88372743	protein_coding	ENSMUSG00000074489	-	Bglap3	1147
1148	Gm21956	chr3	88376023	88377075	unprocessed_pseudogene	ENSMUSG00000096792	+	Gm21956	1148
1149	Bglap2	chr3	88377736	88378699	protein_coding	ENSMUSG00000074486	-	Bglap2	1149
1150	Gm6821	chr3	88381772	88382844	unprocessed_pseudogene	ENSMUSG00000078691	+	Gm6821	1150
1151	Bglap	chr3	88383501	88384464	protein_coding	ENSMUSG00000074483	-	Bglap	1151
1152	Pmf1	chr3	88394143	88410331	protein_coding	ENSMUSG00000028066	-	Pmf1	1152
1153	Slc25a44	chr3	88410498	88425139	protein_coding	ENSMUSG00000050144	-	Slc25a44	1153
1154	Gm42814	chr3	88428936	88429395	processed_pseudogene	ENSMUSG00000106568	+	Gm42814	1154
1155	Sema4a	chr3	88435959	88461182	protein_coding	ENSMUSG00000028064	-	Sema4a	1155
1156	Gm5979	chr3	88474584	88475154	unprocessed_pseudogene	ENSMUSG00000103304	+	Gm5979	1156
1157	Lmna	chr3	88480147	88509956	protein_coding	ENSMUSG00000028063	-	Lmna	1157
1158	Gm37584	chr3	88526066	88527355	lncRNA	ENSMUSG00000103115	-	Gm37584	1158
1159	Mex3a	chr3	88532395	88541396	protein_coding	ENSMUSG00000074480	+	Mex3a	1159
1160	Mir1905	chr3	88536301	88536382	miRNA	ENSMUSG00000084728	-	Mir1905	1160
1161	Rab25	chr3	88542029	88548300	protein_coding	ENSMUSG00000008601	-	Rab25	1161
1162	Lamtor2	chr3	88549819	88553074	protein_coding	ENSMUSG00000028062	-	Lamtor2	1162
1163	Ubqln4	chr3	88553758	88569725	protein_coding	ENSMUSG00000008604	+	Ubqln4	1163
1164	Ssr2	chr3	88575876	88588419	protein_coding	ENSMUSG00000041355	+	Ssr2	1164
1165	Rtraf-ps	chr3	88576410	88577139	processed_pseudogene	ENSMUSG00000074479	-	Rtraf-ps	1165
1166	Arhgef2	chr3	88605966	88648052	protein_coding	ENSMUSG00000028059	+	Arhgef2	1166
1167	Gm20652	chr3	88616457	88621061	lncRNA	ENSMUSG00000093390	-	Gm20652	1167
1168	Rxfp4	chr3	88651898	88653142	protein_coding	ENSMUSG00000049741	-	Rxfp4	1168
1169	Gm43714	chr3	88685024	88686397	lncRNA	ENSMUSG00000105512	-	Gm43714	1169
1170	Khdc4	chr3	88685803	88712924	protein_coding	ENSMUSG00000028060	+	Khdc4	1170
1171	Gm25820	chr3	88693931	88694057	scaRNA	ENSMUSG00000105288	+	Gm25820	1171
1172	Gm25945	chr3	88707158	88707292	snoRNA	ENSMUSG00000084433	+	Gm25945	1172
1173	Rit1	chr3	88716838	88731049	protein_coding	ENSMUSG00000028057	+	Rit1	1173
1174	Gm17146	chr3	88722090	88722670	lncRNA	ENSMUSG00000091881	+	Gm17146	1174
1175	Gm10253	chr3	88738753	88739692	TEC	ENSMUSG00000104333	-	Gm10253	1175
1176	Syt11	chr3	88744700	88775164	protein_coding	ENSMUSG00000068923	-	Syt11	1176
1177	5830417I10Rik	chr3	88775216	88825587	unprocessed_pseudogene	ENSMUSG00000078684	+	5830417I10Rik	1177
1178	1500004A13Rik	chr3	88782943	88832547	lncRNA	ENSMUSG00000098912	-	1500004A13Rik	1178
1179	Gon4l	chr3	88835231	88910103	protein_coding	ENSMUSG00000054199	+	Gon4l	1179
1180	Gm43713	chr3	88845025	88900001	lncRNA	ENSMUSG00000106218	-	Gm43713	1180
1181	Gm23054	chr3	88862919	88863080	snRNA	ENSMUSG00000064738	+	Gm23054	1181
1182	Msto1	chr3	88905107	88913999	protein_coding	ENSMUSG00000068922	-	Msto1	1182
1183	n-R5s197	chr3	88906510	88906628	rRNA	ENSMUSG00000065236	+	n-R5s197	1183
1184	Dap3	chr3	88920803	88951181	protein_coding	ENSMUSG00000068921	-	Dap3	1184
1185	Ash1l	chr3	88950622	89079375	protein_coding	ENSMUSG00000028053	+	Ash1l	1185
1186	Gm24403	chr3	89048998	89049127	snoRNA	ENSMUSG00000077804	-	Gm24403	1186
1187	Gm43738	chr3	89081939	89101099	protein_coding	ENSMUSG00000105204	-	Gm43738	1187
1188	Rusc1	chr3	89083981	89093311	protein_coding	ENSMUSG00000041263	-	Rusc1	1188
1189	Fdps	chr3	89093588	89101959	protein_coding	ENSMUSG00000059743	-	Fdps	1189
1190	Gm22935	chr3	89097910	89098013	snRNA	ENSMUSG00000077148	-	Gm22935	1190
1191	Gm29704	chr3	89116724	89116976	processed_pseudogene	ENSMUSG00000105654	+	Gm29704	1191
1192	Pklr	chr3	89136142	89146784	protein_coding	ENSMUSG00000041237	+	Pklr	1192
1193	Hcn3	chr3	89146074	89160196	protein_coding	ENSMUSG00000028051	-	Hcn3	1193
1194	Clk2	chr3	89164795	89176921	protein_coding	ENSMUSG00000068917	+	Clk2	1194
1195	Scamp3	chr3	89177473	89182765	protein_coding	ENSMUSG00000028049	+	Scamp3	1195
1196	Gm16069	chr3	89180755	89182293	lncRNA	ENSMUSG00000086718	-	Gm16069	1196
1197	Fam189b	chr3	89183143	89189295	protein_coding	ENSMUSG00000032657	+	Fam189b	1197
1198	Gm23269	chr3	89201167	89201273	snRNA	ENSMUSG00000094489	-	Gm23269	1198
1199	Gba	chr3	89202928	89208966	protein_coding	ENSMUSG00000028048	+	Gba	1199
1200	Mtx1	chr3	89209081	89227088	protein_coding	ENSMUSG00000064068	-	Mtx1	1200
1201	Gm43737	chr3	89210425	89213164	TEC	ENSMUSG00000105692	+	Gm43737	1201
1202	Thbs3	chr3	89215180	89226837	protein_coding	ENSMUSG00000028047	+	Thbs3	1202
1203	Mir92b	chr3	89227116	89227198	miRNA	ENSMUSG00000076255	-	Mir92b	1203
1204	Muc1	chr3	89229057	89233381	protein_coding	ENSMUSG00000042784	+	Muc1	1204
1205	Trim46	chr3	89234177	89246309	protein_coding	ENSMUSG00000042766	-	Trim46	1205
1206	Krtcap2	chr3	89245966	89249906	protein_coding	ENSMUSG00000042747	+	Krtcap2	1206
1207	Dpm3	chr3	89259358	89267079	protein_coding	ENSMUSG00000042737	+	Dpm3	1207
1208	Slc50a1	chr3	89268246	89270570	protein_coding	ENSMUSG00000027953	-	Slc50a1	1208
1209	Efna1	chr3	89271733	89281142	protein_coding	ENSMUSG00000027954	-	Efna1	1209
1210	Gm22642	chr3	89302478	89302729	misc_RNA	ENSMUSG00000093093	+	Gm22642	1210
1211	Efna3	chr3	89313899	89322965	protein_coding	ENSMUSG00000028039	-	Efna3	1211
1212	Gm15998	chr3	89315439	89318907	lncRNA	ENSMUSG00000086389	+	Gm15998	1212
1213	Efna4	chr3	89333390	89338028	protein_coding	ENSMUSG00000028040	-	Efna4	1213
1214	4731419I09Rik	chr3	89337850	89347831	lncRNA	ENSMUSG00000097004	+	4731419I09Rik	1214
1215	Adam15	chr3	89338542	89349996	protein_coding	ENSMUSG00000028041	-	Adam15	1215
1216	Dcst1	chr3	89350219	89365253	protein_coding	ENSMUSG00000042672	-	Dcst1	1216
1217	Gm10702	chr3	89353629	89354898	pseudogene	ENSMUSG00000074467	+	Gm10702	1217
1218	Dcst2	chr3	89361975	89377549	protein_coding	ENSMUSG00000109293	+	Dcst2	1218
1219	Zbtb7b	chr3	89377644	89394776	protein_coding	ENSMUSG00000028042	-	Zbtb7b	1219
1220	Gm15417	chr3	89391850	89398779	lncRNA	ENSMUSG00000074466	+	Gm15417	1220
1221	Lenep	chr3	89400988	89402793	protein_coding	ENSMUSG00000078173	-	Lenep	1221
1222	Flad1	chr3	89401004	89411870	protein_coding	ENSMUSG00000042642	-	Flad1	1222
1223	Cks1b	chr3	89415472	89418383	protein_coding	ENSMUSG00000028044	-	Cks1b	1223
1224	Shc1	chr3	89418443	89430027	protein_coding	ENSMUSG00000042626	+	Shc1	1224
1225	Pygo2	chr3	89430214	89435128	protein_coding	ENSMUSG00000047824	+	Pygo2	1225
1226	Pbxip1	chr3	89436706	89450952	protein_coding	ENSMUSG00000042613	+	Pbxip1	1226
1227	Pmvk	chr3	89454541	89469013	protein_coding	ENSMUSG00000027952	+	Pmvk	1227
1228	Kcnn3	chr3	89520164	89675132	protein_coding	ENSMUSG00000000794	+	Kcnn3	1228
1229	Adar	chr3	89715022	89753446	protein_coding	ENSMUSG00000027951	+	Adar	1229
1230	Chrnb2	chr3	89746195	89764632	protein_coding	ENSMUSG00000027950	-	Chrnb2	1230
1231	4632404H12Rik	chr3	89767511	89773240	lncRNA	ENSMUSG00000042579	-	4632404H12Rik	1231
1232	Ube2q1	chr3	89773616	89784000	protein_coding	ENSMUSG00000042572	+	Ube2q1	1232
1233	Gm8969	chr3	89820998	89821523	processed_pseudogene	ENSMUSG00000106564	+	Gm8969	1233
1234	She	chr3	89831370	89858834	protein_coding	ENSMUSG00000046280	+	She	1234
1235	Il6ra	chr3	89864059	89913196	protein_coding	ENSMUSG00000027947	-	Il6ra	1235
1236	Gm42809	chr3	89912916	89914053	lncRNA	ENSMUSG00000105941	+	Gm42809	1236
1237	Atp8b2	chr3	89939481	89963508	protein_coding	ENSMUSG00000060671	-	Atp8b2	1237
1238	Aqp10-ps	chr3	89964709	89968658	unprocessed_pseudogene	ENSMUSG00000105082	-	Aqp10-ps	1238
1239	Gm24046	chr3	89967999	89968163	snRNA	ENSMUSG00000065045	-	Gm24046	1239
1240	Hax1	chr3	89995446	89998780	protein_coding	ENSMUSG00000027944	-	Hax1	1240
1241	Gm19710	chr3	89998760	90021445	lncRNA	ENSMUSG00000105552	+	Gm19710	1241
1242	Ubap2l	chr3	90000140	90052628	protein_coding	ENSMUSG00000042520	-	Ubap2l	1242
1243	Gm24608	chr3	90010595	90010730	snoRNA	ENSMUSG00000077569	-	Gm24608	1243
1244	Mir7669	chr3	90011153	90011210	miRNA	ENSMUSG00000098397	-	Mir7669	1244
1245	4933434E20Rik	chr3	90051636	90063341	protein_coding	ENSMUSG00000027942	+	4933434E20Rik	1245
1246	AC163616.1	chr3	90052904	90066069	protein_coding	ENSMUSG00000118504	+	AC163616.1	1246
1247	Gm16540	chr3	90057259	90058380	lncRNA	ENSMUSG00000090005	+	Gm16540	1247
1248	1700094D03Rik	chr3	90062796	90068347	protein_coding	ENSMUSG00000118506	+	1700094D03Rik	1248
1249	Tpm3	chr3	90072649	90100902	protein_coding	ENSMUSG00000027940	+	Tpm3	1249
1250	Nup210l	chr3	90104132	90212048	protein_coding	ENSMUSG00000027939	+	Nup210l	1250
1251	Gm23723	chr3	90126535	90126666	snoRNA	ENSMUSG00000064930	+	Gm23723	1251
1252	Gm43712	chr3	90126767	90127057	unprocessed_pseudogene	ENSMUSG00000104649	+	Gm43712	1252
1253	Gm24185	chr3	90198682	90198786	snRNA	ENSMUSG00000084527	+	Gm24185	1253
1254	Rps27	chr3	90212522	90213651	protein_coding	ENSMUSG00000090733	-	Rps27	1254
1255	Rab13	chr3	90213695	90226385	protein_coding	ENSMUSG00000027935	+	Rab13	1255
1256	Jtb	chr3	90231597	90235838	protein_coding	ENSMUSG00000027937	+	Jtb	1256
1257	Creb3l4	chr3	90237500	90243512	protein_coding	ENSMUSG00000027938	-	Creb3l4	1257
1258	Slc39a1	chr3	90248172	90253612	protein_coding	ENSMUSG00000052310	+	Slc39a1	1258
1259	Crtc2	chr3	90254163	90264125	protein_coding	ENSMUSG00000027936	+	Crtc2	1259
1260	Dennd4b	chr3	90265185	90280669	protein_coding	ENSMUSG00000042404	+	Dennd4b	1260
1261	Mir7012	chr3	90270149	90270212	miRNA	ENSMUSG00000099199	+	Mir7012	1261
1262	4930537H20Rik	chr3	90292301	90293983	lncRNA	ENSMUSG00000105350	-	4930537H20Rik	1262
1263	Gatad2b	chr3	90293178	90363407	protein_coding	ENSMUSG00000042390	+	Gatad2b	1263
1264	Gm45477	chr3	90311518	90317015	TEC	ENSMUSG00000108394	+	Gm45477	1264
1265	Gm45354	chr3	90335395	90337951	TEC	ENSMUSG00000108689	+	Gm45354	1265
1266	Slc27a3	chr3	90385239	90389938	protein_coding	ENSMUSG00000027932	-	Slc27a3	1266
1267	Ints3	chr3	90391388	90433622	protein_coding	ENSMUSG00000027933	-	Ints3	1267
1268	Npr1	chr3	90450591	90465866	protein_coding	ENSMUSG00000027931	-	Npr1	1268
1269	Gm16048	chr3	90451583	90457095	lncRNA	ENSMUSG00000087411	+	Gm16048	1269
1270	Gm43595	chr3	90468898	90470959	unprocessed_pseudogene	ENSMUSG00000105746	-	Gm43595	1270
1271	Ilf2	chr3	90476126	90488379	protein_coding	ENSMUSG00000001016	+	Ilf2	1271
1272	Snapin	chr3	90488026	90491033	protein_coding	ENSMUSG00000001018	-	Snapin	1272
1273	Chtop	chr3	90498956	90509498	protein_coding	ENSMUSG00000001017	-	Chtop	1273
1274	S100a1	chr3	90511034	90514392	protein_coding	ENSMUSG00000044080	-	S100a1	1274
1275	S100a13	chr3	90514435	90524581	protein_coding	ENSMUSG00000042312	+	S100a13	1275
1276	S100a14	chr3	90526856	90528837	protein_coding	ENSMUSG00000042306	+	S100a14	1276
1277	S100a16	chr3	90537254	90543151	protein_coding	ENSMUSG00000074457	+	S100a16	1277
1278	S100a2	chr3	90560363	90591531	protein_coding	ENSMUSG00000094018	+	S100a2	1278
1279	Gm23464	chr3	90560556	90560702	snRNA	ENSMUSG00000065079	-	Gm23464	1279
1280	S100a3	chr3	90584659	90602702	protein_coding	ENSMUSG00000001021	+	S100a3	1280
1281	Gm42674	chr3	90601904	90605885	protein_coding	ENSMUSG00000105518	+	Gm42674	1281
1282	S100a4	chr3	90603771	90606045	protein_coding	ENSMUSG00000001020	+	S100a4	1282
1283	S100a5	chr3	90608523	90611780	protein_coding	ENSMUSG00000001023	+	S100a5	1283
1284	S100a6	chr3	90612882	90624181	protein_coding	ENSMUSG00000001025	+	S100a6	1284
1285	Gm19739	chr3	90651714	90651866	processed_pseudogene	ENSMUSG00000105644	-	Gm19739	1285
1286	S100a7a	chr3	90654017	90658669	protein_coding	ENSMUSG00000063767	+	S100a7a	1286
1287	S100a8	chr3	90668978	90670035	protein_coding	ENSMUSG00000056054	+	S100a8	1287
1288	S100a9	chr3	90692632	90695721	protein_coding	ENSMUSG00000056071	-	S100a9	1288
1289	Gm42579	chr3	90708881	90709614	processed_pseudogene	ENSMUSG00000105819	-	Gm42579	1289
1290	Gm5284	chr3	90722611	90723513	processed_pseudogene	ENSMUSG00000106117	-	Gm5284	1290
1291	Pglyrp4	chr3	90726906	90741517	protein_coding	ENSMUSG00000042250	+	Pglyrp4	1291
1292	Gm35013	chr3	90758732	90759563	processed_pseudogene	ENSMUSG00000105892	+	Gm35013	1292
1293	Gm5849	chr3	90775819	90777880	protein_coding	ENSMUSG00000096621	-	Gm5849	1293
1294	Gm43235	chr3	90846372	90848254	unprocessed_pseudogene	ENSMUSG00000106174	-	Gm43235	1294
1295	Gm9023	chr3	91010083	91017184	unprocessed_pseudogene	ENSMUSG00000106257	-	Gm9023	1295
1296	4930529C04Rik	chr3	91071662	91075195	processed_pseudogene	ENSMUSG00000086377	+	4930529C04Rik	1296
1297	9130204L05Rik	chr3	91088137	91090803	protein_coding	ENSMUSG00000091175	-	9130204L05Rik	1297
1298	Gm23697	chr3	92010756	92010865	miRNA	ENSMUSG00000077085	-	Gm23697	1298
1299	Pglyrp3	chr3	92014583	92031582	protein_coding	ENSMUSG00000042244	+	Pglyrp3	1299
1300	Mif-ps3	chr3	92024567	92024911	processed_pseudogene	ENSMUSG00000082826	+	Mif-ps3	1300
1301	Gm25145	chr3	92061397	92061506	miRNA	ENSMUSG00000096133	-	Gm25145	1301
1302	Lor	chr3	92080271	92083142	protein_coding	ENSMUSG00000043165	-	Lor	1302
1303	Gm43736	chr3	92097351	92099631	lncRNA	ENSMUSG00000104981	+	Gm43736	1303
1304	4930511M18Rik	chr3	92102578	92142736	lncRNA	ENSMUSG00000104791	-	4930511M18Rik	1304
1305	Gm43735	chr3	92113192	92119317	lncRNA	ENSMUSG00000106143	+	Gm43735	1305
1306	Prr9	chr3	92122204	92123947	protein_coding	ENSMUSG00000056270	-	Prr9	1306
1307	Lelp1	chr3	92134997	92142744	protein_coding	ENSMUSG00000027927	-	Lelp1	1307
1308	Gm35439	chr3	92170221	92177907	lncRNA	ENSMUSG00000105476	+	Gm35439	1308
1309	AC138676.1	chr3	92195436	92197048	unprocessed_pseudogene	ENSMUSG00000118547	+	AC138676.1	1309
1310	Sprr2a1	chr3	92215799	92221911	protein_coding	ENSMUSG00000078664	+	Sprr2a1	1310
1311	Sprr2a2	chr3	92215920	92256724	protein_coding	ENSMUSG00000068893	+	Sprr2a2	1311
1312	Gm5850	chr3	92227469	92228674	processed_pseudogene	ENSMUSG00000103286	-	Gm5850	1312
1313	Gm5851	chr3	92262271	92263474	processed_pseudogene	ENSMUSG00000104028	-	Gm5851	1313
1314	Gm37752	chr3	92277725	92281033	TEC	ENSMUSG00000103385	-	Gm37752	1314
1315	Sprr2a3	chr3	92285417	92291405	protein_coding	ENSMUSG00000074445	+	Sprr2a3	1315
1316	Sprr2b	chr3	92316620	92318085	protein_coding	ENSMUSG00000050092	+	Sprr2b	1316
1317	Gm37428	chr3	92320911	92321047	processed_pseudogene	ENSMUSG00000103518	+	Gm37428	1317
1318	Sprr2c-ps	chr3	92326600	92326900	processed_pseudogene	ENSMUSG00000103221	+	Sprr2c-ps	1318
1319	Sprr2d	chr3	92339140	92340873	protein_coding	ENSMUSG00000042212	+	Sprr2d	1319
1320	Sprr2e	chr3	92352143	92353449	protein_coding	ENSMUSG00000055030	+	Sprr2e	1320
1321	Sprr2f	chr3	92365187	92366442	protein_coding	ENSMUSG00000050635	+	Sprr2f	1321
1322	Sprr2g	chr3	92373915	92375229	polymorphic_pseudogene	ENSMUSG00000046203	+	Sprr2g	1322
1323	Sprr2h	chr3	92385685	92387324	protein_coding	ENSMUSG00000046259	+	Sprr2h	1323
1324	Sprr2i	chr3	92407991	92409271	protein_coding	ENSMUSG00000042157	+	Sprr2i	1324
1325	Sprr2j-ps	chr3	92418082	92419396	protein_coding	ENSMUSG00000027925	+	Sprr2j-ps	1325
1326	Gm9774	chr3	92428032	92429423	protein_coding	ENSMUSG00000042165	-	Gm9774	1326
1327	Sprr2k	chr3	92432582	92433925	protein_coding	ENSMUSG00000054215	+	Sprr2k	1327
1328	Sprr1b	chr3	92436809	92438789	protein_coding	ENSMUSG00000048455	-	Sprr1b	1328
1329	Sprr3	chr3	92456502	92458720	protein_coding	ENSMUSG00000045539	-	Sprr3	1329
1330	Gm37377	chr3	92473240	92473543	processed_pseudogene	ENSMUSG00000102345	-	Gm37377	1330
1331	Sprr1a	chr3	92483952	92485895	protein_coding	ENSMUSG00000050359	-	Sprr1a	1331
1332	Sprr4	chr3	92500263	92500493	protein_coding	ENSMUSG00000045566	-	Sprr4	1332
1333	2310046K23Rik	chr3	92532505	92534511	protein_coding	ENSMUSG00000102308	-	2310046K23Rik	1333
1334	Ivl	chr3	92570902	92573735	protein_coding	ENSMUSG00000049128	-	Ivl	1334
1335	Smcp	chr3	92583867	92588997	protein_coding	ENSMUSG00000074435	-	Smcp	1335
1336	2210017I01Rik	chr3	92604718	92607492	protein_coding	ENSMUSG00000103523	-	2210017I01Rik	1336
1337	Lce6a	chr3	92620081	92621660	protein_coding	ENSMUSG00000086848	-	Lce6a	1337
1338	Lce1a1	chr3	92646535	92648307	protein_coding	ENSMUSG00000057609	-	Lce1a1	1338
1339	Lce1b	chr3	92655650	92656926	protein_coding	ENSMUSG00000027923	-	Lce1b	1339
1340	Rpl13-ps4	chr3	92664214	92664841	processed_pseudogene	ENSMUSG00000104215	+	Rpl13-ps4	1340
1341	Lce1a2	chr3	92668613	92670315	protein_coding	ENSMUSG00000068890	-	Lce1a2	1341
1342	Lce1c	chr3	92679247	92680918	protein_coding	ENSMUSG00000042092	+	Lce1c	1342
1343	Lce1d	chr3	92685499	92687210	protein_coding	ENSMUSG00000103243	-	Lce1d	1343
1344	Gm4202	chr3	92689426	92690158	processed_pseudogene	ENSMUSG00000091421	+	Gm4202	1344
1345	Lce1e	chr3	92707401	92709074	protein_coding	ENSMUSG00000068889	-	Lce1e	1345
1346	Lce1f	chr3	92718685	92720350	protein_coding	ENSMUSG00000042124	-	Lce1f	1346
1347	Gm38119	chr3	92737651	92739096	protein_coding	ENSMUSG00000103084	-	Gm38119	1347
1348	Lce1g	chr3	92750148	92752338	protein_coding	ENSMUSG00000027919	-	Lce1g	1348
1349	Lce1h	chr3	92763215	92765065	protein_coding	ENSMUSG00000049593	-	Lce1h	1349
1350	Lce1i	chr3	92777210	92778899	protein_coding	ENSMUSG00000068888	-	Lce1i	1350
1351	Lce1j	chr3	92788840	92790514	protein_coding	ENSMUSG00000068887	-	Lce1j	1351
1352	Lce1k	chr3	92806291	92807891	protein_coding	ENSMUSG00000095870	-	Lce1k	1352
1353	Kprp	chr3	92823074	92827247	protein_coding	ENSMUSG00000059832	-	Kprp	1353
1354	Gm38201	chr3	92843297	92843683	lncRNA	ENSMUSG00000102469	-	Gm38201	1354
1355	Lce1l	chr3	92849949	92851286	protein_coding	ENSMUSG00000046676	-	Lce1l	1355
1356	2310050C09Rik	chr3	92868359	92870216	protein_coding	ENSMUSG00000090314	-	2310050C09Rik	1356
1357	Lce3a	chr3	92925287	92926230	protein_coding	ENSMUSG00000054325	-	Lce3a	1357
1358	Lce3b	chr3	92932979	92934097	protein_coding	ENSMUSG00000042031	+	Lce3b	1358
1359	Gm38078	chr3	92937681	92938072	processed_pseudogene	ENSMUSG00000104364	+	Gm38078	1359
1360	Lce3c	chr3	92944486	92945733	protein_coding	ENSMUSG00000045475	+	Lce3c	1360
1361	Lce3d	chr3	92957390	92958505	protein_coding	ENSMUSG00000043472	+	Lce3d	1361
1362	Lce3e	chr3	92967061	92968281	protein_coding	ENSMUSG00000074433	+	Lce3e	1362
1363	Lce3f	chr3	92992226	92993426	protein_coding	ENSMUSG00000068885	+	Lce3f	1363
1364	Crct1	chr3	93014205	93015687	protein_coding	ENSMUSG00000027913	-	Crct1	1364
1365	Lce1m	chr3	93017810	93019060	protein_coding	ENSMUSG00000027912	-	Lce1m	1365
1366	Gm38040	chr3	93064740	93064964	unprocessed_pseudogene	ENSMUSG00000104298	-	Gm38040	1366
1367	Gm4858	chr3	93068823	93075505	protein_coding	ENSMUSG00000096879	+	Gm4858	1367
1368	Crnn	chr3	93144787	93149819	protein_coding	ENSMUSG00000078657	+	Crnn	1368
1369	Gm37501	chr3	93152178	93152868	processed_pseudogene	ENSMUSG00000103902	+	Gm37501	1369
1370	Flg2	chr3	93197278	93221391	protein_coding	ENSMUSG00000049133	+	Flg2	1370
1371	Gm18432	chr3	93234920	93236467	processed_pseudogene	ENSMUSG00000102609	+	Gm18432	1371
1372	Flg	chr3	93273523	93293686	protein_coding	ENSMUSG00000102439	+	Flg	1372
1373	Rplp0-ps1	chr3	93278141	93279073	processed_pseudogene	ENSMUSG00000081640	+	Rplp0-ps1	1373
1374	Gm37922	chr3	93305015	93305469	processed_pseudogene	ENSMUSG00000102485	+	Gm37922	1374
1375	Gm37245	chr3	93306468	93465359	lncRNA	ENSMUSG00000102476	-	Gm37245	1375
1376	Gm37913	chr3	93306468	93309011	TEC	ENSMUSG00000103273	+	Gm37913	1376
1377	Hrnr	chr3	93319749	93333570	protein_coding	ENSMUSG00000041991	+	Hrnr	1377
1378	Gm37857	chr3	93393698	93394896	TEC	ENSMUSG00000103765	+	Gm37857	1378
1379	Rptn	chr3	93393699	93399442	protein_coding	ENSMUSG00000041984	+	Rptn	1379
1380	Gm18296	chr3	93420646	93421428	processed_pseudogene	ENSMUSG00000104171	-	Gm18296	1380
1381	Gm22752	chr3	93433197	93433305	miRNA	ENSMUSG00000076037	-	Gm22752	1381
1382	Gm5278	chr3	93433215	93433766	processed_pseudogene	ENSMUSG00000057829	-	Gm5278	1382
1383	Tchh	chr3	93442330	93449077	protein_coding	ENSMUSG00000052415	+	Tchh	1383
1384	Tchhl1	chr3	93468754	93471980	protein_coding	ENSMUSG00000027908	+	Tchhl1	1384
1385	Gm36953	chr3	93499815	93500300	processed_pseudogene	ENSMUSG00000104135	-	Gm36953	1385
1386	S100a11	chr3	93520488	93526287	protein_coding	ENSMUSG00000027907	+	S100a11	1386
1387	Gm29950	chr3	93530509	93530745	processed_pseudogene	ENSMUSG00000103031	-	Gm29950	1387
1388	S100a10	chr3	93555080	93564643	protein_coding	ENSMUSG00000041959	+	S100a10	1388
1389	Gm5541	chr3	93628640	93629752	unprocessed_pseudogene	ENSMUSG00000103406	-	Gm5541	1389
1390	Gm38207	chr3	93638044	93641548	TEC	ENSMUSG00000104470	+	Gm38207	1390
1391	Tdpoz2	chr3	93651542	93652686	protein_coding	ENSMUSG00000103362	-	Tdpoz2	1391
1392	Tdpoz1	chr3	93669333	93676310	protein_coding	ENSMUSG00000094084	-	Tdpoz1	1392
1393	Gm18433	chr3	93689841	93690037	unprocessed_pseudogene	ENSMUSG00000104144	+	Gm18433	1393
1394	Gm37596	chr3	93692050	93693070	protein_coding	ENSMUSG00000103350	-	Gm37596	1394
1395	Gm5852	chr3	93727026	93728046	unprocessed_pseudogene	ENSMUSG00000103210	-	Gm5852	1395
1396	Gm5773	chr3	93773000	93774142	protein_coding	ENSMUSG00000068879	+	Gm5773	1396
1397	Tdpoz4	chr3	93796398	93797510	protein_coding	ENSMUSG00000060256	+	Tdpoz4	1397
1398	Tdpoz3	chr3	93826020	93827117	protein_coding	ENSMUSG00000058005	+	Tdpoz3	1398
1399	Gm37430	chr3	93871347	93871542	unprocessed_pseudogene	ENSMUSG00000103512	+	Gm37430	1399
1400	Gm9113	chr3	93873369	93874386	unprocessed_pseudogene	ENSMUSG00000102169	-	Gm9113	1400
1401	Gm9116	chr3	93909825	93910842	unprocessed_pseudogene	ENSMUSG00000102933	+	Gm9116	1401
1402	Gm9117	chr3	93936633	93943543	protein_coding	ENSMUSG00000095822	-	Gm9117	1402
1403	Gm37807	chr3	93969138	93969327	unprocessed_pseudogene	ENSMUSG00000103841	+	Gm37807	1403
1404	Gm9121	chr3	93980064	93981134	unprocessed_pseudogene	ENSMUSG00000104460	-	Gm9121	1404
1405	Gm9124	chr3	94009931	94011022	unprocessed_pseudogene	ENSMUSG00000104059	+	Gm9124	1405
1406	Gm37085	chr3	94012770	94012965	unprocessed_pseudogene	ENSMUSG00000102857	-	Gm37085	1406
1407	Gm9125	chr3	94047981	94054885	protein_coding	ENSMUSG00000094328	-	Gm9125	1407
1408	Gm37081	chr3	94069404	94069599	unprocessed_pseudogene	ENSMUSG00000102655	+	Gm37081	1408
1409	Gm5542	chr3	94090818	94091906	unprocessed_pseudogene	ENSMUSG00000102462	-	Gm5542	1409
1410	Gm37882	chr3	94122819	94123014	unprocessed_pseudogene	ENSMUSG00000102949	-	Gm37882	1410
1411	Gm5543	chr3	94157631	94158721	unprocessed_pseudogene	ENSMUSG00000102311	-	Gm5543	1411
1412	Gm37001	chr3	94166553	94166742	unprocessed_pseudogene	ENSMUSG00000102285	+	Gm37001	1412
1413	Gm16560	chr3	94173080	94173483	unprocessed_pseudogene	ENSMUSG00000089826	-	Gm16560	1413
1414	Gm10696	chr3	94174412	94178193	protein_coding	ENSMUSG00000074424	-	Gm10696	1414
1415	Gm5286	chr3	94196714	94199802	protein_coding	ENSMUSG00000090268	+	Gm5286	1415
1416	Gm16584	chr3	94201210	94201398	unprocessed_pseudogene	ENSMUSG00000090111	-	Gm16584	1416
1417	Gm4982	chr3	94236702	94237799	unprocessed_pseudogene	ENSMUSG00000089689	-	Gm4982	1417
1418	Gm9141	chr3	94242464	94243470	unprocessed_pseudogene	ENSMUSG00000089893	-	Gm9141	1418
1419	Gm4778	chr3	94264036	94266784	protein_coding	ENSMUSG00000089696	+	Gm4778	1419
1420	Them4	chr3	94310089	94332540	protein_coding	ENSMUSG00000028145	+	Them4	1420
1421	Gm43743	chr3	94334394	94335332	transcribed_processed_pseudogene	ENSMUSG00000105506	-	Gm43743	1421
1422	Them5	chr3	94342099	94347352	protein_coding	ENSMUSG00000028148	+	Them5	1422
1423	Gm36070	chr3	94356507	94360842	lncRNA	ENSMUSG00000105708	-	Gm36070	1423
1424	C2cd4d	chr3	94362438	94364566	protein_coding	ENSMUSG00000091648	+	C2cd4d	1424
1425	Gm38411	chr3	94368612	94377245	lncRNA	ENSMUSG00000104669	-	Gm38411	1425
1426	Rorc	chr3	94372794	94398276	protein_coding	ENSMUSG00000028150	+	Rorc	1426
1427	Gm43401	chr3	94392971	94402848	lncRNA	ENSMUSG00000105391	-	Gm43401	1427
1428	Lingo4	chr3	94398517	94404501	protein_coding	ENSMUSG00000044505	+	Lingo4	1428
1429	1700040D17Rik	chr3	94409395	94412919	lncRNA	ENSMUSG00000097515	-	1700040D17Rik	1429
1430	Tdrkh	chr3	94413273	94434668	protein_coding	ENSMUSG00000041912	+	Tdrkh	1430
1431	Gm42463	chr3	94413401	94418286	lncRNA	ENSMUSG00000106032	+	Gm42463	1431
1432	Gm42464	chr3	94421661	94422434	transcribed_processed_pseudogene	ENSMUSG00000104756	-	Gm42464	1432
1433	Oaz3	chr3	94432414	94443915	protein_coding	ENSMUSG00000028141	-	Oaz3	1433
1434	Mrpl9	chr3	94443318	94451130	protein_coding	ENSMUSG00000028140	+	Mrpl9	1434
1435	Gm30023	chr3	94453169	94454057	processed_pseudogene	ENSMUSG00000104695	+	Gm30023	1435
1436	Riiad1	chr3	94464983	94480341	protein_coding	ENSMUSG00000028139	-	Riiad1	1436
1437	Celf3	chr3	94478295	94492198	protein_coding	ENSMUSG00000028137	+	Celf3	1437
1438	Snx27	chr3	94497544	94582716	protein_coding	ENSMUSG00000028136	-	Snx27	1438
1439	Gm43773	chr3	94533805	94535966	lncRNA	ENSMUSG00000106061	-	Gm43773	1439
1440	Gm43774	chr3	94536611	94537488	lncRNA	ENSMUSG00000104631	-	Gm43774	1440
1441	Gm43768	chr3	94575777	94577034	lncRNA	ENSMUSG00000105412	-	Gm43768	1441
1442	Gm15235	chr3	94589466	94589659	processed_pseudogene	ENSMUSG00000105522	+	Gm15235	1442
1443	Rpl31-ps11	chr3	94604408	94604784	processed_pseudogene	ENSMUSG00000062896	-	Rpl31-ps11	1443
1444	Tuft1	chr3	94612757	94658872	protein_coding	ENSMUSG00000005968	-	Tuft1	1444
1445	AC127252.1	chr3	94643098	94643596	processed_pseudogene	ENSMUSG00000118474	+	AC127252.1	1445
1446	Gm15234	chr3	94658961	94660115	lncRNA	ENSMUSG00000085250	+	Gm15234	1446
1447	BC021767	chr3	94661830	94670696	transcribed_unprocessed_pseudogene	ENSMUSG00000085006	-	BC021767	1447
1448	Selenbp2	chr3	94693556	94704413	protein_coding	ENSMUSG00000068877	+	Selenbp2	1448
1449	Gm15264	chr3	94720023	94758116	unprocessed_pseudogene	ENSMUSG00000081355	-	Gm15264	1449
1450	Gm43711	chr3	94737343	94737715	processed_pseudogene	ENSMUSG00000104881	+	Gm43711	1450
1451	Cgn	chr3	94760069	94786515	protein_coding	ENSMUSG00000068876	-	Cgn	1451
1452	Gm15263	chr3	94832977	94833805	processed_pseudogene	ENSMUSG00000084058	+	Gm15263	1452
1453	Pogz	chr3	94837567	94882326	protein_coding	ENSMUSG00000038902	+	Pogz	1453
1454	Psmb4	chr3	94884093	94886961	protein_coding	ENSMUSG00000005779	-	Psmb4	1454
1455	Gm26279	chr3	94920322	94920423	snRNA	ENSMUSG00000087720	-	Gm26279	1455
1456	Selenbp1	chr3	94933056	94944758	protein_coding	ENSMUSG00000068874	+	Selenbp1	1456
1457	Rfx5	chr3	94954075	94961561	protein_coding	ENSMUSG00000005774	+	Rfx5	1457
1458	B230398E01Rik	chr3	94959034	94962048	lncRNA	ENSMUSG00000087660	-	B230398E01Rik	1458
1459	Pi4kb	chr3	94974731	95006843	protein_coding	ENSMUSG00000038861	+	Pi4kb	1459
1460	A730011C13Rik	chr3	94994410	94997350	lncRNA	ENSMUSG00000084846	-	A730011C13Rik	1460
1461	Gm15265	chr3	94998800	95004869	lncRNA	ENSMUSG00000086288	-	Gm15265	1461
1462	Mir7013	chr3	95004168	95004239	miRNA	ENSMUSG00000099033	+	Mir7013	1462
1463	Zfp687	chr3	95006590	95015448	protein_coding	ENSMUSG00000019338	-	Zfp687	1463
1464	4930481B07Rik	chr3	95015625	95020138	lncRNA	ENSMUSG00000085956	+	4930481B07Rik	1464
1465	Psmd4	chr3	95032694	95042614	protein_coding	ENSMUSG00000005625	-	Psmd4	1465
1466	Pip5k1a	chr3	95058530	95106930	protein_coding	ENSMUSG00000028126	-	Pip5k1a	1466
1467	Gm24920	chr3	95090625	95090709	snoRNA	ENSMUSG00000064952	-	Gm24920	1467
1468	Gm22301	chr3	95099500	95099606	snRNA	ENSMUSG00000064590	+	Gm22301	1468
1469	Vps72	chr3	95111022	95123051	protein_coding	ENSMUSG00000008958	+	Vps72	1469
1470	Tmod4	chr3	95124476	95129209	protein_coding	ENSMUSG00000005628	+	Tmod4	1470
1471	Scnm1	chr3	95129536	95134011	protein_coding	ENSMUSG00000092607	-	Scnm1	1471
1472	Lysmd1	chr3	95134088	95139518	protein_coding	ENSMUSG00000053769	+	Lysmd1	1472
1473	Mir8099-1	chr3	95139060	95139186	miRNA	ENSMUSG00000098498	-	Mir8099-1	1473
1474	Tnfaip8l2	chr3	95139521	95142360	protein_coding	ENSMUSG00000013707	-	Tnfaip8l2	1474
1475	Gm9169	chr3	95144371	95144906	processed_pseudogene	ENSMUSG00000098198	+	Gm9169	1475
1476	Sema6c	chr3	95160457	95174024	protein_coding	ENSMUSG00000038777	+	Sema6c	1476
1477	Gabpb2	chr3	95181766	95217916	protein_coding	ENSMUSG00000038766	-	Gabpb2	1477
1478	Gm16740	chr3	95217457	95226658	lncRNA	ENSMUSG00000097167	+	Gm16740	1478
1479	Mllt11	chr3	95219135	95232171	protein_coding	ENSMUSG00000053192	-	Mllt11	1479
1480	Cdc42se1	chr3	95228732	95236409	protein_coding	ENSMUSG00000046722	+	Cdc42se1	1480
1481	Gm128	chr3	95236920	95241598	protein_coding	ENSMUSG00000068860	-	Gm128	1481
1482	Bnipl	chr3	95241271	95251193	protein_coding	ENSMUSG00000028115	-	Bnipl	1482
1483	Prune1	chr3	95253674	95282076	protein_coding	ENSMUSG00000015711	-	Prune1	1483
1484	Mindy1	chr3	95281345	95296166	protein_coding	ENSMUSG00000038712	+	Mindy1	1484
1485	Anxa9	chr3	95296096	95307176	protein_coding	ENSMUSG00000015702	-	Anxa9	1485
1486	6330562C20Rik	chr3	95307076	95315127	lncRNA	ENSMUSG00000093424	-	6330562C20Rik	1486
1487	Cers2	chr3	95314791	95323599	protein_coding	ENSMUSG00000015714	+	Cers2	1487
1488	Setdb1	chr3	95323525	95357202	protein_coding	ENSMUSG00000015697	-	Setdb1	1488
1489	Gm42578	chr3	95352784	95352977	processed_pseudogene	ENSMUSG00000105860	+	Gm42578	1489
1490	Gm37500	chr3	95356130	95357572	TEC	ENSMUSG00000103900	+	Gm37500	1490
1491	4930558C23Rik	chr3	95386461	95402841	protein_coding	ENSMUSG00000105734	-	4930558C23Rik	1491
1492	Gm5070	chr3	95410346	95411207	processed_pseudogene	ENSMUSG00000096177	-	Gm5070	1492
1493	Gm9173	chr3	95415026	95415425	processed_pseudogene	ENSMUSG00000104646	-	Gm9173	1493
1494	Gm4349	chr3	95427671	95431087	transcribed_unprocessed_pseudogene	ENSMUSG00000097532	+	Gm4349	1494
1495	Arnt	chr3	95434388	95497240	protein_coding	ENSMUSG00000015522	+	Arnt	1495
1496	Gm42672	chr3	95461191	95461542	processed_pseudogene	ENSMUSG00000105395	+	Gm42672	1496
1497	Ctsk	chr3	95499256	95509362	protein_coding	ENSMUSG00000028111	+	Ctsk	1497
1498	Ctss	chr3	95526786	95556403	protein_coding	ENSMUSG00000038642	+	Ctss	1498
1499	Hmgb1-ps5	chr3	95530418	95530974	processed_pseudogene	ENSMUSG00000083822	+	Hmgb1-ps5	1499
1500	Hormad1	chr3	95559677	95587671	protein_coding	ENSMUSG00000028109	+	Hormad1	1500
1501	Golph3l	chr3	95588934	95619247	protein_coding	ENSMUSG00000046519	+	Golph3l	1501
1502	Gm42671	chr3	95588971	95590574	TEC	ENSMUSG00000105460	+	Gm42671	1502
1503	Rps10-ps1	chr3	95622278	95622772	processed_pseudogene	ENSMUSG00000060438	+	Rps10-ps1	1503
1504	Ensa	chr3	95624993	95632102	protein_coding	ENSMUSG00000038619	+	Ensa	1504
1505	E330034L11Rik	chr3	95639304	95641045	TEC	ENSMUSG00000106383	+	E330034L11Rik	1505
1506	Mcl1	chr3	95658788	95663176	protein_coding	ENSMUSG00000038612	+	Mcl1	1506
1507	Adamtsl4	chr3	95676201	95687917	protein_coding	ENSMUSG00000015850	-	Adamtsl4	1507
1508	Ecm1	chr3	95734147	95739569	protein_coding	ENSMUSG00000028108	-	Ecm1	1508
1509	Mir7014	chr3	95734911	95734973	miRNA	ENSMUSG00000098737	-	Mir7014	1509
1510	Tars2	chr3	95739976	95760206	protein_coding	ENSMUSG00000028107	-	Tars2	1510
1511	Rprd2	chr3	95760341	95818863	protein_coding	ENSMUSG00000028106	-	Rprd2	1511
1512	Gm43436	chr3	95780724	95780870	processed_pseudogene	ENSMUSG00000104967	+	Gm43436	1512
1513	Gm26361	chr3	95796699	95796884	snRNA	ENSMUSG00000089493	-	Gm26361	1513
1514	Gm17815	chr3	95804855	95805749	processed_pseudogene	ENSMUSG00000105093	+	Gm17815	1514
1515	Prpf3	chr3	95830124	95855885	protein_coding	ENSMUSG00000015748	-	Prpf3	1515
1516	Gm26594	chr3	95855966	95861485	lncRNA	ENSMUSG00000097189	+	Gm26594	1516
1517	Mrps21	chr3	95862634	95871519	protein_coding	ENSMUSG00000054312	-	Mrps21	1517
1518	C920021L13Rik	chr3	95871522	95889093	lncRNA	ENSMUSG00000080727	+	C920021L13Rik	1518
1519	Ciart	chr3	95878503	95882251	protein_coding	ENSMUSG00000038550	-	Ciart	1519
1520	BC028528	chr3	95883954	95892005	protein_coding	ENSMUSG00000038543	-	BC028528	1520
1521	Aph1a	chr3	95893969	95898288	protein_coding	ENSMUSG00000015750	+	Aph1a	1521
1522	Car14	chr3	95897768	95904691	protein_coding	ENSMUSG00000038526	-	Car14	1522
1523	Anp32e	chr3	95929246	95947390	protein_coding	ENSMUSG00000015749	+	Anp32e	1523
1524	Gm43375	chr3	95940086	95942565	TEC	ENSMUSG00000106262	+	Gm43375	1524
1525	Gm20940	chr3	95964029	95964388	processed_pseudogene	ENSMUSG00000106640	-	Gm20940	1525
1526	Plekho1	chr3	95988429	95996001	protein_coding	ENSMUSG00000015745	-	Plekho1	1526
1527	Vps45	chr3	95999832	96058466	protein_coding	ENSMUSG00000015747	-	Vps45	1527
1528	Gm43554	chr3	96086871	96087056	processed_pseudogene	ENSMUSG00000105995	+	Gm43554	1528
1529	Otud7b	chr3	96104527	96161129	protein_coding	ENSMUSG00000038495	+	Otud7b	1529
1530	Mtmr11	chr3	96162004	96171718	protein_coding	ENSMUSG00000045934	+	Mtmr11	1530
1531	Gm17690	chr3	96167464	96172416	lncRNA	ENSMUSG00000097204	-	Gm17690	1531
1532	Sf3b4	chr3	96172332	96177564	protein_coding	ENSMUSG00000068856	+	Sf3b4	1532
1533	Gm22027	chr3	96176361	96176487	snoRNA	ENSMUSG00000084686	+	Gm22027	1533
1534	Sv2a	chr3	96181151	96195521	protein_coding	ENSMUSG00000038486	+	Sv2a	1534
1535	Bola1	chr3	96196588	96219709	protein_coding	ENSMUSG00000015943	-	Bola1	1535
1536	Gm15444	chr3	96209627	96220168	lncRNA	ENSMUSG00000086556	-	Gm15444	1536
1537	Hist2h2ab	chr3	96219865	96220308	protein_coding	ENSMUSG00000063689	+	Hist2h2ab	1537
1538	Hist2h2ac	chr3	96220361	96220880	protein_coding	ENSMUSG00000068855	-	Hist2h2ac	1538
1539	Gm44492	chr3	96220501	96220641	miRNA	ENSMUSG00000106431	+	Gm44492	1539
1540	Hist2h2be	chr3	96221119	96223738	protein_coding	ENSMUSG00000068854	+	Hist2h2be	1540
1541	Hist2h3c2	chr3	96238108	96239127	protein_coding	ENSMUSG00000081058	-	Hist2h3c2	1541
1542	Gm20632	chr3	96239393	96241819	lncRNA	ENSMUSG00000093577	+	Gm20632	1542
1543	Hist2h2aa2	chr3	96239749	96240276	protein_coding	ENSMUSG00000063954	-	Hist2h2aa2	1543
1544	Gm20633	chr3	96243550	96246380	lncRNA	ENSMUSG00000093553	-	Gm20633	1544
1545	Gm20634	chr3	96245554	96248509	lncRNA	ENSMUSG00000070392	+	Gm20634	1545
1546	Hist2h3c1	chr3	96246685	96248509	protein_coding	ENSMUSG00000093769	+	Hist2h3c1	1546
1547	Gm20627	chr3	96254619	96256277	lncRNA	ENSMUSG00000093507	-	Gm20627	1547
1548	Hist2h4	chr3	96261682	96263311	protein_coding	ENSMUSG00000091405	-	Hist2h4	1548
1549	Gm38227	chr3	96263785	96265386	TEC	ENSMUSG00000103940	+	Gm38227	1549
1550	Gm20628	chr3	96267075	96270289	lncRNA	ENSMUSG00000093656	-	Gm20628	1550
1551	Hist2h3b	chr3	96268654	96269141	protein_coding	ENSMUSG00000074403	+	Hist2h3b	1551
1552	Gm42743	chr3	96269721	96279001	lncRNA	ENSMUSG00000050936	+	Gm42743	1552
1553	Hist2h2bb	chr3	96269752	96270132	protein_coding	ENSMUSG00000105827	+	Hist2h2bb	1553
1554	Fcgr1	chr3	96282909	96293969	protein_coding	ENSMUSG00000015947	-	Fcgr1	1554
1555	Gm24830	chr3	96328425	96328590	snRNA	ENSMUSG00000095701	+	Gm24830	1555
1556	Platr30	chr3	96345287	96358480	lncRNA	ENSMUSG00000097851	+	Platr30	1556
1557	Gm26553	chr3	96348627	96357094	lncRNA	ENSMUSG00000097807	-	Gm26553	1557
1558	Rnu1b1	chr3	96359953	96360117	snRNA	ENSMUSG00000095580	-	Rnu1b1	1558
1559	4930477E14Rik	chr3	96401150	96402014	lncRNA	ENSMUSG00000097539	-	4930477E14Rik	1559
1560	Gm26654	chr3	96402381	96402948	lncRNA	ENSMUSG00000097299	+	Gm26654	1560
1561	Pafah1b1-ps1	chr3	96407517	96409059	processed_pseudogene	ENSMUSG00000097041	-	Pafah1b1-ps1	1561
1562	Gm21960	chr3	96412910	96413361	processed_pseudogene	ENSMUSG00000095836	-	Gm21960	1562
1563	Gm24136	chr3	96422733	96422897	snRNA	ENSMUSG00000095513	+	Gm24136	1563
1564	BC107364	chr3	96433788	96452306	protein_coding	ENSMUSG00000046317	-	BC107364	1564
1565	Gm26232	chr3	96450446	96450611	snRNA	ENSMUSG00000096838	+	Gm26232	1565
1566	Gm9207	chr3	96454835	96455949	processed_pseudogene	ENSMUSG00000104642	-	Gm9207	1566
1567	Gm10685	chr3	96458209	96470656	lncRNA	ENSMUSG00000106429	+	Gm10685	1567
1568	Gm43534	chr3	96464072	96466924	TEC	ENSMUSG00000106641	-	Gm43534	1568
1569	Gm28001	chr3	96485161	96485277	rRNA	ENSMUSG00000098392	+	Gm28001	1569
1570	Gm25890	chr3	96486555	96486719	snRNA	ENSMUSG00000095260	-	Gm25890	1570
1571	Hjv	chr3	96525172	96529210	protein_coding	ENSMUSG00000038403	+	Hjv	1571
1572	Gm15441	chr3	96555765	96566801	lncRNA	ENSMUSG00000074398	-	Gm15441	1572
1573	Txnip	chr3	96557957	96561883	protein_coding	ENSMUSG00000038393	+	Txnip	1573
1574	Gm16253	chr3	96576984	96580663	protein_coding	ENSMUSG00000087610	+	Gm16253	1574
1575	Polr3gl	chr3	96577872	96594181	protein_coding	ENSMUSG00000028104	-	Polr3gl	1575
1576	Ankrd34a	chr3	96596636	96599775	protein_coding	ENSMUSG00000049097	+	Ankrd34a	1576
1577	Lix1l	chr3	96601149	96626171	protein_coding	ENSMUSG00000049288	+	Lix1l	1577
1578	6330549D23Rik	chr3	96606659	96629820	transcribed_processed_pseudogene	ENSMUSG00000045327	-	6330549D23Rik	1578
1579	Rbm8a	chr3	96629933	96633791	protein_coding	ENSMUSG00000038374	+	Rbm8a	1579
1580	Pex11b	chr3	96635376	96645366	protein_coding	ENSMUSG00000028102	+	Pex11b	1580
1581	Gm42957	chr3	96635474	96653101	protein_coding	ENSMUSG00000106447	+	Gm42957	1581
1582	Itga10	chr3	96645584	96664519	protein_coding	ENSMUSG00000090210	+	Itga10	1582
1583	Rpl21-ps11	chr3	96666503	96666982	processed_pseudogene	ENSMUSG00000105144	-	Rpl21-ps11	1583
1584	Ankrd35	chr3	96670131	96691032	protein_coding	ENSMUSG00000038354	+	Ankrd35	1584
1585	Pias3	chr3	96696384	96706070	protein_coding	ENSMUSG00000028101	+	Pias3	1585
1586	Nudt17	chr3	96706067	96708562	protein_coding	ENSMUSG00000028100	-	Nudt17	1586
1587	Polr3c	chr3	96711490	96727628	protein_coding	ENSMUSG00000028099	-	Polr3c	1587
1588	Gm22581	chr3	96724265	96724400	snoRNA	ENSMUSG00000065669	-	Gm22581	1588
1589	Gm42783	chr3	96724526	96725320	TEC	ENSMUSG00000104795	-	Gm42783	1589
1590	Rnf115	chr3	96727664	96791638	protein_coding	ENSMUSG00000028098	+	Rnf115	1590
1591	Gm42782	chr3	96784325	96784846	TEC	ENSMUSG00000105976	+	Gm42782	1591
1592	Cd160	chr3	96798763	96829351	protein_coding	ENSMUSG00000038304	-	Cd160	1592
1593	Pdzk1	chr3	96829284	96870926	protein_coding	ENSMUSG00000038298	+	Pdzk1	1593
1594	4930442L01Rik	chr3	96829826	96832096	lncRNA	ENSMUSG00000087223	-	4930442L01Rik	1594
1595	Gpr89	chr3	96868281	96905346	protein_coding	ENSMUSG00000028096	-	Gpr89	1595
1596	Gja5	chr3	96904693	97077416	protein_coding	ENSMUSG00000057123	+	Gja5	1596
1597	Gja8	chr3	96913566	96926020	protein_coding	ENSMUSG00000049908	-	Gja8	1597
1598	9230114J08Rik	chr3	96998722	97000771	lncRNA	ENSMUSG00000105385	-	9230114J08Rik	1598
1599	4930573H18Rik	chr3	97046656	97092785	lncRNA	ENSMUSG00000104766	-	4930573H18Rik	1599
1600	Gm43222	chr3	97125511	97126113	processed_pseudogene	ENSMUSG00000106324	-	Gm43222	1600
1601	Gm24435	chr3	97140552	97140661	snRNA	ENSMUSG00000088511	-	Gm24435	1601
1602	Acp6	chr3	97158777	97177299	protein_coding	ENSMUSG00000028093	+	Acp6	1602
1603	Bcl9	chr3	97203662	97297917	protein_coding	ENSMUSG00000038256	-	Bcl9	1603
1604	Gm42508	chr3	97262355	97265646	TEC	ENSMUSG00000106536	+	Gm42508	1604
1605	Gm43073	chr3	97273876	97275064	TEC	ENSMUSG00000104745	-	Gm43073	1605
1606	Olfr1402	chr3	97407450	97422020	protein_coding	ENSMUSG00000051392	-	Olfr1402	1606
1607	Chd1l	chr3	97560742	97610203	protein_coding	ENSMUSG00000028089	-	Chd1l	1607
1608	Gm43075	chr3	97609932	97613836	TEC	ENSMUSG00000105004	+	Gm43075	1608
1609	Fmo5	chr3	97628804	97655282	protein_coding	ENSMUSG00000028088	+	Fmo5	1609
1610	Prkab2	chr3	97658193	97673812	protein_coding	ENSMUSG00000038205	+	Prkab2	1610
1611	Gm17651	chr3	97673031	97674694	protein_coding	ENSMUSG00000090441	-	Gm17651	1611
1612	Pde4dip	chr3	97689824	97888707	protein_coding	ENSMUSG00000038170	-	Pde4dip	1612
1613	Mir7225	chr3	97690509	97690562	miRNA	ENSMUSG00000098381	-	Mir7225	1613
1614	Gm31305	chr3	97730339	97736166	lncRNA	ENSMUSG00000105245	+	Gm31305	1614
1615	Gm15999	chr3	97892231	97901089	lncRNA	ENSMUSG00000086557	-	Gm15999	1615
1616	Sec22b	chr3	97901190	97923276	protein_coding	ENSMUSG00000027879	+	Sec22b	1616
1617	Gm5544	chr3	97930173	97967018	lncRNA	ENSMUSG00000074388	+	Gm5544	1617
1618	Notch2	chr3	98013527	98150361	protein_coding	ENSMUSG00000027878	+	Notch2	1618
1619	Gm42819	chr3	98030687	98035807	TEC	ENSMUSG00000105728	+	Gm42819	1619
1620	Gm42820	chr3	98121588	98124650	TEC	ENSMUSG00000106427	+	Gm42820	1620
1621	Adam30	chr3	98160630	98164169	protein_coding	ENSMUSG00000043468	+	Adam30	1621
1622	Gm9771	chr3	98189966	98191102	processed_pseudogene	ENSMUSG00000106486	-	Gm9771	1622
1623	Reg4	chr3	98222156	98236748	protein_coding	ENSMUSG00000027876	+	Reg4	1623
1624	Gm42821	chr3	98248599	98249087	processed_pseudogene	ENSMUSG00000104842	+	Gm42821	1624
1625	Hmgcs2	chr3	98280435	98310738	protein_coding	ENSMUSG00000027875	+	Hmgcs2	1625
1626	Gm43189	chr3	98286988	98290056	lncRNA	ENSMUSG00000105909	+	Gm43189	1626
1627	Phgdh	chr3	98313170	98339990	protein_coding	ENSMUSG00000053398	-	Phgdh	1627
1628	Zfp697	chr3	98382461	98753812	protein_coding	ENSMUSG00000050064	+	Zfp697	1628
1629	Gm4450	chr3	98445675	98457126	protein_coding	ENSMUSG00000090817	-	Gm4450	1629
1630	Gm43190	chr3	98447198	98448976	lncRNA	ENSMUSG00000106107	-	Gm43190	1630
1631	Gm19210	chr3	98469146	98473218	unprocessed_pseudogene	ENSMUSG00000106129	-	Gm19210	1631
1632	Hsd3b4	chr3	98499071	98510514	protein_coding	ENSMUSG00000095143	-	Hsd3b4	1632
1633	Gm19211	chr3	98522741	98526690	unprocessed_pseudogene	ENSMUSG00000105696	-	Gm19211	1633
1634	Gm10681	chr3	98552542	98588807	protein_coding	ENSMUSG00000095388	-	Gm10681	1634
1635	Gm5853	chr3	98579767	98580398	processed_pseudogene	ENSMUSG00000105641	-	Gm5853	1635
1636	Gm9678	chr3	98581153	98588290	unprocessed_pseudogene	ENSMUSG00000106456	-	Gm9678	1636
1637	Hsd3b5	chr3	98618634	98630252	protein_coding	ENSMUSG00000038092	-	Hsd3b5	1637
1638	Gm12399	chr3	98669854	98678331	unprocessed_pseudogene	ENSMUSG00000081919	-	Gm12399	1638
1639	Gm12400	chr3	98680832	98688182	unprocessed_pseudogene	ENSMUSG00000083331	-	Gm12400	1639
1640	Hsd3b2	chr3	98709255	98724543	protein_coding	ENSMUSG00000063730	-	Hsd3b2	1640
1641	Hsd3b3	chr3	98741523	98763127	protein_coding	ENSMUSG00000062410	-	Hsd3b3	1641
1642	Hsd3b6	chr3	98805504	98814443	protein_coding	ENSMUSG00000027869	-	Hsd3b6	1642
1643	Gm12427	chr3	98818082	98820019	unprocessed_pseudogene	ENSMUSG00000083222	-	Gm12427	1643
1644	Gm12431	chr3	98842871	98843038	unprocessed_pseudogene	ENSMUSG00000082089	-	Gm12431	1644
1645	Gm12432	chr3	98846339	98846524	processed_pseudogene	ENSMUSG00000083577	-	Gm12432	1645
1646	Hsd3b1	chr3	98852194	98859794	protein_coding	ENSMUSG00000027871	-	Hsd3b1	1646
1647	Hao2	chr3	98874521	98893239	protein_coding	ENSMUSG00000027870	-	Hao2	1647
1648	5730437C11Rik	chr3	98937649	98941256	lncRNA	ENSMUSG00000085121	-	5730437C11Rik	1648
1649	Gm12440	chr3	99049822	99053744	lncRNA	ENSMUSG00000086833	+	Gm12440	1649
1650	Gm12441	chr3	99100567	99101154	processed_pseudogene	ENSMUSG00000083888	-	Gm12441	1650
1651	Gm22341	chr3	99113155	99113283	snoRNA	ENSMUSG00000065709	-	Gm22341	1651
1652	Gm24216	chr3	99124186	99124302	snoRNA	ENSMUSG00000088884	-	Gm24216	1652
1653	Wars2	chr3	99141068	99239186	protein_coding	ENSMUSG00000004233	+	Wars2	1653
1654	Gm43024	chr3	99144603	99148954	lncRNA	ENSMUSG00000105472	+	Gm43024	1654
1655	Gm18982	chr3	99180753	99181281	processed_pseudogene	ENSMUSG00000105798	-	Gm18982	1655
1656	Gm42717	chr3	99206422	99209884	lncRNA	ENSMUSG00000106197	+	Gm42717	1656
1657	Tbx15	chr3	99240381	99354259	protein_coding	ENSMUSG00000027868	+	Tbx15	1657
1658	Gm43120	chr3	99254698	99261285	lncRNA	ENSMUSG00000105689	-	Gm43120	1658
1659	M6pr-ps	chr3	99500550	99501379	processed_pseudogene	ENSMUSG00000080832	+	M6pr-ps	1659
1660	Gm12448	chr3	99544408	99545062	processed_pseudogene	ENSMUSG00000083938	-	Gm12448	1660
1661	Gm22505	chr3	99707740	99707847	snRNA	ENSMUSG00000064890	-	Gm22505	1661
1662	Spag17	chr3	99885406	100143322	protein_coding	ENSMUSG00000027867	+	Spag17	1662
1663	Rpl36-ps7	chr3	100008360	100008674	processed_pseudogene	ENSMUSG00000080754	+	Rpl36-ps7	1663
1664	Tra2b-ps	chr3	100078477	100078644	processed_pseudogene	ENSMUSG00000082763	-	Tra2b-ps	1664
1665	Spag17os	chr3	100100684	100106895	lncRNA	ENSMUSG00000085244	-	Spag17os	1665
1666	Wdr3	chr3	100138180	100162407	protein_coding	ENSMUSG00000033285	-	Wdr3	1666
1667	Gdap2	chr3	100162381	100206981	protein_coding	ENSMUSG00000027865	+	Gdap2	1667
1668	Gm12464	chr3	100413560	100414575	processed_pseudogene	ENSMUSG00000081440	+	Gm12464	1668
1669	4930406D18Rik	chr3	100426405	100437754	lncRNA	ENSMUSG00000086923	+	4930406D18Rik	1669
1670	Gm43121	chr3	100437834	100439138	lncRNA	ENSMUSG00000106639	+	Gm43121	1670
1671	Tent5c	chr3	100451628	100489324	protein_coding	ENSMUSG00000044468	-	Tent5c	1671
1672	Gm12474	chr3	100489664	100523920	lncRNA	ENSMUSG00000053957	+	Gm12474	1672
1673	Gm42868	chr3	100497429	100500125	lncRNA	ENSMUSG00000104943	+	Gm42868	1673
1674	Man1a2	chr3	100562208	100685503	protein_coding	ENSMUSG00000008763	-	Man1a2	1674
1675	Gm43466	chr3	100582314	100587527	lncRNA	ENSMUSG00000105824	-	Gm43466	1675
1676	Gm42869	chr3	100624902	100627022	lncRNA	ENSMUSG00000105137	-	Gm42869	1676
1677	Gm43462	chr3	100627297	100630944	lncRNA	ENSMUSG00000105561	-	Gm43462	1677
1678	Gm43463	chr3	100678292	100680094	lncRNA	ENSMUSG00000106184	-	Gm43463	1678
1679	Gm12485	chr3	100680265	100680555	processed_pseudogene	ENSMUSG00000083842	+	Gm12485	1679
1680	Gm43464	chr3	100692706	100700084	lncRNA	ENSMUSG00000106227	+	Gm43464	1680
1681	Vtcn1	chr3	100825459	100896922	protein_coding	ENSMUSG00000051076	+	Vtcn1	1681
1682	Trim45	chr3	100922202	100936920	protein_coding	ENSMUSG00000033233	+	Trim45	1682
1683	Ttf2	chr3	100938860	100969663	protein_coding	ENSMUSG00000033222	-	Ttf2	1683
1684	Gm12488	chr3	100955441	100955939	processed_pseudogene	ENSMUSG00000082000	+	Gm12488	1684
1685	Cd101	chr3	100993529	101029556	protein_coding	ENSMUSG00000086564	-	Cd101	1685
1686	Ptgfrn	chr3	101040232	101110278	protein_coding	ENSMUSG00000027864	-	Ptgfrn	1686
1687	Gm43465	chr3	101084592	101087393	lncRNA	ENSMUSG00000105717	-	Gm43465	1687
1688	Gm12486	chr3	101206859	101207399	processed_pseudogene	ENSMUSG00000082415	-	Gm12486	1688
1689	Tpt1-ps1	chr3	101233460	101233895	processed_pseudogene	ENSMUSG00000083546	+	Tpt1-ps1	1689
1690	Gm12490	chr3	101260917	101261476	processed_pseudogene	ENSMUSG00000081569	+	Gm12490	1690
1691	Cd2	chr3	101275899	101287939	protein_coding	ENSMUSG00000027863	-	Cd2	1691
1692	Gm10355	chr3	101306563	101307079	processed_pseudogene	ENSMUSG00000072381	-	Gm10355	1692
1693	Gm43467	chr3	101310846	101311282	processed_pseudogene	ENSMUSG00000106316	+	Gm43467	1693
1694	Igsf3	chr3	101377083	101463059	protein_coding	ENSMUSG00000042035	+	Igsf3	1694
1695	Gm42939	chr3	101407793	101409997	lncRNA	ENSMUSG00000104639	+	Gm42939	1695
1696	Gm42938	chr3	101411539	101412610	lncRNA	ENSMUSG00000105611	+	Gm42938	1696
1697	Gm42538	chr3	101424615	101426936	lncRNA	ENSMUSG00000106137	-	Gm42538	1697
1698	Atp1a1	chr3	101576219	101604684	protein_coding	ENSMUSG00000033161	-	Atp1a1	1698
1699	Gm42937	chr3	101580304	101581055	lncRNA	ENSMUSG00000104737	-	Gm42937	1699
1700	Gm42941	chr3	101595810	101597130	lncRNA	ENSMUSG00000104693	-	Gm42941	1700
1701	Gm43135	chr3	101691789	101699632	lncRNA	ENSMUSG00000106070	+	Gm43135	1701
1702	Gm43134	chr3	101748124	101750009	lncRNA	ENSMUSG00000105642	+	Gm43134	1702
1703	Mab21l3	chr3	101813076	101848959	protein_coding	ENSMUSG00000044313	-	Mab21l3	1703
1704	Slc22a15	chr3	101855776	101924453	protein_coding	ENSMUSG00000033147	-	Slc22a15	1704
1705	Nhlh2	chr3	102010076	102015492	protein_coding	ENSMUSG00000048540	+	Nhlh2	1705
1706	Gm43243	chr3	102068050	102068327	processed_pseudogene	ENSMUSG00000104930	+	Gm43243	1706
1707	Gm18894	chr3	102074453	102075146	processed_pseudogene	ENSMUSG00000105346	+	Gm18894	1707
1708	Casq2	chr3	102086415	102146514	protein_coding	ENSMUSG00000027861	+	Casq2	1708
1709	Gm43244	chr3	102129938	102131222	lncRNA	ENSMUSG00000105342	+	Gm43244	1709
1710	4632404M16Rik	chr3	102134615	102137496	lncRNA	ENSMUSG00000106296	+	4632404M16Rik	1710
1711	Vangl1	chr3	102153583	102204693	protein_coding	ENSMUSG00000027860	-	Vangl1	1711
1712	Gm16160	chr3	102203956	102206266	lncRNA	ENSMUSG00000089916	+	Gm16160	1712
1713	Gm43241	chr3	102249669	102250265	lncRNA	ENSMUSG00000105151	+	Gm43241	1713
1714	A230001M10Rik	chr3	102262405	102445132	lncRNA	ENSMUSG00000105891	+	A230001M10Rik	1714
1715	Gm43242	chr3	102369162	102370937	lncRNA	ENSMUSG00000105966	+	Gm43242	1715
1716	Ngf	chr3	102469919	102521013	protein_coding	ENSMUSG00000027859	+	Ngf	1716
1717	Gm42679	chr3	102491342	102494247	lncRNA	ENSMUSG00000106121	+	Gm42679	1717
1718	Gm42678	chr3	102599373	102601593	lncRNA	ENSMUSG00000104619	+	Gm42678	1718
1719	Gm19202	chr3	102685910	102686717	processed_pseudogene	ENSMUSG00000104685	-	Gm19202	1719
1720	Gm42677	chr3	102686735	102686861	processed_pseudogene	ENSMUSG00000105498	-	Gm42677	1720
1721	Gm42682	chr3	102714252	102715516	lncRNA	ENSMUSG00000105570	+	Gm42682	1721
1722	Tspan2os	chr3	102720231	102735417	lncRNA	ENSMUSG00000086745	-	Tspan2os	1722
1723	Tspan2	chr3	102734529	102801513	protein_coding	ENSMUSG00000027858	+	Tspan2	1723
1724	Tshb	chr3	102775465	102782718	protein_coding	ENSMUSG00000027857	-	Tshb	1724
1725	Gm42681	chr3	102783179	102784789	lncRNA	ENSMUSG00000105855	-	Gm42681	1725
1726	Sycp1	chr3	102818499	102936100	protein_coding	ENSMUSG00000027855	-	Sycp1	1726
1727	Gm42816	chr3	102830494	102830818	unprocessed_pseudogene	ENSMUSG00000105672	+	Gm42816	1727
1728	Gm33866	chr3	102880780	102881068	processed_pseudogene	ENSMUSG00000105938	+	Gm33866	1728
1729	Nr1h5	chr3	102939658	102964133	protein_coding	ENSMUSG00000048938	-	Nr1h5	1729
1730	Gm22826	chr3	102951949	102952113	snRNA	ENSMUSG00000065708	-	Gm22826	1730
1731	Sike1	chr3	102995708	103008459	protein_coding	ENSMUSG00000027854	+	Sike1	1731
1732	Csde1	chr3	103020426	103058186	protein_coding	ENSMUSG00000068823	+	Csde1	1732
1733	Nras	chr3	103058285	103067914	protein_coding	ENSMUSG00000027852	+	Nras	1733
1734	Gm43062	chr3	103071174	103072492	lncRNA	ENSMUSG00000104671	+	Gm43062	1734
1735	Ampd1	chr3	103074014	103099720	protein_coding	ENSMUSG00000070385	+	Ampd1	1735
1736	Gm23820	chr3	103082876	103083175	misc_RNA	ENSMUSG00000089075	+	Gm23820	1736
1737	Gm43063	chr3	103096746	103097826	lncRNA	ENSMUSG00000105731	+	Gm43063	1737
1738	Dennd2c	chr3	103102604	103169769	protein_coding	ENSMUSG00000007379	+	Dennd2c	1738
1739	Bcas2	chr3	103171655	103179166	protein_coding	ENSMUSG00000005687	+	Bcas2	1739
1740	Gm27024	chr3	103179689	103180443	processed_pseudogene	ENSMUSG00000098153	-	Gm27024	1740
1741	2410024N13Rik	chr3	103198226	103198975	pseudogene	ENSMUSG00000054379	-	2410024N13Rik	1741
1742	Gm43060	chr3	103246975	103247263	processed_pseudogene	ENSMUSG00000104976	-	Gm43060	1742
1743	Trim33	chr3	103279293	103358775	protein_coding	ENSMUSG00000033014	+	Trim33	1743
1744	Gm43061	chr3	103332143	103334383	lncRNA	ENSMUSG00000104925	+	Gm43061	1744
1745	Gm25009	chr3	103392933	103393034	snoRNA	ENSMUSG00000089029	+	Gm25009	1745
1746	Gm25869	chr3	103427437	103427543	snRNA	ENSMUSG00000065789	+	Gm25869	1746
1747	Gm25199	chr3	103445697	103445800	snRNA	ENSMUSG00000065029	-	Gm25199	1747
1748	Syt6	chr3	103575231	103645569	protein_coding	ENSMUSG00000027849	+	Syt6	1748
1749	Gm43066	chr3	103601943	103603202	lncRNA	ENSMUSG00000104764	+	Gm43066	1749
1750	Atg4a-ps	chr3	103643954	103646068	protein_coding	ENSMUSG00000087119	-	Atg4a-ps	1750
1751	Gm15986	chr3	103694798	103695197	processed_pseudogene	ENSMUSG00000081910	+	Gm15986	1751
1752	Olfml3	chr3	103722222	103738001	protein_coding	ENSMUSG00000027848	-	Olfml3	1752
1753	Gm10964	chr3	103739366	103746376	protein_coding	ENSMUSG00000078620	+	Gm10964	1753
1754	Hipk1	chr3	103739815	103791563	protein_coding	ENSMUSG00000008730	-	Hipk1	1754
1755	Gm43149	chr3	103765695	103767116	lncRNA	ENSMUSG00000105229	-	Gm43149	1755
1756	Gm15886	chr3	103771952	103789402	lncRNA	ENSMUSG00000085754	+	Gm15886	1756
1757	Gm43387	chr3	103781914	103782979	lncRNA	ENSMUSG00000104874	-	Gm43387	1757
1758	Dclre1b	chr3	103800605	103809444	protein_coding	ENSMUSG00000027845	-	Dclre1b	1758
1759	Gm15471	chr3	103803129	103808439	lncRNA	ENSMUSG00000084997	+	Gm15471	1759
1760	Ap4b1	chr3	103809520	103822025	protein_coding	ENSMUSG00000032952	+	Ap4b1	1760
1761	Gm43064	chr3	103809573	103838648	protein_coding	ENSMUSG00000105053	+	Gm43064	1761
1762	Bcl2l15	chr3	103832601	103854618	protein_coding	ENSMUSG00000044165	+	Bcl2l15	1762
1763	Ptpn22	chr3	103859795	103912247	protein_coding	ENSMUSG00000027843	+	Ptpn22	1763
1764	Gm15472	chr3	103863166	103864423	lncRNA	ENSMUSG00000084760	+	Gm15472	1764
1765	Gm43065	chr3	103864706	103866797	lncRNA	ENSMUSG00000105986	+	Gm43065	1765
1766	Gm15602	chr3	103902499	103902963	processed_pseudogene	ENSMUSG00000083630	-	Gm15602	1766
1767	Rsbn1	chr3	103914120	103966636	protein_coding	ENSMUSG00000044098	+	Rsbn1	1767
1768	Phtf1os	chr3	103964536	103968581	lncRNA	ENSMUSG00000089998	-	Phtf1os	1768
1769	Phtf1	chr3	103968110	104024598	protein_coding	ENSMUSG00000058388	+	Phtf1	1769
1770	Magi3	chr3	104013259	104220374	protein_coding	ENSMUSG00000052539	-	Magi3	1770
1771	Gm42696	chr3	104057000	104058141	lncRNA	ENSMUSG00000104721	-	Gm42696	1771
1772	9530097N15Rik	chr3	104078435	104079502	lncRNA	ENSMUSG00000106371	-	9530097N15Rik	1772
1773	Gm23830	chr3	104092381	104092482	snRNA	ENSMUSG00000088016	+	Gm23830	1773
1774	Gm42700	chr3	104095444	104097880	lncRNA	ENSMUSG00000105148	-	Gm42700	1774
1775	Gm42699	chr3	104114039	104115695	lncRNA	ENSMUSG00000105083	-	Gm42699	1775
1776	Gm17956	chr3	104129424	104130261	processed_pseudogene	ENSMUSG00000105793	+	Gm17956	1776
1777	Gm42702	chr3	104135785	104140001	lncRNA	ENSMUSG00000106443	-	Gm42702	1777
1778	Gm42701	chr3	104144199	104145855	lncRNA	ENSMUSG00000104583	-	Gm42701	1778
1779	Gm43258	chr3	104149756	104151705	lncRNA	ENSMUSG00000105846	-	Gm43258	1779
1780	C030032O16Rik	chr3	104155533	104156248	lncRNA	ENSMUSG00000106063	-	C030032O16Rik	1780
1781	Gm43259	chr3	104163924	104167200	lncRNA	ENSMUSG00000106432	-	Gm43259	1781
1782	Gm43260	chr3	104180612	104183041	lncRNA	ENSMUSG00000105933	-	Gm43260	1782
1783	Gm43256	chr3	104187103	104190193	lncRNA	ENSMUSG00000105818	-	Gm43256	1783
1784	Gm23077	chr3	104201110	104201225	snoRNA	ENSMUSG00000088479	+	Gm23077	1784
1785	Gm5546	chr3	104350635	104366613	lncRNA	ENSMUSG00000022187	-	Gm5546	1785
1786	Lrig2	chr3	104396418	104511918	protein_coding	ENSMUSG00000032913	-	Lrig2	1786
1787	Gm38412	chr3	104409161	104417535	lncRNA	ENSMUSG00000104768	+	Gm38412	1787
1788	Gm9273	chr3	104417613	104418327	processed_pseudogene	ENSMUSG00000106453	-	Gm9273	1788
1789	Gm43696	chr3	104470660	104476730	lncRNA	ENSMUSG00000105304	-	Gm43696	1789
1790	A530041M06Rik	chr3	104499320	104501607	lncRNA	ENSMUSG00000104973	-	A530041M06Rik	1790
1791	4930509H03Rik	chr3	104510099	104511313	lncRNA	ENSMUSG00000105659	-	4930509H03Rik	1791
1792	Gm26091	chr3	104601158	104601239	snRNA	ENSMUSG00000084653	-	Gm26091	1792
1793	Gm43582	chr3	104634315	104634657	processed_pseudogene	ENSMUSG00000106565	-	Gm43582	1793
1794	Slc16a1	chr3	104638668	104658462	protein_coding	ENSMUSG00000032902	+	Slc16a1	1794
1795	Gm43581	chr3	104642994	104645857	lncRNA	ENSMUSG00000105199	+	Gm43581	1795
1796	Gm43585	chr3	104646241	104647643	lncRNA	ENSMUSG00000106287	+	Gm43585	1796
1797	Gm29561	chr3	104661343	104664139	lncRNA	ENSMUSG00000100188	-	Gm29561	1797
1798	Gm29560	chr3	104667032	104670010	TEC	ENSMUSG00000101641	-	Gm29560	1798
1799	Gm24223	chr3	104700870	104700959	snRNA	ENSMUSG00000089452	+	Gm24223	1799
1800	Gm29572	chr3	104706585	104710910	TEC	ENSMUSG00000100466	+	Gm29572	1800
1801	Gm6485	chr3	104752727	104753165	transcribed_processed_pseudogene	ENSMUSG00000089999	-	Gm6485	1801
1802	Gm43584	chr3	104753123	104773270	lncRNA	ENSMUSG00000105195	-	Gm43584	1802
1803	Tafa3	chr3	104767406	104781840	protein_coding	ENSMUSG00000055865	-	Tafa3	1803
1804	Ppm1j	chr3	104781056	104786018	protein_coding	ENSMUSG00000002228	+	Ppm1j	1804
1805	Rhoc	chr3	104788375	104794459	protein_coding	ENSMUSG00000002233	+	Rhoc	1805
1806	Mov10	chr3	104794836	104818563	protein_coding	ENSMUSG00000002227	-	Mov10	1806
1807	Capza1	chr3	104822779	104864505	protein_coding	ENSMUSG00000070372	-	Capza1	1807
1808	Gm42658	chr3	104826330	104827904	lncRNA	ENSMUSG00000106251	-	Gm42658	1808
1809	Gm42659	chr3	104836430	104838183	lncRNA	ENSMUSG00000105655	-	Gm42659	1809
1810	St7l	chr3	104864005	104930064	protein_coding	ENSMUSG00000045576	+	St7l	1810
1811	Gm4525	chr3	104915910	104916163	processed_pseudogene	ENSMUSG00000106105	-	Gm4525	1811
1812	Wnt2b	chr3	104945272	104961921	protein_coding	ENSMUSG00000027840	-	Wnt2b	1812
1813	Gm43846	chr3	104957442	104958373	lncRNA	ENSMUSG00000105925	-	Gm43846	1813
1814	Gm40117	chr3	104994032	105004005	lncRNA	ENSMUSG00000105355	+	Gm40117	1814
1815	Cttnbp2nl	chr3	105001915	105053146	protein_coding	ENSMUSG00000062127	-	Cttnbp2nl	1815
1816	4930564D02Rik	chr3	105066844	105078806	protein_coding	ENSMUSG00000051788	+	4930564D02Rik	1816
1817	Kcnd3os	chr3	105441595	105452955	lncRNA	ENSMUSG00000074346	-	Kcnd3os	1817
1818	Kcnd3	chr3	105452330	105674002	protein_coding	ENSMUSG00000040896	+	Kcnd3	1818
1819	Gm43847	chr3	105502907	105504846	lncRNA	ENSMUSG00000105753	+	Gm43847	1819
1820	Ddx20	chr3	105678270	105687574	protein_coding	ENSMUSG00000027905	-	Ddx20	1820
1821	Inka2	chr3	105704599	105720842	protein_coding	ENSMUSG00000048458	+	Inka2	1821
1822	Gm43848	chr3	105725901	105727147	lncRNA	ENSMUSG00000106317	-	Gm43848	1822
1823	Rap1a	chr3	105727267	105801336	protein_coding	ENSMUSG00000068798	-	Rap1a	1823
1824	Gm43328	chr3	105732444	105733877	lncRNA	ENSMUSG00000105677	-	Gm43328	1824
1825	Gm43329	chr3	105766966	105770197	lncRNA	ENSMUSG00000105842	-	Gm43329	1825
1826	Gm43330	chr3	105782875	105785027	lncRNA	ENSMUSG00000106341	-	Gm43330	1826
1827	Gm43331	chr3	105787633	105789321	lncRNA	ENSMUSG00000104910	-	Gm43331	1827
1828	Gm5547	chr3	105815540	105817357	lncRNA	ENSMUSG00000104835	+	Gm5547	1828
1829	Adora3	chr3	105870858	105908926	protein_coding	ENSMUSG00000000562	+	Adora3	1829
1830	Tmigd3	chr3	105870903	105924042	protein_coding	ENSMUSG00000074344	+	Tmigd3	1830
1831	I830077J02Rik	chr3	105924358	105932664	protein_coding	ENSMUSG00000074342	-	I830077J02Rik	1831
1832	Atp5f1	chr3	105942698	105960099	protein_coding	ENSMUSG00000000563	-	Atp5f1	1832
1833	Wdr77	chr3	105959369	105970037	protein_coding	ENSMUSG00000000561	+	Wdr77	1833
1834	Gm42890	chr3	105959503	105984600	lncRNA	ENSMUSG00000105852	+	Gm42890	1834
1835	Ovgp1	chr3	105973711	105987423	protein_coding	ENSMUSG00000074340	+	Ovgp1	1835
1836	Pifo	chr3	105996957	106014646	protein_coding	ENSMUSG00000010136	-	Pifo	1836
1837	Gm42722	chr3	106001561	106017539	lncRNA	ENSMUSG00000106093	+	Gm42722	1837
1838	Gm42721	chr3	106007865	106009387	lncRNA	ENSMUSG00000104592	-	Gm42721	1838
1839	Chil5	chr3	106016919	106032814	protein_coding	ENSMUSG00000043873	-	Chil5	1839
1840	Gm4540	chr3	106034664	106035092	processed_pseudogene	ENSMUSG00000092072	+	Gm4540	1840
1841	Gm9504	chr3	106042964	106043431	processed_pseudogene	ENSMUSG00000105277	-	Gm9504	1841
1842	Gm4248	chr3	106091034	106091349	processed_pseudogene	ENSMUSG00000105051	+	Gm4248	1842
1843	Chia1	chr3	106113229	106132120	protein_coding	ENSMUSG00000062778	+	Chia1	1843
1844	Chil3	chr3	106147554	106167564	protein_coding	ENSMUSG00000040809	-	Chil3	1844
1845	Gm43709	chr3	106177832	106179175	unprocessed_pseudogene	ENSMUSG00000104855	-	Gm43709	1845
1846	Chil4	chr3	106201490	106219507	protein_coding	ENSMUSG00000063779	-	Chil4	1846
1847	Gm6522	chr3	106275200	106299760	unprocessed_pseudogene	ENSMUSG00000106373	+	Gm6522	1847
1848	Gm43212	chr3	106373206	106374307	unprocessed_pseudogene	ENSMUSG00000105436	+	Gm43212	1848
1849	Chil6	chr3	106387384	106406182	protein_coding	ENSMUSG00000027902	-	Chil6	1849
1850	Gm38244	chr3	106478283	106480868	TEC	ENSMUSG00000104350	+	Gm38244	1850
1851	2010016I18Rik	chr3	106481982	106485913	lncRNA	ENSMUSG00000091575	-	2010016I18Rik	1851
1852	Dennd2d	chr3	106482405	106503030	protein_coding	ENSMUSG00000027901	+	Dennd2d	1852
1853	Cept1	chr3	106502260	106547802	protein_coding	ENSMUSG00000040774	-	Cept1	1853
1854	Dram2	chr3	106547798	106575890	protein_coding	ENSMUSG00000027900	+	Dram2	1854
1855	Gm43070	chr3	106553478	106553892	unprocessed_pseudogene	ENSMUSG00000106592	-	Gm43070	1855
1856	Gm43071	chr3	106567605	106569636	TEC	ENSMUSG00000105272	+	Gm43071	1856
1857	Gm38271	chr3	106589260	106590862	TEC	ENSMUSG00000103053	+	Gm38271	1857
1858	Lrif1	chr3	106684987	106736577	protein_coding	ENSMUSG00000056260	+	Lrif1	1858
1859	Gm38253	chr3	106725599	106730276	TEC	ENSMUSG00000102780	+	Gm38253	1859
1860	Cd53	chr3	106759921	106790149	protein_coding	ENSMUSG00000040747	-	Cd53	1860
1861	Olfr266	chr3	106820485	106826287	protein_coding	ENSMUSG00000043529	-	Olfr266	1861
1862	Gm35507	chr3	106827307	106879361	lncRNA	ENSMUSG00000105102	-	Gm35507	1862
1863	Gm27008	chr3	106934382	107093894	lncRNA	ENSMUSG00000098108	-	Gm27008	1863
1864	Kcna3	chr3	107036169	107038070	protein_coding	ENSMUSG00000047959	+	Kcna3	1864
1865	AI504432	chr3	107039504	107054347	lncRNA	ENSMUSG00000056145	+	AI504432	1865
1866	A930002I21Rik	chr3	107090880	107098401	lncRNA	ENSMUSG00000050179	+	A930002I21Rik	1866
1867	Kcna2	chr3	107101146	107115005	protein_coding	ENSMUSG00000040724	+	Kcna2	1867
1868	Kcna10	chr3	107183056	107195721	protein_coding	ENSMUSG00000042861	+	Kcna10	1868
1869	Cym	chr3	107211293	107221732	protein_coding	ENSMUSG00000046213	-	Cym	1869
1870	A630076J17Rik	chr3	107230614	107234723	protein_coding	ENSMUSG00000094613	+	A630076J17Rik	1870
1871	Prok1	chr3	107232797	107239707	protein_coding	ENSMUSG00000070368	-	Prok1	1871
1872	Lamtor5	chr3	107278858	107284082	protein_coding	ENSMUSG00000087260	+	Lamtor5	1872
1873	Slc16a4	chr3	107291230	107312115	protein_coding	ENSMUSG00000027896	+	Slc16a4	1873
1874	Rbm15	chr3	107325421	107333673	protein_coding	ENSMUSG00000048109	-	Rbm15	1874
1875	Gm5279	chr3	107342955	107343699	processed_pseudogene	ENSMUSG00000105532	+	Gm5279	1875
1876	Gm24383	chr3	107415863	107416195	misc_RNA	ENSMUSG00000084640	-	Gm24383	1876
1877	Kcnc4	chr3	107438303	107459552	protein_coding	ENSMUSG00000027895	-	Kcnc4	1877
1878	Slc6a17	chr3	107467543	107518018	protein_coding	ENSMUSG00000027894	-	Slc6a17	1878
1879	Ubl4b	chr3	107553687	107555073	protein_coding	ENSMUSG00000055891	-	Ubl4b	1879
1880	Alx3	chr3	107595031	107605776	protein_coding	ENSMUSG00000014603	+	Alx3	1880
1881	Strip1	chr3	107612532	107631694	protein_coding	ENSMUSG00000014601	-	Strip1	1881
1882	Gm10961	chr3	107631322	107633090	protein_coding	ENSMUSG00000078604	+	Gm10961	1882
1883	Ahcyl1	chr3	107663118	107696560	protein_coding	ENSMUSG00000027893	-	Ahcyl1	1883
1884	Csf1	chr3	107741048	107760469	protein_coding	ENSMUSG00000014599	-	Csf1	1884
1885	Gm43233	chr3	107781856	107782471	processed_pseudogene	ENSMUSG00000106531	+	Gm43233	1885
1886	Gm36211	chr3	107820221	107833539	lncRNA	ENSMUSG00000106426	-	Gm36211	1886
1887	Gm5075	chr3	107868022	107868643	processed_pseudogene	ENSMUSG00000105944	-	Gm5075	1887
1888	4930554G22Rik	chr3	107874795	107875480	TEC	ENSMUSG00000106359	+	4930554G22Rik	1888
1889	Eps8l3	chr3	107877229	107892900	protein_coding	ENSMUSG00000040600	+	Eps8l3	1889
1890	Gm43745	chr3	107885966	107887848	TEC	ENSMUSG00000105456	+	Gm43745	1890
1891	4933431E20Rik	chr3	107888850	107896213	lncRNA	ENSMUSG00000086968	-	4933431E20Rik	1891
1892	Gstm5	chr3	107895821	107898686	protein_coding	ENSMUSG00000004032	+	Gstm5	1892
1893	Gm9515	chr3	107906782	107911249	unprocessed_pseudogene	ENSMUSG00000105872	-	Gm9515	1893
1894	Gstm7	chr3	107926334	107931817	protein_coding	ENSMUSG00000004035	-	Gstm7	1894
1895	Gstm6	chr3	107938847	107943749	protein_coding	ENSMUSG00000068762	-	Gstm6	1895
1896	Gm12494	chr3	107950795	107953121	unprocessed_pseudogene	ENSMUSG00000089664	-	Gm12494	1896
1897	Gstm3	chr3	107963696	107969283	protein_coding	ENSMUSG00000004038	-	Gstm3	1897
1898	Gm12497	chr3	107979632	107979868	processed_pseudogene	ENSMUSG00000049231	+	Gm12497	1898
1899	Gstm2	chr3	107981702	107986453	protein_coding	ENSMUSG00000040562	-	Gstm2	1899
1900	Gm43746	chr3	107999443	107999845	processed_pseudogene	ENSMUSG00000106614	-	Gm43746	1900
1901	Gstm1	chr3	108012255	108017973	protein_coding	ENSMUSG00000058135	-	Gstm1	1901
1902	Gm12498	chr3	108018294	108025249	lncRNA	ENSMUSG00000087357	-	Gm12498	1902
1903	Gm12502	chr3	108019885	108020328	processed_pseudogene	ENSMUSG00000083627	+	Gm12502	1903
1904	Gm12499	chr3	108029600	108031361	unprocessed_pseudogene	ENSMUSG00000081688	-	Gm12499	1904
1905	Gm25592	chr3	108034026	108034156	snoRNA	ENSMUSG00000064569	+	Gm25592	1905
1906	Gstm4	chr3	108040408	108044894	protein_coding	ENSMUSG00000027890	-	Gstm4	1906
1907	Ampd2	chr3	108074062	108086651	protein_coding	ENSMUSG00000027889	-	Ampd2	1907
1908	Gm12500	chr3	108085584	108088011	lncRNA	ENSMUSG00000056411	+	Gm12500	1908
1909	Gnat2	chr3	108092789	108101432	protein_coding	ENSMUSG00000009108	+	Gnat2	1909
1910	Gnai3	chr3	108107280	108146146	protein_coding	ENSMUSG00000000001	-	Gnai3	1910
1911	Gpr61	chr3	108148321	108154882	protein_coding	ENSMUSG00000046793	-	Gpr61	1911
1912	Gm12524	chr3	108166443	108185907	lncRNA	ENSMUSG00000085318	+	Gm12524	1912
1913	Amigo1	chr3	108186335	108192286	protein_coding	ENSMUSG00000050947	+	Amigo1	1913
1914	Cyb561d1	chr3	108195687	108201212	protein_coding	ENSMUSG00000048796	-	Cyb561d1	1914
1915	Atxn7l2	chr3	108202222	108210934	protein_coding	ENSMUSG00000048997	-	Atxn7l2	1915
1916	Sypl2	chr3	108211472	108226648	protein_coding	ENSMUSG00000027887	-	Sypl2	1916
1917	Gm40123	chr3	108226787	108240247	lncRNA	ENSMUSG00000105961	+	Gm40123	1917
1918	Gm12501	chr3	108239383	108239911	processed_pseudogene	ENSMUSG00000083462	-	Gm12501	1918
1919	1700010K24Rik	chr3	108248909	108256985	lncRNA	ENSMUSG00000085102	-	1700010K24Rik	1919
1920	Psma5	chr3	108256926	108279974	protein_coding	ENSMUSG00000068749	+	Psma5	1920
1921	Gm12523	chr3	108283898	108284843	lncRNA	ENSMUSG00000084863	-	Gm12523	1921
1922	Sort1	chr3	108284082	108361511	protein_coding	ENSMUSG00000068747	+	Sort1	1922
1923	Gm43099	chr3	108287881	108293121	TEC	ENSMUSG00000105358	+	Gm43099	1923
1924	Gm12525	chr3	108361551	108362256	lncRNA	ENSMUSG00000078601	+	Gm12525	1924
1925	Mybphl	chr3	108364911	108380057	protein_coding	ENSMUSG00000068745	+	Mybphl	1925
1926	Gm12522	chr3	108379277	108383741	lncRNA	ENSMUSG00000074281	-	Gm12522	1926
1927	Psrc1	chr3	108383839	108388231	protein_coding	ENSMUSG00000068744	+	Psrc1	1927
1928	Celsr2	chr3	108390851	108415552	protein_coding	ENSMUSG00000068740	-	Celsr2	1928
1929	Sars	chr3	108424865	108445209	protein_coding	ENSMUSG00000068739	-	Sars	1929
1930	Gm22942	chr3	108441330	108441453	snoRNA	ENSMUSG00000089188	+	Gm22942	1930
1931	Gm43438	chr3	108451270	108451648	processed_pseudogene	ENSMUSG00000106101	-	Gm43438	1931
1932	5330417C22Rik	chr3	108455694	108536536	protein_coding	ENSMUSG00000040412	-	5330417C22Rik	1932
1933	Gm23336	chr3	108498118	108498240	snRNA	ENSMUSG00000080673	+	Gm23336	1933
1934	Gm37859	chr3	108532648	108534820	TEC	ENSMUSG00000103761	-	Gm37859	1934
1935	1700013F07Rik	chr3	108534150	108544723	protein_coding	ENSMUSG00000027886	+	1700013F07Rik	1935
1936	Scarna2	chr3	108554338	108554751	scaRNA	ENSMUSG00000088185	-	Scarna2	1936
1937	Gm43435	chr3	108555467	108556904	TEC	ENSMUSG00000105810	+	Gm43435	1937
1938	Tmem167b	chr3	108556425	108562466	protein_coding	ENSMUSG00000068732	-	Tmem167b	1938
1939	Gm22860	chr3	108567310	108567383	miRNA	ENSMUSG00000092718	-	Gm22860	1939
1940	Taf13	chr3	108571698	108583222	protein_coding	ENSMUSG00000048100	+	Taf13	1940
1941	Wdr47	chr3	108591279	108645719	protein_coding	ENSMUSG00000040389	+	Wdr47	1941
1942	Gm12517	chr3	108602391	108602815	processed_pseudogene	ENSMUSG00000081499	-	Gm12517	1942
1943	Clcc1	chr3	108653913	108678840	protein_coding	ENSMUSG00000027884	+	Clcc1	1943
1944	Gpsm2	chr3	108678638	108722309	protein_coding	ENSMUSG00000027883	-	Gpsm2	1944
1945	Gm27244	chr3	108708908	108712653	lncRNA	ENSMUSG00000098800	+	Gm27244	1945
1946	Aknad1	chr3	108739658	108782309	protein_coding	ENSMUSG00000049565	+	Aknad1	1946
1947	Stxbp3	chr3	108793176	108840526	protein_coding	ENSMUSG00000027882	-	Stxbp3	1947
1948	Fndc7	chr3	108853678	108890008	protein_coding	ENSMUSG00000045326	-	Fndc7	1948
1949	Gm43097	chr3	108881823	108881973	processed_pseudogene	ENSMUSG00000105175	+	Gm43097	1949
1950	Prpf38b	chr3	108902805	108911727	protein_coding	ENSMUSG00000027881	-	Prpf38b	1950
1951	Gm9857	chr3	108939873	108940446	lncRNA	ENSMUSG00000051638	-	Gm9857	1951
1952	Henmt1	chr3	108940059	108960774	protein_coding	ENSMUSG00000045662	+	Henmt1	1952
1953	Fam102b	chr3	108970997	109027607	protein_coding	ENSMUSG00000040339	-	Fam102b	1953
1954	Gm43221	chr3	109000024	109002094	lncRNA	ENSMUSG00000106108	+	Gm43221	1954
1955	4930408K08Rik	chr3	109078590	109080414	lncRNA	ENSMUSG00000105638	-	4930408K08Rik	1955
1956	Slc25a54	chr3	109080469	109116687	protein_coding	ENSMUSG00000027880	+	Slc25a54	1956
1957	Gm19391	chr3	109120533	109122895	lncRNA	ENSMUSG00000105139	-	Gm19391	1957
1958	Slc25a24	chr3	109123149	109168457	protein_coding	ENSMUSG00000040322	+	Slc25a24	1958
1959	Vav3	chr3	109340653	109685698	protein_coding	ENSMUSG00000033721	+	Vav3	1959
1960	Ntng1	chr3	109780040	110144011	protein_coding	ENSMUSG00000059857	-	Ntng1	1960
1961	Gm12535	chr3	109907384	109907867	processed_pseudogene	ENSMUSG00000082624	+	Gm12535	1961
1962	Gm42516	chr3	110243862	110244628	TEC	ENSMUSG00000105639	-	Gm42516	1962
1963	Prmt6	chr3	110246109	110250998	protein_coding	ENSMUSG00000049300	-	Prmt6	1963
1964	C130013H08Rik	chr3	110250015	110253706	lncRNA	ENSMUSG00000105509	+	C130013H08Rik	1964
1965	Gm19185	chr3	110399131	110399773	processed_pseudogene	ENSMUSG00000105859	+	Gm19185	1965
1966	Gm43404	chr3	110634323	110636856	TEC	ENSMUSG00000106650	+	Gm43404	1966
1967	Gm43407	chr3	111108500	111108816	processed_pseudogene	ENSMUSG00000106487	+	Gm43407	1967
1968	Gm9314	chr3	111321330	111322857	processed_pseudogene	ENSMUSG00000106100	-	Gm9314	1968
1969	Gm42905	chr3	111789492	111791102	TEC	ENSMUSG00000105882	+	Gm42905	1969
1970	Gm43854	chr3	111809436	111809829	processed_pseudogene	ENSMUSG00000104711	-	Gm43854	1970
1971	Gm6602	chr3	111881903	112082001	lncRNA	ENSMUSG00000104543	+	Gm6602	1971
1972	Gm25519	chr3	112198915	112199041	snoRNA	ENSMUSG00000089017	-	Gm25519	1972
1973	Gm4859	chr3	112302372	112303158	processed_pseudogene	ENSMUSG00000105077	+	Gm4859	1973
1974	Gm9317	chr3	112330911	112331772	processed_pseudogene	ENSMUSG00000105073	-	Gm9317	1974
1975	Utp14b-ps1	chr3	113019875	113022139	processed_pseudogene	ENSMUSG00000105588	+	Utp14b-ps1	1975
1976	Gm5548	chr3	113053889	113054285	processed_pseudogene	ENSMUSG00000045952	-	Gm5548	1976
1977	Gm38395	chr3	113055796	113056625	processed_pseudogene	ENSMUSG00000105665	-	Gm38395	1977
1978	Amy2b	chr3	113147656	113156727	unprocessed_pseudogene	ENSMUSG00000083079	-	Amy2b	1978
1979	Amy2-ps1	chr3	113182249	113206697	unprocessed_pseudogene	ENSMUSG00000081506	-	Amy2-ps1	1979
1980	Amy2a5	chr3	113247178	113258837	protein_coding	ENSMUSG00000074268	-	Amy2a5	1980
1981	Amy2a4	chr3	113279843	113291449	protein_coding	ENSMUSG00000096770	-	Amy2a4	1981
1982	Amy2a3	chr3	113312455	113324052	protein_coding	ENSMUSG00000093931	-	Amy2a3	1982
1983	Amy2a1	chr3	113529403	113532428	protein_coding	ENSMUSG00000070360	-	Amy2a1	1983
1984	Amy1	chr3	113555710	113606699	protein_coding	ENSMUSG00000074264	-	Amy1	1984
1985	Rnpc3	chr3	113605067	113630149	protein_coding	ENSMUSG00000027981	-	Rnpc3	1985
1986	Gm17954	chr3	113631578	113632184	processed_pseudogene	ENSMUSG00000105836	-	Gm17954	1986
1987	Gm17775	chr3	113729232	113729489	processed_pseudogene	ENSMUSG00000106454	+	Gm17775	1987
1988	Gm18163	chr3	113854736	113856378	processed_pseudogene	ENSMUSG00000106084	+	Gm18163	1988
1989	Col11a1	chr3	114030540	114220718	protein_coding	ENSMUSG00000027966	+	Col11a1	1989
1990	Gm23750	chr3	114824154	114824285	snoRNA	ENSMUSG00000077410	-	Gm23750	1990
1991	Gm19147	chr3	114828020	114828671	processed_pseudogene	ENSMUSG00000105225	-	Gm19147	1991
1992	Olfm3	chr3	114904078	115125722	protein_coding	ENSMUSG00000027965	+	Olfm3	1992
1993	Gm18429	chr3	115171629	115172049	processed_pseudogene	ENSMUSG00000106510	-	Gm18429	1993
1994	Gm25347	chr3	115484016	115484136	miRNA	ENSMUSG00000080676	-	Gm25347	1994
1995	Gm43669	chr3	115518576	115519011	processed_pseudogene	ENSMUSG00000105829	+	Gm43669	1995
1996	S1pr1	chr3	115710433	115715072	protein_coding	ENSMUSG00000045092	-	S1pr1	1996
1997	Gm9889	chr3	115715150	115716728	lncRNA	ENSMUSG00000052769	+	Gm9889	1997
1998	A930005H10Rik	chr3	115881581	115888130	lncRNA	ENSMUSG00000054426	-	A930005H10Rik	1998
1999	Dph5	chr3	115887837	115934361	protein_coding	ENSMUSG00000033554	+	Dph5	1999
2000	Gm43107	chr3	115913809	115914063	TEC	ENSMUSG00000105017	-	Gm43107	2000
2001	Gm43108	chr3	115913890	115914182	TEC	ENSMUSG00000104803	+	Gm43108	2001
2002	Slc30a7	chr3	115938973	116007406	protein_coding	ENSMUSG00000054414	-	Slc30a7	2002
2003	Gm43106	chr3	115942482	115943118	processed_pseudogene	ENSMUSG00000104723	+	Gm43106	2003
2004	Gm6649	chr3	115943097	115944261	processed_pseudogene	ENSMUSG00000105645	+	Gm6649	2004
2005	Mir669n	chr3	115979902	115979955	miRNA	ENSMUSG00000089261	+	Mir669n	2005
2006	Extl2	chr3	116007462	116029017	protein_coding	ENSMUSG00000027963	+	Extl2	2006
2007	Vcam1	chr3	116109949	116129688	protein_coding	ENSMUSG00000027962	-	Vcam1	2007
2008	Gm43109	chr3	116128451	116141016	lncRNA	ENSMUSG00000104653	+	Gm43109	2008
2009	5330425B07Rik	chr3	116148110	116149136	TEC	ENSMUSG00000105729	+	5330425B07Rik	2009
2010	Gm26544	chr3	116150479	116165821	lncRNA	ENSMUSG00000097362	+	Gm26544	2010
2011	Gm31651	chr3	116200408	116202713	lncRNA	ENSMUSG00000104607	+	Gm31651	2011
2012	Gpr88	chr3	116249654	116253503	protein_coding	ENSMUSG00000068696	-	Gpr88	2012
2013	Cdc14a	chr3	116272553	116428745	protein_coding	ENSMUSG00000033502	-	Cdc14a	2013
2014	Gm29151	chr3	116350103	116352888	lncRNA	ENSMUSG00000106005	+	Gm29151	2014
2015	Gm22361	chr3	116448389	116448564	snRNA	ENSMUSG00000089060	-	Gm22361	2015
2016	Gm26358	chr3	116466619	116466715	snoRNA	ENSMUSG00000088840	+	Gm26358	2016
2017	Rtca	chr3	116488963	116508208	protein_coding	ENSMUSG00000000339	-	Rtca	2017
2018	Dbt	chr3	116513070	116549981	protein_coding	ENSMUSG00000000340	+	Dbt	2018
2019	Gm4596	chr3	116528137	116528578	processed_pseudogene	ENSMUSG00000082394	-	Gm4596	2019
2020	Gm43651	chr3	116532149	116532587	TEC	ENSMUSG00000105992	+	Gm43651	2020
2021	Gm9761	chr3	116560935	116561426	processed_pseudogene	ENSMUSG00000034437	-	Gm9761	2021
2022	Lrrc39	chr3	116562973	116583134	protein_coding	ENSMUSG00000027961	+	Lrrc39	2022
2023	Gm42940	chr3	116572063	116574424	TEC	ENSMUSG00000106025	-	Gm42940	2023
2024	Trmt13	chr3	116581093	116614587	protein_coding	ENSMUSG00000033439	-	Trmt13	2024
2025	Sass6	chr3	116594982	116631004	protein_coding	ENSMUSG00000027959	+	Sass6	2025
2026	Gm42893	chr3	116629173	116630984	lncRNA	ENSMUSG00000106415	-	Gm42893	2026
2027	Mfsd14a	chr3	116631164	116662677	protein_coding	ENSMUSG00000089911	-	Mfsd14a	2027
2028	Gm42457	chr3	116631671	116632209	lncRNA	ENSMUSG00000105339	+	Gm42457	2028
2029	Gm43191	chr3	116641902	116681260	protein_coding	ENSMUSG00000105103	-	Gm43191	2029
2030	4930512P04Rik	chr3	116663732	116664155	lncRNA	ENSMUSG00000106125	+	4930512P04Rik	2030
2031	Slc35a3	chr3	116669470	116712831	protein_coding	ENSMUSG00000027957	-	Slc35a3	2031
2032	Agl	chr3	116739999	116808166	protein_coding	ENSMUSG00000033400	-	Agl	2032
2033	Gm43520	chr3	116818815	116818978	TEC	ENSMUSG00000106128	+	Gm43520	2033
2034	Gm43521	chr3	116822294	116822548	TEC	ENSMUSG00000106511	-	Gm43521	2034
2035	Gm29736	chr3	116844579	116844963	processed_pseudogene	ENSMUSG00000105250	+	Gm29736	2035
2036	Gm43542	chr3	116846946	116847324	processed_pseudogene	ENSMUSG00000105241	+	Gm43542	2036
2037	Frrs1	chr3	116859464	116908177	protein_coding	ENSMUSG00000033386	+	Frrs1	2037
2038	Palmd	chr3	116918258	116968987	protein_coding	ENSMUSG00000033377	-	Palmd	2038
2039	Gm42892	chr3	116940358	116944330	TEC	ENSMUSG00000106073	-	Gm42892	2039
2040	4930455H04Rik	chr3	116968267	116984406	protein_coding	ENSMUSG00000080907	+	4930455H04Rik	2040
2041	Gm9332	chr3	116998857	116999586	processed_pseudogene	ENSMUSG00000105221	-	Gm9332	2041
2042	1700061I17Rik	chr3	117060522	117077765	lncRNA	ENSMUSG00000028009	-	1700061I17Rik	2042
2043	Gm18430	chr3	117100833	117101514	processed_pseudogene	ENSMUSG00000106343	-	Gm18430	2043
2044	Gm9632	chr3	117176019	117176661	processed_pseudogene	ENSMUSG00000106314	+	Gm9632	2044
2045	Gm19243	chr3	117222960	117223602	processed_pseudogene	ENSMUSG00000105914	-	Gm19243	2045
2046	Gm42891	chr3	117255132	117255820	lncRNA	ENSMUSG00000106342	+	Gm42891	2046
2047	Plppr4	chr3	117319139	117360876	protein_coding	ENSMUSG00000044667	-	Plppr4	2047
2048	Gm22408	chr3	117322941	117323005	miRNA	ENSMUSG00000092666	+	Gm22408	2048
2049	Plppr5	chr3	117574836	117689507	protein_coding	ENSMUSG00000033342	+	Plppr5	2049
2050	Snx7	chr3	117781647	117868936	protein_coding	ENSMUSG00000028007	-	Snx7	2050
2051	Gm4321	chr3	117888573	117889014	processed_pseudogene	ENSMUSG00000104678	-	Gm4321	2051
2052	4921521D15Rik	chr3	117969130	117973526	lncRNA	ENSMUSG00000104703	+	4921521D15Rik	2052
2053	Gm26871	chr3	118430324	118530022	lncRNA	ENSMUSG00000097311	+	Gm26871	2053
2054	Gm24155	chr3	118434721	118434830	miRNA	ENSMUSG00000093000	+	Gm24155	2054
2055	Gm9916	chr3	118434770	118435997	lncRNA	ENSMUSG00000104178	+	Gm9916	2055
2056	Gm37773	chr3	118526151	118528270	TEC	ENSMUSG00000104033	+	Gm37773	2056
2057	Gm37928	chr3	118530883	118535013	TEC	ENSMUSG00000104362	+	Gm37928	2057
2058	Gm32444	chr3	118537021	118540531	TEC	ENSMUSG00000102729	+	Gm32444	2058
2059	Dpyd	chr3	118562129	119432924	protein_coding	ENSMUSG00000033308	+	Dpyd	2059
2060	Gm43410	chr3	118868244	118870477	TEC	ENSMUSG00000106542	+	Gm43410	2060
2061	Gm23432	chr3	119638744	119638874	snoRNA	ENSMUSG00000087806	-	Gm23432	2061
2062	Gm4332	chr3	119709516	119709861	processed_pseudogene	ENSMUSG00000106037	+	Gm4332	2062
2063	Ptbp2	chr3	119718742	119784466	protein_coding	ENSMUSG00000028134	-	Ptbp2	2063
2064	Gm43300	chr3	119727748	119729790	TEC	ENSMUSG00000105572	-	Gm43300	2064
2065	Gm42664	chr3	119743208	119746446	lncRNA	ENSMUSG00000106099	-	Gm42664	2065
2066	Gm42804	chr3	119757338	119757515	processed_pseudogene	ENSMUSG00000106075	+	Gm42804	2066
2067	Gm24744	chr3	119831937	119832057	miRNA	ENSMUSG00000094593	+	Gm24744	2067
2068	Gm26137	chr3	119837904	119838024	miRNA	ENSMUSG00000096196	+	Gm26137	2068
2069	Gm18384	chr3	119968731	119969538	processed_pseudogene	ENSMUSG00000104726	+	Gm18384	2069
2070	6530403H02Rik	chr3	120604109	120886733	lncRNA	ENSMUSG00000098097	-	6530403H02Rik	2070
2071	Gm42927	chr3	120735721	120739561	processed_pseudogene	ENSMUSG00000105207	-	Gm42927	2071
2072	Gm43444	chr3	121020486	121020776	TEC	ENSMUSG00000105243	-	Gm43444	2072
2073	Gm42926	chr3	121029086	121029782	TEC	ENSMUSG00000104749	-	Gm42926	2073
2074	Rwdd3	chr3	121155398	121171695	protein_coding	ENSMUSG00000028133	-	Rwdd3	2074
2075	Gm10652	chr3	121168656	121171277	TEC	ENSMUSG00000106329	+	Gm10652	2075
2076	Gm5710	chr3	121180103	121181097	processed_pseudogene	ENSMUSG00000098042	-	Gm5710	2076
2077	Tmem56	chr3	121201761	121283098	protein_coding	ENSMUSG00000028132	-	Tmem56	2077
2078	Gm9353	chr3	121250134	121250737	processed_pseudogene	ENSMUSG00000106619	-	Gm9353	2078
2079	Gm30517	chr3	121277524	121278295	processed_pseudogene	ENSMUSG00000104902	+	Gm30517	2079
2080	Alg14	chr3	121291773	121363094	protein_coding	ENSMUSG00000039887	+	Alg14	2080
2081	Gm26027	chr3	121337692	121337959	misc_RNA	ENSMUSG00000084674	+	Gm26027	2081
2082	Gm5711	chr3	121380259	121380679	processed_pseudogene	ENSMUSG00000106455	-	Gm5711	2082
2083	Gm42928	chr3	121424236	121427574	TEC	ENSMUSG00000105813	-	Gm42928	2083
2084	Cnn3	chr3	121426497	121458207	protein_coding	ENSMUSG00000053931	+	Cnn3	2084
2085	Gm42929	chr3	121428046	121429331	TEC	ENSMUSG00000106022	+	Gm42929	2085
2086	Slc44a3	chr3	121459528	121532404	protein_coding	ENSMUSG00000039865	-	Slc44a3	2086
2087	A530020G20Rik	chr3	121531619	121536206	lncRNA	ENSMUSG00000097124	+	A530020G20Rik	2087
2088	A730020M07Rik	chr3	121634936	121643485	lncRNA	ENSMUSG00000044522	-	A730020M07Rik	2088
2089	4930432M17Rik	chr3	121670762	121682982	protein_coding	ENSMUSG00000074248	+	4930432M17Rik	2089
2090	Gm43608	chr3	121701501	121710246	lncRNA	ENSMUSG00000106036	-	Gm43608	2090
2091	Gm43607	chr3	121711611	121712428	lncRNA	ENSMUSG00000105767	-	Gm43607	2091
2092	Gm43823	chr3	121721595	121723402	TEC	ENSMUSG00000106224	-	Gm43823	2092
2093	F3	chr3	121723537	121735048	protein_coding	ENSMUSG00000028128	+	F3	2093
2094	Gm42777	chr3	121755044	121758646	TEC	ENSMUSG00000104676	-	Gm42777	2094
2095	Abcd3	chr3	121758774	121815302	protein_coding	ENSMUSG00000028127	-	Abcd3	2095
2096	Gm43609	chr3	121762193	121764904	TEC	ENSMUSG00000106087	-	Gm43609	2096
2097	4633401B06Rik	chr3	121787500	121788572	TEC	ENSMUSG00000105597	-	4633401B06Rik	2097
2098	Gm42776	chr3	121823444	121823849	processed_pseudogene	ENSMUSG00000105889	-	Gm42776	2098
2099	Gm42593	chr3	121862842	121863218	processed_pseudogene	ENSMUSG00000104595	+	Gm42593	2099
2100	Arhgap29	chr3	121952541	122016753	protein_coding	ENSMUSG00000039831	+	Arhgap29	2100
2101	Gm42544	chr3	122023830	122027071	TEC	ENSMUSG00000104869	+	Gm42544	2101
2102	Abca4	chr3	122044443	122180123	protein_coding	ENSMUSG00000028125	+	Abca4	2102
2103	Gm43158	chr3	122125106	122227370	unprocessed_pseudogene	ENSMUSG00000104887	-	Gm43158	2103
2104	Gm43157	chr3	122152208	122152619	processed_pseudogene	ENSMUSG00000105351	-	Gm43157	2104
2105	Gm9361	chr3	122183498	122185004	processed_pseudogene	ENSMUSG00000104799	-	Gm9361	2105
2106	Gm4609	chr3	122230195	122231196	processed_pseudogene	ENSMUSG00000078592	-	Gm4609	2106
2107	Gm22903	chr3	122232535	122232636	miRNA	ENSMUSG00000092934	-	Gm22903	2107
2108	Gclm	chr3	122245557	122270732	protein_coding	ENSMUSG00000028124	+	Gclm	2108
2109	Gm17494	chr3	122255958	122293720	lncRNA	ENSMUSG00000057359	-	Gm17494	2109
2110	Gm6061	chr3	122256728	122257219	transcribed_processed_pseudogene	ENSMUSG00000093392	+	Gm6061	2110
2111	Dnttip2	chr3	122274388	122285271	protein_coding	ENSMUSG00000039756	+	Dnttip2	2111
2112	Gm40190	chr3	122293439	122303613	lncRNA	ENSMUSG00000105057	+	Gm40190	2112
2113	Bcar3	chr3	122294136	122530191	protein_coding	ENSMUSG00000028121	+	Bcar3	2113
2114	Gm4610	chr3	122377097	122391811	lncRNA	ENSMUSG00000104554	-	Gm4610	2114
2115	Gm42836	chr3	122426443	122459060	lncRNA	ENSMUSG00000104574	-	Gm42836	2115
2116	Gm25153	chr3	122464727	122464882	snRNA	ENSMUSG00000087743	+	Gm25153	2116
2117	Fnbp1l	chr3	122538719	122619715	protein_coding	ENSMUSG00000039735	-	Fnbp1l	2117
2118	Mir7657	chr3	122541625	122541681	miRNA	ENSMUSG00000104773	-	Mir7657	2118
2119	Gm43569	chr3	122565050	122574740	lncRNA	ENSMUSG00000106194	+	Gm43569	2119
2120	Gm42994	chr3	122574524	122577072	TEC	ENSMUSG00000106364	-	Gm42994	2120
2121	Gm43568	chr3	122622255	122630168	lncRNA	ENSMUSG00000106365	-	Gm43568	2121
2122	Gm5981	chr3	122632785	122633271	processed_pseudogene	ENSMUSG00000106562	-	Gm5981	2122
2123	Pde5a	chr3	122728947	122859374	protein_coding	ENSMUSG00000053965	+	Pde5a	2123
2124	4930447N08Rik	chr3	122761955	122802048	lncRNA	ENSMUSG00000106583	-	4930447N08Rik	2124
2125	Gm34139	chr3	122788221	122788514	transcribed_processed_pseudogene	ENSMUSG00000106376	-	Gm34139	2125
2126	Gm9364	chr3	122861913	122862372	processed_pseudogene	ENSMUSG00000106059	+	Gm9364	2126
2127	4933405D12Rik	chr3	122864737	122924116	lncRNA	ENSMUSG00000097852	-	4933405D12Rik	2127
2128	Fabp2	chr3	122895072	122899506	protein_coding	ENSMUSG00000023057	+	Fabp2	2128
2129	Gm10959	chr3	122913070	122919360	protein_coding	ENSMUSG00000078590	-	Gm10959	2129
2130	1810037I17Rik	chr3	122924203	122926184	protein_coding	ENSMUSG00000054091	+	1810037I17Rik	2130
2131	Usp53	chr3	122931493	122984510	protein_coding	ENSMUSG00000039701	-	Usp53	2131
2132	Gm43285	chr3	122995411	122999002	TEC	ENSMUSG00000105478	+	Gm43285	2132
2133	Myoz2	chr3	123006206	123035015	protein_coding	ENSMUSG00000028116	-	Myoz2	2133
2134	Gm22066	chr3	123015259	123015368	miRNA	ENSMUSG00000076949	-	Gm22066	2134
2135	Gm43286	chr3	123043312	123043735	processed_pseudogene	ENSMUSG00000106114	-	Gm43286	2135
2136	Synpo2	chr3	123076519	123236149	protein_coding	ENSMUSG00000050315	-	Synpo2	2136
2137	Gm43744	chr3	123142288	123142975	processed_pseudogene	ENSMUSG00000106012	+	Gm43744	2137
2138	Gm43287	chr3	123163873	123164472	TEC	ENSMUSG00000105562	-	Gm43287	2138
2139	Gm43288	chr3	123190135	123192762	TEC	ENSMUSG00000106220	-	Gm43288	2139
2140	Gm43283	chr3	123209400	123211947	TEC	ENSMUSG00000106490	-	Gm43283	2140
2141	Sec24d	chr3	123267455	123365641	protein_coding	ENSMUSG00000039234	+	Sec24d	2141
2142	Mettl14	chr3	123368297	123386108	protein_coding	ENSMUSG00000028114	-	Mettl14	2142
2143	Gm22713	chr3	123391114	123391243	snRNA	ENSMUSG00000080545	-	Gm22713	2143
2144	Gm35065	chr3	123444328	123447447	lncRNA	ENSMUSG00000105784	-	Gm35065	2144
2145	Prss12	chr3	123446913	123506597	protein_coding	ENSMUSG00000027978	+	Prss12	2145
2146	Gm43590	chr3	123471970	123472356	TEC	ENSMUSG00000105058	+	Gm43590	2146
2147	Snhg8	chr3	123507552	123508404	lncRNA	ENSMUSG00000104960	-	Snhg8	2147
2148	Snora24	chr3	123507937	123508066	snoRNA	ENSMUSG00000092730	-	Snora24	2148
2149	Gm9369	chr3	123509942	123510674	processed_pseudogene	ENSMUSG00000104670	-	Gm9369	2149
2150	Ndst3	chr3	123526166	123690853	protein_coding	ENSMUSG00000027977	-	Ndst3	2150
2151	Gm42510	chr3	123685715	123687972	TEC	ENSMUSG00000104860	-	Gm42510	2151
2152	Gm24456	chr3	123743297	123743403	snRNA	ENSMUSG00000065132	-	Gm24456	2152
2153	Gm15400	chr3	123761327	123761927	processed_pseudogene	ENSMUSG00000080842	+	Gm15400	2153
2154	Gm15399	chr3	123984097	123985104	processed_pseudogene	ENSMUSG00000081939	-	Gm15399	2154
2155	Gm43731	chr3	124246237	124318984	lncRNA	ENSMUSG00000104531	+	Gm43731	2155
2156	Gm9372	chr3	124292076	124292505	transcribed_processed_pseudogene	ENSMUSG00000090474	+	Gm9372	2156
2157	Gm42824	chr3	124304184	124304430	processed_pseudogene	ENSMUSG00000106238	-	Gm42824	2157
2158	Tram1l1	chr3	124320855	124324743	protein_coding	ENSMUSG00000044528	+	Tram1l1	2158
2159	Gm4617	chr3	124385667	124385997	processed_pseudogene	ENSMUSG00000096544	+	Gm4617	2159
2160	4921527H02Rik	chr3	124398086	124399758	TEC	ENSMUSG00000106150	-	4921527H02Rik	2160
2161	1700006A11Rik	chr3	124400989	124426040	protein_coding	ENSMUSG00000027973	-	1700006A11Rik	2161
2162	Gm22575	chr3	124410655	124410764	snRNA	ENSMUSG00000064915	+	Gm22575	2162
2163	Gm42823	chr3	124420429	124422125	lncRNA	ENSMUSG00000106413	+	Gm42823	2163
2164	Gm22900	chr3	124501574	124501703	snoRNA	ENSMUSG00000077726	+	Gm22900	2164
2165	1700003H04Rik	chr3	124556352	124581101	protein_coding	ENSMUSG00000039174	-	1700003H04Rik	2165
2166	Gm9379	chr3	124588512	124589157	processed_pseudogene	ENSMUSG00000106009	-	Gm9379	2166
2167	Gm42825	chr3	124839509	124936860	lncRNA	ENSMUSG00000106423	+	Gm42825	2167
2168	Gm23673	chr3	124848589	124848886	misc_RNA	ENSMUSG00000088099	+	Gm23673	2168
2169	Gm9381	chr3	125042262	125043273	processed_pseudogene	ENSMUSG00000098033	-	Gm9381	2169
2170	Gm42826	chr3	125216915	125219553	TEC	ENSMUSG00000106001	-	Gm42826	2170
2171	Ndst4	chr3	125404076	125728899	protein_coding	ENSMUSG00000027971	+	Ndst4	2171
2172	Ugt8a	chr3	125865271	125938619	protein_coding	ENSMUSG00000032854	-	Ugt8a	2172
2173	Gm26275	chr3	126152456	126152723	misc_RNA	ENSMUSG00000087726	-	Gm26275	2173
2174	Gm42827	chr3	126226327	126228357	lncRNA	ENSMUSG00000106503	+	Gm42827	2174
2175	Gm18916	chr3	126278030	126279275	processed_pseudogene	ENSMUSG00000106094	+	Gm18916	2175
2176	Arsj	chr3	126363684	126440375	protein_coding	ENSMUSG00000046561	+	Arsj	2176
2177	Gm17225	chr3	126432883	126439269	lncRNA	ENSMUSG00000090427	-	Gm17225	2177
2178	Gm43327	chr3	126441012	126445066	TEC	ENSMUSG00000105695	+	Gm43327	2178
2179	Gm20568	chr3	126447743	126447950	processed_pseudogene	ENSMUSG00000105233	+	Gm20568	2179
2180	Camk2d	chr3	126596302	126846326	protein_coding	ENSMUSG00000053819	+	Camk2d	2180
2181	Gm43011	chr3	126600029	126604461	TEC	ENSMUSG00000106475	+	Gm43011	2181
2182	Gm43010	chr3	126625880	126628757	TEC	ENSMUSG00000104571	+	Gm43010	2182
2183	Gm43009	chr3	126644461	126648026	TEC	ENSMUSG00000105586	+	Gm43009	2183
2184	Gm43006	chr3	126657722	126659323	TEC	ENSMUSG00000105774	+	Gm43006	2184
2185	Gm43005	chr3	126662379	126663026	TEC	ENSMUSG00000104906	+	Gm43005	2185
2186	Gm15551	chr3	126667329	126669044	lncRNA	ENSMUSG00000086679	-	Gm15551	2186
2187	Gm42515	chr3	126737497	126741079	TEC	ENSMUSG00000105378	+	Gm42515	2187
2188	Gm42514	chr3	126746133	126747964	TEC	ENSMUSG00000105553	+	Gm42514	2188
2189	Ank2	chr3	126921612	127499350	protein_coding	ENSMUSG00000032826	-	Ank2	2189
2190	A930036I15Rik	chr3	126966475	126967519	TEC	ENSMUSG00000105469	-	A930036I15Rik	2190
2191	Gm43322	chr3	126974256	126975867	TEC	ENSMUSG00000105939	-	Gm43322	2191
2192	Gm43765	chr3	126986808	126987700	TEC	ENSMUSG00000105119	-	Gm43765	2192
2193	Gm43750	chr3	127008309	127010801	TEC	ENSMUSG00000106612	-	Gm43750	2193
2194	Gm43751	chr3	127048976	127052046	TEC	ENSMUSG00000105322	-	Gm43751	2194
2195	Gm42974	chr3	127137837	127140490	TEC	ENSMUSG00000104963	-	Gm42974	2195
2196	Gm16958	chr3	127161304	127168288	lncRNA	ENSMUSG00000097456	+	Gm16958	2196
2197	C230031I18Rik	chr3	127180276	127183973	TEC	ENSMUSG00000105202	-	C230031I18Rik	2197
2198	Gm42973	chr3	127240576	127243775	TEC	ENSMUSG00000105733	-	Gm42973	2198
2199	Gm42972	chr3	127266673	127272289	TEC	ENSMUSG00000105445	-	Gm42972	2199
2200	Gm42971	chr3	127283481	127285559	TEC	ENSMUSG00000105568	-	Gm42971	2200
2201	Gm42970	chr3	127298322	127299673	TEC	ENSMUSG00000106446	-	Gm42970	2201
2202	Gm42969	chr3	127390076	127393706	TEC	ENSMUSG00000105822	-	Gm42969	2202
2203	Gm43355	chr3	127479435	127481427	transcribed_unprocessed_pseudogene	ENSMUSG00000106369	-	Gm43355	2203
2204	Gm42525	chr3	127480179	127481190	transcribed_processed_pseudogene	ENSMUSG00000105969	-	Gm42525	2204
2205	Gm44494	chr3	127481120	127481248	miRNA	ENSMUSG00000105116	+	Gm44494	2205
2206	Gm43354	chr3	127512900	127513245	processed_pseudogene	ENSMUSG00000104957	+	Gm43354	2206
2207	Larp7	chr3	127536714	127553349	protein_coding	ENSMUSG00000027968	-	Larp7	2207
2208	Mir302b	chr3	127545228	127545301	miRNA	ENSMUSG00000076252	+	Mir302b	2208
2209	Mir302c	chr3	127545363	127545430	miRNA	ENSMUSG00000065482	+	Mir302c	2209
2210	Mir302a	chr3	127545496	127545564	miRNA	ENSMUSG00000065552	+	Mir302a	2210
2211	Mir302d	chr3	127545624	127545689	miRNA	ENSMUSG00000065447	+	Mir302d	2211
2212	Mir367	chr3	127545733	127545807	miRNA	ENSMUSG00000065413	+	Mir367	2212
2213	Zgrf1	chr3	127553489	127618023	protein_coding	ENSMUSG00000051278	+	Zgrf1	2213
2214	Gm43729	chr3	127556228	127557561	lncRNA	ENSMUSG00000105104	-	Gm43729	2214
2215	Neurog2	chr3	127633135	127635631	protein_coding	ENSMUSG00000027967	+	Neurog2	2215
2216	Alpk1	chr3	127670310	127780527	protein_coding	ENSMUSG00000028028	-	Alpk1	2216
2217	Gm16238	chr3	127691935	127692520	processed_pseudogene	ENSMUSG00000089988	-	Gm16238	2217
2218	1500005C15Rik	chr3	127714634	127717027	TEC	ENSMUSG00000104888	-	1500005C15Rik	2218
2219	Gm42587	chr3	127717206	127719186	TEC	ENSMUSG00000105701	-	Gm42587	2219
2220	Gm23279	chr3	127731594	127731690	rRNA	ENSMUSG00000088537	+	Gm23279	2220
2221	Tifa	chr3	127789805	127832164	protein_coding	ENSMUSG00000046688	+	Tifa	2221
2222	Ap1ar	chr3	127807007	127837523	protein_coding	ENSMUSG00000074238	-	Ap1ar	2222
2223	Gm43654	chr3	127829555	127832971	TEC	ENSMUSG00000105804	-	Gm43654	2223
2224	Gm43653	chr3	127836911	127838644	lncRNA	ENSMUSG00000105447	+	Gm43653	2224
2225	Gm35585	chr3	127861599	127865261	lncRNA	ENSMUSG00000105550	+	Gm35585	2225
2226	Gm43652	chr3	127863184	127863858	TEC	ENSMUSG00000105008	-	Gm43652	2226
2227	Fam241a	chr3	127869058	127896324	protein_coding	ENSMUSG00000050549	-	Fam241a	2227
2228	9830132P13Rik	chr3	127916172	127955220	lncRNA	ENSMUSG00000104763	+	9830132P13Rik	2228
2229	Gm35667	chr3	127970709	127972881	lncRNA	ENSMUSG00000106437	+	Gm35667	2229
2230	Gm10650	chr3	128038693	128040661	TEC	ENSMUSG00000074237	+	Gm10650	2230
2231	D030025E07Rik	chr3	128117015	128231606	lncRNA	ENSMUSG00000105816	-	D030025E07Rik	2231
2232	Gm43656	chr3	128280658	128281091	processed_pseudogene	ENSMUSG00000106119	-	Gm43656	2232
2233	Gm22293	chr3	128540372	128540480	snoRNA	ENSMUSG00000065248	+	Gm22293	2233
2234	Gm43824	chr3	128610987	128887161	lncRNA	ENSMUSG00000106245	+	Gm43824	2234
2235	4933424H11Rik	chr3	128699533	128701550	lncRNA	ENSMUSG00000105527	-	4933424H11Rik	2235
2236	Gm4410	chr3	128839836	128840521	transcribed_processed_pseudogene	ENSMUSG00000106029	+	Gm4410	2236
2237	Gm9387	chr3	128953779	128955098	processed_pseudogene	ENSMUSG00000074236	-	Gm9387	2237
2238	Gm28543	chr3	129067805	129070544	lncRNA	ENSMUSG00000099640	-	Gm28543	2238
2239	Pitx2	chr3	129199878	129219591	protein_coding	ENSMUSG00000028023	+	Pitx2	2239
2240	Gm27195	chr3	129210006	129211500	lncRNA	ENSMUSG00000098515	+	Gm27195	2240
2241	Gm43697	chr3	129222948	129225528	TEC	ENSMUSG00000106078	-	Gm43697	2241
2242	Enpep	chr3	129269175	129332720	protein_coding	ENSMUSG00000028024	-	Enpep	2242
2243	Gm42628	chr3	129285269	129286032	processed_pseudogene	ENSMUSG00000106417	+	Gm42628	2243
2244	Gm42629	chr3	129354004	129355105	TEC	ENSMUSG00000105166	+	Gm42629	2244
2245	Gm42630	chr3	129374110	129377557	TEC	ENSMUSG00000105278	+	Gm42630	2245
2246	Gm5712	chr3	129433673	129434715	processed_pseudogene	ENSMUSG00000105712	+	Gm5712	2246
2247	Rpl7a-ps7	chr3	129461972	129462747	processed_pseudogene	ENSMUSG00000106258	+	Rpl7a-ps7	2247
2248	Gm35986	chr3	129527467	129532388	lncRNA	ENSMUSG00000105837	-	Gm35986	2248
2249	Elovl6	chr3	129532355	129638495	protein_coding	ENSMUSG00000041220	+	Elovl6	2249
2250	Gm43072	chr3	129538141	129539811	TEC	ENSMUSG00000106092	+	Gm43072	2250
2251	Egf	chr3	129677565	129755316	protein_coding	ENSMUSG00000028017	-	Egf	2251
2252	Gm24515	chr3	129684133	129684241	miRNA	ENSMUSG00000092701	-	Gm24515	2252
2253	Gm42697	chr3	129728845	129740188	lncRNA	ENSMUSG00000106120	+	Gm42697	2253
2254	Gm42650	chr3	129745340	129750168	lncRNA	ENSMUSG00000105596	+	Gm42650	2254
2255	6330410L21Rik	chr3	129753758	129763884	lncRNA	ENSMUSG00000105960	+	6330410L21Rik	2255
2256	Lrit3	chr3	129787881	129804030	protein_coding	ENSMUSG00000093865	-	Lrit3	2256
2257	Rrh	chr3	129804408	129822587	protein_coding	ENSMUSG00000028012	-	Rrh	2257
2258	Gar1	chr3	129824912	129831396	protein_coding	ENSMUSG00000028010	-	Gar1	2258
2259	Cfi	chr3	129835884	129875332	protein_coding	ENSMUSG00000058952	+	Cfi	2259
2260	Pla2g12a	chr3	129878606	129895825	protein_coding	ENSMUSG00000027999	+	Pla2g12a	2260
2261	Casp6	chr3	129901425	129914103	protein_coding	ENSMUSG00000027997	+	Casp6	2261
2262	Mcub	chr3	129914960	129970206	protein_coding	ENSMUSG00000027994	-	Mcub	2262
2263	Sec24b	chr3	129982759	130061553	protein_coding	ENSMUSG00000001052	-	Sec24b	2263
2264	Gm9396	chr3	130068412	130068978	processed_pseudogene	ENSMUSG00000063328	+	Gm9396	2264
2265	Gm42663	chr3	130080779	130081129	processed_pseudogene	ENSMUSG00000106072	+	Gm42663	2265
2266	Col25a1	chr3	130131501	130599877	protein_coding	ENSMUSG00000058897	+	Col25a1	2266
2267	Gm9397	chr3	130140380	130142042	processed_pseudogene	ENSMUSG00000106276	+	Gm9397	2267
2268	Gm22682	chr3	130205465	130205571	snRNA	ENSMUSG00000065788	+	Gm22682	2268
2269	Gm43210	chr3	130539489	130545640	TEC	ENSMUSG00000105011	+	Gm43210	2269
2270	Gm43211	chr3	130561942	130563840	TEC	ENSMUSG00000105760	+	Gm43211	2270
2271	Gm42837	chr3	130592121	130594949	TEC	ENSMUSG00000105520	+	Gm42837	2271
2272	Etnppl	chr3	130617448	130637521	protein_coding	ENSMUSG00000019232	+	Etnppl	2272
2273	Ostc	chr3	130695912	130709444	protein_coding	ENSMUSG00000041084	-	Ostc	2273
2274	Gm42998	chr3	130703579	130705949	TEC	ENSMUSG00000105466	-	Gm42998	2274
2275	Rpl34	chr3	130726831	130730398	protein_coding	ENSMUSG00000062006	-	Rpl34	2275
2276	Gm42997	chr3	130730460	130771643	lncRNA	ENSMUSG00000105789	+	Gm42997	2276
2277	Gm43522	chr3	130759265	130762111	lncRNA	ENSMUSG00000105716	+	Gm43522	2277
2278	2010110G14Rik	chr3	130838455	130937337	lncRNA	ENSMUSG00000106095	-	2010110G14Rik	2278
2279	Gm5982	chr3	130846462	130846973	processed_pseudogene	ENSMUSG00000104984	-	Gm5982	2279
2280	Gm36520	chr3	130867279	130868777	lncRNA	ENSMUSG00000104557	+	Gm36520	2280
2281	Gm43351	chr3	130874073	130876824	lncRNA	ENSMUSG00000105769	+	Gm43351	2281
2282	Gm43350	chr3	130884851	130885561	TEC	ENSMUSG00000105628	+	Gm43350	2282
2283	5830437K03Rik	chr3	130901665	130903043	TEC	ENSMUSG00000104579	+	5830437K03Rik	2283
2284	Gm43349	chr3	130923483	130924837	lncRNA	ENSMUSG00000106249	-	Gm43349	2284
2285	Gm5855	chr3	130929366	130930670	processed_pseudogene	ENSMUSG00000105558	-	Gm5855	2285
2286	A430072C10Rik	chr3	131023839	131026370	TEC	ENSMUSG00000104859	-	A430072C10Rik	2286
2287	Lef1os1	chr3	131109026	131112090	lncRNA	ENSMUSG00000106086	-	Lef1os1	2287
2288	Lef1	chr3	131110471	131224356	protein_coding	ENSMUSG00000027985	+	Lef1	2288
2289	Gm42449	chr3	131136785	131139042	TEC	ENSMUSG00000104612	+	Gm42449	2289
2290	Hadh	chr3	131233419	131272101	protein_coding	ENSMUSG00000027984	-	Hadh	2290
2291	Gm18492	chr3	131284127	131285144	processed_pseudogene	ENSMUSG00000106268	-	Gm18492	2291
2292	Cyp2u1	chr3	131288441	131303227	protein_coding	ENSMUSG00000027983	-	Cyp2u1	2292
2293	4930534D22Rik	chr3	131302643	131316661	lncRNA	ENSMUSG00000097761	+	4930534D22Rik	2293
2294	Sgms2	chr3	131318985	131491411	protein_coding	ENSMUSG00000050931	-	Sgms2	2294
2295	Gm43116	chr3	131360556	131360750	processed_pseudogene	ENSMUSG00000104754	+	Gm43116	2295
2296	Papss1	chr3	131564768	131643671	protein_coding	ENSMUSG00000028032	+	Papss1	2296
2297	Gm42881	chr3	131610437	131613780	TEC	ENSMUSG00000105973	-	Gm42881	2297
2298	Gm29865	chr3	131759805	132030743	lncRNA	ENSMUSG00000105331	+	Gm29865	2298
2299	Olfr375-ps1	chr3	131899080	131899328	unprocessed_pseudogene	ENSMUSG00000104853	-	Olfr375-ps1	2299
2300	Gm26103	chr3	131918259	131918353	snRNA	ENSMUSG00000087877	+	Gm26103	2300
2301	Gm22421	chr3	132082286	132082392	snRNA	ENSMUSG00000064992	-	Gm22421	2301
2302	Dkk2	chr3	132085292	132180304	protein_coding	ENSMUSG00000028031	+	Dkk2	2302
2303	Gm42880	chr3	132443673	132445548	lncRNA	ENSMUSG00000106280	-	Gm42880	2303
2304	Gm25307	chr3	132537560	132537665	snRNA	ENSMUSG00000089510	-	Gm25307	2304
2305	Gimd1	chr3	132629820	132645351	protein_coding	ENSMUSG00000091721	+	Gimd1	2305
2306	Gm9402	chr3	132655395	132655782	processed_pseudogene	ENSMUSG00000106313	-	Gm9402	2306
2307	Aimp1	chr3	132660481	132684370	protein_coding	ENSMUSG00000028029	-	Aimp1	2307
2308	Tbck	chr3	132684144	132841688	protein_coding	ENSMUSG00000028030	+	Tbck	2308
2309	Gm42872	chr3	132767407	132769373	TEC	ENSMUSG00000105719	+	Gm42872	2309
2310	Gm22322	chr3	132787225	132787335	snoRNA	ENSMUSG00000087776	-	Gm22322	2310
2311	Gm42876	chr3	132806253	132809467	TEC	ENSMUSG00000105691	+	Gm42876	2311
2312	Gm29811	chr3	132842202	132878596	lncRNA	ENSMUSG00000106230	-	Gm29811	2312
2313	Gm9403	chr3	132842396	132844576	processed_pseudogene	ENSMUSG00000106499	+	Gm9403	2313
2314	Npnt	chr3	132881745	132950291	protein_coding	ENSMUSG00000040998	-	Npnt	2314
2315	Gm23196	chr3	132939870	132939976	snRNA	ENSMUSG00000089431	+	Gm23196	2315
2316	Gstcd	chr3	132981752	133092033	protein_coding	ENSMUSG00000028018	-	Gstcd	2316
2317	Gm19148	chr3	133029423	133029851	processed_pseudogene	ENSMUSG00000104787	+	Gm19148	2317
2318	Gm42874	chr3	133050622	133052395	TEC	ENSMUSG00000105259	-	Gm42874	2318
2319	Gm42873	chr3	133052545	133054270	TEC	ENSMUSG00000105217	-	Gm42873	2319
2320	Ints12	chr3	133091840	133110988	protein_coding	ENSMUSG00000028016	+	Ints12	2320
2321	Arhgef38	chr3	133112278	133234949	protein_coding	ENSMUSG00000040969	-	Arhgef38	2321
2322	Gm43254	chr3	133307518	133310008	lncRNA	ENSMUSG00000105957	-	Gm43254	2322
2323	Ppa2	chr3	133310110	133378235	protein_coding	ENSMUSG00000028013	+	Ppa2	2323
2324	Gm25042	chr3	133431703	133431823	miRNA	ENSMUSG00000080506	-	Gm25042	2324
2325	Tet2	chr3	133463679	133545139	protein_coding	ENSMUSG00000040943	-	Tet2	2325
2326	Gm42567	chr3	133545097	133585053	lncRNA	ENSMUSG00000105085	+	Gm42567	2326
2327	Gm49316	chr3	133579627	133579901	processed_pseudogene	ENSMUSG00000105595	-	Gm49316	2327
2328	Gm23011	chr3	133588406	133588537	snoRNA	ENSMUSG00000077336	-	Gm23011	2328
2329	Gm37228	chr3	133623684	133634758	TEC	ENSMUSG00000102530	-	Gm37228	2329
2330	Gm40153	chr3	133645808	133663391	lncRNA	ENSMUSG00000105952	-	Gm40153	2330
2331	Gm6135	chr3	133789515	133791504	lncRNA	ENSMUSG00000106069	-	Gm6135	2331
2332	Gm30484	chr3	133815919	133818518	lncRNA	ENSMUSG00000104645	-	Gm30484	2332
2333	Gm26691	chr3	133830668	134240641	lncRNA	ENSMUSG00000097911	-	Gm26691	2333
2334	Gm44361	chr3	134147015	134147108	miRNA	ENSMUSG00000106130	-	Gm44361	2334
2335	Gm43192	chr3	134160365	134191976	lncRNA	ENSMUSG00000104556	+	Gm43192	2335
2336	Gm43193	chr3	134180911	134181351	processed_pseudogene	ENSMUSG00000105523	+	Gm43193	2336
2337	Gm30648	chr3	134199948	134213238	lncRNA	ENSMUSG00000106139	+	Gm30648	2337
2338	Cxxc4	chr3	134236484	134262161	protein_coding	ENSMUSG00000044365	+	Cxxc4	2338
2339	Mir1895	chr3	134240505	134240583	miRNA	ENSMUSG00000084564	-	Mir1895	2339
2340	Gm43559	chr3	134272045	134272510	processed_pseudogene	ENSMUSG00000104779	-	Gm43559	2340
2341	Gm43558	chr3	134357292	134357501	TEC	ENSMUSG00000106628	+	Gm43558	2341
2342	Gm6077	chr3	134365606	134366104	processed_pseudogene	ENSMUSG00000104530	-	Gm6077	2342
2343	4930539C22Rik	chr3	134404143	134423635	lncRNA	ENSMUSG00000105765	-	4930539C22Rik	2343
2344	Gm26820	chr3	134462087	134630765	lncRNA	ENSMUSG00000097031	-	Gm26820	2344
2345	Tacr3	chr3	134829007	134934579	protein_coding	ENSMUSG00000028172	+	Tacr3	2345
2346	Gm4860	chr3	134963121	134963574	processed_pseudogene	ENSMUSG00000105559	+	Gm4860	2346
2347	Gm43036	chr3	134965858	134967159	processed_pseudogene	ENSMUSG00000106569	+	Gm43036	2347
2348	Gm43035	chr3	134971457	134971973	processed_pseudogene	ENSMUSG00000104539	+	Gm43035	2348
2349	Gm2142	chr3	135121861	135122449	processed_pseudogene	ENSMUSG00000105538	+	Gm2142	2349
2350	Gm24048	chr3	135147408	135147513	miRNA	ENSMUSG00000076366	+	Gm24048	2350
2351	Gm18546	chr3	135170629	135171304	processed_pseudogene	ENSMUSG00000105266	+	Gm18546	2351
2352	Gm43033	chr3	135208987	135209411	processed_pseudogene	ENSMUSG00000106079	+	Gm43033	2352
2353	Cenpe	chr3	135212537	135273611	protein_coding	ENSMUSG00000045328	+	Cenpe	2353
2354	Bdh2	chr3	135281221	135304426	protein_coding	ENSMUSG00000028167	+	Bdh2	2354
2355	Slc9b2	chr3	135307700	135345387	protein_coding	ENSMUSG00000037994	+	Slc9b2	2355
2356	Slc9b1	chr3	135348029	135397827	protein_coding	ENSMUSG00000050150	+	Slc9b1	2356
2357	Cisd2	chr3	135406412	135423925	protein_coding	ENSMUSG00000028165	-	Cisd2	2357
2358	2810428J06Rik	chr3	135425237	135427932	TEC	ENSMUSG00000105981	-	2810428J06Rik	2358
2359	Gm43379	chr3	135428163	135435888	TEC	ENSMUSG00000105449	-	Gm43379	2359
2360	4930539J05Rik	chr3	135436209	135438665	lncRNA	ENSMUSG00000097032	-	4930539J05Rik	2360
2361	Ube2d3	chr3	135438149	135468198	protein_coding	ENSMUSG00000078578	+	Ube2d3	2361
2362	Gm42807	chr3	135483632	135483960	processed_pseudogene	ENSMUSG00000105404	+	Gm42807	2362
2363	Manba	chr3	135485611	135571404	protein_coding	ENSMUSG00000028164	+	Manba	2363
2364	Oaz2-ps	chr3	135525964	135526532	processed_pseudogene	ENSMUSG00000083610	-	Oaz2-ps	2364
2365	Nfkb1	chr3	135584655	135691547	protein_coding	ENSMUSG00000028163	-	Nfkb1	2365
2366	Gm43430	chr3	135650670	135654566	TEC	ENSMUSG00000106149	-	Gm43430	2366
2367	Slc39a8	chr3	135825279	135888572	protein_coding	ENSMUSG00000053897	+	Slc39a8	2367
2368	4933401H06Rik	chr3	135833701	135840269	lncRNA	ENSMUSG00000106306	-	4933401H06Rik	2368
2369	Gm43429	chr3	135860348	135862598	TEC	ENSMUSG00000106290	+	Gm43429	2369
2370	Gm43428	chr3	135872113	135875957	TEC	ENSMUSG00000105681	+	Gm43428	2370
2371	Gm18330	chr3	135902295	135902841	processed_pseudogene	ENSMUSG00000106141	-	Gm18330	2371
2372	Gm31243	chr3	135904344	136167184	lncRNA	ENSMUSG00000104710	+	Gm31243	2372
2373	Gm43602	chr3	135963459	135963758	processed_pseudogene	ENSMUSG00000105937	-	Gm43602	2373
2374	Gm5281	chr3	136049555	136051688	processed_pseudogene	ENSMUSG00000105244	-	Gm5281	2374
2375	Bank1	chr3	136053363	136326066	protein_coding	ENSMUSG00000037922	-	Bank1	2375
2376	Gm9408	chr3	136331486	136332990	processed_pseudogene	ENSMUSG00000105869	+	Gm9408	2376
2377	Gm43402	chr3	136346204	136346362	processed_pseudogene	ENSMUSG00000106363	+	Gm43402	2377
2378	1700030L20Rik	chr3	136435270	136449349	lncRNA	ENSMUSG00000099508	-	1700030L20Rik	2378
2379	Ppp3ca	chr3	136670124	136937727	protein_coding	ENSMUSG00000028161	+	Ppp3ca	2379
2380	Gm42822	chr3	136701211	136702739	TEC	ENSMUSG00000106596	+	Gm42822	2380
2381	4930599N24Rik	chr3	136758958	136759960	TEC	ENSMUSG00000105545	-	4930599N24Rik	2381
2382	Gm44327	chr3	136798262	136798378	miRNA	ENSMUSG00000106439	-	Gm44327	2382
2383	Gm43357	chr3	136943237	136946544	lncRNA	ENSMUSG00000106398	-	Gm43357	2383
2384	Gm9409	chr3	136948605	136948920	processed_pseudogene	ENSMUSG00000105327	+	Gm9409	2384
2385	Gm43356	chr3	136952790	136955093	lncRNA	ENSMUSG00000104617	-	Gm43356	2385
2386	Gm26107	chr3	137067892	137067998	snRNA	ENSMUSG00000065906	+	Gm26107	2386
2387	Gm567	chr3	137289639	137300708	lncRNA	ENSMUSG00000104610	+	Gm567	2387
2388	Emcn	chr3	137341067	137432185	protein_coding	ENSMUSG00000054690	+	Emcn	2388
2389	Gm4861	chr3	137550045	137552622	lncRNA	ENSMUSG00000055138	-	Gm4861	2389
2390	Gm22468	chr3	137621474	137621593	miRNA	ENSMUSG00000080330	+	Gm22468	2390
2391	Ddit4l	chr3	137621612	137628333	protein_coding	ENSMUSG00000046818	+	Ddit4l	2391
2392	Gm30946	chr3	137644058	137644781	processed_pseudogene	ENSMUSG00000105325	-	Gm30946	2392
2393	Gm21962	chr3	137671524	137672540	protein_coding	ENSMUSG00000094856	+	Gm21962	2393
2394	Gm42610	chr3	137690987	137699128	lncRNA	ENSMUSG00000106122	+	Gm42610	2394
2395	Gm25080	chr3	137715658	137715764	snRNA	ENSMUSG00000064460	+	Gm25080	2395
2396	Mir6380	chr3	137783535	137783615	miRNA	ENSMUSG00000099011	-	Mir6380	2396
2397	Gm31678	chr3	137795265	137803469	lncRNA	ENSMUSG00000105427	-	Gm31678	2397
2398	Gm43403	chr3	137862589	137864374	lncRNA	ENSMUSG00000105676	-	Gm43403	2398
2399	H2afz	chr3	137864487	137866922	protein_coding	ENSMUSG00000037894	+	H2afz	2399
2400	Dnajb14	chr3	137867675	137916557	protein_coding	ENSMUSG00000074212	+	Dnajb14	2400
2401	Gm40155	chr3	137875925	137878126	lncRNA	ENSMUSG00000106629	-	Gm40155	2401
2402	Gm43088	chr3	137897144	137899490	TEC	ENSMUSG00000105748	+	Gm43088	2402
2403	Gm15460	chr3	137905009	137905399	processed_pseudogene	ENSMUSG00000081829	+	Gm15460	2403
2404	Gm25920	chr3	137912990	137913088	snRNA	ENSMUSG00000088932	-	Gm25920	2404
2405	Gm43689	chr3	137918019	137918445	lncRNA	ENSMUSG00000104675	-	Gm43689	2405
2406	Lamtor3	chr3	137918506	137928900	protein_coding	ENSMUSG00000091512	+	Lamtor3	2406
2407	Dapp1	chr3	137931007	137981545	protein_coding	ENSMUSG00000028159	-	Dapp1	2407
2408	Gm19708	chr3	138000939	138016044	lncRNA	ENSMUSG00000105296	+	Gm19708	2408
2409	Gm5105	chr3	138048761	138067388	protein_coding	ENSMUSG00000049349	-	Gm5105	2409
2410	1110002E22Rik	chr3	138065052	138081506	protein_coding	ENSMUSG00000090066	+	1110002E22Rik	2410
2411	Mttp	chr3	138089854	138144968	protein_coding	ENSMUSG00000028158	-	Mttp	2411
2412	Gm43691	chr3	138103916	138114717	lncRNA	ENSMUSG00000104776	+	Gm43691	2412
2413	Trmt10a	chr3	138143448	138159821	protein_coding	ENSMUSG00000004127	+	Trmt10a	2413
2414	4930579F01Rik	chr3	138164078	138239663	protein_coding	ENSMUSG00000012042	-	4930579F01Rik	2414
2415	0610031O16Rik	chr3	138210716	138240405	lncRNA	ENSMUSG00000099146	-	0610031O16Rik	2415
2416	Adh7	chr3	138217760	138233382	protein_coding	ENSMUSG00000055301	+	Adh7	2416
2417	Adh1	chr3	138260991	138290698	protein_coding	ENSMUSG00000074207	+	Adh1	2417
2418	Gm16559	chr3	138281408	138307022	lncRNA	ENSMUSG00000089635	-	Gm16559	2418
2419	Adh6a	chr3	138313286	138331134	protein_coding	ENSMUSG00000053054	+	Adh6a	2419
2420	Adh6b	chr3	138341775	138358861	protein_coding	ENSMUSG00000074206	+	Adh6b	2420
2421	Gm23467	chr3	138343138	138343296	snRNA	ENSMUSG00000087752	+	Gm23467	2421
2422	Adh6-ps1	chr3	138374121	138395002	transcribed_unprocessed_pseudogene	ENSMUSG00000090306	+	Adh6-ps1	2422
2423	Adh4	chr3	138415466	138430892	protein_coding	ENSMUSG00000037797	+	Adh4	2423
2424	Adh5	chr3	138443093	138455499	protein_coding	ENSMUSG00000028138	+	Adh5	2424
2425	Metap1	chr3	138458956	138489515	protein_coding	ENSMUSG00000005813	-	Metap1	2425
2426	Gm43724	chr3	138495868	138496093	processed_pseudogene	ENSMUSG00000105751	-	Gm43724	2426
2427	Gm43725	chr3	138503844	138504212	processed_pseudogene	ENSMUSG00000106462	-	Gm43725	2427
2428	Eif4e	chr3	138526179	138559696	protein_coding	ENSMUSG00000028156	+	Eif4e	2428
2429	Mir1956	chr3	138526421	138526485	miRNA	ENSMUSG00000088373	+	Mir1956	2429
2430	Gm43726	chr3	138579787	138580561	processed_pseudogene	ENSMUSG00000106353	-	Gm43726	2430
2431	Gm9415	chr3	138601132	138602452	processed_pseudogene	ENSMUSG00000104680	+	Gm9415	2431
2432	Gm6057	chr3	138604318	138604984	processed_pseudogene	ENSMUSG00000105396	-	Gm6057	2432
2433	Gm43723	chr3	138643756	138643944	processed_pseudogene	ENSMUSG00000105126	-	Gm43723	2433
2434	4930425O10Rik	chr3	138711535	138726984	lncRNA	ENSMUSG00000105838	-	4930425O10Rik	2434
2435	Tspan5	chr3	138742195	138907905	protein_coding	ENSMUSG00000028152	+	Tspan5	2435
2436	Gm16060	chr3	138828685	138829162	processed_pseudogene	ENSMUSG00000086123	-	Gm16060	2436
2437	Rap1gds1	chr3	138925902	139075201	protein_coding	ENSMUSG00000028149	-	Rap1gds1	2437
2438	Gm43162	chr3	138976312	138978081	TEC	ENSMUSG00000104724	-	Gm43162	2438
2439	Gm4862	chr3	139128334	139128771	processed_pseudogene	ENSMUSG00000090801	-	Gm4862	2439
2440	Stpg2	chr3	139205694	139710299	protein_coding	ENSMUSG00000047940	+	Stpg2	2440
2441	Gm24260	chr3	139417757	139417863	snRNA	ENSMUSG00000065675	-	Gm24260	2441
2442	Gm2451	chr3	139649379	139650377	processed_pseudogene	ENSMUSG00000106574	+	Gm2451	2442
2443	Gm32693	chr3	139777153	139780759	lncRNA	ENSMUSG00000106505	-	Gm32693	2443
2444	Gm43678	chr3	139812111	139812764	lncRNA	ENSMUSG00000105880	-	Gm43678	2444
2445	Mir7j	chr3	140028249	140028370	miRNA	ENSMUSG00000099169	+	Mir7j	2445
2446	Gm4863	chr3	140116655	140118035	processed_pseudogene	ENSMUSG00000105180	-	Gm4863	2446
2447	Gm19184	chr3	140169284	140170211	processed_pseudogene	ENSMUSG00000106207	+	Gm19184	2447
2448	Gm19080	chr3	140506718	140507267	processed_pseudogene	ENSMUSG00000104596	-	Gm19080	2448
2449	Gm31211	chr3	140627180	140627432	processed_pseudogene	ENSMUSG00000106159	-	Gm31211	2449
2450	Gm43049	chr3	140692038	140760704	lncRNA	ENSMUSG00000105777	-	Gm43049	2450
2451	Gm6214	chr3	140839097	140839637	processed_pseudogene	ENSMUSG00000095465	-	Gm6214	2451
2452	Gm32754	chr3	140904998	140917459	lncRNA	ENSMUSG00000104544	-	Gm32754	2452
2453	Pdha2	chr3	141210004	141212355	protein_coding	ENSMUSG00000047674	-	Pdha2	2453
2454	Gm15688	chr3	141457976	141465333	lncRNA	ENSMUSG00000089737	-	Gm15688	2454
2455	Unc5c	chr3	141465216	141834924	protein_coding	ENSMUSG00000059921	+	Unc5c	2455
2456	Gm15689	chr3	141662889	141682900	lncRNA	ENSMUSG00000089924	-	Gm15689	2456
2457	Gm43826	chr3	141686553	141689164	TEC	ENSMUSG00000106071	+	Gm43826	2457
2458	Bmpr1b	chr3	141837136	142169425	protein_coding	ENSMUSG00000052430	-	Bmpr1b	2458
2459	Pdlim5	chr3	142239590	142395696	protein_coding	ENSMUSG00000028273	-	Pdlim5	2459
2460	Gbp5	chr3	142493978	142522344	protein_coding	ENSMUSG00000105504	+	Gbp5	2460
2461	Gbp7	chr3	142530342	142550149	protein_coding	ENSMUSG00000040253	+	Gbp7	2461
2462	Gm43802	chr3	142547882	142548518	processed_pseudogene	ENSMUSG00000105338	+	Gm43802	2462
2463	Gbp3	chr3	142560026	142573209	protein_coding	ENSMUSG00000028268	+	Gbp3	2463
2464	Gbp2b	chr3	142594847	142619179	protein_coding	ENSMUSG00000040264	+	Gbp2b	2464
2465	Gbp2	chr3	142620602	142638008	protein_coding	ENSMUSG00000028270	+	Gbp2	2465
2466	Gbp2-ps	chr3	142658948	142669383	unprocessed_pseudogene	ENSMUSG00000105317	+	Gbp2-ps	2466
2467	Gm19166	chr3	142664444	142665506	processed_pseudogene	ENSMUSG00000105170	-	Gm19166	2467
2468	Kyat3	chr3	142701051	142746870	protein_coding	ENSMUSG00000040213	+	Kyat3	2468
2469	Gm15540	chr3	142743661	142744681	lncRNA	ENSMUSG00000086561	-	Gm15540	2469
2470	Gtf2b	chr3	142765045	142783606	protein_coding	ENSMUSG00000028271	+	Gtf2b	2470
2471	Gm24457	chr3	142772972	142773076	snRNA	ENSMUSG00000065130	-	Gm24457	2471
2472	Pkn2	chr3	142790902	142882004	protein_coding	ENSMUSG00000004591	-	Pkn2	2472
2473	Gm25965	chr3	142795102	142795194	snoRNA	ENSMUSG00000087795	+	Gm25965	2473
2474	Gm43646	chr3	142881588	142898245	lncRNA	ENSMUSG00000106550	+	Gm43646	2474
2475	9530052C20Rik	chr3	142882495	142892921	lncRNA	ENSMUSG00000097858	+	9530052C20Rik	2475
2476	Gm31306	chr3	142898075	142898582	transcribed_processed_pseudogene	ENSMUSG00000105671	+	Gm31306	2476
2477	Gm2574	chr3	142962611	142963612	processed_pseudogene	ENSMUSG00000078162	+	Gm2574	2477
2478	4930519L02Rik	chr3	143017660	143040752	lncRNA	ENSMUSG00000105652	+	4930519L02Rik	2478
2479	Gm43614	chr3	143107948	143157903	lncRNA	ENSMUSG00000106052	+	Gm43614	2479
2480	A830019L24Rik	chr3	143243055	143259884	lncRNA	ENSMUSG00000105923	+	A830019L24Rik	2480
2481	Gm43613	chr3	143330420	143332032	lncRNA	ENSMUSG00000106162	+	Gm43613	2481
2482	Gm43612	chr3	143368576	143371782	lncRNA	ENSMUSG00000105917	+	Gm43612	2482
2483	1700001N15Rik	chr3	143409401	143411532	lncRNA	ENSMUSG00000106210	+	1700001N15Rik	2483
2484	Gm43616	chr3	143575533	143577001	lncRNA	ENSMUSG00000105000	-	Gm43616	2484
2485	Gm33651	chr3	143576614	143589170	lncRNA	ENSMUSG00000104939	+	Gm33651	2485
2486	Gm33758	chr3	143603805	143624575	lncRNA	ENSMUSG00000105511	+	Gm33758	2486
2487	Gm38006	chr3	143644890	143650953	TEC	ENSMUSG00000103816	+	Gm38006	2487
2488	Gm42704	chr3	143650310	143652087	lncRNA	ENSMUSG00000106109	+	Gm42704	2488
2489	Gm6260	chr3	143670892	143712210	lncRNA	ENSMUSG00000105279	-	Gm6260	2489
2490	Gm42705	chr3	143743377	143827012	lncRNA	ENSMUSG00000105324	+	Gm42705	2490
2491	Gm42706	chr3	143770539	143772448	lncRNA	ENSMUSG00000106524	+	Gm42706	2491
2492	Gm2505	chr3	143872995	143873819	processed_pseudogene	ENSMUSG00000105492	+	Gm2505	2492
2493	Gm42707	chr3	143878393	143954774	lncRNA	ENSMUSG00000105811	-	Gm42707	2493
2494	Gm42708	chr3	143898047	143898951	lncRNA	ENSMUSG00000104865	+	Gm42708	2494
2495	Gm34078	chr3	144101904	144135754	lncRNA	ENSMUSG00000106367	-	Gm34078	2495
2496	Lmo4	chr3	144188530	144205220	protein_coding	ENSMUSG00000028266	-	Lmo4	2496
2497	Gm43445	chr3	144197172	144199262	lncRNA	ENSMUSG00000104969	-	Gm43445	2497
2498	Gm43446	chr3	144283811	144284906	lncRNA	ENSMUSG00000105197	+	Gm43446	2498
2499	Gm43447	chr3	144320214	144321748	lncRNA	ENSMUSG00000106266	+	Gm43447	2499
2500	Gm5857	chr3	144427180	144427672	processed_pseudogene	ENSMUSG00000106416	-	Gm5857	2500
2501	Hs2st1	chr3	144429706	144570181	protein_coding	ENSMUSG00000040151	-	Hs2st1	2501
2502	Gm43707	chr3	144493986	144497172	lncRNA	ENSMUSG00000104903	-	Gm43707	2502
2503	Gm43560	chr3	144523229	144524001	lncRNA	ENSMUSG00000106057	-	Gm43560	2503
2504	Selenof	chr3	144570304	144597680	protein_coding	ENSMUSG00000037072	+	Selenof	2504
2505	Gm24406	chr3	144586825	144586952	snoRNA	ENSMUSG00000064960	-	Gm24406	2505
2506	Rpl9-ps8	chr3	144625403	144625964	processed_pseudogene	ENSMUSG00000105045	-	Rpl9-ps8	2506
2507	Sh3glb1	chr3	144683678	144720335	protein_coding	ENSMUSG00000037062	-	Sh3glb1	2507
2508	Clca3a1	chr3	144729677	144760977	protein_coding	ENSMUSG00000056025	-	Clca3a1	2508
2509	Gm34866	chr3	144749482	144750087	lncRNA	ENSMUSG00000106424	+	Gm34866	2509
2510	Gm17743	chr3	144779012	144780686	processed_pseudogene	ENSMUSG00000104841	+	Gm17743	2510
2511	Clca3a2	chr3	144796559	144819494	protein_coding	ENSMUSG00000028262	-	Clca3a2	2511
2512	Gm43240	chr3	144808376	144813538	lncRNA	ENSMUSG00000105900	+	Gm43240	2512
2513	Clca3b	chr3	144822623	144849357	protein_coding	ENSMUSG00000037033	-	Clca3b	2513
2514	Gm16215	chr3	144847574	144848210	processed_pseudogene	ENSMUSG00000089950	+	Gm16215	2514
2515	Clca4c-ps	chr3	144861826	144896011	transcribed_unprocessed_pseudogene	ENSMUSG00000074196	-	Clca4c-ps	2515
2516	Clca4b	chr3	144910921	144932529	protein_coding	ENSMUSG00000074195	-	Clca4b	2516
2517	Gm16233	chr3	144947561	144954878	lncRNA	ENSMUSG00000085773	+	Gm16233	2517
2518	Clca4a	chr3	144952480	144975045	protein_coding	ENSMUSG00000068547	-	Clca4a	2518
2519	Gm35066	chr3	144972124	144982560	lncRNA	ENSMUSG00000106361	+	Gm35066	2519
2520	Clca1	chr3	145003817	145032776	protein_coding	ENSMUSG00000028255	-	Clca1	2520
2521	Clca2	chr3	145070263	145099443	protein_coding	ENSMUSG00000036960	-	Clca2	2521
2522	Odf2l	chr3	145118588	145153915	protein_coding	ENSMUSG00000028256	+	Odf2l	2522
2523	Col24a1	chr3	145292472	145552011	protein_coding	ENSMUSG00000028197	+	Col24a1	2523
2524	9530034A14Rik	chr3	145416012	145418044	lncRNA	ENSMUSG00000105619	-	9530034A14Rik	2524
2525	D530037P16Rik	chr3	145419326	145420352	lncRNA	ENSMUSG00000105959	+	D530037P16Rik	2525
2526	Znhit6	chr3	145576205	145604795	protein_coding	ENSMUSG00000074182	+	Znhit6	2526
2527	Ccn1	chr3	145646976	145649981	protein_coding	ENSMUSG00000028195	-	Ccn1	2527
2528	Gm17501	chr3	145650312	145677580	lncRNA	ENSMUSG00000097183	+	Gm17501	2528
2529	Gm43408	chr3	145738727	145739166	processed_pseudogene	ENSMUSG00000105608	-	Gm43408	2529
2530	Ddah1	chr3	145758675	145894277	protein_coding	ENSMUSG00000028194	+	Ddah1	2530
2531	Rpl36a-ps2	chr3	145879020	145879340	processed_pseudogene	ENSMUSG00000105388	+	Rpl36a-ps2	2531
2532	Bcl10	chr3	145922804	145934356	protein_coding	ENSMUSG00000028191	+	Bcl10	2532
2533	2410004B18Rik	chr3	145938014	145944829	protein_coding	ENSMUSG00000036873	+	2410004B18Rik	2533
2534	Syde2	chr3	145987870	146021720	protein_coding	ENSMUSG00000036863	+	Syde2	2534
2535	Gm35409	chr3	146038445	146039840	lncRNA	ENSMUSG00000105146	+	Gm35409	2535
2536	Wdr63	chr3	146040526	146108130	protein_coding	ENSMUSG00000043020	-	Wdr63	2536
2537	Gm25627	chr3	146116102	146116254	snRNA	ENSMUSG00000065937	-	Gm25627	2537
2538	Mcoln3	chr3	146117450	146141806	protein_coding	ENSMUSG00000036853	+	Mcoln3	2538
2539	Mcoln2	chr3	146149833	146195513	protein_coding	ENSMUSG00000011008	+	Mcoln2	2539
2540	Lpar3	chr3	146220963	146286186	protein_coding	ENSMUSG00000036832	+	Lpar3	2540
2541	Gm43334	chr3	146324420	146325737	TEC	ENSMUSG00000105209	+	Gm43334	2541
2542	Gm10636	chr3	146367153	146378944	lncRNA	ENSMUSG00000105602	-	Gm10636	2542
2543	Gm22078	chr3	146387742	146387844	snRNA	ENSMUSG00000088218	-	Gm22078	2543
2544	Gm22901	chr3	146399134	146399217	miRNA	ENSMUSG00000077892	-	Gm22901	2544
2545	Ssx2ip	chr3	146404642	146440144	protein_coding	ENSMUSG00000036825	+	Ssx2ip	2545
2546	Ctbs	chr3	146449795	146465849	protein_coding	ENSMUSG00000028189	+	Ctbs	2546
2547	Spata1	chr3	146457196	146499753	protein_coding	ENSMUSG00000028188	-	Spata1	2547
2548	Gng5	chr3	146499807	146505572	protein_coding	ENSMUSG00000068523	+	Gng5	2548
2549	Rpf1	chr3	146505956	146521429	protein_coding	ENSMUSG00000028187	-	Rpf1	2549
2550	Gm36259	chr3	146562878	146563269	processed_pseudogene	ENSMUSG00000105407	-	Gm36259	2550
2551	Uox	chr3	146570426	146632305	protein_coding	ENSMUSG00000028186	+	Uox	2551
2552	Dnase2b	chr3	146580985	146615596	protein_coding	ENSMUSG00000028185	-	Dnase2b	2552
2553	Gm16325	chr3	146641932	146651715	lncRNA	ENSMUSG00000085810	+	Gm16325	2553
2554	4930503B20Rik	chr3	146645193	146651317	protein_coding	ENSMUSG00000090202	-	4930503B20Rik	2554
2555	Samd13	chr3	146645195	146685592	protein_coding	ENSMUSG00000048652	-	Samd13	2555
2556	Gm9480	chr3	146696219	146696834	processed_pseudogene	ENSMUSG00000105529	+	Gm9480	2556
2557	Prkacb	chr3	146729574	146812990	protein_coding	ENSMUSG00000005034	-	Prkacb	2557
2558	Gm19104	chr3	146803163	146803841	processed_pseudogene	ENSMUSG00000104946	+	Gm19104	2558
2559	Gm10288	chr3	146838811	146839347	processed_pseudogene	ENSMUSG00000070343	-	Gm10288	2559
2560	Ttll7	chr3	146852367	146984009	protein_coding	ENSMUSG00000036745	+	Ttll7	2560
2561	Gm29771	chr3	147096184	147128749	lncRNA	ENSMUSG00000103334	+	Gm29771	2561
2562	Gm6074	chr3	147192468	147192918	processed_pseudogene	ENSMUSG00000103099	-	Gm6074	2562
2563	Gm36831	chr3	147389712	147400995	lncRNA	ENSMUSG00000106023	+	Gm36831	2563
2564	Gm37803	chr3	147404519	147409076	TEC	ENSMUSG00000103302	-	Gm37803	2564
2565	Gm37041	chr3	147428889	147433289	lncRNA	ENSMUSG00000102569	+	Gm37041	2565
2566	Gm36888	chr3	147620811	147635647	lncRNA	ENSMUSG00000103349	-	Gm36888	2566
2567	Gm43574	chr3	148130244	148141598	lncRNA	ENSMUSG00000106285	+	Gm43574	2567
2568	Gm23131	chr3	148354087	148354218	snoRNA	ENSMUSG00000077441	-	Gm23131	2568
2569	Gm43576	chr3	148454941	148455811	TEC	ENSMUSG00000105718	+	Gm43576	2569
2570	Gm43575	chr3	148653060	148653575	processed_pseudogene	ENSMUSG00000105934	+	Gm43575	2570
2571	Adgrl2	chr3	148815583	148990555	protein_coding	ENSMUSG00000028184	-	Adgrl2	2571
2572	Gm43573	chr3	148989152	149004031	lncRNA	ENSMUSG00000104786	+	Gm43573	2572
2573	Gm43572	chr3	149005496	149007443	lncRNA	ENSMUSG00000105876	+	Gm43572	2573
2574	Gm25127	chr3	149028932	149029038	snRNA	ENSMUSG00000065270	+	Gm25127	2574
2575	Gm42647	chr3	149210271	149210729	processed_pseudogene	ENSMUSG00000105357	+	Gm42647	2575
2576	Gm10287	chr3	149221687	149225745	lncRNA	ENSMUSG00000070342	-	Gm10287	2576
2577	Gm30382	chr3	149284418	149445301	lncRNA	ENSMUSG00000106515	-	Gm30382	2577
2578	Gm5149	chr3	149304829	149345840	lncRNA	ENSMUSG00000105797	+	Gm5149	2578
2579	Gm26468	chr3	149340903	149341008	snRNA	ENSMUSG00000089269	-	Gm26468	2579
2580	Gm31121	chr3	149562882	149660396	lncRNA	ENSMUSG00000104785	-	Gm31121	2580
2581	Rpsa-ps10	chr3	150072658	150073542	processed_pseudogene	ENSMUSG00000047676	-	Rpsa-ps10	2581
2582	Gm6439	chr3	150515220	150516081	processed_pseudogene	ENSMUSG00000105779	-	Gm6439	2582
2583	Gm43470	chr3	150588739	150612176	lncRNA	ENSMUSG00000105190	+	Gm43470	2583
2584	Gm43468	chr3	151071387	151074558	lncRNA	ENSMUSG00000105125	+	Gm43468	2584
2585	Gm43469	chr3	151092134	151096767	TEC	ENSMUSG00000105425	-	Gm43469	2585
2586	Gm43473	chr3	151117922	151123918	TEC	ENSMUSG00000104816	-	Gm43473	2586
2587	4930555A03Rik	chr3	151294126	151296641	lncRNA	ENSMUSG00000106157	+	4930555A03Rik	2587
2588	Gm42949	chr3	151333349	151337638	lncRNA	ENSMUSG00000105401	+	Gm42949	2588
2589	Adgrl4	chr3	151437887	151545086	protein_coding	ENSMUSG00000039167	+	Adgrl4	2589
2590	Gm24458	chr3	151608343	151608449	snRNA	ENSMUSG00000065138	+	Gm24458	2590
2591	Ifi44	chr3	151730922	151749960	protein_coding	ENSMUSG00000028037	-	Ifi44	2591
2592	Ifi44l	chr3	151758737	151762892	protein_coding	ENSMUSG00000039146	-	Ifi44l	2592
2593	Ptgfr	chr3	151796502	151837630	protein_coding	ENSMUSG00000028036	-	Ptgfr	2593
2594	Gm43618	chr3	151836505	151839955	TEC	ENSMUSG00000105403	+	Gm43618	2594
2595	Gm43617	chr3	151887303	151895101	lncRNA	ENSMUSG00000104909	+	Gm43617	2595
2596	Gm25056	chr3	151926348	151926409	snRNA	ENSMUSG00000087997	-	Gm25056	2596
2597	Gm2939	chr3	151959185	151959662	processed_pseudogene	ENSMUSG00000104770	+	Gm2939	2597
2598	Gm2860	chr3	151972802	151973508	processed_pseudogene	ENSMUSG00000104725	-	Gm2860	2598
2599	Gm43619	chr3	151988454	151992332	lncRNA	ENSMUSG00000104659	+	Gm43619	2599
2600	Gm9682	chr3	152071246	152071801	processed_pseudogene	ENSMUSG00000105035	-	Gm9682	2600
2601	Gipc2	chr3	152093533	152166230	protein_coding	ENSMUSG00000039131	-	Gipc2	2601
2602	Gm31881	chr3	152106439	152107383	lncRNA	ENSMUSG00000105698	+	Gm31881	2602
2603	Gm16198	chr3	152153447	152154116	processed_pseudogene	ENSMUSG00000084343	+	Gm16198	2603
2604	D630002J18Rik	chr3	152165374	152166488	TEC	ENSMUSG00000097293	+	D630002J18Rik	2604
2605	Dnajb4	chr3	152178511	152210302	protein_coding	ENSMUSG00000028035	-	Dnajb4	2605
2606	Fubp1	chr3	152210422	152236826	protein_coding	ENSMUSG00000028034	+	Fubp1	2606
2607	Nexn	chr3	152236982	152266350	protein_coding	ENSMUSG00000039103	-	Nexn	2607
2608	Gm43185	chr3	152250029	152252803	TEC	ENSMUSG00000104621	-	Gm43185	2608
2609	Miga1	chr3	152273849	152340407	protein_coding	ENSMUSG00000054942	-	Miga1	2609
2610	Usp33	chr3	152346478	152393617	protein_coding	ENSMUSG00000025437	+	Usp33	2610
2611	Gm42967	chr3	152380857	152383168	TEC	ENSMUSG00000104822	-	Gm42967	2611
2612	Gm43859	chr3	152383806	152385217	TEC	ENSMUSG00000105710	-	Gm43859	2612
2613	Gm43858	chr3	152386260	152388037	TEC	ENSMUSG00000104546	+	Gm43858	2613
2614	Gm43857	chr3	152391162	152394240	TEC	ENSMUSG00000104548	-	Gm43857	2614
2615	Zzz3	chr3	152395473	152462826	protein_coding	ENSMUSG00000039068	+	Zzz3	2615
2616	Ak5	chr3	152462815	152668360	protein_coding	ENSMUSG00000039058	-	Ak5	2616
2617	AI115009	chr3	152666913	152681432	lncRNA	ENSMUSG00000097745	+	AI115009	2617
2618	Pigk	chr3	152714100	152980408	protein_coding	ENSMUSG00000039047	+	Pigk	2618
2619	Rpl29-ps1	chr3	152780774	152782061	processed_pseudogene	ENSMUSG00000090095	-	Rpl29-ps1	2619
2620	St6galnac5	chr3	152817081	152982246	protein_coding	ENSMUSG00000039037	-	St6galnac5	2620
2621	Gm16232	chr3	152876051	152876217	processed_pseudogene	ENSMUSG00000090040	-	Gm16232	2621
2622	Gm16213	chr3	152920240	152921399	lncRNA	ENSMUSG00000090017	+	Gm16213	2622
2623	Gm16231	chr3	152943313	152943944	lncRNA	ENSMUSG00000090163	+	Gm16231	2623
2624	Gm42710	chr3	152965433	152966417	TEC	ENSMUSG00000105894	+	Gm42710	2624
2625	1700094M23Rik	chr3	153162728	153182815	lncRNA	ENSMUSG00000105337	-	1700094M23Rik	2625
2626	St6galnac3	chr3	153198266	153725174	protein_coding	ENSMUSG00000052544	-	St6galnac3	2626
2627	1700012D16Rik	chr3	153296504	153298649	lncRNA	ENSMUSG00000105023	-	1700012D16Rik	2627
2628	A530083M17Rik	chr3	153309370	153312745	TEC	ENSMUSG00000106024	-	A530083M17Rik	2628
2629	Gm27405	chr3	153313713	153313824	miRNA	ENSMUSG00000099114	+	Gm27405	2629
2630	1700015C17Rik	chr3	153467216	153478210	lncRNA	ENSMUSG00000104908	-	1700015C17Rik	2630
2631	4930597L12Rik	chr3	153473744	153474654	TEC	ENSMUSG00000104964	-	4930597L12Rik	2631
2632	Gm22136	chr3	153621702	153621969	misc_RNA	ENSMUSG00000089376	+	Gm22136	2632
2633	Gm22206	chr3	153708911	153709026	snoRNA	ENSMUSG00000089237	+	Gm22206	2633
2634	Gm43833	chr3	153749299	153749591	processed_pseudogene	ENSMUSG00000106011	+	Gm43833	2634
2635	Gm10042	chr3	153785053	153785134	pseudogene	ENSMUSG00000058508	+	Gm10042	2635
2636	5730460C07Rik	chr3	153789305	153792087	lncRNA	ENSMUSG00000062046	-	5730460C07Rik	2636
2637	Gm25757	chr3	153831170	153831292	snoRNA	ENSMUSG00000077174	+	Gm25757	2637
2638	Asb17os	chr3	153836902	153852424	lncRNA	ENSMUSG00000086438	-	Asb17os	2638
2639	Asb17	chr3	153844209	153855082	protein_coding	ENSMUSG00000038997	+	Asb17	2639
2640	Msh4	chr3	153857149	153906138	protein_coding	ENSMUSG00000005493	-	Msh4	2640
2641	Rabggtb	chr3	153907287	153913009	protein_coding	ENSMUSG00000038975	-	Rabggtb	2641
2642	Snord45b	chr3	153910563	153910633	snoRNA	ENSMUSG00000064731	-	Snord45b	2642
2643	Gm24494	chr3	153911610	153911690	snoRNA	ENSMUSG00000065738	-	Gm24494	2643
2644	Snord45c	chr3	153912125	153912204	snoRNA	ENSMUSG00000065463	-	Snord45c	2644
2645	Gm43400	chr3	153913095	153916858	lncRNA	ENSMUSG00000105820	+	Gm43400	2645
2646	Acadm	chr3	153922357	153944632	protein_coding	ENSMUSG00000062908	-	Acadm	2646
2647	Slc44a5	chr3	153973436	154271722	protein_coding	ENSMUSG00000028360	+	Slc44a5	2647
2648	Gm3076	chr3	154132340	154132790	processed_pseudogene	ENSMUSG00000090114	+	Gm3076	2648
2649	Gm42541	chr3	154139097	154141345	TEC	ENSMUSG00000104622	+	Gm42541	2649
2650	Gm42540	chr3	154247493	154249500	TEC	ENSMUSG00000106500	-	Gm42540	2650
2651	Lhx8	chr3	154306294	154330659	protein_coding	ENSMUSG00000096225	-	Lhx8	2651
2652	AI606473	chr3	154330821	154334254	lncRNA	ENSMUSG00000093738	+	AI606473	2652
2653	Tyw3	chr3	154576431	154597104	protein_coding	ENSMUSG00000047583	-	Tyw3	2653
2654	Cryz	chr3	154596711	154623182	protein_coding	ENSMUSG00000028199	+	Cryz	2654
2655	Gm38139	chr3	154656701	154680269	lncRNA	ENSMUSG00000103204	+	Gm38139	2655
2656	Erich3	chr3	154663859	154767790	protein_coding	ENSMUSG00000078161	+	Erich3	2656
2657	Gm20389	chr3	154708658	154711343	lncRNA	ENSMUSG00000092522	-	Gm20389	2657
2658	Tnni3k	chr3	154786291	155055407	protein_coding	ENSMUSG00000040086	-	Tnni3k	2658
2659	AC124174.1	chr3	154839607	154849554	unitary_pseudogene	ENSMUSG00000118443	+	AC124174.1	2659
2660	Gm37890	chr3	154921296	154925287	TEC	ENSMUSG00000102238	+	Gm37890	2660
2661	Fpgt	chr3	155084918	155093403	protein_coding	ENSMUSG00000053870	-	Fpgt	2661
2662	Gm26456	chr3	155092018	155092128	misc_RNA	ENSMUSG00000064765	+	Gm26456	2662
2663	Lrriq3	chr3	155093434	155194280	protein_coding	ENSMUSG00000028182	+	Lrriq3	2663
2664	Gm37482	chr3	155094865	155097655	TEC	ENSMUSG00000104122	+	Gm37482	2664
2665	Gm5285	chr3	155276058	155276723	processed_pseudogene	ENSMUSG00000103511	-	Gm5285	2665
2666	Scp2-ps1	chr3	155514441	155515311	unprocessed_pseudogene	ENSMUSG00000103295	+	Scp2-ps1	2666
2667	Gm37449	chr3	155754971	155755240	processed_pseudogene	ENSMUSG00000103981	-	Gm37449	2667
2668	Gm37324	chr3	155771325	155775828	TEC	ENSMUSG00000104329	-	Gm37324	2668
2669	Gm23038	chr3	155788365	155788468	snRNA	ENSMUSG00000065807	-	Gm23038	2669
2670	Gm37102	chr3	155903348	155904452	processed_pseudogene	ENSMUSG00000102443	+	Gm37102	2670
2671	Gm37515	chr3	155904509	155908325	processed_pseudogene	ENSMUSG00000104377	+	Gm37515	2671
2672	9330178D15Rik	chr3	155976354	156008592	lncRNA	ENSMUSG00000104553	+	9330178D15Rik	2672
2673	Gm42947	chr3	156040102	156045856	lncRNA	ENSMUSG00000104826	-	Gm42947	2673
2674	Gm6510	chr3	156060891	156062063	processed_pseudogene	ENSMUSG00000105949	+	Gm6510	2674
2675	4930570G19Rik	chr3	156546753	156561746	lncRNA	ENSMUSG00000085084	-	4930570G19Rik	2675
2676	Negr1	chr3	156561794	157316445	protein_coding	ENSMUSG00000040037	+	Negr1	2676
2677	Gm42946	chr3	156646320	156648889	TEC	ENSMUSG00000104696	+	Gm42946	2677
2678	Gm42942	chr3	156703900	156705227	TEC	ENSMUSG00000106047	+	Gm42942	2678
2679	Gm42943	chr3	156731098	156734339	TEC	ENSMUSG00000106385	+	Gm42943	2679
2680	Gm43528	chr3	156737540	156739213	TEC	ENSMUSG00000105290	+	Gm43528	2680
2681	Gm15578	chr3	156816037	156816511	unprocessed_pseudogene	ENSMUSG00000083122	+	Gm15578	2681
2682	Gm15577	chr3	156903863	156920780	lncRNA	ENSMUSG00000086708	-	Gm15577	2682
2683	Gm43527	chr3	157000417	157003594	TEC	ENSMUSG00000106018	+	Gm43527	2683
2684	Gm43526	chr3	157071744	157073308	TEC	ENSMUSG00000105803	+	Gm43526	2684
2685	4930566N20Rik	chr3	157207662	157208860	TEC	ENSMUSG00000102322	-	4930566N20Rik	2685
2686	Gm24373	chr3	157210929	157211060	snoRNA	ENSMUSG00000077581	+	Gm24373	2686
2687	Gm22458	chr3	157365998	157366104	snRNA	ENSMUSG00000064510	+	Gm22458	2687
2688	Gm23379	chr3	157398262	157398368	snRNA	ENSMUSG00000096848	-	Gm23379	2688
2689	Gm5983	chr3	157410017	157410786	processed_pseudogene	ENSMUSG00000104555	+	Gm5983	2689
2690	4930592C13Rik	chr3	157527515	157534090	lncRNA	ENSMUSG00000105834	-	4930592C13Rik	2690
2691	Zranb2	chr3	157534160	157548410	protein_coding	ENSMUSG00000028180	+	Zranb2	2691
2692	Mir186	chr3	157544279	157544349	miRNA	ENSMUSG00000065431	+	Mir186	2692
2693	Ptger3	chr3	157566892	157645888	protein_coding	ENSMUSG00000040016	+	Ptger3	2693
2694	Gm33466	chr3	157720404	157726408	lncRNA	ENSMUSG00000106632	-	Gm33466	2694
2695	Gm5550	chr3	157816720	157817795	processed_pseudogene	ENSMUSG00000106419	-	Gm5550	2695
2696	Gm6520	chr3	157888465	157888874	processed_pseudogene	ENSMUSG00000104862	-	Gm6520	2696
2697	Cth	chr3	157894248	157925077	protein_coding	ENSMUSG00000028179	-	Cth	2697
2698	Gm43314	chr3	157894961	157897191	TEC	ENSMUSG00000104528	-	Gm43314	2698
2699	1810013D15Rik	chr3	157925220	157938355	lncRNA	ENSMUSG00000028177	+	1810013D15Rik	2699
2700	Ankrd13c	chr3	157947239	158008034	protein_coding	ENSMUSG00000039988	+	Ankrd13c	2700
2701	Gm42611	chr3	157980248	157983654	TEC	ENSMUSG00000105643	+	Gm42611	2701
2702	Srsf11	chr3	158010473	158036639	protein_coding	ENSMUSG00000055436	-	Srsf11	2702
2703	Gm43362	chr3	158033940	158036409	TEC	ENSMUSG00000105201	-	Gm43362	2703
2704	Lrrc40	chr3	158036662	158068487	protein_coding	ENSMUSG00000063052	+	Lrrc40	2704
2705	B230334C09Rik	chr3	158067186	158076112	lncRNA	ENSMUSG00000104597	-	B230334C09Rik	2705
2706	Lrrc7	chr3	158082891	158562221	protein_coding	ENSMUSG00000028176	-	Lrrc7	2706
2707	Gm42968	chr3	158180236	158181607	TEC	ENSMUSG00000106043	+	Gm42968	2707
2708	Gm43485	chr3	158206869	158208578	TEC	ENSMUSG00000104647	+	Gm43485	2708
2709	Gm43486	chr3	158294414	158298752	TEC	ENSMUSG00000106448	+	Gm43486	2709
2710	Gm43487	chr3	158488991	158490021	TEC	ENSMUSG00000105683	+	Gm43487	2710
2711	Gm9423	chr3	158960446	158961442	processed_pseudogene	ENSMUSG00000097966	+	Gm9423	2711
2712	Gm20752	chr3	159076364	159308081	lncRNA	ENSMUSG00000106053	+	Gm20752	2712
2713	Gm43655	chr3	159491418	159491639	processed_pseudogene	ENSMUSG00000104864	+	Gm43655	2713
2714	Depdc1a	chr3	159495433	159529955	protein_coding	ENSMUSG00000028175	+	Depdc1a	2714
2715	Rpe65	chr3	159599175	159625321	protein_coding	ENSMUSG00000028174	+	Rpe65	2715
2716	Wls	chr3	159839672	159938664	protein_coding	ENSMUSG00000028173	+	Wls	2716
2717	Gm43307	chr3	159875846	159878216	TEC	ENSMUSG00000105990	+	Gm43307	2717
2718	Gm23941	chr3	159916255	159916361	snRNA	ENSMUSG00000075903	-	Gm23941	2718
