	gene_name	chr	start	end	type	ensembl_id	strand	gene_name2	Node_ID
0	Gm8598	chr13	3008720	3009555	processed_pseudogene	ENSMUSG00000113740	+	Gm8598	0
1	Gm49287	chr13	3082155	3082275	transcribed_unprocessed_pseudogene	ENSMUSG00000113763	+	Gm49287	1
2	Gm17177	chr13	3082188	3123373	transcribed_unprocessed_pseudogene	ENSMUSG00000091834	+	Gm17177	2
3	Gm46400	chr13	3116916	3119562	lncRNA	ENSMUSG00000113784	-	Gm46400	3
4	Gm48519	chr13	3134649	3135145	processed_pseudogene	ENSMUSG00000113560	-	Gm48519	4
5	Gm4900	chr13	3138485	3140112	processed_pseudogene	ENSMUSG00000113651	-	Gm4900	5
6	Gm48520	chr13	3141356	3141503	processed_pseudogene	ENSMUSG00000112973	-	Gm48520	6
7	Speer6-ps1	chr13	3149475	3189678	transcribed_unprocessed_pseudogene	ENSMUSG00000091304	+	Speer6-ps1	7
8	Gm40653	chr13	3273235	3282998	lncRNA	ENSMUSG00000113271	+	Gm40653	8
9	Gm9616	chr13	3298887	3299667	processed_pseudogene	ENSMUSG00000114003	+	Gm9616	9
10	Gm48530	chr13	3325296	3358455	lncRNA	ENSMUSG00000112968	-	Gm48530	10
11	Gm8616	chr13	3352952	3353988	processed_pseudogene	ENSMUSG00000113636	+	Gm8616	11
12	Gm16505	chr13	3358273	3363862	transcribed_unprocessed_pseudogene	ENSMUSG00000096107	+	Gm16505	12
13	Gm19163	chr13	3456991	3457770	processed_pseudogene	ENSMUSG00000113534	-	Gm19163	13
14	2810429I04Rik	chr13	3478230	3501393	lncRNA	ENSMUSG00000097709	+	2810429I04Rik	14
15	Gdi2	chr13	3538063	3567871	protein_coding	ENSMUSG00000021218	+	Gdi2	15
16	Gm48838	chr13	3562385	3563618	TEC	ENSMUSG00000113894	+	Gm48838	16
17	Tasor2	chr13	3566035	3611108	protein_coding	ENSMUSG00000033799	-	Tasor2	17
18	Asb13	chr13	3634032	3653822	protein_coding	ENSMUSG00000033781	+	Asb13	18
19	Gm23084	chr13	3648537	3648650	rRNA	ENSMUSG00000088475	+	Gm23084	19
20	Gm47695	chr13	3759825	3781203	lncRNA	ENSMUSG00000113759	+	Gm47695	20
21	Gm35190	chr13	3762282	3766722	lncRNA	ENSMUSG00000113259	-	Gm35190	21
22	Calml3	chr13	3802896	3804316	protein_coding	ENSMUSG00000063130	-	Calml3	22
23	Gm40655	chr13	3825519	3843909	lncRNA	ENSMUSG00000114091	+	Gm40655	23
24	Calm4	chr13	3837757	3838673	protein_coding	ENSMUSG00000033765	+	Calm4	24
25	Calm5	chr13	3854173	3854761	protein_coding	ENSMUSG00000099269	+	Calm5	25
26	Net1	chr13	3882018	3918220	protein_coding	ENSMUSG00000021215	-	Net1	26
27	Gm47813	chr13	3899209	3900248	TEC	ENSMUSG00000113128	-	Gm47813	27
28	Tubal3	chr13	3918274	3935277	protein_coding	ENSMUSG00000021216	+	Tubal3	28
29	Ucn3	chr13	3940688	3945349	protein_coding	ENSMUSG00000044988	-	Ucn3	29
30	Gm22460	chr13	3957119	3957242	miRNA	ENSMUSG00000093010	-	Gm22460	30
31	Gm47853	chr13	4023169	4025827	processed_pseudogene	ENSMUSG00000113667	+	Gm47853	31
32	Gm18857	chr13	4035245	4054757	unprocessed_pseudogene	ENSMUSG00000110055	+	Gm18857	32
33	Akr1c14	chr13	4049011	4090688	protein_coding	ENSMUSG00000033715	+	Akr1c14	33
34	Gm47904	chr13	4091286	4092636	lncRNA	ENSMUSG00000113788	+	Gm47904	34
35	Gm47905	chr13	4097498	4100831	TEC	ENSMUSG00000113517	+	Gm47905	35
36	Akr1c18	chr13	4132615	4150654	protein_coding	ENSMUSG00000021214	-	Akr1c18	36
37	Gm47925	chr13	4166503	4172845	lncRNA	ENSMUSG00000113744	+	Gm47925	37
38	Gm2123	chr13	4168145	4170980	processed_pseudogene	ENSMUSG00000112986	-	Gm2123	38
39	Akr1c13	chr13	4191150	4205596	protein_coding	ENSMUSG00000021213	+	Akr1c13	39
40	Akr1c19	chr13	4228700	4252843	protein_coding	ENSMUSG00000071551	+	Akr1c19	40
41	Marcksl1-ps4	chr13	4248735	4249025	processed_pseudogene	ENSMUSG00000086265	+	Marcksl1-ps4	41
42	Akr1c12	chr13	4268176	4279433	protein_coding	ENSMUSG00000021211	-	Akr1c12	42
43	Gm9973	chr13	4350397	4391265	transcribed_unprocessed_pseudogene	ENSMUSG00000113175	-	Gm9973	43
44	Gm47951	chr13	4368681	4372417	processed_pseudogene	ENSMUSG00000113004	+	Gm47951	44
45	Akr1c6	chr13	4434306	4457877	protein_coding	ENSMUSG00000021210	+	Akr1c6	45
46	Gm48010	chr13	4465680	4466566	lncRNA	ENSMUSG00000113214	-	Gm48010	46
47	Akr1c20	chr13	4486849	4523345	protein_coding	ENSMUSG00000054757	-	Akr1c20	47
48	Akr1c21	chr13	4574075	4586541	protein_coding	ENSMUSG00000021207	+	Akr1c21	48
49	Akr1e1	chr13	4590750	4609174	protein_coding	ENSMUSG00000045410	-	Akr1e1	49
50	Rpl29-ps2	chr13	4609334	4615025	transcribed_processed_pseudogene	ENSMUSG00000094772	+	Rpl29-ps2	50
51	Gm40658	chr13	4643907	4749064	lncRNA	ENSMUSG00000113717	+	Gm40658	51
52	Gm5444	chr13	4771651	4836485	lncRNA	ENSMUSG00000053499	+	Gm5444	52
53	Gm47450	chr13	4915714	4943052	lncRNA	ENSMUSG00000113866	-	Gm47450	53
54	Gm47451	chr13	5215791	5216178	unprocessed_pseudogene	ENSMUSG00000113668	-	Gm47451	54
55	Gm40660	chr13	5454909	5560329	lncRNA	ENSMUSG00000114098	+	Gm40660	55
56	Gm35330	chr13	5539279	5724510	lncRNA	ENSMUSG00000114053	-	Gm35330	56
57	Gm26043	chr13	5821768	5821858	miRNA	ENSMUSG00000080562	-	Gm26043	57
58	1700016G22Rik	chr13	5855508	5858092	lncRNA	ENSMUSG00000100625	-	1700016G22Rik	58
59	Klf6	chr13	5861482	5870394	protein_coding	ENSMUSG00000000078	+	Klf6	59
60	Gm47507	chr13	5887109	5928045	lncRNA	ENSMUSG00000113757	+	Gm47507	60
61	Gm46401	chr13	5915793	6014285	lncRNA	ENSMUSG00000113017	+	Gm46401	61
62	Gm26259	chr13	5997455	5997551	miRNA	ENSMUSG00000077971	-	Gm26259	62
63	Gm47514	chr13	6024533	6029004	lncRNA	ENSMUSG00000113054	-	Gm47514	63
64	Gm47548	chr13	6073113	6073782	lncRNA	ENSMUSG00000113483	-	Gm47548	64
65	Gm47549	chr13	6269108	6277026	lncRNA	ENSMUSG00000113765	+	Gm47549	65
66	Gm35615	chr13	6280378	6294714	lncRNA	ENSMUSG00000114097	-	Gm35615	66
67	Gm28465	chr13	6395716	6398740	lncRNA	ENSMUSG00000101540	+	Gm28465	67
68	2900042G08Rik	chr13	6530595	6531244	TEC	ENSMUSG00000114195	+	2900042G08Rik	68
69	Pitrm1	chr13	6548149	6580515	protein_coding	ENSMUSG00000021193	+	Pitrm1	69
70	Pfkp	chr13	6579768	6648777	protein_coding	ENSMUSG00000021196	-	Pfkp	70
71	Gm10029	chr13	6662565	6662894	processed_pseudogene	ENSMUSG00000068324	-	Gm10029	71
72	Gm48238	chr13	6673139	6673408	processed_pseudogene	ENSMUSG00000113545	+	Gm48238	72
73	2900024D18Rik	chr13	6925283	6925851	TEC	ENSMUSG00000113932	-	2900024D18Rik	73
74	Gm40662	chr13	6995654	7076316	lncRNA	ENSMUSG00000114017	-	Gm40662	74
75	Gm22689	chr13	7120394	7120503	miRNA	ENSMUSG00000076407	-	Gm22689	75
76	Gm40663	chr13	7139127	7175925	lncRNA	ENSMUSG00000113241	-	Gm40663	76
77	Gm8725	chr13	7307802	7309134	processed_pseudogene	ENSMUSG00000113112	+	Gm8725	77
78	Gm36074	chr13	7446509	7465343	lncRNA	ENSMUSG00000113225	+	Gm36074	78
79	Gm48253	chr13	7803436	7804714	TEC	ENSMUSG00000113316	-	Gm48253	79
80	Gm9742	chr13	8013696	8038218	transcribed_processed_pseudogene	ENSMUSG00000113508	-	Gm9742	80
81	Gm5191	chr13	8128133	8129368	processed_pseudogene	ENSMUSG00000113412	+	Gm5191	81
82	Gm48257	chr13	8199247	8200494	lncRNA	ENSMUSG00000114126	-	Gm48257	82
83	Adarb2	chr13	8202866	8768747	protein_coding	ENSMUSG00000052551	+	Adarb2	83
84	Gm48259	chr13	8278604	8279289	TEC	ENSMUSG00000113810	+	Gm48259	84
85	Gm48261	chr13	8282248	8286103	TEC	ENSMUSG00000113073	+	Gm48261	85
86	Gm10357	chr13	8289850	8290113	processed_pseudogene	ENSMUSG00000072421	-	Gm10357	86
87	Gm48260	chr13	8295315	8299143	processed_pseudogene	ENSMUSG00000113978	-	Gm48260	87
88	Gm48262	chr13	8553020	8557635	TEC	ENSMUSG00000113742	+	Gm48262	88
89	Gm48327	chr13	8797302	8798402	TEC	ENSMUSG00000113391	-	Gm48327	89
90	Wdr37	chr13	8802968	8871909	protein_coding	ENSMUSG00000021147	-	Wdr37	90
91	Gm48375	chr13	8833099	8834372	TEC	ENSMUSG00000114094	-	Gm48375	91
92	Gm48374	chr13	8870341	8872105	TEC	ENSMUSG00000113589	+	Gm48374	92
93	Gm48574	chr13	8884914	8885823	TEC	ENSMUSG00000113245	-	Gm48574	93
94	Idi1	chr13	8885501	8892451	protein_coding	ENSMUSG00000058258	+	Idi1	94
95	Gm22750	chr13	8921336	8921438	miRNA	ENSMUSG00000076030	-	Gm22750	95
96	Rpl10a-ps2	chr13	8940336	8940977	processed_pseudogene	ENSMUSG00000061988	-	Rpl10a-ps2	96
97	Gm9745	chr13	8941575	8948231	protein_coding	ENSMUSG00000021148	-	Gm9745	97
98	Gm25274	chr13	8945045	8945179	snoRNA	ENSMUSG00000077484	+	Gm25274	98
99	Idi2	chr13	8952863	8960945	protein_coding	ENSMUSG00000033520	+	Idi2	99
100	Gtpbp4	chr13	8966331	8996083	protein_coding	ENSMUSG00000021149	-	Gtpbp4	100
101	Gm48649	chr13	8966705	8968082	unprocessed_pseudogene	ENSMUSG00000113466	+	Gm48649	101
102	Gm48650	chr13	8993005	8993238	processed_pseudogene	ENSMUSG00000113731	+	Gm48650	102
103	Gm36264	chr13	9001432	9076451	lncRNA	ENSMUSG00000113543	-	Gm36264	103
104	Larp4b	chr13	9093881	9174451	protein_coding	ENSMUSG00000033499	+	Larp4b	104
105	Gm23553	chr13	9109305	9109599	misc_RNA	ENSMUSG00000088442	+	Gm23553	105
106	Gm28155	chr13	9140731	9140881	processed_pseudogene	ENSMUSG00000099428	-	Gm28155	106
107	Gm8784	chr13	9223537	9224971	processed_pseudogene	ENSMUSG00000113936	+	Gm8784	107
108	Gm48825	chr13	9268684	9274143	lncRNA	ENSMUSG00000113455	+	Gm48825	108
109	Gm46391	chr13	9272919	9273121	processed_pseudogene	ENSMUSG00000113755	-	Gm46391	109
110	Dip2c	chr13	9276528	9668928	protein_coding	ENSMUSG00000048264	+	Dip2c	110
111	Gm48887	chr13	9321427	9322979	TEC	ENSMUSG00000113922	+	Gm48887	111
112	Gm48890	chr13	9328630	9330247	TEC	ENSMUSG00000113984	+	Gm48890	112
113	Gm48870	chr13	9344402	9348425	TEC	ENSMUSG00000113065	+	Gm48870	113
114	Gm48869	chr13	9352028	9352689	processed_pseudogene	ENSMUSG00000113869	+	Gm48869	114
115	Gm48889	chr13	9412517	9415160	TEC	ENSMUSG00000112955	+	Gm48889	115
116	Gm48871	chr13	9445900	9448419	TEC	ENSMUSG00000112948	+	Gm48871	116
117	Gm48872	chr13	9557861	9561989	TEC	ENSMUSG00000113905	+	Gm48872	117
118	Gm23496	chr13	9623380	9623627	misc_RNA	ENSMUSG00000088366	-	Gm23496	118
119	Gm48888	chr13	9635329	9637089	TEC	ENSMUSG00000113355	-	Gm48888	119
120	Gm36423	chr13	9684226	9689544	lncRNA	ENSMUSG00000114138	+	Gm36423	120
121	Zmynd11	chr13	9684833	9765330	protein_coding	ENSMUSG00000021156	-	Zmynd11	121
122	Gm47802	chr13	9733897	9738234	lncRNA	ENSMUSG00000113885	+	Gm47802	122
123	Gm47826	chr13	9753741	9756879	TEC	ENSMUSG00000113650	-	Gm47826	123
124	Gm24187	chr13	9834469	9834525	miRNA	ENSMUSG00000088609	-	Gm24187	124
125	Chrm3	chr13	9875486	10360847	protein_coding	ENSMUSG00000046159	-	Chrm3	125
126	Gm47406	chr13	9892910	9894050	processed_pseudogene	ENSMUSG00000113146	+	Gm47406	126
127	Gm47411	chr13	10048667	10051848	TEC	ENSMUSG00000113502	-	Gm47411	127
128	Gm47405	chr13	10064758	10070866	lncRNA	ENSMUSG00000113680	-	Gm47405	128
129	9330159N22Rik	chr13	10164744	10165774	TEC	ENSMUSG00000113695	-	9330159N22Rik	129
130	Gm47404	chr13	10175784	10180807	lncRNA	ENSMUSG00000113261	-	Gm47404	130
131	Gm26861	chr13	10357595	10797502	lncRNA	ENSMUSG00000097009	+	Gm26861	131
132	Gm47407	chr13	10517687	10538811	lncRNA	ENSMUSG00000113758	+	Gm47407	132
133	Gm36525	chr13	10539738	10557707	lncRNA	ENSMUSG00000113243	-	Gm36525	133
134	Gm47408	chr13	10700161	10830778	lncRNA	ENSMUSG00000114134	+	Gm47408	134
135	Gm47486	chr13	10974423	10979945	lncRNA	ENSMUSG00000113673	+	Gm47486	135
136	Gm25496	chr13	11426779	11426898	snoRNA	ENSMUSG00000077618	-	Gm25496	136
137	Zp4-ps	chr13	11522052	11528852	transcribed_unprocessed_pseudogene	ENSMUSG00000113593	+	Zp4-ps	137
138	Ryr2	chr13	11553102	12106945	protein_coding	ENSMUSG00000021313	-	Ryr2	138
139	Gm47494	chr13	11818248	11821734	TEC	ENSMUSG00000113269	-	Gm47494	139
140	Gm26956	chr13	11939558	11940543	processed_pseudogene	ENSMUSG00000098110	+	Gm26956	140
141	Gm47493	chr13	12047342	12052055	TEC	ENSMUSG00000112947	-	Gm47493	141
142	Gm16419	chr13	12171526	12172150	processed_pseudogene	ENSMUSG00000113848	-	Gm16419	142
143	Gm47322	chr13	12177458	12179281	TEC	ENSMUSG00000113789	-	Gm47322	143
144	Mtr	chr13	12182712	12258113	protein_coding	ENSMUSG00000021311	-	Mtr	144
145	Gm47021	chr13	12259793	12260270	processed_pseudogene	ENSMUSG00000113036	-	Gm47021	145
146	Actn2	chr13	12269426	12340760	protein_coding	ENSMUSG00000052374	-	Actn2	146
147	Gm5445	chr13	12378158	12378637	processed_pseudogene	ENSMUSG00000094185	+	Gm5445	147
148	Heatr1	chr13	12395027	12440289	protein_coding	ENSMUSG00000050244	+	Heatr1	148
149	Gm5928	chr13	12425140	12425605	processed_pseudogene	ENSMUSG00000113931	-	Gm5928	149
150	Lgals8	chr13	12439415	12464944	protein_coding	ENSMUSG00000057554	-	Lgals8	150
151	Edaradd	chr13	12472632	12520438	protein_coding	ENSMUSG00000095105	-	Edaradd	151
152	Gm30239	chr13	12540143	12562716	lncRNA	ENSMUSG00000114115	+	Gm30239	152
153	Ero1lb	chr13	12565874	12611396	protein_coding	ENSMUSG00000057069	+	Ero1lb	153
154	Gm25483	chr13	12589565	12589791	snoRNA	ENSMUSG00000065158	+	Gm25483	154
155	Gpr137b-ps	chr13	12615057	12650388	transcribed_unprocessed_pseudogene	ENSMUSG00000097715	-	Gpr137b-ps	155
156	Gm48440	chr13	12675601	12675957	processed_pseudogene	ENSMUSG00000113021	-	Gm48440	156
157	Gm48445	chr13	12679747	12679939	processed_pseudogene	ENSMUSG00000113308	-	Gm48445	157
158	Gm48456	chr13	12682289	12683041	processed_pseudogene	ENSMUSG00000113148	+	Gm48456	158
159	Gm48458	chr13	12683610	12684013	processed_pseudogene	ENSMUSG00000113914	-	Gm48458	159
160	Gm2399	chr13	12702362	12702586	unprocessed_pseudogene	ENSMUSG00000078141	+	Gm2399	160
161	Gm7042	chr13	12734379	12734762	processed_pseudogene	ENSMUSG00000113448	+	Gm7042	161
162	Prl2c3	chr13	12790816	12800079	protein_coding	ENSMUSG00000056457	-	Prl2c3	162
163	Gm18262	chr13	12864124	12866069	processed_pseudogene	ENSMUSG00000113053	+	Gm18262	163
164	Gm2544	chr13	12866723	12873784	unprocessed_pseudogene	ENSMUSG00000113117	-	Gm2544	164
165	Gm18878	chr13	12879755	12881197	processed_pseudogene	ENSMUSG00000113353	-	Gm18878	165
166	Gm48527	chr13	12917710	12917965	processed_pseudogene	ENSMUSG00000113256	-	Gm48527	166
167	Prl2c2	chr13	12996125	13005383	protein_coding	ENSMUSG00000079092	-	Prl2c2	167
168	Gm48544	chr13	13034858	13038936	lncRNA	ENSMUSG00000113049	+	Gm48544	168
169	Gm18263	chr13	13076118	13078045	processed_pseudogene	ENSMUSG00000113150	+	Gm18263	169
170	Gm32300	chr13	13078702	13081311	unprocessed_pseudogene	ENSMUSG00000113567	-	Gm32300	170
171	Gm18879	chr13	13103874	13105410	processed_pseudogene	ENSMUSG00000113624	+	Gm18879	171
172	Gm9628	chr13	13113355	13118597	unprocessed_pseudogene	ENSMUSG00000113319	+	Gm9628	172
173	Gm18259	chr13	13119254	13121263	processed_pseudogene	ENSMUSG00000113675	-	Gm18259	173
174	Gm10811	chr13	13168730	13171177	TEC	ENSMUSG00000113908	-	Gm10811	174
175	Prl2c5	chr13	13182715	13191923	protein_coding	ENSMUSG00000055360	+	Prl2c5	175
176	Gm18880	chr13	13197379	13198919	processed_pseudogene	ENSMUSG00000113221	+	Gm18880	176
177	Gm48588	chr13	13204876	13207550	unprocessed_pseudogene	ENSMUSG00000113371	+	Gm48588	177
178	Gm2423	chr13	13232161	13232893	processed_pseudogene	ENSMUSG00000061724	-	Gm2423	178
179	Gm5374	chr13	13275135	13276085	transcribed_processed_pseudogene	ENSMUSG00000114152	+	Gm5374	179
180	Gm48590	chr13	13283832	13284247	processed_pseudogene	ENSMUSG00000112938	+	Gm48590	180
181	Gm7040	chr13	13320941	13323370	unprocessed_pseudogene	ENSMUSG00000113027	-	Gm7040	181
182	Gm18562	chr13	13323364	13350427	unprocessed_pseudogene	ENSMUSG00000110123	+	Gm18562	182
183	Gm25804	chr13	13329484	13329671	snoRNA	ENSMUSG00000084734	+	Gm25804	183
184	Gpr137b	chr13	13357620	13394014	protein_coding	ENSMUSG00000021306	-	Gpr137b	184
185	Gm23081	chr13	13402836	13403132	misc_RNA	ENSMUSG00000088470	+	Gm23081	185
186	Gm48661	chr13	13412440	13412794	processed_pseudogene	ENSMUSG00000113445	-	Gm48661	186
187	Gm48672	chr13	13417147	13418200	processed_pseudogene	ENSMUSG00000113444	+	Gm48672	187
188	Gm7426	chr13	13418766	13419169	processed_pseudogene	ENSMUSG00000094865	-	Gm7426	188
189	Nid1	chr13	13437551	13512269	protein_coding	ENSMUSG00000005397	+	Nid1	189
190	Gm48682	chr13	13474343	13482405	lncRNA	ENSMUSG00000113380	-	Gm48682	190
191	Gm48783	chr13	13514738	13515817	TEC	ENSMUSG00000114068	+	Gm48783	191
192	Lyst	chr13	13590397	13778803	protein_coding	ENSMUSG00000019726	+	Lyst	192
193	Gng4	chr13	13784059	13827896	protein_coding	ENSMUSG00000021303	+	Gng4	193
194	Gm25271	chr13	13789344	13789633	misc_RNA	ENSMUSG00000087898	+	Gm25271	194
195	Gm7441	chr13	13842242	13844250	processed_pseudogene	ENSMUSG00000113493	+	Gm7441	195
196	Gm47882	chr13	13862534	13893979	lncRNA	ENSMUSG00000113811	+	Gm47882	196
197	Gm7446	chr13	13890760	13891999	processed_pseudogene	ENSMUSG00000113258	-	Gm7446	197
198	Gm7046	chr13	13895807	13910408	processed_pseudogene	ENSMUSG00000114087	-	Gm7046	198
199	Gm47884	chr13	13953219	13954338	lncRNA	ENSMUSG00000113310	+	Gm47884	199
200	B3galnt2	chr13	13954469	13999103	protein_coding	ENSMUSG00000039242	+	B3galnt2	200
201	Gm18856	chr13	13964487	13971337	transcribed_processed_pseudogene	ENSMUSG00000096192	-	Gm18856	201
202	Tbce	chr13	13997949	14039638	protein_coding	ENSMUSG00000039233	-	Tbce	202
203	Gm48017	chr13	14041392	14041599	processed_pseudogene	ENSMUSG00000113819	+	Gm48017	203
204	Ggps1	chr13	14050659	14063488	protein_coding	ENSMUSG00000021302	-	Ggps1	204
205	Arid4b	chr13	14063232	14199603	protein_coding	ENSMUSG00000039219	+	Arid4b	205
206	Gm26129	chr13	14087439	14087545	snRNA	ENSMUSG00000064653	+	Gm26129	206
207	n-R5s52	chr13	14118743	14118855	rRNA	ENSMUSG00000077802	-	n-R5s52	207
208	Gm48027	chr13	14171053	14174488	lncRNA	ENSMUSG00000113775	+	Gm48027	208
209	Gm2492	chr13	14220545	14221938	processed_pseudogene	ENSMUSG00000113563	-	Gm2492	209
210	Hecw1	chr13	14226438	14523228	protein_coding	ENSMUSG00000021301	-	Hecw1	210
211	Gm47011	chr13	14377987	14379573	TEC	ENSMUSG00000113981	-	Gm47011	211
212	Gm30893	chr13	14521486	14525016	lncRNA	ENSMUSG00000113654	+	Gm30893	212
213	Gm48096	chr13	14559118	14559309	processed_pseudogene	ENSMUSG00000113345	+	Gm48096	213
214	Gm32526	chr13	14594607	14595587	processed_pseudogene	ENSMUSG00000113627	+	Gm32526	214
215	Mrpl32	chr13	14608184	14613165	protein_coding	ENSMUSG00000015672	-	Mrpl32	215
216	Psma2	chr13	14613240	14674236	protein_coding	ENSMUSG00000015671	+	Psma2	216
217	Gm25444	chr13	14628619	14628731	snRNA	ENSMUSG00000089624	-	Gm25444	217
218	AW209491	chr13	14630154	14639096	protein_coding	ENSMUSG00000039182	+	AW209491	218
219	Gm19189	chr13	14862000	14864136	processed_pseudogene	ENSMUSG00000113686	+	Gm19189	219
220	Gm48329	chr13	14943144	14944695	processed_pseudogene	ENSMUSG00000114176	+	Gm48329	220
221	Gm48338	chr13	15118386	15118631	processed_pseudogene	ENSMUSG00000113240	-	Gm48338	221
222	Gm9512	chr13	15118632	15119128	processed_pseudogene	ENSMUSG00000113389	+	Gm9512	222
223	Gm20043	chr13	15375624	15413100	lncRNA	ENSMUSG00000113410	+	Gm20043	223
224	Gm6556	chr13	15440302	15463736	lncRNA	ENSMUSG00000097806	-	Gm6556	224
225	Gm26645	chr13	15459980	15461295	lncRNA	ENSMUSG00000097684	-	Gm26645	225
226	Gli3	chr13	15463235	15730026	protein_coding	ENSMUSG00000021318	+	Gli3	226
227	Gm48343	chr13	15649935	15650145	processed_pseudogene	ENSMUSG00000113191	+	Gm48343	227
228	Gm48408	chr13	15768990	15770120	TEC	ENSMUSG00000113309	-	Gm48408	228
229	4933412O06Rik	chr13	15781664	15802630	lncRNA	ENSMUSG00000113960	-	4933412O06Rik	229
230	A530046M15Rik	chr13	15807243	15827537	lncRNA	ENSMUSG00000113338	+	A530046M15Rik	230
231	B230303A05Rik	chr13	15813548	16023423	transcribed_processed_pseudogene	ENSMUSG00000113701	-	B230303A05Rik	231
232	A530058O07Rik	chr13	15817316	15820679	TEC	ENSMUSG00000113290	+	A530058O07Rik	232
233	Gm31450	chr13	15931682	15934681	lncRNA	ENSMUSG00000114057	+	Gm31450	233
234	Gm48928	chr13	15969864	15970410	processed_pseudogene	ENSMUSG00000113080	-	Gm48928	234
235	Inhba	chr13	16011851	16031621	protein_coding	ENSMUSG00000041324	+	Inhba	235
236	Gm48444	chr13	16025382	16032275	lncRNA	ENSMUSG00000113224	-	Gm48444	236
237	Gm22628	chr13	16041046	16041152	snRNA	ENSMUSG00000095584	-	Gm22628	237
238	Gm6562	chr13	16045641	16046104	processed_pseudogene	ENSMUSG00000113715	+	Gm6562	238
239	Gm48491	chr13	16273191	16277838	lncRNA	ENSMUSG00000113038	-	Gm48491	239
240	Gm48492	chr13	16368944	16373180	lncRNA	ENSMUSG00000113322	-	Gm48492	240
241	Gm48493	chr13	16385919	16389759	processed_pseudogene	ENSMUSG00000113924	-	Gm48493	241
242	Gm48496	chr13	16431525	16431780	processed_pseudogene	ENSMUSG00000112969	-	Gm48496	242
243	Gm48497	chr13	16533539	16533821	processed_pseudogene	ENSMUSG00000113972	-	Gm48497	243
244	Gm7537	chr13	16638077	16639490	processed_pseudogene	ENSMUSG00000113862	-	Gm7537	244
245	Sugct	chr13	16857472	17695553	protein_coding	ENSMUSG00000055137	-	Sugct	245
246	Gm26098	chr13	16859185	16859472	misc_RNA	ENSMUSG00000087872	-	Gm26098	246
247	Gm48503	chr13	16937609	16947045	lncRNA	ENSMUSG00000113851	+	Gm48503	247
248	Gm27043	chr13	17050921	17051878	processed_pseudogene	ENSMUSG00000098218	+	Gm27043	248
249	Gm25020	chr13	17206021	17206127	snRNA	ENSMUSG00000094754	+	Gm25020	249
250	Gm48502	chr13	17258771	17261641	TEC	ENSMUSG00000113024	+	Gm48502	250
251	Gm17890	chr13	17337599	17338355	processed_pseudogene	ENSMUSG00000113219	+	Gm17890	251
252	Gm48501	chr13	17360294	17364134	processed_pseudogene	ENSMUSG00000113889	+	Gm48501	252
253	Gm24873	chr13	17440790	17440896	snRNA	ENSMUSG00000094665	+	Gm24873	253
254	Mplkip	chr13	17695192	17699748	protein_coding	ENSMUSG00000012429	+	Mplkip	254
255	Gm48621	chr13	17708603	17709864	TEC	ENSMUSG00000113045	-	Gm48621	255
256	Cdk13	chr13	17710315	17805097	protein_coding	ENSMUSG00000041297	-	Cdk13	256
257	8430406P12Rik	chr13	17735985	17737054	TEC	ENSMUSG00000113432	-	8430406P12Rik	257
258	Mir466i	chr13	17747473	17747593	miRNA	ENSMUSG00000080574	+	Mir466i	258
259	Gm48624	chr13	17754516	17757325	TEC	ENSMUSG00000113140	-	Gm48624	259
260	Gm24018	chr13	17809591	17809697	snRNA	ENSMUSG00000095025	-	Gm24018	260
261	Gm18859	chr13	17820946	17821770	processed_pseudogene	ENSMUSG00000081285	+	Gm18859	261
262	Rala	chr13	17880571	17944239	protein_coding	ENSMUSG00000008859	-	Rala	262
263	Gm18362	chr13	17894855	17895383	processed_pseudogene	ENSMUSG00000114177	+	Gm18362	263
264	Gm48754	chr13	17932386	17938434	lncRNA	ENSMUSG00000113100	+	Gm48754	264
265	Gm32699	chr13	17944291	17946278	TEC	ENSMUSG00000113528	+	Gm32699	265
266	Gm5628	chr13	17949908	17950956	processed_pseudogene	ENSMUSG00000113750	+	Gm5628	266
267	A930027P06Rik	chr13	17951938	17954912	TEC	ENSMUSG00000113688	+	A930027P06Rik	267
268	Gm48776	chr13	17960852	17961416	transcribed_processed_pseudogene	ENSMUSG00000114077	-	Gm48776	268
269	Gm48778	chr13	17961150	17992533	lncRNA	ENSMUSG00000113030	-	Gm48778	269
270	Yae1d1	chr13	17981330	17993349	protein_coding	ENSMUSG00000075054	-	Yae1d1	270
271	Gm48799	chr13	18002310	18008344	lncRNA	ENSMUSG00000113847	-	Gm48799	271
272	Vdac3-ps1	chr13	18030741	18031593	unprocessed_pseudogene	ENSMUSG00000075053	-	Vdac3-ps1	272
273	Gm6575	chr13	18038561	18039257	processed_pseudogene	ENSMUSG00000113496	+	Gm6575	273
274	4930448F12Rik	chr13	18084947	18100202	lncRNA	ENSMUSG00000113470	-	4930448F12Rik	274
275	Gm48800	chr13	18094472	18095954	processed_pseudogene	ENSMUSG00000113893	-	Gm48800	275
276	Pou6f2	chr13	18121098	18397686	protein_coding	ENSMUSG00000009734	-	Pou6f2	276
277	Gm48829	chr13	18640257	18645349	lncRNA	ENSMUSG00000114118	-	Gm48829	277
278	Vps41	chr13	18717286	18866811	protein_coding	ENSMUSG00000041236	+	Vps41	278
279	Amph	chr13	18948205	19150921	protein_coding	ENSMUSG00000021314	+	Amph	279
280	Gm47658	chr13	18971702	18974997	lncRNA	ENSMUSG00000113576	-	Gm47658	280
281	Gm47659	chr13	18973460	18974141	processed_pseudogene	ENSMUSG00000113993	+	Gm47659	281
282	Gm18065	chr13	18983930	18984455	processed_pseudogene	ENSMUSG00000113028	+	Gm18065	282
283	Gm47661	chr13	19029940	19057896	lncRNA	ENSMUSG00000114080	-	Gm47661	283
284	Gm47660	chr13	19071197	19071575	processed_pseudogene	ENSMUSG00000113378	-	Gm47660	284
285	Gm31887	chr13	19162036	19193558	lncRNA	ENSMUSG00000105715	-	Gm31887	285
286	Tcrg-V7	chr13	19178024	19178492	TR_V_gene	ENSMUSG00000076744	+	Tcrg-V7	286
287	Tcrg-V4	chr13	19184974	19185506	TR_V_gene	ENSMUSG00000076745	+	Tcrg-V4	287
288	Tcrg-V6	chr13	19190356	19190929	TR_V_gene	ENSMUSG00000076746	+	Tcrg-V6	288
289	Tcrg-V5	chr13	19192278	19192725	TR_V_gene	ENSMUSG00000076747	+	Tcrg-V5	289
290	Trgj1	chr13	19210343	19210402	TR_J_gene	ENSMUSG00000104962	+	Trgj1	290
291	Tcrg-C1	chr13	19214103	19217024	TR_C_gene	ENSMUSG00000076749	+	Tcrg-C1	291
292	Tcrg-V3	chr13	19242845	19243301	TR_V_gene	ENSMUSG00000076750	+	Tcrg-V3	292
293	Trgj3	chr13	19257117	19257176	TR_J_gene	ENSMUSG00000104630	+	Trgj3	293
294	Tcrg-C3	chr13	19260884	19263528	TR_C_gene	ENSMUSG00000091682	+	Tcrg-C3	294
295	Tcrg-C2	chr13	19304649	19307551	TR_C_gene	ENSMUSG00000076752	-	Tcrg-C2	295
296	Trgv2	chr13	19336573	19337167	TR_V_gene	ENSMUSG00000076754	-	Trgv2	296
297	Tcrg-V1	chr13	19339989	19340454	TR_V_gene	ENSMUSG00000076755	+	Tcrg-V1	297
298	Tcrg-C4	chr13	19344558	19352756	TR_C_gene	ENSMUSG00000076757	+	Tcrg-C4	298
299	Stard3nl	chr13	19357676	19395795	protein_coding	ENSMUSG00000003062	-	Stard3nl	299
300	Gm42683	chr13	19393126	19395453	TEC	ENSMUSG00000105848	-	Gm42683	300
301	Gm18131	chr13	19412800	19413248	processed_pseudogene	ENSMUSG00000104959	+	Gm18131	301
302	9330199G10Rik	chr13	19462847	19504367	lncRNA	ENSMUSG00000114189	-	9330199G10Rik	302
303	Gm18363	chr13	19525987	19526716	processed_pseudogene	ENSMUSG00000113251	+	Gm18363	303
304	Epdr1	chr13	19591706	19619927	protein_coding	ENSMUSG00000002808	-	Epdr1	304
305	Sfrp4	chr13	19623104	19632994	protein_coding	ENSMUSG00000021319	+	Sfrp4	305
306	Nme8	chr13	19645078	19697794	protein_coding	ENSMUSG00000041138	-	Nme8	306
307	Gm47606	chr13	19672382	19673934	TEC	ENSMUSG00000114009	-	Gm47606	307
308	Gpr141b	chr13	19727426	19732951	protein_coding	ENSMUSG00000047462	-	Gpr141b	308
309	Gpr141	chr13	19749682	19824257	protein_coding	ENSMUSG00000053101	-	Gpr141	309
310	Gm19154	chr13	19820739	19821678	processed_pseudogene	ENSMUSG00000113542	+	Gm19154	310
311	Gm5446	chr13	19995021	19995804	processed_pseudogene	ENSMUSG00000050243	-	Gm5446	311
312	Elmo1	chr13	20090596	20608353	protein_coding	ENSMUSG00000041112	+	Elmo1	312
313	Gm47665	chr13	20271905	20274039	TEC	ENSMUSG00000113649	+	Gm47665	313
314	Gm32036	chr13	20445286	20473490	lncRNA	ENSMUSG00000113313	-	Gm32036	314
315	Gm47664	chr13	20499888	20501227	lncRNA	ENSMUSG00000113183	+	Gm47664	315
316	Gm47657	chr13	20504795	20506598	TEC	ENSMUSG00000113557	+	Gm47657	316
317	Gm47721	chr13	20645757	20647164	processed_pseudogene	ENSMUSG00000113130	+	Gm47721	317
318	Gm7611	chr13	20704383	20705382	processed_pseudogene	ENSMUSG00000097951	-	Gm7611	318
319	Gm7614	chr13	20748498	20748825	processed_pseudogene	ENSMUSG00000113168	+	Gm7614	319
320	Aoah	chr13	20794113	21036617	protein_coding	ENSMUSG00000021322	+	Aoah	320
321	Gm47727	chr13	20827836	20828316	processed_pseudogene	ENSMUSG00000114070	+	Gm47727	321
322	Olfr1370	chr13	21069334	21074947	protein_coding	ENSMUSG00000042869	-	Olfr1370	322
323	Olfr1369-ps1	chr13	21111483	21119095	protein_coding	ENSMUSG00000060404	+	Olfr1369-ps1	323
324	Olfr263	chr13	21129639	21136296	protein_coding	ENSMUSG00000071522	+	Olfr263	324
325	Olfr1368	chr13	21141882	21145867	protein_coding	ENSMUSG00000045474	-	Olfr1368	325
326	Gm47806	chr13	21177187	21187556	lncRNA	ENSMUSG00000113104	-	Gm47806	326
327	Trim27	chr13	21179445	21194724	protein_coding	ENSMUSG00000021326	+	Trim27	327
328	Gpx5	chr13	21286429	21292731	protein_coding	ENSMUSG00000004344	-	Gpx5	328
329	Gm11270	chr13	21296248	21296718	processed_pseudogene	ENSMUSG00000084414	-	Gm11270	329
330	Gpx6	chr13	21312125	21319624	protein_coding	ENSMUSG00000004341	+	Gpx6	330
331	Olfr1367	chr13	21346910	21347964	protein_coding	ENSMUSG00000045508	+	Olfr1367	331
332	Zscan12	chr13	21362820	21372289	protein_coding	ENSMUSG00000036721	+	Zscan12	332
333	Gm11271	chr13	21380691	21381130	processed_pseudogene	ENSMUSG00000081191	-	Gm11271	333
334	Zkscan3	chr13	21387003	21402755	protein_coding	ENSMUSG00000021327	-	Zkscan3	334
335	Mir6942	chr13	21396578	21396638	miRNA	ENSMUSG00000098790	-	Mir6942	335
336	BX001068.1	chr13	21412051	21417906	unitary_pseudogene	ENSMUSG00000118467	+	BX001068.1	336
337	Pgbd1	chr13	21421275	21441058	protein_coding	ENSMUSG00000055313	-	Pgbd1	337
338	4930470G03Rik	chr13	21440471	21445934	lncRNA	ENSMUSG00000085788	+	4930470G03Rik	338
339	Zscan26	chr13	21442180	21453730	protein_coding	ENSMUSG00000022228	-	Zscan26	339
340	Mir1896	chr13	21445160	21445240	miRNA	ENSMUSG00000084590	+	Mir1896	340
341	Nkapl	chr13	21467047	21468509	protein_coding	ENSMUSG00000059395	-	Nkapl	341
342	Gm40828	chr13	21477615	21485049	lncRNA	ENSMUSG00000114702	-	Gm40828	342
343	Zkscan4	chr13	21478907	21485507	protein_coding	ENSMUSG00000054931	+	Zkscan4	343
344	Gm23779	chr13	21486338	21486401	snRNA	ENSMUSG00000088563	-	Gm23779	344
345	AK157302	chr13	21495223	21497146	protein_coding	ENSMUSG00000078139	+	AK157302	345
346	Gm11273	chr13	21501029	21501418	protein_coding	ENSMUSG00000079941	-	Gm11273	346
347	Zfp389	chr13	21504313	21506533	transcribed_processed_pseudogene	ENSMUSG00000082396	-	Zfp389	347
348	Zkscan8	chr13	21513222	21531120	protein_coding	ENSMUSG00000063894	-	Zkscan8	348
349	Olfr1366	chr13	21535113	21542808	protein_coding	ENSMUSG00000048996	-	Olfr1366	349
350	Olfr1535	chr13	21553894	21559893	protein_coding	ENSMUSG00000054890	-	Olfr1535	350
351	Olfr1364	chr13	21571813	21581759	protein_coding	ENSMUSG00000046016	-	Olfr1364	351
352	Olfr1362	chr13	21610978	21614022	protein_coding	ENSMUSG00000051258	-	Olfr1362	352
353	Olfr11	chr13	21636623	21642518	protein_coding	ENSMUSG00000036658	-	Olfr11	353
354	Olfr1361	chr13	21656880	21663386	protein_coding	ENSMUSG00000049737	-	Olfr1361	354
355	Olfr1360	chr13	21673431	21677405	protein_coding	ENSMUSG00000108534	-	Olfr1360	355
356	Olfr1359	chr13	21698111	21706833	protein_coding	ENSMUSG00000108674	+	Olfr1359	356
357	Hist1h2bl	chr13	21715763	21716143	protein_coding	ENSMUSG00000094338	-	Hist1h2bl	357
358	Hist1h2ai	chr13	21716422	21716814	protein_coding	ENSMUSG00000071516	+	Hist1h2ai	358
359	Gm44367	chr13	21716667	21716804	miRNA	ENSMUSG00000105014	-	Gm44367	359
360	Hist1h3h	chr13	21717659	21718069	protein_coding	ENSMUSG00000101355	+	Hist1h3h	360
361	Gm44357	chr13	21721433	21721574	miRNA	ENSMUSG00000105238	+	Gm44357	361
362	Hist1h2aj	chr13	21721457	21721808	unprocessed_pseudogene	ENSMUSG00000080076	-	Hist1h2aj	362
363	Hist1h2bm	chr13	21722044	21722567	protein_coding	ENSMUSG00000114279	+	Hist1h2bm	363
364	Hist1h4j	chr13	21735064	21735837	protein_coding	ENSMUSG00000067455	+	Hist1h4j	364
365	Hist1h4k	chr13	21750194	21750505	protein_coding	ENSMUSG00000064288	-	Hist1h4k	365
366	Hist1h2ak	chr13	21753435	21753827	protein_coding	ENSMUSG00000063021	-	Hist1h2ak	366
367	Gm44454	chr13	21753445	21753582	miRNA	ENSMUSG00000105580	+	Gm44454	367
368	Hist1h2bn	chr13	21754123	21754503	protein_coding	ENSMUSG00000095217	+	Hist1h2bn	368
369	Gm11274	chr13	21769125	21770476	lncRNA	ENSMUSG00000085331	+	Gm11274	369
370	Hist1h1b	chr13	21779883	21780625	protein_coding	ENSMUSG00000058773	-	Hist1h1b	370
371	Hist1h3i	chr13	21782960	21783370	protein_coding	ENSMUSG00000101972	-	Hist1h3i	371
372	Hist1h2an	chr13	21786826	21787218	protein_coding	ENSMUSG00000069309	-	Hist1h2an	372
373	Gm44346	chr13	21786875	21787015	miRNA	ENSMUSG00000106281	+	Gm44346	373
374	Hist1h2bp	chr13	21787461	21789213	protein_coding	ENSMUSG00000069308	+	Hist1h2bp	374
375	Hist1h2bq	chr13	21806612	21810197	protein_coding	ENSMUSG00000069307	-	Hist1h2bq	375
376	Hist1h4m	chr13	21811746	21812147	protein_coding	ENSMUSG00000069306	+	Hist1h4m	376
377	Hist1h4n	chr13	21831767	21832196	protein_coding	ENSMUSG00000069305	-	Hist1h4n	377
378	Hist1h2ap	chr13	21833026	21833507	protein_coding	ENSMUSG00000094777	-	Hist1h2ap	378
379	Hist1h2br	chr13	21833743	21837530	protein_coding	ENSMUSG00000069303	+	Hist1h2br	379
380	Gm11278	chr13	21875233	21876229	processed_pseudogene	ENSMUSG00000080770	-	Gm11278	380
381	Mir1983	chr13	21896918	21897049	miRNA	ENSMUSG00000088148	-	Mir1983	381
382	Gm11279	chr13	21903156	21904784	processed_pseudogene	ENSMUSG00000081576	+	Gm11279	382
383	Gm44456	chr13	21924928	21925016	miRNA	ENSMUSG00000105839	-	Gm44456	383
384	Gm11280	chr13	21940374	21945197	lncRNA	ENSMUSG00000085393	-	Gm11280	384
385	Zfp184	chr13	21945094	21960779	protein_coding	ENSMUSG00000006720	+	Zfp184	385
386	Gm11281	chr13	21953053	21953628	processed_pseudogene	ENSMUSG00000078917	-	Gm11281	386
387	Gm11282	chr13	21956708	21958123	processed_pseudogene	ENSMUSG00000081265	-	Gm11282	387
388	Pom121l2	chr13	21981194	21988734	protein_coding	ENSMUSG00000016982	+	Pom121l2	388
389	Prss16	chr13	22002173	22009742	protein_coding	ENSMUSG00000006179	-	Prss16	389
390	Gm11290	chr13	22014468	22020738	lncRNA	ENSMUSG00000085827	+	Gm11290	390
391	Gm11292	chr13	22026699	22032196	lncRNA	ENSMUSG00000043145	+	Gm11292	391
392	Hist1h2ah	chr13	22035164	22035568	protein_coding	ENSMUSG00000069302	-	Hist1h2ah	392
393	Gm44390	chr13	22035164	22035307	miRNA	ENSMUSG00000104608	+	Gm44390	393
394	Hist1h2bk	chr13	22035870	22036345	protein_coding	ENSMUSG00000062727	+	Hist1h2bk	394
395	Hist1h4i	chr13	22040636	22041362	protein_coding	ENSMUSG00000060639	-	Hist1h4i	395
396	Hist1h2ag	chr13	22042460	22042944	protein_coding	ENSMUSG00000069301	-	Hist1h2ag	396
397	Gm44486	chr13	22042545	22042682	miRNA	ENSMUSG00000105433	+	Gm44486	397
398	Hist1h2bj	chr13	22043214	22043676	protein_coding	ENSMUSG00000069300	+	Hist1h2bj	398
399	Gm48356	chr13	22049514	22051450	TEC	ENSMUSG00000114817	+	Gm48356	399
400	Vmn1r-ps92	chr13	22057346	22057862	unprocessed_pseudogene	ENSMUSG00000083873	-	Vmn1r-ps92	400
401	Vmn1r-ps93	chr13	22078253	22078684	unprocessed_pseudogene	ENSMUSG00000082869	+	Vmn1r-ps93	401
402	Gm11285	chr13	22083466	22083787	unprocessed_pseudogene	ENSMUSG00000084072	-	Gm11285	402
403	Vmn1r188	chr13	22084440	22095916	protein_coding	ENSMUSG00000069299	+	Vmn1r188	403
404	Vmn1r-ps94	chr13	22092119	22092576	transcribed_unprocessed_pseudogene	ENSMUSG00000081334	+	Vmn1r-ps94	404
405	Vmn1r189	chr13	22099762	22105824	protein_coding	ENSMUSG00000099611	-	Vmn1r189	405
406	Vmn1r-ps97	chr13	22136424	22137026	unprocessed_pseudogene	ENSMUSG00000083167	-	Vmn1r-ps97	406
407	Vmn1r190-ps	chr13	22144441	22145343	unprocessed_pseudogene	ENSMUSG00000089973	-	Vmn1r190-ps	407
408	Gm11284	chr13	22163886	22165807	processed_pseudogene	ENSMUSG00000083319	-	Gm11284	408
409	Vmn1r191	chr13	22173220	22183969	protein_coding	ENSMUSG00000095916	-	Vmn1r191	409
410	Vmn1r-ps99	chr13	22174829	22175594	transcribed_unprocessed_pseudogene	ENSMUSG00000083348	-	Vmn1r-ps99	410
411	Vmn1r192	chr13	22183997	22191141	protein_coding	ENSMUSG00000099787	-	Vmn1r192	411
412	Gm25084	chr13	22204575	22204675	miRNA	ENSMUSG00000096817	-	Gm25084	412
413	Vmn1r193	chr13	22213672	22223160	protein_coding	ENSMUSG00000046932	-	Vmn1r193	413
414	Vmn1r194	chr13	22244215	22245105	protein_coding	ENSMUSG00000069297	+	Vmn1r194	414
415	Vmn1r195	chr13	22270522	22281230	protein_coding	ENSMUSG00000069296	+	Vmn1r195	415
416	Gm11295	chr13	22282354	22283548	processed_pseudogene	ENSMUSG00000084038	+	Gm11295	416
417	Vmn1r196	chr13	22289920	22298360	protein_coding	ENSMUSG00000069295	+	Vmn1r196	417
418	Vmn1r-ps100	chr13	22298612	22299478	unprocessed_pseudogene	ENSMUSG00000082785	-	Vmn1r-ps100	418
419	Vmn1r197	chr13	22324589	22332866	protein_coding	ENSMUSG00000069294	+	Vmn1r197	419
420	Gm48489	chr13	22336315	22336503	processed_pseudogene	ENSMUSG00000114499	+	Gm48489	420
421	Vmn1r198	chr13	22350364	22360301	protein_coding	ENSMUSG00000095125	+	Vmn1r198	421
422	Vmn1r-ps101	chr13	22370561	22370825	unprocessed_pseudogene	ENSMUSG00000114666	+	Vmn1r-ps101	422
423	Vmn1r199	chr13	22379818	22388102	protein_coding	ENSMUSG00000069292	+	Vmn1r199	423
424	Vmn1r-ps102	chr13	22385649	22386534	transcribed_unprocessed_pseudogene	ENSMUSG00000081080	+	Vmn1r-ps102	424
425	Vmn1r200	chr13	22390373	22400052	protein_coding	ENSMUSG00000101073	+	Vmn1r200	425
426	Vmn1r-ps103	chr13	22441272	22442164	unprocessed_pseudogene	ENSMUSG00000084924	+	Vmn1r-ps103	426
427	Vmn1r-ps104	chr13	22449670	22450440	unprocessed_pseudogene	ENSMUSG00000081283	+	Vmn1r-ps104	427
428	Gm11298	chr13	22464296	22467857	processed_pseudogene	ENSMUSG00000083940	+	Gm11298	428
429	Vmn1r201	chr13	22471923	22478701	protein_coding	ENSMUSG00000094898	+	Vmn1r201	429
430	Vmn1r-ps106	chr13	22480631	22483043	unprocessed_pseudogene	ENSMUSG00000081717	+	Vmn1r-ps106	430
431	Vmn1r-ps107	chr13	22491605	22492185	unprocessed_pseudogene	ENSMUSG00000080697	+	Vmn1r-ps107	431
432	Vmn1r-ps108	chr13	22496034	22496398	unprocessed_pseudogene	ENSMUSG00000081495	+	Vmn1r-ps108	432
433	Vmn1r202	chr13	22497750	22505381	protein_coding	ENSMUSG00000094379	-	Vmn1r202	433
434	Vmn1r203	chr13	22518114	22531992	protein_coding	ENSMUSG00000069289	+	Vmn1r203	434
435	Gm11300	chr13	22523911	22524744	lncRNA	ENSMUSG00000087688	-	Gm11300	435
436	Vmn1r204	chr13	22553198	22558200	protein_coding	ENSMUSG00000094637	+	Vmn1r204	436
437	Vmn1r205	chr13	22591900	22593000	protein_coding	ENSMUSG00000100296	-	Vmn1r205	437
438	Vmn1r206	chr13	22617456	22624251	protein_coding	ENSMUSG00000101578	-	Vmn1r206	438
439	Vmn1r-ps109	chr13	22625758	22626482	unprocessed_pseudogene	ENSMUSG00000081914	-	Vmn1r-ps109	439
440	Vmn1r-ps110	chr13	22628071	22629164	unprocessed_pseudogene	ENSMUSG00000083413	-	Vmn1r-ps110	440
441	Gm11307	chr13	22675660	22676969	processed_pseudogene	ENSMUSG00000082178	+	Gm11307	441
442	Vmn1r-ps111	chr13	22690970	22691966	unprocessed_pseudogene	ENSMUSG00000083673	-	Vmn1r-ps111	442
443	Gm11309	chr13	22691299	22714987	lncRNA	ENSMUSG00000085221	+	Gm11309	443
444	Vmn1r207-ps	chr13	22722717	22729629	protein_coding	ENSMUSG00000084136	-	Vmn1r207-ps	444
445	Vmn1r-ps112	chr13	22733090	22733633	unprocessed_pseudogene	ENSMUSG00000082540	-	Vmn1r-ps112	445
446	Vmn1r-ps113	chr13	22736988	22738093	unprocessed_pseudogene	ENSMUSG00000081531	-	Vmn1r-ps113	446
447	Gm11313	chr13	22758927	22759358	processed_pseudogene	ENSMUSG00000080730	+	Gm11313	447
448	Vmn1r208	chr13	22771474	22777400	protein_coding	ENSMUSG00000071493	-	Vmn1r208	448
449	Gm11314	chr13	22772656	22773471	lncRNA	ENSMUSG00000087643	+	Gm11314	449
450	Vmn1r209	chr13	22800629	22809682	protein_coding	ENSMUSG00000071491	-	Vmn1r209	450
451	Vmn1r210	chr13	22825875	22831348	protein_coding	ENSMUSG00000061296	-	Vmn1r210	451
452	Vmn1r-ps114	chr13	22844994	22846033	unprocessed_pseudogene	ENSMUSG00000083297	-	Vmn1r-ps114	452
453	Vmn1r211	chr13	22847426	22857561	protein_coding	ENSMUSG00000063998	-	Vmn1r211	453
454	Gm23774	chr13	22879377	22879507	snoRNA	ENSMUSG00000089615	-	Gm23774	454
455	Vmn1r-ps117	chr13	22897719	22898738	unprocessed_pseudogene	ENSMUSG00000114527	-	Vmn1r-ps117	455
456	Vmn1r-ps123	chr13	22996264	22996500	unprocessed_pseudogene	ENSMUSG00000079064	-	Vmn1r-ps123	456
457	Vmn1r213	chr13	23007656	23014482	protein_coding	ENSMUSG00000060024	+	Vmn1r213	457
458	Vmn1r214	chr13	23030418	23037957	protein_coding	ENSMUSG00000061829	+	Vmn1r214	458
459	Gm19153	chr13	23042416	23042994	processed_pseudogene	ENSMUSG00000114394	-	Gm19153	459
460	Vmn1r-ps126	chr13	23056683	23057608	unprocessed_pseudogene	ENSMUSG00000083124	+	Vmn1r-ps126	460
461	Vmn1r215	chr13	23068025	23078006	protein_coding	ENSMUSG00000099917	+	Vmn1r215	461
462	Vmn1r216	chr13	23096976	23108732	protein_coding	ENSMUSG00000115697	+	Vmn1r216	462
463	Vmn1r-ps127	chr13	23104296	23104773	transcribed_unprocessed_pseudogene	ENSMUSG00000081912	+	Vmn1r-ps127	463
464	Vmn1r217	chr13	23105100	23118226	protein_coding	ENSMUSG00000115791	-	Vmn1r217	464
465	Vmn1r-ps128	chr13	23124596	23126240	unprocessed_pseudogene	ENSMUSG00000084315	+	Vmn1r-ps128	465
466	Vmn1r218	chr13	23133155	23146112	protein_coding	ENSMUSG00000115020	+	Vmn1r218	466
467	Vmn1r219	chr13	23159312	23168154	protein_coding	ENSMUSG00000061376	+	Vmn1r219	467
468	Vmn1r220	chr13	23178514	23187975	protein_coding	ENSMUSG00000096099	-	Vmn1r220	468
469	Vmn1r-ps131	chr13	23198348	23198597	unprocessed_pseudogene	ENSMUSG00000114699	-	Vmn1r-ps131	469
470	Vmn1r-ps132	chr13	23201161	23202052	unprocessed_pseudogene	ENSMUSG00000080794	-	Vmn1r-ps132	470
471	Vmn1r221	chr13	23214127	23222913	protein_coding	ENSMUSG00000082316	+	Vmn1r221	471
472	Vmn1r-ps133	chr13	23228423	23228752	unprocessed_pseudogene	ENSMUSG00000114811	-	Vmn1r-ps133	472
473	Vmn1r222	chr13	23230836	23235947	protein_coding	ENSMUSG00000061022	-	Vmn1r222	473
474	Vmn1r223	chr13	23247134	23253906	protein_coding	ENSMUSG00000069280	+	Vmn1r223	474
475	Gm11331	chr13	23266534	23266821	unprocessed_pseudogene	ENSMUSG00000082593	+	Gm11331	475
476	Vmn1r-ps135	chr13	23268880	23269474	unprocessed_pseudogene	ENSMUSG00000084096	+	Vmn1r-ps135	476
477	4930557F10Rik	chr13	23276204	23313400	lncRNA	ENSMUSG00000085488	-	4930557F10Rik	477
478	4933404K08Rik	chr13	23278350	23282267	lncRNA	ENSMUSG00000085122	+	4933404K08Rik	478
479	Gm11333	chr13	23298049	23298196	processed_pseudogene	ENSMUSG00000080698	+	Gm11333	479
480	4930586N03Rik	chr13	23313525	23385799	lncRNA	ENSMUSG00000087097	+	4930586N03Rik	480
481	Zfp322a	chr13	23353103	23369208	protein_coding	ENSMUSG00000046351	-	Zfp322a	481
482	Gm11334	chr13	23382505	23382660	processed_pseudogene	ENSMUSG00000083667	+	Gm11334	482
483	Abt1	chr13	23418361	23423866	protein_coding	ENSMUSG00000036376	-	Abt1	483
484	C230035I16Rik	chr13	23427975	23431022	lncRNA	ENSMUSG00000085024	-	C230035I16Rik	484
485	Gm46404	chr13	23441822	23445935	lncRNA	ENSMUSG00000113440	-	Gm46404	485
486	Btn1a1	chr13	23456992	23465901	protein_coding	ENSMUSG00000000706	-	Btn1a1	486
487	Btn2a2	chr13	23477676	23488857	protein_coding	ENSMUSG00000053216	-	Btn2a2	487
488	n-TStga1	chr13	23518142	23518250	miRNA	ENSMUSG00000104750	+	n-TStga1	488
489	Gm11335	chr13	23527011	23530943	lncRNA	ENSMUSG00000085016	-	Gm11335	489
490	Hist1h4h	chr13	23531050	23531519	protein_coding	ENSMUSG00000060981	+	Hist1h4h	490
491	Hist1h2af	chr13	23533906	23534304	protein_coding	ENSMUSG00000061991	+	Hist1h2af	491
492	Gm44297	chr13	23534114	23534254	miRNA	ENSMUSG00000105109	-	Gm44297	492
493	Hist1h3g	chr13	23535422	23535951	protein_coding	ENSMUSG00000099517	+	Hist1h3g	493
494	Hist1h2bh	chr13	23541714	23543392	protein_coding	ENSMUSG00000114456	-	Hist1h2bh	494
495	Hist1h3f	chr13	23544052	23545312	protein_coding	ENSMUSG00000100210	+	Hist1h3f	495
496	Hist1h4f	chr13	23551258	23551648	protein_coding	ENSMUSG00000069274	-	Hist1h4f	496
497	Hist1h1d	chr13	23553262	23560686	protein_coding	ENSMUSG00000052565	+	Hist1h1d	497
498	Hist1h3e	chr13	23561534	23562369	protein_coding	ENSMUSG00000069273	-	Hist1h3e	498
499	Hist1h2ae	chr13	23570517	23571220	protein_coding	ENSMUSG00000069272	-	Hist1h2ae	499
500	Gm44394	chr13	23570726	23570863	miRNA	ENSMUSG00000104771	+	Gm44394	500
501	Hist1h2bg	chr13	23571396	23572013	protein_coding	ENSMUSG00000058385	+	Hist1h2bg	501
502	Hist1h2bf	chr13	23573736	23574196	protein_coding	ENSMUSG00000069268	-	Hist1h2bf	502
503	Hist1h2ad	chr13	23574381	23574952	protein_coding	ENSMUSG00000071478	+	Hist1h2ad	503
504	Gm44359	chr13	23574716	23574853	miRNA	ENSMUSG00000105924	-	Gm44359	504
505	Hist1h3d	chr13	23575763	23577011	protein_coding	ENSMUSG00000099583	+	Hist1h3d	505
506	Hist1h4d	chr13	23581598	23582735	protein_coding	ENSMUSG00000061482	+	Hist1h4d	506
507	Hist1h2be	chr13	23583670	23621124	protein_coding	ENSMUSG00000047246	-	Hist1h2be	507
508	Hist1h1e	chr13	23620629	23622558	protein_coding	ENSMUSG00000051627	-	Hist1h1e	508
509	Gm11398	chr13	23620730	23621049	transcribed_unprocessed_pseudogene	ENSMUSG00000080741	-	Gm11398	509
510	Gm22452	chr13	23663021	23663124	snRNA	ENSMUSG00000084753	+	Gm22452	510
511	Hist1h2ac	chr13	23681467	23683948	protein_coding	ENSMUSG00000069270	-	Hist1h2ac	511
512	Gm24991	chr13	23682545	23682652	rRNA	ENSMUSG00000088030	-	Gm24991	512
513	Gm44350	chr13	23683535	23683672	miRNA	ENSMUSG00000104997	+	Gm44350	513
514	Hist1h2bc	chr13	23684199	23692908	protein_coding	ENSMUSG00000018102	+	Hist1h2bc	514
515	Hist1h1t	chr13	23695814	23696725	protein_coding	ENSMUSG00000036211	+	Hist1h1t	515
516	Hist1h4c	chr13	23697635	23698454	protein_coding	ENSMUSG00000060678	-	Hist1h4c	516
517	Hfe	chr13	23702034	23710854	protein_coding	ENSMUSG00000006611	-	Hfe	517
518	Gm11338	chr13	23728548	23730106	unprocessed_pseudogene	ENSMUSG00000083206	+	Gm11338	518
519	Hist1h1c	chr13	23738808	23740367	protein_coding	ENSMUSG00000036181	+	Hist1h1c	519
520	Hist1h3c	chr13	23744973	23745602	protein_coding	ENSMUSG00000069310	-	Hist1h3c	520
521	Gm11336	chr13	23746166	23746499	unprocessed_pseudogene	ENSMUSG00000080999	-	Gm11336	521
522	Gm44314	chr13	23746175	23746312	miRNA	ENSMUSG00000106595	+	Gm44314	522
523	Hist1h2bb	chr13	23746734	23747241	protein_coding	ENSMUSG00000075031	+	Hist1h2bb	523
524	Hist1h2ab	chr13	23751126	23751598	protein_coding	ENSMUSG00000061615	+	Hist1h2ab	524
525	Gm44484	chr13	23751378	23751515	miRNA	ENSMUSG00000106203	-	Gm44484	525
526	Hist1h3b	chr13	23752267	23752886	protein_coding	ENSMUSG00000069267	+	Hist1h3b	526
527	4930558J22Rik	chr13	23755822	23757620	lncRNA	ENSMUSG00000075029	-	4930558J22Rik	527
528	Hist1h4b	chr13	23757013	23757409	protein_coding	ENSMUSG00000069266	+	Hist1h4b	528
529	Hist1h4a	chr13	23760692	23761230	protein_coding	ENSMUSG00000060093	-	Hist1h4a	529
530	Hist1h3a	chr13	23761853	23762386	protein_coding	ENSMUSG00000069265	-	Hist1h3a	530
531	Hist1h1a	chr13	23763666	23764406	protein_coding	ENSMUSG00000049539	+	Hist1h1a	531
532	Trim38	chr13	23769913	23791528	protein_coding	ENSMUSG00000064140	+	Trim38	532
533	Gm11337	chr13	23794768	23804599	lncRNA	ENSMUSG00000087173	-	Gm11337	533
534	Slc17a2	chr13	23806993	23825180	protein_coding	ENSMUSG00000036110	+	Slc17a2	534
535	Slc17a3	chr13	23839434	23860716	protein_coding	ENSMUSG00000036083	+	Slc17a3	535
536	Slc17a1	chr13	23867750	23895730	protein_coding	ENSMUSG00000021335	+	Slc17a1	536
537	Slc17a4	chr13	23895890	23915009	protein_coding	ENSMUSG00000021336	-	Slc17a4	537
538	Snrp1c-ps2	chr13	23923800	23924164	processed_pseudogene	ENSMUSG00000082558	-	Snrp1c-ps2	538
539	Hist1h2ba	chr13	23933773	23934156	protein_coding	ENSMUSG00000050799	-	Hist1h2ba	539
540	Scgn	chr13	23953456	23991214	protein_coding	ENSMUSG00000021337	-	Scgn	540
541	Gm11339	chr13	23956809	23966175	lncRNA	ENSMUSG00000087603	+	Gm11339	541
542	Carmil1	chr13	24012344	24280795	protein_coding	ENSMUSG00000021338	-	Carmil1	542
543	Gm11343	chr13	24195897	24196495	processed_pseudogene	ENSMUSG00000081707	+	Gm11343	543
544	Gm11340	chr13	24291394	24291805	processed_pseudogene	ENSMUSG00000083409	-	Gm11340	544
545	Gm23340	chr13	24316730	24316852	snoRNA	ENSMUSG00000089580	-	Gm23340	545
546	Gm11341	chr13	24320302	24320748	processed_pseudogene	ENSMUSG00000081909	+	Gm11341	546
547	Cmah	chr13	24327404	24477377	protein_coding	ENSMUSG00000016756	+	Cmah	547
548	Gm11342	chr13	24335937	24414803	lncRNA	ENSMUSG00000084788	-	Gm11342	548
549	Gm11344	chr13	24410106	24410440	processed_pseudogene	ENSMUSG00000083165	-	Gm11344	549
550	Gm22013	chr13	24486662	24486764	snRNA	ENSMUSG00000089413	-	Gm22013	550
551	Ripor2	chr13	24501525	24733816	protein_coding	ENSMUSG00000036006	+	Ripor2	551
552	Gm11346	chr13	24596347	24604925	transcribed_processed_pseudogene	ENSMUSG00000085603	-	Gm11346	552
553	Armh2	chr13	24741232	24746592	protein_coding	ENSMUSG00000085861	+	Armh2	553
554	Gmnn	chr13	24751845	24761923	protein_coding	ENSMUSG00000006715	-	Gmnn	554
555	BC005537	chr13	24801657	24816197	protein_coding	ENSMUSG00000019132	+	BC005537	555
556	Gm22358	chr13	24811447	24811568	snoRNA	ENSMUSG00000064811	-	Gm22358	556
557	Acot13	chr13	24817948	24831540	protein_coding	ENSMUSG00000006717	-	Acot13	557
558	Tdp2	chr13	24831679	24842153	protein_coding	ENSMUSG00000035958	+	Tdp2	558
559	D130043K22Rik	chr13	24845135	24901270	protein_coding	ENSMUSG00000006711	+	D130043K22Rik	559
560	4932702P03Rik	chr13	24905593	24914272	lncRNA	ENSMUSG00000086796	+	4932702P03Rik	560
561	Aldh5a1	chr13	24907579	24937661	protein_coding	ENSMUSG00000035936	-	Aldh5a1	561
562	9330162012Rik	chr13	24937401	24941417	lncRNA	ENSMUSG00000086448	+	9330162012Rik	562
563	Gpld1	chr13	24943152	24992501	protein_coding	ENSMUSG00000021340	+	Gpld1	563
564	Mrs2	chr13	24987483	25020379	protein_coding	ENSMUSG00000021339	-	Mrs2	564
565	Gm47605	chr13	25035059	25035328	processed_pseudogene	ENSMUSG00000114228	+	Gm47605	565
566	Dcdc2a	chr13	25056004	25210706	protein_coding	ENSMUSG00000035910	+	Dcdc2a	566
567	Nrsn1	chr13	25252040	25270502	protein_coding	ENSMUSG00000048978	-	Nrsn1	567
568	F830002E08Rik	chr13	25428169	25430127	TEC	ENSMUSG00000114427	-	F830002E08Rik	568
569	Tpi-rs8	chr13	25455722	25456429	processed_pseudogene	ENSMUSG00000083919	+	Tpi-rs8	569
570	Gm11349	chr13	25582271	25583386	processed_pseudogene	ENSMUSG00000080840	-	Gm11349	570
571	Gm11350	chr13	25680274	25681143	processed_pseudogene	ENSMUSG00000082161	-	Gm11350	571
572	Gm11351	chr13	25921033	25986293	lncRNA	ENSMUSG00000086531	-	Gm11351	572
573	1700092E19Rik	chr13	26283150	26312406	lncRNA	ENSMUSG00000084811	-	1700092E19Rik	573
574	Gm47881	chr13	26358954	26360026	TEC	ENSMUSG00000114660	-	Gm47881	574
575	Gm11353	chr13	26492554	26493180	processed_pseudogene	ENSMUSG00000060198	+	Gm11353	575
576	Gm47883	chr13	26680568	26680693	processed_pseudogene	ENSMUSG00000114225	-	Gm47883	576
577	Hdgfl1	chr13	26768173	26770165	protein_coding	ENSMUSG00000045835	-	Hdgfl1	577
578	4921520N01Rik	chr13	26769393	26772727	lncRNA	ENSMUSG00000114342	+	4921520N01Rik	578
579	Gm11354	chr13	26787365	26787786	processed_pseudogene	ENSMUSG00000081653	-	Gm11354	579
580	Gm11355	chr13	26899691	26899996	processed_pseudogene	ENSMUSG00000082236	-	Gm11355	580
581	Gm47888	chr13	26968491	27058022	lncRNA	ENSMUSG00000114646	-	Gm47888	581
582	Prl	chr13	27057570	27065205	protein_coding	ENSMUSG00000021342	+	Prl	582
583	Prl3d1	chr13	27094190	27100258	protein_coding	ENSMUSG00000057170	+	Prl3d1	583
584	Prl3d2	chr13	27121698	27127555	protein_coding	ENSMUSG00000062737	+	Prl3d2	584
585	Prl3d3	chr13	27156790	27162593	protein_coding	ENSMUSG00000062201	+	Prl3d3	585
586	Prl3c1	chr13	27196659	27203749	protein_coding	ENSMUSG00000017922	+	Prl3c1	586
587	Prl3b1	chr13	27241847	27249683	protein_coding	ENSMUSG00000038891	+	Prl3b1	587
588	Prl3a1	chr13	27259436	27276667	protein_coding	ENSMUSG00000038883	+	Prl3a1	588
589	4930511O05Rik	chr13	27292616	27306032	lncRNA	ENSMUSG00000086698	+	4930511O05Rik	589
590	Prl6a1	chr13	27312627	27319252	protein_coding	ENSMUSG00000069259	+	Prl6a1	590
591	Gm11357	chr13	27314084	27315037	processed_pseudogene	ENSMUSG00000089749	+	Gm11357	591
592	Gm11358	chr13	27331428	27334404	unprocessed_pseudogene	ENSMUSG00000082306	+	Gm11358	592
593	Prl8a2	chr13	27345673	27354216	protein_coding	ENSMUSG00000018259	+	Prl8a2	593
594	Prl2b1	chr13	27383339	27390846	protein_coding	ENSMUSG00000069258	-	Prl2b1	594
595	Prl8a6	chr13	27432681	27438688	protein_coding	ENSMUSG00000021345	-	Prl8a6	595
596	Prl8a8	chr13	27506968	27513217	protein_coding	ENSMUSG00000021346	-	Prl8a8	596
597	Prl8a9	chr13	27557995	27564606	protein_coding	ENSMUSG00000006490	-	Prl8a9	597
598	Prl8a1	chr13	27573922	27582171	protein_coding	ENSMUSG00000019756	-	Prl8a1	598
599	Prl7b1	chr13	27601819	27610582	protein_coding	ENSMUSG00000021347	-	Prl7b1	599
600	Prl7a1	chr13	27633366	27642493	protein_coding	ENSMUSG00000006488	-	Prl7a1	600
601	Prl7a2	chr13	27658584	27668036	protein_coding	ENSMUSG00000046899	-	Prl7a2	601
602	Gm11359	chr13	27683199	27690868	unprocessed_pseudogene	ENSMUSG00000083946	-	Gm11359	602
603	Prl7d1	chr13	27706337	27716736	protein_coding	ENSMUSG00000021348	-	Prl7d1	603
604	Prl7c1	chr13	27773495	27780804	protein_coding	ENSMUSG00000060738	-	Prl7c1	604
605	Prl2a1	chr13	27801654	27808729	protein_coding	ENSMUSG00000022886	+	Prl2a1	605
606	Prl2c1	chr13	27849342	27857788	protein_coding	ENSMUSG00000062551	+	Prl2c1	606
607	Gm22476	chr13	27874089	27874188	snRNA	ENSMUSG00000095744	+	Gm22476	607
608	Gm34165	chr13	27929606	27930779	processed_pseudogene	ENSMUSG00000113672	+	Gm34165	608
609	Gm11360	chr13	27956153	27956414	processed_pseudogene	ENSMUSG00000113281	+	Gm11360	609
610	Gm18881	chr13	28006512	28008056	processed_pseudogene	ENSMUSG00000113916	+	Gm18881	610
611	Prl4a1	chr13	28016212	28023559	protein_coding	ENSMUSG00000005891	+	Prl4a1	611
612	Gm47019	chr13	28072061	28090874	unprocessed_pseudogene	ENSMUSG00000114182	+	Gm47019	612
613	Prl5a1	chr13	28142484	28151611	protein_coding	ENSMUSG00000017064	+	Prl5a1	613
614	Gm11361	chr13	28257528	28258134	protein_coding	ENSMUSG00000113061	+	Gm11361	614
615	Gm47172	chr13	28285569	28309898	unprocessed_pseudogene	ENSMUSG00000113418	+	Gm47172	615
616	Gm40841	chr13	28394453	28420066	lncRNA	ENSMUSG00000113216	-	Gm40841	616
617	2610307P16Rik	chr13	28460034	28885620	lncRNA	ENSMUSG00000085936	-	2610307P16Rik	617
618	Gm6081	chr13	28510744	28511232	processed_pseudogene	ENSMUSG00000086785	-	Gm6081	618
619	Mir6368	chr13	28710781	28710873	miRNA	ENSMUSG00000099158	-	Mir6368	619
620	Gm17528	chr13	28827123	28827362	pseudogene	ENSMUSG00000092093	+	Gm17528	620
621	Gm11362	chr13	28836875	28837724	processed_pseudogene	ENSMUSG00000082861	+	Gm11362	621
622	Gm34639	chr13	28889458	28898676	lncRNA	ENSMUSG00000113352	-	Gm34639	622
623	Sox4	chr13	28948919	28953713	protein_coding	ENSMUSG00000076431	-	Sox4	623
624	A330102I10Rik	chr13	29014399	29040336	lncRNA	ENSMUSG00000086363	+	A330102I10Rik	624
625	Gm11363	chr13	29130211	29130758	processed_pseudogene	ENSMUSG00000082730	-	Gm11363	625
626	Cdkal1	chr13	29191746	29855674	protein_coding	ENSMUSG00000006191	-	Cdkal1	626
627	Gm11364	chr13	29235777	29236620	lncRNA	ENSMUSG00000086423	-	Gm11364	627
628	E2f3	chr13	29906575	29986063	protein_coding	ENSMUSG00000016477	-	E2f3	628
629	Gm11365	chr13	29940283	29942261	lncRNA	ENSMUSG00000086893	+	Gm11365	629
630	Gm11368	chr13	30058677	30062971	lncRNA	ENSMUSG00000085188	+	Gm11368	630
631	Gm47259	chr13	30098493	30102042	TEC	ENSMUSG00000113366	+	Gm47259	631
632	Gm11367	chr13	30112474	30112593	processed_pseudogene	ENSMUSG00000083676	+	Gm11367	632
633	Mboat1	chr13	30136489	30246717	protein_coding	ENSMUSG00000038732	+	Mboat1	633
634	Gm23206	chr13	30148198	30148381	snRNA	ENSMUSG00000084669	-	Gm23206	634
635	Gm11366	chr13	30181716	30182144	processed_pseudogene	ENSMUSG00000082648	+	Gm11366	635
636	Agtr1a	chr13	30336441	30382867	protein_coding	ENSMUSG00000049115	+	Agtr1a	636
637	Gm48161	chr13	30370359	30377183	lncRNA	ENSMUSG00000113424	+	Gm48161	637
638	Uqcrfs1	chr13	30540308	30545362	protein_coding	ENSMUSG00000038462	-	Uqcrfs1	638
639	4930519D14Rik	chr13	30615043	30624259	lncRNA	ENSMUSG00000086263	+	4930519D14Rik	639
640	Dusp22	chr13	30659999	30711231	protein_coding	ENSMUSG00000069255	+	Dusp22	640
641	Irf4	chr13	30749226	30766976	protein_coding	ENSMUSG00000021356	+	Irf4	641
642	Gm29675	chr13	30784433	30795226	lncRNA	ENSMUSG00000113515	-	Gm29675	642
643	Exoc2	chr13	30813919	30974093	protein_coding	ENSMUSG00000021357	-	Exoc2	643
644	Hus1b	chr13	30946573	30947759	protein_coding	ENSMUSG00000076430	-	Hus1b	644
645	Gm5447	chr13	30974164	30976248	TEC	ENSMUSG00000056257	+	Gm5447	645
646	Gm11371	chr13	31009177	31010362	processed_pseudogene	ENSMUSG00000082014	+	Gm11371	646
647	Gm48662	chr13	31072730	31077845	lncRNA	ENSMUSG00000114161	-	Gm48662	647
648	Gm11372	chr13	31199086	31199655	processed_pseudogene	ENSMUSG00000084175	+	Gm11372	648
649	4930401O12Rik	chr13	31213410	31241086	lncRNA	ENSMUSG00000087460	-	4930401O12Rik	649
650	Gm11373	chr13	31325934	31330767	lncRNA	ENSMUSG00000087662	-	Gm11373	650
651	G630018N14Rik	chr13	31349901	31408922	lncRNA	ENSMUSG00000085620	-	G630018N14Rik	651
652	Gm11376	chr13	31392578	31396579	lncRNA	ENSMUSG00000087140	+	Gm11376	652
653	Foxq1	chr13	31556134	31560976	protein_coding	ENSMUSG00000038415	+	Foxq1	653
654	A530084C06Rik	chr13	31556134	31559333	protein_coding	ENSMUSG00000090863	-	A530084C06Rik	654
655	Gm11377	chr13	31564749	31573562	lncRNA	ENSMUSG00000087220	+	Gm11377	655
656	1700018A04Rik	chr13	31565492	31625792	lncRNA	ENSMUSG00000038408	-	1700018A04Rik	656
657	Gm11378	chr13	31619168	31620369	lncRNA	ENSMUSG00000087276	+	Gm11378	657
658	Foxf2	chr13	31625816	31631403	protein_coding	ENSMUSG00000038402	+	Foxf2	658
659	Gm27516	chr13	31626446	31626543	miRNA	ENSMUSG00000098266	-	Gm27516	659
660	Gm25186	chr13	31737633	31737740	snRNA	ENSMUSG00000065843	-	Gm25186	660
661	Gm11379	chr13	31797539	31800789	lncRNA	ENSMUSG00000086144	+	Gm11379	661
662	Foxc1	chr13	31806633	31812476	protein_coding	ENSMUSG00000050295	+	Foxc1	662
663	Gmds	chr13	31819579	32338740	protein_coding	ENSMUSG00000038372	-	Gmds	663
664	Gm48883	chr13	31832905	31834736	TEC	ENSMUSG00000113119	-	Gm48883	664
665	Gm11380	chr13	31884225	31885224	processed_pseudogene	ENSMUSG00000083149	+	Gm11380	665
666	Gm35732	chr13	31971086	31972329	lncRNA	ENSMUSG00000113935	+	Gm35732	666
667	Gm48885	chr13	32095279	32099175	TEC	ENSMUSG00000112944	-	Gm48885	667
668	A730091E23Rik	chr13	32338819	32342643	TEC	ENSMUSG00000113965	+	A730091E23Rik	668
669	Gm11381	chr13	32379907	32383688	lncRNA	ENSMUSG00000085770	-	Gm11381	669
670	Gm48073	chr13	32532919	32536415	lncRNA	ENSMUSG00000113449	-	Gm48073	670
671	Mylk4	chr13	32700827	32783954	protein_coding	ENSMUSG00000044951	-	Mylk4	671
672	D930007J09Rik	chr13	32800633	32803091	lncRNA	ENSMUSG00000042874	-	D930007J09Rik	672
673	Wrnip1	chr13	32802038	32822609	protein_coding	ENSMUSG00000021400	+	Wrnip1	673
674	Serpinb1a	chr13	32842092	32851185	protein_coding	ENSMUSG00000044734	-	Serpinb1a	674
675	Serpinb1-ps1	chr13	32859959	32863170	unprocessed_pseudogene	ENSMUSG00000081433	-	Serpinb1-ps1	675
676	Serpinb1c	chr13	32881434	32898211	protein_coding	ENSMUSG00000079049	-	Serpinb1c	676
677	Gm11382	chr13	32938513	32938691	unprocessed_pseudogene	ENSMUSG00000074973	-	Gm11382	677
678	Serpinb6b	chr13	32965209	32979067	protein_coding	ENSMUSG00000042842	+	Serpinb6b	678
679	Gm47662	chr13	32997062	33001750	lncRNA	ENSMUSG00000114185	+	Gm47662	679
680	Serpinb9	chr13	33003250	33017957	protein_coding	ENSMUSG00000045827	+	Serpinb9	680
681	Serpinb9b	chr13	33027416	33041884	protein_coding	ENSMUSG00000021403	+	Serpinb9b	681
682	Gm36099	chr13	33031202	33034560	lncRNA	ENSMUSG00000113726	-	Gm36099	682
683	Serpinb1b	chr13	33078575	33094380	protein_coding	ENSMUSG00000051029	+	Serpinb1b	683
684	Gm11384	chr13	33105539	33133493	unprocessed_pseudogene	ENSMUSG00000083653	-	Gm11384	684
685	Gm11383	chr13	33120516	33121322	processed_pseudogene	ENSMUSG00000082893	-	Gm11383	685
686	Serpinb9c	chr13	33149275	33159742	protein_coding	ENSMUSG00000021404	-	Serpinb9c	686
687	Serpinb9d	chr13	33192959	33203129	protein_coding	ENSMUSG00000054266	+	Serpinb9d	687
688	Gm11385	chr13	33217268	33218151	unprocessed_pseudogene	ENSMUSG00000081237	-	Gm11385	688
689	Serpinb9e	chr13	33249612	33260850	protein_coding	ENSMUSG00000062342	+	Serpinb9e	689
690	Serpinb9f	chr13	33324077	33335370	protein_coding	ENSMUSG00000038327	+	Serpinb9f	690
691	Serpinb9h	chr13	33395761	33405285	protein_coding	ENSMUSG00000071452	+	Serpinb9h	691
692	Serpinb9g	chr13	33484790	33496004	protein_coding	ENSMUSG00000057726	+	Serpinb9g	692
693	Gm11387	chr13	33508127	33526311	unprocessed_pseudogene	ENSMUSG00000081903	+	Gm11387	693
694	Gm11386	chr13	33531613	33531959	processed_pseudogene	ENSMUSG00000081288	-	Gm11386	694
695	Gm11393	chr13	33542999	33550698	unprocessed_pseudogene	ENSMUSG00000082722	+	Gm11393	695
696	Gm6093	chr13	33562486	33569317	lncRNA	ENSMUSG00000112963	-	Gm6093	696
697	Gm25043	chr13	33567794	33568005	ribozyme	ENSMUSG00000089229	+	Gm25043	697
698	Gm47916	chr13	33569021	33572086	lncRNA	ENSMUSG00000113016	+	Gm47916	698
699	Gm5194	chr13	33596035	33596776	processed_pseudogene	ENSMUSG00000113398	-	Gm5194	699
700	Gm11388	chr13	33641625	33641783	unprocessed_pseudogene	ENSMUSG00000083042	+	Gm11388	700
701	Serpinb6d	chr13	33661405	33671581	protein_coding	ENSMUSG00000047889	+	Serpinb6d	701
702	Gm11389	chr13	33686457	33689508	unprocessed_pseudogene	ENSMUSG00000082986	+	Gm11389	702
703	Gm26701	chr13	33700473	33701102	unprocessed_pseudogene	ENSMUSG00000097202	-	Gm26701	703
704	Gm11392	chr13	33718276	33722055	unprocessed_pseudogene	ENSMUSG00000097931	+	Gm11392	704
705	Vmn2r-ps94	chr13	33766920	33811602	unprocessed_pseudogene	ENSMUSG00000080317	+	Vmn2r-ps94	705
706	Serpinb6e	chr13	33832345	33843408	protein_coding	ENSMUSG00000069248	-	Serpinb6e	706
707	Serpinb6c	chr13	33879816	33905708	protein_coding	ENSMUSG00000052180	-	Serpinb6c	707
708	Serpinb6a	chr13	33917918	34002794	protein_coding	ENSMUSG00000060147	-	Serpinb6a	708
709	1110046J04Rik	chr13	33935567	33960181	lncRNA	ENSMUSG00000085457	+	1110046J04Rik	709
710	Nqo2	chr13	33964687	33988443	protein_coding	ENSMUSG00000046949	+	Nqo2	710
711	Ripk1	chr13	34002363	34037147	protein_coding	ENSMUSG00000021408	+	Ripk1	711
712	Gm17083	chr13	34006966	34008331	processed_pseudogene	ENSMUSG00000090628	-	Gm17083	712
713	Gm17084	chr13	34034526	34035036	processed_pseudogene	ENSMUSG00000091462	+	Gm17084	713
714	Bphl	chr13	34037597	34074074	protein_coding	ENSMUSG00000038286	+	Bphl	714
715	Tubb2a	chr13	34074274	34078007	protein_coding	ENSMUSG00000058672	-	Tubb2a	715
716	4930447K03Rik	chr13	34084155	34113272	lncRNA	ENSMUSG00000113591	-	4930447K03Rik	716
717	Gm47065	chr13	34087137	34089027	transcribed_unprocessed_pseudogene	ENSMUSG00000114067	-	Gm47065	717
718	Gm47076	chr13	34119701	34122465	lncRNA	ENSMUSG00000113645	+	Gm47076	718
719	Tubb2b	chr13	34126748	34130466	protein_coding	ENSMUSG00000045136	-	Tubb2b	719
720	Gm36500	chr13	34133860	34137654	lncRNA	ENSMUSG00000113883	+	Gm36500	720
721	Psmg4	chr13	34162964	34178173	protein_coding	ENSMUSG00000071451	+	Psmg4	721
722	Slc22a23	chr13	34179158	34345182	protein_coding	ENSMUSG00000038267	-	Slc22a23	722
723	Gm24530	chr13	34276965	34277252	misc_RNA	ENSMUSG00000088573	-	Gm24530	723
724	Gm47086	chr13	34318808	34319217	processed_pseudogene	ENSMUSG00000113430	+	Gm47086	724
725	Gm6129	chr13	34393724	34394524	processed_pseudogene	ENSMUSG00000113843	-	Gm6129	725
726	Gm47120	chr13	34426230	34426431	processed_pseudogene	ENSMUSG00000114170	-	Gm47120	726
727	Gm40909	chr13	34500728	34506511	lncRNA	ENSMUSG00000113998	-	Gm40909	727
728	Gm36758	chr13	34561986	34562295	processed_pseudogene	ENSMUSG00000113554	+	Gm36758	728
729	Gm47127	chr13	34610827	34612246	lncRNA	ENSMUSG00000113185	-	Gm47127	729
730	Pxdc1	chr13	34627834	34653486	protein_coding	ENSMUSG00000021411	-	Pxdc1	730
731	Gm15908	chr13	34652923	34666774	lncRNA	ENSMUSG00000086786	+	Gm15908	731
732	Gm47149	chr13	34680733	34680921	processed_pseudogene	ENSMUSG00000113044	-	Gm47149	732
733	Gm47150	chr13	34711449	34715030	lncRNA	ENSMUSG00000113615	+	Gm47150	733
734	Gm47151	chr13	34718056	34720751	lncRNA	ENSMUSG00000113822	-	Gm47151	734
735	Gm47152	chr13	34720682	34728661	lncRNA	ENSMUSG00000113457	+	Gm47152	735
736	Fam50b	chr13	34734850	34747623	protein_coding	ENSMUSG00000038246	+	Fam50b	736
737	Gm47157	chr13	34781585	34814544	lncRNA	ENSMUSG00000113484	-	Gm47157	737
738	Gm8231	chr13	34865795	34866577	processed_pseudogene	ENSMUSG00000114127	-	Gm8231	738
739	Gm36839	chr13	34872512	34875432	lncRNA	ENSMUSG00000113170	-	Gm36839	739
740	Prpf4b	chr13	34875302	34906064	protein_coding	ENSMUSG00000021413	+	Prpf4b	740
741	Fam217a	chr13	34909960	34924310	protein_coding	ENSMUSG00000021414	-	Fam217a	741
742	4933417A18Rik	chr13	34924409	34955875	protein_coding	ENSMUSG00000021415	+	4933417A18Rik	742
743	Gm8245	chr13	34940643	34941629	processed_pseudogene	ENSMUSG00000098209	+	Gm8245	743
744	Eci3	chr13	34946614	34963810	protein_coding	ENSMUSG00000021416	-	Eci3	744
745	Gm47217	chr13	34962902	34963060	unprocessed_pseudogene	ENSMUSG00000113066	-	Gm47217	745
746	Gm16984	chr13	34963982	34990452	lncRNA	ENSMUSG00000085962	+	Gm16984	746
747	Eci2	chr13	34977748	35027096	protein_coding	ENSMUSG00000021417	-	Eci2	747
748	Gm48626	chr13	35027354	35031946	lncRNA	ENSMUSG00000114061	-	Gm48626	748
749	Gm40910	chr13	35052727	35083260	lncRNA	ENSMUSG00000113738	+	Gm40910	749
750	Gm48629	chr13	35065461	35067620	lncRNA	ENSMUSG00000114233	+	Gm48629	750
751	4930529N20Rik	chr13	35167146	35172309	lncRNA	ENSMUSG00000113906	-	4930529N20Rik	751
752	1700011B04Rik	chr13	35167927	35188017	lncRNA	ENSMUSG00000102099	+	1700011B04Rik	752
753	1700019C18Rik	chr13	35184370	35212048	lncRNA	ENSMUSG00000113770	-	1700019C18Rik	753
754	Gm48694	chr13	35242971	35256521	lncRNA	ENSMUSG00000114237	-	Gm48694	754
755	Gm22674	chr13	35293147	35293277	snoRNA	ENSMUSG00000077601	-	Gm22674	755
756	Gm48703	chr13	35395383	35455832	lncRNA	ENSMUSG00000114838	+	Gm48703	756
757	Gm48704	chr13	35543902	35545484	lncRNA	ENSMUSG00000114337	+	Gm48704	757
758	Gm48707	chr13	35603030	35660777	lncRNA	ENSMUSG00000114661	-	Gm48707	758
759	Cdyl	chr13	35659833	35874063	protein_coding	ENSMUSG00000059288	+	Cdyl	759
760	Gm22126	chr13	35662135	35662276	snRNA	ENSMUSG00000065178	+	Gm22126	760
761	Gm48708	chr13	35773573	35776896	lncRNA	ENSMUSG00000114373	-	Gm48708	761
762	Gm48706	chr13	35798750	35802136	TEC	ENSMUSG00000114555	+	Gm48706	762
763	Rpp40	chr13	35893472	35906359	protein_coding	ENSMUSG00000021418	-	Rpp40	763
764	Gm48746	chr13	35905457	35921389	lncRNA	ENSMUSG00000114270	+	Gm48746	764
765	Gm48756	chr13	35937549	35937833	processed_pseudogene	ENSMUSG00000114910	-	Gm48756	765
766	Gm30127	chr13	35957545	35965008	lncRNA	ENSMUSG00000114647	-	Gm30127	766
767	Ppp1r3g	chr13	35958839	35970388	protein_coding	ENSMUSG00000050423	+	Ppp1r3g	767
768	Lyrm4	chr13	35978395	36117526	protein_coding	ENSMUSG00000046573	-	Lyrm4	768
769	Tmed10-ps	chr13	35990861	35991520	processed_pseudogene	ENSMUSG00000114251	-	Tmed10-ps	769
770	Gm18132	chr13	35992132	35993431	processed_pseudogene	ENSMUSG00000114340	+	Gm18132	770
771	Gm48770	chr13	35995453	36014464	lncRNA	ENSMUSG00000114857	+	Gm48770	771
772	Gm48765	chr13	36006725	36189723	lncRNA	ENSMUSG00000114407	-	Gm48765	772
773	Fars2	chr13	36117412	36726280	protein_coding	ENSMUSG00000021420	+	Fars2	773
774	Gm48769	chr13	36182712	36183048	processed_pseudogene	ENSMUSG00000114371	-	Gm48769	774
775	Gm48766	chr13	36252359	36256920	TEC	ENSMUSG00000114617	+	Gm48766	775
776	Gm48763	chr13	36458447	36459280	TEC	ENSMUSG00000114714	-	Gm48763	776
777	Gm8277	chr13	36558466	36559065	processed_pseudogene	ENSMUSG00000114581	-	Gm8277	777
778	Gm48767	chr13	36569764	36575934	lncRNA	ENSMUSG00000114387	-	Gm48767	778
779	4933436N17Rik	chr13	36582091	36583526	TEC	ENSMUSG00000114746	-	4933436N17Rik	779
780	Gm46409	chr13	36612816	36653073	lncRNA	ENSMUSG00000114851	+	Gm46409	780
781	Gm26395	chr13	36654405	36654536	snoRNA	ENSMUSG00000077282	+	Gm26395	781
782	Nrn1	chr13	36725361	36735131	protein_coding	ENSMUSG00000039114	-	Nrn1	782
783	Gm30177	chr13	36727258	36729259	lncRNA	ENSMUSG00000114708	+	Gm30177	783
784	Gm49144	chr13	36836366	36885596	lncRNA	ENSMUSG00000114483	+	Gm49144	784
785	Gm47675	chr13	36864016	36864625	lncRNA	ENSMUSG00000114884	-	Gm47675	785
786	F13a1	chr13	36867178	37050244	protein_coding	ENSMUSG00000039109	-	F13a1	786
787	Gm30489	chr13	36963239	36973329	lncRNA	ENSMUSG00000114329	+	Gm30489	787
788	Gm18643	chr13	37092547	37095675	processed_pseudogene	ENSMUSG00000114336	-	Gm18643	788
789	Gm47707	chr13	37156018	37157755	lncRNA	ENSMUSG00000114428	+	Gm47707	789
790	Gm30600	chr13	37237649	37244907	lncRNA	ENSMUSG00000114297	-	Gm30600	790
791	Gm47709	chr13	37248660	37252165	lncRNA	ENSMUSG00000114249	+	Gm47709	791
792	Gm47711	chr13	37326466	37327047	lncRNA	ENSMUSG00000114508	+	Gm47711	792
793	Ly86	chr13	37345208	37419036	protein_coding	ENSMUSG00000021423	+	Ly86	793
794	Gm4035	chr13	37421833	37435149	lncRNA	ENSMUSG00000100760	-	Gm4035	794
795	Gm47730	chr13	37439593	37440454	lncRNA	ENSMUSG00000114791	-	Gm47730	795
796	Gm29459	chr13	37449400	37451157	lncRNA	ENSMUSG00000100932	-	Gm29459	796
797	Gm29458	chr13	37452212	37453208	lncRNA	ENSMUSG00000099847	-	Gm29458	797
798	Gm47731	chr13	37472038	37479213	lncRNA	ENSMUSG00000114701	+	Gm47731	798
799	Gm47732	chr13	37482385	37483150	lncRNA	ENSMUSG00000114573	+	Gm47732	799
800	Gm47734	chr13	37504206	37507752	lncRNA	ENSMUSG00000114389	-	Gm47734	800
801	Gm29590	chr13	37508940	37512074	lncRNA	ENSMUSG00000100022	+	Gm29590	801
802	Lncbate6	chr13	37541357	37549725	lncRNA	ENSMUSG00000114665	+	Lncbate6	802
803	Gm47751	chr13	37561945	37564972	lncRNA	ENSMUSG00000114724	-	Gm47751	803
804	Gm47754	chr13	37581077	37589313	lncRNA	ENSMUSG00000114784	+	Gm47754	804
805	Gm47753	chr13	37582271	37582564	processed_pseudogene	ENSMUSG00000114718	+	Gm47753	805
806	Gm40915	chr13	37616964	37627603	lncRNA	ENSMUSG00000114404	-	Gm40915	806
807	Gm40916	chr13	37633938	37648236	lncRNA	ENSMUSG00000114355	-	Gm40916	807
808	AI463229	chr13	37657022	37667734	lncRNA	ENSMUSG00000114828	-	AI463229	808
809	Gm49350	chr13	37684925	37686425	lncRNA	ENSMUSG00000114546	-	Gm49350	809
810	Gm40918	chr13	37692089	37717648	lncRNA	ENSMUSG00000114732	-	Gm40918	810
811	Gm49351	chr13	37697306	37698158	processed_pseudogene	ENSMUSG00000114259	-	Gm49351	811
812	Gm31600	chr13	37761748	37768147	lncRNA	ENSMUSG00000114800	+	Gm31600	812
813	Rreb1	chr13	37778400	37952005	protein_coding	ENSMUSG00000039087	+	Rreb1	813
814	Gm46411	chr13	37793382	37799790	lncRNA	ENSMUSG00000114370	-	Gm46411	814
815	Ssr1	chr13	37966605	37994217	protein_coding	ENSMUSG00000021427	-	Ssr1	815
816	Cage1	chr13	38006052	38037069	protein_coding	ENSMUSG00000044566	-	Cage1	816
817	Riok1	chr13	38036995	38061433	protein_coding	ENSMUSG00000021428	+	Riok1	817
818	Gm27387	chr13	38086202	38086317	miRNA	ENSMUSG00000098481	+	Gm27387	818
819	Gm10129	chr13	38150477	38151792	TEC	ENSMUSG00000103789	-	Gm10129	819
820	Dsp	chr13	38151294	38198577	protein_coding	ENSMUSG00000054889	+	Dsp	820
821	Snrnp48	chr13	38204938	38227665	protein_coding	ENSMUSG00000021431	+	Snrnp48	821
822	Gm47978	chr13	38270388	38270609	processed_pseudogene	ENSMUSG00000114799	-	Gm47978	822
823	Gm47990	chr13	38320526	38340721	lncRNA	ENSMUSG00000114525	+	Gm47990	823
824	Bmp6	chr13	38345107	38500302	protein_coding	ENSMUSG00000039004	+	Bmp6	824
825	4930579J19Rik	chr13	38454149	38461805	lncRNA	ENSMUSG00000114895	-	4930579J19Rik	825
826	Txndc5	chr13	38500079	38528824	protein_coding	ENSMUSG00000038991	-	Txndc5	826
827	Gm47994	chr13	38514096	38514875	processed_pseudogene	ENSMUSG00000114399	+	Gm47994	827
828	Gm31834	chr13	38527403	38532920	lncRNA	ENSMUSG00000114638	+	Gm31834	828
829	Gm48056	chr13	38535274	38536680	lncRNA	ENSMUSG00000114331	-	Gm48056	829
830	Gm40922	chr13	38554865	38563819	lncRNA	ENSMUSG00000114866	+	Gm40922	830
831	Bloc1s5	chr13	38592842	38635109	protein_coding	ENSMUSG00000038982	-	Bloc1s5	831
832	Gm47400	chr13	38634971	38637116	lncRNA	ENSMUSG00000114830	+	Gm47400	832
833	Eef1e1	chr13	38644207	38659058	protein_coding	ENSMUSG00000001707	-	Eef1e1	833
834	Gm6200	chr13	38674133	38674566	processed_pseudogene	ENSMUSG00000114651	-	Gm6200	834
835	Gm46392	chr13	38710054	38908255	lncRNA	ENSMUSG00000114767	+	Gm46392	835
836	Gm47510	chr13	38723642	38727222	lncRNA	ENSMUSG00000114813	+	Gm47510	836
837	Gm47511	chr13	38775824	38777191	lncRNA	ENSMUSG00000114845	+	Gm47511	837
838	Gm47509	chr13	38782161	38825755	lncRNA	ENSMUSG00000114319	-	Gm47509	838
839	Gm22035	chr13	38898360	38898587	misc_RNA	ENSMUSG00000087909	-	Gm22035	839
840	Gm47530	chr13	38917153	38919219	TEC	ENSMUSG00000114949	-	Gm47530	840
841	Slc35b3	chr13	38932136	38960875	protein_coding	ENSMUSG00000021432	-	Slc35b3	841
842	5033403F01Rik	chr13	38960619	38966605	lncRNA	ENSMUSG00000096932	+	5033403F01Rik	842
843	Gm47348	chr13	39440565	39449671	lncRNA	ENSMUSG00000114512	+	Gm47348	843
844	Gm3509	chr13	39463227	39467017	lncRNA	ENSMUSG00000114821	-	Gm3509	844
845	Gm47349	chr13	39467347	39470134	lncRNA	ENSMUSG00000114330	+	Gm47349	845
846	Gm47351	chr13	39530598	39533103	lncRNA	ENSMUSG00000114221	-	Gm47351	846
847	Gm47352	chr13	39571583	39699499	lncRNA	ENSMUSG00000114841	+	Gm47352	847
848	Gm32243	chr13	39617668	39647247	lncRNA	ENSMUSG00000114300	-	Gm32243	848
849	Gm5195	chr13	39757308	39757967	processed_pseudogene	ENSMUSG00000114346	+	Gm5195	849
850	Gm40923	chr13	39771790	39791384	lncRNA	ENSMUSG00000114710	-	Gm40923	850
851	A230103O09Rik	chr13	39791438	39844840	lncRNA	ENSMUSG00000114491	+	A230103O09Rik	851
852	Gm47361	chr13	39796321	39796944	processed_pseudogene	ENSMUSG00000114381	+	Gm47361	852
853	Gm47316	chr13	39877035	39884381	lncRNA	ENSMUSG00000114957	-	Gm47316	853
854	Ofcc1	chr13	40001882	40361450	protein_coding	ENSMUSG00000047094	-	Ofcc1	854
855	Gm8352	chr13	40496188	40497473	processed_pseudogene	ENSMUSG00000114248	+	Gm8352	855
856	Gm47038	chr13	40533570	40533947	processed_pseudogene	ENSMUSG00000114215	+	Gm47038	856
857	Gm47039	chr13	40559320	40606479	lncRNA	ENSMUSG00000114198	-	Gm47039	857
858	Gm47041	chr13	40642607	40644649	TEC	ENSMUSG00000114322	-	Gm47041	858
859	Gm9979	chr13	40704005	40707949	lncRNA	ENSMUSG00000055732	+	Gm9979	859
860	Tfap2a	chr13	40715302	40738376	protein_coding	ENSMUSG00000021359	-	Tfap2a	860
861	Gm47061	chr13	40723110	40725449	lncRNA	ENSMUSG00000114936	+	Gm47061	861
862	Gm26688	chr13	40727808	40735162	lncRNA	ENSMUSG00000097752	+	Gm26688	862
863	Gm47067	chr13	40737568	40739021	lncRNA	ENSMUSG00000114597	+	Gm47067	863
864	Gm48107	chr13	40754060	40754996	lncRNA	ENSMUSG00000114640	-	Gm48107	864
865	Gm6245	chr13	40778040	40778807	processed_pseudogene	ENSMUSG00000090475	+	Gm6245	865
866	Gm7201	chr13	40830797	40838656	processed_pseudogene	ENSMUSG00000114263	-	Gm7201	866
867	Gm35160	chr13	40846739	40847554	unprocessed_pseudogene	ENSMUSG00000114560	+	Gm35160	867
868	Gcnt2	chr13	40859754	40960892	protein_coding	ENSMUSG00000021360	+	Gcnt2	868
869	Mir5124a	chr13	40865791	40865862	miRNA	ENSMUSG00000093269	+	Mir5124a	869
870	Gm48192	chr13	40873498	40874189	TEC	ENSMUSG00000114672	-	Gm48192	870
871	Gm31683	chr13	40907332	40917895	lncRNA	ENSMUSG00000114662	-	Gm31683	871
872	Gm48188	chr13	40911504	40912207	processed_pseudogene	ENSMUSG00000114601	-	Gm48188	872
873	5530402G07Rik	chr13	40948889	40949631	TEC	ENSMUSG00000114723	-	5530402G07Rik	873
874	A730081D07Rik	chr13	40956414	41001151	lncRNA	ENSMUSG00000086693	-	A730081D07Rik	874
875	Pak1ip1	chr13	41001023	41013015	protein_coding	ENSMUSG00000038683	+	Pak1ip1	875
876	Tmem14c	chr13	41016292	41022586	protein_coding	ENSMUSG00000021361	+	Tmem14c	876
877	Mak	chr13	41025008	41079706	protein_coding	ENSMUSG00000021363	-	Mak	877
878	Gm48344	chr13	41091430	41091723	processed_pseudogene	ENSMUSG00000114385	+	Gm48344	878
879	Gcm2	chr13	41101427	41111035	protein_coding	ENSMUSG00000021362	-	Gcm2	879
880	Sycp2l	chr13	41114307	41174351	protein_coding	ENSMUSG00000038651	+	Sycp2l	880
881	Gm48510	chr13	41176888	41179030	lncRNA	ENSMUSG00000114388	+	Gm48510	881
882	Elovl2	chr13	41182381	41220405	protein_coding	ENSMUSG00000021364	-	Elovl2	882
883	Rps17-ps1	chr13	41234694	41235077	processed_pseudogene	ENSMUSG00000114238	-	Rps17-ps1	883
884	Gm32063	chr13	41236345	41241478	lncRNA	ENSMUSG00000114247	+	Gm32063	884
885	Smim13	chr13	41249844	41276577	protein_coding	ENSMUSG00000091264	+	Smim13	885
886	Gm17364	chr13	41273803	41273977	protein_coding	ENSMUSG00000090853	-	Gm17364	886
887	Nedd9	chr13	41309581	41487362	protein_coding	ENSMUSG00000021365	-	Nedd9	887
888	Gm26877	chr13	41359971	41370908	lncRNA	ENSMUSG00000097373	+	Gm26877	888
889	Gm48571	chr13	41379956	41384725	lncRNA	ENSMUSG00000114914	+	Gm48571	889
890	Gm48570	chr13	41402291	41403353	lncRNA	ENSMUSG00000114552	+	Gm48570	890
891	Gm48569	chr13	41476526	41477900	TEC	ENSMUSG00000114537	-	Gm48569	891
892	Gm32401	chr13	41487130	41544567	lncRNA	ENSMUSG00000114585	+	Gm32401	892
893	Gm32184	chr13	41543005	41559913	lncRNA	ENSMUSG00000114545	-	Gm32184	893
894	Gm24819	chr13	41577909	41578074	snRNA	ENSMUSG00000092835	-	Gm24819	894
895	Tmem170b	chr13	41605907	41641355	protein_coding	ENSMUSG00000087370	+	Tmem170b	895
896	Gm5082	chr13	41649443	41656777	lncRNA	ENSMUSG00000054258	+	Gm5082	896
897	Adtrp	chr13	41763148	41847684	protein_coding	ENSMUSG00000058022	-	Adtrp	897
898	1700061E18Rik	chr13	41800783	41801795	lncRNA	ENSMUSG00000085759	+	1700061E18Rik	898
899	Gm28564	chr13	41843014	41849768	lncRNA	ENSMUSG00000099672	+	Gm28564	899
900	Gm10790	chr13	41865915	41913092	lncRNA	ENSMUSG00000113856	+	Gm10790	900
901	Gm28707	chr13	42049334	42050287	lncRNA	ENSMUSG00000100071	+	Gm28707	901
902	Hivep1	chr13	42052021	42192537	protein_coding	ENSMUSG00000021366	+	Hivep1	902
903	Edn1	chr13	42301476	42307990	protein_coding	ENSMUSG00000021367	+	Edn1	903
904	Gm47118	chr13	42302298	42304991	lncRNA	ENSMUSG00000113619	-	Gm47118	904
905	Gm47125	chr13	42569463	42569886	processed_pseudogene	ENSMUSG00000113367	+	Gm47125	905
906	Gm23086	chr13	42624994	42625084	miRNA	ENSMUSG00000095255	+	Gm23086	906
907	Phactr1	chr13	42680623	43138526	protein_coding	ENSMUSG00000054728	+	Phactr1	907
908	Gm15810	chr13	42782692	42788258	lncRNA	ENSMUSG00000089710	-	Gm15810	908
909	Gm15812	chr13	42868338	42869602	processed_pseudogene	ENSMUSG00000085276	-	Gm15812	909
910	Gm15809	chr13	42998511	43006067	lncRNA	ENSMUSG00000090135	+	Gm15809	910
911	Gm15813	chr13	43117673	43125717	lncRNA	ENSMUSG00000087202	-	Gm15813	911
912	Tbc1d7	chr13	43151740	43171501	protein_coding	ENSMUSG00000021368	-	Tbc1d7	912
913	Gfod1	chr13	43195245	43304172	protein_coding	ENSMUSG00000051335	-	Gfod1	913
914	Sirt5	chr13	43365496	43395203	protein_coding	ENSMUSG00000054021	+	Sirt5	914
915	Nol7	chr13	43398390	43407097	protein_coding	ENSMUSG00000063200	+	Nol7	915
916	Ranbp9	chr13	43402675	43481282	protein_coding	ENSMUSG00000038546	-	Ranbp9	916
917	Gm47597	chr13	43417534	43417865	processed_pseudogene	ENSMUSG00000112942	+	Gm47597	917
918	Gm26064	chr13	43425742	43425850	snRNA	ENSMUSG00000065315	-	Gm26064	918
919	Gm47683	chr13	43498897	43500167	lncRNA	ENSMUSG00000113891	-	Gm47683	919
920	Gm7214	chr13	43508971	43509242	processed_pseudogene	ENSMUSG00000113177	-	Gm7214	920
921	Gm32939	chr13	43530220	43531781	lncRNA	ENSMUSG00000112983	+	Gm32939	921
922	Mcur1	chr13	43538393	43560191	protein_coding	ENSMUSG00000021371	-	Mcur1	922
923	Rnf182	chr13	43615710	43670945	protein_coding	ENSMUSG00000044164	+	Rnf182	923
924	Gm47728	chr13	43683120	43701064	lncRNA	ENSMUSG00000114121	+	Gm47728	924
925	Gm20751	chr13	43716791	43719038	lncRNA	ENSMUSG00000110016	+	Gm20751	925
926	Cd83	chr13	43784775	43803132	protein_coding	ENSMUSG00000015396	+	Cd83	926
927	Gm33115	chr13	43842438	43846157	lncRNA	ENSMUSG00000114192	+	Gm33115	927
928	Gm33195	chr13	43864669	43868589	lncRNA	ENSMUSG00000113780	+	Gm33195	928
929	Gm23117	chr13	43872802	43872909	snRNA	ENSMUSG00000089107	+	Gm23117	929
930	Gm2233	chr13	43948879	43952699	lncRNA	ENSMUSG00000113671	+	Gm2233	930
931	Gm33489	chr13	44010592	44018522	lncRNA	ENSMUSG00000113252	-	Gm33489	931
932	Gm33630	chr13	44092028	44099960	lncRNA	ENSMUSG00000113276	-	Gm33630	932
933	Gm5083	chr13	44121167	44125179	lncRNA	ENSMUSG00000089815	+	Gm5083	933
934	Gm33684	chr13	44150595	44151953	lncRNA	ENSMUSG00000113458	+	Gm33684	934
935	A330076C08Rik	chr13	44185760	44216487	lncRNA	ENSMUSG00000113186	-	A330076C08Rik	935
936	Gm47781	chr13	44232398	44239606	lncRNA	ENSMUSG00000113727	+	Gm47781	936
937	Gm29676	chr13	44249460	44280449	lncRNA	ENSMUSG00000113689	-	Gm29676	937
938	Gm33958	chr13	44363836	44391117	lncRNA	ENSMUSG00000112936	-	Gm33958	938
939	Gm27007	chr13	44400436	44455303	lncRNA	ENSMUSG00000098107	-	Gm27007	939
940	Gm27036	chr13	44438834	44439813	processed_pseudogene	ENSMUSG00000098124	-	Gm27036	940
941	1700029N11Rik	chr13	44439712	44469030	lncRNA	ENSMUSG00000098144	+	1700029N11Rik	941
942	Gm34084	chr13	44472426	44504548	lncRNA	ENSMUSG00000113010	-	Gm34084	942
943	Gm47792	chr13	44509558	44511037	lncRNA	ENSMUSG00000113492	+	Gm47792	943
944	Gm34276	chr13	44537309	44568668	lncRNA	ENSMUSG00000113977	-	Gm34276	944
945	Gm47805	chr13	44622182	44625217	lncRNA	ENSMUSG00000113730	+	Gm47805	945
946	Jarid2	chr13	44729474	44921643	protein_coding	ENSMUSG00000038518	+	Jarid2	946
947	Gm22213	chr13	44838165	44838283	snoRNA	ENSMUSG00000088189	-	Gm22213	947
948	Dtnbp1	chr13	44922075	45002147	protein_coding	ENSMUSG00000057531	-	Dtnbp1	948
949	Gm23104	chr13	45026252	45026355	snRNA	ENSMUSG00000065656	-	Gm23104	949
950	Hsp25-ps1	chr13	45078498	45079127	processed_pseudogene	ENSMUSG00000078915	-	Hsp25-ps1	950
951	Gm9817	chr13	45078692	45081222	TEC	ENSMUSG00000047061	+	Gm9817	951
952	Gm40932	chr13	45099957	45117730	lncRNA	ENSMUSG00000113553	+	Gm40932	952
953	Gm8513	chr13	45186534	45187536	processed_pseudogene	ENSMUSG00000098136	-	Gm8513	953
954	Gm47448	chr13	45235635	45335588	lncRNA	ENSMUSG00000113772	+	Gm47448	954
955	Gm34466	chr13	45246632	45267711	lncRNA	ENSMUSG00000113919	-	Gm34466	955
956	Gm23755	chr13	45294654	45294996	misc_RNA	ENSMUSG00000088203	-	Gm23755	956
957	Mylip	chr13	45389742	45412022	protein_coding	ENSMUSG00000038175	+	Mylip	957
958	Gm47455	chr13	45431002	45431331	processed_pseudogene	ENSMUSG00000113446	+	Gm47455	958
959	Gm23387	chr13	45486224	45486330	snRNA	ENSMUSG00000089211	-	Gm23387	959
960	Gmpr	chr13	45507444	45553800	protein_coding	ENSMUSG00000000253	+	Gmpr	960
961	Atxn1	chr13	45549755	45965008	protein_coding	ENSMUSG00000046876	-	Atxn1	961
962	Gm47460	chr13	45749572	45755206	lncRNA	ENSMUSG00000114131	+	Gm47460	962
963	4930453C13Rik	chr13	45936040	45936904	lncRNA	ENSMUSG00000113987	+	4930453C13Rik	963
964	5033430I15Rik	chr13	45965253	45966508	lncRNA	ENSMUSG00000038152	+	5033430I15Rik	964
965	Gm45949	chr13	46060597	46068765	lncRNA	ENSMUSG00000113860	+	Gm45949	965
966	Gm10113	chr13	46175428	46191046	lncRNA	ENSMUSG00000062282	-	Gm10113	966
967	Stmnd1	chr13	46273721	46300115	protein_coding	ENSMUSG00000063529	+	Stmnd1	967
968	Rbm24	chr13	46418434	46431095	protein_coding	ENSMUSG00000038132	+	Rbm24	968
969	Gm35110	chr13	46472669	46501984	lncRNA	ENSMUSG00000114752	-	Gm35110	969
970	Cap2	chr13	46501848	46650281	protein_coding	ENSMUSG00000021373	+	Cap2	970
971	Gm47523	chr13	46605327	46619780	lncRNA	ENSMUSG00000114596	-	Gm47523	971
972	Fam8a1	chr13	46669522	46678056	protein_coding	ENSMUSG00000069237	+	Fam8a1	972
973	Nup153	chr13	46679905	46727940	protein_coding	ENSMUSG00000021374	-	Nup153	973
974	Kif13a	chr13	46749087	46929867	protein_coding	ENSMUSG00000021375	-	Kif13a	974
975	Gm24620	chr13	46767520	46767649	snoRNA	ENSMUSG00000064558	-	Gm24620	975
976	Gm48250	chr13	46881027	46884898	lncRNA	ENSMUSG00000114917	+	Gm48250	976
977	Gm22960	chr13	46902589	46902692	snRNA	ENSMUSG00000084466	+	Gm22960	977
978	Gm48325	chr13	46945190	46945693	processed_pseudogene	ENSMUSG00000114449	-	Gm48325	978
979	2010001K21Rik	chr13	46979908	47011195	lncRNA	ENSMUSG00000051606	+	2010001K21Rik	979
980	Gm24769	chr13	46980720	46980848	snoRNA	ENSMUSG00000089131	+	Gm24769	980
981	Gm5790	chr13	47009533	47010945	processed_pseudogene	ENSMUSG00000114858	-	Gm5790	981
982	Nhlrc1	chr13	47012557	47014850	protein_coding	ENSMUSG00000044231	-	Nhlrc1	982
983	Tpmt	chr13	47022482	47044737	protein_coding	ENSMUSG00000021376	-	Tpmt	983
984	Gm18807	chr13	47024346	47024986	processed_pseudogene	ENSMUSG00000114376	+	Gm18807	984
985	Kdm1b	chr13	47043499	47085279	protein_coding	ENSMUSG00000038080	+	Kdm1b	985
986	Dek	chr13	47084775	47106201	protein_coding	ENSMUSG00000021377	-	Dek	986
987	1700026N04Rik	chr13	47106419	47109519	lncRNA	ENSMUSG00000114681	+	1700026N04Rik	987
988	Rnf144b	chr13	47122656	47247991	protein_coding	ENSMUSG00000038068	+	Rnf144b	988
989	A930002C04Rik	chr13	47143942	47148670	lncRNA	ENSMUSG00000114961	-	A930002C04Rik	989
990	Gm48581	chr13	47152357	47155008	TEC	ENSMUSG00000114882	-	Gm48581	990
991	Gm48612	chr13	47335251	47340939	lncRNA	ENSMUSG00000114958	-	Gm48612	991
992	Gm35733	chr13	47361386	47439554	lncRNA	ENSMUSG00000114843	+	Gm35733	992
993	G630093K05Rik	chr13	47910435	47934301	lncRNA	ENSMUSG00000114959	+	G630093K05Rik	993
994	4931429P17Rik	chr13	47960330	48018608	lncRNA	ENSMUSG00000047324	-	4931429P17Rik	994
995	Gm36101	chr13	48031773	48042471	lncRNA	ENSMUSG00000114810	+	Gm36101	995
996	A330033J07Rik	chr13	48044231	48262623	lncRNA	ENSMUSG00000097622	-	A330033J07Rik	996
997	Gm36346	chr13	48107617	48237251	lncRNA	ENSMUSG00000114457	-	Gm36346	997
998	Gm49291	chr13	48239054	48262591	lncRNA	ENSMUSG00000114860	-	Gm49291	998
999	Id4	chr13	48261228	48266026	protein_coding	ENSMUSG00000021379	+	Id4	999
1000	A330048O09Rik	chr13	48272413	48273884	lncRNA	ENSMUSG00000097326	-	A330048O09Rik	1000
1001	Gm8588	chr13	48312670	48314251	processed_pseudogene	ENSMUSG00000114881	+	Gm8588	1001
1002	Gm48648	chr13	48359459	48408512	lncRNA	ENSMUSG00000114695	-	Gm48648	1002
1003	Zfp169	chr13	48487647	48513451	protein_coding	ENSMUSG00000050954	-	Zfp169	1003
1004	A830005F24Rik	chr13	48513570	48514859	protein_coding	ENSMUSG00000053181	+	A830005F24Rik	1004
1005	6720427I07Rik	chr13	48532905	48546500	lncRNA	ENSMUSG00000097375	-	6720427I07Rik	1005
1006	Mirlet7d	chr13	48536012	48536114	miRNA	ENSMUSG00000065453	-	Mirlet7d	1006
1007	Gm24111	chr13	48537825	48537921	miRNA	ENSMUSG00000093232	+	Gm24111	1007
1008	Mirlet7f-1	chr13	48537829	48537917	miRNA	ENSMUSG00000105621	-	Mirlet7f-1	1008
1009	Mirlet7a-1	chr13	48538179	48538272	miRNA	ENSMUSG00000065421	-	Mirlet7a-1	1009
1010	Gm37238	chr13	48542644	48545033	TEC	ENSMUSG00000103373	-	Gm37238	1010
1011	Gm25232	chr13	48572253	48572384	snoRNA	ENSMUSG00000095214	-	Gm25232	1011
1012	Ptpdc1	chr13	48577872	48625664	protein_coding	ENSMUSG00000038042	-	Ptpdc1	1012
1013	Gm36550	chr13	48593501	48595843	lncRNA	ENSMUSG00000113037	+	Gm36550	1013
1014	Barx1	chr13	48662998	48666507	protein_coding	ENSMUSG00000021381	+	Barx1	1014
1015	Rpl17-ps6	chr13	48763050	48763581	processed_pseudogene	ENSMUSG00000113297	-	Rpl17-ps6	1015
1016	Phf2	chr13	48801750	48871119	protein_coding	ENSMUSG00000038025	-	Phf2	1016
1017	Phf2os1	chr13	48871112	48875460	lncRNA	ENSMUSG00000086889	+	Phf2os1	1017
1018	Fam120a	chr13	48879219	48968017	protein_coding	ENSMUSG00000038014	-	Fam120a	1018
1019	Wnk2	chr13	49036303	49148014	protein_coding	ENSMUSG00000037989	-	Wnk2	1019
1020	Ninj1	chr13	49187485	49196244	protein_coding	ENSMUSG00000037966	+	Ninj1	1020
1021	Card19	chr13	49202950	49216037	protein_coding	ENSMUSG00000037960	-	Card19	1021
1022	Susd3	chr13	49230690	49248706	protein_coding	ENSMUSG00000021384	-	Susd3	1022
1023	Fgd3	chr13	49261554	49320311	protein_coding	ENSMUSG00000037946	-	Fgd3	1023
1024	Bicd2	chr13	49341585	49387026	protein_coding	ENSMUSG00000037933	+	Bicd2	1024
1025	Ippk	chr13	49421249	49464573	protein_coding	ENSMUSG00000021385	+	Ippk	1025
1026	Cenpp	chr13	49464023	49652785	protein_coding	ENSMUSG00000021391	-	Cenpp	1026
1027	Tes3-ps	chr13	49493318	49496589	protein_coding	ENSMUSG00000113255	+	Tes3-ps	1027
1028	Ecm2	chr13	49504810	49532789	protein_coding	ENSMUSG00000043631	+	Ecm2	1028
1029	Aspn	chr13	49544443	49567565	protein_coding	ENSMUSG00000021388	+	Aspn	1029
1030	Omd	chr13	49582462	49592822	protein_coding	ENSMUSG00000048368	+	Omd	1030
1031	Ogn	chr13	49608046	49624501	protein_coding	ENSMUSG00000021390	+	Ogn	1031
1032	Nol8	chr13	49653078	49679016	protein_coding	ENSMUSG00000021392	+	Nol8	1032
1033	Iars	chr13	49682100	49734267	protein_coding	ENSMUSG00000037851	+	Iars	1033
1034	Gm25394	chr13	49684301	49684433	snoRNA	ENSMUSG00000087963	+	Gm25394	1034
1035	Gm23482	chr13	49714119	49714240	snoRNA	ENSMUSG00000077360	+	Gm23482	1035
1036	AC125070.1	chr13	49750465	49752616	processed_pseudogene	ENSMUSG00000118398	+	AC125070.1	1036
1037	Gm270	chr13	49764328	49765303	processed_pseudogene	ENSMUSG00000113823	+	Gm270	1037
1038	Gm30302	chr13	49784765	49799001	protein_coding	ENSMUSG00000114073	-	Gm30302	1038
1039	Gm47977	chr13	49784981	49787292	lncRNA	ENSMUSG00000112995	+	Gm47977	1039
1040	Gm7251	chr13	49804944	49805952	processed_pseudogene	ENSMUSG00000069236	-	Gm7251	1040
1041	Gm272	chr13	49820728	49821646	processed_pseudogene	ENSMUSG00000113254	+	Gm272	1041
1042	Gm8672	chr13	49861669	49864129	processed_pseudogene	ENSMUSG00000113530	-	Gm8672	1042
1043	Gm19011	chr13	49882957	49883764	processed_pseudogene	ENSMUSG00000113333	+	Gm19011	1043
1044	Gm48009	chr13	49890423	49892868	processed_pseudogene	ENSMUSG00000113782	-	Gm48009	1044
1045	Gm8674	chr13	49899435	49904597	processed_pseudogene	ENSMUSG00000093976	-	Gm8674	1045
1046	Gm10784	chr13	49945096	49945333	processed_pseudogene	ENSMUSG00000094886	-	Gm10784	1046
1047	Gm48051	chr13	49970001	49974260	lncRNA	ENSMUSG00000114175	+	Gm48051	1047
1048	Gm17611	chr13	49976258	49977074	TEC	ENSMUSG00000090497	-	Gm17611	1048
1049	Gm6554	chr13	50000347	50002258	processed_pseudogene	ENSMUSG00000113963	-	Gm6554	1049
1050	Gm48052	chr13	50049004	50051005	processed_pseudogene	ENSMUSG00000113312	-	Gm48052	1050
1051	LOC667541	chr13	50056441	50058385	processed_pseudogene	ENSMUSG00000113888	-	LOC667541	1051
1052	Gm8700	chr13	50099026	50104045	processed_pseudogene	ENSMUSG00000113007	-	Gm8700	1052
1053	Gm24300	chr13	50118006	50118114	miRNA	ENSMUSG00000095849	+	Gm24300	1053
1054	Gm48054	chr13	50133670	50134510	processed_pseudogene	ENSMUSG00000113921	-	Gm48054	1054
1055	4933433N18Rik	chr13	50137069	50146670	lncRNA	ENSMUSG00000113227	+	4933433N18Rik	1055
1056	Gm47412	chr13	50165573	50167849	unprocessed_pseudogene	ENSMUSG00000113437	-	Gm47412	1056
1057	Gm2645	chr13	50207542	50208088	processed_pseudogene	ENSMUSG00000113718	-	Gm2645	1057
1058	Gm906	chr13	50245181	50250308	protein_coding	ENSMUSG00000095300	-	Gm906	1058
1059	Gm24017	chr13	50262394	50262502	miRNA	ENSMUSG00000095027	+	Gm24017	1059
1060	Gm31126	chr13	50267976	50276670	lncRNA	ENSMUSG00000114035	+	Gm31126	1060
1061	Gm8739	chr13	50343583	50491741	lncRNA	ENSMUSG00000101136	-	Gm8739	1061
1062	Fbxw17	chr13	50417864	50433780	protein_coding	ENSMUSG00000037816	+	Fbxw17	1062
1063	Gm47429	chr13	50443408	50443912	protein_coding	ENSMUSG00000114559	-	Gm47429	1063
1064	Nutm2	chr13	50467307	50475355	protein_coding	ENSMUSG00000071909	+	Nutm2	1064
1065	Mir683-1	chr13	50544626	50544734	miRNA	ENSMUSG00000095697	-	Mir683-1	1065
1066	Gm20789	chr13	50561473	50570876	unprocessed_pseudogene	ENSMUSG00000113354	+	Gm20789	1066
1067	Mir683-2	chr13	50600972	50601080	miRNA	ENSMUSG00000094933	-	Mir683-2	1067
1068	Gm904	chr13	50643228	50645838	protein_coding	ENSMUSG00000096641	+	Gm904	1068
1069	Gm8765	chr13	50698312	50703435	protein_coding	ENSMUSG00000094918	+	Gm8765	1069
1070	4930518P08Rik	chr13	50753391	50765248	lncRNA	ENSMUSG00000113652	-	4930518P08Rik	1070
1071	Gm2654	chr13	50786144	50787735	processed_pseudogene	ENSMUSG00000112976	+	Gm2654	1071
1072	Gm19009	chr13	50859334	50860156	processed_pseudogene	ENSMUSG00000113509	-	Gm19009	1072
1073	Gm22199	chr13	51014086	51014211	misc_RNA	ENSMUSG00000084609	+	Gm22199	1073
1074	Spin1	chr13	51100880	51152546	protein_coding	ENSMUSG00000021395	+	Spin1	1074
1075	Nxnl2	chr13	51171022	51175188	protein_coding	ENSMUSG00000021396	+	Nxnl2	1075
1076	Hist1h2al	chr13	51202727	51203065	processed_pseudogene	ENSMUSG00000091383	-	Hist1h2al	1076
1077	Gm29787	chr13	51205263	51206111	processed_pseudogene	ENSMUSG00000113521	-	Gm29787	1077
1078	Gm6056	chr13	51338921	51339707	processed_pseudogene	ENSMUSG00000113426	+	Gm6056	1078
1079	Gm47554	chr13	51344996	51345598	processed_pseudogene	ENSMUSG00000113162	+	Gm47554	1079
1080	Gm32834	chr13	51378136	51418686	lncRNA	ENSMUSG00000112959	-	Gm32834	1080
1081	S1pr3	chr13	51408639	51422797	protein_coding	ENSMUSG00000067586	+	S1pr3	1081
1082	Shc3	chr13	51431041	51569487	protein_coding	ENSMUSG00000021448	-	Shc3	1082
1083	Cks2	chr13	51645232	51650660	protein_coding	ENSMUSG00000062248	+	Cks2	1083
1084	Gm22806	chr13	51648199	51648334	snoRNA	ENSMUSG00000064672	+	Gm22806	1084
1085	Secisbp2	chr13	51651697	51684044	protein_coding	ENSMUSG00000035139	+	Secisbp2	1085
1086	Sema4d	chr13	51685529	51793747	protein_coding	ENSMUSG00000021451	-	Sema4d	1086
1087	Gadd45g	chr13	51846678	51848468	protein_coding	ENSMUSG00000021453	+	Gadd45g	1087
1088	Gm26651	chr13	51973214	51976583	lncRNA	ENSMUSG00000097495	+	Gm26651	1088
1089	Gm37872	chr13	52019774	52021927	TEC	ENSMUSG00000102173	-	Gm37872	1089
1090	Gm48190	chr13	52087607	52096668	lncRNA	ENSMUSG00000113090	-	Gm48190	1090
1091	4921525O09Rik	chr13	52096741	52124158	lncRNA	ENSMUSG00000113211	+	4921525O09Rik	1091
1092	Gm48199	chr13	52180411	52181637	lncRNA	ENSMUSG00000113399	+	Gm48199	1092
1093	Diras2	chr13	52504380	52531279	protein_coding	ENSMUSG00000047842	-	Diras2	1093
1094	Syk	chr13	52583173	52648792	protein_coding	ENSMUSG00000021457	+	Syk	1094
1095	BB123696	chr13	52729615	52757205	lncRNA	ENSMUSG00000113737	-	BB123696	1095
1096	Auh	chr13	52835119	52929681	protein_coding	ENSMUSG00000021460	-	Auh	1096
1097	n-R5s54	chr13	52964621	52964732	rRNA	ENSMUSG00000065771	-	n-R5s54	1097
1098	Nfil3	chr13	52967209	52981073	protein_coding	ENSMUSG00000056749	-	Nfil3	1098
1099	Gm33424	chr13	53016202	53018185	lncRNA	ENSMUSG00000113101	+	Gm33424	1099
1100	Gm48336	chr13	53028918	53035090	lncRNA	ENSMUSG00000112952	+	Gm48336	1100
1101	Ror2	chr13	53109312	53286124	protein_coding	ENSMUSG00000021464	-	Ror2	1101
1102	Sptlc1	chr13	53332748	53377397	protein_coding	ENSMUSG00000021468	-	Sptlc1	1102
1103	Gm2762	chr13	53393657	53455630	lncRNA	ENSMUSG00000107008	+	Gm2762	1103
1104	Gm43262	chr13	53403950	53414830	lncRNA	ENSMUSG00000107305	-	Gm43262	1104
1105	Msx2	chr13	53466884	53473074	protein_coding	ENSMUSG00000021469	-	Msx2	1105
1106	Gm34022	chr13	53503606	53533257	lncRNA	ENSMUSG00000113834	-	Gm34022	1106
1107	Gm5449	chr13	53525703	53526059	processed_pseudogene	ENSMUSG00000063166	+	Gm5449	1107
1108	9530014B07Rik	chr13	53635894	53639193	lncRNA	ENSMUSG00000113599	-	9530014B07Rik	1108
1109	4930555G21Rik	chr13	53648585	53650080	lncRNA	ENSMUSG00000113329	+	4930555G21Rik	1109
1110	Gm34278	chr13	53681609	53700417	lncRNA	ENSMUSG00000112965	-	Gm34278	1110
1111	Gm48548	chr13	53776627	53778973	lncRNA	ENSMUSG00000114143	+	Gm48548	1111
1112	Gm18974	chr13	53888627	53890855	processed_pseudogene	ENSMUSG00000114012	+	Gm18974	1112
1113	E130119H09Rik	chr13	53912263	53915748	lncRNA	ENSMUSG00000114069	-	E130119H09Rik	1113
1114	Gm34557	chr13	53921313	53934788	lncRNA	ENSMUSG00000113982	-	Gm34557	1114
1115	Gm48550	chr13	53968944	53976666	lncRNA	ENSMUSG00000113882	+	Gm48550	1115
1116	Drd1	chr13	54051183	54055705	protein_coding	ENSMUSG00000021478	-	Drd1	1116
1117	Sfxn1	chr13	54071869	54108342	protein_coding	ENSMUSG00000021474	+	Sfxn1	1117
1118	Gm18473	chr13	54140935	54141802	processed_pseudogene	ENSMUSG00000114042	+	Gm18473	1118
1119	Hrh2	chr13	54192129	54236180	protein_coding	ENSMUSG00000034987	+	Hrh2	1119
1120	Gm16578	chr13	54219453	54223023	lncRNA	ENSMUSG00000090016	-	Gm16578	1120
1121	Gm48615	chr13	54245296	54245584	lncRNA	ENSMUSG00000113327	+	Gm48615	1121
1122	Gm48623	chr13	54301959	54312797	lncRNA	ENSMUSG00000112941	+	Gm48623	1122
1123	Gm48622	chr13	54309905	54327880	lncRNA	ENSMUSG00000113404	-	Gm48622	1123
1124	Cplx2	chr13	54371349	54383917	protein_coding	ENSMUSG00000025867	+	Cplx2	1124
1125	Gm16248	chr13	54399092	54399334	lncRNA	ENSMUSG00000086137	-	Gm16248	1125
1126	Gm22668	chr13	54429441	54429700	misc_RNA	ENSMUSG00000089341	-	Gm22668	1126
1127	Thoc3	chr13	54458837	54468849	protein_coding	ENSMUSG00000025872	-	Thoc3	1127
1128	Gm2830	chr13	54499705	54500089	processed_pseudogene	ENSMUSG00000086567	-	Gm2830	1128
1129	Simc1	chr13	54503779	54551290	protein_coding	ENSMUSG00000043183	+	Simc1	1129
1130	4833439L19Rik	chr13	54551218	54565435	protein_coding	ENSMUSG00000025871	-	4833439L19Rik	1130
1131	Arl10	chr13	54575015	54581128	protein_coding	ENSMUSG00000025870	+	Arl10	1131
1132	Gm24195	chr13	54578113	54578249	miRNA	ENSMUSG00000080454	+	Gm24195	1132
1133	Nop16	chr13	54584185	54590090	protein_coding	ENSMUSG00000025869	-	Nop16	1133
1134	Higd2a	chr13	54590207	54591158	protein_coding	ENSMUSG00000025868	+	Higd2a	1134
1135	Cltb	chr13	54592401	54611344	protein_coding	ENSMUSG00000047547	-	Cltb	1135
1136	Faf2	chr13	54621784	54664063	protein_coding	ENSMUSG00000025873	+	Faf2	1136
1137	Rnf44	chr13	54679399	54693907	protein_coding	ENSMUSG00000034928	-	Rnf44	1137
1138	Cdhr2	chr13	54701461	54736662	protein_coding	ENSMUSG00000034918	+	Cdhr2	1138
1139	Gprin1	chr13	54736671	54749874	protein_coding	ENSMUSG00000069227	-	Gprin1	1139
1140	Sncb	chr13	54758860	54766595	protein_coding	ENSMUSG00000034891	-	Sncb	1140
1141	Gm16249	chr13	54777514	54783091	lncRNA	ENSMUSG00000084949	-	Gm16249	1141
1142	Eif4e1b	chr13	54783998	54788459	protein_coding	ENSMUSG00000074895	+	Eif4e1b	1142
1143	Tspan17	chr13	54789377	54796776	protein_coding	ENSMUSG00000025875	+	Tspan17	1143
1144	Gm16250	chr13	54840649	54840904	processed_pseudogene	ENSMUSG00000086097	-	Gm16250	1144
1145	Gm29431	chr13	54887470	54888013	lncRNA	ENSMUSG00000100728	+	Gm29431	1145
1146	5330429C05Rik	chr13	54913235	54914479	lncRNA	ENSMUSG00000085896	+	5330429C05Rik	1146
1147	4930526F13Rik	chr13	54926763	54930256	lncRNA	ENSMUSG00000087335	-	4930526F13Rik	1147
1148	Unc5a	chr13	54949411	55006018	protein_coding	ENSMUSG00000025876	+	Unc5a	1148
1149	Hk3	chr13	55005985	55021385	protein_coding	ENSMUSG00000025877	-	Hk3	1149
1150	Uimc1	chr13	55027880	55100300	protein_coding	ENSMUSG00000025878	-	Uimc1	1150
1151	Gm6344	chr13	55085777	55086259	processed_pseudogene	ENSMUSG00000094446	+	Gm6344	1151
1152	Zfp346	chr13	55105311	55134825	protein_coding	ENSMUSG00000021481	+	Zfp346	1152
1153	Gm46415	chr13	55127839	55128183	processed_pseudogene	ENSMUSG00000114481	-	Gm46415	1153
1154	Gm17617	chr13	55132962	55133548	protein_coding	ENSMUSG00000091768	-	Gm17617	1154
1155	Fgfr4	chr13	55152640	55168759	protein_coding	ENSMUSG00000005320	+	Fgfr4	1155
1156	Nsd1	chr13	55209782	55318325	protein_coding	ENSMUSG00000021488	+	Nsd1	1156
1157	Gm47816	chr13	55253225	55254401	processed_pseudogene	ENSMUSG00000114359	-	Gm47816	1157
1158	Rab24	chr13	55319743	55321946	protein_coding	ENSMUSG00000034789	-	Rab24	1158
1159	Prelid1	chr13	55320500	55325272	protein_coding	ENSMUSG00000021486	+	Prelid1	1159
1160	Mxd3	chr13	55325168	55329823	protein_coding	ENSMUSG00000021485	-	Mxd3	1160
1161	Lman2	chr13	55343833	55362783	protein_coding	ENSMUSG00000021484	-	Lman2	1161
1162	Rgs14	chr13	55369732	55384687	protein_coding	ENSMUSG00000052087	+	Rgs14	1162
1163	Slc34a1	chr13	55398187	55415592	protein_coding	ENSMUSG00000021490	+	Slc34a1	1163
1164	Pfn3	chr13	55414688	55415232	protein_coding	ENSMUSG00000044444	-	Pfn3	1164
1165	F12	chr13	55417958	55426793	protein_coding	ENSMUSG00000021492	-	F12	1165
1166	Grk6	chr13	55445072	55460927	protein_coding	ENSMUSG00000074886	+	Grk6	1166
1167	Mir6943	chr13	55453106	55453171	miRNA	ENSMUSG00000099058	+	Mir6943	1167
1168	Prr7	chr13	55464267	55473154	protein_coding	ENSMUSG00000034686	+	Prr7	1168
1169	Dbn1	chr13	55473429	55488111	protein_coding	ENSMUSG00000034675	-	Dbn1	1169
1170	Mir6944	chr13	55477681	55477776	miRNA	ENSMUSG00000098341	-	Mir6944	1170
1171	Pdlim7	chr13	55495795	55513676	protein_coding	ENSMUSG00000021493	-	Pdlim7	1171
1172	Dok3	chr13	55523231	55529296	protein_coding	ENSMUSG00000035711	-	Dok3	1172
1173	Ddx41	chr13	55530410	55536658	protein_coding	ENSMUSG00000021494	-	Ddx41	1173
1174	Gm46416	chr13	55535995	55536624	lncRNA	ENSMUSG00000114633	+	Gm46416	1174
1175	Fam193b	chr13	55539316	55571120	protein_coding	ENSMUSG00000021495	-	Fam193b	1175
1176	Tmed9	chr13	55573732	55597697	protein_coding	ENSMUSG00000058569	+	Tmed9	1176
1177	B4galt7	chr13	55599896	55610443	protein_coding	ENSMUSG00000021504	+	B4galt7	1177
1178	Gm15911	chr13	55602182	55604783	lncRNA	ENSMUSG00000086506	-	Gm15911	1178
1179	Caml	chr13	55623005	55632411	protein_coding	ENSMUSG00000021501	+	Caml	1179
1180	Ddx46	chr13	55635027	55681256	protein_coding	ENSMUSG00000021500	+	Ddx46	1180
1181	B230219D22Rik	chr13	55693124	55703500	protein_coding	ENSMUSG00000045767	+	B230219D22Rik	1181
1182	Txndc15	chr13	55714650	55726227	protein_coding	ENSMUSG00000021497	+	Txndc15	1182
1183	Pcbd2	chr13	55727368	55776830	protein_coding	ENSMUSG00000021496	+	Pcbd2	1183
1184	4930451E10Rik	chr13	55775136	55784505	lncRNA	ENSMUSG00000069223	-	4930451E10Rik	1184
1185	Catsper3	chr13	55784568	55808998	protein_coding	ENSMUSG00000021499	+	Catsper3	1185
1186	Pitx1	chr13	55825051	55836192	protein_coding	ENSMUSG00000021506	-	Pitx1	1186
1187	Gm47071	chr13	55826250	56084849	lncRNA	ENSMUSG00000114493	+	Gm47071	1187
1188	Gm47072	chr13	56027384	56030234	processed_pseudogene	ENSMUSG00000114229	-	Gm47072	1188
1189	H2afy	chr13	56073619	56136361	protein_coding	ENSMUSG00000015937	-	H2afy	1189
1190	Gm25148	chr13	56167600	56167722	snoRNA	ENSMUSG00000077799	+	Gm25148	1190
1191	Tifab	chr13	56173704	56178885	protein_coding	ENSMUSG00000049625	-	Tifab	1191
1192	Gm47104	chr13	56202231	56202937	processed_pseudogene	ENSMUSG00000114341	-	Gm47104	1192
1193	4930550C17Rik	chr13	56222224	56243940	lncRNA	ENSMUSG00000097361	-	4930550C17Rik	1193
1194	Neurog1	chr13	56250478	56252163	protein_coding	ENSMUSG00000048904	-	Neurog1	1194
1195	Cxcl14	chr13	56288643	56296551	protein_coding	ENSMUSG00000021508	-	Cxcl14	1195
1196	Gm17878	chr13	56318325	56320334	processed_pseudogene	ENSMUSG00000114911	-	Gm17878	1196
1197	Gm24716	chr13	56342425	56342528	snRNA	ENSMUSG00000088149	-	Gm24716	1197
1198	Gm10782	chr13	56362900	56368857	lncRNA	ENSMUSG00000074885	+	Gm10782	1198
1199	Gm3045	chr13	56426594	56433753	protein_coding	ENSMUSG00000110477	+	Gm3045	1199
1200	Slc25a48	chr13	56438355	56474239	protein_coding	ENSMUSG00000021509	+	Slc25a48	1200
1201	Il9	chr13	56479277	56482246	protein_coding	ENSMUSG00000021538	-	Il9	1201
1202	Fbxl21	chr13	56522472	56537898	protein_coding	ENSMUSG00000035509	+	Fbxl21	1202
1203	Lect2	chr13	56542464	56548502	protein_coding	ENSMUSG00000021539	-	Lect2	1203
1204	2010203P06Rik	chr13	56595537	56596642	lncRNA	ENSMUSG00000114604	+	2010203P06Rik	1204
1205	Tgfbi	chr13	56609523	56639562	protein_coding	ENSMUSG00000035493	+	Tgfbi	1205
1206	Smad5	chr13	56703010	56742377	protein_coding	ENSMUSG00000021540	+	Smad5	1206
1207	Gm27301	chr13	56703641	56703767	misc_RNA	ENSMUSG00000098614	+	Gm27301	1207
1208	Gm27834	chr13	56703881	56704005	misc_RNA	ENSMUSG00000098732	+	Gm27834	1208
1209	Gm27271	chr13	56704030	56704199	misc_RNA	ENSMUSG00000098328	+	Gm27271	1209
1210	Gm45623	chr13	56752371	56753827	protein_coding	ENSMUSG00000110086	-	Gm45623	1210
1211	Trpc7	chr13	56773113	56895993	protein_coding	ENSMUSG00000021541	-	Trpc7	1211
1212	Gm22777	chr13	56930820	56930948	snoRNA	ENSMUSG00000077279	-	Gm22777	1212
1213	Spock1	chr13	57421195	57908332	protein_coding	ENSMUSG00000056222	-	Spock1	1213
1214	Klhl3	chr13	58000228	58113592	protein_coding	ENSMUSG00000014164	-	Klhl3	1214
1215	Mir874	chr13	58023125	58023200	miRNA	ENSMUSG00000077962	-	Mir874	1215
1216	Hnrnpa0	chr13	58125879	58128556	protein_coding	ENSMUSG00000007836	-	Hnrnpa0	1216
1217	1700066J03Rik	chr13	58146949	58149692	lncRNA	ENSMUSG00000097717	+	1700066J03Rik	1217
1218	Gm48295	chr13	58155141	58157575	lncRNA	ENSMUSG00000114309	-	Gm48295	1218
1219	Idnk	chr13	58157649	58164693	protein_coding	ENSMUSG00000050002	+	Idnk	1219
1220	Ubqln1	chr13	58176156	58215653	protein_coding	ENSMUSG00000005312	-	Ubqln1	1220
1221	Gm48357	chr13	58184896	58191318	lncRNA	ENSMUSG00000114524	-	Gm48357	1221
1222	Gm48432	chr13	58218719	58219276	processed_pseudogene	ENSMUSG00000114886	+	Gm48432	1222
1223	Gm48441	chr13	58232143	58236750	lncRNA	ENSMUSG00000114929	+	Gm48441	1223
1224	Gkap1	chr13	58233346	58275699	protein_coding	ENSMUSG00000021552	-	Gkap1	1224
1225	Gm26555	chr13	58281183	58299145	lncRNA	ENSMUSG00000097399	+	Gm26555	1225
1226	Kif27	chr13	58287502	58359122	protein_coding	ENSMUSG00000060176	-	Kif27	1226
1227	Mir6369	chr13	58313044	58313149	miRNA	ENSMUSG00000098258	-	Mir6369	1227
1228	2210016F16Rik	chr13	58379817	58385225	protein_coding	ENSMUSG00000021550	-	2210016F16Rik	1228
1229	Hnrnpk	chr13	58391142	58403343	protein_coding	ENSMUSG00000021546	-	Hnrnpk	1229
1230	Mir7-1	chr13	58392779	58392886	miRNA	ENSMUSG00000065434	-	Mir7-1	1230
1231	Rmi1	chr13	58402248	58411148	protein_coding	ENSMUSG00000035367	+	Rmi1	1231
1232	Gm47918	chr13	58443021	58444580	lncRNA	ENSMUSG00000114654	+	Gm47918	1232
1233	Slc28a3	chr13	58545399	58610877	protein_coding	ENSMUSG00000021553	-	Slc28a3	1233
1234	Gm3131	chr13	58546028	58546502	processed_pseudogene	ENSMUSG00000114234	+	Gm3131	1234
1235	Gm47942	chr13	58668624	58668839	processed_pseudogene	ENSMUSG00000114380	-	Gm47942	1235
1236	4930455J16Rik	chr13	58736408	58762360	lncRNA	ENSMUSG00000114384	-	4930455J16Rik	1236
1237	Rpl13-ps2	chr13	58756551	58757164	processed_pseudogene	ENSMUSG00000114325	+	Rpl13-ps2	1237
1238	Gm47947	chr13	58762385	58776543	lncRNA	ENSMUSG00000114808	+	Gm47947	1238
1239	Gm40968	chr13	58775458	58797448	lncRNA	ENSMUSG00000114231	-	Gm40968	1239
1240	Ntrk2	chr13	58806569	59133970	protein_coding	ENSMUSG00000055254	+	Ntrk2	1240
1241	C630044B11Rik	chr13	58812153	58814363	TEC	ENSMUSG00000114448	+	C630044B11Rik	1241
1242	Gm47423	chr13	58824218	58826994	lncRNA	ENSMUSG00000114218	-	Gm47423	1242
1243	4930415C11Rik	chr13	59054896	59084093	lncRNA	ENSMUSG00000114437	-	4930415C11Rik	1243
1244	Gm34245	chr13	59075440	59078296	TEC	ENSMUSG00000114896	-	Gm34245	1244
1245	Gm34307	chr13	59144257	59145828	lncRNA	ENSMUSG00000114208	-	Gm34307	1245
1246	Gm34354	chr13	59145873	59204327	lncRNA	ENSMUSG00000114854	+	Gm34354	1246
1247	Gm47359	chr13	59170633	59182816	lncRNA	ENSMUSG00000114393	-	Gm47359	1247
1248	Gm34558	chr13	59211622	59217172	lncRNA	ENSMUSG00000114478	-	Gm34558	1248
1249	Gm34672	chr13	59235750	59255411	lncRNA	ENSMUSG00000114743	-	Gm34672	1249
1250	Gm47360	chr13	59294819	59330243	lncRNA	ENSMUSG00000114240	-	Gm47360	1250
1251	Gm34721	chr13	59405486	59409301	lncRNA	ENSMUSG00000114200	-	Gm34721	1251
1252	Gm34788	chr13	59411618	59419254	lncRNA	ENSMUSG00000114623	-	Gm34788	1252
1253	4930455M05Rik	chr13	59419108	59423161	lncRNA	ENSMUSG00000114787	+	4930455M05Rik	1253
1254	Agtpbp1	chr13	59445742	59585227	protein_coding	ENSMUSG00000021557	-	Agtpbp1	1254
1255	A930015P04Rik	chr13	59557566	59558337	TEC	ENSMUSG00000114526	+	A930015P04Rik	1255
1256	Naa35	chr13	59585259	59635922	protein_coding	ENSMUSG00000021555	+	Naa35	1256
1257	Gm47246	chr13	59603309	59605662	TEC	ENSMUSG00000114535	+	Gm47246	1257
1258	Golm1	chr13	59634626	59675811	protein_coding	ENSMUSG00000021556	-	Golm1	1258
1259	4921517D22Rik	chr13	59687402	59694108	protein_coding	ENSMUSG00000049902	-	4921517D22Rik	1259
1260	Gm47269	chr13	59688371	59688791	processed_pseudogene	ENSMUSG00000114727	+	Gm47269	1260
1261	Spata31d1a	chr13	59699806	59710330	protein_coding	ENSMUSG00000050876	-	Spata31d1a	1261
1262	Spata31d1b	chr13	59712284	59719295	protein_coding	ENSMUSG00000091311	+	Spata31d1b	1262
1263	Spata31d1d	chr13	59725925	59731752	protein_coding	ENSMUSG00000043986	-	Spata31d1d	1263
1264	Gm46419	chr13	59726724	59750140	lncRNA	ENSMUSG00000114903	+	Gm46419	1264
1265	4930528D03Rik	chr13	59733630	59739185	lncRNA	ENSMUSG00000097502	+	4930528D03Rik	1265
1266	1700014D04Rik	chr13	59740842	59746752	protein_coding	ENSMUSG00000051054	-	1700014D04Rik	1266
1267	Isca1	chr13	59755409	59769810	protein_coding	ENSMUSG00000044792	-	Isca1	1267
1268	Gm49354	chr13	59758935	59782245	protein_coding	ENSMUSG00000114763	-	Gm49354	1268
1269	Etohd2	chr13	59769497	59775407	lncRNA	ENSMUSG00000089875	+	Etohd2	1269
1270	Tut7	chr13	59771561	59823147	protein_coding	ENSMUSG00000035248	-	Tut7	1270
1271	Gm48194	chr13	59781062	59781578	lncRNA	ENSMUSG00000114835	-	Gm48194	1271
1272	Gm34961	chr13	59823266	59833236	lncRNA	ENSMUSG00000114354	+	Gm34961	1272
1273	Gm48384	chr13	59873642	59874964	lncRNA	ENSMUSG00000114669	+	Gm48384	1273
1274	Gm19866	chr13	59901233	59915822	lncRNA	ENSMUSG00000114490	-	Gm19866	1274
1275	Gm48390	chr13	59919438	59920340	processed_pseudogene	ENSMUSG00000114308	+	Gm48390	1275
1276	A530065N20Rik	chr13	60029711	60116669	lncRNA	ENSMUSG00000114531	+	A530065N20Rik	1276
1277	Gm48396	chr13	60053684	60057625	lncRNA	ENSMUSG00000114795	-	Gm48396	1277
1278	Gm48397	chr13	60068641	60074017	lncRNA	ENSMUSG00000114734	+	Gm48397	1278
1279	Gas1	chr13	60174405	60177365	protein_coding	ENSMUSG00000052957	-	Gas1	1279
1280	Gm48488	chr13	60176682	60182862	lncRNA	ENSMUSG00000114433	+	Gm48488	1280
1281	Gm5084	chr13	60205471	60216023	lncRNA	ENSMUSG00000050765	+	Gm5084	1281
1282	Gm24999	chr13	60293672	60293772	miRNA	ENSMUSG00000080668	+	Gm24999	1282
1283	Gm10779	chr13	60331449	60333751	TEC	ENSMUSG00000114460	+	Gm10779	1283
1284	Gm35333	chr13	60422756	60434731	lncRNA	ENSMUSG00000114274	-	Gm35333	1284
1285	Gm48500	chr13	60463586	60481298	lncRNA	ENSMUSG00000114566	-	Gm48500	1285
1286	A530001N23Rik	chr13	60483504	60488808	lncRNA	ENSMUSG00000114452	-	A530001N23Rik	1286
1287	Gm25000	chr13	60529296	60529409	miRNA	ENSMUSG00000080666	-	Gm25000	1287
1288	Dapk1	chr13	60601947	60763191	protein_coding	ENSMUSG00000021559	+	Dapk1	1288
1289	Gm48582	chr13	60622967	60629395	TEC	ENSMUSG00000114501	+	Gm48582	1289
1290	Gm48583	chr13	60641790	60642009	processed_pseudogene	ENSMUSG00000114277	+	Gm48583	1290
1291	Gm10312	chr13	60771675	60772163	processed_pseudogene	ENSMUSG00000096874	+	Gm10312	1291
1292	BC051665	chr13	60781887	60786364	protein_coding	ENSMUSG00000042243	-	BC051665	1292
1293	Ctsll3	chr13	60798250	60802849	protein_coding	ENSMUSG00000056728	-	Ctsll3	1293
1294	4930486L24Rik	chr13	60842612	60864475	protein_coding	ENSMUSG00000050345	-	4930486L24Rik	1294
1295	Gm49392	chr13	60842621	60896894	protein_coding	ENSMUSG00000114635	-	Gm49392	1295
1296	Gm49393	chr13	60853230	60935590	protein_coding	ENSMUSG00000114487	-	Gm49393	1296
1297	Ctla2b	chr13	60895350	60897447	protein_coding	ENSMUSG00000074874	-	Ctla2b	1297
1298	Gm49391	chr13	60895350	60936571	protein_coding	ENSMUSG00000114432	-	Gm49391	1298
1299	Tpbpb	chr13	60901188	60904880	protein_coding	ENSMUSG00000062705	-	Tpbpb	1299
1300	Gm24594	chr13	60928086	60928184	snRNA	ENSMUSG00000084451	+	Gm24594	1300
1301	Ctla2a	chr13	60934155	60936625	protein_coding	ENSMUSG00000044258	-	Ctla2a	1301
1302	Tpbpa	chr13	60938492	60941984	protein_coding	ENSMUSG00000033834	-	Tpbpa	1302
1303	Gm40975	chr13	60955219	60959948	lncRNA	ENSMUSG00000114502	+	Gm40975	1303
1304	Gm40976	chr13	60962820	60962931	processed_pseudogene	ENSMUSG00000114663	-	Gm40976	1304
1305	Ctsj	chr13	61000179	61005959	protein_coding	ENSMUSG00000055298	-	Ctsj	1305
1306	Ctsq	chr13	61035024	61040631	protein_coding	ENSMUSG00000021439	-	Ctsq	1306
1307	Gm18064	chr13	61146226	61149807	processed_pseudogene	ENSMUSG00000114643	-	Gm18064	1307
1308	Ctsr	chr13	61159204	61164256	protein_coding	ENSMUSG00000055679	-	Ctsr	1308
1309	Cts6	chr13	61195132	61203410	protein_coding	ENSMUSG00000021441	-	Cts6	1309
1310	Cts8	chr13	61246745	61255358	protein_coding	ENSMUSG00000057446	-	Cts8	1310
1311	Gm49398	chr13	61247878	61288839	protein_coding	ENSMUSG00000114473	-	Gm49398	1311
1312	Cts8-ps	chr13	61281380	61288850	transcribed_unprocessed_pseudogene	ENSMUSG00000114867	-	Cts8-ps	1312
1313	Gm5664	chr13	61298210	61303414	unprocessed_pseudogene	ENSMUSG00000114495	-	Gm5664	1313
1314	Gm27704	chr13	61336455	61336561	miRNA	ENSMUSG00000098860	+	Gm27704	1314
1315	Cts7	chr13	61352461	61358197	protein_coding	ENSMUSG00000021440	-	Cts7	1315
1316	Cts7-ps	chr13	61436088	61439870	unprocessed_pseudogene	ENSMUSG00000114802	-	Cts7-ps	1316
1317	Ctsm-ps2	chr13	61482408	61490329	unprocessed_pseudogene	ENSMUSG00000114667	-	Ctsm-ps2	1317
1318	Gm47848	chr13	61510288	61511518	processed_pseudogene	ENSMUSG00000114928	+	Gm47848	1318
1319	Ctsm	chr13	61535743	61541839	protein_coding	ENSMUSG00000074871	-	Ctsm	1319
1320	Gm49352	chr13	61538390	61568174	protein_coding	ENSMUSG00000114904	-	Gm49352	1320
1321	Cts3	chr13	61564630	61570127	protein_coding	ENSMUSG00000074870	-	Cts3	1321
1322	Gm49357	chr13	61655303	61743770	lncRNA	ENSMUSG00000113295	+	Gm49357	1322
1323	Gm7622	chr13	61665941	61667140	processed_pseudogene	ENSMUSG00000113728	+	Gm7622	1323
1324	Gm6474	chr13	61687282	61687980	processed_pseudogene	ENSMUSG00000114023	-	Gm6474	1324
1325	Gm48116	chr13	61709556	61711238	lncRNA	ENSMUSG00000113471	+	Gm48116	1325
1326	Gm6436	chr13	61710587	61711371	processed_pseudogene	ENSMUSG00000061330	-	Gm6436	1326
1327	Gm9595	chr13	61723588	61724331	processed_pseudogene	ENSMUSG00000113899	+	Gm9595	1327
1328	Selenok-ps4	chr13	61799903	61800179	processed_pseudogene	ENSMUSG00000095905	+	Selenok-ps4	1328
1329	Gm7240	chr13	61804257	61861675	transcribed_processed_pseudogene	ENSMUSG00000113626	+	Gm7240	1329
1330	Gm24193	chr13	61823544	61823664	miRNA	ENSMUSG00000080451	-	Gm24193	1330
1331	Gm48228	chr13	62006640	62126102	lncRNA	ENSMUSG00000114036	-	Gm48228	1331
1332	Gm25649	chr13	62013035	62013144	miRNA	ENSMUSG00000094096	-	Gm25649	1332
1333	Gm3325	chr13	62015605	62050986	transcribed_processed_pseudogene	ENSMUSG00000113836	+	Gm3325	1333
1334	Gm6478	chr13	62035422	62036163	processed_pseudogene	ENSMUSG00000074868	+	Gm6478	1334
1335	Gm40977	chr13	62097748	62112047	lncRNA	ENSMUSG00000113566	+	Gm40977	1335
1336	Selenok-ps5	chr13	62125729	62126006	processed_pseudogene	ENSMUSG00000113504	+	Selenok-ps5	1336
1337	Zfp808	chr13	62129886	62236144	protein_coding	ENSMUSG00000074867	+	Zfp808	1337
1338	Gm23713	chr13	62136762	62136831	snoRNA	ENSMUSG00000095111	+	Gm23713	1338
1339	Gm24539	chr13	62136930	62137062	snoRNA	ENSMUSG00000093874	+	Gm24539	1339
1340	Gm36501	chr13	62151170	62151914	processed_pseudogene	ENSMUSG00000113690	+	Gm36501	1340
1341	Gm3333	chr13	62263566	62275253	transcribed_processed_pseudogene	ENSMUSG00000113081	+	Gm3333	1341
1342	Gm3338	chr13	62322396	62322664	processed_pseudogene	ENSMUSG00000113107	+	Gm3338	1342
1343	Gm19792	chr13	62336463	62340727	lncRNA	ENSMUSG00000113495	-	Gm19792	1343
1344	Gm3604	chr13	62368328	62383177	protein_coding	ENSMUSG00000094942	-	Gm3604	1344
1345	Gm23855	chr13	62384918	62385052	snoRNA	ENSMUSG00000089002	+	Gm23855	1345
1346	Gm48690	chr13	62385104	62385416	processed_pseudogene	ENSMUSG00000113151	+	Gm48690	1346
1347	Selenok-ps6	chr13	62387651	62387933	processed_pseudogene	ENSMUSG00000113865	-	Selenok-ps6	1347
1348	Gm48691	chr13	62402493	62417043	transcribed_processed_pseudogene	ENSMUSG00000113623	-	Gm48691	1348
1349	Gm48699	chr13	62432866	62434390	TEC	ENSMUSG00000113812	-	Gm48699	1349
1350	Gm48701	chr13	62449317	62451609	TEC	ENSMUSG00000113841	-	Gm48701	1350
1351	Gm49359	chr13	62453016	62466832	protein_coding	ENSMUSG00000113450	-	Gm49359	1351
1352	Zfp935	chr13	62453715	62558511	protein_coding	ENSMUSG00000055228	-	Zfp935	1352
1353	Gm22256	chr13	62466865	62466971	miRNA	ENSMUSG00000076246	+	Gm22256	1353
1354	Zfp934	chr13	62479827	62571199	protein_coding	ENSMUSG00000074865	-	Zfp934	1354
1355	Gm7664	chr13	62528216	62528960	processed_pseudogene	ENSMUSG00000113428	-	Gm7664	1355
1356	Gm24095	chr13	62543203	62543335	snoRNA	ENSMUSG00000096563	-	Gm24095	1356
1357	Gm22615	chr13	62543434	62543503	snoRNA	ENSMUSG00000094815	-	Gm22615	1357
1358	6720489N17Rik	chr13	62603013	62624182	protein_coding	ENSMUSG00000072066	-	6720489N17Rik	1358
1359	Gm24020	chr13	62624194	62624301	miRNA	ENSMUSG00000095020	+	Gm24020	1359
1360	Gm36298	chr13	62639886	62643252	processed_pseudogene	ENSMUSG00000114172	-	Gm36298	1360
1361	Gm7045	chr13	62670299	62670903	processed_pseudogene	ENSMUSG00000113473	-	Gm7045	1361
1362	Platr25	chr13	62671784	62760709	protein_coding	ENSMUSG00000074863	-	Platr25	1362
1363	Gm48735	chr13	62681192	62682501	TEC	ENSMUSG00000113601	-	Gm48735	1363
1364	Gm48734	chr13	62734907	62737195	TEC	ENSMUSG00000113078	-	Gm48734	1364
1365	Gm5141	chr13	62772200	62785808	protein_coding	ENSMUSG00000091183	-	Gm5141	1365
1366	Gm21963	chr13	62778782	62779111	processed_pseudogene	ENSMUSG00000095895	+	Gm21963	1366
1367	Gm24588	chr13	62779594	62779676	miRNA	ENSMUSG00000080346	+	Gm24588	1367
1368	Gm7049	chr13	62813076	62814787	processed_pseudogene	ENSMUSG00000113637	+	Gm7049	1368
1369	Gm48795	chr13	62813969	62815523	lncRNA	ENSMUSG00000114117	-	Gm48795	1369
1370	Fbp2	chr13	62836877	62858422	protein_coding	ENSMUSG00000021456	-	Fbp2	1370
1371	Fbp1	chr13	62864753	62888282	protein_coding	ENSMUSG00000069805	-	Fbp1	1371
1372	Gm48812	chr13	62944561	62949442	lncRNA	ENSMUSG00000113057	-	Gm48812	1372
1373	Aopep	chr13	62964893	63326096	protein_coding	ENSMUSG00000021458	+	Aopep	1373
1374	Gm47584	chr13	63009959	63011240	TEC	ENSMUSG00000113708	+	Gm47584	1374
1375	Gm30409	chr13	63134051	63134511	lncRNA	ENSMUSG00000113257	+	Gm30409	1375
1376	Gm47587	chr13	63142494	63143934	lncRNA	ENSMUSG00000113203	+	Gm47587	1376
1377	Gm47583	chr13	63210950	63214374	TEC	ENSMUSG00000113853	+	Gm47583	1377
1378	Gm47586	chr13	63244221	63246248	TEC	ENSMUSG00000113326	+	Gm47586	1378
1379	Gm47603	chr13	63253024	63255564	TEC	ENSMUSG00000113665	-	Gm47603	1379
1380	Gm47585	chr13	63273600	63275911	TEC	ENSMUSG00000114104	+	Gm47585	1380
1381	Gm47602	chr13	63276905	63279224	TEC	ENSMUSG00000113472	-	Gm47602	1381
1382	Fancc	chr13	63285043	63497278	protein_coding	ENSMUSG00000021461	-	Fancc	1382
1383	Mir3074-1	chr13	63301199	63301283	miRNA	ENSMUSG00000092741	-	Mir3074-1	1383
1384	Mir24-1	chr13	63301208	63301275	miRNA	ENSMUSG00000105904	+	Mir24-1	1384
1385	Gm16133	chr13	63329556	63339961	lncRNA	ENSMUSG00000089854	+	Gm16133	1385
1386	Gm16132	chr13	63376761	63381045	lncRNA	ENSMUSG00000090232	-	Gm16132	1386
1387	Gm47588	chr13	63410918	63414767	TEC	ENSMUSG00000113126	-	Gm47588	1387
1388	Gm16134	chr13	63446930	63447265	processed_pseudogene	ENSMUSG00000089868	-	Gm16134	1388
1389	Ptch1	chr13	63508328	63573598	protein_coding	ENSMUSG00000021466	-	Ptch1	1389
1390	A930032L01Rik	chr13	63567098	63568054	TEC	ENSMUSG00000102282	-	A930032L01Rik	1390
1391	Gm30655	chr13	63575051	63582562	lncRNA	ENSMUSG00000113459	+	Gm30655	1391
1392	Gm30709	chr13	63621500	63627379	lncRNA	ENSMUSG00000113453	-	Gm30709	1392
1393	Gm47387	chr13	63661797	63662161	processed_pseudogene	ENSMUSG00000113700	+	Gm47387	1393
1394	1700024I08Rik	chr13	63675756	63734298	lncRNA	ENSMUSG00000113825	-	1700024I08Rik	1394
1395	Gm47390	chr13	63730149	63734599	lncRNA	ENSMUSG00000114071	+	Gm47390	1395
1396	Gm47418	chr13	63794106	63795428	lncRNA	ENSMUSG00000114092	+	Gm47418	1396
1397	Ercc6l2	chr13	63815240	63900302	protein_coding	ENSMUSG00000021470	+	Ercc6l2	1397
1398	Gm47424	chr13	63861082	63862291	lncRNA	ENSMUSG00000114095	+	Gm47424	1398
1399	Gm7695	chr13	63945881	63946521	processed_pseudogene	ENSMUSG00000113340	-	Gm7695	1399
1400	Hsd17b3	chr13	64058266	64089230	protein_coding	ENSMUSG00000033122	-	Hsd17b3	1400
1401	Slc35d2	chr13	64096308	64129368	protein_coding	ENSMUSG00000033114	-	Slc35d2	1401
1402	Zfp367	chr13	64133018	64153202	protein_coding	ENSMUSG00000044934	-	Zfp367	1402
1403	Gm47513	chr13	64152581	64154596	TEC	ENSMUSG00000114165	+	Gm47513	1403
1404	Habp4	chr13	64161824	64186537	protein_coding	ENSMUSG00000021476	+	Habp4	1404
1405	Cdc14b	chr13	64189268	64275290	protein_coding	ENSMUSG00000033102	-	Cdc14b	1405
1406	Gm46424	chr13	64210523	64210690	processed_pseudogene	ENSMUSG00000113804	+	Gm46424	1406
1407	1810034E14Rik	chr13	64248700	64271852	lncRNA	ENSMUSG00000097101	+	1810034E14Rik	1407
1408	Gm47004	chr13	64262114	64264374	TEC	ENSMUSG00000113603	+	Gm47004	1408
1409	Prxl2c	chr13	64275280	64312710	protein_coding	ENSMUSG00000021482	-	Prxl2c	1409
1410	Gm47003	chr13	64291077	64298039	lncRNA	ENSMUSG00000113816	+	Gm47003	1410
1411	Gm25654	chr13	64296437	64296524	snRNA	ENSMUSG00000089092	-	Gm25654	1411
1412	CT030159.1	chr13	64322183	64322918	processed_pseudogene	ENSMUSG00000118556	-	CT030159.1	1412
1413	Ctsl	chr13	64359337	64370890	protein_coding	ENSMUSG00000021477	-	Ctsl	1413
1414	Gm47123	chr13	64361052	64363022	lncRNA	ENSMUSG00000113683	+	Gm47123	1414
1415	Gm49230	chr13	64361343	64361737	processed_pseudogene	ENSMUSG00000114072	-	Gm49230	1415
1416	1700015C15Rik	chr13	64427780	64432402	lncRNA	ENSMUSG00000113696	-	1700015C15Rik	1416
1417	Cdk20	chr13	64432314	64441773	protein_coding	ENSMUSG00000021483	+	Cdk20	1417
1418	Gm31218	chr13	64449437	64508611	lncRNA	ENSMUSG00000113244	+	Gm31218	1418
1419	Gm7712	chr13	64454413	64458923	transcribed_processed_pseudogene	ENSMUSG00000113109	-	Gm7712	1419
1420	Fam240b	chr13	64481246	64497792	protein_coding	ENSMUSG00000096537	-	Fam240b	1420
1421	Gm4810	chr13	64509490	64511096	processed_pseudogene	ENSMUSG00000094597	+	Gm4810	1421
1422	Gm47191	chr13	64611860	64619498	transcribed_processed_pseudogene	ENSMUSG00000113850	+	Gm47191	1422
1423	Gm47193	chr13	64619550	64625002	lncRNA	ENSMUSG00000113124	+	Gm47193	1423
1424	Gm5791	chr13	64624272	64624760	processed_pseudogene	ENSMUSG00000113753	-	Gm5791	1424
1425	Gm4935	chr13	64673863	64675060	processed_pseudogene	ENSMUSG00000113405	+	Gm4935	1425
1426	Gm47194	chr13	64674539	64685275	lncRNA	ENSMUSG00000114168	-	Gm47194	1426
1427	Gm7065	chr13	64703158	64703631	processed_pseudogene	ENSMUSG00000113469	+	Gm7065	1427
1428	Cntnap3	chr13	64736182	64903955	protein_coding	ENSMUSG00000033063	-	Cntnap3	1428
1429	Eif1-ps2	chr13	64913972	64914310	processed_pseudogene	ENSMUSG00000114179	+	Eif1-ps2	1429
1430	Spata31	chr13	64917406	64923194	protein_coding	ENSMUSG00000056223	+	Spata31	1430
1431	Gm4811	chr13	64927942	64929161	processed_pseudogene	ENSMUSG00000113263	-	Gm4811	1431
1432	Gm6888	chr13	64998934	65000335	processed_pseudogene	ENSMUSG00000113807	+	Gm6888	1432
1433	Spata31d1c	chr13	65033058	65038004	protein_coding	ENSMUSG00000074849	+	Spata31d1c	1433
1434	Prss47	chr13	65044606	65052760	protein_coding	ENSMUSG00000090658	-	Prss47	1434
1435	Mfsd14b	chr13	65064663	65112975	protein_coding	ENSMUSG00000038212	-	Mfsd14b	1435
1436	Gm3785	chr13	65125878	65126079	processed_pseudogene	ENSMUSG00000114162	+	Gm3785	1436
1437	Olfr465-ps1	chr13	65138089	65146047	protein_coding	ENSMUSG00000108426	+	Olfr465-ps1	1437
1438	Olfr466	chr13	65150240	65156152	protein_coding	ENSMUSG00000049806	+	Olfr466	1438
1439	Gm24130	chr13	65158258	65158408	snoRNA	ENSMUSG00000089161	+	Gm24130	1439
1440	Nlrp4f	chr13	65177111	65205977	protein_coding	ENSMUSG00000032999	-	Nlrp4f	1440
1441	Gm47249	chr13	65212111	65214903	lncRNA	ENSMUSG00000113500	+	Gm47249	1441
1442	Gm36445	chr13	65241753	65250154	lncRNA	ENSMUSG00000110393	+	Gm36445	1442
1443	Gm47251	chr13	65252704	65253703	lncRNA	ENSMUSG00000113238	-	Gm47251	1443
1444	Gm10775	chr13	65259539	65260826	protein_coding	ENSMUSG00000074847	+	Gm10775	1444
1445	Gm47254	chr13	65264677	65264878	unprocessed_pseudogene	ENSMUSG00000112960	-	Gm47254	1445
1446	Zfp369	chr13	65278814	65304221	protein_coding	ENSMUSG00000021514	+	Zfp369	1446
1447	Gm47258	chr13	65289453	65290794	TEC	ENSMUSG00000114016	+	Gm47258	1447
1448	Gm3800	chr13	65313758	65314311	processed_pseudogene	ENSMUSG00000114194	+	Gm3800	1448
1449	Gm47263	chr13	65332907	65333113	processed_pseudogene	ENSMUSG00000113990	-	Gm47263	1449
1450	Gm7762	chr13	65336222	65348597	lncRNA	ENSMUSG00000113406	-	Gm7762	1450
1451	Gm47264	chr13	65345127	65345282	processed_pseudogene	ENSMUSG00000114142	+	Gm47264	1451
1452	Vmn2r-ps95	chr13	65353256	65364427	unprocessed_pseudogene	ENSMUSG00000113145	-	Vmn2r-ps95	1452
1453	Gm7768	chr13	65368150	65368746	processed_pseudogene	ENSMUSG00000113551	-	Gm7768	1453
1454	Gm40983	chr13	65380329	65382097	lncRNA	ENSMUSG00000112935	+	Gm40983	1454
1455	Gm21930	chr13	65396555	65397678	processed_pseudogene	ENSMUSG00000113911	-	Gm21930	1455
1456	Gm48111	chr13	65404296	65408136	processed_pseudogene	ENSMUSG00000113388	+	Gm48111	1456
1457	Cbx3-ps5	chr13	65416601	65417144	processed_pseudogene	ENSMUSG00000113207	+	Cbx3-ps5	1457
1458	Vmn2r-ps96	chr13	65421635	65435539	unprocessed_pseudogene	ENSMUSG00000114065	-	Vmn2r-ps96	1458
1459	Hmgb1-ps11	chr13	65436524	65437144	processed_pseudogene	ENSMUSG00000113709	-	Hmgb1-ps11	1459
1460	Gm48136	chr13	65478385	65479292	processed_pseudogene	ENSMUSG00000114031	-	Gm48136	1460
1461	Gm48165	chr13	65487439	65624203	transcribed_unprocessed_pseudogene	ENSMUSG00000113468	+	Gm48165	1461
1462	Gm48168	chr13	65491789	65496793	lncRNA	ENSMUSG00000113955	-	Gm48168	1462
1463	Gm48166	chr13	65493490	65630774	lncRNA	ENSMUSG00000113618	+	Gm48166	1463
1464	Gm10139	chr13	65512678	65512848	protein_coding	ENSMUSG00000063905	+	Gm10139	1464
1465	Gm48171	chr13	65514187	65514978	processed_pseudogene	ENSMUSG00000113008	+	Gm48171	1465
1466	Gm48167	chr13	65541990	65542205	processed_pseudogene	ENSMUSG00000113482	-	Gm48167	1466
1467	Cbx3-ps2	chr13	65559168	65559711	processed_pseudogene	ENSMUSG00000113565	+	Cbx3-ps2	1467
1468	Vmn2r-ps97	chr13	65564206	65578024	unprocessed_pseudogene	ENSMUSG00000113381	-	Vmn2r-ps97	1468
1469	Gm3829	chr13	65579040	65579658	processed_pseudogene	ENSMUSG00000113118	-	Gm3829	1469
1470	Gm26639	chr13	65590293	65591561	lncRNA	ENSMUSG00000097562	-	Gm26639	1470
1471	Gm48170	chr13	65615824	65620243	lncRNA	ENSMUSG00000113135	-	Gm48170	1471
1472	Gm48185	chr13	65649558	65650349	processed_pseudogene	ENSMUSG00000113870	+	Gm48185	1472
1473	Gm19428	chr13	65689613	65713454	transcribed_processed_pseudogene	ENSMUSG00000113260	-	Gm19428	1473
1474	Vmn2r-ps98	chr13	65727793	65734016	unprocessed_pseudogene	ENSMUSG00000117836	-	Vmn2r-ps98	1474
1475	Gm38428	chr13	65761225	65762513	processed_pseudogene	ENSMUSG00000113712	-	Gm38428	1475
1476	Gm7822	chr13	65874239	65874819	processed_pseudogene	ENSMUSG00000113954	+	Gm7822	1476
1477	Vmn2r-ps99	chr13	65875884	65889731	transcribed_unprocessed_pseudogene	ENSMUSG00000113945	+	Vmn2r-ps99	1477
1478	Vmn2r-ps100	chr13	65944036	65948582	unprocessed_pseudogene	ENSMUSG00000113723	+	Vmn2r-ps100	1478
1479	Gm40987	chr13	65976343	65982791	lncRNA	ENSMUSG00000113559	-	Gm40987	1479
1480	Gm48220	chr13	65994038	65995128	processed_pseudogene	ENSMUSG00000113653	+	Gm48220	1480
1481	Gm48221	chr13	65994049	65995400	lncRNA	ENSMUSG00000113173	-	Gm48221	1481
1482	Rybp-ps	chr13	66007737	66008417	processed_pseudogene	ENSMUSG00000055763	+	Rybp-ps	1482
1483	Gm48222	chr13	66032209	66040247	lncRNA	ENSMUSG00000113760	+	Gm48222	1483
1484	Gm10324	chr13	66113480	66122836	protein_coding	ENSMUSG00000095909	+	Gm10324	1484
1485	AC192334.1	chr13	66119040	66129693	lncRNA	ENSMUSG00000118427	-	AC192334.1	1485
1486	Gm45965	chr13	66163779	66165062	processed_pseudogene	ENSMUSG00000113477	+	Gm45965	1486
1487	Vmn2r-ps102	chr13	66192322	66198556	transcribed_unprocessed_pseudogene	ENSMUSG00000113350	+	Vmn2r-ps102	1487
1488	Gm48240	chr13	66221378	66222470	processed_pseudogene	ENSMUSG00000113713	-	Gm48240	1488
1489	Gm10772	chr13	66227319	66227573	protein_coding	ENSMUSG00000091347	-	Gm10772	1489
1490	Gm48241	chr13	66240777	66240929	processed_pseudogene	ENSMUSG00000113253	+	Gm48241	1490
1491	Gm26754	chr13	66244270	66451277	lncRNA	ENSMUSG00000114616	+	Gm26754	1491
1492	Vmn2r-ps103	chr13	66249281	66255539	unprocessed_pseudogene	ENSMUSG00000114027	-	Vmn2r-ps103	1492
1493	Gm46426	chr13	66281136	66284067	processed_pseudogene	ENSMUSG00000114550	-	Gm46426	1493
1494	Gm18260	chr13	66308304	66309296	processed_pseudogene	ENSMUSG00000114776	-	Gm18260	1494
1495	Gm48246	chr13	66334682	66334879	processed_pseudogene	ENSMUSG00000114328	-	Gm48246	1495
1496	C330022B21Rik	chr13	66340586	66342935	processed_pseudogene	ENSMUSG00000114729	-	C330022B21Rik	1496
1497	Vmn2r-ps104	chr13	66350919	66401873	transcribed_unprocessed_pseudogene	ENSMUSG00000094499	-	Vmn2r-ps104	1497
1498	Gm48244	chr13	66396552	66397532	processed_pseudogene	ENSMUSG00000114629	-	Gm48244	1498
1499	Gm19119	chr13	66398531	66399255	processed_pseudogene	ENSMUSG00000114825	+	Gm19119	1499
1500	2410141K09Rik	chr13	66418114	66441118	protein_coding	ENSMUSG00000074832	-	2410141K09Rik	1500
1501	Gm48322	chr13	66454648	66455354	processed_pseudogene	ENSMUSG00000114343	-	Gm48322	1501
1502	Gm26806	chr13	66503160	66519887	lncRNA	ENSMUSG00000097483	-	Gm26806	1502
1503	Vmn2r-ps105	chr13	66512195	66517604	unprocessed_pseudogene	ENSMUSG00000114684	+	Vmn2r-ps105	1503
1504	Gm46427	chr13	66525979	66529344	processed_pseudogene	ENSMUSG00000114777	+	Gm46427	1504
1505	Gm48351	chr13	66534025	66534222	processed_pseudogene	ENSMUSG00000114685	+	Gm48351	1505
1506	Gm48360	chr13	66549713	66551220	processed_pseudogene	ENSMUSG00000114434	-	Gm48360	1506
1507	Gm49531	chr13	66565945	66566038	processed_pseudogene	ENSMUSG00000114645	-	Gm49531	1507
1508	Gm10769	chr13	66572921	66575911	processed_pseudogene	ENSMUSG00000114426	+	Gm10769	1508
1509	Gm27501	chr13	66586810	66586916	miRNA	ENSMUSG00000098452	-	Gm27501	1509
1510	Gm49532	chr13	66591913	66592013	processed_pseudogene	ENSMUSG00000114262	-	Gm49532	1510
1511	Gm48361	chr13	66621686	66622905	processed_pseudogene	ENSMUSG00000114814	-	Gm48361	1511
1512	Zfp640	chr13	66669928	66698243	transcribed_processed_pseudogene	ENSMUSG00000074830	-	Zfp640	1512
1513	Gm40988	chr13	66680954	66708957	lncRNA	ENSMUSG00000114327	+	Gm40988	1513
1514	Vmn2r-ps106	chr13	66682839	66688352	unprocessed_pseudogene	ENSMUSG00000114549	-	Vmn2r-ps106	1514
1515	Gm40989	chr13	66738371	66741313	processed_pseudogene	ENSMUSG00000114839	-	Gm40989	1515
1516	Gm48404	chr13	66756334	66756486	processed_pseudogene	ENSMUSG00000114423	-	Gm48404	1516
1517	Gm48412	chr13	66777441	66779142	lncRNA	ENSMUSG00000114226	+	Gm48412	1517
1518	Gm7896	chr13	66792070	66802560	transcribed_processed_pseudogene	ENSMUSG00000114353	-	Gm7896	1518
1519	Vmn2r-ps108	chr13	66809021	66815219	unprocessed_pseudogene	ENSMUSG00000117784	-	Vmn2r-ps108	1519
1520	Gm48414	chr13	66845824	66846036	processed_pseudogene	ENSMUSG00000114793	-	Gm48414	1520
1521	Gm10323	chr13	66849651	66854871	processed_pseudogene	ENSMUSG00000114816	-	Gm10323	1521
1522	Cbx3-ps4	chr13	66864524	66865072	processed_pseudogene	ENSMUSG00000071294	+	Cbx3-ps4	1522
1523	Vmn2r-ps109	chr13	66869553	66873358	unprocessed_pseudogene	ENSMUSG00000114489	-	Vmn2r-ps109	1523
1524	Gm5451	chr13	66874081	66874659	processed_pseudogene	ENSMUSG00000095847	+	Gm5451	1524
1525	Gm7911	chr13	66875090	66875710	processed_pseudogene	ENSMUSG00000114374	-	Gm7911	1525
1526	Uqcrb	chr13	66900617	66905378	protein_coding	ENSMUSG00000021520	-	Uqcrb	1526
1527	Gm10767	chr13	66904914	66909236	protein_coding	ENSMUSG00000074826	+	Gm10767	1527
1528	Mterf3	chr13	66906968	66933088	protein_coding	ENSMUSG00000021519	-	Mterf3	1528
1529	Ptdss1	chr13	66932830	66998401	protein_coding	ENSMUSG00000021518	+	Ptdss1	1529
1530	4933433G19Rik	chr13	66996819	67032408	lncRNA	ENSMUSG00000114362	-	4933433G19Rik	1530
1531	Zfp712	chr13	67038596	67061170	protein_coding	ENSMUSG00000090641	-	Zfp712	1531
1532	Gm48705	chr13	67050735	67051025	processed_pseudogene	ENSMUSG00000114834	+	Gm48705	1532
1533	Gm46440	chr13	67060505	67092042	lncRNA	ENSMUSG00000114516	+	Gm46440	1533
1534	Gm28557	chr13	67069399	67108604	protein_coding	ENSMUSG00000100235	-	Gm28557	1534
1535	Zfp708	chr13	67069399	67097976	protein_coding	ENSMUSG00000058883	-	Zfp708	1535
1536	Gm17938	chr13	67089485	67090130	processed_pseudogene	ENSMUSG00000114603	+	Gm17938	1536
1537	Rslcan18	chr13	67096613	67116263	protein_coding	ENSMUSG00000074824	-	Rslcan18	1537
1538	Zfp759	chr13	67121660	67141787	protein_coding	ENSMUSG00000057396	+	Zfp759	1538
1539	Gm48732	chr13	67143672	67145366	lncRNA	ENSMUSG00000114568	-	Gm48732	1539
1540	Gm48733	chr13	67167781	67168778	transcribed_processed_pseudogene	ENSMUSG00000114677	+	Gm48733	1540
1541	Rsl1	chr13	67173182	67184044	protein_coding	ENSMUSG00000058900	+	Rsl1	1541
1542	Gm9626	chr13	67187387	67188177	processed_pseudogene	ENSMUSG00000114805	+	Gm9626	1542
1543	Zfp455	chr13	67194506	67209298	protein_coding	ENSMUSG00000051037	+	Zfp455	1543
1544	Gm49064	chr13	67226997	67229969	lncRNA	ENSMUSG00000114771	-	Gm49064	1544
1545	Zfp458	chr13	67254918	67278466	protein_coding	ENSMUSG00000055480	-	Zfp458	1545
1546	F630042J09Rik	chr13	67278577	67283361	lncRNA	ENSMUSG00000114442	+	F630042J09Rik	1546
1547	Zfp457	chr13	67288138	67306485	protein_coding	ENSMUSG00000055341	-	Zfp457	1547
1548	Gm48824	chr13	67307334	67308907	lncRNA	ENSMUSG00000114863	-	Gm48824	1548
1549	Zfp595	chr13	67312998	67332570	protein_coding	ENSMUSG00000057842	-	Zfp595	1549
1550	Gm28044	chr13	67317942	67360536	protein_coding	ENSMUSG00000098781	-	Gm28044	1550
1551	Zfp953	chr13	67339306	67360605	protein_coding	ENSMUSG00000098905	-	Zfp953	1551
1552	Gm28041	chr13	67345246	67375733	protein_coding	ENSMUSG00000098692	-	Gm28041	1552
1553	Gm17039	chr13	67360671	67365679	lncRNA	ENSMUSG00000092103	+	Gm17039	1553
1554	Zfp456	chr13	67362113	67375810	protein_coding	ENSMUSG00000078995	-	Zfp456	1554
1555	Zfp429	chr13	67387905	67399819	protein_coding	ENSMUSG00000078994	-	Zfp429	1555
1556	Gm48900	chr13	67390475	67408858	lncRNA	ENSMUSG00000114726	+	Gm48900	1556
1557	Zfp459	chr13	67405709	67421418	protein_coding	ENSMUSG00000055560	-	Zfp459	1557
1558	Zfp874a	chr13	67424549	67451624	protein_coding	ENSMUSG00000069206	-	Zfp874a	1558
1559	Gm38307	chr13	67451658	67453497	TEC	ENSMUSG00000103398	+	Gm38307	1559
1560	Gm7928	chr13	67460000	67460700	processed_pseudogene	ENSMUSG00000097244	+	Gm7928	1560
1561	Zfp874b	chr13	67471513	67484258	protein_coding	ENSMUSG00000059839	-	Zfp874b	1561
1562	Gm48899	chr13	67472478	67473500	lncRNA	ENSMUSG00000114788	+	Gm48899	1562
1563	Zfp58	chr13	67490167	67500555	protein_coding	ENSMUSG00000071291	-	Zfp58	1563
1564	Gm26965	chr13	67491152	67526151	protein_coding	ENSMUSG00000097565	-	Gm26965	1564
1565	Zfp87	chr13	67515781	67526177	protein_coding	ENSMUSG00000097333	-	Zfp87	1565
1566	Zfp748	chr13	67538641	67553830	protein_coding	ENSMUSG00000095432	-	Zfp748	1566
1567	9430065F17Rik	chr13	67553035	67564010	lncRNA	ENSMUSG00000097360	+	9430065F17Rik	1567
1568	Zfp729b	chr13	67589439	67609707	protein_coding	ENSMUSG00000058093	-	Zfp729b	1568
1569	Gm49345	chr13	67592159	67637769	protein_coding	ENSMUSG00000114923	-	Gm49345	1569
1570	Zfp729a	chr13	67612763	67637791	protein_coding	ENSMUSG00000021510	-	Zfp729a	1570
1571	Gm48095	chr13	67658669	67667943	lncRNA	ENSMUSG00000114264	+	Gm48095	1571
1572	Zfp738	chr13	67658685	67687071	protein_coding	ENSMUSG00000048280	-	Zfp738	1572
1573	Gm26587	chr13	67660457	67661445	processed_pseudogene	ENSMUSG00000097470	+	Gm26587	1573
1574	Gm26875	chr13	67699082	67700031	processed_pseudogene	ENSMUSG00000097371	+	Gm26875	1574
1575	Zfp65	chr13	67705309	67729173	protein_coding	ENSMUSG00000071281	-	Zfp65	1575
1576	Gm48894	chr13	67725060	67725438	processed_pseudogene	ENSMUSG00000114887	-	Gm48894	1576
1577	Zfp85os	chr13	67729262	67756838	lncRNA	ENSMUSG00000044081	+	Zfp85os	1577
1578	Zfp85	chr13	67747800	67755228	protein_coding	ENSMUSG00000058331	-	Zfp85	1578
1579	Gm9894	chr13	67762714	67773451	unprocessed_pseudogene	ENSMUSG00000052909	-	Gm9894	1579
1580	Zfp493	chr13	67779693	67792512	protein_coding	ENSMUSG00000090659	+	Zfp493	1580
1581	4930525G20Rik	chr13	67796594	67830985	lncRNA	ENSMUSG00000097276	-	4930525G20Rik	1581
1582	Gm9625	chr13	67810246	67811200	processed_pseudogene	ENSMUSG00000097906	+	Gm9625	1582
1583	Zfp273	chr13	67813740	67827002	protein_coding	ENSMUSG00000030446	+	Zfp273	1583
1584	Gm10037	chr13	67831106	67844035	protein_coding	ENSMUSG00000058246	+	Gm10037	1584
1585	BC048507	chr13	67863326	67863925	protein_coding	ENSMUSG00000064063	+	BC048507	1585
1586	AA414992	chr13	68181294	68182869	TEC	ENSMUSG00000113342	+	AA414992	1586
1587	Gm8016	chr13	68353364	68356825	lncRNA	ENSMUSG00000113050	-	Gm8016	1587
1588	Gm48436	chr13	68488998	68491389	lncRNA	ENSMUSG00000113394	-	Gm48436	1588
1589	Mtrr	chr13	68560780	68582149	protein_coding	ENSMUSG00000034617	-	Mtrr	1589
1590	Fastkd3	chr13	68582234	68592338	protein_coding	ENSMUSG00000021532	+	Fastkd3	1590
1591	Gm48556	chr13	68590481	68594722	lncRNA	ENSMUSG00000112985	-	Gm48556	1591
1592	1700001L19Rik	chr13	68597421	68614231	protein_coding	ENSMUSG00000021534	+	1700001L19Rik	1592
1593	Adcy2	chr13	68620043	68999541	protein_coding	ENSMUSG00000021536	-	Adcy2	1593
1594	Gm26929	chr13	68810080	68810832	processed_pseudogene	ENSMUSG00000098242	+	Gm26929	1594
1595	Gm7979	chr13	68856533	68857557	processed_pseudogene	ENSMUSG00000113859	+	Gm7979	1595
1596	Gm48593	chr13	68995537	68998019	TEC	ENSMUSG00000113505	-	Gm48593	1596
1597	Gm35161	chr13	68998793	69031550	lncRNA	ENSMUSG00000113121	+	Gm35161	1597
1598	Gm37122	chr13	69016622	69018188	TEC	ENSMUSG00000103035	+	Gm37122	1598
1599	Gm26844	chr13	69141229	69143965	lncRNA	ENSMUSG00000097522	+	Gm26844	1599
1600	Gm4812	chr13	69345655	69346647	processed_pseudogene	ENSMUSG00000098227	+	Gm4812	1600
1601	Gm35514	chr13	69395583	69396318	lncRNA	ENSMUSG00000113595	+	Gm35514	1601
1602	Tent4a	chr13	69497959	69534617	protein_coding	ENSMUSG00000034575	-	Tent4a	1602
1603	Gm48676	chr13	69514000	69514176	processed_pseudogene	ENSMUSG00000113486	+	Gm48676	1603
1604	Nsun2	chr13	69533746	69635780	protein_coding	ENSMUSG00000021595	+	Nsun2	1604
1605	A530095I07Rik	chr13	69543046	69544023	lncRNA	ENSMUSG00000051805	-	A530095I07Rik	1605
1606	Srd5a1	chr13	69573449	69611442	protein_coding	ENSMUSG00000021594	-	Srd5a1	1606
1607	Gm17108	chr13	69610498	69614901	lncRNA	ENSMUSG00000091133	-	Gm17108	1607
1608	Gm17872	chr13	69654775	69655512	processed_pseudogene	ENSMUSG00000113790	-	Gm17872	1608
1609	Gm48816	chr13	69662055	69662420	processed_pseudogene	ENSMUSG00000113635	+	Gm48816	1609
1610	Gm48817	chr13	69664483	69665833	processed_pseudogene	ENSMUSG00000114037	-	Gm48817	1610
1611	Gm18313	chr13	69666718	69668944	processed_pseudogene	ENSMUSG00000114171	-	Gm18313	1611
1612	Gm35618	chr13	69680589	69697676	lncRNA	ENSMUSG00000113299	-	Gm35618	1612
1613	Gm48819	chr13	69697811	69700895	lncRNA	ENSMUSG00000113324	+	Gm48819	1613
1614	Ube2ql1	chr13	69702832	69739889	protein_coding	ENSMUSG00000052981	-	Ube2ql1	1614
1615	4930547H16Rik	chr13	69771518	69772632	lncRNA	ENSMUSG00000112957	-	4930547H16Rik	1615
1616	Gm20288	chr13	69775436	69775615	processed_pseudogene	ENSMUSG00000113639	+	Gm20288	1616
1617	Med10	chr13	69802395	69816104	protein_coding	ENSMUSG00000021598	+	Med10	1617
1618	4933416O17Rik	chr13	69959833	69963437	lncRNA	ENSMUSG00000113802	+	4933416O17Rik	1618
1619	1700084F23Rik	chr13	70004050	70028348	lncRNA	ENSMUSG00000099639	-	1700084F23Rik	1619
1620	Gm47655	chr13	70007231	70007614	processed_pseudogene	ENSMUSG00000113980	-	Gm47655	1620
1621	Gm3772	chr13	70021959	70119949	lncRNA	ENSMUSG00000113074	+	Gm3772	1621
1622	Gm47656	chr13	70061558	70063922	TEC	ENSMUSG00000112998	+	Gm47656	1622
1623	AU017674	chr13	70149800	70205972	lncRNA	ENSMUSG00000113573	+	AU017674	1623
1624	Gm26018	chr13	70168832	70168959	snoRNA	ENSMUSG00000077594	+	Gm26018	1624
1625	4930520P13Rik	chr13	70232822	70248122	lncRNA	ENSMUSG00000113463	+	4930520P13Rik	1625
1626	Gm47706	chr13	70422491	70422781	processed_pseudogene	ENSMUSG00000114054	-	Gm47706	1626
1627	Ice1	chr13	70551707	70637634	protein_coding	ENSMUSG00000034525	-	Ice1	1627
1628	1700100L14Rik	chr13	70573241	70576110	lncRNA	ENSMUSG00000101051	+	1700100L14Rik	1628
1629	D030007L05Rik	chr13	70650144	70655979	lncRNA	ENSMUSG00000113334	+	D030007L05Rik	1629
1630	Gm36377	chr13	70651005	70655787	lncRNA	ENSMUSG00000113909	-	Gm36377	1630
1631	Gm36426	chr13	70676716	70681966	lncRNA	ENSMUSG00000113796	-	Gm36426	1631
1632	Gm36607	chr13	70706233	70733207	lncRNA	ENSMUSG00000113794	+	Gm36607	1632
1633	Adamts16	chr13	70727802	70841811	protein_coding	ENSMUSG00000049538	-	Adamts16	1633
1634	Gm36529	chr13	70840451	70859609	lncRNA	ENSMUSG00000113771	+	Gm36529	1634
1635	8030423J24Rik	chr13	70882948	70884503	lncRNA	ENSMUSG00000021600	+	8030423J24Rik	1635
1636	Gm38191	chr13	71068480	71071726	TEC	ENSMUSG00000102303	-	Gm38191	1636
1637	Mir466f-4	chr13	71107089	71107209	miRNA	ENSMUSG00000080580	+	Mir466f-4	1637
1638	1700112M02Rik	chr13	71487607	71612709	lncRNA	ENSMUSG00000113358	+	1700112M02Rik	1638
1639	Gm47811	chr13	71624610	71624974	processed_pseudogene	ENSMUSG00000113305	-	Gm47811	1639
1640	Gm47812	chr13	71625028	71625143	processed_pseudogene	ENSMUSG00000113034	+	Gm47812	1640
1641	Gm40999	chr13	71709055	71956552	lncRNA	ENSMUSG00000114038	-	Gm40999	1641
1642	Irx1	chr13	71957921	71963723	protein_coding	ENSMUSG00000060969	-	Irx1	1642
1643	Gm47836	chr13	72367326	72371647	TEC	ENSMUSG00000113172	-	Gm47836	1643
1644	Rpl9-ps4	chr13	72454762	72455340	processed_pseudogene	ENSMUSG00000094989	-	Rpl9-ps4	1644
1645	Gm47838	chr13	72467977	72471803	TEC	ENSMUSG00000113375	+	Gm47838	1645
1646	Gm4057	chr13	72472202	72472569	processed_pseudogene	ENSMUSG00000113858	-	Gm4057	1646
1647	Gm20554	chr13	72626213	72628564	lncRNA	ENSMUSG00000093587	-	Gm20554	1647
1648	Irx2	chr13	72628820	72634198	protein_coding	ENSMUSG00000001504	+	Irx2	1648
1649	Gm47890	chr13	72702849	72705392	TEC	ENSMUSG00000113697	+	Gm47890	1649
1650	Gm47902	chr13	72769431	72786342	lncRNA	ENSMUSG00000113837	+	Gm47902	1650
1651	D730050B12Rik	chr13	72809601	72816763	lncRNA	ENSMUSG00000113082	-	D730050B12Rik	1651
1652	Rpl31-ps2	chr13	73233395	73233737	processed_pseudogene	ENSMUSG00000113952	+	Rpl31-ps2	1652
1653	Irx4	chr13	73260479	73269608	protein_coding	ENSMUSG00000021604	+	Irx4	1653
1654	Gm48000	chr13	73273230	73273732	TEC	ENSMUSG00000113485	+	Gm48000	1654
1655	Gm10263	chr13	73317844	73318143	processed_pseudogene	ENSMUSG00000066407	+	Gm10263	1655
1656	Ndufs6	chr13	73319838	73328542	protein_coding	ENSMUSG00000021606	-	Ndufs6	1656
1657	Mrpl36	chr13	73328513	73332178	protein_coding	ENSMUSG00000021607	+	Mrpl36	1657
1658	Eprn	chr13	73344665	73347384	lncRNA	ENSMUSG00000113346	-	Eprn	1658
1659	Lpcat1	chr13	73467197	73516422	protein_coding	ENSMUSG00000021608	+	Lpcat1	1659
1660	Slc6a3	chr13	73536747	73578672	protein_coding	ENSMUSG00000021609	+	Slc6a3	1660
1661	Clptm1l	chr13	73604006	73620605	protein_coding	ENSMUSG00000021610	+	Clptm1l	1661
1662	Tert	chr13	73626911	73649843	protein_coding	ENSMUSG00000021611	+	Tert	1662
1663	Slc6a18	chr13	73661752	73678023	protein_coding	ENSMUSG00000021612	-	Slc6a18	1663
1664	Slc6a19	chr13	73679745	73704865	protein_coding	ENSMUSG00000021565	-	Slc6a19	1664
1665	Slc6a19os	chr13	73699826	73709853	lncRNA	ENSMUSG00000021566	+	Slc6a19os	1665
1666	Slc12a7	chr13	73733094	73816754	protein_coding	ENSMUSG00000017756	+	Slc12a7	1666
1667	Nkd2	chr13	73818534	73847631	protein_coding	ENSMUSG00000021567	-	Nkd2	1667
1668	Gm8062	chr13	73829932	73830375	processed_pseudogene	ENSMUSG00000066714	+	Gm8062	1668
1669	Trip13	chr13	73911347	73937784	protein_coding	ENSMUSG00000021569	-	Trip13	1669
1670	Gm25197	chr13	73924585	73924710	miRNA	ENSMUSG00000095943	-	Gm25197	1670
1671	Brd9	chr13	73937811	73960895	protein_coding	ENSMUSG00000057649	+	Brd9	1671
1672	Gm41002	chr13	73958941	73963733	lncRNA	ENSMUSG00000113274	-	Gm41002	1672
1673	Zdhhc11	chr13	73963851	73992990	protein_coding	ENSMUSG00000069189	+	Zdhhc11	1673
1674	Gm10126	chr13	73988966	73989133	processed_pseudogene	ENSMUSG00000113923	-	Gm10126	1674
1675	Gm15912	chr13	74008009	74009354	lncRNA	ENSMUSG00000085881	-	Gm15912	1675
1676	Tppp	chr13	74009407	74035753	protein_coding	ENSMUSG00000021573	+	Tppp	1676
1677	Gm6263	chr13	74018793	74020134	processed_pseudogene	ENSMUSG00000080966	-	Gm6263	1677
1678	Cep72	chr13	74036500	74062299	protein_coding	ENSMUSG00000021572	-	Cep72	1678
1679	Slc9a3	chr13	74121457	74169442	protein_coding	ENSMUSG00000036123	+	Slc9a3	1679
1680	Exoc3	chr13	74169488	74208732	protein_coding	ENSMUSG00000034152	-	Exoc3	1680
1681	Ahrr	chr13	74211118	74292331	protein_coding	ENSMUSG00000021575	-	Ahrr	1681
1682	Pdcd6	chr13	74303509	74317580	protein_coding	ENSMUSG00000021576	-	Pdcd6	1682
1683	Sdha	chr13	74322254	74350280	protein_coding	ENSMUSG00000021577	-	Sdha	1683
1684	Gm16125	chr13	74340539	74340877	processed_pseudogene	ENSMUSG00000090004	+	Gm16125	1684
1685	Ccdc127	chr13	74350309	74365783	protein_coding	ENSMUSG00000021578	+	Ccdc127	1685
1686	Lrrc14b	chr13	74359578	74364005	protein_coding	ENSMUSG00000021579	-	Lrrc14b	1686
1687	Zfp72	chr13	74369326	74390836	protein_coding	ENSMUSG00000069184	-	Zfp72	1687
1688	Gm8227	chr13	74381629	74382199	processed_pseudogene	ENSMUSG00000113315	-	Gm8227	1688
1689	Ftl1-ps1	chr13	74399694	74407346	protein_coding	ENSMUSG00000062382	+	Ftl1-ps1	1689
1690	Gm47428	chr13	74404183	74406737	lncRNA	ENSMUSG00000113311	-	Gm47428	1690
1691	Mir692-3	chr13	74407065	74407173	miRNA	ENSMUSG00000076033	+	Mir692-3	1691
1692	E430024I08Rik	chr13	74434781	74463429	lncRNA	ENSMUSG00000112964	-	E430024I08Rik	1692
1693	Gm47435	chr13	74440166	74440532	processed_pseudogene	ENSMUSG00000113212	+	Gm47435	1693
1694	Gm49762	chr13	74474643	74476068	lncRNA	ENSMUSG00000116765	+	Gm49762	1694
1695	Zfp825	chr13	74480054	74493992	protein_coding	ENSMUSG00000069208	-	Zfp825	1695
1696	Gm49763	chr13	74494143	74498470	lncRNA	ENSMUSG00000116646	+	Gm49763	1696
1697	Gm47467	chr13	74509598	74522461	lncRNA	ENSMUSG00000113019	-	Gm47467	1697
1698	Gm5626	chr13	74533526	74534583	processed_pseudogene	ENSMUSG00000113660	+	Gm5626	1698
1699	Gm47469	chr13	74553910	74564256	lncRNA	ENSMUSG00000113047	-	Gm47469	1699
1700	Gm47470	chr13	74570447	74570555	processed_pseudogene	ENSMUSG00000113279	-	Gm47470	1700
1701	Gm46430	chr13	74579358	74617945	lncRNA	ENSMUSG00000113204	-	Gm46430	1701
1702	Erap1	chr13	74639568	74693201	protein_coding	ENSMUSG00000021583	+	Erap1	1702
1703	Cast	chr13	74692368	74808810	protein_coding	ENSMUSG00000021585	-	Cast	1703
1704	Gm6296	chr13	74767919	74768861	processed_pseudogene	ENSMUSG00000113015	-	Gm6296	1704
1705	Hnrnpa1l2-ps	chr13	74864305	74865356	processed_pseudogene	ENSMUSG00000086743	+	Hnrnpa1l2-ps	1705
1706	Pcsk1	chr13	75089826	75134861	protein_coding	ENSMUSG00000021587	+	Pcsk1	1706
1707	Gm48234	chr13	75479195	75479387	processed_pseudogene	ENSMUSG00000113821	-	Gm48234	1707
1708	Gm48235	chr13	75509279	75510047	processed_pseudogene	ENSMUSG00000113270	+	Gm48235	1708
1709	Gm8278	chr13	75515897	75518414	processed_pseudogene	ENSMUSG00000113773	-	Gm8278	1709
1710	Gm3926	chr13	75523226	75524348	processed_pseudogene	ENSMUSG00000113929	-	Gm3926	1710
1711	Gm4149	chr13	75644896	75645171	processed_pseudogene	ENSMUSG00000074800	+	Gm4149	1711
1712	Mir682	chr13	75645046	75645141	miRNA	ENSMUSG00000076236	+	Mir682	1712
1713	Gm23012	chr13	75691972	75692054	snoRNA	ENSMUSG00000077337	+	Gm23012	1713
1714	1700037F03Rik	chr13	75700162	75707172	lncRNA	ENSMUSG00000114125	-	1700037F03Rik	1714
1715	Ell2	chr13	75706757	75772364	protein_coding	ENSMUSG00000001542	+	Ell2	1715
1716	Gm48302	chr13	75727279	75729162	lncRNA	ENSMUSG00000113041	+	Gm48302	1716
1717	Gm23127	chr13	75768068	75768197	snoRNA	ENSMUSG00000077449	+	Gm23127	1717
1718	Gm8288	chr13	75802706	75803298	processed_pseudogene	ENSMUSG00000113409	+	Gm8288	1718
1719	Glrx	chr13	75839868	75850154	protein_coding	ENSMUSG00000021591	+	Glrx	1719
1720	Rhobtb3	chr13	75869537	75943925	protein_coding	ENSMUSG00000021589	-	Rhobtb3	1720
1721	Gm24163	chr13	75905147	75905278	snoRNA	ENSMUSG00000070170	+	Gm24163	1721
1722	Gm15528	chr13	75929465	75930328	processed_pseudogene	ENSMUSG00000081816	-	Gm15528	1722
1723	Gm6311	chr13	75954136	75955013	processed_pseudogene	ENSMUSG00000061833	+	Gm6311	1723
1724	Gm23319	chr13	75963657	75963787	snoRNA	ENSMUSG00000077655	-	Gm23319	1724
1725	Spata9	chr13	75967150	75998972	protein_coding	ENSMUSG00000021590	+	Spata9	1725
1726	Rfesd	chr13	76001535	76018719	protein_coding	ENSMUSG00000043190	-	Rfesd	1726
1727	Gm4165	chr13	76019807	76020110	processed_pseudogene	ENSMUSG00000114366	-	Gm4165	1727
1728	Gpr150	chr13	76054851	76056996	protein_coding	ENSMUSG00000045509	-	Gpr150	1728
1729	Arsk	chr13	76060422	76098660	protein_coding	ENSMUSG00000021592	-	Arsk	1729
1730	Ttc37	chr13	76098734	76190316	protein_coding	ENSMUSG00000033991	+	Ttc37	1730
1731	Gm48639	chr13	76198991	76200866	TEC	ENSMUSG00000114664	+	Gm48639	1731
1732	Fam81b	chr13	76201708	76305072	protein_coding	ENSMUSG00000109228	-	Fam81b	1732
1733	Gm31219	chr13	76255947	76278968	lncRNA	ENSMUSG00000114242	+	Gm31219	1733
1734	Mctp1	chr13	76384535	77031810	protein_coding	ENSMUSG00000021596	+	Mctp1	1734
1735	Gm24519	chr13	76604319	76604450	snoRNA	ENSMUSG00000096675	-	Gm24519	1735
1736	Gm21959	chr13	76683982	76684433	processed_pseudogene	ENSMUSG00000096216	-	Gm21959	1736
1737	Gm15740	chr13	76696619	76697910	processed_pseudogene	ENSMUSG00000090027	+	Gm15740	1737
1738	Gm8185	chr13	76935163	76935831	processed_pseudogene	ENSMUSG00000090119	+	Gm8185	1738
1739	Slf1	chr13	77043088	77135473	protein_coding	ENSMUSG00000021597	-	Slf1	1739
1740	2210408I21Rik	chr13	77135540	77613784	protein_coding	ENSMUSG00000071252	+	2210408I21Rik	1740
1741	Gm29844	chr13	77169378	77169888	processed_pseudogene	ENSMUSG00000114256	+	Gm29844	1741
1742	Gm9634	chr13	77553610	77554373	processed_pseudogene	ENSMUSG00000114778	-	Gm9634	1742
1743	Atp5c1-ps	chr13	77669087	77670475	processed_pseudogene	ENSMUSG00000114809	-	Atp5c1-ps	1743
1744	Fam172a	chr13	77702033	78166235	protein_coding	ENSMUSG00000064138	+	Fam172a	1744
1745	Pou5f2	chr13	78024902	78026295	protein_coding	ENSMUSG00000093668	+	Pou5f2	1745
1746	Gm48254	chr13	78079388	78079856	processed_pseudogene	ENSMUSG00000114812	+	Gm48254	1746
1747	C130051F05Rik	chr13	78112482	78116319	TEC	ENSMUSG00000114605	+	C130051F05Rik	1747
1748	Gm18990	chr13	78121070	78122718	processed_pseudogene	ENSMUSG00000114622	+	Gm18990	1748
1749	Gm38604	chr13	78123379	78183168	lncRNA	ENSMUSG00000114401	-	Gm38604	1749
1750	3110006O06Rik	chr13	78171630	78182973	lncRNA	ENSMUSG00000114649	+	3110006O06Rik	1750
1751	Nr2f1	chr13	78188973	78199757	protein_coding	ENSMUSG00000069171	-	Nr2f1	1751
1752	A830082K12Rik	chr13	78198017	78279391	lncRNA	ENSMUSG00000087143	+	A830082K12Rik	1752
1753	Gm5042	chr13	78273469	78273952	processed_pseudogene	ENSMUSG00000114592	-	Gm5042	1753
1754	Gm46387	chr13	78275221	78275639	processed_pseudogene	ENSMUSG00000114600	-	Gm46387	1754
1755	Gm3963	chr13	78286637	78287084	processed_pseudogene	ENSMUSG00000114383	-	Gm3963	1755
1756	Gm6317	chr13	78372987	78379128	processed_pseudogene	ENSMUSG00000098003	-	Gm6317	1756
1757	Gm48399	chr13	78374179	78384198	lncRNA	ENSMUSG00000114632	+	Gm48399	1757
1758	Gm31946	chr13	78427248	78442524	lncRNA	ENSMUSG00000114639	+	Gm31946	1758
1759	Gm32067	chr13	78483354	78562570	lncRNA	ENSMUSG00000114522	+	Gm32067	1759
1760	Gm48402	chr13	78638017	78643064	lncRNA	ENSMUSG00000114594	+	Gm48402	1760
1761	Gm8345	chr13	78953088	78954792	processed_pseudogene	ENSMUSG00000114557	-	Gm8345	1761
1762	Gm29318	chr13	79285712	79298242	lncRNA	ENSMUSG00000101416	+	Gm29318	1762
1763	Gm38349	chr13	79294878	79295339	TEC	ENSMUSG00000102355	-	Gm38349	1763
1764	Gm24863	chr13	79454970	79455076	snRNA	ENSMUSG00000096005	+	Gm24863	1764
1765	Gm48471	chr13	79838077	79838843	processed_pseudogene	ENSMUSG00000114505	+	Gm48471	1765
1766	Gm28526	chr13	79873085	80130468	lncRNA	ENSMUSG00000100168	-	Gm28526	1766
1767	Gm19320	chr13	79878462	79878934	processed_pseudogene	ENSMUSG00000114222	+	Gm19320	1767
1768	Gm5197	chr13	80098222	80099418	processed_pseudogene	ENSMUSG00000114287	-	Gm5197	1768
1769	Gm24635	chr13	80158663	80158790	snRNA	ENSMUSG00000084661	+	Gm24635	1769
1770	Gm8371	chr13	80161328	80161879	processed_pseudogene	ENSMUSG00000114462	+	Gm8371	1770
1771	Gm46388	chr13	80493009	80493484	processed_pseudogene	ENSMUSG00000114528	+	Gm46388	1771
1772	Arrdc3	chr13	80883384	80896042	protein_coding	ENSMUSG00000074794	+	Arrdc3	1772
1773	1700023H06Rik	chr13	80884224	80885524	lncRNA	ENSMUSG00000089827	-	1700023H06Rik	1773
1774	5430425K12Rik	chr13	80940411	80948597	lncRNA	ENSMUSG00000114554	+	5430425K12Rik	1774
1775	Gm4211	chr13	80957665	80963730	lncRNA	ENSMUSG00000097146	-	Gm4211	1775
1776	9330111N05Rik	chr13	80962888	81128864	lncRNA	ENSMUSG00000097098	+	9330111N05Rik	1776
1777	Gm49375	chr13	80979470	80983873	lncRNA	ENSMUSG00000114479	+	Gm49375	1777
1778	Gm48549	chr13	81016196	81016560	processed_pseudogene	ENSMUSG00000114801	-	Gm48549	1778
1779	Gm4813	chr13	81029103	81029901	processed_pseudogene	ENSMUSG00000114822	-	Gm4813	1779
1780	Gm8399	chr13	81064684	81065800	processed_pseudogene	ENSMUSG00000043889	+	Gm8399	1780
1781	Gm25241	chr13	81065477	81065560	miRNA	ENSMUSG00000092650	+	Gm25241	1781
1782	Gm18517	chr13	81085391	81087564	transcribed_processed_pseudogene	ENSMUSG00000114836	-	Gm18517	1782
1783	Adgrv1	chr13	81095068	81633154	protein_coding	ENSMUSG00000069170	-	Adgrv1	1783
1784	Gm48566	chr13	81239177	81240784	TEC	ENSMUSG00000114939	-	Gm48566	1784
1785	Gm48567	chr13	81500802	81501456	processed_pseudogene	ENSMUSG00000114454	+	Gm48567	1785
1786	Lysmd3	chr13	81657663	81672871	protein_coding	ENSMUSG00000035840	+	Lysmd3	1786
1787	Polr3g	chr13	81673843	81711013	protein_coding	ENSMUSG00000035834	-	Polr3g	1787
1788	Mblac2	chr13	81711341	81753275	protein_coding	ENSMUSG00000051098	+	Mblac2	1788
1789	Gm48113	chr13	81723990	81725028	processed_pseudogene	ENSMUSG00000114905	-	Gm48113	1789
1790	Gm17259	chr13	81778773	81783749	lncRNA	ENSMUSG00000097793	-	Gm17259	1790
1791	Cetn3	chr13	81783077	81797155	protein_coding	ENSMUSG00000021537	+	Cetn3	1791
1792	F830210D05Rik	chr13	81927785	81929687	TEC	ENSMUSG00000114634	-	F830210D05Rik	1792
1793	Gm24295	chr13	82050751	82050881	snoRNA	ENSMUSG00000088923	+	Gm24295	1793
1794	Gm48155	chr13	82089757	82258960	lncRNA	ENSMUSG00000114461	+	Gm48155	1794
1795	Gm4936	chr13	82378785	82379643	processed_pseudogene	ENSMUSG00000114932	-	Gm4936	1795
1796	Mir3961	chr13	82698275	82698333	miRNA	ENSMUSG00000106655	-	Mir3961	1796
1797	2310067P03Rik	chr13	83065457	83194347	lncRNA	ENSMUSG00000114372	+	2310067P03Rik	1797
1798	Gm48156	chr13	83189565	83189709	processed_pseudogene	ENSMUSG00000114735	-	Gm48156	1798
1799	Mef2c	chr13	83504034	83667080	protein_coding	ENSMUSG00000005583	+	Mef2c	1799
1800	Gm48067	chr13	83687222	83687441	processed_pseudogene	ENSMUSG00000114254	+	Gm48067	1800
1801	C130071C03Rik	chr13	83721381	83884194	lncRNA	ENSMUSG00000050334	+	C130071C03Rik	1801
1802	Gm26803	chr13	83723442	83729582	lncRNA	ENSMUSG00000097265	-	Gm26803	1802
1803	Gm33366	chr13	83734709	83738535	TEC	ENSMUSG00000102969	-	Gm33366	1803
1804	Mir9-2	chr13	83738814	83738885	miRNA	ENSMUSG00000065424	+	Mir9-2	1804
1805	Gm6411	chr13	83761132	83762335	processed_pseudogene	ENSMUSG00000114588	-	Gm6411	1805
1806	Gm5452	chr13	83832340	83833336	processed_pseudogene	ENSMUSG00000114687	+	Gm5452	1806
1807	2810049E08Rik	chr13	83891208	83928710	lncRNA	ENSMUSG00000100891	+	2810049E08Rik	1807
1808	Gm4241	chr13	83971355	83987991	lncRNA	ENSMUSG00000114379	-	Gm4241	1808
1809	Gm8447	chr13	83997547	83998439	processed_pseudogene	ENSMUSG00000114930	-	Gm8447	1809
1810	Gm17750	chr13	84025297	84064772	lncRNA	ENSMUSG00000098087	-	Gm17750	1810
1811	Gm8456	chr13	84166453	84166888	processed_pseudogene	ENSMUSG00000114335	+	Gm8456	1811
1812	Gm24331	chr13	84182278	84182344	miRNA	ENSMUSG00000092840	+	Gm24331	1812
1813	A230107N01Rik	chr13	84219581	84222175	lncRNA	ENSMUSG00000097292	-	A230107N01Rik	1813
1814	Tmem161b	chr13	84222296	84296141	protein_coding	ENSMUSG00000035762	+	Tmem161b	1814
1815	Gm49223	chr13	84274844	84280817	lncRNA	ENSMUSG00000114602	+	Gm49223	1815
1816	Gm46432	chr13	84281179	84281816	processed_pseudogene	ENSMUSG00000114827	-	Gm46432	1816
1817	Gm26927	chr13	84339149	84340113	processed_pseudogene	ENSMUSG00000098245	-	Gm26927	1817
1818	Gm26913	chr13	84690210	84690941	processed_pseudogene	ENSMUSG00000098081	-	Gm26913	1818
1819	Gm4059	chr13	84973712	84974317	processed_pseudogene	ENSMUSG00000114338	-	Gm4059	1819
1820	Gm47745	chr13	85094335	85095373	processed_pseudogene	ENSMUSG00000114614	+	Gm47745	1820
1821	Gm4076	chr13	85126550	85127514	processed_pseudogene	ENSMUSG00000096449	-	Gm4076	1821
1822	Gm47746	chr13	85140720	85141102	processed_pseudogene	ENSMUSG00000114954	+	Gm47746	1822
1823	Ccnh	chr13	85189408	85223469	protein_coding	ENSMUSG00000021548	+	Ccnh	1823
1824	Rasa1	chr13	85214780	85289130	protein_coding	ENSMUSG00000021549	-	Rasa1	1824
1825	Gm37641	chr13	85411681	85411919	TEC	ENSMUSG00000103196	-	Gm37641	1825
1826	Gm47635	chr13	85516402	85516619	processed_pseudogene	ENSMUSG00000114211	+	Gm47635	1826
1827	Gm5666	chr13	85572976	85573578	processed_pseudogene	ENSMUSG00000114506	-	Gm5666	1827
1828	Gm47636	chr13	85865112	85865333	processed_pseudogene	ENSMUSG00000114447	-	Gm47636	1828
1829	Gm46396	chr13	85891742	85892125	processed_pseudogene	ENSMUSG00000114900	+	Gm46396	1829
1830	Cox7c	chr13	86044816	86046904	protein_coding	ENSMUSG00000017778	-	Cox7c	1830
1831	Gm22574	chr13	86044989	86045048	TEC	ENSMUSG00000064917	-	Gm22574	1831
1832	Gm27025	chr13	86235827	86237727	processed_pseudogene	ENSMUSG00000098152	+	Gm27025	1832
1833	Gm25700	chr13	86725823	86725932	miRNA	ENSMUSG00000095933	-	Gm25700	1833
1834	Gm47642	chr13	87234439	87234594	processed_pseudogene	ENSMUSG00000114856	-	Gm47642	1834
1835	Gm18265	chr13	87307726	87308524	processed_pseudogene	ENSMUSG00000114750	+	Gm18265	1835
1836	Gm21232	chr13	87782971	87783976	processed_pseudogene	ENSMUSG00000098011	+	Gm21232	1836
1837	Gm19239	chr13	87826538	87827059	processed_pseudogene	ENSMUSG00000114674	+	Gm19239	1837
1838	Gm47649	chr13	87977497	87980299	TEC	ENSMUSG00000114960	-	Gm47649	1838
1839	Gm27044	chr13	88184661	88185456	processed_pseudogene	ENSMUSG00000098213	-	Gm27044	1839
1840	Gm47651	chr13	88382346	88382622	processed_pseudogene	ENSMUSG00000114565	+	Gm47651	1840
1841	Gm8526	chr13	88478580	88479054	processed_pseudogene	ENSMUSG00000057685	+	Gm8526	1841
1842	Gm19139	chr13	88509280	88511336	processed_pseudogene	ENSMUSG00000114465	-	Gm19139	1842
1843	Gm34585	chr13	88521190	88578168	lncRNA	ENSMUSG00000114273	+	Gm34585	1843
1844	Gm5667	chr13	88547216	88548270	processed_pseudogene	ENSMUSG00000114915	+	Gm5667	1844
1845	Edil3	chr13	88821472	89323223	protein_coding	ENSMUSG00000034488	+	Edil3	1845
1846	Hapln1	chr13	89539796	89611652	protein_coding	ENSMUSG00000021613	+	Hapln1	1846
1847	Gm8546	chr13	89577156	89578419	processed_pseudogene	ENSMUSG00000094463	-	Gm8546	1847
1848	Vcan	chr13	89655312	89742509	protein_coding	ENSMUSG00000021614	-	Vcan	1848
1849	Gm16318	chr13	89662770	89663370	processed_pseudogene	ENSMUSG00000089972	+	Gm16318	1849
1850	Gm4117	chr13	89739460	89887166	lncRNA	ENSMUSG00000089940	+	Gm4117	1850
1851	Xrcc4	chr13	89774027	90089608	protein_coding	ENSMUSG00000021615	-	Xrcc4	1851
1852	Gm24498	chr13	89927442	89927543	snRNA	ENSMUSG00000089070	-	Gm24498	1852
1853	Tmem167	chr13	90089123	90143907	protein_coding	ENSMUSG00000012422	+	Tmem167	1853
1854	Gm24507	chr13	90098981	90099114	snoRNA	ENSMUSG00000088308	+	Gm24507	1854
1855	Gm37727	chr13	90157154	90157972	TEC	ENSMUSG00000103228	+	Gm37727	1855
1856	Gm29680	chr13	90179217	90217142	lncRNA	ENSMUSG00000114541	-	Gm29680	1856
1857	Gm47520	chr13	90360130	90418100	lncRNA	ENSMUSG00000114204	-	Gm47520	1857
1858	Gm37708	chr13	90385663	90386557	TEC	ENSMUSG00000102793	-	Gm37708	1858
1859	Gm21726	chr13	90583329	90583720	processed_pseudogene	ENSMUSG00000094277	+	Gm21726	1859
1860	Gm36966	chr13	90634085	90634497	TEC	ENSMUSG00000103069	+	Gm36966	1860
1861	Gm47521	chr13	90777825	90778083	processed_pseudogene	ENSMUSG00000114265	-	Gm47521	1861
1862	Gm18518	chr13	90867606	90868605	processed_pseudogene	ENSMUSG00000114589	+	Gm18518	1862
1863	Atp6ap1l	chr13	90883433	90905355	protein_coding	ENSMUSG00000078958	-	Atp6ap1l	1863
1864	Rps23	chr13	90922958	90924950	protein_coding	ENSMUSG00000049517	+	Rps23	1864
1865	Atg10	chr13	90935356	91223968	protein_coding	ENSMUSG00000021619	-	Atg10	1865
1866	Gm17450	chr13	91220452	91220878	pseudogene	ENSMUSG00000091419	+	Gm17450	1866
1867	Gm47381	chr13	91259376	91274954	lncRNA	ENSMUSG00000114688	+	Gm47381	1867
1868	Gm4130	chr13	91261449	91262418	processed_pseudogene	ENSMUSG00000114579	-	Gm4130	1868
1869	A830009L08Rik	chr13	91368990	91388085	lncRNA	ENSMUSG00000097182	-	A830009L08Rik	1869
1870	Gm29540	chr13	91373842	91374294	lncRNA	ENSMUSG00000099340	-	Gm29540	1870
1871	Ssbp2	chr13	91460283	91703429	protein_coding	ENSMUSG00000003992	+	Ssbp2	1871
1872	4833422C13Rik	chr13	91701665	91741872	lncRNA	ENSMUSG00000074782	-	4833422C13Rik	1872
1873	Acot12	chr13	91741512	91786148	protein_coding	ENSMUSG00000021620	+	Acot12	1873
1874	Gm27656	chr13	91752106	91752185	miRNA	ENSMUSG00000099004	+	Gm27656	1874
1875	Zcchc9	chr13	91796533	91807705	protein_coding	ENSMUSG00000021621	-	Zcchc9	1875
1876	Ckmt2	chr13	91853387	91876885	protein_coding	ENSMUSG00000021622	-	Ckmt2	1876
1877	1700119I11Rik	chr13	91861432	91862044	lncRNA	ENSMUSG00000082488	+	1700119I11Rik	1877
1878	Rasgrf2	chr13	91880400	92131656	protein_coding	ENSMUSG00000021708	-	Rasgrf2	1878
1879	Msh3	chr13	92211872	92355003	protein_coding	ENSMUSG00000014850	-	Msh3	1879
1880	Gm20379	chr13	92305980	92307183	protein_coding	ENSMUSG00000100622	+	Gm20379	1880
1881	Dhfr	chr13	92354726	92389053	protein_coding	ENSMUSG00000021707	+	Dhfr	1881
1882	C030017D09Rik	chr13	92415017	92427224	lncRNA	ENSMUSG00000090907	-	C030017D09Rik	1882
1883	Ankrd34b	chr13	92425896	92441658	protein_coding	ENSMUSG00000045034	+	Ankrd34b	1883
1884	Fam151b	chr13	92449625	92484015	protein_coding	ENSMUSG00000034334	-	Fam151b	1884
1885	Zfyve16	chr13	92487108	92530868	protein_coding	ENSMUSG00000021706	-	Zfyve16	1885
1886	Spz1	chr13	92574636	92576172	protein_coding	ENSMUSG00000046957	-	Spz1	1886
1887	Serinc5	chr13	92611091	92711947	protein_coding	ENSMUSG00000021703	+	Serinc5	1887
1888	Gm5199	chr13	92719362	92719827	processed_pseudogene	ENSMUSG00000114631	+	Gm5199	1888
1889	Thbs4	chr13	92751590	92794818	protein_coding	ENSMUSG00000021702	-	Thbs4	1889
1890	Mtx3	chr13	92844760	92858230	protein_coding	ENSMUSG00000021704	+	Mtx3	1890
1891	Gm31630	chr13	92898286	92907126	lncRNA	ENSMUSG00000114823	+	Gm31630	1891
1892	Cmya5	chr13	93040713	93144724	protein_coding	ENSMUSG00000047419	-	Cmya5	1892
1893	Gm4814	chr13	93073304	93074757	lncRNA	ENSMUSG00000114382	+	Gm4814	1893
1894	A630019I02Rik	chr13	93094833	93098968	lncRNA	ENSMUSG00000114968	+	A630019I02Rik	1894
1895	Tent2	chr13	93146282	93192385	protein_coding	ENSMUSG00000042167	-	Tent2	1895
1896	Gm2076	chr13	93293781	93294751	processed_pseudogene	ENSMUSG00000098092	+	Gm2076	1896
1897	Homer1	chr13	93299635	93405129	protein_coding	ENSMUSG00000007617	+	Homer1	1897
1898	Gm47075	chr13	93312041	93314055	TEC	ENSMUSG00000114169	+	Gm47075	1898
1899	Gm47088	chr13	93317427	93319065	TEC	ENSMUSG00000113076	+	Gm47088	1899
1900	Gm47155	chr13	93410783	93412957	TEC	ENSMUSG00000114019	+	Gm47155	1900
1901	Gm18960	chr13	93420604	93421316	processed_pseudogene	ENSMUSG00000113514	-	Gm18960	1901
1902	Jmy	chr13	93430101	93499808	protein_coding	ENSMUSG00000021690	-	Jmy	1902
1903	Gm6109	chr13	93448488	93448835	processed_pseudogene	ENSMUSG00000113237	+	Gm6109	1903
1904	Gm30155	chr13	93461846	93462184	processed_pseudogene	ENSMUSG00000113247	+	Gm30155	1904
1905	Bhmt	chr13	93616675	93637961	protein_coding	ENSMUSG00000074768	-	Bhmt	1905
1906	Gm15622	chr13	93625382	93628633	lncRNA	ENSMUSG00000085834	+	Gm15622	1906
1907	Bhmt2	chr13	93655720	93674302	protein_coding	ENSMUSG00000042118	-	Bhmt2	1907
1908	Dmgdh	chr13	93674433	93752833	protein_coding	ENSMUSG00000042102	+	Dmgdh	1908
1909	AW495222	chr13	93706182	93719175	lncRNA	ENSMUSG00000087334	-	AW495222	1909
1910	Gm15620	chr13	93727363	93727702	processed_pseudogene	ENSMUSG00000085202	-	Gm15620	1910
1911	Gm47210	chr13	93770950	93772194	lncRNA	ENSMUSG00000113647	-	Gm47210	1911
1912	Arsb	chr13	93771630	93943016	protein_coding	ENSMUSG00000042082	+	Arsb	1912
1913	Gm25534	chr13	93923187	93923311	miRNA	ENSMUSG00000093106	-	Gm25534	1913
1914	Gm24737	chr13	93956310	93956409	snRNA	ENSMUSG00000089486	+	Gm24737	1914
1915	Gm47216	chr13	93983195	93991768	lncRNA	ENSMUSG00000113791	-	Gm47216	1915
1916	Cycs-ps3	chr13	94053843	94054388	processed_pseudogene	ENSMUSG00000114174	+	Cycs-ps3	1916
1917	Lhfpl2	chr13	94057796	94195409	protein_coding	ENSMUSG00000045312	+	Lhfpl2	1917
1918	Gm15907	chr13	94137447	94140117	lncRNA	ENSMUSG00000087319	-	Gm15907	1918
1919	Scamp1	chr13	94201310	94285857	protein_coding	ENSMUSG00000021687	-	Scamp1	1919
1920	Gm32089	chr13	94289448	94295006	lncRNA	ENSMUSG00000114055	-	Gm32089	1920
1921	Gm48102	chr13	94294017	94301250	lncRNA	ENSMUSG00000113494	+	Gm48102	1921
1922	Gm5668	chr13	94299424	94299859	processed_pseudogene	ENSMUSG00000114056	-	Gm5668	1922
1923	Gm9776	chr13	94355839	94358923	lncRNA	ENSMUSG00000042857	-	Gm9776	1923
1924	Ap3b1	chr13	94358960	94566317	protein_coding	ENSMUSG00000021686	+	Ap3b1	1924
1925	Gm25109	chr13	94517162	94517275	miRNA	ENSMUSG00000084423	+	Gm25109	1925
1926	Gm36991	chr13	94619280	94619927	TEC	ENSMUSG00000103438	+	Gm36991	1926
1927	Gm48287	chr13	94645899	94647344	lncRNA	ENSMUSG00000113598	-	Gm48287	1927
1928	Gm32305	chr13	94685566	94700356	lncRNA	ENSMUSG00000112934	-	Gm32305	1928
1929	Gm32351	chr13	94701018	94702718	lncRNA	ENSMUSG00000113904	-	Gm32351	1929
1930	Gm48316	chr13	94752270	94752593	processed_pseudogene	ENSMUSG00000113006	+	Gm48316	1930
1931	Gm46389	chr13	94754202	94754593	processed_pseudogene	ENSMUSG00000113547	-	Gm46389	1931
1932	Tbca	chr13	94788910	94842922	protein_coding	ENSMUSG00000042043	+	Tbca	1932
1933	Otp	chr13	94875602	94885130	protein_coding	ENSMUSG00000021685	+	Otp	1933
1934	Wdr41	chr13	94976344	95023314	protein_coding	ENSMUSG00000042015	+	Wdr41	1934
1935	Gm48349	chr13	95002358	95002824	processed_pseudogene	ENSMUSG00000113871	+	Gm48349	1935
1936	Gm48350	chr13	95012681	95023790	lncRNA	ENSMUSG00000114014	-	Gm48350	1936
1937	Gm48420	chr13	95024301	95024900	lncRNA	ENSMUSG00000113070	+	Gm48420	1937
1938	Pde8b	chr13	95024454	95250336	protein_coding	ENSMUSG00000021684	-	Pde8b	1938
1939	Gm16243	chr13	95208112	95208936	lncRNA	ENSMUSG00000090033	+	Gm16243	1939
1940	Zbed3	chr13	95323612	95337841	protein_coding	ENSMUSG00000041995	+	Zbed3	1940
1941	Snora47	chr13	95330600	95330737	snoRNA	ENSMUSG00000088108	+	Snora47	1941
1942	Gm22661	chr13	95332618	95332749	snoRNA	ENSMUSG00000077380	+	Gm22661	1942
1943	Aggf1	chr13	95350683	95375352	protein_coding	ENSMUSG00000021681	-	Aggf1	1943
1944	Gm48712	chr13	95421217	95421676	processed_pseudogene	ENSMUSG00000114122	-	Gm48712	1944
1945	Crhbp	chr13	95431371	95444924	protein_coding	ENSMUSG00000021680	-	Crhbp	1945
1946	S100z	chr13	95477268	95478721	protein_coding	ENSMUSG00000021679	-	S100z	1946
1947	F2rl1	chr13	95511732	95525227	protein_coding	ENSMUSG00000021678	-	F2rl1	1947
1948	Gm48730	chr13	95535590	95545200	lncRNA	ENSMUSG00000113359	+	Gm48730	1948
1949	Gm48731	chr13	95578292	95578976	processed_pseudogene	ENSMUSG00000113969	-	Gm48731	1949
1950	F2r	chr13	95601803	95618487	protein_coding	ENSMUSG00000048376	-	F2r	1950
1951	Iqgap2	chr13	95627174	95892483	protein_coding	ENSMUSG00000021676	-	Iqgap2	1951
1952	Gm48745	chr13	95685145	95686809	TEC	ENSMUSG00000113631	+	Gm48745	1952
1953	F2rl2	chr13	95696853	95702739	protein_coding	ENSMUSG00000021675	+	F2rl2	1953
1954	AC171003.1	chr13	95707494	95725547	lncRNA	ENSMUSG00000118445	+	AC171003.1	1954
1955	AC163685.1	chr13	95736583	95753638	lncRNA	ENSMUSG00000118436	+	AC163685.1	1955
1956	Gm24032	chr13	95896962	95897120	snRNA	ENSMUSG00000065866	-	Gm24032	1956
1957	Sv2c	chr13	95954594	96132577	protein_coding	ENSMUSG00000051111	-	Sv2c	1957
1958	Gm20075	chr13	96079216	96081376	protein_coding	ENSMUSG00000114133	-	Gm20075	1958
1959	Gm17190	chr13	96082054	96083231	protein_coding	ENSMUSG00000099115	+	Gm17190	1959
1960	Gm29543	chr13	96133369	96134335	lncRNA	ENSMUSG00000100475	+	Gm29543	1960
1961	Gm25213	chr13	96357111	96357223	miRNA	ENSMUSG00000076343	+	Gm25213	1961
1962	Gm8712	chr13	96376930	96377630	processed_pseudogene	ENSMUSG00000113743	+	Gm8712	1962
1963	Poc5	chr13	96388294	96417737	protein_coding	ENSMUSG00000021671	+	Poc5	1963
1964	Ankdd1b	chr13	96416134	96471267	protein_coding	ENSMUSG00000047117	-	Ankdd1b	1964
1965	Polk	chr13	96480690	96542579	protein_coding	ENSMUSG00000021668	-	Polk	1965
1966	Gm17622	chr13	96490733	96491120	protein_coding	ENSMUSG00000091109	+	Gm17622	1966
1967	Col4a3bp	chr13	96542618	96640167	protein_coding	ENSMUSG00000021669	+	Col4a3bp	1967
1968	Gm48133	chr13	96542993	96543652	lncRNA	ENSMUSG00000113068	-	Gm48133	1968
1969	Gm48138	chr13	96556232	96559111	TEC	ENSMUSG00000113842	+	Gm48138	1969
1970	Gm46436	chr13	96576630	96577923	TEC	ENSMUSG00000113379	+	Gm46436	1970
1971	Gm48139	chr13	96605677	96609591	TEC	ENSMUSG00000114193	+	Gm48139	1971
1972	Hmgcr	chr13	96648967	96670936	protein_coding	ENSMUSG00000021670	-	Hmgcr	1972
1973	Gm48575	chr13	96677469	96678123	processed_pseudogene	ENSMUSG00000113351	-	Gm48575	1973
1974	Ankrd31	chr13	96748272	96910039	protein_coding	ENSMUSG00000109561	+	Ankrd31	1974
1975	Gm48580	chr13	96776466	96777930	processed_pseudogene	ENSMUSG00000113879	-	Gm48580	1975
1976	Gcnt4	chr13	96924689	96950906	protein_coding	ENSMUSG00000091387	+	Gcnt4	1976
1977	Gm48597	chr13	96950372	96950914	lncRNA	ENSMUSG00000114154	-	Gm48597	1977
1978	Gm48609	chr13	97014885	97015299	processed_pseudogene	ENSMUSG00000113934	-	Gm48609	1978
1979	1700029F12Rik	chr13	97021864	97034362	protein_coding	ENSMUSG00000052075	-	1700029F12Rik	1979
1980	Fam169a	chr13	97067286	97131013	protein_coding	ENSMUSG00000041817	+	Fam169a	1980
1981	Gm6169	chr13	97098208	97099237	protein_coding	ENSMUSG00000057762	-	Gm6169	1981
1982	Nsa2	chr13	97129424	97137937	protein_coding	ENSMUSG00000060739	-	Nsa2	1982
1983	Gfm2	chr13	97137937	97181195	protein_coding	ENSMUSG00000021666	+	Gfm2	1983
1984	Hexb	chr13	97176331	97198357	protein_coding	ENSMUSG00000021665	-	Hexb	1984
1985	Gm48881	chr13	97202247	97202975	processed_pseudogene	ENSMUSG00000114583	-	Gm48881	1985
1986	Enc1	chr13	97241105	97253034	protein_coding	ENSMUSG00000041773	+	Enc1	1986
1987	C430039J16Rik	chr13	97283183	97285560	lncRNA	ENSMUSG00000097932	+	C430039J16Rik	1987
1988	Gm33447	chr13	97376234	97380465	lncRNA	ENSMUSG00000114425	+	Gm33447	1988
1989	Lncenc1	chr13	97434970	97497007	lncRNA	ENSMUSG00000078952	+	Lncenc1	1989
1990	Gm8756	chr13	97458149	97459077	processed_pseudogene	ENSMUSG00000098238	-	Gm8756	1990
1991	Gm2379	chr13	97511204	97515730	lncRNA	ENSMUSG00000114926	+	Gm2379	1991
1992	Gm41030	chr13	97523200	97527455	lncRNA	ENSMUSG00000114415	-	Gm41030	1992
1993	Gm48090	chr13	97541712	97543335	TEC	ENSMUSG00000114837	-	Gm48090	1993
1994	Gm5086	chr13	97559971	97583996	lncRNA	ENSMUSG00000110235	+	Gm5086	1994
1995	5330416C01Rik	chr13	97733498	97747411	lncRNA	ENSMUSG00000054944	-	5330416C01Rik	1995
1996	Gm26619	chr13	97751112	97760965	lncRNA	ENSMUSG00000097346	+	Gm26619	1996
1997	Gm10260	chr13	97760072	97760632	protein_coding	ENSMUSG00000069117	-	Gm10260	1997
1998	Gm47577	chr13	97790564	97793258	TEC	ENSMUSG00000114294	+	Gm47577	1998
1999	Gm41031	chr13	97796162	97825885	lncRNA	ENSMUSG00000114348	-	Gm41031	1999
2000	Gm34388	chr13	97865841	97876662	lncRNA	ENSMUSG00000114474	-	Gm34388	2000
2001	Arhgef28	chr13	97899469	98206439	protein_coding	ENSMUSG00000021662	-	Arhgef28	2001
2002	Utp15	chr13	98246845	98263041	protein_coding	ENSMUSG00000041747	-	Utp15	2002
2003	Ankra2	chr13	98263074	98274754	protein_coding	ENSMUSG00000021661	+	Ankra2	2003
2004	Gm21976	chr13	98279887	98307154	protein_coding	ENSMUSG00000096330	+	Gm21976	2004
2005	Btf3	chr13	98309896	98317006	protein_coding	ENSMUSG00000021660	-	Btf3	2005
2006	Gm9828	chr13	98316422	98324415	lncRNA	ENSMUSG00000048603	+	Gm9828	2006
2007	Foxd1	chr13	98354242	98359305	protein_coding	ENSMUSG00000078302	+	Foxd1	2007
2008	Gm2445	chr13	98402095	98403083	processed_pseudogene	ENSMUSG00000098113	-	Gm2445	2008
2009	2310005E17Rik	chr13	98424109	98435065	lncRNA	ENSMUSG00000099446	-	2310005E17Rik	2009
2010	Gm29501	chr13	98476598	98477459	lncRNA	ENSMUSG00000100416	-	Gm29501	2010
2011	Gm10320	chr13	98489348	98492001	protein_coding	ENSMUSG00000092116	-	Gm10320	2011
2012	Gm37425	chr13	98517364	98517938	TEC	ENSMUSG00000104430	-	Gm37425	2012
2013	Gm48049	chr13	98557761	98558031	processed_pseudogene	ENSMUSG00000114912	+	Gm48049	2013
2014	Gm22698	chr13	98560354	98560461	miRNA	ENSMUSG00000093116	+	Gm22698	2014
2015	Gm48050	chr13	98608411	98617662	lncRNA	ENSMUSG00000114521	-	Gm48050	2015
2016	Gm4815	chr13	98613501	98614494	processed_pseudogene	ENSMUSG00000114733	+	Gm4815	2016
2017	Tmem174	chr13	98634978	98637410	protein_coding	ENSMUSG00000046082	-	Tmem174	2017
2018	Tmem171	chr13	98686235	98694834	protein_coding	ENSMUSG00000052485	-	Tmem171	2018
2019	Gm9465	chr13	98713074	98716510	lncRNA	ENSMUSG00000114689	-	Gm9465	2019
2020	Fcho2	chr13	98723403	98815449	protein_coding	ENSMUSG00000041685	-	Fcho2	2020
2021	Gm47550	chr13	98732986	98734690	TEC	ENSMUSG00000114612	+	Gm47550	2021
2022	D130062J10Rik	chr13	98798611	98801410	lncRNA	ENSMUSG00000114598	-	D130062J10Rik	2022
2023	Gm47551	chr13	98801172	98803736	lncRNA	ENSMUSG00000114458	+	Gm47551	2023
2024	Gm18134	chr13	98816752	98817265	processed_pseudogene	ENSMUSG00000114719	+	Gm18134	2024
2025	Tnpo1	chr13	98839019	98926384	protein_coding	ENSMUSG00000009470	-	Tnpo1	2025
2026	Gm5453	chr13	98904224	98904670	processed_pseudogene	ENSMUSG00000062461	+	Gm5453	2026
2027	Gm35215	chr13	98936763	98945916	lncRNA	ENSMUSG00000114569	-	Gm35215	2027
2028	Gm47052	chr13	98973378	98973742	processed_pseudogene	ENSMUSG00000114873	+	Gm47052	2028
2029	1700024P04Rik	chr13	98984085	98984565	protein_coding	ENSMUSG00000045022	-	1700024P04Rik	2029
2030	Gm35279	chr13	98994151	98997418	lncRNA	ENSMUSG00000114203	+	Gm35279	2030
2031	A930014D07Rik	chr13	99007099	99021695	lncRNA	ENSMUSG00000114414	+	A930014D07Rik	2031
2032	Gm47057	chr13	99034309	99034848	processed_pseudogene	ENSMUSG00000114283	-	Gm47057	2032
2033	2310020H05Rik	chr13	99076526	99087921	lncRNA	ENSMUSG00000100410	-	2310020H05Rik	2033
2034	Gm807	chr13	99100706	99107580	lncRNA	ENSMUSG00000097848	+	Gm807	2034
2035	Zfp366	chr13	99184823	99250656	protein_coding	ENSMUSG00000050919	+	Zfp366	2035
2036	Ptcd2	chr13	99319647	99344705	protein_coding	ENSMUSG00000021650	-	Ptcd2	2036
2037	Mrps27	chr13	99344786	99415562	protein_coding	ENSMUSG00000041632	+	Mrps27	2037
2038	6430562O15Rik	chr13	99396924	99412876	lncRNA	ENSMUSG00000097828	-	6430562O15Rik	2038
2039	Map1b	chr13	99421446	99516540	protein_coding	ENSMUSG00000052727	-	Map1b	2039
2040	5330431K02Rik	chr13	99502477	99504439	TEC	ENSMUSG00000114282	-	5330431K02Rik	2040
2041	Gm26559	chr13	99516629	99521760	lncRNA	ENSMUSG00000097027	+	Gm26559	2041
2042	Gm47158	chr13	99561442	99561919	processed_pseudogene	ENSMUSG00000114578	+	Gm47158	2042
2043	Gm24471	chr13	99692399	99692529	snoRNA	ENSMUSG00000077673	-	Gm24471	2043
2044	Cartpt	chr13	99898489	99901091	protein_coding	ENSMUSG00000021647	-	Cartpt	2044
2045	Mccc2	chr13	99948530	100015639	protein_coding	ENSMUSG00000021646	-	Mccc2	2045
2046	Bdp1	chr13	100017994	100104070	protein_coding	ENSMUSG00000049658	-	Bdp1	2046
2047	BC001981	chr13	100106795	100108339	lncRNA	ENSMUSG00000097022	-	BC001981	2047
2048	Serf1	chr13	100108012	100114571	protein_coding	ENSMUSG00000021643	+	Serf1	2048
2049	Smn1	chr13	100124852	100137690	protein_coding	ENSMUSG00000021645	+	Smn1	2049
2050	Naip2	chr13	100144063	100202092	protein_coding	ENSMUSG00000078945	-	Naip2	2050
2051	Gm18413	chr13	100153851	100154505	processed_pseudogene	ENSMUSG00000113292	-	Gm18413	2051
2052	Naip5	chr13	100211739	100246323	protein_coding	ENSMUSG00000071203	-	Naip5	2052
2053	Naip3-ps1	chr13	100264745	100278817	unprocessed_pseudogene	ENSMUSG00000114576	-	Naip3-ps1	2053
2054	Naip6	chr13	100281121	100317674	protein_coding	ENSMUSG00000078942	-	Naip6	2054
2055	Naip3	chr13	100340144	100378960	unprocessed_pseudogene	ENSMUSG00000082956	-	Naip3	2055
2056	Gm18601	chr13	100392732	100394499	processed_pseudogene	ENSMUSG00000112978	+	Gm18601	2056
2057	Naip1	chr13	100407764	100452869	protein_coding	ENSMUSG00000021640	-	Naip1	2057
2058	Rpl31-ps13	chr13	100415565	100415942	processed_pseudogene	ENSMUSG00000051723	+	Rpl31-ps13	2058
2059	Gtf2h2	chr13	100460218	100492579	protein_coding	ENSMUSG00000021639	-	Gtf2h2	2059
2060	Gm48452	chr13	100467932	100468187	processed_pseudogene	ENSMUSG00000113596	+	Gm48452	2060
2061	Ocln	chr13	100496507	100552718	protein_coding	ENSMUSG00000021638	-	Ocln	2061
2062	Gm48596	chr13	100557426	100560639	lncRNA	ENSMUSG00000114360	+	Gm48596	2062
2063	Gm8847	chr13	100559402	100560032	processed_pseudogene	ENSMUSG00000114332	-	Gm8847	2063
2064	Marveld2	chr13	100595957	100616971	protein_coding	ENSMUSG00000021636	-	Marveld2	2064
2065	Rad17	chr13	100617164	100651051	protein_coding	ENSMUSG00000021635	-	Rad17	2065
2066	Ak6	chr13	100650979	100666359	protein_coding	ENSMUSG00000078941	+	Ak6	2066
2067	Taf9	chr13	100651579	100656060	protein_coding	ENSMUSG00000052293	+	Taf9	2067
2068	Ccdc125	chr13	100669717	100697240	protein_coding	ENSMUSG00000048924	+	Ccdc125	2068
2069	Cdk7	chr13	100702631	100730939	protein_coding	ENSMUSG00000069089	-	Cdk7	2069
2070	Mrps36	chr13	100735955	100744659	protein_coding	ENSMUSG00000061474	-	Mrps36	2070
2071	Cenph	chr13	100759674	100775899	protein_coding	ENSMUSG00000045273	-	Cenph	2071
2072	Gm16335	chr13	100770464	100770772	processed_pseudogene	ENSMUSG00000085340	+	Gm16335	2072
2073	Ccnb1	chr13	100778650	100786570	protein_coding	ENSMUSG00000041431	-	Ccnb1	2073
2074	Slc30a5	chr13	100802648	100833427	protein_coding	ENSMUSG00000021629	-	Slc30a5	2074
2075	Gm29502	chr13	100847433	100977915	lncRNA	ENSMUSG00000100596	+	Gm29502	2075
2076	Gm37830	chr13	100872780	100876195	TEC	ENSMUSG00000104450	+	Gm37830	2076
2077	Gm41041	chr13	100909097	100909889	processed_pseudogene	ENSMUSG00000114738	-	Gm41041	2077
2078	Gm10257	chr13	100946405	100946815	processed_pseudogene	ENSMUSG00000114759	-	Gm10257	2078
2079	Gm6114	chr13	101013019	101013986	processed_pseudogene	ENSMUSG00000098005	-	Gm6114	2079
2080	Hmgb1-ps9	chr13	101038602	101039246	processed_pseudogene	ENSMUSG00000096722	-	Hmgb1-ps9	2080
2081	5930438M14Rik	chr13	101232127	101247551	lncRNA	ENSMUSG00000114590	+	5930438M14Rik	2081
2082	4932411K12Rik	chr13	101254294	101464160	lncRNA	ENSMUSG00000100733	+	4932411K12Rik	2082
2083	Gm2534	chr13	101348752	101349181	processed_pseudogene	ENSMUSG00000114295	+	Gm2534	2083
2084	Gm41043	chr13	101543777	101548152	lncRNA	ENSMUSG00000114652	-	Gm41043	2084
2085	Gm47533	chr13	101545206	101548279	lncRNA	ENSMUSG00000114400	+	Gm47533	2085
2086	Gm19010	chr13	101557231	101557831	processed_pseudogene	ENSMUSG00000114700	-	Gm19010	2086
2087	Gm29341	chr13	101605618	101606233	lncRNA	ENSMUSG00000099774	-	Gm29341	2087
2088	Pik3r1	chr13	101680563	101768217	protein_coding	ENSMUSG00000041417	-	Pik3r1	2088
2089	Gm36638	chr13	101752806	101753205	TEC	ENSMUSG00000102635	-	Gm36638	2089
2090	Gm19108	chr13	101841540	101842306	processed_pseudogene	ENSMUSG00000114223	-	Gm19108	2090
2091	Gm47007	chr13	101855491	101856351	lncRNA	ENSMUSG00000114762	+	Gm47007	2091
2092	Gm17832	chr13	101920420	101922391	processed_pseudogene	ENSMUSG00000114717	+	Gm17832	2092
2093	Gm38133	chr13	102114117	102116035	TEC	ENSMUSG00000102542	-	Gm38133	2093
2094	Gm25808	chr13	102228669	102228952	misc_RNA	ENSMUSG00000084733	+	Gm25808	2094
2095	Gm47008	chr13	102366891	102367152	processed_pseudogene	ENSMUSG00000114444	-	Gm47008	2095
2096	Gm29927	chr13	102563187	102590285	lncRNA	ENSMUSG00000114846	-	Gm29927	2096
2097	Gm47014	chr13	102604533	102606903	processed_pseudogene	ENSMUSG00000114730	+	Gm47014	2097
2098	Cd180	chr13	102693558	102739629	protein_coding	ENSMUSG00000021624	+	Cd180	2098
2099	Mast4	chr13	102732486	103334497	protein_coding	ENSMUSG00000034751	-	Mast4	2099
2100	1700099I09Rik	chr13	102760255	102761896	lncRNA	ENSMUSG00000091906	+	1700099I09Rik	2100
2101	Gm17160	chr13	102762435	102764785	lncRNA	ENSMUSG00000090329	+	Gm17160	2101
2102	Gm6211	chr13	103159795	103164069	transcribed_processed_pseudogene	ENSMUSG00000091577	-	Gm6211	2102
2103	Gm5454	chr13	103356252	103357704	processed_pseudogene	ENSMUSG00000047643	+	Gm5454	2103
2104	n-R5s56	chr13	103396202	103396306	rRNA	ENSMUSG00000064455	+	n-R5s56	2104
2105	Gm16416	chr13	103397109	103397591	processed_pseudogene	ENSMUSG00000095940	+	Gm16416	2105
2106	Gm30551	chr13	103591395	103707633	lncRNA	ENSMUSG00000114206	-	Gm30551	2106
2107	Srek1	chr13	103739348	103774608	protein_coding	ENSMUSG00000032621	-	Srek1	2107
2108	Erbin	chr13	103818787	103920514	protein_coding	ENSMUSG00000021709	-	Erbin	2108
2109	Gm47849	chr13	103945928	103970124	lncRNA	ENSMUSG00000114276	-	Gm47849	2109
2110	Gm47851	chr13	103976312	103978330	lncRNA	ENSMUSG00000114637	-	Gm47851	2110
2111	Nln	chr13	104023057	104109614	protein_coding	ENSMUSG00000021710	-	Nln	2111
2112	Sgtb	chr13	104109741	104141735	protein_coding	ENSMUSG00000042743	+	Sgtb	2112
2113	Trappc13	chr13	104142149	104178469	protein_coding	ENSMUSG00000021711	-	Trappc13	2113
2114	Shld3	chr13	104173722	104178439	protein_coding	ENSMUSG00000118537	-	Shld3	2114
2115	Trim23	chr13	104178797	104203372	protein_coding	ENSMUSG00000021712	+	Trim23	2115
2116	Ppwd1	chr13	104205124	104228843	protein_coding	ENSMUSG00000021713	-	Ppwd1	2116
2117	Cenpk	chr13	104228611	104252392	protein_coding	ENSMUSG00000021714	+	Cenpk	2117
2118	Adamts6	chr13	104287835	104496695	protein_coding	ENSMUSG00000046169	+	Adamts6	2118
2119	Cwc27	chr13	104631140	104817142	protein_coding	ENSMUSG00000021715	-	Cwc27	2119
2120	2610204G07Rik	chr13	104684931	104694994	lncRNA	ENSMUSG00000084860	+	2610204G07Rik	2120
2121	Srek1ip1	chr13	104792484	104839274	protein_coding	ENSMUSG00000021716	+	Srek1ip1	2121
2122	Shisal2b	chr13	104845283	104863893	protein_coding	ENSMUSG00000042655	-	Shisal2b	2122
2123	Rgs7bp	chr13	104945904	105054930	protein_coding	ENSMUSG00000021719	-	Rgs7bp	2123
2124	4933425L06Rik	chr13	105082122	105121782	protein_coding	ENSMUSG00000021718	+	4933425L06Rik	2124
2125	Rnf180	chr13	105130001	105294815	protein_coding	ENSMUSG00000021720	-	Rnf180	2125
2126	Gm25631	chr13	105223269	105223398	snoRNA	ENSMUSG00000077578	-	Gm25631	2126
2127	Htr1a	chr13	105443639	105448122	protein_coding	ENSMUSG00000021721	+	Htr1a	2127
2128	Gm48208	chr13	105568754	105569963	processed_pseudogene	ENSMUSG00000114518	-	Gm48208	2128
2129	Gm10739	chr13	105838547	106019783	lncRNA	ENSMUSG00000114564	+	Gm10739	2129
2130	Gm48212	chr13	105901764	105902140	processed_pseudogene	ENSMUSG00000114840	+	Gm48212	2130
2131	Gm48214	chr13	106042124	106042481	processed_pseudogene	ENSMUSG00000114899	+	Gm48214	2131
2132	Olfr717-ps1	chr13	106197216	106197771	unprocessed_pseudogene	ENSMUSG00000108515	-	Olfr717-ps1	2132
2133	Gm7054	chr13	106475936	106476755	processed_pseudogene	ENSMUSG00000114217	+	Gm7054	2133
2134	Gm48216	chr13	106530998	106531817	processed_pseudogene	ENSMUSG00000114367	-	Gm48216	2134
2135	Dph3b-ps	chr13	106546815	106547060	processed_pseudogene	ENSMUSG00000059877	-	Dph3b-ps	2135
2136	Gm30411	chr13	106747070	106761579	lncRNA	ENSMUSG00000114422	-	Gm30411	2136
2137	Gm24527	chr13	106780114	106780220	snRNA	ENSMUSG00000064854	-	Gm24527	2137
2138	Gm28989	chr13	106788070	106796796	lncRNA	ENSMUSG00000101308	+	Gm28989	2138
2139	Ipo11	chr13	106794439	106936958	protein_coding	ENSMUSG00000042590	-	Ipo11	2139
2140	AC154328.1	chr13	106833714	106847267	transcribed_unitary_pseudogene	ENSMUSG00000118423	-	AC154328.1	2140
2141	Gm28988	chr13	106851900	106853846	lncRNA	ENSMUSG00000100833	+	Gm28988	2141
2142	Gm48457	chr13	106945223	106945529	processed_pseudogene	ENSMUSG00000114572	-	Gm48457	2142
2143	Dimt1	chr13	106947127	106960224	protein_coding	ENSMUSG00000021692	+	Dimt1	2143
2144	Kif2a	chr13	106958996	107022126	protein_coding	ENSMUSG00000021693	-	Kif2a	2144
2145	Gm24431	chr13	106990402	106990467	snoRNA	ENSMUSG00000077261	-	Gm24431	2145
2146	3830408C21Rik	chr13	107022553	107055497	lncRNA	ENSMUSG00000071181	+	3830408C21Rik	2146
2147	Gm48684	chr13	107034284	107035217	lncRNA	ENSMUSG00000114893	+	Gm48684	2147
2148	Gm31452	chr13	107063693	107099252	lncRNA	ENSMUSG00000114311	+	Gm31452	2148
2149	Gm2726	chr13	107279615	107280191	processed_pseudogene	ENSMUSG00000114475	-	Gm2726	2149
2150	Gm2736	chr13	107348204	107348516	processed_pseudogene	ENSMUSG00000114459	+	Gm2736	2150
2151	Apoo-ps	chr13	107414144	107414729	processed_pseudogene	ENSMUSG00000049233	-	Apoo-ps	2151
2152	AI197445	chr13	107469822	107482718	lncRNA	ENSMUSG00000114780	+	AI197445	2152
2153	Gm32004	chr13	107524061	107565331	lncRNA	ENSMUSG00000114534	-	Gm32004	2153
2154	Gm32090	chr13	107605284	107612849	lncRNA	ENSMUSG00000114807	-	Gm32090	2154
2155	1700006H21Rik	chr13	107687397	107692173	lncRNA	ENSMUSG00000102000	+	1700006H21Rik	2155
2156	Zswim6	chr13	107724617	107890064	protein_coding	ENSMUSG00000032846	-	Zswim6	2156
2157	Gm22118	chr13	107829110	107829280	miRNA	ENSMUSG00000093334	-	Gm22118	2157
2158	B230220B15Rik	chr13	107996285	108004669	lncRNA	ENSMUSG00000114627	+	B230220B15Rik	2158
2159	Ndufaf2	chr13	108002715	108158623	protein_coding	ENSMUSG00000068184	-	Ndufaf2	2159
2160	Smim15	chr13	108044446	108049172	protein_coding	ENSMUSG00000071180	+	Smim15	2160
2161	Ercc8	chr13	108158731	108195364	protein_coding	ENSMUSG00000021694	+	Ercc8	2161
2162	Elovl7	chr13	108214404	108285683	protein_coding	ENSMUSG00000021696	+	Elovl7	2162
2163	Gm32376	chr13	108220468	108220841	processed_pseudogene	ENSMUSG00000114519	-	Gm32376	2163
2164	Gm30747	chr13	108233089	108233555	processed_pseudogene	ENSMUSG00000114507	-	Gm30747	2164
2165	Gm8990	chr13	108309202	108310750	processed_pseudogene	ENSMUSG00000114607	-	Gm8990	2165
2166	Gm2822	chr13	108313099	108316273	lncRNA	ENSMUSG00000090358	-	Gm2822	2166
2167	Depdc1b	chr13	108316332	108407782	protein_coding	ENSMUSG00000021697	+	Depdc1b	2167
2168	Pde4d	chr13	108449948	109953461	protein_coding	ENSMUSG00000021699	+	Pde4d	2168
2169	Gm27572	chr13	108498384	108498638	misc_RNA	ENSMUSG00000098836	-	Gm27572	2169
2170	Gm28016	chr13	108498775	108498970	misc_RNA	ENSMUSG00000099323	-	Gm28016	2170
2171	Rps3a3	chr13	108670603	108671397	processed_pseudogene	ENSMUSG00000059751	+	Rps3a3	2171
2172	Mir582	chr13	109324744	109324824	miRNA	ENSMUSG00000076946	+	Mir582	2172
2173	Mir1904	chr13	109903809	109903888	miRNA	ENSMUSG00000084651	+	Mir1904	2173
2174	Rab3c	chr13	110054187	110280996	protein_coding	ENSMUSG00000021700	-	Rab3c	2174
2175	Gm5455	chr13	110304777	110305491	processed_pseudogene	ENSMUSG00000045609	-	Gm5455	2175
2176	Gapt	chr13	110352616	110357199	protein_coding	ENSMUSG00000046006	-	Gapt	2176
2177	Plk2	chr13	110395046	110400844	protein_coding	ENSMUSG00000021701	+	Plk2	2177
2178	Gm33045	chr13	110627288	110642730	lncRNA	ENSMUSG00000109853	+	Gm33045	2178
2179	Gm33172	chr13	110683912	110686925	lncRNA	ENSMUSG00000114775	+	Gm33172	2179
2180	Gm48533	chr13	110842905	110843121	processed_pseudogene	ENSMUSG00000114587	-	Gm48533	2180
2181	Gm48534	chr13	110844574	110844936	processed_pseudogene	ENSMUSG00000114275	-	Gm48534	2181
2182	Gm30839	chr13	110860413	110860671	processed_pseudogene	ENSMUSG00000114320	-	Gm30839	2182
2183	4930526H09Rik	chr13	110882852	110903846	lncRNA	ENSMUSG00000114307	-	4930526H09Rik	2183
2184	Gm38397	chr13	110903499	110908280	lncRNA	ENSMUSG00000114472	+	Gm38397	2184
2185	Gm48547	chr13	111017523	111018821	processed_pseudogene	ENSMUSG00000114747	-	Gm48547	2185
2186	3110015C05Rik	chr13	111211467	111229431	lncRNA	ENSMUSG00000114824	-	3110015C05Rik	2186
2187	Actbl2	chr13	111255013	111257749	protein_coding	ENSMUSG00000055194	+	Actbl2	2187
2188	Gm15289	chr13	111361676	111361919	processed_pseudogene	ENSMUSG00000082258	+	Gm15289	2188
2189	Gm6270	chr13	111361840	111368680	lncRNA	ENSMUSG00000086201	-	Gm6270	2189
2190	Gpbp1	chr13	111425680	111490111	protein_coding	ENSMUSG00000032745	-	Gpbp1	2190
2191	Gm49496	chr13	111439229	111549947	protein_coding	ENSMUSG00000116016	-	Gm49496	2191
2192	Gm15290	chr13	111522350	111549911	lncRNA	ENSMUSG00000085634	-	Gm15290	2192
2193	Gm15288	chr13	111561372	111568553	lncRNA	ENSMUSG00000086870	-	Gm15288	2193
2194	Gm15286	chr13	111580261	111644830	lncRNA	ENSMUSG00000086649	+	Gm15286	2194
2195	Gm10198	chr13	111592785	111592856	protein_coding	ENSMUSG00000067122	+	Gm10198	2195
2196	Gm10736	chr13	111593534	111593611	processed_pseudogene	ENSMUSG00000096842	-	Gm10736	2196
2197	Mier3	chr13	111680979	111718596	protein_coding	ENSMUSG00000032727	+	Mier3	2197
2198	Gm15488	chr13	111721479	111724334	unitary_pseudogene	ENSMUSG00000084217	-	Gm15488	2198
2199	Gm15287	chr13	111725517	111735124	lncRNA	ENSMUSG00000086480	+	Gm15287	2199
2200	Map3k1	chr13	111746428	111808993	protein_coding	ENSMUSG00000021754	-	Map3k1	2200
2201	Gm15327	chr13	111809141	111811039	lncRNA	ENSMUSG00000085204	+	Gm15327	2201
2202	Gm15325	chr13	111850316	111852622	lncRNA	ENSMUSG00000086861	-	Gm15325	2202
2203	Gm15324	chr13	111856996	111858505	lncRNA	ENSMUSG00000086057	+	Gm15324	2203
2204	Gm15326	chr13	111867936	111874730	lncRNA	ENSMUSG00000086111	+	Gm15326	2204
2205	Gm9025	chr13	111882393	111884177	processed_pseudogene	ENSMUSG00000082433	-	Gm9025	2205
2206	Gm15322	chr13	111991466	111995486	lncRNA	ENSMUSG00000086402	+	Gm15322	2206
2207	Gm15323	chr13	112005502	112017332	lncRNA	ENSMUSG00000086092	+	Gm15323	2207
2208	Gm31104	chr13	112138116	112139093	processed_pseudogene	ENSMUSG00000114361	+	Gm31104	2208
2209	Gm48802	chr13	112165458	112172068	lncRNA	ENSMUSG00000114745	-	Gm48802	2209
2210	Gm37427	chr13	112219193	112220481	TEC	ENSMUSG00000104438	+	Gm37427	2210
2211	Ankrd55	chr13	112288451	112384002	protein_coding	ENSMUSG00000049985	+	Ankrd55	2211
2212	Gm48837	chr13	112356925	112367845	lncRNA	ENSMUSG00000114536	-	Gm48837	2212
2213	2810403G07Rik	chr13	112414938	112417365	lncRNA	ENSMUSG00000114656	-	2810403G07Rik	2213
2214	Gm48876	chr13	112424222	112426340	lncRNA	ENSMUSG00000114869	-	Gm48876	2214
2215	Gm48879	chr13	112429434	112436596	lncRNA	ENSMUSG00000114468	-	Gm48879	2215
2216	Il6st	chr13	112464070	112510086	protein_coding	ENSMUSG00000021756	+	Il6st	2216
2217	Il31ra	chr13	112519898	112594360	protein_coding	ENSMUSG00000050377	-	Il31ra	2217
2218	Gm3226	chr13	112593743	112595084	processed_pseudogene	ENSMUSG00000114547	-	Gm3226	2218
2219	Ddx4	chr13	112598333	112652475	protein_coding	ENSMUSG00000021758	-	Ddx4	2219
2220	Slc38a9	chr13	112660751	112738749	protein_coding	ENSMUSG00000047789	+	Slc38a9	2220
2221	Gm47827	chr13	112669139	112685696	lncRNA	ENSMUSG00000114438	-	Gm47827	2221
2222	Gm18883	chr13	112699679	112700036	processed_pseudogene	ENSMUSG00000114418	+	Gm18883	2222
2223	Gm47850	chr13	112764848	112765616	lncRNA	ENSMUSG00000114286	+	Gm47850	2223
2224	Plpp1	chr13	112800792	112867894	protein_coding	ENSMUSG00000021759	+	Plpp1	2224
2225	Mtrex	chr13	112867418	112927398	protein_coding	ENSMUSG00000016018	-	Mtrex	2225
2226	Gm26943	chr13	112884226	112885182	processed_pseudogene	ENSMUSG00000098067	+	Gm26943	2226
2227	Dhx29	chr13	112927454	112969432	protein_coding	ENSMUSG00000042426	+	Dhx29	2227
2228	Gm8795	chr13	112937585	112938023	processed_pseudogene	ENSMUSG00000114477	+	Gm8795	2228
2229	Ccno	chr13	112987802	112990777	protein_coding	ENSMUSG00000042417	+	Ccno	2229
2230	Mcidas	chr13	112993845	113000394	protein_coding	ENSMUSG00000074651	+	Mcidas	2230
2231	Cdc20b	chr13	113035111	113091195	protein_coding	ENSMUSG00000078926	+	Cdc20b	2231
2232	Gm10735	chr13	113039301	113042243	TEC	ENSMUSG00000074650	-	Gm10735	2232
2233	Gpx8	chr13	113042753	113046410	protein_coding	ENSMUSG00000021760	-	Gpx8	2233
2234	4930563N14Rik	chr13	113078106	113079147	lncRNA	ENSMUSG00000116554	-	4930563N14Rik	2234
2235	Gzma	chr13	113093825	113100981	protein_coding	ENSMUSG00000023132	-	Gzma	2235
2236	Gm9848	chr13	113108073	113108331	processed_pseudogene	ENSMUSG00000051002	+	Gm9848	2236
2237	1700084D21Rik	chr13	113136083	113144012	lncRNA	ENSMUSG00000114333	+	1700084D21Rik	2237
2238	Gm49564	chr13	113150677	113151450	unprocessed_pseudogene	ENSMUSG00000116741	-	Gm49564	2238
2239	Gzmk	chr13	113171608	113225908	protein_coding	ENSMUSG00000042385	-	Gzmk	2239
2240	Esm1	chr13	113209659	113218098	protein_coding	ENSMUSG00000042379	+	Esm1	2240
2241	BC067074	chr13	113293159	113379711	protein_coding	ENSMUSG00000021763	+	BC067074	2241
2242	Gm41071	chr13	113420336	113423887	lncRNA	ENSMUSG00000114864	-	Gm41071	2242
2243	4921509O07Rik	chr13	113446288	113502844	lncRNA	ENSMUSG00000114790	-	4921509O07Rik	2243
2244	Gm31191	chr13	113479975	113480243	processed_pseudogene	ENSMUSG00000114659	-	Gm31191	2244
2245	Gm34471	chr13	113529039	113567767	lncRNA	ENSMUSG00000114715	-	Gm34471	2245
2246	Snx18	chr13	113592179	113618564	protein_coding	ENSMUSG00000042364	-	Snx18	2246
2247	Hspb3	chr13	113662896	113663676	protein_coding	ENSMUSG00000051456	-	Hspb3	2247
2248	Gm34586	chr13	113672318	113686540	lncRNA	ENSMUSG00000114417	+	Gm34586	2248
2249	Gm6343	chr13	113761386	113762128	processed_pseudogene	ENSMUSG00000114962	-	Gm6343	2249
2250	Gm47462	chr13	113764112	113764277	processed_pseudogene	ENSMUSG00000114901	+	Gm47462	2250
2251	Gm47463	chr13	113764615	113764921	processed_pseudogene	ENSMUSG00000114781	+	Gm47463	2251
2252	Gm47464	chr13	113791552	113791777	processed_pseudogene	ENSMUSG00000114395	-	Gm47464	2252
2253	Arl15	chr13	113794505	114157461	protein_coding	ENSMUSG00000042348	+	Arl15	2253
2254	Gm47479	chr13	114118441	114120416	TEC	ENSMUSG00000114696	-	Gm47479	2254
2255	A430090L17Rik	chr13	114124348	114151592	lncRNA	ENSMUSG00000114213	-	A430090L17Rik	2255
2256	Gm37907	chr13	114227111	114237432	TEC	ENSMUSG00000104314	+	Gm37907	2256
2257	4631422I05Rik	chr13	114240878	114242640	TEC	ENSMUSG00000114655	-	4631422I05Rik	2257
2258	Gm47558	chr13	114281668	114284381	TEC	ENSMUSG00000114707	-	Gm47558	2258
2259	Ndufs4	chr13	114287795	114388258	protein_coding	ENSMUSG00000021764	-	Ndufs4	2259
2260	Gm47569	chr13	114435409	114436699	processed_pseudogene	ENSMUSG00000114712	-	Gm47569	2260
2261	Gm41073	chr13	114437793	114438214	processed_pseudogene	ENSMUSG00000114520	-	Gm41073	2261
2262	Fst	chr13	114452290	114458951	protein_coding	ENSMUSG00000021765	-	Fst	2262
2263	Gm47040	chr13	114458663	114462047	lncRNA	ENSMUSG00000114935	+	Gm47040	2263
2264	Gm25950	chr13	114580495	114580594	miRNA	ENSMUSG00000093072	+	Gm25950	2264
2265	4930467J12Rik	chr13	114586513	114607084	lncRNA	ENSMUSG00000114879	-	4930467J12Rik	2265
2266	4930544M13Rik	chr13	114607237	114697822	lncRNA	ENSMUSG00000051758	+	4930544M13Rik	2266
2267	Mocs2	chr13	114818236	114832275	protein_coding	ENSMUSG00000015536	+	Mocs2	2267
2268	Itga2	chr13	114833081	114932100	protein_coding	ENSMUSG00000015533	-	Itga2	2268
2269	Gm47776	chr13	114934642	114935068	processed_pseudogene	ENSMUSG00000114703	-	Gm47776	2269
2270	Itga1	chr13	114953096	115101964	protein_coding	ENSMUSG00000042284	-	Itga1	2270
2271	Gm49395	chr13	115035273	115101921	protein_coding	ENSMUSG00000114470	-	Gm49395	2271
2272	Pelo	chr13	115088355	115090186	protein_coding	ENSMUSG00000042275	-	Pelo	2272
2273	Gm10734	chr13	115089501	115090987	lncRNA	ENSMUSG00000114255	+	Gm10734	2273
2274	Gm25985	chr13	115116127	115116233	snRNA	ENSMUSG00000096021	+	Gm25985	2274
2275	Gm18759	chr13	115163608	115164820	processed_pseudogene	ENSMUSG00000114872	-	Gm18759	2275
2276	Gm47891	chr13	115282201	115282675	processed_pseudogene	ENSMUSG00000114471	+	Gm47891	2276
2277	Gm6035	chr13	115528556	115529772	processed_pseudogene	ENSMUSG00000114551	-	Gm6035	2277
2278	Gm18135	chr13	115770936	115771468	processed_pseudogene	ENSMUSG00000114324	+	Gm18135	2278
2279	Rpl34-ps2	chr13	116153781	116154134	processed_pseudogene	ENSMUSG00000061669	+	Rpl34-ps2	2279
2280	Isl1	chr13	116298281	116309689	protein_coding	ENSMUSG00000042258	-	Isl1	2280
2281	Gm29764	chr13	116330726	116331528	processed_pseudogene	ENSMUSG00000114889	-	Gm29764	2281
2282	Gm47912	chr13	116361198	116361694	processed_pseudogene	ENSMUSG00000114451	-	Gm47912	2282
2283	Gm47914	chr13	116558311	116677705	lncRNA	ENSMUSG00000114731	-	Gm47914	2283
2284	Gm47913	chr13	116651448	116663591	lncRNA	ENSMUSG00000114347	-	Gm47913	2284
2285	Gm23198	chr13	116675878	116675968	rRNA	ENSMUSG00000089436	+	Gm23198	2285
2286	4930435F18Rik	chr13	116802095	116838178	lncRNA	ENSMUSG00000114290	-	4930435F18Rik	2286
2287	Parp8	chr13	116854820	117025537	protein_coding	ENSMUSG00000021725	-	Parp8	2287
2288	Gm48026	chr13	117085631	117085979	processed_pseudogene	ENSMUSG00000114876	-	Gm48026	2288
2289	Gm6416	chr13	117130027	117135884	lncRNA	ENSMUSG00000114792	+	Gm6416	2289
2290	Gm18945	chr13	117143106	117144195	processed_pseudogene	ENSMUSG00000114964	+	Gm18945	2290
2291	Emb	chr13	117208536	117274415	protein_coding	ENSMUSG00000021728	+	Emb	2291
2292	Gm17509	chr13	117218701	117221075	lncRNA	ENSMUSG00000091423	-	Gm17509	2292
2293	Gm6421	chr13	117358212	117358620	processed_pseudogene	ENSMUSG00000114540	-	Gm6421	2293
2294	Gm5200	chr13	117457836	117459075	processed_pseudogene	ENSMUSG00000114358	-	Gm5200	2294
2295	Hcn1	chr13	117602320	117987418	protein_coding	ENSMUSG00000021730	+	Hcn1	2295
2296	4933413L06Rik	chr13	117706764	117720011	lncRNA	ENSMUSG00000079048	-	4933413L06Rik	2296
2297	Gm9633	chr13	118047320	118047944	processed_pseudogene	ENSMUSG00000114713	+	Gm9633	2297
2298	Mrps30	chr13	118378381	118387252	protein_coding	ENSMUSG00000021731	-	Mrps30	2298
2299	B430218F22Rik	chr13	118386630	118388124	lncRNA	ENSMUSG00000097411	+	B430218F22Rik	2299
2300	Gm47563	chr13	118510358	118510913	processed_pseudogene	ENSMUSG00000114668	-	Gm47563	2300
2301	1700003P14Rik	chr13	118555360	118588704	lncRNA	ENSMUSG00000100727	+	1700003P14Rik	2301
2302	Gm9098	chr13	118568775	118569782	processed_pseudogene	ENSMUSG00000114365	-	Gm9098	2302
2303	Gm47330	chr13	118589732	118590257	processed_pseudogene	ENSMUSG00000114485	+	Gm47330	2303
2304	Gm18361	chr13	118598039	118598918	processed_pseudogene	ENSMUSG00000114831	-	Gm18361	2304
2305	Gm10732	chr13	118603418	118658743	lncRNA	ENSMUSG00000114613	-	Gm10732	2305
2306	Fgf10	chr13	118669791	118792115	protein_coding	ENSMUSG00000021732	+	Fgf10	2306
2307	Gm16263	chr13	118695292	118715396	lncRNA	ENSMUSG00000086709	-	Gm16263	2307
2308	Gm47335	chr13	118858145	118858414	processed_pseudogene	ENSMUSG00000114868	-	Gm47335	2308
2309	Gm47336	chr13	119271619	119279545	lncRNA	ENSMUSG00000114736	-	Gm47336	2309
2310	Nnt	chr13	119335448	119408997	protein_coding	ENSMUSG00000025453	-	Nnt	2310
2311	Paip1	chr13	119428601	119458218	protein_coding	ENSMUSG00000025451	+	Paip1	2311
2312	4833420G17Rik	chr13	119462768	119486120	protein_coding	ENSMUSG00000062822	+	4833420G17Rik	2312
2313	Gm9752	chr13	119473804	119476761	lncRNA	ENSMUSG00000025450	-	Gm9752	2313
2314	3110070M22Rik	chr13	119487252	119488384	lncRNA	ENSMUSG00000074635	-	3110070M22Rik	2314
2315	Tmem267	chr13	119488039	119611059	protein_coding	ENSMUSG00000074634	+	Tmem267	2315
2316	Gm48265	chr13	119609765	119613472	lncRNA	ENSMUSG00000114945	-	Gm48265	2316
2317	Ccl28	chr13	119623819	119654359	protein_coding	ENSMUSG00000074715	+	Ccl28	2317
2318	Gm48300	chr13	119655462	119655858	processed_pseudogene	ENSMUSG00000114301	-	Gm48300	2318
2319	1700074H08Rik	chr13	119680040	119681588	lncRNA	ENSMUSG00000099872	+	1700074H08Rik	2319
2320	Hmgcs1	chr13	119690379	119708260	protein_coding	ENSMUSG00000093930	+	Hmgcs1	2320
2321	Gm48342	chr13	119698360	119704549	lncRNA	ENSMUSG00000114934	-	Gm48342	2321
2322	Nim1k	chr13	119710094	119755882	protein_coding	ENSMUSG00000095930	-	Nim1k	2322
2323	Gm41077	chr13	119756093	119769532	lncRNA	ENSMUSG00000114369	+	Gm41077	2323
2324	Zfp131	chr13	119765187	119790889	protein_coding	ENSMUSG00000094870	-	Zfp131	2324
2325	Gm23308	chr13	119813233	119813339	snRNA	ENSMUSG00000096182	+	Gm23308	2325
2326	AF067063	chr13	119827961	119830216	protein_coding	ENSMUSG00000094237	-	AF067063	2326
2327	D13Ertd608e	chr13	119836006	119846570	protein_coding	ENSMUSG00000095514	+	D13Ertd608e	2327
2328	Gm21358	chr13	119864848	119873075	processed_pseudogene	ENSMUSG00000103877	-	Gm21358	2328
2329	Gm37619	chr13	119878292	119879015	processed_pseudogene	ENSMUSG00000104162	+	Gm37619	2329
2330	Tcstv1	chr13	119893388	119894785	protein_coding	ENSMUSG00000096284	-	Tcstv1	2330
2331	Gm21761	chr13	119912095	119929272	protein_coding	ENSMUSG00000096175	-	Gm21761	2331
2332	B020031M17Rik	chr13	119949357	119950806	protein_coding	ENSMUSG00000078537	-	B020031M17Rik	2332
2333	Gm36161	chr13	120010390	120018931	lncRNA	ENSMUSG00000114608	+	Gm36161	2333
2334	Gm22108	chr13	120017108	120017213	snRNA	ENSMUSG00000095379	-	Gm22108	2334
2335	Gm36079	chr13	120026439	120027011	protein_coding	ENSMUSG00000095029	-	Gm36079	2335
2336	Gm21188	chr13	120034605	120052194	protein_coding	ENSMUSG00000095609	-	Gm21188	2336
2337	Gm31544	chr13	120046573	120047013	processed_pseudogene	ENSMUSG00000114375	+	Gm31544	2337
2338	Gm21378	chr13	120099087	120100332	processed_pseudogene	ENSMUSG00000114940	-	Gm21378	2338
2339	Gm20767	chr13	120140246	120155335	protein_coding	ENSMUSG00000096323	+	Gm20767	2339
2340	Gm21818	chr13	120172433	120173888	protein_coding	ENSMUSG00000095653	+	Gm21818	2340
2341	Gm20763	chr13	120194514	120196371	processed_pseudogene	ENSMUSG00000114398	+	Gm20763	2341
2342	Gm21762	chr13	120214593	120215947	protein_coding	ENSMUSG00000094027	-	Gm21762	2342
2343	Gm21731	chr13	120239111	120241367	protein_coding	ENSMUSG00000063846	+	Gm21731	2343
2344	AF067061	chr13	120263114	120264517	protein_coding	ENSMUSG00000095071	+	AF067061	2344
2345	BC147527	chr13	120300392	120308779	protein_coding	ENSMUSG00000094796	+	BC147527	2345
2346	Gm20900	chr13	120304194	120304665	processed_pseudogene	ENSMUSG00000078180	-	Gm20900	2346
2347	Tcstv3	chr13	120316878	120318178	protein_coding	ENSMUSG00000095821	+	Tcstv3	2347
