	gene_name	chr	start	end	type	ensembl_id	strand	gene_name2	Node_ID
0	Pisd-ps1	chr11	3125904	3131004	transcribed_unprocessed_pseudogene	ENSMUSG00000082286	+	Pisd-ps1	0
1	Sfi1	chr11	3131850	3193463	protein_coding	ENSMUSG00000023764	-	Sfi1	1
2	Gm11399	chr11	3142048	3143363	lncRNA	ENSMUSG00000087111	+	Gm11399	2
3	Gm11400	chr11	3149742	3150955	processed_pseudogene	ENSMUSG00000081208	-	Gm11400	3
4	Drg1	chr11	3187360	3266415	protein_coding	ENSMUSG00000020457	-	Drg1	4
5	Gm12735	chr11	3193516	3194263	lncRNA	ENSMUSG00000086049	-	Gm12735	5
6	Fau-ps2	chr11	3196454	3196824	processed_pseudogene	ENSMUSG00000082658	-	Fau-ps2	6
7	Eif4enif1	chr11	3202392	3244588	protein_coding	ENSMUSG00000020454	+	Eif4enif1	7
8	Patz1	chr11	3288874	3309083	protein_coding	ENSMUSG00000020453	+	Patz1	8
9	Gm12592	chr11	3305426	3331178	lncRNA	ENSMUSG00000053263	-	Gm12592	9
10	Gm11944	chr11	3308996	3320722	lncRNA	ENSMUSG00000084941	+	Gm11944	10
11	Pik3ip1	chr11	3330401	3342971	protein_coding	ENSMUSG00000034614	+	Pik3ip1	11
12	Limk2	chr11	3344256	3409189	protein_coding	ENSMUSG00000020451	-	Limk2	12
13	Gm11948	chr11	3353573	3354911	lncRNA	ENSMUSG00000087055	-	Gm11948	13
14	Rnf185	chr11	3415982	3452363	protein_coding	ENSMUSG00000020448	-	Rnf185	14
15	8430429K09Rik	chr11	3452365	3479831	lncRNA	ENSMUSG00000034587	+	8430429K09Rik	15
16	Gm11945	chr11	3470902	3471377	processed_pseudogene	ENSMUSG00000081059	-	Gm11945	16
17	Gm24439	chr11	3474285	3474401	snoRNA	ENSMUSG00000088519	-	Gm24439	17
18	Pla2g3	chr11	3488284	3499350	protein_coding	ENSMUSG00000034579	+	Pla2g3	18
19	Inpp5j	chr11	3494375	3504821	protein_coding	ENSMUSG00000034570	-	Inpp5j	19
20	Selenom	chr11	3514684	3517351	protein_coding	ENSMUSG00000075702	+	Selenom	20
21	Smtn	chr11	3517523	3540612	protein_coding	ENSMUSG00000020439	-	Smtn	21
22	Gm11946	chr11	3530157	3536856	lncRNA	ENSMUSG00000087291	+	Gm11946	22
23	Gm11947	chr11	3534238	3534907	lncRNA	ENSMUSG00000084962	+	Gm11947	23
24	Gm11949	chr11	3625477	3625848	processed_pseudogene	ENSMUSG00000084211	-	Gm11949	24
25	Gm11950	chr11	3628824	3629661	processed_pseudogene	ENSMUSG00000084310	+	Gm11950	25
26	Gm11951	chr11	3633012	3633442	processed_pseudogene	ENSMUSG00000079889	-	Gm11951	26
27	Tug1	chr11	3639785	3649673	lncRNA	ENSMUSG00000056579	-	Tug1	27
28	Gm27624	chr11	3644776	3644952	misc_RNA	ENSMUSG00000099081	-	Gm27624	28
29	Gm27517	chr11	3645286	3645521	misc_RNA	ENSMUSG00000098265	-	Gm27517	29
30	Gm27937	chr11	3646942	3647029	misc_RNA	ENSMUSG00000098503	-	Gm27937	30
31	Gm27640	chr11	3647179	3647325	misc_RNA	ENSMUSG00000098948	-	Gm27640	31
32	Morc2a	chr11	3649191	3690477	protein_coding	ENSMUSG00000034543	+	Morc2a	32
33	Gm26393	chr11	3656663	3656791	snRNA	ENSMUSG00000088250	-	Gm26393	33
34	Gm16518	chr11	3697430	3698326	processed_pseudogene	ENSMUSG00000083015	-	Gm16518	34
35	Osbp2	chr11	3703731	3863903	protein_coding	ENSMUSG00000020435	-	Osbp2	35
36	Gm24013	chr11	3788892	3788990	snoRNA	ENSMUSG00000088352	+	Gm24013	36
37	Gm11952	chr11	3872955	3873775	processed_pseudogene	ENSMUSG00000084077	+	Gm11952	37
38	4921536K21Rik	chr11	3886088	3895098	protein_coding	ENSMUSG00000020434	-	4921536K21Rik	38
39	Dusp18	chr11	3895240	3901296	protein_coding	ENSMUSG00000047205	+	Dusp18	39
40	Slc35e4	chr11	3907021	3914664	protein_coding	ENSMUSG00000048807	-	Slc35e4	40
41	Tcn2	chr11	3917192	3932159	protein_coding	ENSMUSG00000020432	-	Tcn2	41
42	4930556J24Rik	chr11	3937541	3976778	protein_coding	ENSMUSG00000034493	-	4930556J24Rik	42
43	Gm11953	chr11	3951714	3952716	processed_pseudogene	ENSMUSG00000082816	+	Gm11953	43
44	Pes1	chr11	3963975	3980004	protein_coding	ENSMUSG00000020430	+	Pes1	44
45	Gal3st1	chr11	3983636	3999326	protein_coding	ENSMUSG00000049721	+	Gal3st1	45
46	Gm11954	chr11	4002457	4002805	processed_pseudogene	ENSMUSG00000084170	+	Gm11954	46
47	Sec14l4	chr11	4031462	4048024	protein_coding	ENSMUSG00000019368	+	Sec14l4	47
48	Sec14l3	chr11	4064841	4077736	protein_coding	ENSMUSG00000054986	+	Sec14l3	48
49	Mtfp1	chr11	4091480	4095445	protein_coding	ENSMUSG00000004748	-	Mtfp1	49
50	Sec14l2	chr11	4097039	4123415	protein_coding	ENSMUSG00000003585	-	Sec14l2	50
51	Gm11955	chr11	4107755	4108224	processed_pseudogene	ENSMUSG00000082364	+	Gm11955	51
52	Gm11957	chr11	4129372	4130150	processed_pseudogene	ENSMUSG00000083838	-	Gm11957	52
53	Rnf215	chr11	4135202	4141172	protein_coding	ENSMUSG00000003581	+	Rnf215	53
54	Mir3060	chr11	4139364	4139446	miRNA	ENSMUSG00000093080	+	Mir3060	54
55	Ccdc157	chr11	4141123	4160293	protein_coding	ENSMUSG00000051427	-	Ccdc157	55
56	Sf3a1	chr11	4160350	4182541	protein_coding	ENSMUSG00000002129	+	Sf3a1	56
57	Tbc1d10a	chr11	4186789	4215505	protein_coding	ENSMUSG00000034412	+	Tbc1d10a	57
58	Castor1	chr11	4218225	4222409	protein_coding	ENSMUSG00000020424	+	Castor1	58
59	Gm11956	chr11	4230754	4231265	processed_pseudogene	ENSMUSG00000084012	-	Gm11956	59
60	Osm	chr11	4236420	4241026	protein_coding	ENSMUSG00000058755	+	Osm	60
61	Lif	chr11	4257557	4272514	protein_coding	ENSMUSG00000034394	+	Lif	61
62	Gm11959	chr11	4274089	4281931	lncRNA	ENSMUSG00000085559	+	Gm11959	62
63	Gm11958	chr11	4285460	4286939	lncRNA	ENSMUSG00000085512	+	Gm11958	63
64	Gm24803	chr11	4324149	4324255	snRNA	ENSMUSG00000065627	-	Gm24803	64
65	Hormad2	chr11	4345814	4441105	protein_coding	ENSMUSG00000020419	-	Hormad2	65
66	Mtmr3	chr11	4480868	4594863	protein_coding	ENSMUSG00000034354	-	Mtmr3	66
67	Gm11960	chr11	4561780	4564637	transcribed_processed_pseudogene	ENSMUSG00000081974	+	Gm11960	67
68	Gm11032	chr11	4620067	4621698	protein_coding	ENSMUSG00000079010	+	Gm11032	68
69	Gm11961	chr11	4620275	4630011	lncRNA	ENSMUSG00000056288	-	Gm11961	69
70	Ascc2	chr11	4637747	4685699	protein_coding	ENSMUSG00000020412	+	Ascc2	70
71	Uqcr10	chr11	4701973	4704342	protein_coding	ENSMUSG00000059534	-	Uqcr10	71
72	Zmat5	chr11	4704678	4737669	protein_coding	ENSMUSG00000009076	+	Zmat5	72
73	Cabp7	chr11	4736892	4746778	protein_coding	ENSMUSG00000009075	-	Cabp7	73
74	Nf2	chr11	4765845	4849536	protein_coding	ENSMUSG00000009073	-	Nf2	74
75	Nipsnap1	chr11	4873951	4894200	protein_coding	ENSMUSG00000034285	+	Nipsnap1	75
76	Mir6918	chr11	4891345	4891402	miRNA	ENSMUSG00000098296	+	Mir6918	76
77	Thoc5	chr11	4895320	4928867	protein_coding	ENSMUSG00000034274	+	Thoc5	77
78	AA413626	chr11	4918510	4919003	processed_pseudogene	ENSMUSG00000084381	+	AA413626	78
79	Nefh	chr11	4938754	4948064	protein_coding	ENSMUSG00000020396	-	Nefh	79
80	Ap1b1	chr11	4986824	5042791	protein_coding	ENSMUSG00000009090	+	Ap1b1	80
81	Gm47296	chr11	5038204	5038307	miRNA	ENSMUSG00000104880	+	Gm47296	81
82	Gm24958	chr11	5038211	5038307	snoRNA	ENSMUSG00000088634	+	Gm24958	82
83	Gas2l1	chr11	5054132	5065327	protein_coding	ENSMUSG00000034201	-	Gas2l1	83
84	Rasl10a	chr11	5058128	5060385	protein_coding	ENSMUSG00000034209	+	Rasl10a	84
85	Ewsr1	chr11	5069689	5099266	protein_coding	ENSMUSG00000009079	-	Ewsr1	85
86	Rhbdd3	chr11	5098926	5106093	protein_coding	ENSMUSG00000034175	+	Rhbdd3	86
87	Emid1	chr11	5106265	5152257	protein_coding	ENSMUSG00000034164	-	Emid1	87
88	Kremen1	chr11	5191552	5261558	protein_coding	ENSMUSG00000020393	-	Kremen1	88
89	Gm25142	chr11	5251850	5251956	snRNA	ENSMUSG00000064632	+	Gm25142	89
90	AL662853.1	chr11	5274085	5275539	unitary_pseudogene	ENSMUSG00000118486	+	AL662853.1	90
91	Znrf3	chr11	5276324	5444847	protein_coding	ENSMUSG00000041961	-	Znrf3	91
92	Gm11962	chr11	5495192	5495446	processed_pseudogene	ENSMUSG00000085232	-	Gm11962	92
93	Gm11963	chr11	5498840	5505699	lncRNA	ENSMUSG00000085189	+	Gm11963	93
94	Xbp1	chr11	5520659	5525893	protein_coding	ENSMUSG00000020484	+	Xbp1	94
95	Ccdc117	chr11	5528887	5542187	protein_coding	ENSMUSG00000020482	-	Ccdc117	95
96	Gm22471	chr11	5560606	5560735	snoRNA	ENSMUSG00000077304	-	Gm22471	96
97	Ankrd36	chr11	5569684	5689337	protein_coding	ENSMUSG00000020481	+	Ankrd36	97
98	Gm11964	chr11	5634139	5634582	processed_pseudogene	ENSMUSG00000081021	+	Gm11964	98
99	Gm11965	chr11	5678356	5678632	processed_pseudogene	ENSMUSG00000081691	-	Gm11965	99
100	Mrps24	chr11	5703983	5715680	protein_coding	ENSMUSG00000020477	-	Mrps24	100
101	Urgcp	chr11	5713417	5762376	protein_coding	ENSMUSG00000049680	-	Urgcp	101
102	Ube2d-ps	chr11	5762129	5784710	transcribed_unprocessed_pseudogene	ENSMUSG00000083844	+	Ube2d-ps	102
103	Dbnl	chr11	5788488	5800962	protein_coding	ENSMUSG00000020476	+	Dbnl	103
104	Pgam2	chr11	5801640	5803733	protein_coding	ENSMUSG00000020475	-	Pgam2	104
105	Gm11966	chr11	5818497	5818583	processed_pseudogene	ENSMUSG00000080904	-	Gm11966	105
106	Polm	chr11	5827860	5838016	protein_coding	ENSMUSG00000020474	-	Polm	106
107	Aebp1	chr11	5861947	5872088	protein_coding	ENSMUSG00000020473	+	Aebp1	107
108	Pold2	chr11	5872180	5878292	protein_coding	ENSMUSG00000020471	-	Pold2	108
109	Myl7	chr11	5896637	5898782	protein_coding	ENSMUSG00000020469	-	Myl7	109
110	Gck	chr11	5900820	5950081	protein_coding	ENSMUSG00000041798	-	Gck	110
111	Gm11967	chr11	5915315	5916731	lncRNA	ENSMUSG00000084819	+	Gm11967	111
112	Ykt6	chr11	5955693	5967780	protein_coding	ENSMUSG00000002741	+	Ykt6	112
113	Camk2b	chr11	5969644	6066362	protein_coding	ENSMUSG00000057897	-	Camk2b	113
114	Nudcd3	chr11	6105691	6200415	protein_coding	ENSMUSG00000053838	-	Nudcd3	114
115	Rps15a-ps6	chr11	6172644	6173036	processed_pseudogene	ENSMUSG00000083022	-	Rps15a-ps6	115
116	Gm11969	chr11	6182679	6183034	processed_pseudogene	ENSMUSG00000083209	-	Gm11969	116
117	A730071L15Rik	chr11	6200029	6201643	protein_coding	ENSMUSG00000096923	+	A730071L15Rik	117
118	Npc1l1	chr11	6211013	6230143	protein_coding	ENSMUSG00000020447	-	Npc1l1	118
119	Gm11401	chr11	6242378	6242721	processed_pseudogene	ENSMUSG00000081153	+	Gm11401	119
120	Ddx56	chr11	6258919	6267772	protein_coding	ENSMUSG00000004393	-	Ddx56	120
121	Tmed4	chr11	6270369	6274870	protein_coding	ENSMUSG00000004394	-	Tmed4	121
122	n-R5s67	chr11	6273311	6273424	rRNA	ENSMUSG00000077524	+	n-R5s67	122
123	Ogdh	chr11	6291633	6356642	protein_coding	ENSMUSG00000020456	+	Ogdh	123
124	Zmiz2	chr11	6389074	6406158	protein_coding	ENSMUSG00000041164	+	Zmiz2	124
125	Mir7651	chr11	6401630	6401693	miRNA	ENSMUSG00000098516	+	Mir7651	125
126	Ppia	chr11	6415443	6419817	protein_coding	ENSMUSG00000071866	+	Ppia	126
127	H2afv	chr11	6427229	6444443	protein_coding	ENSMUSG00000041126	-	H2afv	127
128	Gm11970	chr11	6446218	6446537	processed_pseudogene	ENSMUSG00000079988	+	Gm11970	128
129	Gm11971	chr11	6453151	6453438	processed_pseudogene	ENSMUSG00000083693	+	Gm11971	129
130	Gm11972	chr11	6455517	6455905	processed_pseudogene	ENSMUSG00000084280	-	Gm11972	130
131	Purb	chr11	6467599	6475917	protein_coding	ENSMUSG00000094483	-	Purb	131
132	Gm22123	chr11	6472225	6472277	miRNA	ENSMUSG00000092885	-	Gm22123	132
133	Gm11973	chr11	6475425	6493535	lncRNA	ENSMUSG00000086839	+	Gm11973	133
134	Myo1g	chr11	6506548	6520965	protein_coding	ENSMUSG00000020437	-	Myo1g	134
135	Snhg15	chr11	6525591	6528779	lncRNA	ENSMUSG00000085156	-	Snhg15	135
136	Snora9	chr11	6528033	6528165	snoRNA	ENSMUSG00000064513	-	Snora9	136
137	Gm24000	chr11	6546147	6546235	snoRNA	ENSMUSG00000088688	-	Gm24000	137
138	Ccm2	chr11	6546887	6596744	protein_coding	ENSMUSG00000000378	+	Ccm2	138
139	Gm11975	chr11	6559023	6559503	processed_pseudogene	ENSMUSG00000084231	-	Gm11975	139
140	Nacad	chr11	6597823	6606053	protein_coding	ENSMUSG00000041073	-	Nacad	140
141	Tbrg4	chr11	6615598	6626067	protein_coding	ENSMUSG00000000384	-	Tbrg4	141
142	Gm24313	chr11	6619808	6619940	snoRNA	ENSMUSG00000064495	-	Gm24313	142
143	Snora5c	chr11	6620319	6620454	snoRNA	ENSMUSG00000065686	-	Snora5c	143
144	Wap	chr11	6635482	6638637	protein_coding	ENSMUSG00000000381	-	Wap	144
145	Gm11978	chr11	6650148	6660233	transcribed_processed_pseudogene	ENSMUSG00000086373	-	Gm11978	145
146	Ramp3	chr11	6658521	6677475	protein_coding	ENSMUSG00000041046	+	Ramp3	146
147	Gm11980	chr11	6685824	6686809	processed_pseudogene	ENSMUSG00000083075	+	Gm11980	147
148	Gm11981	chr11	6716001	6720037	lncRNA	ENSMUSG00000086808	-	Gm11981	148
149	Gm11976	chr11	6718918	6719495	processed_pseudogene	ENSMUSG00000080833	-	Gm11976	149
150	Gm11977	chr11	6781678	6783138	processed_pseudogene	ENSMUSG00000083819	-	Gm11977	150
151	Gm11979	chr11	6785838	6786580	processed_pseudogene	ENSMUSG00000082579	-	Gm11979	151
152	Gm11982	chr11	6825496	6825809	processed_pseudogene	ENSMUSG00000082897	-	Gm11982	152
153	Gm11983	chr11	6835626	6837654	protein_coding	ENSMUSG00000099102	-	Gm11983	153
154	Gm11984	chr11	6861539	6862304	processed_pseudogene	ENSMUSG00000082333	-	Gm11984	154
155	Adcy1	chr11	7063489	7178506	protein_coding	ENSMUSG00000020431	+	Adcy1	155
156	Cccd201	chr11	7183153	7188569	protein_coding	ENSMUSG00000087512	-	Cccd201	156
157	Igfbp1	chr11	7197782	7202546	protein_coding	ENSMUSG00000020429	+	Igfbp1	157
158	Igfbp3	chr11	7206086	7213923	protein_coding	ENSMUSG00000020427	-	Igfbp3	158
159	Gm11986	chr11	7270351	7290374	lncRNA	ENSMUSG00000087637	-	Gm11986	159
160	Gm11987	chr11	7994164	7995852	unprocessed_pseudogene	ENSMUSG00000084318	-	Gm11987	160
161	Gm11988	chr11	8112363	8114094	processed_pseudogene	ENSMUSG00000082459	-	Gm11988	161
162	Gm11989	chr11	8383182	8383853	processed_pseudogene	ENSMUSG00000083553	-	Gm11989	162
163	Tns3	chr11	8431652	8664681	protein_coding	ENSMUSG00000020422	-	Tns3	163
164	Gm11990	chr11	8805952	8806848	processed_pseudogene	ENSMUSG00000081539	-	Gm11990	164
165	Pkd1l1	chr11	8826708	8973266	protein_coding	ENSMUSG00000046634	-	Pkd1l1	165
166	Gm11991	chr11	8884223	8885296	processed_pseudogene	ENSMUSG00000082095	-	Gm11991	166
167	Hus1	chr11	8993137	9011191	protein_coding	ENSMUSG00000020413	-	Hus1	167
168	Sun3	chr11	9016054	9048991	protein_coding	ENSMUSG00000040985	-	Sun3	168
169	Gm11992	chr11	9048594	9069356	protein_coding	ENSMUSG00000040978	+	Gm11992	169
170	Upp1	chr11	9118103	9136170	protein_coding	ENSMUSG00000020407	+	Upp1	170
171	Gm11993	chr11	9149778	9150597	processed_pseudogene	ENSMUSG00000101841	-	Gm11993	171
172	Abca13	chr11	9191942	9684259	protein_coding	ENSMUSG00000004668	+	Abca13	172
173	Gm36954	chr11	9705261	9705623	TEC	ENSMUSG00000104137	-	Gm36954	173
174	Eif3s6-ps1	chr11	9737152	9737621	processed_pseudogene	ENSMUSG00000081629	-	Eif3s6-ps1	174
175	Gm11996	chr11	10239337	10240251	processed_pseudogene	ENSMUSG00000082312	+	Gm11996	175
176	Gm11997	chr11	10376770	10377082	processed_pseudogene	ENSMUSG00000084045	-	Gm11997	176
177	Vwc2	chr11	11114223	11268931	protein_coding	ENSMUSG00000050830	+	Vwc2	177
178	Zpbp	chr11	11279626	11462408	protein_coding	ENSMUSG00000020193	-	Zpbp	178
179	Gm12598	chr11	11312433	11313262	processed_pseudogene	ENSMUSG00000082875	+	Gm12598	179
180	Gm12599	chr11	11436984	11437775	processed_pseudogene	ENSMUSG00000081325	+	Gm12599	180
181	Spata48	chr11	11462094	11515192	protein_coding	ENSMUSG00000020191	+	Spata48	181
182	Gm11998	chr11	11557421	11579460	lncRNA	ENSMUSG00000087452	+	Gm11998	182
183	4930512M02Rik	chr11	11589223	11627835	protein_coding	ENSMUSG00000062511	-	4930512M02Rik	183
184	Gm11999	chr11	11642203	11685400	lncRNA	ENSMUSG00000085652	-	Gm11999	184
185	Ikzf1	chr11	11685003	11772926	protein_coding	ENSMUSG00000018654	+	Ikzf1	185
186	Gm12000	chr11	11695133	11696439	lncRNA	ENSMUSG00000073145	-	Gm12000	186
187	Fignl1	chr11	11787431	11808962	protein_coding	ENSMUSG00000035455	-	Fignl1	187
188	Ddc	chr11	11814101	11898144	protein_coding	ENSMUSG00000020182	-	Ddc	188
189	1700042O10Rik	chr11	11868123	11885321	lncRNA	ENSMUSG00000086391	+	1700042O10Rik	189
190	Gm25058	chr11	11913621	11913748	scaRNA	ENSMUSG00000087990	-	Gm25058	190
191	Grb10	chr11	11930508	12038683	protein_coding	ENSMUSG00000020176	-	Grb10	191
192	Gm24036	chr11	12054148	12054303	snRNA	ENSMUSG00000064802	-	Gm24036	192
193	Gm12001	chr11	12125090	12127998	processed_pseudogene	ENSMUSG00000083527	-	Gm12001	193
194	Cobl	chr11	12236608	12464960	protein_coding	ENSMUSG00000020173	-	Cobl	194
195	Gm12002	chr11	12314514	12351028	lncRNA	ENSMUSG00000086584	+	Gm12002	195
196	Gm22156	chr11	12676933	12677073	snoRNA	ENSMUSG00000089034	+	Gm22156	196
197	Gm12003	chr11	12936834	12937938	processed_pseudogene	ENSMUSG00000083859	-	Gm12003	197
198	Gm12004	chr11	12997666	12998383	processed_pseudogene	ENSMUSG00000084055	+	Gm12004	198
199	4930554G24Rik	chr11	14072103	14179041	lncRNA	ENSMUSG00000085452	-	4930554G24Rik	199
200	Gm12005	chr11	14162079	14162457	processed_pseudogene	ENSMUSG00000081631	+	Gm12005	200
201	Gm12006	chr11	14487613	14488015	processed_pseudogene	ENSMUSG00000080734	+	Gm12006	201
202	1700046C09Rik	chr11	14560355	14599225	lncRNA	ENSMUSG00000085561	-	1700046C09Rik	202
203	Pom121l12	chr11	14599276	14600314	protein_coding	ENSMUSG00000084135	+	Pom121l12	203
204	Gm12007	chr11	14722617	14723213	processed_pseudogene	ENSMUSG00000083427	+	Gm12007	204
205	Gm12008	chr11	14780027	14780781	processed_pseudogene	ENSMUSG00000082156	+	Gm12008	205
206	Gm12009	chr11	15049158	15050257	processed_pseudogene	ENSMUSG00000084183	+	Gm12009	206
207	Gm12010	chr11	15482306	15489473	processed_pseudogene	ENSMUSG00000083292	+	Gm12010	207
208	Gm12011	chr11	16236929	16237546	processed_pseudogene	ENSMUSG00000082410	+	Gm12011	208
209	Vstm2a	chr11	16257724	16427310	protein_coding	ENSMUSG00000048834	+	Vstm2a	209
210	Gm12012	chr11	16439254	16440319	processed_pseudogene	ENSMUSG00000083925	+	Gm12012	210
211	Sec61g	chr11	16500530	16508484	protein_coding	ENSMUSG00000078974	-	Sec61g	211
212	Akt2-ps	chr11	16514533	16515981	processed_pseudogene	ENSMUSG00000084347	+	Akt2-ps	212
213	Gm12663	chr11	16635109	16636066	processed_pseudogene	ENSMUSG00000101316	-	Gm12663	213
214	Gm12664	chr11	16643009	16643921	processed_pseudogene	ENSMUSG00000081332	-	Gm12664	214
215	Gm24714	chr11	16645438	16645538	miRNA	ENSMUSG00000076337	-	Gm24714	215
216	Gm25698	chr11	16732605	16732711	snRNA	ENSMUSG00000064831	-	Gm25698	216
217	Egfr	chr11	16752203	16918158	protein_coding	ENSMUSG00000020122	+	Egfr	217
218	Egfros	chr11	16815431	16830702	lncRNA	ENSMUSG00000085091	-	Egfros	218
219	Eldr	chr11	16935154	16951282	lncRNA	ENSMUSG00000087060	-	Eldr	219
220	Fbxo48	chr11	16951375	16954772	protein_coding	ENSMUSG00000044966	+	Fbxo48	220
221	Plek	chr11	16971206	17052381	protein_coding	ENSMUSG00000020120	-	Plek	221
222	Gm12014	chr11	17017852	17022080	processed_pseudogene	ENSMUSG00000083752	+	Gm12014	222
223	Cnrip1	chr11	17051586	17079371	protein_coding	ENSMUSG00000044629	+	Cnrip1	223
224	Gm12013	chr11	17095490	17095644	processed_pseudogene	ENSMUSG00000082099	-	Gm12013	224
225	Ppp3r1	chr11	17159263	17200375	protein_coding	ENSMUSG00000033953	+	Ppp3r1	225
226	Wdr92	chr11	17182107	17233796	protein_coding	ENSMUSG00000078970	+	Wdr92	226
227	Pno1	chr11	17203198	17211568	protein_coding	ENSMUSG00000020116	-	Pno1	227
228	C1d	chr11	17257579	17269176	protein_coding	ENSMUSG00000000581	+	C1d	228
229	Gm12015	chr11	17297577	17298419	processed_pseudogene	ENSMUSG00000082797	-	Gm12015	229
230	Gm23959	chr11	17548286	17548609	misc_RNA	ENSMUSG00000087833	+	Gm23959	230
231	Gm12016	chr11	17638503	17639183	processed_pseudogene	ENSMUSG00000082411	-	Gm12016	231
232	Etaa1	chr11	17938756	17953875	protein_coding	ENSMUSG00000016984	-	Etaa1	232
233	Etaa1os	chr11	17953970	17959578	lncRNA	ENSMUSG00000086468	+	Etaa1os	233
234	Gm12017	chr11	17973788	17974790	processed_pseudogene	ENSMUSG00000084413	-	Gm12017	234
235	Gm12018	chr11	18095986	18103384	lncRNA	ENSMUSG00000085453	+	Gm12018	235
236	Gm12019	chr11	18206413	18206944	processed_pseudogene	ENSMUSG00000080826	-	Gm12019	236
237	Gm12020	chr11	18325630	18327671	processed_pseudogene	ENSMUSG00000081302	-	Gm12020	237
238	Gm12022	chr11	18467479	18493255	lncRNA	ENSMUSG00000085675	-	Gm12022	238
239	Gm12021	chr11	18508037	18509940	processed_pseudogene	ENSMUSG00000082852	-	Gm12021	239
240	Gm12024	chr11	18577227	18578479	processed_pseudogene	ENSMUSG00000081101	-	Gm12024	240
241	Gm12023	chr11	18595248	18710222	lncRNA	ENSMUSG00000085806	-	Gm12023	241
242	Gm23093	chr11	18738695	18738796	snRNA	ENSMUSG00000065384	+	Gm23093	242
243	Gm28401	chr11	18752558	18756757	lncRNA	ENSMUSG00000099449	-	Gm28401	243
244	Gm23021	chr11	18802254	18802422	snRNA	ENSMUSG00000089390	-	Gm23021	244
245	8430419K02Rik	chr11	18845851	18874309	lncRNA	ENSMUSG00000085743	-	8430419K02Rik	245
246	Meis1	chr11	18879817	19018985	protein_coding	ENSMUSG00000020160	-	Meis1	246
247	Gm37818	chr11	18884623	18887791	TEC	ENSMUSG00000104184	-	Gm37818	247
248	2900018N21Rik	chr11	18888261	18889840	TEC	ENSMUSG00000104244	-	2900018N21Rik	248
249	2610001A08Rik	chr11	19005607	19006473	TEC	ENSMUSG00000103828	-	2610001A08Rik	249
250	Gm16140	chr11	19009128	19011183	lncRNA	ENSMUSG00000084085	+	Gm16140	250
251	Gm16141	chr11	19013817	19015154	lncRNA	ENSMUSG00000087507	+	Gm16141	251
252	4933406G16Rik	chr11	19065276	19075740	lncRNA	ENSMUSG00000086025	+	4933406G16Rik	252
253	Gm37439	chr11	19116579	19117434	TEC	ENSMUSG00000102585	-	Gm37439	253
254	Gm12025	chr11	19360926	19361069	processed_pseudogene	ENSMUSG00000081054	-	Gm12025	254
255	Gm12026	chr11	19383685	19384708	processed_pseudogene	ENSMUSG00000082737	+	Gm12026	255
256	Gm12027	chr11	19626761	19628061	lncRNA	ENSMUSG00000086911	-	Gm12027	256
257	Gm23386	chr11	19693155	19693298	scaRNA	ENSMUSG00000089210	-	Gm23386	257
258	Glns-ps1	chr11	19720355	19721472	processed_pseudogene	ENSMUSG00000082100	+	Glns-ps1	258
259	Gm12028	chr11	19749419	19750066	processed_pseudogene	ENSMUSG00000083601	-	Gm12028	259
260	Gm12029	chr11	19783652	19784483	processed_pseudogene	ENSMUSG00000081820	+	Gm12029	260
261	Spred2	chr11	19924375	20024026	protein_coding	ENSMUSG00000045671	+	Spred2	261
262	Actr2	chr11	20062304	20112913	protein_coding	ENSMUSG00000020152	-	Actr2	262
263	Gm12030	chr11	20142568	20142790	processed_pseudogene	ENSMUSG00000081346	+	Gm12030	263
264	Gm12031	chr11	20145567	20146344	lncRNA	ENSMUSG00000085035	-	Gm12031	264
265	Gm26253	chr11	20194633	20194735	snRNA	ENSMUSG00000084442	-	Gm26253	265
266	Rab1a	chr11	20201432	20226856	protein_coding	ENSMUSG00000020149	+	Rab1a	266
267	Cep68	chr11	20227037	20249429	protein_coding	ENSMUSG00000044066	-	Cep68	267
268	Rpl12-ps2	chr11	20290063	20290383	processed_pseudogene	ENSMUSG00000083792	-	Rpl12-ps2	268
269	Slc1a4	chr11	20302180	20332713	protein_coding	ENSMUSG00000020142	-	Slc1a4	269
270	Gm12033	chr11	20335012	20336013	processed_pseudogene	ENSMUSG00000078965	-	Gm12033	270
271	Gm12034	chr11	20446412	20446810	processed_pseudogene	ENSMUSG00000083878	+	Gm12034	271
272	Sertad2	chr11	20543253	20653021	protein_coding	ENSMUSG00000049800	+	Sertad2	272
273	Gm12035	chr11	20574567	20575189	processed_pseudogene	ENSMUSG00000083555	-	Gm12035	273
274	Aftph	chr11	20685084	20741589	protein_coding	ENSMUSG00000049659	-	Aftph	274
275	Gm12036	chr11	20729420	20729949	processed_pseudogene	ENSMUSG00000084252	+	Gm12036	275
276	Lgalsl	chr11	20823576	20831056	protein_coding	ENSMUSG00000042363	-	Lgalsl	276
277	Gm12037	chr11	20831481	20831919	lncRNA	ENSMUSG00000086749	-	Gm12037	277
278	Gm12038	chr11	20847476	20847682	processed_pseudogene	ENSMUSG00000082157	-	Gm12038	278
279	Gm22807	chr11	20847753	20847881	snoRNA	ENSMUSG00000064671	-	Gm22807	279
280	Gm23681	chr11	20937576	20937701	miRNA	ENSMUSG00000096061	-	Gm23681	280
281	Peli1	chr11	21091291	21150323	protein_coding	ENSMUSG00000020134	+	Peli1	281
282	2610024D14Rik	chr11	21099534	21099827	processed_pseudogene	ENSMUSG00000084362	+	2610024D14Rik	282
283	Gm22600	chr11	21197708	21197976	misc_RNA	ENSMUSG00000088223	-	Gm22600	283
284	Gm12040	chr11	21206410	21206946	processed_pseudogene	ENSMUSG00000084259	-	Gm12040	284
285	Gm12041	chr11	21227655	21228256	processed_pseudogene	ENSMUSG00000082898	+	Gm12041	285
286	Vps54	chr11	21239281	21321136	protein_coding	ENSMUSG00000020128	+	Vps54	286
287	Gm23582	chr11	21249422	21249560	snoRNA	ENSMUSG00000089155	-	Gm23582	287
288	Gm12039	chr11	21280045	21280224	processed_pseudogene	ENSMUSG00000081868	-	Gm12039	288
289	Gm12042	chr11	21295560	21295860	processed_pseudogene	ENSMUSG00000084048	+	Gm12042	289
290	Ugp2	chr11	21321138	21371201	protein_coding	ENSMUSG00000001891	-	Ugp2	290
291	Mir1933	chr11	21344588	21344675	miRNA	ENSMUSG00000089555	-	Mir1933	291
292	Gm12043	chr11	21370400	21374161	lncRNA	ENSMUSG00000087253	+	Gm12043	292
293	Gm12044	chr11	21451142	21451354	processed_pseudogene	ENSMUSG00000084412	-	Gm12044	293
294	Gm12046	chr11	21493625	21493955	processed_pseudogene	ENSMUSG00000082040	-	Gm12046	294
295	4932414J04Rik	chr11	21494730	21511178	lncRNA	ENSMUSG00000078962	-	4932414J04Rik	295
296	Mdh1	chr11	21556692	21572367	protein_coding	ENSMUSG00000020321	-	Mdh1	296
297	Gm22990	chr11	21564561	21564649	miRNA	ENSMUSG00000093168	-	Gm22990	297
298	Wdpcp	chr11	21572235	21898989	protein_coding	ENSMUSG00000020319	+	Wdpcp	298
299	Pgam1-ps1	chr11	21683308	21684056	processed_pseudogene	ENSMUSG00000083761	-	Pgam1-ps1	299
300	Gm12047	chr11	21877007	21877950	processed_pseudogene	ENSMUSG00000084004	-	Gm12047	300
301	Rpl15-ps1	chr11	21953140	21953703	processed_pseudogene	ENSMUSG00000082874	+	Rpl15-ps1	301
302	Otx1	chr11	21994764	22002897	protein_coding	ENSMUSG00000005917	-	Otx1	302
303	Ehbp1	chr11	22005828	22342292	protein_coding	ENSMUSG00000042302	-	Ehbp1	303
304	Rpsa-ps3	chr11	22386292	22388196	processed_pseudogene	ENSMUSG00000083580	+	Rpsa-ps3	304
305	Gm12050	chr11	22438821	22439775	lncRNA	ENSMUSG00000085856	-	Gm12050	305
306	Gm12051	chr11	22483608	22491363	lncRNA	ENSMUSG00000085021	+	Gm12051	306
307	Tmem17	chr11	22512088	22519234	protein_coding	ENSMUSG00000049904	+	Tmem17	307
308	Gm12052	chr11	22617408	22618487	lncRNA	ENSMUSG00000086256	+	Gm12052	308
309	Gm12055	chr11	22729897	22732986	lncRNA	ENSMUSG00000085979	-	Gm12055	309
310	Gm12056	chr11	22734038	22737937	lncRNA	ENSMUSG00000085803	+	Gm12056	310
311	Gm12057	chr11	22758599	22760025	processed_pseudogene	ENSMUSG00000084081	-	Gm12057	311
312	B3gnt2	chr11	22759738	22860961	protein_coding	ENSMUSG00000051650	-	B3gnt2	312
313	Gm12058	chr11	22786811	22787247	processed_pseudogene	ENSMUSG00000082576	-	Gm12058	313
314	Gm28048	chr11	22834744	22982090	protein_coding	ENSMUSG00000098650	-	Gm28048	314
315	Gm20456	chr11	22839299	22842604	lncRNA	ENSMUSG00000092455	+	Gm20456	315
316	9130230N09Rik	chr11	22858931	22861264	lncRNA	ENSMUSG00000092626	+	9130230N09Rik	316
317	Commd1	chr11	22896136	22982382	protein_coding	ENSMUSG00000051355	-	Commd1	317
318	Zrsr1	chr11	22972005	22976496	protein_coding	ENSMUSG00000044068	+	Zrsr1	318
319	Cct4	chr11	22990519	23003780	protein_coding	ENSMUSG00000007739	+	Cct4	319
320	Fam161a	chr11	23007531	23030788	protein_coding	ENSMUSG00000049811	+	Fam161a	320
321	Gm23740	chr11	23063133	23063232	rRNA	ENSMUSG00000088010	-	Gm23740	321
322	Gm12059	chr11	23067998	23075574	lncRNA	ENSMUSG00000085665	+	Gm12059	322
323	1700061J23Rik	chr11	23152140	23166375	lncRNA	ENSMUSG00000086366	+	1700061J23Rik	323
324	Gm24398	chr11	23172798	23172906	snoRNA	ENSMUSG00000088495	-	Gm24398	324
325	Xpo1	chr11	23256041	23298249	protein_coding	ENSMUSG00000020290	+	Xpo1	325
326	Usp34	chr11	23306895	23490560	protein_coding	ENSMUSG00000056342	+	Usp34	326
327	Gm22753	chr11	23479561	23479667	snRNA	ENSMUSG00000065591	-	Gm22753	327
328	Ahsa2	chr11	23487882	23498030	protein_coding	ENSMUSG00000020288	-	Ahsa2	328
329	Gm47279	chr11	23497749	23497839	miRNA	ENSMUSG00000106362	-	Gm47279	329
330	1700030C12Rik	chr11	23497753	23499661	lncRNA	ENSMUSG00000086459	+	1700030C12Rik	330
331	1700093K21Rik	chr11	23516203	23521155	protein_coding	ENSMUSG00000020286	-	1700093K21Rik	331
332	Selenok-ps1	chr11	23558058	23558842	lncRNA	ENSMUSG00000085415	-	Selenok-ps1	332
333	0610010F05Rik	chr11	23564961	23633639	protein_coding	ENSMUSG00000042208	-	0610010F05Rik	333
334	Gm23114	chr11	23626745	23626861	rRNA	ENSMUSG00000089103	-	Gm23114	334
335	Pex13	chr11	23646479	23665959	protein_coding	ENSMUSG00000020283	-	Pex13	335
336	Pus10	chr11	23665674	23732876	protein_coding	ENSMUSG00000020280	+	Pus10	336
337	Rel	chr11	23736847	23770970	protein_coding	ENSMUSG00000020275	-	Rel	337
338	Gm23827	chr11	23776903	23777047	snRNA	ENSMUSG00000087741	-	Gm23827	338
339	Papolg	chr11	23862646	23895253	protein_coding	ENSMUSG00000020273	-	Papolg	339
340	Gm12061	chr11	23894560	23895488	lncRNA	ENSMUSG00000084769	+	Gm12061	340
341	Gm12062	chr11	23928596	23928854	processed_pseudogene	ENSMUSG00000084206	-	Gm12062	341
342	Gm44381	chr11	24014655	24014759	miRNA	ENSMUSG00000104783	+	Gm44381	342
343	A830031A19Rik	chr11	24048955	24075054	protein_coding	ENSMUSG00000055010	-	A830031A19Rik	343
344	Bcl11a	chr11	24078056	24174123	protein_coding	ENSMUSG00000000861	+	Bcl11a	344
345	Gm12064	chr11	24099688	24115405	lncRNA	ENSMUSG00000086612	-	Gm12064	345
346	4930538E20Rik	chr11	24160528	24172824	lncRNA	ENSMUSG00000085516	-	4930538E20Rik	346
347	Gm12065	chr11	24198737	24202624	lncRNA	ENSMUSG00000086117	-	Gm12065	347
348	Gm12066	chr11	24201418	24217601	lncRNA	ENSMUSG00000085579	+	Gm12066	348
349	Gm12068	chr11	24426246	24722646	lncRNA	ENSMUSG00000087085	+	Gm12068	349
350	4933430M04Rik	chr11	24481909	24569952	lncRNA	ENSMUSG00000086892	+	4933430M04Rik	350
351	Gm12067	chr11	24552438	24553962	processed_pseudogene	ENSMUSG00000081767	-	Gm12067	351
352	Gm25507	chr11	24679568	24679711	miRNA	ENSMUSG00000080631	-	Gm25507	352
353	Gm10466	chr11	24721006	24730722	lncRNA	ENSMUSG00000073103	-	Gm10466	353
354	Gm12665	chr11	24903983	24926058	lncRNA	ENSMUSG00000087145	-	Gm12665	354
355	4933427E13Rik	chr11	25232626	25367137	lncRNA	ENSMUSG00000033015	+	4933427E13Rik	355
356	Gm12069	chr11	25301263	25322786	lncRNA	ENSMUSG00000086439	+	Gm12069	356
357	5730522E02Rik	chr11	25602763	26210763	protein_coding	ENSMUSG00000032985	-	5730522E02Rik	357
358	Gm23514	chr11	25685140	25685269	snoRNA	ENSMUSG00000064761	+	Gm23514	358
359	Mir6372	chr11	26202240	26202348	miRNA	ENSMUSG00000099015	+	Mir6372	359
360	Fancl	chr11	26386135	26471876	protein_coding	ENSMUSG00000004018	+	Fancl	360
361	Gm12713	chr11	26409207	26410501	processed_pseudogene	ENSMUSG00000081811	+	Gm12713	361
362	Vrk2	chr11	26471322	26593999	protein_coding	ENSMUSG00000064090	-	Vrk2	362
363	Gm6899	chr11	26593226	26594908	TEC	ENSMUSG00000068314	+	Gm6899	363
364	Gm12071	chr11	26712905	26713373	processed_pseudogene	ENSMUSG00000082038	+	Gm12071	364
365	Gm12070	chr11	26786633	26787634	processed_pseudogene	ENSMUSG00000069939	+	Gm12070	365
366	Gm12072	chr11	26832804	26845457	processed_pseudogene	ENSMUSG00000082294	+	Gm12072	366
367	Gm12073	chr11	26856387	26856910	processed_pseudogene	ENSMUSG00000080987	-	Gm12073	367
368	Gm12074	chr11	27051697	27051915	processed_pseudogene	ENSMUSG00000083895	+	Gm12074	368
369	n-R5s68	chr11	27085126	27085207	rRNA	ENSMUSG00000084588	+	n-R5s68	369
370	Gm12075	chr11	27417990	27418386	processed_pseudogene	ENSMUSG00000080735	-	Gm12075	370
371	Gm12077	chr11	27498867	27499587	processed_pseudogene	ENSMUSG00000081658	+	Gm12077	371
372	Gm3810	chr11	27507625	27508100	processed_pseudogene	ENSMUSG00000082243	-	Gm3810	372
373	Gm12080	chr11	28046035	28049117	processed_pseudogene	ENSMUSG00000083201	+	Gm12080	373
374	Gm12081	chr11	28360362	28364339	lncRNA	ENSMUSG00000084905	+	Gm12081	374
375	Ccdc85a	chr11	28385685	28584324	protein_coding	ENSMUSG00000032878	-	Ccdc85a	375
376	2810471M01Rik	chr11	28681564	28693276	lncRNA	ENSMUSG00000084966	+	2810471M01Rik	376
377	Mir216b	chr11	28746191	28746276	miRNA	ENSMUSG00000076318	+	Mir216b	377
378	Mir216c	chr11	28746198	28746266	miRNA	ENSMUSG00000106400	-	Mir216c	378
379	Gm12082	chr11	28751633	28815767	lncRNA	ENSMUSG00000085510	+	Gm12082	379
380	Mir217	chr11	28763728	28763835	miRNA	ENSMUSG00000065415	+	Mir217	380
381	Efemp1	chr11	28853204	28926743	protein_coding	ENSMUSG00000020467	+	Efemp1	381
382	Rpsa-ps5	chr11	28956724	28957608	processed_pseudogene	ENSMUSG00000081695	+	Rpsa-ps5	382
383	Pnpt1	chr11	29130744	29161828	protein_coding	ENSMUSG00000020464	+	Pnpt1	383
384	A630052C17Rik	chr11	29170909	29173558	lncRNA	ENSMUSG00000086725	-	A630052C17Rik	384
385	Ppp4r3b	chr11	29172890	29220797	protein_coding	ENSMUSG00000020463	+	Ppp4r3b	385
386	Cfap36	chr11	29221532	29247409	protein_coding	ENSMUSG00000020462	-	Cfap36	386
387	Gm12085	chr11	29333383	29334322	processed_pseudogene	ENSMUSG00000083298	-	Gm12085	387
388	Gm12086	chr11	29339455	29339682	processed_pseudogene	ENSMUSG00000080827	-	Gm12086	388
389	Gm12087	chr11	29354199	29354456	processed_pseudogene	ENSMUSG00000082721	+	Gm12087	389
390	Ccdc88a	chr11	29373658	29510808	protein_coding	ENSMUSG00000032740	+	Ccdc88a	390
391	Prorsd1	chr11	29511757	29515033	protein_coding	ENSMUSG00000032673	-	Prorsd1	391
392	Gm12089	chr11	29515086	29517355	lncRNA	ENSMUSG00000085165	+	Gm12089	392
393	Mtif2	chr11	29526408	29545279	protein_coding	ENSMUSG00000020459	+	Mtif2	393
394	Rps27a	chr11	29545846	29548109	protein_coding	ENSMUSG00000020460	-	Rps27a	394
395	Clhc1	chr11	29547950	29578367	protein_coding	ENSMUSG00000020461	+	Clhc1	395
396	Gm12090	chr11	29552082	29553010	processed_pseudogene	ENSMUSG00000081575	-	Gm12090	396
397	Gm12088	chr11	29595787	29597700	lncRNA	ENSMUSG00000086707	+	Gm12088	397
398	Gm12091	chr11	29601784	29602613	processed_pseudogene	ENSMUSG00000085893	-	Gm12091	398
399	Gm12092	chr11	29612324	29645509	lncRNA	ENSMUSG00000084850	-	Gm12092	399
400	Gm12093	chr11	29688241	29689835	processed_pseudogene	ENSMUSG00000083917	-	Gm12093	400
401	Rtn4	chr11	29692947	29744331	protein_coding	ENSMUSG00000020458	+	Rtn4	401
402	Eml6	chr11	29743048	30026033	protein_coding	ENSMUSG00000044072	-	Eml6	402
403	4931440F15Rik	chr11	29822395	29825668	protein_coding	ENSMUSG00000078157	-	4931440F15Rik	403
404	Gm12094	chr11	29840375	29840846	processed_pseudogene	ENSMUSG00000080851	+	Gm12094	404
405	Gm22588	chr11	29849461	29849600	snoRNA	ENSMUSG00000088135	+	Gm22588	405
406	Gm12095	chr11	29982414	29983229	processed_pseudogene	ENSMUSG00000080906	+	Gm12095	406
407	Sptbn1	chr11	30099395	30268175	protein_coding	ENSMUSG00000020315	-	Sptbn1	407
408	Gm29237	chr11	30106394	30108120	lncRNA	ENSMUSG00000101872	+	Gm29237	408
409	Gm8098	chr11	30267464	30280491	lncRNA	ENSMUSG00000073073	+	Gm8098	409
410	4930505A04Rik	chr11	30426006	30471827	protein_coding	ENSMUSG00000040919	-	4930505A04Rik	410
411	Acyp2	chr11	30505991	30649587	protein_coding	ENSMUSG00000060923	-	Acyp2	411
412	Gm12096	chr11	30528295	30529401	processed_pseudogene	ENSMUSG00000081712	+	Gm12096	412
413	Gm12098	chr11	30568182	30568898	processed_pseudogene	ENSMUSG00000082078	-	Gm12098	413
414	Gm12097	chr11	30572791	30574454	processed_pseudogene	ENSMUSG00000081887	-	Gm12097	414
415	Gm12099	chr11	30705152	30705901	processed_pseudogene	ENSMUSG00000083655	-	Gm12099	415
416	Gm12100	chr11	30750832	30756147	lncRNA	ENSMUSG00000087474	+	Gm12100	416
417	Gm12101	chr11	30754572	30754961	processed_pseudogene	ENSMUSG00000083990	-	Gm12101	417
418	Psme4	chr11	30771726	30880361	protein_coding	ENSMUSG00000040850	+	Psme4	418
419	Gm12103	chr11	30822309	30822670	processed_pseudogene	ENSMUSG00000086986	-	Gm12103	419
420	Gpr75	chr11	30885358	30893729	protein_coding	ENSMUSG00000043999	+	Gpr75	420
421	Asb3	chr11	30885416	31102704	protein_coding	ENSMUSG00000020305	+	Asb3	421
422	Gm12104	chr11	30906942	30907920	processed_pseudogene	ENSMUSG00000084146	-	Gm12104	422
423	Erlec1	chr11	30930774	30954335	protein_coding	ENSMUSG00000020311	-	Erlec1	423
424	Chac2	chr11	30976707	30986350	protein_coding	ENSMUSG00000020309	-	Chac2	424
425	Gm12102	chr11	31003295	31003898	processed_pseudogene	ENSMUSG00000082213	-	Gm12102	425
426	Gm12105	chr11	31120003	31120781	processed_pseudogene	ENSMUSG00000082049	+	Gm12105	426
427	Gm12106	chr11	31177818	31184374	unprocessed_pseudogene	ENSMUSG00000079890	-	Gm12106	427
428	Stc2	chr11	31357307	31370074	protein_coding	ENSMUSG00000020303	-	Stc2	428
429	Bod1	chr11	31665181	31671885	protein_coding	ENSMUSG00000044502	-	Bod1	429
430	Gm38061	chr11	31698648	31699012	TEC	ENSMUSG00000103635	+	Gm38061	430
431	D630024D03Rik	chr11	31790113	31824524	lncRNA	ENSMUSG00000085772	-	D630024D03Rik	431
432	Gm12107	chr11	31832660	31838214	lncRNA	ENSMUSG00000086335	+	Gm12107	432
433	Cpeb4	chr11	31872211	31935634	protein_coding	ENSMUSG00000020300	+	Cpeb4	433
434	4930524B15Rik	chr11	31965592	31979651	protein_coding	ENSMUSG00000020299	+	4930524B15Rik	434
435	Nsg2	chr11	32000463	32059202	protein_coding	ENSMUSG00000020297	+	Nsg2	435
436	Gm12108	chr11	32095261	32101228	lncRNA	ENSMUSG00000086386	-	Gm12108	436
437	Gm12109	chr11	32185005	32185701	processed_pseudogene	ENSMUSG00000081613	+	Gm12109	437
438	Il9r	chr11	32187541	32200279	protein_coding	ENSMUSG00000020279	-	Il9r	438
439	Snrnp25	chr11	32205415	32208984	protein_coding	ENSMUSG00000040767	+	Snrnp25	439
440	Rhbdf1	chr11	32209585	32222300	protein_coding	ENSMUSG00000020282	-	Rhbdf1	440
441	Nprl3	chr11	32225628	32267707	protein_coding	ENSMUSG00000020289	-	Nprl3	441
442	Mpg	chr11	32226505	32232700	protein_coding	ENSMUSG00000020287	+	Mpg	442
443	Hba-x	chr11	32276400	32278116	protein_coding	ENSMUSG00000055609	+	Hba-x	443
444	Hba-a1	chr11	32283511	32284465	protein_coding	ENSMUSG00000069919	+	Hba-a1	444
445	Hbq1b	chr11	32286965	32287784	protein_coding	ENSMUSG00000073063	+	Hbq1b	445
446	Hba-a2	chr11	32296489	32297298	protein_coding	ENSMUSG00000069917	+	Hba-a2	446
447	Hbq1a	chr11	32300069	32300873	protein_coding	ENSMUSG00000020295	+	Hbq1a	447
448	Sh3pxd2b	chr11	32347820	32428173	protein_coding	ENSMUSG00000040711	+	Sh3pxd2b	448
449	Ubtd2	chr11	32455370	32516687	protein_coding	ENSMUSG00000044949	+	Ubtd2	449
450	Efcab9	chr11	32522751	32532081	protein_coding	ENSMUSG00000044056	-	Efcab9	450
451	Stk10	chr11	32533305	32624587	protein_coding	ENSMUSG00000020272	+	Stk10	451
452	Fbxw11	chr11	32642724	32746816	protein_coding	ENSMUSG00000020271	+	Fbxw11	452
453	Gm8192	chr11	32774682	32775639	processed_pseudogene	ENSMUSG00000098054	-	Gm8192	453
454	4930555O08Rik	chr11	32789762	32790725	lncRNA	ENSMUSG00000085676	-	4930555O08Rik	454
455	Smim23	chr11	32818529	32824605	protein_coding	ENSMUSG00000020270	-	Smim23	455
456	Gm12110	chr11	32880362	32880940	processed_pseudogene	ENSMUSG00000083303	-	Gm12110	456
457	Gm12111	chr11	32903137	32926160	lncRNA	ENSMUSG00000085402	-	Gm12111	457
458	Gm12112	chr11	32910373	32910603	processed_pseudogene	ENSMUSG00000081254	+	Gm12112	458
459	Gm26052	chr11	32984216	32984299	miRNA	ENSMUSG00000077836	-	Gm26052	459
460	Rpsa-ps4	chr11	33038816	33039703	processed_pseudogene	ENSMUSG00000081076	-	Rpsa-ps4	460
461	Gm12114	chr11	33068551	33080521	lncRNA	ENSMUSG00000087318	+	Gm12114	461
462	Fgf18	chr11	33117430	33147400	protein_coding	ENSMUSG00000057967	-	Fgf18	462
463	Npm1	chr11	33152287	33163206	protein_coding	ENSMUSG00000057113	-	Npm1	463
464	Gm12115	chr11	33172919	33173365	processed_pseudogene	ENSMUSG00000099902	+	Gm12115	464
465	Tlx3	chr11	33200752	33203589	protein_coding	ENSMUSG00000040610	-	Tlx3	465
466	Gm12116	chr11	33204055	33221477	lncRNA	ENSMUSG00000087501	+	Gm12116	466
467	Ranbp17	chr11	33211795	33513746	protein_coding	ENSMUSG00000040594	-	Ranbp17	467
468	Gm12117	chr11	33275758	33276737	protein_coding	ENSMUSG00000098456	-	Gm12117	468
469	Anp32-ps	chr11	33394879	33395266	processed_pseudogene	ENSMUSG00000069913	-	Anp32-ps	469
470	Gm12118	chr11	33438449	33438980	processed_pseudogene	ENSMUSG00000083471	+	Gm12118	470
471	Gabrp	chr11	33550781	33578959	protein_coding	ENSMUSG00000020159	-	Gabrp	471
472	D130052B06Rik	chr11	33599302	33625618	lncRNA	ENSMUSG00000073052	+	D130052B06Rik	472
473	Kcnip1	chr11	33629339	33993152	protein_coding	ENSMUSG00000053519	-	Kcnip1	473
474	Gm12119	chr11	33695894	33697908	lncRNA	ENSMUSG00000085240	+	Gm12119	474
475	Gm12120	chr11	33705550	33711435	lncRNA	ENSMUSG00000087328	+	Gm12120	475
476	Kcnmb1	chr11	33963013	33973641	protein_coding	ENSMUSG00000020155	+	Kcnmb1	476
477	4930469K13Rik	chr11	33973961	34098554	protein_coding	ENSMUSG00000085684	-	4930469K13Rik	477
478	Lcp2	chr11	34046920	34092295	protein_coding	ENSMUSG00000002699	+	Lcp2	478
479	Gm12121	chr11	34141827	34143421	lncRNA	ENSMUSG00000086243	+	Gm12121	479
480	Foxi1	chr11	34204338	34208089	protein_coding	ENSMUSG00000047861	-	Foxi1	480
481	Dock2	chr11	34226815	34783892	protein_coding	ENSMUSG00000020143	-	Dock2	481
482	4930403D09Rik	chr11	34299707	34308113	lncRNA	ENSMUSG00000087122	+	4930403D09Rik	482
483	Insyn2b	chr11	34314758	34422640	protein_coding	ENSMUSG00000069911	+	Insyn2b	483
484	Spdl1	chr11	34809190	34833641	protein_coding	ENSMUSG00000069910	-	Spdl1	484
485	Gm12711	chr11	34880339	34882531	lncRNA	ENSMUSG00000085090	+	Gm12711	485
486	Gm25799	chr11	34899017	34899123	snRNA	ENSMUSG00000064577	+	Gm25799	486
487	Slit3	chr11	35121224	35708507	protein_coding	ENSMUSG00000056427	+	Slit3	487
488	Gm26070	chr11	35214401	35214537	snoRNA	ENSMUSG00000088125	+	Gm26070	488
489	Gm12123	chr11	35323199	35323670	processed_pseudogene	ENSMUSG00000082309	-	Gm12123	489
490	Gm12122	chr11	35350069	35350785	lncRNA	ENSMUSG00000086311	+	Gm12122	490
491	Mir218-2	chr11	35616816	35616925	miRNA	ENSMUSG00000065583	+	Mir218-2	491
492	Pank3	chr11	35769484	35791285	protein_coding	ENSMUSG00000018846	+	Pank3	492
493	Mir103-1	chr11	35782396	35782481	miRNA	ENSMUSG00000065553	+	Mir103-1	493
494	Gm12124	chr11	35792781	35793459	processed_pseudogene	ENSMUSG00000082688	+	Gm12124	494
495	Fbll1	chr11	35797382	35798884	protein_coding	ENSMUSG00000051062	-	Fbll1	495
496	Rars	chr11	35808381	35834506	protein_coding	ENSMUSG00000018848	-	Rars	496
497	Wwc1	chr11	35838400	35980527	protein_coding	ENSMUSG00000018849	-	Wwc1	497
498	Gm12125	chr11	35996054	35996789	processed_pseudogene	ENSMUSG00000081571	+	Gm12125	498
499	Tenm2	chr11	36006656	37235964	protein_coding	ENSMUSG00000049336	-	Tenm2	499
500	Gm12126	chr11	36080664	36083854	lncRNA	ENSMUSG00000087245	+	Gm12126	500
501	Gm12127	chr11	36278041	36279987	lncRNA	ENSMUSG00000086375	+	Gm12127	501
502	Gm12128	chr11	37658989	37673166	lncRNA	ENSMUSG00000087388	+	Gm12128	502
503	Gm25693	chr11	38037179	38037263	miRNA	ENSMUSG00000093184	-	Gm25693	503
504	Gm12129	chr11	38219069	38220215	processed_pseudogene	ENSMUSG00000082587	+	Gm12129	504
505	Gm12130	chr11	38493330	38520013	lncRNA	ENSMUSG00000087296	-	Gm12130	505
506	Gm12131	chr11	39727070	39727712	processed_pseudogene	ENSMUSG00000083806	-	Gm12131	506
507	Gm24192	chr11	39830656	39830800	snRNA	ENSMUSG00000088603	+	Gm24192	507
508	Gm12132	chr11	40008194	40337831	lncRNA	ENSMUSG00000085301	+	Gm12132	508
509	Gm12133	chr11	40422694	40423354	processed_pseudogene	ENSMUSG00000082295	-	Gm12133	509
510	3110004A20Rik	chr11	40474718	40475677	lncRNA	ENSMUSG00000085588	-	3110004A20Rik	510
511	Gm12135	chr11	40505598	40506063	processed_pseudogene	ENSMUSG00000081097	+	Gm12135	511
512	Gm12136	chr11	40569317	40570525	processed_pseudogene	ENSMUSG00000082390	-	Gm12136	512
513	Gm12137	chr11	40612718	40613063	processed_pseudogene	ENSMUSG00000080835	+	Gm12137	513
514	Gm12138	chr11	40672906	40673856	processed_pseudogene	ENSMUSG00000082087	-	Gm12138	514
515	Mat2b	chr11	40679314	40695203	protein_coding	ENSMUSG00000042032	-	Mat2b	515
516	Hmmr	chr11	40701395	40733422	protein_coding	ENSMUSG00000020330	-	Hmmr	516
517	Nudcd2	chr11	40733667	40740046	protein_coding	ENSMUSG00000020328	+	Nudcd2	517
518	Ccng1	chr11	40748552	40755311	protein_coding	ENSMUSG00000020326	-	Ccng1	518
519	Gm24446	chr11	41034968	41035123	snRNA	ENSMUSG00000065916	-	Gm24446	519
520	Hmgb1-ps1	chr11	41141763	41142396	processed_pseudogene	ENSMUSG00000084129	+	Hmgb1-ps1	520
521	Platr13	chr11	41218837	41221096	lncRNA	ENSMUSG00000086475	+	Platr13	521
522	Hspd1-ps3	chr11	41498737	41500458	processed_pseudogene	ENSMUSG00000058809	+	Hspd1-ps3	522
523	Gm12142	chr11	41591122	41592034	processed_pseudogene	ENSMUSG00000081847	+	Gm12142	523
524	A230004M16Rik	chr11	41710342	41973117	lncRNA	ENSMUSG00000087306	+	A230004M16Rik	524
525	Gm12143	chr11	41789488	41789819	processed_pseudogene	ENSMUSG00000084293	-	Gm12143	525
526	Gabrg2	chr11	41910203	42000857	protein_coding	ENSMUSG00000020436	-	Gabrg2	526
527	Gabra1	chr11	42130939	42182930	protein_coding	ENSMUSG00000010803	-	Gabra1	527
528	Gabra6	chr11	42306437	42321072	protein_coding	ENSMUSG00000020428	-	Gabra6	528
529	Gabrb2	chr11	42419757	42629028	protein_coding	ENSMUSG00000007653	+	Gabrb2	529
530	Gm25543	chr11	42897495	42897806	misc_RNA	ENSMUSG00000084627	+	Gm25543	530
531	Gm9972	chr11	43035746	43037278	TEC	ENSMUSG00000055456	+	Gm9972	531
532	Gm12145	chr11	43106140	43116294	lncRNA	ENSMUSG00000085951	-	Gm12145	532
533	Atp10b	chr11	43149877	43262285	protein_coding	ENSMUSG00000055415	+	Atp10b	533
534	Gm12146	chr11	43197424	43259784	lncRNA	ENSMUSG00000085533	-	Gm12146	534
535	Gm12144	chr11	43229563	43232264	lncRNA	ENSMUSG00000086170	-	Gm12144	535
536	Gm12147	chr11	43259791	43311088	lncRNA	ENSMUSG00000086791	-	Gm12147	536
537	Gm12148	chr11	43385482	43387183	lncRNA	ENSMUSG00000084889	+	Gm12148	537
538	Pttg1	chr11	43420250	43426251	protein_coding	ENSMUSG00000020415	-	Pttg1	538
539	Slu7	chr11	43433744	43447981	protein_coding	ENSMUSG00000020409	+	Slu7	539
540	C1qtnf2	chr11	43474276	43491525	protein_coding	ENSMUSG00000046491	+	C1qtnf2	540
541	Ccnjl	chr11	43528784	43586997	protein_coding	ENSMUSG00000044707	+	Ccnjl	541
542	Gm12150	chr11	43579602	43581116	lncRNA	ENSMUSG00000085239	-	Gm12150	542
543	4933415A04Rik	chr11	43587040	43589048	lncRNA	ENSMUSG00000045877	+	4933415A04Rik	543
544	Fabp6	chr11	43596049	43601540	protein_coding	ENSMUSG00000020405	-	Fabp6	544
545	Gm12149	chr11	43615117	43616329	processed_pseudogene	ENSMUSG00000082614	-	Gm12149	545
546	Gm12152	chr11	43670801	43671484	processed_pseudogene	ENSMUSG00000083662	+	Gm12152	546
547	Pwwp2a	chr11	43681998	43721491	protein_coding	ENSMUSG00000044950	+	Pwwp2a	547
548	Ttc1	chr11	43729512	43748008	protein_coding	ENSMUSG00000041278	-	Ttc1	548
549	Adra1b	chr11	43774606	43901210	protein_coding	ENSMUSG00000050541	-	Adra1b	549
550	Gm12153	chr11	43959089	44134987	lncRNA	ENSMUSG00000087172	+	Gm12153	550
551	Gm12154	chr11	44265563	44267209	lncRNA	ENSMUSG00000086738	-	Gm12154	551
552	Gm12155	chr11	44387115	44387274	processed_pseudogene	ENSMUSG00000082790	-	Gm12155	552
553	Il12b	chr11	44400063	44414033	protein_coding	ENSMUSG00000004296	+	Il12b	553
554	Ublcp1	chr11	44454571	44470498	protein_coding	ENSMUSG00000041231	-	Ublcp1	554
555	Gm22121	chr11	44469013	44469066	miRNA	ENSMUSG00000092889	+	Gm22121	555
556	Gm12156	chr11	44479207	44480209	processed_pseudogene	ENSMUSG00000082750	+	Gm12156	556
557	Rnf145	chr11	44518964	44565520	protein_coding	ENSMUSG00000019189	+	Rnf145	557
558	4930597A21Rik	chr11	44586317	44591229	lncRNA	ENSMUSG00000086501	+	4930597A21Rik	558
559	Gm37695	chr11	44610837	44617016	TEC	ENSMUSG00000102563	-	Gm37695	559
560	Ebf1	chr11	44617317	45008091	protein_coding	ENSMUSG00000057098	+	Ebf1	560
561	Gm12158	chr11	44659522	44662676	lncRNA	ENSMUSG00000085784	-	Gm12158	561
562	Gm12159	chr11	45102866	45116928	lncRNA	ENSMUSG00000084773	-	Gm12159	562
563	Gm12160	chr11	45160943	45213656	lncRNA	ENSMUSG00000087089	+	Gm12160	563
564	Gm37312	chr11	45274418	45296390	TEC	ENSMUSG00000104099	-	Gm37312	564
565	Gm12162	chr11	45409042	45468504	lncRNA	ENSMUSG00000085476	-	Gm12162	565
566	Gm22284	chr11	45639383	45639514	snoRNA	ENSMUSG00000077320	+	Gm22284	566
567	F630206G17Rik	chr11	45808087	45841171	lncRNA	ENSMUSG00000086686	+	F630206G17Rik	567
568	Gm12163	chr11	45813604	45813992	processed_pseudogene	ENSMUSG00000083017	+	Gm12163	568
569	Gm12164	chr11	45829319	45829869	processed_pseudogene	ENSMUSG00000081251	+	Gm12164	569
570	Gm22751	chr11	45829779	45829887	miRNA	ENSMUSG00000076031	+	Gm22751	570
571	Clint1	chr11	45851964	45910625	protein_coding	ENSMUSG00000006169	+	Clint1	571
572	Lsm11	chr11	45928269	45944935	protein_coding	ENSMUSG00000044847	-	Lsm11	572
573	Thg1l	chr11	45946843	45955494	protein_coding	ENSMUSG00000011254	-	Thg1l	573
574	Sox30	chr11	45980310	46017994	protein_coding	ENSMUSG00000040489	+	Sox30	574
575	Gm12165	chr11	46036440	46036781	processed_pseudogene	ENSMUSG00000082870	+	Gm12165	575
576	Gm12166	chr11	46051354	46052321	protein_coding	ENSMUSG00000069899	-	Gm12166	576
577	Adam19	chr11	46055992	46147343	protein_coding	ENSMUSG00000011256	+	Adam19	577
578	Mir8100	chr11	46102270	46102390	miRNA	ENSMUSG00000098942	+	Mir8100	578
579	Gm16033	chr11	46143783	46147116	lncRNA	ENSMUSG00000086998	-	Gm16033	579
580	Gm16034	chr11	46143897	46145014	lncRNA	ENSMUSG00000087607	-	Gm16034	580
581	Nipal4	chr11	46148155	46166508	protein_coding	ENSMUSG00000020411	-	Nipal4	581
582	Mir7239	chr11	46170087	46170143	miRNA	ENSMUSG00000099331	+	Mir7239	582
583	Cyfip2	chr11	46193850	46312859	protein_coding	ENSMUSG00000020340	-	Cyfip2	583
584	Fndc9	chr11	46235531	46239872	protein_coding	ENSMUSG00000048721	+	Fndc9	584
585	Gm12568	chr11	46243571	46244194	processed_pseudogene	ENSMUSG00000081078	-	Gm12568	585
586	Itk	chr11	46325150	46389515	protein_coding	ENSMUSG00000020395	-	Itk	586
587	Gm12167	chr11	46342287	46345020	lncRNA	ENSMUSG00000085853	+	Gm12167	587
588	Fam71b	chr11	46396559	46407982	protein_coding	ENSMUSG00000020401	+	Fam71b	588
589	Med7	chr11	46436925	46442721	protein_coding	ENSMUSG00000020397	+	Med7	589
590	Gm12168	chr11	46450980	46451347	processed_pseudogene	ENSMUSG00000082530	-	Gm12168	590
591	Havcr2	chr11	46454935	46481255	protein_coding	ENSMUSG00000020399	+	Havcr2	591
592	Gm12169	chr11	46524212	46538156	protein_coding	ENSMUSG00000078924	+	Gm12169	592
593	Gm12170	chr11	46539782	46540081	unprocessed_pseudogene	ENSMUSG00000081713	-	Gm12170	593
594	Gm12171	chr11	46544209	46557067	lncRNA	ENSMUSG00000086981	+	Gm12171	594
595	Rpl9-ps2	chr11	46562031	46562607	processed_pseudogene	ENSMUSG00000082749	+	Rpl9-ps2	595
596	BC053393	chr11	46571536	46589232	protein_coding	ENSMUSG00000046974	+	BC053393	596
597	Dppa1	chr11	46607772	46629261	protein_coding	ENSMUSG00000064010	-	Dppa1	597
598	Gm4926	chr11	46636516	46645006	lncRNA	ENSMUSG00000086909	-	Gm4926	598
599	Gm12173	chr11	46646687	46646959	unprocessed_pseudogene	ENSMUSG00000080970	-	Gm12173	599
600	Timd2	chr11	46668960	46707061	protein_coding	ENSMUSG00000040413	-	Timd2	600
601	Gm12174	chr11	46727818	46728630	processed_pseudogene	ENSMUSG00000080776	+	Gm12174	601
602	Havcr1	chr11	46735080	46779578	protein_coding	ENSMUSG00000040405	+	Havcr1	602
603	Timd4	chr11	46810800	46844332	protein_coding	ENSMUSG00000055546	+	Timd4	603
604	Gm12175	chr11	46874413	46874757	processed_pseudogene	ENSMUSG00000082818	+	Gm12175	604
605	Sgcd	chr11	46896253	47988969	protein_coding	ENSMUSG00000020354	-	Sgcd	605
606	Gm12176	chr11	47541432	47542306	processed_pseudogene	ENSMUSG00000082792	+	Gm12176	606
607	Gm23039	chr11	47912385	47912545	snRNA	ENSMUSG00000065804	-	Gm23039	607
608	Gm12179	chr11	48551253	48552524	processed_pseudogene	ENSMUSG00000083954	-	Gm12179	608
609	Gm12181	chr11	48595279	48595809	processed_pseudogene	ENSMUSG00000082250	+	Gm12181	609
610	Gm24422	chr11	48684709	48684827	snoRNA	ENSMUSG00000088425	+	Gm24422	610
611	Gm12182	chr11	48734554	48735561	processed_pseudogene	ENSMUSG00000083460	-	Gm12182	611
612	Gm12183	chr11	48751867	48753714	processed_pseudogene	ENSMUSG00000082454	-	Gm12183	612
613	Rack1	chr11	48800332	48806434	protein_coding	ENSMUSG00000020372	+	Rack1	613
614	Gm25296	chr11	48800866	48800932	snoRNA	ENSMUSG00000064500	+	Gm25296	614
615	Snord96a	chr11	48802032	48802112	snoRNA	ENSMUSG00000064725	+	Snord96a	615
616	Snord95	chr11	48803139	48803206	snoRNA	ENSMUSG00000064780	+	Snord95	616
617	Trim41	chr11	48806404	48817353	protein_coding	ENSMUSG00000040365	-	Trim41	617
618	Gm12184	chr11	48825346	48826655	protein_coding	ENSMUSG00000078154	-	Gm12184	618
619	Trim7	chr11	48826140	48852209	protein_coding	ENSMUSG00000040350	+	Trim7	619
620	Gm16170	chr11	48843648	48853493	lncRNA	ENSMUSG00000086245	-	Gm16170	620
621	Irgm1	chr11	48861968	48871683	protein_coding	ENSMUSG00000046879	-	Irgm1	621
622	Gm5431	chr11	48887422	48902214	protein_coding	ENSMUSG00000058163	-	Gm5431	622
623	Gm12185	chr11	48904656	48992226	protein_coding	ENSMUSG00000048852	-	Gm12185	623
624	Psme2b	chr11	48945354	48946190	protein_coding	ENSMUSG00000078153	-	Psme2b	624
625	9930111J21Rik1	chr11	48946150	48979398	protein_coding	ENSMUSG00000069893	-	9930111J21Rik1	625
626	Olfr56	chr11	48978889	49135387	protein_coding	ENSMUSG00000040328	+	Olfr56	626
627	Tgtp1	chr11	48985327	48994172	protein_coding	ENSMUSG00000078922	-	Tgtp1	627
628	Gm12186	chr11	48996674	48997713	processed_pseudogene	ENSMUSG00000084153	-	Gm12186	628
629	9930111J21Rik2	chr11	49015874	49051242	protein_coding	ENSMUSG00000069892	-	9930111J21Rik2	629
630	Tgtp2	chr11	49057194	49064206	protein_coding	ENSMUSG00000078921	-	Tgtp2	630
631	Gm12187	chr11	49069696	49071070	unprocessed_pseudogene	ENSMUSG00000083178	-	Gm12187	631
632	Ifi47	chr11	49076587	49096974	protein_coding	ENSMUSG00000078920	+	Ifi47	632
633	Gm12188	chr11	49088234	49088543	processed_pseudogene	ENSMUSG00000082116	-	Gm12188	633
634	Olfr1396	chr11	49109982	49114874	protein_coding	ENSMUSG00000047511	-	Olfr1396	634
635	Olfr1395	chr11	49142274	49150453	protein_coding	ENSMUSG00000050763	+	Olfr1395	635
636	Olfr1394	chr11	49154377	49162854	protein_coding	ENSMUSG00000048378	+	Olfr1394	636
637	Btnl9	chr11	49165585	49187159	protein_coding	ENSMUSG00000040283	-	Btnl9	637
638	Zfp62	chr11	49203292	49218816	protein_coding	ENSMUSG00000046311	+	Zfp62	638
639	Mgat1	chr11	49244191	49263030	protein_coding	ENSMUSG00000020346	+	Mgat1	639
640	Olfr1393	chr11	49278304	49282769	protein_coding	ENSMUSG00000059864	+	Olfr1393	640
641	Olfr1392	chr11	49285282	49295891	protein_coding	ENSMUSG00000101750	+	Olfr1392	641
642	Olfr10	chr11	49304741	49320021	protein_coding	ENSMUSG00000100923	+	Olfr10	642
643	Olfr1391	chr11	49322742	49329810	protein_coding	ENSMUSG00000101874	+	Olfr1391	643
644	Olfr1390	chr11	49335188	49342247	protein_coding	ENSMUSG00000045421	+	Olfr1390	644
645	Gm12189	chr11	49404620	49405531	processed_pseudogene	ENSMUSG00000084278	+	Gm12189	645
646	Olfr1389	chr11	49423067	49432968	protein_coding	ENSMUSG00000107573	+	Olfr1389	646
647	Olfr1388	chr11	49436624	49446103	protein_coding	ENSMUSG00000047702	+	Olfr1388	647
648	Olfr1387	chr11	49455343	49464001	protein_coding	ENSMUSG00000063386	+	Olfr1387	648
649	Olfr1386	chr11	49465046	49471715	protein_coding	ENSMUSG00000108167	+	Olfr1386	649
650	Olfr1385	chr11	49489070	49497496	protein_coding	ENSMUSG00000059729	+	Olfr1385	650
651	Olfr1384	chr11	49506724	49517345	protein_coding	ENSMUSG00000044170	+	Olfr1384	651
652	Olfr1383	chr11	49519648	49527199	protein_coding	ENSMUSG00000107417	+	Olfr1383	652
653	Olfr1382	chr11	49528247	49538691	protein_coding	ENSMUSG00000063827	+	Olfr1382	653
654	Olfr1381	chr11	49543449	49556127	protein_coding	ENSMUSG00000095187	+	Olfr1381	654
655	Olfr1380	chr11	49556878	49565859	protein_coding	ENSMUSG00000107645	+	Olfr1380	655
656	1700024J04Rik	chr11	49586641	49588462	pseudogene	ENSMUSG00000069890	-	1700024J04Rik	656
657	Gm12190	chr11	49595739	49595925	processed_pseudogene	ENSMUSG00000081791	-	Gm12190	657
658	Flt4	chr11	49609263	49652739	protein_coding	ENSMUSG00000020357	+	Flt4	658
659	Scgb3a1	chr11	49663610	49665118	protein_coding	ENSMUSG00000064057	+	Scgb3a1	659
660	Cnot6	chr11	49671503	49712723	protein_coding	ENSMUSG00000020362	-	Cnot6	660
661	Gm12191	chr11	49678710	49679057	processed_pseudogene	ENSMUSG00000083061	-	Gm12191	661
662	Gm12192	chr11	49697880	49698366	processed_pseudogene	ENSMUSG00000081570	+	Gm12192	662
663	Gm23813	chr11	49771833	49771909	miRNA	ENSMUSG00000092894	+	Gm23813	663
664	Gfpt2	chr11	49794178	49838613	protein_coding	ENSMUSG00000020363	+	Gfpt2	664
665	Mapk9	chr11	49846751	49886421	protein_coding	ENSMUSG00000020366	+	Mapk9	665
666	Rasgef1c	chr11	49901835	49980994	protein_coding	ENSMUSG00000020374	+	Rasgef1c	666
667	Rnf130	chr11	50025346	50125719	protein_coding	ENSMUSG00000020376	+	Rnf130	667
668	Mir340	chr11	50069702	50069799	miRNA	ENSMUSG00000065417	+	Mir340	668
669	Gm12194	chr11	50126907	50127918	processed_pseudogene	ENSMUSG00000084302	-	Gm12194	669
670	Tbc1d9b	chr11	50131396	50172785	protein_coding	ENSMUSG00000036644	+	Tbc1d9b	670
671	Gm12195	chr11	50134082	50135004	lncRNA	ENSMUSG00000085192	-	Gm12195	671
672	Mrnip	chr11	50174444	50200115	protein_coding	ENSMUSG00000020381	+	Mrnip	672
673	Sqstm1	chr11	50199366	50210827	protein_coding	ENSMUSG00000015837	-	Sqstm1	673
674	Mgat4b	chr11	50210890	50235103	protein_coding	ENSMUSG00000036620	+	Mgat4b	674
675	Mir6919	chr11	50232245	50232306	miRNA	ENSMUSG00000098474	+	Mir6919	675
676	Ltc4s	chr11	50236461	50238616	protein_coding	ENSMUSG00000020377	-	Ltc4s	676
677	Gm26542	chr11	50236953	50288839	lncRNA	ENSMUSG00000097887	+	Gm26542	677
678	Maml1	chr11	50255634	50292311	protein_coding	ENSMUSG00000050567	-	Maml1	678
679	Canx	chr11	50293961	50325673	protein_coding	ENSMUSG00000020368	-	Canx	679
680	Gm12196	chr11	50347628	50347889	processed_pseudogene	ENSMUSG00000082545	+	Gm12196	680
681	Cby3	chr11	50354462	50359699	protein_coding	ENSMUSG00000050087	+	Cby3	681
682	Mir804	chr11	50357785	50357879	miRNA	ENSMUSG00000076450	-	Mir804	682
683	Hnrnph1	chr11	50376990	50386528	protein_coding	ENSMUSG00000007850	+	Hnrnph1	683
684	Rufy1	chr11	50389286	50431125	protein_coding	ENSMUSG00000020375	-	Rufy1	684
685	Gm12198	chr11	50599298	50602448	lncRNA	ENSMUSG00000085564	-	Gm12198	685
686	Adamts2	chr11	50602084	50807573	protein_coding	ENSMUSG00000036545	+	Adamts2	686
687	Gm12199	chr11	50717670	50718915	lncRNA	ENSMUSG00000087080	-	Gm12199	687
688	Gm12200	chr11	50720082	50725544	lncRNA	ENSMUSG00000085902	-	Gm12200	688
689	Gm23392	chr11	50809651	50809763	rRNA	ENSMUSG00000088205	+	Gm23392	689
690	Zfp354c	chr11	50811086	50827724	protein_coding	ENSMUSG00000044807	-	Zfp354c	690
691	Zfp879	chr11	50832031	50841552	protein_coding	ENSMUSG00000044296	-	Zfp879	691
692	Grm6	chr11	50850685	50866208	protein_coding	ENSMUSG00000000617	+	Grm6	692
693	Gm12660	chr11	50851332	50852582	lncRNA	ENSMUSG00000086226	-	Gm12660	693
694	Zfp454	chr11	50872720	50887651	protein_coding	ENSMUSG00000048728	-	Zfp454	694
695	Zfp2	chr11	50898712	50916165	protein_coding	ENSMUSG00000049321	-	Zfp2	695
696	Zfp354b	chr11	50921823	50931633	protein_coding	ENSMUSG00000020335	-	Zfp354b	696
697	4933414I15Rik	chr11	50940711	50943765	protein_coding	ENSMUSG00000072983	-	4933414I15Rik	697
698	Prop1	chr11	50950806	50953765	protein_coding	ENSMUSG00000044542	-	Prop1	698
699	Olfr1379-ps1	chr11	50958948	50959948	unprocessed_pseudogene	ENSMUSG00000083542	+	Olfr1379-ps1	699
700	Olfr1378	chr11	50966530	50973113	protein_coding	ENSMUSG00000050343	+	Olfr1378	700
701	Gm12661	chr11	50976730	50980064	processed_pseudogene	ENSMUSG00000082074	+	Gm12661	701
702	Olfr1377	chr11	50981967	50986593	protein_coding	ENSMUSG00000061952	+	Olfr1377	702
703	Olfr1376-ps1	chr11	50991791	50992745	unprocessed_pseudogene	ENSMUSG00000083825	+	Olfr1376-ps1	703
704	Olfr51	chr11	51003596	51009676	protein_coding	ENSMUSG00000060918	+	Olfr51	704
705	Olfr54	chr11	51014236	51031578	protein_coding	ENSMUSG00000059397	+	Olfr54	705
706	Olfr1375	chr11	51048109	51049050	protein_coding	ENSMUSG00000057890	+	Olfr1375	706
707	Zfp354a	chr11	51059257	51072799	protein_coding	ENSMUSG00000020364	+	Zfp354a	707
708	9230009I02Rik	chr11	51085087	51091833	lncRNA	ENSMUSG00000072982	+	9230009I02Rik	708
709	Gm12202	chr11	51099011	51113200	unprocessed_pseudogene	ENSMUSG00000080918	-	Gm12202	709
710	Gm12201	chr11	51106631	51107869	processed_pseudogene	ENSMUSG00000083156	+	Gm12201	710
711	Olfr1374-ps1	chr11	51142532	51143467	unprocessed_pseudogene	ENSMUSG00000083312	+	Olfr1374-ps1	711
712	Gm12203	chr11	51175225	51175822	processed_pseudogene	ENSMUSG00000081296	-	Gm12203	712
713	Platr20	chr11	51189833	51220418	lncRNA	ENSMUSG00000086646	-	Platr20	713
714	Gm12569	chr11	51220473	51235053	protein_coding	ENSMUSG00000061469	+	Gm12569	714
715	BC049762	chr11	51253651	51263046	protein_coding	ENSMUSG00000045942	-	BC049762	715
716	Clk4	chr11	51261730	51281766	protein_coding	ENSMUSG00000020385	+	Clk4	716
717	Gm25082	chr11	51270435	51270689	misc_RNA	ENSMUSG00000093734	+	Gm25082	717
718	Col23a1	chr11	51289920	51583918	protein_coding	ENSMUSG00000063564	+	Col23a1	718
719	Phykpl	chr11	51584757	51604489	protein_coding	ENSMUSG00000020359	+	Phykpl	719
720	Hnrnpab	chr11	51600100	51606847	protein_coding	ENSMUSG00000020358	-	Hnrnpab	720
721	Nhp2	chr11	51619735	51623714	protein_coding	ENSMUSG00000001056	+	Nhp2	721
722	Rmnd5b	chr11	51623671	51635896	protein_coding	ENSMUSG00000001054	-	Rmnd5b	722
723	N4bp3	chr11	51643063	51650842	protein_coding	ENSMUSG00000001053	-	N4bp3	723
724	D930048N14Rik	chr11	51650954	51657681	protein_coding	ENSMUSG00000052563	+	D930048N14Rik	724
725	0610009B22Rik	chr11	51685386	51688874	protein_coding	ENSMUSG00000007777	-	0610009B22Rik	725
726	Sec24a	chr11	51692264	51763634	protein_coding	ENSMUSG00000036391	-	Sec24a	726
727	Gm25291	chr11	51737779	51737922	snoRNA	ENSMUSG00000084744	-	Gm25291	727
728	Sar1b	chr11	51763687	51791925	protein_coding	ENSMUSG00000020386	+	Sar1b	728
729	Jade2	chr11	51813455	51857653	protein_coding	ENSMUSG00000020387	-	Jade2	729
730	Gm39822	chr11	51898966	51909624	lncRNA	ENSMUSG00000110618	+	Gm39822	730
731	Gm26061	chr11	51964382	51964489	snRNA	ENSMUSG00000093325	+	Gm26061	731
732	Cdkn2aipnl	chr11	51967661	51977334	protein_coding	ENSMUSG00000020392	+	Cdkn2aipnl	732
733	Ube2b	chr11	51985497	52000762	protein_coding	ENSMUSG00000020390	-	Ube2b	733
734	Gm12204	chr11	52000853	52001911	lncRNA	ENSMUSG00000086493	+	Gm12204	734
735	Cdkl3	chr11	52004221	52089784	protein_coding	ENSMUSG00000020389	+	Cdkl3	735
736	Gm12205	chr11	52038850	52039471	lncRNA	ENSMUSG00000084800	-	Gm12205	736
737	Ppp2ca	chr11	52098681	52127778	protein_coding	ENSMUSG00000020349	+	Ppp2ca	737
738	Gm24157	chr11	52099043	52099153	miRNA	ENSMUSG00000093006	-	Gm24157	738
739	Mir3061	chr11	52126746	52126836	miRNA	ENSMUSG00000092870	+	Mir3061	739
740	Olfr1373	chr11	52144593	52145528	protein_coding	ENSMUSG00000062204	-	Olfr1373	740
741	Olfr1372-ps1	chr11	52154722	52168159	transcribed_unprocessed_pseudogene	ENSMUSG00000108218	-	Olfr1372-ps1	741
742	Gm12206	chr11	52188953	52189553	processed_pseudogene	ENSMUSG00000083175	+	Gm12206	742
743	Olfr1371	chr11	52213052	52213987	protein_coding	ENSMUSG00000060170	-	Olfr1371	743
744	Skp1a	chr11	52231995	52246858	protein_coding	ENSMUSG00000036309	+	Skp1a	744
745	Gm12207	chr11	52233724	52236619	lncRNA	ENSMUSG00000086920	+	Gm12207	745
746	Tcf7	chr11	52252371	52283331	protein_coding	ENSMUSG00000000782	-	Tcf7	746
747	A630014C17Rik	chr11	52276055	52286179	lncRNA	ENSMUSG00000086395	+	A630014C17Rik	747
748	Vdac1	chr11	52360860	52389397	protein_coding	ENSMUSG00000020402	+	Vdac1	748
749	9530068E07Rik	chr11	52396428	52408728	protein_coding	ENSMUSG00000036275	+	9530068E07Rik	749
750	Gm12209	chr11	52478508	52479103	processed_pseudogene	ENSMUSG00000081297	-	Gm12209	750
751	Fstl4	chr11	52764634	53188538	protein_coding	ENSMUSG00000036264	+	Fstl4	751
752	Gm11186	chr11	53111451	53120056	lncRNA	ENSMUSG00000087668	-	Gm11186	752
753	Gm11189	chr11	53200684	53201058	processed_pseudogene	ENSMUSG00000058073	+	Gm11189	753
754	Hspa4	chr11	53259814	53300457	protein_coding	ENSMUSG00000020361	-	Hspa4	754
755	Zcchc10	chr11	53324679	53333301	protein_coding	ENSMUSG00000018239	+	Zcchc10	755
756	Gm11188	chr11	53345290	53345677	processed_pseudogene	ENSMUSG00000082263	-	Gm11188	756
757	Aff4	chr11	53350833	53421830	protein_coding	ENSMUSG00000049470	+	Aff4	757
758	Gm25930	chr11	53390402	53390508	snRNA	ENSMUSG00000064719	+	Gm25930	758
759	Mir6920	chr11	53409197	53409267	miRNA	ENSMUSG00000105908	+	Mir6920	759
760	Leap2	chr11	53422181	53423170	protein_coding	ENSMUSG00000036216	-	Leap2	760
761	Uqcrq	chr11	53427922	53430831	protein_coding	ENSMUSG00000044894	-	Uqcrq	761
762	Gdf9	chr11	53431023	53437904	protein_coding	ENSMUSG00000018238	+	Gdf9	762
763	Gm10447	chr11	53454804	53457110	lncRNA	ENSMUSG00000072963	-	Gm10447	763
764	Shroom1	chr11	53457205	53467766	protein_coding	ENSMUSG00000018387	+	Shroom1	764
765	Gm12212	chr11	53462379	53463613	lncRNA	ENSMUSG00000085707	-	Gm12212	765
766	Gm9837	chr11	53469749	53470479	TEC	ENSMUSG00000049427	-	Gm9837	766
767	Sowaha	chr11	53476573	53480274	protein_coding	ENSMUSG00000044352	-	Sowaha	767
768	Gm9945	chr11	53480166	53481097	TEC	ENSMUSG00000054450	+	Gm9945	768
769	Rpl9-ps3	chr11	53501184	53501759	processed_pseudogene	ENSMUSG00000085718	+	Rpl9-ps3	769
770	Sept8	chr11	53519257	53549565	protein_coding	ENSMUSG00000018398	+	Sept8	770
771	A430108G06Rik	chr11	53564688	53567313	lncRNA	ENSMUSG00000086851	-	A430108G06Rik	771
772	Kif3a	chr11	53567379	53601967	protein_coding	ENSMUSG00000018395	+	Kif3a	772
773	Il4	chr11	53602982	53618669	protein_coding	ENSMUSG00000000869	-	Il4	773
774	Il13	chr11	53631324	53634702	protein_coding	ENSMUSG00000020383	-	Il13	774
775	Rps2-ps4	chr11	53645744	53646376	processed_pseudogene	ENSMUSG00000084373	+	Rps2-ps4	775
776	Rad50	chr11	53649519	53707319	protein_coding	ENSMUSG00000020380	-	Rad50	776
777	Gm22275	chr11	53701179	53701488	misc_RNA	ENSMUSG00000084419	+	Gm22275	777
778	Il5	chr11	53720794	53725106	protein_coding	ENSMUSG00000036117	+	Il5	778
779	Gm12214	chr11	53723953	53724618	lncRNA	ENSMUSG00000086595	-	Gm12214	779
780	Gm12213	chr11	53733579	53733931	processed_pseudogene	ENSMUSG00000083986	+	Gm12213	780
781	Mir7671	chr11	53763597	53763654	miRNA	ENSMUSG00000099153	-	Mir7671	781
782	Irf1	chr11	53770014	53778374	protein_coding	ENSMUSG00000018899	+	Irf1	782
783	Gm17334	chr11	53770051	53773195	TEC	ENSMUSG00000091191	-	Gm17334	783
784	Gm12216	chr11	53783418	53859256	protein_coding	ENSMUSG00000081769	-	Gm12216	784
785	Slc22a5	chr11	53864542	53891660	protein_coding	ENSMUSG00000018900	-	Slc22a5	785
786	Gm12217	chr11	53902190	53903568	processed_pseudogene	ENSMUSG00000082271	+	Gm12217	786
787	Gm12218	chr11	53902757	53903155	processed_pseudogene	ENSMUSG00000082380	-	Gm12218	787
788	Gm12220	chr11	53929305	53929476	unprocessed_pseudogene	ENSMUSG00000081098	-	Gm12220	788
789	Slc22a21	chr11	53949965	53980332	protein_coding	ENSMUSG00000063652	-	Slc22a21	789
790	Gm12219	chr11	53967063	53967505	processed_pseudogene	ENSMUSG00000080768	-	Gm12219	790
791	Slc22a4	chr11	53983123	54028090	protein_coding	ENSMUSG00000020334	-	Slc22a4	791
792	Pdlim4	chr11	54054928	54069014	protein_coding	ENSMUSG00000020388	-	Pdlim4	792
793	P4ha2	chr11	54100095	54131665	protein_coding	ENSMUSG00000018906	+	P4ha2	793
794	Gm12221	chr11	54158926	54160056	processed_pseudogene	ENSMUSG00000036045	+	Gm12221	794
795	4933405E24Rik	chr11	54177772	54213285	lncRNA	ENSMUSG00000086209	-	4933405E24Rik	795
796	Gm12222	chr11	54199433	54199692	processed_pseudogene	ENSMUSG00000060068	+	Gm12222	796
797	Csf2	chr11	54247271	54249667	protein_coding	ENSMUSG00000018916	-	Csf2	797
798	Gm12223	chr11	54247600	54254495	lncRNA	ENSMUSG00000085585	+	Gm12223	798
799	Il3	chr11	54265303	54267277	protein_coding	ENSMUSG00000018914	-	Il3	799
800	Acsl6	chr11	54303798	54364756	protein_coding	ENSMUSG00000020333	+	Acsl6	800
801	Gm12224	chr11	54340369	54353479	lncRNA	ENSMUSG00000085888	-	Gm12224	801
802	Meikin	chr11	54370652	54426790	protein_coding	ENSMUSG00000020332	+	Meikin	802
803	Gm12226	chr11	54401092	54401967	processed_pseudogene	ENSMUSG00000078151	+	Gm12226	803
804	Gm12225	chr11	54404140	54404437	processed_pseudogene	ENSMUSG00000084212	+	Gm12225	804
805	Fnip1	chr11	54438199	54518235	protein_coding	ENSMUSG00000035992	+	Fnip1	805
806	Gm24198	chr11	54458162	54458269	snRNA	ENSMUSG00000088437	+	Gm24198	806
807	Rapgef6	chr11	54522847	54699285	protein_coding	ENSMUSG00000037533	+	Rapgef6	807
808	Gm26116	chr11	54658497	54658573	miRNA	ENSMUSG00000093341	-	Gm26116	808
809	Cdc42se2	chr11	54717456	54787675	protein_coding	ENSMUSG00000052298	-	Cdc42se2	809
810	Gm12227	chr11	54728677	54734323	lncRNA	ENSMUSG00000086039	+	Gm12227	810
811	Gm12229	chr11	54746357	54746824	processed_pseudogene	ENSMUSG00000082503	-	Gm12229	811
812	Lyrm7os	chr11	54819919	54824967	lncRNA	ENSMUSG00000086789	+	Lyrm7os	812
813	Lyrm7	chr11	54826866	54860916	protein_coding	ENSMUSG00000020268	-	Lyrm7	813
814	Gm25426	chr11	54829711	54829880	snRNA	ENSMUSG00000088231	+	Gm25426	814
815	Hint1	chr11	54866383	54870501	protein_coding	ENSMUSG00000020267	+	Hint1	815
816	Gpx3	chr11	54902453	54910377	protein_coding	ENSMUSG00000018339	+	Gpx3	816
817	Tnip1	chr11	54910785	54962917	protein_coding	ENSMUSG00000020400	-	Tnip1	817
818	Gm12230	chr11	54947435	54947888	processed_pseudogene	ENSMUSG00000082180	+	Gm12230	818
819	Anxa6	chr11	54979108	55033445	protein_coding	ENSMUSG00000018340	-	Anxa6	819
820	Ccdc69	chr11	55049731	55078131	protein_coding	ENSMUSG00000049588	-	Ccdc69	820
821	Gm2a	chr11	55098115	55113029	protein_coding	ENSMUSG00000000594	+	Gm2a	821
822	Gm12231	chr11	55118101	55118795	processed_pseudogene	ENSMUSG00000044751	-	Gm12231	822
823	Mup-ps22	chr11	55123695	55123937	processed_pseudogene	ENSMUSG00000080738	+	Mup-ps22	823
824	Slc36a3	chr11	55124815	55151708	protein_coding	ENSMUSG00000049491	-	Slc36a3	824
825	Slc36a3os	chr11	55137044	55140193	lncRNA	ENSMUSG00000085531	+	Slc36a3os	825
826	Slc36a2	chr11	55158470	55185077	protein_coding	ENSMUSG00000020264	-	Slc36a2	826
827	Slc36a1os	chr11	55191719	55197864	lncRNA	ENSMUSG00000084980	-	Slc36a1os	827
828	Slc36a1	chr11	55204350	55236330	protein_coding	ENSMUSG00000020261	+	Slc36a1	828
829	Fat2	chr11	55250609	55336564	protein_coding	ENSMUSG00000055333	-	Fat2	829
830	Sparc	chr11	55394500	55423183	protein_coding	ENSMUSG00000018593	-	Sparc	830
831	Atox1	chr11	55446641	55461239	protein_coding	ENSMUSG00000018585	-	Atox1	831
832	Gm12235	chr11	55463840	55464009	processed_pseudogene	ENSMUSG00000081107	-	Gm12235	832
833	G3bp1	chr11	55469685	55504838	protein_coding	ENSMUSG00000018583	+	G3bp1	833
834	Gm22884	chr11	55482694	55482833	snoRNA	ENSMUSG00000065061	+	Gm22884	834
835	Gm12238	chr11	55482706	55482829	lncRNA	ENSMUSG00000087342	+	Gm12238	835
836	Mir7652	chr11	55501226	55501281	miRNA	ENSMUSG00000098906	+	Mir7652	836
837	Glra1	chr11	55514238	55608198	protein_coding	ENSMUSG00000000263	-	Glra1	837
838	Gm12236	chr11	55514846	55527715	lncRNA	ENSMUSG00000086460	+	Gm12236	838
839	Gm12237	chr11	55554940	55555409	processed_pseudogene	ENSMUSG00000083363	+	Gm12237	839
840	Gm12239	chr11	55772088	56070848	lncRNA	ENSMUSG00000086020	+	Gm12239	840
841	Nmur2	chr11	56024987	56041010	protein_coding	ENSMUSG00000037393	-	Nmur2	841
842	Gm12240	chr11	56262855	56263083	processed_pseudogene	ENSMUSG00000084169	-	Gm12240	842
843	Gm22603	chr11	56482949	56483044	snoRNA	ENSMUSG00000088228	+	Gm22603	843
844	Gria1	chr11	57011387	57330244	protein_coding	ENSMUSG00000020524	+	Gria1	844
845	Gm12242	chr11	57449107	57449844	processed_pseudogene	ENSMUSG00000082476	+	Gm12242	845
846	Fam114a2	chr11	57482993	57518617	protein_coding	ENSMUSG00000020523	-	Fam114a2	846
847	Mfap3	chr11	57518664	57533815	protein_coding	ENSMUSG00000020522	+	Mfap3	847
848	Gm12243	chr11	57572512	57574595	lncRNA	ENSMUSG00000086028	+	Gm12243	848
849	4933424L21Rik	chr11	57623698	57649494	lncRNA	ENSMUSG00000085719	-	4933424L21Rik	849
850	Galnt10	chr11	57645442	57787514	protein_coding	ENSMUSG00000020520	+	Galnt10	850
851	4933426K07Rik	chr11	57655415	57657826	lncRNA	ENSMUSG00000086933	-	4933426K07Rik	851
852	Gm24582	chr11	57741300	57741402	snRNA	ENSMUSG00000077155	+	Gm24582	852
853	n-R5s69	chr11	57764427	57764545	rRNA	ENSMUSG00000065806	+	n-R5s69	853
854	2010001A14Rik	chr11	57795499	57801417	lncRNA	ENSMUSG00000087165	-	2010001A14Rik	854
855	Sap30l	chr11	57801637	57810217	protein_coding	ENSMUSG00000020519	+	Sap30l	855
856	Hand1	chr11	57828705	57832818	protein_coding	ENSMUSG00000037335	-	Hand1	856
857	Gm12244	chr11	57880896	57881186	processed_pseudogene	ENSMUSG00000084223	+	Gm12244	857
858	Gm12245	chr11	57948729	57949085	processed_pseudogene	ENSMUSG00000083657	-	Gm12245	858
859	Gm26025	chr11	57969342	57969612	misc_RNA	ENSMUSG00000089280	+	Gm26025	859
860	Gm12249	chr11	57970244	57973134	lncRNA	ENSMUSG00000086666	-	Gm12249	860
861	Larp1	chr11	58009064	58062034	protein_coding	ENSMUSG00000037331	+	Larp1	861
862	Gm12248	chr11	58063552	58093134	protein_coding	ENSMUSG00000086962	-	Gm12248	862
863	Gm12247	chr11	58097104	58097773	processed_pseudogene	ENSMUSG00000081223	-	Gm12247	863
864	Cnot8	chr11	58104153	58118594	protein_coding	ENSMUSG00000020515	+	Cnot8	864
865	Gemin5	chr11	58120002	58168539	protein_coding	ENSMUSG00000037275	-	Gemin5	865
866	Gm12246	chr11	58126068	58128512	lncRNA	ENSMUSG00000087629	+	Gm12246	866
867	Mrpl22	chr11	58171661	58179565	protein_coding	ENSMUSG00000020514	+	Mrpl22	867
868	Gm12250	chr11	58187739	58189012	processed_pseudogene	ENSMUSG00000082292	+	Gm12250	868
869	Igtp	chr11	58199556	58207591	protein_coding	ENSMUSG00000078853	+	Igtp	869
870	Irgm2	chr11	58199618	58222782	protein_coding	ENSMUSG00000069874	+	Irgm2	870
871	AL928857.1	chr11	58230480	58231450	unitary_pseudogene	ENSMUSG00000118428	-	AL928857.1	871
872	4930438A08Rik	chr11	58274799	58294289	protein_coding	ENSMUSG00000069873	+	4930438A08Rik	872
873	Zfp692	chr11	58307069	58314627	protein_coding	ENSMUSG00000037243	+	Zfp692	873
874	Zfp672	chr11	58315114	58330339	protein_coding	ENSMUSG00000049755	-	Zfp672	874
875	1700047K16Rik	chr11	58322988	58324439	lncRNA	ENSMUSG00000087347	+	1700047K16Rik	875
876	Sh3bp5l	chr11	58330724	58347728	protein_coding	ENSMUSG00000013646	+	Sh3bp5l	876
877	Lypd8	chr11	58379043	58390728	protein_coding	ENSMUSG00000013643	+	Lypd8	877
878	Gm12251	chr11	58392769	58393560	processed_pseudogene	ENSMUSG00000084384	-	Gm12251	878
879	Gm12252	chr11	58396297	58396515	processed_pseudogene	ENSMUSG00000082181	-	Gm12252	879
880	1810065E05Rik	chr11	58421111	58426024	protein_coding	ENSMUSG00000013653	+	1810065E05Rik	880
881	Gm12253	chr11	58432559	58441622	protein_coding	ENSMUSG00000058287	+	Gm12253	881
882	Lypd9	chr11	58446149	58452923	protein_coding	ENSMUSG00000052642	-	Lypd9	882
883	Olfr30	chr11	58454105	58462270	protein_coding	ENSMUSG00000043314	-	Olfr30	883
884	Olfr333-ps1	chr11	58476608	58481400	transcribed_unprocessed_pseudogene	ENSMUSG00000081287	-	Olfr333-ps1	884
885	Olfr332	chr11	58487950	58492555	protein_coding	ENSMUSG00000050813	-	Olfr332	885
886	Olfr331	chr11	58501598	58502572	protein_coding	ENSMUSG00000058807	-	Olfr331	886
887	Gm12254	chr11	58508791	58509261	processed_pseudogene	ENSMUSG00000085342	-	Gm12254	887
888	Olfr330	chr11	58527186	58534836	protein_coding	ENSMUSG00000050818	-	Olfr330	888
889	Olfr329-ps	chr11	58539801	58546422	protein_coding	ENSMUSG00000064252	-	Olfr329-ps	889
890	Olfr328	chr11	58550854	58555636	protein_coding	ENSMUSG00000057654	-	Olfr328	890
891	Olfr224	chr11	58565856	58570553	protein_coding	ENSMUSG00000059279	-	Olfr224	891
892	Olfr326-ps1	chr11	58574979	58575370	unprocessed_pseudogene	ENSMUSG00000108156	-	Olfr326-ps1	892
893	Olfr325	chr11	58577730	58582365	protein_coding	ENSMUSG00000060765	+	Olfr325	893
894	Olfr324	chr11	58595114	58600783	protein_coding	ENSMUSG00000056564	+	Olfr324	894
895	2210407C18Rik	chr11	58608204	58616075	protein_coding	ENSMUSG00000037145	-	2210407C18Rik	895
896	Olfr323	chr11	58624159	58630501	protein_coding	ENSMUSG00000043880	-	Olfr323	896
897	Trim58	chr11	58640465	58652404	protein_coding	ENSMUSG00000037124	+	Trim58	897
898	Olfr322	chr11	58658782	58669528	protein_coding	ENSMUSG00000063549	+	Olfr322	898
899	Olfr320	chr11	58681099	58686233	protein_coding	ENSMUSG00000107711	+	Olfr320	899
900	Gm12570	chr11	58688073	58689102	processed_pseudogene	ENSMUSG00000082495	-	Gm12570	900
901	Olfr319	chr11	58699162	58703472	protein_coding	ENSMUSG00000064044	+	Olfr319	901
902	Olfr318	chr11	58717197	58724014	protein_coding	ENSMUSG00000108265	-	Olfr318	902
903	Olfr317	chr11	58731018	58739212	protein_coding	ENSMUSG00000060030	-	Olfr317	903
904	Olfr316	chr11	58752734	58759671	protein_coding	ENSMUSG00000107677	+	Olfr316	904
905	Olfr315	chr11	58773188	58780251	protein_coding	ENSMUSG00000056959	+	Olfr315	905
906	Olfr314	chr11	58782952	58788768	protein_coding	ENSMUSG00000059504	+	Olfr314	906
907	Fam183b	chr11	58792797	58801960	protein_coding	ENSMUSG00000049154	-	Fam183b	907
908	Olfr313	chr11	58815000	58819450	protein_coding	ENSMUSG00000070438	+	Olfr313	908
909	Olfr312	chr11	58829237	58834780	protein_coding	ENSMUSG00000096806	+	Olfr312	909
910	Olfr311	chr11	58839251	58844111	protein_coding	ENSMUSG00000094805	+	Olfr311	910
911	Gm12258	chr11	58847158	58861956	protein_coding	ENSMUSG00000072915	+	Gm12258	911
912	Gm12259	chr11	58865965	58867154	lncRNA	ENSMUSG00000085744	+	Gm12259	912
913	2810021J22Rik	chr11	58867216	58883288	protein_coding	ENSMUSG00000020491	+	2810021J22Rik	913
914	Zfp39	chr11	58888153	58904225	protein_coding	ENSMUSG00000037001	-	Zfp39	914
915	Gm12256	chr11	58889710	58891548	lncRNA	ENSMUSG00000087654	+	Gm12256	915
916	Gm12257	chr11	58904402	58906170	lncRNA	ENSMUSG00000086063	+	Gm12257	916
917	Btnl10	chr11	58917908	58927158	protein_coding	ENSMUSG00000020490	+	Btnl10	917
918	Rnf187	chr11	58932288	58938916	protein_coding	ENSMUSG00000020496	-	Rnf187	918
919	Hist3h2ba	chr11	58948920	58949533	protein_coding	ENSMUSG00000056895	+	Hist3h2ba	919
920	Hist3h2a	chr11	58954685	58956830	protein_coding	ENSMUSG00000078851	+	Hist3h2a	920
921	Trim17	chr11	58954685	58973098	protein_coding	ENSMUSG00000036964	+	Trim17	921
922	Gm44313	chr11	58954983	58955120	miRNA	ENSMUSG00000106175	-	Gm44313	922
923	Gm12260	chr11	58961812	58962222	unprocessed_pseudogene	ENSMUSG00000080152	+	Gm12260	923
924	2310058D17Rik	chr11	58965748	58978050	lncRNA	ENSMUSG00000085379	-	2310058D17Rik	924
925	Trim11	chr11	58978093	58991458	protein_coding	ENSMUSG00000020455	+	Trim11	925
926	Obscn	chr11	58994256	59139170	protein_coding	ENSMUSG00000061462	-	Obscn	926
927	Gm10435	chr11	59002910	59007293	lncRNA	ENSMUSG00000072902	+	Gm10435	927
928	Iba57	chr11	59155369	59163739	protein_coding	ENSMUSG00000049287	-	Iba57	928
929	Gjc2	chr11	59175568	59183213	protein_coding	ENSMUSG00000043448	-	Gjc2	929
930	Guk1	chr11	59183875	59192212	protein_coding	ENSMUSG00000020444	-	Guk1	930
931	2610507I01Rik	chr11	59199836	59202385	lncRNA	ENSMUSG00000085882	-	2610507I01Rik	931
932	Mrpl55	chr11	59202486	59206134	protein_coding	ENSMUSG00000036860	+	Mrpl55	932
933	Gm10434	chr11	59208246	59208720	pseudogene	ENSMUSG00000072898	-	Gm10434	933
934	2310033P09Rik	chr11	59208321	59210738	protein_coding	ENSMUSG00000020441	+	2310033P09Rik	934
935	Arf1	chr11	59211412	59228270	protein_coding	ENSMUSG00000048076	-	Arf1	935
936	Wnt3a	chr11	59248033	59290752	protein_coding	ENSMUSG00000009900	-	Wnt3a	936
937	Wnt9a	chr11	59306928	59333552	protein_coding	ENSMUSG00000000126	+	Wnt9a	937
938	Gm24756	chr11	59337051	59337146	miRNA	ENSMUSG00000093572	-	Gm24756	938
939	Prss38	chr11	59372669	59375657	protein_coding	ENSMUSG00000049291	-	Prss38	939
940	Gm15755	chr11	59375461	59379905	lncRNA	ENSMUSG00000086910	+	Gm15755	940
941	Snap47	chr11	59407134	59451186	protein_coding	ENSMUSG00000009894	-	Snap47	941
942	Jmjd4	chr11	59450045	59458567	protein_coding	ENSMUSG00000036819	+	Jmjd4	942
943	Zfp867	chr11	59461197	59472474	protein_coding	ENSMUSG00000054519	-	Zfp867	943
944	Gm12263	chr11	59474284	59475765	processed_pseudogene	ENSMUSG00000084145	-	Gm12263	944
945	Gm12262	chr11	59481973	59482277	processed_pseudogene	ENSMUSG00000083234	+	Gm12262	945
946	Zkscan17	chr11	59485520	59526751	protein_coding	ENSMUSG00000020472	-	Zkscan17	946
947	4933439C10Rik	chr11	59505662	59513647	lncRNA	ENSMUSG00000072893	+	4933439C10Rik	947
948	Nlrp3	chr11	59541568	59566956	protein_coding	ENSMUSG00000032691	+	Nlrp3	948
949	Olfr222	chr11	59570255	59576235	protein_coding	ENSMUSG00000059610	-	Olfr222	949
950	Gm12261	chr11	59577992	59578636	processed_pseudogene	ENSMUSG00000081262	-	Gm12261	950
951	Olfr223	chr11	59588497	59593289	protein_coding	ENSMUSG00000048919	-	Olfr223	951
952	Gm5027	chr11	59602919	59603293	unprocessed_pseudogene	ENSMUSG00000108457	-	Gm5027	952
953	Olfr225	chr11	59610585	59615060	polymorphic_pseudogene	ENSMUSG00000044061	+	Olfr225	953
954	Mprip	chr11	59661305	59780860	protein_coding	ENSMUSG00000005417	+	Mprip	954
955	1700007J10Rik	chr11	59725917	59740154	lncRNA	ENSMUSG00000086330	-	1700007J10Rik	955
956	Gm12264	chr11	59775286	59780321	lncRNA	ENSMUSG00000086536	-	Gm12264	956
957	Pld6	chr11	59783897	59787645	protein_coding	ENSMUSG00000043648	-	Pld6	957
958	Flcn	chr11	59791408	59810016	protein_coding	ENSMUSG00000032633	-	Flcn	958
959	Gm16062	chr11	59810080	59818491	lncRNA	ENSMUSG00000087249	+	Gm16062	959
960	Cops3	chr11	59817795	59839838	protein_coding	ENSMUSG00000019373	-	Cops3	960
961	Nt5m	chr11	59839447	59880968	protein_coding	ENSMUSG00000032615	+	Nt5m	961
962	Gm12714	chr11	59898374	59907319	lncRNA	ENSMUSG00000084766	+	Gm12714	962
963	1810063I02Rik	chr11	59921499	59921889	lncRNA	ENSMUSG00000085551	+	1810063I02Rik	963
964	Med9os	chr11	59946889	59948142	lncRNA	ENSMUSG00000085260	-	Med9os	964
965	Med9	chr11	59948206	59962205	protein_coding	ENSMUSG00000061650	+	Med9	965
966	Rasd1	chr11	59963181	59964944	protein_coding	ENSMUSG00000049892	-	Rasd1	966
967	Pemt	chr11	59970614	60046489	protein_coding	ENSMUSG00000000301	-	Pemt	967
968	Gm27511	chr11	60099547	60099673	misc_RNA	ENSMUSG00000098502	+	Gm27511	968
969	Rai1	chr11	60105013	60199197	protein_coding	ENSMUSG00000062115	+	Rai1	969
970	4930412M03Rik	chr11	60112219	60115230	lncRNA	ENSMUSG00000051008	-	4930412M03Rik	970
971	Srebf1	chr11	60199089	60222581	protein_coding	ENSMUSG00000020538	-	Srebf1	971
972	Mir6921	chr11	60200538	60200617	miRNA	ENSMUSG00000098547	-	Mir6921	972
973	Mir6922	chr11	60202262	60202327	miRNA	ENSMUSG00000099259	-	Mir6922	973
974	Tom1l2	chr11	60226714	60352905	protein_coding	ENSMUSG00000000538	-	Tom1l2	974
975	Gm12265	chr11	60240810	60241930	lncRNA	ENSMUSG00000085132	+	Gm12265	975
976	Gm27711	chr11	60302707	60302824	miRNA	ENSMUSG00000098349	-	Gm27711	976
977	Gm12266	chr11	60343245	60344206	processed_pseudogene	ENSMUSG00000082148	+	Gm12266	977
978	Drc3	chr11	60353329	60394341	protein_coding	ENSMUSG00000056598	+	Drc3	978
979	Atpaf2	chr11	60400626	60418457	protein_coding	ENSMUSG00000042709	-	Atpaf2	979
980	Gid4	chr11	60417145	60450927	protein_coding	ENSMUSG00000018415	+	Gid4	980
981	Gm12268	chr11	60446743	60447184	processed_pseudogene	ENSMUSG00000083412	+	Gm12268	981
982	Gm12267	chr11	60449210	60449970	processed_pseudogene	ENSMUSG00000084249	-	Gm12267	982
983	Drg2	chr11	60454591	60468754	protein_coding	ENSMUSG00000020537	+	Drg2	983
984	Myo15	chr11	60469339	60528369	protein_coding	ENSMUSG00000042678	+	Myo15	984
985	Alkbh5	chr11	60536381	60558512	protein_coding	ENSMUSG00000042650	+	Alkbh5	985
986	Gm12622	chr11	60560924	60561305	processed_pseudogene	ENSMUSG00000096745	-	Gm12622	986
987	Gm12628	chr11	60571623	60572210	unprocessed_pseudogene	ENSMUSG00000084273	-	Gm12628	987
988	Gm12623	chr11	60573567	60575549	processed_pseudogene	ENSMUSG00000093924	-	Gm12623	988
989	Gm12621	chr11	60591721	60592102	unprocessed_pseudogene	ENSMUSG00000096363	-	Gm12621	989
990	Gm12615	chr11	60628582	60628963	unprocessed_pseudogene	ENSMUSG00000096483	-	Gm12615	990
991	Gm12626	chr11	60631047	60633029	processed_pseudogene	ENSMUSG00000094278	-	Gm12626	991
992	Gm12625	chr11	60641861	60642242	unprocessed_pseudogene	ENSMUSG00000094005	-	Gm12625	992
993	Gm12619	chr11	60651070	60657857	unprocessed_pseudogene	ENSMUSG00000084335	-	Gm12619	993
994	Gm12620	chr11	60682179	60684164	processed_pseudogene	ENSMUSG00000094566	-	Gm12620	994
995	Gm12617	chr11	60692695	60693075	processed_pseudogene	ENSMUSG00000084034	-	Gm12617	995
996	Llgl1	chr11	60699723	60714186	protein_coding	ENSMUSG00000020536	+	Llgl1	996
997	Flii	chr11	60714123	60727263	protein_coding	ENSMUSG00000002812	-	Flii	997
998	Mief2	chr11	60728398	60732951	protein_coding	ENSMUSG00000018599	+	Mief2	998
999	Mir5100	chr11	60728663	60728726	miRNA	ENSMUSG00000092734	+	Mir5100	999
1000	Gm23341	chr11	60735861	60735957	snRNA	ENSMUSG00000089581	+	Gm23341	1000
1001	Top3a	chr11	60740058	60777365	protein_coding	ENSMUSG00000002814	-	Top3a	1001
1002	Smcr8	chr11	60777524	60788287	protein_coding	ENSMUSG00000049323	+	Smcr8	1002
1003	Shmt1	chr11	60788104	60811718	protein_coding	ENSMUSG00000020534	-	Shmt1	1003
1004	Gm24945	chr11	60804578	60804703	snoRNA	ENSMUSG00000088956	+	Gm24945	1004
1005	Gm12611	chr11	60816375	60817747	processed_pseudogene	ENSMUSG00000081578	+	Gm12611	1005
1006	Gm12618	chr11	60818796	60819278	processed_pseudogene	ENSMUSG00000083016	-	Gm12618	1006
1007	Dhrs7b	chr11	60830631	60860195	protein_coding	ENSMUSG00000042569	+	Dhrs7b	1007
1008	Tmem11	chr11	60864452	60879272	protein_coding	ENSMUSG00000043284	-	Tmem11	1008
1009	Natd1	chr11	60902246	60914750	protein_coding	ENSMUSG00000018931	-	Natd1	1009
1010	Map2k3os	chr11	60920917	60931867	lncRNA	ENSMUSG00000042549	-	Map2k3os	1010
1011	Map2k3	chr11	60932033	60952811	protein_coding	ENSMUSG00000018932	+	Map2k3	1011
1012	Kcnj12	chr11	61022564	61071131	protein_coding	ENSMUSG00000042529	+	Kcnj12	1012
1013	Tnfrsf13b	chr11	61126755	61149372	protein_coding	ENSMUSG00000010142	+	Tnfrsf13b	1013
1014	Gm12269	chr11	61130591	61131307	processed_pseudogene	ENSMUSG00000080912	-	Gm12269	1014
1015	Usp22	chr11	61151785	61175055	protein_coding	ENSMUSG00000042506	-	Usp22	1015
1016	Rps13-ps5	chr11	61205720	61206175	processed_pseudogene	ENSMUSG00000082626	-	Rps13-ps5	1016
1017	Aldh3a1	chr11	61207537	61218421	protein_coding	ENSMUSG00000019102	+	Aldh3a1	1017
1018	Aldh3a2	chr11	61223417	61267464	protein_coding	ENSMUSG00000010025	-	Aldh3a2	1018
1019	Slc47a2	chr11	61301631	61342860	protein_coding	ENSMUSG00000069855	-	Slc47a2	1019
1020	Gm25929	chr11	61334761	61334867	snRNA	ENSMUSG00000064718	+	Gm25929	1020
1021	Slc47a1	chr11	61343401	61378345	protein_coding	ENSMUSG00000010122	-	Slc47a1	1021
1022	Gm45605	chr11	61408018	61412286	lncRNA	ENSMUSG00000109829	+	Gm45605	1022
1023	Gm12271	chr11	61416402	61416815	processed_pseudogene	ENSMUSG00000082032	-	Gm12271	1023
1024	Rnf112	chr11	61448442	61454131	protein_coding	ENSMUSG00000010086	-	Rnf112	1024
1025	Mfap4	chr11	61485431	61488900	protein_coding	ENSMUSG00000042436	+	Mfap4	1025
1026	Mapk7	chr11	61488812	61494406	protein_coding	ENSMUSG00000001034	-	Mapk7	1026
1027	B9d1os	chr11	61504386	61505059	lncRNA	ENSMUSG00000060808	-	B9d1os	1027
1028	B9d1	chr11	61505144	61512931	protein_coding	ENSMUSG00000001039	+	B9d1	1028
1029	Epn2	chr11	61517249	61579687	protein_coding	ENSMUSG00000001036	-	Epn2	1029
1030	Gm12272	chr11	61527755	61528577	lncRNA	ENSMUSG00000085459	+	Gm12272	1030
1031	Grap	chr11	61653265	61672784	protein_coding	ENSMUSG00000004837	+	Grap	1031
1032	Slc5a10	chr11	61672781	61720826	protein_coding	ENSMUSG00000042371	-	Slc5a10	1032
1033	Fam83g	chr11	61684091	61709951	protein_coding	ENSMUSG00000042377	+	Fam83g	1033
1034	Prpsap2	chr11	61729650	61762088	protein_coding	ENSMUSG00000020528	-	Prpsap2	1034
1035	Ulk2	chr11	61775649	61855073	protein_coding	ENSMUSG00000004798	-	Ulk2	1035
1036	A530017D24Rik	chr11	61864568	61868058	lncRNA	ENSMUSG00000072847	-	A530017D24Rik	1036
1037	Gm26964	chr11	61865475	61867639	lncRNA	ENSMUSG00000098196	+	Gm26964	1037
1038	Akap10	chr11	61871307	61930252	protein_coding	ENSMUSG00000047804	-	Akap10	1038
1039	Gm12273	chr11	61950915	61952736	lncRNA	ENSMUSG00000084805	+	Gm12273	1039
1040	Specc1	chr11	61956763	62223013	protein_coding	ENSMUSG00000042331	+	Specc1	1040
1041	Gm12274	chr11	61973966	61974350	processed_pseudogene	ENSMUSG00000083212	-	Gm12274	1041
1042	Adora2b	chr11	62248984	62266453	protein_coding	ENSMUSG00000018500	+	Adora2b	1042
1043	Zswim7	chr11	62267224	62281375	protein_coding	ENSMUSG00000014243	-	Zswim7	1043
1044	Ttc19	chr11	62281473	62328451	protein_coding	ENSMUSG00000042298	+	Ttc19	1044
1045	Gm12275	chr11	62304864	62305170	processed_pseudogene	ENSMUSG00000081340	-	Gm12275	1045
1046	Ncor1	chr11	62316426	62458541	protein_coding	ENSMUSG00000018501	-	Ncor1	1046
1047	Gm12276	chr11	62331421	62331721	processed_pseudogene	ENSMUSG00000081944	+	Gm12276	1047
1048	Pigl	chr11	62458460	62514417	protein_coding	ENSMUSG00000014245	+	Pigl	1048
1049	Gm12278	chr11	62482797	62501704	lncRNA	ENSMUSG00000086310	+	Gm12278	1049
1050	Gm12949	chr11	62522741	62523542	lncRNA	ENSMUSG00000086636	+	Gm12949	1050
1051	Cenpv	chr11	62524946	62539261	protein_coding	ENSMUSG00000018509	-	Cenpv	1051
1052	Gm12279	chr11	62550047	62551041	lncRNA	ENSMUSG00000087120	-	Gm12279	1052
1053	Ubb	chr11	62551171	62553213	protein_coding	ENSMUSG00000019505	+	Ubb	1053
1054	Gm12280	chr11	62564477	62566383	lncRNA	ENSMUSG00000085748	-	Gm12280	1054
1055	Trpv2	chr11	62574486	62600515	protein_coding	ENSMUSG00000018507	+	Trpv2	1055
1056	2410006H16Rik	chr11	62602877	62604807	lncRNA	ENSMUSG00000086841	+	2410006H16Rik	1056
1057	Snord49b	chr11	62603079	62603150	snoRNA	ENSMUSG00000064437	+	Snord49b	1057
1058	Snord49a	chr11	62603450	62603521	snoRNA	ENSMUSG00000065734	+	Snord49a	1058
1059	Snord65	chr11	62604515	62604586	snoRNA	ENSMUSG00000077457	+	Snord65	1059
1060	Lrrc75a	chr11	62604884	62648523	protein_coding	ENSMUSG00000046417	-	Lrrc75a	1060
1061	Lrrc75aos2	chr11	62605766	62607748	lncRNA	ENSMUSG00000085762	+	Lrrc75aos2	1061
1062	Lrrc75aos1	chr11	62634704	62638788	lncRNA	ENSMUSG00000085170	+	Lrrc75aos1	1062
1063	Mmgt2	chr11	62648664	62666354	protein_coding	ENSMUSG00000048497	+	Mmgt2	1063
1064	Gm12281	chr11	62697218	62697515	processed_pseudogene	ENSMUSG00000081852	+	Gm12281	1064
1065	Zfp287	chr11	62700356	62731905	protein_coding	ENSMUSG00000005267	-	Zfp287	1065
1066	Gm27194	chr11	62749852	62752787	lncRNA	ENSMUSG00000098292	+	Gm27194	1066
1067	Wsb2-ps	chr11	62750064	62751280	processed_pseudogene	ENSMUSG00000084020	-	Wsb2-ps	1067
1068	Zfp286	chr11	62752577	62789462	protein_coding	ENSMUSG00000047342	-	Zfp286	1068
1069	Gm10428	chr11	62753100	62753498	protein_coding	ENSMUSG00000096083	+	Gm10428	1069
1070	Zfp286os	chr11	62761236	62765554	lncRNA	ENSMUSG00000086674	+	Zfp286os	1070
1071	Gm24151	chr11	62776985	62777125	snoRNA	ENSMUSG00000064692	+	Gm24151	1071
1072	Trim16	chr11	62820231	62850808	protein_coding	ENSMUSG00000047821	+	Trim16	1072
1073	Fbxw10	chr11	62847069	62877465	protein_coding	ENSMUSG00000090173	+	Fbxw10	1073
1074	Tvp23b	chr11	62879455	62916780	protein_coding	ENSMUSG00000014177	+	Tvp23b	1074
1075	Tvp23bos	chr11	62919079	62921592	lncRNA	ENSMUSG00000086677	-	Tvp23bos	1075
1076	Cdrt4os2	chr11	62950425	62951079	lncRNA	ENSMUSG00000087039	-	Cdrt4os2	1076
1077	Cdrt4	chr11	62951193	62993095	protein_coding	ENSMUSG00000042200	+	Cdrt4	1077
1078	Cdrt4os1	chr11	62990453	63004134	lncRNA	ENSMUSG00000087604	-	Cdrt4os1	1078
1079	Tekt3	chr11	63061654	63094964	protein_coding	ENSMUSG00000042189	+	Tekt3	1079
1080	Pmp22	chr11	63128982	63159547	protein_coding	ENSMUSG00000018217	+	Pmp22	1080
1081	B430319H21Rik	chr11	63173914	63188454	lncRNA	ENSMUSG00000085532	+	B430319H21Rik	1081
1082	Gm12285	chr11	63241243	63241475	processed_pseudogene	ENSMUSG00000083052	-	Gm12285	1082
1083	Gm12286	chr11	63312310	63313311	processed_pseudogene	ENSMUSG00000081600	-	Gm12286	1083
1084	B130011K05Rik	chr11	63413169	63417888	lncRNA	ENSMUSG00000085113	+	B130011K05Rik	1084
1085	Gm12287	chr11	63599632	63600923	processed_pseudogene	ENSMUSG00000082256	-	Gm12287	1085
1086	Gm12288	chr11	63817019	63818300	processed_pseudogene	ENSMUSG00000083142	-	Gm12288	1086
1087	Hmgb1-ps3	chr11	63846183	63846818	processed_pseudogene	ENSMUSG00000081455	-	Hmgb1-ps3	1087
1088	Hs3st3b1	chr11	63885792	63922290	protein_coding	ENSMUSG00000070407	-	Hs3st3b1	1088
1089	Cox10	chr11	63962627	64079468	protein_coding	ENSMUSG00000042148	-	Cox10	1089
1090	9630013K17Rik	chr11	63964226	63968040	lncRNA	ENSMUSG00000086359	+	9630013K17Rik	1090
1091	Gm12289	chr11	64012615	64015224	lncRNA	ENSMUSG00000084884	+	Gm12289	1091
1092	2810001G20Rik	chr11	64079484	64083259	lncRNA	ENSMUSG00000087497	+	2810001G20Rik	1092
1093	Gm12290	chr11	64164573	64182171	lncRNA	ENSMUSG00000087622	+	Gm12290	1093
1094	Hs3st3a1	chr11	64435332	64522841	protein_coding	ENSMUSG00000047759	+	Hs3st3a1	1094
1095	Gm24275	chr11	64590495	64590640	miRNA	ENSMUSG00000080430	-	Gm24275	1095
1096	Gm12291	chr11	64759717	64760027	processed_pseudogene	ENSMUSG00000081756	-	Gm12291	1096
1097	Gm12292	chr11	64840600	64843753	lncRNA	ENSMUSG00000086490	-	Gm12292	1097
1098	Elac2	chr11	64979038	65002069	protein_coding	ENSMUSG00000020549	+	Elac2	1098
1099	Arhgap44	chr11	65002039	65162961	protein_coding	ENSMUSG00000033389	-	Arhgap44	1099
1100	Gm12294	chr11	65037052	65037541	processed_pseudogene	ENSMUSG00000083935	-	Gm12294	1100
1101	Gm25991	chr11	65067709	65067807	miRNA	ENSMUSG00000076394	-	Gm25991	1101
1102	1700086D15Rik	chr11	65151910	65159891	protein_coding	ENSMUSG00000020548	-	1700086D15Rik	1102
1103	Gm12293	chr11	65169844	65170433	processed_pseudogene	ENSMUSG00000082857	-	Gm12293	1103
1104	Myocd	chr11	65176561	65269989	protein_coding	ENSMUSG00000020542	-	Myocd	1104
1105	Gm12295	chr11	65277654	65365798	lncRNA	ENSMUSG00000085162	-	Gm12295	1105
1106	Map2k4	chr11	65688243	65788297	protein_coding	ENSMUSG00000033352	-	Map2k4	1106
1107	Mir744	chr11	65734733	65734832	miRNA	ENSMUSG00000076460	-	Mir744	1107
1108	Zkscan6	chr11	65807175	65829239	protein_coding	ENSMUSG00000018347	+	Zkscan6	1108
1109	Dnah9	chr11	65831282	66168551	protein_coding	ENSMUSG00000056752	-	Dnah9	1109
1110	Gm12296	chr11	66168035	66301237	lncRNA	ENSMUSG00000084967	+	Gm12296	1110
1111	Shisa6	chr11	66211725	66525964	protein_coding	ENSMUSG00000053930	-	Shisa6	1111
1112	Gm12298	chr11	66905721	66947086	lncRNA	ENSMUSG00000072834	-	Gm12298	1112
1113	Pirt	chr11	66911981	66929876	protein_coding	ENSMUSG00000048070	+	Pirt	1113
1114	Tmem238l	chr11	66956638	66965016	protein_coding	ENSMUSG00000085683	+	Tmem238l	1114
1115	Gm12299	chr11	67002086	67011625	lncRNA	ENSMUSG00000085926	+	Gm12299	1115
1116	Tmem220	chr11	67025154	67035312	protein_coding	ENSMUSG00000050270	+	Tmem220	1116
1117	Adprm	chr11	67037905	67052594	protein_coding	ENSMUSG00000020910	-	Adprm	1117
1118	Sco1	chr11	67052670	67067070	protein_coding	ENSMUSG00000069844	+	Sco1	1118
1119	Myh3	chr11	67078300	67102291	protein_coding	ENSMUSG00000020908	+	Myh3	1119
1120	2310065F04Rik	chr11	67112461	67120080	lncRNA	ENSMUSG00000087410	-	2310065F04Rik	1120
1121	Myh2	chr11	67171027	67197517	protein_coding	ENSMUSG00000033196	+	Myh2	1121
1122	9430073C21Rik	chr11	67195680	67199234	lncRNA	ENSMUSG00000085479	-	9430073C21Rik	1122
1123	Myh1	chr11	67200052	67224575	protein_coding	ENSMUSG00000056328	+	Myh1	1123
1124	Myhas	chr11	67211256	67237573	lncRNA	ENSMUSG00000085348	-	Myhas	1124
1125	Myh4	chr11	67238029	67260446	protein_coding	ENSMUSG00000057003	+	Myh4	1125
1126	Myh8	chr11	67277124	67308634	protein_coding	ENSMUSG00000055775	+	Myh8	1126
1127	Myh13	chr11	67321658	67371586	protein_coding	ENSMUSG00000060180	+	Myh13	1127
1128	Gm26476	chr11	67364090	67364402	misc_RNA	ENSMUSG00000084567	+	Gm26476	1128
1129	Gas7	chr11	67455437	67688990	protein_coding	ENSMUSG00000033066	+	Gas7	1129
1130	Gm12301	chr11	67571622	67577466	lncRNA	ENSMUSG00000087058	-	Gm12301	1130
1131	Glp2r	chr11	67661502	67771153	protein_coding	ENSMUSG00000049928	-	Glp2r	1131
1132	Rcvrn	chr11	67695326	67703333	protein_coding	ENSMUSG00000020907	+	Rcvrn	1132
1133	Gsg1l2	chr11	67774608	67789898	protein_coding	ENSMUSG00000097886	+	Gsg1l2	1133
1134	Dhrs7c	chr11	67798187	67816002	protein_coding	ENSMUSG00000033044	+	Dhrs7c	1134
1135	Usp43	chr11	67854523	67922153	protein_coding	ENSMUSG00000020905	-	Usp43	1135
1136	9130017K11Rik	chr11	67921504	67947659	lncRNA	ENSMUSG00000055134	+	9130017K11Rik	1136
1137	Cfap52	chr11	67924806	67965651	protein_coding	ENSMUSG00000020904	-	Cfap52	1137
1138	Stx8	chr11	67966193	68207148	protein_coding	ENSMUSG00000020903	+	Stx8	1138
1139	Gm12303	chr11	68035038	68035710	processed_pseudogene	ENSMUSG00000082266	-	Gm12303	1139
1140	Gm26157	chr11	68053335	68053460	rRNA	ENSMUSG00000089599	+	Gm26157	1140
1141	Gm12304	chr11	68095580	68095964	processed_pseudogene	ENSMUSG00000083924	-	Gm12304	1141
1142	C78197	chr11	68192193	68196153	lncRNA	ENSMUSG00000087242	-	C78197	1142
1143	Ntn1	chr11	68209364	68400823	protein_coding	ENSMUSG00000020902	-	Ntn1	1143
1144	Mir6406	chr11	68220892	68221011	miRNA	ENSMUSG00000099174	+	Mir6406	1144
1145	Gm12305	chr11	68269558	68270879	lncRNA	ENSMUSG00000084993	-	Gm12305	1145
1146	Pik3r5	chr11	68432121	68497849	protein_coding	ENSMUSG00000020901	+	Pik3r5	1146
1147	Pik3r6	chr11	68503019	68552698	protein_coding	ENSMUSG00000046207	+	Pik3r6	1147
1148	Mfsd6l	chr11	68556186	68558245	protein_coding	ENSMUSG00000048329	+	Mfsd6l	1148
1149	Ccdc42os	chr11	68583264	68586957	lncRNA	ENSMUSG00000085937	-	Ccdc42os	1149
1150	Ccdc42	chr11	68587021	68597966	protein_coding	ENSMUSG00000045915	+	Ccdc42	1150
1151	Myh10	chr11	68691559	68816632	protein_coding	ENSMUSG00000020900	+	Myh10	1151
1152	Ndel1	chr11	68821434	68871858	protein_coding	ENSMUSG00000018736	-	Ndel1	1152
1153	Rnf222	chr11	68888553	68895777	protein_coding	ENSMUSG00000046490	+	Rnf222	1153
1154	Rpl26	chr11	68901583	68906989	protein_coding	ENSMUSG00000060938	+	Rpl26	1154
1155	Gm22608	chr11	68908020	68908122	snRNA	ENSMUSG00000088910	+	Gm22608	1155
1156	Odf4	chr11	68921835	68927081	protein_coding	ENSMUSG00000032921	-	Odf4	1156
1157	Arhgef15	chr11	68943155	68957480	protein_coding	ENSMUSG00000052921	-	Arhgef15	1157
1158	Slc25a35	chr11	68968131	68974365	protein_coding	ENSMUSG00000018740	+	Slc25a35	1158
1159	Rangrf	chr11	68972484	68975185	protein_coding	ENSMUSG00000032892	-	Rangrf	1159
1160	Pfas	chr11	68985697	69008460	protein_coding	ENSMUSG00000020899	-	Pfas	1160
1161	Mir3062	chr11	68990574	68990678	miRNA	ENSMUSG00000092727	-	Mir3062	1161
1162	Gm25819	chr11	68996002	68996085	snRNA	ENSMUSG00000084522	+	Gm25819	1162
1163	Ctc1	chr11	69015911	69036473	protein_coding	ENSMUSG00000020898	+	Ctc1	1163
1164	Aurkb	chr11	69045647	69051664	protein_coding	ENSMUSG00000020897	+	Aurkb	1164
1165	9330160F10Rik	chr11	69057718	69060483	lncRNA	ENSMUSG00000072809	-	9330160F10Rik	1165
1166	Borcs6	chr11	69059717	69061578	protein_coding	ENSMUSG00000045176	+	Borcs6	1166
1167	Tmem107	chr11	69070806	69073293	protein_coding	ENSMUSG00000020895	+	Tmem107	1167
1168	Snord118	chr11	69073427	69073561	snoRNA	ENSMUSG00000064899	+	Snord118	1168
1169	Gm12306	chr11	69074490	69074660	processed_pseudogene	ENSMUSG00000084069	+	Gm12306	1169
1170	Gm25371	chr11	69075015	69075115	snRNA	ENSMUSG00000088787	+	Gm25371	1170
1171	Vamp2	chr11	69088490	69092384	protein_coding	ENSMUSG00000020894	+	Vamp2	1171
1172	Per1	chr11	69095217	69109960	protein_coding	ENSMUSG00000020893	+	Per1	1172
1173	9130213A22Rik	chr11	69120054	69122589	lncRNA	ENSMUSG00000097386	-	9130213A22Rik	1173
1174	Hes7	chr11	69120404	69124055	protein_coding	ENSMUSG00000023781	+	Hes7	1174
1175	Aloxe3	chr11	69125896	69149115	protein_coding	ENSMUSG00000020892	+	Aloxe3	1175
1176	Alox12b	chr11	69156989	69169792	protein_coding	ENSMUSG00000032807	+	Alox12b	1176
1177	Alox8	chr11	69183932	69197843	protein_coding	ENSMUSG00000020891	-	Alox8	1177
1178	Gucy2e	chr11	69218117	69237036	protein_coding	ENSMUSG00000020890	-	Gucy2e	1178
1179	Cntrobos	chr11	69294151	69295477	lncRNA	ENSMUSG00000087003	+	Cntrobos	1179
1180	Cntrob	chr11	69299487	69323775	protein_coding	ENSMUSG00000032782	-	Cntrob	1180
1181	Trappc1	chr11	69323980	69325793	protein_coding	ENSMUSG00000049299	+	Trappc1	1181
1182	Kcnab3	chr11	69326258	69333042	protein_coding	ENSMUSG00000018470	+	Kcnab3	1182
1183	Kcnab3os	chr11	69329825	69332122	lncRNA	ENSMUSG00000086900	-	Kcnab3os	1183
1184	Rnf227	chr11	69340461	69342641	protein_coding	ENSMUSG00000043419	+	Rnf227	1184
1185	Chd3	chr11	69343273	69369406	protein_coding	ENSMUSG00000018474	-	Chd3	1185
1186	Cyb5d1	chr11	69391925	69395631	protein_coding	ENSMUSG00000044795	-	Cyb5d1	1186
1187	Naa38	chr11	69395487	69396680	protein_coding	ENSMUSG00000059278	+	Naa38	1187
1188	Tmem88	chr11	69396519	69398234	protein_coding	ENSMUSG00000045377	-	Tmem88	1188
1189	Kdm6b	chr11	69398508	69413675	protein_coding	ENSMUSG00000018476	-	Kdm6b	1189
1190	Kdm6bos	chr11	69401513	69402700	lncRNA	ENSMUSG00000085178	+	Kdm6bos	1190
1191	Dnah2	chr11	69420809	69549110	protein_coding	ENSMUSG00000005237	-	Dnah2	1191
1192	Dnah2os	chr11	69448548	69453676	lncRNA	ENSMUSG00000086591	+	Dnah2os	1192
1193	Gm27493	chr11	69505358	69505435	miRNA	ENSMUSG00000098432	-	Gm27493	1193
1194	Efnb3	chr11	69554092	69560205	protein_coding	ENSMUSG00000003934	-	Efnb3	1194
1195	Wrap53	chr11	69561758	69580255	protein_coding	ENSMUSG00000041346	-	Wrap53	1195
1196	Trp53	chr11	69580359	69591873	protein_coding	ENSMUSG00000059552	+	Trp53	1196
1197	Atp1b2	chr11	69599736	69605942	protein_coding	ENSMUSG00000041329	-	Atp1b2	1197
1198	Shbg	chr11	69614804	69617905	protein_coding	ENSMUSG00000005202	-	Shbg	1198
1199	Sat2	chr11	69622024	69623870	protein_coding	ENSMUSG00000069835	+	Sat2	1199
1200	Gm12308	chr11	69630924	69631312	processed_pseudogene	ENSMUSG00000083485	-	Gm12308	1200
1201	Gm12309	chr11	69631522	69631703	processed_pseudogene	ENSMUSG00000083300	-	Gm12309	1201
1202	Fxr2	chr11	69632990	69653297	protein_coding	ENSMUSG00000018765	+	Fxr2	1202
1203	Mir467f	chr11	69635400	69635519	miRNA	ENSMUSG00000080573	-	Mir467f	1203
1204	Sox15	chr11	69655314	69656727	protein_coding	ENSMUSG00000041287	+	Sox15	1204
1205	Mpdu1	chr11	69656697	69662642	protein_coding	ENSMUSG00000018761	-	Mpdu1	1205
1206	Cd68	chr11	69664213	69666153	protein_coding	ENSMUSG00000018774	-	Cd68	1206
1207	Eif4a1	chr11	69666936	69672423	protein_coding	ENSMUSG00000059796	-	Eif4a1	1207
1208	Gm24029	chr11	69667834	69667976	snoRNA	ENSMUSG00000065862	-	Gm24029	1208
1209	Gm25835	chr11	69668852	69668995	snoRNA	ENSMUSG00000089542	-	Gm25835	1209
1210	Gm22988	chr11	69669635	69669778	snoRNA	ENSMUSG00000084708	-	Gm22988	1210
1211	Senp3	chr11	69673115	69682084	protein_coding	ENSMUSG00000005204	-	Senp3	1211
1212	Tnfsf13os	chr11	69682138	69691141	lncRNA	ENSMUSG00000085890	+	Tnfsf13os	1212
1213	Tnfsfm13	chr11	69682577	69696098	protein_coding	ENSMUSG00000018752	-	Tnfsfm13	1213
1214	Tnfsf13	chr11	69682846	69685784	protein_coding	ENSMUSG00000089669	-	Tnfsf13	1214
1215	Tnfsf12	chr11	69686250	69695849	protein_coding	ENSMUSG00000097328	-	Tnfsf12	1215
1216	Gm12307	chr11	69729995	69730584	processed_pseudogene	ENSMUSG00000081333	-	Gm12307	1216
1217	Polr2a	chr11	69733997	69758637	protein_coding	ENSMUSG00000005198	-	Polr2a	1217
1218	Slc35g3	chr11	69759890	69761968	protein_coding	ENSMUSG00000018776	-	Slc35g3	1218
1219	Zbtb4	chr11	69765912	69784023	protein_coding	ENSMUSG00000018750	+	Zbtb4	1219
1220	Chrnb1	chr11	69784036	69795943	protein_coding	ENSMUSG00000041189	-	Chrnb1	1220
1221	Fgf11	chr11	69796068	69801857	protein_coding	ENSMUSG00000042826	-	Fgf11	1221
1222	Tmem102	chr11	69803603	69805624	protein_coding	ENSMUSG00000089876	-	Tmem102	1222
1223	Gm39566	chr11	69810965	69815298	protein_coding	ENSMUSG00000109737	-	Gm39566	1223
1224	Spem2	chr11	69816566	69818465	protein_coding	ENSMUSG00000044084	-	Spem2	1224
1225	Spem1	chr11	69820876	69822180	protein_coding	ENSMUSG00000041165	-	Spem1	1225
1226	Nlgn2	chr11	69823122	69837784	protein_coding	ENSMUSG00000051790	-	Nlgn2	1226
1227	Tmem256	chr11	69838514	69839618	protein_coding	ENSMUSG00000070394	+	Tmem256	1227
1228	Plscr3	chr11	69846376	69852058	protein_coding	ENSMUSG00000019461	+	Plscr3	1228
1229	Tnk1	chr11	69851005	69858730	protein_coding	ENSMUSG00000001583	-	Tnk1	1229
1230	Tmem95	chr11	69876057	69878053	protein_coding	ENSMUSG00000094845	-	Tmem95	1230
1231	Kctd11	chr11	69878261	69881406	protein_coding	ENSMUSG00000046731	-	Kctd11	1231
1232	Acap1	chr11	69881567	69895539	protein_coding	ENSMUSG00000001588	-	Acap1	1232
1233	Mir6924	chr11	69882032	69882094	miRNA	ENSMUSG00000104996	-	Mir6924	1233
1234	2810408A11Rik	chr11	69897352	69900987	protein_coding	ENSMUSG00000018570	-	2810408A11Rik	1234
1235	Neurl4	chr11	69901072	69913820	protein_coding	ENSMUSG00000047284	+	Neurl4	1235
1236	Gps2	chr11	69913888	69916591	protein_coding	ENSMUSG00000023170	+	Gps2	1236
1237	Eif5a	chr11	69916714	69921958	protein_coding	ENSMUSG00000078812	-	Eif5a	1237
1238	Ybx2	chr11	69935796	69941605	protein_coding	ENSMUSG00000018554	+	Ybx2	1238
1239	Slc2a4	chr11	69942539	69948188	protein_coding	ENSMUSG00000018566	-	Slc2a4	1239
1240	Gm12310	chr11	69950798	69951289	processed_pseudogene	ENSMUSG00000084251	+	Gm12310	1240
1241	Cldn7	chr11	69964779	69967885	protein_coding	ENSMUSG00000018569	+	Cldn7	1241
1242	Elp5	chr11	69968222	69982517	protein_coding	ENSMUSG00000018565	-	Elp5	1242
1243	Gm44349	chr11	69980692	69980814	miRNA	ENSMUSG00000105100	+	Gm44349	1243
1244	Ctdnep1	chr11	69981156	69990601	protein_coding	ENSMUSG00000018559	+	Ctdnep1	1244
1245	Gabarap	chr11	69991143	69994951	protein_coding	ENSMUSG00000018567	+	Gabarap	1245
1246	Phf23	chr11	69995777	70000009	protein_coding	ENSMUSG00000018572	+	Phf23	1246
1247	Dvl2	chr11	70000595	70012301	protein_coding	ENSMUSG00000020888	+	Dvl2	1247
1248	Acadvl	chr11	70010183	70015411	protein_coding	ENSMUSG00000018574	-	Acadvl	1248
1249	Mir324	chr11	70012043	70012131	miRNA	ENSMUSG00000065534	+	Mir324	1249
1250	Dlg4	chr11	70016942	70047522	protein_coding	ENSMUSG00000020886	+	Dlg4	1250
1251	Asgr1	chr11	70054085	70057894	protein_coding	ENSMUSG00000020884	+	Asgr1	1251
1252	Asgr2	chr11	70092644	70106187	protein_coding	ENSMUSG00000040963	+	Asgr2	1252
1253	Gm12311	chr11	70128969	70129342	processed_pseudogene	ENSMUSG00000081515	-	Gm12311	1253
1254	Mgl2	chr11	70130329	70137550	protein_coding	ENSMUSG00000040950	+	Mgl2	1254
1255	Clec10a	chr11	70156197	70170834	protein_coding	ENSMUSG00000000318	+	Clec10a	1255
1256	Slc16a11	chr11	70212752	70216417	protein_coding	ENSMUSG00000040938	+	Slc16a11	1256
1257	Slc16a13	chr11	70216789	70221064	protein_coding	ENSMUSG00000044367	-	Slc16a13	1257
1258	Bcl6b	chr11	70224128	70229798	protein_coding	ENSMUSG00000000317	-	Bcl6b	1258
1259	Mir497b	chr11	70234692	70234816	miRNA	ENSMUSG00000070109	-	Mir497b	1259
1260	Mir497	chr11	70234717	70234800	miRNA	ENSMUSG00000105220	+	Mir497	1260
1261	Gm21988	chr11	70235206	70239830	protein_coding	ENSMUSG00000040904	-	Gm21988	1261
1262	0610010K14Rik	chr11	70235206	70237914	protein_coding	ENSMUSG00000020831	-	0610010K14Rik	1262
1263	Rnasek	chr11	70238124	70239842	protein_coding	ENSMUSG00000093989	-	Rnasek	1263
1264	Alox12	chr11	70241457	70255353	protein_coding	ENSMUSG00000000320	-	Alox12	1264
1265	Alox12e	chr11	70315610	70322628	protein_coding	ENSMUSG00000018907	-	Alox12e	1265
1266	Alox15	chr11	70344152	70352031	protein_coding	ENSMUSG00000018924	-	Alox15	1266
1267	Gm12312	chr11	70358138	70358781	processed_pseudogene	ENSMUSG00000082145	+	Gm12312	1267
1268	Pelp1	chr11	70392883	70410031	protein_coding	ENSMUSG00000018921	-	Pelp1	1268
1269	Gm12313	chr11	70426553	70426973	processed_pseudogene	ENSMUSG00000082370	+	Gm12313	1269
1270	Gm12314	chr11	70429017	70429554	processed_pseudogene	ENSMUSG00000080814	-	Gm12314	1270
1271	Arrb2	chr11	70432635	70440828	protein_coding	ENSMUSG00000060216	+	Arrb2	1271
1272	Mir7115	chr11	70438255	70438318	miRNA	ENSMUSG00000099109	+	Mir7115	1272
1273	Med11	chr11	70451919	70453727	protein_coding	ENSMUSG00000018923	+	Med11	1273
1274	Cxcl16	chr11	70453983	70459984	protein_coding	ENSMUSG00000018920	-	Cxcl16	1274
1275	Zmynd15	chr11	70459433	70466202	protein_coding	ENSMUSG00000040829	+	Zmynd15	1275
1276	Tm4sf5	chr11	70505244	70511178	protein_coding	ENSMUSG00000018919	+	Tm4sf5	1276
1277	Vmo1	chr11	70513516	70514616	protein_coding	ENSMUSG00000020830	-	Vmo1	1277
1278	Gm12317	chr11	70517725	70518043	processed_pseudogene	ENSMUSG00000081690	-	Gm12317	1278
1279	Gltpd2	chr11	70519196	70520736	protein_coding	ENSMUSG00000046811	+	Gltpd2	1279
1280	Psmb6	chr11	70525367	70527858	protein_coding	ENSMUSG00000018286	+	Psmb6	1280
1281	Gm40193	chr11	70532232	70532939	protein_coding	ENSMUSG00000109833	-	Gm40193	1281
1282	Gm10418	chr11	70540023	70540600	pseudogene	ENSMUSG00000072768	-	Gm10418	1282
1283	Pld2	chr11	70540064	70558110	protein_coding	ENSMUSG00000020828	+	Pld2	1283
1284	Mink1	chr11	70562881	70614483	protein_coding	ENSMUSG00000020827	+	Mink1	1284
1285	Gm12316	chr11	70611212	70613211	lncRNA	ENSMUSG00000086976	-	Gm12316	1285
1286	Chrne	chr11	70614883	70619216	protein_coding	ENSMUSG00000014609	-	Chrne	1286
1287	4930544D05Rik	chr11	70615848	70616890	protein_coding	ENSMUSG00000087279	+	4930544D05Rik	1287
1288	Gm12315	chr11	70623027	70625561	lncRNA	ENSMUSG00000085952	-	Gm12315	1288
1289	Gp1ba	chr11	70639122	70642036	protein_coding	ENSMUSG00000050675	+	Gp1ba	1289
1290	Slc25a11	chr11	70644196	70647479	protein_coding	ENSMUSG00000014606	-	Slc25a11	1290
1291	Rnf167	chr11	70647235	70651421	protein_coding	ENSMUSG00000040746	+	Rnf167	1291
1292	Pfn1	chr11	70651850	70654644	protein_coding	ENSMUSG00000018293	-	Pfn1	1292
1293	Gm12319	chr11	70654741	70656493	lncRNA	ENSMUSG00000087523	-	Gm12319	1293
1294	Eno3	chr11	70657202	70662513	protein_coding	ENSMUSG00000060600	+	Eno3	1294
1295	Spag7	chr11	70663771	70669416	protein_coding	ENSMUSG00000018287	-	Spag7	1295
1296	Camta2	chr11	70669463	70688105	protein_coding	ENSMUSG00000040712	-	Camta2	1296
1297	Inca1	chr11	70688361	70700155	protein_coding	ENSMUSG00000057054	-	Inca1	1297
1298	Kif1c	chr11	70700548	70731964	protein_coding	ENSMUSG00000020821	+	Kif1c	1298
1299	Gm12320	chr11	70748705	70755151	lncRNA	ENSMUSG00000085502	-	Gm12320	1299
1300	Gm12318	chr11	70762107	70762379	processed_pseudogene	ENSMUSG00000082983	-	Gm12318	1300
1301	Gm22760	chr11	70762140	70762232	miRNA	ENSMUSG00000076232	-	Gm22760	1301
1302	Zfp3	chr11	70764209	70772928	protein_coding	ENSMUSG00000043602	+	Zfp3	1302
1303	Scimp	chr11	70790932	70812586	protein_coding	ENSMUSG00000057135	-	Scimp	1303
1304	Rabep1	chr11	70844778	70943105	protein_coding	ENSMUSG00000020817	+	Rabep1	1304
1305	Gm19967	chr11	70864660	70872754	lncRNA	ENSMUSG00000093858	+	Gm19967	1305
1306	Rpl23a-ps2	chr11	70879428	70879901	processed_pseudogene	ENSMUSG00000081968	+	Rpl23a-ps2	1306
1307	Gm12322	chr11	70909257	70909645	processed_pseudogene	ENSMUSG00000084139	-	Gm12322	1307
1308	Nup88	chr11	70943058	70969973	protein_coding	ENSMUSG00000040667	-	Nup88	1308
1309	Rpain	chr11	70970213	70977833	protein_coding	ENSMUSG00000018449	+	Rpain	1309
1310	C1qbp	chr11	70977836	70983026	protein_coding	ENSMUSG00000018446	-	C1qbp	1310
1311	Dhx33	chr11	70984091	71004437	protein_coding	ENSMUSG00000040620	-	Dhx33	1311
1312	Gm22297	chr11	70996539	70996644	snRNA	ENSMUSG00000065246	-	Gm22297	1312
1313	Derl2	chr11	71007164	71019841	protein_coding	ENSMUSG00000018442	-	Derl2	1313
1314	Mis12	chr11	71019611	71027371	protein_coding	ENSMUSG00000040599	+	Mis12	1314
1315	6330403K07Rik	chr11	71031941	71033513	protein_coding	ENSMUSG00000018451	-	6330403K07Rik	1315
1316	Gm12321	chr11	71057166	71057969	processed_pseudogene	ENSMUSG00000083171	-	Gm12321	1316
1317	Gm15377	chr11	71069423	71070134	processed_pseudogene	ENSMUSG00000082098	+	Gm15377	1317
1318	Nlrp1a	chr11	71092236	71144704	protein_coding	ENSMUSG00000069830	-	Nlrp1a	1318
1319	Nlrp1b	chr11	71153102	71230733	protein_coding	ENSMUSG00000070390	-	Nlrp1b	1319
1320	Nlrp1c-ps	chr11	71242430	71285232	transcribed_unprocessed_pseudogene	ENSMUSG00000092528	-	Nlrp1c-ps	1320
1321	Gm23311	chr11	71288425	71288558	snoRNA	ENSMUSG00000096455	-	Gm23311	1321
1322	Gm16013	chr11	71429828	71436180	lncRNA	ENSMUSG00000085230	-	Gm16013	1322
1323	9230020A06Rik	chr11	71512377	71573183	lncRNA	ENSMUSG00000072753	+	9230020A06Rik	1323
1324	Gm33351	chr11	71553408	71574595	lncRNA	ENSMUSG00000111450	-	Gm33351	1324
1325	Gm12324	chr11	71647076	71658477	lncRNA	ENSMUSG00000087116	-	Gm12324	1325
1326	Gm48818	chr11	71696271	71697516	processed_pseudogene	ENSMUSG00000111373	-	Gm48818	1326
1327	Gm12325	chr11	71702310	71704344	lncRNA	ENSMUSG00000085659	-	Gm12325	1327
1328	Gm12326	chr11	71739397	71740466	lncRNA	ENSMUSG00000085251	-	Gm12326	1328
1329	Wscd1	chr11	71749920	71789647	protein_coding	ENSMUSG00000020811	+	Wscd1	1329
1330	Gm22927	chr11	71848076	71848206	snoRNA	ENSMUSG00000077456	-	Gm22927	1330
1331	4930401O10Rik	chr11	71928471	71940122	lncRNA	ENSMUSG00000085528	-	4930401O10Rik	1331
1332	Gm23226	chr11	72022755	72022857	snRNA	ENSMUSG00000080577	+	Gm23226	1332
1333	Aipl1	chr11	72027963	72037509	protein_coding	ENSMUSG00000040554	-	Aipl1	1333
1334	Pimreg	chr11	72042032	72047370	protein_coding	ENSMUSG00000020808	+	Pimreg	1334
1335	Pitpnm3	chr11	72047528	72135778	protein_coding	ENSMUSG00000040543	-	Pitpnm3	1335
1336	4933427D14Rik	chr11	72153929	72207459	protein_coding	ENSMUSG00000020807	-	4933427D14Rik	1336
1337	Gm43951	chr11	72154097	72207026	protein_coding	ENSMUSG00000107877	-	Gm43951	1337
1338	Txndc17	chr11	72207547	72210015	protein_coding	ENSMUSG00000020803	+	Txndc17	1338
1339	Med31	chr11	72211724	72215592	protein_coding	ENSMUSG00000020801	-	Med31	1339
1340	4930563E22Rik	chr11	72215138	72218444	protein_coding	ENSMUSG00000053574	+	4930563E22Rik	1340
1341	Slc13a5	chr11	72241989	72267222	protein_coding	ENSMUSG00000020805	-	Slc13a5	1341
1342	1700051A21Rik	chr11	72266421	72268575	lncRNA	ENSMUSG00000086951	+	1700051A21Rik	1342
1343	n-R5s70	chr11	72281016	72281131	rRNA	ENSMUSG00000084599	+	n-R5s70	1343
1344	Xaf1	chr11	72301629	72313733	protein_coding	ENSMUSG00000040483	+	Xaf1	1344
1345	Fbxo39	chr11	72314444	72319416	protein_coding	ENSMUSG00000070388	+	Fbxo39	1345
1346	Gm23224	chr11	72340370	72340640	misc_RNA	ENSMUSG00000088747	+	Gm23224	1346
1347	Tekt1	chr11	72344722	72362442	protein_coding	ENSMUSG00000020799	-	Tekt1	1347
1348	Mir6338	chr11	72388756	72388864	miRNA	ENSMUSG00000098658	+	Mir6338	1348
1349	Smtnl2	chr11	72389164	72411713	protein_coding	ENSMUSG00000045667	-	Smtnl2	1349
1350	Ggt6	chr11	72435526	72438400	protein_coding	ENSMUSG00000040471	+	Ggt6	1350
1351	Mybbp1a	chr11	72441355	72451768	protein_coding	ENSMUSG00000040463	+	Mybbp1a	1351
1352	Spns2	chr11	72451638	72489904	protein_coding	ENSMUSG00000040447	-	Spns2	1352
1353	Spns3	chr11	72494919	72550506	protein_coding	ENSMUSG00000020798	-	Spns3	1353
1354	Gm12712	chr11	72572530	72573330	processed_pseudogene	ENSMUSG00000081675	-	Gm12712	1354
1355	Ube2g1	chr11	72607283	72686481	protein_coding	ENSMUSG00000020794	+	Ube2g1	1355
1356	Gm24143	chr11	72616006	72616150	snoRNA	ENSMUSG00000064567	-	Gm24143	1356
1357	Gm25678	chr11	72648925	72648997	miRNA	ENSMUSG00000092725	+	Gm25678	1357
1358	Ankfy1	chr11	72690006	72772146	protein_coding	ENSMUSG00000020790	+	Ankfy1	1358
1359	Cyb5d2	chr11	72777232	72796142	protein_coding	ENSMUSG00000057778	-	Cyb5d2	1359
1360	Zzef1	chr11	72796226	72927120	protein_coding	ENSMUSG00000055670	+	Zzef1	1360
1361	Gm22075	chr11	72800287	72800478	misc_RNA	ENSMUSG00000089224	-	Gm22075	1361
1362	Gm6733	chr11	72833461	72835380	processed_pseudogene	ENSMUSG00000084329	+	Gm6733	1362
1363	Gm26121	chr11	72881792	72881953	snRNA	ENSMUSG00000065298	+	Gm26121	1363
1364	Gm44467	chr11	72953107	72953196	miRNA	ENSMUSG00000105756	+	Gm44467	1364
1365	Atp2a3	chr11	72961169	72993044	protein_coding	ENSMUSG00000020788	+	Atp2a3	1365
1366	P2rx1	chr11	72999103	73015200	protein_coding	ENSMUSG00000020787	+	P2rx1	1366
1367	4732414G09Rik	chr11	73015856	73018841	lncRNA	ENSMUSG00000086943	-	4732414G09Rik	1367
1368	Camkk1	chr11	73019008	73042073	protein_coding	ENSMUSG00000020785	+	Camkk1	1368
1369	Ncbp3	chr11	73047783	73089317	protein_coding	ENSMUSG00000020783	+	Ncbp3	1369
1370	Itgae	chr11	73090583	73147446	protein_coding	ENSMUSG00000005947	+	Itgae	1370
1371	Haspin	chr11	73135485	73138294	protein_coding	ENSMUSG00000050107	-	Haspin	1371
1372	P2rx5	chr11	73160421	73172685	protein_coding	ENSMUSG00000005950	+	P2rx5	1372
1373	Emc6	chr11	73175519	73177037	protein_coding	ENSMUSG00000047260	-	Emc6	1373
1374	Tax1bp3	chr11	73177083	73183162	protein_coding	ENSMUSG00000040158	+	Tax1bp3	1374
1375	Ctns	chr11	73183596	73199042	protein_coding	ENSMUSG00000005949	-	Ctns	1375
1376	Shpk	chr11	73199460	73224511	protein_coding	ENSMUSG00000005951	+	Shpk	1376
1377	Gm16021	chr11	73226048	73226266	processed_pseudogene	ENSMUSG00000082405	-	Gm16021	1377
1378	Trpv1	chr11	73234292	73261242	protein_coding	ENSMUSG00000005952	+	Trpv1	1378
1379	Trpv3	chr11	73267388	73300363	protein_coding	ENSMUSG00000043029	+	Trpv3	1379
1380	Aspa	chr11	73304992	73329596	protein_coding	ENSMUSG00000020774	-	Aspa	1380
1381	Spata22	chr11	73329741	73346044	protein_coding	ENSMUSG00000112920	+	Spata22	1381
1382	Gm49340	chr11	73329741	73355913	protein_coding	ENSMUSG00000069825	+	Gm49340	1382
1383	Olfr20	chr11	73350783	73355951	protein_coding	ENSMUSG00000062128	+	Olfr20	1383
1384	Olfr376	chr11	73371246	73377836	protein_coding	ENSMUSG00000063881	+	Olfr376	1384
1385	Olfr377-ps1	chr11	73388081	73392214	polymorphic_pseudogene	ENSMUSG00000069824	-	Olfr377-ps1	1385
1386	Gm17811	chr11	73389934	73390320	processed_pseudogene	ENSMUSG00000108577	+	Gm17811	1386
1387	Olfr1	chr11	73393010	73399614	protein_coding	ENSMUSG00000069823	-	Olfr1	1387
1388	Olfr75-ps1	chr11	73404076	73409887	transcribed_unprocessed_pseudogene	ENSMUSG00000086278	-	Olfr75-ps1	1388
1389	Olfr378	chr11	73424609	73428477	protein_coding	ENSMUSG00000055971	-	Olfr378	1389
1390	Olfr379-ps1	chr11	73433291	73434224	polymorphic_pseudogene	ENSMUSG00000084387	-	Olfr379-ps1	1390
1391	Olfr380	chr11	73452886	73457508	protein_coding	ENSMUSG00000072709	-	Olfr380	1391
1392	Gm44923	chr11	73483774	73483858	unprocessed_pseudogene	ENSMUSG00000108742	-	Gm44923	1392
1393	Olfr381	chr11	73484274	73491603	protein_coding	ENSMUSG00000072708	-	Olfr381	1393
1394	Olfr382	chr11	73516259	73517197	protein_coding	ENSMUSG00000095312	-	Olfr382	1394
1395	Olfr385	chr11	73588302	73593008	protein_coding	ENSMUSG00000095095	-	Olfr385	1395
1396	Olfr384	chr11	73598594	73605092	protein_coding	ENSMUSG00000060335	+	Olfr384	1396
1397	Gm12327	chr11	73641786	73645155	unprocessed_pseudogene	ENSMUSG00000082338	+	Gm12327	1397
1398	Olfr387-ps1	chr11	73660049	73665867	polymorphic_pseudogene	ENSMUSG00000061246	+	Olfr387-ps1	1398
1399	Zfp735	chr11	73688778	73713798	protein_coding	ENSMUSG00000060630	+	Zfp735	1399
1400	Gm44665	chr11	73718203	73718761	unprocessed_pseudogene	ENSMUSG00000108598	+	Gm44665	1400
1401	Olfr388-ps1	chr11	73723322	73727511	polymorphic_pseudogene	ENSMUSG00000080781	-	Olfr388-ps1	1401
1402	Gm12328	chr11	73771924	73772120	processed_pseudogene	ENSMUSG00000081552	-	Gm12328	1402
1403	Olfr389	chr11	73774849	73780713	protein_coding	ENSMUSG00000070383	-	Olfr389	1403
1404	Olfr390	chr11	73782964	73790446	protein_coding	ENSMUSG00000069818	+	Olfr390	1404
1405	Olfr391-ps	chr11	73797861	73803052	protein_coding	ENSMUSG00000070382	-	Olfr391-ps	1405
1406	Olfr392	chr11	73811740	73817049	protein_coding	ENSMUSG00000061984	-	Olfr392	1406
1407	Gm12329	chr11	73837722	73839541	processed_pseudogene	ENSMUSG00000081698	-	Gm12329	1407
1408	Olfr393	chr11	73844413	73851454	protein_coding	ENSMUSG00000094488	-	Olfr393	1408
1409	Gm44638	chr11	73869586	73869660	unprocessed_pseudogene	ENSMUSG00000108735	-	Gm44638	1409
1410	Olfr394	chr11	73883337	73890771	protein_coding	ENSMUSG00000056921	-	Olfr394	1410
1411	Olfr395	chr11	73903318	73909299	protein_coding	ENSMUSG00000062186	-	Olfr395	1411
1412	Olfr396-ps1	chr11	73925002	73929568	polymorphic_pseudogene	ENSMUSG00000108605	+	Olfr396-ps1	1412
1413	Olfr23	chr11	73936677	73942658	protein_coding	ENSMUSG00000069816	+	Olfr23	1413
1414	Olfr22-ps1	chr11	73951323	73955628	polymorphic_pseudogene	ENSMUSG00000079875	+	Olfr22-ps1	1414
1415	Olfr397	chr11	73960817	73967812	protein_coding	ENSMUSG00000057050	+	Olfr397	1415
1416	Olfr398	chr11	73979967	73990407	protein_coding	ENSMUSG00000049041	-	Olfr398	1416
1417	Olfr139	chr11	74044033	74056551	protein_coding	ENSMUSG00000047444	-	Olfr139	1417
1418	Olfr399	chr11	74053127	74056615	protein_coding	ENSMUSG00000043692	-	Olfr399	1418
1419	Zfp616	chr11	74069955	74087292	protein_coding	ENSMUSG00000069476	+	Zfp616	1419
1420	Gm12331	chr11	74077519	74078140	processed_pseudogene	ENSMUSG00000081932	-	Gm12331	1420
1421	Olfr400-ps1	chr11	74104841	74110791	unprocessed_pseudogene	ENSMUSG00000081162	+	Olfr400-ps1	1421
1422	Olfr401	chr11	74113712	74122941	protein_coding	ENSMUSG00000070380	+	Olfr401	1422
1423	Olfr402	chr11	74153529	74158161	protein_coding	ENSMUSG00000070379	+	Olfr402	1423
1424	Olfr403	chr11	74186249	74198612	protein_coding	ENSMUSG00000070378	+	Olfr403	1424
1425	Olfr43	chr11	74205664	74211379	protein_coding	ENSMUSG00000070377	-	Olfr43	1425
1426	Olfr404-ps1	chr11	74239566	74240537	polymorphic_pseudogene	ENSMUSG00000083188	+	Olfr404-ps1	1426
1427	Olfr405-ps1	chr11	74255221	74266236	transcribed_unprocessed_pseudogene	ENSMUSG00000081864	-	Olfr405-ps1	1427
1428	Olfr406	chr11	74259808	74271625	protein_coding	ENSMUSG00000070375	+	Olfr406	1428
1429	Olfr407-ps1	chr11	74280715	74281732	unprocessed_pseudogene	ENSMUSG00000081498	-	Olfr407-ps1	1429
1430	Olfr59	chr11	74283736	74291608	protein_coding	ENSMUSG00000070374	+	Olfr59	1430
1431	Olfr409-ps1	chr11	74317027	74317997	polymorphic_pseudogene	ENSMUSG00000083886	+	Olfr409-ps1	1431
1432	n-R5s71	chr11	74319792	74319910	rRNA	ENSMUSG00000070178	+	n-R5s71	1432
1433	Olfr410	chr11	74330281	74338031	protein_coding	ENSMUSG00000063116	-	Olfr410	1433
1434	Olfr411	chr11	74345129	74352650	protein_coding	ENSMUSG00000054406	-	Olfr411	1434
1435	Olfr412	chr11	74362069	74366218	protein_coding	ENSMUSG00000058275	+	Olfr412	1435
1436	Rap1gap2	chr11	74383356	74610915	protein_coding	ENSMUSG00000038807	-	Rap1gap2	1436
1437	Gm22993	chr11	74618260	74618513	misc_RNA	ENSMUSG00000093164	-	Gm22993	1437
1438	Ccdc92b	chr11	74619605	74641516	protein_coding	ENSMUSG00000069814	+	Ccdc92b	1438
1439	Cluh	chr11	74649495	74670847	protein_coding	ENSMUSG00000020741	+	Cluh	1439
1440	Pafah1b1	chr11	74673949	74724670	protein_coding	ENSMUSG00000020745	-	Pafah1b1	1440
1441	Gm24211	chr11	74728403	74728509	snRNA	ENSMUSG00000088889	+	Gm24211	1441
1442	Gm16032	chr11	74732203	74732370	processed_pseudogene	ENSMUSG00000081252	-	Gm16032	1442
1443	Mettl16	chr11	74770830	74828525	protein_coding	ENSMUSG00000010554	+	Mettl16	1443
1444	Mnt	chr11	74830920	74845725	protein_coding	ENSMUSG00000000282	+	Mnt	1444
1445	Sgsm2	chr11	74849261	74897060	protein_coding	ENSMUSG00000038351	-	Sgsm2	1445
1446	Tsr1	chr11	74898071	74909342	protein_coding	ENSMUSG00000038335	+	Tsr1	1446
1447	Snord91a	chr11	74905424	74905516	snoRNA	ENSMUSG00000077493	+	Snord91a	1447
1448	Gm22771	chr11	74906109	74906199	snoRNA	ENSMUSG00000077637	+	Gm22771	1448
1449	Srr	chr11	74906359	74925948	protein_coding	ENSMUSG00000001323	-	Srr	1449
1450	Smg6	chr11	74925823	75164448	protein_coding	ENSMUSG00000038290	+	Smg6	1450
1451	Gm22733	chr11	74936061	74936151	snRNA	ENSMUSG00000088719	-	Gm22733	1451
1452	Gm28180	chr11	74992773	74993494	lncRNA	ENSMUSG00000101295	-	Gm28180	1452
1453	Gm12333	chr11	75036476	75039348	lncRNA	ENSMUSG00000085765	-	Gm12333	1453
1454	Gm12335	chr11	75066436	75066762	processed_pseudogene	ENSMUSG00000085738	-	Gm12335	1454
1455	Rps12-ps19	chr11	75070814	75071213	processed_pseudogene	ENSMUSG00000082481	-	Rps12-ps19	1455
1456	Hic1	chr11	75164565	75169519	protein_coding	ENSMUSG00000043099	-	Hic1	1456
1457	1700016P03Rik	chr11	75172560	75177633	lncRNA	ENSMUSG00000085609	+	1700016P03Rik	1457
1458	Mir132	chr11	75173682	75173747	miRNA	ENSMUSG00000065537	+	Mir132	1458
1459	Ovca2	chr11	75175942	75178835	protein_coding	ENSMUSG00000038268	-	Ovca2	1459
1460	Dph1	chr11	75177643	75191241	protein_coding	ENSMUSG00000078789	-	Dph1	1460
1461	Rtn4rl1	chr11	75193783	75267769	protein_coding	ENSMUSG00000045287	+	Rtn4rl1	1461
1462	Rpa1	chr11	75298166	75348324	protein_coding	ENSMUSG00000000751	-	Rpa1	1462
1463	Gm47300	chr11	75318488	75318608	miRNA	ENSMUSG00000106179	-	Gm47300	1463
1464	Smyd4	chr11	75348433	75405705	protein_coding	ENSMUSG00000018809	+	Smyd4	1464
1465	Serpinf1	chr11	75409769	75422701	protein_coding	ENSMUSG00000000753	-	Serpinf1	1465
1466	Gm12336	chr11	75422731	75423340	lncRNA	ENSMUSG00000085359	-	Gm12336	1466
1467	Gm12337	chr11	75427753	75428152	processed_pseudogene	ENSMUSG00000084224	+	Gm12337	1467
1468	Serpinf2	chr11	75431732	75439591	protein_coding	ENSMUSG00000038224	-	Serpinf2	1468
1469	Wdr81	chr11	75440944	75454717	protein_coding	ENSMUSG00000045374	-	Wdr81	1469
1470	Mir22hg	chr11	75461539	75466676	lncRNA	ENSMUSG00000085148	+	Mir22hg	1470
1471	Tlcd2	chr11	75461715	75470899	protein_coding	ENSMUSG00000038217	+	Tlcd2	1471
1472	Mir22	chr11	75463716	75463810	miRNA	ENSMUSG00000065529	+	Mir22	1472
1473	Prpf8	chr11	75486816	75509449	protein_coding	ENSMUSG00000020850	+	Prpf8	1473
1474	Rilp	chr11	75510094	75513168	protein_coding	ENSMUSG00000038195	+	Rilp	1474
1475	Scarf1	chr11	75513540	75526582	protein_coding	ENSMUSG00000038188	+	Scarf1	1475
1476	Gm45606	chr11	75530277	75533071	lncRNA	ENSMUSG00000109715	-	Gm45606	1476
1477	Slc43a2	chr11	75531694	75577575	protein_coding	ENSMUSG00000038178	+	Slc43a2	1477
1478	Mir3971	chr11	75551429	75551511	miRNA	ENSMUSG00000093100	+	Mir3971	1478
1479	Pitpna	chr11	75588097	75628804	protein_coding	ENSMUSG00000017781	+	Pitpna	1479
1480	4931413K12Rik	chr11	75589665	75594771	lncRNA	ENSMUSG00000085088	-	4931413K12Rik	1480
1481	Gm12338	chr11	75599763	75599954	processed_pseudogene	ENSMUSG00000081485	-	Gm12338	1481
1482	Inpp5k	chr11	75630988	75648871	protein_coding	ENSMUSG00000006127	+	Inpp5k	1482
1483	Myo1c	chr11	75650504	75673910	protein_coding	ENSMUSG00000017774	+	Myo1c	1483
1484	Crk	chr11	75679259	75706908	protein_coding	ENSMUSG00000017776	+	Crk	1484
1485	Ywhae	chr11	75732869	75765845	protein_coding	ENSMUSG00000020849	+	Ywhae	1485
1486	Doc2b	chr11	75768966	75796049	protein_coding	ENSMUSG00000020848	-	Doc2b	1486
1487	Gm12339	chr11	75794768	75825241	lncRNA	ENSMUSG00000087059	+	Gm12339	1487
1488	Rph3al	chr11	75830999	75938429	protein_coding	ENSMUSG00000020847	-	Rph3al	1488
1489	Gm16075	chr11	75860969	75861494	lncRNA	ENSMUSG00000087322	+	Gm16075	1489
1490	1700016K19Rik	chr11	75999912	76003569	protein_coding	ENSMUSG00000053783	+	1700016K19Rik	1490
1491	Rflnb	chr11	76019194	76027782	protein_coding	ENSMUSG00000020846	-	Rflnb	1491
1492	Vps53	chr11	76046226	76179647	protein_coding	ENSMUSG00000017288	-	Vps53	1492
1493	Glod4	chr11	76120987	76243725	protein_coding	ENSMUSG00000017286	-	Glod4	1493
1494	Gm12340	chr11	76144258	76144719	unprocessed_pseudogene	ENSMUSG00000080701	+	Gm12340	1494
1495	Fam57a	chr11	76179671	76214827	protein_coding	ENSMUSG00000069808	+	Fam57a	1495
1496	Gemin4	chr11	76210571	76217664	protein_coding	ENSMUSG00000049396	-	Gemin4	1496
1497	Dbil5	chr11	76217608	76218666	protein_coding	ENSMUSG00000038057	+	Dbil5	1497
1498	Mrm3	chr11	76243715	76250619	protein_coding	ENSMUSG00000038046	+	Mrm3	1498
1499	Nxn	chr11	76257198	76399140	protein_coding	ENSMUSG00000020844	-	Nxn	1499
1500	Timm22	chr11	76406952	76416292	protein_coding	ENSMUSG00000020843	+	Timm22	1500
1501	Abr	chr11	76416734	76623558	protein_coding	ENSMUSG00000017631	-	Abr	1501
1502	Gm12341	chr11	76514069	76514571	processed_pseudogene	ENSMUSG00000080763	+	Gm12341	1502
1503	Rpl36-ps2	chr11	76601319	76601629	processed_pseudogene	ENSMUSG00000024205	+	Rpl36-ps2	1503
1504	Bhlha9	chr11	76672470	76673676	protein_coding	ENSMUSG00000044243	+	Bhlha9	1504
1505	Trarg1	chr11	76679808	76698664	protein_coding	ENSMUSG00000046275	+	Trarg1	1505
1506	Gosr1	chr11	76726602	76763579	protein_coding	ENSMUSG00000010392	-	Gosr1	1506
1507	Cpd	chr11	76778424	76847018	protein_coding	ENSMUSG00000020841	-	Cpd	1507
1508	Tmigd1	chr11	76902159	76916587	protein_coding	ENSMUSG00000020839	+	Tmigd1	1508
1509	Blmh	chr11	76924809	76987379	protein_coding	ENSMUSG00000020840	+	Blmh	1509
1510	Gm22611	chr11	76974086	76974235	snRNA	ENSMUSG00000088913	+	Gm22611	1510
1511	Slc6a4	chr11	76998603	77032340	protein_coding	ENSMUSG00000020838	+	Slc6a4	1511
1512	Gm12343	chr11	77008914	77009873	lncRNA	ENSMUSG00000087398	-	Gm12343	1512
1513	Nsrp1	chr11	77044292	77078435	protein_coding	ENSMUSG00000037958	-	Nsrp1	1513
1514	Mir423	chr11	77078064	77078172	miRNA	ENSMUSG00000065518	-	Mir423	1514
1515	Efcab5	chr11	77089915	77188968	protein_coding	ENSMUSG00000050944	-	Efcab5	1515
1516	Gm12344	chr11	77107852	77108180	processed_pseudogene	ENSMUSG00000082550	-	Gm12344	1516
1517	Gm45027	chr11	77200125	77200819	lncRNA	ENSMUSG00000109010	-	Gm45027	1517
1518	Ssh2	chr11	77216287	77460220	protein_coding	ENSMUSG00000037926	+	Ssh2	1518
1519	Gm24989	chr11	77244928	77245015	snoRNA	ENSMUSG00000077649	-	Gm24989	1519
1520	Gm12346	chr11	77293444	77295898	transcribed_processed_pseudogene	ENSMUSG00000083899	+	Gm12346	1520
1521	Coro6	chr11	77462411	77470484	protein_coding	ENSMUSG00000020836	+	Coro6	1521
1522	Ankrd13b	chr11	77470485	77489678	protein_coding	ENSMUSG00000037907	-	Ankrd13b	1522
1523	Git1	chr11	77493562	77507786	protein_coding	ENSMUSG00000011877	+	Git1	1523
1524	Trp53i13	chr11	77508099	77515980	protein_coding	ENSMUSG00000044328	-	Trp53i13	1524
1525	Abhd15	chr11	77515121	77538607	protein_coding	ENSMUSG00000000686	+	Abhd15	1525
1526	Gm10392	chr11	77516660	77519198	lncRNA	ENSMUSG00000072673	-	Gm10392	1526
1527	Taok1	chr11	77529162	77607815	protein_coding	ENSMUSG00000017291	-	Taok1	1527
1528	Gm12734	chr11	77542133	77543080	processed_pseudogene	ENSMUSG00000081451	+	Gm12734	1528
1529	Gm12732	chr11	77639854	77640033	processed_pseudogene	ENSMUSG00000082646	+	Gm12732	1529
1530	Gm12733	chr11	77644144	77644910	processed_pseudogene	ENSMUSG00000081543	-	Gm12733	1530
1531	Gm23132	chr11	77658576	77658707	snoRNA	ENSMUSG00000077442	-	Gm23132	1531
1532	Nufip2	chr11	77686155	77741921	protein_coding	ENSMUSG00000037857	+	Nufip2	1532
1533	Cryba1	chr11	77718615	77725283	protein_coding	ENSMUSG00000000724	-	Cryba1	1533
1534	Gm11191	chr11	77747041	77748041	processed_pseudogene	ENSMUSG00000081924	+	Gm11191	1534
1535	Myo18a	chr11	77763246	77865980	protein_coding	ENSMUSG00000000631	+	Myo18a	1535
1536	Gm10277	chr11	77785453	77787747	protein_coding	ENSMUSG00000069804	-	Gm10277	1536
1537	Pipox	chr11	77880615	77894096	protein_coding	ENSMUSG00000017453	-	Pipox	1537
1538	Gm11190	chr11	77912127	77929288	lncRNA	ENSMUSG00000055045	-	Gm11190	1538
1539	Sez6	chr11	77930800	77979048	protein_coding	ENSMUSG00000000632	+	Sez6	1539
1540	Phf12	chr11	77982754	78030539	protein_coding	ENSMUSG00000037791	+	Phf12	1540
1541	Dhrs13os	chr11	78030012	78032665	lncRNA	ENSMUSG00000087050	-	Dhrs13os	1541
1542	Dhrs13	chr11	78032280	78037866	protein_coding	ENSMUSG00000020834	+	Dhrs13	1542
1543	Flot2	chr11	78037931	78060434	protein_coding	ENSMUSG00000061981	+	Flot2	1543
1544	Mir144	chr11	78073005	78073070	miRNA	ENSMUSG00000065401	+	Mir144	1544
1545	Mir451a	chr11	78073170	78073241	miRNA	ENSMUSG00000070065	+	Mir451a	1545
1546	Mir451b	chr11	78073170	78073241	miRNA	ENSMUSG00000104813	-	Mir451b	1546
1547	Eral1	chr11	78073376	78080383	protein_coding	ENSMUSG00000020832	-	Eral1	1547
1548	Fam222b	chr11	78094660	78156700	protein_coding	ENSMUSG00000037750	+	Fam222b	1548
1549	Gm12571	chr11	78149196	78149438	processed_pseudogene	ENSMUSG00000060727	-	Gm12571	1549
1550	Traf4	chr11	78158499	78165589	protein_coding	ENSMUSG00000017386	-	Traf4	1550
1551	Nek8	chr11	78166106	78176675	protein_coding	ENSMUSG00000017405	-	Nek8	1551
1552	Tlcd1	chr11	78176711	78181909	protein_coding	ENSMUSG00000019437	+	Tlcd1	1552
1553	Mir7653	chr11	78178827	78178887	miRNA	ENSMUSG00000099101	+	Mir7653	1553
1554	Rpl23a	chr11	78180932	78183584	protein_coding	ENSMUSG00000058546	-	Rpl23a	1554
1555	Snord42a	chr11	78181299	78181363	snoRNA	ENSMUSG00000064540	-	Snord42a	1555
1556	Snord4a	chr11	78181686	78181756	snoRNA	ENSMUSG00000077625	-	Snord4a	1556
1557	Snord42b	chr11	78183056	78183124	snoRNA	ENSMUSG00000065676	-	Snord42b	1557
1558	Rab34	chr11	78188430	78192193	protein_coding	ENSMUSG00000002059	+	Rab34	1558
1559	Proca1	chr11	78193392	78205763	protein_coding	ENSMUSG00000044122	+	Proca1	1559
1560	Supt6	chr11	78206746	78245987	protein_coding	ENSMUSG00000002052	-	Supt6	1560
1561	Sdf2	chr11	78245746	78255496	protein_coding	ENSMUSG00000002064	+	Sdf2	1561
1562	2610507B11Rik	chr11	78261752	78290623	protein_coding	ENSMUSG00000010277	+	2610507B11Rik	1562
1563	Gm11192	chr11	78278738	78279066	lncRNA	ENSMUSG00000086586	-	Gm11192	1563
1564	Rskr	chr11	78290841	78296805	protein_coding	ENSMUSG00000037593	+	Rskr	1564
1565	Gm3948	chr11	78292848	78293956	lncRNA	ENSMUSG00000087295	-	Gm3948	1565
1566	Spag5	chr11	78301529	78322457	protein_coding	ENSMUSG00000002055	+	Spag5	1566
1567	Aldoc	chr11	78322968	78327781	protein_coding	ENSMUSG00000017390	+	Aldoc	1567
1568	Pigs	chr11	78328415	78342782	protein_coding	ENSMUSG00000041958	+	Pigs	1568
1569	Unc119	chr11	78343482	78349164	protein_coding	ENSMUSG00000002058	+	Unc119	1569
1570	Foxn1	chr11	78357577	78386558	protein_coding	ENSMUSG00000002057	-	Foxn1	1570
1571	Slc13a2os	chr11	78394485	78405657	lncRNA	ENSMUSG00000085747	+	Slc13a2os	1571
1572	Slc13a2	chr11	78397087	78422217	protein_coding	ENSMUSG00000001095	-	Slc13a2	1572
1573	Gm11195	chr11	78444107	78444901	lncRNA	ENSMUSG00000086380	+	Gm11195	1573
1574	Slc46a1	chr11	78465697	78472059	protein_coding	ENSMUSG00000020829	+	Slc46a1	1574
1575	Sarm1	chr11	78472330	78497754	protein_coding	ENSMUSG00000050132	-	Sarm1	1575
1576	Vtn	chr11	78499091	78502324	protein_coding	ENSMUSG00000017344	+	Vtn	1576
1577	Sebox	chr11	78503447	78505081	protein_coding	ENSMUSG00000001103	+	Sebox	1577
1578	Tmem199	chr11	78507055	78512172	protein_coding	ENSMUSG00000051232	-	Tmem199	1578
1579	Poldip2	chr11	78512193	78522736	protein_coding	ENSMUSG00000001100	+	Poldip2	1579
1580	Tnfaip1	chr11	78522850	78536332	protein_coding	ENSMUSG00000017615	-	Tnfaip1	1580
1581	Ift20	chr11	78536361	78541737	protein_coding	ENSMUSG00000001105	+	Ift20	1581
1582	Tmem97	chr11	78541817	78550777	protein_coding	ENSMUSG00000037278	-	Tmem97	1582
1583	D11Bhm181e	chr11	78561319	78561600	processed_pseudogene	ENSMUSG00000083176	-	D11Bhm181e	1583
1584	Gm22947	chr11	78561645	78561735	snoRNA	ENSMUSG00000089184	-	Gm22947	1584
1585	Nlk	chr11	78567168	78697373	protein_coding	ENSMUSG00000017376	-	Nlk	1585
1586	Gm17235	chr11	78576237	78577355	processed_pseudogene	ENSMUSG00000080180	+	Gm17235	1586
1587	Gm11196	chr11	78585161	78585555	processed_pseudogene	ENSMUSG00000082110	-	Gm11196	1587
1588	Gm11197	chr11	78708738	78709761	processed_pseudogene	ENSMUSG00000085115	-	Gm11197	1588
1589	Ccnq	chr11	78750506	78751729	protein_coding	ENSMUSG00000049489	-	Ccnq	1589
1590	Gm23840	chr11	78754426	78754522	miRNA	ENSMUSG00000080600	-	Gm23840	1590
1591	Gm23219	chr11	78824387	78824473	snRNA	ENSMUSG00000088748	+	Gm23219	1591
1592	Lyrm9	chr11	78826584	78846870	protein_coding	ENSMUSG00000072640	+	Lyrm9	1592
1593	Nos2	chr11	78920787	78960254	protein_coding	ENSMUSG00000020826	+	Nos2	1593
1594	Lgals9	chr11	78962974	78984946	protein_coding	ENSMUSG00000001123	-	Lgals9	1594
1595	Ksr1	chr11	79013440	79146407	protein_coding	ENSMUSG00000018334	-	Ksr1	1595
1596	Gm11201	chr11	79023597	79031057	lncRNA	ENSMUSG00000085941	+	Gm11201	1596
1597	Gm11200	chr11	79212796	79213243	processed_pseudogene	ENSMUSG00000081000	+	Gm11200	1597
1598	Wsb1	chr11	79239372	79254671	protein_coding	ENSMUSG00000017677	-	Wsb1	1598
1599	Gm44787	chr11	79258586	79273893	lncRNA	ENSMUSG00000108822	-	Gm44787	1599
1600	Gm9964	chr11	79296179	79296906	TEC	ENSMUSG00000055072	-	Gm9964	1600
1601	Nf1	chr11	79339693	79581612	protein_coding	ENSMUSG00000020716	+	Nf1	1601
1602	Gm11198	chr11	79371257	79372230	processed_pseudogene	ENSMUSG00000082304	-	Gm11198	1602
1603	Gm11199	chr11	79451941	79452447	processed_pseudogene	ENSMUSG00000082529	-	Gm11199	1603
1604	AU040972	chr11	79481719	79484031	lncRNA	ENSMUSG00000091523	-	AU040972	1604
1605	Omg	chr11	79500982	79504084	protein_coding	ENSMUSG00000049612	-	Omg	1605
1606	Evi2	chr11	79513385	79530589	protein_coding	ENSMUSG00000070354	-	Evi2	1606
1607	Evi2b	chr11	79515056	79523762	protein_coding	ENSMUSG00000093938	-	Evi2b	1607
1608	Evi2a	chr11	79526560	79530609	protein_coding	ENSMUSG00000078771	-	Evi2a	1608
1609	Rab11fip4	chr11	79591212	79698023	protein_coding	ENSMUSG00000017639	+	Rab11fip4	1609
1610	Gm23293	chr11	79595165	79595268	snRNA	ENSMUSG00000064486	+	Gm23293	1610
1611	Rab11fip4os1	chr11	79607079	79623163	lncRNA	ENSMUSG00000087434	-	Rab11fip4os1	1611
1612	Gm24887	chr11	79639021	79639128	snRNA	ENSMUSG00000077574	-	Gm24887	1612
1613	Rab11fip4os2	chr11	79670372	79675128	lncRNA	ENSMUSG00000086569	-	Rab11fip4os2	1613
1614	Gm11205	chr11	79704630	79705420	lncRNA	ENSMUSG00000084969	+	Gm11205	1614
1615	Mir365-2	chr11	79726400	79726511	miRNA	ENSMUSG00000065489	+	Mir365-2	1615
1616	9130204K15Rik	chr11	79781979	79872394	lncRNA	ENSMUSG00000086474	-	9130204K15Rik	1616
1617	Gm24454	chr11	79893584	79893715	snoRNA	ENSMUSG00000065283	-	Gm24454	1617
1618	Gm11203	chr11	79897222	79897962	processed_pseudogene	ENSMUSG00000083395	+	Gm11203	1618
1619	Gm11204	chr11	79905981	79906127	processed_pseudogene	ENSMUSG00000082252	+	Gm11204	1619
1620	Utp6	chr11	79932321	79962390	protein_coding	ENSMUSG00000035575	-	Utp6	1620
1621	Suz12	chr11	79993106	80034123	protein_coding	ENSMUSG00000017548	+	Suz12	1621
1622	Crlf3	chr11	80046493	80080991	protein_coding	ENSMUSG00000017561	-	Crlf3	1622
1623	Atad5	chr11	80089400	80135794	protein_coding	ENSMUSG00000017550	+	Atad5	1623
1624	Tefm	chr11	80136678	80142175	protein_coding	ENSMUSG00000046909	-	Tefm	1624
1625	Adap2	chr11	80154105	80178958	protein_coding	ENSMUSG00000020709	+	Adap2	1625
1626	Adap2os	chr11	80158861	80177629	lncRNA	ENSMUSG00000086507	-	Adap2os	1626
1627	Rnf135	chr11	80183851	80199757	protein_coding	ENSMUSG00000020707	+	Rnf135	1627
1628	Rhot1	chr11	80209019	80267907	protein_coding	ENSMUSG00000017686	+	Rhot1	1628
1629	Rhbdl3	chr11	80300912	80355955	protein_coding	ENSMUSG00000017692	+	Rhbdl3	1629
1630	5730455P16Rik	chr11	80360492	80378034	protein_coding	ENSMUSG00000057181	-	5730455P16Rik	1630
1631	Zfp207	chr11	80383279	80405733	protein_coding	ENSMUSG00000017421	+	Zfp207	1631
1632	Psmd11	chr11	80428615	80473248	protein_coding	ENSMUSG00000017428	+	Psmd11	1632
1633	Cdk5r1	chr11	80477023	80481184	protein_coding	ENSMUSG00000048895	+	Cdk5r1	1633
1634	Myo1d	chr11	80482126	80780025	protein_coding	ENSMUSG00000035441	-	Myo1d	1634
1635	C030013C21Rik	chr11	80507410	80509106	lncRNA	ENSMUSG00000085078	-	C030013C21Rik	1635
1636	Tmem98	chr11	80810175	80822033	protein_coding	ENSMUSG00000035413	+	Tmem98	1636
1637	Gm11207	chr11	80822780	80823193	processed_pseudogene	ENSMUSG00000081663	-	Gm11207	1637
1638	4930507D10Rik	chr11	80850381	80858300	lncRNA	ENSMUSG00000086703	-	4930507D10Rik	1638
1639	Spaca3	chr11	80858365	80867814	protein_coding	ENSMUSG00000053184	+	Spaca3	1639
1640	Asic2	chr11	80880169	81968457	protein_coding	ENSMUSG00000020704	-	Asic2	1640
1641	Gm11416	chr11	81046794	81048771	processed_pseudogene	ENSMUSG00000082027	+	Gm11416	1641
1642	Gm11417	chr11	81072403	81083358	lncRNA	ENSMUSG00000085130	+	Gm11417	1642
1643	4930527B05Rik	chr11	81385013	81402491	lncRNA	ENSMUSG00000086971	+	4930527B05Rik	1643
1644	1700071K01Rik	chr11	81572655	81573473	processed_pseudogene	ENSMUSG00000080980	-	1700071K01Rik	1644
1645	Gm11418	chr11	81587361	81593478	lncRNA	ENSMUSG00000087534	+	Gm11418	1645
1646	5530401A14Rik	chr11	81860673	81894582	protein_coding	ENSMUSG00000020703	+	5530401A14Rik	1646
1647	Gm31522	chr11	81983119	82019967	lncRNA	ENSMUSG00000109297	-	Gm31522	1647
1648	Gm11419	chr11	81985406	81988769	lncRNA	ENSMUSG00000084996	+	Gm11419	1648
1649	Gm17268	chr11	82028224	82038562	protein_coding	ENSMUSG00000092157	-	Gm17268	1649
1650	Ccl2	chr11	82035571	82037453	protein_coding	ENSMUSG00000035385	+	Ccl2	1650
1651	Ccl7	chr11	82045712	82047525	protein_coding	ENSMUSG00000035373	+	Ccl7	1651
1652	Ccl11	chr11	82057823	82062955	protein_coding	ENSMUSG00000020676	+	Ccl11	1652
1653	Ccl12	chr11	82101845	82103400	protein_coding	ENSMUSG00000035352	+	Ccl12	1653
1654	Ccl8	chr11	82115185	82116799	protein_coding	ENSMUSG00000009185	+	Ccl8	1654
1655	Ccl1	chr11	82176657	82305690	protein_coding	ENSMUSG00000020702	-	Ccl1	1655
1656	Gm38577	chr11	82382796	82387340	lncRNA	ENSMUSG00000113710	-	Gm38577	1656
1657	Tmem132e	chr11	82388900	82446332	protein_coding	ENSMUSG00000020701	+	Tmem132e	1657
1658	Gm24612	chr11	82596073	82596179	snRNA	ENSMUSG00000065201	-	Gm24612	1658
1659	Gm11426	chr11	82633353	82636309	lncRNA	ENSMUSG00000069796	+	Gm11426	1659
1660	Cct6b	chr11	82719250	82764321	protein_coding	ENSMUSG00000020698	-	Cct6b	1660
1661	Gm11422	chr11	82728000	82729102	processed_pseudogene	ENSMUSG00000083371	+	Gm11422	1661
1662	Gm11420	chr11	82745804	82746205	processed_pseudogene	ENSMUSG00000081828	-	Gm11420	1662
1663	Zfp830	chr11	82764345	82765935	protein_coding	ENSMUSG00000046010	+	Zfp830	1663
1664	Gm11423	chr11	82779601	82781042	lncRNA	ENSMUSG00000085175	-	Gm11423	1664
1665	Lig3	chr11	82781108	82804274	protein_coding	ENSMUSG00000020697	+	Lig3	1665
1666	Rffl	chr11	82802449	82871210	protein_coding	ENSMUSG00000020696	-	Rffl	1666
1667	Rad51d	chr11	82876434	82890614	protein_coding	ENSMUSG00000018841	-	Rad51d	1667
1668	Fndc8	chr11	82892124	82900801	protein_coding	ENSMUSG00000018844	+	Fndc8	1668
1669	Nle1	chr11	82900768	82908411	protein_coding	ENSMUSG00000020692	-	Nle1	1669
1670	Unc45b	chr11	82910550	82943403	protein_coding	ENSMUSG00000018845	+	Unc45b	1670
1671	Unc45bos	chr11	82924903	82933382	lncRNA	ENSMUSG00000086058	-	Unc45bos	1671
1672	Slfn5os	chr11	82942341	82960681	lncRNA	ENSMUSG00000086327	-	Slfn5os	1672
1673	Slfn5	chr11	82951349	82964840	protein_coding	ENSMUSG00000054404	+	Slfn5	1673
1674	Gm11424	chr11	82971092	82971920	processed_pseudogene	ENSMUSG00000082726	+	Gm11424	1674
1675	1190001M18Rik	chr11	82974316	82975585	lncRNA	ENSMUSG00000111857	-	1190001M18Rik	1675
1676	Slfn9	chr11	82978390	82991830	protein_coding	ENSMUSG00000069793	-	Slfn9	1676
1677	Mir7679	chr11	82985003	82985065	miRNA	ENSMUSG00000098840	-	Mir7679	1677
1678	Slfn8	chr11	83002158	83020810	protein_coding	ENSMUSG00000035208	-	Slfn8	1678
1679	Gm11425	chr11	83027500	83027997	processed_pseudogene	ENSMUSG00000082419	-	Gm11425	1679
1680	Slfn10-ps	chr11	83028130	83040042	transcribed_unprocessed_pseudogene	ENSMUSG00000072621	-	Slfn10-ps	1680
1681	Gm27598	chr11	83032632	83032694	miRNA	ENSMUSG00000098995	-	Gm27598	1681
1682	Gm48434	chr11	83036377	83036908	processed_pseudogene	ENSMUSG00000110908	+	Gm48434	1682
1683	Slfn2	chr11	83065112	83070678	protein_coding	ENSMUSG00000072620	+	Slfn2	1683
1684	Gm20234	chr11	83065752	83071246	lncRNA	ENSMUSG00000111713	-	Gm20234	1684
1685	Gm48462	chr11	83094220	83098070	lncRNA	ENSMUSG00000111016	+	Gm48462	1685
1686	Slfn1	chr11	83116849	83122670	protein_coding	ENSMUSG00000078763	+	Slfn1	1686
1687	Gm48467	chr11	83124820	83125180	processed_pseudogene	ENSMUSG00000111344	-	Gm48467	1687
1688	Slfn4	chr11	83175186	83190216	protein_coding	ENSMUSG00000000204	+	Slfn4	1688
1689	Slfn3	chr11	83191330	83215154	protein_coding	ENSMUSG00000018986	+	Slfn3	1689
1690	AI662270	chr11	83223576	83226604	lncRNA	ENSMUSG00000087107	+	AI662270	1690
1691	Gm11427	chr11	83224454	83260960	transcribed_unprocessed_pseudogene	ENSMUSG00000083161	+	Gm11427	1691
1692	Gm23444	chr11	83271498	83271688	snRNA	ENSMUSG00000064856	+	Gm23444	1692
1693	Slfn14	chr11	83275110	83286726	protein_coding	ENSMUSG00000082101	-	Slfn14	1693
1694	AA465934	chr11	83291699	83294632	lncRNA	ENSMUSG00000093483	+	AA465934	1694
1695	Snord7	chr11	83294304	83294400	snoRNA	ENSMUSG00000065715	+	Snord7	1695
1696	Pex12	chr11	83294642	83302586	protein_coding	ENSMUSG00000018733	-	Pex12	1696
1697	Ap2b1	chr11	83299024	83405035	protein_coding	ENSMUSG00000035152	+	Ap2b1	1697
1698	Gm23951	chr11	83366870	83367001	snoRNA	ENSMUSG00000077217	-	Gm23951	1698
1699	Rasl10b	chr11	83409137	83421039	protein_coding	ENSMUSG00000020684	+	Rasl10b	1699
1700	Gas2l2	chr11	83421902	83429455	protein_coding	ENSMUSG00000020686	-	Gas2l2	1700
1701	1700020L24Rik	chr11	83437677	83441233	protein_coding	ENSMUSG00000035085	+	1700020L24Rik	1701
1702	Mmp28	chr11	83440768	83463071	protein_coding	ENSMUSG00000020682	-	Mmp28	1702
1703	Taf15	chr11	83473086	83506743	protein_coding	ENSMUSG00000020680	+	Taf15	1703
1704	Heatr9	chr11	83511736	83522175	protein_coding	ENSMUSG00000018925	-	Heatr9	1704
1705	Ccl5	chr11	83525778	83530518	protein_coding	ENSMUSG00000035042	-	Ccl5	1705
1706	Ccl9	chr11	83572919	83578636	protein_coding	ENSMUSG00000019122	-	Ccl9	1706
1707	E230016K23Rik	chr11	83582056	83623693	lncRNA	ENSMUSG00000051832	+	E230016K23Rik	1707
1708	Ccl6	chr11	83587882	83593087	protein_coding	ENSMUSG00000018927	-	Ccl6	1708
1709	Rpl9-ps1	chr11	83645046	83645621	protein_coding	ENSMUSG00000081906	-	Rpl9-ps1	1709
1710	Ccl3	chr11	83647844	83649355	protein_coding	ENSMUSG00000000982	-	Ccl3	1710
1711	Ccl4	chr11	83662584	83664683	protein_coding	ENSMUSG00000018930	+	Ccl4	1711
1712	Gm11433	chr11	83677518	83678345	unprocessed_pseudogene	ENSMUSG00000083664	+	Gm11433	1712
1713	Gm11438	chr11	83681538	83681726	processed_pseudogene	ENSMUSG00000083932	-	Gm11438	1713
1714	Gm11432	chr11	83687610	83688456	unprocessed_pseudogene	ENSMUSG00000081449	+	Gm11432	1714
1715	Gm11430	chr11	83695275	83696185	unprocessed_pseudogene	ENSMUSG00000080927	+	Gm11430	1715
1716	Gm11429	chr11	83701291	83701434	unprocessed_pseudogene	ENSMUSG00000083163	+	Gm11429	1716
1717	Wfdc17	chr11	83703991	83706268	protein_coding	ENSMUSG00000069792	+	Wfdc17	1717
1718	Wfdc18	chr11	83709015	83711348	protein_coding	ENSMUSG00000000983	+	Wfdc18	1718
1719	Wfdc21	chr11	83746940	83752642	protein_coding	ENSMUSG00000051748	+	Wfdc21	1719
1720	Heatr6	chr11	83753696	83783754	protein_coding	ENSMUSG00000000976	+	Heatr6	1720
1721	Gm22311	chr11	83764638	83764747	rRNA	ENSMUSG00000088631	-	Gm22311	1721
1722	Gm11434	chr11	83800464	83801092	processed_pseudogene	ENSMUSG00000081342	+	Gm11434	1722
1723	Gm12576	chr11	83817682	83849493	lncRNA	ENSMUSG00000085235	-	Gm12576	1723
1724	Gm23211	chr11	83844665	83844972	misc_RNA	ENSMUSG00000084666	+	Gm23211	1724
1725	Hnf1b	chr11	83850063	83905819	protein_coding	ENSMUSG00000020679	+	Hnf1b	1725
1726	Ddx52	chr11	83942062	83963088	protein_coding	ENSMUSG00000020677	+	Ddx52	1726
1727	Synrg	chr11	83964428	84044578	protein_coding	ENSMUSG00000034940	+	Synrg	1727
1728	Dusp14	chr11	84048041	84069261	protein_coding	ENSMUSG00000018648	-	Dusp14	1728
1729	Tada2a	chr11	84078920	84129600	protein_coding	ENSMUSG00000018651	-	Tada2a	1729
1730	Acaca	chr11	84129672	84401651	protein_coding	ENSMUSG00000020532	+	Acaca	1730
1731	Gm11437	chr11	84148351	84167476	protein_coding	ENSMUSG00000051452	-	Gm11437	1731
1732	Gm37391	chr11	84189593	84191910	TEC	ENSMUSG00000103122	+	Gm37391	1732
1733	Aatf	chr11	84422855	84513522	protein_coding	ENSMUSG00000018697	-	Aatf	1733
1734	Lhx1	chr11	84518284	84525535	protein_coding	ENSMUSG00000018698	-	Lhx1	1734
1735	Lhx1os	chr11	84525660	84535831	lncRNA	ENSMUSG00000087211	+	Lhx1os	1735
1736	1700109G15Rik	chr11	84716976	84720432	lncRNA	ENSMUSG00000085044	-	1700109G15Rik	1736
1737	Gm11431	chr11	84763855	84777829	lncRNA	ENSMUSG00000087407	-	Gm11431	1737
1738	Mrm1	chr11	84813061	84819515	protein_coding	ENSMUSG00000018405	-	Mrm1	1738
1739	Dhrs11	chr11	84820856	84828994	protein_coding	ENSMUSG00000034449	-	Dhrs11	1739
1740	4930502E09Rik	chr11	84829178	84830868	lncRNA	ENSMUSG00000086799	+	4930502E09Rik	1740
1741	Ggnbp2	chr11	84832361	84870817	protein_coding	ENSMUSG00000020530	-	Ggnbp2	1741
1742	Pigw	chr11	84876315	84880285	protein_coding	ENSMUSG00000045140	-	Pigw	1742
1743	Myo19	chr11	84880148	84911226	protein_coding	ENSMUSG00000020527	+	Myo19	1743
1744	Gm23564	chr11	84893087	84893153	miRNA	ENSMUSG00000092644	+	Gm23564	1744
1745	Znhit3	chr11	84910950	84916366	protein_coding	ENSMUSG00000020526	-	Znhit3	1745
1746	Car4	chr11	84957786	84966044	protein_coding	ENSMUSG00000000805	+	Car4	1746
1747	Usp32	chr11	84984442	85140161	protein_coding	ENSMUSG00000000804	-	Usp32	1747
1748	Gm11440	chr11	85072469	85072995	processed_pseudogene	ENSMUSG00000082917	-	Gm11440	1748
1749	Gm11439	chr11	85095141	85095549	processed_pseudogene	ENSMUSG00000083876	-	Gm11439	1749
1750	Rpl13-ps1	chr11	85111126	85111793	processed_pseudogene	ENSMUSG00000082806	-	Rpl13-ps1	1750
1751	Gm23506	chr11	85163077	85163183	snRNA	ENSMUSG00000065011	+	Gm23506	1751
1752	1700125H20Rik	chr11	85170404	85181145	protein_coding	ENSMUSG00000018479	+	1700125H20Rik	1752
1753	Appbp2	chr11	85187262	85235130	protein_coding	ENSMUSG00000018481	-	Appbp2	1753
1754	Akirin1-ps	chr11	85216597	85217054	processed_pseudogene	ENSMUSG00000080791	+	Akirin1-ps	1754
1755	Appbp2os	chr11	85234775	85238304	lncRNA	ENSMUSG00000085628	+	Appbp2os	1755
1756	Gm22587	chr11	85297452	85297749	misc_RNA	ENSMUSG00000088136	-	Gm22587	1756
1757	Ppm1d	chr11	85311244	85347066	protein_coding	ENSMUSG00000020525	+	Ppm1d	1757
1758	Bcas3	chr11	85353167	85826058	protein_coding	ENSMUSG00000059439	+	Bcas3	1758
1759	Gm23765	chr11	85493759	85493905	snRNA	ENSMUSG00000087779	+	Gm23765	1759
1760	Bcas3os1	chr11	85702200	85719744	lncRNA	ENSMUSG00000086199	-	Bcas3os1	1760
1761	Bcas3os2	chr11	85766831	85775680	lncRNA	ENSMUSG00000085514	-	Bcas3os2	1761
1762	Gm23473	chr11	85778812	85778927	rRNA	ENSMUSG00000089508	+	Gm23473	1762
1763	2610027K06Rik	chr11	85791661	85832223	lncRNA	ENSMUSG00000087013	-	2610027K06Rik	1763
1764	Tbx2	chr11	85832551	85841948	protein_coding	ENSMUSG00000000093	+	Tbx2	1764
1765	Gm11444	chr11	85846790	85850333	protein_coding	ENSMUSG00000069785	-	Gm11444	1765
1766	Tbx4	chr11	85886422	85916097	protein_coding	ENSMUSG00000000094	+	Tbx4	1766
1767	Gm11443	chr11	85950495	85950973	processed_pseudogene	ENSMUSG00000081632	+	Gm11443	1767
1768	Brip1	chr11	86058138	86201193	protein_coding	ENSMUSG00000034329	-	Brip1	1768
1769	Atp5l-ps2	chr11	86185329	86185642	processed_pseudogene	ENSMUSG00000080823	+	Atp5l-ps2	1769
1770	Brip1os	chr11	86201370	86304443	lncRNA	ENSMUSG00000085208	+	Brip1os	1770
1771	Ints2	chr11	86210681	86257575	protein_coding	ENSMUSG00000018068	-	Ints2	1771
1772	Med13	chr11	86267033	86357602	protein_coding	ENSMUSG00000034297	-	Med13	1772
1773	Gm25427	chr11	86333206	86333308	misc_RNA	ENSMUSG00000088230	+	Gm25427	1773
1774	Gm23667	chr11	86408826	86408945	rRNA	ENSMUSG00000088091	+	Gm23667	1774
1775	Gm26439	chr11	86437310	86437415	snRNA	ENSMUSG00000064526	-	Gm26439	1775
1776	Rnft1	chr11	86484657	86499025	protein_coding	ENSMUSG00000020521	+	Rnft1	1776
1777	Rps6kb1	chr11	86498871	86544805	protein_coding	ENSMUSG00000020516	-	Rps6kb1	1777
1778	Tubd1	chr11	86544991	86567360	protein_coding	ENSMUSG00000020513	+	Tubd1	1778
1779	Vmp1	chr11	86583865	86683836	protein_coding	ENSMUSG00000018171	-	Vmp1	1779
1780	Mir21a	chr11	86584067	86584158	miRNA	ENSMUSG00000065455	-	Mir21a	1780
1781	Gm11478	chr11	86630428	86631026	processed_pseudogene	ENSMUSG00000083992	-	Gm11478	1781
1782	Ptrh2	chr11	86683985	86692457	protein_coding	ENSMUSG00000072582	+	Ptrh2	1782
1783	Cltc	chr11	86694351	86757565	protein_coding	ENSMUSG00000047126	-	Cltc	1783
1784	Dhx40	chr11	86768846	86807746	protein_coding	ENSMUSG00000018425	-	Dhx40	1784
1785	Ypel2	chr11	86936425	86993707	protein_coding	ENSMUSG00000018427	-	Ypel2	1785
1786	Gm22387	chr11	86997133	86997263	scaRNA	ENSMUSG00000088816	-	Gm22387	1786
1787	Gdpd1	chr11	87033867	87074062	protein_coding	ENSMUSG00000061666	-	Gdpd1	1787
1788	Gm11479	chr11	87074257	87074958	lncRNA	ENSMUSG00000085991	-	Gm11479	1788
1789	Smg8	chr11	87077732	87086774	protein_coding	ENSMUSG00000020495	-	Smg8	1789
1790	Gm9378	chr11	87078787	87079257	processed_pseudogene	ENSMUSG00000082507	+	Gm9378	1790
1791	Prr11	chr11	87089153	87108708	protein_coding	ENSMUSG00000020493	-	Prr11	1791
1792	Ska2	chr11	87109234	87124635	protein_coding	ENSMUSG00000020492	+	Ska2	1792
1793	Mir301	chr11	87113004	87113089	miRNA	ENSMUSG00000065589	+	Mir301	1793
1794	Gm11491	chr11	87121567	87126958	lncRNA	ENSMUSG00000085310	-	Gm11491	1794
1795	Trim37	chr11	87127077	87220683	protein_coding	ENSMUSG00000018548	+	Trim37	1795
1796	Ppm1e	chr11	87226906	87359023	protein_coding	ENSMUSG00000046442	-	Ppm1e	1796
1797	Gm11490	chr11	87304673	87304944	processed_pseudogene	ENSMUSG00000080976	+	Gm11490	1797
1798	Rad51c	chr11	87376645	87404954	protein_coding	ENSMUSG00000007646	-	Rad51c	1798
1799	Tex14	chr11	87405065	87555823	protein_coding	ENSMUSG00000010342	+	Tex14	1799
1800	Rnu1a1	chr11	87422867	87423030	snRNA	ENSMUSG00000095969	+	Rnu1a1	1800
1801	Gm22068	chr11	87426716	87426879	snRNA	ENSMUSG00000096205	+	Gm22068	1801
1802	Rnu3b1	chr11	87443237	87443452	snoRNA	ENSMUSG00000098943	+	Rnu3b1	1802
1803	Gm23137	chr11	87444474	87444580	snRNA	ENSMUSG00000088184	-	Gm23137	1803
1804	Rnu3b3	chr11	87448627	87448842	snoRNA	ENSMUSG00000099291	+	Rnu3b3	1804
1805	Rnu3b4	chr11	87462286	87462500	snoRNA	ENSMUSG00000098641	+	Rnu3b4	1805
1806	Gm11489	chr11	87467679	87469058	processed_pseudogene	ENSMUSG00000083894	+	Gm11489	1806
1807	Sept4	chr11	87566653	87590539	protein_coding	ENSMUSG00000020486	+	Sept4	1807
1808	Mtmr4	chr11	87592162	87616302	protein_coding	ENSMUSG00000018401	+	Mtmr4	1808
1809	Hsf5	chr11	87617164	87659542	protein_coding	ENSMUSG00000070345	+	Hsf5	1809
1810	Rnf43	chr11	87662722	87735539	protein_coding	ENSMUSG00000034177	+	Rnf43	1810
1811	Gm25968	chr11	87694482	87694581	snRNA	ENSMUSG00000087792	-	Gm25968	1811
1812	1110028F11Rik	chr11	87701396	87705331	lncRNA	ENSMUSG00000085972	+	1110028F11Rik	1812
1813	Supt4a	chr11	87737552	87743623	protein_coding	ENSMUSG00000020485	+	Supt4a	1813
1814	Mir142hg	chr11	87755577	87757270	lncRNA	ENSMUSG00000084796	+	Mir142hg	1814
1815	Mir142b	chr11	87756841	87756955	miRNA	ENSMUSG00000065420	-	Mir142b	1815
1816	Mir142	chr11	87756864	87756927	miRNA	ENSMUSG00000105196	+	Mir142	1816
1817	Tspoap1	chr11	87760541	87785928	protein_coding	ENSMUSG00000034156	+	Tspoap1	1817
1818	Mpo	chr11	87793581	87804413	protein_coding	ENSMUSG00000009350	+	Mpo	1818
1819	Gm11505	chr11	87795784	87801144	lncRNA	ENSMUSG00000085872	-	Gm11505	1819
1820	Lpo	chr11	87806428	87828289	protein_coding	ENSMUSG00000009356	-	Lpo	1820
1821	Mks1	chr11	87853215	87863803	protein_coding	ENSMUSG00000034121	+	Mks1	1821
1822	Epx	chr11	87864000	87875536	protein_coding	ENSMUSG00000052234	-	Epx	1822
1823	Olfr462	chr11	87884979	87892268	protein_coding	ENSMUSG00000093839	-	Olfr462	1823
1824	Olfr463	chr11	87892618	87897387	protein_coding	ENSMUSG00000093920	-	Olfr463	1824
1825	Olfr464	chr11	87913268	87920967	protein_coding	ENSMUSG00000060787	-	Olfr464	1825
1826	Gm11507	chr11	87944403	87944814	processed_pseudogene	ENSMUSG00000044639	+	Gm11507	1826
1827	Dynll2	chr11	87979525	87987533	protein_coding	ENSMUSG00000020483	-	Dynll2	1827
1828	Gm11508	chr11	88011991	88048006	lncRNA	ENSMUSG00000086193	-	Gm11508	1828
1829	Srsf1	chr11	88047373	88053755	protein_coding	ENSMUSG00000018379	+	Srsf1	1829
1830	Gm15892	chr11	88059066	88067476	lncRNA	ENSMUSG00000087373	+	Gm15892	1830
1831	Vezf1	chr11	88068279	88084729	protein_coding	ENSMUSG00000018377	+	Vezf1	1831
1832	Cuedc1	chr11	88098058	88194140	protein_coding	ENSMUSG00000018378	+	Cuedc1	1832
1833	Mrps23	chr11	88204388	88211507	protein_coding	ENSMUSG00000023723	+	Mrps23	1833
1834	Gm38534	chr11	88253368	88256990	lncRNA	ENSMUSG00000108634	+	Gm38534	1834
1835	Ccdc182	chr11	88294058	88295261	protein_coding	ENSMUSG00000034031	+	Ccdc182	1835
1836	Gm11509	chr11	88335660	88335984	processed_pseudogene	ENSMUSG00000081304	+	Gm11509	1836
1837	Msi2	chr11	88339382	88718513	protein_coding	ENSMUSG00000069769	-	Msi2	1837
1838	Mir378b	chr11	88352773	88352864	miRNA	ENSMUSG00000092985	+	Mir378b	1838
1839	Gm15893	chr11	88356291	88363947	lncRNA	ENSMUSG00000085246	+	Gm15893	1839
1840	Gm11510	chr11	88432986	88433514	processed_pseudogene	ENSMUSG00000084411	-	Gm11510	1840
1841	C030037D09Rik	chr11	88718645	88728893	lncRNA	ENSMUSG00000087574	+	C030037D09Rik	1841
1842	Gm11493	chr11	88741011	88743369	lncRNA	ENSMUSG00000085646	-	Gm11493	1842
1843	Akap1	chr11	88830792	88864586	protein_coding	ENSMUSG00000018428	-	Akap1	1843
1844	4930556N13Rik	chr11	88851604	88881395	lncRNA	ENSMUSG00000092399	+	4930556N13Rik	1844
1845	Scpep1os	chr11	88905928	88936061	lncRNA	ENSMUSG00000087338	+	Scpep1os	1845
1846	Scpep1	chr11	88924020	88955465	protein_coding	ENSMUSG00000000278	-	Scpep1	1846
1847	Elobl	chr11	88964658	88966931	protein_coding	ENSMUSG00000057534	-	Elobl	1847
1848	Coil	chr11	88970252	88991613	protein_coding	ENSMUSG00000033983	+	Coil	1848
1849	2210409E12Rik	chr11	88972657	88973002	transcribed_processed_pseudogene	ENSMUSG00000081766	+	2210409E12Rik	1849
1850	Gm11496	chr11	88993040	88996544	lncRNA	ENSMUSG00000085152	-	Gm11496	1850
1851	Trim25	chr11	88999376	89020293	protein_coding	ENSMUSG00000000275	+	Trim25	1851
1852	Dgke	chr11	89035179	89066850	protein_coding	ENSMUSG00000000276	-	Dgke	1852
1853	Dgkeos	chr11	89064729	89069098	lncRNA	ENSMUSG00000063109	+	Dgkeos	1853
1854	Gm525	chr11	89073841	89093040	protein_coding	ENSMUSG00000072553	+	Gm525	1854
1855	Gm11497	chr11	89124456	89126706	lncRNA	ENSMUSG00000086919	-	Gm11497	1855
1856	Nog	chr11	89300638	89302332	protein_coding	ENSMUSG00000048616	-	Nog	1856
1857	Gm2018	chr11	89302723	89309428	lncRNA	ENSMUSG00000085798	+	Gm2018	1857
1858	Ankfn1	chr11	89390223	89841266	protein_coding	ENSMUSG00000047773	-	Ankfn1	1858
1859	Pctp	chr11	89982665	90002894	protein_coding	ENSMUSG00000020553	-	Pctp	1859
1860	Tmem100	chr11	90030348	90036508	protein_coding	ENSMUSG00000069763	+	Tmem100	1860
1861	Gm11494	chr11	90134842	90143624	lncRNA	ENSMUSG00000085074	-	Gm11494	1861
1862	n-R5s72	chr11	90185009	90185127	rRNA	ENSMUSG00000077706	-	n-R5s72	1862
1863	Gm45716	chr11	90187683	90251255	protein_coding	ENSMUSG00000110344	+	Gm45716	1863
1864	Gm45883	chr11	90188108	90267581	lncRNA	ENSMUSG00000109967	+	Gm45883	1864
1865	Mmd	chr11	90249456	90278589	protein_coding	ENSMUSG00000003948	+	Mmd	1865
1866	Hlf	chr11	90336536	90390895	protein_coding	ENSMUSG00000003949	-	Hlf	1866
1867	Stxbp4	chr11	90476492	90638084	protein_coding	ENSMUSG00000020546	-	Stxbp4	1867
1868	Gm11511	chr11	90516777	90517316	processed_pseudogene	ENSMUSG00000083268	-	Gm11511	1868
1869	Gm11512	chr11	90538484	90539146	processed_pseudogene	ENSMUSG00000081043	-	Gm11512	1869
1870	Cox11	chr11	90638173	90644931	protein_coding	ENSMUSG00000020544	+	Cox11	1870
1871	Tom1l1	chr11	90643465	90688366	protein_coding	ENSMUSG00000020541	-	Tom1l1	1871
1872	4930405D11Rik	chr11	90804692	90895149	lncRNA	ENSMUSG00000085940	+	4930405D11Rik	1872
1873	Gm11516	chr11	90859767	90861348	processed_pseudogene	ENSMUSG00000083764	-	Gm11516	1873
1874	Kif2b	chr11	91575315	91577558	protein_coding	ENSMUSG00000046755	-	Kif2b	1874
1875	Gm11498	chr11	91830442	91831390	processed_pseudogene	ENSMUSG00000081630	-	Gm11498	1875
1876	Gm11500	chr11	92770031	92770973	processed_pseudogene	ENSMUSG00000081363	-	Gm11500	1876
1877	Gm11501	chr11	92792699	92793279	processed_pseudogene	ENSMUSG00000081141	-	Gm11501	1877
1878	Car10	chr11	93098028	93601749	protein_coding	ENSMUSG00000056158	+	Car10	1878
1879	Gm24856	chr11	93413218	93413324	snRNA	ENSMUSG00000064743	-	Gm24856	1879
1880	Gm11502	chr11	93650759	93651969	processed_pseudogene	ENSMUSG00000082453	+	Gm11502	1880
1881	Gm11506	chr11	93695082	93695551	processed_pseudogene	ENSMUSG00000080872	+	Gm11506	1881
1882	Utp18	chr11	93859243	93885766	protein_coding	ENSMUSG00000054079	-	Utp18	1882
1883	Mbtd1	chr11	93885852	93946985	protein_coding	ENSMUSG00000059474	+	Mbtd1	1883
1884	Nme2	chr11	93949814	93956259	protein_coding	ENSMUSG00000020857	-	Nme2	1884
1885	Gm20390	chr11	93949819	93968293	protein_coding	ENSMUSG00000091228	-	Gm20390	1885
1886	Nme1	chr11	93956979	93968521	protein_coding	ENSMUSG00000037601	-	Nme1	1886
1887	Spag9	chr11	93996091	94126085	protein_coding	ENSMUSG00000020859	+	Spag9	1887
1888	Gm11518	chr11	94037218	94037628	processed_pseudogene	ENSMUSG00000081604	-	Gm11518	1888
1889	B230206L02Rik	chr11	94133485	94155776	lncRNA	ENSMUSG00000086003	+	B230206L02Rik	1889
1890	Tob1	chr11	94211454	94215495	protein_coding	ENSMUSG00000037573	+	Tob1	1890
1891	Wfikkn2	chr11	94235956	94246005	protein_coding	ENSMUSG00000044177	-	Wfikkn2	1891
1892	Gm21885	chr11	94281873	94286253	protein_coding	ENSMUSG00000094091	+	Gm21885	1892
1893	Luc7l3	chr11	94287890	94321988	protein_coding	ENSMUSG00000020863	-	Luc7l3	1893
1894	Ankrd40	chr11	94328001	94341841	protein_coding	ENSMUSG00000020864	+	Ankrd40	1894
1895	Abcc3	chr11	94343295	94392997	protein_coding	ENSMUSG00000020865	-	Abcc3	1895
1896	Cacna1g	chr11	94408391	94474198	protein_coding	ENSMUSG00000020866	-	Cacna1g	1896
1897	Spata20	chr11	94478904	94486179	protein_coding	ENSMUSG00000020867	-	Spata20	1897
1898	Epn3	chr11	94489599	94499974	protein_coding	ENSMUSG00000010080	-	Epn3	1898
1899	Mycbpap	chr11	94501347	94521742	protein_coding	ENSMUSG00000039110	-	Mycbpap	1899
1900	Rsad1	chr11	94539798	94549255	protein_coding	ENSMUSG00000039096	-	Rsad1	1900
1901	Acsf2	chr11	94557102	94601871	protein_coding	ENSMUSG00000076435	-	Acsf2	1901
1902	Chad	chr11	94565047	94569127	protein_coding	ENSMUSG00000039084	+	Chad	1902
1903	Gm11540	chr11	94607402	94609036	unprocessed_pseudogene	ENSMUSG00000082945	+	Gm11540	1903
1904	Lrrc59	chr11	94629767	94645216	protein_coding	ENSMUSG00000020869	+	Lrrc59	1904
1905	Eme1	chr11	94644996	94653964	protein_coding	ENSMUSG00000039055	-	Eme1	1905
1906	Mrpl27	chr11	94653767	94660089	protein_coding	ENSMUSG00000024414	+	Mrpl27	1906
1907	Xylt2	chr11	94663851	94677515	protein_coding	ENSMUSG00000020868	-	Xylt2	1907
1908	Gm11542	chr11	94677565	94687664	lncRNA	ENSMUSG00000085051	+	Gm11542	1908
1909	Gm11541	chr11	94694498	94704499	protein_coding	ENSMUSG00000056008	-	Gm11541	1909
1910	Cdc34b	chr11	94741782	94743033	protein_coding	ENSMUSG00000020870	+	Cdc34b	1910
1911	Gm11545	chr11	94756976	94757763	unprocessed_pseudogene	ENSMUSG00000075611	-	Gm11545	1911
1912	Tmem92	chr11	94777217	94782703	protein_coding	ENSMUSG00000075610	-	Tmem92	1912
1913	Gm11546	chr11	94797049	94797777	unprocessed_pseudogene	ENSMUSG00000083227	-	Gm11546	1913
1914	AA623943	chr11	94812619	94813348	unprocessed_pseudogene	ENSMUSG00000081478	-	AA623943	1914
1915	Gm11543	chr11	94828186	94828930	unprocessed_pseudogene	ENSMUSG00000081007	-	Gm11543	1915
1916	Gm11544	chr11	94845358	94846092	unprocessed_pseudogene	ENSMUSG00000081586	-	Gm11544	1916
1917	A430060F13Rik	chr11	94861018	94861759	unprocessed_pseudogene	ENSMUSG00000043522	-	A430060F13Rik	1917
1918	Gm22456	chr11	94919709	94919833	snRNA	ENSMUSG00000064512	+	Gm22456	1918
1919	Col1a1	chr11	94936224	94953042	protein_coding	ENSMUSG00000001506	+	Col1a1	1919
1920	Gm24877	chr11	94958778	94958893	misc_RNA	ENSMUSG00000089404	+	Gm24877	1920
1921	Sgca	chr11	94962791	94976327	protein_coding	ENSMUSG00000001508	-	Sgca	1921
1922	Hils1	chr11	94967593	94968456	protein_coding	ENSMUSG00000038994	+	Hils1	1922
1923	Ppp1r9b	chr11	94991035	95006899	protein_coding	ENSMUSG00000038976	+	Ppp1r9b	1923
1924	Samd14	chr11	95009879	95026087	protein_coding	ENSMUSG00000047181	+	Samd14	1924
1925	Pdk2	chr11	95026258	95041354	protein_coding	ENSMUSG00000038967	-	Pdk2	1925
1926	Gm11513	chr11	95032759	95038283	lncRNA	ENSMUSG00000087630	+	Gm11513	1926
1927	Itga3	chr11	95044474	95076801	protein_coding	ENSMUSG00000001507	-	Itga3	1927
1928	Dlx3	chr11	95120119	95125296	protein_coding	ENSMUSG00000001510	+	Dlx3	1928
1929	Dlx4	chr11	95140447	95146263	protein_coding	ENSMUSG00000020871	-	Dlx4	1929
1930	Dlx4os	chr11	95145052	95159047	lncRNA	ENSMUSG00000086552	+	Dlx4os	1930
1931	Gm11514	chr11	95176813	95177244	processed_pseudogene	ENSMUSG00000083548	+	Gm11514	1931
1932	Gm11515	chr11	95223290	95225632	lncRNA	ENSMUSG00000085992	-	Gm11515	1932
1933	Tac4	chr11	95261529	95269265	protein_coding	ENSMUSG00000020872	+	Tac4	1933
1934	Kat7	chr11	95274259	95310246	protein_coding	ENSMUSG00000038909	-	Kat7	1934
1935	Gm11520	chr11	95310429	95324496	lncRNA	ENSMUSG00000085143	+	Gm11520	1935
1936	Gm11521	chr11	95336011	95337408	lncRNA	ENSMUSG00000085509	-	Gm11521	1936
1937	Fam117a	chr11	95337018	95381872	protein_coding	ENSMUSG00000038893	+	Fam117a	1937
1938	Gm29477	chr11	95375525	95384507	lncRNA	ENSMUSG00000101258	-	Gm29477	1938
1939	Slc35b1	chr11	95384692	95391776	protein_coding	ENSMUSG00000020873	+	Slc35b1	1939
1940	Spop	chr11	95414080	95493406	protein_coding	ENSMUSG00000057522	+	Spop	1940
1941	Gm11522	chr11	95462546	95462721	processed_pseudogene	ENSMUSG00000083208	-	Gm11522	1941
1942	Nxph3	chr11	95509845	95514570	protein_coding	ENSMUSG00000046719	-	Nxph3	1942
1943	Ngfr	chr11	95568818	95587735	protein_coding	ENSMUSG00000000120	-	Ngfr	1943
1944	Gm11528	chr11	95622660	95629836	lncRNA	ENSMUSG00000084856	+	Gm11528	1944
1945	Phb	chr11	95666957	95680773	protein_coding	ENSMUSG00000038845	+	Phb	1945
1946	Gm9796	chr11	95696894	95699143	lncRNA	ENSMUSG00000045075	-	Gm9796	1946
1947	Zfp652os	chr11	95700106	95712754	lncRNA	ENSMUSG00000086191	-	Zfp652os	1947
1948	Zfp652	chr11	95712673	95835115	protein_coding	ENSMUSG00000075595	+	Zfp652	1948
1949	Polr2k-ps	chr11	95761491	95761665	processed_pseudogene	ENSMUSG00000082981	+	Polr2k-ps	1949
1950	Phospho1	chr11	95824499	95832140	protein_coding	ENSMUSG00000050860	+	Phospho1	1950
1951	Abi3	chr11	95830074	95842476	protein_coding	ENSMUSG00000018381	-	Abi3	1951
1952	Gngt2	chr11	95837216	95845734	protein_coding	ENSMUSG00000038811	+	Gngt2	1952
1953	Gm11527	chr11	95858162	95859174	lncRNA	ENSMUSG00000085578	-	Gm11527	1953
1954	4833417C18Rik	chr11	95858865	95861044	lncRNA	ENSMUSG00000086015	+	4833417C18Rik	1954
1955	B4galnt2	chr11	95865943	95914891	protein_coding	ENSMUSG00000013418	-	B4galnt2	1955
1956	Gm11534	chr11	95869154	95876380	lncRNA	ENSMUSG00000086255	+	Gm11534	1956
1957	Gm24725	chr11	95921102	95921226	snRNA	ENSMUSG00000088854	+	Gm24725	1957
1958	Igf2bp1	chr11	95957163	96005940	protein_coding	ENSMUSG00000013415	-	Igf2bp1	1958
1959	Mir3063	chr11	95963292	95963383	miRNA	ENSMUSG00000093358	-	Mir3063	1959
1960	Gm29202	chr11	96005889	96008055	lncRNA	ENSMUSG00000099928	+	Gm29202	1960
1961	Gm37179	chr11	96006333	96007155	TEC	ENSMUSG00000103376	-	Gm37179	1961
1962	Gip	chr11	96024545	96030831	protein_coding	ENSMUSG00000014351	+	Gip	1962
1963	Gm24949	chr11	96032678	96032892	snoRNA	ENSMUSG00000098425	+	Gm24949	1963
1964	Snf8	chr11	96034885	96047430	protein_coding	ENSMUSG00000006058	+	Snf8	1964
1965	Ube2z	chr11	96047432	96065388	protein_coding	ENSMUSG00000014349	-	Ube2z	1965
1966	Atp5g1	chr11	96068852	96075670	protein_coding	ENSMUSG00000006057	-	Atp5g1	1966
1967	Gm22423	chr11	96083673	96083856	snRNA	ENSMUSG00000064795	-	Gm22423	1967
1968	Calcoco2	chr11	96099326	96111964	protein_coding	ENSMUSG00000006056	-	Calcoco2	1968
1969	Ttll6	chr11	96133786	96165451	protein_coding	ENSMUSG00000038756	+	Ttll6	1969
1970	Gm11535	chr11	96177551	96178800	lncRNA	ENSMUSG00000086337	+	Gm11535	1970
1971	Hoxb13	chr11	96194316	96197447	protein_coding	ENSMUSG00000049604	+	Hoxb13	1971
1972	Gm11539	chr11	96248633	96249189	processed_pseudogene	ENSMUSG00000083337	+	Gm11539	1972
1973	Gm53	chr11	96251105	96264868	lncRNA	ENSMUSG00000078706	+	Gm53	1973
1974	Mir196a-1	chr11	96265164	96265265	miRNA	ENSMUSG00000065546	+	Mir196a-1	1974
1975	Hoxb9	chr11	96271457	96276595	protein_coding	ENSMUSG00000020875	+	Hoxb9	1975
1976	Hoxb8	chr11	96281905	96285315	protein_coding	ENSMUSG00000056648	+	Hoxb8	1976
1977	Hoxb7	chr11	96286623	96290162	protein_coding	ENSMUSG00000038721	+	Hoxb7	1977
1978	Hoxb5os	chr11	96291024	96306910	lncRNA	ENSMUSG00000085645	-	Hoxb5os	1978
1979	Hoxb6	chr11	96292476	96301569	protein_coding	ENSMUSG00000000690	+	Hoxb6	1979
1980	Hoxb5	chr11	96303336	96306121	protein_coding	ENSMUSG00000038700	+	Hoxb5	1980
1981	Mir10a	chr11	96317165	96317274	miRNA	ENSMUSG00000065519	+	Mir10a	1981
1982	Hoxb4	chr11	96318267	96321638	protein_coding	ENSMUSG00000038692	+	Hoxb4	1982
1983	Hoxb3	chr11	96323326	96347930	protein_coding	ENSMUSG00000048763	+	Hoxb3	1983
1984	Gm11536	chr11	96336299	96342108	lncRNA	ENSMUSG00000075589	-	Gm11536	1984
1985	Hoxb3os	chr11	96343072	96354691	lncRNA	ENSMUSG00000084844	-	Hoxb3os	1985
1986	Hoxb2	chr11	96350525	96354012	protein_coding	ENSMUSG00000075588	+	Hoxb2	1986
1987	Hoxb1	chr11	96365752	96368256	protein_coding	ENSMUSG00000018973	+	Hoxb1	1987
1988	Gm11531	chr11	96392112	96392666	processed_pseudogene	ENSMUSG00000075587	+	Gm11531	1988
1989	Gm11529	chr11	96448323	96464547	lncRNA	ENSMUSG00000075586	-	Gm11529	1989
1990	Skap1	chr11	96464593	96759130	protein_coding	ENSMUSG00000057058	+	Skap1	1990
1991	Gm11537	chr11	96766802	96768269	lncRNA	ENSMUSG00000085242	+	Gm11537	1991
1992	Snx11	chr11	96767555	96777559	protein_coding	ENSMUSG00000020876	-	Snx11	1992
1993	Cbx1	chr11	96789127	96808640	protein_coding	ENSMUSG00000018666	+	Cbx1	1993
1994	Gm11517	chr11	96795439	96795825	processed_pseudogene	ENSMUSG00000081249	-	Gm11517	1994
1995	Nfe2l1	chr11	96817414	96829968	protein_coding	ENSMUSG00000038615	-	Nfe2l1	1995
1996	Copz2	chr11	96849870	96861203	protein_coding	ENSMUSG00000018672	+	Copz2	1996
1997	Gm11523	chr11	96862997	96873954	lncRNA	ENSMUSG00000087117	-	Gm11523	1997
1998	Gm11524	chr11	96870195	96871001	processed_pseudogene	ENSMUSG00000083651	+	Gm11524	1998
1999	Cdk5rap3	chr11	96907426	96916496	protein_coding	ENSMUSG00000018669	-	Cdk5rap3	1999
2000	D030028A08Rik	chr11	96916270	96965060	lncRNA	ENSMUSG00000078700	+	D030028A08Rik	2000
2001	Gm11525	chr11	96918941	96922493	lncRNA	ENSMUSG00000085307	-	Gm11525	2001
2002	Prr15l	chr11	96928104	96937830	protein_coding	ENSMUSG00000047040	+	Prr15l	2002
2003	Pnpo	chr11	96937825	96943986	protein_coding	ENSMUSG00000018659	-	Pnpo	2003
2004	Sp2	chr11	96953341	96982959	protein_coding	ENSMUSG00000018678	-	Sp2	2004
2005	Sp6	chr11	97013394	97024734	protein_coding	ENSMUSG00000038560	+	Sp6	2005
2006	Gm11532	chr11	97020508	97026248	lncRNA	ENSMUSG00000087067	-	Gm11532	2006
2007	Scrn2	chr11	97029938	97033958	protein_coding	ENSMUSG00000020877	+	Scrn2	2007
2008	Lrrc46	chr11	97034602	97041407	protein_coding	ENSMUSG00000020878	-	Lrrc46	2008
2009	Gm11533	chr11	97037007	97037483	processed_pseudogene	ENSMUSG00000081860	+	Gm11533	2009
2010	Mrpl10	chr11	97041560	97049213	protein_coding	ENSMUSG00000001445	+	Mrpl10	2010
2011	Gm11574	chr11	97048691	97051432	lncRNA	ENSMUSG00000085262	-	Gm11574	2011
2012	Osbpl7	chr11	97050628	97068904	protein_coding	ENSMUSG00000038534	+	Osbpl7	2012
2013	Gm11573	chr11	97096933	97097326	processed_pseudogene	ENSMUSG00000084068	+	Gm11573	2013
2014	Tbx21	chr11	97098071	97115331	protein_coding	ENSMUSG00000001444	-	Tbx21	2014
2015	Tbkbp1	chr11	97136171	97151495	protein_coding	ENSMUSG00000038517	-	Tbkbp1	2015
2016	Mir7235	chr11	97146364	97146419	miRNA	ENSMUSG00000099286	-	Mir7235	2016
2017	Kpnb1	chr11	97159714	97187881	protein_coding	ENSMUSG00000001440	-	Kpnb1	2017
2018	Gm11583	chr11	97160990	97161675	lncRNA	ENSMUSG00000084936	+	Gm11583	2018
2019	Npepps	chr11	97205842	97280638	protein_coding	ENSMUSG00000001441	-	Npepps	2019
2020	Gm11592	chr11	97280128	97282897	lncRNA	ENSMUSG00000086680	+	Gm11592	2020
2021	Mrpl45	chr11	97315716	97329920	protein_coding	ENSMUSG00000018882	+	Mrpl45	2021
2022	Gm11594	chr11	97322328	97322489	processed_pseudogene	ENSMUSG00000081958	-	Gm11594	2022
2023	Gpr179	chr11	97332109	97352077	protein_coding	ENSMUSG00000070337	-	Gpr179	2023
2024	Socs7	chr11	97362435	97398542	protein_coding	ENSMUSG00000038485	+	Socs7	2024
2025	Arhgap23	chr11	97415533	97502402	protein_coding	ENSMUSG00000049807	+	Arhgap23	2025
2026	4933428G20Rik	chr11	97490783	97500340	protein_coding	ENSMUSG00000047988	-	4933428G20Rik	2026
2027	Srcin1	chr11	97509340	97576186	protein_coding	ENSMUSG00000038453	-	Srcin1	2027
2028	Gm11611	chr11	97519612	97521895	lncRNA	ENSMUSG00000087042	-	Gm11611	2028
2029	2410003L11Rik	chr11	97598511	97622893	lncRNA	ENSMUSG00000085860	+	2410003L11Rik	2029
2030	Epop	chr11	97627389	97629702	protein_coding	ENSMUSG00000043439	-	Epop	2030
2031	Gm11613	chr11	97644184	97660367	lncRNA	ENSMUSG00000085586	-	Gm11613	2031
2032	Mllt6	chr11	97663414	97685463	protein_coding	ENSMUSG00000038437	+	Mllt6	2032
2033	Mir6927	chr11	97677060	97677130	miRNA	ENSMUSG00000098881	+	Mir6927	2033
2034	Cisd3	chr11	97685826	97688621	protein_coding	ENSMUSG00000078695	+	Cisd3	2034
2035	Pcgf2	chr11	97688823	97700497	protein_coding	ENSMUSG00000018537	-	Pcgf2	2035
2036	Psmb3	chr11	97703399	97713500	protein_coding	ENSMUSG00000069744	+	Psmb3	2036
2037	Pip4k2b	chr11	97715157	97744704	protein_coding	ENSMUSG00000018547	-	Pip4k2b	2037
2038	Gm11614	chr11	97723651	97725711	lncRNA	ENSMUSG00000085145	+	Gm11614	2038
2039	Mir8102	chr11	97744897	97745035	miRNA	ENSMUSG00000098919	+	Mir8102	2039
2040	Cwc25	chr11	97745481	97766556	protein_coding	ENSMUSG00000018541	-	Cwc25	2040
2041	Atp5l2-ps	chr11	97768060	97768371	processed_pseudogene	ENSMUSG00000084168	+	Atp5l2-ps	2041
2042	1700001P01Rik	chr11	97771481	97775918	protein_coding	ENSMUSG00000018543	-	1700001P01Rik	2042
2043	Rpl23	chr11	97777527	97782437	protein_coding	ENSMUSG00000071415	-	Rpl23	2043
2044	Gm27326	chr11	97780182	97780276	snoRNA	ENSMUSG00000098813	-	Gm27326	2044
2045	Snora21	chr11	97781639	97781775	snoRNA	ENSMUSG00000064901	-	Snora21	2045
2046	Lasp1	chr11	97799000	97838764	protein_coding	ENSMUSG00000038366	+	Lasp1	2046
2047	B230217C12Rik	chr11	97840780	97844099	protein_coding	ENSMUSG00000050538	+	B230217C12Rik	2047
2048	Fbxo47	chr11	97853826	97884154	protein_coding	ENSMUSG00000070336	-	Fbxo47	2048
2049	Gm11630	chr11	97884594	97893811	lncRNA	ENSMUSG00000086917	+	Gm11630	2049
2050	Plxdc1	chr11	97923238	97986444	protein_coding	ENSMUSG00000017417	-	Plxdc1	2050
2051	Gm11633	chr11	97968792	97969235	processed_pseudogene	ENSMUSG00000082715	+	Gm11633	2051
2052	Arl5c	chr11	97989578	97996181	protein_coding	ENSMUSG00000038352	-	Arl5c	2052
2053	Cacnb1	chr11	98001508	98023034	protein_coding	ENSMUSG00000020882	-	Cacnb1	2053
2054	Gm11629	chr11	98022955	98026745	lncRNA	ENSMUSG00000086716	+	Gm11629	2054
2055	Rpl19	chr11	98026710	98030492	protein_coding	ENSMUSG00000017404	+	Rpl19	2055
2056	Gm27597	chr11	98029413	98029492	miRNA	ENSMUSG00000098992	+	Gm27597	2056
2057	Stac2	chr11	98036623	98053462	protein_coding	ENSMUSG00000017400	-	Stac2	2057
2058	Gm11631	chr11	98063888	98064043	processed_pseudogene	ENSMUSG00000084079	+	Gm11631	2058
2059	Fbxl20	chr11	98082556	98150403	protein_coding	ENSMUSG00000020883	-	Fbxl20	2059
2060	Gm11632	chr11	98084457	98085424	lncRNA	ENSMUSG00000084896	-	Gm11632	2060
2061	Med1	chr11	98152154	98193293	protein_coding	ENSMUSG00000018160	-	Med1	2061
2062	Gm11604	chr11	98185366	98186107	processed_pseudogene	ENSMUSG00000085897	+	Gm11604	2062
2063	Cdk12	chr11	98203059	98278504	protein_coding	ENSMUSG00000003119	+	Cdk12	2063
2064	Gm27399	chr11	98238618	98238695	miRNA	ENSMUSG00000098827	+	Gm27399	2064
2065	Mir5119	chr11	98262606	98262662	miRNA	ENSMUSG00000093176	+	Mir5119	2065
2066	n-R5s73	chr11	98273260	98273366	rRNA	ENSMUSG00000084457	-	n-R5s73	2066
2067	Gm20644	chr11	98285382	98287444	lncRNA	ENSMUSG00000093673	+	Gm20644	2067
2068	Neurod2	chr11	98325415	98329648	protein_coding	ENSMUSG00000038255	-	Neurod2	2068
2069	Ppp1r1b	chr11	98348404	98357796	protein_coding	ENSMUSG00000061718	+	Ppp1r1b	2069
2070	1700003D09Rik	chr11	98350718	98358283	lncRNA	ENSMUSG00000085944	-	1700003D09Rik	2070
2071	Stard3	chr11	98358368	98381112	protein_coding	ENSMUSG00000018167	+	Stard3	2071
2072	Tcap	chr11	98383811	98384953	protein_coding	ENSMUSG00000007877	+	Tcap	2072
2073	Pnmt	chr11	98386450	98388181	protein_coding	ENSMUSG00000038216	+	Pnmt	2073
2074	Pgap3	chr11	98388677	98400490	protein_coding	ENSMUSG00000038208	-	Pgap3	2074
2075	Erbb2	chr11	98412470	98437716	protein_coding	ENSMUSG00000062312	+	Erbb2	2075
2076	Gm25048	chr11	98423290	98423380	snRNA	ENSMUSG00000089223	-	Gm25048	2076
2077	Mien1	chr11	98437708	98438991	protein_coding	ENSMUSG00000002580	-	Mien1	2077
2078	Gm12352	chr11	98438037	98439046	lncRNA	ENSMUSG00000084835	+	Gm12352	2078
2079	Grb7	chr11	98446394	98455373	protein_coding	ENSMUSG00000019312	+	Grb7	2079
2080	Ikzf3	chr11	98464902	98546031	protein_coding	ENSMUSG00000018168	-	Ikzf3	2080
2081	Gm25106	chr11	98473675	98473808	snRNA	ENSMUSG00000084621	-	Gm25106	2081
2082	Zpbp2	chr11	98551097	98558665	protein_coding	ENSMUSG00000017195	+	Zpbp2	2082
2083	Ormdl3	chr11	98581256	98587368	protein_coding	ENSMUSG00000038150	-	Ormdl3	2083
2084	Lrrc3c	chr11	98598291	98599586	protein_coding	ENSMUSG00000086545	+	Lrrc3c	2084
2085	Gm12355	chr11	98624351	98625661	processed_pseudogene	ENSMUSG00000078134	-	Gm12355	2085
2086	Gsdma3	chr11	98626360	98638226	protein_coding	ENSMUSG00000064224	+	Gsdma3	2086
2087	Gsdma2	chr11	98646759	98657964	protein_coding	ENSMUSG00000017211	+	Gsdma2	2087
2088	Gsdma	chr11	98664351	98677708	protein_coding	ENSMUSG00000017204	+	Gsdma	2088
2089	Psmd3	chr11	98682554	98695979	protein_coding	ENSMUSG00000017221	+	Psmd3	2089
2090	Gm12356	chr11	98682921	98683415	lncRNA	ENSMUSG00000085955	-	Gm12356	2090
2091	Csf3	chr11	98701263	98703629	protein_coding	ENSMUSG00000038067	+	Csf3	2091
2092	Med24	chr11	98704591	98729435	protein_coding	ENSMUSG00000017210	-	Med24	2092
2093	Gm22059	chr11	98710986	98711089	snoRNA	ENSMUSG00000088169	-	Gm22059	2093
2094	Thra	chr11	98740638	98769006	protein_coding	ENSMUSG00000058756	+	Thra	2094
2095	Nr1d1	chr11	98767932	98775333	protein_coding	ENSMUSG00000020889	-	Nr1d1	2095
2096	Msl1	chr11	98795516	98807859	protein_coding	ENSMUSG00000052915	+	Msl1	2096
2097	Gm12359	chr11	98797707	98810087	lncRNA	ENSMUSG00000075576	-	Gm12359	2097
2098	Casc3	chr11	98804905	98833814	protein_coding	ENSMUSG00000078676	+	Casc3	2098
2099	Rapgefl1	chr11	98836785	98853697	protein_coding	ENSMUSG00000038020	+	Rapgefl1	2099
2100	Wipf2	chr11	98863638	98905040	protein_coding	ENSMUSG00000038013	+	Wipf2	2100
2101	Gm23640	chr11	98870396	98870499	snRNA	ENSMUSG00000088485	-	Gm23640	2101
2102	Cdc6	chr11	98907801	98923940	protein_coding	ENSMUSG00000017499	+	Cdc6	2102
2103	Rara	chr11	98927818	98974942	protein_coding	ENSMUSG00000037992	+	Rara	2103
2104	Gm22061	chr11	98946444	98946550	snRNA	ENSMUSG00000064491	+	Gm22061	2104
2105	Gjd3	chr11	98982180	98983016	protein_coding	ENSMUSG00000047197	-	Gjd3	2105
2106	Top2a	chr11	98992943	99024189	protein_coding	ENSMUSG00000020914	-	Top2a	2106
2107	Gm26394	chr11	98999508	98999622	snoRNA	ENSMUSG00000077285	+	Gm26394	2107
2108	Gm23451	chr11	99017031	99017152	snoRNA	ENSMUSG00000065262	-	Gm23451	2108
2109	Igfbp4	chr11	99041244	99054392	protein_coding	ENSMUSG00000017493	+	Igfbp4	2109
2110	Tns4	chr11	99065678	99089306	protein_coding	ENSMUSG00000017607	-	Tns4	2110
2111	Ccr7	chr11	99144196	99155077	protein_coding	ENSMUSG00000037944	-	Ccr7	2111
2112	Smarce1	chr11	99209047	99231017	protein_coding	ENSMUSG00000037935	-	Smarce1	2112
2113	Krt222	chr11	99232761	99244085	protein_coding	ENSMUSG00000035849	-	Krt222	2113
2114	Krt24	chr11	99279959	99285262	protein_coding	ENSMUSG00000020913	-	Krt24	2114
2115	Gm12358	chr11	99305148	99306140	processed_pseudogene	ENSMUSG00000083666	-	Gm12358	2115
2116	Krt25	chr11	99315516	99322951	protein_coding	ENSMUSG00000035831	-	Krt25	2116
2117	Krt26	chr11	99328550	99337966	protein_coding	ENSMUSG00000075570	-	Krt26	2117
2118	Krt27	chr11	99345565	99351104	protein_coding	ENSMUSG00000017588	-	Krt27	2118
2119	Krt28	chr11	99364872	99374903	protein_coding	ENSMUSG00000055937	-	Krt28	2119
2120	Krt10	chr11	99385254	99389364	protein_coding	ENSMUSG00000019761	-	Krt10	2120
2121	Gm11940	chr11	99387340	99387897	lncRNA	ENSMUSG00000087692	+	Gm11940	2121
2122	Krt12	chr11	99415666	99422259	protein_coding	ENSMUSG00000020912	-	Krt12	2122
2123	A830036E02Rik	chr11	99416956	99425497	lncRNA	ENSMUSG00000084890	+	A830036E02Rik	2123
2124	Krt20	chr11	99428403	99438150	protein_coding	ENSMUSG00000035775	-	Krt20	2124
2125	Krt23	chr11	99477974	99493137	protein_coding	ENSMUSG00000006777	-	Krt23	2125
2126	Krt39	chr11	99514114	99521338	protein_coding	ENSMUSG00000064165	-	Krt39	2126
2127	Krt40	chr11	99537485	99543158	protein_coding	ENSMUSG00000059169	-	Krt40	2127
2128	Krtap3-2	chr11	99555823	99556853	protein_coding	ENSMUSG00000069721	-	Krtap3-2	2128
2129	Krtap3-1	chr11	99566027	99566630	protein_coding	ENSMUSG00000047564	-	Krtap3-1	2129
2130	Krtap1-3	chr11	99590461	99591339	protein_coding	ENSMUSG00000078131	-	Krtap1-3	2130
2131	Krtap9-3	chr11	99597347	99598105	protein_coding	ENSMUSG00000049809	-	Krtap9-3	2131
2132	Gm11937	chr11	99609794	99610189	protein_coding	ENSMUSG00000058725	-	Gm11937	2132
2133	Gm11562	chr11	99619619	99620435	protein_coding	ENSMUSG00000062278	-	Gm11562	2133
2134	Krtap4-1	chr11	99627224	99628238	protein_coding	ENSMUSG00000063251	-	Krtap4-1	2134
2135	Krtap4-2	chr11	99634111	99635084	protein_coding	ENSMUSG00000044649	-	Krtap4-2	2135
2136	Krtap4-7	chr11	99643106	99644089	protein_coding	ENSMUSG00000045109	-	Krtap4-7	2136
2137	Gm11555	chr11	99649599	99650236	protein_coding	ENSMUSG00000078130	-	Gm11555	2137
2138	Gm11563	chr11	99657949	99658960	protein_coding	ENSMUSG00000069718	-	Gm11563	2138
2139	Gm14182	chr11	99662893	99663102	unprocessed_pseudogene	ENSMUSG00000082020	-	Gm14182	2139
2140	Krtap4-6	chr11	99665043	99665960	protein_coding	ENSMUSG00000075566	-	Krtap4-6	2140
2141	Gm11557	chr11	99678126	99679133	processed_pseudogene	ENSMUSG00000082900	+	Gm11557	2141
2142	Gm14190	chr11	99690588	99690740	protein_coding	ENSMUSG00000078276	-	Gm14190	2142
2143	Gm14186	chr11	99718892	99719028	unprocessed_pseudogene	ENSMUSG00000083581	-	Gm14186	2143
2144	Gm14180	chr11	99734213	99734290	protein_coding	ENSMUSG00000078269	-	Gm14180	2144
2145	Gm14188	chr11	99763933	99764100	processed_pseudogene	ENSMUSG00000078263	-	Gm14188	2145
2146	Gm11595	chr11	99771714	99772913	protein_coding	ENSMUSG00000078668	-	Gm11595	2146
2147	Krtap4-8	chr11	99779722	99780704	protein_coding	ENSMUSG00000089724	-	Krtap4-8	2147
2148	Krtap4-9	chr11	99785200	99786258	protein_coding	ENSMUSG00000078262	+	Krtap4-9	2148
2149	Krtap4-13	chr11	99809078	99809892	protein_coding	ENSMUSG00000048294	-	Krtap4-13	2149
2150	Gm11556	chr11	99839973	99840260	processed_pseudogene	ENSMUSG00000082531	-	Gm11556	2150
2151	Krtap4-16	chr11	99850655	99851608	protein_coding	ENSMUSG00000046474	-	Krtap4-16	2151
2152	Gm11568	chr11	99857917	99859061	protein_coding	ENSMUSG00000069717	+	Gm11568	2152
2153	Gm11559	chr11	99864476	99865571	protein_coding	ENSMUSG00000090225	+	Gm11559	2153
2154	Gm11567	chr11	99879187	99880229	protein_coding	ENSMUSG00000059845	+	Gm11567	2154
2155	Gm11566	chr11	99897573	99897775	unprocessed_pseudogene	ENSMUSG00000082993	+	Gm11566	2155
2156	Krtap31-1	chr11	99907920	99908892	protein_coding	ENSMUSG00000070334	+	Krtap31-1	2156
2157	Gm11565	chr11	99914751	99915671	protein_coding	ENSMUSG00000078256	+	Gm11565	2157
2158	Gm11560	chr11	99932162	99933109	processed_pseudogene	ENSMUSG00000086688	+	Gm11560	2158
2159	Krtap31-2	chr11	99936291	99937225	protein_coding	ENSMUSG00000051481	+	Krtap31-2	2159
2160	Krtap9-5	chr11	99948475	99949551	protein_coding	ENSMUSG00000078255	+	Krtap9-5	2160
2161	Krtap29-1	chr11	99978025	99979053	protein_coding	ENSMUSG00000078254	-	Krtap29-1	2161
2162	Krtap16-1	chr11	99984710	99986597	protein_coding	ENSMUSG00000078253	-	Krtap16-1	2162
2163	Gm11558	chr11	99988134	99988592	processed_pseudogene	ENSMUSG00000082591	-	Gm11558	2163
2164	Krtap17-1	chr11	99993234	99993994	protein_coding	ENSMUSG00000078252	-	Krtap17-1	2164
2165	Krt33a	chr11	100011195	100016212	protein_coding	ENSMUSG00000035592	-	Krt33a	2165
2166	Krt33b	chr11	100023634	100029868	protein_coding	ENSMUSG00000057723	-	Krt33b	2166
2167	Krt34	chr11	100037347	100041554	protein_coding	ENSMUSG00000043485	-	Krt34	2167
2168	Krt31	chr11	100046646	100050551	protein_coding	ENSMUSG00000048981	-	Krt31	2168
2169	Gm11571	chr11	100052286	100085983	lncRNA	ENSMUSG00000087581	+	Gm11571	2169
2170	Krt32	chr11	100080848	100088226	protein_coding	ENSMUSG00000046095	-	Krt32	2170
2171	Krt35	chr11	100092193	100096241	protein_coding	ENSMUSG00000048013	-	Krt35	2171
2172	Krt36	chr11	100102007	100105626	protein_coding	ENSMUSG00000020916	-	Krt36	2172
2173	Gm12347	chr11	100105771	100112106	lncRNA	ENSMUSG00000086702	-	Gm12347	2173
2174	Krt13	chr11	100117327	100121566	protein_coding	ENSMUSG00000044041	-	Krt13	2174
2175	Krt15	chr11	100131758	100135928	protein_coding	ENSMUSG00000054146	-	Krt15	2175
2176	Krt19	chr11	100140810	100148665	protein_coding	ENSMUSG00000020911	-	Krt19	2176
2177	Krt9	chr11	100186781	100193246	protein_coding	ENSMUSG00000051617	-	Krt9	2177
2178	Krt14	chr11	100203162	100207548	protein_coding	ENSMUSG00000045545	-	Krt14	2178
2179	Gm11597	chr11	100228845	100232078	unprocessed_pseudogene	ENSMUSG00000084257	-	Gm11597	2179
2180	Gm11598	chr11	100243273	100243629	processed_pseudogene	ENSMUSG00000082456	+	Gm11598	2180
2181	Krt16	chr11	100246091	100248902	protein_coding	ENSMUSG00000053797	-	Krt16	2181
2182	Krt17	chr11	100256217	100261029	protein_coding	ENSMUSG00000035557	-	Krt17	2182
2183	Krt42	chr11	100262882	100269871	protein_coding	ENSMUSG00000053654	-	Krt42	2183
2184	Gm14206	chr11	100278706	100291286	lncRNA	ENSMUSG00000086163	-	Gm14206	2184
2185	Gm12349	chr11	100291671	100293711	lncRNA	ENSMUSG00000087265	+	Gm12349	2185
2186	Eif1	chr11	100319885	100322096	protein_coding	ENSMUSG00000035530	+	Eif1	2186
2187	Gast	chr11	100334407	100336996	protein_coding	ENSMUSG00000017165	+	Gast	2187
2188	Hap1	chr11	100347327	100356128	protein_coding	ENSMUSG00000006930	-	Hap1	2188
2189	Gm20394	chr11	100349696	100350889	lncRNA	ENSMUSG00000092509	-	Gm20394	2189
2190	Gm10039	chr11	100361716	100362126	processed_pseudogene	ENSMUSG00000091478	-	Gm10039	2190
2191	Jup	chr11	100368958	100397763	protein_coding	ENSMUSG00000001552	-	Jup	2191
2192	Gm12348	chr11	100401508	100402252	lncRNA	ENSMUSG00000086031	+	Gm12348	2192
2193	P3h4	chr11	100408456	100414836	protein_coding	ENSMUSG00000006931	-	P3h4	2193
2194	Fkbp10	chr11	100415697	100424824	protein_coding	ENSMUSG00000001555	+	Fkbp10	2194
2195	Nt5c3b	chr11	100422321	100441808	protein_coding	ENSMUSG00000017176	-	Nt5c3b	2195
2196	Klhl10	chr11	100441917	100457022	protein_coding	ENSMUSG00000001558	+	Klhl10	2196
2197	Gm27374	chr11	100442395	100442475	miRNA	ENSMUSG00000099193	-	Gm27374	2197
2198	Klhl11	chr11	100462614	100472741	protein_coding	ENSMUSG00000048732	-	Klhl11	2198
2199	Acly	chr11	100476353	100528000	protein_coding	ENSMUSG00000020917	-	Acly	2199
2200	Mir7116	chr11	100478411	100478480	miRNA	ENSMUSG00000104854	-	Mir7116	2200
2201	Ttc25	chr11	100545607	100572568	protein_coding	ENSMUSG00000006784	+	Ttc25	2201
2202	BX842667.1	chr11	100559457	100559608	unprocessed_pseudogene	ENSMUSG00000118532	+	BX842667.1	2202
2203	Cnp	chr11	100574904	100591729	protein_coding	ENSMUSG00000006782	+	Cnp	2203
2204	Dnajc7	chr11	100582818	100620168	protein_coding	ENSMUSG00000014195	-	Dnajc7	2204
2205	Nkiras2	chr11	100619244	100627607	protein_coding	ENSMUSG00000017837	+	Nkiras2	2205
2206	Zfp385c	chr11	100627543	100692455	protein_coding	ENSMUSG00000014198	-	Zfp385c	2206
2207	Gm44544	chr11	100639944	100643117	unitary_pseudogene	ENSMUSG00000109112	-	Gm44544	2207
2208	Dhx58os	chr11	100687417	100697520	lncRNA	ENSMUSG00000085604	+	Dhx58os	2208
2209	Dhx58	chr11	100694884	100704271	protein_coding	ENSMUSG00000017830	-	Dhx58	2209
2210	Kat2a	chr11	100704746	100712465	protein_coding	ENSMUSG00000020918	-	Kat2a	2210
2211	Hspb9	chr11	100713850	100714575	protein_coding	ENSMUSG00000017832	+	Hspb9	2211
2212	Rab5c	chr11	100715009	100738215	protein_coding	ENSMUSG00000019173	-	Rab5c	2212
2213	Kcnh4	chr11	100740376	100759942	protein_coding	ENSMUSG00000035355	-	Kcnh4	2213
2214	Hcrt	chr11	100761069	100762931	protein_coding	ENSMUSG00000045471	-	Hcrt	2214
2215	Ghdc	chr11	100766032	100770957	protein_coding	ENSMUSG00000017747	-	Ghdc	2215
2216	Gm24358	chr11	100774513	100774800	misc_RNA	ENSMUSG00000089049	-	Gm24358	2216
2217	Stat5b	chr11	100780731	100850724	protein_coding	ENSMUSG00000020919	-	Stat5b	2217
2218	Stat5a	chr11	100859351	100885169	protein_coding	ENSMUSG00000004043	+	Stat5a	2218
2219	Stat3	chr11	100885098	100939540	protein_coding	ENSMUSG00000004040	-	Stat3	2219
2220	Cavin1	chr11	100956733	100970887	protein_coding	ENSMUSG00000004044	-	Cavin1	2220
2221	Atp6v0a1	chr11	101009452	101063719	protein_coding	ENSMUSG00000019302	+	Atp6v0a1	2221
2222	Mir6928	chr11	101030340	101030409	miRNA	ENSMUSG00000098415	+	Mir6928	2222
2223	Naglu	chr11	101070012	101077672	protein_coding	ENSMUSG00000001751	+	Naglu	2223
2224	Hsd17b1	chr11	101078411	101080527	protein_coding	ENSMUSG00000019301	+	Hsd17b1	2224
2225	Coasy	chr11	101082565	101086619	protein_coding	ENSMUSG00000001755	+	Coasy	2225
2226	Mlx	chr11	101087277	101092207	protein_coding	ENSMUSG00000017801	+	Mlx	2226
2227	Psmc3ip	chr11	101091823	101095436	protein_coding	ENSMUSG00000019303	-	Psmc3ip	2227
2228	Retreg3	chr11	101096322	101119893	protein_coding	ENSMUSG00000017802	-	Retreg3	2228
2229	Tubg1	chr11	101119938	101126419	protein_coding	ENSMUSG00000035198	+	Tubg1	2229
2230	Tubg2	chr11	101155907	101161787	protein_coding	ENSMUSG00000045007	+	Tubg2	2230
2231	Plekhh3	chr11	101162679	101171351	protein_coding	ENSMUSG00000035172	-	Plekhh3	2231
2232	Cntnap1	chr11	101170523	101190724	protein_coding	ENSMUSG00000017167	+	Cntnap1	2232
2233	Ccr10	chr11	101172997	101175443	protein_coding	ENSMUSG00000044052	-	Ccr10	2233
2234	Ezh1	chr11	101191115	101226463	protein_coding	ENSMUSG00000006920	-	Ezh1	2234
2235	Ramp2	chr11	101246028	101259546	protein_coding	ENSMUSG00000001240	+	Ramp2	2235
2236	Vps25	chr11	101253707	101259549	protein_coding	ENSMUSG00000078656	+	Vps25	2236
2237	Wnk4	chr11	101260567	101277409	protein_coding	ENSMUSG00000035112	+	Wnk4	2237
2238	Gm11615	chr11	101264762	101266303	lncRNA	ENSMUSG00000085083	-	Gm11615	2238
2239	Coa3	chr11	101277968	101279114	protein_coding	ENSMUSG00000017188	-	Coa3	2239
2240	Cntd1	chr11	101279012	101296317	protein_coding	ENSMUSG00000078653	+	Cntd1	2240
2241	Becn1	chr11	101285952	101302286	protein_coding	ENSMUSG00000035086	-	Becn1	2241
2242	Gm11617	chr11	101306742	101307380	processed_pseudogene	ENSMUSG00000084152	+	Gm11617	2242
2243	Psme3	chr11	101316213	101323537	protein_coding	ENSMUSG00000078652	+	Psme3	2243
2244	Aoc2	chr11	101325063	101329702	protein_coding	ENSMUSG00000078651	+	Aoc2	2244
2245	Aoc3	chr11	101330605	101341938	protein_coding	ENSMUSG00000019326	+	Aoc3	2245
2246	Gm28156	chr11	101339660	101347939	lncRNA	ENSMUSG00000101925	-	Gm28156	2246
2247	Gm11618	chr11	101352236	101353139	unprocessed_pseudogene	ENSMUSG00000083991	+	Gm11618	2247
2248	Gm11619	chr11	101353309	101353545	processed_pseudogene	ENSMUSG00000082478	-	Gm11619	2248
2249	Gm25593	chr11	101353342	101353437	miRNA	ENSMUSG00000076227	-	Gm25593	2249
2250	G6pc	chr11	101367561	101377903	protein_coding	ENSMUSG00000078650	+	G6pc	2250
2251	Gm25475	chr11	101397589	101397768	snRNA	ENSMUSG00000064759	-	Gm25475	2251
2252	Gm27029	chr11	101406664	101424796	protein_coding	ENSMUSG00000097239	-	Gm27029	2252
2253	Aarsd1	chr11	101406839	101417615	protein_coding	ENSMUSG00000075528	-	Aarsd1	2253
2254	Ptges3l	chr11	101418812	101425333	protein_coding	ENSMUSG00000097487	-	Ptges3l	2254
2255	Mir6929	chr11	101419187	101419253	miRNA	ENSMUSG00000098600	-	Mir6929	2255
2256	Rundc1	chr11	101425085	101435673	protein_coding	ENSMUSG00000035007	+	Rundc1	2256
2257	Rpl27	chr11	101442298	101445529	protein_coding	ENSMUSG00000063316	+	Rpl27	2257
2258	Ifi35	chr11	101448407	101458698	protein_coding	ENSMUSG00000010358	+	Ifi35	2258
2259	Gm11626	chr11	101456576	101457390	lncRNA	ENSMUSG00000086347	-	Gm11626	2259
2260	Vat1	chr11	101458745	101466230	protein_coding	ENSMUSG00000034993	-	Vat1	2260
2261	Rnd2	chr11	101464999	101471853	protein_coding	ENSMUSG00000001313	+	Rnd2	2261
2262	Gm11625	chr11	101476226	101476521	processed_pseudogene	ENSMUSG00000080839	+	Gm11625	2262
2263	Brca1	chr11	101488764	101551955	protein_coding	ENSMUSG00000017146	-	Brca1	2263
2264	Nbr1	chr11	101552149	101581951	protein_coding	ENSMUSG00000017119	+	Nbr1	2264
2265	Tmem106a	chr11	101582242	101591788	protein_coding	ENSMUSG00000034947	+	Tmem106a	2265
2266	Gm11634	chr11	101593743	101599256	protein_coding	ENSMUSG00000085486	-	Gm11634	2266
2267	Gm26316	chr11	101604850	101605040	snRNA	ENSMUSG00000065820	+	Gm26316	2267
2268	Gm11635	chr11	101610614	101615956	lncRNA	ENSMUSG00000086617	+	Gm11635	2268
2269	Rdm1	chr11	101627195	101636100	protein_coding	ENSMUSG00000010362	+	Rdm1	2269
2270	Gm23849	chr11	101627366	101627556	snRNA	ENSMUSG00000065767	+	Gm23849	2270
2271	Gm24950	chr11	101641748	101641938	snRNA	ENSMUSG00000064702	+	Gm24950	2271
2272	Gm23971	chr11	101645740	101645930	snRNA	ENSMUSG00000065251	-	Gm23971	2272
2273	Rnu2-10	chr11	101658238	101658428	snRNA	ENSMUSG00000065944	+	Rnu2-10	2273
2274	Arl4d	chr11	101665541	101667832	protein_coding	ENSMUSG00000034936	+	Arl4d	2274
2275	Dhx8	chr11	101732919	101767358	protein_coding	ENSMUSG00000034931	+	Dhx8	2275
2276	Etv4	chr11	101769742	101785371	protein_coding	ENSMUSG00000017724	-	Etv4	2276
2277	Meox1	chr11	101877510	101894374	protein_coding	ENSMUSG00000001493	-	Meox1	2277
2278	Gm11551	chr11	101886237	101891206	lncRNA	ENSMUSG00000085594	+	Gm11551	2278
2279	Rpl27-ps2	chr11	101939501	101939899	processed_pseudogene	ENSMUSG00000082171	+	Rpl27-ps2	2279
2280	4930417O22Rik	chr11	101952421	101960573	lncRNA	ENSMUSG00000071818	+	4930417O22Rik	2280
2281	Sost	chr11	101962458	101967015	protein_coding	ENSMUSG00000001494	-	Sost	2281
2282	Dusp3	chr11	101971143	101987013	protein_coding	ENSMUSG00000003518	-	Dusp3	2282
2283	Gm20659	chr11	101971143	101971859	lncRNA	ENSMUSG00000093467	+	Gm20659	2283
2284	Cfap97d1	chr11	101984279	101992264	protein_coding	ENSMUSG00000010841	+	Cfap97d1	2284
2285	Mpp3	chr11	101999652	102028461	protein_coding	ENSMUSG00000052373	-	Mpp3	2285
2286	E130111B04Rik	chr11	102030268	102035084	lncRNA	ENSMUSG00000087216	-	E130111B04Rik	2286
2287	Cd300lg	chr11	102041509	102055620	protein_coding	ENSMUSG00000017309	+	Cd300lg	2287
2288	Mpp2	chr11	102057015	102088515	protein_coding	ENSMUSG00000017314	-	Mpp2	2288
2289	Ppy	chr11	102099930	102101319	protein_coding	ENSMUSG00000017316	-	Ppy	2289
2290	Pyy	chr11	102106676	102107832	protein_coding	ENSMUSG00000017311	-	Pyy	2290
2291	Gm11584	chr11	102113249	102113573	processed_pseudogene	ENSMUSG00000084200	-	Gm11584	2291
2292	Gm11585	chr11	102124072	102124640	processed_pseudogene	ENSMUSG00000082045	+	Gm11585	2292
2293	Nags	chr11	102145513	102149477	protein_coding	ENSMUSG00000048217	+	Nags	2293
2294	Gm11586	chr11	102145549	102146246	lncRNA	ENSMUSG00000087339	-	Gm11586	2294
2295	Tmem101	chr11	102152546	102156404	protein_coding	ENSMUSG00000020921	-	Tmem101	2295
2296	Lsm12	chr11	102162497	102185296	protein_coding	ENSMUSG00000020922	-	Lsm12	2296
2297	G6pc3	chr11	102189620	102194081	protein_coding	ENSMUSG00000034793	+	G6pc3	2297
2298	Hdac5	chr11	102194432	102230166	protein_coding	ENSMUSG00000008855	-	Hdac5	2298
2299	Mir8101	chr11	102230040	102230150	miRNA	ENSMUSG00000098863	-	Mir8101	2299
2300	BC030867	chr11	102248882	102265187	protein_coding	ENSMUSG00000034773	+	BC030867	2300
2301	Asb16	chr11	102268743	102279462	protein_coding	ENSMUSG00000034768	+	Asb16	2301
2302	Tmub2	chr11	102284931	102289237	protein_coding	ENSMUSG00000034757	+	Tmub2	2302
2303	Atxn7l3	chr11	102289300	102296631	protein_coding	ENSMUSG00000059995	-	Atxn7l3	2303
2304	Ubtf	chr11	102304560	102319742	protein_coding	ENSMUSG00000020923	-	Ubtf	2304
2305	Slc4a1	chr11	102348824	102366203	protein_coding	ENSMUSG00000006574	-	Slc4a1	2305
2306	Bloodlinc	chr11	102375549	102377020	lncRNA	ENSMUSG00000087330	-	Bloodlinc	2306
2307	Rundc3a	chr11	102393403	102402555	protein_coding	ENSMUSG00000006575	+	Rundc3a	2307
2308	Slc25a39	chr11	102402985	102407946	protein_coding	ENSMUSG00000018677	-	Slc25a39	2308
2309	Grn	chr11	102430315	102437048	protein_coding	ENSMUSG00000034708	+	Grn	2309
2310	Fam171a2	chr11	102436981	102447682	protein_coding	ENSMUSG00000034685	-	Fam171a2	2310
2311	Itga2b	chr11	102453297	102470122	protein_coding	ENSMUSG00000034664	-	Itga2b	2311
2312	Gm23563	chr11	102458724	102458974	misc_RNA	ENSMUSG00000092641	-	Gm23563	2312
2313	Gpatch8	chr11	102475915	102556392	protein_coding	ENSMUSG00000034621	-	Gpatch8	2313
2314	Gm11628	chr11	102492439	102492609	processed_pseudogene	ENSMUSG00000082487	-	Gm11628	2314
2315	Mdk-ps1	chr11	102545702	102546022	processed_pseudogene	ENSMUSG00000081677	+	Mdk-ps1	2315
2316	Gm25337	chr11	102549196	102549299	snRNA	ENSMUSG00000065657	-	Gm25337	2316
2317	Gm11627	chr11	102576398	102579461	protein_coding	ENSMUSG00000078640	-	Gm11627	2317
2318	Fzd2	chr11	102604396	102608058	protein_coding	ENSMUSG00000050288	+	Fzd2	2318
2319	Gm11636	chr11	102614892	102616546	lncRNA	ENSMUSG00000086105	-	Gm11636	2319
2320	2810433D01Rik	chr11	102619796	102624416	lncRNA	ENSMUSG00000086283	-	2810433D01Rik	2320
2321	Psmb5-ps	chr11	102659128	102659925	processed_pseudogene	ENSMUSG00000080992	-	Psmb5-ps	2321
2322	Gm22920	chr11	102659572	102659680	miRNA	ENSMUSG00000076129	-	Gm22920	2322
2323	Meioc	chr11	102663716	102682237	protein_coding	ENSMUSG00000051455	+	Meioc	2323
2324	Ccdc43	chr11	102684686	102697782	protein_coding	ENSMUSG00000020925	-	Ccdc43	2324
2325	Gm11637	chr11	102731301	102732063	processed_pseudogene	ENSMUSG00000084375	-	Gm11637	2325
2326	Gm16342	chr11	102732405	102752861	unitary_pseudogene	ENSMUSG00000086162	+	Gm16342	2326
2327	Adam11	chr11	102761439	102780262	protein_coding	ENSMUSG00000020926	+	Adam11	2327
2328	Gjc1	chr11	102799579	102819700	protein_coding	ENSMUSG00000034520	-	Gjc1	2328
2329	Gm22683	chr11	102829878	102830014	snoRNA	ENSMUSG00000064788	+	Gm22683	2329
2330	Higd1b	chr11	102835849	102838040	protein_coding	ENSMUSG00000020928	+	Higd1b	2330
2331	Eftud2	chr11	102838473	102880985	protein_coding	ENSMUSG00000020929	-	Eftud2	2331
2332	Ccdc103	chr11	102881204	102885216	protein_coding	ENSMUSG00000020930	+	Ccdc103	2332
2333	Fam187a	chr11	102885169	102886731	protein_coding	ENSMUSG00000075510	+	Fam187a	2333
2334	Gfap	chr11	102887336	102900912	protein_coding	ENSMUSG00000020932	-	Gfap	2334
2335	Kif18b	chr11	102905529	102925124	protein_coding	ENSMUSG00000051378	-	Kif18b	2335
2336	C1ql1	chr11	102939264	102946688	protein_coding	ENSMUSG00000045532	-	C1ql1	2336
2337	2410004I01Rik	chr11	102958300	102964387	lncRNA	ENSMUSG00000085338	-	2410004I01Rik	2337
2338	Dcakd	chr11	102994047	103028333	protein_coding	ENSMUSG00000020935	-	Dcakd	2338
2339	Mir6931	chr11	102999848	102999921	miRNA	ENSMUSG00000098613	-	Mir6931	2339
2340	Nmt1	chr11	103028190	103068912	protein_coding	ENSMUSG00000020936	+	Nmt1	2340
2341	Plcd3	chr11	103070304	103101658	protein_coding	ENSMUSG00000020937	-	Plcd3	2341
2342	Acbd4	chr11	103101682	103112200	protein_coding	ENSMUSG00000056938	+	Acbd4	2342
2343	Hexim1	chr11	103116231	103119725	protein_coding	ENSMUSG00000048878	+	Hexim1	2343
2344	Hexim2	chr11	103132429	103139876	protein_coding	ENSMUSG00000043372	+	Hexim2	2344
2345	Fmnl1	chr11	103171107	103198901	protein_coding	ENSMUSG00000055805	+	Fmnl1	2345
2346	Gm20511	chr11	103190710	103192896	lncRNA	ENSMUSG00000092371	-	Gm20511	2346
2347	1700023F06Rik	chr11	103198944	103208558	protein_coding	ENSMUSG00000020940	-	1700023F06Rik	2347
2348	Spata32	chr11	103208127	103218432	protein_coding	ENSMUSG00000044787	-	Spata32	2348
2349	Map3k14	chr11	103219762	103267472	protein_coding	ENSMUSG00000020941	-	Map3k14	2349
2350	1700028N14Rik	chr11	103264860	103267745	lncRNA	ENSMUSG00000078635	-	1700028N14Rik	2350
2351	Arhgap27	chr11	103331497	103363692	protein_coding	ENSMUSG00000034255	-	Arhgap27	2351
2352	Arhgap27os3	chr11	103344753	103350124	lncRNA	ENSMUSG00000085887	+	Arhgap27os3	2352
2353	Arhgap27os2	chr11	103355701	103361092	lncRNA	ENSMUSG00000085360	+	Arhgap27os2	2353
2354	Arhgap27os1	chr11	103363213	103364651	lncRNA	ENSMUSG00000085733	+	Arhgap27os1	2354
2355	Plekhm1	chr11	103364275	103412687	protein_coding	ENSMUSG00000034247	-	Plekhm1	2355
2356	Gm39397	chr11	103421736	103422062	lncRNA	ENSMUSG00000110636	+	Gm39397	2356
2357	Lrrc37a	chr11	103450709	103504597	protein_coding	ENSMUSG00000078632	-	Lrrc37a	2357
2358	Gm884	chr11	103534577	103621140	protein_coding	ENSMUSG00000034239	-	Gm884	2358
2359	Gm11643	chr11	103600242	103601105	processed_pseudogene	ENSMUSG00000081676	-	Gm11643	2359
2360	Lyzl6	chr11	103631070	103638890	protein_coding	ENSMUSG00000020945	-	Lyzl6	2360
2361	Rprml	chr11	103649570	103650579	protein_coding	ENSMUSG00000046215	+	Rprml	2361
2362	Gosr2	chr11	103676849	103697898	protein_coding	ENSMUSG00000020946	-	Gosr2	2362
2363	C130046K22Rik	chr11	103697724	103722832	lncRNA	ENSMUSG00000085154	+	C130046K22Rik	2363
2364	Gm11642	chr11	103723950	103724532	lncRNA	ENSMUSG00000086794	+	Gm11642	2364
2365	Wnt9b	chr11	103727364	103749821	protein_coding	ENSMUSG00000018486	-	Wnt9b	2365
2366	Wnt3	chr11	103774150	103817957	protein_coding	ENSMUSG00000000125	+	Wnt3	2366
2367	Nsf	chr11	103821782	103954056	protein_coding	ENSMUSG00000034187	-	Nsf	2367
2368	Gm8738	chr11	103879915	103880243	processed_pseudogene	ENSMUSG00000092540	-	Gm8738	2368
2369	Arf2	chr11	103966739	103985337	protein_coding	ENSMUSG00000062421	+	Arf2	2369
2370	Crhr1	chr11	104132855	104175523	protein_coding	ENSMUSG00000018634	+	Crhr1	2370
2371	Sppl2c	chr11	104186327	104191163	protein_coding	ENSMUSG00000049506	+	Sppl2c	2371
2372	Mapt	chr11	104231390	104332090	protein_coding	ENSMUSG00000018411	+	Mapt	2372
2373	Gm11659	chr11	104250902	104259361	lncRNA	ENSMUSG00000085134	-	Gm11659	2373
2374	Gm22743	chr11	104251012	104251144	snoRNA	ENSMUSG00000065379	-	Gm22743	2374
2375	Gm47310	chr11	104251078	104251148	miRNA	ENSMUSG00000105413	-	Gm47310	2375
2376	Kansl1	chr11	104333229	104468861	protein_coding	ENSMUSG00000018412	-	Kansl1	2376
2377	Gm47315	chr11	104425156	104425300	miRNA	ENSMUSG00000106014	-	Gm47315	2377
2378	Gm11660	chr11	104491613	104492024	processed_pseudogene	ENSMUSG00000083782	+	Gm11660	2378
2379	Cdc27	chr11	104502745	104550620	protein_coding	ENSMUSG00000020687	-	Cdc27	2379
2380	Myl4	chr11	104550663	104595753	protein_coding	ENSMUSG00000061086	+	Myl4	2380
2381	Gm11665	chr11	104556789	104557777	lncRNA	ENSMUSG00000086222	-	Gm11665	2381
2382	Gm22000	chr11	104557922	104565661	lncRNA	ENSMUSG00000086932	-	Gm22000	2382
2383	Gm11661	chr11	104565400	104566726	transcribed_processed_pseudogene	ENSMUSG00000081588	-	Gm11661	2383
2384	Gm11663	chr11	104571268	104571557	processed_pseudogene	ENSMUSG00000082706	-	Gm11663	2384
2385	Itgb3	chr11	104608000	104670476	protein_coding	ENSMUSG00000020689	+	Itgb3	2385
2386	Gm11662	chr11	104679105	104680655	processed_pseudogene	ENSMUSG00000083748	-	Gm11662	2386
2387	Gm11639	chr11	104685707	105117394	protein_coding	ENSMUSG00000040838	+	Gm11639	2387
2388	Gm11623	chr11	104814416	104815640	processed_pseudogene	ENSMUSG00000081513	+	Gm11623	2388
2389	Gm11621	chr11	104928216	104928804	processed_pseudogene	ENSMUSG00000080694	+	Gm11621	2389
2390	Gm11622	chr11	105031157	105031847	processed_pseudogene	ENSMUSG00000082767	+	Gm11622	2390
2391	Gm11624	chr11	105033034	105034074	processed_pseudogene	ENSMUSG00000084120	-	Gm11624	2391
2392	Efcab3	chr11	105063592	105117537	protein_coding	ENSMUSG00000020690	+	Efcab3	2392
2393	Gm25362	chr11	105081628	105081732	snRNA	ENSMUSG00000089479	+	Gm25362	2393
2394	Mettl2	chr11	105126425	105140394	protein_coding	ENSMUSG00000020691	+	Mettl2	2394
2395	Gm24290	chr11	105141214	105141309	misc_RNA	ENSMUSG00000088259	+	Gm24290	2395
2396	Gm11620	chr11	105164776	105166620	processed_pseudogene	ENSMUSG00000081965	-	Gm11620	2396
2397	1700052K11Rik	chr11	105177726	105181433	lncRNA	ENSMUSG00000099681	-	1700052K11Rik	2397
2398	Tlk2	chr11	105178807	105283959	protein_coding	ENSMUSG00000020694	+	Tlk2	2398
2399	Mrc2	chr11	105292643	105351139	protein_coding	ENSMUSG00000020695	+	Mrc2	2399
2400	March10	chr11	105360798	105456735	protein_coding	ENSMUSG00000078627	-	March10	2400
2401	Gm11638	chr11	105363252	105390642	lncRNA	ENSMUSG00000086487	+	Gm11638	2401
2402	Gm11640	chr11	105434445	105435412	lncRNA	ENSMUSG00000086089	+	Gm11640	2402
2403	Tanc2	chr11	105589986	105929304	protein_coding	ENSMUSG00000053580	+	Tanc2	2403
2404	Gm23990	chr11	105597625	105597741	miRNA	ENSMUSG00000080681	+	Gm23990	2404
2405	Gm11652	chr11	105773518	105774784	processed_pseudogene	ENSMUSG00000083465	+	Gm11652	2405
2406	Gm11653	chr11	105875905	105876913	processed_pseudogene	ENSMUSG00000081270	+	Gm11653	2406
2407	Cyb561	chr11	105933702	105953336	protein_coding	ENSMUSG00000019590	-	Cyb561	2407
2408	Gm9910	chr11	105943704	105945253	TEC	ENSMUSG00000103469	+	Gm9910	2408
2409	Gm11651	chr11	105965608	105985694	lncRNA	ENSMUSG00000085297	-	Gm11651	2409
2410	Ace	chr11	105967945	105989964	protein_coding	ENSMUSG00000020681	+	Ace	2410
2411	Ace3	chr11	105994675	106005443	protein_coding	ENSMUSG00000101605	+	Ace3	2411
2412	Kcnh6	chr11	106008124	106034549	protein_coding	ENSMUSG00000001901	+	Kcnh6	2412
2413	Dcaf7	chr11	106036872	106059324	protein_coding	ENSMUSG00000049354	+	Dcaf7	2413
2414	Gm11646	chr11	106051151	106051852	lncRNA	ENSMUSG00000085033	-	Gm11646	2414
2415	Taco1os	chr11	106065077	106066305	lncRNA	ENSMUSG00000085255	-	Taco1os	2415
2416	Taco1	chr11	106066061	106073612	protein_coding	ENSMUSG00000001983	+	Taco1	2416
2417	Map3k3	chr11	106084613	106155446	protein_coding	ENSMUSG00000020700	+	Map3k3	2417
2418	Gm11672	chr11	106126336	106127351	lncRNA	ENSMUSG00000085229	-	Gm11672	2418
2419	Limd2	chr11	106156256	106160860	protein_coding	ENSMUSG00000040699	-	Limd2	2419
2420	Gm10840	chr11	106160193	106161158	TEC	ENSMUSG00000075480	+	Gm10840	2420
2421	Strada	chr11	106163330	106202168	protein_coding	ENSMUSG00000069631	-	Strada	2421
2422	Gm25556	chr11	106186444	106186587	snRNA	ENSMUSG00000088702	-	Gm25556	2422
2423	Ccdc47	chr11	106197408	106216344	protein_coding	ENSMUSG00000078622	-	Ccdc47	2423
2424	Ddx42	chr11	106216926	106249139	protein_coding	ENSMUSG00000020705	+	Ddx42	2424
2425	Ftsj3	chr11	106249142	106256079	protein_coding	ENSMUSG00000020706	-	Ftsj3	2425
2426	Psmc5	chr11	106256154	106263120	protein_coding	ENSMUSG00000020708	+	Psmc5	2426
2427	Gm23645	chr11	106260206	106260313	snRNA	ENSMUSG00000065162	+	Gm23645	2427
2428	Smarcd2	chr11	106263179	106272972	protein_coding	ENSMUSG00000078619	-	Smarcd2	2428
2429	Tcam1	chr11	106276672	106288745	protein_coding	ENSMUSG00000020712	+	Tcam1	2429
2430	Gh	chr11	106300271	106301865	protein_coding	ENSMUSG00000020713	-	Gh	2430
2431	Cd79b	chr11	106311341	106314762	protein_coding	ENSMUSG00000040592	-	Cd79b	2431
2432	Scn4a	chr11	106318592	106353288	protein_coding	ENSMUSG00000001027	-	Scn4a	2432
2433	Prr29	chr11	106365472	106377558	protein_coding	ENSMUSG00000009210	+	Prr29	2433
2434	Icam2	chr11	106377656	106388075	protein_coding	ENSMUSG00000001029	-	Icam2	2434
2435	Ern1	chr11	106394650	106487852	protein_coding	ENSMUSG00000020715	-	Ern1	2435
2436	Snord104	chr11	106500993	106501062	snoRNA	ENSMUSG00000065126	+	Snord104	2436
2437	Gm22711	chr11	106501245	106501377	snoRNA	ENSMUSG00000080540	+	Gm22711	2437
2438	Tex2	chr11	106502147	106613423	protein_coding	ENSMUSG00000040548	-	Tex2	2438
2439	Pecam1	chr11	106654217	106750628	protein_coding	ENSMUSG00000020717	-	Pecam1	2439
2440	Milr1	chr11	106751226	106768794	protein_coding	ENSMUSG00000040528	+	Milr1	2440
2441	Gm25889	chr11	106764635	106764741	snRNA	ENSMUSG00000088400	-	Gm25889	2441
2442	Polg2	chr11	106768253	106779537	protein_coding	ENSMUSG00000020718	-	Polg2	2442
2443	Ddx5	chr11	106780355	106789185	protein_coding	ENSMUSG00000020719	-	Ddx5	2443
2444	Mir3064	chr11	106782693	106782759	miRNA	ENSMUSG00000093273	-	Mir3064	2444
2445	Gm25994	chr11	106783171	106783271	miRNA	ENSMUSG00000093133	-	Gm25994	2445
2446	Cep95	chr11	106789252	106819930	protein_coding	ENSMUSG00000018372	+	Cep95	2446
2447	Gm11706	chr11	106814670	106816008	lncRNA	ENSMUSG00000084930	-	Gm11706	2447
2448	Smurf2	chr11	106820066	106920715	protein_coding	ENSMUSG00000018363	-	Smurf2	2448
2449	Gm11707	chr11	106972058	106973090	lncRNA	ENSMUSG00000086481	-	Gm11707	2449
2450	Kpna2	chr11	106988629	106999541	protein_coding	ENSMUSG00000018362	-	Kpna2	2450
2451	Gm11708	chr11	107003909	107004740	processed_pseudogene	ENSMUSG00000083356	-	Gm11708	2451
2452	1810010H24Rik	chr11	107025681	107030443	protein_coding	ENSMUSG00000078607	+	1810010H24Rik	2452
2453	Bptf	chr11	107033081	107132127	protein_coding	ENSMUSG00000040481	-	Bptf	2453
2454	Gm11715	chr11	107157408	107167150	lncRNA	ENSMUSG00000087596	+	Gm11715	2454
2455	Nol11	chr11	107166663	107189381	protein_coding	ENSMUSG00000018433	-	Nol11	2455
2456	Gm11718	chr11	107191094	107191630	processed_pseudogene	ENSMUSG00000081360	+	Gm11718	2456
2457	Pitpnc1	chr11	107207892	107470699	protein_coding	ENSMUSG00000040430	-	Pitpnc1	2457
2458	Gm11719	chr11	107330708	107331058	processed_pseudogene	ENSMUSG00000081995	+	Gm11719	2458
2459	Gm11716	chr11	107338050	107344804	lncRNA	ENSMUSG00000086298	+	Gm11716	2459
2460	Gm11712	chr11	107386983	107388971	lncRNA	ENSMUSG00000087683	+	Gm11712	2460
2461	Gm11713	chr11	107410390	107413549	lncRNA	ENSMUSG00000085245	+	Gm11713	2461
2462	Gm11714	chr11	107428276	107435686	lncRNA	ENSMUSG00000087113	+	Gm11714	2462
2463	Psmd12	chr11	107479484	107504362	protein_coding	ENSMUSG00000020720	+	Psmd12	2463
2464	Gm11722	chr11	107481916	107483107	lncRNA	ENSMUSG00000086442	+	Gm11722	2464
2465	C330019F10Rik	chr11	107511403	107527220	lncRNA	ENSMUSG00000085864	-	C330019F10Rik	2465
2466	A830035A12Rik	chr11	107531757	107548373	lncRNA	ENSMUSG00000059706	-	A830035A12Rik	2466
2467	Gm11649	chr11	107531931	107532305	transcribed_processed_pseudogene	ENSMUSG00000083996	-	Gm11649	2467
2468	Helz	chr11	107547930	107693826	protein_coding	ENSMUSG00000020721	+	Helz	2468
2469	Mir6932	chr11	107637722	107637779	miRNA	ENSMUSG00000098497	+	Mir6932	2469
2470	Cacng1	chr11	107703218	107716522	protein_coding	ENSMUSG00000020722	-	Cacng1	2470
2471	Cacng4	chr11	107732357	107794557	protein_coding	ENSMUSG00000020723	-	Cacng4	2471
2472	Gm11650	chr11	107793866	107795982	lncRNA	ENSMUSG00000087184	+	Gm11650	2472
2473	Gm27595	chr11	107851745	107851856	rRNA	ENSMUSG00000098991	+	Gm27595	2473
2474	Cacng5	chr11	107874605	107915055	protein_coding	ENSMUSG00000040373	-	Cacng5	2474
2475	Prkca	chr11	107933387	108343928	protein_coding	ENSMUSG00000050965	-	Prkca	2475
2476	Gm11657	chr11	107994022	107994631	lncRNA	ENSMUSG00000086078	+	Gm11657	2476
2477	Mir7223	chr11	107996848	107996916	miRNA	ENSMUSG00000098989	+	Mir7223	2477
2478	Gm11655	chr11	108181850	108194126	lncRNA	ENSMUSG00000084978	+	Gm11655	2478
2479	Apoh	chr11	108343354	108414396	protein_coding	ENSMUSG00000000049	+	Apoh	2479
2480	Gm11656	chr11	108377877	108381093	lncRNA	ENSMUSG00000084916	+	Gm11656	2480
2481	Gm11667	chr11	108423273	108423758	processed_pseudogene	ENSMUSG00000082544	+	Gm11667	2481
2482	Cep112	chr11	108425192	108860615	protein_coding	ENSMUSG00000020728	+	Cep112	2482
2483	Cep112os1	chr11	108529097	108533664	lncRNA	ENSMUSG00000086761	-	Cep112os1	2483
2484	Olfr1397-ps1	chr11	108687074	108688035	unprocessed_pseudogene	ENSMUSG00000081016	-	Olfr1397-ps1	2484
2485	Rpl23a-ps14	chr11	108716483	108716906	processed_pseudogene	ENSMUSG00000083723	+	Rpl23a-ps14	2485
2486	Cep112it	chr11	108820333	108826942	lncRNA	ENSMUSG00000085811	+	Cep112it	2486
2487	Axin2	chr11	108920349	108950783	protein_coding	ENSMUSG00000000142	+	Axin2	2487
2488	Gm11670	chr11	108939310	108942015	lncRNA	ENSMUSG00000086268	-	Gm11670	2488
2489	Gm11668	chr11	109007651	109008781	processed_pseudogene	ENSMUSG00000081392	+	Gm11668	2489
2490	Gm24149	chr11	109066984	109067090	snRNA	ENSMUSG00000064691	-	Gm24149	2490
2491	E030025P04Rik	chr11	109139291	109144369	protein_coding	ENSMUSG00000078605	-	E030025P04Rik	2491
2492	Gm11658	chr11	109159187	109160194	processed_pseudogene	ENSMUSG00000081524	-	Gm11658	2492
2493	Rgs9	chr11	109225355	109298129	protein_coding	ENSMUSG00000020599	-	Rgs9	2493
2494	1700096J18Rik	chr11	109346839	109353651	lncRNA	ENSMUSG00000099630	+	1700096J18Rik	2494
2495	Gm11696	chr11	109352835	109363654	lncRNA	ENSMUSG00000056687	-	Gm11696	2495
2496	Gna13	chr11	109362831	109401369	protein_coding	ENSMUSG00000020611	+	Gna13	2496
2497	9930022D16Rik	chr11	109413917	109420405	protein_coding	ENSMUSG00000045065	+	9930022D16Rik	2497
2498	Amz2	chr11	109425946	109452813	protein_coding	ENSMUSG00000020610	+	Amz2	2498
2499	Gm15642	chr11	109437172	109438145	lncRNA	ENSMUSG00000085326	-	Gm15642	2499
2500	Slc16a6	chr11	109450855	109473598	protein_coding	ENSMUSG00000041920	-	Slc16a6	2500
2501	Gm25540	chr11	109466311	109466431	miRNA	ENSMUSG00000080530	-	Gm25540	2501
2502	Arsg	chr11	109473374	109573330	protein_coding	ENSMUSG00000020604	+	Arsg	2502
2503	Gm22378	chr11	109499714	109499824	snRNA	ENSMUSG00000088106	-	Gm22378	2503
2504	Wipi1	chr11	109573331	109611967	protein_coding	ENSMUSG00000041895	-	Wipi1	2504
2505	Gm11685	chr11	109616320	109641789	lncRNA	ENSMUSG00000086733	+	Gm11685	2505
2506	Prkar1a	chr11	109649405	109669656	protein_coding	ENSMUSG00000020612	+	Prkar1a	2506
2507	Fam20a	chr11	109669749	109722279	protein_coding	ENSMUSG00000020614	-	Fam20a	2507
2508	Gm11684	chr11	109768486	109770599	lncRNA	ENSMUSG00000085734	+	Gm11684	2508
2509	1700012B07Rik	chr11	109787651	109828046	protein_coding	ENSMUSG00000020617	-	1700012B07Rik	2509
2510	Gm11683	chr11	109797183	109802796	lncRNA	ENSMUSG00000087139	+	Gm11683	2510
2511	1700023C21Rik	chr11	109845878	109848476	lncRNA	ENSMUSG00000087393	+	1700023C21Rik	2511
2512	Abca8b	chr11	109932190	109995845	protein_coding	ENSMUSG00000020620	-	Abca8b	2512
2513	Gm11697	chr11	109936316	109938135	lncRNA	ENSMUSG00000085629	+	Gm11697	2513
2514	Abca8a	chr11	110025634	110095978	protein_coding	ENSMUSG00000041828	-	Abca8a	2514
2515	Abca9	chr11	110100749	110168196	protein_coding	ENSMUSG00000041797	-	Abca9	2515
2516	Abca6	chr11	110176820	110251776	protein_coding	ENSMUSG00000044749	-	Abca6	2516
2517	Abca5	chr11	110269369	110337716	protein_coding	ENSMUSG00000018800	-	Abca5	2517
2518	Map2k6	chr11	110399122	110525522	protein_coding	ENSMUSG00000020623	+	Map2k6	2518
2519	Gm11682	chr11	110544507	110546399	lncRNA	ENSMUSG00000085985	+	Gm11682	2519
2520	Kcnj16	chr11	110968033	111027968	protein_coding	ENSMUSG00000051497	+	Kcnj16	2520
2521	Kcnj2	chr11	111066164	111076821	protein_coding	ENSMUSG00000041695	+	Kcnj2	2521
2522	Gm11675	chr11	111276100	111276931	processed_pseudogene	ENSMUSG00000082272	+	Gm11675	2522
2523	Gm11677	chr11	111724648	111725624	processed_pseudogene	ENSMUSG00000081666	-	Gm11677	2523
2524	Gm11674	chr11	111796347	111800876	lncRNA	ENSMUSG00000086752	-	Gm11674	2524
2525	Gm11679	chr11	112042800	112043578	processed_pseudogene	ENSMUSG00000081088	-	Gm11679	2525
2526	Gm11680	chr11	112107438	112132196	lncRNA	ENSMUSG00000085324	+	Gm11680	2526
2527	BC006965	chr11	112663927	112781976	lncRNA	ENSMUSG00000041674	-	BC006965	2527
2528	Sox9	chr11	112782224	112787760	protein_coding	ENSMUSG00000000567	+	Sox9	2528
2529	Gm11681	chr11	112792731	112799008	lncRNA	ENSMUSG00000075437	-	Gm11681	2529
2530	4933434M16Rik	chr11	112825154	112832469	lncRNA	ENSMUSG00000020624	+	4933434M16Rik	2530
2531	2610035D17Rik	chr11	113043895	113201838	lncRNA	ENSMUSG00000087259	-	2610035D17Rik	2531
2532	4732490B19Rik	chr11	113203315	113209669	lncRNA	ENSMUSG00000085421	-	4732490B19Rik	2532
2533	Slc39a11	chr11	113244853	113650079	protein_coding	ENSMUSG00000041654	-	Slc39a11	2533
2534	Gm16487	chr11	113467977	113472014	pseudogene	ENSMUSG00000078251	+	Gm16487	2534
2535	Sstr2	chr11	113619342	113626028	protein_coding	ENSMUSG00000047904	+	Sstr2	2535
2536	Cog1	chr11	113649169	113667054	protein_coding	ENSMUSG00000018661	+	Cog1	2536
2537	Fam104a	chr11	113661319	113684155	protein_coding	ENSMUSG00000041629	-	Fam104a	2537
2538	Gm11693	chr11	113678530	113679331	processed_pseudogene	ENSMUSG00000083339	+	Gm11693	2538
2539	D11Wsu47e	chr11	113684412	113694647	protein_coding	ENSMUSG00000041623	+	D11Wsu47e	2539
2540	Cpsf4l	chr11	113698172	113710017	protein_coding	ENSMUSG00000018727	-	Cpsf4l	2540
2541	Cdc42ep4	chr11	113726850	113751881	protein_coding	ENSMUSG00000041598	-	Cdc42ep4	2541
2542	Gm11736	chr11	113756702	113757206	processed_pseudogene	ENSMUSG00000083090	+	Gm11736	2542
2543	Sdk2	chr11	113776374	114067046	protein_coding	ENSMUSG00000041592	-	Sdk2	2543
2544	1700025D23Rik	chr11	114091406	114095336	lncRNA	ENSMUSG00000086760	+	1700025D23Rik	2544
2545	1700001J04Rik	chr11	114185439	114186777	lncRNA	ENSMUSG00000086135	-	1700001J04Rik	2545
2546	1700092K14Rik	chr11	114198258	114199199	lncRNA	ENSMUSG00000078600	+	1700092K14Rik	2546
2547	Gm11690	chr11	114219239	114238502	lncRNA	ENSMUSG00000085844	-	Gm11690	2547
2548	Gm11691	chr11	114251843	114253127	lncRNA	ENSMUSG00000075431	+	Gm11691	2548
2549	Gm11692	chr11	114357129	114358261	processed_pseudogene	ENSMUSG00000081548	+	Gm11692	2549
2550	4932435O22Rik	chr11	114413401	114448860	lncRNA	ENSMUSG00000062391	-	4932435O22Rik	2550
2551	Rpl38	chr11	114668524	114672331	protein_coding	ENSMUSG00000057322	+	Rpl38	2551
2552	Ttyh2	chr11	114675431	114720977	protein_coding	ENSMUSG00000034714	+	Ttyh2	2552
2553	Dnaic2	chr11	114727408	114757889	protein_coding	ENSMUSG00000034706	+	Dnaic2	2553
2554	Kif19a	chr11	114765388	114790739	protein_coding	ENSMUSG00000010021	+	Kif19a	2554
2555	Btbd17	chr11	114791217	114795945	protein_coding	ENSMUSG00000000202	-	Btbd17	2555
2556	Gpr142	chr11	114798924	114806745	protein_coding	ENSMUSG00000034677	+	Gpr142	2556
2557	Gprc5c	chr11	114851152	114872617	protein_coding	ENSMUSG00000051043	+	Gprc5c	2557
2558	Cd300a	chr11	114890041	114904654	protein_coding	ENSMUSG00000034652	+	Cd300a	2558
2559	Gm11698	chr11	114908731	114909185	processed_pseudogene	ENSMUSG00000083237	+	Gm11698	2559
2560	Cd300lb	chr11	114922781	114934386	protein_coding	ENSMUSG00000063193	-	Cd300lb	2560
2561	Gm11699	chr11	114932871	114933271	processed_pseudogene	ENSMUSG00000083677	+	Gm11699	2561
2562	Cd300c	chr11	114956116	114969157	protein_coding	ENSMUSG00000058728	-	Cd300c	2562
2563	Cd300ld	chr11	114982274	114989922	protein_coding	ENSMUSG00000034641	-	Cd300ld	2563
2564	Cd300c2	chr11	114996721	115001880	protein_coding	ENSMUSG00000044811	-	Cd300c2	2564
2565	Cd300ld2	chr11	115010335	115016193	protein_coding	ENSMUSG00000089753	-	Cd300ld2	2565
2566	Cd300ld4	chr11	115020728	115027012	protein_coding	ENSMUSG00000069609	-	Cd300ld4	2566
2567	Cd300ld3	chr11	115042131	115048409	protein_coding	ENSMUSG00000069607	-	Cd300ld3	2567
2568	Cd300e	chr11	115051917	115062177	protein_coding	ENSMUSG00000048498	-	Cd300e	2568
2569	Rab37	chr11	115091431	115162236	protein_coding	ENSMUSG00000020732	+	Rab37	2569
2570	Cd300lf	chr11	115116214	115133992	protein_coding	ENSMUSG00000047798	-	Cd300lf	2570
2571	Slc9a3r1	chr11	115163341	115181181	protein_coding	ENSMUSG00000020733	+	Slc9a3r1	2571
2572	Nat9	chr11	115182832	115187859	protein_coding	ENSMUSG00000015542	-	Nat9	2572
2573	Tmem104	chr11	115187487	115247023	protein_coding	ENSMUSG00000045980	+	Tmem104	2573
2574	Grin2c	chr11	115249169	115267243	protein_coding	ENSMUSG00000020734	-	Grin2c	2574
2575	Gm25837	chr11	115253278	115253385	miRNA	ENSMUSG00000089544	+	Gm25837	2575
2576	Fdxr	chr11	115268024	115277050	protein_coding	ENSMUSG00000018861	-	Fdxr	2576
2577	Fads6	chr11	115279622	115297663	protein_coding	ENSMUSG00000044788	-	Fads6	2577
2578	Otop2	chr11	115307163	115332303	protein_coding	ENSMUSG00000050201	+	Otop2	2578
2579	Ush1g	chr11	115315192	115322041	protein_coding	ENSMUSG00000045288	-	Ush1g	2579
2580	Otop3	chr11	115334731	115346927	protein_coding	ENSMUSG00000018862	+	Otop3	2580
2581	Hid1	chr11	115347707	115367756	protein_coding	ENSMUSG00000034586	-	Hid1	2581
2582	Cdr2l	chr11	115381916	115396132	protein_coding	ENSMUSG00000050910	+	Cdr2l	2582
2583	Mrpl58	chr11	115403752	115412674	protein_coding	ENSMUSG00000018858	+	Mrpl58	2583
2584	Ict1os	chr11	115406586	115408314	lncRNA	ENSMUSG00000085072	-	Ict1os	2584
2585	Atp5h	chr11	115415689	115419962	protein_coding	ENSMUSG00000034566	-	Atp5h	2585
2586	Kctd2	chr11	115420128	115431274	protein_coding	ENSMUSG00000016940	+	Kctd2	2586
2587	Trim80	chr11	115440545	115448270	protein_coding	ENSMUSG00000070332	+	Trim80	2587
2588	Mir3968	chr11	115447961	115448060	miRNA	ENSMUSG00000093096	-	Mir3968	2588
2589	Gm11695	chr11	115462045	115463454	lncRNA	ENSMUSG00000085651	-	Gm11695	2589
2590	Slc16a5	chr11	115462474	115474398	protein_coding	ENSMUSG00000045775	+	Slc16a5	2590
2591	Armc7	chr11	115475667	115490467	protein_coding	ENSMUSG00000057219	+	Armc7	2591
2592	Nt5c	chr11	115490420	115491862	protein_coding	ENSMUSG00000020736	-	Nt5c	2592
2593	Gm11694	chr11	115493024	115493182	processed_pseudogene	ENSMUSG00000081376	+	Gm11694	2593
2594	Jpt1	chr11	115497353	115514387	protein_coding	ENSMUSG00000020737	-	Jpt1	2594
2595	Sumo2	chr11	115523102	115536276	protein_coding	ENSMUSG00000020738	-	Sumo2	2595
2596	Nup85	chr11	115564434	115583985	protein_coding	ENSMUSG00000020739	+	Nup85	2596
2597	Gga3	chr11	115584255	115604051	protein_coding	ENSMUSG00000020740	-	Gga3	2597
2598	Gm25364	chr11	115601656	115601762	snRNA	ENSMUSG00000089476	+	Gm25364	2598
2599	Mrps7	chr11	115603925	115608036	protein_coding	ENSMUSG00000046756	+	Mrps7	2599
2600	Mif4gd	chr11	115607918	115612969	protein_coding	ENSMUSG00000020743	-	Mif4gd	2600
2601	Slc25a19	chr11	115614178	115628295	protein_coding	ENSMUSG00000020744	-	Slc25a19	2601
2602	Grb2	chr11	115644045	115708597	protein_coding	ENSMUSG00000059923	-	Grb2	2602
2603	Gm11702	chr11	115657491	115657559	processed_pseudogene	ENSMUSG00000084277	-	Gm11702	2603
2604	Gm11703	chr11	115724326	115724808	processed_pseudogene	ENSMUSG00000083394	-	Gm11703	2604
2605	Gm23699	chr11	115727143	115727277	snoRNA	ENSMUSG00000089460	+	Gm23699	2605
2606	Gm11704	chr11	115729466	115729679	processed_pseudogene	ENSMUSG00000084130	+	Gm11704	2606
2607	Tmem94	chr11	115765433	115799366	protein_coding	ENSMUSG00000020747	+	Tmem94	2607
2608	Mir5621	chr11	115795824	115795886	miRNA	ENSMUSG00000093539	+	Mir5621	2608
2609	Caskin2	chr11	115799183	115813639	protein_coding	ENSMUSG00000034471	-	Caskin2	2609
2610	Tsen54	chr11	115814724	115823094	protein_coding	ENSMUSG00000020781	+	Tsen54	2610
2611	Llgl2	chr11	115824049	115855780	protein_coding	ENSMUSG00000020782	+	Llgl2	2611
2612	Myo15b	chr11	115858406	115892603	protein_coding	ENSMUSG00000034427	+	Myo15b	2612
2613	Recql5	chr11	115892595	115933477	protein_coding	ENSMUSG00000020752	-	Recql5	2613
2614	Smim5	chr11	115899966	115906269	protein_coding	ENSMUSG00000048442	+	Smim5	2614
2615	Smim6	chr11	115912017	115913920	protein_coding	ENSMUSG00000075420	+	Smim6	2615
2616	Recql5os1	chr11	115925027	115926143	lncRNA	ENSMUSG00000087072	+	Recql5os1	2616
2617	Sap30bp	chr11	115933282	115966725	protein_coding	ENSMUSG00000020755	+	Sap30bp	2617
2618	Sap30bpos	chr11	115946450	115952105	lncRNA	ENSMUSG00000087064	-	Sap30bpos	2618
2619	Itgb4	chr11	115974709	116008412	protein_coding	ENSMUSG00000020758	+	Itgb4	2619
2620	Galk1	chr11	116008457	116012719	protein_coding	ENSMUSG00000020766	-	Galk1	2620
2621	H3f3b	chr11	116021912	116027962	protein_coding	ENSMUSG00000016559	-	H3f3b	2621
2622	Unk	chr11	116030322	116061214	protein_coding	ENSMUSG00000020770	+	Unk	2622
2623	Unc13d	chr11	116062095	116077961	protein_coding	ENSMUSG00000057948	-	Unc13d	2623
2624	Wbp2	chr11	116078573	116086995	protein_coding	ENSMUSG00000034341	-	Wbp2	2624
2625	Trim47	chr11	116105752	116127210	protein_coding	ENSMUSG00000020773	-	Trim47	2625
2626	Trim65	chr11	116121846	116131128	protein_coding	ENSMUSG00000054517	-	Trim65	2626
2627	Mrpl38	chr11	116131817	116138868	protein_coding	ENSMUSG00000020775	-	Mrpl38	2627
2628	Fbf1	chr11	116142285	116168166	protein_coding	ENSMUSG00000020776	-	Fbf1	2628
2629	Gm26413	chr11	116163910	116164035	scaRNA	ENSMUSG00000104857	-	Gm26413	2629
2630	Acox1	chr11	116171888	116199045	protein_coding	ENSMUSG00000020777	-	Acox1	2630
2631	Ten1	chr11	116198855	116215318	protein_coding	ENSMUSG00000020778	+	Ten1	2631
2632	Cdk3	chr11	116216003	116220287	polymorphic_pseudogene	ENSMUSG00000092300	+	Cdk3	2632
2633	Evpl	chr11	116220559	116238077	protein_coding	ENSMUSG00000034282	-	Evpl	2633
2634	Srp68	chr11	116245166	116274217	protein_coding	ENSMUSG00000020780	-	Srp68	2634
2635	Galr2	chr11	116280939	116283938	protein_coding	ENSMUSG00000020793	+	Galr2	2635
2636	AL645861.1	chr11	116285558	116288240	unitary_pseudogene	ENSMUSG00000118502	+	AL645861.1	2636
2637	Exoc7	chr11	116288001	116307233	protein_coding	ENSMUSG00000020792	-	Exoc7	2637
2638	n-R5s74	chr11	116326602	116326717	rRNA	ENSMUSG00000064588	-	n-R5s74	2638
2639	Foxj1	chr11	116330704	116335399	protein_coding	ENSMUSG00000034227	-	Foxj1	2639
2640	Rnf157	chr11	116336353	116413032	protein_coding	ENSMUSG00000052949	-	Rnf157	2640
2641	Rps11-ps2	chr11	116382750	116383205	processed_pseudogene	ENSMUSG00000081929	+	Rps11-ps2	2641
2642	Ubald2	chr11	116434094	116439077	protein_coding	ENSMUSG00000050628	+	Ubald2	2642
2643	Qrich2	chr11	116441325	116466241	protein_coding	ENSMUSG00000070331	-	Qrich2	2643
2644	Gm11739	chr11	116466319	116474274	lncRNA	ENSMUSG00000086826	+	Gm11739	2644
2645	Prpsap1	chr11	116470845	116494202	protein_coding	ENSMUSG00000015869	-	Prpsap1	2645
2646	Rpl36-ps1	chr11	116504536	116504838	processed_pseudogene	ENSMUSG00000081318	+	Rpl36-ps1	2646
2647	Gm29292	chr11	116529215	116533077	lncRNA	ENSMUSG00000100779	-	Gm29292	2647
2648	Sphk1	chr11	116530925	116536674	protein_coding	ENSMUSG00000061878	+	Sphk1	2648
2649	Ube2o	chr11	116537740	116581447	protein_coding	ENSMUSG00000020802	-	Ube2o	2649
2650	Gm11742	chr11	116550418	116550650	processed_pseudogene	ENSMUSG00000083314	+	Gm11742	2650
2651	Aanat	chr11	116586432	116597680	protein_coding	ENSMUSG00000020804	+	Aanat	2651
2652	Rhbdf2	chr11	116598165	116627019	protein_coding	ENSMUSG00000020806	-	Rhbdf2	2652
2653	Cygb	chr11	116645595	116654313	protein_coding	ENSMUSG00000020810	-	Cygb	2653
2654	Prcd	chr11	116653534	116668389	protein_coding	ENSMUSG00000075410	+	Prcd	2654
2655	Snhg16	chr11	116671660	116675799	lncRNA	ENSMUSG00000020812	+	Snhg16	2655
2656	Snord1b	chr11	116674148	116674222	snoRNA	ENSMUSG00000077604	+	Snord1b	2656
2657	Snord1a	chr11	116674598	116674671	snoRNA	ENSMUSG00000065094	+	Snord1a	2657
2658	St6galnac2	chr11	116675303	116694868	protein_coding	ENSMUSG00000057286	-	St6galnac2	2658
2659	Gm11735	chr11	116739062	116749833	unprocessed_pseudogene	ENSMUSG00000078586	-	Gm11735	2659
2660	BC018473	chr11	116752167	116759373	lncRNA	ENSMUSG00000056032	+	BC018473	2660
2661	St6galnac1	chr11	116765025	116775507	protein_coding	ENSMUSG00000009588	-	St6galnac1	2661
2662	Mxra7	chr11	116803062	116828046	protein_coding	ENSMUSG00000020814	-	Mxra7	2662
2663	Jmjd6	chr11	116837432	116843449	protein_coding	ENSMUSG00000056962	-	Jmjd6	2663
2664	Gm27401	chr11	116839794	116839966	misc_RNA	ENSMUSG00000098792	-	Gm27401	2664
2665	Mettl23	chr11	116843278	116854263	protein_coding	ENSMUSG00000090266	+	Mettl23	2665
2666	Srsf2	chr11	116849901	116853094	protein_coding	ENSMUSG00000034120	-	Srsf2	2666
2667	Mfsd11	chr11	116852440	116875635	protein_coding	ENSMUSG00000020818	+	Mfsd11	2667
2668	Mgat5b	chr11	116918863	116986948	protein_coding	ENSMUSG00000043857	+	Mgat5b	2668
2669	Gm11728	chr11	117035078	117040193	lncRNA	ENSMUSG00000086902	-	Gm11728	2669
2670	Gm11731	chr11	117058425	117060268	lncRNA	ENSMUSG00000085104	+	Gm11731	2670
2671	Snhg20	chr11	117076008	117078955	lncRNA	ENSMUSG00000086859	+	Snhg20	2671
2672	Gm26083	chr11	117077243	117077435	scaRNA	ENSMUSG00000088529	+	Gm26083	2672
2673	Mir6516	chr11	117077348	117077457	miRNA	ENSMUSG00000104740	+	Mir6516	2673
2674	Gm24323	chr11	117085836	117085912	miRNA	ENSMUSG00000093083	+	Gm24323	2674
2675	Gm11730	chr11	117094948	117097067	lncRNA	ENSMUSG00000087057	-	Gm11730	2675
2676	Sec14l1	chr11	117115168	117159268	protein_coding	ENSMUSG00000020823	+	Sec14l1	2676
2677	Gm22667	chr11	117132490	117132817	misc_RNA	ENSMUSG00000089343	+	Gm22667	2677
2678	Gm11745	chr11	117134598	117135045	processed_pseudogene	ENSMUSG00000084052	+	Gm11745	2678
2679	Sept9	chr11	117199661	117362325	protein_coding	ENSMUSG00000059248	+	Sept9	2679
2680	Gm16045	chr11	117257649	117263437	lncRNA	ENSMUSG00000086050	-	Gm16045	2680
2681	Gm8624	chr11	117420637	117421717	transcribed_processed_pseudogene	ENSMUSG00000083705	-	Gm8624	2681
2682	Gm11732	chr11	117426178	117438866	lncRNA	ENSMUSG00000085336	+	Gm11732	2682
2683	Gm34418	chr11	117479875	117482597	lncRNA	ENSMUSG00000110653	-	Gm34418	2683
2684	Gm11733	chr11	117484368	117489014	protein_coding	ENSMUSG00000069588	+	Gm11733	2684
2685	Gm11734	chr11	117523603	117532205	lncRNA	ENSMUSG00000085419	+	Gm11734	2685
2686	2900041M22Rik	chr11	117611247	117613857	lncRNA	ENSMUSG00000054418	+	2900041M22Rik	2686
2687	Tnrc6c	chr11	117654289	117763439	protein_coding	ENSMUSG00000025571	+	Tnrc6c	2687
2688	Tmc6	chr11	117765988	117782198	protein_coding	ENSMUSG00000025572	-	Tmc6	2688
2689	Tmc8	chr11	117782076	117793110	protein_coding	ENSMUSG00000050106	+	Tmc8	2689
2690	Gm11723	chr11	117783326	117785055	lncRNA	ENSMUSG00000087486	-	Gm11723	2690
2691	Gm11724	chr11	117789897	117791313	lncRNA	ENSMUSG00000087669	-	Gm11724	2691
2692	6030468B19Rik	chr11	117797660	117807301	protein_coding	ENSMUSG00000025573	+	6030468B19Rik	2692
2693	Syngr2	chr11	117809668	117814283	protein_coding	ENSMUSG00000048277	+	Syngr2	2693
2694	Gm20708	chr11	117809668	117839904	protein_coding	ENSMUSG00000093485	+	Gm20708	2694
2695	Tk1	chr11	117815526	117826092	protein_coding	ENSMUSG00000025574	-	Tk1	2695
2696	Afmid	chr11	117825924	117839908	protein_coding	ENSMUSG00000017718	+	Afmid	2696
2697	Birc5	chr11	117849251	117855743	protein_coding	ENSMUSG00000017716	+	Birc5	2697
2698	Tmem235	chr11	117860752	117865543	protein_coding	ENSMUSG00000070330	+	Tmem235	2698
2699	Tha1	chr11	117867952	117873481	protein_coding	ENSMUSG00000017713	-	Tha1	2699
2700	Gm11725	chr11	117871250	117887416	lncRNA	ENSMUSG00000085434	+	Gm11725	2700
2701	Gm11726	chr11	117921905	117922328	processed_pseudogene	ENSMUSG00000082562	+	Gm11726	2701
2702	Socs3	chr11	117966079	117970047	protein_coding	ENSMUSG00000053113	-	Socs3	2702
2703	Pgs1	chr11	117986292	118024011	protein_coding	ENSMUSG00000017715	+	Pgs1	2703
2704	Dnah17	chr11	118021723	118130634	protein_coding	ENSMUSG00000033987	-	Dnah17	2704
2705	Gm11738	chr11	118114855	118118279	lncRNA	ENSMUSG00000085511	+	Gm11738	2705
2706	Cyth1	chr11	118132019	118248592	protein_coding	ENSMUSG00000017132	-	Cyth1	2706
2707	Gm24060	chr11	118180941	118181035	snRNA	ENSMUSG00000088119	-	Gm24060	2707
2708	Gm11737	chr11	118204712	118205179	processed_pseudogene	ENSMUSG00000080810	-	Gm11737	2708
2709	Usp36	chr11	118259651	118290244	protein_coding	ENSMUSG00000033909	-	Usp36	2709
2710	Timp2	chr11	118301069	118355740	protein_coding	ENSMUSG00000017466	-	Timp2	2710
2711	Cep295nl	chr11	118332360	118342500	protein_coding	ENSMUSG00000076433	-	Cep295nl	2711
2712	Lgals3bp	chr11	118392751	118402092	protein_coding	ENSMUSG00000033880	-	Lgals3bp	2712
2713	Cant1	chr11	118406289	118419086	protein_coding	ENSMUSG00000025575	-	Cant1	2713
2714	C1qtnf1	chr11	118428203	118449963	protein_coding	ENSMUSG00000017446	+	C1qtnf1	2714
2715	Gm11747	chr11	118444200	118454995	lncRNA	ENSMUSG00000086514	-	Gm11747	2715
2716	Gm11748	chr11	118476470	118479458	lncRNA	ENSMUSG00000087036	-	Gm11748	2716
2717	Engase	chr11	118476829	118489209	protein_coding	ENSMUSG00000033857	+	Engase	2717
2718	Rbfox3	chr11	118489762	118911597	protein_coding	ENSMUSG00000025576	-	Rbfox3	2718
2719	Gm11750	chr11	118791372	118793828	lncRNA	ENSMUSG00000085059	+	Gm11750	2719
2720	Gm25040	chr11	118852723	118852788	miRNA	ENSMUSG00000077065	-	Gm25040	2720
2721	Gm11749	chr11	118866257	118867220	lncRNA	ENSMUSG00000084887	-	Gm11749	2721
2722	Enpp7	chr11	118988188	118993221	protein_coding	ENSMUSG00000046697	+	Enpp7	2722
2723	Cbx2	chr11	119022962	119031270	protein_coding	ENSMUSG00000025577	+	Cbx2	2723
2724	Cbx8	chr11	119036305	119040969	protein_coding	ENSMUSG00000025578	-	Cbx8	2724
2725	Cbx4	chr11	119077573	119086221	protein_coding	ENSMUSG00000039989	-	Cbx4	2725
2726	Gm11754	chr11	119106328	119111425	lncRNA	ENSMUSG00000086306	-	Gm11754	2726
2727	Gm11755	chr11	119123011	119138421	lncRNA	ENSMUSG00000086547	-	Gm11755	2727
2728	Tbc1d16	chr11	119143045	119228499	protein_coding	ENSMUSG00000039976	-	Tbc1d16	2728
2729	Mir6934	chr11	119154076	119154137	miRNA	ENSMUSG00000098704	-	Mir6934	2729
2730	Gm11753	chr11	119183953	119184516	lncRNA	ENSMUSG00000085548	-	Gm11753	2730
2731	Gm11752	chr11	119220160	119222473	lncRNA	ENSMUSG00000087404	+	Gm11752	2731
2732	Ccdc40	chr11	119228572	119265238	protein_coding	ENSMUSG00000039963	+	Ccdc40	2732
2733	Gaa	chr11	119267887	119285454	protein_coding	ENSMUSG00000025579	+	Gaa	2733
2734	Eif4a3	chr11	119288363	119300089	protein_coding	ENSMUSG00000025580	-	Eif4a3	2734
2735	Card14	chr11	119307768	119345375	protein_coding	ENSMUSG00000013483	+	Card14	2735
2736	Sgsh	chr11	119343425	119355536	protein_coding	ENSMUSG00000005043	-	Sgsh	2736
2737	Slc26a11	chr11	119355557	119381079	protein_coding	ENSMUSG00000039908	+	Slc26a11	2737
2738	Rnf213	chr11	119393100	119487418	protein_coding	ENSMUSG00000070327	+	Rnf213	2738
2739	A930037H05Rik	chr11	119448788	119491298	lncRNA	ENSMUSG00000109408	-	A930037H05Rik	2739
2740	Endov	chr11	119491347	119511437	protein_coding	ENSMUSG00000039850	+	Endov	2740
2741	Nptx1	chr11	119538719	119547753	protein_coding	ENSMUSG00000025582	-	Nptx1	2741
2742	Gm11762	chr11	119548630	119569046	lncRNA	ENSMUSG00000087675	+	Gm11762	2742
2743	Rptor	chr11	119602905	119899576	protein_coding	ENSMUSG00000025583	+	Rptor	2743
2744	Gm11761	chr11	119646186	119646630	processed_pseudogene	ENSMUSG00000083870	-	Gm11761	2744
2745	Gm23663	chr11	119746401	119746480	snoRNA	ENSMUSG00000088670	+	Gm23663	2745
2746	Rptoros	chr11	119820812	119834365	lncRNA	ENSMUSG00000085081	-	Rptoros	2746
2747	Chmp6	chr11	119913441	119919548	protein_coding	ENSMUSG00000025371	+	Chmp6	2747
2748	Gm11767	chr11	119935803	119942698	lncRNA	ENSMUSG00000085207	-	Gm11767	2748
2749	Gm11766	chr11	119938511	119942074	lncRNA	ENSMUSG00000086924	+	Gm11766	2749
2750	Baiap2	chr11	119942763	120006782	protein_coding	ENSMUSG00000025372	+	Baiap2	2750
2751	Aatk	chr11	120007313	120047167	protein_coding	ENSMUSG00000025375	-	Aatk	2751
2752	Mir338	chr11	120014765	120014862	miRNA	ENSMUSG00000065600	-	Mir338	2752
2753	Mir3065	chr11	120014767	120014853	miRNA	ENSMUSG00000105524	+	Mir3065	2753
2754	Gm47846	chr11	120059101	120059367	unitary_pseudogene	ENSMUSG00000113114	+	Gm47846	2754
2755	Cep131	chr11	120064430	120086827	protein_coding	ENSMUSG00000039781	-	Cep131	2755
2756	Gm25948	chr11	120068127	120068238	miRNA	ENSMUSG00000093075	-	Gm25948	2756
2757	Tepsin	chr11	120090531	120098731	protein_coding	ENSMUSG00000025377	-	Tepsin	2757
2758	Ndufaf8	chr11	120098928	120100705	protein_coding	ENSMUSG00000078572	+	Ndufaf8	2758
2759	Slc38a10	chr11	120103960	120151346	protein_coding	ENSMUSG00000061306	-	Slc38a10	2759
2760	Gm11769	chr11	120150562	120152341	lncRNA	ENSMUSG00000085636	+	Gm11769	2760
2761	2810410L24Rik	chr11	120185400	120189852	lncRNA	ENSMUSG00000075389	-	2810410L24Rik	2761
2762	Gm11770	chr11	120215082	120216993	lncRNA	ENSMUSG00000086750	-	Gm11770	2762
2763	2900052L18Rik	chr11	120229802	120231585	lncRNA	ENSMUSG00000043993	-	2900052L18Rik	2763
2764	Bahcc1	chr11	120232947	120292296	protein_coding	ENSMUSG00000039741	+	Bahcc1	2764
2765	Gm11772	chr11	120235234	120236122	lncRNA	ENSMUSG00000085501	-	Gm11772	2765
2766	Gm47297	chr11	120274487	120274624	miRNA	ENSMUSG00000104657	+	Gm47297	2766
2767	Actg1	chr11	120345690	120348542	protein_coding	ENSMUSG00000062825	-	Actg1	2767
2768	Gm23419	chr11	120346736	120346819	miRNA	ENSMUSG00000093264	-	Gm23419	2768
2769	Mir6935	chr11	120347350	120347413	miRNA	ENSMUSG00000098955	-	Mir6935	2769
2770	0610009L18Rik	chr11	120348678	120351190	lncRNA	ENSMUSG00000043644	+	0610009L18Rik	2770
2771	Fscn2	chr11	120361534	120368168	protein_coding	ENSMUSG00000025380	+	Fscn2	2771
2772	Faap100	chr11	120369055	120378764	protein_coding	ENSMUSG00000025384	-	Faap100	2772
2773	Nploc4	chr11	120380370	120437708	protein_coding	ENSMUSG00000039703	-	Nploc4	2773
2774	Tspan10	chr11	120442644	120446950	protein_coding	ENSMUSG00000039691	+	Tspan10	2774
2775	Pde6g	chr11	120447605	120453500	protein_coding	ENSMUSG00000025386	-	Pde6g	2775
2776	Oxld1	chr11	120456606	120458068	protein_coding	ENSMUSG00000039670	-	Oxld1	2776
2777	Ccdc137	chr11	120458115	120464358	protein_coding	ENSMUSG00000049957	+	Ccdc137	2777
2778	Arl16	chr11	120464866	120467607	protein_coding	ENSMUSG00000057594	-	Arl16	2778
2779	Hgs	chr11	120467635	120483979	protein_coding	ENSMUSG00000025793	+	Hgs	2779
2780	Mrpl12	chr11	120484613	120489065	protein_coding	ENSMUSG00000039640	+	Mrpl12	2780
2781	Gm11788	chr11	120489406	120492394	lncRNA	ENSMUSG00000086929	-	Gm11788	2781
2782	Slc25a10	chr11	120491840	120499187	protein_coding	ENSMUSG00000025792	+	Slc25a10	2782
2783	Gm11789	chr11	120526855	120531784	lncRNA	ENSMUSG00000084983	-	Gm11789	2783
2784	Gcgr	chr11	120530699	120538986	protein_coding	ENSMUSG00000025127	+	Gcgr	2784
2785	Mcrip1	chr11	120542888	120549727	protein_coding	ENSMUSG00000061111	-	Mcrip1	2785
2786	Ppp1r27	chr11	120549979	120551132	protein_coding	ENSMUSG00000025129	-	Ppp1r27	2786
2787	P4hb	chr11	120560298	120573253	protein_coding	ENSMUSG00000025130	-	P4hb	2787
2788	Arhgdia	chr11	120578104	120581624	protein_coding	ENSMUSG00000025132	-	Arhgdia	2788
2789	Gm3807	chr11	120581670	120582837	TEC	ENSMUSG00000102881	+	Gm3807	2789
2790	Alyref	chr11	120592121	120598365	protein_coding	ENSMUSG00000025134	-	Alyref	2790
2791	Anapc11	chr11	120598421	120608198	protein_coding	ENSMUSG00000025135	+	Anapc11	2791
2792	Npb	chr11	120608477	120609093	protein_coding	ENSMUSG00000044034	+	Npb	2792
2793	Pcyt2	chr11	120610087	120617936	protein_coding	ENSMUSG00000025137	-	Pcyt2	2793
2794	Sirt7	chr11	120618372	120625240	protein_coding	ENSMUSG00000025138	-	Sirt7	2794
2795	Mir6936	chr11	120624823	120624876	miRNA	ENSMUSG00000098282	-	Mir6936	2795
2796	Mafg	chr11	120625117	120633600	protein_coding	ENSMUSG00000051510	-	Mafg	2796
2797	Pycr1	chr11	120635712	120643769	protein_coding	ENSMUSG00000025140	-	Pycr1	2797
2798	Myadml2	chr11	120646031	120648158	protein_coding	ENSMUSG00000025141	-	Myadml2	2798
2799	Myadml2os	chr11	120647670	120657061	lncRNA	ENSMUSG00000084822	+	Myadml2os	2799
2800	Notum	chr11	120653788	120661175	protein_coding	ENSMUSG00000042988	-	Notum	2800
2801	Notumos	chr11	120659157	120661815	lncRNA	ENSMUSG00000053613	+	Notumos	2801
2802	Aspscr1	chr11	120672973	120709447	protein_coding	ENSMUSG00000025142	+	Aspscr1	2802
2803	Gm17178	chr11	120689146	120709447	lncRNA	ENSMUSG00000090758	-	Gm17178	2803
2804	Cenpx	chr11	120710942	120713738	protein_coding	ENSMUSG00000025144	-	Cenpx	2804
2805	Lrrc45	chr11	120713925	120721128	protein_coding	ENSMUSG00000025145	+	Lrrc45	2805
2806	Rac3	chr11	120721470	120723969	protein_coding	ENSMUSG00000018012	+	Rac3	2806
2807	Dcxr	chr11	120725399	120727281	protein_coding	ENSMUSG00000039450	-	Dcxr	2807
2808	Cbr2	chr11	120729489	120732114	protein_coding	ENSMUSG00000025150	-	Cbr2	2808
2809	Hmga1b	chr11	120762794	120764419	protein_coding	ENSMUSG00000078249	+	Hmga1b	2809
2810	Gm11771	chr11	120765310	120767365	unprocessed_pseudogene	ENSMUSG00000083618	+	Gm11771	2810
2811	Rfng	chr11	120780746	120784207	protein_coding	ENSMUSG00000025158	-	Rfng	2811
2812	Gps1	chr11	120784272	120789102	protein_coding	ENSMUSG00000025156	+	Gps1	2812
2813	Dus1l	chr11	120789201	120796403	protein_coding	ENSMUSG00000025155	-	Dus1l	2813
2814	Fasn	chr11	120805846	120824547	protein_coding	ENSMUSG00000025153	-	Fasn	2814
2815	Ccdc57	chr11	120826529	120932872	protein_coding	ENSMUSG00000048445	-	Ccdc57	2815
2816	Gm11773	chr11	120831029	120834244	lncRNA	ENSMUSG00000087638	+	Gm11773	2816
2817	Slc16a3	chr11	120948480	120960868	protein_coding	ENSMUSG00000025161	+	Slc16a3	2817
2818	Csnk1d	chr11	120958990	120991330	protein_coding	ENSMUSG00000025162	-	Csnk1d	2818
2819	Gm28192	chr11	120963844	120964764	lncRNA	ENSMUSG00000100629	+	Gm28192	2819
2820	Gm11774	chr11	121003492	121003784	processed_pseudogene	ENSMUSG00000081686	-	Gm11774	2820
2821	Gm11775	chr11	121029402	121052357	lncRNA	ENSMUSG00000086835	+	Gm11775	2821
2822	Gm22152	chr11	121030858	121030982	snoRNA	ENSMUSG00000080616	+	Gm22152	2822
2823	Cd7	chr11	121036747	121039418	protein_coding	ENSMUSG00000025163	-	Cd7	2823
2824	Sectm1b	chr11	121053458	121063569	protein_coding	ENSMUSG00000039364	-	Sectm1b	2824
2825	Sectm1a	chr11	121067407	121081220	protein_coding	ENSMUSG00000025165	-	Sectm1a	2825
2826	Gm11792	chr11	121092392	121092559	processed_pseudogene	ENSMUSG00000083137	-	Gm11792	2826
2827	Gm11791	chr11	121096641	121097207	lncRNA	ENSMUSG00000084853	-	Gm11791	2827
2828	Gm11793	chr11	121106147	121107127	processed_pseudogene	ENSMUSG00000082510	-	Gm11793	2828
2829	Tex19.2	chr11	121116215	121118677	protein_coding	ENSMUSG00000039337	-	Tex19.2	2829
2830	Tex19.1	chr11	121146143	121148319	protein_coding	ENSMUSG00000039329	+	Tex19.1	2830
2831	Uts2r	chr11	121160271	121161973	protein_coding	ENSMUSG00000039321	+	Uts2r	2831
2832	Gm11790	chr11	121165471	121165925	processed_pseudogene	ENSMUSG00000081835	-	Gm11790	2832
2833	Ogfod3	chr11	121177591	121204711	protein_coding	ENSMUSG00000025169	-	Ogfod3	2833
2834	Hexdc	chr11	121204433	121222655	protein_coding	ENSMUSG00000039307	+	Hexdc	2834
2835	Cybc1	chr11	121222588	121229322	protein_coding	ENSMUSG00000039294	-	Cybc1	2835
2836	Narf	chr11	121237253	121255856	protein_coding	ENSMUSG00000000056	+	Narf	2836
2837	Foxk2	chr11	121259990	121309896	protein_coding	ENSMUSG00000039275	+	Foxk2	2837
2838	Wdr45b	chr11	121327224	121354445	protein_coding	ENSMUSG00000025173	-	Wdr45b	2838
2839	Rab40b	chr11	121356125	121388251	protein_coding	ENSMUSG00000025170	-	Rab40b	2839
2840	Mir7236	chr11	121387145	121387204	miRNA	ENSMUSG00000098981	-	Mir7236	2840
2841	Gm11866	chr11	121415092	121415426	processed_pseudogene	ENSMUSG00000083155	-	Gm11866	2841
2842	Fn3krp	chr11	121421401	121431288	protein_coding	ENSMUSG00000039253	+	Fn3krp	2842
2843	Fn3k	chr11	121434913	121450491	protein_coding	ENSMUSG00000025175	+	Fn3k	2843
2844	Tbcd	chr11	121451949	121617164	protein_coding	ENSMUSG00000039230	+	Tbcd	2844
2845	Zfp750	chr11	121510978	121519333	protein_coding	ENSMUSG00000039238	-	Zfp750	2845
2846	B3gntl1	chr11	121616197	121673153	protein_coding	ENSMUSG00000046605	-	B3gntl1	2846
2847	Metrnl	chr11	121701544	121716306	protein_coding	ENSMUSG00000039208	+	Metrnl	2847
2848	Gm12589	chr11	121803107	121810319	lncRNA	ENSMUSG00000085126	+	Gm12589	2848
2849	Gm29513	chr11	121817408	121817609	lncRNA	ENSMUSG00000099690	+	Gm29513	2849
2850	Ptchd3	chr11	121830247	121843423	protein_coding	ENSMUSG00000039198	+	Ptchd3	2850
2851	Gm12586	chr11	121856773	121861227	unprocessed_pseudogene	ENSMUSG00000084401	+	Gm12586	2851
2852	Gm12590	chr11	121882333	121883863	lncRNA	ENSMUSG00000086684	-	Gm12590	2852
2853	Gm12587	chr11	121886542	121886968	processed_pseudogene	ENSMUSG00000082947	-	Gm12587	2853
2854	Gm12591	chr11	121968211	121970685	unprocessed_pseudogene	ENSMUSG00000082831	-	Gm12591	2854
