	gene_name	chr	start	end	type	ensembl_id	strand	gene_name2	Node_ID
0	Gm50072	chr18	3015908	3016159	processed_pseudogene	ENSMUSG00000117547	+	Gm50072	0
1	Vmn1r-ps151	chr18	3026901	3027882	unprocessed_pseudogene	ENSMUSG00000093774	-	Vmn1r-ps151	1
2	Gm50073	chr18	3105167	3105396	processed_pseudogene	ENSMUSG00000117531	-	Gm50073	2
3	Vmn1r238	chr18	3122492	3123412	protein_coding	ENSMUSG00000091539	-	Vmn1r238	3
4	Gm50075	chr18	3171447	3171932	processed_pseudogene	ENSMUSG00000117464	-	Gm50075	4
5	Crem	chr18	3266048	3337748	protein_coding	ENSMUSG00000063889	-	Crem	5
6	Gm6225	chr18	3336680	3366863	lncRNA	ENSMUSG00000097746	+	Gm6225	6
7	Cul2	chr18	3382988	3436377	protein_coding	ENSMUSG00000024231	+	Cul2	7
8	Gm6235	chr18	3446814	3447222	processed_pseudogene	ENSMUSG00000117370	+	Gm6235	8
9	G430049J08Rik	chr18	3471630	3474315	TEC	ENSMUSG00000096528	+	G430049J08Rik	9
10	Gm50089	chr18	3484218	3485193	processed_pseudogene	ENSMUSG00000117469	+	Gm50089	10
11	Bambi	chr18	3507923	3516404	protein_coding	ENSMUSG00000024232	+	Bambi	11
12	Gm50090	chr18	3558675	3560037	processed_pseudogene	ENSMUSG00000117454	+	Gm50090	12
13	Gm50091	chr18	3616281	3618242	TEC	ENSMUSG00000117506	+	Gm50091	13
14	Gm23643	chr18	3770741	3770804	snRNA	ENSMUSG00000088480	-	Gm23643	14
15	Rpl7a-ps6	chr18	3857769	3858580	processed_pseudogene	ENSMUSG00000117463	-	Rpl7a-ps6	15
16	Gm24632	chr18	3860108	3860430	misc_RNA	ENSMUSG00000084719	+	Gm24632	16
17	Gm7378	chr18	4010256	4011157	processed_pseudogene	ENSMUSG00000117395	+	Gm7378	17
18	Gm6248	chr18	4052351	4052536	processed_pseudogene	ENSMUSG00000117565	-	Gm6248	18
19	Lyzl1	chr18	4165832	4182232	protein_coding	ENSMUSG00000024233	+	Lyzl1	19
20	Gm10557	chr18	4198320	4198938	processed_pseudogene	ENSMUSG00000073647	-	Gm10557	20
21	Gm7400	chr18	4293099	4294482	processed_pseudogene	ENSMUSG00000117482	-	Gm7400	21
22	Map3k8	chr18	4331327	4353015	protein_coding	ENSMUSG00000024235	-	Map3k8	22
23	4833419F23Rik	chr18	4353558	4368920	lncRNA	ENSMUSG00000117401	+	4833419F23Rik	23
24	Gm50096	chr18	4353644	4380723	lncRNA	ENSMUSG00000117594	+	Gm50096	24
25	Gm26865	chr18	4373669	4379985	lncRNA	ENSMUSG00000097641	-	Gm26865	25
26	Mtpap	chr18	4375592	4397330	protein_coding	ENSMUSG00000024234	+	Mtpap	26
27	Gm50023	chr18	4399328	4400910	lncRNA	ENSMUSG00000117579	+	Gm50023	27
28	Gm7411	chr18	4484469	4485501	processed_pseudogene	ENSMUSG00000117640	+	Gm7411	28
29	Gm50024	chr18	4590763	4616064	lncRNA	ENSMUSG00000117521	+	Gm50024	29
30	Jcad	chr18	4634878	4682869	protein_coding	ENSMUSG00000033960	+	Jcad	30
31	Gm5047	chr18	4743076	4743876	processed_pseudogene	ENSMUSG00000117585	+	Gm5047	31
32	Gm10556	chr18	4812486	4850959	lncRNA	ENSMUSG00000097043	+	Gm10556	32
33	Svil	chr18	4920540	5119299	protein_coding	ENSMUSG00000024236	+	Svil	33
34	Gm26682	chr18	5162839	5165731	lncRNA	ENSMUSG00000097888	-	Gm26682	34
35	Zfp438	chr18	5210029	5334807	protein_coding	ENSMUSG00000050945	-	Zfp438	35
36	Gm50064	chr18	5348258	5361861	lncRNA	ENSMUSG00000117520	-	Gm50064	36
37	Gm50065	chr18	5368541	5370482	lncRNA	ENSMUSG00000117617	-	Gm50065	37
38	Gm10125	chr18	5491503	5593505	lncRNA	ENSMUSG00000063087	-	Gm10125	38
39	Gm26575	chr18	5572824	5575055	lncRNA	ENSMUSG00000097926	-	Gm26575	39
40	Gm2238	chr18	5588043	5591711	TEC	ENSMUSG00000103138	-	Gm2238	40
41	Zeb1	chr18	5591860	5775467	protein_coding	ENSMUSG00000024238	+	Zeb1	41
42	Gm16147	chr18	5611558	5611930	processed_pseudogene	ENSMUSG00000090078	-	Gm16147	42
43	Gm34804	chr18	5945183	5965965	lncRNA	ENSMUSG00000117508	+	Gm34804	43
44	Gm41662	chr18	6014254	6015021	TEC	ENSMUSG00000117548	-	Gm41662	44
45	Arhgap12	chr18	6024427	6136098	protein_coding	ENSMUSG00000041225	-	Arhgap12	45
46	Kif5b	chr18	6201002	6242174	protein_coding	ENSMUSG00000006740	-	Kif5b	46
47	Gm17036	chr18	6213913	6227324	lncRNA	ENSMUSG00000091165	+	Gm17036	47
48	Gm41664	chr18	6240814	6268387	lncRNA	ENSMUSG00000117519	+	Gm41664	48
49	Rpl27-ps3	chr18	6332632	6333042	processed_pseudogene	ENSMUSG00000073640	+	Rpl27-ps3	49
50	Gm49986	chr18	6368360	6368797	processed_pseudogene	ENSMUSG00000117387	+	Gm49986	50
51	Gm6291	chr18	6371352	6371660	processed_pseudogene	ENSMUSG00000095614	-	Gm6291	51
52	Epc1	chr18	6435951	6516108	protein_coding	ENSMUSG00000024240	-	Epc1	52
53	Gm28529	chr18	6490143	6496962	lncRNA	ENSMUSG00000101320	+	Gm28529	53
54	Mir1893	chr18	6490564	6490646	miRNA	ENSMUSG00000084514	-	Mir1893	54
55	Gm7464	chr18	6557130	6557796	processed_pseudogene	ENSMUSG00000117425	+	Gm7464	55
56	4921524L21Rik	chr18	6603629	6638970	protein_coding	ENSMUSG00000039540	+	4921524L21Rik	56
57	Gm50077	chr18	6687843	6691317	processed_pseudogene	ENSMUSG00000117620	-	Gm50077	57
58	Rab18	chr18	6733905	6794429	protein_coding	ENSMUSG00000073639	+	Rab18	58
59	Gm7466	chr18	6760516	6760959	processed_pseudogene	ENSMUSG00000117359	-	Gm7466	59
60	Gm50081	chr18	6788768	6792137	lncRNA	ENSMUSG00000117461	+	Gm50081	60
61	Gm2350	chr18	6910459	6936621	lncRNA	ENSMUSG00000117652	-	Gm2350	61
62	Mkx	chr18	6934518	7004780	protein_coding	ENSMUSG00000061013	-	Mkx	62
63	Gm46633	chr18	7004963	7006405	lncRNA	ENSMUSG00000117356	+	Gm46633	63
64	Armc4	chr18	7088209	7297936	protein_coding	ENSMUSG00000061802	-	Armc4	64
65	Gm18581	chr18	7107181	7108183	processed_pseudogene	ENSMUSG00000117360	-	Gm18581	65
66	4930415O11Rik	chr18	7150344	7151777	TEC	ENSMUSG00000117383	-	4930415O11Rik	66
67	Mpp7	chr18	7347959	7626866	protein_coding	ENSMUSG00000057440	-	Mpp7	67
68	Gm18948	chr18	7548987	7549581	processed_pseudogene	ENSMUSG00000117556	+	Gm18948	68
69	Fabp5l2	chr18	7581516	7581920	processed_pseudogene	ENSMUSG00000094334	+	Fabp5l2	69
70	Gm18763	chr18	7684530	7692726	processed_pseudogene	ENSMUSG00000117542	-	Gm18763	70
71	Gm24292	chr18	7835177	7835283	snRNA	ENSMUSG00000064822	+	Gm24292	71
72	Gm50027	chr18	7844684	7844935	processed_pseudogene	ENSMUSG00000117462	-	Gm50027	72
73	Gm9993	chr18	7868018	7869113	lncRNA	ENSMUSG00000117505	-	Gm9993	73
74	Wac	chr18	7868832	7929028	protein_coding	ENSMUSG00000024283	+	Wac	74
75	Gm7502	chr18	7932782	7933514	processed_pseudogene	ENSMUSG00000091019	+	Gm7502	75
76	Gm4833	chr18	8051203	8051992	processed_pseudogene	ENSMUSG00000117428	+	Gm4833	76
77	Gm35031	chr18	8180579	8192719	lncRNA	ENSMUSG00000117490	+	Gm35031	77
78	Gm20147	chr18	8227514	8228006	processed_pseudogene	ENSMUSG00000117385	-	Gm20147	78
79	Gm5500	chr18	8415129	8416047	processed_pseudogene	ENSMUSG00000117484	+	Gm5500	79
80	Gm35232	chr18	8679051	8679292	processed_pseudogene	ENSMUSG00000117424	+	Gm35232	80
81	Gm37148	chr18	8928235	8929826	TEC	ENSMUSG00000103172	+	Gm37148	81
82	Gm7523	chr18	8967744	8968796	processed_pseudogene	ENSMUSG00000117549	+	Gm7523	82
83	Gm18526	chr18	9099708	9100255	processed_pseudogene	ENSMUSG00000117483	-	Gm18526	83
84	Fzd8	chr18	9212163	9218136	protein_coding	ENSMUSG00000036904	+	Fzd8	84
85	Gjd4	chr18	9278607	9282809	protein_coding	ENSMUSG00000036855	-	Gjd4	85
86	Gm50053	chr18	9304635	9305080	processed_pseudogene	ENSMUSG00000117644	+	Gm50053	86
87	Ccny	chr18	9312304	9450154	protein_coding	ENSMUSG00000024286	-	Ccny	87
88	Gm50055	chr18	9434823	9436850	TEC	ENSMUSG00000117448	-	Gm50055	88
89	Gm7527	chr18	9495621	9496509	processed_pseudogene	ENSMUSG00000117503	+	Gm7527	89
90	Gm7532	chr18	9538258	9539766	processed_pseudogene	ENSMUSG00000117435	+	Gm7532	90
91	Gm7274	chr18	9543831	9545889	processed_pseudogene	ENSMUSG00000117349	+	Gm7274	91
92	Gm46641	chr18	9547297	9552238	processed_pseudogene	ENSMUSG00000117641	+	Gm46641	92
93	Cetn1	chr18	9615524	9619478	protein_coding	ENSMUSG00000050996	-	Cetn1	93
94	Gm4834	chr18	9628862	9632479	processed_pseudogene	ENSMUSG00000117402	+	Gm4834	94
95	Colec12	chr18	9707595	9882644	protein_coding	ENSMUSG00000036103	+	Colec12	95
96	Gm50080	chr18	9711293	9714534	TEC	ENSMUSG00000117390	+	Gm50080	96
97	Gm50078	chr18	9716439	9719169	TEC	ENSMUSG00000117597	+	Gm50078	97
98	Gm17430	chr18	9726205	9726670	processed_pseudogene	ENSMUSG00000091285	-	Gm17430	98
99	Gm7497	chr18	9748732	9749724	processed_pseudogene	ENSMUSG00000098235	+	Gm7497	99
100	Gm23350	chr18	9763160	9763262	snRNA	ENSMUSG00000089054	-	Gm23350	100
101	Gm50079	chr18	9818784	9820462	TEC	ENSMUSG00000117619	+	Gm50079	101
102	Gm23637	chr18	9827026	9827119	miRNA	ENSMUSG00000092816	-	Gm23637	102
103	Gm2424	chr18	9909193	9910498	processed_pseudogene	ENSMUSG00000117453	+	Gm2424	103
104	Gm5501	chr18	9916927	9917758	processed_pseudogene	ENSMUSG00000092039	+	Gm5501	104
105	Thoc1	chr18	9957906	9995489	protein_coding	ENSMUSG00000024287	+	Thoc1	105
106	Usp14	chr18	9993066	10045119	protein_coding	ENSMUSG00000047879	-	Usp14	106
107	Rock1	chr18	10064401	10182045	protein_coding	ENSMUSG00000024290	-	Rock1	107
108	Gm2531	chr18	10145453	10145965	pseudogene	ENSMUSG00000058567	-	Gm2531	108
109	Gm26244	chr18	10150977	10151140	snRNA	ENSMUSG00000095616	-	Gm26244	109
110	Gm50032	chr18	10194441	10194781	processed_pseudogene	ENSMUSG00000117510	-	Gm50032	110
111	Gm7156	chr18	10197676	10198174	processed_pseudogene	ENSMUSG00000117512	-	Gm7156	111
112	Gm19052	chr18	10217043	10238921	transcribed_processed_pseudogene	ENSMUSG00000117492	+	Gm19052	112
113	Gm5686	chr18	10262207	10263285	processed_pseudogene	ENSMUSG00000117552	+	Gm5686	113
114	Gm50033	chr18	10307103	10307820	TEC	ENSMUSG00000117363	-	Gm50033	114
115	Greb1l	chr18	10325177	10562940	protein_coding	ENSMUSG00000042942	+	Greb1l	115
116	Gm44409	chr18	10365908	10366073	miRNA	ENSMUSG00000105513	-	Gm44409	116
117	Nutf2-ps2	chr18	10483087	10483465	processed_pseudogene	ENSMUSG00000094111	-	Nutf2-ps2	117
118	Gm24894	chr18	10551289	10551406	snoRNA	ENSMUSG00000084693	-	Gm24894	118
119	Esco1	chr18	10566507	10610352	protein_coding	ENSMUSG00000024293	-	Esco1	119
120	Snrpd1	chr18	10617775	10642079	protein_coding	ENSMUSG00000002477	+	Snrpd1	120
121	Abhd3	chr18	10642092	10706771	protein_coding	ENSMUSG00000002475	-	Abhd3	121
122	4930563E18Rik	chr18	10706860	10711832	lncRNA	ENSMUSG00000097387	+	4930563E18Rik	122
123	Mib1	chr18	10725548	10818704	protein_coding	ENSMUSG00000024294	+	Mib1	123
124	Gm25116	chr18	10757536	10757657	snoRNA	ENSMUSG00000087816	+	Gm25116	124
125	Mir133a-1hg	chr18	10781723	10785883	lncRNA	ENSMUSG00000095438	-	Mir133a-1hg	125
126	Mir133a-1	chr18	10782909	10782976	miRNA	ENSMUSG00000065399	-	Mir133a-1	126
127	Mir1b	chr18	10785446	10785567	miRNA	ENSMUSG00000080662	+	Mir1b	127
128	Mir1a-2	chr18	10785481	10785552	miRNA	ENSMUSG00000106348	-	Mir1a-2	128
129	Gm18764	chr18	10859680	10860433	processed_pseudogene	ENSMUSG00000117593	+	Gm18764	129
130	Gm7575	chr18	10928884	10931510	processed_pseudogene	ENSMUSG00000117563	+	Gm7575	130
131	1010001N08Rik	chr18	10987944	11052567	lncRNA	ENSMUSG00000097222	-	1010001N08Rik	131
132	Gata6	chr18	11052064	11085635	protein_coding	ENSMUSG00000005836	+	Gata6	132
133	Rbbp8	chr18	11633276	11745221	protein_coding	ENSMUSG00000041238	+	Rbbp8	133
134	Gm50069	chr18	11655420	11657784	lncRNA	ENSMUSG00000117634	-	Gm50069	134
135	Gm18713	chr18	11752279	11752555	processed_pseudogene	ENSMUSG00000117589	-	Gm18713	135
136	Gm6277	chr18	11820671	11840869	lncRNA	ENSMUSG00000097440	-	Gm6277	136
137	Cables1	chr18	11839220	11945630	protein_coding	ENSMUSG00000040957	+	Cables1	137
138	Mir1901	chr18	11840361	11840438	miRNA	ENSMUSG00000084565	-	Mir1901	138
139	Gm49968	chr18	11913131	11915903	TEC	ENSMUSG00000117430	+	Gm49968	139
140	Tmem241	chr18	11964450	12121537	protein_coding	ENSMUSG00000049411	-	Tmem241	140
141	Riok3	chr18	12128741	12157387	protein_coding	ENSMUSG00000024404	+	Riok3	141
142	Gm25289	chr18	12163438	12163556	snRNA	ENSMUSG00000084748	+	Gm25289	142
143	Rmc1	chr18	12168717	12190658	protein_coding	ENSMUSG00000024410	+	Rmc1	143
144	Npc1	chr18	12189692	12236400	protein_coding	ENSMUSG00000024413	-	Npc1	144
145	Gm15956	chr18	12193768	12198675	lncRNA	ENSMUSG00000086935	+	Gm15956	145
146	Ankrd29	chr18	12252362	12305797	protein_coding	ENSMUSG00000057766	-	Ankrd29	146
147	Gm16072	chr18	12287404	12289780	processed_pseudogene	ENSMUSG00000082051	+	Gm16072	147
148	Lama3	chr18	12333819	12583013	protein_coding	ENSMUSG00000024421	+	Lama3	148
149	Gm29201	chr18	12365799	12366229	processed_pseudogene	ENSMUSG00000099663	+	Gm29201	149
150	Gm29199	chr18	12498688	12499462	processed_pseudogene	ENSMUSG00000100090	-	Gm29199	150
151	Gm29200	chr18	12501190	12504426	lncRNA	ENSMUSG00000101406	-	Gm29200	151
152	Gm22340	chr18	12578424	12578537	rRNA	ENSMUSG00000088342	-	Gm22340	152
153	Ttc39c	chr18	12599896	12738863	protein_coding	ENSMUSG00000024424	+	Ttc39c	153
154	Gm50063	chr18	12642292	12644364	lncRNA	ENSMUSG00000117418	-	Gm50063	154
155	Gm41668	chr18	12647517	12648419	lncRNA	ENSMUSG00000117573	-	Gm41668	155
156	Mir1948	chr18	12714811	12714895	miRNA	ENSMUSG00000087950	+	Mir1948	156
157	Cabyr	chr18	12740322	12755260	protein_coding	ENSMUSG00000024430	+	Cabyr	157
158	Gm7599	chr18	12742464	12743259	processed_pseudogene	ENSMUSG00000083332	-	Gm7599	158
159	Osbpl1a	chr18	12755314	12941841	protein_coding	ENSMUSG00000044252	-	Osbpl1a	159
160	Gm49970	chr18	12862429	12865286	lncRNA	ENSMUSG00000117494	+	Gm49970	160
161	Gm5687	chr18	12898427	12899066	processed_pseudogene	ENSMUSG00000080866	+	Gm5687	161
162	Impact	chr18	12955852	12992950	protein_coding	ENSMUSG00000024423	+	Impact	162
163	Gm26407	chr18	12961499	12961805	misc_RNA	ENSMUSG00000089129	+	Gm26407	163
164	Hrh4	chr18	13006990	13022882	protein_coding	ENSMUSG00000037346	+	Hrh4	164
165	Gm5240	chr18	13130675	13131561	processed_pseudogene	ENSMUSG00000117447	-	Gm5240	165
166	Gm18083	chr18	13152052	13152805	processed_pseudogene	ENSMUSG00000117583	-	Gm18083	166
167	Gm41669	chr18	13286047	13306338	lncRNA	ENSMUSG00000117536	-	Gm41669	167
168	Gm50093	chr18	13372089	13372552	processed_pseudogene	ENSMUSG00000117367	+	Gm50093	168
169	AC103362.1	chr18	13462416	13601400	lncRNA	ENSMUSG00000117608	-	AC103362.1	169
170	Zfp521	chr18	13687013	13972787	protein_coding	ENSMUSG00000024420	-	Zfp521	170
171	Gm50094	chr18	13900536	13903470	TEC	ENSMUSG00000117600	-	Gm50094	171
172	8430422H06Rik	chr18	14232309	14278542	lncRNA	ENSMUSG00000117633	+	8430422H06Rik	172
173	Gm50095	chr18	14308387	14308780	processed_pseudogene	ENSMUSG00000117470	+	Gm50095	173
174	Gm29992	chr18	14309209	14331676	lncRNA	ENSMUSG00000117365	-	Gm29992	174
175	Gm50097	chr18	14331861	14333396	lncRNA	ENSMUSG00000117605	+	Gm50097	175
176	Gm5160	chr18	14424868	14425303	processed_pseudogene	ENSMUSG00000055795	+	Gm5160	176
177	Gm50098	chr18	14492005	14492243	processed_pseudogene	ENSMUSG00000117607	+	Gm50098	177
178	Gm6457	chr18	14570147	14570638	processed_pseudogene	ENSMUSG00000053740	+	Gm6457	178
179	Ss18	chr18	14624198	14682914	protein_coding	ENSMUSG00000037013	-	Ss18	179
180	Gm24924	chr18	14647767	14647930	snRNA	ENSMUSG00000094306	-	Gm24924	180
181	Psma8	chr18	14706151	14762301	protein_coding	ENSMUSG00000036743	+	Psma8	181
182	Taf4b	chr18	14783245	14900359	protein_coding	ENSMUSG00000054321	+	Taf4b	182
183	Gm21055	chr18	14830668	14832016	processed_pseudogene	ENSMUSG00000117530	+	Gm21055	183
184	Gm9474	chr18	14922055	14924111	processed_pseudogene	ENSMUSG00000117436	-	Gm9474	184
185	Kctd1	chr18	14968685	15151446	protein_coding	ENSMUSG00000036225	-	Kctd1	185
186	4933424G05Rik	chr18	14988995	15047987	lncRNA	ENSMUSG00000117450	+	4933424G05Rik	186
187	Gm6304	chr18	15011246	15011692	processed_pseudogene	ENSMUSG00000071867	+	Gm6304	187
188	Gm2629	chr18	15194782	15214696	lncRNA	ENSMUSG00000117613	+	Gm2629	188
189	Gm50035	chr18	15201112	15207791	lncRNA	ENSMUSG00000117404	-	Gm50035	189
190	E430002N23Rik	chr18	15308858	15312699	lncRNA	ENSMUSG00000117380	-	E430002N23Rik	190
191	A830021F12Rik	chr18	15351934	15362306	lncRNA	ENSMUSG00000117645	+	A830021F12Rik	191
192	Aqp4	chr18	15389496	15410982	protein_coding	ENSMUSG00000024411	-	Aqp4	192
193	Gm50048	chr18	15403087	15430790	lncRNA	ENSMUSG00000117541	+	Gm50048	193
194	Chst9	chr18	15451924	15760157	protein_coding	ENSMUSG00000047161	-	Chst9	194
195	Gm10036	chr18	15832794	15833327	processed_pseudogene	ENSMUSG00000058064	+	Gm10036	195
196	Gm24228	chr18	15874661	15874789	snoRNA	ENSMUSG00000089454	+	Gm24228	196
197	Gm4835	chr18	15988368	15989339	processed_pseudogene	ENSMUSG00000043223	+	Gm4835	197
198	Gm22389	chr18	16033746	16034046	misc_RNA	ENSMUSG00000088818	+	Gm22389	198
199	Gm50076	chr18	16136887	16144450	lncRNA	ENSMUSG00000117532	-	Gm50076	199
200	Gm24385	chr18	16221019	16221368	misc_RNA	ENSMUSG00000084643	-	Gm24385	200
201	Gm7665	chr18	16274648	16274944	processed_pseudogene	ENSMUSG00000063628	-	Gm7665	201
202	Cdh2	chr18	16588877	16809246	protein_coding	ENSMUSG00000024304	-	Cdh2	202
203	Gm15485	chr18	16728733	16729678	lncRNA	ENSMUSG00000085575	+	Gm15485	203
204	Gm15328	chr18	16815721	16822783	lncRNA	ENSMUSG00000086095	+	Gm15328	204
205	Gm7670	chr18	16839317	16839957	processed_pseudogene	ENSMUSG00000082608	-	Gm7670	205
206	1700001G01Rik	chr18	17019051	17137559	lncRNA	ENSMUSG00000087170	+	1700001G01Rik	206
207	Gm24015	chr18	17126571	17126802	misc_RNA	ENSMUSG00000088350	-	Gm24015	207
208	4921533I20Rik	chr18	17234324	17319730	transcribed_processed_pseudogene	ENSMUSG00000117460	-	4921533I20Rik	208
209	4930545E07Rik	chr18	17568746	17580990	lncRNA	ENSMUSG00000117615	-	4930545E07Rik	209
210	Gm50083	chr18	17828819	17829020	processed_pseudogene	ENSMUSG00000117439	+	Gm50083	210
211	Gm26235	chr18	18099560	18099660	miRNA	ENSMUSG00000093274	+	Gm26235	211
212	Gm50084	chr18	18124541	18244157	lncRNA	ENSMUSG00000117574	-	Gm50084	212
213	Gm31086	chr18	19133217	19201716	lncRNA	ENSMUSG00000117378	+	Gm31086	213
214	Gm38432	chr18	19365965	19371798	processed_pseudogene	ENSMUSG00000117636	-	Gm38432	214
215	Gm7720	chr18	19549778	19554960	transcribed_processed_pseudogene	ENSMUSG00000117407	-	Gm7720	215
216	Gm25392	chr18	19707093	19707389	misc_RNA	ENSMUSG00000087960	+	Gm25392	216
217	Dsc3	chr18	19960930	20002351	protein_coding	ENSMUSG00000059898	-	Dsc3	217
218	Dsc2	chr18	20030633	20059554	protein_coding	ENSMUSG00000024331	-	Dsc2	218
219	Dsc1	chr18	20084184	20114871	protein_coding	ENSMUSG00000044322	-	Dsc1	219
220	Dsg1c	chr18	20247340	20285031	protein_coding	ENSMUSG00000034774	+	Dsg1c	220
221	Dsg1a	chr18	20310811	20343350	protein_coding	ENSMUSG00000069441	+	Dsg1a	221
222	Dsg1b	chr18	20376729	20410196	protein_coding	ENSMUSG00000061928	+	Dsg1b	222
223	Dsg4	chr18	20436175	20471821	protein_coding	ENSMUSG00000001804	+	Dsg4	223
224	Gm5688	chr18	20499315	20500587	processed_pseudogene	ENSMUSG00000117480	+	Gm5688	224
225	Dsg3	chr18	20510274	20547459	protein_coding	ENSMUSG00000056632	+	Dsg3	225
226	Tpi-rs10	chr18	20548587	20549364	processed_pseudogene	ENSMUSG00000117627	-	Tpi-rs10	226
227	Dsg2	chr18	20558074	20604521	protein_coding	ENSMUSG00000044393	+	Dsg2	227
228	Gm16090	chr18	20597964	20665260	lncRNA	ENSMUSG00000085595	-	Gm16090	228
229	Ttr	chr18	20665280	20674321	protein_coding	ENSMUSG00000061808	+	Ttr	229
230	Gm10269	chr18	20682594	20682963	processed_pseudogene	ENSMUSG00000091449	-	Gm10269	230
231	B4galt6	chr18	20684599	20746404	protein_coding	ENSMUSG00000056124	-	B4galt6	231
232	Trappc8	chr18	20817223	20896093	protein_coding	ENSMUSG00000033382	-	Trappc8	232
233	Gm24959	chr18	20844447	20844592	snRNA	ENSMUSG00000088549	-	Gm24959	233
234	Rnf125	chr18	20944625	20983862	protein_coding	ENSMUSG00000033107	+	Rnf125	234
235	Rnf138	chr18	21001341	21028224	protein_coding	ENSMUSG00000024317	+	Rnf138	235
236	Mep1b	chr18	21061923	21100199	protein_coding	ENSMUSG00000024313	+	Mep1b	236
237	Gm6378	chr18	21076668	21077109	processed_pseudogene	ENSMUSG00000062962	-	Gm6378	237
238	Garem1	chr18	21127201	21300138	protein_coding	ENSMUSG00000042680	-	Garem1	238
239	Gm50049	chr18	21304714	21318146	lncRNA	ENSMUSG00000117632	-	Gm50049	239
240	AC158774.1	chr18	21317805	21328975	transcribed_processed_pseudogene	ENSMUSG00000117357	+	AC158774.1	240
241	Gm50052	chr18	21332106	21332679	processed_pseudogene	ENSMUSG00000117590	-	Gm50052	241
242	Gm4837	chr18	21492516	21494099	processed_pseudogene	ENSMUSG00000117386	-	Gm4837	242
243	Klhl14	chr18	21550377	21654718	protein_coding	ENSMUSG00000042514	-	Klhl14	243
244	4930426D05Rik	chr18	21651448	21656105	lncRNA	ENSMUSG00000043168	+	4930426D05Rik	244
245	Ccdc178	chr18	21810893	22171442	protein_coding	ENSMUSG00000024306	-	Ccdc178	245
246	Asxl3	chr18	22344883	22530227	protein_coding	ENSMUSG00000045215	+	Asxl3	246
247	Nol4	chr18	22693181	23041653	protein_coding	ENSMUSG00000041923	-	Nol4	247
248	Gm22495	chr18	23147094	23147219	snoRNA	ENSMUSG00000077680	+	Gm22495	248
249	Gm7788	chr18	23216669	23217611	processed_pseudogene	ENSMUSG00000117475	+	Gm7788	249
250	Dtna	chr18	23415135	23659715	protein_coding	ENSMUSG00000024302	+	Dtna	250
251	Gm47898	chr18	23645326	23651837	lncRNA	ENSMUSG00000114088	-	Gm47898	251
252	Gm15972	chr18	23750447	23752305	lncRNA	ENSMUSG00000086287	-	Gm15972	252
253	Mapre2	chr18	23752333	23893861	protein_coding	ENSMUSG00000024277	+	Mapre2	253
254	Mir6360	chr18	23774864	23774989	miRNA	ENSMUSG00000098607	-	Mir6360	254
255	Gm23207	chr18	23817270	23817371	snRNA	ENSMUSG00000089290	-	Gm23207	255
256	Gm46611	chr18	23943897	23944122	processed_pseudogene	ENSMUSG00000117504	+	Gm46611	256
257	Rpl19-ps7	chr18	23944959	23945550	processed_pseudogene	ENSMUSG00000117405	+	Rpl19-ps7	257
258	Zfp397	chr18	23954692	23964673	protein_coding	ENSMUSG00000024276	+	Zfp397	258
259	Zscan30	chr18	23964818	23987226	transcribed_unprocessed_pseudogene	ENSMUSG00000024274	-	Zscan30	259
260	Zfp35	chr18	23989632	24005376	protein_coding	ENSMUSG00000063281	+	Zfp35	260
261	Zfp24	chr18	24009702	24020810	protein_coding	ENSMUSG00000051469	-	Zfp24	261
262	Gm18085	chr18	24081090	24081924	processed_pseudogene	ENSMUSG00000117500	-	Gm18085	262
263	Ino80c	chr18	24104757	24121953	protein_coding	ENSMUSG00000047989	-	Ino80c	263
264	Galnt1	chr18	24205344	24286818	protein_coding	ENSMUSG00000000420	+	Galnt1	264
265	Gm7701	chr18	24257378	24258856	processed_pseudogene	ENSMUSG00000091363	+	Gm7701	265
266	Gm38410	chr18	24339366	24344630	lncRNA	ENSMUSG00000117570	+	Gm38410	266
267	Mir187	chr18	24429110	24429170	miRNA	ENSMUSG00000065532	-	Mir187	267
268	2700062C07Rik	chr18	24470850	24477798	protein_coding	ENSMUSG00000024273	+	2700062C07Rik	268
269	Rprd1a	chr18	24484960	24530204	protein_coding	ENSMUSG00000040446	-	Rprd1a	269
270	Gm23606	chr18	24558602	24558722	miRNA	ENSMUSG00000095437	+	Gm23606	270
271	Slc39a6	chr18	24579881	24603817	protein_coding	ENSMUSG00000024270	-	Slc39a6	271
272	Elp2	chr18	24602866	24639507	protein_coding	ENSMUSG00000024271	+	Elp2	272
273	Mocos	chr18	24653691	24701575	protein_coding	ENSMUSG00000039616	+	Mocos	273
274	Fhod3	chr18	24708623	25133501	protein_coding	ENSMUSG00000034295	+	Fhod3	274
275	Gm24294	chr18	24761163	24761439	misc_RNA	ENSMUSG00000088920	+	Gm24294	275
276	Tpgs2	chr18	25127223	25169007	protein_coding	ENSMUSG00000024269	-	Tpgs2	276
277	AW554918	chr18	25168999	25467321	protein_coding	ENSMUSG00000033632	+	AW554918	277
278	Gm16558	chr18	25391801	25392332	processed_pseudogene	ENSMUSG00000089908	+	Gm16558	278
279	Celf4	chr18	25477632	25754157	protein_coding	ENSMUSG00000024268	-	Celf4	279
280	Gm3227	chr18	25597490	25603833	lncRNA	ENSMUSG00000114306	+	Gm3227	280
281	Gm25845	chr18	25598145	25598454	misc_RNA	ENSMUSG00000084537	-	Gm25845	281
282	0710001A04Rik	chr18	25713770	25719147	lncRNA	ENSMUSG00000114511	+	0710001A04Rik	282
283	Gm7847	chr18	25823581	25824357	processed_pseudogene	ENSMUSG00000087121	-	Gm7847	283
284	Gm50304	chr18	25839077	25859420	lncRNA	ENSMUSG00000117410	+	Gm50304	284
285	Gm33228	chr18	26007557	26215653	lncRNA	ENSMUSG00000117604	+	Gm33228	285
286	Gm23674	chr18	26495435	26495565	snoRNA	ENSMUSG00000088098	+	Gm23674	286
287	Gm49976	chr18	26916731	26918097	lncRNA	ENSMUSG00000117456	-	Gm49976	287
288	Gm18089	chr18	27008674	27009328	processed_pseudogene	ENSMUSG00000117516	+	Gm18089	288
289	Gm7874	chr18	27046354	27049588	processed_pseudogene	ENSMUSG00000117346	+	Gm7874	289
290	Gm49977	chr18	27090843	27091187	processed_pseudogene	ENSMUSG00000117646	-	Gm49977	290
291	Gm7729	chr18	27598644	27599756	unprocessed_pseudogene	ENSMUSG00000046636	+	Gm7729	291
292	Gm49978	chr18	27688151	27706672	lncRNA	ENSMUSG00000117529	-	Gm49978	292
293	Gm33674	chr18	27809732	27827685	lncRNA	ENSMUSG00000117467	+	Gm33674	293
294	Gm5064	chr18	28187110	28188817	processed_pseudogene	ENSMUSG00000117416	-	Gm5064	294
295	Gm24246	chr18	28309760	28309891	snoRNA	ENSMUSG00000087940	+	Gm24246	295
296	Gm6643	chr18	28432889	28435355	processed_pseudogene	ENSMUSG00000117449	+	Gm6643	296
297	Gm34658	chr18	28534009	28534370	processed_pseudogene	ENSMUSG00000117348	-	Gm34658	297
298	Gm20096	chr18	28602648	28602989	processed_pseudogene	ENSMUSG00000117550	-	Gm20096	298
299	BC051408	chr18	28711861	28726847	lncRNA	ENSMUSG00000117478	+	BC051408	299
300	Gm33948	chr18	28862850	28998176	lncRNA	ENSMUSG00000117473	+	Gm33948	300
301	Gm34743	chr18	29245347	29246439	processed_pseudogene	ENSMUSG00000117638	+	Gm34743	301
302	4930578E11Rik	chr18	29396716	29496569	lncRNA	ENSMUSG00000117618	-	4930578E11Rik	302
303	4930527G23Rik	chr18	29442200	29466107	lncRNA	ENSMUSG00000117554	+	4930527G23Rik	303
304	Gm7917	chr18	29657054	29657596	processed_pseudogene	ENSMUSG00000117626	-	Gm7917	304
305	Gm49980	chr18	30267249	30272133	lncRNA	ENSMUSG00000117465	+	Gm49980	305
306	Pik3c3	chr18	30272747	30348126	protein_coding	ENSMUSG00000033628	+	Pik3c3	306
307	Gm7926	chr18	30419686	30420060	processed_pseudogene	ENSMUSG00000117345	-	Gm7926	307
308	Gm7930	chr18	30428256	30429861	unprocessed_pseudogene	ENSMUSG00000117419	-	Gm7930	308
309	Rpl29-ps5	chr18	30459082	30459544	processed_pseudogene	ENSMUSG00000091785	-	Rpl29-ps5	309
310	Gm7936	chr18	30495004	30495373	processed_pseudogene	ENSMUSG00000055771	-	Gm7936	310
311	Gm41780	chr18	30608537	30608890	processed_pseudogene	ENSMUSG00000117526	-	Gm41780	311
312	Rit2	chr18	30973489	31317290	protein_coding	ENSMUSG00000057455	-	Rit2	312
313	Gm7941	chr18	31349183	31350204	processed_pseudogene	ENSMUSG00000117502	-	Gm7941	313
314	Gm23283	chr18	31389994	31390103	miRNA	ENSMUSG00000095685	-	Gm23283	314
315	Syt4	chr18	31437808	31447406	protein_coding	ENSMUSG00000024261	-	Syt4	315
316	Gm26658	chr18	31440318	31449099	lncRNA	ENSMUSG00000096934	+	Gm26658	316
317	Gm25396	chr18	31466235	31466367	snoRNA	ENSMUSG00000077169	-	Gm25396	317
318	Gm5241	chr18	31519699	31520762	processed_pseudogene	ENSMUSG00000117576	-	Gm5241	318
319	Slc25a46	chr18	31556111	31609911	protein_coding	ENSMUSG00000024259	-	Slc25a46	319
320	B930094E09Rik	chr18	31609512	31610751	protein_coding	ENSMUSG00000092124	+	B930094E09Rik	320
321	Sap130	chr18	31634371	31723061	protein_coding	ENSMUSG00000024260	+	Sap130	321
322	Gm50060	chr18	31738715	31739039	processed_pseudogene	ENSMUSG00000117533	+	Gm50060	322
323	Ammecr1l	chr18	31759826	31782743	protein_coding	ENSMUSG00000041915	+	Ammecr1l	323
324	Gm26533	chr18	31781226	31789045	lncRNA	ENSMUSG00000097748	-	Gm26533	324
325	Polr2d	chr18	31789159	31796701	protein_coding	ENSMUSG00000024258	+	Polr2d	325
326	Wdr33	chr18	31804090	31907397	protein_coding	ENSMUSG00000024400	+	Wdr33	326
327	Gm6665	chr18	31819862	31820519	processed_pseudogene	ENSMUSG00000091561	-	Gm6665	327
328	Sft2d3	chr18	31909098	31911824	protein_coding	ENSMUSG00000044982	-	Sft2d3	328
329	Lims2	chr18	31922290	31958619	protein_coding	ENSMUSG00000024395	+	Lims2	329
330	Gpr17	chr18	31942997	31949636	protein_coding	ENSMUSG00000052229	-	Gpr17	330
331	Myo7b	chr18	31959234	32036961	protein_coding	ENSMUSG00000024388	-	Myo7b	331
332	Gm16344	chr18	32021740	32026610	lncRNA	ENSMUSG00000084824	+	Gm16344	332
333	Gm16345	chr18	32031089	32031246	processed_pseudogene	ENSMUSG00000085300	+	Gm16345	333
334	Iws1	chr18	32067741	32104328	protein_coding	ENSMUSG00000024384	+	Iws1	334
335	Gm49966	chr18	32112041	32112307	processed_pseudogene	ENSMUSG00000117481	-	Gm49966	335
336	4933435E02Rik	chr18	32112460	32120413	lncRNA	ENSMUSG00000117650	-	4933435E02Rik	336
337	Proc	chr18	32123126	32139570	protein_coding	ENSMUSG00000024386	-	Proc	337
338	Gm5969	chr18	32140730	32141852	processed_pseudogene	ENSMUSG00000117606	+	Gm5969	338
339	Gm26717	chr18	32153476	32160427	lncRNA	ENSMUSG00000097363	+	Gm26717	339
340	Map3k2	chr18	32163089	32236751	protein_coding	ENSMUSG00000024383	+	Map3k2	340
341	Ercc3	chr18	32240300	32270151	protein_coding	ENSMUSG00000024382	+	Ercc3	341
342	Gm22325	chr18	32293350	32293657	misc_RNA	ENSMUSG00000089529	+	Gm22325	342
343	A830052D11Rik	chr18	32359053	32378278	lncRNA	ENSMUSG00000097413	-	A830052D11Rik	343
344	Bin1	chr18	32377230	32435737	protein_coding	ENSMUSG00000024381	+	Bin1	344
345	Gm35060	chr18	32458083	32472589	protein_coding	ENSMUSG00000109238	-	Gm35060	345
346	Gm44577	chr18	32462579	32509064	lncRNA	ENSMUSG00000109232	+	Gm44577	346
347	Gm20136	chr18	32499500	32500432	processed_pseudogene	ENSMUSG00000108896	-	Gm20136	347
348	Gypc	chr18	32528322	32560034	protein_coding	ENSMUSG00000090523	-	Gypc	348
349	Gm25826	chr18	32621920	32622056	snoRNA	ENSMUSG00000087715	-	Gm25826	349
350	Tslp	chr18	32815383	32819797	protein_coding	ENSMUSG00000024379	+	Tslp	350
351	Wdr36	chr18	32837225	32867594	protein_coding	ENSMUSG00000038299	+	Wdr36	351
352	Mir6361	chr18	32880573	32880673	miRNA	ENSMUSG00000098252	-	Mir6361	352
353	2310026I22Rik	chr18	32915826	32939229	lncRNA	ENSMUSG00000097710	-	2310026I22Rik	353
354	Camk4	chr18	32934931	33191228	protein_coding	ENSMUSG00000038128	+	Camk4	354
355	Gm22814	chr18	33004663	33004766	snRNA	ENSMUSG00000088077	-	Gm22814	355
356	Stard4	chr18	33199355	33213862	protein_coding	ENSMUSG00000024378	-	Stard4	356
357	Gm5503	chr18	33384398	33384955	processed_pseudogene	ENSMUSG00000117730	-	Gm5503	357
358	Nrep	chr18	33437019	33464029	protein_coding	ENSMUSG00000042834	-	Nrep	358
359	Gm10549	chr18	33464163	33474710	lncRNA	ENSMUSG00000118292	+	Gm10549	359
360	Gm50392	chr18	33576468	33577131	processed_pseudogene	ENSMUSG00000117689	+	Gm50392	360
361	Epb41l4aos	chr18	33794892	33795986	lncRNA	ENSMUSG00000087590	+	Epb41l4aos	361
362	Gm23639	chr18	33795164	33795295	snoRNA	ENSMUSG00000092819	+	Gm23639	362
363	Epb41l4a	chr18	33796327	34006966	protein_coding	ENSMUSG00000024376	-	Epb41l4a	363
364	Gm22788	chr18	34024220	34024280	snRNA	ENSMUSG00000088501	-	Gm22788	364
365	Gm50265	chr18	34045588	34053034	lncRNA	ENSMUSG00000117961	-	Gm50265	365
366	Gm6052	chr18	34046826	34047291	processed_pseudogene	ENSMUSG00000118246	+	Gm6052	366
367	Gm5238	chr18	34125252	34125717	processed_pseudogene	ENSMUSG00000118054	-	Gm5238	367
368	Gm23411	chr18	34188878	34188939	snRNA	ENSMUSG00000096804	-	Gm23411	368
369	Gm10548	chr18	34207775	34221772	transcribed_processed_pseudogene	ENSMUSG00000073607	-	Gm10548	369
370	Apc	chr18	34220924	34322552	protein_coding	ENSMUSG00000005871	+	Apc	370
371	Srp19	chr18	34330847	34336599	protein_coding	ENSMUSG00000014504	+	Srp19	371
372	Reep5	chr18	34344885	34374070	protein_coding	ENSMUSG00000005873	-	Reep5	372
373	Pkd2l2	chr18	34408489	34444116	protein_coding	ENSMUSG00000014503	+	Pkd2l2	373
374	Fam13b	chr18	34442351	34506831	protein_coding	ENSMUSG00000036501	-	Fam13b	374
375	n-R5s24	chr18	34509737	34509853	rRNA	ENSMUSG00000084467	+	n-R5s24	375
376	Wnt8a	chr18	34542313	34548273	protein_coding	ENSMUSG00000012282	+	Wnt8a	376
377	Nme5	chr18	34562634	34579115	protein_coding	ENSMUSG00000035984	-	Nme5	377
378	4933408B17Rik	chr18	34579846	34597468	protein_coding	ENSMUSG00000049357	-	4933408B17Rik	378
379	Brd8	chr18	34598615	34624601	protein_coding	ENSMUSG00000003778	-	Brd8	379
380	Kif20a	chr18	34624613	34633277	protein_coding	ENSMUSG00000003779	+	Kif20a	380
381	Cdc23	chr18	34630951	34651735	protein_coding	ENSMUSG00000024370	-	Cdc23	381
382	n-R5s25	chr18	34647400	34647518	rRNA	ENSMUSG00000064857	+	n-R5s25	382
383	Gfra3	chr18	34689898	34720387	protein_coding	ENSMUSG00000024366	-	Gfra3	383
384	Cdc25c	chr18	34732993	34751533	protein_coding	ENSMUSG00000044201	-	Cdc25c	384
385	Gm3550	chr18	34736359	34738014	protein_coding	ENSMUSG00000078240	+	Gm3550	385
386	2010110K18Rik	chr18	34751809	34758685	lncRNA	ENSMUSG00000097755	+	2010110K18Rik	386
387	Fam53c	chr18	34758906	34773760	protein_coding	ENSMUSG00000034300	+	Fam53c	387
388	Kdm3b	chr18	34777047	34838660	protein_coding	ENSMUSG00000038773	+	Kdm3b	388
389	Reep2	chr18	34840589	34847463	protein_coding	ENSMUSG00000038555	+	Reep2	389
390	Egr1	chr18	34859823	34864984	protein_coding	ENSMUSG00000038418	+	Egr1	390
391	Etf1	chr18	34902785	34932007	protein_coding	ENSMUSG00000024360	-	Etf1	391
392	Hspa9	chr18	34937414	34954357	protein_coding	ENSMUSG00000024359	-	Hspa9	392
393	Gm22200	chr18	34941234	34941300	snoRNA	ENSMUSG00000089239	-	Gm22200	393
394	Gm26109	chr18	34942644	34942713	snoRNA	ENSMUSG00000065904	-	Gm26109	394
395	Gm6724	chr18	34970469	34970735	processed_pseudogene	ENSMUSG00000118145	-	Gm6724	395
396	Gm36037	chr18	34982922	35109445	lncRNA	ENSMUSG00000118380	+	Gm36037	396
397	Gm3587	chr18	35069325	35087623	lncRNA	ENSMUSG00000117727	-	Gm3587	397
398	Ctnna1	chr18	35118859	35254779	protein_coding	ENSMUSG00000037815	+	Ctnna1	398
399	Lrrtm2	chr18	35209003	35215024	protein_coding	ENSMUSG00000071862	-	Lrrtm2	399
400	Gm50146	chr18	35264029	35272456	lncRNA	ENSMUSG00000117876	+	Gm50146	400
401	Sil1	chr18	35266396	35499780	protein_coding	ENSMUSG00000024357	-	Sil1	401
402	Gm50145	chr18	35489104	35493092	lncRNA	ENSMUSG00000117731	+	Gm50145	402
403	Gm50144	chr18	35495448	35496027	processed_pseudogene	ENSMUSG00000118184	+	Gm50144	403
404	Gm50149	chr18	35498661	35499293	lncRNA	ENSMUSG00000118386	+	Gm50149	404
405	Gm5239	chr18	35536583	35536947	processed_pseudogene	ENSMUSG00000062742	+	Gm5239	405
406	Snhg4	chr18	35553404	35587708	protein_coding	ENSMUSG00000117694	+	Snhg4	406
407	Mir1949	chr18	35554492	35554632	snoRNA	ENSMUSG00000088059	+	Mir1949	407
408	Snora74a	chr18	35557032	35557227	snoRNA	ENSMUSG00000065649	+	Snora74a	408
409	Gm49347	chr18	35557132	35557242	miRNA	ENSMUSG00000104863	+	Gm49347	409
410	Matr3	chr18	35562138	35593835	protein_coding	ENSMUSG00000037236	+	Matr3	410
411	Gm36989	chr18	35574907	35577066	TEC	ENSMUSG00000102496	+	Gm36989	411
412	Gm50163	chr18	35584519	35598573	lncRNA	ENSMUSG00000118030	-	Gm50163	412
413	Paip2	chr18	35598617	35617187	protein_coding	ENSMUSG00000037058	+	Paip2	413
414	Slc23a1	chr18	35614604	35627244	protein_coding	ENSMUSG00000024354	-	Slc23a1	414
415	Mzb1	chr18	35647267	35649367	protein_coding	ENSMUSG00000024353	-	Mzb1	415
416	Gm50318	chr18	35647268	35662163	protein_coding	ENSMUSG00000117874	-	Gm50318	416
417	Prob1	chr18	35650351	35655238	protein_coding	ENSMUSG00000073600	-	Prob1	417
418	Spata24	chr18	35656689	35662186	protein_coding	ENSMUSG00000024352	-	Spata24	418
419	Dnajc18	chr18	35671103	35708414	protein_coding	ENSMUSG00000024350	-	Dnajc18	419
420	1700066B19Rik	chr18	35703225	35730869	protein_coding	ENSMUSG00000073598	+	1700066B19Rik	420
421	Ecscr	chr18	35713086	35722356	protein_coding	ENSMUSG00000073599	-	Ecscr	421
422	Tmem173	chr18	35733679	35740554	protein_coding	ENSMUSG00000024349	-	Tmem173	422
423	Gm16490	chr18	35770318	35770668	processed_pseudogene	ENSMUSG00000091842	+	Gm16490	423
424	Ube2d2a	chr18	35771558	35809494	protein_coding	ENSMUSG00000091896	+	Ube2d2a	424
425	Gm50371	chr18	35799842	35858441	lncRNA	ENSMUSG00000117841	+	Gm50371	425
426	Cxxc5	chr18	35829397	35861688	protein_coding	ENSMUSG00000046668	+	Cxxc5	426
427	Gm29417	chr18	35830389	35831093	lncRNA	ENSMUSG00000100320	-	Gm29417	427
428	Gm50399	chr18	35862251	35877311	lncRNA	ENSMUSG00000117840	+	Gm50399	428
429	Gm41693	chr18	35874314	35876037	lncRNA	ENSMUSG00000118080	+	Gm41693	429
430	Gm36315	chr18	35888769	35890337	lncRNA	ENSMUSG00000118358	-	Gm36315	430
431	C330008A17Rik	chr18	35913132	35916772	lncRNA	ENSMUSG00000118347	+	C330008A17Rik	431
432	Gm50405	chr18	35923295	35929584	lncRNA	ENSMUSG00000118122	+	Gm50405	432
433	Gm23882	chr18	35952824	35952907	miRNA	ENSMUSG00000080529	+	Gm23882	433
434	Psd2	chr18	35964830	36014715	protein_coding	ENSMUSG00000024347	+	Psd2	434
435	Nrg2	chr18	36017652	36197380	protein_coding	ENSMUSG00000060275	-	Nrg2	435
436	4930471G03Rik	chr18	36105651	36109977	lncRNA	ENSMUSG00000117852	+	4930471G03Rik	436
437	Pura	chr18	36281097	36292535	protein_coding	ENSMUSG00000043991	+	Pura	437
438	Igip	chr18	36298679	36301517	protein_coding	ENSMUSG00000110185	+	Igip	438
439	Cystm1	chr18	36342520	36403097	protein_coding	ENSMUSG00000046727	+	Cystm1	439
440	Pfdn1	chr18	36403676	36454524	protein_coding	ENSMUSG00000024346	-	Pfdn1	440
441	Hbegf	chr18	36504927	36515805	protein_coding	ENSMUSG00000024486	-	Hbegf	441
442	Gm50199	chr18	36521883	36524939	lncRNA	ENSMUSG00000118214	+	Gm50199	442
443	Slc4a9	chr18	36528147	36556273	protein_coding	ENSMUSG00000024485	+	Slc4a9	443
444	Ankhd1	chr18	36559987	36658913	protein_coding	ENSMUSG00000024483	+	Ankhd1	444
445	Gm6542	chr18	36609958	36610729	processed_pseudogene	ENSMUSG00000085172	+	Gm6542	445
446	Maskbp3	chr18	36647860	36665917	protein_coding	ENSMUSG00000117942	+	Maskbp3	446
447	Eif4ebp3	chr18	36664060	36665917	protein_coding	ENSMUSG00000090264	+	Eif4ebp3	447
448	Sra1	chr18	36666681	36670815	protein_coding	ENSMUSG00000006050	-	Sra1	448
449	Apbb3	chr18	36671154	36679366	protein_coding	ENSMUSG00000117679	-	Apbb3	449
450	Slc35a4	chr18	36679215	36683861	protein_coding	ENSMUSG00000033272	+	Slc35a4	450
451	E230025N22Rik	chr18	36684923	36695925	protein_coding	ENSMUSG00000044719	-	E230025N22Rik	451
452	Cd14	chr18	36725067	36726798	protein_coding	ENSMUSG00000051439	-	Cd14	452
453	Tmco6	chr18	36735039	36742397	protein_coding	ENSMUSG00000006850	+	Tmco6	453
454	Ndufa2	chr18	36742332	36744557	protein_coding	ENSMUSG00000014294	-	Ndufa2	454
455	Ik	chr18	36744656	36757639	protein_coding	ENSMUSG00000024474	+	Ik	455
456	Wdr55	chr18	36760220	36763810	protein_coding	ENSMUSG00000042660	+	Wdr55	456
457	Dnd1	chr18	36763671	36766214	protein_coding	ENSMUSG00000044595	-	Dnd1	457
458	Hars	chr18	36766528	36783205	protein_coding	ENSMUSG00000001380	-	Hars	458
459	Hars2	chr18	36783008	36792562	protein_coding	ENSMUSG00000019143	+	Hars2	459
460	Zmat2	chr18	36793876	36799666	protein_coding	ENSMUSG00000001383	+	Zmat2	460
461	Vaultrc5	chr18	36801866	36802008	misc_RNA	ENSMUSG00000065145	+	Vaultrc5	461
462	Gm23424	chr18	36810891	36811000	miRNA	ENSMUSG00000095604	+	Gm23424	462
463	Gm6756	chr18	36920396	36922015	processed_pseudogene	ENSMUSG00000063514	+	Gm6756	463
464	Pcdha1	chr18	36930184	37187661	protein_coding	ENSMUSG00000103442	+	Pcdha1	464
465	Gm37751	chr18	36933952	36935149	lncRNA	ENSMUSG00000103386	-	Gm37751	465
466	Pcdha2	chr18	36939205	37187657	protein_coding	ENSMUSG00000104148	+	Pcdha2	466
467	Pcdha3	chr18	36946105	37187657	protein_coding	ENSMUSG00000102312	+	Pcdha3	467
468	Pcdha4	chr18	36952648	37187661	protein_coding	ENSMUSG00000104252	+	Pcdha4	468
469	Gm38225	chr18	36952651	36953043	lncRNA	ENSMUSG00000102634	-	Gm38225	469
470	Gm42416	chr18	36952741	37840200	protein_coding	ENSMUSG00000103458	+	Gm42416	470
471	Pcdha5	chr18	36960440	37187657	protein_coding	ENSMUSG00000103092	+	Pcdha5	471
472	Gm37753	chr18	36967591	36968148	lncRNA	ENSMUSG00000103384	-	Gm37753	472
473	Pcdha6	chr18	36967631	37187657	protein_coding	ENSMUSG00000103707	+	Pcdha6	473
474	Gm37013	chr18	36969916	37833296	protein_coding	ENSMUSG00000102836	+	Gm37013	474
475	Pcdha7	chr18	36973802	37187657	protein_coding	ENSMUSG00000104318	+	Pcdha7	475
476	Gm37388	chr18	36975941	37833296	protein_coding	ENSMUSG00000103125	+	Gm37388	476
477	Gm36858	chr18	36980057	36989575	unprocessed_pseudogene	ENSMUSG00000104240	+	Gm36858	477
478	Pcdha8	chr18	36992371	37187657	protein_coding	ENSMUSG00000103800	+	Pcdha8	478
479	Pcdha9	chr18	36997880	37187657	protein_coding	ENSMUSG00000103770	+	Pcdha9	479
480	Pcdha11	chr18	37005203	37187657	protein_coding	ENSMUSG00000007440	+	Pcdha11	480
481	Gm10545	chr18	37008868	37020679	lncRNA	ENSMUSG00000073594	-	Gm10545	481
482	Gm18150	chr18	37013848	37014634	unprocessed_pseudogene	ENSMUSG00000103601	+	Gm18150	482
483	Pcdha12	chr18	37020149	37187657	protein_coding	ENSMUSG00000103310	+	Pcdha12	483
484	Gm19035	chr18	37079994	37082457	transcribed_processed_pseudogene	ENSMUSG00000102232	+	Gm19035	484
485	Pcdhac1	chr18	37090013	37187657	protein_coding	ENSMUSG00000103255	+	Pcdhac1	485
486	Pcdhac2	chr18	37143503	37187657	protein_coding	ENSMUSG00000102697	+	Pcdhac2	486
487	Gm10544	chr18	37159854	37178522	lncRNA	ENSMUSG00000097430	-	Gm10544	487
488	Gm38097	chr18	37172126	37172564	lncRNA	ENSMUSG00000103456	-	Gm38097	488
489	Pcdhb1	chr18	37264938	37267525	protein_coding	ENSMUSG00000051663	+	Pcdhb1	489
490	Pcdhb2	chr18	37294812	37297624	protein_coding	ENSMUSG00000051599	+	Pcdhb2	490
491	Pcdhb3	chr18	37300799	37304585	protein_coding	ENSMUSG00000045498	+	Pcdhb3	491
492	Gm18529	chr18	37305535	37306791	processed_pseudogene	ENSMUSG00000104264	+	Gm18529	492
493	Pcdhb4	chr18	37307455	37311172	protein_coding	ENSMUSG00000045689	+	Pcdhb4	493
494	Pcdhb5	chr18	37320381	37323915	protein_coding	ENSMUSG00000063687	+	Pcdhb5	494
495	Pcdhb6	chr18	37333921	37337674	protein_coding	ENSMUSG00000051678	+	Pcdhb6	495
496	Pcdhb7	chr18	37341702	37345202	protein_coding	ENSMUSG00000045062	+	Pcdhb7	496
497	Pcdhb8	chr18	37355121	37358604	protein_coding	ENSMUSG00000045876	+	Pcdhb8	497
498	Pcdhb9	chr18	37400855	37403909	protein_coding	ENSMUSG00000051242	+	Pcdhb9	498
499	Pcdhb10	chr18	37411664	37414514	protein_coding	ENSMUSG00000045657	+	Pcdhb10	499
500	Pcdhb11	chr18	37421418	37425836	protein_coding	ENSMUSG00000051486	+	Pcdhb11	500
501	Gm37446	chr18	37433412	37437547	lncRNA	ENSMUSG00000103985	-	Gm37446	501
502	Gm20162	chr18	37434243	37435113	processed_pseudogene	ENSMUSG00000103483	+	Gm20162	502
503	Pcdhb12	chr18	37435621	37438654	protein_coding	ENSMUSG00000043458	+	Pcdhb12	503
504	Pcdhb13	chr18	37442500	37446209	protein_coding	ENSMUSG00000047307	+	Pcdhb13	504
505	Pcdhb14	chr18	37447656	37456350	protein_coding	ENSMUSG00000044043	+	Pcdhb14	505
506	Pcdhb15	chr18	37473540	37476340	protein_coding	ENSMUSG00000047033	+	Pcdhb15	506
507	Pcdhb16	chr18	37477814	37483038	protein_coding	ENSMUSG00000047910	+	Pcdhb16	507
508	Pcdhb17	chr18	37484795	37489454	protein_coding	ENSMUSG00000046387	+	Pcdhb17	508
509	Pcdhb18	chr18	37489465	37494505	protein_coding	ENSMUSG00000048347	+	Pcdhb18	509
510	Pcdhb19	chr18	37496991	37504128	protein_coding	ENSMUSG00000043313	+	Pcdhb19	510
511	Pcdhb20	chr18	37504264	37507822	protein_coding	ENSMUSG00000046191	+	Pcdhb20	511
512	Pcdhb21	chr18	37513621	37518325	protein_coding	ENSMUSG00000044022	+	Pcdhb21	512
513	Pcdhb22	chr18	37517871	37524479	protein_coding	ENSMUSG00000073591	+	Pcdhb22	513
514	4930517L18Rik	chr18	37618906	37619766	lncRNA	ENSMUSG00000104225	+	4930517L18Rik	514
515	Slc25a2	chr18	37637377	37638745	protein_coding	ENSMUSG00000050304	-	Slc25a2	515
516	Taf7	chr18	37640491	37644204	protein_coding	ENSMUSG00000051316	-	Taf7	516
517	Gm8242	chr18	37652433	37654172	transcribed_processed_pseudogene	ENSMUSG00000102827	-	Gm8242	517
518	3222401L13Rik	chr18	37655451	37661742	lncRNA	ENSMUSG00000073590	+	3222401L13Rik	518
519	Pcdhga1	chr18	37661793	37841873	protein_coding	ENSMUSG00000103144	+	Pcdhga1	519
520	Gm37118	chr18	37661952	37662632	lncRNA	ENSMUSG00000103956	-	Gm37118	520
521	Pcdhga2	chr18	37668953	37841870	protein_coding	ENSMUSG00000103332	+	Pcdhga2	521
522	Pcdhga3	chr18	37674307	37841873	protein_coding	ENSMUSG00000104346	+	Pcdhga3	522
523	Pcdhgb1	chr18	37680233	37841870	protein_coding	ENSMUSG00000103037	+	Pcdhgb1	523
524	Pcdhga4	chr18	37685210	37841873	protein_coding	ENSMUSG00000103677	+	Pcdhga4	524
525	Pcdhgb2	chr18	37689828	37841873	protein_coding	ENSMUSG00000102748	+	Pcdhgb2	525
526	Pcdhga5	chr18	37694380	37841873	protein_coding	ENSMUSG00000103567	+	Pcdhga5	526
527	AC020971.1	chr18	37703539	37705054	unprocessed_pseudogene	ENSMUSG00000118501	+	AC020971.1	527
528	Gm24401	chr18	37705979	37706069	snoRNA	ENSMUSG00000088493	+	Gm24401	528
529	Pcdhga6	chr18	37707039	37841873	protein_coding	ENSMUSG00000103793	+	Pcdhga6	529
530	Gm37165	chr18	37714279	37726121	lncRNA	ENSMUSG00000104512	-	Gm37165	530
531	Pcdhga7	chr18	37714764	37841873	protein_coding	ENSMUSG00000103472	+	Pcdhga7	531
532	Pcdhgb4	chr18	37720369	37841870	protein_coding	ENSMUSG00000103585	+	Pcdhgb4	532
533	Pcdhga8	chr18	37725706	37841873	protein_coding	ENSMUSG00000103897	+	Pcdhga8	533
534	Pcdhgb5	chr18	37731009	37841873	protein_coding	ENSMUSG00000103749	+	Pcdhgb5	534
535	Pcdhga9	chr18	37736936	37841870	protein_coding	ENSMUSG00000102440	+	Pcdhga9	535
536	Pcdhgb6	chr18	37742094	37841873	protein_coding	ENSMUSG00000103088	+	Pcdhgb6	536
537	Gm26672	chr18	37746559	37768242	lncRNA	ENSMUSG00000097330	-	Gm26672	537
538	Pcdhga10	chr18	37746993	37841873	protein_coding	ENSMUSG00000102222	+	Pcdhga10	538
539	Pcdhgb7	chr18	37751600	37841873	protein_coding	ENSMUSG00000104063	+	Pcdhgb7	539
540	Pcdhga11	chr18	37755731	37841873	protein_coding	ENSMUSG00000102742	+	Pcdhga11	540
541	Pcdhgb8	chr18	37761801	37841870	polymorphic_pseudogene	ENSMUSG00000103081	+	Pcdhgb8	541
542	Pcdhga12	chr18	37765580	37841873	protein_coding	ENSMUSG00000102428	+	Pcdhga12	542
543	BC037039	chr18	37805718	37807922	lncRNA	ENSMUSG00000103309	-	BC037039	543
544	Pcdhgc3	chr18	37806364	37841873	protein_coding	ENSMUSG00000102918	+	Pcdhgc3	544
545	Pcdhgc4	chr18	37815079	37841873	protein_coding	ENSMUSG00000023036	+	Pcdhgc4	545
546	Pcdhgc5	chr18	37819513	37841873	protein_coding	ENSMUSG00000102543	+	Pcdhgc5	546
547	Gm38182	chr18	37823879	37840382	lncRNA	ENSMUSG00000102828	+	Gm38182	547
548	Gm29994	chr18	37829008	37830200	lncRNA	ENSMUSG00000102713	-	Gm29994	548
549	Diaph1	chr18	37843601	37935476	protein_coding	ENSMUSG00000024456	-	Diaph1	549
550	Mir6979	chr18	37854605	37854660	miRNA	ENSMUSG00000098706	-	Mir6979	550
551	Gm50122	chr18	37919818	37920135	processed_pseudogene	ENSMUSG00000117686	+	Gm50122	551
552	Hdac3	chr18	37935844	37955016	protein_coding	ENSMUSG00000024454	-	Hdac3	552
553	Rell2	chr18	37955079	37959179	protein_coding	ENSMUSG00000044024	+	Rell2	553
554	Fchsd1	chr18	37957431	37969774	protein_coding	ENSMUSG00000038524	-	Fchsd1	554
555	Arap3	chr18	37972628	37998969	protein_coding	ENSMUSG00000024451	-	Arap3	555
556	Mir6981	chr18	37974503	37974617	miRNA	ENSMUSG00000098608	-	Mir6981	556
557	Mir6980	chr18	37990887	37990945	miRNA	ENSMUSG00000098297	-	Mir6980	557
558	Gm30093	chr18	38023529	38061296	lncRNA	ENSMUSG00000118056	+	Gm30093	558
559	Pcdh1	chr18	38185914	38212053	protein_coding	ENSMUSG00000051375	-	Pcdh1	559
560	2010320O07Rik	chr18	38209772	38229145	lncRNA	ENSMUSG00000089983	+	2010320O07Rik	560
561	1700086O06Rik	chr18	38238405	38250565	lncRNA	ENSMUSG00000097080	-	1700086O06Rik	561
562	Gm10268	chr18	38244828	38245382	processed_pseudogene	ENSMUSG00000066475	+	Gm10268	562
563	Dele1	chr18	38250255	38265461	protein_coding	ENSMUSG00000024442	+	Dele1	563
564	Pcdh12	chr18	38267089	38284402	protein_coding	ENSMUSG00000024440	-	Pcdh12	564
565	Rnf14	chr18	38284537	38317849	protein_coding	ENSMUSG00000060450	+	Rnf14	565
566	Gm23205	chr18	38297939	38298041	snRNA	ENSMUSG00000089296	+	Gm23205	566
567	Gnpda1	chr18	38327535	38339003	protein_coding	ENSMUSG00000052102	-	Gnpda1	567
568	Gm24690	chr18	38356578	38356674	rRNA	ENSMUSG00000088384	+	Gm24690	568
569	Gm4949	chr18	38359441	38360538	processed_pseudogene	ENSMUSG00000118140	-	Gm4949	569
570	Ndfip1	chr18	38410396	38465303	protein_coding	ENSMUSG00000024425	+	Ndfip1	570
571	Gm50344	chr18	38412906	38413284	processed_pseudogene	ENSMUSG00000117986	-	Gm50344	571
572	Gm50349	chr18	38481063	38481303	processed_pseudogene	ENSMUSG00000118112	-	Gm50349	572
573	Gm19100	chr18	38582850	38583455	processed_pseudogene	ENSMUSG00000118296	+	Gm19100	573
574	Spry4	chr18	38586247	38601415	protein_coding	ENSMUSG00000024427	-	Spry4	574
575	Gm27369	chr18	38594158	38594228	misc_RNA	ENSMUSG00000099111	+	Gm27369	575
576	Gm27804	chr18	38594365	38594483	misc_RNA	ENSMUSG00000099157	+	Gm27804	576
577	9630014M24Rik	chr18	38601534	38789045	lncRNA	ENSMUSG00000118257	+	9630014M24Rik	577
578	Gm19774	chr18	38714400	38714513	processed_pseudogene	ENSMUSG00000099488	+	Gm19774	578
579	Gm15335	chr18	38717528	38718128	processed_pseudogene	ENSMUSG00000083766	-	Gm15335	579
580	Gm8302	chr18	38771496	38772347	processed_pseudogene	ENSMUSG00000081773	-	Gm8302	580
581	Fgf1	chr18	38838673	38929472	protein_coding	ENSMUSG00000036585	-	Fgf1	581
582	Gm5820	chr18	38892458	38971276	lncRNA	ENSMUSG00000117994	+	Gm5820	582
583	Arhgap26	chr18	38993145	39376284	protein_coding	ENSMUSG00000036452	+	Arhgap26	583
584	Gm15334	chr18	38993635	38994192	lncRNA	ENSMUSG00000086991	-	Gm15334	584
585	Gm15336	chr18	39246247	39302690	lncRNA	ENSMUSG00000086312	-	Gm15336	585
586	Gm15333	chr18	39341601	39341964	processed_pseudogene	ENSMUSG00000082287	-	Gm15333	586
587	Gm15337	chr18	39367038	39389425	lncRNA	ENSMUSG00000085289	-	Gm15337	587
588	Nr3c1	chr18	39410545	39519421	protein_coding	ENSMUSG00000024431	-	Nr3c1	588
589	Gm50397	chr18	39633103	39734959	lncRNA	ENSMUSG00000117922	-	Gm50397	589
590	Gm30961	chr18	39636406	39648356	lncRNA	ENSMUSG00000118117	+	Gm30961	590
591	Gm50398	chr18	39660877	39663283	TEC	ENSMUSG00000117983	+	Gm50398	591
592	Pabpc2	chr18	39773497	39776082	protein_coding	ENSMUSG00000051732	+	Pabpc2	592
593	Gm41708	chr18	39906180	39929374	lncRNA	ENSMUSG00000118015	-	Gm41708	593
594	Gm50395	chr18	40071555	40109733	lncRNA	ENSMUSG00000118042	-	Gm50395	594
595	Gm50396	chr18	40181585	40184028	lncRNA	ENSMUSG00000117838	+	Gm50396	595
596	Yipf5	chr18	40203896	40219429	protein_coding	ENSMUSG00000024487	-	Yipf5	596
597	Gm31087	chr18	40242774	40258495	lncRNA	ENSMUSG00000117674	-	Gm31087	597
598	Kctd16	chr18	40256962	40531630	protein_coding	ENSMUSG00000051401	+	Kctd16	598
599	Gm50403	chr18	40346169	40351751	TEC	ENSMUSG00000117943	+	Gm50403	599
600	Gm31019	chr18	40436811	40439737	lncRNA	ENSMUSG00000118315	-	Gm31019	600
601	C030017B01Rik	chr18	40539786	40543026	lncRNA	ENSMUSG00000118202	+	C030017B01Rik	601
602	Gm31205	chr18	40721504	40733873	lncRNA	ENSMUSG00000117847	+	Gm31205	602
603	Rps19-ps13	chr18	40726269	40726709	processed_pseudogene	ENSMUSG00000095150	+	Rps19-ps13	603
604	Gm22515	chr18	40801161	40801465	misc_RNA	ENSMUSG00000088898	-	Gm22515	604
605	Gm50407	chr18	40894684	40896031	processed_pseudogene	ENSMUSG00000118091	+	Gm50407	605
606	Gm22483	chr18	40963279	40963552	misc_RNA	ENSMUSG00000088611	+	Gm22483	606
607	Gm50408	chr18	41477708	41477881	processed_pseudogene	ENSMUSG00000118299	-	Gm50408	607
608	Gm50409	chr18	41582053	41586091	processed_pseudogene	ENSMUSG00000117677	-	Gm50409	608
609	Gm18530	chr18	41639794	41640817	processed_pseudogene	ENSMUSG00000117708	+	Gm18530	609
610	Gm50410	chr18	41747234	41874834	lncRNA	ENSMUSG00000117745	-	Gm50410	610
611	Prelid2	chr18	41875600	41951242	protein_coding	ENSMUSG00000056671	-	Prelid2	611
612	Gm18371	chr18	41892994	41895313	processed_pseudogene	ENSMUSG00000118266	-	Gm18371	612
613	Grxcr2	chr18	41985323	41999049	protein_coding	ENSMUSG00000073574	-	Grxcr2	613
614	Sh3rf2	chr18	42053667	42158960	protein_coding	ENSMUSG00000057719	+	Sh3rf2	614
615	Cstdc7	chr18	42173370	42173663	processed_pseudogene	ENSMUSG00000034339	+	Cstdc7	615
616	Plac8l1	chr18	42178683	42196709	protein_coding	ENSMUSG00000059455	-	Plac8l1	616
617	Gm18086	chr18	42186175	42187772	processed_pseudogene	ENSMUSG00000117660	-	Gm18086	617
618	Gm5504	chr18	42200743	42201347	processed_pseudogene	ENSMUSG00000117753	+	Gm5504	618
619	Lars	chr18	42202298	42262194	protein_coding	ENSMUSG00000024493	-	Lars	619
620	Rps19-ps4	chr18	42252398	42252835	processed_pseudogene	ENSMUSG00000096699	+	Rps19-ps4	620
621	Gm4013	chr18	42274382	42275197	lncRNA	ENSMUSG00000117662	-	Gm4013	621
622	Rbm27	chr18	42275353	42341542	protein_coding	ENSMUSG00000024491	+	Rbm27	622
623	Gm22697	chr18	42301890	42301952	miRNA	ENSMUSG00000092935	+	Gm22697	623
624	Pou4f3	chr18	42394539	42397249	protein_coding	ENSMUSG00000024497	+	Pou4f3	624
625	Gm16415	chr18	42441019	42441507	processed_pseudogene	ENSMUSG00000056849	+	Gm16415	625
626	Gm3631	chr18	42487088	42488357	processed_pseudogene	ENSMUSG00000118058	+	Gm3631	626
627	Tcerg1	chr18	42511487	42575793	protein_coding	ENSMUSG00000024498	+	Tcerg1	627
628	Gm27457	chr18	42574209	42574364	misc_RNA	ENSMUSG00000099024	+	Gm27457	628
629	Gpr151	chr18	42577881	42579652	protein_coding	ENSMUSG00000042816	-	Gpr151	629
630	Gm50214	chr18	42587341	42620902	lncRNA	ENSMUSG00000117719	+	Gm50214	630
631	Gm50213	chr18	42611309	42611660	processed_pseudogene	ENSMUSG00000117882	-	Gm50213	631
632	C030004G16Rik	chr18	42615635	42622459	lncRNA	ENSMUSG00000117926	-	C030004G16Rik	632
633	Ppp2r2b	chr18	42637432	43059471	protein_coding	ENSMUSG00000024500	-	Ppp2r2b	633
634	4933407I08Rik	chr18	42935470	42938887	lncRNA	ENSMUSG00000084959	+	4933407I08Rik	634
635	4930588A03Rik	chr18	42938552	43171274	lncRNA	ENSMUSG00000117792	-	4930588A03Rik	635
636	Gm22264	chr18	43070300	43070406	snRNA	ENSMUSG00000094137	-	Gm22264	636
637	Gm8181	chr18	43171159	43171824	processed_pseudogene	ENSMUSG00000048188	+	Gm8181	637
638	Stk32a	chr18	43207583	43318682	protein_coding	ENSMUSG00000039954	+	Stk32a	638
639	Dpysl3	chr18	43320984	43438286	protein_coding	ENSMUSG00000024501	-	Dpysl3	639
640	Gm3650	chr18	43472816	43475169	unprocessed_pseudogene	ENSMUSG00000097891	+	Gm3650	640
641	Eif3j2	chr18	43475418	43477796	protein_coding	ENSMUSG00000043424	-	Eif3j2	641
642	Gm27325	chr18	43477704	43477777	miRNA	ENSMUSG00000093208	-	Gm27325	642
643	AC156546.1	chr18	43526177	43529880	lncRNA	ENSMUSG00000118018	-	AC156546.1	643
644	Jakmip2	chr18	43531407	43687773	protein_coding	ENSMUSG00000024502	-	Jakmip2	644
645	Spink1	chr18	43728082	43737557	protein_coding	ENSMUSG00000024503	-	Spink1	645
646	Scgb3a2	chr18	43764289	43767399	protein_coding	ENSMUSG00000038791	+	Scgb3a2	646
647	Gm94	chr18	43777196	43792878	protein_coding	ENSMUSG00000071858	-	Gm94	647
648	Gm41715	chr18	43840096	43870649	lncRNA	ENSMUSG00000117902	+	Gm41715	648
649	Gm50206	chr18	43871335	43874111	TEC	ENSMUSG00000118043	+	Gm50206	649
650	Gm50207	chr18	43882744	43934532	lncRNA	ENSMUSG00000118006	+	Gm50207	650
651	Spink5	chr18	43963235	44022501	protein_coding	ENSMUSG00000055561	+	Spink5	651
652	Spink14	chr18	44027869	44032417	protein_coding	ENSMUSG00000051050	+	Spink14	652
653	Gm8390	chr18	44061598	44062204	processed_pseudogene	ENSMUSG00000118199	+	Gm8390	653
654	Spink6	chr18	44071393	44083611	protein_coding	ENSMUSG00000055095	+	Spink6	654
655	Spink12	chr18	44104407	44108543	protein_coding	ENSMUSG00000061144	+	Spink12	655
656	Gm37797	chr18	44116263	44119567	protein_coding	ENSMUSG00000110628	+	Gm37797	656
657	Gm10267	chr18	44156395	44159885	protein_coding	ENSMUSG00000069385	-	Gm10267	657
658	Spinkl	chr18	44166356	44175074	protein_coding	ENSMUSG00000053729	-	Spinkl	658
659	Spink11	chr18	44190045	44196177	protein_coding	ENSMUSG00000073573	-	Spink11	659
660	Gm10542	chr18	44201264	44206018	protein_coding	ENSMUSG00000073572	+	Gm10542	660
661	Npy6r	chr18	44270127	44277700	protein_coding	ENSMUSG00000038071	+	Npy6r	661
662	Gm41717	chr18	44315707	44328323	lncRNA	ENSMUSG00000117919	+	Gm41717	662
663	Myot	chr18	44334074	44355724	protein_coding	ENSMUSG00000024471	+	Myot	663
664	Dcp2	chr18	44380502	44424969	protein_coding	ENSMUSG00000024472	+	Dcp2	664
665	Mcc	chr18	44425060	44812182	protein_coding	ENSMUSG00000071856	-	Mcc	665
666	A930012L18Rik	chr18	44661665	44676271	lncRNA	ENSMUSG00000097610	+	A930012L18Rik	666
667	Gm50263	chr18	44821133	44821310	processed_pseudogene	ENSMUSG00000117832	+	Gm50263	667
668	Gm43425	chr18	44821769	44825059	TEC	ENSMUSG00000107325	+	Gm43425	668
669	Ythdc2	chr18	44827746	44889724	protein_coding	ENSMUSG00000034653	+	Ythdc2	669
670	Gm31706	chr18	45044862	45129743	lncRNA	ENSMUSG00000118013	+	Gm31706	670
671	Gm6663	chr18	45070322	45071294	processed_pseudogene	ENSMUSG00000117929	-	Gm6663	671
672	Gm26928	chr18	45089326	45090314	processed_pseudogene	ENSMUSG00000098244	-	Gm26928	672
673	Gm4839	chr18	45146504	45147126	processed_pseudogene	ENSMUSG00000118034	-	Gm4839	673
674	Gm50124	chr18	45198823	45199096	processed_pseudogene	ENSMUSG00000118143	+	Gm50124	674
675	Kcnn2	chr18	45268860	45686024	protein_coding	ENSMUSG00000054477	+	Kcnn2	675
676	Gm10540	chr18	45285836	45286120	processed_pseudogene	ENSMUSG00000073569	-	Gm10540	676
677	Gm18652	chr18	45418589	45419153	processed_pseudogene	ENSMUSG00000117844	-	Gm18652	677
678	Gm31907	chr18	45501590	45560130	transcribed_processed_pseudogene	ENSMUSG00000118074	-	Gm31907	678
679	A330093E20Rik	chr18	45683487	46045260	lncRNA	ENSMUSG00000098284	-	A330093E20Rik	679
680	Gm26262	chr18	45941007	45941133	snoRNA	ENSMUSG00000088649	+	Gm26262	680
681	Gm38337	chr18	46112661	46113259	TEC	ENSMUSG00000104009	-	Gm38337	681
682	Trim36	chr18	46165300	46212607	protein_coding	ENSMUSG00000033949	-	Trim36	682
683	1700018A14Rik	chr18	46199021	46199731	TEC	ENSMUSG00000103616	+	1700018A14Rik	683
684	Pggt1b	chr18	46235351	46280993	protein_coding	ENSMUSG00000024477	-	Pggt1b	684
685	Ccdc112	chr18	46282151	46311928	protein_coding	ENSMUSG00000071855	-	Ccdc112	685
686	4930415P13Rik	chr18	46339896	46340429	TEC	ENSMUSG00000117742	-	4930415P13Rik	686
687	Gm4840	chr18	46355158	46356967	processed_pseudogene	ENSMUSG00000118282	-	Gm4840	687
688	Gm4107	chr18	46357872	46427128	lncRNA	ENSMUSG00000118002	-	Gm4107	688
689	Gm24617	chr18	46367365	46367485	miRNA	ENSMUSG00000095541	+	Gm24617	689
690	Mospd4	chr18	46465215	46465790	processed_pseudogene	ENSMUSG00000046487	-	Mospd4	690
691	Gm24076	chr18	46473931	46474024	snRNA	ENSMUSG00000088804	-	Gm24076	691
692	Gm3720	chr18	46497085	46497875	processed_pseudogene	ENSMUSG00000118116	+	Gm3720	692
693	Fem1c	chr18	46501746	46525971	protein_coding	ENSMUSG00000033319	-	Fem1c	693
694	Ticam2	chr18	46557291	46574533	protein_coding	ENSMUSG00000056130	-	Ticam2	694
695	Tmed7	chr18	46560235	46597535	protein_coding	ENSMUSG00000033184	-	Tmed7	695
696	Eif1a	chr18	46597701	46616456	protein_coding	ENSMUSG00000057561	+	Eif1a	696
697	Gm3734	chr18	46630807	46642970	lncRNA	ENSMUSG00000117780	+	Gm3734	697
698	Cdo1	chr18	46713193	46728395	protein_coding	ENSMUSG00000033022	-	Cdo1	698
699	Atg12	chr18	46730144	46741580	protein_coding	ENSMUSG00000032905	-	Atg12	699
700	Ap3s1	chr18	46741876	46790826	protein_coding	ENSMUSG00000024480	+	Ap3s1	700
701	A430019L02Rik	chr18	46758557	46761977	TEC	ENSMUSG00000117429	+	A430019L02Rik	701
702	Gm49971	chr18	46765214	46770108	TEC	ENSMUSG00000117599	+	Gm49971	702
703	Gm49972	chr18	46771325	46773071	TEC	ENSMUSG00000117372	+	Gm49972	703
704	Lvrn	chr18	46850038	46907242	protein_coding	ENSMUSG00000024481	+	Lvrn	704
705	Gm49973	chr18	46908558	46908925	processed_pseudogene	ENSMUSG00000117630	-	Gm49973	705
706	Arl14epl	chr18	46921815	46934232	protein_coding	ENSMUSG00000073568	+	Arl14epl	706
707	Gm3744	chr18	46941807	46942176	processed_pseudogene	ENSMUSG00000117411	-	Gm3744	707
708	Gm49974	chr18	46952563	46958680	lncRNA	ENSMUSG00000117588	-	Gm49974	708
709	Commd10	chr18	46958816	47234284	protein_coding	ENSMUSG00000042705	+	Commd10	709
710	Gm22791	chr18	46985337	46985481	snoRNA	ENSMUSG00000087857	-	Gm22791	710
711	Hspe1-rs1	chr18	47112139	47112653	protein_coding	ENSMUSG00000117621	+	Hspe1-rs1	711
712	Gm8468	chr18	47116552	47117374	processed_pseudogene	ENSMUSG00000117377	+	Gm8468	712
713	Gm49975	chr18	47154189	47156186	lncRNA	ENSMUSG00000117350	+	Gm49975	713
714	Gm25036	chr18	47154373	47154422	miRNA	ENSMUSG00000093158	+	Gm25036	714
715	Sema6a	chr18	47235598	47368870	protein_coding	ENSMUSG00000019647	-	Sema6a	715
716	Gm6883	chr18	47414465	47415361	processed_pseudogene	ENSMUSG00000117515	-	Gm6883	716
717	Gm50086	chr18	47433781	47437778	lncRNA	ENSMUSG00000117474	-	Gm50086	717
718	9130209A04Rik	chr18	47452668	47476331	lncRNA	ENSMUSG00000117602	+	9130209A04Rik	718
719	Gm50223	chr18	47477504	47494411	lncRNA	ENSMUSG00000118180	+	Gm50223	719
720	Gm5095	chr18	47537735	47718636	lncRNA	ENSMUSG00000118259	+	Gm5095	720
721	Gm5236	chr18	47729767	47731112	processed_pseudogene	ENSMUSG00000117765	+	Gm5236	721
722	Gm41720	chr18	47733108	47744937	lncRNA	ENSMUSG00000118139	+	Gm41720	722
723	Gm4146	chr18	47761089	47789533	lncRNA	ENSMUSG00000118113	-	Gm4146	723
724	Gm50224	chr18	47809563	47810090	processed_pseudogene	ENSMUSG00000118110	+	Gm50224	724
725	G630055G22Rik	chr18	47922841	48107980	lncRNA	ENSMUSG00000118267	+	G630055G22Rik	725
726	Eno1b	chr18	48045335	48048412	protein_coding	ENSMUSG00000059040	+	Eno1b	726
727	Gm5237	chr18	48068322	48070022	processed_pseudogene	ENSMUSG00000118097	-	Gm5237	727
728	Gm5839	chr18	48626704	48627710	processed_pseudogene	ENSMUSG00000097965	+	Gm5839	728
729	Gm50229	chr18	48663724	48670485	lncRNA	ENSMUSG00000117885	+	Gm50229	729
730	Gm18993	chr18	49063424	49064798	processed_pseudogene	ENSMUSG00000118290	+	Gm18993	730
731	Gm50231	chr18	49328255	49328513	processed_pseudogene	ENSMUSG00000117724	+	Gm50231	731
732	1700044K03Rik	chr18	49523289	49524440	lncRNA	ENSMUSG00000100297	+	1700044K03Rik	732
733	Gm25440	chr18	49581696	49581849	snRNA	ENSMUSG00000088904	-	Gm25440	733
734	Dtwd2	chr18	49696145	49755601	protein_coding	ENSMUSG00000024505	-	Dtwd2	734
735	Gm16283	chr18	49755794	49757189	lncRNA	ENSMUSG00000087020	+	Gm16283	735
736	1700065O20Rik	chr18	49803326	49817958	lncRNA	ENSMUSG00000100134	-	1700065O20Rik	736
737	Dmxl1	chr18	49832670	49965473	protein_coding	ENSMUSG00000037416	+	Dmxl1	737
738	Tnfaip8	chr18	49979427	50107173	protein_coding	ENSMUSG00000062210	+	Tnfaip8	738
739	C030005K06Rik	chr18	50042730	50053844	lncRNA	ENSMUSG00000086600	-	C030005K06Rik	739
740	Hsd17b4	chr18	50128201	50196269	protein_coding	ENSMUSG00000024507	+	Hsd17b4	740
741	Cd63-ps	chr18	50134726	50135600	transcribed_processed_pseudogene	ENSMUSG00000085939	+	Cd63-ps	741
742	Gm50439	chr18	50208878	50209144	processed_pseudogene	ENSMUSG00000117714	-	Gm50439	742
743	Gm8529	chr18	50220071	50220815	processed_pseudogene	ENSMUSG00000098058	-	Gm8529	743
744	Fam170a	chr18	50278369	50283020	protein_coding	ENSMUSG00000035420	+	Fam170a	744
745	Pudp	chr18	50563877	50601419	protein_coding	ENSMUSG00000048875	-	Pudp	745
746	Prr16	chr18	51117733	51420044	protein_coding	ENSMUSG00000073565	+	Prr16	746
747	Gm25785	chr18	51607544	51607668	snRNA	ENSMUSG00000077317	-	Gm25785	747
748	Gm4950	chr18	51865267	51865881	processed_pseudogene	ENSMUSG00000069379	-	Gm4950	748
749	Gm50446	chr18	51913236	51927551	lncRNA	ENSMUSG00000118334	-	Gm50446	749
750	Gm50447	chr18	52061787	52062216	processed_pseudogene	ENSMUSG00000118351	+	Gm50447	750
751	Gm50448	chr18	52099464	52100046	processed_pseudogene	ENSMUSG00000118046	+	Gm50448	751
752	Ftmt	chr18	52331549	52332996	protein_coding	ENSMUSG00000024510	+	Ftmt	752
753	Srfbp1	chr18	52465693	52491931	protein_coding	ENSMUSG00000024528	+	Srfbp1	753
754	Gm27026	chr18	52472848	52473739	processed_pseudogene	ENSMUSG00000098000	-	Gm27026	754
755	Lox	chr18	52516067	52529867	protein_coding	ENSMUSG00000024529	-	Lox	755
756	Gm41724	chr18	52528661	52577325	lncRNA	ENSMUSG00000118365	+	Gm41724	756
757	Zfp474	chr18	52615915	52639830	protein_coding	ENSMUSG00000046886	+	Zfp474	757
758	1700034E13Rik	chr18	52646209	52663733	protein_coding	ENSMUSG00000024532	+	1700034E13Rik	758
759	Gykl1	chr18	52693690	52695550	protein_coding	ENSMUSG00000053624	+	Gykl1	759
760	Sncaip	chr18	52767709	52915935	protein_coding	ENSMUSG00000024534	+	Sncaip	760
761	Ancv1r	chr18	52825310	52826283	protein_coding	ENSMUSG00000118407	+	Ancv1r	761
762	Gm8572	chr18	52952549	52953101	processed_pseudogene	ENSMUSG00000118195	+	Gm8572	762
763	Snx2	chr18	53176316	53220865	protein_coding	ENSMUSG00000034484	+	Snx2	763
764	Gm1859	chr18	53221392	53221886	processed_pseudogene	ENSMUSG00000118240	-	Gm1859	764
765	Snx24	chr18	53245662	53390920	protein_coding	ENSMUSG00000024535	+	Snx24	765
766	Ppic	chr18	53406332	53418115	protein_coding	ENSMUSG00000024538	-	Ppic	766
767	Prdm6	chr18	53463583	53575907	protein_coding	ENSMUSG00000069378	+	Prdm6	767
768	Gm19466	chr18	53639106	53705420	lncRNA	ENSMUSG00000118362	+	Gm19466	768
769	Cep120	chr18	53681723	53744608	protein_coding	ENSMUSG00000048799	-	Cep120	769
770	Csnk1g3	chr18	53862122	53955548	protein_coding	ENSMUSG00000073563	+	Csnk1g3	770
771	Gm5507	chr18	53984321	53985328	processed_pseudogene	ENSMUSG00000069376	+	Gm5507	771
772	Gm8594	chr18	54030699	54031308	processed_pseudogene	ENSMUSG00000117769	-	Gm8594	772
773	Redrum	chr18	54422295	54453294	lncRNA	ENSMUSG00000096982	+	Redrum	773
774	Gm50361	chr18	54476765	54482960	lncRNA	ENSMUSG00000117881	+	Gm50361	774
775	4933434P08Rik	chr18	54494693	54496584	lncRNA	ENSMUSG00000118103	-	4933434P08Rik	775
776	9330117O12Rik	chr18	54611744	54639870	lncRNA	ENSMUSG00000118154	+	9330117O12Rik	776
777	Gm5821	chr18	54766132	54766380	processed_pseudogene	ENSMUSG00000118307	+	Gm5821	777
778	Gm33732	chr18	54768384	54823789	lncRNA	ENSMUSG00000118120	-	Gm33732	778
779	Gm50365	chr18	54838045	54838510	processed_pseudogene	ENSMUSG00000117825	+	Gm50365	779
780	Zfp608	chr18	54888048	54992555	protein_coding	ENSMUSG00000052713	-	Zfp608	780
781	Gm4221	chr18	54990265	55079414	lncRNA	ENSMUSG00000096948	+	Gm4221	781
782	Gm24183	chr18	55085565	55085657	snoRNA	ENSMUSG00000084521	-	Gm24183	782
783	AC163347.1	chr18	55096360	55109595	lncRNA	ENSMUSG00000117733	+	AC163347.1	783
784	Gm34073	chr18	55143574	55143785	TEC	ENSMUSG00000104521	+	Gm34073	784
785	Gm22597	chr18	55179840	55179919	snRNA	ENSMUSG00000088227	+	Gm22597	785
786	Gm37337	chr18	55516122	55517114	TEC	ENSMUSG00000103555	-	Gm37337	786
787	Gm24514	chr18	55622636	55622920	misc_RNA	ENSMUSG00000092702	-	Gm24514	787
788	Gm26959	chr18	55745251	55746228	processed_pseudogene	ENSMUSG00000098119	-	Gm26959	788
789	Gm8614	chr18	55837972	55838949	processed_pseudogene	ENSMUSG00000098007	-	Gm8614	789
790	Gm6942	chr18	55841665	55843018	processed_pseudogene	ENSMUSG00000118348	+	Gm6942	790
791	Gm4230	chr18	55938153	55961877	lncRNA	ENSMUSG00000118141	+	Gm4230	791
792	Gm6944	chr18	55972286	55973291	processed_pseudogene	ENSMUSG00000098141	+	Gm6944	792
793	Gm22484	chr18	55987222	55987527	misc_RNA	ENSMUSG00000088617	-	Gm22484	793
794	Gm23555	chr18	56192999	56193133	snoRNA	ENSMUSG00000088440	+	Gm23555	794
795	Gm50385	chr18	56284852	56285308	processed_pseudogene	ENSMUSG00000118137	+	Gm50385	795
796	Gm8629	chr18	56390143	56390617	processed_pseudogene	ENSMUSG00000117688	+	Gm8629	796
797	Gramd3	chr18	56400337	56503792	protein_coding	ENSMUSG00000001700	+	Gramd3	797
798	Aldh7a1	chr18	56509687	56572951	protein_coding	ENSMUSG00000053644	-	Aldh7a1	798
799	Gm8642	chr18	56518240	56519380	processed_pseudogene	ENSMUSG00000118186	+	Gm8642	799
800	Mir1258	chr18	56538139	56538198	miRNA	ENSMUSG00000099196	+	Mir1258	800
801	Phax	chr18	56562443	56587712	protein_coding	ENSMUSG00000008301	+	Phax	801
802	Tex43	chr18	56588350	56594782	protein_coding	ENSMUSG00000032900	+	Tex43	802
803	Gm50283	chr18	56600662	56600935	processed_pseudogene	ENSMUSG00000117812	-	Gm50283	803
804	Gm50288	chr18	56620649	56621097	lncRNA	ENSMUSG00000118153	-	Gm50288	804
805	Gm50289	chr18	56667778	56668222	processed_pseudogene	ENSMUSG00000118275	+	Gm50289	805
806	Lmnb1	chr18	56707813	56753424	protein_coding	ENSMUSG00000024590	+	Lmnb1	806
807	March3	chr18	56761716	56925548	protein_coding	ENSMUSG00000032656	-	March3	807
808	Gm15345	chr18	56769717	56801688	lncRNA	ENSMUSG00000087597	+	Gm15345	808
809	Gm18087	chr18	56915362	56916088	processed_pseudogene	ENSMUSG00000117917	-	Gm18087	809
810	C330018D20Rik	chr18	56955833	56975368	protein_coding	ENSMUSG00000024592	-	C330018D20Rik	810
811	Gm19486	chr18	57119713	57119886	processed_pseudogene	ENSMUSG00000118177	-	Gm19486	811
812	Megf10	chr18	57133090	57297467	protein_coding	ENSMUSG00000024593	+	Megf10	812
813	Gm50200	chr18	57314871	57315140	processed_pseudogene	ENSMUSG00000118230	-	Gm50200	813
814	Gm50201	chr18	57316397	57316675	lncRNA	ENSMUSG00000118343	+	Gm50201	814
815	Gm18929	chr18	57334305	57338193	unprocessed_pseudogene	ENSMUSG00000117802	+	Gm18929	815
816	Prrc1	chr18	57354741	57392956	protein_coding	ENSMUSG00000024594	+	Prrc1	816
817	4930511M06Rik	chr18	57373455	57552397	lncRNA	ENSMUSG00000086607	-	4930511M06Rik	817
818	Gm19500	chr18	57405415	57416150	lncRNA	ENSMUSG00000117864	+	Gm19500	818
819	Ctxn3	chr18	57468516	57478133	protein_coding	ENSMUSG00000069372	+	Ctxn3	819
820	1700066O22Rik	chr18	57504422	57533752	lncRNA	ENSMUSG00000085800	-	1700066O22Rik	820
821	Ccdc192	chr18	57533780	57731065	protein_coding	ENSMUSG00000058925	+	Ccdc192	821
822	2210409D07Rik	chr18	57632079	57638585	lncRNA	ENSMUSG00000118322	-	2210409D07Rik	822
823	Gm44491	chr18	57681814	57681909	miRNA	ENSMUSG00000105951	+	Gm44491	823
824	Gm19519	chr18	57688646	57792360	lncRNA	ENSMUSG00000118391	-	Gm19519	824
825	Slc12a2	chr18	57878678	57946821	protein_coding	ENSMUSG00000024597	+	Slc12a2	825
826	Fbn2	chr18	58008623	58210487	protein_coding	ENSMUSG00000024598	-	Fbn2	826
827	Slc27a6	chr18	58556257	58612773	protein_coding	ENSMUSG00000024600	+	Slc27a6	827
828	Gm23270	chr18	58615359	58615489	snoRNA	ENSMUSG00000077243	-	Gm23270	828
829	Isoc1	chr18	58659466	58680368	protein_coding	ENSMUSG00000024601	+	Isoc1	829
830	Gm50227	chr18	58778425	58786768	lncRNA	ENSMUSG00000118337	+	Gm50227	830
831	Adamts19	chr18	58836667	59054060	protein_coding	ENSMUSG00000053441	+	Adamts19	831
832	Minar2	chr18	59062248	59076962	protein_coding	ENSMUSG00000050875	+	Minar2	832
833	Chsy3	chr18	59175401	59535999	protein_coding	ENSMUSG00000058152	+	Chsy3	833
834	Gm26028	chr18	59738064	59738357	misc_RNA	ENSMUSG00000089285	-	Gm26028	834
835	Gm8697	chr18	59774229	59774471	processed_pseudogene	ENSMUSG00000118327	-	Gm8697	835
836	Gm38695	chr18	59825431	59855462	lncRNA	ENSMUSG00000117701	-	Gm38695	836
837	Gm50235	chr18	59855122	59855452	processed_pseudogene	ENSMUSG00000117940	+	Gm50235	837
838	Gm18217	chr18	59897554	59898094	processed_pseudogene	ENSMUSG00000117999	+	Gm18217	838
839	AC108942.1	chr18	60183211	60185896	unprocessed_pseudogene	ENSMUSG00000118538	+	AC108942.1	839
840	Gm4951	chr18	60212080	60247820	protein_coding	ENSMUSG00000073555	+	Gm4951	840
841	Gm5970	chr18	60220843	60222058	processed_pseudogene	ENSMUSG00000085977	+	Gm5970	841
842	Gm4841	chr18	60268305	60273272	protein_coding	ENSMUSG00000068606	-	Gm4841	842
843	Gm50237	chr18	60283520	60356179	lncRNA	ENSMUSG00000118361	-	Gm50237	843
844	F830016B08Rik	chr18	60293380	60303016	protein_coding	ENSMUSG00000090942	+	F830016B08Rik	844
845	Iigp1	chr18	60376027	60392634	protein_coding	ENSMUSG00000054072	+	Iigp1	845
846	Gm6960	chr18	60426292	60426934	pseudogene	ENSMUSG00000073554	+	Gm6960	846
847	BC023105	chr18	60441765	60442980	processed_pseudogene	ENSMUSG00000063388	+	BC023105	847
848	Smim3	chr18	60474191	60501987	protein_coding	ENSMUSG00000038059	-	Smim3	848
849	Dctn4	chr18	60526185	60558766	protein_coding	ENSMUSG00000024603	+	Dctn4	849
850	Rbm22	chr18	60560736	60572810	protein_coding	ENSMUSG00000024604	+	Rbm22	850
851	Myoz3	chr18	60573750	60591788	protein_coding	ENSMUSG00000049173	-	Myoz3	851
852	Synpo	chr18	60593973	60660142	protein_coding	ENSMUSG00000043079	-	Synpo	852
853	Ndst1	chr18	60684494	60748650	protein_coding	ENSMUSG00000054008	-	Ndst1	853
854	Rps14	chr18	60747098	60778546	protein_coding	ENSMUSG00000024608	+	Rps14	854
855	Gm8731	chr18	60778983	60779394	processed_pseudogene	ENSMUSG00000080779	-	Gm8731	855
856	Cd74	chr18	60803848	60812652	protein_coding	ENSMUSG00000024610	+	Cd74	856
857	Mir5107	chr18	60812076	60812163	miRNA	ENSMUSG00000093327	+	Mir5107	857
858	Tcof1	chr18	60813755	60848971	protein_coding	ENSMUSG00000024613	-	Tcof1	858
859	Arsi	chr18	60911780	60918561	protein_coding	ENSMUSG00000036412	+	Arsi	859
860	Camk2a	chr18	60925618	60988152	protein_coding	ENSMUSG00000024617	+	Camk2a	860
861	Mir6982	chr18	60958073	60958140	miRNA	ENSMUSG00000098475	+	Mir6982	861
862	Slc6a7	chr18	60995380	61014222	protein_coding	ENSMUSG00000052026	-	Slc6a7	862
863	Cdx1	chr18	61018862	61036199	protein_coding	ENSMUSG00000024619	-	Cdx1	863
864	Pdgfrb	chr18	61045150	61085061	protein_coding	ENSMUSG00000024620	+	Pdgfrb	864
865	Csf1r	chr18	61100598	61132149	protein_coding	ENSMUSG00000024621	+	Csf1r	865
866	Hmgxb3	chr18	61131277	61177050	protein_coding	ENSMUSG00000024622	-	Hmgxb3	866
867	Gm26403	chr18	61138509	61138613	snRNA	ENSMUSG00000089125	-	Gm26403	867
868	Slc26a2	chr18	61192919	61211612	protein_coding	ENSMUSG00000034320	-	Slc26a2	868
869	Pde6a	chr18	61220315	61289924	protein_coding	ENSMUSG00000024575	+	Pde6a	869
870	Rps2-ps10	chr18	61259008	61259972	transcribed_processed_pseudogene	ENSMUSG00000091957	-	Rps2-ps10	870
871	Ppargc1b	chr18	61298136	61400431	protein_coding	ENSMUSG00000033871	-	Ppargc1b	871
872	Gm8755	chr18	61433502	61434201	processed_pseudogene	ENSMUSG00000118286	-	Gm8755	872
873	Gm25834	chr18	61467053	61467153	snRNA	ENSMUSG00000089541	-	Gm25834	873
874	Lncbate10	chr18	61470225	61484607	lncRNA	ENSMUSG00000118229	-	Lncbate10	874
875	Gm46637	chr18	61484766	61489220	lncRNA	ENSMUSG00000117713	+	Gm46637	875
876	Arhgef37	chr18	61491657	61536594	protein_coding	ENSMUSG00000045094	-	Arhgef37	876
877	Csnk1a1	chr18	61555274	61590061	protein_coding	ENSMUSG00000024576	+	Csnk1a1	877
878	Bvht	chr18	61639542	61647472	lncRNA	ENSMUSG00000098098	+	Bvht	878
879	Mir145a	chr18	61647825	61647894	miRNA	ENSMUSG00000065592	-	Mir145a	879
880	Mir143	chr18	61649196	61649258	miRNA	ENSMUSG00000065445	-	Mir143	880
881	Carmn	chr18	61649625	61665537	lncRNA	ENSMUSG00000097324	-	Carmn	881
882	Il17b	chr18	61684887	61692538	protein_coding	ENSMUSG00000024578	+	Il17b	882
883	Gm38165	chr18	61691046	61692384	lncRNA	ENSMUSG00000102778	-	Gm38165	883
884	Pcyox1l	chr18	61696837	61707635	protein_coding	ENSMUSG00000024579	-	Pcyox1l	884
885	Grpel2	chr18	61712424	61726325	protein_coding	ENSMUSG00000024580	-	Grpel2	885
886	1500015A07Rik	chr18	61726390	61735917	lncRNA	ENSMUSG00000098702	+	1500015A07Rik	886
887	Afap1l1	chr18	61730261	61786702	protein_coding	ENSMUSG00000033032	-	Afap1l1	887
888	Ablim3	chr18	61799392	61911824	protein_coding	ENSMUSG00000032735	-	Ablim3	888
889	Sh3tc2	chr18	61953075	62024402	protein_coding	ENSMUSG00000045629	+	Sh3tc2	889
890	Gm41750	chr18	62142618	62146508	lncRNA	ENSMUSG00000118370	+	Gm41750	890
891	Adrb2	chr18	62177816	62179959	protein_coding	ENSMUSG00000045730	-	Adrb2	891
892	Gm9949	chr18	62180126	62184405	lncRNA	ENSMUSG00000054589	+	Gm9949	892
893	Htr4	chr18	62324204	62496577	protein_coding	ENSMUSG00000026322	+	Htr4	893
894	Fbxo38	chr18	62504155	62548695	protein_coding	ENSMUSG00000042211	-	Fbxo38	894
895	Spink10	chr18	62548911	62668070	protein_coding	ENSMUSG00000044176	+	Spink10	895
896	Gm36368	chr18	62566410	62579152	protein_coding	ENSMUSG00000110576	-	Gm36368	896
897	Spink7	chr18	62592194	62596327	protein_coding	ENSMUSG00000060201	-	Spink7	897
898	Spink13	chr18	62607535	62741387	protein_coding	ENSMUSG00000073551	-	Spink13	898
899	Gm19159	chr18	62671261	62672836	processed_pseudogene	ENSMUSG00000117712	+	Gm19159	899
900	2700046A07Rik	chr18	62751674	62756347	lncRNA	ENSMUSG00000041789	-	2700046A07Rik	900
901	Gm50128	chr18	62903178	62922129	lncRNA	ENSMUSG00000117671	-	Gm50128	901
902	Apcdd1	chr18	62922231	62961179	protein_coding	ENSMUSG00000071847	+	Apcdd1	902
903	Napg	chr18	62977831	62999450	protein_coding	ENSMUSG00000024581	+	Napg	903
904	Piezo2	chr18	63010213	63387183	protein_coding	ENSMUSG00000041482	-	Piezo2	904
905	Gm50171	chr18	63166552	63168472	TEC	ENSMUSG00000118039	-	Gm50171	905
906	Gm50172	chr18	63265090	63267527	TEC	ENSMUSG00000118336	+	Gm50172	906
907	Gm26972	chr18	63399214	63421197	lncRNA	ENSMUSG00000097980	+	Gm26972	907
908	Gm23581	chr18	63508169	63508231	snRNA	ENSMUSG00000089156	+	Gm23581	908
909	Gm22560	chr18	63509895	63510014	rRNA	ENSMUSG00000087957	+	Gm22560	909
910	Gm22210	chr18	63533068	63533211	snoRNA	ENSMUSG00000088726	+	Gm22210	910
911	Gm6789	chr18	63543751	63545135	processed_pseudogene	ENSMUSG00000117875	-	Gm6789	911
912	Gm24848	chr18	63584736	63584842	snRNA	ENSMUSG00000088656	+	Gm24848	912
913	Txnl1	chr18	63661094	63708801	protein_coding	ENSMUSG00000024583	-	Txnl1	913
914	Wdr7	chr18	63708685	63989776	protein_coding	ENSMUSG00000040560	+	Wdr7	914
915	Gm50104	chr18	63713872	63714490	processed_pseudogene	ENSMUSG00000117795	-	Gm50104	915
916	Gm50106	chr18	63760332	63763217	lncRNA	ENSMUSG00000117977	-	Gm50106	916
917	Gm19076	chr18	63898332	63899031	processed_pseudogene	ENSMUSG00000118258	-	Gm19076	917
918	Gm24384	chr18	63909082	63909156	snRNA	ENSMUSG00000084642	-	Gm24384	918
919	Gm6974	chr18	64080765	64081420	processed_pseudogene	ENSMUSG00000117673	-	Gm6974	919
920	Gm50109	chr18	64136992	64137576	processed_pseudogene	ENSMUSG00000118189	-	Gm50109	920
921	St8sia3os	chr18	64157721	64333706	lncRNA	ENSMUSG00000086128	-	St8sia3os	921
922	Gm45934	chr18	64200215	64200527	transcribed_processed_pseudogene	ENSMUSG00000118191	-	Gm45934	922
923	Prdx1-ps	chr18	64219935	64220522	processed_pseudogene	ENSMUSG00000118022	-	Prdx1-ps	923
924	St8sia3	chr18	64254359	64279611	protein_coding	ENSMUSG00000056812	+	St8sia3	924
925	Rps15-ps3	chr18	64288135	64291820	transcribed_processed_pseudogene	ENSMUSG00000118264	+	Rps15-ps3	925
926	Onecut2	chr18	64340020	64400987	protein_coding	ENSMUSG00000045991	+	Onecut2	926
927	Gm36804	chr18	64428353	64428669	processed_pseudogene	ENSMUSG00000118375	-	Gm36804	927
928	Amd-ps3	chr18	64448685	64449689	processed_pseudogene	ENSMUSG00000060096	-	Amd-ps3	928
929	Fech	chr18	64452914	64490251	protein_coding	ENSMUSG00000024588	-	Fech	929
930	Nars	chr18	64499647	64516652	protein_coding	ENSMUSG00000024587	-	Nars	930
931	Atp8b1	chr18	64528967	64661267	protein_coding	ENSMUSG00000039529	-	Atp8b1	931
932	Gm50338	chr18	64600071	64601643	TEC	ENSMUSG00000117808	-	Gm50338	932
933	Gm6978	chr18	64611725	64613099	transcribed_processed_pseudogene	ENSMUSG00000118133	-	Gm6978	933
934	Gm50352	chr18	64684120	64685110	processed_pseudogene	ENSMUSG00000118224	-	Gm50352	934
935	Gm50353	chr18	64693536	64700054	lncRNA	ENSMUSG00000118356	-	Gm50353	935
936	Gm50354	chr18	64700087	64700347	TEC	ENSMUSG00000117766	+	Gm50354	936
937	Gm23016	chr18	64728066	64728127	snRNA	ENSMUSG00000095778	+	Gm23016	937
938	Gm24504	chr18	64786329	64786428	snRNA	ENSMUSG00000088304	-	Gm24504	938
939	Gm29860	chr18	64799869	64806496	lncRNA	ENSMUSG00000118045	-	Gm29860	939
940	A330084C13Rik	chr18	64884475	64888491	lncRNA	ENSMUSG00000114210	-	A330084C13Rik	940
941	Nedd4l	chr18	64887705	65217828	protein_coding	ENSMUSG00000024589	+	Nedd4l	941
942	Gm50368	chr18	64978546	65001175	lncRNA	ENSMUSG00000117895	-	Gm50368	942
943	Gm29966	chr18	65244287	65252621	lncRNA	ENSMUSG00000118017	+	Gm29966	943
944	Mir122	chr18	65248861	65248926	miRNA	ENSMUSG00000065402	+	Mir122	944
945	Alpk2	chr18	65265529	65394066	protein_coding	ENSMUSG00000032845	-	Alpk2	945
946	F730048M01Rik	chr18	65306430	65309876	lncRNA	ENSMUSG00000118101	+	F730048M01Rik	946
947	Gm50220	chr18	65342821	65343344	processed_pseudogene	ENSMUSG00000117971	+	Gm50220	947
948	Gm41757	chr18	65349157	65368824	lncRNA	ENSMUSG00000118163	+	Gm41757	948
949	Gm50221	chr18	65390334	65393031	lncRNA	ENSMUSG00000117721	+	Gm50221	949
950	Gm50228	chr18	65414999	65415523	lncRNA	ENSMUSG00000118078	+	Gm50228	950
951	Gm46618	chr18	65418971	65419347	processed_pseudogene	ENSMUSG00000118285	-	Gm46618	951
952	Gm22567	chr18	65427469	65427810	misc_RNA	ENSMUSG00000093283	+	Gm22567	952
953	Malt1	chr18	65430938	65479067	protein_coding	ENSMUSG00000032688	+	Malt1	953
954	Gm50246	chr18	65501406	65502848	processed_pseudogene	ENSMUSG00000118389	+	Gm50246	954
955	Gm30018	chr18	65526153	65531801	lncRNA	ENSMUSG00000117860	-	Gm30018	955
956	Gm50247	chr18	65546108	65546581	processed_pseudogene	ENSMUSG00000118179	+	Gm50247	956
957	Gm41760	chr18	65578352	65580744	lncRNA	ENSMUSG00000117992	-	Gm41760	957
958	Zfp532	chr18	65579912	65689443	protein_coding	ENSMUSG00000042439	+	Zfp532	958
959	Gm37643	chr18	65603834	65605093	TEC	ENSMUSG00000103194	+	Gm37643	959
960	Gm50115	chr18	65619660	65624926	lncRNA	ENSMUSG00000118234	-	Gm50115	960
961	AC132307.1	chr18	65634793	65637470	lncRNA	ENSMUSG00000117775	+	AC132307.1	961
962	Oacyl	chr18	65698268	65751601	protein_coding	ENSMUSG00000046610	+	Oacyl	962
963	Gm50234	chr18	65715049	65715390	processed_pseudogene	ENSMUSG00000118208	-	Gm50234	963
964	Sec11c	chr18	65800515	65817684	protein_coding	ENSMUSG00000024516	+	Sec11c	964
965	Gm50256	chr18	65810992	65811333	TEC	ENSMUSG00000117751	-	Gm50256	965
966	Gm50175	chr18	65835474	65835744	processed_pseudogene	ENSMUSG00000117866	-	Gm50175	966
967	Gm30094	chr18	65863333	65894755	lncRNA	ENSMUSG00000118170	-	Gm30094	967
968	Grp	chr18	65872820	65886596	protein_coding	ENSMUSG00000024517	+	Grp	968
969	Gm25150	chr18	65907163	65907222	snRNA	ENSMUSG00000087746	-	Gm25150	969
970	Gm50117	chr18	65910771	65911119	TEC	ENSMUSG00000117734	-	Gm50117	970
971	Gm50118	chr18	65921857	65922368	processed_pseudogene	ENSMUSG00000117846	+	Gm50118	971
972	Gm50119	chr18	65924056	65924596	processed_pseudogene	ENSMUSG00000118162	-	Gm50119	972
973	Rax	chr18	65928277	65939787	protein_coding	ENSMUSG00000024518	-	Rax	973
974	Raxos1	chr18	65937538	65940447	lncRNA	ENSMUSG00000097907	+	Raxos1	974
975	Cplx4	chr18	65955722	65970237	protein_coding	ENSMUSG00000024519	-	Cplx4	975
976	Lman1	chr18	65980738	66022580	protein_coding	ENSMUSG00000041891	-	Lman1	976
977	Gm50142	chr18	66036827	66038283	lncRNA	ENSMUSG00000117907	+	Gm50142	977
978	Ccbe1	chr18	66045302	66302741	protein_coding	ENSMUSG00000046318	-	Ccbe1	978
979	Gm50143	chr18	66127305	66218288	lncRNA	ENSMUSG00000117764	-	Gm50143	979
980	Mir694	chr18	66219264	66219333	miRNA	ENSMUSG00000076147	-	Mir694	980
981	Gm15958	chr18	66291274	66319645	lncRNA	ENSMUSG00000085055	+	Gm15958	981
982	Gm50148	chr18	66394297	66394687	processed_pseudogene	ENSMUSG00000117680	+	Gm50148	982
983	Gm50153	chr18	66406782	66406910	TEC	ENSMUSG00000118228	-	Gm50153	983
984	Gm20294	chr18	66417328	66417803	processed_pseudogene	ENSMUSG00000117665	+	Gm20294	984
985	Pmaip1	chr18	66458533	66465565	protein_coding	ENSMUSG00000024521	+	Pmaip1	985
986	Gm50156	chr18	66491584	66491871	processed_pseudogene	ENSMUSG00000117884	-	Gm50156	986
987	Gm9926	chr18	66504178	66511745	lncRNA	ENSMUSG00000118376	+	Gm9926	987
988	Gm24679	chr18	66549935	66550045	snoRNA	ENSMUSG00000089387	-	Gm24679	988
989	Gm36092	chr18	66561615	66561931	processed_pseudogene	ENSMUSG00000118187	-	Gm36092	989
990	Gm50159	chr18	66605733	66606420	processed_pseudogene	ENSMUSG00000117843	-	Gm50159	990
991	Gm50161	chr18	66633734	66634599	lncRNA	ENSMUSG00000118201	-	Gm50161	991
992	Gm30190	chr18	66636828	66674502	lncRNA	ENSMUSG00000117750	-	Gm30190	992
993	Gm22219	chr18	66674534	66677961	lncRNA	ENSMUSG00000117737	+	Gm22219	993
994	Gm50110	chr18	66676361	66676679	misc_RNA	ENSMUSG00000088187	+	Gm50110	994
995	Gm50162	chr18	66761132	66802769	lncRNA	ENSMUSG00000117968	+	Gm50162	995
996	Mc4r	chr18	66857704	66860506	protein_coding	ENSMUSG00000047259	-	Mc4r	996
997	Gm19784	chr18	66923471	66950023	lncRNA	ENSMUSG00000118216	-	Gm19784	997
998	Gm50164	chr18	66974165	66977165	lncRNA	ENSMUSG00000117798	+	Gm50164	998
999	Gm50165	chr18	67029440	67031518	lncRNA	ENSMUSG00000117868	-	Gm50165	999
1000	Gm50166	chr18	67066578	67084380	lncRNA	ENSMUSG00000117815	+	Gm50166	1000
1001	Gnal	chr18	67088216	67226792	protein_coding	ENSMUSG00000024524	+	Gnal	1001
1002	Gm50170	chr18	67122732	67125325	TEC	ENSMUSG00000117982	+	Gm50170	1002
1003	Gm50167	chr18	67151212	67151372	TEC	ENSMUSG00000118131	-	Gm50167	1003
1004	Gm23512	chr18	67174885	67174991	snRNA	ENSMUSG00000095972	-	Gm23512	1004
1005	Gm50169	chr18	67203335	67205970	lncRNA	ENSMUSG00000117757	-	Gm50169	1005
1006	Chmp1b	chr18	67205366	67207889	protein_coding	ENSMUSG00000109901	+	Chmp1b	1006
1007	Mppe1	chr18	67225043	67245830	protein_coding	ENSMUSG00000062526	-	Mppe1	1007
1008	Impa2	chr18	67289186	67322472	protein_coding	ENSMUSG00000024525	+	Impa2	1008
1009	B430212C06Rik	chr18	67321209	67344103	lncRNA	ENSMUSG00000046415	-	B430212C06Rik	1009
1010	Cidea	chr18	67343604	67367785	protein_coding	ENSMUSG00000024526	+	Cidea	1010
1011	Tubb6	chr18	67390717	67402749	protein_coding	ENSMUSG00000001473	+	Tubb6	1011
1012	Afg3l2	chr18	67404764	67449172	protein_coding	ENSMUSG00000024527	-	Afg3l2	1012
1013	Gm24900	chr18	67462342	67462475	snoRNA	ENSMUSG00000088753	+	Gm24900	1013
1014	Prelid3a	chr18	67464866	67479835	protein_coding	ENSMUSG00000024530	+	Prelid3a	1014
1015	Spire1	chr18	67488209	67610790	protein_coding	ENSMUSG00000024533	-	Spire1	1015
1016	Gm17669	chr18	67562394	67562835	processed_pseudogene	ENSMUSG00000091695	+	Gm17669	1016
1017	Cep76	chr18	67617800	67641336	protein_coding	ENSMUSG00000073542	-	Cep76	1017
1018	Psmg2	chr18	67641599	67654162	protein_coding	ENSMUSG00000024537	+	Psmg2	1018
1019	Ptpn2	chr18	67665511	67724595	protein_coding	ENSMUSG00000024539	-	Ptpn2	1019
1020	4930549G23Rik	chr18	67768299	67799971	lncRNA	ENSMUSG00000118134	-	4930549G23Rik	1020
1021	Gm26910	chr18	67773712	67774857	lncRNA	ENSMUSG00000097835	-	Gm26910	1021
1022	Seh1l	chr18	67774876	67795487	protein_coding	ENSMUSG00000079614	+	Seh1l	1022
1023	Cep192	chr18	67800107	67885170	protein_coding	ENSMUSG00000024542	+	Cep192	1023
1024	Gm8887	chr18	67907628	67908924	processed_pseudogene	ENSMUSG00000118326	+	Gm8887	1024
1025	Ldlrad4	chr18	67933257	68268630	protein_coding	ENSMUSG00000024544	+	Ldlrad4	1025
1026	Gm41764	chr18	68098347	68118374	lncRNA	ENSMUSG00000117891	-	Gm41764	1026
1027	Gm18149	chr18	68168448	68168967	processed_pseudogene	ENSMUSG00000118306	-	Gm18149	1027
1028	Fam210a	chr18	68260187	68300333	protein_coding	ENSMUSG00000038121	-	Fam210a	1028
1029	Mir7219	chr18	68260920	68260973	miRNA	ENSMUSG00000098253	-	Mir7219	1029
1030	Rnmt	chr18	68300355	68324852	protein_coding	ENSMUSG00000009535	+	Rnmt	1030
1031	Mc5r	chr18	68337596	68342446	protein_coding	ENSMUSG00000007480	+	Mc5r	1031
1032	Mc2r	chr18	68406907	68429320	protein_coding	ENSMUSG00000045569	-	Mc2r	1032
1033	Gm50258	chr18	68432793	68433177	processed_pseudogene	ENSMUSG00000118288	+	Gm50258	1033
1034	Gm29677	chr18	68559422	68566141	lncRNA	ENSMUSG00000117811	+	Gm29677	1034
1035	Gm30641	chr18	68581915	68586334	lncRNA	ENSMUSG00000118317	+	Gm30641	1035
1036	Gm50260	chr18	68793939	68805358	lncRNA	ENSMUSG00000118102	-	Gm50260	1036
1037	4930546C10Rik	chr18	68889487	68951528	lncRNA	ENSMUSG00000024546	-	4930546C10Rik	1037
1038	Gm31294	chr18	69193336	69195744	lncRNA	ENSMUSG00000110211	-	Gm31294	1038
1039	A730085E03Rik	chr18	69198121	69199000	lncRNA	ENSMUSG00000117889	+	A730085E03Rik	1039
1040	Gm4402	chr18	69217501	69222230	lncRNA	ENSMUSG00000117970	+	Gm4402	1040
1041	Gm4842	chr18	69256288	69257122	processed_pseudogene	ENSMUSG00000098060	+	Gm4842	1041
1042	Tcf4	chr18	69343356	69689079	protein_coding	ENSMUSG00000053477	+	Tcf4	1042
1043	Gm24845	chr18	69551963	69552071	rRNA	ENSMUSG00000088659	+	Gm24845	1043
1044	Gm22508	chr18	69777936	69778045	misc_RNA	ENSMUSG00000064706	-	Gm22508	1044
1045	Gm50215	chr18	69885224	69910724	lncRNA	ENSMUSG00000118028	-	Gm50215	1045
1046	Ccdc68	chr18	69925426	69969484	protein_coding	ENSMUSG00000038903	+	Ccdc68	1046
1047	1700061H18Rik	chr18	69943320	69969609	lncRNA	ENSMUSG00000084948	-	1700061H18Rik	1047
1048	4930448D08Rik	chr18	69969677	69972366	lncRNA	ENSMUSG00000086824	+	4930448D08Rik	1048
1049	Rab27b	chr18	69979131	70141605	protein_coding	ENSMUSG00000024511	-	Rab27b	1049
1050	Dynap	chr18	70240429	70244582	protein_coding	ENSMUSG00000024512	-	Dynap	1050
1051	AC124764.1	chr18	70267371	70276300	protein_coding	ENSMUSG00000118497	-	AC124764.1	1051
1052	Gm45879	chr18	70432355	70433856	unitary_pseudogene	ENSMUSG00000110495	-	Gm45879	1052
1053	4930503L19Rik	chr18	70452212	70472509	protein_coding	ENSMUSG00000044906	-	4930503L19Rik	1053
1054	Stard6	chr18	70472454	70501066	protein_coding	ENSMUSG00000079608	+	Stard6	1054
1055	Poli	chr18	70508680	70530620	protein_coding	ENSMUSG00000038425	-	Poli	1055
1056	Mir6357	chr18	70516786	70516889	miRNA	ENSMUSG00000098721	+	Mir6357	1056
1057	Mbd2	chr18	70568189	70626131	protein_coding	ENSMUSG00000024513	+	Mbd2	1057
1058	Gm8934	chr18	70647149	70648037	processed_pseudogene	ENSMUSG00000117810	-	Gm8934	1058
1059	Gm50261	chr18	70693135	70706497	lncRNA	ENSMUSG00000118309	-	Gm50261	1059
1060	Gm18963	chr18	70769462	70770077	processed_pseudogene	ENSMUSG00000117735	+	Gm18963	1060
1061	Gm21046	chr18	70781887	70783895	processed_pseudogene	ENSMUSG00000117932	+	Gm21046	1061
1062	Gm50262	chr18	70907414	70907651	processed_pseudogene	ENSMUSG00000118271	-	Gm50262	1062
1063	Dcc	chr18	71253634	72351069	protein_coding	ENSMUSG00000060534	-	Dcc	1063
1064	Gm6995	chr18	72426526	72427108	processed_pseudogene	ENSMUSG00000117831	-	Gm6995	1064
1065	Gm31819	chr18	72690295	72725067	lncRNA	ENSMUSG00000117984	-	Gm31819	1065
1066	Gm31908	chr18	72908890	72921090	lncRNA	ENSMUSG00000118316	-	Gm31908	1066
1067	n-R5-8s1	chr18	73533403	73533550	rRNA	ENSMUSG00000065922	-	n-R5-8s1	1067
1068	Mex3c	chr18	73573044	73592575	protein_coding	ENSMUSG00000037253	+	Mex3c	1068
1069	Gm26438	chr18	73611516	73611622	misc_RNA	ENSMUSG00000064527	+	Gm26438	1069
1070	Gm22065	chr18	73624928	73625037	miRNA	ENSMUSG00000076941	+	Gm22065	1070
1071	Smad4	chr18	73639009	73703780	protein_coding	ENSMUSG00000024515	-	Smad4	1071
1072	Gm50126	chr18	73667204	73667477	processed_pseudogene	ENSMUSG00000118185	+	Gm50126	1072
1073	Gm32548	chr18	73711328	73717593	lncRNA	ENSMUSG00000117985	+	Gm32548	1073
1074	Gm17943	chr18	73730765	73731428	processed_pseudogene	ENSMUSG00000118321	+	Gm17943	1074
1075	Elac1	chr18	73735038	73754479	protein_coding	ENSMUSG00000036941	-	Elac1	1075
1076	Me2	chr18	73769903	73815449	protein_coding	ENSMUSG00000024556	-	Me2	1076
1077	Mro	chr18	73859385	73881333	protein_coding	ENSMUSG00000064036	+	Mro	1077
1078	Mapk4	chr18	73928486	74065359	protein_coding	ENSMUSG00000024558	-	Mapk4	1078
1079	D730045A05Rik	chr18	74017907	74020088	lncRNA	ENSMUSG00000090263	+	D730045A05Rik	1079
1080	Gm9925	chr18	74065102	74065584	protein_coding	ENSMUSG00000053861	+	Gm9925	1080
1081	Ska1	chr18	74195299	74207818	protein_coding	ENSMUSG00000036223	-	Ska1	1081
1082	Cxxc1	chr18	74216124	74221496	protein_coding	ENSMUSG00000024560	+	Cxxc1	1082
1083	Gm5690	chr18	74240890	74241524	processed_pseudogene	ENSMUSG00000118151	+	Gm5690	1083
1084	Mbd1	chr18	74267605	74282732	protein_coding	ENSMUSG00000024561	+	Mbd1	1084
1085	Cfap53	chr18	74283090	74359986	protein_coding	ENSMUSG00000035394	+	Cfap53	1085
1086	Gm14328	chr18	74303524	74303931	processed_pseudogene	ENSMUSG00000095419	-	Gm14328	1086
1087	Gm8986	chr18	74400608	74401047	processed_pseudogene	ENSMUSG00000117898	+	Gm8986	1087
1088	Gm50168	chr18	74420805	74421528	processed_pseudogene	ENSMUSG00000118303	+	Gm50168	1088
1089	Myo5b	chr18	74440936	74771493	protein_coding	ENSMUSG00000025885	+	Myo5b	1089
1090	1700120E14Rik	chr18	74525140	74531124	lncRNA	ENSMUSG00000086333	-	1700120E14Rik	1090
1091	Scarna17	chr18	74778391	74778469	scaRNA	ENSMUSG00000088689	-	Scarna17	1091
1092	Gm23119	chr18	74778561	74778700	scaRNA	ENSMUSG00000089235	-	Gm23119	1092
1093	Acaa2	chr18	74779197	74806208	protein_coding	ENSMUSG00000036880	+	Acaa2	1093
1094	Gm24559	chr18	74906314	74906434	snoRNA	ENSMUSG00000088144	-	Gm24559	1094
1095	Rpl37a-ps2	chr18	74910122	74910387	processed_pseudogene	ENSMUSG00000117754	-	Rpl37a-ps2	1095
1096	Gm25594	chr18	74910152	74910233	miRNA	ENSMUSG00000076229	-	Gm25594	1096
1097	Gm18786	chr18	74936280	74938320	processed_pseudogene	ENSMUSG00000117767	+	Gm18786	1097
1098	Lipg	chr18	74939322	74961263	protein_coding	ENSMUSG00000053846	-	Lipg	1098
1099	9030625G05Rik	chr18	74972764	74981547	lncRNA	ENSMUSG00000118384	-	9030625G05Rik	1099
1100	Rpl17	chr18	74998558	75003381	protein_coding	ENSMUSG00000062328	+	Rpl17	1100
1101	Snord58b	chr18	75001058	75001123	snoRNA	ENSMUSG00000064871	+	Snord58b	1101
1102	Gm23301	chr18	75001455	75001519	snoRNA	ENSMUSG00000064647	+	Gm23301	1102
1103	Gm26202	chr18	75001880	75001944	snoRNA	ENSMUSG00000064844	+	Gm26202	1103
1104	Gm50313	chr18	75005178	75005604	processed_pseudogene	ENSMUSG00000118144	-	Gm50313	1104
1105	BC031181	chr18	75005868	75010152	protein_coding	ENSMUSG00000036299	+	BC031181	1105
1106	Dym	chr18	75018781	75286964	protein_coding	ENSMUSG00000035765	+	Dym	1106
1107	Gm27781	chr18	75023856	75023947	rRNA	ENSMUSG00000098305	+	Gm27781	1107
1108	Gm8807	chr18	75182193	75182814	processed_pseudogene	ENSMUSG00000094153	-	Gm8807	1108
1109	2010010A06Rik	chr18	75288655	75297329	transcribed_processed_pseudogene	ENSMUSG00000102047	-	2010010A06Rik	1109
1110	Gm20544	chr18	75365332	75367088	lncRNA	ENSMUSG00000092569	-	Gm20544	1110
1111	Smad7	chr18	75367529	75395935	protein_coding	ENSMUSG00000025880	+	Smad7	1111
1112	Ctif	chr18	75431224	75697554	protein_coding	ENSMUSG00000052928	-	Ctif	1112
1113	Gm10532	chr18	75514645	75522806	lncRNA	ENSMUSG00000097712	+	Gm10532	1113
1114	Gm20570	chr18	75767143	75767274	processed_pseudogene	ENSMUSG00000118164	+	Gm20570	1114
1115	1700034B16Rik	chr18	75781032	75782303	lncRNA	ENSMUSG00000097302	+	1700034B16Rik	1115
1116	Zbtb7c	chr18	75820178	76148564	protein_coding	ENSMUSG00000044646	+	Zbtb7c	1116
1117	1700003O11Rik	chr18	76014211	76015677	lncRNA	ENSMUSG00000118311	-	1700003O11Rik	1117
1118	2900057B20Rik	chr18	76091557	76098471	lncRNA	ENSMUSG00000117797	-	2900057B20Rik	1118
1119	Mir6358	chr18	76170552	76170652	miRNA	ENSMUSG00000098276	+	Mir6358	1119
1120	Gm9028	chr18	76223970	76224183	processed_pseudogene	ENSMUSG00000118294	-	Gm9028	1120
1121	BC026513	chr18	76226703	76228858	lncRNA	ENSMUSG00000118004	-	BC026513	1121
1122	Smad2	chr18	76241580	76310963	protein_coding	ENSMUSG00000024563	+	Smad2	1122
1123	Gm50360	chr18	76321824	76322259	processed_pseudogene	ENSMUSG00000117816	+	Gm50360	1123
1124	Gm31933	chr18	76617288	76632870	lncRNA	ENSMUSG00000117960	-	Gm31933	1124
1125	Skor2	chr18	76856405	76900342	protein_coding	ENSMUSG00000091519	+	Skor2	1125
1126	Ier3ip1	chr18	76930017	76941612	protein_coding	ENSMUSG00000090000	+	Ier3ip1	1126
1127	Gm50364	chr18	76930126	76971449	protein_coding	ENSMUSG00000117732	+	Gm50364	1127
1128	Hdhd2	chr18	76944092	76975307	protein_coding	ENSMUSG00000025421	+	Hdhd2	1128
1129	Katnal2	chr18	76977148	77047308	protein_coding	ENSMUSG00000025420	-	Katnal2	1129
1130	Pias2	chr18	77065208	77153800	protein_coding	ENSMUSG00000025423	+	Pias2	1130
1131	Gm7276	chr18	77184269	77186363	lncRNA	ENSMUSG00000073532	-	Gm7276	1131
1132	St8sia5	chr18	77185839	77258771	protein_coding	ENSMUSG00000025425	+	St8sia5	1132
1133	Gm50284	chr18	77280152	77298678	lncRNA	ENSMUSG00000118108	-	Gm50284	1133
1134	Loxhd1	chr18	77281958	77442930	protein_coding	ENSMUSG00000032818	+	Loxhd1	1134
1135	Rnf165	chr18	77456110	77565161	protein_coding	ENSMUSG00000025427	-	Rnf165	1135
1136	Gm50197	chr18	77513440	77513633	processed_pseudogene	ENSMUSG00000117855	+	Gm50197	1136
1137	8030462N17Rik	chr18	77631497	77714486	protein_coding	ENSMUSG00000047466	-	8030462N17Rik	1137
1138	Gm26014	chr18	77682614	77682745	snoRNA	ENSMUSG00000077593	+	Gm26014	1138
1139	4930465K10Rik	chr18	77714210	77715449	pseudogene	ENSMUSG00000056682	+	4930465K10Rik	1139
1140	A330094K24Rik	chr18	77729496	77732739	lncRNA	ENSMUSG00000097666	-	A330094K24Rik	1140
1141	Haus1	chr18	77757567	77773886	protein_coding	ENSMUSG00000041840	-	Haus1	1141
1142	Atp5a1	chr18	77773729	77782869	protein_coding	ENSMUSG00000025428	+	Atp5a1	1142
1143	Pstpip2	chr18	77789914	77882879	protein_coding	ENSMUSG00000025429	+	Pstpip2	1143
1144	F830208F22Rik	chr18	77793259	77796743	lncRNA	ENSMUSG00000073529	-	F830208F22Rik	1144
1145	Gm23954	chr18	77806314	77806666	misc_RNA	ENSMUSG00000087838	-	Gm23954	1145
1146	Epg5	chr18	77938465	78035013	protein_coding	ENSMUSG00000039840	+	Epg5	1146
1147	Siglec15	chr18	78043614	78057395	protein_coding	ENSMUSG00000091055	-	Siglec15	1147
1148	Slc14a1	chr18	78100091	78142119	protein_coding	ENSMUSG00000059336	-	Slc14a1	1148
1149	Slc14a2	chr18	78146148	78596942	protein_coding	ENSMUSG00000024552	-	Slc14a2	1149
1150	Gm6133	chr18	78349754	78350701	protein_coding	ENSMUSG00000090451	+	Gm6133	1150
1151	4931439C15Rik	chr18	78476878	78480713	lncRNA	ENSMUSG00000117661	+	4931439C15Rik	1151
1152	Gm26430	chr18	78533458	78533564	snRNA	ENSMUSG00000095883	+	Gm26430	1152
1153	Setbp1	chr18	78750380	79109391	protein_coding	ENSMUSG00000024548	-	Setbp1	1153
1154	Gm18978	chr18	79196835	79221056	transcribed_processed_pseudogene	ENSMUSG00000117936	+	Gm18978	1154
1155	Gm2116	chr18	79303557	79305162	processed_pseudogene	ENSMUSG00000117828	-	Gm2116	1155
1156	Gm20593	chr18	79348434	79348699	processed_pseudogene	ENSMUSG00000118301	+	Gm20593	1156
1157	Gm50176	chr18	79574514	79575360	processed_pseudogene	ENSMUSG00000118130	-	Gm50176	1157
1158	Gm50177	chr18	79669882	79670193	processed_pseudogene	ENSMUSG00000117787	+	Gm50177	1158
1159	Gm50178	chr18	79700286	79701257	processed_pseudogene	ENSMUSG00000117709	-	Gm50178	1159
1160	Gm19062	chr18	79859655	79861899	processed_pseudogene	ENSMUSG00000117963	-	Gm19062	1160
1161	Gm5509	chr18	79934332	79935561	processed_pseudogene	ENSMUSG00000117669	+	Gm5509	1161
1162	Gm18910	chr18	79936152	79936953	processed_pseudogene	ENSMUSG00000117722	+	Gm18910	1162
1163	Gm5823	chr18	79959006	79959539	processed_pseudogene	ENSMUSG00000117813	+	Gm5823	1163
1164	AA684185	chr18	80012390	80013019	transcribed_processed_pseudogene	ENSMUSG00000117759	+	AA684185	1164
1165	Gm50179	chr18	80013258	80013519	processed_pseudogene	ENSMUSG00000118176	+	Gm50179	1165
1166	Gm50180	chr18	80020179	80020431	processed_pseudogene	ENSMUSG00000117949	+	Gm50180	1166
1167	Gm50193	chr18	80029356	80029601	processed_pseudogene	ENSMUSG00000117933	+	Gm50193	1167
1168	Pard6g	chr18	80046890	80119639	protein_coding	ENSMUSG00000056214	+	Pard6g	1168
1169	Gm50195	chr18	80086806	80087560	TEC	ENSMUSG00000118269	+	Gm50195	1169
1170	Adnp2	chr18	80126311	80151482	protein_coding	ENSMUSG00000053950	-	Adnp2	1170
1171	Gm41787	chr18	80157921	80162562	lncRNA	ENSMUSG00000118373	-	Gm41787	1171
1172	Gm7447	chr18	80162752	80163514	processed_pseudogene	ENSMUSG00000117904	+	Gm7447	1172
1173	Rbfaos	chr18	80186239	80193569	lncRNA	ENSMUSG00000118061	+	Rbfaos	1173
1174	Gm46629	chr18	80188768	80189070	processed_pseudogene	ENSMUSG00000118244	-	Gm46629	1174
1175	Rbfa	chr18	80192265	80200658	protein_coding	ENSMUSG00000024570	-	Rbfa	1175
1176	Gm16286	chr18	80206765	80212741	protein_coding	ENSMUSG00000024571	+	Gm16286	1176
1177	Txnl4a	chr18	80206795	80225855	protein_coding	ENSMUSG00000057130	+	Txnl4a	1177
1178	Hsbp1l1	chr18	80229758	80247102	protein_coding	ENSMUSG00000078963	-	Hsbp1l1	1178
1179	Pqlc1	chr18	80253292	80292725	protein_coding	ENSMUSG00000034006	+	Pqlc1	1179
1180	Kcng2	chr18	80294546	80364254	protein_coding	ENSMUSG00000059852	-	Kcng2	1180
1181	Gm37015	chr18	80302160	80303680	TEC	ENSMUSG00000102959	-	Gm37015	1181
1182	Gm26676	chr18	80323335	80326605	lncRNA	ENSMUSG00000097593	+	Gm26676	1182
1183	D330025C20Rik	chr18	80362781	80365826	TEC	ENSMUSG00000102260	+	D330025C20Rik	1183
1184	Ctdp1	chr18	80407959	80469695	protein_coding	ENSMUSG00000033323	-	Ctdp1	1184
1185	Gm50209	chr18	80468857	80476536	lncRNA	ENSMUSG00000118070	+	Gm50209	1185
1186	Gm2176	chr18	80541892	80544546	transcribed_processed_pseudogene	ENSMUSG00000118319	-	Gm2176	1186
1187	Gm41790	chr18	80571824	80605811	lncRNA	ENSMUSG00000118379	-	Gm41790	1187
1188	Nfatc1	chr18	80606205	80713071	protein_coding	ENSMUSG00000033016	-	Nfatc1	1188
1189	Gm50211	chr18	80705190	80707760	lncRNA	ENSMUSG00000118265	+	Gm50211	1189
1190	Atp9b	chr18	80734141	80934060	protein_coding	ENSMUSG00000024566	-	Atp9b	1190
1191	Gm47272	chr18	80822247	80838491	lncRNA	ENSMUSG00000114891	+	Gm47272	1191
1192	Gm47273	chr18	80854309	80854727	processed_pseudogene	ENSMUSG00000114756	+	Gm47273	1192
1193	Gm25071	chr18	80925736	80925805	miRNA	ENSMUSG00000092973	-	Gm25071	1193
1194	Sall3	chr18	80966376	80986771	protein_coding	ENSMUSG00000024565	-	Sall3	1194
1195	Gm27239	chr18	80987456	80988575	lncRNA	ENSMUSG00000098720	+	Gm27239	1195
1196	Gm7503	chr18	80997003	80997383	processed_pseudogene	ENSMUSG00000118235	-	Gm7503	1196
1197	Gm25718	chr18	81026773	81026890	snRNA	ENSMUSG00000089257	+	Gm25718	1197
1198	Gm50424	chr18	81046824	81050382	lncRNA	ENSMUSG00000118268	+	Gm50424	1198
1199	Gm50423	chr18	81083064	81098084	lncRNA	ENSMUSG00000118262	+	Gm50423	1199
1200	4930594M17Rik	chr18	81226204	81236066	lncRNA	ENSMUSG00000097181	-	4930594M17Rik	1200
1201	Gm30192	chr18	81264691	81331479	lncRNA	ENSMUSG00000117717	+	Gm30192	1201
1202	Gm30288	chr18	81434183	81457899	lncRNA	ENSMUSG00000118227	-	Gm30288	1202
1203	Gm50412	chr18	81480357	81515768	lncRNA	ENSMUSG00000118300	+	Gm50412	1203
1204	Gm41792	chr18	81627846	81637747	lncRNA	ENSMUSG00000117870	-	Gm41792	1204
1205	Gm50414	chr18	81642109	81648941	lncRNA	ENSMUSG00000118172	-	Gm50414	1205
1206	Gm50290	chr18	81708536	81713817	lncRNA	ENSMUSG00000118363	+	Gm50290	1206
1207	Gm50291	chr18	81722189	81724623	lncRNA	ENSMUSG00000118073	+	Gm50291	1207
1208	Gm46614	chr18	81772059	81822469	lncRNA	ENSMUSG00000118254	+	Gm46614	1208
1209	Gm30454	chr18	81844352	81850016	lncRNA	ENSMUSG00000117892	-	Gm30454	1209
1210	Gm50292	chr18	81913129	81916728	lncRNA	ENSMUSG00000117817	-	Gm50292	1210
1211	Gm30593	chr18	81933907	81969481	lncRNA	ENSMUSG00000117923	+	Gm30593	1211
1212	Gm26012	chr18	81981069	81981196	snoRNA	ENSMUSG00000077599	+	Gm26012	1212
1213	Mir5127	chr18	81992010	81992080	miRNA	ENSMUSG00000093036	-	Mir5127	1213
1214	Gm50293	chr18	81995834	81996749	TEC	ENSMUSG00000118278	+	Gm50293	1214
1215	Gm50294	chr18	82244560	82258510	lncRNA	ENSMUSG00000117913	-	Gm50294	1215
1216	Gm50297	chr18	82261062	82261262	unprocessed_pseudogene	ENSMUSG00000117663	-	Gm50297	1216
1217	Gm50298	chr18	82281285	82283725	lncRNA	ENSMUSG00000118279	+	Gm50298	1217
1218	B020010K11Rik	chr18	82336250	82361600	lncRNA	ENSMUSG00000118057	-	B020010K11Rik	1218
1219	Gm17383	chr18	82338462	82339816	processed_pseudogene	ENSMUSG00000058625	+	Gm17383	1219
1220	Gm25060	chr18	82355977	82356106	snRNA	ENSMUSG00000087999	-	Gm25060	1220
1221	Galr1	chr18	82392380	82406777	protein_coding	ENSMUSG00000024553	-	Galr1	1221
1222	Mbp	chr18	82475146	82585637	protein_coding	ENSMUSG00000041607	+	Mbp	1222
1223	Rpl21-ps8	chr18	82523539	82524021	processed_pseudogene	ENSMUSG00000061684	-	Rpl21-ps8	1223
1224	Zfp236	chr18	82593593	82692883	protein_coding	ENSMUSG00000041258	-	Zfp236	1224
1225	Gm50347	chr18	82651053	82653691	unprocessed_pseudogene	ENSMUSG00000118160	+	Gm50347	1225
1226	Gm10524	chr18	82692284	82694176	TEC	ENSMUSG00000097141	+	Gm10524	1226
1227	Gm46620	chr18	82694287	82701336	lncRNA	ENSMUSG00000118012	+	Gm46620	1227
1228	Gm50350	chr18	82702432	82706174	lncRNA	ENSMUSG00000117824	+	Gm50350	1228
1229	Gm41793	chr18	82712795	82726179	lncRNA	ENSMUSG00000117842	-	Gm41793	1229
1230	Gm50351	chr18	82717968	82720578	lncRNA	ENSMUSG00000117888	+	Gm50351	1230
1231	Mir5112	chr18	82720281	82720340	miRNA	ENSMUSG00000092638	+	Mir5112	1231
1232	Gm50355	chr18	82729779	82729981	processed_pseudogene	ENSMUSG00000117849	-	Gm50355	1232
1233	2210420H20Rik	chr18	82754505	82759041	lncRNA	ENSMUSG00000101773	-	2210420H20Rik	1233
1234	Gm50356	chr18	82758718	82762401	lncRNA	ENSMUSG00000118085	+	Gm50356	1234
1235	4930445N18Rik	chr18	82855894	82870604	lncRNA	ENSMUSG00000097738	+	4930445N18Rik	1235
1236	Gm30889	chr18	82902078	82905676	lncRNA	ENSMUSG00000117762	+	Gm30889	1236
1237	Zfp516	chr18	82910663	83005314	protein_coding	ENSMUSG00000058881	+	Zfp516	1237
1238	4930592I03Rik	chr18	82918403	82920560	lncRNA	ENSMUSG00000118339	-	4930592I03Rik	1238
1239	AC142100.1	chr18	83011903	83078855	lncRNA	ENSMUSG00000118094	+	AC142100.1	1239
1240	Gm50437	chr18	83012663	83021155	lncRNA	ENSMUSG00000117976	-	Gm50437	1240
1241	1700095A13Rik	chr18	83075308	83107890	lncRNA	ENSMUSG00000100430	-	1700095A13Rik	1241
1242	4921531P14Rik	chr18	83292771	83325884	lncRNA	ENSMUSG00000118333	-	4921531P14Rik	1242
1243	Gm31265	chr18	83355585	83368145	lncRNA	ENSMUSG00000117783	+	Gm31265	1243
1244	Gm31503	chr18	83361235	83371350	lncRNA	ENSMUSG00000117993	-	Gm31503	1244
1245	Gm50413	chr18	83392558	83399621	lncRNA	ENSMUSG00000117715	-	Gm50413	1245
1246	4933401L05Rik	chr18	83417654	83423479	lncRNA	ENSMUSG00000118060	-	4933401L05Rik	1246
1247	Gm7569	chr18	83488012	83488522	processed_pseudogene	ENSMUSG00000118156	-	Gm7569	1247
1248	Gm50415	chr18	83490414	83494417	lncRNA	ENSMUSG00000118387	+	Gm50415	1248
1249	Gm50416	chr18	83496221	83525304	lncRNA	ENSMUSG00000118175	-	Gm50416	1249
1250	Gm50417	chr18	83600388	83603102	lncRNA	ENSMUSG00000117658	-	Gm50417	1250
1251	Gm50418	chr18	83624800	83626076	lncRNA	ENSMUSG00000118222	+	Gm50418	1251
1252	Gm31621	chr18	83633641	83638085	lncRNA	ENSMUSG00000118200	-	Gm31621	1252
1253	Gm50419	chr18	83807617	83827606	lncRNA	ENSMUSG00000118024	-	Gm50419	1253
1254	Gm50420	chr18	83905796	83905942	processed_pseudogene	ENSMUSG00000117826	+	Gm50420	1254
1255	Tshz1	chr18	84011627	84087706	protein_coding	ENSMUSG00000046982	-	Tshz1	1255
1256	Zadh2	chr18	84088063	84097528	protein_coding	ENSMUSG00000049090	+	Zadh2	1256
1257	Gm31854	chr18	84097660	84102266	lncRNA	ENSMUSG00000118225	-	Gm31854	1257
1258	Gm50309	chr18	84110786	84111908	lncRNA	ENSMUSG00000117915	-	Gm50309	1258
1259	Zfp407	chr18	84128027	84589725	protein_coding	ENSMUSG00000048410	-	Zfp407	1259
1260	Gm50311	chr18	84202924	84209674	lncRNA	ENSMUSG00000118385	+	Gm50311	1260
1261	Gm37216	chr18	84372669	84376146	TEC	ENSMUSG00000102951	-	Gm37216	1261
1262	Cndp1	chr18	84610509	84650095	protein_coding	ENSMUSG00000056162	-	Cndp1	1262
1263	Gm50314	chr18	84625745	84640906	lncRNA	ENSMUSG00000117676	+	Gm50314	1263
1264	Gm7289	chr18	84658932	84659844	processed_pseudogene	ENSMUSG00000092056	-	Gm7289	1264
1265	Cndp2	chr18	84667465	84685702	protein_coding	ENSMUSG00000024644	-	Cndp2	1265
1266	Gm2390	chr18	84712576	84713472	processed_pseudogene	ENSMUSG00000118152	+	Gm2390	1266
1267	D030046N08Rik	chr18	84719004	84720775	lncRNA	ENSMUSG00000089760	-	D030046N08Rik	1267
1268	Dipk1c	chr18	84719236	84740436	protein_coding	ENSMUSG00000047992	+	Dipk1c	1268
1269	Gm22014	chr18	84737102	84737391	misc_RNA	ENSMUSG00000089410	-	Gm22014	1269
1270	Gm25005	chr18	84742162	84742317	snRNA	ENSMUSG00000065746	-	Gm25005	1270
1271	Gm38576	chr18	84744067	84754251	lncRNA	ENSMUSG00000118075	+	Gm38576	1271
1272	Gm17266	chr18	84798558	84836716	protein_coding	ENSMUSG00000117781	-	Gm17266	1272
1273	Gm22819	chr18	84822002	84822304	misc_RNA	ENSMUSG00000088070	+	Gm22819	1273
1274	Cyb5a	chr18	84838704	84879871	protein_coding	ENSMUSG00000024646	+	Cyb5a	1274
1275	Gm16146	chr18	84857917	84859586	lncRNA	ENSMUSG00000089744	-	Gm16146	1275
1276	Fbxo15	chr18	84934782	84981473	protein_coding	ENSMUSG00000034391	+	Fbxo15	1276
1277	Timm21	chr18	84946191	84951524	protein_coding	ENSMUSG00000024645	-	Timm21	1277
1278	Gm50369	chr18	85012956	85013335	processed_pseudogene	ENSMUSG00000118255	-	Gm50369	1278
1279	Gm50370	chr18	85071836	85083451	lncRNA	ENSMUSG00000118198	+	Gm50370	1279
1280	Gm7612	chr18	85715931	85716725	processed_pseudogene	ENSMUSG00000117854	-	Gm7612	1280
1281	Gm5824	chr18	85847280	85848729	processed_pseudogene	ENSMUSG00000118241	-	Gm5824	1281
1282	Gm7623	chr18	86242965	86243520	processed_pseudogene	ENSMUSG00000118283	-	Gm7623	1282
1283	Gm25453	chr18	86349586	86349692	snRNA	ENSMUSG00000094440	+	Gm25453	1283
1284	Neto1	chr18	86394952	86506718	protein_coding	ENSMUSG00000050321	+	Neto1	1284
1285	Gm50384	chr18	86471522	86473929	lncRNA	ENSMUSG00000117778	-	Gm50384	1285
1286	Gm50386	chr18	86601971	86619331	lncRNA	ENSMUSG00000117736	+	Gm50386	1286
1287	Cbln2	chr18	86711110	86718283	protein_coding	ENSMUSG00000024647	+	Cbln2	1287
1288	Gm46615	chr18	86779751	86780177	processed_pseudogene	ENSMUSG00000118328	+	Gm46615	1288
1289	Gm5691	chr18	86914648	86915568	processed_pseudogene	ENSMUSG00000118025	+	Gm5691	1289
1290	Gm5971	chr18	86925964	86926918	processed_pseudogene	ENSMUSG00000117908	-	Gm5971	1290
1291	Gm5234	chr18	87231932	87233793	processed_pseudogene	ENSMUSG00000118250	+	Gm5234	1291
1292	Gm5826	chr18	87474188	87474671	processed_pseudogene	ENSMUSG00000117969	-	Gm5826	1292
1293	Gm50389	chr18	87576208	87576414	processed_pseudogene	ENSMUSG00000117683	+	Gm50389	1293
1294	Gm5096	chr18	87756286	87758151	protein_coding	ENSMUSG00000069324	+	Gm5096	1294
1295	Gm50390	chr18	87851450	87852040	processed_pseudogene	ENSMUSG00000118171	-	Gm50390	1295
1296	Gm24987	chr18	87925431	87925564	snoRNA	ENSMUSG00000077641	-	Gm24987	1296
1297	Gm50391	chr18	88095284	88096550	processed_pseudogene	ENSMUSG00000117801	-	Gm50391	1297
1298	Gm50401	chr18	88609402	88658807	lncRNA	ENSMUSG00000118352	+	Gm50401	1298
1299	Gm7662	chr18	88657992	88658614	processed_pseudogene	ENSMUSG00000118247	-	Gm7662	1299
1300	Socs6	chr18	88665224	88927481	protein_coding	ENSMUSG00000056153	-	Socs6	1300
1301	Gm50404	chr18	88827050	88827491	processed_pseudogene	ENSMUSG00000117887	+	Gm50404	1301
1302	Gm6409	chr18	88831859	88832477	processed_pseudogene	ENSMUSG00000117948	-	Gm6409	1302
1303	Gm50406	chr18	88914321	88915241	processed_pseudogene	ENSMUSG00000118089	-	Gm50406	1303
1304	Gm50267	chr18	88938146	88938295	processed_pseudogene	ENSMUSG00000117777	+	Gm50267	1304
1305	Rttn	chr18	88971790	89131016	protein_coding	ENSMUSG00000023066	+	Rttn	1305
1306	Mir6359	chr18	88972030	88972110	miRNA	ENSMUSG00000098676	+	Mir6359	1306
1307	Cd226	chr18	89176967	89272229	protein_coding	ENSMUSG00000034028	+	Cd226	1307
1308	Dok6	chr18	89292424	89769528	protein_coding	ENSMUSG00000073514	-	Dok6	1308
1309	Gm50204	chr18	89379305	89379617	processed_pseudogene	ENSMUSG00000118274	-	Gm50204	1309
1310	Gm16296	chr18	89534040	89534462	processed_pseudogene	ENSMUSG00000089885	-	Gm16296	1310
1311	Gm16297	chr18	89534603	89535061	processed_pseudogene	ENSMUSG00000090047	+	Gm16297	1311
1312	Gm22694	chr18	89733005	89733074	miRNA	ENSMUSG00000092792	+	Gm22694	1312
1313	Gm27037	chr18	89943353	89944312	processed_pseudogene	ENSMUSG00000098126	-	Gm27037	1313
1314	Gm6173	chr18	90017821	90019079	processed_pseudogene	ENSMUSG00000118035	-	Gm6173	1314
1315	Gm23859	chr18	90228899	90228962	snRNA	ENSMUSG00000089008	+	Gm23859	1315
1316	Eif3s6-ps2	chr18	90310868	90312190	processed_pseudogene	ENSMUSG00000091697	-	Eif3s6-ps2	1316
1317	Gm7674	chr18	90321891	90322880	processed_pseudogene	ENSMUSG00000117726	-	Gm7674	1317
1318	Gm50434	chr18	90342486	90342602	processed_pseudogene	ENSMUSG00000118372	+	Gm50434	1318
1319	Gm18280	chr18	90459994	90483460	lncRNA	ENSMUSG00000117805	-	Gm18280	1319
1320	Gm25418	chr18	90504615	90504743	snoRNA	ENSMUSG00000077402	+	Gm25418	1320
1321	Tmx3	chr18	90510154	90543267	protein_coding	ENSMUSG00000024614	+	Tmx3	1321
1322	Gm50438	chr18	90530936	90531489	transcribed_processed_pseudogene	ENSMUSG00000117747	+	Gm50438	1322
1323	Gm45871	chr18	90579777	90592528	protein_coding	ENSMUSG00000110277	+	Gm45871	1323
1324	Gm20039	chr18	90585472	90585865	processed_pseudogene	ENSMUSG00000109923	+	Gm20039	1324
