	gene_name	chr	start	end	type	ensembl_id	strand	gene_name2	Node_ID
0	Vmn1r-ps2	chr4	3103759	3104592	unprocessed_pseudogene	ENSMUSG00000081279	-	Vmn1r-ps2	0
1	Vmn1r2	chr4	3167320	3173006	protein_coding	ENSMUSG00000115072	+	Vmn1r2	1
2	Vmn1r3	chr4	3184348	3185358	protein_coding	ENSMUSG00000115466	-	Vmn1r3	2
3	AI838599	chr4	3242055	3258092	lncRNA	ENSMUSG00000085180	+	AI838599	3
4	Gm11783	chr4	3258349	3259233	processed_pseudogene	ENSMUSG00000081165	+	Gm11783	4
5	Gm11786	chr4	3327175	3327329	processed_pseudogene	ENSMUSG00000083632	+	Gm11786	5
6	Gm11784	chr4	3386846	3388691	unprocessed_pseudogene	ENSMUSG00000083489	+	Gm11784	6
7	Gm11785	chr4	3455702	3456302	processed_pseudogene	ENSMUSG00000081711	+	Gm11785	7
8	Gm11787	chr4	3496978	3516515	unprocessed_pseudogene	ENSMUSG00000081660	-	Gm11787	8
9	Mir3471-2	chr4	3537090	3537191	miRNA	ENSMUSG00000094253	+	Mir3471-2	9
10	Tmem68	chr4	3549041	3574853	protein_coding	ENSMUSG00000028232	-	Tmem68	10
11	Tgs1	chr4	3574875	3616619	protein_coding	ENSMUSG00000028233	+	Tgs1	11
12	Gm22541	chr4	3619189	3619315	snoRNA	ENSMUSG00000088790	+	Gm22541	12
13	2210414B05Rik	chr4	3656508	3663108	lncRNA	ENSMUSG00000085394	+	2210414B05Rik	13
14	Lyn	chr4	3678115	3813122	protein_coding	ENSMUSG00000042228	+	Lyn	14
15	Gm11805	chr4	3720427	3721026	processed_pseudogene	ENSMUSG00000083186	-	Gm11805	15
16	Gm22781	chr4	3796447	3796583	snoRNA	ENSMUSG00000077271	-	Gm22781	16
17	9430025C20Rik	chr4	3806635	3808751	pseudogene	ENSMUSG00000055216	-	9430025C20Rik	17
18	Rps20	chr4	3831334	3835665	protein_coding	ENSMUSG00000028234	-	Rps20	18
19	Gm24016	chr4	3835079	3835146	snoRNA	ENSMUSG00000088351	-	Gm24016	19
20	Gm24125	chr4	3857477	3857613	snoRNA	ENSMUSG00000077293	-	Gm24125	20
21	Mos	chr4	3870657	3872105	protein_coding	ENSMUSG00000078365	-	Mos	21
22	Plag1	chr4	3900996	3938423	protein_coding	ENSMUSG00000003282	-	Plag1	22
23	Chchd7	chr4	3938888	3951046	protein_coding	ENSMUSG00000042198	+	Chchd7	23
24	Gm11808	chr4	3973092	3973595	protein_coding	ENSMUSG00000068240	-	Gm11808	24
25	Rps10-ps3	chr4	3978251	3978750	processed_pseudogene	ENSMUSG00000082991	-	Rps10-ps3	25
26	Sdr16c5	chr4	3995936	4019663	protein_coding	ENSMUSG00000028236	-	Sdr16c5	26
27	Sdr16c6	chr4	4055929	4077522	protein_coding	ENSMUSG00000071019	-	Sdr16c6	27
28	Penk	chr4	4133531	4138819	protein_coding	ENSMUSG00000045573	-	Penk	28
29	A830012C17Rik	chr4	4138321	4188703	lncRNA	ENSMUSG00000085996	+	A830012C17Rik	29
30	Gm11780	chr4	4528204	4528719	processed_pseudogene	ENSMUSG00000085155	-	Gm11780	30
31	Gm26436	chr4	4729573	4729704	snoRNA	ENSMUSG00000095971	+	Gm26436	31
32	Impad1	chr4	4762484	4793355	protein_coding	ENSMUSG00000066324	-	Impad1	32
33	Gm11779	chr4	4978507	4978874	processed_pseudogene	ENSMUSG00000083228	-	Gm11779	33
34	Gm11782	chr4	5545238	5551223	lncRNA	ENSMUSG00000087099	-	Gm11782	34
35	Gm11781	chr4	5602924	5603395	processed_pseudogene	ENSMUSG00000084237	-	Gm11781	35
36	4930423M02Rik	chr4	5632328	5642284	lncRNA	ENSMUSG00000086066	+	4930423M02Rik	36
37	Fam110b	chr4	5644090	6108223	protein_coding	ENSMUSG00000049119	+	Fam110b	37
38	Gm24337	chr4	5687677	5687802	snoRNA	ENSMUSG00000077392	-	Gm24337	38
39	Gm11796	chr4	5854516	5855487	processed_pseudogene	ENSMUSG00000083232	-	Gm11796	39
40	Gm11797	chr4	6069874	6070627	processed_pseudogene	ENSMUSG00000084360	+	Gm11797	40
41	Ubxn2b	chr4	6191098	6221688	protein_coding	ENSMUSG00000028243	+	Ubxn2b	41
42	Gm11798	chr4	6260091	6260965	processed_pseudogene	ENSMUSG00000080961	-	Gm11798	42
43	Cyp7a1	chr4	6265612	6275633	protein_coding	ENSMUSG00000028240	-	Cyp7a1	43
44	4930430E12Rik	chr4	6352105	6357530	lncRNA	ENSMUSG00000085295	-	4930430E12Rik	44
45	Sdcbp	chr4	6365650	6408423	protein_coding	ENSMUSG00000028249	+	Sdcbp	45
46	Gm37689	chr4	6378018	6378292	TEC	ENSMUSG00000104347	+	Gm37689	46
47	Nsmaf	chr4	6396207	6454271	protein_coding	ENSMUSG00000028245	-	Nsmaf	47
48	Gm11801	chr4	6539561	6540306	processed_pseudogene	ENSMUSG00000081388	+	Gm11801	48
49	Gm22473	chr4	6634164	6634295	snoRNA	ENSMUSG00000077302	-	Gm22473	49
50	Tox	chr4	6686353	6991557	protein_coding	ENSMUSG00000041272	-	Tox	50
51	Gm11802	chr4	6688169	6704160	lncRNA	ENSMUSG00000086052	+	Gm11802	51
52	Gm11804	chr4	7039047	7039514	processed_pseudogene	ENSMUSG00000083023	-	Gm11804	52
53	8430436N08Rik	chr4	7560688	7573801	lncRNA	ENSMUSG00000086070	+	8430436N08Rik	53
54	Gm11795	chr4	7759670	7763930	lncRNA	ENSMUSG00000085630	+	Gm11795	54
55	Gm11794	chr4	7763264	7763500	processed_pseudogene	ENSMUSG00000082024	-	Gm11794	55
56	Gm11800	chr4	8118620	8119736	processed_pseudogene	ENSMUSG00000083068	+	Gm11800	56
57	Car8	chr4	8143362	8239041	protein_coding	ENSMUSG00000041261	-	Car8	57
58	Gm11799	chr4	8166894	8167353	processed_pseudogene	ENSMUSG00000079993	-	Gm11799	58
59	Gm25355	chr4	8235582	8235682	miRNA	ENSMUSG00000096388	+	Gm25355	59
60	Gm37386	chr4	8438522	8454247	TEC	ENSMUSG00000103127	-	Gm37386	60
61	Gm11810	chr4	8456166	8456498	processed_pseudogene	ENSMUSG00000082151	-	Gm11810	61
62	Rab2a	chr4	8535644	8607778	protein_coding	ENSMUSG00000047187	+	Rab2a	62
63	Gm11809	chr4	8672633	8673582	processed_pseudogene	ENSMUSG00000082122	-	Gm11809	63
64	Chd7	chr4	8690406	8867659	protein_coding	ENSMUSG00000041235	+	Chd7	64
65	Rps18-ps2	chr4	8941259	8941656	processed_pseudogene	ENSMUSG00000083786	+	Rps18-ps2	65
66	Clvs1	chr4	9269293	9451691	protein_coding	ENSMUSG00000041216	+	Clvs1	66
67	Gm11816	chr4	9283972	9287391	lncRNA	ENSMUSG00000086233	-	Gm11816	67
68	Gm11817	chr4	9431961	9447199	lncRNA	ENSMUSG00000087564	-	Gm11817	68
69	Asph	chr4	9448069	9669344	protein_coding	ENSMUSG00000028207	-	Asph	69
70	Gm25677	chr4	9669279	9669350	miRNA	ENSMUSG00000092724	+	Gm25677	70
71	Gm24152	chr4	9695645	9695807	snRNA	ENSMUSG00000064698	-	Gm24152	71
72	4930412C18Rik	chr4	9770585	9823411	lncRNA	ENSMUSG00000085558	+	4930412C18Rik	72
73	Gdf6	chr4	9844372	9862345	protein_coding	ENSMUSG00000051279	+	Gdf6	73
74	Gm11834	chr4	9958208	9959130	processed_pseudogene	ENSMUSG00000084095	+	Gm11834	74
75	Gm11835	chr4	9959354	9960016	processed_pseudogene	ENSMUSG00000082501	+	Gm11835	75
76	Gm11814	chr4	10438815	10439743	processed_pseudogene	ENSMUSG00000084215	-	Gm11814	76
77	1700123O12Rik	chr4	10479962	10797811	lncRNA	ENSMUSG00000086080	-	1700123O12Rik	77
78	Gm11815	chr4	10487956	10489362	lncRNA	ENSMUSG00000086455	-	Gm11815	78
79	Gm12920	chr4	10813543	10814728	processed_pseudogene	ENSMUSG00000083997	+	Gm12920	79
80	Mir3471-1	chr4	10845500	10845630	miRNA	ENSMUSG00000092880	-	Mir3471-1	80
81	Gm12918	chr4	10848420	10849055	processed_pseudogene	ENSMUSG00000066315	+	Gm12918	81
82	Gm12919	chr4	10853843	10855436	processed_pseudogene	ENSMUSG00000083220	+	Gm12919	82
83	n-TSaga9	chr4	10874064	10874170	miRNA	ENSMUSG00000106355	+	n-TSaga9	83
84	2610301B20Rik	chr4	10874498	10899425	protein_coding	ENSMUSG00000059482	+	2610301B20Rik	84
85	Rps11-ps3	chr4	10946608	10947093	processed_pseudogene	ENSMUSG00000081715	+	Rps11-ps3	85
86	Plekhf2	chr4	10988662	11007927	protein_coding	ENSMUSG00000049969	-	Plekhf2	86
87	Ndufaf6	chr4	11051045	11076205	protein_coding	ENSMUSG00000050323	-	Ndufaf6	87
88	Gm11827	chr4	11122805	11126998	lncRNA	ENSMUSG00000086765	+	Gm11827	88
89	Gm11829	chr4	11133327	11133608	processed_pseudogene	ENSMUSG00000083025	+	Gm11829	89
90	Mir684-2	chr4	11134097	11134182	miRNA	ENSMUSG00000105333	+	Mir684-2	90
91	Gm11830	chr4	11144710	11145270	processed_pseudogene	ENSMUSG00000081490	+	Gm11830	91
92	Trp53inp1	chr4	11156431	11174379	protein_coding	ENSMUSG00000028211	+	Trp53inp1	92
93	Ccne2	chr4	11191351	11204779	protein_coding	ENSMUSG00000028212	+	Ccne2	93
94	Ints8	chr4	11199158	11254258	protein_coding	ENSMUSG00000040738	-	Ints8	94
95	Dpy19l4	chr4	11261315	11322137	protein_coding	ENSMUSG00000045205	-	Dpy19l4	95
96	Gm22940	chr4	11279265	11279419	snRNA	ENSMUSG00000089185	-	Gm22940	96
97	Esrp1	chr4	11331933	11386783	protein_coding	ENSMUSG00000040728	-	Esrp1	97
98	Gm11821	chr4	11400346	11401324	processed_pseudogene	ENSMUSG00000081884	+	Gm11821	98
99	Gm11822	chr4	11420350	11420764	processed_pseudogene	ENSMUSG00000082255	-	Gm11822	99
100	Virma	chr4	11485958	11550684	protein_coding	ENSMUSG00000040720	+	Virma	100
101	Gm11831	chr4	11501456	11502839	lncRNA	ENSMUSG00000086625	-	Gm11831	101
102	Rad54b	chr4	11558922	11615805	protein_coding	ENSMUSG00000078773	+	Rad54b	102
103	Fsbp	chr4	11579665	11587591	protein_coding	ENSMUSG00000094595	+	Fsbp	103
104	Gm11832	chr4	11611139	11615007	lncRNA	ENSMUSG00000086103	-	Gm11832	104
105	Gm11833	chr4	11649647	11650499	processed_pseudogene	ENSMUSG00000084046	-	Gm11833	105
106	Gem	chr4	11704457	11714752	protein_coding	ENSMUSG00000028214	+	Gem	106
107	Cdh17	chr4	11758147	11817895	protein_coding	ENSMUSG00000028217	+	Cdh17	107
108	Gm22477	chr4	11928424	11928739	misc_RNA	ENSMUSG00000084518	+	Gm22477	108
109	Gm25002	chr4	11948887	11948950	miRNA	ENSMUSG00000080663	+	Gm25002	109
110	Pdp1	chr4	11958184	11966452	protein_coding	ENSMUSG00000049225	-	Pdp1	110
111	1700123M08Rik	chr4	11966565	11994280	lncRNA	ENSMUSG00000085614	+	1700123M08Rik	111
112	Gm11840	chr4	11999474	12009043	lncRNA	ENSMUSG00000085027	-	Gm11840	112
113	Gm11842	chr4	12027505	12040894	lncRNA	ENSMUSG00000085467	+	Gm11842	113
114	Tmem67	chr4	12039355	12090020	protein_coding	ENSMUSG00000049488	-	Tmem67	114
115	Rbm12b2	chr4	12089439	12096243	protein_coding	ENSMUSG00000052137	+	Rbm12b2	115
116	Gm11839	chr4	12114284	12116236	processed_pseudogene	ENSMUSG00000083246	+	Gm11839	116
117	Gm11841	chr4	12125290	12127252	processed_pseudogene	ENSMUSG00000081593	+	Gm11841	117
118	Gm11843	chr4	12131551	12131975	processed_pseudogene	ENSMUSG00000082676	-	Gm11843	118
119	Rbm12b1	chr4	12140264	12146731	protein_coding	ENSMUSG00000046667	+	Rbm12b1	119
120	Fam92a	chr4	12153409	12172015	protein_coding	ENSMUSG00000028218	-	Fam92a	120
121	Gm11847	chr4	12232833	12233951	processed_pseudogene	ENSMUSG00000060989	+	Gm11847	121
122	Gm11846	chr4	12271399	12314583	lncRNA	ENSMUSG00000085909	+	Gm11846	122
123	Gm37985	chr4	12597388	12671843	TEC	ENSMUSG00000104211	+	Gm37985	123
124	n-R5s182	chr4	12812706	12812812	rRNA	ENSMUSG00000065823	+	n-R5s182	124
125	Triqk	chr4	12906838	12983553	protein_coding	ENSMUSG00000055963	+	Triqk	125
126	Gm11820	chr4	13076140	13096806	lncRNA	ENSMUSG00000086227	+	Gm11820	126
127	Gm11819	chr4	13444770	13445141	processed_pseudogene	ENSMUSG00000081327	+	Gm11819	127
128	Gm11826	chr4	13482755	13483192	processed_pseudogene	ENSMUSG00000083328	-	Gm11826	128
129	Gm11825	chr4	13606034	13606769	processed_pseudogene	ENSMUSG00000081063	+	Gm11825	129
130	Runx1t1	chr4	13743436	13893649	protein_coding	ENSMUSG00000006586	+	Runx1t1	130
131	Gm11823	chr4	13919954	13995193	lncRNA	ENSMUSG00000086927	-	Gm11823	131
132	Gm24068	chr4	14079809	14079940	snoRNA	ENSMUSG00000077701	-	Gm24068	132
133	Gm11824	chr4	14170066	14170911	processed_pseudogene	ENSMUSG00000082128	+	Gm11824	133
134	1700120G11Rik	chr4	14219496	14237450	lncRNA	ENSMUSG00000086068	-	1700120G11Rik	134
135	Gm24908	chr4	14239618	14239744	snoRNA	ENSMUSG00000087919	+	Gm24908	135
136	Gm11836	chr4	14433891	14434331	processed_pseudogene	ENSMUSG00000081239	+	Gm11836	136
137	Slc26a7	chr4	14502430	14621805	protein_coding	ENSMUSG00000040569	-	Slc26a7	137
138	Lrrc69	chr4	14623620	14796060	protein_coding	ENSMUSG00000023151	-	Lrrc69	138
139	Gm11838	chr4	14766335	14766565	processed_pseudogene	ENSMUSG00000083280	+	Gm11838	139
140	Otud6b	chr4	14809498	14826587	protein_coding	ENSMUSG00000040550	-	Otud6b	140
141	Pip4p2	chr4	14864076	14915176	protein_coding	ENSMUSG00000028221	+	Pip4p2	141
142	Gm11837	chr4	14929908	14953030	lncRNA	ENSMUSG00000086587	+	Gm11837	142
143	Necab1	chr4	14952245	15149794	protein_coding	ENSMUSG00000040536	-	Necab1	143
144	Gm11844	chr4	15022582	15031987	lncRNA	ENSMUSG00000087241	+	Gm11844	144
145	Gm11845	chr4	15154392	15154718	processed_pseudogene	ENSMUSG00000083073	+	Gm11845	145
146	Tmem64	chr4	15265831	15286753	protein_coding	ENSMUSG00000043252	+	Tmem64	146
147	Gm24317	chr4	15383148	15383254	snRNA	ENSMUSG00000096738	+	Gm24317	147
148	Gm11856	chr4	15486366	15486790	processed_pseudogene	ENSMUSG00000080869	+	Gm11856	148
149	Gm11859	chr4	15531657	15532111	processed_pseudogene	ENSMUSG00000083330	-	Gm11859	149
150	Gm11858	chr4	15740930	15741767	processed_pseudogene	ENSMUSG00000084181	-	Gm11858	150
151	Gm11855	chr4	15819074	15821370	processed_pseudogene	ENSMUSG00000081026	-	Gm11855	151
152	Gm24567	chr4	15819909	15820029	miRNA	ENSMUSG00000094515	+	Gm24567	152
153	Calb1	chr4	15881264	15908064	protein_coding	ENSMUSG00000028222	+	Calb1	153
154	Decr1	chr4	15917240	15945507	protein_coding	ENSMUSG00000028223	-	Decr1	154
155	Mir6400	chr4	15942900	15942991	miRNA	ENSMUSG00000098929	-	Mir6400	155
156	Nbn	chr4	15957925	15992589	protein_coding	ENSMUSG00000028224	+	Nbn	156
157	Gm11869	chr4	15969572	15969928	processed_pseudogene	ENSMUSG00000084190	-	Gm11869	157
158	Osgin2	chr4	15997121	16013888	protein_coding	ENSMUSG00000041153	-	Osgin2	158
159	Gm11870	chr4	16011005	16012326	processed_pseudogene	ENSMUSG00000084408	-	Gm11870	159
160	Gm11874	chr4	16120759	16120888	processed_pseudogene	ENSMUSG00000081679	-	Gm11874	160
161	Ripk2	chr4	16122733	16163647	protein_coding	ENSMUSG00000041135	-	Ripk2	161
162	Gm22690	chr4	16129566	16129675	miRNA	ENSMUSG00000092795	-	Gm22690	162
163	A530072M11Rik	chr4	16164110	16266225	lncRNA	ENSMUSG00000085112	+	A530072M11Rik	163
164	Gm11865	chr4	16246269	16249514	processed_pseudogene	ENSMUSG00000083725	+	Gm11865	164
165	Gm37355	chr4	16384052	16384657	TEC	ENSMUSG00000103595	+	Gm37355	165
166	Gm11864	chr4	16390445	16391664	processed_pseudogene	ENSMUSG00000080065	-	Gm11864	166
167	Gm11861	chr4	16464876	16509323	lncRNA	ENSMUSG00000086072	+	Gm11861	167
168	Gm24978	chr4	16675923	16676029	snRNA	ENSMUSG00000096423	+	Gm24978	168
169	Gm11862	chr4	16714944	16715602	processed_pseudogene	ENSMUSG00000083229	+	Gm11862	169
170	Gm23975	chr4	16861689	16861794	snRNA	ENSMUSG00000064619	-	Gm23975	170
171	Gm11848	chr4	17032688	17033660	processed_pseudogene	ENSMUSG00000082994	-	Gm11848	171
172	Gm11850	chr4	17045574	17046052	processed_pseudogene	ENSMUSG00000082552	-	Gm11850	172
173	Gm11851	chr4	17656675	17657963	lncRNA	ENSMUSG00000085478	-	Gm11851	173
174	Mmp16	chr4	17852893	18119145	protein_coding	ENSMUSG00000028226	+	Mmp16	174
175	Gm11860	chr4	18009218	18010227	processed_pseudogene	ENSMUSG00000083387	-	Gm11860	175
176	Gm11867	chr4	18407349	18891842	lncRNA	ENSMUSG00000087402	+	Gm11867	176
177	Gm11853	chr4	18472189	18474298	processed_pseudogene	ENSMUSG00000083660	+	Gm11853	177
178	Gm25971	chr4	18708748	18709033	misc_RNA	ENSMUSG00000089578	+	Gm25971	178
179	Gm24419	chr4	18730217	18730548	misc_RNA	ENSMUSG00000088500	-	Gm24419	179
180	Gm11868	chr4	18844202	18845679	processed_pseudogene	ENSMUSG00000050550	-	Gm11868	180
181	Cnbd1	chr4	18860454	19122526	protein_coding	ENSMUSG00000073991	-	Cnbd1	181
182	Gm12392	chr4	18964564	18965501	processed_pseudogene	ENSMUSG00000083005	+	Gm12392	182
183	Gm12393	chr4	19259096	19259943	processed_pseudogene	ENSMUSG00000083105	+	Gm12393	183
184	Cngb3	chr4	19280850	19510623	protein_coding	ENSMUSG00000056494	+	Cngb3	184
185	Gm11877	chr4	19298333	19299184	processed_pseudogene	ENSMUSG00000082320	+	Gm11877	185
186	Gm25655	chr4	19514490	19514779	misc_RNA	ENSMUSG00000089090	-	Gm25655	186
187	Cpne3	chr4	19519254	19570108	protein_coding	ENSMUSG00000028228	-	Cpne3	187
188	Rmdn1	chr4	19575162	19606932	protein_coding	ENSMUSG00000028229	+	Rmdn1	188
189	Gm12353	chr4	19605451	19651130	protein_coding	ENSMUSG00000078772	+	Gm12353	189
190	Wwp1	chr4	19608303	19708993	protein_coding	ENSMUSG00000041058	-	Wwp1	190
191	Gm12354	chr4	19716732	19720199	lncRNA	ENSMUSG00000086071	-	Gm12354	191
192	Slc7a13	chr4	19818725	19842218	protein_coding	ENSMUSG00000041052	+	Slc7a13	192
193	Atp6v0d2	chr4	19876841	19922605	protein_coding	ENSMUSG00000028238	-	Atp6v0d2	193
194	4930480G23Rik	chr4	19979445	19985388	lncRNA	ENSMUSG00000086332	-	4930480G23Rik	194
195	Ttpa	chr4	20007938	20030785	protein_coding	ENSMUSG00000073988	+	Ttpa	195
196	Ggh	chr4	20042052	20066750	protein_coding	ENSMUSG00000073987	+	Ggh	196
197	Nkain3	chr4	20118874	20778866	protein_coding	ENSMUSG00000055761	-	Nkain3	197
198	Gm11872	chr4	20343706	20347818	lncRNA	ENSMUSG00000086017	+	Gm11872	198
199	Gm11873	chr4	20391096	20392399	processed_pseudogene	ENSMUSG00000081964	+	Gm11873	199
200	Gm11871	chr4	21009880	21010940	processed_pseudogene	ENSMUSG00000083315	-	Gm11871	200
201	Gm22817	chr4	21270075	21270430	ribozyme	ENSMUSG00000088073	+	Gm22817	201
202	Gm25977	chr4	21328520	21328604	snoRNA	ENSMUSG00000089322	+	Gm25977	202
203	Gm11875	chr4	21626380	21627178	processed_pseudogene	ENSMUSG00000083654	+	Gm11875	203
204	Gm11876	chr4	21671040	21671308	processed_pseudogene	ENSMUSG00000082672	+	Gm11876	204
205	Prdm13	chr4	21677480	21685963	protein_coding	ENSMUSG00000040478	-	Prdm13	205
206	Ccnc	chr4	21727701	21759922	protein_coding	ENSMUSG00000028252	+	Ccnc	206
207	Tstd3	chr4	21757382	21767212	protein_coding	ENSMUSG00000028251	-	Tstd3	207
208	Usp45	chr4	21767156	21837872	protein_coding	ENSMUSG00000040455	+	Usp45	208
209	Pnisr	chr4	21847583	21876475	protein_coding	ENSMUSG00000028248	+	Pnisr	209
210	Coq3	chr4	21879673	21912162	protein_coding	ENSMUSG00000028247	+	Coq3	210
211	Faxc	chr4	21931329	21996839	protein_coding	ENSMUSG00000028246	+	Faxc	211
212	Gm11885	chr4	22006762	22008189	processed_pseudogene	ENSMUSG00000080997	-	Gm11885	212
213	Gm11882	chr4	22275833	22276338	processed_pseudogene	ENSMUSG00000083376	+	Gm11882	213
214	Fbxl4	chr4	22357543	22434091	protein_coding	ENSMUSG00000040410	+	Fbxl4	214
215	Gm24607	chr4	22396570	22396702	snoRNA	ENSMUSG00000077561	+	Gm24607	215
216	Gm37900	chr4	22408291	22412095	TEC	ENSMUSG00000103000	+	Gm37900	216
217	Pou3f2	chr4	22482780	22488366	protein_coding	ENSMUSG00000095139	-	Pou3f2	217
218	Gm30731	chr4	22490548	22493126	lncRNA	ENSMUSG00000107859	+	Gm30731	218
219	Gm11878	chr4	22519628	22520027	processed_pseudogene	ENSMUSG00000081810	+	Gm11878	219
220	Gm11881	chr4	22528438	22529009	processed_pseudogene	ENSMUSG00000083514	-	Gm11881	220
221	Gm11879	chr4	22704057	22704758	processed_pseudogene	ENSMUSG00000080762	+	Gm11879	221
222	1700025O08Rik	chr4	22928167	22938435	lncRNA	ENSMUSG00000028244	-	1700025O08Rik	222
223	Gm11884	chr4	23260784	23392503	lncRNA	ENSMUSG00000087098	+	Gm11884	223
224	Gm11888	chr4	23484820	23486020	processed_pseudogene	ENSMUSG00000083785	+	Gm11888	224
225	Gm11889	chr4	23517362	23518440	processed_pseudogene	ENSMUSG00000082876	-	Gm11889	225
226	Gm25978	chr4	23626656	23626745	miRNA	ENSMUSG00000089323	-	Gm25978	226
227	Gm11890	chr4	23659928	23660344	processed_pseudogene	ENSMUSG00000084179	-	Gm11890	227
228	Gm28448	chr4	23933488	23933954	lncRNA	ENSMUSG00000100395	-	Gm28448	228
229	Gm11892	chr4	24238100	24239301	processed_pseudogene	ENSMUSG00000083154	+	Gm11892	229
230	Gm11891	chr4	24423477	24425192	processed_pseudogene	ENSMUSG00000081148	+	Gm11891	230
231	Gm27243	chr4	24430370	24430890	lncRNA	ENSMUSG00000099150	-	Gm27243	231
232	Mms22l	chr4	24496451	24602950	protein_coding	ENSMUSG00000045751	+	Mms22l	232
233	Klhl32	chr4	24612554	24851124	protein_coding	ENSMUSG00000040387	-	Klhl32	233
234	Gm11899	chr4	24792680	24800310	lncRNA	ENSMUSG00000087399	+	Gm11899	234
235	Ndufaf4	chr4	24898083	24905001	protein_coding	ENSMUSG00000028261	+	Ndufaf4	235
236	C230012O17Rik	chr4	24960790	24967449	lncRNA	ENSMUSG00000046219	-	C230012O17Rik	236
237	Gpr63	chr4	24966407	25009233	protein_coding	ENSMUSG00000040372	+	Gpr63	237
238	Gm11906	chr4	24966517	25271099	lncRNA	ENSMUSG00000085885	+	Gm11906	238
239	Fhl5	chr4	25199908	25242876	protein_coding	ENSMUSG00000028259	-	Fhl5	239
240	Ufl1	chr4	25248600	25281821	protein_coding	ENSMUSG00000040359	-	Ufl1	240
241	Prdx6-ps2	chr4	25307830	25308523	processed_pseudogene	ENSMUSG00000083737	+	Prdx6-ps2	241
242	Gm11897	chr4	25353702	25354529	processed_pseudogene	ENSMUSG00000081786	-	Gm11897	242
243	Gm11894	chr4	25419349	25419676	processed_pseudogene	ENSMUSG00000082451	+	Gm11894	243
244	Gm11896	chr4	25538850	25539669	processed_pseudogene	ENSMUSG00000081369	+	Gm11896	244
245	Gm11893	chr4	25541791	25542281	processed_pseudogene	ENSMUSG00000081789	-	Gm11893	245
246	Gm24977	chr4	25566660	25566822	snRNA	ENSMUSG00000065040	-	Gm24977	246
247	Fut9	chr4	25609332	25800244	protein_coding	ENSMUSG00000055373	-	Fut9	247
248	Gm24042	chr4	25819671	25819773	snRNA	ENSMUSG00000065048	-	Gm24042	248
249	Gm11898	chr4	25854515	25854899	processed_pseudogene	ENSMUSG00000083835	-	Gm11898	249
250	Gm26067	chr4	25861239	25861348	miRNA	ENSMUSG00000076977	-	Gm26067	250
251	Gm11895	chr4	25867989	25868455	processed_pseudogene	ENSMUSG00000084018	-	Gm11895	251
252	Manea	chr4	26324506	26346891	protein_coding	ENSMUSG00000040520	-	Manea	252
253	Bhmt-ps1	chr4	26368984	26370207	processed_pseudogene	ENSMUSG00000096105	-	Bhmt-ps1	253
254	Gm11903	chr4	26442461	26443187	processed_pseudogene	ENSMUSG00000082573	+	Gm11903	254
255	Gng2-ps1	chr4	26501443	26501659	processed_pseudogene	ENSMUSG00000081985	-	Gng2-ps1	255
256	Gm11905	chr4	26593490	26594167	processed_pseudogene	ENSMUSG00000082138	-	Gm11905	256
257	4930548K13Rik	chr4	26635820	26705449	lncRNA	ENSMUSG00000086257	-	4930548K13Rik	257
258	Gm25173	chr4	27700671	27700777	snRNA	ENSMUSG00000095003	+	Gm25173	258
259	Gm11914	chr4	27867149	27867655	processed_pseudogene	ENSMUSG00000082674	-	Gm11914	259
260	Tpm3-rs2	chr4	27996583	27996905	processed_pseudogene	ENSMUSG00000080175	-	Tpm3-rs2	260
261	Gm11911	chr4	28067177	28068199	processed_pseudogene	ENSMUSG00000082977	+	Gm11911	261
262	Gm25378	chr4	28365316	28365444	snoRNA	ENSMUSG00000077521	+	Gm25378	262
263	Gm11908	chr4	28486112	28486458	processed_pseudogene	ENSMUSG00000082359	-	Gm11908	263
264	Gm11909	chr4	28559948	28560706	processed_pseudogene	ENSMUSG00000081579	-	Gm11909	264
265	Gm11913	chr4	28612326	28612742	processed_pseudogene	ENSMUSG00000081011	+	Gm11913	265
266	Epha7	chr4	28813131	28967499	protein_coding	ENSMUSG00000028289	+	Epha7	266
267	Gm11915	chr4	28814297	28815076	lncRNA	ENSMUSG00000086774	-	Gm11915	267
268	Gm11917	chr4	29068079	29088811	lncRNA	ENSMUSG00000087316	+	Gm11917	268
269	Gm11916	chr4	29090605	29091662	lncRNA	ENSMUSG00000086339	+	Gm11916	269
270	Gm11918	chr4	29125946	29126124	processed_pseudogene	ENSMUSG00000080911	+	Gm11918	270
271	Gm11919	chr4	29195520	29196240	processed_pseudogene	ENSMUSG00000082486	+	Gm11919	271
272	Gm11923	chr4	29490156	29490663	processed_pseudogene	ENSMUSG00000082058	+	Gm11923	272
273	Gm11925	chr4	30193647	30194181	processed_pseudogene	ENSMUSG00000080771	+	Gm11925	273
274	Gm11924	chr4	30432112	30523783	lncRNA	ENSMUSG00000087180	+	Gm11924	274
275	4930556G01Rik	chr4	30664596	30796663	lncRNA	ENSMUSG00000085522	+	4930556G01Rik	275
276	Gm22831	chr4	30701949	30702057	miRNA	ENSMUSG00000093947	-	Gm22831	276
277	Gm11920	chr4	30701973	30702535	processed_pseudogene	ENSMUSG00000082949	-	Gm11920	277
278	Gm11922	chr4	31380472	31380946	processed_pseudogene	ENSMUSG00000082254	+	Gm11922	278
279	Map3k7	chr4	31964097	32023467	protein_coding	ENSMUSG00000028284	+	Map3k7	279
280	Gm11926	chr4	31990857	31991286	processed_pseudogene	ENSMUSG00000084201	-	Gm11926	280
281	Gm26254	chr4	31998624	31998741	snRNA	ENSMUSG00000084440	-	Gm26254	281
282	Gm11927	chr4	32051738	32052914	processed_pseudogene	ENSMUSG00000082398	+	Gm11927	282
283	Gm11928	chr4	32149786	32150222	processed_pseudogene	ENSMUSG00000083872	+	Gm11928	283
284	Gm11929	chr4	32207148	32208092	processed_pseudogene	ENSMUSG00000083564	+	Gm11929	284
285	Bach2	chr4	32238804	32586108	protein_coding	ENSMUSG00000040270	+	Bach2	285
286	Bach2it1	chr4	32251761	32265835	lncRNA	ENSMUSG00000087049	+	Bach2it1	286
287	Gm24371	chr4	32514787	32515053	misc_RNA	ENSMUSG00000084611	+	Gm24371	287
288	Bach2os	chr4	32559680	32571708	lncRNA	ENSMUSG00000086150	-	Bach2os	288
289	Gja10	chr4	32596960	32602760	protein_coding	ENSMUSG00000051056	-	Gja10	289
290	Gm11933	chr4	32611351	32611725	processed_pseudogene	ENSMUSG00000081879	+	Gm11933	290
291	Casp8ap2	chr4	32615451	32653265	protein_coding	ENSMUSG00000028282	+	Casp8ap2	291
292	Gm11936	chr4	32655929	32656088	processed_pseudogene	ENSMUSG00000081592	-	Gm11936	292
293	Mdn1	chr4	32657119	32775217	protein_coding	ENSMUSG00000058006	+	Mdn1	293
294	Lyrm2	chr4	32800253	32801559	protein_coding	ENSMUSG00000045854	+	Lyrm2	294
295	Ankrd6	chr4	32804035	32950841	protein_coding	ENSMUSG00000040183	-	Ankrd6	295
296	Gm11941	chr4	32892686	32893295	processed_pseudogene	ENSMUSG00000083565	+	Gm11941	296
297	Gm11942	chr4	32964888	32965232	processed_pseudogene	ENSMUSG00000094344	+	Gm11942	297
298	Rragd	chr4	32983037	33022180	protein_coding	ENSMUSG00000028278	+	Rragd	298
299	Gm11943	chr4	33001995	33002321	processed_pseudogene	ENSMUSG00000081025	-	Gm11943	299
300	4933421O10Rik	chr4	33027142	33031323	lncRNA	ENSMUSG00000085037	-	4933421O10Rik	300
301	Ube2j1	chr4	33031416	33052363	protein_coding	ENSMUSG00000028277	+	Ube2j1	301
302	Gm11931	chr4	33053838	33054284	processed_pseudogene	ENSMUSG00000082851	-	Gm11931	302
303	Gabrr2	chr4	33062999	33095865	protein_coding	ENSMUSG00000023267	+	Gabrr2	303
304	Gabrr1	chr4	33132521	33163588	protein_coding	ENSMUSG00000028280	+	Gabrr1	304
305	Pm20d2	chr4	33174230	33189737	protein_coding	ENSMUSG00000054659	-	Pm20d2	305
306	Gm11930	chr4	33201764	33201953	processed_pseudogene	ENSMUSG00000083887	+	Gm11930	306
307	Srsf12	chr4	33208991	33233340	protein_coding	ENSMUSG00000054679	+	Srsf12	307
308	Pnrc1	chr4	33245423	33290163	protein_coding	ENSMUSG00000040128	-	Pnrc1	308
309	Gm11934	chr4	33303569	33310137	lncRNA	ENSMUSG00000086127	-	Gm11934	309
310	Rngtt	chr4	33310311	33502614	protein_coding	ENSMUSG00000028274	+	Rngtt	310
311	Mir8118	chr4	33438081	33438209	miRNA	ENSMUSG00000098310	+	Mir8118	311
312	Gm11935	chr4	33452491	33452889	processed_pseudogene	ENSMUSG00000081206	-	Gm11935	312
313	Gm23304	chr4	33628841	33628961	miRNA	ENSMUSG00000096184	-	Gm23304	313
314	Cnr1	chr4	33924593	33948831	protein_coding	ENSMUSG00000044288	+	Cnr1	314
315	Spaca1	chr4	34024874	34050191	protein_coding	ENSMUSG00000028264	-	Spaca1	315
316	Gm12753	chr4	34130854	34134800	lncRNA	ENSMUSG00000087602	+	Gm12753	316
317	Gm12751	chr4	34354043	34354423	processed_pseudogene	ENSMUSG00000062554	+	Gm12751	317
318	Gm12752	chr4	34380171	34380981	processed_pseudogene	ENSMUSG00000081384	-	Gm12752	318
319	Gm12754	chr4	34389394	34389847	processed_pseudogene	ENSMUSG00000082649	-	Gm12754	319
320	Gm23466	chr4	34434296	34434401	misc_RNA	ENSMUSG00000087758	+	Gm23466	320
321	Gm12351	chr4	34457890	34458181	processed_pseudogene	ENSMUSG00000084119	+	Gm12351	321
322	Gm12350	chr4	34485832	34486293	processed_pseudogene	ENSMUSG00000095588	+	Gm12350	322
323	Akirin2	chr4	34550937	34566908	protein_coding	ENSMUSG00000028291	+	Akirin2	323
324	Orc3	chr4	34570796	34614944	protein_coding	ENSMUSG00000040044	-	Orc3	324
325	Rars2	chr4	34614957	34660167	protein_coding	ENSMUSG00000028292	+	Rars2	325
326	Slc35a1	chr4	34663257	34687438	protein_coding	ENSMUSG00000028293	-	Slc35a1	326
327	Gm22849	chr4	34683879	34684185	misc_RNA	ENSMUSG00000088338	+	Gm22849	327
328	Cfap206	chr4	34688559	34730206	protein_coding	ENSMUSG00000028294	-	Cfap206	328
329	Gm136	chr4	34743784	34756263	protein_coding	ENSMUSG00000071015	-	Gm136	329
330	Smim8	chr4	34768664	34778423	protein_coding	ENSMUSG00000028295	-	Smim8	330
331	Zfp292	chr4	34803113	34882960	protein_coding	ENSMUSG00000039967	-	Zfp292	331
332	Gm12363	chr4	34842985	34843652	processed_pseudogene	ENSMUSG00000082367	+	Gm12363	332
333	Cga	chr4	34893779	34907370	protein_coding	ENSMUSG00000028298	+	Cga	333
334	Platr9	chr4	34906124	34911481	lncRNA	ENSMUSG00000085824	-	Platr9	334
335	Gm12361	chr4	34919129	34920520	processed_pseudogene	ENSMUSG00000083956	+	Gm12361	335
336	Gm12362	chr4	34941008	34941349	processed_pseudogene	ENSMUSG00000082709	-	Gm12362	336
337	Mob3b	chr4	34949074	35157484	protein_coding	ENSMUSG00000073910	-	Mob3b	337
338	Gm12364	chr4	34962220	34966965	lncRNA	ENSMUSG00000086792	+	Gm12364	338
339	Ifnk	chr4	35152056	35154005	protein_coding	ENSMUSG00000042993	+	Ifnk	339
340	C9orf72	chr4	35191285	35226175	protein_coding	ENSMUSG00000028300	-	C9orf72	340
341	Gm12366	chr4	35202103	35202975	processed_pseudogene	ENSMUSG00000082762	-	Gm12366	341
342	Gm12367	chr4	35225897	35262222	lncRNA	ENSMUSG00000084828	+	Gm12367	342
343	Gm12368	chr4	35401058	35401491	processed_pseudogene	ENSMUSG00000083934	+	Gm12368	343
344	Gm12365	chr4	35436214	35436781	processed_pseudogene	ENSMUSG00000083851	+	Gm12365	344
345	Lingo2	chr4	35706647	36951747	protein_coding	ENSMUSG00000045083	-	Lingo2	345
346	Gm12369	chr4	36003238	36004179	processed_pseudogene	ENSMUSG00000082169	-	Gm12369	346
347	Gm12370	chr4	36444070	36444875	processed_pseudogene	ENSMUSG00000084352	+	Gm12370	347
348	Mir873b	chr4	36668510	36668586	miRNA	ENSMUSG00000106425	+	Mir873b	348
349	Mir873a	chr4	36668510	36668586	miRNA	ENSMUSG00000078057	-	Mir873a	349
350	Gm12371	chr4	36952966	36988032	lncRNA	ENSMUSG00000084898	+	Gm12371	350
351	Gm12372	chr4	37139107	37139874	processed_pseudogene	ENSMUSG00000080969	-	Gm12372	351
352	Rpl23a-ps6	chr4	37238708	37239175	processed_pseudogene	ENSMUSG00000082732	-	Rpl23a-ps6	352
353	Gm12374	chr4	37249403	37332515	lncRNA	ENSMUSG00000086026	+	Gm12374	353
354	Gm12375	chr4	37880081	37889918	processed_pseudogene	ENSMUSG00000083983	-	Gm12375	354
355	Gm12378	chr4	37970874	37972334	processed_pseudogene	ENSMUSG00000080057	+	Gm12378	355
356	Gm12379	chr4	38028845	38029273	processed_pseudogene	ENSMUSG00000082899	+	Gm12379	356
357	Gm12380	chr4	38263918	38264461	processed_pseudogene	ENSMUSG00000084148	+	Gm12380	357
358	Gm12381	chr4	38571667	38855483	lncRNA	ENSMUSG00000085632	-	Gm12381	358
359	Gm12382	chr4	38663809	38664730	processed_pseudogene	ENSMUSG00000081427	+	Gm12382	359
360	Gm25581	chr4	39259631	39259794	snRNA	ENSMUSG00000065344	-	Gm25581	360
361	Gm12383	chr4	39263544	39264303	processed_pseudogene	ENSMUSG00000082238	+	Gm12383	361
362	Gm17094	chr4	39398045	39450249	lncRNA	ENSMUSG00000090839	-	Gm17094	362
363	1700009N14Rik	chr4	39450295	39451776	protein_coding	ENSMUSG00000028287	+	1700009N14Rik	363
364	Gm12385	chr4	39767618	39768412	processed_pseudogene	ENSMUSG00000082302	+	Gm12385	364
365	Gm12384	chr4	39823430	39824348	processed_pseudogene	ENSMUSG00000083271	+	Gm12384	365
366	Gm12386	chr4	39844187	39844874	processed_pseudogene	ENSMUSG00000082022	-	Gm12386	366
367	Gm12387	chr4	39895208	39896162	processed_pseudogene	ENSMUSG00000084220	-	Gm12387	367
368	Gm26087	chr4	39981497	39981558	snRNA	ENSMUSG00000088526	-	Gm26087	368
369	Gm12388	chr4	40069101	40070987	processed_pseudogene	ENSMUSG00000083202	+	Gm12388	369
370	Gm12389	chr4	40116816	40117233	processed_pseudogene	ENSMUSG00000081352	-	Gm12389	370
371	Aco1	chr4	40143081	40198338	protein_coding	ENSMUSG00000028405	+	Aco1	371
372	Ddx58	chr4	40203773	40239828	protein_coding	ENSMUSG00000040296	-	Ddx58	372
373	Topors	chr4	40259601	40269850	protein_coding	ENSMUSG00000036822	-	Topors	373
374	Smim27	chr4	40269579	40270940	protein_coding	ENSMUSG00000028407	+	Smim27	374
375	Ndufb6	chr4	40270591	40279421	protein_coding	ENSMUSG00000071014	-	Ndufb6	375
376	4930509K18Rik	chr4	40313232	40317719	lncRNA	ENSMUSG00000087137	+	4930509K18Rik	376
377	Gm23338	chr4	40458939	40459033	snoRNA	ENSMUSG00000089585	-	Gm23338	377
378	Tmem215	chr4	40472180	40477168	protein_coding	ENSMUSG00000046593	+	Tmem215	378
379	4933428C19Rik	chr4	40482840	40525548	lncRNA	ENSMUSG00000086355	-	4933428C19Rik	379
380	Gm12391	chr4	40678332	40678778	processed_pseudogene	ENSMUSG00000081720	+	Gm12391	380
381	Aptx	chr4	40682382	40703194	protein_coding	ENSMUSG00000028411	-	Aptx	381
382	Gm12390	chr4	40716595	40716991	processed_pseudogene	ENSMUSG00000082008	-	Gm12390	382
383	Dnaja1	chr4	40722150	40737149	protein_coding	ENSMUSG00000028410	+	Dnaja1	383
384	Smu1	chr4	40736542	40757923	protein_coding	ENSMUSG00000028409	-	Smu1	384
385	Gm12396	chr4	40775259	40775564	processed_pseudogene	ENSMUSG00000056412	-	Gm12396	385
386	B4galt1	chr4	40804602	40854005	protein_coding	ENSMUSG00000028413	-	B4galt1	386
387	Mir5123	chr4	40850056	40850138	miRNA	ENSMUSG00000096377	-	Mir5123	387
388	Gm24112	chr4	40850144	40850226	miRNA	ENSMUSG00000094959	-	Gm24112	388
389	Gm25931	chr4	40850320	40850402	miRNA	ENSMUSG00000095871	-	Gm25931	389
390	Gm12397	chr4	40912741	40913355	processed_pseudogene	ENSMUSG00000081309	-	Gm12397	390
391	Spink4	chr4	40920052	40931395	protein_coding	ENSMUSG00000028415	+	Spink4	391
392	Bag1	chr4	40936398	40948294	protein_coding	ENSMUSG00000028416	-	Bag1	392
393	Chmp5	chr4	40948407	40965303	protein_coding	ENSMUSG00000028419	+	Chmp5	393
394	Nfx1	chr4	40970906	41025993	protein_coding	ENSMUSG00000028423	+	Nfx1	394
395	Mir3094	chr4	40993695	40993758	miRNA	ENSMUSG00000092862	+	Mir3094	395
396	Aqp7	chr4	41033074	41048139	protein_coding	ENSMUSG00000028427	-	Aqp7	396
397	Gm25637	chr4	41050220	41050326	snRNA	ENSMUSG00000088154	+	Gm25637	397
398	Aqp3	chr4	41092722	41098183	protein_coding	ENSMUSG00000028435	-	Aqp3	398
399	Nol6	chr4	41114427	41124455	protein_coding	ENSMUSG00000028430	-	Nol6	399
400	Gm12402	chr4	41132511	41132844	processed_pseudogene	ENSMUSG00000081437	-	Gm12402	400
401	Ube2r2	chr4	41135743	41193380	protein_coding	ENSMUSG00000036241	+	Ube2r2	401
402	Gm12403	chr4	41168646	41169604	processed_pseudogene	ENSMUSG00000082186	+	Gm12403	402
403	Gm24650	chr4	41172742	41172844	snRNA	ENSMUSG00000087730	-	Gm24650	403
404	Ubap2	chr4	41194313	41275144	protein_coding	ENSMUSG00000028433	-	Ubap2	404
405	Gm22888	chr4	41203057	41203133	snoRNA	ENSMUSG00000089265	-	Gm22888	405
406	Gm24837	chr4	41211502	41211582	snoRNA	ENSMUSG00000089308	-	Gm24837	406
407	Gm23090	chr4	41213776	41213853	snoRNA	ENSMUSG00000093562	-	Gm23090	407
408	Gm12401	chr4	41252617	41252844	processed_pseudogene	ENSMUSG00000081866	+	Gm12401	408
409	Dcaf12	chr4	41291300	41314889	protein_coding	ENSMUSG00000028436	-	Dcaf12	409
410	n-R5s183	chr4	41303158	41303272	rRNA	ENSMUSG00000065873	+	n-R5s183	410
411	Gm26049	chr4	41312091	41312198	snRNA	ENSMUSG00000087938	-	Gm26049	411
412	Gm26084	chr4	41345848	41345951	snRNA	ENSMUSG00000088528	-	Gm26084	412
413	Ubap1	chr4	41348996	41390525	protein_coding	ENSMUSG00000028437	+	Ubap1	413
414	Kif24	chr4	41390745	41464887	protein_coding	ENSMUSG00000028438	-	Kif24	414
415	Nudt2	chr4	41465151	41480926	protein_coding	ENSMUSG00000028443	+	Nudt2	415
416	Myorg	chr4	41495604	41503076	protein_coding	ENSMUSG00000046312	-	Myorg	416
417	1110017D15Rik	chr4	41505009	41517333	protein_coding	ENSMUSG00000028441	-	1110017D15Rik	417
418	Fam219aos	chr4	41517437	41518929	lncRNA	ENSMUSG00000036162	+	Fam219aos	418
419	Fam219a	chr4	41517691	41569538	protein_coding	ENSMUSG00000028439	-	Fam219a	419
420	Gm12404	chr4	41520694	41525823	lncRNA	ENSMUSG00000087623	+	Gm12404	420
421	Dnaic1	chr4	41569775	41638158	protein_coding	ENSMUSG00000061322	+	Dnaic1	421
422	Enho	chr4	41638144	41640324	protein_coding	ENSMUSG00000028445	-	Enho	422
423	Gm12406	chr4	41639378	41641416	lncRNA	ENSMUSG00000084761	+	Gm12406	423
424	Gm12405	chr4	41642185	41643077	lncRNA	ENSMUSG00000087054	+	Gm12405	424
425	Cntfr	chr4	41657498	41697089	protein_coding	ENSMUSG00000028444	-	Cntfr	425
426	Il11ra1	chr4	41699989	41769474	protein_coding	ENSMUSG00000073889	+	Il11ra1	426
427	Rpp25l	chr4	41712033	41713534	protein_coding	ENSMUSG00000036114	-	Rpp25l	427
428	Dctn3	chr4	41714798	41723170	protein_coding	ENSMUSG00000028447	-	Dctn3	428
429	Arid3c	chr4	41723836	41731142	protein_coding	ENSMUSG00000066224	-	Arid3c	429
430	Sigmar1	chr4	41738493	41756157	protein_coding	ENSMUSG00000036078	-	Sigmar1	430
431	Galt	chr4	41755228	41758695	protein_coding	ENSMUSG00000036073	+	Galt	431
432	Ccl27a	chr4	41769467	41774247	protein_coding	ENSMUSG00000073888	-	Ccl27a	432
433	Gm12407	chr4	41791989	41793601	unprocessed_pseudogene	ENSMUSG00000095298	-	Gm12407	433
434	Gm10601	chr4	41809083	41810504	unprocessed_pseudogene	ENSMUSG00000082962	+	Gm10601	434
435	Gm13307	chr4	41893278	41942092	lncRNA	ENSMUSG00000085730	-	Gm13307	435
436	Gm13303	chr4	42025429	42026902	unprocessed_pseudogene	ENSMUSG00000082414	-	Gm13303	436
437	Gm21093	chr4	42027873	42035425	unprocessed_pseudogene	ENSMUSG00000096256	-	Gm21093	437
438	Gm37530	chr4	42034581	42039512	TEC	ENSMUSG00000103694	+	Gm37530	438
439	Gm3892	chr4	42055152	42089708	lncRNA	ENSMUSG00000095348	+	Gm3892	439
440	Gm13299	chr4	42121613	42153435	lncRNA	ENSMUSG00000087577	-	Gm13299	440
441	Ccl19-ps3	chr4	42132559	42134171	unprocessed_pseudogene	ENSMUSG00000094162	+	Ccl19-ps3	441
442	Gm13306	chr4	42153436	42158839	protein_coding	ENSMUSG00000073877	+	Gm13306	442
443	Gm13305	chr4	42158842	42168603	protein_coding	ENSMUSG00000073876	-	Gm13305	443
444	1700045I11Rik	chr4	42170845	42171337	TEC	ENSMUSG00000104526	+	1700045I11Rik	444
445	Gm17167	chr4	42206998	42235313	lncRNA	ENSMUSG00000091542	+	Gm17167	445
446	AL844494.3	chr4	42242630	42244913	transcribed_unprocessed_pseudogene	ENSMUSG00000118458	+	AL844494.3	446
447	Fam205a3	chr4	42318272	42324068	protein_coding	ENSMUSG00000093996	+	Fam205a3	447
448	Gm10593	chr4	42552478	42587038	transcribed_unprocessed_pseudogene	ENSMUSG00000095258	+	Gm10593	448
449	Gm2564	chr4	42629897	42631507	unprocessed_pseudogene	ENSMUSG00000091938	+	Gm2564	449
450	Il11ra2	chr4	42656001	42665763	protein_coding	ENSMUSG00000078735	-	Il11ra2	450
451	4930578G10Rik	chr4	42735545	42846248	protein_coding	ENSMUSG00000054885	+	4930578G10Rik	451
452	Gm12395	chr4	42736593	42738094	lncRNA	ENSMUSG00000085910	+	Gm12395	452
453	Ccl21a	chr4	42772860	42773993	protein_coding	ENSMUSG00000094686	-	Ccl21a	453
454	Gm12394	chr4	42781928	42856771	protein_coding	ENSMUSG00000078722	-	Gm12394	454
455	Fam205a1	chr4	42848071	42853888	protein_coding	ENSMUSG00000078721	-	Fam205a1	455
456	Fam205c	chr4	42868004	42874234	protein_coding	ENSMUSG00000050141	-	Fam205c	456
457	Phf24	chr4	42916660	42944752	protein_coding	ENSMUSG00000036062	+	Phf24	457
458	Dnajb5	chr4	42949814	42959425	protein_coding	ENSMUSG00000036052	+	Dnajb5	458
459	1700022I11Rik	chr4	42969604	42983640	protein_coding	ENSMUSG00000028451	+	1700022I11Rik	459
460	Vcp	chr4	42979963	43000507	protein_coding	ENSMUSG00000028452	-	Vcp	460
461	Fancg	chr4	43002343	43010506	protein_coding	ENSMUSG00000028453	-	Fancg	461
462	Pigo	chr4	43017635	43025819	protein_coding	ENSMUSG00000028454	-	Pigo	462
463	Stoml2	chr4	43027690	43031710	protein_coding	ENSMUSG00000028455	-	Stoml2	463
464	Fam214b	chr4	43032414	43046220	protein_coding	ENSMUSG00000036002	-	Fam214b	464
465	Gm26881	chr4	43045966	43053254	lncRNA	ENSMUSG00000096974	+	Gm26881	465
466	Unc13b	chr4	43058953	43264871	protein_coding	ENSMUSG00000028456	+	Unc13b	466
467	Gm23709	chr4	43136499	43136628	snoRNA	ENSMUSG00000077552	-	Gm23709	467
468	Gm25010	chr4	43201149	43201213	snRNA	ENSMUSG00000089028	-	Gm25010	468
469	Atp8b5	chr4	43267159	43373833	protein_coding	ENSMUSG00000028457	+	Atp8b5	469
470	Rusc2	chr4	43381979	43427088	protein_coding	ENSMUSG00000035969	+	Rusc2	470
471	Fam166b	chr4	43427019	43429134	protein_coding	ENSMUSG00000042788	-	Fam166b	471
472	Tesk1	chr4	43441939	43448064	protein_coding	ENSMUSG00000028458	+	Tesk1	472
473	Cd72	chr4	43446462	43454628	protein_coding	ENSMUSG00000028459	-	Cd72	473
474	Sit1	chr4	43482081	43483734	protein_coding	ENSMUSG00000028460	-	Sit1	474
475	Rmrp	chr4	43492788	43493058	ribozyme	ENSMUSG00000088088	-	Rmrp	475
476	Ccdc107	chr4	43492900	43495921	protein_coding	ENSMUSG00000028461	+	Ccdc107	476
477	Arhgef39	chr4	43496142	43499695	protein_coding	ENSMUSG00000051517	-	Arhgef39	477
478	Gm12454	chr4	43504428	43508747	lncRNA	ENSMUSG00000087142	-	Gm12454	478
479	Car9	chr4	43506966	43513729	protein_coding	ENSMUSG00000028463	+	Car9	479
480	Tpm2	chr4	43514711	43523765	protein_coding	ENSMUSG00000028464	-	Tpm2	480
481	Tln1	chr4	43531519	43562691	protein_coding	ENSMUSG00000028465	-	Tln1	481
482	Creb3	chr4	43562332	43567060	protein_coding	ENSMUSG00000028466	+	Creb3	482
483	Gba2	chr4	43566928	43578873	protein_coding	ENSMUSG00000028467	-	Gba2	483
484	Rgp1	chr4	43578715	43587487	protein_coding	ENSMUSG00000028468	+	Rgp1	484
485	Msmp	chr4	43583216	43584494	protein_coding	ENSMUSG00000078719	-	Msmp	485
486	Gm12472	chr4	43588072	43608755	lncRNA	ENSMUSG00000085351	+	Gm12472	486
487	Gm12473	chr4	43631539	43641533	lncRNA	ENSMUSG00000086043	-	Gm12473	487
488	Npr2	chr4	43631935	43651244	protein_coding	ENSMUSG00000028469	+	Npr2	488
489	Spag8	chr4	43651335	43653594	protein_coding	ENSMUSG00000066196	-	Spag8	489
490	Hint2	chr4	43654227	43656466	protein_coding	ENSMUSG00000028470	-	Hint2	490
491	Fam221b	chr4	43659622	43669145	protein_coding	ENSMUSG00000043633	-	Fam221b	491
492	Gm12481	chr4	43664043	43664339	processed_pseudogene	ENSMUSG00000043770	+	Gm12481	492
493	Tmem8b	chr4	43668971	43692668	protein_coding	ENSMUSG00000078716	+	Tmem8b	493
494	Gm23257	chr4	43692686	43692817	rRNA	ENSMUSG00000088947	+	Gm23257	494
495	Olfr70	chr4	43694784	43700807	protein_coding	ENSMUSG00000050215	-	Olfr70	495
496	Olfr71	chr4	43704562	43710255	protein_coding	ENSMUSG00000046450	-	Olfr71	496
497	Hrct1	chr4	43727188	43728639	protein_coding	ENSMUSG00000071001	+	Hrct1	497
498	Spaar	chr4	43730034	43759462	protein_coding	ENSMUSG00000028475	+	Spaar	498
499	Olfr269-ps1	chr4	43767476	43767777	unprocessed_pseudogene	ENSMUSG00000083417	-	Olfr269-ps1	499
500	Olfr159	chr4	43770050	43771009	protein_coding	ENSMUSG00000044801	-	Olfr159	500
501	Olfr29-ps1	chr4	43781366	43782328	polymorphic_pseudogene	ENSMUSG00000111338	-	Olfr29-ps1	501
502	Gm12492	chr4	43798896	43800255	processed_pseudogene	ENSMUSG00000081329	-	Gm12492	502
503	Olfr156	chr4	43820132	43823895	protein_coding	ENSMUSG00000110970	-	Olfr156	503
504	Olfr157	chr4	43830542	43840201	protein_coding	ENSMUSG00000111611	-	Olfr157	504
505	Olfr155	chr4	43851565	43857595	protein_coding	ENSMUSG00000071000	+	Olfr155	505
506	Reck	chr4	43875530	43944806	protein_coding	ENSMUSG00000028476	+	Reck	506
507	Gm27265	chr4	43905078	43905154	misc_RNA	ENSMUSG00000099252	+	Gm27265	507
508	Glipr2	chr4	43957401	43979118	protein_coding	ENSMUSG00000028480	+	Glipr2	508
509	Ccin	chr4	43983483	43985423	protein_coding	ENSMUSG00000070999	+	Ccin	509
510	Clta	chr4	44004452	44032846	protein_coding	ENSMUSG00000028478	+	Clta	510
511	Gne	chr4	44034075	44084177	protein_coding	ENSMUSG00000028479	-	Gne	511
512	Gm22706	chr4	44081289	44081400	snRNA	ENSMUSG00000088532	-	Gm22706	512
513	Gm12503	chr4	44092632	44109311	lncRNA	ENSMUSG00000087326	+	Gm12503	513
514	Gm12504	chr4	44121893	44124123	transcribed_processed_pseudogene	ENSMUSG00000084274	+	Gm12504	514
515	Rnf38	chr4	44126210	44233789	protein_coding	ENSMUSG00000035696	-	Rnf38	515
516	Mir5106	chr4	44221195	44221267	miRNA	ENSMUSG00000092677	-	Mir5106	516
517	Melk	chr4	44300876	44364675	protein_coding	ENSMUSG00000035683	+	Melk	517
518	Gm12677	chr4	44313427	44314058	processed_pseudogene	ENSMUSG00000081127	-	Gm12677	518
519	Gm12455	chr4	44382922	44383337	processed_pseudogene	ENSMUSG00000083803	+	Gm12455	519
520	Gm24376	chr4	44412469	44412595	snoRNA	ENSMUSG00000077587	-	Gm24376	520
521	Pax5	chr4	44524757	44710487	protein_coding	ENSMUSG00000014030	-	Pax5	521
522	Mir5120	chr4	44607491	44607568	miRNA	ENSMUSG00000092761	-	Mir5120	522
523	Gm12462	chr4	44664415	44685347	lncRNA	ENSMUSG00000086211	+	Gm12462	523
524	4930517J16Rik	chr4	44669330	44670897	TEC	ENSMUSG00000102880	+	4930517J16Rik	524
525	5730488B01Rik	chr4	44702800	44705110	TEC	ENSMUSG00000103995	+	5730488B01Rik	525
526	Gm12463	chr4	44752277	44753125	processed_pseudogene	ENSMUSG00000080916	-	Gm12463	526
527	Zcchc7	chr4	44755877	44932215	protein_coding	ENSMUSG00000035649	+	Zcchc7	527
528	Gm22639	chr4	44865307	44865431	miRNA	ENSMUSG00000094842	+	Gm22639	528
529	Gm12678	chr4	44943753	44948330	lncRNA	ENSMUSG00000084854	+	Gm12678	529
530	Gm12493	chr4	44967769	44971096	lncRNA	ENSMUSG00000086000	+	Gm12493	530
531	Gm12679	chr4	44970576	44978319	lncRNA	ENSMUSG00000086205	-	Gm12679	531
532	Grhpr	chr4	44981395	44990734	protein_coding	ENSMUSG00000035637	+	Grhpr	532
533	Zbtb5	chr4	44991242	45012412	protein_coding	ENSMUSG00000049657	-	Zbtb5	533
534	1700055D18Rik	chr4	45011687	45015406	lncRNA	ENSMUSG00000070997	+	1700055D18Rik	534
535	Polr1e	chr4	45018583	45036565	protein_coding	ENSMUSG00000028318	+	Polr1e	535
536	Fbxo10	chr4	45034247	45084604	protein_coding	ENSMUSG00000048232	-	Fbxo10	536
537	Tomm5	chr4	45105208	45108114	protein_coding	ENSMUSG00000078713	-	Tomm5	537
538	Gm12566	chr4	45136250	45136608	processed_pseudogene	ENSMUSG00000082628	-	Gm12566	538
539	Frmpd1	chr4	45184875	45285936	protein_coding	ENSMUSG00000035615	+	Frmpd1	539
540	Frmpd1os	chr4	45234723	45243990	lncRNA	ENSMUSG00000086284	-	Frmpd1os	540
541	Trmt10b	chr4	45297127	45316131	protein_coding	ENSMUSG00000035601	+	Trmt10b	541
542	Exosc3	chr4	45316613	45342732	protein_coding	ENSMUSG00000028322	-	Exosc3	542
543	Gm12585	chr4	45338745	45339034	processed_pseudogene	ENSMUSG00000083541	-	Gm12585	543
544	Dcaf10	chr4	45342101	45379759	protein_coding	ENSMUSG00000035572	+	Dcaf10	544
545	Slc25a51	chr4	45395923	45408766	protein_coding	ENSMUSG00000045973	-	Slc25a51	545
546	Gm25692	chr4	45396994	45397118	miRNA	ENSMUSG00000093185	-	Gm25692	546
547	Shb	chr4	45423278	45532470	protein_coding	ENSMUSG00000044813	-	Shb	547
548	Gm22055	chr4	45548743	45548849	snRNA	ENSMUSG00000065322	+	Gm22055	548
549	Gm12411	chr4	45550017	45550499	processed_pseudogene	ENSMUSG00000081559	+	Gm12411	549
550	Gm12408	chr4	45639744	45646111	lncRNA	ENSMUSG00000085980	+	Gm12408	550
551	Gm829	chr4	45683589	45723338	lncRNA	ENSMUSG00000073860	+	Gm829	551
552	Gm12410	chr4	45715169	45716421	lncRNA	ENSMUSG00000085305	+	Gm12410	552
553	Gm12409	chr4	45762377	45764223	lncRNA	ENSMUSG00000085876	-	Gm12409	553
554	Gm12412	chr4	45776882	45777209	processed_pseudogene	ENSMUSG00000083685	-	Gm12412	554
555	Aldh1b1	chr4	45799022	45804604	protein_coding	ENSMUSG00000035561	+	Aldh1b1	555
556	Igfbpl1	chr4	45809468	45826923	protein_coding	ENSMUSG00000035551	-	Igfbpl1	556
557	Stra6l	chr4	45848664	45887008	protein_coding	ENSMUSG00000028327	+	Stra6l	557
558	Ccdc180	chr4	45890303	45950774	protein_coding	ENSMUSG00000035539	+	Ccdc180	558
559	Tdrd7	chr4	45965334	46034761	protein_coding	ENSMUSG00000035517	+	Tdrd7	559
560	Tmod1	chr4	46038935	46116032	protein_coding	ENSMUSG00000028328	+	Tmod1	560
561	Tstd2	chr4	46114746	46138694	protein_coding	ENSMUSG00000035495	-	Tstd2	561
562	Gm23250	chr4	46118180	46118446	misc_RNA	ENSMUSG00000088069	+	Gm23250	562
563	Ncbp1	chr4	46138613	46172403	protein_coding	ENSMUSG00000028330	+	Ncbp1	563
564	Xpa	chr4	46155347	46196311	protein_coding	ENSMUSG00000028329	-	Xpa	564
565	Gm12444	chr4	46243014	46243890	processed_pseudogene	ENSMUSG00000082194	-	Gm12444	565
566	Gm12445	chr4	46273819	46274840	processed_pseudogene	ENSMUSG00000081483	-	Gm12445	566
567	Gm12446	chr4	46300007	46345515	lncRNA	ENSMUSG00000087383	-	Gm12446	567
568	Gm12447	chr4	46327296	46327765	processed_pseudogene	ENSMUSG00000080816	+	Gm12447	568
569	Foxe1	chr4	46343609	46346412	protein_coding	ENSMUSG00000070990	+	Foxe1	569
570	Trmo	chr4	46376505	46389437	protein_coding	ENSMUSG00000028331	-	Trmo	570
571	Hemgn	chr4	46393989	46413506	protein_coding	ENSMUSG00000028332	-	Hemgn	571
572	Gm12443	chr4	46419980	46420302	processed_pseudogene	ENSMUSG00000082242	-	Gm12443	572
573	Anp32b	chr4	46450902	46472657	protein_coding	ENSMUSG00000028333	+	Anp32b	573
574	Nans	chr4	46489248	46503632	protein_coding	ENSMUSG00000028334	+	Nans	574
575	Trim14	chr4	46493781	46536141	protein_coding	ENSMUSG00000039853	-	Trim14	575
576	Gm22247	chr4	46495155	46495285	snoRNA	ENSMUSG00000064410	+	Gm22247	576
577	Gm16731	chr4	46535901	46539802	lncRNA	ENSMUSG00000085990	+	Gm16731	577
578	Coro2a	chr4	46536937	46602202	protein_coding	ENSMUSG00000028337	-	Coro2a	578
579	Tbc1d2	chr4	46604390	46650209	protein_coding	ENSMUSG00000039813	-	Tbc1d2	579
580	Gabbr2	chr4	46662305	46991873	protein_coding	ENSMUSG00000039809	-	Gabbr2	580
581	Gm568	chr4	47008316	47010781	lncRNA	ENSMUSG00000048824	-	Gm568	581
582	Anks6	chr4	47015669	47057427	protein_coding	ENSMUSG00000066191	-	Anks6	582
583	Galnt12	chr4	47091909	47123070	protein_coding	ENSMUSG00000039774	+	Galnt12	583
584	Gm12426	chr4	47197487	47208459	lncRNA	ENSMUSG00000087500	-	Gm12426	584
585	Col15a1	chr4	47208161	47313167	protein_coding	ENSMUSG00000028339	+	Col15a1	585
586	Tgfbr1	chr4	47353222	47414931	protein_coding	ENSMUSG00000007613	+	Tgfbr1	586
587	Gm12430	chr4	47453632	47454953	processed_pseudogene	ENSMUSG00000081152	+	Gm12430	587
588	Alg2	chr4	47465067	47474333	protein_coding	ENSMUSG00000039740	-	Alg2	588
589	Sec61b	chr4	47474658	47483242	protein_coding	ENSMUSG00000053317	+	Sec61b	589
590	Gm27601	chr4	47593337	47593463	misc_RNA	ENSMUSG00000098999	+	Gm27601	590
591	Gm38343	chr4	47827224	47927365	TEC	ENSMUSG00000102450	-	Gm38343	591
592	Gm22670	chr4	47920755	47920897	snoRNA	ENSMUSG00000089349	+	Gm22670	592
593	Gm12434	chr4	47996456	47998261	lncRNA	ENSMUSG00000085660	+	Gm12434	593
594	Nr4a3	chr4	48045153	48086447	protein_coding	ENSMUSG00000028341	+	Nr4a3	594
595	Stx17	chr4	48124915	48186507	protein_coding	ENSMUSG00000061455	+	Stx17	595
596	Erp44	chr4	48193323	48279558	protein_coding	ENSMUSG00000028343	-	Erp44	596
597	Invs	chr4	48279760	48431954	protein_coding	ENSMUSG00000028344	+	Invs	597
598	Gm12435	chr4	48344215	48345230	processed_pseudogene	ENSMUSG00000081953	-	Gm12435	598
599	Tex10	chr4	48430858	48473459	protein_coding	ENSMUSG00000028345	-	Tex10	599
600	Msantd3	chr4	48539935	48561919	protein_coding	ENSMUSG00000039693	+	Msantd3	600
601	Tmeff1	chr4	48585174	48663131	protein_coding	ENSMUSG00000028347	+	Tmeff1	601
602	Cavin4	chr4	48663514	48673502	protein_coding	ENSMUSG00000028348	+	Cavin4	602
603	Gm12439	chr4	48675156	48675520	processed_pseudogene	ENSMUSG00000080850	+	Gm12439	603
604	Gm12438	chr4	48745515	48745850	processed_pseudogene	ENSMUSG00000083091	-	Gm12438	604
605	Gm24573	chr4	48762851	48762962	rRNA	ENSMUSG00000093240	-	Gm24573	605
606	Gm23746	chr4	48896499	48896623	snoRNA	ENSMUSG00000077417	+	Gm23746	606
607	Gm12436	chr4	48898593	48963237	lncRNA	ENSMUSG00000084787	+	Gm12436	607
608	Gm12442	chr4	48972978	48973315	processed_pseudogene	ENSMUSG00000083869	+	Gm12442	608
609	Plppr1	chr4	49059273	49340259	protein_coding	ENSMUSG00000063446	+	Plppr1	609
610	Gm22685	chr4	49289298	49289403	snRNA	ENSMUSG00000064782	+	Gm22685	610
611	Gm12453	chr4	49342248	49342578	processed_pseudogene	ENSMUSG00000096476	+	Gm12453	611
612	Rbpj-ps1	chr4	49350522	49351527	processed_pseudogene	ENSMUSG00000081770	+	Rbpj-ps1	612
613	Acnat2	chr4	49379840	49408151	protein_coding	ENSMUSG00000060317	-	Acnat2	613
614	Gm12451	chr4	49396112	49407732	unprocessed_pseudogene	ENSMUSG00000082725	+	Gm12451	614
615	Gm12452	chr4	49412307	49412637	processed_pseudogene	ENSMUSG00000094082	+	Gm12452	615
616	Acnat1	chr4	49447105	49473912	protein_coding	ENSMUSG00000070985	-	Acnat1	616
617	Gm26424	chr4	49474307	49474410	snRNA	ENSMUSG00000084479	+	Gm26424	617
618	Baat	chr4	49489422	49506557	protein_coding	ENSMUSG00000039653	-	Baat	618
619	Mrpl50	chr4	49512596	49521093	protein_coding	ENSMUSG00000044018	-	Mrpl50	619
620	Zfp189	chr4	49521176	49531517	protein_coding	ENSMUSG00000039634	+	Zfp189	620
621	Aldob	chr4	49535995	49549546	protein_coding	ENSMUSG00000028307	-	Aldob	621
622	Tmem246	chr4	49584506	49597876	protein_coding	ENSMUSG00000039611	-	Tmem246	622
623	Rnf20	chr4	49632006	49656887	protein_coding	ENSMUSG00000028309	+	Rnf20	623
624	Grin3a	chr4	49661611	49845744	protein_coding	ENSMUSG00000039579	-	Grin3a	624
625	Ppp3r2	chr4	49678747	49682024	protein_coding	ENSMUSG00000028310	-	Ppp3r2	625
626	Gm12459	chr4	49746731	49747246	processed_pseudogene	ENSMUSG00000083153	-	Gm12459	626
627	Gm25485	chr4	50286746	50286877	snoRNA	ENSMUSG00000095394	+	Gm25485	627
628	Gm12460	chr4	51190107	51190463	processed_pseudogene	ENSMUSG00000084116	+	Gm12460	628
629	Cylc2	chr4	51216678	51250622	protein_coding	ENSMUSG00000039555	+	Cylc2	629
630	Amd-ps4	chr4	51253025	51254027	processed_pseudogene	ENSMUSG00000019836	-	Amd-ps4	630
631	Gm24943	chr4	51799920	51800352	ribozyme	ENSMUSG00000088954	+	Gm24943	631
632	Gm22042	chr4	51812483	51812647	snRNA	ENSMUSG00000064923	-	Gm22042	632
633	Gm12461	chr4	51892893	51894131	processed_pseudogene	ENSMUSG00000081050	+	Gm12461	633
634	C630028M04Rik	chr4	51968094	52051110	lncRNA	ENSMUSG00000085515	-	C630028M04Rik	634
635	Gm12465	chr4	52077168	52077467	processed_pseudogene	ENSMUSG00000082963	-	Gm12465	635
636	Gm12467	chr4	52241712	52242456	processed_pseudogene	ENSMUSG00000082267	+	Gm12467	636
637	Gm12475	chr4	52360823	52362211	processed_pseudogene	ENSMUSG00000083338	-	Gm12475	637
638	Smc2os	chr4	52430285	52438965	lncRNA	ENSMUSG00000085763	-	Smc2os	638
639	Smc2	chr4	52439243	52488260	protein_coding	ENSMUSG00000028312	+	Smc2	639
640	Tmc4-ps	chr4	52443915	52444172	processed_pseudogene	ENSMUSG00000084380	-	Tmc4-ps	640
641	Vma21-ps	chr4	52496939	52497244	processed_pseudogene	ENSMUSG00000061619	-	Vma21-ps	641
642	Toporsl	chr4	52596274	52612430	protein_coding	ENSMUSG00000028314	+	Toporsl	642
643	Olfr275	chr4	52814604	52828269	protein_coding	ENSMUSG00000089717	+	Olfr275	643
644	Gm12482	chr4	52821488	52822117	processed_pseudogene	ENSMUSG00000081975	+	Gm12482	644
645	Olfr274-ps1	chr4	52842198	52843046	unprocessed_pseudogene	ENSMUSG00000110940	-	Olfr274-ps1	645
646	Olfr273	chr4	52852154	52859236	protein_coding	ENSMUSG00000049648	-	Olfr273	646
647	Gm47786	chr4	52878008	52878702	unprocessed_pseudogene	ENSMUSG00000110756	+	Gm47786	647
648	Cct3-ps1	chr4	52900599	52902683	processed_pseudogene	ENSMUSG00000083937	+	Cct3-ps1	648
649	Olfr272	chr4	52910207	52919178	protein_coding	ENSMUSG00000051593	-	Olfr272	649
650	Olfr271-ps1	chr4	52935430	52936381	polymorphic_pseudogene	ENSMUSG00000082216	-	Olfr271-ps1	650
651	Olfr270	chr4	52964547	52972474	protein_coding	ENSMUSG00000070983	+	Olfr270	651
652	Nipsnap3a	chr4	52989272	53001162	protein_coding	ENSMUSG00000015242	+	Nipsnap3a	652
653	Nipsnap3b	chr4	53011880	53022060	protein_coding	ENSMUSG00000015247	+	Nipsnap3b	653
654	Abca1	chr4	53030787	53159895	protein_coding	ENSMUSG00000015243	-	Abca1	654
655	4930412L05Rik	chr4	53205066	53217857	lncRNA	ENSMUSG00000087192	-	4930412L05Rik	655
656	4930522O17Rik	chr4	53246196	53251115	lncRNA	ENSMUSG00000086947	+	4930522O17Rik	656
657	AI427809	chr4	53261356	53270232	lncRNA	ENSMUSG00000086712	-	AI427809	657
658	Gm12495	chr4	53308226	53308672	processed_pseudogene	ENSMUSG00000083735	+	Gm12495	658
659	Gm12496	chr4	53401948	53404030	lncRNA	ENSMUSG00000086267	-	Gm12496	659
660	Slc44a1	chr4	53440413	53622478	protein_coding	ENSMUSG00000028412	+	Slc44a1	660
661	1700060J05Rik	chr4	53562983	53564697	lncRNA	ENSMUSG00000084970	-	1700060J05Rik	661
662	Fsd1l	chr4	53631471	53707009	protein_coding	ENSMUSG00000054752	+	Fsd1l	662
663	Gm12470	chr4	53662296	53663344	processed_pseudogene	ENSMUSG00000081516	+	Gm12470	663
664	Fktn	chr4	53713998	53777890	protein_coding	ENSMUSG00000028414	+	Fktn	664
665	Gm25445	chr4	53720902	53721200	misc_RNA	ENSMUSG00000089621	-	Gm25445	665
666	Tal2	chr4	53779705	53788712	protein_coding	ENSMUSG00000028417	+	Tal2	666
667	Rps15a-ps8	chr4	53791070	53791456	processed_pseudogene	ENSMUSG00000084403	-	Rps15a-ps8	667
668	Tmem38b	chr4	53826045	53862019	protein_coding	ENSMUSG00000028420	+	Tmem38b	668
669	n-R5s185	chr4	53860652	53860770	rRNA	ENSMUSG00000065887	+	n-R5s185	669
670	Gm12468	chr4	53877925	53878328	processed_pseudogene	ENSMUSG00000083985	+	Gm12468	670
671	Gm23745	chr4	53905696	53905820	snoRNA	ENSMUSG00000077418	+	Gm23745	671
672	Gm12484	chr4	54151831	54163678	lncRNA	ENSMUSG00000086987	-	Gm12484	672
673	Gm12469	chr4	54235670	54235876	processed_pseudogene	ENSMUSG00000083624	-	Gm12469	673
674	Gm25687	chr4	54468352	54468592	misc_RNA	ENSMUSG00000093183	+	Gm25687	674
675	Tpt1-ps2	chr4	54564623	54565143	processed_pseudogene	ENSMUSG00000081428	+	Tpt1-ps2	675
676	Gm12478	chr4	54646542	54689451	lncRNA	ENSMUSG00000086371	+	Gm12478	676
677	Gm12480	chr4	54651903	54656077	lncRNA	ENSMUSG00000087077	+	Gm12480	677
678	Gm12477	chr4	54669622	54670192	processed_pseudogene	ENSMUSG00000083868	-	Gm12477	678
679	Gm12479	chr4	54853128	54854712	processed_pseudogene	ENSMUSG00000082111	+	Gm12479	679
680	Zfp462	chr4	54945048	55083563	protein_coding	ENSMUSG00000060206	+	Zfp462	680
681	Gm12514	chr4	55131208	55279479	lncRNA	ENSMUSG00000087614	-	Gm12514	681
682	Gm12509	chr4	55163008	55163616	processed_pseudogene	ENSMUSG00000081177	+	Gm12509	682
683	Gm12508	chr4	55254740	55255219	processed_pseudogene	ENSMUSG00000081504	+	Gm12508	683
684	Gm12512	chr4	55282064	55282280	processed_pseudogene	ENSMUSG00000081542	-	Gm12512	684
685	Gm25419	chr4	55299655	55299845	snoRNA	ENSMUSG00000077403	-	Gm25419	685
686	Rad23b	chr4	55350043	55392237	protein_coding	ENSMUSG00000028426	+	Rad23b	686
687	Gm12516	chr4	55392317	55392701	processed_pseudogene	ENSMUSG00000084144	-	Gm12516	687
688	Gm12513	chr4	55408956	55409307	processed_pseudogene	ENSMUSG00000084404	-	Gm12513	688
689	Gm12505	chr4	55410443	55418842	lncRNA	ENSMUSG00000087070	-	Gm12505	689
690	Gm12510	chr4	55450684	55465814	lncRNA	ENSMUSG00000086346	-	Gm12510	690
691	Gm22150	chr4	55469025	55469159	snoRNA	ENSMUSG00000077635	-	Gm22150	691
692	Gm12507	chr4	55508294	55508708	processed_pseudogene	ENSMUSG00000082952	+	Gm12507	692
693	Klf4	chr4	55527143	55532466	protein_coding	ENSMUSG00000003032	-	Klf4	693
694	Gm12511	chr4	55563265	55599296	lncRNA	ENSMUSG00000066176	+	Gm12511	694
695	Gm12506	chr4	55605149	55636901	lncRNA	ENSMUSG00000085375	+	Gm12506	695
696	Gm12519	chr4	55969023	55993739	lncRNA	ENSMUSG00000085643	-	Gm12519	696
697	Gm12520	chr4	56162940	56163255	processed_pseudogene	ENSMUSG00000081290	+	Gm12520	697
698	2310081O03Rik	chr4	56220617	56224521	lncRNA	ENSMUSG00000085020	-	2310081O03Rik	698
699	Gm12518	chr4	56387802	56388580	processed_pseudogene	ENSMUSG00000082613	+	Gm12518	699
700	Gm26144	chr4	56678904	56679035	snoRNA	ENSMUSG00000077663	-	Gm26144	700
701	Actl7b	chr4	56740005	56741443	protein_coding	ENSMUSG00000070980	-	Actl7b	701
702	Gm26657	chr4	56740070	56741377	protein_coding	ENSMUSG00000096930	+	Gm26657	702
703	Actl7a	chr4	56743413	56744925	protein_coding	ENSMUSG00000070979	+	Actl7a	703
704	Elp1	chr4	56749680	56802331	protein_coding	ENSMUSG00000028431	-	Elp1	704
705	Gm22952	chr4	56761922	56762041	snoRNA	ENSMUSG00000080370	-	Gm22952	705
706	Abitram	chr4	56802345	56809601	protein_coding	ENSMUSG00000038827	+	Abitram	706
707	Ctnnal1	chr4	56810935	56865188	protein_coding	ENSMUSG00000038816	-	Ctnnal1	707
708	Tmem245	chr4	56866923	56947437	protein_coding	ENSMUSG00000055296	-	Tmem245	708
709	Mir32	chr4	56895229	56895298	miRNA	ENSMUSG00000065544	-	Mir32	709
710	Gm25053	chr4	56897625	56897757	snoRNA	ENSMUSG00000099002	-	Gm25053	710
711	Gm22300	chr4	56913642	56913767	snoRNA	ENSMUSG00000064595	+	Gm22300	711
712	Frrs1l	chr4	56957173	56990391	protein_coding	ENSMUSG00000045589	-	Frrs1l	712
713	Epb41l4b	chr4	56991972	57143437	protein_coding	ENSMUSG00000028434	-	Epb41l4b	713
714	Gm12530	chr4	57172071	57176554	lncRNA	ENSMUSG00000085967	+	Gm12530	714
715	Ptpn3	chr4	57190841	57301837	protein_coding	ENSMUSG00000038764	-	Ptpn3	715
716	Gm12536	chr4	57300096	57307305	lncRNA	ENSMUSG00000085654	+	Gm12536	716
717	1700042G15Rik	chr4	57360868	57364292	lncRNA	ENSMUSG00000087044	-	1700042G15Rik	717
718	Gm12537	chr4	57370953	57371954	processed_pseudogene	ENSMUSG00000095042	-	Gm12537	718
719	Gm12538	chr4	57413711	57414196	processed_pseudogene	ENSMUSG00000081540	-	Gm12538	719
720	Gm12539	chr4	57455561	57457549	processed_pseudogene	ENSMUSG00000081615	-	Gm12539	720
721	Pakap	chr4	57717657	57896984	protein_coding	ENSMUSG00000038729	+	Pakap	721
722	Gm12526	chr4	57757739	57763901	lncRNA	ENSMUSG00000073846	-	Gm12526	722
723	Gm24277	chr4	57762607	57762710	snRNA	ENSMUSG00000089286	+	Gm24277	723
724	Gm26138	chr4	57877389	57877495	snRNA	ENSMUSG00000096195	-	Gm26138	724
725	D630039A03Rik	chr4	57908483	57916297	protein_coding	ENSMUSG00000052117	-	D630039A03Rik	725
726	Txn1	chr4	57943373	57956411	protein_coding	ENSMUSG00000028367	-	Txn1	726
727	Txndc8	chr4	57984027	58009124	protein_coding	ENSMUSG00000038709	-	Txndc8	727
728	Svep1	chr4	58042442	58206859	protein_coding	ENSMUSG00000028369	-	Svep1	728
729	Musk	chr4	58285960	58374303	protein_coding	ENSMUSG00000057280	+	Musk	729
730	Lpar1	chr4	58435255	58553898	protein_coding	ENSMUSG00000038668	-	Lpar1	730
731	Mir3095	chr4	58441012	58441098	miRNA	ENSMUSG00000093293	-	Mir3095	731
732	Gm12577	chr4	58483252	58483825	processed_pseudogene	ENSMUSG00000083834	-	Gm12577	732
733	Gm12578	chr4	58589764	58590180	processed_pseudogene	ENSMUSG00000081186	+	Gm12578	733
734	Gm12579	chr4	58611058	58611840	processed_pseudogene	ENSMUSG00000083145	+	Gm12579	734
735	Gm12580	chr4	58648392	58658592	lncRNA	ENSMUSG00000086470	-	Gm12580	735
736	Olfr267	chr4	58782704	58787716	protein_coding	ENSMUSG00000043385	-	Olfr267	736
737	Ecpas	chr4	58798911	58912749	protein_coding	ENSMUSG00000050812	-	Ecpas	737
738	Gm26400	chr4	58938025	58938109	rRNA	ENSMUSG00000092753	+	Gm26400	738
739	Zkscan16	chr4	58943628	58958355	protein_coding	ENSMUSG00000038630	+	Zkscan16	739
740	Ptgr1	chr4	58965439	58987119	protein_coding	ENSMUSG00000028378	-	Ptgr1	740
741	Dnajc25	chr4	58995062	59025573	protein_coding	ENSMUSG00000070972	+	Dnajc25	741
742	Gm20503	chr4	59003210	59041888	protein_coding	ENSMUSG00000092345	+	Gm20503	742
743	Gng10	chr4	59035088	59041903	protein_coding	ENSMUSG00000038607	+	Gng10	743
744	Shoc1	chr4	59043753	59138983	protein_coding	ENSMUSG00000038598	-	Shoc1	744
745	Gm12593	chr4	59090187	59090929	processed_pseudogene	ENSMUSG00000081432	+	Gm12593	745
746	Gm12594	chr4	59135068	59137454	lncRNA	ENSMUSG00000086660	-	Gm12594	746
747	Rpsa-ps11	chr4	59162268	59163156	processed_pseudogene	ENSMUSG00000082978	-	Rpsa-ps11	747
748	Ugcg	chr4	59189257	59222833	protein_coding	ENSMUSG00000028381	+	Ugcg	748
749	Gm12596	chr4	59260051	59263269	lncRNA	ENSMUSG00000086952	+	Gm12596	749
750	Susd1	chr4	59314683	59438633	protein_coding	ENSMUSG00000038578	-	Susd1	750
751	Gm12527	chr4	59368303	59368866	processed_pseudogene	ENSMUSG00000083979	-	Gm12527	751
752	Ptbp3	chr4	59471868	59549364	protein_coding	ENSMUSG00000028382	-	Ptbp3	752
753	Gm12529	chr4	59532747	59533014	processed_pseudogene	ENSMUSG00000080831	+	Gm12529	753
754	1700018M17Rik	chr4	59549154	59549625	pseudogene	ENSMUSG00000046145	+	1700018M17Rik	754
755	Hsdl2	chr4	59581563	59618689	protein_coding	ENSMUSG00000028383	+	Hsdl2	755
756	E130308A19Rik	chr4	59626211	59761439	protein_coding	ENSMUSG00000045071	+	E130308A19Rik	756
757	Inip	chr4	59769637	59801589	protein_coding	ENSMUSG00000038544	-	Inip	757
758	Snx30	chr4	59805840	59904737	protein_coding	ENSMUSG00000028385	+	Snx30	758
759	Gm12543	chr4	59833677	59834219	transcribed_processed_pseudogene	ENSMUSG00000080772	+	Gm12543	759
760	Gm12542	chr4	59889986	59894924	lncRNA	ENSMUSG00000073843	-	Gm12542	760
761	Slc46a2	chr4	59905126	59915056	protein_coding	ENSMUSG00000028386	-	Slc46a2	761
762	Mup4	chr4	59956804	59960710	protein_coding	ENSMUSG00000041333	-	Mup4	762
763	Mup6	chr4	59964294	60007274	protein_coding	ENSMUSG00000078689	+	Mup6	763
764	Mup7	chr4	60066469	60070475	protein_coding	ENSMUSG00000073842	-	Mup7	764
765	Mup-ps1	chr4	60085840	60088577	unprocessed_pseudogene	ENSMUSG00000083239	+	Mup-ps1	765
766	Mup2	chr4	60135932	60154289	protein_coding	ENSMUSG00000078688	-	Mup2	766
767	Mup-ps2	chr4	60155274	60157966	unprocessed_pseudogene	ENSMUSG00000073840	+	Mup-ps2	767
768	Mup8	chr4	60218621	60222599	protein_coding	ENSMUSG00000078687	-	Mup8	768
769	Mup-ps3	chr4	60237345	60244027	unprocessed_pseudogene	ENSMUSG00000095455	+	Mup-ps3	769
770	Mup-ps28	chr4	60389861	60390149	processed_pseudogene	ENSMUSG00000083293	+	Mup-ps28	770
771	Mup9	chr4	60418046	60421952	protein_coding	ENSMUSG00000078686	-	Mup9	771
772	Mup-ps4	chr4	60437362	60440064	unprocessed_pseudogene	ENSMUSG00000078685	+	Mup-ps4	772
773	Mup-ps26	chr4	60479408	60479609	processed_pseudogene	ENSMUSG00000094202	+	Mup-ps26	773
774	Mup1	chr4	60498012	60501960	protein_coding	ENSMUSG00000078683	-	Mup1	774
775	Gm13773	chr4	60502841	60521169	lncRNA	ENSMUSG00000086253	+	Gm13773	775
776	Mup-ps6	chr4	60517461	60520175	transcribed_unprocessed_pseudogene	ENSMUSG00000094222	+	Mup-ps6	776
777	Mup10	chr4	60578260	60582199	protein_coding	ENSMUSG00000078680	-	Mup10	777
778	Mup-ps5	chr4	60597597	60597695	unprocessed_pseudogene	ENSMUSG00000082868	+	Mup-ps5	778
779	Mup11	chr4	60658466	60662411	protein_coding	ENSMUSG00000073834	-	Mup11	779
780	Mup-ps7	chr4	60677683	60680431	unprocessed_pseudogene	ENSMUSG00000094743	+	Mup-ps7	780
781	Mup12	chr4	60737383	60741326	protein_coding	ENSMUSG00000094793	-	Mup12	781
782	Mup22	chr4	60817589	60821463	protein_coding	ENSMUSG00000110439	-	Mup22	782
783	Gm21286	chr4	60836908	60839649	unprocessed_pseudogene	ENSMUSG00000094948	+	Gm21286	783
784	Mup-ps9	chr4	61163063	61165771	unprocessed_pseudogene	ENSMUSG00000096652	+	Mup-ps9	784
785	Mup13	chr4	61224307	61228286	protein_coding	ENSMUSG00000089873	-	Mup13	785
786	Mup-ps10	chr4	61243577	61246293	unprocessed_pseudogene	ENSMUSG00000082173	+	Mup-ps10	786
787	Mup14	chr4	61300023	61304000	protein_coding	ENSMUSG00000073830	-	Mup14	787
788	Mup-ps11	chr4	61318730	61325417	unprocessed_pseudogene	ENSMUSG00000095978	+	Mup-ps11	788
789	Mup15	chr4	61435790	61439743	protein_coding	ENSMUSG00000096674	-	Mup15	789
790	Mup-ps12	chr4	61452244	61454952	unprocessed_pseudogene	ENSMUSG00000073835	+	Mup-ps12	790
791	Mup16	chr4	61515592	61519531	protein_coding	ENSMUSG00000078675	-	Mup16	791
792	Mup-ps13	chr4	61534230	61536973	unprocessed_pseudogene	ENSMUSG00000095532	+	Mup-ps13	792
793	Mup17	chr4	61591929	61595871	protein_coding	ENSMUSG00000096688	-	Mup17	793
794	Mup18	chr4	61670177	61674136	protein_coding	ENSMUSG00000078674	-	Mup18	794
795	Mup-ps15	chr4	61698841	61701544	unprocessed_pseudogene	ENSMUSG00000083304	+	Mup-ps15	795
796	Gm12573	chr4	61750075	61750360	processed_pseudogene	ENSMUSG00000095307	+	Gm12573	796
797	Mup19	chr4	61778324	61782269	protein_coding	ENSMUSG00000078673	-	Mup19	797
798	Gm13775	chr4	61783123	61801286	lncRNA	ENSMUSG00000081207	+	Gm13775	798
799	Mup-ps16	chr4	61797482	61800237	unprocessed_pseudogene	ENSMUSG00000090090	+	Mup-ps16	799
800	Mup5	chr4	61831319	61835233	protein_coding	ENSMUSG00000058523	-	Mup5	800
801	Mup-ps23	chr4	61855404	61856554	processed_pseudogene	ENSMUSG00000081755	-	Mup-ps23	801
802	Mup-ps17	chr4	61857321	61857876	unprocessed_pseudogene	ENSMUSG00000081053	-	Mup-ps17	802
803	Mup-ps18	chr4	61874700	61883296	unprocessed_pseudogene	ENSMUSG00000082363	-	Mup-ps18	803
804	Mup-ps19	chr4	61957149	61959911	unprocessed_pseudogene	ENSMUSG00000082644	-	Mup-ps19	804
805	Mup-ps20	chr4	62012412	62014857	unprocessed_pseudogene	ENSMUSG00000084309	-	Mup-ps20	805
806	Mup-ps21	chr4	62029342	62031662	unprocessed_pseudogene	ENSMUSG00000083524	-	Mup-ps21	806
807	Mup20	chr4	62050234	62054158	protein_coding	ENSMUSG00000078672	-	Mup20	807
808	Mup3	chr4	62083476	62087342	protein_coding	ENSMUSG00000066154	-	Mup3	808
809	Gm12909	chr4	62088288	62090524	lncRNA	ENSMUSG00000085404	+	Gm12909	809
810	Gm12910	chr4	62112931	62120929	lncRNA	ENSMUSG00000086530	+	Gm12910	810
811	Mup21	chr4	62147932	62150863	protein_coding	ENSMUSG00000066153	-	Mup21	811
812	Zfp37	chr4	62189540	62231047	protein_coding	ENSMUSG00000028389	-	Zfp37	812
813	Slc31a2	chr4	62262562	62298411	protein_coding	ENSMUSG00000066152	+	Slc31a2	813
814	Gm23148	chr4	62264314	62264420	snRNA	ENSMUSG00000096713	+	Gm23148	814
815	Fkbp15	chr4	62300342	62360548	protein_coding	ENSMUSG00000066151	-	Fkbp15	815
816	Slc31a1	chr4	62360727	62391769	protein_coding	ENSMUSG00000066150	+	Slc31a1	816
817	Cdc26	chr4	62383654	62408642	protein_coding	ENSMUSG00000066149	-	Cdc26	817
818	Prpf4	chr4	62408797	62426990	protein_coding	ENSMUSG00000066148	+	Prpf4	818
819	Rnf183	chr4	62427540	62435252	protein_coding	ENSMUSG00000063851	-	Rnf183	819
820	Wdr31	chr4	62448653	62470896	protein_coding	ENSMUSG00000028391	-	Wdr31	820
821	Bspry	chr4	62480053	62497298	protein_coding	ENSMUSG00000028392	+	Bspry	821
822	Hdhd3	chr4	62499008	62503467	protein_coding	ENSMUSG00000038422	-	Hdhd3	822
823	Alad	chr4	62509169	62519918	protein_coding	ENSMUSG00000028393	-	Alad	823
824	Pole3	chr4	62522649	62525068	protein_coding	ENSMUSG00000028394	-	Pole3	824
825	4933430I17Rik	chr4	62525369	62547993	protein_coding	ENSMUSG00000058046	+	4933430I17Rik	825
826	Rgs3	chr4	62559847	62704001	protein_coding	ENSMUSG00000059810	+	Rgs3	826
827	Gm11209	chr4	62627677	62633712	lncRNA	ENSMUSG00000085177	-	Gm11209	827
828	Gm11210	chr4	62705981	62725737	lncRNA	ENSMUSG00000085223	+	Gm11210	828
829	Gm11211	chr4	62723516	62727537	lncRNA	ENSMUSG00000086139	-	Gm11211	829
830	Gm24117	chr4	62812428	62812560	snoRNA	ENSMUSG00000077161	+	Gm24117	830
831	Gm11481	chr4	62939521	62939775	processed_pseudogene	ENSMUSG00000082048	+	Gm11481	831
832	Gm11480	chr4	62939912	62940570	processed_pseudogene	ENSMUSG00000083635	+	Gm11480	832
833	Zfp618	chr4	62965573	63139708	protein_coding	ENSMUSG00000028358	+	Zfp618	833
834	Ambp	chr4	63143275	63154799	protein_coding	ENSMUSG00000028356	-	Ambp	834
835	Kif12	chr4	63165630	63172131	protein_coding	ENSMUSG00000028357	-	Kif12	835
836	Col27a1	chr4	63214004	63334991	protein_coding	ENSMUSG00000045672	+	Col27a1	836
837	Mir455	chr4	63256851	63256932	miRNA	ENSMUSG00000070102	+	Mir455	837
838	Orm1	chr4	63344560	63348163	protein_coding	ENSMUSG00000039196	+	Orm1	838
839	Gm11212	chr4	63350411	63353846	unprocessed_pseudogene	ENSMUSG00000082141	+	Gm11212	839
840	Orm3	chr4	63356162	63359511	protein_coding	ENSMUSG00000028359	+	Orm3	840
841	Orm2	chr4	63362449	63365878	protein_coding	ENSMUSG00000061540	+	Orm2	841
842	Akna	chr4	63367125	63403354	protein_coding	ENSMUSG00000039158	-	Akna	842
843	Aknaos	chr4	63381358	63394018	lncRNA	ENSMUSG00000086953	+	Aknaos	843
844	Whrn	chr4	63414910	63495991	protein_coding	ENSMUSG00000039137	-	Whrn	844
845	Atp6v1g1	chr4	63544772	63550750	protein_coding	ENSMUSG00000039105	+	Atp6v1g1	845
846	Tmem268	chr4	63558781	63586357	protein_coding	ENSMUSG00000045917	+	Tmem268	846
847	Gm11483	chr4	63567414	63567660	processed_pseudogene	ENSMUSG00000083943	-	Gm11483	847
848	Gm24448	chr4	63567662	63567768	snRNA	ENSMUSG00000065913	-	Gm24448	848
849	Gm11213	chr4	63596901	63605261	protein_coding	ENSMUSG00000084782	-	Gm11213	849
850	Tex48	chr4	63607089	63622428	protein_coding	ENSMUSG00000058935	-	Tex48	850
851	Gm24234	chr4	63631682	63631788	snRNA	ENSMUSG00000077504	-	Gm24234	851
852	Gm11482	chr4	63634421	63639440	lncRNA	ENSMUSG00000086817	+	Gm11482	852
853	Gm11214	chr4	63662359	63663379	protein_coding	ENSMUSG00000099294	-	Gm11214	853
854	Tnfsf15	chr4	63727084	63745113	protein_coding	ENSMUSG00000050395	-	Tnfsf15	854
855	Tnfsf8	chr4	63831308	63861347	protein_coding	ENSMUSG00000028362	-	Tnfsf8	855
856	Rpl17-ps4	chr4	63895545	63896099	processed_pseudogene	ENSMUSG00000084345	-	Rpl17-ps4	856
857	Tnc	chr4	63959785	64047015	protein_coding	ENSMUSG00000028364	-	Tnc	857
858	8030451A03Rik	chr4	63979854	64149924	lncRNA	ENSMUSG00000073821	+	8030451A03Rik	858
859	Gm11216	chr4	64075533	64083814	lncRNA	ENSMUSG00000086755	+	Gm11216	859
860	Gm11217	chr4	64254053	64276603	lncRNA	ENSMUSG00000085032	-	Gm11217	860
861	Gm23950	chr4	64444730	64444858	snoRNA	ENSMUSG00000077214	+	Gm23950	861
862	Gm11218	chr4	64856926	64858139	processed_pseudogene	ENSMUSG00000081941	-	Gm11218	862
863	Gm11219	chr4	65011230	65011587	processed_pseudogene	ENSMUSG00000080805	+	Gm11219	863
864	Pappa	chr4	65124174	65357509	protein_coding	ENSMUSG00000028370	+	Pappa	864
865	Astn2	chr4	65380803	66404611	protein_coding	ENSMUSG00000028373	-	Astn2	865
866	Trim32	chr4	65604986	65616238	protein_coding	ENSMUSG00000051675	+	Trim32	866
867	Gm11484	chr4	66353849	66354186	processed_pseudogene	ENSMUSG00000083080	+	Gm11484	867
868	Gm25480	chr4	66544061	66544193	snoRNA	ENSMUSG00000065151	+	Gm25480	868
869	Tlr4	chr4	66827584	66930284	protein_coding	ENSMUSG00000039005	+	Tlr4	869
870	Hmgb1-rs18	chr4	67518306	67518932	processed_pseudogene	ENSMUSG00000080815	-	Hmgb1-rs18	870
871	Gm11249	chr4	67930881	67931739	processed_pseudogene	ENSMUSG00000083087	+	Gm11249	871
872	Gm11751	chr4	68023031	68137113	lncRNA	ENSMUSG00000086364	+	Gm11751	872
873	Tcp1-ps1	chr4	68301246	68303290	processed_pseudogene	ENSMUSG00000081231	-	Tcp1-ps1	873
874	Gm12911	chr4	68312657	68321961	lncRNA	ENSMUSG00000086790	-	Gm12911	874
875	Brinp1	chr4	68761514	68954397	protein_coding	ENSMUSG00000028351	-	Brinp1	875
876	Gm24697	chr4	69110671	69110777	snRNA	ENSMUSG00000065815	+	Gm24697	876
877	Gm11404	chr4	69291621	69295121	processed_pseudogene	ENSMUSG00000082553	-	Gm11404	877
878	Gm11221	chr4	69691978	69692574	processed_pseudogene	ENSMUSG00000082998	+	Gm11221	878
879	Gm11222	chr4	69853947	69854684	processed_pseudogene	ENSMUSG00000085627	+	Gm11222	879
880	Gm11223	chr4	69925630	69926079	processed_pseudogene	ENSMUSG00000046341	-	Gm11223	880
881	Gm11224	chr4	69954166	69955276	processed_pseudogene	ENSMUSG00000084342	-	Gm11224	881
882	Gm11225	chr4	70047157	70048205	processed_pseudogene	ENSMUSG00000082368	+	Gm11225	882
883	Cdk5rap2	chr4	70216856	70410443	protein_coding	ENSMUSG00000039298	-	Cdk5rap2	883
884	Ywhaq-ps3	chr4	70248636	70249373	transcribed_processed_pseudogene	ENSMUSG00000080902	-	Ywhaq-ps3	884
885	Gm26320	chr4	70412618	70412923	misc_RNA	ENSMUSG00000088367	-	Gm26320	885
886	Megf9	chr4	70427065	70534995	protein_coding	ENSMUSG00000039270	-	Megf9	886
887	Gm11227	chr4	71072673	71073143	processed_pseudogene	ENSMUSG00000083549	+	Gm11227	887
888	Gm11228	chr4	71075109	71131133	lncRNA	ENSMUSG00000084937	-	Gm11228	888
889	Gm11229	chr4	71285942	71286378	processed_pseudogene	ENSMUSG00000082017	+	Gm11229	889
890	Rps18-ps1	chr4	71370738	71371196	processed_pseudogene	ENSMUSG00000083914	-	Rps18-ps1	890
891	Gm11231	chr4	71678013	71679718	processed_pseudogene	ENSMUSG00000082432	+	Gm11231	891
892	Gm11232	chr4	71755643	71757965	protein_coding	ENSMUSG00000066141	-	Gm11232	892
893	Gm11233	chr4	71867988	71868977	processed_pseudogene	ENSMUSG00000081117	+	Gm11233	893
894	Gm11234	chr4	71980477	71999559	lncRNA	ENSMUSG00000086696	+	Gm11234	894
895	Tle1	chr4	72117142	72200919	protein_coding	ENSMUSG00000008305	-	Tle1	895
896	Gm11250	chr4	72168768	72169449	lncRNA	ENSMUSG00000086027	+	Gm11250	896
897	C630043F03Rik	chr4	72201348	72215352	lncRNA	ENSMUSG00000084910	+	C630043F03Rik	897
898	Gm11235	chr4	72542666	72542998	processed_pseudogene	ENSMUSG00000083372	+	Gm11235	898
899	Gm5287	chr4	72893781	72894378	processed_pseudogene	ENSMUSG00000084173	+	Gm5287	899
900	Gm25653	chr4	72906201	72906338	snoRNA	ENSMUSG00000089098	-	Gm25653	900
901	Gm11251	chr4	73029819	73036074	processed_pseudogene	ENSMUSG00000084162	+	Gm11251	901
902	Gm11487	chr4	73401032	73405072	protein_coding	ENSMUSG00000066137	-	Gm11487	902
903	Gm11486	chr4	73415301	73418690	unprocessed_pseudogene	ENSMUSG00000080222	-	Gm11486	903
904	Gm11485	chr4	73422145	73423319	processed_pseudogene	ENSMUSG00000082566	-	Gm11485	904
905	Gm11488	chr4	73497615	73498477	processed_pseudogene	ENSMUSG00000081871	-	Gm11488	905
906	Gm24170	chr4	73589082	73589214	snoRNA	ENSMUSG00000077312	-	Gm24170	906
907	Gm11238	chr4	73607881	73657291	protein_coding	ENSMUSG00000095935	+	Gm11238	907
908	Gm11237	chr4	73622984	73627027	protein_coding	ENSMUSG00000094116	+	Gm11237	908
909	Gm11236	chr4	73638121	73642161	protein_coding	ENSMUSG00000096700	+	Gm11236	909
910	Rasef	chr4	73714579	73790994	protein_coding	ENSMUSG00000043003	-	Rasef	910
911	Gm11240	chr4	73791246	73798372	lncRNA	ENSMUSG00000085034	+	Gm11240	911
912	Gm13867	chr4	73864397	73865092	unprocessed_pseudogene	ENSMUSG00000083530	+	Gm13867	912
913	Gm11758	chr4	73872219	73876266	protein_coding	ENSMUSG00000096530	-	Gm11758	913
914	Gm11756	chr4	73916728	73920760	protein_coding	ENSMUSG00000093962	-	Gm11756	914
915	2310002L09Rik	chr4	73939371	73950846	protein_coding	ENSMUSG00000028396	-	2310002L09Rik	915
916	Frmd3	chr4	74013442	74202214	protein_coding	ENSMUSG00000049122	+	Frmd3	916
917	Gm11760	chr4	74044388	74045183	processed_pseudogene	ENSMUSG00000081048	+	Gm11760	917
918	Gm11405	chr4	74228197	74229752	processed_pseudogene	ENSMUSG00000083767	+	Gm11405	918
919	Kdm4c	chr4	74242497	74405860	protein_coding	ENSMUSG00000028397	+	Kdm4c	919
920	A230083N12Rik	chr4	74250324	74251714	lncRNA	ENSMUSG00000085482	-	A230083N12Rik	920
921	Gm26379	chr4	74635214	74635351	snoRNA	ENSMUSG00000099334	+	Gm26379	921
922	Gm11254	chr4	74663683	74664335	processed_pseudogene	ENSMUSG00000081438	+	Gm11254	922
923	Gm11258	chr4	74688107	74689324	processed_pseudogene	ENSMUSG00000083659	-	Gm11258	923
924	Gm11253	chr4	75081500	75081700	processed_pseudogene	ENSMUSG00000082533	-	Gm11253	924
925	Gm11257	chr4	75128712	75129026	processed_pseudogene	ENSMUSG00000084311	+	Gm11257	925
926	Gm12912	chr4	75147609	75148989	processed_pseudogene	ENSMUSG00000081067	+	Gm12912	926
927	Dmac1	chr4	75277354	75278305	protein_coding	ENSMUSG00000028398	-	Dmac1	927
928	Gm11255	chr4	75324501	75325680	processed_pseudogene	ENSMUSG00000083224	+	Gm11255	928
929	Gm11256	chr4	75854518	75855346	processed_pseudogene	ENSMUSG00000084253	+	Gm11256	929
930	Gm11241	chr4	75902260	75903155	processed_pseudogene	ENSMUSG00000081844	-	Gm11241	930
931	Ptprd	chr4	75941238	78211961	protein_coding	ENSMUSG00000028399	-	Ptprd	931
932	Gm11252	chr4	76393154	76394092	processed_pseudogene	ENSMUSG00000080780	+	Gm11252	932
933	Gm42303	chr4	76451231	76490113	lncRNA	ENSMUSG00000110373	+	Gm42303	933
934	Gm11242	chr4	76692143	76694599	processed_pseudogene	ENSMUSG00000083050	+	Gm11242	934
935	Gm11243	chr4	76793729	76794122	processed_pseudogene	ENSMUSG00000081890	+	Gm11243	935
936	Gm11245	chr4	76837779	76838815	processed_pseudogene	ENSMUSG00000084090	+	Gm11245	936
937	Gm11246	chr4	76927311	76927655	processed_pseudogene	ENSMUSG00000081656	+	Gm11246	937
938	Gm23159	chr4	76958422	76958498	miRNA	ENSMUSG00000092829	-	Gm23159	938
939	B230208B08Rik	chr4	78211955	78214177	lncRNA	ENSMUSG00000092492	+	B230208B08Rik	939
940	Gm11260	chr4	78233986	78234927	processed_pseudogene	ENSMUSG00000082351	+	Gm11260	940
941	Gm11261	chr4	78659858	78661588	lncRNA	ENSMUSG00000085840	-	Gm11261	941
942	Gm22262	chr4	78670147	78670232	misc_RNA	ENSMUSG00000089338	+	Gm22262	942
943	Gm11262	chr4	78697652	78698928	processed_pseudogene	ENSMUSG00000083629	+	Gm11262	943
944	Gm11263	chr4	79327708	79328456	processed_pseudogene	ENSMUSG00000083496	+	Gm11263	944
945	Gm11409	chr4	79874351	79874753	processed_pseudogene	ENSMUSG00000084248	+	Gm11409	945
946	Gm11407	chr4	80002331	80003388	processed_pseudogene	ENSMUSG00000082179	+	Gm11407	946
947	Gm11408	chr4	80003396	80003914	processed_pseudogene	ENSMUSG00000083076	-	Gm11408	947
948	Gm11410	chr4	80003989	80005131	processed_pseudogene	ENSMUSG00000083219	+	Gm11410	948
949	Gm11406	chr4	80440398	80440881	processed_pseudogene	ENSMUSG00000082555	+	Gm11406	949
950	Tyrp1	chr4	80834123	80851719	protein_coding	ENSMUSG00000005994	+	Tyrp1	950
951	Lurap1l	chr4	80910646	80955628	protein_coding	ENSMUSG00000048706	+	Lurap1l	951
952	Gm27452	chr4	80967444	80967539	miRNA	ENSMUSG00000099273	+	Gm27452	952
953	Mpdz	chr4	81278500	81442815	protein_coding	ENSMUSG00000028402	-	Mpdz	953
954	Gm25803	chr4	81338274	81338404	snoRNA	ENSMUSG00000077607	-	Gm25803	954
955	Gm11765	chr4	81455943	81461732	processed_pseudogene	ENSMUSG00000081391	-	Gm11765	955
956	Gm11411	chr4	81696441	81697159	processed_pseudogene	ENSMUSG00000083385	+	Gm11411	956
957	Gm11412	chr4	81743146	81746701	lncRNA	ENSMUSG00000087540	+	Gm11412	957
958	n-R5s187	chr4	81918513	81918623	rRNA	ENSMUSG00000084718	+	n-R5s187	958
959	Gm12914	chr4	81930478	81932374	lncRNA	ENSMUSG00000087608	-	Gm12914	959
960	Gm11264	chr4	82033312	82065890	lncRNA	ENSMUSG00000087110	-	Gm11264	960
961	Gm22402	chr4	82061112	82061221	miRNA	ENSMUSG00000092661	-	Gm22402	961
962	Gm5860	chr4	82065431	82102808	lncRNA	ENSMUSG00000085022	+	Gm5860	962
963	Nfib	chr4	82290173	82705750	protein_coding	ENSMUSG00000008575	-	Nfib	963
964	n-R5s188	chr4	82439410	82439514	rRNA	ENSMUSG00000084595	+	n-R5s188	964
965	Gm11266	chr4	82508016	82547292	lncRNA	ENSMUSG00000087413	+	Gm11266	965
966	Gm11267	chr4	82585048	82587319	lncRNA	ENSMUSG00000084851	-	Gm11267	966
967	Gm11268	chr4	82642400	82642666	processed_pseudogene	ENSMUSG00000084357	+	Gm11268	967
968	Gm11269	chr4	82692805	82693711	lncRNA	ENSMUSG00000086293	+	Gm11269	968
969	Zdhhc21	chr4	82798738	82859958	protein_coding	ENSMUSG00000028403	-	Zdhhc21	969
970	Cer1	chr4	82881751	82885148	protein_coding	ENSMUSG00000038192	-	Cer1	970
971	Frem1	chr4	82897920	83052339	protein_coding	ENSMUSG00000059049	-	Frem1	971
972	Gm24884	chr4	83078511	83078629	snoRNA	ENSMUSG00000089409	+	Gm24884	972
973	Gm11248	chr4	83121541	83121741	processed_pseudogene	ENSMUSG00000082637	+	Gm11248	973
974	Gm11185	chr4	83193988	83194994	processed_pseudogene	ENSMUSG00000083245	+	Gm11185	974
975	Ttc39b	chr4	83220300	83324255	protein_coding	ENSMUSG00000038172	-	Ttc39b	975
976	Gm23412	chr4	83285804	83285910	snRNA	ENSMUSG00000096801	-	Gm23412	976
977	Gm11413	chr4	83378317	83390668	lncRNA	ENSMUSG00000086321	-	Gm11413	977
978	Gm11184	chr4	83383064	83392205	lncRNA	ENSMUSG00000087592	+	Gm11184	978
979	Snapc3	chr4	83417724	83467676	protein_coding	ENSMUSG00000028483	+	Snapc3	979
980	Psip1	chr4	83455680	83486459	protein_coding	ENSMUSG00000028484	-	Psip1	980
981	Gm11414	chr4	83500499	83500761	processed_pseudogene	ENSMUSG00000082416	-	Gm11414	981
982	Gm10154	chr4	83505185	83505538	processed_pseudogene	ENSMUSG00000066116	-	Gm10154	982
983	Ccdc171	chr4	83525545	83864670	protein_coding	ENSMUSG00000052407	+	Ccdc171	983
984	Gm25899	chr4	83527628	83527768	snRNA	ENSMUSG00000064606	-	Gm25899	984
985	Gm27046	chr4	83597303	83597765	processed_pseudogene	ENSMUSG00000098217	+	Gm27046	985
986	Cbx3-ps3	chr4	83701084	83702036	processed_pseudogene	ENSMUSG00000080793	+	Cbx3-ps3	986
987	Gm26968	chr4	83743677	83744157	lncRNA	ENSMUSG00000097942	+	Gm26968	987
988	Gm11415	chr4	83884738	83888858	lncRNA	ENSMUSG00000085378	-	Gm11415	988
989	6030471H07Rik	chr4	84042039	84044879	lncRNA	ENSMUSG00000085217	-	6030471H07Rik	989
990	Gm12416	chr4	84104895	84105902	processed_pseudogene	ENSMUSG00000083044	+	Gm12416	990
991	Gm12414	chr4	84126350	84130289	lncRNA	ENSMUSG00000087378	-	Gm12414	991
992	Bnc2	chr4	84275095	84675275	protein_coding	ENSMUSG00000028487	-	Bnc2	992
993	Gm12421	chr4	84428818	84429124	processed_pseudogene	ENSMUSG00000083743	-	Gm12421	993
994	Gm12420	chr4	84697863	84698910	processed_pseudogene	ENSMUSG00000081775	+	Gm12420	994
995	Gm12415	chr4	84741475	84742291	lncRNA	ENSMUSG00000086413	+	Gm12415	995
996	Cntln	chr4	84884309	85131921	protein_coding	ENSMUSG00000038070	+	Cntln	996
997	Gm12418	chr4	84915896	84916837	processed_pseudogene	ENSMUSG00000083139	+	Gm12418	997
998	Gm12419	chr4	84923554	84924189	processed_pseudogene	ENSMUSG00000080303	-	Gm12419	998
999	Gm12417	chr4	85176527	85176929	processed_pseudogene	ENSMUSG00000084267	+	Gm12417	999
1000	Sh3gl2	chr4	85205126	85639195	protein_coding	ENSMUSG00000028488	+	Sh3gl2	1000
1001	Gm12413	chr4	85245451	85245762	processed_pseudogene	ENSMUSG00000081862	-	Gm12413	1001
1002	Adamtsl1	chr4	85514172	86428385	protein_coding	ENSMUSG00000066113	+	Adamtsl1	1002
1003	Gm26069	chr4	85909911	85910187	misc_RNA	ENSMUSG00000088122	+	Gm26069	1003
1004	Gm12550	chr4	86442013	86442341	processed_pseudogene	ENSMUSG00000083272	-	Gm12550	1004
1005	Saxo1	chr4	86444641	86558328	protein_coding	ENSMUSG00000028492	-	Saxo1	1005
1006	Saxo1os	chr4	86558446	86559804	lncRNA	ENSMUSG00000085108	+	Saxo1os	1006
1007	Rraga	chr4	86575668	86577285	protein_coding	ENSMUSG00000070934	+	Rraga	1007
1008	Haus6	chr4	86578855	86612055	protein_coding	ENSMUSG00000038047	-	Haus6	1008
1009	Scarna8	chr4	86586453	86586583	scaRNA	ENSMUSG00000088958	-	Scarna8	1009
1010	Gm12551	chr4	86627075	86631251	unprocessed_pseudogene	ENSMUSG00000081169	-	Gm12551	1010
1011	Plin2	chr4	86648386	86670060	protein_coding	ENSMUSG00000028494	-	Plin2	1011
1012	Dennd4c	chr4	86748555	86850603	protein_coding	ENSMUSG00000038024	+	Dennd4c	1012
1013	Gm12630	chr4	86817794	86818577	processed_pseudogene	ENSMUSG00000082969	-	Gm12630	1013
1014	Rps6	chr4	86854660	86857412	protein_coding	ENSMUSG00000028495	-	Rps6	1014
1015	Acer2	chr4	86874396	86934822	protein_coding	ENSMUSG00000038007	+	Acer2	1015
1016	Slc24a2	chr4	86983124	87230477	protein_coding	ENSMUSG00000037996	-	Slc24a2	1016
1017	Gm12600	chr4	87298362	87301270	lncRNA	ENSMUSG00000086512	+	Gm12600	1017
1018	Gm23154	chr4	87432272	87432336	miRNA	ENSMUSG00000093065	+	Gm23154	1018
1019	Gm12604	chr4	87580789	87581560	processed_pseudogene	ENSMUSG00000082443	+	Gm12604	1019
1020	Mllt3	chr4	87769925	88033364	protein_coding	ENSMUSG00000028496	-	Mllt3	1020
1021	Gm12631	chr4	88033501	88034998	lncRNA	ENSMUSG00000084809	+	Gm12631	1021
1022	Gm12646	chr4	88043804	88044041	processed_pseudogene	ENSMUSG00000081530	+	Gm12646	1022
1023	Focad	chr4	88094629	88411011	protein_coding	ENSMUSG00000038368	+	Focad	1023
1024	Mir491	chr4	88122040	88122125	miRNA	ENSMUSG00000070077	+	Mir491	1024
1025	Gm12645	chr4	88151696	88151970	processed_pseudogene	ENSMUSG00000082597	+	Gm12645	1025
1026	Hacd4	chr4	88396144	88438928	protein_coding	ENSMUSG00000028497	-	Hacd4	1026
1027	Ifna15	chr4	88557673	88558245	protein_coding	ENSMUSG00000096011	-	Ifna15	1027
1028	Ifna14	chr4	88571229	88571798	protein_coding	ENSMUSG00000095896	-	Ifna14	1028
1029	Ifna-ps1	chr4	88578887	88580574	unprocessed_pseudogene	ENSMUSG00000080964	-	Ifna-ps1	1029
1030	Ifna9	chr4	88591813	88592385	protein_coding	ENSMUSG00000095270	-	Ifna9	1030
1031	Mrpl48-ps	chr4	88599175	88599810	processed_pseudogene	ENSMUSG00000078480	-	Mrpl48-ps	1031
1032	Ifna12	chr4	88602580	88603376	protein_coding	ENSMUSG00000073811	-	Ifna12	1032
1033	Gm12601	chr4	88612653	88614044	unprocessed_pseudogene	ENSMUSG00000083958	-	Gm12601	1033
1034	C87499	chr4	88627320	88634411	protein_coding	ENSMUSG00000038330	-	C87499	1034
1035	Ifna13	chr4	88643641	88644459	protein_coding	ENSMUSG00000063376	-	Ifna13	1035
1036	Gm13281	chr4	88648738	88649304	unprocessed_pseudogene	ENSMUSG00000081784	-	Gm13281	1036
1037	Ifna16	chr4	88675915	88676924	protein_coding	ENSMUSG00000078355	-	Ifna16	1037
1038	Ifna2	chr4	88682881	88683912	protein_coding	ENSMUSG00000078354	-	Ifna2	1038
1039	Ifnab	chr4	88690302	88691359	protein_coding	ENSMUSG00000100079	-	Ifnab	1039
1040	Gm13282	chr4	88707909	88708453	unprocessed_pseudogene	ENSMUSG00000084192	-	Gm13282	1040
1041	Klhl9	chr4	88718292	88722465	protein_coding	ENSMUSG00000070923	-	Klhl9	1041
1042	Gm26566	chr4	88721805	88722842	protein_coding	ENSMUSG00000097078	+	Gm26566	1042
1043	Gm13274	chr4	88722757	88757579	lncRNA	ENSMUSG00000086074	-	Gm13274	1043
1044	Gm49884	chr4	88754471	88754678	unprocessed_pseudogene	ENSMUSG00000117268	+	Gm49884	1044
1045	Gm13271	chr4	88754868	88755416	protein_coding	ENSMUSG00000094618	+	Gm13271	1045
1046	Gm13286	chr4	88757844	88758380	unprocessed_pseudogene	ENSMUSG00000081501	+	Gm13286	1046
1047	Gm10583	chr4	88758171	88758570	pseudogene	ENSMUSG00000073809	-	Gm10583	1047
1048	Gm13283	chr4	88760119	88761581	protein_coding	ENSMUSG00000100505	+	Gm13283	1048
1049	Gm10582	chr4	88761101	88761500	pseudogene	ENSMUSG00000094498	-	Gm10582	1049
1050	Gm13284	chr4	88763709	88771606	unprocessed_pseudogene	ENSMUSG00000082789	+	Gm13284	1050
1051	Gm10581	chr4	88771550	88771784	pseudogene	ENSMUSG00000073807	-	Gm10581	1051
1052	Gm13272	chr4	88779850	88780660	protein_coding	ENSMUSG00000096591	+	Gm13272	1052
1053	Ifnz	chr4	88782131	88783592	protein_coding	ENSMUSG00000096854	+	Ifnz	1053
1054	Gm13276	chr4	88785709	88786257	protein_coding	ENSMUSG00000099545	+	Gm13276	1054
1055	Gm13288	chr4	88805531	88808380	protein_coding	ENSMUSG00000070908	+	Gm13288	1055
1056	Ifna7	chr4	88816228	88816800	protein_coding	ENSMUSG00000100713	+	Ifna7	1056
1057	Ifna11	chr4	88819959	88820531	protein_coding	ENSMUSG00000100549	+	Ifna11	1057
1058	Ifna6	chr4	88827416	88827985	protein_coding	ENSMUSG00000101252	+	Ifna6	1058
1059	Ifna5	chr4	88835525	88836094	protein_coding	ENSMUSG00000096682	+	Ifna5	1059
1060	Ifna4	chr4	88841861	88842421	protein_coding	ENSMUSG00000070904	+	Ifna4	1060
1061	Ifna1	chr4	88850087	88850656	protein_coding	ENSMUSG00000095498	+	Ifna1	1061
1062	4930553M12Rik	chr4	88867233	88868380	lncRNA	ENSMUSG00000054351	-	4930553M12Rik	1062
1063	Ifne	chr4	88879538	88880201	protein_coding	ENSMUSG00000045364	-	Ifne	1063
1064	Gm49890	chr4	88909855	88938521	lncRNA	ENSMUSG00000117123	-	Gm49890	1064
1065	Gm49891	chr4	88995118	89039192	lncRNA	ENSMUSG00000117251	-	Gm49891	1065
1066	Wincr1	chr4	89050308	89084614	lncRNA	ENSMUSG00000085183	+	Wincr1	1066
1067	Gm12602	chr4	89100664	89128226	lncRNA	ENSMUSG00000085569	-	Gm12602	1067
1068	Mtap	chr4	89137122	89181081	protein_coding	ENSMUSG00000062937	+	Mtap	1068
1069	Gm12607	chr4	89161699	89162191	processed_pseudogene	ENSMUSG00000083989	-	Gm12607	1069
1070	Gm26490	chr4	89182981	89183120	snoRNA	ENSMUSG00000088504	-	Gm26490	1070
1071	Tgif2-ps1	chr4	89216864	89217816	processed_pseudogene	ENSMUSG00000107513	+	Tgif2-ps1	1071
1072	Gm12606	chr4	89235699	89273403	lncRNA	ENSMUSG00000087659	-	Gm12606	1072
1073	Cdkn2a	chr4	89274471	89294653	protein_coding	ENSMUSG00000044303	-	Cdkn2a	1073
1074	Cdkn2b	chr4	89306299	89311039	protein_coding	ENSMUSG00000073802	-	Cdkn2b	1074
1075	Gm12609	chr4	89381957	89399880	lncRNA	ENSMUSG00000085147	+	Gm12609	1075
1076	Gm12610	chr4	89421848	89463487	lncRNA	ENSMUSG00000086035	+	Gm12610	1076
1077	Gm12608	chr4	89442217	89444644	processed_pseudogene	ENSMUSG00000080808	-	Gm12608	1077
1078	Gm27580	chr4	89445219	89445367	misc_RNA	ENSMUSG00000098669	+	Gm27580	1078
1079	Dmrta1	chr4	89679436	89694772	protein_coding	ENSMUSG00000043753	+	Dmrta1	1079
1080	Gm12629	chr4	90185527	90190009	lncRNA	ENSMUSG00000085690	+	Gm12629	1080
1081	Zfp352	chr4	90218820	90225702	protein_coding	ENSMUSG00000070902	+	Zfp352	1081
1082	Gm12633	chr4	90359622	90361326	processed_pseudogene	ENSMUSG00000080756	-	Gm12633	1082
1083	Gm12634	chr4	90368731	90369722	processed_pseudogene	ENSMUSG00000082569	+	Gm12634	1083
1084	Gm12635	chr4	90452874	90453625	processed_pseudogene	ENSMUSG00000081563	+	Gm12635	1084
1085	Gm12636	chr4	90543747	90544370	processed_pseudogene	ENSMUSG00000082502	-	Gm12636	1085
1086	Gm12632	chr4	90856883	90857377	processed_pseudogene	ENSMUSG00000082622	+	Gm12632	1086
1087	Gm25244	chr4	90997862	90997993	snoRNA	ENSMUSG00000096896	-	Gm25244	1087
1088	Gm12643	chr4	91037900	91038273	processed_pseudogene	ENSMUSG00000079962	+	Gm12643	1088
1089	Gm12644	chr4	91156682	91157287	processed_pseudogene	ENSMUSG00000081876	+	Gm12644	1089
1090	Elavl2	chr4	91250763	91400785	protein_coding	ENSMUSG00000008489	-	Elavl2	1090
1091	Gm12653	chr4	91365379	91365939	processed_pseudogene	ENSMUSG00000083377	+	Gm12653	1091
1092	Mir6402	chr4	91373284	91373363	miRNA	ENSMUSG00000098563	-	Mir6402	1092
1093	Gm12668	chr4	91626589	91630139	lncRNA	ENSMUSG00000085817	+	Gm12668	1093
1094	Gm12670	chr4	91646315	91651152	lncRNA	ENSMUSG00000086042	+	Gm12670	1094
1095	Gm12667	chr4	91708638	91709969	processed_pseudogene	ENSMUSG00000082523	+	Gm12667	1095
1096	Gm12669	chr4	91805547	91806555	processed_pseudogene	ENSMUSG00000100863	-	Gm12669	1096
1097	Gm12671	chr4	91851668	91852669	processed_pseudogene	ENSMUSG00000095937	-	Gm12671	1097
1098	4930577H14Rik	chr4	91938854	91939952	lncRNA	ENSMUSG00000087517	-	4930577H14Rik	1098
1099	Izumo3	chr4	92144329	92147234	protein_coding	ENSMUSG00000028533	-	Izumo3	1099
1100	Gm12666	chr4	92190744	92191749	protein_coding	ENSMUSG00000066107	-	Gm12666	1100
1101	Gm12637	chr4	92528551	92548304	lncRNA	ENSMUSG00000085209	+	Gm12637	1101
1102	Gm22605	chr4	92866475	92866582	snRNA	ENSMUSG00000088914	-	Gm22605	1102
1103	Gm12639	chr4	92970244	92970736	processed_pseudogene	ENSMUSG00000081987	-	Gm12639	1103
1104	Gm12641	chr4	93106988	93109914	processed_pseudogene	ENSMUSG00000082919	+	Gm12641	1104
1105	Gm12642	chr4	93265413	93266288	processed_pseudogene	ENSMUSG00000082325	-	Gm12642	1105
1106	Tusc1	chr4	93334138	93335511	protein_coding	ENSMUSG00000054000	-	Tusc1	1106
1107	Gm12649	chr4	93453258	93671070	lncRNA	ENSMUSG00000084833	-	Gm12649	1107
1108	Gm23443	chr4	93545150	93545277	snoRNA	ENSMUSG00000064850	-	Gm23443	1108
1109	Gm12640	chr4	93599186	93599495	processed_pseudogene	ENSMUSG00000083607	+	Gm12640	1109
1110	Gm24796	chr4	93600979	93601085	snRNA	ENSMUSG00000095898	+	Gm24796	1110
1111	Gm22619	chr4	93745888	93745997	miRNA	ENSMUSG00000095856	-	Gm22619	1111
1112	Gm12650	chr4	93802333	93802590	processed_pseudogene	ENSMUSG00000073797	+	Gm12650	1112
1113	Gm12647	chr4	94061373	94061637	processed_pseudogene	ENSMUSG00000081685	+	Gm12647	1113
1114	Gm12648	chr4	94089576	94425588	lncRNA	ENSMUSG00000085931	-	Gm12648	1114
1115	Gm23836	chr4	94098290	94098418	snoRNA	ENSMUSG00000077622	+	Gm23836	1115
1116	Gm12654	chr4	94395658	94396244	processed_pseudogene	ENSMUSG00000081508	+	Gm12654	1116
1117	Gm26410	chr4	94434224	94434484	misc_RNA	ENSMUSG00000088295	-	Gm26410	1117
1118	Gm12655	chr4	94460931	94477180	lncRNA	ENSMUSG00000087128	-	Gm12655	1118
1119	Gm22804	chr4	94487883	94487983	snoRNA	ENSMUSG00000088677	+	Gm22804	1119
1120	Gm12656	chr4	94497032	94497608	processed_pseudogene	ENSMUSG00000083359	+	Gm12656	1120
1121	Caap1	chr4	94500081	94556796	protein_coding	ENSMUSG00000028578	-	Caap1	1121
1122	Plaa	chr4	94567514	94603244	protein_coding	ENSMUSG00000028577	-	Plaa	1122
1123	Gm12657	chr4	94599385	94599795	processed_pseudogene	ENSMUSG00000063314	+	Gm12657	1123
1124	Ift74	chr4	94614491	94693229	protein_coding	ENSMUSG00000028576	+	Ift74	1124
1125	Lrrc19	chr4	94636653	94650144	protein_coding	ENSMUSG00000049799	-	Lrrc19	1125
1126	Mir872	chr4	94665157	94665237	miRNA	ENSMUSG00000077921	+	Mir872	1126
1127	Tek	chr4	94739289	94874976	protein_coding	ENSMUSG00000006386	+	Tek	1127
1128	Eqtn	chr4	94907267	94928843	protein_coding	ENSMUSG00000028575	-	Eqtn	1128
1129	Gm12693	chr4	94935621	94936103	processed_pseudogene	ENSMUSG00000083179	+	Gm12693	1129
1130	Mysm1	chr4	94942040	94979100	protein_coding	ENSMUSG00000062627	-	Mysm1	1130
1131	Gm12694	chr4	94979203	95028544	lncRNA	ENSMUSG00000086251	+	Gm12694	1131
1132	Gm12703	chr4	95029963	95048370	lncRNA	ENSMUSG00000052767	-	Gm12703	1132
1133	Gm12704	chr4	95039162	95039625	processed_pseudogene	ENSMUSG00000081030	-	Gm12704	1133
1134	Jun	chr4	95049034	95052222	protein_coding	ENSMUSG00000052684	-	Jun	1134
1135	Junos	chr4	95051534	95167318	lncRNA	ENSMUSG00000087366	+	Junos	1135
1136	n-R5s189	chr4	95062650	95062763	rRNA	ENSMUSG00000084624	+	n-R5s189	1136
1137	4930551L18Rik	chr4	95089083	95091419	lncRNA	ENSMUSG00000085377	-	4930551L18Rik	1137
1138	Gm28096	chr4	95151740	95157503	lncRNA	ENSMUSG00000100189	+	Gm28096	1138
1139	Gm12708	chr4	95193313	95209727	lncRNA	ENSMUSG00000084918	+	Gm12708	1139
1140	Gm29064	chr4	95401978	95402790	lncRNA	ENSMUSG00000100129	-	Gm29064	1140
1141	Gm830	chr4	95464724	95487394	lncRNA	ENSMUSG00000084939	-	Gm830	1141
1142	Gm12707	chr4	95483956	95487401	lncRNA	ENSMUSG00000085835	+	Gm12707	1142
1143	Fggy	chr4	95557507	95926939	protein_coding	ENSMUSG00000028573	+	Fggy	1143
1144	Gm20651	chr4	95561831	95562159	processed_pseudogene	ENSMUSG00000093492	-	Gm20651	1144
1145	9530080O11Rik	chr4	95959715	95967655	lncRNA	ENSMUSG00000044125	-	9530080O11Rik	1145
1146	Hook1	chr4	95967240	96025413	protein_coding	ENSMUSG00000028572	+	Hook1	1146
1147	Cyp2j13	chr4	96027534	96077546	protein_coding	ENSMUSG00000028571	-	Cyp2j13	1147
1148	Hspe1-ps6	chr4	96072424	96072706	processed_pseudogene	ENSMUSG00000083880	-	Hspe1-ps6	1148
1149	Cyp2j12	chr4	96099318	96141152	protein_coding	ENSMUSG00000081225	-	Cyp2j12	1149
1150	Cyp2j7-ps3	chr4	96151653	96151858	unprocessed_pseudogene	ENSMUSG00000080884	-	Cyp2j7-ps3	1150
1151	Cyp2j7-ps2	chr4	96170207	96170385	unprocessed_pseudogene	ENSMUSG00000083801	-	Cyp2j7-ps2	1151
1152	Cyp2j7-ps1	chr4	96190071	96190243	unprocessed_pseudogene	ENSMUSG00000082681	-	Cyp2j7-ps1	1152
1153	Cyp2j7	chr4	96195197	96236659	protein_coding	ENSMUSG00000081362	-	Cyp2j7	1153
1154	Cyp2j15-ps	chr4	96245560	96274270	unprocessed_pseudogene	ENSMUSG00000084286	-	Cyp2j15-ps	1154
1155	Cyp2j11	chr4	96294508	96348662	protein_coding	ENSMUSG00000066097	-	Cyp2j11	1155
1156	Cyp2j14-ps	chr4	96356311	96380211	unprocessed_pseudogene	ENSMUSG00000082119	-	Cyp2j14-ps	1156
1157	Cyp2j8	chr4	96444596	96507386	protein_coding	ENSMUSG00000082932	-	Cyp2j8	1157
1158	Cyp2j6	chr4	96516138	96553661	protein_coding	ENSMUSG00000052914	-	Cyp2j6	1158
1159	Cyp2j9	chr4	96568429	96591578	protein_coding	ENSMUSG00000015224	-	Cyp2j9	1159
1160	Cyp2j5	chr4	96628773	96664154	protein_coding	ENSMUSG00000052520	-	Cyp2j5	1160
1161	Gm12695	chr4	96723647	96785186	protein_coding	ENSMUSG00000078639	-	Gm12695	1161
1162	Gm27579	chr4	96916945	96917007	snRNA	ENSMUSG00000088738	+	Gm27579	1162
1163	Gm27521	chr4	96917020	96917083	snRNA	ENSMUSG00000098261	+	Gm27521	1163
1164	Gm12696	chr4	97521428	97522332	processed_pseudogene	ENSMUSG00000084159	-	Gm12696	1164
1165	Gm12697	chr4	97556404	97557070	processed_pseudogene	ENSMUSG00000082683	-	Gm12697	1165
1166	E130114P18Rik	chr4	97568133	97778078	protein_coding	ENSMUSG00000048747	-	E130114P18Rik	1166
1167	Gm12676	chr4	97754168	97757389	lncRNA	ENSMUSG00000085710	-	Gm12676	1167
1168	Nfia	chr4	97772734	98118874	protein_coding	ENSMUSG00000028565	+	Nfia	1168
1169	Gm12691	chr4	98146065	98150261	transcribed_processed_pseudogene	ENSMUSG00000081096	-	Gm12691	1169
1170	Gm12692	chr4	98234745	98235290	processed_pseudogene	ENSMUSG00000082388	-	Gm12692	1170
1171	Gm12787	chr4	98268083	98268575	processed_pseudogene	ENSMUSG00000083644	-	Gm12787	1171
1172	Gm24203	chr4	98275725	98275838	misc_RNA	ENSMUSG00000064883	+	Gm24203	1172
1173	0610025J13Rik	chr4	98321398	98331791	lncRNA	ENSMUSG00000046683	+	0610025J13Rik	1173
1174	Gm12788	chr4	98352427	98352734	processed_pseudogene	ENSMUSG00000082144	+	Gm12788	1174
1175	Tm2d1	chr4	98355370	98383306	protein_coding	ENSMUSG00000028563	-	Tm2d1	1175
1176	Patj	chr4	98395785	98719603	protein_coding	ENSMUSG00000061859	+	Patj	1176
1177	Gm22625	chr4	98557740	98557865	miRNA	ENSMUSG00000094456	-	Gm22625	1177
1178	Gm26154	chr4	98661637	98661732	miRNA	ENSMUSG00000076294	+	Gm26154	1178
1179	Gm12846	chr4	98664366	98666137	processed_pseudogene	ENSMUSG00000081046	+	Gm12846	1179
1180	L1td1	chr4	98726734	98738480	protein_coding	ENSMUSG00000087166	+	L1td1	1180
1181	Gm17376	chr4	98745735	98745822	pseudogene	ENSMUSG00000090718	+	Gm17376	1181
1182	Kank4	chr4	98754898	98817537	protein_coding	ENSMUSG00000035407	-	Kank4	1182
1183	Kank4os	chr4	98793768	98798900	lncRNA	ENSMUSG00000085843	+	Kank4os	1183
1184	I0C0044D17Rik	chr4	98818475	98823840	protein_coding	ENSMUSG00000073794	-	I0C0044D17Rik	1184
1185	Gm12851	chr4	98855614	98856034	processed_pseudogene	ENSMUSG00000084188	+	Gm12851	1185
1186	Usp1	chr4	98923810	98935543	protein_coding	ENSMUSG00000028560	+	Usp1	1186
1187	Dock7	chr4	98936671	99120915	protein_coding	ENSMUSG00000028556	-	Dock7	1187
1188	Angptl3	chr4	99030954	99046111	protein_coding	ENSMUSG00000028553	+	Angptl3	1188
1189	Gm12852	chr4	99103060	99103778	processed_pseudogene	ENSMUSG00000081733	-	Gm12852	1189
1190	Gm12705	chr4	99116414	99118301	lncRNA	ENSMUSG00000087395	+	Gm12705	1190
1191	Gm12681	chr4	99146914	99161642	lncRNA	ENSMUSG00000086498	-	Gm12681	1191
1192	Atg4c	chr4	99193934	99259787	protein_coding	ENSMUSG00000028550	+	Atg4c	1192
1193	Gm10305	chr4	99272671	99275145	TEC	ENSMUSG00000104479	+	Gm10305	1193
1194	Gm12689	chr4	99295900	99297258	protein_coding	ENSMUSG00000070891	+	Gm12689	1194
1195	Gm37556	chr4	99376066	99385712	TEC	ENSMUSG00000103097	-	Gm37556	1195
1196	Gm12685	chr4	99418498	99418711	processed_pseudogene	ENSMUSG00000081184	-	Gm12685	1196
1197	Gm12686	chr4	99418773	99419169	processed_pseudogene	ENSMUSG00000082442	+	Gm12686	1197
1198	Gm12684	chr4	99430256	99431254	processed_pseudogene	ENSMUSG00000081150	-	Gm12684	1198
1199	Gm37117	chr4	99525932	99530662	TEC	ENSMUSG00000103575	+	Gm37117	1199
1200	Gm12690	chr4	99569500	99573011	lncRNA	ENSMUSG00000087332	+	Gm12690	1200
1201	Gm12687	chr4	99615817	99616522	processed_pseudogene	ENSMUSG00000083698	-	Gm12687	1201
1202	Gm12688	chr4	99653607	99654983	lncRNA	ENSMUSG00000086096	-	Gm12688	1202
1203	Foxd3	chr4	99656299	99658622	protein_coding	ENSMUSG00000067261	+	Foxd3	1203
1204	Gm12682	chr4	99662541	99712972	lncRNA	ENSMUSG00000086592	-	Gm12682	1204
1205	Alg6	chr4	99715664	99763460	protein_coding	ENSMUSG00000073792	+	Alg6	1205
1206	Itgb3bp	chr4	99765402	99929813	protein_coding	ENSMUSG00000028549	-	Itgb3bp	1206
1207	Efcab7	chr4	99829198	99912788	protein_coding	ENSMUSG00000073791	+	Efcab7	1207
1208	Gm26425	chr4	99909797	99909878	snRNA	ENSMUSG00000084478	+	Gm26425	1208
1209	Pgm1	chr4	99929414	99987294	protein_coding	ENSMUSG00000025791	+	Pgm1	1209
1210	Gm12702	chr4	100052520	100065984	lncRNA	ENSMUSG00000085142	+	Gm12702	1210
1211	Ror1	chr4	100095791	100444765	protein_coding	ENSMUSG00000035305	+	Ror1	1211
1212	Gm12701	chr4	100119621	100120841	lncRNA	ENSMUSG00000086385	+	Gm12701	1212
1213	Gm12706	chr4	100361362	100362059	processed_pseudogene	ENSMUSG00000080967	-	Gm12706	1213
1214	Ube2u	chr4	100478849	100550147	protein_coding	ENSMUSG00000069733	+	Ube2u	1214
1215	Ube2uos	chr4	100523247	100527801	lncRNA	ENSMUSG00000085871	-	Ube2uos	1215
1216	Ccdc50-ps	chr4	100567108	100568048	processed_pseudogene	ENSMUSG00000081553	-	Ccdc50-ps	1216
1217	Gm12700	chr4	100581278	100581734	processed_pseudogene	ENSMUSG00000082601	+	Gm12700	1217
1218	Cachd1	chr4	100776675	101029220	protein_coding	ENSMUSG00000028532	+	Cachd1	1218
1219	Gm10577	chr4	101019151	101020697	TEC	ENSMUSG00000073789	-	Gm10577	1219
1220	Gm10576	chr4	101054439	101055263	TEC	ENSMUSG00000102578	-	Gm10576	1220
1221	Raver2	chr4	101068983	101152370	protein_coding	ENSMUSG00000035275	+	Raver2	1221
1222	Gm22100	chr4	101103588	101103650	snRNA	ENSMUSG00000088551	-	Gm22100	1222
1223	Jak1	chr4	101152367	101265282	protein_coding	ENSMUSG00000028530	-	Jak1	1223
1224	Gm24468	chr4	101186764	101186867	snRNA	ENSMUSG00000077677	+	Gm24468	1224
1225	Gm12785	chr4	101210416	101210587	processed_pseudogene	ENSMUSG00000082928	-	Gm12785	1225
1226	Gm25124	chr4	101271143	101271306	snRNA	ENSMUSG00000065279	+	Gm25124	1226
1227	Gm12801	chr4	101284221	101285203	lncRNA	ENSMUSG00000085863	+	Gm12801	1227
1228	Gm12796	chr4	101292414	101321745	lncRNA	ENSMUSG00000085721	-	Gm12796	1228
1229	Gm12793	chr4	101341357	101341648	processed_pseudogene	ENSMUSG00000081621	+	Gm12793	1229
1230	E130102H24Rik	chr4	101346531	101356735	lncRNA	ENSMUSG00000086782	-	E130102H24Rik	1230
1231	Mir101a	chr4	101346945	101347027	miRNA	ENSMUSG00000065451	-	Mir101a	1231
1232	0610043K17Rik	chr4	101353783	101399181	lncRNA	ENSMUSG00000087361	+	0610043K17Rik	1232
1233	Gm12795	chr4	101362177	101362890	processed_pseudogene	ENSMUSG00000083614	-	Gm12795	1233
1234	Gm12798	chr4	101403081	101407856	lncRNA	ENSMUSG00000084758	+	Gm12798	1234
1235	Ak4	chr4	101419277	101466995	protein_coding	ENSMUSG00000028527	+	Ak4	1235
1236	Dnajc6	chr4	101496631	101642799	protein_coding	ENSMUSG00000028528	+	Dnajc6	1236
1237	Gm22533	chr4	101555095	101555368	misc_RNA	ENSMUSG00000089446	+	Gm22533	1237
1238	Leprot	chr4	101647718	101659364	protein_coding	ENSMUSG00000035212	+	Leprot	1238
1239	Lepr	chr4	101717404	101815352	protein_coding	ENSMUSG00000057722	+	Lepr	1239
1240	B020004J07Rik	chr4	101834969	101844023	protein_coding	ENSMUSG00000035201	-	B020004J07Rik	1240
1241	Gm12791	chr4	101875347	101876001	processed_pseudogene	ENSMUSG00000081121	+	Gm12791	1241
1242	C130073F10Rik	chr4	101890020	101893789	protein_coding	ENSMUSG00000046133	-	C130073F10Rik	1242
1243	Gm12792	chr4	101895964	101896982	processed_pseudogene	ENSMUSG00000084208	-	Gm12792	1243
1244	Gm12800	chr4	101909121	101911908	protein_coding	ENSMUSG00000037028	+	Gm12800	1244
1245	Gm12794	chr4	101940407	101943183	protein_coding	ENSMUSG00000070890	+	Gm12794	1245
1246	Gm12790	chr4	101967453	101981049	protein_coding	ENSMUSG00000078626	-	Gm12790	1246
1247	Gm12789	chr4	101986626	101990053	protein_coding	ENSMUSG00000078625	+	Gm12789	1247
1248	Gm12799	chr4	102046568	102049127	processed_pseudogene	ENSMUSG00000082264	-	Gm12799	1248
1249	Pde4b	chr4	102087543	102607259	protein_coding	ENSMUSG00000028525	+	Pde4b	1249
1250	Sgip1	chr4	102741297	102973628	protein_coding	ENSMUSG00000028524	+	Sgip1	1250
1251	Gm12709	chr4	102967266	102989755	lncRNA	ENSMUSG00000085181	-	Gm12709	1251
1252	Tctex1d1	chr4	102978606	103005594	protein_coding	ENSMUSG00000028523	+	Tctex1d1	1252
1253	BB031773	chr4	103004106	103011965	lncRNA	ENSMUSG00000085041	-	BB031773	1253
1254	Insl5	chr4	103017872	103026842	protein_coding	ENSMUSG00000066090	-	Insl5	1254
1255	Wdr78	chr4	103038065	103114555	protein_coding	ENSMUSG00000035126	-	Wdr78	1255
1256	Gm12710	chr4	103103527	103103742	processed_pseudogene	ENSMUSG00000080744	+	Gm12710	1256
1257	Mier1	chr4	103114390	103165754	protein_coding	ENSMUSG00000028522	+	Mier1	1257
1258	Slc35d1	chr4	103170649	103215164	protein_coding	ENSMUSG00000028521	-	Slc35d1	1258
1259	Gm44037	chr4	103217702	103219592	lncRNA	ENSMUSG00000107726	+	Gm44037	1259
1260	4921539E11Rik	chr4	103230445	103290863	protein_coding	ENSMUSG00000028520	-	4921539E11Rik	1260
1261	4930456L15Rik	chr4	103290959	103311832	lncRNA	ENSMUSG00000078618	+	4930456L15Rik	1261
1262	Oma1	chr4	103313812	103371868	protein_coding	ENSMUSG00000035069	+	Oma1	1262
1263	Gm12718	chr4	103382500	103492040	lncRNA	ENSMUSG00000086136	+	Gm12718	1263
1264	Gm23064	chr4	103471859	103471959	miRNA	ENSMUSG00000094477	+	Gm23064	1264
1265	Gm12720	chr4	103538845	103550682	lncRNA	ENSMUSG00000087482	-	Gm12720	1265
1266	Gm12716	chr4	103543374	103544727	processed_pseudogene	ENSMUSG00000081584	-	Gm12716	1266
1267	Gm12715	chr4	103563402	103564529	processed_pseudogene	ENSMUSG00000059195	+	Gm12715	1267
1268	Gm25877	chr4	103586272	103586400	snoRNA	ENSMUSG00000077514	-	Gm25877	1268
1269	Dab1	chr4	103619359	104744844	protein_coding	ENSMUSG00000028519	+	Dab1	1269
1270	Gm12719	chr4	103939301	103939541	processed_pseudogene	ENSMUSG00000080913	-	Gm12719	1270
1271	Gm12717	chr4	103940959	103941941	processed_pseudogene	ENSMUSG00000081696	+	Gm12717	1271
1272	C8b	chr4	104766317	104804548	protein_coding	ENSMUSG00000029656	+	C8b	1272
1273	C8a	chr4	104815679	104876398	protein_coding	ENSMUSG00000035031	-	C8a	1273
1274	Gm17662	chr4	104857329	104859137	protein_coding	ENSMUSG00000095386	+	Gm17662	1274
1275	Fyb2	chr4	104913456	105016863	protein_coding	ENSMUSG00000078612	+	Fyb2	1275
1276	Gm12721	chr4	104969862	104970129	processed_pseudogene	ENSMUSG00000083791	-	Gm12721	1276
1277	Prkaa2	chr4	105029874	105109890	protein_coding	ENSMUSG00000028518	-	Prkaa2	1277
1278	Plpp3	chr4	105157347	105232764	protein_coding	ENSMUSG00000028517	+	Plpp3	1278
1279	Gm12722	chr4	105374454	105374946	processed_pseudogene	ENSMUSG00000081819	-	Gm12722	1279
1280	Gm12723	chr4	105511232	105511682	processed_pseudogene	ENSMUSG00000083128	+	Gm12723	1280
1281	Gm12726	chr4	105578340	105578940	processed_pseudogene	ENSMUSG00000082061	+	Gm12726	1281
1282	Gm12728	chr4	105789869	105794711	protein_coding	ENSMUSG00000083780	+	Gm12728	1282
1283	Gm24363	chr4	105975575	105975885	misc_RNA	ENSMUSG00000089065	-	Gm24363	1283
1284	Gm12729	chr4	106088714	106105068	lncRNA	ENSMUSG00000085790	-	Gm12729	1284
1285	Gm12727	chr4	106098924	106099282	processed_pseudogene	ENSMUSG00000082768	+	Gm12727	1285
1286	Gm26047	chr4	106118968	106119080	snoRNA	ENSMUSG00000087933	-	Gm26047	1286
1287	Hspd1-ps4	chr4	106136111	106137778	processed_pseudogene	ENSMUSG00000081189	-	Hspd1-ps4	1287
1288	Gm12724	chr4	106241216	106290026	lncRNA	ENSMUSG00000086249	+	Gm12724	1288
1289	Gm12731	chr4	106257031	106257298	processed_pseudogene	ENSMUSG00000082958	+	Gm12731	1289
1290	Gm12730	chr4	106291269	106292255	lncRNA	ENSMUSG00000087051	+	Gm12730	1290
1291	Gm37253	chr4	106293352	106294393	TEC	ENSMUSG00000104192	-	Gm37253	1291
1292	Usp24	chr4	106316213	106441322	protein_coding	ENSMUSG00000028514	+	Usp24	1292
1293	Pcsk9	chr4	106442329	106464329	protein_coding	ENSMUSG00000044254	-	Pcsk9	1293
1294	Bsnd	chr4	106483456	106492283	protein_coding	ENSMUSG00000025418	-	Bsnd	1294
1295	AL954352.1	chr4	106486636	106540536	lncRNA	ENSMUSG00000118551	-	AL954352.1	1295
1296	Tmem61	chr4	106498813	106540546	protein_coding	ENSMUSG00000085933	-	Tmem61	1296
1297	2700068H02Rik	chr4	106554669	106557897	lncRNA	ENSMUSG00000086172	-	2700068H02Rik	1297
1298	Dhcr24	chr4	106561038	106589113	protein_coding	ENSMUSG00000034926	+	Dhcr24	1298
1299	Gm12744	chr4	106587097	106589108	lncRNA	ENSMUSG00000085023	-	Gm12744	1299
1300	Lexm	chr4	106590909	106617241	protein_coding	ENSMUSG00000054362	-	Lexm	1300
1301	Ttc22	chr4	106622432	106640189	protein_coding	ENSMUSG00000034919	+	Ttc22	1301
1302	Pars2	chr4	106651069	106655282	protein_coding	ENSMUSG00000043572	+	Pars2	1302
1303	Ttc4	chr4	106662256	106678944	protein_coding	ENSMUSG00000025413	-	Ttc4	1303
1304	Mroh7	chr4	106680417	106730925	protein_coding	ENSMUSG00000047502	-	Mroh7	1304
1305	Fam151a	chr4	106733889	106748292	protein_coding	ENSMUSG00000034871	+	Fam151a	1305
1306	Acot11	chr4	106744555	106804998	protein_coding	ENSMUSG00000034853	-	Acot11	1306
1307	Gm12745	chr4	106774816	106775029	processed_pseudogene	ENSMUSG00000081110	+	Gm12745	1307
1308	Gm12746	chr4	106841761	106847920	lncRNA	ENSMUSG00000086940	-	Gm12746	1308
1309	Ssbp3	chr4	106910701	107049694	protein_coding	ENSMUSG00000061887	+	Ssbp3	1309
1310	Gm12786	chr4	107017935	107022499	lncRNA	ENSMUSG00000085581	-	Gm12786	1310
1311	Mrpl37	chr4	107055874	107066868	protein_coding	ENSMUSG00000028622	-	Mrpl37	1311
1312	Cyb5rl	chr4	107066988	107088268	protein_coding	ENSMUSG00000028621	+	Cyb5rl	1312
1313	Cdcp2	chr4	107096891	107113125	protein_coding	ENSMUSG00000047636	+	Cdcp2	1313
1314	Gm12802	chr4	107126613	107136252	lncRNA	ENSMUSG00000085304	+	Gm12802	1314
1315	Tceanc2	chr4	107134155	107179116	protein_coding	ENSMUSG00000028619	-	Tceanc2	1315
1316	Tmem59	chr4	107178399	107200996	protein_coding	ENSMUSG00000028618	+	Tmem59	1316
1317	Ldlrad1	chr4	107209180	107218060	protein_coding	ENSMUSG00000070877	+	Ldlrad1	1317
1318	Lrrc42	chr4	107233514	107253532	protein_coding	ENSMUSG00000028617	-	Lrrc42	1318
1319	Hspb11	chr4	107253593	107279938	protein_coding	ENSMUSG00000063172	+	Hspb11	1319
1320	Gm12850	chr4	107270434	107270869	processed_pseudogene	ENSMUSG00000082941	+	Gm12850	1320
1321	Dio1	chr4	107291465	107307169	protein_coding	ENSMUSG00000034785	-	Dio1	1321
1322	Yipf1	chr4	107314363	107359823	protein_coding	ENSMUSG00000057375	+	Yipf1	1322
1323	Gm12870	chr4	107327484	107328499	processed_pseudogene	ENSMUSG00000082279	-	Gm12870	1323
1324	Gm12869	chr4	107349039	107351353	lncRNA	ENSMUSG00000086041	-	Gm12869	1324
1325	Ndc1	chr4	107367784	107416346	protein_coding	ENSMUSG00000028614	+	Ndc1	1325
1326	Gm24804	chr4	107434572	107434656	miRNA	ENSMUSG00000092723	+	Gm24804	1326
1327	Glis1	chr4	107434591	107635061	protein_coding	ENSMUSG00000034762	+	Glis1	1327
1328	Dmrtb1	chr4	107676290	107684230	protein_coding	ENSMUSG00000028610	-	Dmrtb1	1328
1329	Gm12899	chr4	107688128	107688678	processed_pseudogene	ENSMUSG00000081916	+	Gm12899	1329
1330	1700047F07Rik	chr4	107689701	107758985	lncRNA	ENSMUSG00000085549	+	1700047F07Rik	1330
1331	Gm25123	chr4	107697834	107697954	miRNA	ENSMUSG00000094267	-	Gm25123	1331
1332	Gm12906	chr4	107760025	107760465	processed_pseudogene	ENSMUSG00000084874	-	Gm12906	1332
1333	Gm12907	chr4	107765080	107770601	lncRNA	ENSMUSG00000087195	+	Gm12907	1333
1334	4933424M12Rik	chr4	107783720	107789921	lncRNA	ENSMUSG00000087289	+	4933424M12Rik	1334
1335	Lrp8os3	chr4	107793161	107802064	lncRNA	ENSMUSG00000087200	-	Lrp8os3	1335
1336	Lrp8	chr4	107801869	107876840	protein_coding	ENSMUSG00000028613	+	Lrp8	1336
1337	Lrp8os2	chr4	107806033	107823022	lncRNA	ENSMUSG00000073779	-	Lrp8os2	1337
1338	Lrp8os1	chr4	107827896	107830844	lncRNA	ENSMUSG00000028612	-	Lrp8os1	1338
1339	Magoh	chr4	107879755	107887424	protein_coding	ENSMUSG00000028609	+	Magoh	1339
1340	Czib	chr4	107889813	107899384	protein_coding	ENSMUSG00000028608	+	Czib	1340
1341	Cpt2	chr4	107903981	107923610	protein_coding	ENSMUSG00000028607	-	Cpt2	1341
1342	4930407G08Rik	chr4	107953932	107960721	lncRNA	ENSMUSG00000086713	+	4930407G08Rik	1342
1343	Slc1a7	chr4	107968332	108013532	protein_coding	ENSMUSG00000008932	+	Slc1a7	1343
1344	Podn	chr4	108014791	108096445	protein_coding	ENSMUSG00000028600	-	Podn	1344
1345	Gm23354	chr4	108041697	108041800	snRNA	ENSMUSG00000089051	-	Gm23354	1345
1346	Scp2	chr4	108043839	108144998	protein_coding	ENSMUSG00000028603	-	Scp2	1346
1347	Mir6397	chr4	108087357	108087449	miRNA	ENSMUSG00000098980	+	Mir6397	1347
1348	Echdc2	chr4	108165437	108179308	protein_coding	ENSMUSG00000028601	+	Echdc2	1348
1349	Zyg11a	chr4	108181738	108218048	protein_coding	ENSMUSG00000034645	-	Zyg11a	1349
1350	Zyg11b	chr4	108229724	108301096	protein_coding	ENSMUSG00000034636	-	Zyg11b	1350
1351	Gm12742	chr4	108310356	108311151	processed_pseudogene	ENSMUSG00000083957	-	Gm12742	1351
1352	Gm12740	chr4	108322338	108322645	processed_pseudogene	ENSMUSG00000081734	+	Gm12740	1352
1353	Coa7	chr4	108328140	108341544	protein_coding	ENSMUSG00000048351	+	Coa7	1353
1354	Shisal2a	chr4	108367777	108383349	protein_coding	ENSMUSG00000059816	-	Shisal2a	1354
1355	Gpx7	chr4	108400390	108406961	protein_coding	ENSMUSG00000028597	-	Gpx7	1355
1356	Gm12738	chr4	108450807	108451342	processed_pseudogene	ENSMUSG00000083255	-	Gm12738	1356
1357	Tut4	chr4	108459426	108559421	protein_coding	ENSMUSG00000034610	+	Tut4	1357
1358	Gm24967	chr4	108466944	108467050	snRNA	ENSMUSG00000095361	-	Gm24967	1358
1359	Gm12739	chr4	108484171	108484552	processed_pseudogene	ENSMUSG00000083783	-	Gm12739	1359
1360	Gm23138	chr4	108498044	108498146	snRNA	ENSMUSG00000065299	+	Gm23138	1360
1361	Gm12737	chr4	108513781	108516817	lncRNA	ENSMUSG00000085093	+	Gm12737	1361
1362	Gm25827	chr4	108521924	108522030	snRNA	ENSMUSG00000087714	-	Gm25827	1362
1363	Gm22345	chr4	108537491	108537597	snRNA	ENSMUSG00000084593	-	Gm22345	1363
1364	Prpf38a	chr4	108563172	108579336	protein_coding	ENSMUSG00000063800	-	Prpf38a	1364
1365	Orc1	chr4	108579423	108614833	protein_coding	ENSMUSG00000028587	+	Orc1	1365
1366	Gm12743	chr4	108592425	108619849	lncRNA	ENSMUSG00000084968	-	Gm12743	1366
1367	Cc2d1b	chr4	108619940	108634123	protein_coding	ENSMUSG00000028582	+	Cc2d1b	1367
1368	Gm20731	chr4	108622929	108625216	TEC	ENSMUSG00000102912	-	Gm20731	1368
1369	Gm17354	chr4	108633843	108637441	lncRNA	ENSMUSG00000091985	-	Gm17354	1369
1370	Zfyve9	chr4	108637466	108780798	protein_coding	ENSMUSG00000034557	-	Zfyve9	1370
1371	3110021N24Rik	chr4	108719649	108781904	protein_coding	ENSMUSG00000094958	+	3110021N24Rik	1371
1372	Gm12741	chr4	108731742	108732297	processed_pseudogene	ENSMUSG00000082374	+	Gm12741	1372
1373	Btf3l4	chr4	108814295	108833614	protein_coding	ENSMUSG00000028568	-	Btf3l4	1373
1374	Txndc12	chr4	108834601	108862127	protein_coding	ENSMUSG00000028567	+	Txndc12	1374
1375	Kti12	chr4	108847785	108849413	protein_coding	ENSMUSG00000073775	+	Kti12	1375
1376	Rab3b	chr4	108879063	108943324	protein_coding	ENSMUSG00000003411	+	Rab3b	1376
1377	Gm12736	chr4	108933573	108933808	processed_pseudogene	ENSMUSG00000082699	-	Gm12736	1377
1378	8030443G20Rik	chr4	108942843	108972077	lncRNA	ENSMUSG00000086483	-	8030443G20Rik	1378
1379	Gm23589	chr4	108998602	108998706	snRNA	ENSMUSG00000088285	-	Gm23589	1379
1380	Nrd1	chr4	109000655	109061777	protein_coding	ENSMUSG00000053510	+	Nrd1	1380
1381	Mir761	chr4	109017655	109017730	miRNA	ENSMUSG00000076444	+	Mir761	1381
1382	Osbpl9	chr4	109061145	109202272	protein_coding	ENSMUSG00000028559	-	Osbpl9	1382
1383	Gm23743	chr4	109160924	109161197	misc_RNA	ENSMUSG00000088014	-	Gm23743	1383
1384	Calr4	chr4	109234485	109254571	protein_coding	ENSMUSG00000028558	+	Calr4	1384
1385	Eps15	chr4	109280268	109387817	protein_coding	ENSMUSG00000028552	+	Eps15	1385
1386	Gm12749	chr4	109373701	109374859	processed_pseudogene	ENSMUSG00000083512	-	Gm12749	1386
1387	Ttc39aos1	chr4	109403794	109406155	lncRNA	ENSMUSG00000085873	-	Ttc39aos1	1387
1388	Ttc39a	chr4	109406623	109444745	protein_coding	ENSMUSG00000028555	+	Ttc39a	1388
1389	Rnf11	chr4	109451098	109484728	protein_coding	ENSMUSG00000028557	-	Rnf11	1389
1390	4930522H14Rik	chr4	109505337	109531297	protein_coding	ENSMUSG00000060491	-	4930522H14Rik	1390
1391	Gm12811	chr4	109569214	109656791	lncRNA	ENSMUSG00000087641	+	Gm12811	1391
1392	Gm12803	chr4	109629582	109630725	processed_pseudogene	ENSMUSG00000082771	+	Gm12803	1392
1393	9630013D21Rik	chr4	109651529	109657853	lncRNA	ENSMUSG00000059027	-	9630013D21Rik	1393
1394	Cdkn2c	chr4	109660876	109667189	protein_coding	ENSMUSG00000028551	-	Cdkn2c	1394
1395	Faf1	chr4	109676588	109963960	protein_coding	ENSMUSG00000010517	+	Faf1	1395
1396	Gm12808	chr4	109754414	109754817	processed_pseudogene	ENSMUSG00000083995	-	Gm12808	1396
1397	Dmrta2os	chr4	109976738	109977813	lncRNA	ENSMUSG00000085256	-	Dmrta2os	1397
1398	Dmrta2	chr4	109978053	109983687	protein_coding	ENSMUSG00000047143	+	Dmrta2	1398
1399	Elavl4	chr4	110203722	110351909	protein_coding	ENSMUSG00000028546	-	Elavl4	1399
1400	Agbl4	chr4	110397661	111664324	protein_coding	ENSMUSG00000061298	+	Agbl4	1400
1401	Gm12806	chr4	110510035	110510302	processed_pseudogene	ENSMUSG00000081813	+	Gm12806	1401
1402	Gm12807	chr4	110512771	110513732	processed_pseudogene	ENSMUSG00000082348	-	Gm12807	1402
1403	Gm12804	chr4	111290118	111291116	processed_pseudogene	ENSMUSG00000081068	+	Gm12804	1403
1404	Gm12805	chr4	111319558	111320605	processed_pseudogene	ENSMUSG00000083904	-	Gm12805	1404
1405	Bend5	chr4	111415006	111460298	protein_coding	ENSMUSG00000028545	+	Bend5	1405
1406	n-R5s191	chr4	111427818	111427933	rRNA	ENSMUSG00000084673	-	n-R5s191	1406
1407	Spata6	chr4	111719984	111829184	protein_coding	ENSMUSG00000034401	+	Spata6	1407
1408	Gm12961	chr4	111790621	111791670	processed_pseudogene	ENSMUSG00000082686	-	Gm12961	1408
1409	Gm12960	chr4	111807358	111808423	processed_pseudogene	ENSMUSG00000100514	-	Gm12960	1409
1410	Slc5a9	chr4	111875375	111902918	protein_coding	ENSMUSG00000028544	-	Slc5a9	1410
1411	Skint8	chr4	111919392	111950358	protein_coding	ENSMUSG00000078599	+	Skint8	1411
1412	Skint7	chr4	111972923	111988223	protein_coding	ENSMUSG00000049214	+	Skint7	1412
1413	Gm25844	chr4	111988650	111988958	misc_RNA	ENSMUSG00000084536	-	Gm25844	1413
1414	Skint1	chr4	112006269	112029538	protein_coding	ENSMUSG00000089773	+	Skint1	1414
1415	Skint4	chr4	112072016	112168076	protein_coding	ENSMUSG00000055960	+	Skint4	1415
1416	Skint3	chr4	112232245	112300468	protein_coding	ENSMUSG00000070868	+	Skint3	1416
1417	Skint9	chr4	112385969	112433985	protein_coding	ENSMUSG00000049972	-	Skint9	1417
1418	Gm12819	chr4	112512740	112521472	unprocessed_pseudogene	ENSMUSG00000081166	+	Gm12819	1418
1419	Gm12821	chr4	112537061	112537660	processed_pseudogene	ENSMUSG00000083599	+	Gm12821	1419
1420	Skint2	chr4	112557194	112652248	protein_coding	ENSMUSG00000034359	+	Skint2	1420
1421	Gm12814	chr4	112566407	112593053	unprocessed_pseudogene	ENSMUSG00000083753	+	Gm12814	1421
1422	Gm12817	chr4	112705170	112706236	unprocessed_pseudogene	ENSMUSG00000081066	+	Gm12817	1422
1423	Skint10	chr4	112711147	112774866	protein_coding	ENSMUSG00000048766	-	Skint10	1423
1424	Skint6	chr4	112804616	113286973	protein_coding	ENSMUSG00000087194	-	Skint6	1424
1425	Gm12823	chr4	112923696	112945317	lncRNA	ENSMUSG00000085878	+	Gm12823	1425
1426	Gm12816	chr4	112955075	112956286	processed_pseudogene	ENSMUSG00000083011	-	Gm12816	1426
1427	Gm12818	chr4	112978465	112979813	processed_pseudogene	ENSMUSG00000082678	-	Gm12818	1427
1428	Gm12813	chr4	113368187	113394359	unprocessed_pseudogene	ENSMUSG00000083384	+	Gm12813	1428
1429	Skint5	chr4	113477891	113999503	protein_coding	ENSMUSG00000078598	-	Skint5	1429
1430	Gm12825	chr4	114096390	114097401	unprocessed_pseudogene	ENSMUSG00000080696	-	Gm12825	1430
1431	AL627257.1	chr4	114122039	114123368	processed_pseudogene	ENSMUSG00000118515	+	AL627257.1	1431
1432	Skint11	chr4	114163384	114245028	protein_coding	ENSMUSG00000057977	+	Skint11	1432
1433	Trabd2b	chr4	114406724	114615098	protein_coding	ENSMUSG00000070867	+	Trabd2b	1433
1434	Gm28864	chr4	114672697	114673340	lncRNA	ENSMUSG00000100998	-	Gm28864	1434
1435	Gm12829	chr4	114680804	114687595	lncRNA	ENSMUSG00000085870	+	Gm12829	1435
1436	9130410C08Rik	chr4	114817161	114902859	lncRNA	ENSMUSG00000085323	-	9130410C08Rik	1436
1437	Gm12830	chr4	114821722	114856166	protein_coding	ENSMUSG00000055198	+	Gm12830	1437
1438	Gm23230	chr4	114844985	114845117	snRNA	ENSMUSG00000087923	-	Gm23230	1438
1439	Foxd2	chr4	114906282	114908873	protein_coding	ENSMUSG00000055210	-	Foxd2	1439
1440	Foxd2os	chr4	114909257	114921967	lncRNA	ENSMUSG00000085399	+	Foxd2os	1440
1441	Foxe3	chr4	114925147	114926013	protein_coding	ENSMUSG00000044518	-	Foxe3	1441
1442	Cmpk1	chr4	114959336	114987241	protein_coding	ENSMUSG00000028719	-	Cmpk1	1442
1443	Gm24045	chr4	114987964	114988061	misc_RNA	ENSMUSG00000065047	+	Gm24045	1443
1444	Stil	chr4	115000159	115043196	protein_coding	ENSMUSG00000028718	+	Stil	1444
1445	Tal1	chr4	115056426	115071755	protein_coding	ENSMUSG00000028717	+	Tal1	1445
1446	Pdzk1ip1	chr4	115088708	115093899	protein_coding	ENSMUSG00000028716	+	Pdzk1ip1	1446
1447	Cyp4x1	chr4	115106323	115134281	protein_coding	ENSMUSG00000047155	-	Cyp4x1	1447
1448	Cyp4x1os	chr4	115133832	115137864	lncRNA	ENSMUSG00000086896	+	Cyp4x1os	1448
1449	Cyp4a28-ps	chr4	115138568	115156506	unprocessed_pseudogene	ENSMUSG00000081823	-	Cyp4a28-ps	1449
1450	Cyp4a29-ps1	chr4	115175798	115176843	unprocessed_pseudogene	ENSMUSG00000082889	+	Cyp4a29-ps1	1450
1451	Gm12834	chr4	115238754	115241582	processed_pseudogene	ENSMUSG00000081138	-	Gm12834	1451
1452	Cyp4a29	chr4	115242084	115254557	protein_coding	ENSMUSG00000083138	+	Cyp4a29	1452
1453	Cyp4a12a	chr4	115299046	115332815	protein_coding	ENSMUSG00000066071	+	Cyp4a12a	1453
1454	Cyp4a30-ps	chr4	115343788	115363115	unprocessed_pseudogene	ENSMUSG00000083190	+	Cyp4a30-ps	1454
1455	Cyp4a12b	chr4	115411624	115439034	protein_coding	ENSMUSG00000078597	+	Cyp4a12b	1455
1456	Gm12837	chr4	115416082	115416454	processed_pseudogene	ENSMUSG00000084415	-	Gm12837	1456
1457	Cyp4a30b	chr4	115452604	115471062	protein_coding	ENSMUSG00000084346	+	Cyp4a30b	1457
1458	Gm12838	chr4	115453792	115454116	processed_pseudogene	ENSMUSG00000080142	-	Gm12838	1458
1459	Cyp4a14	chr4	115486200	115496142	protein_coding	ENSMUSG00000028715	-	Cyp4a14	1459
1460	Cyp4a10	chr4	115518264	115533649	protein_coding	ENSMUSG00000066072	+	Cyp4a10	1460
1461	Cyp4b1-ps1	chr4	115543385	115545064	unprocessed_pseudogene	ENSMUSG00000081006	-	Cyp4b1-ps1	1461
1462	Cyp4a31	chr4	115563649	115579015	protein_coding	ENSMUSG00000028712	+	Cyp4a31	1462
1463	Cyp4b1-ps2	chr4	115582286	115583144	unprocessed_pseudogene	ENSMUSG00000083457	-	Cyp4b1-ps2	1463
1464	Cyp4a32	chr4	115600969	115621602	protein_coding	ENSMUSG00000063929	+	Cyp4a32	1464
1465	Cyp4b1	chr4	115624725	115647723	protein_coding	ENSMUSG00000028713	-	Cyp4b1	1465
1466	Gm12848	chr4	115652389	115653480	processed_pseudogene	ENSMUSG00000082043	+	Gm12848	1466
1467	Gm12849	chr4	115707251	115708303	processed_pseudogene	ENSMUSG00000081172	+	Gm12849	1467
1468	Efcab14	chr4	115737744	115777327	protein_coding	ENSMUSG00000034210	+	Efcab14	1468
1469	Tex38	chr4	115779834	115781018	protein_coding	ENSMUSG00000044556	-	Tex38	1469
1470	Atpaf1	chr4	115784812	115822655	protein_coding	ENSMUSG00000028710	+	Atpaf1	1470
1471	Mob3c	chr4	115828092	115836185	protein_coding	ENSMUSG00000028709	+	Mob3c	1471
1472	Mknk1	chr4	115839198	115879250	protein_coding	ENSMUSG00000028708	+	Mknk1	1472
1473	Gm29434	chr4	115878317	115878576	lncRNA	ENSMUSG00000100081	-	Gm29434	1473
1474	Kncn	chr4	115884400	115889526	protein_coding	ENSMUSG00000073774	+	Kncn	1474
1475	6430628N08Rik	chr4	115890665	115899227	protein_coding	ENSMUSG00000034185	+	6430628N08Rik	1475
1476	Dmbx1	chr4	115915119	115939926	protein_coding	ENSMUSG00000028707	-	Dmbx1	1476
1477	Faah	chr4	115967145	116017926	protein_coding	ENSMUSG00000034171	-	Faah	1477
1478	Nsun4	chr4	116032842	116053876	protein_coding	ENSMUSG00000028706	-	Nsun4	1478
1479	Uqcrh	chr4	116066965	116075071	protein_coding	ENSMUSG00000063882	-	Uqcrh	1479
1480	Gm12854	chr4	116067268	116067564	processed_pseudogene	ENSMUSG00000078238	+	Gm12854	1480
1481	Lrrc41	chr4	116075269	116097043	protein_coding	ENSMUSG00000028703	+	Lrrc41	1481
1482	Rad54l	chr4	116094264	116123690	protein_coding	ENSMUSG00000028702	-	Rad54l	1482
1483	Pomgnt1	chr4	116123840	116159849	protein_coding	ENSMUSG00000028700	+	Pomgnt1	1483
1484	Lurap1	chr4	116132406	116151338	protein_coding	ENSMUSG00000028701	-	Lurap1	1484
1485	Tspan1	chr4	116161869	116167601	protein_coding	ENSMUSG00000028699	-	Tspan1	1485
1486	1700042G07Rik	chr4	116173372	116174290	protein_coding	ENSMUSG00000078593	+	1700042G07Rik	1486
1487	Gm49337	chr4	116173384	116299841	protein_coding	ENSMUSG00000111410	+	Gm49337	1487
1488	Gm12951	chr4	116176246	116177732	lncRNA	ENSMUSG00000085920	+	Gm12951	1488
1489	Llph-ps1	chr4	116200563	116200952	processed_pseudogene	ENSMUSG00000081459	-	Llph-ps1	1489
1490	Pik3r3	chr4	116221618	116303056	protein_coding	ENSMUSG00000028698	+	Pik3r3	1490
1491	Mast2	chr4	116306762	116464183	protein_coding	ENSMUSG00000003810	-	Mast2	1491
1492	Gm12950	chr4	116448788	116449204	processed_pseudogene	ENSMUSG00000082592	+	Gm12950	1492
1493	Ipp	chr4	116507549	116538243	protein_coding	ENSMUSG00000028696	+	Ipp	1493
1494	Tmem69	chr4	116551633	116555936	protein_coding	ENSMUSG00000055900	-	Tmem69	1494
1495	Gm12953	chr4	116551740	116552627	lncRNA	ENSMUSG00000087299	+	Gm12953	1495
1496	Gpbp1l1	chr4	116557658	116593882	protein_coding	ENSMUSG00000034042	+	Gpbp1l1	1496
1497	C530005A16Rik	chr4	116589733	116597630	lncRNA	ENSMUSG00000085408	-	C530005A16Rik	1497
1498	Ccdc17	chr4	116596654	116600266	protein_coding	ENSMUSG00000034035	+	Ccdc17	1498
1499	Nasp	chr4	116601052	116627941	protein_coding	ENSMUSG00000028693	-	Nasp	1499
1500	Akr1a1	chr4	116636510	116651680	protein_coding	ENSMUSG00000028692	-	Akr1a1	1500
1501	Prdx1	chr4	116685544	116700822	protein_coding	ENSMUSG00000028691	+	Prdx1	1501
1502	Mmachc	chr4	116702279	116708406	protein_coding	ENSMUSG00000028690	-	Mmachc	1502
1503	Ccdc163	chr4	116708509	116751206	protein_coding	ENSMUSG00000028689	+	Ccdc163	1503
1504	Tesk2	chr4	116720948	116805956	protein_coding	ENSMUSG00000033985	+	Tesk2	1504
1505	Gm27688	chr4	116725899	116725989	misc_RNA	ENSMUSG00000098491	+	Gm27688	1505
1506	Toe1	chr4	116794310	116807640	protein_coding	ENSMUSG00000028688	-	Toe1	1506
1507	Mutyh	chr4	116807723	116819440	protein_coding	ENSMUSG00000028687	+	Mutyh	1507
1508	Hpdl	chr4	116819904	116821707	protein_coding	ENSMUSG00000043155	-	Hpdl	1508
1509	Gm12996	chr4	116824903	116830603	lncRNA	ENSMUSG00000086417	+	Gm12996	1509
1510	Rpl36-ps8	chr4	116839907	116840221	processed_pseudogene	ENSMUSG00000075390	-	Rpl36-ps8	1510
1511	Gm12994	chr4	116852664	116853110	processed_pseudogene	ENSMUSG00000082841	+	Gm12994	1511
1512	Gm12993	chr4	116874588	116875465	processed_pseudogene	ENSMUSG00000082063	-	Gm12993	1512
1513	Zswim5	chr4	116877376	116989264	protein_coding	ENSMUSG00000033948	+	Zswim5	1513
1514	Gm26355	chr4	116904637	116904741	snRNA	ENSMUSG00000088845	+	Gm26355	1514
1515	Gm25435	chr4	116915227	116915493	misc_RNA	ENSMUSG00000088902	+	Gm25435	1515
1516	Gm22092	chr4	116922384	116922490	snRNA	ENSMUSG00000095805	-	Gm22092	1516
1517	Gm12998	chr4	116945732	116946534	processed_pseudogene	ENSMUSG00000082207	-	Gm12998	1517
1518	Urod	chr4	116989965	116994413	protein_coding	ENSMUSG00000028684	-	Urod	1518
1519	Hectd3	chr4	116995317	117005277	protein_coding	ENSMUSG00000046861	+	Hectd3	1519
1520	1700021J08Rik	chr4	117002166	117003012	lncRNA	ENSMUSG00000086890	-	1700021J08Rik	1520
1521	Gm12997	chr4	117015127	117015766	processed_pseudogene	ENSMUSG00000082249	-	Gm12997	1521
1522	Eif2b3	chr4	117019402	117087306	protein_coding	ENSMUSG00000028683	+	Eif2b3	1522
1523	Gm22335	chr4	117027211	117027309	snRNA	ENSMUSG00000088349	+	Gm22335	1523
1524	Ptch2	chr4	117096075	117116101	protein_coding	ENSMUSG00000028681	+	Ptch2	1524
1525	Btbd19	chr4	117119219	117125725	protein_coding	ENSMUSG00000073771	-	Btbd19	1525
1526	Tctex1d4	chr4	117126794	117128738	protein_coding	ENSMUSG00000047671	+	Tctex1d4	1526
1527	Plk3	chr4	117128655	117133963	protein_coding	ENSMUSG00000028680	-	Plk3	1527
1528	Best4-ps	chr4	117145257	117148637	unitary_pseudogene	ENSMUSG00000033872	+	Best4-ps	1528
1529	Gm13015	chr4	117148923	117149126	processed_pseudogene	ENSMUSG00000070834	+	Gm13015	1529
1530	Rps8	chr4	117153827	117156243	protein_coding	ENSMUSG00000047675	-	Rps8	1530
1531	Gm22980	chr4	117154093	117154162	snoRNA	ENSMUSG00000064542	-	Gm22980	1531
1532	Snord38a	chr4	117154514	117154584	snoRNA	ENSMUSG00000065680	-	Snord38a	1532
1533	Gm26330	chr4	117155186	117155289	snoRNA	ENSMUSG00000064751	-	Gm26330	1533
1534	Snord55	chr4	117155770	117155848	snoRNA	ENSMUSG00000092680	-	Snord55	1534
1535	Gm22398	chr4	117158309	117158433	miRNA	ENSMUSG00000095209	-	Gm22398	1535
1536	Kif2c	chr4	117159639	117182639	protein_coding	ENSMUSG00000028678	-	Kif2c	1536
1537	Gm25099	chr4	117189942	117190057	snRNA	ENSMUSG00000095676	+	Gm25099	1537
1538	Gm23143	chr4	117202528	117202643	snRNA	ENSMUSG00000094405	+	Gm23143	1538
1539	Gm23287	chr4	117210844	117210959	snRNA	ENSMUSG00000096280	+	Gm23287	1539
1540	Armh1	chr4	117213334	117252125	protein_coding	ENSMUSG00000060268	-	Armh1	1540
1541	1700012C08Rik	chr4	117213334	117213782	lncRNA	ENSMUSG00000086482	-	1700012C08Rik	1541
1542	Tmem53	chr4	117251951	117268582	protein_coding	ENSMUSG00000048772	+	Tmem53	1542
1543	Rnf220	chr4	117271463	117497052	protein_coding	ENSMUSG00000028677	-	Rnf220	1543
1544	Gm12843	chr4	117295817	117297725	lncRNA	ENSMUSG00000085749	+	Gm12843	1544
1545	Gm12828	chr4	117445950	117455040	lncRNA	ENSMUSG00000086876	+	Gm12828	1545
1546	Gm12827	chr4	117496452	117500602	lncRNA	ENSMUSG00000087228	+	Gm12827	1546
1547	Gm12826	chr4	117513823	117514201	processed_pseudogene	ENSMUSG00000083446	-	Gm12826	1547
1548	Eri3	chr4	117550365	117674297	protein_coding	ENSMUSG00000033423	+	Eri3	1548
1549	Dmap1	chr4	117674681	117682273	protein_coding	ENSMUSG00000009640	-	Dmap1	1549
1550	Gm12840	chr4	117700188	117700923	lncRNA	ENSMUSG00000086320	+	Gm12840	1550
1551	Gm12845	chr4	117724412	117726872	protein_coding	ENSMUSG00000108127	+	Gm12845	1551
1552	Gm12844	chr4	117728718	117729299	processed_pseudogene	ENSMUSG00000084260	-	Gm12844	1552
1553	Klf17	chr4	117757836	117765648	protein_coding	ENSMUSG00000048626	-	Klf17	1553
1554	Gm12842	chr4	117825181	117825656	processed_pseudogene	ENSMUSG00000083507	-	Gm12842	1554
1555	Slc6a9	chr4	117834506	117875198	protein_coding	ENSMUSG00000028542	+	Slc6a9	1555
1556	Gm17114	chr4	117835299	117868558	lncRNA	ENSMUSG00000091237	-	Gm17114	1556
1557	Ccdc24	chr4	117866524	117872557	protein_coding	ENSMUSG00000078588	-	Ccdc24	1557
1558	B4galt2	chr4	117869260	117883487	protein_coding	ENSMUSG00000028541	-	B4galt2	1558
1559	Gm12841	chr4	117883621	117885995	lncRNA	ENSMUSG00000085278	+	Gm12841	1559
1560	Atp6v0b	chr4	117884326	117887333	protein_coding	ENSMUSG00000033379	-	Atp6v0b	1560
1561	Dph2	chr4	117888643	117892032	protein_coding	ENSMUSG00000028540	-	Dph2	1561
1562	Ipo13	chr4	117894486	117914999	protein_coding	ENSMUSG00000033365	-	Ipo13	1562
1563	Artn	chr4	117926162	117929763	protein_coding	ENSMUSG00000028539	-	Artn	1563
1564	St3gal3	chr4	117932154	118134914	protein_coding	ENSMUSG00000028538	-	St3gal3	1564
1565	9530034E10Rik	chr4	117975036	117993972	lncRNA	ENSMUSG00000086554	+	9530034E10Rik	1565
1566	Kdm4a	chr4	118136957	118180043	protein_coding	ENSMUSG00000033326	-	Kdm4a	1566
1567	Gm23382	chr4	118164078	118164181	snoRNA	ENSMUSG00000088303	+	Gm23382	1567
1568	Ptprf	chr4	118208213	118291405	protein_coding	ENSMUSG00000033295	-	Ptprf	1568
1569	Mir7226	chr4	118210505	118210564	miRNA	ENSMUSG00000098596	-	Mir7226	1569
1570	Hyi	chr4	118359990	118362744	polymorphic_pseudogene	ENSMUSG00000006395	+	Hyi	1570
1571	Szt2	chr4	118362743	118409273	protein_coding	ENSMUSG00000033253	-	Szt2	1571
1572	Med8	chr4	118409337	118415782	protein_coding	ENSMUSG00000006392	+	Med8	1572
1573	Elovl1	chr4	118428093	118432953	protein_coding	ENSMUSG00000006390	+	Elovl1	1573
1574	Cdc20	chr4	118432901	118437352	protein_coding	ENSMUSG00000006398	-	Cdc20	1574
1575	Gm12858	chr4	118441013	118441220	processed_pseudogene	ENSMUSG00000081921	-	Gm12858	1575
1576	Mpl	chr4	118442415	118457513	protein_coding	ENSMUSG00000006389	-	Mpl	1576
1577	Tie1	chr4	118471191	118490061	protein_coding	ENSMUSG00000033191	-	Tie1	1577
1578	Gm12859	chr4	118490782	118497642	processed_pseudogene	ENSMUSG00000080857	-	Gm12859	1578
1579	Gm12857	chr4	118522018	118522609	processed_pseudogene	ENSMUSG00000081233	+	Gm12857	1579
1580	2610528J11Rik	chr4	118526999	118530228	protein_coding	ENSMUSG00000028536	+	2610528J11Rik	1580
1581	Tmem125	chr4	118540941	118544044	protein_coding	ENSMUSG00000050854	-	Tmem125	1581
1582	Cfap57	chr4	118554551	118620777	protein_coding	ENSMUSG00000028730	-	Cfap57	1582
1583	Ebna1bp2	chr4	118620799	118627776	protein_coding	ENSMUSG00000028729	+	Ebna1bp2	1583
1584	Gm12853	chr4	118632847	118636062	lncRNA	ENSMUSG00000085292	-	Gm12853	1584
1585	Olfr62	chr4	118658952	118668042	protein_coding	ENSMUSG00000043698	+	Olfr62	1585
1586	Olfr1343-ps1	chr4	118672609	118673522	unprocessed_pseudogene	ENSMUSG00000086521	-	Olfr1343-ps1	1586
1587	Olfr1342	chr4	118687486	118692756	protein_coding	ENSMUSG00000043383	-	Olfr1342	1587
1588	Olfr1341	chr4	118703523	118713438	protein_coding	ENSMUSG00000046790	+	Olfr1341	1588
1589	Olfr1340	chr4	118720138	118729395	protein_coding	ENSMUSG00000070821	+	Olfr1340	1589
1590	Olfr1339	chr4	118732175	118736906	protein_coding	ENSMUSG00000070820	+	Olfr1339	1590
1591	Olfr1338	chr4	118751975	118758737	protein_coding	ENSMUSG00000095218	-	Olfr1338	1591
1592	Olfr1337	chr4	118781636	118782586	protein_coding	ENSMUSG00000111159	-	Olfr1337	1592
1593	Gm12855	chr4	118791081	118791593	processed_pseudogene	ENSMUSG00000081474	-	Gm12855	1593
1594	Olfr1335	chr4	118808797	118809944	protein_coding	ENSMUSG00000066061	-	Olfr1335	1594
1595	Olfr1333	chr4	118827659	118836279	protein_coding	ENSMUSG00000110947	-	Olfr1333	1595
1596	Olfr1332-ps1	chr4	118854086	118855045	unprocessed_pseudogene	ENSMUSG00000083336	+	Olfr1332-ps1	1596
1597	Olfr1331	chr4	118864649	118871707	protein_coding	ENSMUSG00000073769	+	Olfr1331	1597
1598	Olfr1330	chr4	118888597	118899597	protein_coding	ENSMUSG00000073768	+	Olfr1330	1598
1599	Olfr1329	chr4	118916524	118917465	protein_coding	ENSMUSG00000096705	-	Olfr1329	1599
1600	Olfr1328	chr4	118930071	118938612	protein_coding	ENSMUSG00000111259	-	Olfr1328	1600
1601	Gm12856	chr4	118942060	118943352	processed_pseudogene	ENSMUSG00000084133	-	Gm12856	1601
1602	Gm12863	chr4	118954274	118954919	lncRNA	ENSMUSG00000073765	-	Gm12863	1602
1603	Lao1	chr4	118961578	118968912	protein_coding	ENSMUSG00000024903	+	Lao1	1603
1604	Gm12861	chr4	118971297	118999458	lncRNA	ENSMUSG00000085895	+	Gm12861	1604
1605	Gm12865	chr4	118984058	118997198	lncRNA	ENSMUSG00000087238	-	Gm12865	1605
1606	Gm12864	chr4	118987014	118988019	processed_pseudogene	ENSMUSG00000082143	+	Gm12864	1606
1607	Gm12862	chr4	118999660	119000485	lncRNA	ENSMUSG00000087464	-	Gm12862	1607
1608	Gm12866	chr4	119054790	119069111	lncRNA	ENSMUSG00000066060	-	Gm12866	1608
1609	Slc2a1	chr4	119108711	119137983	protein_coding	ENSMUSG00000028645	+	Slc2a1	1609
1610	Mir1957a	chr4	119129779	119129844	miRNA	ENSMUSG00000088552	+	Mir1957a	1610
1611	Gm12867	chr4	119130292	119131001	lncRNA	ENSMUSG00000086683	-	Gm12867	1611
1612	Gm12868	chr4	119133749	119138801	lncRNA	ENSMUSG00000085505	-	Gm12868	1612
1613	Zfp691	chr4	119169513	119174195	protein_coding	ENSMUSG00000045268	-	Zfp691	1613
1614	Ermap	chr4	119175457	119190011	protein_coding	ENSMUSG00000028644	-	Ermap	1614
1615	Svbp	chr4	119195306	119201298	protein_coding	ENSMUSG00000028643	+	Svbp	1615
1616	AU022252	chr4	119203570	119232712	protein_coding	ENSMUSG00000078584	-	AU022252	1616
1617	Tmem269	chr4	119205055	119218217	protein_coding	ENSMUSG00000028642	-	Tmem269	1617
1618	Gm12898	chr4	119223174	119224815	lncRNA	ENSMUSG00000085626	+	Gm12898	1618
1619	P3h1	chr4	119232915	119248975	protein_coding	ENSMUSG00000028641	+	P3h1	1619
1620	Gm12927	chr4	119252522	119256975	lncRNA	ENSMUSG00000085203	-	Gm12927	1620
1621	Cldn19	chr4	119255414	119262438	protein_coding	ENSMUSG00000066058	+	Cldn19	1621
1622	Ybx1	chr4	119277981	119294604	protein_coding	ENSMUSG00000028639	-	Ybx1	1622
1623	Gm37817	chr4	119295028	119295461	TEC	ENSMUSG00000102819	-	Gm37817	1623
1624	Ppih	chr4	119300010	119320546	protein_coding	ENSMUSG00000060288	-	Ppih	1624
1625	Ccdc30	chr4	119322466	119415521	protein_coding	ENSMUSG00000028637	-	Ccdc30	1625
1626	Ldha-ps2	chr4	119334389	119335445	processed_pseudogene	ENSMUSG00000083836	-	Ldha-ps2	1626
1627	BX470216.1	chr4	119393500	119399924	lncRNA	ENSMUSG00000118403	+	BX470216.1	1627
1628	Ppcs	chr4	119418530	119422420	protein_coding	ENSMUSG00000028636	-	Ppcs	1628
1629	Zmynd12	chr4	119422814	119467444	protein_coding	ENSMUSG00000070806	+	Zmynd12	1629
1630	Rimkla	chr4	119465283	119492628	protein_coding	ENSMUSG00000048899	-	Rimkla	1630
1631	Gm12954	chr4	119501865	119502546	processed_pseudogene	ENSMUSG00000082009	-	Gm12954	1631
1632	Gm12956	chr4	119509648	119510061	processed_pseudogene	ENSMUSG00000082814	-	Gm12956	1632
1633	Gm12955	chr4	119519126	119520082	processed_pseudogene	ENSMUSG00000080773	-	Gm12955	1633
1634	Gm12957	chr4	119520990	119521366	processed_pseudogene	ENSMUSG00000084379	+	Gm12957	1634
1635	Rnu6-ps2	chr4	119528000	119528106	snRNA	ENSMUSG00000094494	+	Rnu6-ps2	1635
1636	Frg2f1	chr4	119530308	119539529	protein_coding	ENSMUSG00000087385	-	Frg2f1	1636
1637	Foxj3	chr4	119537004	119629119	protein_coding	ENSMUSG00000032998	+	Foxj3	1637
1638	Gm12959	chr4	119553656	119554058	processed_pseudogene	ENSMUSG00000081678	-	Gm12959	1638
1639	Guca2a	chr4	119637704	119639471	protein_coding	ENSMUSG00000023247	+	Guca2a	1639
1640	Guca2b	chr4	119656607	119658954	protein_coding	ENSMUSG00000032978	-	Guca2b	1640
1641	Hivep3	chr4	119733784	120138045	protein_coding	ENSMUSG00000028634	+	Hivep3	1641
1642	AL607142.1	chr4	120064996	120093973	protein_coding	ENSMUSG00000115115	+	AL607142.1	1642
1643	Edn2	chr4	120161206	120167360	protein_coding	ENSMUSG00000028635	+	Edn2	1643
1644	Foxo6	chr4	120267079	120287349	protein_coding	ENSMUSG00000052135	-	Foxo6	1644
1645	Foxo6os	chr4	120291350	120303892	lncRNA	ENSMUSG00000084929	+	Foxo6os	1645
1646	Scmh1	chr4	120405281	120530186	protein_coding	ENSMUSG00000000085	+	Scmh1	1646
1647	Slfnl1	chr4	120532231	120536661	protein_coding	ENSMUSG00000047518	+	Slfnl1	1647
1648	Ctps	chr4	120539868	120570276	protein_coding	ENSMUSG00000028633	-	Ctps	1648
1649	Gm8439	chr4	120588745	120609673	protein_coding	ENSMUSG00000091297	+	Gm8439	1649
1650	Gm12860	chr4	120615840	120622682	lncRNA	ENSMUSG00000086187	+	Gm12860	1650
1651	Gm45579	chr4	120644219	120648137	lncRNA	ENSMUSG00000110389	-	Gm45579	1651
1652	Cited4	chr4	120666572	120667820	protein_coding	ENSMUSG00000070803	+	Cited4	1652
1653	Kcnq4	chr4	120696138	120748612	protein_coding	ENSMUSG00000028631	-	Kcnq4	1653
1654	Nfyc	chr4	120757438	120831572	protein_coding	ENSMUSG00000032897	-	Nfyc	1654
1655	Mir30c-1	chr4	120769534	120769622	miRNA	ENSMUSG00000065490	-	Mir30c-1	1655
1656	Mir30e	chr4	120772606	120772697	miRNA	ENSMUSG00000065409	-	Mir30e	1656
1657	Mir30f	chr4	120772606	120772697	miRNA	ENSMUSG00000105585	+	Mir30f	1657
1658	Gm23936	chr4	120837488	120837597	miRNA	ENSMUSG00000096876	+	Gm23936	1658
1659	Rims3	chr4	120854816	120896579	protein_coding	ENSMUSG00000032890	+	Rims3	1659
1660	Gm12871	chr4	120901223	120901660	processed_pseudogene	ENSMUSG00000082200	+	Gm12871	1660
1661	Gm24678	chr4	120903460	120903563	snRNA	ENSMUSG00000089381	+	Gm24678	1661
1662	Exo5	chr4	120921196	120925017	protein_coding	ENSMUSG00000028629	-	Exo5	1662
1663	Zfp69	chr4	120930137	120951699	protein_coding	ENSMUSG00000064141	-	Zfp69	1663
1664	Smap2	chr4	120968317	121017247	protein_coding	ENSMUSG00000032870	-	Smap2	1664
1665	Mir7015	chr4	120973259	120973322	miRNA	ENSMUSG00000106436	-	Mir7015	1665
1666	Col9a2	chr4	121039385	121055322	protein_coding	ENSMUSG00000028626	+	Col9a2	1666
1667	Zmpste24	chr4	121059237	121098241	protein_coding	ENSMUSG00000043207	-	Zmpste24	1667
1668	Gm26186	chr4	121075798	121075922	snoRNA	ENSMUSG00000088314	-	Gm26186	1668
1669	Gm23540	chr4	121083986	121084149	snRNA	ENSMUSG00000088168	-	Gm23540	1669
1670	Tmco2	chr4	121105651	121109226	protein_coding	ENSMUSG00000078577	-	Tmco2	1670
1671	Gm12882	chr4	121114789	121115305	processed_pseudogene	ENSMUSG00000081423	-	Gm12882	1671
1672	Gm12881	chr4	121120874	121121296	processed_pseudogene	ENSMUSG00000082891	-	Gm12881	1672
1673	Gm12879	chr4	121130118	121131299	processed_pseudogene	ENSMUSG00000081305	+	Gm12879	1673
1674	Gm22982	chr4	121134657	121134975	misc_RNA	ENSMUSG00000064547	+	Gm22982	1674
1675	Rlf	chr4	121145373	121215084	protein_coding	ENSMUSG00000049878	-	Rlf	1675
1676	Gm12890	chr4	121227101	121227473	processed_pseudogene	ENSMUSG00000080706	-	Gm12890	1676
1677	Gm12888	chr4	121316316	121324917	protein_coding	ENSMUSG00000073764	-	Gm12888	1677
1678	Gm12889	chr4	121379794	121380034	processed_pseudogene	ENSMUSG00000083941	+	Gm12889	1678
1679	Gm12885	chr4	121380595	121380922	processed_pseudogene	ENSMUSG00000083901	+	Gm12885	1679
1680	Gm12884	chr4	121381429	121381753	processed_pseudogene	ENSMUSG00000081465	+	Gm12884	1680
1681	Gm12883	chr4	121392992	121396557	unprocessed_pseudogene	ENSMUSG00000081667	+	Gm12883	1681
1682	Gm12886	chr4	121414735	121423099	protein_coding	ENSMUSG00000078576	-	Gm12886	1682
1683	Gm12880	chr4	121476810	121479450	unprocessed_pseudogene	ENSMUSG00000082821	-	Gm12880	1683
1684	Gm26162	chr4	121509472	121509603	snoRNA	ENSMUSG00000088418	+	Gm26162	1684
1685	Gm12887	chr4	121614271	121622103	protein_coding	ENSMUSG00000078575	-	Gm12887	1685
1686	Gm12878	chr4	121641446	121641777	processed_pseudogene	ENSMUSG00000083615	+	Gm12878	1686
1687	Gm12892	chr4	122008193	122009338	processed_pseudogene	ENSMUSG00000083679	+	Gm12892	1687
1688	Gm12897	chr4	122187748	122206656	unprocessed_pseudogene	ENSMUSG00000083949	+	Gm12897	1688
1689	Gm12877	chr4	122582700	122604894	unprocessed_pseudogene	ENSMUSG00000081377	-	Gm12877	1689
1690	Gm12874	chr4	122592984	122594068	processed_pseudogene	ENSMUSG00000084196	+	Gm12874	1690
1691	Gm12875	chr4	122640346	122648326	unprocessed_pseudogene	ENSMUSG00000080871	-	Gm12875	1691
1692	Gm12876	chr4	122660923	122677278	unprocessed_pseudogene	ENSMUSG00000083109	-	Gm12876	1692
1693	9530002B09Rik	chr4	122689275	122705129	protein_coding	ENSMUSG00000023263	+	9530002B09Rik	1693
1694	Gm12872	chr4	122730284	122734733	unprocessed_pseudogene	ENSMUSG00000084082	-	Gm12872	1694
1695	Gm12873	chr4	122778154	122793749	unprocessed_pseudogene	ENSMUSG00000083494	-	Gm12873	1695
1696	Ppt1	chr4	122836242	122859175	protein_coding	ENSMUSG00000028657	+	Ppt1	1696
1697	Cap1	chr4	122859047	122886056	protein_coding	ENSMUSG00000028656	-	Cap1	1697
1698	Gm12891	chr4	122925833	122926072	processed_pseudogene	ENSMUSG00000080929	+	Gm12891	1698
1699	Mfsd2a	chr4	122946850	122961188	protein_coding	ENSMUSG00000028655	-	Mfsd2a	1699
1700	4933421A08Rik	chr4	122961309	122963475	lncRNA	ENSMUSG00000086443	+	4933421A08Rik	1700
1701	Mycl	chr4	122995652	123002485	protein_coding	ENSMUSG00000028654	+	Mycl	1701
1702	Trit1	chr4	123016597	123054949	protein_coding	ENSMUSG00000028653	+	Trit1	1702
1703	Gm12923	chr4	123092765	123094028	lncRNA	ENSMUSG00000086153	-	Gm12923	1703
1704	Bmp8b	chr4	123105165	123132099	protein_coding	ENSMUSG00000002384	+	Bmp8b	1704
1705	Gm17244	chr4	123113349	123116764	TEC	ENSMUSG00000102997	-	Gm17244	1705
1706	Oxct2b	chr4	123116266	123118000	protein_coding	ENSMUSG00000076438	+	Oxct2b	1706
1707	Ppie	chr4	123127115	123139951	protein_coding	ENSMUSG00000028651	-	Ppie	1707
1708	Hpcal4	chr4	123183227	123194701	protein_coding	ENSMUSG00000046093	+	Hpcal4	1708
1709	Nt5c1a	chr4	123201504	123216275	protein_coding	ENSMUSG00000054958	+	Nt5c1a	1709
1710	Heyl	chr4	123233556	123249875	protein_coding	ENSMUSG00000032744	+	Heyl	1710
1711	Gm12901	chr4	123258046	123258904	processed_pseudogene	ENSMUSG00000083720	+	Gm12901	1711
1712	Pabpc4	chr4	123262351	123298925	protein_coding	ENSMUSG00000011257	+	Pabpc4	1712
1713	Gm12900	chr4	123274900	123275472	processed_pseudogene	ENSMUSG00000082634	-	Gm12900	1713
1714	Gm25788	chr4	123291344	123291474	snoRNA	ENSMUSG00000064655	+	Gm25788	1714
1715	Gm22154	chr4	123293152	123293282	snoRNA	ENSMUSG00000065778	+	Gm22154	1715
1716	Bmp8a	chr4	123312645	123343252	protein_coding	ENSMUSG00000032726	-	Bmp8a	1716
1717	Oxct2a	chr4	123321875	123323634	protein_coding	ENSMUSG00000076436	-	Oxct2a	1717
1718	Macf1	chr4	123349633	123684360	protein_coding	ENSMUSG00000028649	-	Macf1	1718
1719	Gm12924	chr4	123435617	123435934	processed_pseudogene	ENSMUSG00000081528	+	Gm12924	1719
1720	Gm23548	chr4	123490231	123490336	misc_RNA	ENSMUSG00000089588	+	Gm23548	1720
1721	Mir6398	chr4	123616420	123616521	miRNA	ENSMUSG00000099005	+	Mir6398	1721
1722	Gm12926	chr4	123630295	123630703	processed_pseudogene	ENSMUSG00000081585	+	Gm12926	1722
1723	Gm12925	chr4	123665881	123671217	lncRNA	ENSMUSG00000087307	+	Gm12925	1723
1724	Gm12922	chr4	123709219	123710027	processed_pseudogene	ENSMUSG00000081170	-	Gm12922	1724
1725	Ndufs5	chr4	123712710	123718202	protein_coding	ENSMUSG00000028648	-	Ndufs5	1725
1726	Akirin1	chr4	123734559	123750345	protein_coding	ENSMUSG00000023075	-	Akirin1	1726
1727	Rhbdl2	chr4	123787874	123829904	protein_coding	ENSMUSG00000043333	+	Rhbdl2	1727
1728	1700121C08Rik	chr4	123833622	123859513	lncRNA	ENSMUSG00000086275	-	1700121C08Rik	1728
1729	Gm12904	chr4	123838104	123839502	processed_pseudogene	ENSMUSG00000082310	+	Gm12904	1729
1730	4933427I04Rik	chr4	123859679	123863165	lncRNA	ENSMUSG00000073761	+	4933427I04Rik	1730
1731	D130007C19Rik	chr4	123902129	123903634	pseudogene	ENSMUSG00000054304	-	D130007C19Rik	1731
1732	Gm12903	chr4	123902422	123902965	processed_pseudogene	ENSMUSG00000080993	+	Gm12903	1732
1733	Mycbp	chr4	123904832	123912269	protein_coding	ENSMUSG00000028647	+	Mycbp	1733
1734	Gm12905	chr4	123905062	123918023	lncRNA	ENSMUSG00000085875	-	Gm12905	1734
1735	Rragc	chr4	123917446	123936997	protein_coding	ENSMUSG00000028646	+	Rragc	1735
1736	Gm12902	chr4	123926234	123926555	processed_pseudogene	ENSMUSG00000082515	+	Gm12902	1736
1737	Gm37667	chr4	124277777	124279177	TEC	ENSMUSG00000103541	-	Gm37667	1737
1738	Gm12916	chr4	124293693	124299848	lncRNA	ENSMUSG00000086087	-	Gm12916	1738
1739	1700021L23Rik	chr4	124302837	124311461	lncRNA	ENSMUSG00000086955	-	1700021L23Rik	1739
1740	4933435F18Rik	chr4	124326308	124332508	lncRNA	ENSMUSG00000086978	-	4933435F18Rik	1740
1741	Gm22983	chr4	124335578	124335681	snRNA	ENSMUSG00000088933	-	Gm22983	1741
1742	1700057H15Rik	chr4	124414416	124485959	lncRNA	ENSMUSG00000084757	-	1700057H15Rik	1742
1743	Gm2164	chr4	124528924	124657169	lncRNA	ENSMUSG00000098760	-	Gm2164	1743
1744	4933407E24Rik	chr4	124569190	124574645	lncRNA	ENSMUSG00000073759	+	4933407E24Rik	1744
1745	Pou3f1	chr4	124656807	124660655	protein_coding	ENSMUSG00000090125	+	Pou3f1	1745
1746	Utp11	chr4	124678160	124693600	protein_coding	ENSMUSG00000028907	-	Utp11	1746
1747	Gm24480	chr4	124697505	124697607	snRNA	ENSMUSG00000088067	-	Gm24480	1747
1748	Fhl3	chr4	124700701	124708611	protein_coding	ENSMUSG00000032643	+	Fhl3	1748
1749	Sf3a3	chr4	124714776	124732460	protein_coding	ENSMUSG00000028902	+	Sf3a3	1749
1750	Gm12917	chr4	124718999	124719637	processed_pseudogene	ENSMUSG00000083104	+	Gm12917	1750
1751	Mir697	chr4	124731694	124731802	miRNA	ENSMUSG00000076271	+	Mir697	1751
1752	Gm12915	chr4	124735730	124751354	lncRNA	ENSMUSG00000086589	-	Gm12915	1752
1753	Gm24721	chr4	124735839	124735948	miRNA	ENSMUSG00000096411	+	Gm24721	1753
1754	Inpp5b	chr4	124741850	124801511	protein_coding	ENSMUSG00000028894	+	Inpp5b	1754
1755	Mir698	chr4	124743781	124743889	miRNA	ENSMUSG00000076119	+	Mir698	1755
1756	Mtf1	chr4	124802104	124849800	protein_coding	ENSMUSG00000028890	+	Mtf1	1756
1757	n-R5s192	chr4	124820821	124820939	rRNA	ENSMUSG00000084526	+	n-R5s192	1757
1758	1110065P20Rik	chr4	124849080	124851196	protein_coding	ENSMUSG00000078570	-	1110065P20Rik	1758
1759	Yrdc	chr4	124850679	124855242	protein_coding	ENSMUSG00000028889	+	Yrdc	1759
1760	Maneal	chr4	124855239	124862171	protein_coding	ENSMUSG00000042763	-	Maneal	1760
1761	Epha10	chr4	124880899	124917800	protein_coding	ENSMUSG00000028876	+	Epha10	1761
1762	1700125G02Rik	chr4	124890888	124894782	lncRNA	ENSMUSG00000085263	-	1700125G02Rik	1762
1763	Cdca8	chr4	124918465	124939311	protein_coding	ENSMUSG00000028873	-	Cdca8	1763
1764	9930104L06Rik	chr4	124937048	124944656	protein_coding	ENSMUSG00000044730	+	9930104L06Rik	1764
1765	Gm12930	chr4	124957647	124987009	lncRNA	ENSMUSG00000087011	-	Gm12930	1765
1766	Rspo1	chr4	124986430	125009099	protein_coding	ENSMUSG00000028871	+	Rspo1	1766
1767	Gnl2	chr4	125016585	125055380	protein_coding	ENSMUSG00000028869	+	Gnl2	1767
1768	Gm12931	chr4	125019500	125019823	processed_pseudogene	ENSMUSG00000080934	+	Gm12931	1768
1769	Dnali1	chr4	125055338	125065703	protein_coding	ENSMUSG00000042707	-	Dnali1	1769
1770	Snip1	chr4	125066672	125074042	protein_coding	ENSMUSG00000050213	+	Snip1	1770
1771	Gm12932	chr4	125082857	125084947	lncRNA	ENSMUSG00000086342	-	Gm12932	1771
1772	Meaf6	chr4	125085134	125113238	protein_coding	ENSMUSG00000028863	+	Meaf6	1772
1773	Zc3h12a	chr4	125118423	125127840	protein_coding	ENSMUSG00000042677	-	Zc3h12a	1773
1774	1700041M05Rik	chr4	125228597	125242052	lncRNA	ENSMUSG00000087010	+	1700041M05Rik	1774
1775	Grik3	chr4	125490700	125714173	protein_coding	ENSMUSG00000001985	+	Grik3	1775
1776	Ftl2-ps	chr4	125504288	125504839	processed_pseudogene	ENSMUSG00000082062	+	Ftl2-ps	1776
1777	Mir692-2	chr4	125504749	125504857	miRNA	ENSMUSG00000094403	+	Mir692-2	1777
1778	2610028E06Rik	chr4	125887851	125922417	lncRNA	ENSMUSG00000085562	-	2610028E06Rik	1778
1779	Csf3r	chr4	126024550	126044440	protein_coding	ENSMUSG00000028859	+	Csf3r	1779
1780	Mrps15	chr4	126046925	126055532	protein_coding	ENSMUSG00000028861	+	Mrps15	1780
1781	Oscp1	chr4	126058565	126092195	protein_coding	ENSMUSG00000042616	+	Oscp1	1781
1782	Rpl28-ps3	chr4	126069867	126070259	processed_pseudogene	ENSMUSG00000079942	-	Rpl28-ps3	1782
1783	Lsm10	chr4	126096623	126098584	protein_coding	ENSMUSG00000050188	+	Lsm10	1783
1784	Stk40	chr4	126103957	126141029	protein_coding	ENSMUSG00000042608	+	Stk40	1784
1785	Gm12946	chr4	126145979	126147735	lncRNA	ENSMUSG00000086961	+	Gm12946	1785
1786	Eva1b	chr4	126147744	126149875	protein_coding	ENSMUSG00000050212	+	Eva1b	1786
1787	Sh3d21	chr4	126150602	126163491	protein_coding	ENSMUSG00000073758	-	Sh3d21	1787
1788	Thrap3	chr4	126164082	126202760	protein_coding	ENSMUSG00000043962	-	Thrap3	1788
1789	Gm25323	chr4	126201175	126201277	snRNA	ENSMUSG00000084504	-	Gm25323	1789
1790	Map7d1	chr4	126232167	126256343	protein_coding	ENSMUSG00000028849	-	Map7d1	1790
1791	Trappc3	chr4	126262325	126275883	protein_coding	ENSMUSG00000028847	+	Trappc3	1791
1792	Col8a2	chr4	126286793	126314330	protein_coding	ENSMUSG00000056174	+	Col8a2	1792
1793	Adprhl2	chr4	126316047	126321703	protein_coding	ENSMUSG00000042558	-	Adprhl2	1793
1794	Tekt2	chr4	126322121	126325688	protein_coding	ENSMUSG00000028845	-	Tekt2	1794
1795	Gm12945	chr4	126323599	126325237	lncRNA	ENSMUSG00000087394	+	Gm12945	1795
1796	Ago3	chr4	126331704	126429556	protein_coding	ENSMUSG00000028842	-	Ago3	1796
1797	Ago1	chr4	126435012	126468583	protein_coding	ENSMUSG00000041530	-	Ago1	1797
1798	Gm12929	chr4	126476302	126476671	processed_pseudogene	ENSMUSG00000084099	-	Gm12929	1798
1799	Gm12928	chr4	126476727	126477299	processed_pseudogene	ENSMUSG00000082381	-	Gm12928	1799
1800	Ago4	chr4	126489541	126533472	protein_coding	ENSMUSG00000042500	-	Ago4	1800
1801	Gm12935	chr4	126521669	126522087	processed_pseudogene	ENSMUSG00000083461	+	Gm12935	1801
1802	Gm12934	chr4	126524330	126524672	processed_pseudogene	ENSMUSG00000082888	-	Gm12934	1802
1803	Clspn	chr4	126556935	126593903	protein_coding	ENSMUSG00000042489	+	Clspn	1803
1804	Mir7119	chr4	126559860	126559918	miRNA	ENSMUSG00000098831	+	Mir7119	1804
1805	Gm12936	chr4	126584509	126584809	processed_pseudogene	ENSMUSG00000081319	-	Gm12936	1805
1806	5730409E04Rik	chr4	126609818	126614371	protein_coding	ENSMUSG00000073755	+	5730409E04Rik	1806
1807	Gm12933	chr4	126665254	126666125	processed_pseudogene	ENSMUSG00000081210	+	Gm12933	1807
1808	Psmb2	chr4	126677630	126709714	protein_coding	ENSMUSG00000028837	+	Psmb2	1808
1809	Tfap2e	chr4	126716006	126736240	protein_coding	ENSMUSG00000042477	-	Tfap2e	1809
1810	Ncdn	chr4	126743750	126753438	protein_coding	ENSMUSG00000028833	-	Ncdn	1810
1811	AU040320	chr4	126753544	126870070	protein_coding	ENSMUSG00000028830	+	AU040320	1811
1812	Gm12937	chr4	126795473	126796415	processed_pseudogene	ENSMUSG00000082498	-	Gm12937	1812
1813	Gm24161	chr4	126818016	126818145	snoRNA	ENSMUSG00000077780	-	Gm24161	1813
1814	Gm25604	chr4	126860980	126861112	snoRNA	ENSMUSG00000088984	-	Gm25604	1814
1815	Zmym4	chr4	126861939	126968135	protein_coding	ENSMUSG00000042446	-	Zmym4	1815
1816	Gm12939	chr4	126983439	126983603	processed_pseudogene	ENSMUSG00000081609	+	Gm12939	1816
1817	Sfpq	chr4	127021324	127037013	protein_coding	ENSMUSG00000028820	+	Sfpq	1817
1818	Gm12940	chr4	127033731	127049398	lncRNA	ENSMUSG00000085334	+	Gm12940	1818
1819	Gm12941	chr4	127046383	127046602	processed_pseudogene	ENSMUSG00000084088	+	Gm12941	1819
1820	Zmym1	chr4	127047094	127061152	protein_coding	ENSMUSG00000043872	-	Zmym1	1820
1821	Gm12944	chr4	127056262	127056724	processed_pseudogene	ENSMUSG00000084149	+	Gm12944	1821
1822	Zmym6	chr4	127077383	127124372	protein_coding	ENSMUSG00000042408	+	Zmym6	1822
1823	Gm25600	chr4	127108466	127108571	snRNA	ENSMUSG00000088982	-	Gm25600	1823
1824	Tmem35b	chr4	127123691	127129644	protein_coding	ENSMUSG00000070737	+	Tmem35b	1824
1825	Gm12943	chr4	127141279	127141488	processed_pseudogene	ENSMUSG00000082220	-	Gm12943	1825
1826	Dlgap3	chr4	127169204	127237022	protein_coding	ENSMUSG00000042388	+	Dlgap3	1826
1827	Smim12	chr4	127243784	127247809	protein_coding	ENSMUSG00000042380	+	Smim12	1827
1828	Gm22221	chr4	127284731	127284833	snRNA	ENSMUSG00000087987	-	Gm22221	1828
1829	Gm12948	chr4	127296784	127297465	processed_pseudogene	ENSMUSG00000082047	-	Gm12948	1829
1830	Gja4	chr4	127311421	127314039	protein_coding	ENSMUSG00000050234	-	Gja4	1830
1831	Gjb3	chr4	127325235	127330844	protein_coding	ENSMUSG00000042367	-	Gjb3	1831
1832	Gjb4	chr4	127351086	127354081	protein_coding	ENSMUSG00000046623	-	Gjb4	1832
1833	Gjb5	chr4	127354809	127358181	protein_coding	ENSMUSG00000042357	-	Gjb5	1833
1834	Gm12947	chr4	127408379	127408798	processed_pseudogene	ENSMUSG00000079998	-	Gm12947	1834
1835	4930471C06Rik	chr4	127474848	127476840	lncRNA	ENSMUSG00000086138	+	4930471C06Rik	1835
1836	1700080G11Rik	chr4	127531622	127532885	lncRNA	ENSMUSG00000086771	+	1700080G11Rik	1836
1837	A630031M04Rik	chr4	127545101	127570502	lncRNA	ENSMUSG00000087470	+	A630031M04Rik	1837
1838	1700112K13Rik	chr4	127810638	127812173	lncRNA	ENSMUSG00000087510	-	1700112K13Rik	1838
1839	CK137956	chr4	127927592	127970951	protein_coding	ENSMUSG00000028813	-	CK137956	1839
1840	Csmd2	chr4	127987857	128567656	protein_coding	ENSMUSG00000028804	+	Csmd2	1840
1841	Csmd2os	chr4	128133523	128166967	lncRNA	ENSMUSG00000087459	-	Csmd2os	1841
1842	Hmgb4	chr4	128260212	128260957	protein_coding	ENSMUSG00000048686	-	Hmgb4	1842
1843	Hmgb4os	chr4	128261044	128262990	lncRNA	ENSMUSG00000085717	+	Hmgb4os	1843
1844	Zscan20	chr4	128583539	128610098	protein_coding	ENSMUSG00000061894	-	Zscan20	1844
1845	Tlr12	chr4	128615443	128618619	protein_coding	ENSMUSG00000062545	-	Tlr12	1845
1846	Gm12958	chr4	128637471	128638447	lncRNA	ENSMUSG00000084891	+	Gm12958	1846
1847	Phc2	chr4	128654702	128752881	protein_coding	ENSMUSG00000028796	+	Phc2	1847
1848	A3galt2	chr4	128755364	128769298	protein_coding	ENSMUSG00000028794	+	A3galt2	1848
1849	Zfp362	chr4	128773088	128806045	protein_coding	ENSMUSG00000028799	-	Zfp362	1849
1850	Gm12968	chr4	128846197	128873698	lncRNA	ENSMUSG00000085701	+	Gm12968	1850
1851	Gm12969	chr4	128868393	128869396	processed_pseudogene	ENSMUSG00000084011	-	Gm12969	1851
1852	Trim62	chr4	128883580	128911328	protein_coding	ENSMUSG00000041000	+	Trim62	1852
1853	Azin2	chr4	128930233	128962442	protein_coding	ENSMUSG00000028789	-	Azin2	1853
1854	Gm15904	chr4	128936005	128940195	lncRNA	ENSMUSG00000085961	+	Gm15904	1854
1855	Ak2	chr4	128991958	129011529	protein_coding	ENSMUSG00000028792	+	Ak2	1855
1856	1700086P04Rik	chr4	129050097	129057983	lncRNA	ENSMUSG00000085085	-	1700086P04Rik	1856
1857	Rnf19b	chr4	129058271	129085886	protein_coding	ENSMUSG00000028793	+	Rnf19b	1857
1858	Tmem54	chr4	129105548	129111626	protein_coding	ENSMUSG00000028786	+	Tmem54	1858
1859	Hpca	chr4	129111570	129122036	protein_coding	ENSMUSG00000028785	-	Hpca	1859
1860	Gm15906	chr4	129135091	129136910	lncRNA	ENSMUSG00000087416	+	Gm15906	1860
1861	Fndc5	chr4	129136999	129144593	protein_coding	ENSMUSG00000001334	+	Fndc5	1861
1862	S100pbp	chr4	129148005	129189727	protein_coding	ENSMUSG00000040928	-	S100pbp	1862
1863	Yars	chr4	129189760	129219607	protein_coding	ENSMUSG00000028811	+	Yars	1863
1864	C77080	chr4	129219578	129261404	protein_coding	ENSMUSG00000050390	-	C77080	1864
1865	Gm12976	chr4	129261965	129265010	lncRNA	ENSMUSG00000087575	+	Gm12976	1865
1866	Gm22994	chr4	129282865	129282946	miRNA	ENSMUSG00000093163	-	Gm22994	1866
1867	Sync	chr4	129287617	129308559	protein_coding	ENSMUSG00000001333	+	Sync	1867
1868	Rbbp4	chr4	129307100	129335370	protein_coding	ENSMUSG00000057236	-	Rbbp4	1868
1869	Zbtb8os	chr4	129335695	129354547	protein_coding	ENSMUSG00000057572	+	Zbtb8os	1869
1870	Zbtb8a	chr4	129353628	129378116	protein_coding	ENSMUSG00000028807	-	Zbtb8a	1870
1871	Zbtb8b	chr4	129425765	129440853	protein_coding	ENSMUSG00000048485	-	Zbtb8b	1871
1872	Gm24621	chr4	129458351	129458490	snRNA	ENSMUSG00000064613	+	Gm24621	1872
1873	Bsdc1	chr4	129461581	129488498	protein_coding	ENSMUSG00000040859	+	Bsdc1	1873
1874	Tssk3	chr4	129489014	129491022	protein_coding	ENSMUSG00000000411	-	Tssk3	1874
1875	Fam229a	chr4	129491190	129491956	protein_coding	ENSMUSG00000078554	+	Fam229a	1875
1876	Gm12979	chr4	129491969	129509746	lncRNA	ENSMUSG00000086336	-	Gm12979	1876
1877	Marcksl1	chr4	129513581	129515985	protein_coding	ENSMUSG00000047945	+	Marcksl1	1877
1878	Hdac1	chr4	129516104	129542713	protein_coding	ENSMUSG00000028800	-	Hdac1	1878
1879	Lck	chr4	129548344	129573641	protein_coding	ENSMUSG00000000409	-	Lck	1879
1880	Mir8119	chr4	129557683	129557811	miRNA	ENSMUSG00000099070	-	Mir8119	1880
1881	Fam167b	chr4	129576815	129578549	protein_coding	ENSMUSG00000050493	-	Fam167b	1881
1882	Eif3i	chr4	129591960	129600648	protein_coding	ENSMUSG00000028798	-	Eif3i	1882
1883	Tmem234	chr4	129600668	129624059	protein_coding	ENSMUSG00000028797	+	Tmem234	1883
1884	Dcdc2b	chr4	129608331	129614257	protein_coding	ENSMUSG00000078552	-	Dcdc2b	1884
1885	Iqcc	chr4	129615126	129619099	protein_coding	ENSMUSG00000040795	-	Iqcc	1885
1886	Ccdc28b	chr4	129619274	129623947	protein_coding	ENSMUSG00000028795	-	Ccdc28b	1886
1887	Txlna	chr4	129626078	129641065	protein_coding	ENSMUSG00000053841	-	Txlna	1887
1888	Kpna6	chr4	129643980	129672767	protein_coding	ENSMUSG00000003731	-	Kpna6	1888
1889	Tmem39b	chr4	129676355	129696838	protein_coding	ENSMUSG00000053730	-	Tmem39b	1889
1890	Mir7016	chr4	129684500	129684571	miRNA	ENSMUSG00000098422	-	Mir7016	1890
1891	Khdrbs1	chr4	129703164	129742303	protein_coding	ENSMUSG00000028790	-	Khdrbs1	1891
1892	Gm12967	chr4	129761628	129761916	processed_pseudogene	ENSMUSG00000080944	-	Gm12967	1892
1893	Gm28017	chr4	129762311	129762436	miRNA	ENSMUSG00000099322	-	Gm28017	1893
1894	Ptp4a2	chr4	129811219	129850003	protein_coding	ENSMUSG00000028788	+	Ptp4a2	1894
1895	Gm10571	chr4	129855071	129856710	pseudogene	ENSMUSG00000073753	+	Gm10571	1895
1896	Gm23845	chr4	129895573	129895724	snRNA	ENSMUSG00000065768	+	Gm23845	1896
1897	Gm12966	chr4	129899093	129899902	processed_pseudogene	ENSMUSG00000070729	+	Gm12966	1897
1898	E330017L17Rik	chr4	129906216	129919787	lncRNA	ENSMUSG00000086369	+	E330017L17Rik	1898
1899	Spocd1	chr4	129929249	129957115	protein_coding	ENSMUSG00000028784	+	Spocd1	1899
1900	1700003M07Rik	chr4	129960374	129963657	lncRNA	ENSMUSG00000085389	+	1700003M07Rik	1900
1901	Adgrb2	chr4	129984870	130022633	protein_coding	ENSMUSG00000028782	+	Adgrb2	1901
1902	Gm12963	chr4	130024256	130047774	lncRNA	ENSMUSG00000085517	-	Gm12963	1902
1903	Col16a1	chr4	130047840	130099283	protein_coding	ENSMUSG00000040690	+	Col16a1	1903
1904	Pef1	chr4	130102558	130128135	protein_coding	ENSMUSG00000028779	+	Pef1	1904
1905	Hcrtr1	chr4	130130217	130139359	protein_coding	ENSMUSG00000028778	-	Hcrtr1	1905
1906	Tinagl1	chr4	130164454	130175122	protein_coding	ENSMUSG00000028776	-	Tinagl1	1906
1907	Ldc1	chr4	130209109	130222401	protein_coding	ENSMUSG00000023120	-	Ldc1	1907
1908	Serinc2	chr4	130253495	130279205	protein_coding	ENSMUSG00000023232	-	Serinc2	1908
1909	Gm10570	chr4	130306556	130308674	lncRNA	ENSMUSG00000073752	-	Gm10570	1909
1910	Fabp3	chr4	130308595	130315463	protein_coding	ENSMUSG00000028773	+	Fabp3	1910
1911	Zcchc17	chr4	130315383	130359943	protein_coding	ENSMUSG00000028772	-	Zcchc17	1911
1912	Snrnp40	chr4	130360132	130390026	protein_coding	ENSMUSG00000074088	+	Snrnp40	1912
1913	Nkain1	chr4	130531602	130574173	protein_coding	ENSMUSG00000078532	-	Nkain1	1913
1914	Pum1	chr4	130663321	130781564	protein_coding	ENSMUSG00000028580	+	Pum1	1914
1915	Snord85	chr4	130749634	130749706	snoRNA	ENSMUSG00000065196	+	Snord85	1915
1916	Gm12971	chr4	130758563	130762379	lncRNA	ENSMUSG00000087449	+	Gm12971	1916
1917	Gm24091	chr4	130766331	130766413	snoRNA	ENSMUSG00000093793	+	Gm24091	1917
1918	Gm23711	chr4	130775741	130775823	snoRNA	ENSMUSG00000095119	+	Gm23711	1918
1919	Gm12972	chr4	130786069	130787855	lncRNA	ENSMUSG00000086548	+	Gm12972	1919
1920	Sdc3	chr4	130792537	130826319	protein_coding	ENSMUSG00000025743	+	Sdc3	1920
1921	Gm12970	chr4	130811617	130812326	lncRNA	ENSMUSG00000087451	-	Gm12970	1921
1922	Gm26716	chr4	130824394	130826313	lncRNA	ENSMUSG00000097224	-	Gm26716	1922
1923	Gm22660	chr4	130857751	130857880	snoRNA	ENSMUSG00000077381	-	Gm22660	1923
1924	Laptm5	chr4	130913125	130936141	protein_coding	ENSMUSG00000028581	+	Laptm5	1924
1925	Matn1	chr4	130944385	130955475	protein_coding	ENSMUSG00000040533	+	Matn1	1925
1926	Gm12973	chr4	130974790	131001339	lncRNA	ENSMUSG00000085804	+	Gm12973	1926
1927	A930031H19Rik	chr4	131000832	131010474	lncRNA	ENSMUSG00000086262	-	A930031H19Rik	1927
1928	Gm25261	chr4	131239277	131239410	snoRNA	ENSMUSG00000088041	+	Gm25261	1928
1929	Gm831	chr4	131487197	131505527	lncRNA	ENSMUSG00000078531	+	Gm831	1929
1930	Gm12962	chr4	131647048	131677845	lncRNA	ENSMUSG00000087171	-	Gm12962	1930
1931	Gm16080	chr4	131694607	131710508	lncRNA	ENSMUSG00000086856	-	Gm16080	1931
1932	Ptpru	chr4	131768457	131838288	protein_coding	ENSMUSG00000028909	-	Ptpru	1932
1933	Mecr	chr4	131843470	131867786	protein_coding	ENSMUSG00000028910	+	Mecr	1933
1934	Srsf4	chr4	131873617	131901706	protein_coding	ENSMUSG00000028911	+	Srsf4	1934
1935	A930004J17Rik	chr4	131878628	131883237	TEC	ENSMUSG00000102602	+	A930004J17Rik	1935
1936	Gm12992	chr4	131899478	131920029	lncRNA	ENSMUSG00000085667	-	Gm12992	1936
1937	Gm12978	chr4	131902790	131903311	transcribed_processed_pseudogene	ENSMUSG00000083013	-	Gm12978	1937
1938	AL607088.1	chr4	131920816	131921528	lncRNA	ENSMUSG00000118394	-	AL607088.1	1938
1939	Tmem200b	chr4	131921200	131923140	protein_coding	ENSMUSG00000070720	+	Tmem200b	1939
1940	Epb41	chr4	131923413	132075321	protein_coding	ENSMUSG00000028906	-	Epb41	1940
1941	Gm27445	chr4	131992218	131992289	miRNA	ENSMUSG00000098577	-	Gm27445	1941
1942	Gm13063	chr4	132048178	132048961	lncRNA	ENSMUSG00000084869	+	Gm13063	1942
1943	Gm10300	chr4	132074697	132076992	lncRNA	ENSMUSG00000070717	+	Gm10300	1943
1944	Gm13214	chr4	132093891	132094298	processed_pseudogene	ENSMUSG00000083368	+	Gm13214	1944
1945	Gm37711	chr4	132104830	132109363	TEC	ENSMUSG00000102796	-	Gm37711	1945
1946	Oprd1	chr4	132110726	132144486	protein_coding	ENSMUSG00000050511	-	Oprd1	1946
1947	Gm13215	chr4	132148413	132148884	processed_pseudogene	ENSMUSG00000081394	-	Gm13215	1947
1948	Ythdf2	chr4	132184912	132212303	protein_coding	ENSMUSG00000040025	-	Ythdf2	1948
1949	Gm22033	chr4	132218439	132218528	miRNA	ENSMUSG00000080597	-	Gm22033	1949
1950	Rps15a-ps4	chr4	132219988	132220489	transcribed_processed_pseudogene	ENSMUSG00000083757	-	Rps15a-ps4	1950
1951	Gmeb1	chr4	132221025	132261602	protein_coding	ENSMUSG00000028901	-	Gmeb1	1951
1952	Gm13252	chr4	132244946	132245266	processed_pseudogene	ENSMUSG00000084105	-	Gm13252	1952
1953	Gm28874	chr4	132265708	132268841	lncRNA	ENSMUSG00000100813	+	Gm28874	1953
1954	Gm28872	chr4	132270056	132270213	lncRNA	ENSMUSG00000099937	+	Gm28872	1954
1955	Rnu11	chr4	132270080	132270213	snRNA	ENSMUSG00000077323	-	Rnu11	1955
1956	Taf12	chr4	132274375	132295766	protein_coding	ENSMUSG00000028899	+	Taf12	1956
1957	Rab42	chr4	132302197	132303385	protein_coding	ENSMUSG00000089687	-	Rab42	1957
1958	Snhg12	chr4	132308623	132311024	lncRNA	ENSMUSG00000086290	+	Snhg12	1958
1959	Snora16a	chr4	132309465	132309600	snoRNA	ENSMUSG00000065097	+	Snora16a	1959
1960	Snora44	chr4	132309941	132310069	snoRNA	ENSMUSG00000064604	+	Snora44	1960
1961	Snora61	chr4	132310240	132310369	snoRNA	ENSMUSG00000064949	+	Snora61	1961
1962	Snord99	chr4	132310691	132310764	snoRNA	ENSMUSG00000080615	+	Snord99	1962
1963	Trnau1ap	chr4	132311763	132329538	protein_coding	ENSMUSG00000028898	-	Trnau1ap	1963
1964	Rcc1	chr4	132331919	132353605	protein_coding	ENSMUSG00000028896	-	Rcc1	1964
1965	Snhg3	chr4	132348014	132353686	lncRNA	ENSMUSG00000085241	-	Snhg3	1965
1966	Gm17300	chr4	132351772	132353382	lncRNA	ENSMUSG00000091021	+	Gm17300	1966
1967	Snora73b	chr4	132352322	132352526	snoRNA	ENSMUSG00000065353	-	Snora73b	1967
1968	Snora73a	chr4	132352775	132352979	snoRNA	ENSMUSG00000064387	-	Snora73a	1968
1969	Phactr4	chr4	132355923	132422489	protein_coding	ENSMUSG00000066043	-	Phactr4	1969
1970	Gm25707	chr4	132408309	132408404	miRNA	ENSMUSG00000096350	+	Gm25707	1970
1971	Med18	chr4	132458731	132463921	protein_coding	ENSMUSG00000066042	-	Med18	1971
1972	Sesn2	chr4	132492032	132510501	protein_coding	ENSMUSG00000028893	-	Sesn2	1972
1973	Gm12981	chr4	132503561	132509649	lncRNA	ENSMUSG00000086997	-	Gm12981	1973
1974	Atpif1	chr4	132530555	132533659	protein_coding	ENSMUSG00000054428	-	Atpif1	1974
1975	Gm12999	chr4	132532687	132533601	lncRNA	ENSMUSG00000087352	+	Gm12999	1975
1976	Dnajc8	chr4	132535550	132553742	protein_coding	ENSMUSG00000054405	+	Dnajc8	1976
1977	Gm24762	chr4	132547104	132547207	snRNA	ENSMUSG00000065623	-	Gm24762	1977
1978	Ptafr	chr4	132564067	132582683	protein_coding	ENSMUSG00000056529	+	Ptafr	1978
1979	Eya3	chr4	132638987	132724765	protein_coding	ENSMUSG00000028886	+	Eya3	1979
1980	Xkr8	chr4	132724897	132732546	protein_coding	ENSMUSG00000037752	-	Xkr8	1980
1981	Smpdl3b	chr4	132732966	132757252	protein_coding	ENSMUSG00000028885	-	Smpdl3b	1981
1982	Rpa2	chr4	132768332	132778752	protein_coding	ENSMUSG00000028884	+	Rpa2	1982
1983	Themis2	chr4	132781843	132796387	protein_coding	ENSMUSG00000037731	-	Themis2	1983
1984	Gm13022	chr4	132801970	132802254	processed_pseudogene	ENSMUSG00000081647	-	Gm13022	1984
1985	Ppp1r8	chr4	132826929	132843169	protein_coding	ENSMUSG00000028882	-	Ppp1r8	1985
1986	Gm22767	chr4	132838383	132838547	scaRNA	ENSMUSG00000088990	-	Gm22767	1986
1987	Stx12	chr4	132853501	132884509	protein_coding	ENSMUSG00000028879	-	Stx12	1987
1988	Gm13033	chr4	132884763	132886626	processed_pseudogene	ENSMUSG00000083816	+	Gm13033	1988
1989	Fam76a	chr4	132899213	132922558	protein_coding	ENSMUSG00000028878	-	Fam76a	1989
1990	Gm24913	chr4	132931211	132931317	snRNA	ENSMUSG00000087911	-	Gm24913	1990
1991	Fgr	chr4	132974095	133001910	protein_coding	ENSMUSG00000028874	+	Fgr	1991
1992	Ahdc1	chr4	133011260	133078110	protein_coding	ENSMUSG00000037692	+	Ahdc1	1992
1993	Wasf2	chr4	133130505	133199756	protein_coding	ENSMUSG00000028868	+	Wasf2	1993
1994	Gm24636	chr4	133171427	133171714	misc_RNA	ENSMUSG00000089298	-	Gm24636	1994
1995	Mir7017	chr4	133195655	133195716	miRNA	ENSMUSG00000099202	+	Mir7017	1995
1996	Gpr3	chr4	133209340	133212536	protein_coding	ENSMUSG00000049649	-	Gpr3	1996
1997	Cd164l2	chr4	133212131	133224555	protein_coding	ENSMUSG00000028865	+	Cd164l2	1997
1998	Map3k6	chr4	133240818	133252929	protein_coding	ENSMUSG00000028862	+	Map3k6	1998
1999	Sytl1	chr4	133253090	133263113	protein_coding	ENSMUSG00000028860	-	Sytl1	1999
2000	Tmem222	chr4	133266045	133277792	protein_coding	ENSMUSG00000028857	-	Tmem222	2000
2001	Gm13259	chr4	133280857	133281312	processed_pseudogene	ENSMUSG00000083241	-	Gm13259	2001
2002	Wdtc1	chr4	133292459	133353481	protein_coding	ENSMUSG00000037622	-	Wdtc1	2002
2003	Slc9a1	chr4	133369706	133423702	protein_coding	ENSMUSG00000028854	+	Slc9a1	2003
2004	Mir5122	chr4	133369776	133369864	miRNA	ENSMUSG00000092745	+	Mir5122	2004
2005	Gm13257	chr4	133479356	133482526	lncRNA	ENSMUSG00000086850	-	Gm13257	2005
2006	Tent5b	chr4	133480132	133487938	protein_coding	ENSMUSG00000046694	+	Tent5b	2006
2007	Trnp1	chr4	133491100	133498550	protein_coding	ENSMUSG00000056596	-	Trnp1	2007
2008	Kdf1	chr4	133518963	133530790	protein_coding	ENSMUSG00000037600	+	Kdf1	2008
2009	Nudc	chr4	133532542	133545996	protein_coding	ENSMUSG00000028851	-	Nudc	2009
2010	Nr0b2	chr4	133553376	133556536	protein_coding	ENSMUSG00000037583	+	Nr0b2	2010
2011	Gm23158	chr4	133558824	133558949	miRNA	ENSMUSG00000093886	-	Gm23158	2011
2012	Gpatch3	chr4	133574745	133584243	protein_coding	ENSMUSG00000028850	+	Gpatch3	2012
2013	Gpn2	chr4	133584362	133591735	protein_coding	ENSMUSG00000028848	+	Gpn2	2013
2014	Sfn	chr4	133600556	133602168	protein_coding	ENSMUSG00000047281	-	Sfn	2014
2015	Zdhhc18	chr4	133605299	133650154	protein_coding	ENSMUSG00000037553	-	Zdhhc18	2015
2016	Gm13213	chr4	133638210	133638683	processed_pseudogene	ENSMUSG00000083885	-	Gm13213	2016
2017	Gm22662	chr4	133654002	133654257	misc_RNA	ENSMUSG00000093031	+	Gm22662	2017
2018	Pigv	chr4	133660387	133672647	protein_coding	ENSMUSG00000043257	-	Pigv	2018
2019	Arid1a	chr4	133679008	133756769	protein_coding	ENSMUSG00000007880	-	Arid1a	2019
2020	Mir7227	chr4	133717050	133717108	miRNA	ENSMUSG00000104566	-	Mir7227	2020
2021	Gm25270	chr4	133797582	133797719	snRNA	ENSMUSG00000084555	-	Gm25270	2021
2022	Gm12974	chr4	133816420	133817614	lncRNA	ENSMUSG00000084789	+	Gm12974	2022
2023	Rps6ka1	chr4	133847290	133887797	protein_coding	ENSMUSG00000003644	-	Rps6ka1	2023
2024	Gm12977	chr4	133871830	133876533	lncRNA	ENSMUSG00000085009	+	Gm12977	2024
2025	Gm12985	chr4	133882945	133883127	processed_pseudogene	ENSMUSG00000080946	-	Gm12985	2025
2026	Gm22523	chr4	133883399	133883498	snRNA	ENSMUSG00000089321	-	Gm22523	2026
2027	Hmgn2	chr4	133964738	133968650	protein_coding	ENSMUSG00000003038	-	Hmgn2	2027
2028	Dhdds	chr4	133969028	134000918	protein_coding	ENSMUSG00000012117	-	Dhdds	2028
2029	Lin28a	chr4	134003330	134018841	protein_coding	ENSMUSG00000050966	-	Lin28a	2029
2030	Gm13061	chr4	134018147	134019869	lncRNA	ENSMUSG00000087288	+	Gm13061	2030
2031	Zfp683	chr4	134053838	134058996	protein_coding	ENSMUSG00000049410	+	Zfp683	2031
2032	Crybg2	chr4	134060815	134092504	protein_coding	ENSMUSG00000012123	+	Crybg2	2032
2033	Cd52	chr4	134082448	134095082	protein_coding	ENSMUSG00000000682	-	Cd52	2033
2034	Ubxn11	chr4	134102570	134127593	protein_coding	ENSMUSG00000012126	+	Ubxn11	2034
2035	Sh3bgrl3	chr4	134127406	134128789	protein_coding	ENSMUSG00000028843	-	Sh3bgrl3	2035
2036	Cep85	chr4	134129858	134187112	protein_coding	ENSMUSG00000037443	-	Cep85	2036
2037	Gm27619	chr4	134167808	134167895	snoRNA	ENSMUSG00000098693	-	Gm27619	2037
2038	Gm7534	chr4	134190804	134203004	protein_coding	ENSMUSG00000073747	-	Gm7534	2038
2039	Catsper4	chr4	134211970	134227383	protein_coding	ENSMUSG00000048003	-	Catsper4	2039
2040	Cnksr1	chr4	134228041	134238399	protein_coding	ENSMUSG00000028841	-	Cnksr1	2040
2041	Zfp593	chr4	134243289	134245592	protein_coding	ENSMUSG00000028840	-	Zfp593	2041
2042	E130218I03Rik	chr4	134243662	134245873	protein_coding	ENSMUSG00000086322	+	E130218I03Rik	2042
2043	Gm30191	chr4	134246935	134250042	protein_coding	ENSMUSG00000108398	+	Gm30191	2043
2044	Grrp1	chr4	134251110	134254106	protein_coding	ENSMUSG00000050105	-	Grrp1	2044
2045	Pdik1l	chr4	134275002	134287895	protein_coding	ENSMUSG00000050890	-	Pdik1l	2045
2046	Trim63	chr4	134315120	134329629	protein_coding	ENSMUSG00000028834	+	Trim63	2046
2047	Slc30a2	chr4	134343181	134354484	protein_coding	ENSMUSG00000028836	+	Slc30a2	2047
2048	Extl1	chr4	134356372	134383850	protein_coding	ENSMUSG00000028838	-	Extl1	2048
2049	Pafah2	chr4	134396320	134427413	protein_coding	ENSMUSG00000037366	+	Pafah2	2049
2050	1700021N21Rik	chr4	134448766	134450171	lncRNA	ENSMUSG00000087343	-	1700021N21Rik	2050
2051	Stmn1	chr4	134468320	134473843	protein_coding	ENSMUSG00000028832	+	Stmn1	2051
2052	Gm23634	chr4	134468364	134468454	miRNA	ENSMUSG00000092812	+	Gm23634	2052
2053	Gm13250	chr4	134493222	134493974	processed_pseudogene	ENSMUSG00000083001	+	Gm13250	2053
2054	Paqr7	chr4	134496697	134510235	protein_coding	ENSMUSG00000037348	+	Paqr7	2054
2055	Aunip	chr4	134510999	134523927	protein_coding	ENSMUSG00000078521	+	Aunip	2055
2056	Mtfr1l	chr4	134525550	134535387	protein_coding	ENSMUSG00000046671	-	Mtfr1l	2056
2057	Selenon	chr4	134537892	134552166	protein_coding	ENSMUSG00000050989	-	Selenon	2057
2058	Man1c1	chr4	134561690	134704290	protein_coding	ENSMUSG00000037306	-	Man1c1	2058
2059	Mir6403	chr4	134567723	134567851	miRNA	ENSMUSG00000099289	-	Mir6403	2059
2060	Ldlrap1	chr4	134741554	134768024	protein_coding	ENSMUSG00000037295	-	Ldlrap1	2060
2061	Maco1	chr4	134802759	134853345	protein_coding	ENSMUSG00000028826	-	Maco1	2061
2062	Rhd	chr4	134864536	134896172	protein_coding	ENSMUSG00000028825	+	Rhd	2062
2063	Tmem50a	chr4	134897849	134915024	protein_coding	ENSMUSG00000028822	-	Tmem50a	2063
2064	Rsrp1	chr4	134923592	134927671	protein_coding	ENSMUSG00000037266	+	Rsrp1	2064
2065	Syf2	chr4	134930898	134937548	protein_coding	ENSMUSG00000028821	+	Syf2	2065
2066	Gm16225	chr4	135118221	135120447	lncRNA	ENSMUSG00000086884	-	Gm16225	2066
2067	Runx3	chr4	135120652	135177990	protein_coding	ENSMUSG00000070691	+	Runx3	2067
2068	Gm16224	chr4	135143421	135144285	lncRNA	ENSMUSG00000084986	-	Gm16224	2068
2069	Clic4	chr4	135213969	135272814	protein_coding	ENSMUSG00000037242	-	Clic4	2069
2070	Gm12983	chr4	135290366	135290675	processed_pseudogene	ENSMUSG00000087270	-	Gm12983	2070
2071	Gm12984	chr4	135307349	135309519	lncRNA	ENSMUSG00000085002	+	Gm12984	2071
2072	Gm12982	chr4	135307781	135307970	processed_pseudogene	ENSMUSG00000082833	-	Gm12982	2072
2073	Srrm1	chr4	135320484	135353321	protein_coding	ENSMUSG00000028809	-	Srrm1	2073
2074	Ncmap	chr4	135369576	135398227	protein_coding	ENSMUSG00000043924	-	Ncmap	2074
2075	Gm12990	chr4	135403189	135403656	processed_pseudogene	ENSMUSG00000081136	-	Gm12990	2075
2076	Rcan3	chr4	135412308	135433853	protein_coding	ENSMUSG00000059713	-	Rcan3	2076
2077	Mir700	chr4	135416555	135416633	miRNA	ENSMUSG00000076123	-	Mir700	2077
2078	Gm15979	chr4	135430126	135430841	lncRNA	ENSMUSG00000087016	-	Gm15979	2078
2079	Nipal3	chr4	135445420	135495038	protein_coding	ENSMUSG00000028803	-	Nipal3	2079
2080	Gm37270	chr4	135450881	135451210	TEC	ENSMUSG00000103955	+	Gm37270	2080
2081	Stpg1	chr4	135494790	135537803	protein_coding	ENSMUSG00000028801	+	Stpg1	2081
2082	Grhl3	chr4	135541888	135573630	protein_coding	ENSMUSG00000037188	-	Grhl3	2082
2083	Gm23106	chr4	135583748	135583848	snRNA	ENSMUSG00000088179	+	Gm23106	2083
2084	1700029M20Rik	chr4	135626655	135630198	lncRNA	ENSMUSG00000086788	+	1700029M20Rik	2084
2085	Ifnlr1	chr4	135686287	135708181	protein_coding	ENSMUSG00000062157	+	Ifnlr1	2085
2086	Gm12989	chr4	135715868	135716598	processed_pseudogene	ENSMUSG00000083678	-	Gm12989	2086
2087	Il22ra1	chr4	135728172	135752140	protein_coding	ENSMUSG00000037157	+	Il22ra1	2087
2088	Gm12988	chr4	135756218	135756695	processed_pseudogene	ENSMUSG00000082743	-	Gm12988	2088
2089	Myom3	chr4	135759715	135815564	protein_coding	ENSMUSG00000037139	+	Myom3	2089
2090	Gm13000	chr4	135853678	135854173	processed_pseudogene	ENSMUSG00000081672	+	Gm13000	2090
2091	Srsf10	chr4	135855747	135869908	protein_coding	ENSMUSG00000028676	+	Srsf10	2091
2092	Pnrc2	chr4	135870918	135873850	protein_coding	ENSMUSG00000028675	-	Pnrc2	2092
2093	Cnr2	chr4	135895394	135920207	protein_coding	ENSMUSG00000062585	+	Cnr2	2093
2094	Fuca1	chr4	135920735	135940311	protein_coding	ENSMUSG00000028673	+	Fuca1	2094
2095	Hmgcl	chr4	135946448	135962617	protein_coding	ENSMUSG00000028672	+	Hmgcl	2095
2096	Gale	chr4	135963727	135968178	protein_coding	ENSMUSG00000028671	+	Gale	2096
2097	Lypla2	chr4	135968224	135972626	protein_coding	ENSMUSG00000028670	-	Lypla2	2097
2098	Pithd1	chr4	135975460	135987264	protein_coding	ENSMUSG00000028669	-	Pithd1	2098
2099	Gm13007	chr4	135997523	135997887	processed_pseudogene	ENSMUSG00000083852	+	Gm13007	2099
2100	Eloa	chr4	136003368	136021763	protein_coding	ENSMUSG00000028668	-	Eloa	2100
2101	Gm13008	chr4	136003566	136010937	lncRNA	ENSMUSG00000085714	+	Gm13008	2101
2102	Gm24362	chr4	136018071	136018486	lncRNA	ENSMUSG00000097995	-	Gm24362	2102
2103	Rpl11	chr4	136028265	136053428	protein_coding	ENSMUSG00000059291	-	Rpl11	2103
2104	Gm13009	chr4	136074513	136074972	processed_pseudogene	ENSMUSG00000082877	-	Gm13009	2104
2105	Gm26001	chr4	136137496	136137598	snRNA	ENSMUSG00000088614	+	Gm26001	2105
2106	Id3	chr4	136143497	136145755	protein_coding	ENSMUSG00000007872	+	Id3	2106
2107	E2f2	chr4	136172394	136196057	protein_coding	ENSMUSG00000018983	+	E2f2	2107
2108	Asap3	chr4	136206365	136245216	protein_coding	ENSMUSG00000036995	+	Asap3	2108
2109	Tcea3	chr4	136247729	136274898	protein_coding	ENSMUSG00000001604	+	Tcea3	2109
2110	Zfp46	chr4	136284683	136293942	protein_coding	ENSMUSG00000051351	+	Zfp46	2110
2111	Gm13013	chr4	136307364	136307886	processed_pseudogene	ENSMUSG00000081330	-	Gm13013	2111
2112	Hnrnpr	chr4	136310942	136359447	protein_coding	ENSMUSG00000066037	+	Hnrnpr	2112
2113	Gm27022	chr4	136347847	136349441	lncRNA	ENSMUSG00000098155	-	Gm27022	2113
2114	Htr1d	chr4	136423524	136444398	protein_coding	ENSMUSG00000070687	+	Htr1d	2114
2115	6030445D17Rik	chr4	136462250	136463980	lncRNA	ENSMUSG00000066178	+	6030445D17Rik	2115
2116	Luzp1	chr4	136469761	136554780	protein_coding	ENSMUSG00000001089	+	Luzp1	2116
2117	Kdm1a	chr4	136550540	136602723	protein_coding	ENSMUSG00000036940	-	Kdm1a	2117
2118	Gm12987	chr4	136584172	136584660	processed_pseudogene	ENSMUSG00000082711	-	Gm12987	2118
2119	Gm12986	chr4	136608840	136609806	processed_pseudogene	ENSMUSG00000083054	-	Gm12986	2119
2120	Gm22180	chr4	136609806	136609864	miRNA	ENSMUSG00000092747	-	Gm22180	2120
2121	Tex46	chr4	136610437	136613226	protein_coding	ENSMUSG00000036921	+	Tex46	2121
2122	Lactbl1	chr4	136622621	136639110	protein_coding	ENSMUSG00000070683	+	Lactbl1	2122
2123	Gm37583	chr4	136639582	136642068	TEC	ENSMUSG00000103119	+	Gm37583	2123
2124	Ephb2	chr4	136647539	136835988	protein_coding	ENSMUSG00000028664	-	Ephb2	2124
2125	C1qb	chr4	136880129	136886187	protein_coding	ENSMUSG00000036905	-	C1qb	2125
2126	C1qc	chr4	136889804	136893065	protein_coding	ENSMUSG00000036896	-	C1qc	2126
2127	C1qa	chr4	136895917	136898803	protein_coding	ENSMUSG00000036887	-	C1qa	2127
2128	Epha8	chr4	136929419	136956816	protein_coding	ENSMUSG00000028661	-	Epha8	2128
2129	Zbtb40	chr4	136979732	137048801	protein_coding	ENSMUSG00000060862	-	Zbtb40	2129
2130	Gm23834	chr4	137025684	137025812	snoRNA	ENSMUSG00000077624	+	Gm23834	2130
2131	1700037C06Rik	chr4	137116709	137117582	lncRNA	ENSMUSG00000085542	-	1700037C06Rik	2131
2132	Gm13001	chr4	137117143	137118143	lncRNA	ENSMUSG00000087417	-	Gm13001	2132
2133	Gm13003	chr4	137159082	137165066	lncRNA	ENSMUSG00000085833	-	Gm13003	2133
2134	Gm13005	chr4	137219760	137220399	processed_pseudogene	ENSMUSG00000080806	-	Gm13005	2134
2135	Gm13002	chr4	137222641	137223322	processed_pseudogene	ENSMUSG00000082149	-	Gm13002	2135
2136	Wnt4	chr4	137277489	137299726	protein_coding	ENSMUSG00000036856	+	Wnt4	2136
2137	Cdc42	chr4	137319696	137357720	protein_coding	ENSMUSG00000006699	-	Cdc42	2137
2138	Gm25772	chr4	137325559	137325614	snRNA	ENSMUSG00000089199	+	Gm25772	2138
2139	2810405F17Rik	chr4	137387266	137388382	lncRNA	ENSMUSG00000101493	-	2810405F17Rik	2139
2140	Rpl31-ps10	chr4	137395299	137395676	processed_pseudogene	ENSMUSG00000070667	+	Rpl31-ps10	2140
2141	Cela3a	chr4	137401554	137409791	protein_coding	ENSMUSG00000078520	-	Cela3a	2141
2142	Cela3b	chr4	137420999	137430540	protein_coding	ENSMUSG00000023433	-	Cela3b	2142
2143	Gm13010	chr4	137436579	137438395	lncRNA	ENSMUSG00000086845	-	Gm13010	2143
2144	1700013G24Rik	chr4	137453284	137455461	protein_coding	ENSMUSG00000041399	+	1700013G24Rik	2144
2145	Hspg2	chr4	137468769	137570630	protein_coding	ENSMUSG00000028763	+	Hspg2	2145
2146	Ldlrad2	chr4	137570876	137582104	protein_coding	ENSMUSG00000094035	-	Ldlrad2	2146
2147	Usp48	chr4	137593755	137658537	protein_coding	ENSMUSG00000043411	+	Usp48	2147
2148	Rap1gap	chr4	137664726	137729861	protein_coding	ENSMUSG00000041351	+	Rap1gap	2148
2149	Rap1gapos	chr4	137696979	137706606	lncRNA	ENSMUSG00000087476	-	Rap1gapos	2149
2150	Alpl	chr4	137741733	137796384	protein_coding	ENSMUSG00000028766	-	Alpl	2150
2151	Ece1	chr4	137862237	137965229	protein_coding	ENSMUSG00000057530	+	Ece1	2151
2152	Gm13012	chr4	137882370	137883937	lncRNA	ENSMUSG00000085823	-	Gm13012	2152
2153	Eif4g3	chr4	137993022	138208508	protein_coding	ENSMUSG00000028760	+	Eif4g3	2153
2154	1700095J12Rik	chr4	138137595	138138518	lncRNA	ENSMUSG00000084804	-	1700095J12Rik	2154
2155	Mir6399	chr4	138163209	138163292	miRNA	ENSMUSG00000098513	+	Mir6399	2155
2156	2310026L22Rik	chr4	138215714	138216189	lncRNA	ENSMUSG00000078519	+	2310026L22Rik	2156
2157	Hp1bp3	chr4	138216296	138244683	protein_coding	ENSMUSG00000028759	+	Hp1bp3	2157
2158	Sh2d5	chr4	138250403	138261332	protein_coding	ENSMUSG00000045349	+	Sh2d5	2158
2159	Kif17	chr4	138250435	138301967	protein_coding	ENSMUSG00000028758	+	Kif17	2159
2160	Ddost	chr4	138304730	138312628	protein_coding	ENSMUSG00000028757	+	Ddost	2160
2161	Pink1	chr4	138313409	138326307	protein_coding	ENSMUSG00000028756	-	Pink1	2161
2162	Mir7019	chr4	138316132	138316200	miRNA	ENSMUSG00000099200	-	Mir7019	2162
2163	Cda	chr4	138338424	138367992	protein_coding	ENSMUSG00000028755	-	Cda	2163
2164	Fam43b	chr4	138394092	138396528	protein_coding	ENSMUSG00000078235	-	Fam43b	2164
2165	AB041806	chr4	138395198	138397714	lncRNA	ENSMUSG00000046109	+	AB041806	2165
2166	Rpl38-ps1	chr4	138425788	138426002	processed_pseudogene	ENSMUSG00000083326	+	Rpl38-ps1	2166
2167	Mul1	chr4	138434671	138442265	protein_coding	ENSMUSG00000041241	+	Mul1	2167
2168	Camk2n1	chr4	138454314	138460123	protein_coding	ENSMUSG00000046447	+	Camk2n1	2168
2169	Vwa5b1	chr4	138565360	138635884	protein_coding	ENSMUSG00000028753	-	Vwa5b1	2169
2170	Gm22961	chr4	138587624	138587729	snRNA	ENSMUSG00000088589	-	Gm22961	2170
2171	Ubxn10	chr4	138709837	138737167	protein_coding	ENSMUSG00000043621	-	Ubxn10	2171
2172	Pla2g2c	chr4	138724792	138746132	protein_coding	ENSMUSG00000028750	+	Pla2g2c	2172
2173	Pla2g2f	chr4	138750533	138757626	protein_coding	ENSMUSG00000028749	-	Pla2g2f	2173
2174	Pla2g2d	chr4	138775735	138782046	protein_coding	ENSMUSG00000041202	+	Pla2g2d	2174
2175	Pla2g5	chr4	138799244	138863482	protein_coding	ENSMUSG00000041193	-	Pla2g5	2175
2176	Pla2g2a	chr4	138831857	138835186	polymorphic_pseudogene	ENSMUSG00000058908	+	Pla2g2a	2176
2177	Gm13030	chr4	138870992	138873964	protein_coding	ENSMUSG00000078518	-	Gm13030	2177
2178	Pla2g2e	chr4	138877942	138882817	protein_coding	ENSMUSG00000028751	+	Pla2g2e	2178
2179	Otud3	chr4	138895379	138913945	protein_coding	ENSMUSG00000041161	-	Otud3	2179
2180	Rnf186	chr4	138967112	138968360	protein_coding	ENSMUSG00000070661	+	Rnf186	2180
2181	Tmco4	chr4	138972888	139059171	protein_coding	ENSMUSG00000041143	+	Tmco4	2181
2182	Htr6	chr4	139061108	139075570	protein_coding	ENSMUSG00000028747	-	Htr6	2182
2183	Gm45533	chr4	139075824	139076208	lncRNA	ENSMUSG00000110296	+	Gm45533	2183
2184	Nbl1	chr4	139082284	139092993	protein_coding	ENSMUSG00000041120	-	Nbl1	2184
2185	Micos10	chr4	139101814	139131113	protein_coding	ENSMUSG00000050608	-	Micos10	2185
2186	Hspe1-ps4	chr4	139150197	139150805	processed_pseudogene	ENSMUSG00000083238	+	Hspe1-ps4	2186
2187	Gm16287	chr4	139175405	139180655	lncRNA	ENSMUSG00000073739	-	Gm16287	2187
2188	Capzb	chr4	139192899	139291818	protein_coding	ENSMUSG00000028745	+	Capzb	2188
2189	Pqlc2	chr4	139294029	139310708	protein_coding	ENSMUSG00000028744	-	Pqlc2	2189
2190	Akr7a5	chr4	139310744	139318426	protein_coding	ENSMUSG00000028743	+	Akr7a5	2190
2191	Gm25732	chr4	139338206	139338265	miRNA	ENSMUSG00000092909	+	Gm25732	2191
2192	Gm24245	chr4	139338304	139338360	miRNA	ENSMUSG00000087943	+	Gm24245	2192
2193	Gm13019	chr4	139342183	139343333	unprocessed_pseudogene	ENSMUSG00000083404	+	Gm13019	2193
2194	Ccnd3-ps	chr4	139345300	139346180	processed_pseudogene	ENSMUSG00000080708	-	Ccnd3-ps	2194
2195	Mrto4	chr4	139347435	139352576	protein_coding	ENSMUSG00000028741	-	Mrto4	2195
2196	Emc1	chr4	139352587	139378730	protein_coding	ENSMUSG00000078517	+	Emc1	2196
2197	Ubr4	chr4	139352609	139489588	protein_coding	ENSMUSG00000066036	+	Ubr4	2197
2198	Iffo2	chr4	139530548	139620382	protein_coding	ENSMUSG00000041025	+	Iffo2	2198
2199	Gm25571	chr4	139588876	139588977	miRNA	ENSMUSG00000094359	-	Gm25571	2199
2200	Gm21969	chr4	139603186	139662691	protein_coding	ENSMUSG00000094439	+	Gm21969	2200
2201	Aldh4a1	chr4	139622866	139649690	protein_coding	ENSMUSG00000028737	+	Aldh4a1	2201
2202	Tas1r2	chr4	139653538	139670280	protein_coding	ENSMUSG00000028738	+	Tas1r2	2202
2203	Pax7	chr4	139737062	139833528	protein_coding	ENSMUSG00000028736	-	Pax7	2203
2204	Gm1667	chr4	139910488	139912133	lncRNA	ENSMUSG00000087646	+	Gm1667	2204
2205	Gm13028	chr4	139923349	139933170	lncRNA	ENSMUSG00000087628	+	Gm13028	2205
2206	4933427I22Rik	chr4	139926111	139943519	lncRNA	ENSMUSG00000085928	-	4933427I22Rik	2206
2207	Klhdc7a	chr4	139960220	139968026	protein_coding	ENSMUSG00000078234	-	Klhdc7a	2207
2208	Igsf21	chr4	140026846	140246784	protein_coding	ENSMUSG00000040972	-	Igsf21	2208
2209	Gm13027	chr4	140131877	140133351	lncRNA	ENSMUSG00000085968	+	Gm13027	2209
2210	Gm13029	chr4	140142873	140144633	lncRNA	ENSMUSG00000086164	+	Gm13029	2210
2211	Gm9867	chr4	140320656	140323302	TEC	ENSMUSG00000103107	-	Gm9867	2211
2212	Gm13016	chr4	140380630	140385574	lncRNA	ENSMUSG00000087084	+	Gm13016	2212
2213	Gm13017	chr4	140391148	140396604	lncRNA	ENSMUSG00000086960	+	Gm13017	2213
2214	Gm13021	chr4	140422524	140431931	lncRNA	ENSMUSG00000086437	+	Gm13021	2214
2215	Gm13026	chr4	140437963	140461291	lncRNA	ENSMUSG00000085047	+	Gm13026	2215
2216	AL929073.1	chr4	140445846	140446164	unitary_pseudogene	ENSMUSG00000118416	-	AL929073.1	2216
2217	Arhgef10l	chr4	140514485	140666012	protein_coding	ENSMUSG00000040964	-	Arhgef10l	2217
2218	Gm13025	chr4	140679753	140684617	lncRNA	ENSMUSG00000086159	+	Gm13025	2218
2219	Gm23045	chr4	140692697	140692792	miRNA	ENSMUSG00000095878	+	Gm23045	2219
2220	Rcc2	chr4	140700541	140723220	protein_coding	ENSMUSG00000040945	+	Rcc2	2220
2221	Gm25951	chr4	140717043	140717106	miRNA	ENSMUSG00000093071	+	Gm25951	2221
2222	Padi6	chr4	140727355	140742643	protein_coding	ENSMUSG00000040935	-	Padi6	2222
2223	Padi4	chr4	140745865	140774236	protein_coding	ENSMUSG00000025330	-	Padi4	2223
2224	Padi3	chr4	140785365	140810648	protein_coding	ENSMUSG00000025328	-	Padi3	2224
2225	Gm13032	chr4	140810993	140817511	lncRNA	ENSMUSG00000085918	+	Gm13032	2225
2226	Padi1	chr4	140812983	140845778	protein_coding	ENSMUSG00000025329	-	Padi1	2226
2227	4930515B02Rik	chr4	140872693	140878055	lncRNA	ENSMUSG00000087045	+	4930515B02Rik	2227
2228	Padi2	chr4	140906344	140952586	protein_coding	ENSMUSG00000028927	+	Padi2	2228
2229	Gm26226	chr4	140918684	140918799	snRNA	ENSMUSG00000064443	+	Gm26226	2229
2230	Gm13031	chr4	140947666	140957902	lncRNA	ENSMUSG00000087698	-	Gm13031	2230
2231	Sdhb	chr4	140961203	140979193	protein_coding	ENSMUSG00000009863	+	Sdhb	2231
2232	Atp13a2	chr4	140986873	141007330	protein_coding	ENSMUSG00000036622	+	Atp13a2	2232
2233	Mfap2	chr4	141010418	141015984	protein_coding	ENSMUSG00000060572	+	Mfap2	2233
2234	Crocc	chr4	141016637	141060550	protein_coding	ENSMUSG00000040860	-	Crocc	2234
2235	Necap2	chr4	141066512	141078357	protein_coding	ENSMUSG00000028923	-	Necap2	2235
2236	Gm13047	chr4	141084864	141085678	processed_pseudogene	ENSMUSG00000082246	+	Gm13047	2236
2237	Spata21	chr4	141088333	141112760	protein_coding	ENSMUSG00000045004	+	Spata21	2237
2238	Szrd1	chr4	141113001	141139775	protein_coding	ENSMUSG00000040842	-	Szrd1	2238
2239	4921514A10Rik	chr4	141115660	141118087	lncRNA	ENSMUSG00000097620	+	4921514A10Rik	2239
2240	Fbxo42	chr4	141147913	141204062	protein_coding	ENSMUSG00000028920	+	Fbxo42	2240
2241	Cplane2	chr4	141213956	141226756	protein_coding	ENSMUSG00000073733	+	Cplane2	2241
2242	C630004L07Rik	chr4	141238179	141239453	TEC	ENSMUSG00000103366	-	C630004L07Rik	2242
2243	Arhgef19	chr4	141239499	141257564	protein_coding	ENSMUSG00000028919	+	Arhgef19	2243
2244	Gm13055	chr4	141261762	141266016	lncRNA	ENSMUSG00000085774	-	Gm13055	2244
2245	Gm13056	chr4	141278439	141279794	lncRNA	ENSMUSG00000085395	+	Gm13056	2245
2246	Epha2	chr4	141301240	141329384	protein_coding	ENSMUSG00000006445	+	Epha2	2246
2247	Gm25690	chr4	141346164	141346240	miRNA	ENSMUSG00000093180	+	Gm25690	2247
2248	Gm13074	chr4	141347814	141350853	lncRNA	ENSMUSG00000085836	+	Gm13074	2248
2249	Gm13076	chr4	141356888	141357091	processed_pseudogene	ENSMUSG00000084238	-	Gm13076	2249
2250	Fam131c	chr4	141368220	141384175	protein_coding	ENSMUSG00000006218	+	Fam131c	2250
2251	Clcnka	chr4	141384610	141398724	protein_coding	ENSMUSG00000033770	-	Clcnka	2251
2252	Gm13075	chr4	141398829	141411191	lncRNA	ENSMUSG00000086061	+	Gm13075	2252
2253	Clcnkb	chr4	141404353	141416014	protein_coding	ENSMUSG00000006216	-	Clcnkb	2253
2254	Hspb7	chr4	141420779	141425311	protein_coding	ENSMUSG00000006221	+	Hspb7	2254
2255	Srarp	chr4	141432672	141436105	protein_coding	ENSMUSG00000070637	-	Srarp	2255
2256	Zbtb17	chr4	141444654	141467930	protein_coding	ENSMUSG00000006215	+	Zbtb17	2256
2257	Spen	chr4	141467890	141538597	protein_coding	ENSMUSG00000040761	-	Spen	2257
2258	B330016D10Rik	chr4	141546189	141547892	pseudogene	ENSMUSG00000048406	+	B330016D10Rik	2258
2259	Fblim1	chr4	141576062	141606096	protein_coding	ENSMUSG00000006219	-	Fblim1	2259
2260	Tmem82	chr4	141613376	141618633	protein_coding	ENSMUSG00000043085	-	Tmem82	2260
2261	AI507597	chr4	141614026	141615604	lncRNA	ENSMUSG00000073731	+	AI507597	2261
2262	Slc25a34	chr4	141618824	141623821	protein_coding	ENSMUSG00000040740	-	Slc25a34	2262
2263	Plekhm2	chr4	141625734	141664899	protein_coding	ENSMUSG00000028917	-	Plekhm2	2263
2264	Ddi2	chr4	141677549	141723419	protein_coding	ENSMUSG00000078515	-	Ddi2	2264
2265	Rsc1a1	chr4	141683851	141685599	protein_coding	ENSMUSG00000040715	-	Rsc1a1	2265
2266	Agmat	chr4	141746672	141759263	protein_coding	ENSMUSG00000040706	+	Agmat	2266
2267	Dnajc16	chr4	141760189	141790931	protein_coding	ENSMUSG00000040697	-	Dnajc16	2267
2268	Casp9	chr4	141793612	141815976	protein_coding	ENSMUSG00000028914	+	Casp9	2268
2269	Ctrc	chr4	141814962	141846359	protein_coding	ENSMUSG00000062478	-	Ctrc	2269
2270	Cela2a	chr4	141814962	141826160	protein_coding	ENSMUSG00000058579	-	Cela2a	2270
2271	Ctrcos	chr4	141844321	141846990	lncRNA	ENSMUSG00000086818	+	Ctrcos	2271
2272	Efhd2	chr4	141858142	141874920	protein_coding	ENSMUSG00000040659	-	Efhd2	2272
2273	Gm29367	chr4	141875707	141877033	lncRNA	ENSMUSG00000100396	+	Gm29367	2273
2274	Fhad1os2	chr4	141885654	141897282	lncRNA	ENSMUSG00000085922	+	Fhad1os2	2274
2275	Fhad1	chr4	141890438	142015082	protein_coding	ENSMUSG00000051435	-	Fhad1	2275
2276	Gm13059	chr4	141976779	141977343	processed_pseudogene	ENSMUSG00000081079	+	Gm13059	2276
2277	Fhad1os1	chr4	141982992	141986797	lncRNA	ENSMUSG00000085424	+	Fhad1os1	2277
2278	4930455G09Rik	chr4	142017898	142028996	lncRNA	ENSMUSG00000085761	+	4930455G09Rik	2278
2279	Tmem51	chr4	142030992	142084304	protein_coding	ENSMUSG00000040616	-	Tmem51	2279
2280	Gm13053	chr4	142042912	142048578	lncRNA	ENSMUSG00000085574	-	Gm13053	2280
2281	Tmem51os1	chr4	142083972	142088099	lncRNA	ENSMUSG00000073728	+	Tmem51os1	2281
2282	Kazn	chr4	142102390	142239401	protein_coding	ENSMUSG00000040606	-	Kazn	2282
2283	Gm13062	chr4	142180602	142184139	lncRNA	ENSMUSG00000087525	+	Gm13062	2283
2284	Gm13052	chr4	142307765	142346475	lncRNA	ENSMUSG00000085816	-	Gm13052	2284
2285	6330411D24Rik	chr4	142598441	143074839	protein_coding	ENSMUSG00000110067	-	6330411D24Rik	2285
2286	Prdm2	chr4	143107391	143212995	protein_coding	ENSMUSG00000057637	-	Prdm2	2286
2287	Mir7021	chr4	143136100	143136162	miRNA	ENSMUSG00000106597	-	Mir7021	2287
2288	Gm13038	chr4	143152572	143153030	processed_pseudogene	ENSMUSG00000081838	+	Gm13038	2288
2289	Gm13039	chr4	143166603	143167396	processed_pseudogene	ENSMUSG00000083826	+	Gm13039	2289
2290	Gm22039	chr4	143204065	143204196	snoRNA	ENSMUSG00000087903	+	Gm22039	2290
2291	Gm13050	chr4	143242024	143243368	processed_pseudogene	ENSMUSG00000082575	-	Gm13050	2291
2292	Pdpn	chr4	143267431	143299564	protein_coding	ENSMUSG00000028583	-	Pdpn	2292
2293	Gm26313	chr4	143340399	143340706	misc_RNA	ENSMUSG00000088395	+	Gm26313	2293
2294	Lrrc38	chr4	143349757	143371032	protein_coding	ENSMUSG00000028584	+	Lrrc38	2294
2295	Anp32b-ps1	chr4	143389659	143390416	processed_pseudogene	ENSMUSG00000081792	+	Anp32b-ps1	2295
2296	Pramel1	chr4	143394428	143400160	protein_coding	ENSMUSG00000041805	+	Pramel1	2296
2297	Gm13045	chr4	143402344	143403413	unprocessed_pseudogene	ENSMUSG00000082407	+	Gm13045	2297
2298	Pramef8	chr4	143412426	143421091	protein_coding	ENSMUSG00000046862	+	Pramef8	2298
2299	Oog4	chr4	143437164	143450324	protein_coding	ENSMUSG00000047799	-	Oog4	2299
2300	Gm13042	chr4	143458378	143460538	processed_pseudogene	ENSMUSG00000083930	-	Gm13042	2300
2301	Gm13046	chr4	143464274	143464774	unprocessed_pseudogene	ENSMUSG00000084059	-	Gm13046	2301
2302	Gm13041	chr4	143499435	143502095	unprocessed_pseudogene	ENSMUSG00000083403	+	Gm13041	2302
2303	Gm13043	chr4	143511343	143517831	protein_coding	ENSMUSG00000095409	+	Gm13043	2303
2304	BC080695	chr4	143551700	143573798	protein_coding	ENSMUSG00000070618	+	BC080695	2304
2305	Gm13057	chr4	143551709	143558234	protein_coding	ENSMUSG00000096154	+	Gm13057	2305
2306	Gm13058	chr4	143595062	143597611	unprocessed_pseudogene	ENSMUSG00000081523	-	Gm13058	2306
2307	Gm13080	chr4	143611658	143612077	processed_pseudogene	ENSMUSG00000044377	-	Gm13080	2307
2308	Gm13083	chr4	143615003	143618595	protein_coding	ENSMUSG00000066688	+	Gm13083	2308
2309	Gm13088	chr4	143653760	143657246	protein_coding	ENSMUSG00000078513	-	Gm13088	2309
2310	Gm13085	chr4	143663143	143663787	processed_pseudogene	ENSMUSG00000084351	-	Gm13085	2310
2311	Gm13082	chr4	143671124	143671684	processed_pseudogene	ENSMUSG00000081227	+	Gm13082	2311
2312	Gm13089	chr4	143696500	143702711	protein_coding	ENSMUSG00000070617	-	Gm13089	2312
2313	Gm13078	chr4	143719455	143729158	protein_coding	ENSMUSG00000046435	+	Gm13078	2313
2314	Gm13087	chr4	143735298	143735553	processed_pseudogene	ENSMUSG00000082717	-	Gm13087	2314
2315	Gm13081	chr4	143745787	143751385	processed_pseudogene	ENSMUSG00000082030	+	Gm13081	2315
2316	Gm13023	chr4	143789352	143795575	protein_coding	ENSMUSG00000066031	+	Gm13023	2316
2317	Gm13084	chr4	143809245	143816093	protein_coding	ENSMUSG00000059218	-	Gm13084	2317
2318	Gm13103	chr4	143846497	143853637	protein_coding	ENSMUSG00000029451	+	Gm13103	2318
2319	Pramef6	chr4	143894237	143900380	protein_coding	ENSMUSG00000078512	-	Pramef6	2319
2320	Gm13100	chr4	143913857	143916442	unprocessed_pseudogene	ENSMUSG00000083749	+	Gm13100	2320
2321	Gm13106	chr4	143928534	143930736	unprocessed_pseudogene	ENSMUSG00000084123	-	Gm13106	2321
2322	Pramef25	chr4	143948580	143951016	protein_coding	ENSMUSG00000078511	-	Pramef25	2322
2323	Gm13101	chr4	143964518	143966950	protein_coding	ENSMUSG00000078510	-	Gm13101	2323
2324	Pramef17	chr4	143991119	143994369	protein_coding	ENSMUSG00000078509	-	Pramef17	2324
2325	Gm13108	chr4	144033631	144035610	unprocessed_pseudogene	ENSMUSG00000083456	+	Gm13108	2325
2326	Pramel4	chr4	144059126	144069327	protein_coding	ENSMUSG00000073724	+	Pramel4	2326
2327	Gm13102	chr4	144106474	144110101	protein_coding	ENSMUSG00000073723	+	Gm13102	2327
2328	Oog3	chr4	144157557	144162663	protein_coding	ENSMUSG00000050810	-	Oog3	2328
2329	Oog2	chr4	144190719	144196934	protein_coding	ENSMUSG00000066030	+	Oog2	2329
2330	C87977	chr4	144206775	144213318	protein_coding	ENSMUSG00000046262	-	C87977	2330
2331	Gm13123	chr4	144247777	144248268	processed_pseudogene	ENSMUSG00000083708	+	Gm13123	2331
2332	Pramel5	chr4	144270633	144280488	protein_coding	ENSMUSG00000036749	-	Pramel5	2332
2333	Gm13120	chr4	144296692	144298137	processed_pseudogene	ENSMUSG00000095960	+	Gm13120	2333
2334	Gm13130	chr4	144302961	144304941	unprocessed_pseudogene	ENSMUSG00000080943	-	Gm13130	2334
2335	Gm13128	chr4	144330249	144333465	protein_coding	ENSMUSG00000078508	+	Gm13128	2335
2336	Gm13122	chr4	144345597	144346049	unprocessed_pseudogene	ENSMUSG00000084312	-	Gm13122	2336
2337	Gm13119	chr4	144357942	144364419	protein_coding	ENSMUSG00000070619	+	Gm13119	2337
2338	Pramef20	chr4	144372760	144377933	protein_coding	ENSMUSG00000073721	-	Pramef20	2338
2339	Pramef12	chr4	144391674	144408464	protein_coding	ENSMUSG00000028591	-	Pramef12	2339
2340	Pramef12os	chr4	144404868	144406301	lncRNA	ENSMUSG00000028590	+	Pramef12os	2340
2341	1700012P22Rik	chr4	144418189	144438772	protein_coding	ENSMUSG00000028589	-	1700012P22Rik	2341
2342	Gm9944	chr4	144451220	144453641	lncRNA	ENSMUSG00000095213	-	Gm9944	2342
2343	Aadacl3	chr4	144453771	144463756	protein_coding	ENSMUSG00000078507	-	Aadacl3	2343
2344	AL607073.1	chr4	144493880	144508323	unprocessed_pseudogene	ENSMUSG00000118540	+	AL607073.1	2344
2345	9430007A20Rik	chr4	144519822	144529353	protein_coding	ENSMUSG00000028593	+	9430007A20Rik	2345
2346	Gm13121	chr4	144526411	144527042	processed_pseudogene	ENSMUSG00000083390	-	Gm13121	2346
2347	Gm13126	chr4	144545506	144548568	processed_pseudogene	ENSMUSG00000082418	-	Gm13126	2347
2348	Gm13124	chr4	144555000	144565134	protein_coding	ENSMUSG00000078506	-	Gm13124	2348
2349	Gm13127	chr4	144587244	144588632	processed_pseudogene	ENSMUSG00000070610	+	Gm13127	2349
2350	Aadacl4	chr4	144613707	144623398	protein_coding	ENSMUSG00000070609	+	Aadacl4	2350
2351	Gm436	chr4	144669937	144686368	protein_coding	ENSMUSG00000078505	-	Gm436	2351
2352	Gm13178	chr4	144703191	144721404	protein_coding	ENSMUSG00000041735	-	Gm13178	2352
2353	Gm438	chr4	144777204	144786583	protein_coding	ENSMUSG00000078504	-	Gm438	2353
2354	Prdx2-ps2	chr4	144791837	144792660	processed_pseudogene	ENSMUSG00000083998	+	Prdx2-ps2	2354
2355	Dhrs3	chr4	144892827	144928209	protein_coding	ENSMUSG00000066026	+	Dhrs3	2355
2356	Gm38074	chr4	144957155	144958848	TEC	ENSMUSG00000103911	-	Gm38074	2356
2357	Vps13d	chr4	144972622	145195005	protein_coding	ENSMUSG00000020220	-	Vps13d	2357
2358	Tnfrsf1b	chr4	145213463	145246870	protein_coding	ENSMUSG00000028599	-	Tnfrsf1b	2358
2359	Tnfrsf8	chr4	145267137	145315164	protein_coding	ENSMUSG00000028602	-	Tnfrsf8	2359
2360	Gm13024	chr4	145390943	145391660	processed_pseudogene	ENSMUSG00000082758	+	Gm13024	2360
2361	Gm13224	chr4	145404306	145404399	processed_pseudogene	ENSMUSG00000084272	+	Gm13224	2361
2362	Platr16	chr4	145410245	145449756	lncRNA	ENSMUSG00000085101	+	Platr16	2362
2363	Gm13230	chr4	145446740	145450888	transcribed_unprocessed_pseudogene	ENSMUSG00000082082	+	Gm13230	2363
2364	Gm13223	chr4	145455633	145456379	processed_pseudogene	ENSMUSG00000083081	+	Gm13223	2364
2365	Smarca5-ps	chr4	145464204	145467420	transcribed_processed_pseudogene	ENSMUSG00000052912	+	Smarca5-ps	2365
2366	Gm13229	chr4	145469711	145470050	processed_pseudogene	ENSMUSG00000087076	-	Gm13229	2366
2367	Zfp990	chr4	145510759	145539188	protein_coding	ENSMUSG00000078503	+	Zfp990	2367
2368	Gm21978	chr4	145560513	145560889	unprocessed_pseudogene	ENSMUSG00000096864	+	Gm21978	2368
2369	Gm13228	chr4	145574528	145575161	processed_pseudogene	ENSMUSG00000082352	+	Gm13228	2369
2370	Gm13226	chr4	145576889	145577292	processed_pseudogene	ENSMUSG00000083454	-	Gm13226	2370
2371	Gm13212	chr4	145585166	145625345	protein_coding	ENSMUSG00000078502	+	Gm13212	2371
2372	Gm13234	chr4	145632504	145633250	processed_pseudogene	ENSMUSG00000083562	+	Gm13234	2372
2373	Gm13231	chr4	145641357	145644399	processed_pseudogene	ENSMUSG00000081885	+	Gm13231	2373
2374	Gm13249	chr4	145646771	145647115	processed_pseudogene	ENSMUSG00000095517	-	Gm13249	2374
2375	Zfp980	chr4	145670685	145704441	protein_coding	ENSMUSG00000058186	+	Zfp980	2375
2376	Gm13239	chr4	145689842	145690478	processed_pseudogene	ENSMUSG00000082615	+	Gm13239	2376
2377	Gm13232	chr4	145729581	145730212	processed_pseudogene	ENSMUSG00000084279	-	Gm13232	2377
2378	Gm13244	chr4	145745746	145747401	processed_pseudogene	ENSMUSG00000082334	+	Gm13244	2378
2379	Gm13243	chr4	145774719	145775283	processed_pseudogene	ENSMUSG00000094417	+	Gm13243	2379
2380	Vmn2r-ps15	chr4	145775612	145775988	unprocessed_pseudogene	ENSMUSG00000094177	+	Vmn2r-ps15	2380
2381	Znf41-ps	chr4	145825237	145829942	unprocessed_pseudogene	ENSMUSG00000084350	+	Znf41-ps	2381
2382	Gm13238	chr4	145837219	145837998	processed_pseudogene	ENSMUSG00000096233	+	Gm13238	2382
2383	Gm13246	chr4	145844404	145844718	processed_pseudogene	ENSMUSG00000083235	-	Gm13246	2383
2384	Zfp986	chr4	145868794	145899975	protein_coding	ENSMUSG00000078500	+	Zfp986	2384
2385	Gm13036	chr4	146058776	146059523	processed_pseudogene	ENSMUSG00000081595	+	Gm13036	2385
2386	Gm13034	chr4	146067752	146070928	processed_pseudogene	ENSMUSG00000082195	+	Gm13034	2386
2387	Gm13035	chr4	146073257	146073598	processed_pseudogene	ENSMUSG00000083733	-	Gm13035	2387
2388	Zfp987	chr4	146097298	146126621	protein_coding	ENSMUSG00000066009	+	Zfp987	2388
2389	Zfp600	chr4	146156824	146198755	protein_coding	ENSMUSG00000066007	+	Zfp600	2389
2390	Gm13165	chr4	146167522	146205732	lncRNA	ENSMUSG00000086654	-	Gm13165	2390
2391	Gm13170	chr4	146178124	146178766	processed_pseudogene	ENSMUSG00000081522	+	Gm13170	2391
2392	Gm13169	chr4	146239954	146241633	processed_pseudogene	ENSMUSG00000084127	+	Gm13169	2392
2393	Gm13166	chr4	146251829	146278434	lncRNA	ENSMUSG00000085525	+	Gm13166	2393
2394	Gm13168	chr4	146263559	146264190	processed_pseudogene	ENSMUSG00000081460	+	Gm13168	2394
2395	Vmn2r-ps17	chr4	146264521	146264895	unprocessed_pseudogene	ENSMUSG00000095096	+	Vmn2r-ps17	2395
2396	Zfp992	chr4	146449023	146470292	protein_coding	ENSMUSG00000070605	+	Zfp992	2396
2397	Gm13241	chr4	146475332	146476111	processed_pseudogene	ENSMUSG00000073716	+	Gm13241	2397
2398	Gm13245	chr4	146480667	146480926	processed_pseudogene	ENSMUSG00000081998	+	Gm13245	2398
2399	Zfp981	chr4	146502027	146539395	protein_coding	ENSMUSG00000056300	+	Zfp981	2399
2400	1700095A21Rik	chr4	146519039	146546873	lncRNA	ENSMUSG00000086046	-	1700095A21Rik	2400
2401	Gm13233	chr4	146580629	146582312	processed_pseudogene	ENSMUSG00000083038	+	Gm13233	2401
2402	Gm13240	chr4	146604212	146604776	processed_pseudogene	ENSMUSG00000096366	+	Gm13240	2402
2403	Vmn2r-ps16	chr4	146605105	146605481	unprocessed_pseudogene	ENSMUSG00000095460	+	Vmn2r-ps16	2403
2404	Zfp993	chr4	146610961	146658160	protein_coding	ENSMUSG00000063245	+	Zfp993	2404
2405	Gm21411	chr4	146891696	146909590	protein_coding	ENSMUSG00000045699	-	Gm21411	2405
2406	Gm20760	chr4	146932742	146933389	processed_pseudogene	ENSMUSG00000093919	+	Gm20760	2406
2407	Gm13140	chr4	146942476	146945825	processed_pseudogene	ENSMUSG00000083027	+	Gm13140	2407
2408	Gm13149	chr4	146948160	146948498	processed_pseudogene	ENSMUSG00000081260	-	Gm13149	2408
2409	Zfp989	chr4	146971976	146990755	protein_coding	ENSMUSG00000086147	+	Zfp989	2409
2410	Rex2	chr4	147021850	147060794	protein_coding	ENSMUSG00000067919	+	Rex2	2410
2411	Gm13153	chr4	147040685	147041321	processed_pseudogene	ENSMUSG00000083704	+	Gm13153	2411
2412	4933438K21Rik	chr4	147063366	147068436	lncRNA	ENSMUSG00000093617	-	4933438K21Rik	2412
2413	Gm13160	chr4	147086358	147086984	processed_pseudogene	ENSMUSG00000094017	-	Gm13160	2413
2414	Gm13142	chr4	147102327	147103981	processed_pseudogene	ENSMUSG00000081405	+	Gm13142	2414
2415	Gm13162	chr4	147125256	147125816	processed_pseudogene	ENSMUSG00000082779	+	Gm13162	2415
2416	Vmn2r-ps18	chr4	147126130	147126509	unprocessed_pseudogene	ENSMUSG00000094849	+	Vmn2r-ps18	2416
2417	Zfp991	chr4	147132038	147180579	protein_coding	ENSMUSG00000067916	+	Zfp991	2417
2418	Gm13146	chr4	147187708	147188487	processed_pseudogene	ENSMUSG00000095054	+	Gm13146	2418
2419	Gm13163	chr4	147194876	147195211	processed_pseudogene	ENSMUSG00000082176	-	Gm13163	2419
2420	Gm13147	chr4	147230284	147259338	transcribed_unprocessed_pseudogene	ENSMUSG00000087207	+	Gm13147	2420
2421	Gm13158	chr4	147267373	147268108	processed_pseudogene	ENSMUSG00000081627	+	Gm13158	2421
2422	Gm13135	chr4	147275976	147279096	processed_pseudogene	ENSMUSG00000082925	+	Gm13135	2422
2423	Gm13144	chr4	147281446	147281790	processed_pseudogene	ENSMUSG00000094318	-	Gm13144	2423
2424	Zfp988	chr4	147305674	147333734	protein_coding	ENSMUSG00000078498	+	Zfp988	2424
2425	Zfp978	chr4	147361303	147391004	protein_coding	ENSMUSG00000078497	+	Zfp978	2425
2426	Gm8178	chr4	147378929	147379574	processed_pseudogene	ENSMUSG00000096354	+	Gm8178	2426
2427	Gm13161	chr4	147443471	147444029	processed_pseudogene	ENSMUSG00000082248	+	Gm13161	2427
2428	Vmn2r-ps19	chr4	147444380	147444648	unprocessed_pseudogene	ENSMUSG00000093975	+	Vmn2r-ps19	2428
2429	Zfp982	chr4	147492417	147513486	protein_coding	ENSMUSG00000078496	+	Zfp982	2429
2430	Gm15951	chr4	147520468	147520867	processed_pseudogene	ENSMUSG00000081301	-	Gm15951	2430
2431	Vmn2r-ps20	chr4	147521531	147521912	unprocessed_pseudogene	ENSMUSG00000096440	+	Vmn2r-ps20	2431
2432	Gm13141	chr4	147527719	147528174	processed_pseudogene	ENSMUSG00000082599	-	Gm13141	2432
2433	Zfp985	chr4	147553277	147585198	protein_coding	ENSMUSG00000065999	+	Zfp985	2433
2434	Zfp979	chr4	147611937	147642513	protein_coding	ENSMUSG00000066000	-	Zfp979	2434
2435	Gm13155	chr4	147624240	147624885	processed_pseudogene	ENSMUSG00000096065	-	Gm13155	2435
2436	Gm16211	chr4	147668518	147670854	lncRNA	ENSMUSG00000086130	-	Gm16211	2436
2437	Zfp534	chr4	147673502	147702553	protein_coding	ENSMUSG00000062518	-	Zfp534	2437
2438	Gm13137	chr4	147732788	147733132	processed_pseudogene	ENSMUSG00000096521	+	Gm13137	2438
2439	Gm13136	chr4	147735477	147738426	processed_pseudogene	ENSMUSG00000081179	-	Gm13136	2439
2440	Gm13148	chr4	147745817	147746561	processed_pseudogene	ENSMUSG00000083642	-	Gm13148	2440
2441	Zfp984	chr4	147753974	147809788	protein_coding	ENSMUSG00000078495	-	Zfp984	2441
2442	Gm20707	chr4	147782319	147809840	lncRNA	ENSMUSG00000093594	-	Gm20707	2442
2443	Rps19-ps3	chr4	147821777	147822202	processed_pseudogene	ENSMUSG00000080059	-	Rps19-ps3	2443
2444	Zfp933	chr4	147822986	147848366	protein_coding	ENSMUSG00000059423	-	Zfp933	2444
2445	Miip	chr4	147860778	147868816	protein_coding	ENSMUSG00000029022	-	Miip	2445
2446	Fv1	chr4	147868979	147870358	protein_coding	ENSMUSG00000070583	+	Fv1	2446
2447	Mfn2	chr4	147873599	147904704	protein_coding	ENSMUSG00000029020	-	Mfn2	2447
2448	Gm13156	chr4	147893673	147893993	processed_pseudogene	ENSMUSG00000083340	+	Gm13156	2448
2449	Plod1	chr4	147909753	147936767	protein_coding	ENSMUSG00000019055	-	Plod1	2449
2450	2510039O18Rik	chr4	147940895	147947314	protein_coding	ENSMUSG00000044496	+	2510039O18Rik	2450
2451	Nppb	chr4	147985788	147987205	protein_coding	ENSMUSG00000029019	+	Nppb	2451
2452	Nppa	chr4	148000722	148002079	protein_coding	ENSMUSG00000041616	+	Nppa	2452
2453	Gm13054	chr4	148001091	148004014	lncRNA	ENSMUSG00000086806	-	Gm13054	2453
2454	Clcn6	chr4	148004259	148038821	protein_coding	ENSMUSG00000029016	-	Clcn6	2454
2455	Gm13207	chr4	148031554	148032326	processed_pseudogene	ENSMUSG00000083473	+	Gm13207	2455
2456	Mthfr	chr4	148039077	148059551	protein_coding	ENSMUSG00000029009	+	Mthfr	2456
2457	Chchd2-ps	chr4	148068031	148068492	processed_pseudogene	ENSMUSG00000094320	-	Chchd2-ps	2457
2458	Gm13201	chr4	148071392	148075420	lncRNA	ENSMUSG00000078494	-	Gm13201	2458
2459	Agtrap	chr4	148077061	148088031	protein_coding	ENSMUSG00000029007	-	Agtrap	2459
2460	Draxin	chr4	148098437	148130698	protein_coding	ENSMUSG00000029005	-	Draxin	2460
2461	Mad2l2	chr4	148130384	148145699	protein_coding	ENSMUSG00000029003	+	Mad2l2	2461
2462	Fbxo6	chr4	148145716	148152140	protein_coding	ENSMUSG00000055401	-	Fbxo6	2462
2463	Fbxo44	chr4	148152800	148160482	protein_coding	ENSMUSG00000029001	-	Fbxo44	2463
2464	Fbxo2	chr4	148160621	148166424	protein_coding	ENSMUSG00000041556	+	Fbxo2	2464
2465	Disp3	chr4	148240264	148287965	protein_coding	ENSMUSG00000041544	-	Disp3	2465
2466	Gm13206	chr4	148306853	148316569	lncRNA	ENSMUSG00000087027	+	Gm13206	2466
2467	Gm13200	chr4	148356379	148359460	lncRNA	ENSMUSG00000086326	-	Gm13200	2467
2468	Ubiad1	chr4	148434495	148444771	protein_coding	ENSMUSG00000047719	-	Ubiad1	2468
2469	Gm23303	chr4	148443334	148443485	snRNA	ENSMUSG00000064648	-	Gm23303	2469
2470	Mtor	chr4	148448611	148557683	protein_coding	ENSMUSG00000028991	+	Mtor	2470
2471	Angptl7	chr4	148495183	148500460	protein_coding	ENSMUSG00000028989	-	Angptl7	2471
2472	Gm24002	chr4	148539127	148539230	snRNA	ENSMUSG00000089081	+	Gm24002	2472
2473	Gm23318	chr4	148555697	148555804	snRNA	ENSMUSG00000088625	+	Gm23318	2473
2474	Exosc10	chr4	148558429	148582401	protein_coding	ENSMUSG00000017264	+	Exosc10	2474
2475	Gm13204	chr4	148569056	148569876	processed_pseudogene	ENSMUSG00000082860	-	Gm13204	2475
2476	Gm13209	chr4	148584721	148586007	lncRNA	ENSMUSG00000087217	-	Gm13209	2476
2477	Srm	chr4	148591503	148594993	protein_coding	ENSMUSG00000006442	+	Srm	2477
2478	Masp2	chr4	148602554	148615499	protein_coding	ENSMUSG00000028979	+	Masp2	2478
2479	Tardbp	chr4	148612382	148627019	protein_coding	ENSMUSG00000041459	-	Tardbp	2479
2480	Gm572	chr4	148643317	148671572	protein_coding	ENSMUSG00000070577	+	Gm572	2480
2481	Gm13203	chr4	148713703	148716581	lncRNA	ENSMUSG00000087273	+	Gm13203	2481
2482	Casz1	chr4	148804429	148954889	protein_coding	ENSMUSG00000028977	+	Casz1	2482
2483	Gm15969	chr4	148913511	148914324	lncRNA	ENSMUSG00000086766	-	Gm15969	2483
2484	Gm13205	chr4	148947492	148948914	lncRNA	ENSMUSG00000086606	-	Gm13205	2484
2485	Gm17029	chr4	148960297	148984671	lncRNA	ENSMUSG00000086740	+	Gm17029	2485
2486	Pex14	chr4	148960535	149099876	protein_coding	ENSMUSG00000028975	-	Pex14	2486
2487	Gm9506	chr4	149096383	149096702	processed_pseudogene	ENSMUSG00000081086	+	Gm9506	2487
2488	Dffa	chr4	149104146	149120647	protein_coding	ENSMUSG00000028974	+	Dffa	2488
2489	Cort	chr4	149125034	149126763	protein_coding	ENSMUSG00000028971	-	Cort	2489
2490	Cenps	chr4	149127121	149137629	protein_coding	ENSMUSG00000073705	-	Cenps	2490
2491	Rpsa-ps12	chr4	149142497	149143388	processed_pseudogene	ENSMUSG00000080746	-	Rpsa-ps12	2491
2492	Pgd	chr4	149149991	149166771	protein_coding	ENSMUSG00000028961	-	Pgd	2492
2493	Kif1b	chr4	149176319	149307693	protein_coding	ENSMUSG00000063077	-	Kif1b	2493
2494	Ube4b	chr4	149328416	149426749	protein_coding	ENSMUSG00000028960	-	Ube4b	2494
2495	Ube4bos3	chr4	149334639	149335897	lncRNA	ENSMUSG00000085286	+	Ube4bos3	2495
2496	Ube4bos2	chr4	149338087	149338531	lncRNA	ENSMUSG00000085807	+	Ube4bos2	2496
2497	Ube4bos1	chr4	149347885	149365277	lncRNA	ENSMUSG00000085819	+	Ube4bos1	2497
2498	Rbp7	chr4	149449687	149454978	protein_coding	ENSMUSG00000028996	-	Rbp7	2498
2499	Trmt112-ps2	chr4	149457329	149457706	processed_pseudogene	ENSMUSG00000070572	+	Trmt112-ps2	2499
2500	Nmnat1	chr4	149467572	149485202	protein_coding	ENSMUSG00000028992	-	Nmnat1	2500
2501	Tmem274	chr4	149477378	149483549	protein_coding	ENSMUSG00000087198	+	Tmem274	2501
2502	Lzic	chr4	149485229	149496668	protein_coding	ENSMUSG00000028990	+	Lzic	2502
2503	Gm13071	chr4	149500633	149501008	processed_pseudogene	ENSMUSG00000083811	+	Gm13071	2503
2504	Gm24381	chr4	149517179	149517282	snRNA	ENSMUSG00000084646	-	Gm24381	2504
2505	Ctnnbip1	chr4	149518236	149566437	protein_coding	ENSMUSG00000028988	+	Ctnnbip1	2505
2506	Mir5616	chr4	149537863	149537922	miRNA	ENSMUSG00000093403	+	Mir5616	2506
2507	Gm13066	chr4	149565620	149567790	lncRNA	ENSMUSG00000086949	-	Gm13066	2507
2508	Clstn1	chr4	149586468	149648899	protein_coding	ENSMUSG00000039953	+	Clstn1	2508
2509	Pik3cd	chr4	149649168	149702571	protein_coding	ENSMUSG00000039936	-	Pik3cd	2509
2510	Tmem201	chr4	149715375	149738044	protein_coding	ENSMUSG00000044700	-	Tmem201	2510
2511	Slc25a33	chr4	149744036	149774277	protein_coding	ENSMUSG00000028982	-	Slc25a33	2511
2512	Gm13068	chr4	149748518	149749607	lncRNA	ENSMUSG00000085403	+	Gm13068	2512
2513	Gm16188	chr4	149776252	149783332	lncRNA	ENSMUSG00000085368	+	Gm16188	2513
2514	Gm13073	chr4	149780024	149780714	lncRNA	ENSMUSG00000084807	-	Gm13073	2514
2515	Gm13065	chr4	149793279	149793419	processed_pseudogene	ENSMUSG00000081601	-	Gm13065	2515
2516	n-R5s193	chr4	149817732	149817840	rRNA	ENSMUSG00000064798	+	n-R5s193	2516
2517	Gm47301	chr4	149817764	149817823	miRNA	ENSMUSG00000106221	+	Gm47301	2517
2518	Spsb1	chr4	149896283	149955043	protein_coding	ENSMUSG00000039911	-	Spsb1	2518
2519	Gm13070	chr4	149904006	149908149	lncRNA	ENSMUSG00000086767	+	Gm13070	2519
2520	H6pd	chr4	149979475	150009023	protein_coding	ENSMUSG00000028980	-	H6pd	2520
2521	Gm13067	chr4	150049013	150056976	lncRNA	ENSMUSG00000086665	+	Gm13067	2521
2522	Mir34a	chr4	150068454	150068555	miRNA	ENSMUSG00000065493	+	Mir34a	2522
2523	Gm37795	chr4	150068539	150070997	TEC	ENSMUSG00000102813	+	Gm37795	2523
2524	Gpr157	chr4	150087365	150105927	protein_coding	ENSMUSG00000047875	+	Gpr157	2524
2525	Gm13093	chr4	150113879	150119263	lncRNA	ENSMUSG00000087094	-	Gm13093	2525
2526	Slc2a5	chr4	150119283	150144169	protein_coding	ENSMUSG00000028976	+	Slc2a5	2526
2527	Slc2a7	chr4	150148972	150168482	protein_coding	ENSMUSG00000062064	+	Slc2a7	2527
2528	Car6	chr4	150187015	150201332	protein_coding	ENSMUSG00000028972	-	Car6	2528
2529	Gm13094	chr4	150228035	150228443	processed_pseudogene	ENSMUSG00000082140	+	Gm13094	2529
2530	Eno1	chr4	150236721	150248879	protein_coding	ENSMUSG00000063524	+	Eno1	2530
2531	Rere	chr4	150281646	150621966	protein_coding	ENSMUSG00000039852	+	Rere	2531
2532	Gm13092	chr4	150315177	150315436	processed_pseudogene	ENSMUSG00000085787	-	Gm13092	2532
2533	Gm23209	chr4	150321193	150321302	snRNA	ENSMUSG00000089292	+	Gm23209	2533
2534	Gm13091	chr4	150566869	150568544	lncRNA	ENSMUSG00000085213	-	Gm13091	2534
2535	Slc45a1	chr4	150628572	150652174	protein_coding	ENSMUSG00000039838	-	Slc45a1	2535
2536	Gm16079	chr4	150668248	150678792	lncRNA	ENSMUSG00000085869	-	Gm16079	2536
2537	Gm13049	chr4	150825733	150839575	lncRNA	ENSMUSG00000085097	+	Gm13049	2537
2538	1700045H11Rik	chr4	150828225	150854949	lncRNA	ENSMUSG00000078492	-	1700045H11Rik	2538
2539	Rps15a-ps3	chr4	150847113	150847507	processed_pseudogene	ENSMUSG00000084314	+	Rps15a-ps3	2539
2540	Errfi1	chr4	150853919	150868892	protein_coding	ENSMUSG00000028967	+	Errfi1	2540
2541	Park7	chr4	150897133	150914437	protein_coding	ENSMUSG00000028964	-	Park7	2541
2542	Tnfrsf9	chr4	150914562	150946102	protein_coding	ENSMUSG00000028965	+	Tnfrsf9	2542
2543	Camta1	chr4	150917322	151861876	protein_coding	ENSMUSG00000014592	-	Camta1	2543
2544	Uts2	chr4	150997097	151001810	protein_coding	ENSMUSG00000028963	+	Uts2	2544
2545	Per3	chr4	151003652	151044665	protein_coding	ENSMUSG00000028957	-	Per3	2545
2546	Vamp3	chr4	151047300	151057963	protein_coding	ENSMUSG00000028955	-	Vamp3	2546
2547	Gm13090	chr4	151089570	151091449	protein_coding	ENSMUSG00000078491	+	Gm13090	2547
2548	4930589P08Rik	chr4	151376470	151379582	lncRNA	ENSMUSG00000085593	+	4930589P08Rik	2548
2549	Dnajc11	chr4	151933691	151982137	protein_coding	ENSMUSG00000039768	+	Dnajc11	2549
2550	Thap3	chr4	151982639	151988997	protein_coding	ENSMUSG00000039759	-	Thap3	2550
2551	Phf13	chr4	151989633	151996258	protein_coding	ENSMUSG00000047777	-	Phf13	2551
2552	Gm9768	chr4	152006759	152009619	TEC	ENSMUSG00000108391	-	Gm9768	2552
2553	Klhl21	chr4	152008803	152017680	protein_coding	ENSMUSG00000073700	+	Klhl21	2553
2554	Zbtb48	chr4	152019774	152027671	protein_coding	ENSMUSG00000028952	-	Zbtb48	2554
2555	Tas1r1	chr4	152027914	152038568	protein_coding	ENSMUSG00000028950	-	Tas1r1	2555
2556	Nol9	chr4	152039321	152061494	protein_coding	ENSMUSG00000028948	+	Nol9	2556
2557	Plekhg5	chr4	152072498	152115400	protein_coding	ENSMUSG00000039713	+	Plekhg5	2557
2558	Tnfrsf25	chr4	152115934	152120119	protein_coding	ENSMUSG00000024793	+	Tnfrsf25	2558
2559	Espn	chr4	152120331	152152371	protein_coding	ENSMUSG00000028943	-	Espn	2559
2560	Gm13077	chr4	152157007	152157490	processed_pseudogene	ENSMUSG00000081544	-	Gm13077	2560
2561	Hes2	chr4	152158867	152162469	protein_coding	ENSMUSG00000028940	+	Hes2	2561
2562	Acot7	chr4	152178134	152271855	protein_coding	ENSMUSG00000028937	+	Acot7	2562
2563	Gm13096	chr4	152203926	152204467	lncRNA	ENSMUSG00000085724	+	Gm13096	2563
2564	Gpr153	chr4	152274232	152285337	protein_coding	ENSMUSG00000042804	+	Gpr153	2564
2565	Hes3	chr4	152285972	152291662	protein_coding	ENSMUSG00000028946	-	Hes3	2565
2566	Icmt	chr4	152297227	152307121	protein_coding	ENSMUSG00000039662	+	Icmt	2566
2567	Rnf207	chr4	152307019	152318993	protein_coding	ENSMUSG00000058498	-	Rnf207	2567
2568	Rpl22	chr4	152325742	152334071	protein_coding	ENSMUSG00000028936	+	Rpl22	2568
2569	Chd5	chr4	152338651	152390194	protein_coding	ENSMUSG00000005045	+	Chd5	2569
2570	Gm13645	chr4	152352198	152353641	lncRNA	ENSMUSG00000085179	-	Gm13645	2570
2571	Kcnab2	chr4	152390742	152477910	protein_coding	ENSMUSG00000028931	-	Kcnab2	2571
2572	Gm16333	chr4	152410800	152411262	lncRNA	ENSMUSG00000090057	+	Gm16333	2572
2573	Nphp4	chr4	152476706	152563183	protein_coding	ENSMUSG00000039577	+	Nphp4	2573
2574	Gm13172	chr4	152677748	152678003	processed_pseudogene	ENSMUSG00000083078	-	Gm13172	2574
2575	Gm833	chr4	152697540	152700515	lncRNA	ENSMUSG00000073699	+	Gm833	2575
2576	Gm25779	chr4	153013490	153013584	miRNA	ENSMUSG00000080360	-	Gm25779	2576
2577	Gm13173	chr4	153145590	153146943	lncRNA	ENSMUSG00000085648	-	Gm13173	2577
2578	Gm13174	chr4	153218176	153218595	lncRNA	ENSMUSG00000087454	+	Gm13174	2578
2579	Ajap1	chr4	153373221	153482811	protein_coding	ENSMUSG00000039546	-	Ajap1	2579
2580	Gm25880	chr4	153876384	153876515	snoRNA	ENSMUSG00000077519	+	Gm25880	2580
2581	Gm13115	chr4	153907386	153908666	lncRNA	ENSMUSG00000085390	+	Gm13115	2581
2582	BC039966	chr4	153947633	153950503	lncRNA	ENSMUSG00000086272	-	BC039966	2582
2583	A430005L14Rik	chr4	153957237	153961925	protein_coding	ENSMUSG00000047613	+	A430005L14Rik	2583
2584	Dffb	chr4	153964449	153975126	protein_coding	ENSMUSG00000029027	-	Dffb	2584
2585	Cep104	chr4	153975194	154008732	protein_coding	ENSMUSG00000039523	+	Cep104	2585
2586	Lrrc47	chr4	154011731	154021513	protein_coding	ENSMUSG00000029028	+	Lrrc47	2586
2587	Smim1	chr4	154020470	154026230	protein_coding	ENSMUSG00000078350	-	Smim1	2587
2588	Ccdc27	chr4	154026639	154042677	protein_coding	ENSMUSG00000039492	-	Ccdc27	2588
2589	Gm13117	chr4	154043733	154044423	processed_pseudogene	ENSMUSG00000080807	-	Gm13117	2589
2590	Gm13114	chr4	154048023	154048128	processed_pseudogene	ENSMUSG00000082073	-	Gm13114	2590
2591	Trp73	chr4	154056253	154140208	protein_coding	ENSMUSG00000029026	-	Trp73	2591
2592	Trp73os	chr4	154093479	154098353	lncRNA	ENSMUSG00000087071	+	Trp73os	2592
2593	Gm26036	chr4	154134030	154134173	snoRNA	ENSMUSG00000088774	+	Gm26036	2593
2594	Wrap73	chr4	154142372	154167420	protein_coding	ENSMUSG00000029029	+	Wrap73	2594
2595	Tprgl	chr4	154157485	154160666	protein_coding	ENSMUSG00000029030	-	Tprgl	2595
2596	Megf6	chr4	154170730	154275713	protein_coding	ENSMUSG00000057751	+	Megf6	2596
2597	Gm13132	chr4	154220541	154221012	processed_pseudogene	ENSMUSG00000081276	+	Gm13132	2597
2598	Arhgef16	chr4	154278486	154301676	protein_coding	ENSMUSG00000029032	-	Arhgef16	2598
2599	Prdm16	chr4	154316125	154636873	protein_coding	ENSMUSG00000039410	-	Prdm16	2599
2600	B230104I21Rik	chr4	154336127	154349918	lncRNA	ENSMUSG00000097871	+	B230104I21Rik	2600
2601	Gm13133	chr4	154550282	154557645	lncRNA	ENSMUSG00000086565	+	Gm13133	2601
2602	Gm13134	chr4	154601197	154604202	lncRNA	ENSMUSG00000084987	+	Gm13134	2602
2603	Prdm16os	chr4	154637576	154644724	lncRNA	ENSMUSG00000085069	+	Prdm16os	2603
2604	Gm27202	chr4	154645083	154645701	lncRNA	ENSMUSG00000098424	-	Gm27202	2604
2605	Gm13110	chr4	154645754	154655318	lncRNA	ENSMUSG00000086810	-	Gm13110	2605
2606	Actrt2	chr4	154666433	154667867	protein_coding	ENSMUSG00000051276	-	Actrt2	2606
2607	Ttc34	chr4	154837459	154867127	protein_coding	ENSMUSG00000046637	+	Ttc34	2607
2608	Gm13112	chr4	154864506	154872003	lncRNA	ENSMUSG00000087437	-	Gm13112	2608
2609	Mmel1	chr4	154869585	154895528	protein_coding	ENSMUSG00000058183	+	Mmel1	2609
2610	Prxl2b	chr4	154895504	154899135	protein_coding	ENSMUSG00000029059	-	Prxl2b	2610
2611	Tnfrsf14	chr4	154921933	154928563	protein_coding	ENSMUSG00000042333	-	Tnfrsf14	2611
2612	Hes5	chr4	154960923	154962371	protein_coding	ENSMUSG00000048001	+	Hes5	2612
2613	Pank4	chr4	154964123	154980938	protein_coding	ENSMUSG00000029056	+	Pank4	2613
2614	Plch2	chr4	154983115	155056784	protein_coding	ENSMUSG00000029055	-	Plch2	2614
2615	Gm10564	chr4	155042046	155045422	lncRNA	ENSMUSG00000073686	+	Gm10564	2615
2616	Pex10	chr4	155067016	155072433	protein_coding	ENSMUSG00000029047	+	Pex10	2616
2617	Rer1	chr4	155074110	155086382	protein_coding	ENSMUSG00000029048	-	Rer1	2617
2618	Morn1	chr4	155086577	155145505	protein_coding	ENSMUSG00000029049	+	Morn1	2618
2619	Ski	chr4	155154075	155222592	protein_coding	ENSMUSG00000029050	-	Ski	2619
2620	Faap20	chr4	155249802	155256687	protein_coding	ENSMUSG00000073684	+	Faap20	2620
2621	Prkcz	chr4	155260129	155361361	protein_coding	ENSMUSG00000029053	-	Prkcz	2621
2622	Gm27200	chr4	155343683	155344465	lncRNA	ENSMUSG00000098729	+	Gm27200	2622
2623	Gabrd	chr4	155384980	155398112	protein_coding	ENSMUSG00000029054	-	Gabrd	2623
2624	5830444B04Rik	chr4	155398763	155421704	lncRNA	ENSMUSG00000084803	-	5830444B04Rik	2624
2625	Cfap74	chr4	155409190	155466823	protein_coding	ENSMUSG00000078490	+	Cfap74	2625
2626	Tmem52	chr4	155469114	155470858	protein_coding	ENSMUSG00000023153	+	Tmem52	2626
2627	Gnb1	chr4	155491361	155559269	protein_coding	ENSMUSG00000029064	+	Gnb1	2627
2628	Gm13171	chr4	155502316	155502706	processed_pseudogene	ENSMUSG00000082429	-	Gm13171	2628
2629	Nadk	chr4	155562378	155591001	protein_coding	ENSMUSG00000029063	+	Nadk	2629
2630	Slc35e2	chr4	155601416	155623340	protein_coding	ENSMUSG00000042202	+	Slc35e2	2630
2631	Gm16023	chr4	155608300	155624755	lncRNA	ENSMUSG00000086682	-	Gm16023	2631
2632	Gm10563	chr4	155614413	155645408	protein_coding	ENSMUSG00000073682	-	Gm10563	2632
2633	Gm16024	chr4	155616409	155616787	lncRNA	ENSMUSG00000085063	+	Gm16024	2633
2634	Cdk11b	chr4	155624854	155649938	protein_coding	ENSMUSG00000029062	+	Cdk11b	2634
2635	Mmp23	chr4	155650655	155653384	protein_coding	ENSMUSG00000029061	-	Mmp23	2635
2636	Mib2	chr4	155654677	155669198	protein_coding	ENSMUSG00000029060	-	Mib2	2636
2637	Fndc10	chr4	155694342	155696481	protein_coding	ENSMUSG00000074738	+	Fndc10	2637
2638	Ssu72	chr4	155704800	155733879	protein_coding	ENSMUSG00000029038	+	Ssu72	2638
2639	Gm22573	chr4	155720040	155720141	snRNA	ENSMUSG00000064916	-	Gm22573	2639
2640	1500002C15Rik	chr4	155732545	155734727	lncRNA	ENSMUSG00000096221	-	1500002C15Rik	2640
2641	Tmem240	chr4	155734800	155740564	protein_coding	ENSMUSG00000084845	+	Tmem240	2641
2642	Atad3a	chr4	155740641	155761093	protein_coding	ENSMUSG00000029036	-	Atad3a	2642
2643	Atad3aos	chr4	155761178	155769264	lncRNA	ENSMUSG00000054514	+	Atad3aos	2643
2644	Vwa1	chr4	155768149	155774698	protein_coding	ENSMUSG00000042116	-	Vwa1	2644
2645	Tmem88b	chr4	155781591	155785874	protein_coding	ENSMUSG00000073680	-	Tmem88b	2645
2646	Gm27743	chr4	155789581	155789706	miRNA	ENSMUSG00000098638	+	Gm27743	2646
2647	Ankrd65	chr4	155790439	155799503	protein_coding	ENSMUSG00000078487	+	Ankrd65	2647
2648	Mrpl20	chr4	155802878	155809975	protein_coding	ENSMUSG00000029066	+	Mrpl20	2648
2649	Ccnl2	chr4	155812489	155824543	protein_coding	ENSMUSG00000029068	+	Ccnl2	2649
2650	Aurkaip1	chr4	155831272	155833130	protein_coding	ENSMUSG00000065990	+	Aurkaip1	2650
2651	Mxra8os	chr4	155839492	155840178	lncRNA	ENSMUSG00000073679	-	Mxra8os	2651
2652	Mxra8	chr4	155839680	155844088	protein_coding	ENSMUSG00000029070	+	Mxra8	2652
2653	Dvl1	chr4	155847402	155859303	protein_coding	ENSMUSG00000029071	+	Dvl1	2653
2654	Tas1r3	chr4	155859268	155863362	protein_coding	ENSMUSG00000029072	-	Tas1r3	2654
2655	Cptp	chr4	155864723	155869440	protein_coding	ENSMUSG00000029073	-	Cptp	2655
2656	Ints11	chr4	155869546	155889103	protein_coding	ENSMUSG00000029034	+	Ints11	2656
2657	Pusl1	chr4	155887879	155891781	protein_coding	ENSMUSG00000051557	-	Pusl1	2657
2658	Acap3	chr4	155891822	155907251	protein_coding	ENSMUSG00000029033	+	Acap3	2658
2659	Gm22991	chr4	155911630	155911750	miRNA	ENSMUSG00000096174	+	Gm22991	2659
2660	Ube2j2	chr4	155943831	155959604	protein_coding	ENSMUSG00000023286	+	Ube2j2	2660
2661	C1qtnf12	chr4	155962318	155966629	protein_coding	ENSMUSG00000023571	+	C1qtnf12	2661
2662	B3galt6	chr4	155989466	155992649	protein_coding	ENSMUSG00000050796	-	B3galt6	2662
2663	Sdf4	chr4	155992872	156013610	protein_coding	ENSMUSG00000029076	+	Sdf4	2663
2664	Tnfrsf4	chr4	156013843	156016612	protein_coding	ENSMUSG00000029075	+	Tnfrsf4	2664
2665	Gm37090	chr4	156018556	156022660	TEC	ENSMUSG00000103183	-	Gm37090	2665
2666	Gm16008	chr4	156022008	156031643	lncRNA	ENSMUSG00000087381	-	Gm16008	2666
2667	Gm25982	chr4	156023058	156023158	snRNA	ENSMUSG00000088545	-	Gm25982	2667
2668	Tnfrsf18	chr4	156026164	156028895	protein_coding	ENSMUSG00000041954	+	Tnfrsf18	2668
2669	Ttll10	chr4	156034840	156059414	protein_coding	ENSMUSG00000029074	-	Ttll10	2669
2670	Gm13648	chr4	156052715	156059802	lncRNA	ENSMUSG00000086549	-	Gm13648	2670
2671	Mir200a	chr4	156054896	156054985	miRNA	ENSMUSG00000065400	-	Mir200a	2671
2672	Mir200b	chr4	156055681	156055750	miRNA	ENSMUSG00000065549	-	Mir200b	2672
2673	9430015G10Rik	chr4	156109982	156127265	protein_coding	ENSMUSG00000059939	+	9430015G10Rik	2673
2674	Rnf223	chr4	156130513	156133420	protein_coding	ENSMUSG00000110404	+	Rnf223	2674
2675	Agrn	chr4	156165290	156197488	protein_coding	ENSMUSG00000041936	-	Agrn	2675
2676	Isg15	chr4	156199455	156200796	protein_coding	ENSMUSG00000035692	-	Isg15	2676
2677	AW011738	chr4	156203270	156210563	lncRNA	ENSMUSG00000078349	+	AW011738	2677
2678	Perm1	chr4	156215868	156221307	protein_coding	ENSMUSG00000078486	+	Perm1	2678
2679	Plekhn1	chr4	156221456	156234857	protein_coding	ENSMUSG00000078485	-	Plekhn1	2679
2680	Mir7658	chr4	156230059	156230115	miRNA	ENSMUSG00000098954	-	Mir7658	2680
2681	Noc2l	chr4	156235919	156247616	protein_coding	ENSMUSG00000095567	+	Noc2l	2681
2682	Samd11	chr4	156246966	156255657	protein_coding	ENSMUSG00000096351	-	Samd11	2682
2683	Gm47252	chr4	156254501	156255352	lncRNA	ENSMUSG00000111895	+	Gm47252	2683
2684	Vmn2r-ps159	chr4	156331103	156339499	protein_coding	ENSMUSG00000057021	+	Vmn2r-ps159	2684
2685	Vmn2r125	chr4	156344200	156355905	unprocessed_pseudogene	ENSMUSG00000096042	+	Vmn2r125	2685
