	gene_name	chr	start	end	type	ensembl_id	strand	gene_name2	Node_ID
0	V1rg10	chr5	3000116	3001052	polymorphic_pseudogene	ENSMUSG00000098947	-	V1rg10	0
1	Gm3027	chr5	3030238	3032082	unprocessed_pseudogene	ENSMUSG00000090577	+	Gm3027	1
2	Gm18187	chr5	3041627	3042711	processed_pseudogene	ENSMUSG00000105722	+	Gm18187	2
3	Gm8706	chr5	3046516	3048006	processed_pseudogene	ENSMUSG00000106520	-	Gm8706	3
4	Gm43529	chr5	3056621	3057032	processed_pseudogene	ENSMUSG00000106504	-	Gm43529	4
5	Gm6486	chr5	3070743	3072522	unprocessed_pseudogene	ENSMUSG00000090701	+	Gm6486	5
6	Gm3053	chr5	3090769	3095074	unprocessed_pseudogene	ENSMUSG00000091936	+	Gm3053	6
7	Gm43530	chr5	3099390	3099663	processed_pseudogene	ENSMUSG00000106399	+	Gm43530	7
8	Gm8715	chr5	3123777	3127383	unprocessed_pseudogene	ENSMUSG00000091483	+	Gm8715	8
9	Gm18985	chr5	3212335	3213694	unprocessed_pseudogene	ENSMUSG00000105800	+	Gm18985	9
10	Gm15772	chr5	3236431	3236868	processed_pseudogene	ENSMUSG00000062353	+	Gm15772	10
11	Gm36548	chr5	3270319	3284584	lncRNA	ENSMUSG00000106658	+	Gm36548	11
12	Cdk6	chr5	3341485	3531008	protein_coding	ENSMUSG00000040274	+	Cdk6	12
13	Gm17590	chr5	3472861	3480873	lncRNA	ENSMUSG00000106588	-	Gm17590	13
14	Gm42435	chr5	3498625	3500072	lncRNA	ENSMUSG00000105534	-	Gm42435	14
15	Fam133b	chr5	3543833	3570238	protein_coding	ENSMUSG00000058503	+	Fam133b	15
16	Gm43017	chr5	3544037	3544788	lncRNA	ENSMUSG00000105656	+	Gm43017	16
17	n-R5s169	chr5	3561154	3561273	rRNA	ENSMUSG00000065044	+	n-R5s169	17
18	1700109H08Rik	chr5	3571566	3584356	protein_coding	ENSMUSG00000008307	+	1700109H08Rik	18
19	Rbm48	chr5	3583978	3596585	protein_coding	ENSMUSG00000040302	-	Rbm48	19
20	2510017J16Rik	chr5	3585112	3586374	lncRNA	ENSMUSG00000104891	+	2510017J16Rik	20
21	Pex1	chr5	3596066	3637232	protein_coding	ENSMUSG00000005907	+	Pex1	21
22	Gm43825	chr5	3624630	3625363	lncRNA	ENSMUSG00000105130	-	Gm43825	22
23	4833413G10Rik	chr5	3629777	3631722	lncRNA	ENSMUSG00000104950	-	4833413G10Rik	23
24	Gatad1	chr5	3632932	3657185	protein_coding	ENSMUSG00000007415	-	Gatad1	24
25	Tmbim7	chr5	3651181	3680325	protein_coding	ENSMUSG00000014529	+	Tmbim7	25
26	Ankib1	chr5	3690000	3802925	protein_coding	ENSMUSG00000040351	-	Ankib1	26
27	Gm43679	chr5	3751901	3755577	TEC	ENSMUSG00000105950	-	Gm43679	27
28	Krit1	chr5	3803184	3845564	protein_coding	ENSMUSG00000000600	+	Krit1	28
29	Lrrd1	chr5	3845173	3866596	protein_coding	ENSMUSG00000040367	+	Lrrd1	29
30	Rps4x-ps	chr5	3875362	3876154	processed_pseudogene	ENSMUSG00000104699	+	Rps4x-ps	30
31	Mterf1a	chr5	3890581	3893933	protein_coding	ENSMUSG00000040429	-	Mterf1a	31
32	Akap9	chr5	3928054	4081310	protein_coding	ENSMUSG00000040407	+	Akap9	32
33	Wdr46-ps	chr5	3989006	3990717	processed_pseudogene	ENSMUSG00000105893	+	Wdr46-ps	33
34	Gm43031	chr5	4073571	4075457	lncRNA	ENSMUSG00000106535	+	Gm43031	34
35	Cyp51	chr5	4081145	4104746	protein_coding	ENSMUSG00000001467	-	Cyp51	35
36	Mterf1b	chr5	4192367	4197651	protein_coding	ENSMUSG00000053178	+	Mterf1b	36
37	Fzd1	chr5	4753839	4758035	protein_coding	ENSMUSG00000044674	-	Fzd1	37
38	Gm15750	chr5	4764834	4765665	processed_pseudogene	ENSMUSG00000083921	+	Gm15750	38
39	Gm42744	chr5	4784753	4799094	lncRNA	ENSMUSG00000105560	-	Gm42744	39
40	Cdk14	chr5	4803391	5420312	protein_coding	ENSMUSG00000028926	-	Cdk14	40
41	Gm43112	chr5	4819506	4822627	lncRNA	ENSMUSG00000106212	-	Gm43112	41
42	Gm43113	chr5	4826340	4828093	lncRNA	ENSMUSG00000105062	-	Gm43113	42
43	Gm25037	chr5	4854314	4854423	miRNA	ENSMUSG00000093159	-	Gm25037	43
44	Gm43111	chr5	4868348	4870266	lncRNA	ENSMUSG00000106472	-	Gm43111	44
45	Gm22897	chr5	4985111	4985238	scaRNA	ENSMUSG00000105400	-	Gm22897	45
46	Gm43623	chr5	5137445	5140107	lncRNA	ENSMUSG00000106054	-	Gm43623	46
47	Gm43577	chr5	5154571	5157914	lncRNA	ENSMUSG00000105287	-	Gm43577	47
48	Gm10484	chr5	5170394	5175152	lncRNA	ENSMUSG00000105864	-	Gm10484	48
49	Gm43727	chr5	5304356	5307002	lncRNA	ENSMUSG00000106202	-	Gm43727	49
50	Gm43728	chr5	5309002	5311623	lncRNA	ENSMUSG00000104867	-	Gm43728	50
51	1700015F17Rik	chr5	5437827	5479143	protein_coding	ENSMUSG00000079666	-	1700015F17Rik	51
52	Cldn12	chr5	5489537	5514958	protein_coding	ENSMUSG00000046798	-	Cldn12	52
53	Gtpbp10	chr5	5537454	5559538	protein_coding	ENSMUSG00000040464	-	Gtpbp10	53
54	Gm30652	chr5	5567328	5567757	processed_pseudogene	ENSMUSG00000104716	+	Gm30652	54
55	Gm8773	chr5	5573799	5576203	protein_coding	ENSMUSG00000073234	+	Gm8773	55
56	Cfap69	chr5	5579278	5664239	protein_coding	ENSMUSG00000040473	-	Cfap69	56
57	Steap2	chr5	5664829	5694578	protein_coding	ENSMUSG00000015653	-	Steap2	57
58	Gm43219	chr5	5696858	5698794	TEC	ENSMUSG00000105996	+	Gm43219	58
59	Steap1	chr5	5736317	5749326	protein_coding	ENSMUSG00000015652	-	Steap1	59
60	Gm15459	chr5	5781615	5783555	processed_pseudogene	ENSMUSG00000100801	-	Gm15459	60
61	Gm38697	chr5	5798197	5799942	processed_pseudogene	ENSMUSG00000104952	+	Gm38697	61
62	Gm23838	chr5	6014863	6015024	snRNA	ENSMUSG00000088692	-	Gm23838	62
63	Gm42718	chr5	6311311	6313991	processed_pseudogene	ENSMUSG00000105370	-	Gm42718	63
64	Gm42719	chr5	6358836	6359190	processed_pseudogene	ENSMUSG00000106308	+	Gm42719	64
65	Gm24686	chr5	6410438	6410530	snRNA	ENSMUSG00000088380	+	Gm24686	65
66	Gm40263	chr5	6414399	6427065	lncRNA	ENSMUSG00000106064	+	Gm40263	66
67	Gm3203	chr5	6426844	6429232	processed_pseudogene	ENSMUSG00000104663	-	Gm3203	67
68	Gm5714	chr5	6748892	6749457	processed_pseudogene	ENSMUSG00000106532	-	Gm5714	68
69	Zfp804b	chr5	6769010	7344756	protein_coding	ENSMUSG00000092094	-	Zfp804b	69
70	Gm24525	chr5	7177706	7177856	snRNA	ENSMUSG00000064851	-	Gm24525	70
71	Tubb4b-ps1	chr5	7179365	7180700	processed_pseudogene	ENSMUSG00000095159	+	Tubb4b-ps1	71
72	Gm42598	chr5	7233401	7235837	TEC	ENSMUSG00000105711	-	Gm42598	72
73	Gm42597	chr5	7260856	7262399	TEC	ENSMUSG00000105980	-	Gm42597	73
74	Gm43841	chr5	7276324	7276909	processed_pseudogene	ENSMUSG00000105832	+	Gm43841	74
75	Tex47	chr5	7304119	7311491	protein_coding	ENSMUSG00000040514	+	Tex47	75
76	Gm4960	chr5	7399362	7400362	processed_pseudogene	ENSMUSG00000098077	-	Gm4960	76
77	Gm30835	chr5	7680108	7960346	lncRNA	ENSMUSG00000105068	-	Gm30835	77
78	Gm8802	chr5	7857108	7857847	processed_pseudogene	ENSMUSG00000081226	+	Gm8802	78
79	Gm43478	chr5	7923833	7924124	processed_pseudogene	ENSMUSG00000104624	+	Gm43478	79
80	Steap4	chr5	7960457	7982213	protein_coding	ENSMUSG00000012428	+	Steap4	80
81	Gm15731	chr5	8037294	8052707	lncRNA	ENSMUSG00000086528	-	Gm15731	81
82	Sri	chr5	8046078	8069379	protein_coding	ENSMUSG00000003161	+	Sri	82
83	Adam22	chr5	8072352	8368160	protein_coding	ENSMUSG00000040537	-	Adam22	83
84	Gm21759	chr5	8179636	8181463	processed_pseudogene	ENSMUSG00000094226	+	Gm21759	84
85	Gm24196	chr5	8203866	8203975	miRNA	ENSMUSG00000095290	-	Gm24196	85
86	Gm42490	chr5	8327332	8329395	TEC	ENSMUSG00000106265	-	Gm42490	86
87	Dbf4	chr5	8396973	8422716	protein_coding	ENSMUSG00000002297	-	Dbf4	87
88	Slc25a40	chr5	8422850	8454797	protein_coding	ENSMUSG00000054099	+	Slc25a40	88
89	Rundc3b	chr5	8490334	8622952	protein_coding	ENSMUSG00000040570	-	Rundc3b	89
90	Gm42685	chr5	8512463	8514852	TEC	ENSMUSG00000105740	-	Gm42685	90
91	Abcb1a	chr5	8660077	8748575	protein_coding	ENSMUSG00000040584	+	Abcb1a	91
92	Gm42684	chr5	8669520	8673134	TEC	ENSMUSG00000105392	+	Gm42684	92
93	Gm42686	chr5	8731661	8735768	TEC	ENSMUSG00000104535	-	Gm42686	93
94	Gm5106	chr5	8773577	8798523	lncRNA	ENSMUSG00000097279	-	Gm5106	94
95	Abcb1b	chr5	8798147	8866315	protein_coding	ENSMUSG00000028970	+	Abcb1b	95
96	7330423F06Rik	chr5	8831147	8831447	TEC	ENSMUSG00000105870	+	7330423F06Rik	96
97	Abcb4	chr5	8893717	8959231	protein_coding	ENSMUSG00000042476	+	Abcb4	97
98	Gm17936	chr5	8912971	8913958	processed_pseudogene	ENSMUSG00000106664	+	Gm17936	98
99	Crot	chr5	8966033	8997324	protein_coding	ENSMUSG00000003623	-	Crot	99
100	Gm15610	chr5	8971948	8972142	processed_pseudogene	ENSMUSG00000078183	+	Gm15610	100
101	Gm37153	chr5	8997159	8997389	TEC	ENSMUSG00000102921	+	Gm37153	101
102	Gm27941	chr5	8997286	8997427	misc_RNA	ENSMUSG00000099209	-	Gm27941	102
103	Gm15611	chr5	8998402	8999669	lncRNA	ENSMUSG00000084923	-	Gm15611	103
104	Gm40264	chr5	9034780	9061316	lncRNA	ENSMUSG00000114430	+	Gm40264	104
105	Tmem243	chr5	9100668	9160986	protein_coding	ENSMUSG00000079659	+	Tmem243	105
106	Dmtf1	chr5	9118801	9161776	protein_coding	ENSMUSG00000042508	-	Dmtf1	106
107	Gm24666	chr5	9169063	9169229	snRNA	ENSMUSG00000089562	+	Gm24666	107
108	Gm7332	chr5	9260935	9261388	processed_pseudogene	ENSMUSG00000080875	-	Gm7332	108
109	Gm15734	chr5	9264222	9266022	lncRNA	ENSMUSG00000089926	-	Gm15734	109
110	9330182L06Rik	chr5	9266118	9481825	protein_coding	ENSMUSG00000056004	+	9330182L06Rik	110
111	Gm15733	chr5	9353759	9354000	processed_pseudogene	ENSMUSG00000086115	+	Gm15733	111
112	Mir879	chr5	9375704	9375779	miRNA	ENSMUSG00000077896	+	Mir879	112
113	Grm3	chr5	9485541	9725170	protein_coding	ENSMUSG00000003974	-	Grm3	113
114	Gm42455	chr5	9599872	9602607	TEC	ENSMUSG00000106637	-	Gm42455	114
115	Gm35212	chr5	9779405	9780368	processed_pseudogene	ENSMUSG00000105348	+	Gm35212	115
116	Gm42832	chr5	9968674	9969418	processed_pseudogene	ENSMUSG00000106661	+	Gm42832	116
117	Gm6586	chr5	10067365	10070678	unprocessed_pseudogene	ENSMUSG00000091487	+	Gm6586	117
118	Gm5715	chr5	10116583	10118047	processed_pseudogene	ENSMUSG00000105173	+	Gm5715	118
119	Gm10482	chr5	10187866	10237890	lncRNA	ENSMUSG00000073226	+	Gm10482	119
120	Gm28685	chr5	10235871	10236971	processed_pseudogene	ENSMUSG00000100895	-	Gm28685	120
121	Gm5152	chr5	10242041	10246526	protein_coding	ENSMUSG00000069355	-	Gm5152	121
122	Gm31831	chr5	10249092	10349408	lncRNA	ENSMUSG00000105157	+	Gm31831	122
123	Gm17091	chr5	10537285	10539532	unprocessed_pseudogene	ENSMUSG00000091817	+	Gm17091	123
124	Gm4959	chr5	10558353	10559396	processed_pseudogene	ENSMUSG00000105536	+	Gm4959	124
125	Gm42828	chr5	10668075	10668543	processed_pseudogene	ENSMUSG00000106274	-	Gm42828	125
126	Gm42834	chr5	10706909	10707164	processed_pseudogene	ENSMUSG00000105295	-	Gm42834	126
127	Gm42833	chr5	10741052	10743175	TEC	ENSMUSG00000105657	-	Gm42833	127
128	Gm6455	chr5	10865029	10870808	lncRNA	ENSMUSG00000091422	+	Gm6455	128
129	Gm3321	chr5	10875621	10876749	processed_pseudogene	ENSMUSG00000104942	+	Gm3321	129
130	Gm43358	chr5	10930423	10946571	lncRNA	ENSMUSG00000106652	-	Gm43358	130
131	Gm8871	chr5	10947805	11044948	protein_coding	ENSMUSG00000095710	+	Gm8871	131
132	Gm8857	chr5	10947807	10952592	protein_coding	ENSMUSG00000091933	+	Gm8857	132
133	Gm8861	chr5	10957406	10958237	processed_pseudogene	ENSMUSG00000104834	+	Gm8861	133
134	Gm43492	chr5	11022260	11038939	lncRNA	ENSMUSG00000105978	-	Gm43492	134
135	4930558F17Rik	chr5	11109800	11126455	lncRNA	ENSMUSG00000106506	-	4930558F17Rik	135
136	Gm8879	chr5	11127634	11132487	protein_coding	ENSMUSG00000094025	+	Gm8879	136
137	AC174780.1	chr5	11137279	11193590	processed_pseudogene	ENSMUSG00000105705	+	AC174780.1	137
138	Gm32554	chr5	11165537	11181825	lncRNA	ENSMUSG00000104982	-	Gm32554	138
139	Gm5861	chr5	11183072	11187810	protein_coding	ENSMUSG00000095918	+	Gm5861	139
140	Gm33093	chr5	11238536	11254753	lncRNA	ENSMUSG00000104811	-	Gm33093	140
141	Gm8890	chr5	11256033	11260494	protein_coding	ENSMUSG00000096846	+	Gm8890	141
142	Gm8891	chr5	11265590	11266421	processed_pseudogene	ENSMUSG00000105564	+	Gm8891	142
143	Gm32877	chr5	11320804	11340297	lncRNA	ENSMUSG00000106148	-	Gm32877	143
144	Speer1	chr5	11341516	11346286	protein_coding	ENSMUSG00000095829	+	Speer1	144
145	Gm8896	chr5	11351109	11352214	processed_pseudogene	ENSMUSG00000106351	+	Gm8896	145
146	1700108N06Rik	chr5	11400212	11415204	lncRNA	ENSMUSG00000106034	-	1700108N06Rik	146
147	Gm8897	chr5	11416418	11421235	protein_coding	ENSMUSG00000096732	+	Gm8897	147
148	Gm43540	chr5	11460424	11464271	processed_pseudogene	ENSMUSG00000105549	+	Gm43540	148
149	4930437M23Rik	chr5	11485335	11501452	lncRNA	ENSMUSG00000105688	-	4930437M23Rik	149
150	Gm8906	chr5	11502685	11507417	protein_coding	ENSMUSG00000095296	+	Gm8906	150
151	Gm21040	chr5	11512247	11513378	processed_pseudogene	ENSMUSG00000106156	+	Gm21040	151
152	Gm43640	chr5	11577108	11593779	lncRNA	ENSMUSG00000104789	-	Gm43640	152
153	Gm6460	chr5	11594913	11599784	protein_coding	ENSMUSG00000091903	+	Gm6460	153
154	Gm33847	chr5	11664167	11680823	lncRNA	ENSMUSG00000105299	-	Gm33847	154
155	Gm8922	chr5	11681959	11686856	protein_coding	ENSMUSG00000094105	+	Gm8922	155
156	1700003C15Rik	chr5	11689253	11769308	lncRNA	ENSMUSG00000099391	-	1700003C15Rik	156
157	Gm8926	chr5	11770548	11775300	protein_coding	ENSMUSG00000094205	+	Gm8926	157
158	Gm43132	chr5	11828046	11844359	lncRNA	ENSMUSG00000105479	-	Gm43132	158
159	Gm6465	chr5	11845539	11850352	protein_coding	ENSMUSG00000094036	+	Gm6465	159
160	Gm29755	chr5	11855234	11856181	processed_pseudogene	ENSMUSG00000106410	+	Gm29755	160
161	Gm43131	chr5	11900483	11916836	lncRNA	ENSMUSG00000106026	-	Gm43131	161
162	4933402N22Rik	chr5	11918043	11922821	protein_coding	ENSMUSG00000067848	+	4933402N22Rik	162
163	Gm5288	chr5	11927622	11928740	processed_pseudogene	ENSMUSG00000105171	+	Gm5288	163
164	Gm29066	chr5	12089537	12097647	lncRNA	ENSMUSG00000099516	+	Gm29066	164
165	Gm38242	chr5	12092020	12099441	TEC	ENSMUSG00000103740	-	Gm38242	165
166	Gm42910	chr5	12142041	12144961	TEC	ENSMUSG00000105155	-	Gm42910	166
167	Gm8953	chr5	12354697	12355787	lncRNA	ENSMUSG00000104941	-	Gm8953	167
168	Sema3d	chr5	12383385	12588948	protein_coding	ENSMUSG00000040254	+	Sema3d	168
169	Gm8925	chr5	12478866	12479628	processed_pseudogene	ENSMUSG00000105854	-	Gm8925	169
170	Gm42909	chr5	12554632	12558250	TEC	ENSMUSG00000104632	+	Gm42909	170
171	Gm42580	chr5	12669155	12670728	processed_pseudogene	ENSMUSG00000105237	-	Gm42580	171
172	Gm23243	chr5	12940370	12940479	miRNA	ENSMUSG00000094310	+	Gm23243	172
173	Gm10481	chr5	13042433	13043434	processed_pseudogene	ENSMUSG00000096810	-	Gm10481	173
174	Gm6641	chr5	13080828	13082142	processed_pseudogene	ENSMUSG00000104577	+	Gm6641	174
175	Gm10108	chr5	13121448	13121766	processed_pseudogene	ENSMUSG00000062038	-	Gm10108	175
176	Sema3a	chr5	13125414	13602565	protein_coding	ENSMUSG00000028883	+	Sema3a	176
177	Gm42680	chr5	13133459	13135958	TEC	ENSMUSG00000105334	-	Gm42680	177
178	Gm43130	chr5	13481028	13484934	TEC	ENSMUSG00000105750	+	Gm43130	178
179	Gm42676	chr5	13525723	13528408	TEC	ENSMUSG00000105041	+	Gm42676	179
180	Gm42675	chr5	13548694	13552728	TEC	ENSMUSG00000104626	+	Gm42675	180
181	Gm43719	chr5	13604035	13606233	TEC	ENSMUSG00000105366	+	Gm43719	181
182	Gm43718	chr5	13615959	13617815	TEC	ENSMUSG00000104905	-	Gm43718	182
183	4930568A13Rik	chr5	13748111	13808343	lncRNA	ENSMUSG00000104638	-	4930568A13Rik	183
184	Gm4751	chr5	13763618	13764722	processed_pseudogene	ENSMUSG00000105833	+	Gm4751	184
185	Gm6647	chr5	13768662	13771887	unprocessed_pseudogene	ENSMUSG00000090991	+	Gm6647	185
186	Speer3	chr5	13791619	13796820	protein_coding	ENSMUSG00000067855	+	Speer3	186
187	Gm6650	chr5	13811242	13814452	unprocessed_pseudogene	ENSMUSG00000090793	+	Gm6650	187
188	Gm8968	chr5	13838233	13839535	processed_pseudogene	ENSMUSG00000106615	-	Gm8968	188
189	Gm35702	chr5	13877166	13877676	processed_pseudogene	ENSMUSG00000105521	+	Gm35702	189
190	Dnd1-ps	chr5	13879219	13880182	processed_pseudogene	ENSMUSG00000105614	+	Dnd1-ps	190
191	Gm24054	chr5	13902770	13902874	miRNA	ENSMUSG00000089244	-	Gm24054	191
192	Sema3e	chr5	14025276	14256689	protein_coding	ENSMUSG00000063531	+	Sema3e	192
193	Gm43519	chr5	14027894	14029765	TEC	ENSMUSG00000105528	+	Gm43519	193
194	Gm4128	chr5	14056438	14074157	lncRNA	ENSMUSG00000085352	-	Gm4128	194
195	Gm43523	chr5	14242462	14245339	TEC	ENSMUSG00000106310	+	Gm43523	195
196	Pclo	chr5	14514918	14863459	protein_coding	ENSMUSG00000061601	+	Pclo	196
197	Gm26918	chr5	14520673	14539852	lncRNA	ENSMUSG00000097976	-	Gm26918	197
198	Gm42446	chr5	14563338	14566621	TEC	ENSMUSG00000106491	+	Gm42446	198
199	Gm42447	chr5	14596864	14599766	TEC	ENSMUSG00000105485	+	Gm42447	199
200	Gm42448	chr5	14599919	14602562	TEC	ENSMUSG00000104625	+	Gm42448	200
201	Gm42444	chr5	14604049	14608606	TEC	ENSMUSG00000106048	+	Gm42444	201
202	Gm42445	chr5	14611652	14614544	TEC	ENSMUSG00000106411	+	Gm42445	202
203	Gm43663	chr5	14665649	14667153	TEC	ENSMUSG00000105578	+	Gm43663	203
204	Gm26954	chr5	14696985	14723664	lncRNA	ENSMUSG00000098233	-	Gm26954	204
205	Gm43662	chr5	14778932	14781202	TEC	ENSMUSG00000105571	+	Gm43662	205
206	Gm43665	chr5	14804901	14806559	TEC	ENSMUSG00000104672	+	Gm43665	206
207	Gm9758	chr5	14910122	14914899	protein_coding	ENSMUSG00000033219	-	Gm9758	207
208	Speer4e	chr5	14933221	14938429	protein_coding	ENSMUSG00000091255	-	Speer4e	208
209	Gm10354	chr5	14974113	14978935	protein_coding	ENSMUSG00000072188	-	Gm10354	209
210	Gm17019	chr5	15028950	15032998	protein_coding	ENSMUSG00000091897	-	Gm17019	210
211	Gm43391	chr5	15464171	15478876	lncRNA	ENSMUSG00000106004	+	Gm43391	211
212	Gm21149	chr5	15471703	15476523	protein_coding	ENSMUSG00000099762	-	Gm21149	212
213	Gm21847	chr5	15516489	15656679	lncRNA	ENSMUSG00000094230	+	Gm21847	213
214	Gm21190	chr5	15524456	15529222	protein_coding	ENSMUSG00000106445	-	Gm21190	214
215	Gm30613	chr5	15538002	15605066	lncRNA	ENSMUSG00000105300	-	Gm30613	215
216	Gm21083	chr5	15577333	15582078	protein_coding	ENSMUSG00000096878	+	Gm21083	216
217	Speer4d	chr5	15619064	15623864	protein_coding	ENSMUSG00000070933	+	Speer4d	217
218	4930572O03Rik	chr5	15652286	15657059	protein_coding	ENSMUSG00000069720	-	4930572O03Rik	218
219	Speer4cos	chr5	15680710	15714596	lncRNA	ENSMUSG00000089871	+	Speer4cos	219
220	Speer4c	chr5	15709501	15714271	protein_coding	ENSMUSG00000073208	-	Speer4c	220
221	Gm42454	chr5	15805564	15806744	TEC	ENSMUSG00000105515	+	Gm42454	221
222	4930519H02Rik	chr5	15863928	15883829	lncRNA	ENSMUSG00000105185	-	4930519H02Rik	222
223	Gm42453	chr5	15870247	15870655	processed_pseudogene	ENSMUSG00000105916	+	Gm42453	223
224	Gm42451	chr5	15900244	15900487	processed_pseudogene	ENSMUSG00000105310	-	Gm42451	224
225	Gm3510	chr5	15923755	15933406	lncRNA	ENSMUSG00000096936	-	Gm3510	225
226	Cacna2d1	chr5	15934691	16374511	protein_coding	ENSMUSG00000040118	+	Cacna2d1	226
227	Gm43000	chr5	15993957	15997839	lncRNA	ENSMUSG00000104886	-	Gm43000	227
228	Gm43490	chr5	16107129	16109780	TEC	ENSMUSG00000105526	+	Gm43490	228
229	Gm43491	chr5	16343398	16344181	processed_pseudogene	ENSMUSG00000106177	-	Gm43491	229
230	Gm8984	chr5	16508165	16509183	processed_pseudogene	ENSMUSG00000097941	-	Gm8984	230
231	Hgf	chr5	16553495	16620152	protein_coding	ENSMUSG00000028864	+	Hgf	231
232	Gm43489	chr5	16572951	16573943	TEC	ENSMUSG00000106339	+	Gm43489	232
233	Gm42975	chr5	16605722	16607212	TEC	ENSMUSG00000105660	+	Gm42975	233
234	Gm8991	chr5	16729996	16731070	processed_pseudogene	ENSMUSG00000059179	-	Gm8991	234
235	Gm28710	chr5	16835914	16837658	lncRNA	ENSMUSG00000099854	+	Gm28710	235
236	Gm6673	chr5	17223710	17227934	unprocessed_pseudogene	ENSMUSG00000091273	-	Gm6673	236
237	Speer4f2	chr5	17373180	17378028	protein_coding	ENSMUSG00000091827	+	Speer4f2	237
238	Gm21999	chr5	17380573	17381699	unprocessed_pseudogene	ENSMUSG00000090750	+	Gm21999	238
239	Speer4f1	chr5	17476098	17480936	protein_coding	ENSMUSG00000058643	+	Speer4f1	239
240	Gm7047	chr5	17493223	17494285	processed_pseudogene	ENSMUSG00000106358	+	Gm7047	240
241	Sema3c	chr5	17574281	17730268	protein_coding	ENSMUSG00000028780	+	Sema3c	241
242	Cd36	chr5	17781690	17888801	protein_coding	ENSMUSG00000002944	-	Cd36	242
243	Gnat3	chr5	17962549	18019834	protein_coding	ENSMUSG00000028777	+	Gnat3	243
244	Gnai1	chr5	18265135	18360355	protein_coding	ENSMUSG00000057614	-	Gnai1	244
245	Gm3527	chr5	18350348	18350807	processed_pseudogene	ENSMUSG00000104540	+	Gm3527	245
246	Gm31752	chr5	18481705	18490194	lncRNA	ENSMUSG00000104718	-	Gm31752	246
247	Gm17889	chr5	18814204	18814801	processed_pseudogene	ENSMUSG00000105930	+	Gm17889	247
248	Gm23822	chr5	18864577	18864704	snoRNA	ENSMUSG00000089364	+	Gm23822	248
249	Gm43032	chr5	19198483	19201605	TEC	ENSMUSG00000106498	-	Gm43032	249
250	4921504A21Rik	chr5	19202368	19226555	lncRNA	ENSMUSG00000097626	-	4921504A21Rik	250
251	Gm32102	chr5	19203672	19203912	processed_pseudogene	ENSMUSG00000106433	+	Gm32102	251
252	Magi2	chr5	19227036	20704792	protein_coding	ENSMUSG00000040003	+	Magi2	252
253	Gm21009	chr5	19504455	19506123	processed_pseudogene	ENSMUSG00000106204	-	Gm21009	253
254	Gm25335	chr5	19515405	19515507	snRNA	ENSMUSG00000088668	-	Gm25335	254
255	Gm23570	chr5	20092615	20092718	snRNA	ENSMUSG00000096882	+	Gm23570	255
256	Gm25761	chr5	20114320	20114447	snoRNA	ENSMUSG00000077171	-	Gm25761	256
257	Gm43680	chr5	20260623	20260962	processed_pseudogene	ENSMUSG00000106559	-	Gm43680	257
258	Gm22755	chr5	20264341	20264440	snRNA	ENSMUSG00000087768	+	Gm22755	258
259	Gm3544	chr5	20588596	20588900	processed_pseudogene	ENSMUSG00000106240	+	Gm3544	259
260	Gm29254	chr5	20702277	20706052	lncRNA	ENSMUSG00000073174	+	Gm29254	260
261	1110060G06Rik	chr5	20728394	20728892	TEC	ENSMUSG00000105036	+	1110060G06Rik	261
262	Phtf2	chr5	20758663	20882124	protein_coding	ENSMUSG00000039987	-	Phtf2	262
263	Rpl31-ps5	chr5	20806090	20806464	processed_pseudogene	ENSMUSG00000082716	+	Rpl31-ps5	263
264	Tmem60	chr5	20882191	20886870	protein_coding	ENSMUSG00000045435	+	Tmem60	264
265	Rsbn1l	chr5	20893028	20956398	protein_coding	ENSMUSG00000039968	-	Rsbn1l	265
266	A630072M18Rik	chr5	20950989	20956398	lncRNA	ENSMUSG00000101013	+	A630072M18Rik	266
267	Ptpn12	chr5	20986645	21055911	protein_coding	ENSMUSG00000028771	-	Ptpn12	267
268	Gm43216	chr5	21031752	21033084	TEC	ENSMUSG00000106158	+	Gm43216	268
269	Gm22490	chr5	21117083	21117201	snoRNA	ENSMUSG00000087813	-	Gm22490	269
270	Rpl31-ps21	chr5	21119149	21119522	processed_pseudogene	ENSMUSG00000096269	-	Rpl31-ps21	270
271	Gm18830	chr5	21124017	21125412	processed_pseudogene	ENSMUSG00000106116	+	Gm18830	271
272	Gm42660	chr5	21131076	21132022	TEC	ENSMUSG00000106104	+	Gm42660	272
273	Gsap	chr5	21186255	21315132	protein_coding	ENSMUSG00000039934	+	Gsap	273
274	Gm43215	chr5	21214009	21214260	processed_pseudogene	ENSMUSG00000104920	+	Gm43215	274
275	Gm43214	chr5	21279270	21279621	processed_pseudogene	ENSMUSG00000105275	-	Gm43214	275
276	Ccdc146	chr5	21292961	21424677	protein_coding	ENSMUSG00000064280	-	Ccdc146	276
277	Fgl2	chr5	21372642	21378374	protein_coding	ENSMUSG00000039899	+	Fgl2	277
278	Fam185a	chr5	21424958	21482124	protein_coding	ENSMUSG00000047221	+	Fam185a	278
279	Fbxl13	chr5	21483847	21645634	protein_coding	ENSMUSG00000048520	-	Fbxl13	279
280	Lrrc17	chr5	21543559	21575904	protein_coding	ENSMUSG00000039883	+	Lrrc17	280
281	Gm6543	chr5	21598740	21599547	processed_pseudogene	ENSMUSG00000106135	+	Gm6543	281
282	Gm8539	chr5	21613994	21614494	processed_pseudogene	ENSMUSG00000106294	-	Gm8539	282
283	Armc10	chr5	21645813	21662694	protein_coding	ENSMUSG00000038525	+	Armc10	283
284	Napepld	chr5	21662901	21701396	protein_coding	ENSMUSG00000044968	-	Napepld	284
285	Gm15719	chr5	21689541	21690175	processed_pseudogene	ENSMUSG00000081242	+	Gm15719	285
286	Pmpcb	chr5	21737141	21757152	protein_coding	ENSMUSG00000029017	+	Pmpcb	286
287	Gm15715	chr5	21748231	21748513	processed_pseudogene	ENSMUSG00000083006	-	Gm15715	287
288	Dnajc2	chr5	21757267	21785251	protein_coding	ENSMUSG00000029014	-	Dnajc2	288
289	Psmc2	chr5	21785283	21803787	protein_coding	ENSMUSG00000028932	+	Psmc2	289
290	Slc26a5	chr5	21810655	21865604	protein_coding	ENSMUSG00000029015	-	Slc26a5	290
291	Reln	chr5	21884454	22344702	protein_coding	ENSMUSG00000042453	-	Reln	291
292	Gm16111	chr5	21889780	21890064	processed_pseudogene	ENSMUSG00000090008	+	Gm16111	292
293	Gm10475	chr5	21910931	21954014	lncRNA	ENSMUSG00000073152	+	Gm10475	293
294	Dnaja1-ps	chr5	21951858	21952499	processed_pseudogene	ENSMUSG00000090197	-	Dnaja1-ps	294
295	Gm19666	chr5	21956094	21957986	TEC	ENSMUSG00000105766	-	Gm19666	295
296	Gm16112	chr5	22292787	22293168	processed_pseudogene	ENSMUSG00000089793	+	Gm16112	296
297	Gm16110	chr5	22334442	22336118	lncRNA	ENSMUSG00000090226	+	Gm16110	297
298	Gm43657	chr5	22400886	22404718	lncRNA	ENSMUSG00000105106	-	Gm43657	298
299	n-R5s170	chr5	22430331	22430443	rRNA	ENSMUSG00000065660	-	n-R5s170	299
300	Gm43110	chr5	22472767	22472992	processed_pseudogene	ENSMUSG00000105081	-	Gm43110	300
301	Orc5	chr5	22486485	22550429	protein_coding	ENSMUSG00000029012	-	Orc5	301
302	Gm15421	chr5	22528321	22529244	transcribed_processed_pseudogene	ENSMUSG00000084235	-	Gm15421	302
303	Gm22887	chr5	22534737	22534843	snRNA	ENSMUSG00000096346	-	Gm22887	303
304	6030443J06Rik	chr5	22550432	22807850	lncRNA	ENSMUSG00000097207	+	6030443J06Rik	304
305	Gm9057	chr5	22563957	22564252	processed_pseudogene	ENSMUSG00000105156	+	Gm9057	305
306	Rpl17-ps5	chr5	22612628	22613182	processed_pseudogene	ENSMUSG00000081855	-	Rpl17-ps5	306
307	Gm24512	chr5	22645119	22645183	snRNA	ENSMUSG00000092704	-	Gm24512	307
308	Gm9523	chr5	22693561	22694719	processed_pseudogene	ENSMUSG00000106181	-	Gm9523	308
309	Gm6560	chr5	22724578	22726168	processed_pseudogene	ENSMUSG00000104913	-	Gm6560	309
310	A930003O13Rik	chr5	22738910	22746907	lncRNA	ENSMUSG00000105076	-	A930003O13Rik	310
311	Gm44363	chr5	22739019	22739111	miRNA	ENSMUSG00000105029	+	Gm44363	311
312	Lhfpl3	chr5	22746059	23275597	protein_coding	ENSMUSG00000106379	+	Lhfpl3	312
313	Gm21846	chr5	22775630	22778702	TEC	ENSMUSG00000094832	+	Gm21846	313
314	Gm43169	chr5	22863812	22868545	TEC	ENSMUSG00000105543	-	Gm43169	314
315	Gm6564	chr5	22931395	22932013	processed_pseudogene	ENSMUSG00000060879	-	Gm6564	315
316	Gm42948	chr5	23200920	23223796	lncRNA	ENSMUSG00000104866	-	Gm42948	316
317	Gm28022	chr5	23279866	23279911	miRNA	ENSMUSG00000098903	-	Gm28022	317
318	Gm42951	chr5	23330370	23347274	lncRNA	ENSMUSG00000105254	-	Gm42951	318
319	Gm43722	chr5	23376496	23376619	processed_pseudogene	ENSMUSG00000105091	+	Gm43722	319
320	5031425E22Rik	chr5	23382308	23434269	lncRNA	ENSMUSG00000073147	-	5031425E22Rik	320
321	4930580E04Rik	chr5	23387109	23388601	lncRNA	ENSMUSG00000106269	+	4930580E04Rik	321
322	Gm43058	chr5	23387620	23388244	processed_pseudogene	ENSMUSG00000104765	-	Gm43058	322
323	Gm42509	chr5	23396103	23396883	TEC	ENSMUSG00000105042	+	Gm42509	323
324	Kmt2e	chr5	23434441	23504235	protein_coding	ENSMUSG00000029004	+	Kmt2e	324
325	Gm25219	chr5	23487394	23487723	misc_RNA	ENSMUSG00000088170	-	Gm25219	325
326	Srpk2	chr5	23503264	23684617	protein_coding	ENSMUSG00000062604	-	Srpk2	326
327	Gm24009	chr5	23674289	23674381	rRNA	ENSMUSG00000088359	-	Gm24009	327
328	Gm43566	chr5	23674739	23675546	lncRNA	ENSMUSG00000105565	-	Gm43566	328
329	AI506816	chr5	23698296	23712667	lncRNA	ENSMUSG00000105987	-	AI506816	329
330	Gm50451	chr5	23710991	23711061	snoRNA	ENSMUSG00000096832	-	Gm50451	330
331	Pus7	chr5	23740648	23783711	protein_coding	ENSMUSG00000057541	-	Pus7	331
332	Rint1	chr5	23787711	23820369	protein_coding	ENSMUSG00000028999	+	Rint1	332
333	Gm43054	chr5	23790702	23791585	TEC	ENSMUSG00000104569	+	Gm43054	333
334	4933427G23Rik	chr5	23815618	23831897	transcribed_processed_pseudogene	ENSMUSG00000086697	-	4933427G23Rik	334
335	Tomm7	chr5	23838944	23844161	protein_coding	ENSMUSG00000028998	-	Tomm7	335
336	2700038G22Rik	chr5	23850597	23855038	lncRNA	ENSMUSG00000097180	+	2700038G22Rik	336
337	Snord93	chr5	23852210	23852280	snoRNA	ENSMUSG00000095205	+	Snord93	337
338	AC117663.1	chr5	23864842	23876443	unprocessed_pseudogene	ENSMUSG00000118576	-	AC117663.1	338
339	Fam126a	chr5	23915276	24030690	protein_coding	ENSMUSG00000028995	-	Fam126a	339
340	Gm6745	chr5	24009887	24010412	processed_pseudogene	ENSMUSG00000105866	-	Gm6745	340
341	Gm18038	chr5	24085244	24085728	processed_pseudogene	ENSMUSG00000106118	+	Gm18038	341
342	Klhl7	chr5	24100605	24160792	protein_coding	ENSMUSG00000028986	+	Klhl7	342
343	Gm3724	chr5	24118316	24118664	processed_pseudogene	ENSMUSG00000106133	-	Gm3724	343
344	Gm43389	chr5	24153294	24155888	TEC	ENSMUSG00000106665	+	Gm43389	344
345	Nupl2	chr5	24164963	24184013	protein_coding	ENSMUSG00000048439	+	Nupl2	345
346	Gm5575	chr5	24209327	24209724	processed_pseudogene	ENSMUSG00000099891	-	Gm5575	346
347	Gm43828	chr5	24232409	24233047	processed_pseudogene	ENSMUSG00000105141	+	Gm43828	347
348	Gm43827	chr5	24240512	24241901	processed_pseudogene	ENSMUSG00000105713	+	Gm43827	348
349	Kcnh2	chr5	24319589	24351604	protein_coding	ENSMUSG00000038319	-	Kcnh2	349
350	Gm15589	chr5	24333923	24337216	lncRNA	ENSMUSG00000086729	+	Gm15589	350
351	Nos3	chr5	24364810	24384474	protein_coding	ENSMUSG00000028978	+	Nos3	351
352	Gm15587	chr5	24366192	24383614	lncRNA	ENSMUSG00000086769	-	Gm15587	352
353	Atg9b	chr5	24384181	24392143	protein_coding	ENSMUSG00000038295	-	Atg9b	353
354	Abcb8	chr5	24393663	24410054	protein_coding	ENSMUSG00000028973	+	Abcb8	354
355	Asic3	chr5	24413392	24417835	protein_coding	ENSMUSG00000038276	+	Asic3	355
356	Cdk5	chr5	24418241	24423530	protein_coding	ENSMUSG00000028969	-	Cdk5	356
357	Slc4a2	chr5	24423837	24440950	protein_coding	ENSMUSG00000028962	+	Slc4a2	357
358	Fastk	chr5	24438440	24445287	protein_coding	ENSMUSG00000028959	-	Fastk	358
359	Gm22333	chr5	24438486	24438586	snRNA	ENSMUSG00000088696	-	Gm22333	359
360	Tmub1	chr5	24445458	24447854	protein_coding	ENSMUSG00000028958	-	Tmub1	360
361	2310074N15Rik	chr5	24447908	24448489	lncRNA	ENSMUSG00000105858	+	2310074N15Rik	361
362	Gm10472	chr5	24449608	24451709	TEC	ENSMUSG00000104190	-	Gm10472	362
363	Agap3	chr5	24452177	24502047	protein_coding	ENSMUSG00000023353	+	Agap3	363
364	Gbx1	chr5	24502757	24527202	protein_coding	ENSMUSG00000067724	-	Gbx1	364
365	Asb10	chr5	24532697	24540978	protein_coding	ENSMUSG00000038204	-	Asb10	365
366	Iqca1l	chr5	24543432	24556809	protein_coding	ENSMUSG00000038199	-	Iqca1l	366
367	Abcf2	chr5	24565345	24577467	protein_coding	ENSMUSG00000028953	-	Abcf2	367
368	Gm10221	chr5	24581554	24581862	processed_pseudogene	ENSMUSG00000067719	-	Gm10221	368
369	Chpf2	chr5	24586741	24594556	protein_coding	ENSMUSG00000038181	+	Chpf2	369
370	Smarcd3	chr5	24590818	24624411	protein_coding	ENSMUSG00000028949	-	Smarcd3	370
371	Mir671	chr5	24592114	24592211	miRNA	ENSMUSG00000076387	+	Mir671	371
372	1700022A21Rik	chr5	24645453	24648860	transcribed_processed_pseudogene	ENSMUSG00000038165	+	1700022A21Rik	372
373	Nub1	chr5	24685532	24710378	protein_coding	ENSMUSG00000028954	+	Nub1	373
374	Gm26648	chr5	24696902	24704690	lncRNA	ENSMUSG00000097275	-	Gm26648	374
375	Wdr86	chr5	24711738	24730727	protein_coding	ENSMUSG00000055235	-	Wdr86	375
376	Crygn	chr5	24751003	24758008	protein_coding	ENSMUSG00000038135	-	Crygn	376
377	Rheb	chr5	24802823	24842624	protein_coding	ENSMUSG00000028945	-	Rheb	377
378	Gm25363	chr5	24820593	24820837	misc_RNA	ENSMUSG00000089475	-	Gm25363	378
379	Prkag2	chr5	24862744	25100642	protein_coding	ENSMUSG00000028944	-	Prkag2	379
380	Prkag2os2	chr5	24873544	24875934	lncRNA	ENSMUSG00000087314	+	Prkag2os2	380
381	Prkag2os1	chr5	24902569	24906850	lncRNA	ENSMUSG00000086446	+	Prkag2os1	381
382	1500035N22Rik	chr5	24985842	24998168	lncRNA	ENSMUSG00000059631	+	1500035N22Rik	382
383	2900005J15Rik	chr5	25100983	25110109	lncRNA	ENSMUSG00000043833	+	2900005J15Rik	383
384	Gm19088	chr5	25126135	25126700	processed_pseudogene	ENSMUSG00000105763	+	Gm19088	384
385	Galntl5	chr5	25181460	25220297	protein_coding	ENSMUSG00000028938	+	Galntl5	385
386	Gm26356	chr5	25188361	25188643	misc_RNA	ENSMUSG00000088842	-	Gm26356	386
387	Galnt11	chr5	25221904	25265918	protein_coding	ENSMUSG00000038072	+	Galnt11	387
388	E130116L18Rik	chr5	25222848	25223153	protein_coding	ENSMUSG00000054116	-	E130116L18Rik	388
389	Kmt2c	chr5	25271798	25498783	protein_coding	ENSMUSG00000038056	-	Kmt2c	389
390	Gm42585	chr5	25369020	25373039	TEC	ENSMUSG00000106457	+	Gm42585	390
391	Hspe1-ps3	chr5	25391608	25391884	processed_pseudogene	ENSMUSG00000092344	+	Hspe1-ps3	391
392	Gm20432	chr5	25433036	25433285	processed_pseudogene	ENSMUSG00000092181	-	Gm20432	392
393	Gm18343	chr5	25450305	25450908	processed_pseudogene	ENSMUSG00000092510	+	Gm18343	393
394	Gm22656	chr5	25510865	25511035	snRNA	ENSMUSG00000077387	+	Gm22656	394
395	Cct8l1	chr5	25516067	25518027	protein_coding	ENSMUSG00000038044	+	Cct8l1	395
396	1700096K18Rik	chr5	25530013	25531466	lncRNA	ENSMUSG00000101856	+	1700096K18Rik	396
397	Gm43141	chr5	25532158	25532431	processed_pseudogene	ENSMUSG00000105744	-	Gm43141	397
398	Gm10062	chr5	25659806	25661282	lncRNA	ENSMUSG00000059244	-	Gm10062	398
399	Gm43972	chr5	25659809	25661275	lncRNA	ENSMUSG00000106144	+	Gm43972	399
400	Gm43143	chr5	25687373	25689395	TEC	ENSMUSG00000106241	-	Gm43143	400
401	Xrcc2	chr5	25689812	25705825	protein_coding	ENSMUSG00000028933	-	Xrcc2	401
402	Gm43142	chr5	25710226	25710586	processed_pseudogene	ENSMUSG00000104549	+	Gm43142	402
403	Actr3b	chr5	25759997	25850688	protein_coding	ENSMUSG00000056367	+	Actr3b	403
404	Gm21655	chr5	25919632	25926290	lncRNA	ENSMUSG00000105052	-	Gm21655	404
405	Gm21663	chr5	25935791	25942381	protein_coding	ENSMUSG00000104824	-	Gm21663	405
406	Gm21671	chr5	25948253	25954417	protein_coding	ENSMUSG00000095550	-	Gm21671	406
407	Gm21168	chr5	25956626	25957721	processed_pseudogene	ENSMUSG00000104651	+	Gm21168	407
408	Gm21680	chr5	25965961	25972663	protein_coding	ENSMUSG00000106627	-	Gm21680	408
409	Gm21698	chr5	25982030	25988650	protein_coding	ENSMUSG00000096045	-	Gm21698	409
410	Gm1979	chr5	25999022	26004798	protein_coding	ENSMUSG00000091049	-	Gm1979	410
411	Gm5067	chr5	26007027	26008035	processed_pseudogene	ENSMUSG00000090671	+	Gm5067	411
412	Gm5862	chr5	26017278	26022916	protein_coding	ENSMUSG00000067700	-	Gm5862	412
413	Speer4a	chr5	26032846	26039558	protein_coding	ENSMUSG00000073119	-	Speer4a	413
414	Gm7347	chr5	26051883	26058581	protein_coding	ENSMUSG00000073117	-	Gm7347	414
415	Gm6089	chr5	26070537	26071474	processed_pseudogene	ENSMUSG00000105422	+	Gm6089	415
416	Gm10471	chr5	26082574	26089291	protein_coding	ENSMUSG00000073116	-	Gm10471	416
417	5031410I06Rik	chr5	26098668	26105362	protein_coding	ENSMUSG00000051940	-	5031410I06Rik	417
418	Gm10220	chr5	26114764	26121421	protein_coding	ENSMUSG00000067698	-	Gm10220	418
419	Gm7361	chr5	26257691	26264308	protein_coding	ENSMUSG00000059645	+	Gm7361	419
420	Gm18957	chr5	26355418	26357230	processed_pseudogene	ENSMUSG00000105786	+	Gm18957	420
421	4930584F24Rik	chr5	26460070	26493314	lncRNA	ENSMUSG00000029044	-	4930584F24Rik	421
422	Dpp6	chr5	26817203	27727505	protein_coding	ENSMUSG00000061576	+	Dpp6	422
423	Gm29784	chr5	26828100	26828505	processed_pseudogene	ENSMUSG00000104733	-	Gm29784	423
424	Gm16056	chr5	26859967	26860101	processed_pseudogene	ENSMUSG00000080941	-	Gm16056	424
425	Gm16057	chr5	27005940	27007621	processed_pseudogene	ENSMUSG00000081970	-	Gm16057	425
426	Gm43776	chr5	27195955	27198868	TEC	ENSMUSG00000105946	+	Gm43776	426
427	Gm43502	chr5	27218185	27220780	TEC	ENSMUSG00000106537	+	Gm43502	427
428	Speer4b	chr5	27495639	27501438	protein_coding	ENSMUSG00000048703	-	Speer4b	428
429	Gm16058	chr5	27552551	27553875	lncRNA	ENSMUSG00000086505	-	Gm16058	429
430	Paxip1	chr5	27740080	27791691	protein_coding	ENSMUSG00000002221	-	Paxip1	430
431	Gm43433	chr5	27817490	27817970	processed_pseudogene	ENSMUSG00000105223	+	Gm43433	431
432	Gm20239	chr5	27820970	27821951	processed_pseudogene	ENSMUSG00000105375	+	Gm20239	432
433	Htr5a	chr5	27842149	27855088	protein_coding	ENSMUSG00000039106	+	Htr5a	433
434	Gm43096	chr5	27860018	27860438	processed_pseudogene	ENSMUSG00000104882	-	Gm43096	434
435	Gm5551	chr5	27860449	27861138	processed_pseudogene	ENSMUSG00000106390	+	Gm5551	435
436	Gm4865	chr5	27999998	28001306	processed_pseudogene	ENSMUSG00000104777	-	Gm4865	436
437	Gm26608	chr5	28019465	28071105	lncRNA	ENSMUSG00000097673	-	Gm26608	437
438	Gm43611	chr5	28032055	28036406	TEC	ENSMUSG00000106030	-	Gm43611	438
439	Insig1	chr5	28071363	28078662	protein_coding	ENSMUSG00000045294	+	Insig1	439
440	En2	chr5	28165694	28172166	protein_coding	ENSMUSG00000039095	+	En2	440
441	Gm43610	chr5	28168476	28168840	TEC	ENSMUSG00000106160	-	Gm43610	441
442	Cnpy1	chr5	28200819	28245806	protein_coding	ENSMUSG00000044681	-	Cnpy1	442
443	Rbm33	chr5	28317121	28419239	protein_coding	ENSMUSG00000048271	+	Rbm33	443
444	Shh	chr5	28456815	28467256	protein_coding	ENSMUSG00000002633	-	Shh	444
445	9530036O11Rik	chr5	28458274	28933995	lncRNA	ENSMUSG00000097726	+	9530036O11Rik	445
446	Gm10290	chr5	28538570	28539568	processed_pseudogene	ENSMUSG00000105775	+	Gm10290	446
447	Gm43161	chr5	28577273	28578960	TEC	ENSMUSG00000104587	+	Gm43161	447
448	Rnf32	chr5	29195992	29228457	protein_coding	ENSMUSG00000029130	+	Rnf32	448
449	Gm7420	chr5	29217724	29218565	transcribed_processed_pseudogene	ENSMUSG00000089975	+	Gm7420	449
450	Lmbr1	chr5	29229802	29378390	protein_coding	ENSMUSG00000010721	-	Lmbr1	450
451	C79130	chr5	29276002	29280297	TEC	ENSMUSG00000105741	-	C79130	451
452	Gm23801	chr5	29336780	29336846	miRNA	ENSMUSG00000093302	-	Gm23801	452
453	4632411P08Rik	chr5	29378699	29390488	lncRNA	ENSMUSG00000097561	+	4632411P08Rik	453
454	Nom1	chr5	29434664	29457843	protein_coding	ENSMUSG00000001569	+	Nom1	454
455	Mnx1	chr5	29473034	29478470	protein_coding	ENSMUSG00000001566	-	Mnx1	455
456	Gm24538	chr5	29481525	29481631	snRNA	ENSMUSG00000093875	-	Gm24538	456
457	Gm6083	chr5	29538153	29538509	processed_pseudogene	ENSMUSG00000078182	+	Gm6083	457
458	Ube3c	chr5	29569242	29676092	protein_coding	ENSMUSG00000039000	+	Ube3c	458
459	Gm42570	chr5	29691422	29691713	processed_pseudogene	ENSMUSG00000104648	+	Gm42570	459
460	Gm26346	chr5	29709634	29709962	misc_RNA	ENSMUSG00000088150	+	Gm26346	460
461	Gm43117	chr5	29719328	29719706	processed_pseudogene	ENSMUSG00000105032	-	Gm43117	461
462	Gm5129	chr5	29735334	29735936	lncRNA	ENSMUSG00000053121	-	Gm5129	462
463	Dnajb6	chr5	29735688	29818134	protein_coding	ENSMUSG00000029131	+	Dnajb6	463
464	Gm5552	chr5	29794523	29795037	processed_pseudogene	ENSMUSG00000106558	-	Gm5552	464
465	Gm2213	chr5	29807471	29808158	processed_pseudogene	ENSMUSG00000105999	-	Gm2213	465
466	Gm1969	chr5	29832088	29833307	processed_pseudogene	ENSMUSG00000106551	-	Gm1969	466
467	Gm42450	chr5	29886728	29891964	lncRNA	ENSMUSG00000105437	-	Gm42450	467
468	Gm43386	chr5	29946718	29950718	TEC	ENSMUSG00000105926	-	Gm43386	468
469	A230098N10Rik	chr5	29996141	30008798	lncRNA	ENSMUSG00000105439	-	A230098N10Rik	469
470	Il6	chr5	30013114	30019981	protein_coding	ENSMUSG00000025746	+	Il6	470
471	Tyms	chr5	30058202	30073617	protein_coding	ENSMUSG00000025747	-	Tyms	471
472	Gm4961	chr5	30092940	30097686	lncRNA	ENSMUSG00000104667	+	Gm4961	472
473	3110082J24Rik	chr5	30103584	30106086	protein_coding	ENSMUSG00000086815	-	3110082J24Rik	473
474	Garem2	chr5	30105161	30118378	protein_coding	ENSMUSG00000044576	+	Garem2	474
475	Hadha	chr5	30118304	30155162	protein_coding	ENSMUSG00000025745	-	Hadha	475
476	Hadhb	chr5	30155248	30184593	protein_coding	ENSMUSG00000059447	+	Hadhb	476
477	Mir1960	chr5	30170739	30170816	miRNA	ENSMUSG00000088113	+	Mir1960	477
478	Adgrf3	chr5	30193431	30205722	protein_coding	ENSMUSG00000067642	-	Adgrf3	478
479	Selenoi	chr5	30232581	30272427	protein_coding	ENSMUSG00000075703	+	Selenoi	479
480	Gm16288	chr5	30240082	30240448	processed_pseudogene	ENSMUSG00000085099	-	Gm16288	480
481	Drc1	chr5	30281388	30366695	protein_coding	ENSMUSG00000073102	+	Drc1	481
482	Gm43755	chr5	30366046	30366490	lncRNA	ENSMUSG00000106311	+	Gm43755	482
483	Otof	chr5	30367062	30461932	protein_coding	ENSMUSG00000062372	-	Otof	483
484	1700001C02Rik	chr5	30466047	30484088	protein_coding	ENSMUSG00000029182	+	1700001C02Rik	484
485	Cib4	chr5	30485583	30545836	protein_coding	ENSMUSG00000053194	-	Cib4	485
486	Gm42765	chr5	30529457	30543830	lncRNA	ENSMUSG00000106300	+	Gm42765	486
487	Gm9899	chr5	30573987	30588619	lncRNA	ENSMUSG00000053214	-	Gm9899	487
488	Kcnk3	chr5	30588170	30625271	protein_coding	ENSMUSG00000049265	+	Kcnk3	488
489	Slc35f6	chr5	30647933	30659729	protein_coding	ENSMUSG00000029175	+	Slc35f6	489
490	Mir5625	chr5	30647936	30648015	miRNA	ENSMUSG00000093710	+	Mir5625	490
491	Cenpa	chr5	30666777	30674830	protein_coding	ENSMUSG00000029177	+	Cenpa	491
492	Dpysl5	chr5	30711564	30799375	protein_coding	ENSMUSG00000029168	+	Dpysl5	492
493	Gm42764	chr5	30759032	30760477	lncRNA	ENSMUSG00000106173	+	Gm42764	493
494	Mapre3	chr5	30814641	30866106	protein_coding	ENSMUSG00000029166	+	Mapre3	494
495	Gm19409	chr5	30815620	30818477	lncRNA	ENSMUSG00000106229	+	Gm19409	495
496	Gm15461	chr5	30817977	30822612	lncRNA	ENSMUSG00000087258	-	Gm15461	496
497	Tmem214	chr5	30868012	30879180	protein_coding	ENSMUSG00000038828	+	Tmem214	497
498	Gm43808	chr5	30868764	30870828	TEC	ENSMUSG00000107086	-	Gm43808	498
499	Agbl5	chr5	30888694	30906965	protein_coding	ENSMUSG00000029165	+	Agbl5	499
500	5930420M18Rik	chr5	30897300	30899580	TEC	ENSMUSG00000107201	+	5930420M18Rik	500
501	Ost4	chr5	30905885	30907788	protein_coding	ENSMUSG00000038803	-	Ost4	501
502	Emilin1	chr5	30913402	30921277	protein_coding	ENSMUSG00000029163	+	Emilin1	502
503	Khk	chr5	30921431	30931248	protein_coding	ENSMUSG00000029162	+	Khk	503
504	Cgref1	chr5	30933143	30945591	protein_coding	ENSMUSG00000029161	-	Cgref1	504
505	Abhd1	chr5	30950066	30955091	polymorphic_pseudogene	ENSMUSG00000006638	+	Abhd1	505
506	Preb	chr5	30950853	30960361	protein_coding	ENSMUSG00000045302	-	Preb	506
507	Tcf23	chr5	30968662	30977018	protein_coding	ENSMUSG00000006642	+	Tcf23	507
508	Slc5a6	chr5	31036036	31048924	protein_coding	ENSMUSG00000006641	-	Slc5a6	508
509	Atraid	chr5	31048312	31054623	protein_coding	ENSMUSG00000013622	+	Atraid	509
510	Cad	chr5	31054780	31078479	protein_coding	ENSMUSG00000013629	+	Cad	510
511	Slc30a3	chr5	31086106	31108237	protein_coding	ENSMUSG00000029151	-	Slc30a3	511
512	Gm9924	chr5	31094984	31097294	TEC	ENSMUSG00000104299	+	Gm9924	512
513	Dnajc5g	chr5	31106285	31112526	protein_coding	ENSMUSG00000053856	+	Dnajc5g	513
514	Trim54	chr5	31116712	31137630	protein_coding	ENSMUSG00000062077	+	Trim54	514
515	Gm15469	chr5	31135753	31137344	lncRNA	ENSMUSG00000107265	-	Gm15469	515
516	Ucn	chr5	31138063	31138829	protein_coding	ENSMUSG00000038676	-	Ucn	516
517	Mpv17	chr5	31140654	31154251	protein_coding	ENSMUSG00000107283	-	Mpv17	517
518	Gm29609	chr5	31144739	31179911	protein_coding	ENSMUSG00000101678	-	Gm29609	518
519	Gtf3c2	chr5	31156005	31180144	protein_coding	ENSMUSG00000106864	-	Gtf3c2	519
520	Eif2b4	chr5	31187558	31193430	protein_coding	ENSMUSG00000029145	-	Eif2b4	520
521	Snx17	chr5	31193227	31199143	protein_coding	ENSMUSG00000029146	+	Snx17	521
522	Zfp513	chr5	31198981	31202303	protein_coding	ENSMUSG00000043059	-	Zfp513	522
523	Ppm1g	chr5	31202664	31220687	protein_coding	ENSMUSG00000029147	-	Ppm1g	523
524	Gm42798	chr5	31210344	31214315	TEC	ENSMUSG00000106717	-	Gm42798	524
525	Gm9970	chr5	31240466	31241232	lncRNA	ENSMUSG00000055424	-	Gm9970	525
526	Nrbp1	chr5	31240864	31251566	protein_coding	ENSMUSG00000029148	+	Nrbp1	526
527	Krtcap3	chr5	31251691	31253202	protein_coding	ENSMUSG00000029149	+	Krtcap3	527
528	Ift172	chr5	31253277	31291116	protein_coding	ENSMUSG00000038564	-	Ift172	528
529	Fndc4	chr5	31292242	31296080	protein_coding	ENSMUSG00000038552	-	Fndc4	529
530	Gckr	chr5	31297443	31327314	protein_coding	ENSMUSG00000059434	+	Gckr	530
531	Gm19457	chr5	31356348	31356795	processed_pseudogene	ENSMUSG00000106935	-	Gm19457	531
532	Gm43659	chr5	31450824	31451451	processed_pseudogene	ENSMUSG00000106866	+	Gm43659	532
533	4930478M09Rik	chr5	31451219	31452331	TEC	ENSMUSG00000106950	-	4930478M09Rik	533
534	Zfp512	chr5	31452431	31481754	protein_coding	ENSMUSG00000062761	+	Zfp512	534
535	Gm43059	chr5	31461022	31462409	TEC	ENSMUSG00000107120	+	Gm43059	535
536	4930548H24Rik	chr5	31485740	31488476	protein_coding	ENSMUSG00000029138	+	4930548H24Rik	536
537	4930566F21Rik	chr5	31486629	31495179	lncRNA	ENSMUSG00000107142	-	4930566F21Rik	537
538	Gpn1	chr5	31494741	31512904	protein_coding	ENSMUSG00000064037	+	Gpn1	538
539	Supt7l	chr5	31514564	31527807	protein_coding	ENSMUSG00000053134	-	Supt7l	539
540	Slc4a1ap	chr5	31526995	31556932	protein_coding	ENSMUSG00000029141	+	Slc4a1ap	540
541	Gm43660	chr5	31560812	31569072	lncRNA	ENSMUSG00000107352	-	Gm43660	541
542	AI839979	chr5	31569595	31571397	lncRNA	ENSMUSG00000107355	-	AI839979	542
543	2900076G11Rik	chr5	31581079	31581709	TEC	ENSMUSG00000107015	+	2900076G11Rik	543
544	Mrpl33	chr5	31596935	31664384	protein_coding	ENSMUSG00000106918	+	Mrpl33	544
545	Gm43809	chr5	31596938	31701972	lncRNA	ENSMUSG00000105617	+	Gm43809	545
546	Rbks	chr5	31624439	31697627	protein_coding	ENSMUSG00000029136	-	Rbks	546
547	Mir3473e	chr5	31667231	31667340	miRNA	ENSMUSG00000099301	-	Mir3473e	547
548	Babam2	chr5	31697684	32084962	protein_coding	ENSMUSG00000052139	+	Babam2	548
549	Gm43810	chr5	31708396	31708627	TEC	ENSMUSG00000107151	+	Gm43810	549
550	Gm24436	chr5	31870046	31870347	misc_RNA	ENSMUSG00000088514	+	Gm24436	550
551	Gm43811	chr5	31926697	31927391	TEC	ENSMUSG00000107140	+	Gm43811	551
552	Gm17130	chr5	32005977	32010863	lncRNA	ENSMUSG00000106894	-	Gm17130	552
553	Gm10463	chr5	32130283	32133171	TEC	ENSMUSG00000102759	-	Gm10463	553
554	Fosl2	chr5	32135801	32157842	protein_coding	ENSMUSG00000029135	+	Fosl2	554
555	Gm26335	chr5	32175099	32175205	snRNA	ENSMUSG00000096091	+	Gm26335	555
556	Gm9555	chr5	32185497	32186079	processed_pseudogene	ENSMUSG00000107220	+	Gm9555	556
557	Plb1	chr5	32232708	32366520	protein_coding	ENSMUSG00000029134	+	Plb1	557
558	Gm36840	chr5	32320764	32354883	lncRNA	ENSMUSG00000107078	-	Gm36840	558
559	Gm7596	chr5	32390047	32397908	lncRNA	ENSMUSG00000107036	-	Gm7596	559
560	Gm5864	chr5	32420003	32420972	processed_pseudogene	ENSMUSG00000107211	+	Gm5864	560
561	Ppp1cb	chr5	32458843	32517433	protein_coding	ENSMUSG00000014956	+	Ppp1cb	561
562	Gm43312	chr5	32459828	32462293	TEC	ENSMUSG00000107197	+	Gm43312	562
563	Gm43313	chr5	32467195	32469429	TEC	ENSMUSG00000107083	+	Gm43313	563
564	Gm15613	chr5	32479560	32479885	processed_pseudogene	ENSMUSG00000080753	-	Gm15613	564
565	Gm15614	chr5	32507184	32651065	lncRNA	ENSMUSG00000085234	-	Gm15614	565
566	Gm42964	chr5	32547936	32548317	processed_pseudogene	ENSMUSG00000107316	-	Gm42964	566
567	Gm43812	chr5	32550660	32557462	transcribed_unprocessed_pseudogene	ENSMUSG00000106835	+	Gm43812	567
568	Gm10461	chr5	32607020	32611805	TEC	ENSMUSG00000107277	-	Gm10461	568
569	Yes1	chr5	32611171	32687057	protein_coding	ENSMUSG00000014932	+	Yes1	569
570	Gm43694	chr5	32629842	32630960	TEC	ENSMUSG00000107018	+	Gm43694	570
571	AC166934.1	chr5	32695749	32713024	unitary_pseudogene	ENSMUSG00000118435	+	AC166934.1	571
572	Gm43852	chr5	32713072	32713988	TEC	ENSMUSG00000106680	-	Gm43852	572
573	Gm2420	chr5	32720330	32736194	transcribed_unprocessed_pseudogene	ENSMUSG00000082305	+	Gm2420	573
574	Pisd	chr5	32736301	32785646	protein_coding	ENSMUSG00000023452	-	Pisd	574
575	Gm20671	chr5	32737230	32827109	protein_coding	ENSMUSG00000093574	-	Gm20671	575
576	Gm43695	chr5	32739058	32739334	lncRNA	ENSMUSG00000105647	-	Gm43695	576
577	Prr14l	chr5	32789820	32854256	protein_coding	ENSMUSG00000054280	-	Prr14l	577
578	Gm43692	chr5	32799904	32800965	TEC	ENSMUSG00000105429	-	Gm43692	578
579	Gm2623	chr5	32838129	32838414	processed_pseudogene	ENSMUSG00000106654	+	Gm2623	579
580	Depdc5	chr5	32863701	32994236	protein_coding	ENSMUSG00000037426	+	Depdc5	580
581	Gm24003	chr5	32913631	32913730	snRNA	ENSMUSG00000089080	+	Gm24003	581
582	Gm43693	chr5	32984570	32985818	TEC	ENSMUSG00000105929	+	Gm43693	582
583	Ywhah	chr5	33018816	33027966	protein_coding	ENSMUSG00000018965	+	Ywhah	583
584	Rpl35a-ps5	chr5	33076038	33076370	processed_pseudogene	ENSMUSG00000093885	+	Rpl35a-ps5	584
585	Slc5a1	chr5	33104219	33162870	protein_coding	ENSMUSG00000011034	+	Slc5a1	585
586	5033423K11Rik	chr5	33140949	33142422	transcribed_processed_pseudogene	ENSMUSG00000081618	-	5033423K11Rik	586
587	Spon2	chr5	33198184	33218455	protein_coding	ENSMUSG00000037379	-	Spon2	587
588	Ctbp1	chr5	33247723	33274994	protein_coding	ENSMUSG00000037373	-	Ctbp1	588
589	Gm43850	chr5	33255318	33256362	processed_pseudogene	ENSMUSG00000107161	+	Gm43850	589
590	Gm20465	chr5	33293614	33311150	lncRNA	ENSMUSG00000092275	-	Gm20465	590
591	Maea	chr5	33335509	33373296	protein_coding	ENSMUSG00000079562	+	Maea	591
592	Uvssa	chr5	33378549	33419754	protein_coding	ENSMUSG00000037355	+	Uvssa	592
593	Nkx1-1	chr5	33430734	33433976	protein_coding	ENSMUSG00000029112	-	Nkx1-1	593
594	Fam53a	chr5	33600347	33629635	protein_coding	ENSMUSG00000037339	-	Fam53a	594
595	Gm9903	chr5	33629925	33632092	protein_coding	ENSMUSG00000097271	+	Gm9903	595
596	Slbp	chr5	33634952	33652574	protein_coding	ENSMUSG00000004642	-	Slbp	596
597	Gm10459	chr5	33652101	33653255	TEC	ENSMUSG00000106834	+	Gm10459	597
598	Tmem129	chr5	33653216	33658416	protein_coding	ENSMUSG00000019295	-	Tmem129	598
599	Tacc3	chr5	33658128	33678995	protein_coding	ENSMUSG00000037313	+	Tacc3	599
600	Gm42965	chr5	33682725	33682974	processed_pseudogene	ENSMUSG00000106971	-	Gm42965	600
601	G630022F23Rik	chr5	33720043	33723669	TEC	ENSMUSG00000106896	-	G630022F23Rik	601
602	Fgfr3	chr5	33721674	33737068	protein_coding	ENSMUSG00000054252	+	Fgfr3	602
603	Letm1	chr5	33739673	33782817	protein_coding	ENSMUSG00000005299	-	Letm1	603
604	Gm10059	chr5	33759366	33759536	processed_pseudogene	ENSMUSG00000059064	+	Gm10059	604
605	Gm30708	chr5	33774912	33775223	processed_pseudogene	ENSMUSG00000107149	+	Gm30708	605
606	Nsd2	chr5	33820725	33897975	protein_coding	ENSMUSG00000057406	+	Nsd2	606
607	Nelfa	chr5	33897916	33936413	protein_coding	ENSMUSG00000029111	-	Nelfa	607
608	Mir7024	chr5	33898910	33898971	miRNA	ENSMUSG00000098830	-	Mir7024	608
609	Gm42849	chr5	33947026	33948832	lncRNA	ENSMUSG00000107043	+	Gm42849	609
610	Gm42851	chr5	33947580	33948990	lncRNA	ENSMUSG00000106688	-	Gm42851	610
611	Gm1673	chr5	33983433	33985013	protein_coding	ENSMUSG00000070858	+	Gm1673	611
612	Gm42847	chr5	33990510	33993062	TEC	ENSMUSG00000106743	-	Gm42847	612
613	Nat8l	chr5	33995984	34005916	protein_coding	ENSMUSG00000048142	+	Nat8l	613
614	Poln	chr5	34007179	34169448	protein_coding	ENSMUSG00000045102	-	Poln	614
615	Gm19798	chr5	34060761	34061217	processed_pseudogene	ENSMUSG00000106868	-	Gm19798	615
616	Gm43459	chr5	34096704	34097034	processed_pseudogene	ENSMUSG00000106771	+	Gm43459	616
617	4930557J02Rik	chr5	34118740	34135339	lncRNA	ENSMUSG00000106902	+	4930557J02Rik	617
618	Haus3	chr5	34153880	34169527	protein_coding	ENSMUSG00000079555	-	Haus3	618
619	Gm25918	chr5	34162324	34162426	snRNA	ENSMUSG00000077454	+	Gm25918	619
620	Mxd4	chr5	34173883	34187720	protein_coding	ENSMUSG00000037235	-	Mxd4	620
621	Gm42846	chr5	34173887	34174887	lncRNA	ENSMUSG00000106702	+	Gm42846	621
622	Zfyve28	chr5	34194893	34288449	protein_coding	ENSMUSG00000037224	-	Zfyve28	622
623	Gm15513	chr5	34211810	34213802	lncRNA	ENSMUSG00000086291	-	Gm15513	623
624	Gm42848	chr5	34221162	34225984	lncRNA	ENSMUSG00000106888	+	Gm42848	624
625	Cfap99	chr5	34288600	34327327	protein_coding	ENSMUSG00000109572	+	Cfap99	625
626	Gm43105	chr5	34306718	34307176	processed_pseudogene	ENSMUSG00000107006	-	Gm43105	626
627	Gm43458	chr5	34309212	34327530	lncRNA	ENSMUSG00000107287	-	Gm43458	627
628	Rnf4	chr5	34336289	34355629	protein_coding	ENSMUSG00000029110	+	Rnf4	628
629	Fam193a	chr5	34369933	34486456	protein_coding	ENSMUSG00000037210	+	Fam193a	629
630	Gm42559	chr5	34469664	34473195	TEC	ENSMUSG00000107227	+	Gm42559	630
631	Gm26931	chr5	34481914	34482522	processed_pseudogene	ENSMUSG00000098062	-	Gm26931	631
632	Gm43457	chr5	34487314	34489722	TEC	ENSMUSG00000106678	+	Gm43457	632
633	Tnip2	chr5	34496087	34513991	protein_coding	ENSMUSG00000059866	-	Tnip2	633
634	Sh3bp2	chr5	34525838	34563641	protein_coding	ENSMUSG00000054520	+	Sh3bp2	634
635	Gm22847	chr5	34530649	34530753	snRNA	ENSMUSG00000088332	+	Gm22847	635
636	Add1	chr5	34573664	34632308	protein_coding	ENSMUSG00000029106	+	Add1	636
637	Mir7036b	chr5	34574151	34574213	miRNA	ENSMUSG00000099082	+	Mir7036b	637
638	Gm42867	chr5	34575088	34575556	TEC	ENSMUSG00000107128	+	Gm42867	638
639	Mfsd10	chr5	34633642	34637212	protein_coding	ENSMUSG00000001082	-	Mfsd10	639
640	Nop14	chr5	34638536	34660148	protein_coding	ENSMUSG00000036693	-	Nop14	640
641	Gm15522	chr5	34650718	34652477	lncRNA	ENSMUSG00000085166	+	Gm15522	641
642	Grk4	chr5	34660379	34755305	protein_coding	ENSMUSG00000052783	+	Grk4	642
643	Gm42560	chr5	34679523	34706831	lncRNA	ENSMUSG00000107246	-	Gm42560	643
644	Htt	chr5	34761740	34912534	protein_coding	ENSMUSG00000029104	+	Htt	644
645	Msantd1	chr5	34908012	34923839	protein_coding	ENSMUSG00000051246	+	Msantd1	645
646	Rgs12	chr5	34949445	35039644	protein_coding	ENSMUSG00000029101	+	Rgs12	646
647	Mir3097	chr5	35021049	35021115	miRNA	ENSMUSG00000093097	+	Mir3097	647
648	Gm43791	chr5	35031870	35033445	lncRNA	ENSMUSG00000107040	-	Gm43791	648
649	Hgfac	chr5	35041509	35048461	protein_coding	ENSMUSG00000029102	+	Hgfac	649
650	Dok7	chr5	35056766	35087839	protein_coding	ENSMUSG00000044716	+	Dok7	650
651	Lrpap1	chr5	35091501	35105766	protein_coding	ENSMUSG00000029103	-	Lrpap1	651
652	Adra2c	chr5	35278319	35281763	protein_coding	ENSMUSG00000045318	+	Adra2c	652
653	4930478P22Rik	chr5	35361541	35367677	lncRNA	ENSMUSG00000106762	+	4930478P22Rik	653
654	E130018O15Rik	chr5	35379152	35388476	lncRNA	ENSMUSG00000055944	-	E130018O15Rik	654
655	Hmx1	chr5	35389108	35399730	protein_coding	ENSMUSG00000067438	+	Hmx1	655
656	4930442P19Rik	chr5	35390673	35391912	TEC	ENSMUSG00000103608	-	4930442P19Rik	656
657	Gm43377	chr5	35396098	35396552	TEC	ENSMUSG00000106970	+	Gm43377	657
658	Cpz	chr5	35502218	35525698	protein_coding	ENSMUSG00000036596	-	Cpz	658
659	Gm43860	chr5	35551260	35553964	TEC	ENSMUSG00000106928	-	Gm43860	659
660	Plk-ps1	chr5	35554184	35555970	processed_pseudogene	ENSMUSG00000083907	+	Plk-ps1	660
661	Trmt44	chr5	35556203	35575070	protein_coding	ENSMUSG00000029097	-	Trmt44	661
662	4931431C16Rik	chr5	35581227	35588763	lncRNA	ENSMUSG00000055061	-	4931431C16Rik	662
663	Acox3	chr5	35583040	35615352	protein_coding	ENSMUSG00000029098	+	Acox3	663
664	Htra3	chr5	35652023	35679782	protein_coding	ENSMUSG00000029096	-	Htra3	664
665	Sh3tc1	chr5	35697180	35739987	protein_coding	ENSMUSG00000036553	-	Sh3tc1	665
666	Gm15650	chr5	35722555	35724485	lncRNA	ENSMUSG00000087703	+	Gm15650	666
667	Ablim2	chr5	35757880	35884973	protein_coding	ENSMUSG00000029095	+	Ablim2	667
668	Afap1	chr5	35893319	36003923	protein_coding	ENSMUSG00000029094	+	Afap1	668
669	H2af-ps	chr5	35917897	35918191	processed_pseudogene	ENSMUSG00000082692	+	H2af-ps	669
670	Sorcs2	chr5	36017180	36398139	protein_coding	ENSMUSG00000029093	-	Sorcs2	670
671	Psapl1	chr5	36204021	36206568	protein_coding	ENSMUSG00000043430	+	Psapl1	671
672	2210406O10Rik	chr5	36447611	36464853	lncRNA	ENSMUSG00000039563	-	2210406O10Rik	672
673	Grpel1	chr5	36464998	36474080	protein_coding	ENSMUSG00000029198	+	Grpel1	673
674	Tada2b	chr5	36473670	36484285	protein_coding	ENSMUSG00000029196	-	Tada2b	674
675	Ccdc96	chr5	36484588	36488172	protein_coding	ENSMUSG00000050677	+	Ccdc96	675
676	Tbc1d14	chr5	36490604	36593276	protein_coding	ENSMUSG00000029192	-	Tbc1d14	676
677	Gm42936	chr5	36584788	36613739	lncRNA	ENSMUSG00000106797	-	Gm42936	677
678	D5Ertd579e	chr5	36600485	36696024	protein_coding	ENSMUSG00000029190	-	D5Ertd579e	678
679	Gm42507	chr5	36618701	36621255	TEC	ENSMUSG00000107168	+	Gm42507	679
680	Gm24878	chr5	36666409	36666512	snRNA	ENSMUSG00000089407	-	Gm24878	680
681	Bloc1s4	chr5	36747378	36748650	protein_coding	ENSMUSG00000060708	-	Bloc1s4	681
682	Gm43701	chr5	36748618	36750437	lncRNA	ENSMUSG00000107081	+	Gm43701	682
683	Gm40318	chr5	36762617	36766695	unitary_pseudogene	ENSMUSG00000115557	-	Gm40318	683
684	Mrfap1	chr5	36794867	36796772	protein_coding	ENSMUSG00000055302	-	Mrfap1	684
685	Man2b2	chr5	36806921	36830653	protein_coding	ENSMUSG00000029119	-	Man2b2	685
686	Ppp2r2c	chr5	36868513	36955078	protein_coding	ENSMUSG00000029120	+	Ppp2r2c	686
687	Ppp2r2cos	chr5	36873595	36876879	lncRNA	ENSMUSG00000087487	-	Ppp2r2cos	687
688	Gm42506	chr5	36910114	36910263	TEC	ENSMUSG00000106934	+	Gm42506	688
689	Wfs1	chr5	36966104	36989205	protein_coding	ENSMUSG00000039474	-	Wfs1	689
690	Jakmip1	chr5	37028335	37150607	protein_coding	ENSMUSG00000063646	+	Jakmip1	690
691	Gm26647	chr5	37038164	37041646	lncRNA	ENSMUSG00000097686	-	Gm26647	691
692	Gm1043	chr5	37085370	37229547	protein_coding	ENSMUSG00000117286	+	Gm1043	692
693	Gm25551	chr5	37092258	37092360	rRNA	ENSMUSG00000088707	-	Gm25551	693
694	Crmp1	chr5	37241940	37292133	protein_coding	ENSMUSG00000029121	+	Crmp1	694
695	Evc	chr5	37289098	37336894	protein_coding	ENSMUSG00000029122	-	Evc	695
696	Gm42935	chr5	37297630	37297780	processed_pseudogene	ENSMUSG00000107307	-	Gm42935	696
697	Evc2	chr5	37338499	37425055	protein_coding	ENSMUSG00000050248	+	Evc2	697
698	Gm15732	chr5	37404384	37404863	processed_pseudogene	ENSMUSG00000057290	-	Gm15732	698
699	Stk32b	chr5	37446825	37717171	protein_coding	ENSMUSG00000029123	-	Stk32b	699
700	Cytl1	chr5	37735519	37739820	protein_coding	ENSMUSG00000062329	+	Cytl1	700
701	Gm43763	chr5	37807306	37808078	lncRNA	ENSMUSG00000107131	+	Gm43763	701
702	Msx1	chr5	37820485	37824583	protein_coding	ENSMUSG00000048450	-	Msx1	702
703	Gm20052	chr5	37893772	37897917	lncRNA	ENSMUSG00000106718	+	Gm20052	703
704	Gm40289	chr5	37983693	37986070	lncRNA	ENSMUSG00000107126	+	Gm40289	704
705	Gm43762	chr5	38027715	38028009	TEC	ENSMUSG00000107129	-	Gm43762	705
706	Stx18	chr5	38038742	38137765	protein_coding	ENSMUSG00000029125	+	Stx18	706
707	Gm42858	chr5	38134394	38136097	TEC	ENSMUSG00000107276	-	Gm42858	707
708	Nsg1	chr5	38137192	38159907	protein_coding	ENSMUSG00000029126	-	Nsg1	708
709	Zbtb49	chr5	38189735	38220457	protein_coding	ENSMUSG00000029127	-	Zbtb49	709
710	Lyar	chr5	38220470	38234306	protein_coding	ENSMUSG00000067367	+	Lyar	710
711	Tmem128	chr5	38260185	38269634	protein_coding	ENSMUSG00000067365	+	Tmem128	711
712	Otop1	chr5	38275972	38304217	protein_coding	ENSMUSG00000051596	+	Otop1	712
713	Gm26560	chr5	38317333	38320897	lncRNA	ENSMUSG00000097029	-	Gm26560	713
714	Drd5	chr5	38319367	38322518	protein_coding	ENSMUSG00000039358	+	Drd5	714
715	4930487D11Rik	chr5	38344435	38349197	lncRNA	ENSMUSG00000106932	+	4930487D11Rik	715
716	Slc2a9	chr5	38349273	38503143	protein_coding	ENSMUSG00000005107	-	Slc2a9	716
717	Gm15796	chr5	38507463	38507666	processed_pseudogene	ENSMUSG00000089646	+	Gm15796	717
718	Wdr1	chr5	38526813	38563221	protein_coding	ENSMUSG00000005103	-	Wdr1	718
719	Gm22249	chr5	38546458	38546593	snRNA	ENSMUSG00000064419	+	Gm22249	719
720	4930421P07Rik	chr5	38575031	38575429	processed_pseudogene	ENSMUSG00000086422	+	4930421P07Rik	720
721	Zfp518b	chr5	38668484	38684826	protein_coding	ENSMUSG00000046572	-	Zfp518b	721
722	Clnk	chr5	38706462	38876812	protein_coding	ENSMUSG00000039315	-	Clnk	722
723	Clnkos	chr5	38735983	38747897	lncRNA	ENSMUSG00000079528	+	Clnkos	723
724	Gm42857	chr5	39002693	39003031	processed_pseudogene	ENSMUSG00000106924	-	Gm42857	724
725	Gm40293	chr5	39253950	39307084	lncRNA	ENSMUSG00000106794	-	Gm40293	725
726	Gm40292	chr5	39307120	39313295	lncRNA	ENSMUSG00000107031	+	Gm40292	726
727	Gm43456	chr5	39337360	39337816	processed_pseudogene	ENSMUSG00000106876	-	Gm43456	727
728	Gm25505	chr5	39346691	39346936	misc_RNA	ENSMUSG00000087845	+	Gm25505	728
729	Gm5291	chr5	39401347	39402245	processed_pseudogene	ENSMUSG00000107030	-	Gm5291	729
730	4930421C12Rik	chr5	39442001	39443574	TEC	ENSMUSG00000106851	-	4930421C12Rik	730
731	Gm42524	chr5	39458097	39477679	lncRNA	ENSMUSG00000106679	+	Gm42524	731
732	4930513D17Rik	chr5	39461749	39603574	lncRNA	ENSMUSG00000106741	-	4930513D17Rik	732
733	Gm42528	chr5	39606927	39610344	TEC	ENSMUSG00000107134	-	Gm42528	733
734	Hs3st1	chr5	39613935	39755475	protein_coding	ENSMUSG00000051022	-	Hs3st1	734
735	Gm7816	chr5	39798214	39799407	processed_pseudogene	ENSMUSG00000083261	+	Gm7816	735
736	Gm35191	chr5	39975671	39985628	lncRNA	ENSMUSG00000107070	-	Gm35191	736
737	Gm2810	chr5	40328438	40329427	processed_pseudogene	ENSMUSG00000082938	+	Gm2810	737
738	Gm23022	chr5	40405750	40405929	snRNA	ENSMUSG00000089393	-	Gm23022	738
739	4930519E07Rik	chr5	41281236	41282900	TEC	ENSMUSG00000106865	+	4930519E07Rik	739
740	Gm4754	chr5	41342123	41342931	processed_pseudogene	ENSMUSG00000106895	+	Gm4754	740
741	Rab28	chr5	41624976	41708157	protein_coding	ENSMUSG00000029128	-	Rab28	741
742	Nkx3-2	chr5	41761483	41764501	protein_coding	ENSMUSG00000049691	-	Nkx3-2	742
743	Bod1l	chr5	41787538	41844315	protein_coding	ENSMUSG00000061755	-	Bod1l	743
744	Gm5298	chr5	41853310	41854201	processed_pseudogene	ENSMUSG00000107259	-	Gm5298	744
745	Gm20156	chr5	41934397	41935672	processed_pseudogene	ENSMUSG00000106884	-	Gm20156	745
746	Gm16223	chr5	42067960	42216798	protein_coding	ENSMUSG00000067285	+	Gm16223	746
747	Gm7181	chr5	42499981	42500414	processed_pseudogene	ENSMUSG00000106813	-	Gm7181	747
748	Gm5554	chr5	42963404	42964609	processed_pseudogene	ENSMUSG00000106622	-	Gm5554	748
749	Gm43700	chr5	43026548	43038236	lncRNA	ENSMUSG00000107193	-	Gm43700	749
750	Gm42711	chr5	43039737	43044061	lncRNA	ENSMUSG00000106501	-	Gm42711	750
751	Gm42553	chr5	43059255	43060883	TEC	ENSMUSG00000105416	+	Gm42553	751
752	Gm42552	chr5	43143831	43148327	TEC	ENSMUSG00000105087	-	Gm42552	752
753	Gm7854	chr5	43151686	43235355	lncRNA	ENSMUSG00000085720	-	Gm7854	753
754	Cpeb2	chr5	43233170	43289724	protein_coding	ENSMUSG00000039782	+	Cpeb2	754
755	Gm42551	chr5	43248185	43249757	TEC	ENSMUSG00000105374	+	Gm42551	755
756	6030400A10Rik	chr5	43265157	43266368	TEC	ENSMUSG00000105326	+	6030400A10Rik	756
757	Gm43020	chr5	43353047	43355259	lncRNA	ENSMUSG00000104846	-	Gm43020	757
758	Gm43699	chr5	43376447	43379637	lncRNA	ENSMUSG00000107244	+	Gm43699	758
759	Gm43021	chr5	43470692	43474853	lncRNA	ENSMUSG00000104691	+	Gm43021	759
760	C1qtnf7	chr5	43515538	43618803	protein_coding	ENSMUSG00000061535	+	C1qtnf7	760
761	Gm43022	chr5	43528626	43532893	TEC	ENSMUSG00000104547	+	Gm43022	761
762	Gm15866	chr5	43549928	43601731	lncRNA	ENSMUSG00000087290	-	Gm15866	762
763	Gm43023	chr5	43575821	43577926	TEC	ENSMUSG00000104912	+	Gm43023	763
764	Cc2d2a	chr5	43662346	43740972	protein_coding	ENSMUSG00000039765	+	Cc2d2a	764
765	Fbxl5	chr5	43744615	43821638	protein_coding	ENSMUSG00000039753	-	Fbxl5	765
766	Gm42462	chr5	43752909	43754271	TEC	ENSMUSG00000104728	-	Gm42462	766
767	Gm43182	chr5	43782243	43784770	TEC	ENSMUSG00000104823	+	Gm43182	767
768	Gm43181	chr5	43784046	43786117	TEC	ENSMUSG00000106609	-	Gm43181	768
769	Gm42555	chr5	43807705	43808743	lncRNA	ENSMUSG00000104701	-	Gm42555	769
770	Bst1	chr5	43818885	43843986	protein_coding	ENSMUSG00000029082	+	Bst1	770
771	Cd38	chr5	43868553	43912375	protein_coding	ENSMUSG00000029084	+	Cd38	771
772	Gm16014	chr5	43876030	43877304	lncRNA	ENSMUSG00000086479	+	Gm16014	772
773	Gm16015	chr5	43909215	43909885	lncRNA	ENSMUSG00000087281	-	Gm16015	773
774	Gm7879	chr5	43913144	43913917	protein_coding	ENSMUSG00000033036	+	Gm7879	774
775	Gm7882	chr5	43916753	43918514	processed_pseudogene	ENSMUSG00000093859	+	Gm7882	775
776	Gm5292	chr5	43943903	43944482	processed_pseudogene	ENSMUSG00000059565	-	Gm5292	776
777	Gm43183	chr5	43948116	43948662	TEC	ENSMUSG00000106573	+	Gm43183	777
778	Gm43184	chr5	43948120	43948661	TEC	ENSMUSG00000105831	-	Gm43184	778
779	Fgfbp1	chr5	43978858	43981779	protein_coding	ENSMUSG00000048373	-	Fgfbp1	779
780	Prom1	chr5	43993620	44102032	protein_coding	ENSMUSG00000029086	-	Prom1	780
781	Gm42716	chr5	44068198	44090854	lncRNA	ENSMUSG00000105264	-	Gm42716	781
782	Gm16401	chr5	44100442	44102515	lncRNA	ENSMUSG00000072962	+	Gm16401	782
783	Gm42966	chr5	44105849	44107539	TEC	ENSMUSG00000105048	+	Gm42966	783
784	Gm42429	chr5	44134393	44134950	TEC	ENSMUSG00000105373	+	Gm42429	784
785	Gm42427	chr5	44137980	44143271	TEC	ENSMUSG00000105263	+	Gm42427	785
786	Tapt1	chr5	44175154	44226626	protein_coding	ENSMUSG00000046985	-	Tapt1	786
787	E430021H15Rik	chr5	44213801	44217259	TEC	ENSMUSG00000105519	-	E430021H15Rik	787
788	Gm42982	chr5	44219683	44224003	lncRNA	ENSMUSG00000105503	+	Gm42982	788
789	Gm42983	chr5	44224510	44225324	TEC	ENSMUSG00000105149	+	Gm42983	789
790	Gm42984	chr5	44226587	44243548	lncRNA	ENSMUSG00000104784	+	Gm42984	790
791	Gm42698	chr5	44354861	44356754	processed_pseudogene	ENSMUSG00000106394	-	Gm42698	791
792	Gm43114	chr5	44355705	44356047	TEC	ENSMUSG00000104541	+	Gm43114	792
793	Gm5865	chr5	44405957	44406593	processed_pseudogene	ENSMUSG00000104923	-	Gm5865	793
794	Gm36017	chr5	44412793	44427592	lncRNA	ENSMUSG00000104800	-	Gm36017	794
795	Ldb2	chr5	44472132	44799680	protein_coding	ENSMUSG00000039706	-	Ldb2	795
796	Gm42981	chr5	44492170	44495421	TEC	ENSMUSG00000105282	-	Gm42981	796
797	8030487O14Rik	chr5	44513658	44514560	TEC	ENSMUSG00000105136	-	8030487O14Rik	797
798	Gm43506	chr5	44516961	44517713	TEC	ENSMUSG00000106332	-	Gm43506	798
799	Gm43505	chr5	44585063	44585201	TEC	ENSMUSG00000105648	+	Gm43505	799
800	Gm43508	chr5	44623919	44627701	TEC	ENSMUSG00000105861	-	Gm43508	800
801	Gm43507	chr5	44641484	44662153	lncRNA	ENSMUSG00000104894	+	Gm43507	801
802	Gm43504	chr5	44664694	44666731	TEC	ENSMUSG00000104990	-	Gm43504	802
803	Gm43503	chr5	44680194	44683601	TEC	ENSMUSG00000105347	-	Gm43503	803
804	Gm3364	chr5	44700876	44706890	lncRNA	ENSMUSG00000105224	-	Gm3364	804
805	E030026E10Rik	chr5	44736337	44738553	TEC	ENSMUSG00000104851	-	E030026E10Rik	805
806	Gm43509	chr5	44751164	44753757	TEC	ENSMUSG00000106603	-	Gm43509	806
807	Gm42750	chr5	44865149	44877138	lncRNA	ENSMUSG00000106656	+	Gm42750	807
808	4930431F12Rik	chr5	44966200	44978805	lncRNA	ENSMUSG00000062496	+	4930431F12Rik	808
809	Gm10205	chr5	44983861	44984242	pseudogene	ENSMUSG00000067331	-	Gm10205	809
810	D5Ertd615e	chr5	45009171	45424402	lncRNA	ENSMUSG00000029092	-	D5Ertd615e	810
811	Gm43303	chr5	45192669	45251929	lncRNA	ENSMUSG00000104781	-	Gm43303	811
812	Gm42519	chr5	45243652	45247307	TEC	ENSMUSG00000105247	-	Gm42519	812
813	Qdpr	chr5	45434021	45450236	protein_coding	ENSMUSG00000015806	-	Qdpr	813
814	Gm42413	chr5	45434389	45450138	lncRNA	ENSMUSG00000105255	+	Gm42413	814
815	Clrn2	chr5	45453751	45464149	protein_coding	ENSMUSG00000049530	+	Clrn2	815
816	Lap3	chr5	45493374	45512691	protein_coding	ENSMUSG00000039682	+	Lap3	816
817	Med28	chr5	45520229	45529276	protein_coding	ENSMUSG00000015804	+	Med28	817
818	Fam184b	chr5	45529705	45639614	protein_coding	ENSMUSG00000015879	-	Fam184b	818
819	Gm42521	chr5	45531072	45533111	TEC	ENSMUSG00000105745	+	Gm42521	819
820	Gm42520	chr5	45556680	45558181	TEC	ENSMUSG00000104837	+	Gm42520	820
821	9630001P10Rik	chr5	45638699	45645469	lncRNA	ENSMUSG00000097825	+	9630001P10Rik	821
822	Gm43367	chr5	45656948	45657572	processed_pseudogene	ENSMUSG00000105634	-	Gm43367	822
823	Gm43366	chr5	45660067	45662721	TEC	ENSMUSG00000104665	+	Gm43366	823
824	1600023N17Rik	chr5	45668702	45669708	TEC	ENSMUSG00000104986	-	1600023N17Rik	824
825	Ncapg	chr5	45669919	45700546	protein_coding	ENSMUSG00000015880	+	Ncapg	825
826	Lcorl	chr5	45697181	45857615	protein_coding	ENSMUSG00000015882	-	Lcorl	826
827	Gm36401	chr5	45702733	45704760	TEC	ENSMUSG00000104342	+	Gm36401	827
828	Gm43201	chr5	45758275	45761690	TEC	ENSMUSG00000104852	-	Gm43201	828
829	Gm29036	chr5	45768867	45769743	transcribed_processed_pseudogene	ENSMUSG00000101587	-	Gm29036	829
830	Gm43200	chr5	45770020	45772180	TEC	ENSMUSG00000105457	-	Gm43200	830
831	4930449I04Rik	chr5	45857642	45858764	TEC	ENSMUSG00000105459	+	4930449I04Rik	831
832	4930405L22Rik	chr5	45926818	45932409	lncRNA	ENSMUSG00000106602	-	4930405L22Rik	832
833	Gm43093	chr5	46502129	46503341	TEC	ENSMUSG00000106875	+	Gm43093	833
834	Gm43092	chr5	46794680	46796533	TEC	ENSMUSG00000107113	+	Gm43092	834
835	Gm43601	chr5	47153651	47154595	TEC	ENSMUSG00000104660	+	Gm43601	835
836	Gm17824	chr5	47634502	47635306	processed_pseudogene	ENSMUSG00000106402	+	Gm17824	836
837	Gm3010	chr5	47699845	47700292	processed_pseudogene	ENSMUSG00000105616	+	Gm3010	837
838	Gm43427	chr5	47975005	47975335	processed_pseudogene	ENSMUSG00000105994	+	Gm43427	838
839	Slit2	chr5	47983138	48307733	protein_coding	ENSMUSG00000031558	+	Slit2	839
840	4930518C09Rik	chr5	48003065	48005707	lncRNA	ENSMUSG00000092309	-	4930518C09Rik	840
841	Gm20475	chr5	48005784	48007923	lncRNA	ENSMUSG00000092559	+	Gm20475	841
842	Gm43426	chr5	48058051	48060647	TEC	ENSMUSG00000106214	+	Gm43426	842
843	Gm42536	chr5	48127084	48128696	TEC	ENSMUSG00000105502	+	Gm42536	843
844	Gm42537	chr5	48211672	48214245	TEC	ENSMUSG00000105184	+	Gm42537	844
845	Mir218-1	chr5	48223942	48224051	miRNA	ENSMUSG00000065603	+	Mir218-1	845
846	Gm42534	chr5	48279667	48281420	TEC	ENSMUSG00000105086	+	Gm42534	846
847	Gm42535	chr5	48324612	48326010	TEC	ENSMUSG00000106604	+	Gm42535	847
848	5730480H06Rik	chr5	48327952	48414294	protein_coding	ENSMUSG00000029089	+	5730480H06Rik	848
849	Kcnip4	chr5	48389502	49524907	protein_coding	ENSMUSG00000029088	-	Kcnip4	849
850	Gm43831	chr5	48535344	48537941	TEC	ENSMUSG00000105653	-	Gm43831	850
851	Gm20700	chr5	48590889	48599994	lncRNA	ENSMUSG00000093502	+	Gm20700	851
852	Gm43648	chr5	48624669	48627153	TEC	ENSMUSG00000105574	-	Gm43648	852
853	Gm19031	chr5	48665905	48667269	processed_pseudogene	ENSMUSG00000093748	+	Gm19031	853
854	Gm43829	chr5	48712090	48715891	TEC	ENSMUSG00000105530	-	Gm43829	854
855	Gm43830	chr5	48790900	48791966	TEC	ENSMUSG00000105454	-	Gm43830	855
856	Gm43319	chr5	48799010	48801279	TEC	ENSMUSG00000105958	-	Gm43319	856
857	Gm42919	chr5	48802728	48804011	TEC	ENSMUSG00000106404	-	Gm42919	857
858	Gm43321	chr5	48819476	48821884	TEC	ENSMUSG00000106408	-	Gm43321	858
859	Gm43320	chr5	48843420	48846335	TEC	ENSMUSG00000106414	-	Gm43320	859
860	Gm10025	chr5	48924116	48924491	pseudogene	ENSMUSG00000057577	+	Gm10025	860
861	Gm10048	chr5	48924954	48928740	TEC	ENSMUSG00000103544	-	Gm10048	861
862	Gm43318	chr5	48948021	48949969	TEC	ENSMUSG00000105974	-	Gm43318	862
863	Gm43341	chr5	48978278	48979585	TEC	ENSMUSG00000105791	-	Gm43341	863
864	C030015E24Rik	chr5	48997712	48998539	TEC	ENSMUSG00000106469	-	C030015E24Rik	864
865	Gm43317	chr5	49005412	49007955	TEC	ENSMUSG00000104655	-	Gm43317	865
866	Gm43316	chr5	49017513	49018807	TEC	ENSMUSG00000105332	-	Gm43316	866
867	Gm42766	chr5	49021007	49022338	TEC	ENSMUSG00000104929	-	Gm42766	867
868	Gm43046	chr5	49069010	49071460	TEC	ENSMUSG00000106244	-	Gm43046	868
869	Gm43047	chr5	49070003	49073462	TEC	ENSMUSG00000105620	+	Gm43047	869
870	Gm42767	chr5	49074276	49074907	TEC	ENSMUSG00000104562	-	Gm42767	870
871	Gm42768	chr5	49083874	49086770	TEC	ENSMUSG00000104661	-	Gm42768	871
872	Gm42769	chr5	49115759	49117417	TEC	ENSMUSG00000105922	-	Gm42769	872
873	Gm42770	chr5	49124587	49128741	TEC	ENSMUSG00000105983	-	Gm42770	873
874	Gm43048	chr5	49217301	49217688	TEC	ENSMUSG00000105828	-	Gm43048	874
875	Gm42771	chr5	49219676	49222161	TEC	ENSMUSG00000106579	-	Gm42771	875
876	Gm42772	chr5	49408792	49411832	TEC	ENSMUSG00000105700	-	Gm42772	876
877	Gm19932	chr5	49423842	49424154	processed_pseudogene	ENSMUSG00000093490	+	Gm19932	877
878	Gm43670	chr5	49425017	49426783	TEC	ENSMUSG00000106539	+	Gm43670	878
879	2900064K03Rik	chr5	49515825	49518937	TEC	ENSMUSG00000105771	-	2900064K03Rik	879
880	Gm5555	chr5	49552158	49553268	processed_pseudogene	ENSMUSG00000083477	+	Gm5555	880
881	Gm7988	chr5	49900006	49902302	processed_pseudogene	ENSMUSG00000105540	-	Gm7988	881
882	Gm42461	chr5	49943409	49944558	TEC	ENSMUSG00000104634	-	Gm42461	882
883	Adgra3	chr5	49959956	50059006	protein_coding	ENSMUSG00000029090	-	Adgra3	883
884	Gm42460	chr5	50059096	50061662	TEC	ENSMUSG00000106430	+	Gm42460	884
885	4930448I18Rik	chr5	50151333	50156095	lncRNA	ENSMUSG00000104870	+	4930448I18Rik	885
886	Gm7205	chr5	50217247	50391361	unprocessed_pseudogene	ENSMUSG00000105020	+	Gm7205	886
887	Mir8117	chr5	50252762	50252868	miRNA	ENSMUSG00000099124	+	Mir8117	887
888	Gm22618	chr5	50290380	50290486	snRNA	ENSMUSG00000095857	-	Gm22618	888
889	Gm36814	chr5	50448662	50544491	lncRNA	ENSMUSG00000105423	-	Gm36814	889
890	Gm42459	chr5	50517473	50518214	processed_pseudogene	ENSMUSG00000106345	+	Gm42459	890
891	Gm43016	chr5	50543642	50689221	lncRNA	ENSMUSG00000105320	+	Gm43016	891
892	Gm4962	chr5	50679716	50682692	transcribed_processed_pseudogene	ENSMUSG00000106038	+	Gm4962	892
893	Gm43014	chr5	50838317	50840759	TEC	ENSMUSG00000105931	+	Gm43014	893
894	Gm43015	chr5	50921342	50921906	processed_pseudogene	ENSMUSG00000105273	+	Gm43015	894
895	Gm40319	chr5	51052381	51052861	processed_pseudogene	ENSMUSG00000106267	+	Gm40319	895
896	Ppargc1a	chr5	51454250	51567726	protein_coding	ENSMUSG00000029167	-	Ppargc1a	896
897	Gm42614	chr5	51482752	51484305	TEC	ENSMUSG00000105442	-	Gm42614	897
898	Gm42615	chr5	51491097	51492916	TEC	ENSMUSG00000105622	-	Gm42615	898
899	Gm42613	chr5	51499528	51501458	TEC	ENSMUSG00000106575	+	Gm42613	899
900	Gm43605	chr5	51510868	51514293	TEC	ENSMUSG00000105762	-	Gm43605	900
901	Gm43606	chr5	51855220	51858775	TEC	ENSMUSG00000105663	-	Gm43606	901
902	Gm42616	chr5	51875419	51879602	TEC	ENSMUSG00000106010	-	Gm42616	902
903	Gm42617	chr5	51891986	51893214	TEC	ENSMUSG00000104919	-	Gm42617	903
904	Gm43175	chr5	51907122	51910931	TEC	ENSMUSG00000105942	-	Gm43175	904
905	Gm43174	chr5	52079888	52082332	TEC	ENSMUSG00000106292	-	Gm43174	905
906	Gm43177	chr5	52117312	52118523	lncRNA	ENSMUSG00000104847	+	Gm43177	906
907	Mir6417	chr5	52135902	52136017	miRNA	ENSMUSG00000098726	-	Mir6417	907
908	Gm43176	chr5	52139585	52142573	TEC	ENSMUSG00000106648	-	Gm43176	908
909	Dhx15	chr5	52150203	52190514	protein_coding	ENSMUSG00000029169	-	Dhx15	909
910	Gm43178	chr5	52174370	52175755	TEC	ENSMUSG00000106607	-	Gm43178	910
911	9230114K14Rik	chr5	52190672	52279034	lncRNA	ENSMUSG00000097145	+	9230114K14Rik	911
912	C130083M11Rik	chr5	52199984	52216434	lncRNA	ENSMUSG00000106464	-	C130083M11Rik	912
913	Gm43180	chr5	52239336	52242221	TEC	ENSMUSG00000105328	+	Gm43180	913
914	Gm43179	chr5	52342086	52342360	lncRNA	ENSMUSG00000104751	-	Gm43179	914
915	Gm25601	chr5	52343118	52343222	snRNA	ENSMUSG00000088981	-	Gm25601	915
916	Sod3	chr5	52363791	52371418	protein_coding	ENSMUSG00000072941	+	Sod3	916
917	Ccdc149	chr5	52374651	52471521	protein_coding	ENSMUSG00000045790	-	Ccdc149	917
918	Gm3519	chr5	52441159	52443252	lncRNA	ENSMUSG00000106380	+	Gm3519	918
919	Lgi2	chr5	52533517	52566462	protein_coding	ENSMUSG00000039252	-	Lgi2	919
920	Gm43685	chr5	52538831	52540079	lncRNA	ENSMUSG00000104829	+	Gm43685	920
921	Gm43686	chr5	52542906	52545344	TEC	ENSMUSG00000104974	-	Gm43686	921
922	Gm5866	chr5	52582074	52583046	processed_pseudogene	ENSMUSG00000095078	+	Gm5866	922
923	8030423F21Rik	chr5	52607550	52619012	lncRNA	ENSMUSG00000052295	-	8030423F21Rik	923
924	Sepsecs	chr5	52640087	52669708	protein_coding	ENSMUSG00000029173	-	Sepsecs	924
925	Pi4k2b	chr5	52741574	52769340	protein_coding	ENSMUSG00000029186	+	Pi4k2b	925
926	Zcchc4	chr5	52775409	52824665	protein_coding	ENSMUSG00000029179	+	Zcchc4	926
927	Anapc4	chr5	52834012	52867797	protein_coding	ENSMUSG00000029176	+	Anapc4	927
928	Gm43664	chr5	52917619	52919209	processed_pseudogene	ENSMUSG00000105054	-	Gm43664	928
929	5033403H07Rik	chr5	52973012	52994436	lncRNA	ENSMUSG00000106352	-	5033403H07Rik	929
930	Gm30301	chr5	52982037	52995753	lncRNA	ENSMUSG00000106538	+	Gm30301	930
931	Slc34a2	chr5	53038081	53071664	protein_coding	ENSMUSG00000029188	+	Slc34a2	931
932	Gm17182	chr5	53047687	53049188	lncRNA	ENSMUSG00000090642	-	Gm17182	932
933	Sel1l3	chr5	53107083	53213927	protein_coding	ENSMUSG00000029189	-	Sel1l3	933
934	n-R5s171	chr5	53143160	53143238	rRNA	ENSMUSG00000077316	+	n-R5s171	934
935	Smim20	chr5	53267083	53278540	protein_coding	ENSMUSG00000061461	+	Smim20	935
936	Gm45495	chr5	53281810	53283509	lncRNA	ENSMUSG00000106981	+	Gm45495	936
937	n-R5s172	chr5	53346259	53346372	rRNA	ENSMUSG00000077696	-	n-R5s172	937
938	Gm42745	chr5	53360656	53371774	lncRNA	ENSMUSG00000106808	-	Gm42745	938
939	Gm26486	chr5	53418573	53418682	rRNA	ENSMUSG00000088646	+	Gm26486	939
940	Rbpj	chr5	53466152	53657362	protein_coding	ENSMUSG00000039191	+	Rbpj	940
941	Gm10441	chr5	53519260	53522731	lncRNA	ENSMUSG00000106807	-	Gm10441	941
942	Gm40304	chr5	53546351	53547322	lncRNA	ENSMUSG00000107111	-	Gm40304	942
943	Cckar	chr5	53697776	53707705	protein_coding	ENSMUSG00000029193	-	Cckar	943
944	Tbc1d19	chr5	53809606	53903965	protein_coding	ENSMUSG00000039178	+	Tbc1d19	944
945	Gm43268	chr5	53905164	53909218	TEC	ENSMUSG00000107182	+	Gm43268	945
946	Gm43266	chr5	53918444	53920214	TEC	ENSMUSG00000107173	+	Gm43266	946
947	Stim2	chr5	53998499	54121057	protein_coding	ENSMUSG00000039156	+	Stim2	947
948	Gm15820	chr5	54094003	54095080	processed_pseudogene	ENSMUSG00000107105	-	Gm15820	948
949	Gm10440	chr5	54349991	54358543	lncRNA	ENSMUSG00000105912	+	Gm10440	949
950	Gm18451	chr5	54569905	54578012	processed_pseudogene	ENSMUSG00000106529	+	Gm18451	950
951	Gm8069	chr5	54651968	54652121	processed_pseudogene	ENSMUSG00000105143	-	Gm8069	951
952	Gm43781	chr5	54807334	54810014	TEC	ENSMUSG00000106126	+	Gm43781	952
953	Gm24235	chr5	54827215	54827343	snoRNA	ENSMUSG00000077507	+	Gm24235	953
954	Gm43779	chr5	54996620	54997448	processed_pseudogene	ENSMUSG00000106113	+	Gm43779	954
955	Gm43780	chr5	55503529	55507128	TEC	ENSMUSG00000105702	+	Gm43780	955
956	Gm43396	chr5	55583645	55584350	processed_pseudogene	ENSMUSG00000105384	-	Gm43396	956
957	Gm43199	chr5	55584494	55584800	processed_pseudogene	ENSMUSG00000105551	+	Gm43199	957
958	Gm15975	chr5	55624190	55625591	processed_pseudogene	ENSMUSG00000083902	+	Gm15975	958
959	Gm20223	chr5	55722617	55723421	processed_pseudogene	ENSMUSG00000106335	-	Gm20223	959
960	Gm43705	chr5	55789171	55792887	TEC	ENSMUSG00000105678	-	Gm43705	960
961	Gm43315	chr5	56157338	56157650	processed_pseudogene	ENSMUSG00000105685	+	Gm43315	961
962	Gm42977	chr5	56414210	56490232	transcribed_processed_pseudogene	ENSMUSG00000106326	+	Gm42977	962
963	Gm3283	chr5	57229266	57230615	processed_pseudogene	ENSMUSG00000104739	+	Gm3283	963
964	Gm8115	chr5	57261272	57262007	processed_pseudogene	ENSMUSG00000104560	+	Gm8115	964
965	Gm18901	chr5	57355835	57357278	processed_pseudogene	ENSMUSG00000105291	+	Gm18901	965
966	Gm43706	chr5	57451626	57454277	TEC	ENSMUSG00000105693	+	Gm43706	966
967	Gm6615	chr5	57460160	57460790	processed_pseudogene	ENSMUSG00000104892	+	Gm6615	967
968	4932441J04Rik	chr5	57570082	57720201	lncRNA	ENSMUSG00000097216	-	4932441J04Rik	968
969	Gm8121	chr5	57608569	57609067	processed_pseudogene	ENSMUSG00000051116	+	Gm8121	969
970	Gm43002	chr5	57617844	57617998	TEC	ENSMUSG00000104924	+	Gm43002	970
971	Gm42634	chr5	57695997	57696377	TEC	ENSMUSG00000106517	-	Gm42634	971
972	Pcdh7	chr5	57717967	58133230	protein_coding	ENSMUSG00000029108	+	Pcdh7	972
973	Gm42635	chr5	57724393	57726963	TEC	ENSMUSG00000105940	+	Gm42635	973
974	Gm42481	chr5	57778873	57781050	TEC	ENSMUSG00000104821	+	Gm42481	974
975	Gm42480	chr5	57793159	57795753	TEC	ENSMUSG00000105637	+	Gm42480	975
976	Gm42482	chr5	57798503	57800449	TEC	ENSMUSG00000105050	+	Gm42482	976
977	Gm17977	chr5	57899734	57900307	transcribed_processed_pseudogene	ENSMUSG00000104564	+	Gm17977	977
978	Gm43715	chr5	57904639	57907353	TEC	ENSMUSG00000105079	+	Gm43715	978
979	Gm42479	chr5	57925620	57926975	TEC	ENSMUSG00000105877	+	Gm42479	979
980	Gm42478	chr5	57929750	57931216	TEC	ENSMUSG00000106337	+	Gm42478	980
981	Gm42639	chr5	57945042	57946912	TEC	ENSMUSG00000104871	+	Gm42639	981
982	Gm42640	chr5	57961594	57962788	TEC	ENSMUSG00000105431	+	Gm42640	982
983	Gm42484	chr5	57965414	57967517	TEC	ENSMUSG00000104709	+	Gm42484	983
984	Gm37720	chr5	57984212	57985452	TEC	ENSMUSG00000103959	+	Gm37720	984
985	Gm42483	chr5	58047331	58049072	TEC	ENSMUSG00000106646	+	Gm42483	985
986	Gm42486	chr5	58121439	58124924	TEC	ENSMUSG00000105049	+	Gm42486	986
987	Gm42976	chr5	58149623	58149844	processed_pseudogene	ENSMUSG00000105525	-	Gm42976	987
988	Gm43045	chr5	58173434	58175528	TEC	ENSMUSG00000106146	-	Gm43045	988
989	Gm42999	chr5	58361633	58363511	unprocessed_pseudogene	ENSMUSG00000105269	+	Gm42999	989
990	4930459L07Rik	chr5	58443239	58452999	lncRNA	ENSMUSG00000105234	-	4930459L07Rik	990
991	1700029E06Rik	chr5	58453039	58455292	lncRNA	ENSMUSG00000100557	+	1700029E06Rik	991
992	Gm43394	chr5	59000300	59000993	processed_pseudogene	ENSMUSG00000106509	-	Gm43394	992
993	Gm6632	chr5	59053599	59054552	processed_pseudogene	ENSMUSG00000094696	+	Gm6632	993
994	Gm43395	chr5	59079438	59081677	TEC	ENSMUSG00000106467	+	Gm43395	994
995	Gm43044	chr5	59511965	59512343	processed_pseudogene	ENSMUSG00000105038	+	Gm43044	995
996	Gm43042	chr5	59569702	59574242	lncRNA	ENSMUSG00000106634	-	Gm43042	996
997	Gm43043	chr5	59777912	59778323	processed_pseudogene	ENSMUSG00000104889	+	Gm43043	997
998	Gm43041	chr5	59953511	59956140	TEC	ENSMUSG00000104563	-	Gm43041	998
999	4933402J10Rik	chr5	59963119	59986004	lncRNA	ENSMUSG00000106013	-	4933402J10Rik	999
1000	Gm42862	chr5	59996941	59999561	TEC	ENSMUSG00000105158	-	Gm42862	1000
1001	Cbfa2t2-ps1	chr5	60231483	60232212	processed_pseudogene	ENSMUSG00000087034	+	Cbfa2t2-ps1	1001
1002	Gm23331	chr5	60500833	60500940	snRNA	ENSMUSG00000088048	-	Gm23331	1002
1003	Gm3372	chr5	60674317	60676108	processed_pseudogene	ENSMUSG00000105486	+	Gm3372	1003
1004	Gm42860	chr5	60803716	60807706	TEC	ENSMUSG00000106044	-	Gm42860	1004
1005	Gm8182	chr5	60821659	60822427	processed_pseudogene	ENSMUSG00000104775	-	Gm8182	1005
1006	1700014F14Rik	chr5	60940938	60945649	lncRNA	ENSMUSG00000105903	-	1700014F14Rik	1006
1007	Gm43382	chr5	61337896	61338733	processed_pseudogene	ENSMUSG00000106370	-	Gm43382	1007
1008	Gm43384	chr5	61717030	61717666	processed_pseudogene	ENSMUSG00000105573	-	Gm43384	1008
1009	G6pd2	chr5	61808816	61811163	protein_coding	ENSMUSG00000089992	+	G6pd2	1009
1010	Gm42430	chr5	62004220	62004835	processed_pseudogene	ENSMUSG00000106530	+	Gm42430	1010
1011	Gm22273	chr5	62132353	62132484	snoRNA	ENSMUSG00000077228	-	Gm22273	1011
1012	Gm43238	chr5	62428719	62429077	TEC	ENSMUSG00000105285	+	Gm43238	1012
1013	Gm24079	chr5	62523408	62523539	snoRNA	ENSMUSG00000094239	-	Gm24079	1013
1014	Arap2	chr5	62602445	62766159	protein_coding	ENSMUSG00000037999	-	Arap2	1014
1015	Gm43237	chr5	62612415	62613458	TEC	ENSMUSG00000105694	-	Gm43237	1015
1016	Gm43753	chr5	62656799	62660107	TEC	ENSMUSG00000105707	-	Gm43753	1016
1017	Dthd1	chr5	62811674	62888308	protein_coding	ENSMUSG00000090326	+	Dthd1	1017
1018	Gm9954	chr5	63646170	63650894	TEC	ENSMUSG00000104868	-	Gm9954	1018
1019	Nwd2	chr5	63649102	63810546	protein_coding	ENSMUSG00000090061	+	Nwd2	1019
1020	Gm3687	chr5	63694054	63694513	processed_pseudogene	ENSMUSG00000090138	+	Gm3687	1020
1021	0610040J01Rik	chr5	63812363	63899625	protein_coding	ENSMUSG00000060512	+	0610040J01Rik	1021
1022	Rell1	chr5	63908897	63968897	protein_coding	ENSMUSG00000047881	-	Rell1	1022
1023	Gm15819	chr5	63923901	63924970	lncRNA	ENSMUSG00000087552	+	Gm15819	1023
1024	Gm43840	chr5	63990388	63990871	processed_pseudogene	ENSMUSG00000106076	-	Gm43840	1024
1025	Gm25608	chr5	64002353	64002484	snoRNA	ENSMUSG00000077209	-	Gm25608	1025
1026	5830416I19Rik	chr5	64044978	64050228	lncRNA	ENSMUSG00000106219	+	5830416I19Rik	1026
1027	Pgm2	chr5	64092950	64128351	protein_coding	ENSMUSG00000029171	+	Pgm2	1027
1028	Gm23967	chr5	64101430	64101507	miRNA	ENSMUSG00000094244	-	Gm23967	1028
1029	Gm22395	chr5	64107407	64107502	miRNA	ENSMUSG00000093780	-	Gm22395	1029
1030	Gm22559	chr5	64144248	64144381	snoRNA	ENSMUSG00000087954	+	Gm22559	1030
1031	Tbc1d1	chr5	64156305	64351486	protein_coding	ENSMUSG00000029174	+	Tbc1d1	1031
1032	Gm15824	chr5	64190033	64190987	processed_pseudogene	ENSMUSG00000083435	-	Gm15824	1032
1033	Gm43721	chr5	64233930	64236242	TEC	ENSMUSG00000104947	+	Gm43721	1033
1034	Gm15823	chr5	64252556	64253225	processed_pseudogene	ENSMUSG00000081143	-	Gm15823	1034
1035	Gm6044	chr5	64320256	64320754	processed_pseudogene	ENSMUSG00000083100	+	Gm6044	1035
1036	Gm43838	chr5	64360514	64363631	lncRNA	ENSMUSG00000105730	+	Gm43838	1036
1037	Gm43837	chr5	64383454	64386205	lncRNA	ENSMUSG00000105443	+	Gm43837	1037
1038	Gm31363	chr5	64433955	64473588	lncRNA	ENSMUSG00000105105	+	Gm31363	1038
1039	1700027F09Rik	chr5	64454813	64467943	lncRNA	ENSMUSG00000100911	-	1700027F09Rik	1039
1040	4930526M16Rik	chr5	64468057	64469010	TEC	ENSMUSG00000105251	+	4930526M16Rik	1040
1041	C030018K13Rik	chr5	64477008	64483967	lncRNA	ENSMUSG00000105352	+	C030018K13Rik	1041
1042	Gm43836	chr5	64558183	64558563	TEC	ENSMUSG00000106566	+	Gm43836	1042
1043	Gm43835	chr5	64563771	64563919	TEC	ENSMUSG00000104961	+	Gm43835	1043
1044	Gm42566	chr5	64564177	64564819	TEC	ENSMUSG00000104806	-	Gm42566	1044
1045	Gm3716	chr5	64593857	64610700	lncRNA	ENSMUSG00000105402	-	Gm3716	1045
1046	Gm42564	chr5	64635361	64637388	lncRNA	ENSMUSG00000105183	-	Gm42564	1046
1047	Gm42565	chr5	64635840	64637616	lncRNA	ENSMUSG00000104928	+	Gm42565	1047
1048	Gm26761	chr5	64695461	64698521	lncRNA	ENSMUSG00000097668	-	Gm26761	1048
1049	Gm20033	chr5	64708207	64804117	lncRNA	ENSMUSG00000097640	-	Gm20033	1049
1050	Klf3	chr5	64803388	64832901	protein_coding	ENSMUSG00000029178	+	Klf3	1050
1051	C230096K16Rik	chr5	64804014	64805735	TEC	ENSMUSG00000106205	+	C230096K16Rik	1051
1052	AC161757.1	chr5	64896923	64898969	processed_pseudogene	ENSMUSG00000118495	-	AC161757.1	1052
1053	Tlr1	chr5	64924679	64933563	protein_coding	ENSMUSG00000044827	-	Tlr1	1053
1054	Tlr6	chr5	64952031	64960097	protein_coding	ENSMUSG00000051498	-	Tlr6	1054
1055	Fam114a1	chr5	64970071	65041886	protein_coding	ENSMUSG00000029185	+	Fam114a1	1055
1056	Gm43627	chr5	64972650	64974948	TEC	ENSMUSG00000106186	+	Gm43627	1056
1057	Tmem156	chr5	65054346	65092132	protein_coding	ENSMUSG00000037913	-	Tmem156	1057
1058	Klhl5	chr5	65107539	65168188	protein_coding	ENSMUSG00000054920	+	Klhl5	1058
1059	Gm25154	chr5	65136302	65136420	rRNA	ENSMUSG00000087748	+	Gm25154	1059
1060	Wdr19	chr5	65199696	65260415	protein_coding	ENSMUSG00000037890	+	Wdr19	1060
1061	Rfc1	chr5	65261850	65335670	protein_coding	ENSMUSG00000029191	-	Rfc1	1061
1062	Gm43628	chr5	65307808	65308994	TEC	ENSMUSG00000105935	-	Gm43628	1062
1063	Klb	chr5	65348314	65384007	protein_coding	ENSMUSG00000029195	+	Klb	1063
1064	Rpl9	chr5	65388364	65391444	protein_coding	ENSMUSG00000047215	-	Rpl9	1064
1065	Lias	chr5	65391497	65410693	protein_coding	ENSMUSG00000029199	+	Lias	1065
1066	1110003F10Rik	chr5	65405751	65406517	TEC	ENSMUSG00000106291	+	1110003F10Rik	1066
1067	Gm43311	chr5	65410651	65413027	TEC	ENSMUSG00000105896	-	Gm43311	1067
1068	Ugdh	chr5	65413221	65435949	protein_coding	ENSMUSG00000029201	-	Ugdh	1068
1069	Gm43552	chr5	65427427	65492833	protein_coding	ENSMUSG00000105835	-	Gm43552	1069
1070	Gm43289	chr5	65430106	65431580	TEC	ENSMUSG00000104917	-	Gm43289	1070
1071	Smim14	chr5	65446844	65537184	protein_coding	ENSMUSG00000037822	-	Smim14	1071
1072	Gm43290	chr5	65476505	65478061	TEC	ENSMUSG00000104641	-	Gm43290	1072
1073	4930589O11Rik	chr5	65493096	65494015	TEC	ENSMUSG00000107195	+	4930589O11Rik	1073
1074	Gm42725	chr5	65531568	65535760	TEC	ENSMUSG00000105601	-	Gm42725	1074
1075	Ube2k	chr5	65537233	65598988	protein_coding	ENSMUSG00000029203	+	Ube2k	1075
1076	Gm40309	chr5	65541929	65543680	TEC	ENSMUSG00000107362	+	Gm40309	1076
1077	Gm42726	chr5	65587716	65591440	lncRNA	ENSMUSG00000107102	-	Gm42726	1077
1078	Pds5a	chr5	65605721	65698273	protein_coding	ENSMUSG00000029202	-	Pds5a	1078
1079	Gm42727	chr5	65616949	65619771	TEC	ENSMUSG00000106767	+	Gm42727	1079
1080	Gm42729	chr5	65623934	65626863	TEC	ENSMUSG00000106696	+	Gm42729	1080
1081	Gm24399	chr5	65660806	65660879	snRNA	ENSMUSG00000088494	+	Gm24399	1081
1082	Gm42728	chr5	65672609	65674160	TEC	ENSMUSG00000107158	-	Gm42728	1082
1083	C030017G13Rik	chr5	65680014	65682344	TEC	ENSMUSG00000107050	-	C030017G13Rik	1083
1084	N4bp2os	chr5	65760991	65764379	lncRNA	ENSMUSG00000106978	-	N4bp2os	1084
1085	N4bp2	chr5	65763521	65830108	protein_coding	ENSMUSG00000037795	+	N4bp2	1085
1086	Gm42648	chr5	65778014	65780518	TEC	ENSMUSG00000106682	+	Gm42648	1086
1087	Gm42645	chr5	65853332	65854958	TEC	ENSMUSG00000106713	+	Gm42645	1087
1088	Gm42646	chr5	65857318	65858231	TEC	ENSMUSG00000106776	+	Gm42646	1088
1089	Gm43004	chr5	65859317	65860019	TEC	ENSMUSG00000106681	+	Gm43004	1089
1090	Rhoh	chr5	65861213	65896700	protein_coding	ENSMUSG00000029204	+	Rhoh	1090
1091	Gm43769	chr5	65911624	65915946	TEC	ENSMUSG00000107254	+	Gm43769	1091
1092	Chrna9	chr5	65934921	65977326	protein_coding	ENSMUSG00000029205	+	Chrna9	1092
1093	4930480C01Rik	chr5	65951305	65952205	TEC	ENSMUSG00000106768	+	4930480C01Rik	1093
1094	Gm43771	chr5	65963851	65965428	TEC	ENSMUSG00000107049	+	Gm43771	1094
1095	9130230L23Rik	chr5	65979358	66004285	protein_coding	ENSMUSG00000054598	-	9130230L23Rik	1095
1096	Gm25952	chr5	65989045	65989118	miRNA	ENSMUSG00000093070	+	Gm25952	1096
1097	Rbm47	chr5	66016549	66173118	protein_coding	ENSMUSG00000070780	-	Rbm47	1097
1098	Gm43775	chr5	66069501	66072895	TEC	ENSMUSG00000107304	-	Gm43775	1098
1099	Gm43323	chr5	66080209	66084466	TEC	ENSMUSG00000107390	-	Gm43323	1099
1100	Gm26725	chr5	66151212	66174945	lncRNA	ENSMUSG00000097092	+	Gm26725	1100
1101	Gm22929	chr5	66164556	66164662	snRNA	ENSMUSG00000093258	-	Gm22929	1101
1102	1700126H18Rik	chr5	66166607	66191336	lncRNA	ENSMUSG00000107014	-	1700126H18Rik	1102
1103	Gm15794	chr5	66197912	66201326	processed_pseudogene	ENSMUSG00000084108	-	Gm15794	1103
1104	Gm3822	chr5	66214747	66217681	TEC	ENSMUSG00000107125	+	Gm3822	1104
1105	Nsun7	chr5	66259897	66298026	protein_coding	ENSMUSG00000029206	+	Nsun7	1105
1106	Apbb2	chr5	66298703	66618784	protein_coding	ENSMUSG00000029207	-	Apbb2	1106
1107	Gm43790	chr5	66321005	66323017	TEC	ENSMUSG00000106818	-	Gm43790	1107
1108	Gm23183	chr5	66325740	66326062	misc_RNA	ENSMUSG00000084544	-	Gm23183	1108
1109	Gm43793	chr5	66345893	66347225	TEC	ENSMUSG00000107155	-	Gm43793	1109
1110	Gm16273	chr5	66356918	66357185	processed_pseudogene	ENSMUSG00000106910	+	Gm16273	1110
1111	Gm43792	chr5	66429917	66432126	TEC	ENSMUSG00000106732	-	Gm43792	1111
1112	Gm43794	chr5	66443732	66444423	TEC	ENSMUSG00000106772	-	Gm43794	1112
1113	Gm43343	chr5	66524187	66526112	TEC	ENSMUSG00000107091	-	Gm43343	1113
1114	Gm43795	chr5	66531796	66534161	TEC	ENSMUSG00000106720	-	Gm43795	1114
1115	C530043K16Rik	chr5	66592462	66595570	TEC	ENSMUSG00000106706	-	C530043K16Rik	1115
1116	Uchl1os	chr5	66626495	66676498	lncRNA	ENSMUSG00000087601	-	Uchl1os	1116
1117	Uchl1	chr5	66676091	66687234	protein_coding	ENSMUSG00000029223	+	Uchl1	1117
1118	Gm43279	chr5	66688882	66691393	TEC	ENSMUSG00000107300	+	Gm43279	1118
1119	Gm43280	chr5	66718370	66719919	TEC	ENSMUSG00000107284	+	Gm43280	1119
1120	Limch1	chr5	66745827	67057158	protein_coding	ENSMUSG00000037736	+	Limch1	1120
1121	Gm6517	chr5	66890366	66890876	processed_pseudogene	ENSMUSG00000082420	+	Gm6517	1121
1122	Gm43281	chr5	66916008	66918711	TEC	ENSMUSG00000106749	+	Gm43281	1122
1123	Gm43282	chr5	66969429	66971585	TEC	ENSMUSG00000107290	+	Gm43282	1123
1124	Gm15949	chr5	66985091	66985641	lncRNA	ENSMUSG00000085839	-	Gm15949	1124
1125	Gm15948	chr5	66988816	66991207	lncRNA	ENSMUSG00000086964	-	Gm15948	1125
1126	Gm42713	chr5	67038432	67039376	TEC	ENSMUSG00000106785	-	Gm42713	1126
1127	Gm23841	chr5	67053679	67053792	miRNA	ENSMUSG00000080601	-	Gm23841	1127
1128	Phox2b	chr5	67094399	67099301	protein_coding	ENSMUSG00000012520	-	Phox2b	1128
1129	Gm33167	chr5	67127503	67130145	TEC	ENSMUSG00000106995	+	Gm33167	1129
1130	Gm42670	chr5	67259971	67261262	lncRNA	ENSMUSG00000107319	-	Gm42670	1130
1131	Tmem33	chr5	67260565	67291461	protein_coding	ENSMUSG00000037720	+	Tmem33	1131
1132	Slc30a9	chr5	67306955	67358443	protein_coding	ENSMUSG00000029221	+	Slc30a9	1132
1133	Gm43698	chr5	67360387	67366599	lncRNA	ENSMUSG00000107266	+	Gm43698	1133
1134	Bend4	chr5	67392147	67428310	protein_coding	ENSMUSG00000092060	-	Bend4	1134
1135	Gm26756	chr5	67427680	67437990	lncRNA	ENSMUSG00000097840	+	Gm26756	1135
1136	Gm42632	chr5	67427993	67430403	TEC	ENSMUSG00000106832	+	Gm42632	1136
1137	Gm20072	chr5	67453479	67453770	processed_pseudogene	ENSMUSG00000106925	+	Gm20072	1137
1138	C330024D21Rik	chr5	67463897	67477632	lncRNA	ENSMUSG00000107385	+	C330024D21Rik	1138
1139	Shisa3	chr5	67607882	67623552	protein_coding	ENSMUSG00000050010	+	Shisa3	1139
1140	Atp8a1	chr5	67618140	67847434	protein_coding	ENSMUSG00000037685	-	Atp8a1	1140
1141	Gm23617	chr5	67631825	67631919	miRNA	ENSMUSG00000094435	-	Gm23617	1141
1142	Gm42735	chr5	67633663	67635308	TEC	ENSMUSG00000107041	-	Gm42735	1142
1143	Gm15478	chr5	67642401	67646776	lncRNA	ENSMUSG00000085363	+	Gm15478	1143
1144	Gm42737	chr5	67757576	67759330	TEC	ENSMUSG00000106859	-	Gm42737	1144
1145	D630030B08Rik	chr5	67833350	67836828	TEC	ENSMUSG00000106837	-	D630030B08Rik	1145
1146	Gm42466	chr5	67843120	67844420	TEC	ENSMUSG00000107136	-	Gm42466	1146
1147	Gm15477	chr5	67847065	67909013	lncRNA	ENSMUSG00000087261	+	Gm15477	1147
1148	Gm42736	chr5	67872882	67874234	TEC	ENSMUSG00000107206	+	Gm42736	1148
1149	Gm21905	chr5	67927261	67946421	protein_coding	ENSMUSG00000095346	-	Gm21905	1149
1150	4930425K10Rik	chr5	67933610	67943083	lncRNA	ENSMUSG00000106880	-	4930425K10Rik	1150
1151	Gm5108	chr5	67941669	67977070	protein_coding	ENSMUSG00000094719	+	Gm5108	1151
1152	Gm43027	chr5	67980671	67984361	TEC	ENSMUSG00000106897	+	Gm43027	1152
1153	Grxcr1	chr5	68031835	68166398	protein_coding	ENSMUSG00000068082	+	Grxcr1	1153
1154	Gm43025	chr5	68082489	68084374	TEC	ENSMUSG00000106747	-	Gm43025	1154
1155	Gm23605	chr5	68566170	68566296	snoRNA	ENSMUSG00000087880	-	Gm23605	1155
1156	Gm42850	chr5	68569504	68594746	unprocessed_pseudogene	ENSMUSG00000106854	-	Gm42850	1156
1157	Gm43842	chr5	68957408	68960389	TEC	ENSMUSG00000107117	-	Gm43842	1157
1158	Kctd8	chr5	69109285	69341679	protein_coding	ENSMUSG00000037653	-	Kctd8	1158
1159	D130004A15Rik	chr5	69168672	69170248	TEC	ENSMUSG00000107208	-	D130004A15Rik	1159
1160	Gm43371	chr5	69181083	69182113	TEC	ENSMUSG00000107234	-	Gm43371	1160
1161	Gm43373	chr5	69217421	69220290	TEC	ENSMUSG00000107363	-	Gm43373	1161
1162	Gm43374	chr5	69221845	69224235	TEC	ENSMUSG00000106673	-	Gm43374	1162
1163	Gm43230	chr5	69263585	69265713	TEC	ENSMUSG00000106753	-	Gm43230	1163
1164	Gm43229	chr5	69275721	69277570	TEC	ENSMUSG00000107312	-	Gm43229	1164
1165	Gm42888	chr5	69311707	69316067	TEC	ENSMUSG00000107148	-	Gm42888	1165
1166	Gm24368	chr5	69340783	69340888	miRNA	ENSMUSG00000093129	+	Gm24368	1166
1167	Gm23932	chr5	69386066	69386172	snRNA	ENSMUSG00000096290	-	Gm23932	1167
1168	Gm5867	chr5	69461152	69461743	processed_pseudogene	ENSMUSG00000043484	+	Gm5867	1168
1169	Gm42887	chr5	69503842	69504960	TEC	ENSMUSG00000106986	-	Gm42887	1169
1170	Yipf7	chr5	69516671	69542648	protein_coding	ENSMUSG00000029158	-	Yipf7	1170
1171	3110031N09Rik	chr5	69556557	69556882	TEC	ENSMUSG00000107291	-	3110031N09Rik	1171
1172	Guf1	chr5	69556923	69575973	protein_coding	ENSMUSG00000029208	+	Guf1	1172
1173	Gnpda2	chr5	69573108	69592340	protein_coding	ENSMUSG00000029209	-	Gnpda2	1173
1174	Gm26044	chr5	69752403	69752528	snRNA	ENSMUSG00000080566	-	Gm26044	1174
1175	Gm43139	chr5	69931525	69931808	processed_pseudogene	ENSMUSG00000106284	-	Gm43139	1175
1176	Gm23067	chr5	70186785	70186846	snRNA	ENSMUSG00000088863	-	Gm23067	1176
1177	Gm26072	chr5	70550841	70550947	snRNA	ENSMUSG00000094803	-	Gm26072	1177
1178	Gm42652	chr5	70553608	70554221	processed_pseudogene	ENSMUSG00000106613	-	Gm42652	1178
1179	Gm42653	chr5	70561265	70564103	TEC	ENSMUSG00000106549	+	Gm42653	1179
1180	Gabrg1	chr5	70751047	70842617	protein_coding	ENSMUSG00000001260	-	Gabrg1	1180
1181	Gabra2	chr5	70957597	71095849	protein_coding	ENSMUSG00000000560	-	Gabra2	1181
1182	Cox7b2	chr5	71442824	71548205	protein_coding	ENSMUSG00000049387	-	Cox7b2	1182
1183	Gabra4	chr5	71569749	71658308	protein_coding	ENSMUSG00000029211	-	Gabra4	1183
1184	Gabrb1	chr5	71658113	72149037	protein_coding	ENSMUSG00000029212	+	Gabrb1	1184
1185	Gm38562	chr5	71680268	71699824	lncRNA	ENSMUSG00000105489	-	Gm38562	1185
1186	Gm15617	chr5	72032718	72033488	processed_pseudogene	ENSMUSG00000080736	-	Gm15617	1186
1187	Gm15616	chr5	72047205	72047579	processed_pseudogene	ENSMUSG00000082705	+	Gm15616	1187
1188	Commd8	chr5	72156575	72168189	protein_coding	ENSMUSG00000029213	-	Commd8	1188
1189	Gm42569	chr5	72171817	72172288	processed_pseudogene	ENSMUSG00000105016	-	Gm42569	1189
1190	Atp10d	chr5	72203329	72298775	polymorphic_pseudogene	ENSMUSG00000046808	+	Atp10d	1190
1191	Corin	chr5	72300025	72504473	protein_coding	ENSMUSG00000005220	-	Corin	1191
1192	Gm25768	chr5	72305365	72305462	snRNA	ENSMUSG00000089195	-	Gm25768	1192
1193	Gm20647	chr5	72316354	72368048	lncRNA	ENSMUSG00000093400	+	Gm20647	1193
1194	Gm19560	chr5	72409444	72409957	processed_pseudogene	ENSMUSG00000093644	+	Gm19560	1194
1195	Gm23712	chr5	72418713	72418819	snRNA	ENSMUSG00000095112	-	Gm23712	1195
1196	AU023070	chr5	72496200	72497104	lncRNA	ENSMUSG00000093771	-	AU023070	1196
1197	Nfxl1	chr5	72513301	72559684	protein_coding	ENSMUSG00000072889	-	Nfxl1	1197
1198	Gm43815	chr5	72554240	72555229	TEC	ENSMUSG00000105510	-	Gm43815	1198
1199	Gm34144	chr5	72572174	72572432	processed_pseudogene	ENSMUSG00000105865	+	Gm34144	1199
1200	Zar1	chr5	72576806	72581254	protein_coding	ENSMUSG00000063935	-	Zar1	1200
1201	Gm5868	chr5	72581638	72587551	protein_coding	ENSMUSG00000060204	-	Gm5868	1201
1202	Cnga1	chr5	72603696	72644275	protein_coding	ENSMUSG00000067220	-	Cnga1	1202
1203	Gm5297	chr5	72626858	72628028	transcribed_processed_pseudogene	ENSMUSG00000105124	-	Gm5297	1203
1204	4933408A14Rik	chr5	72644410	72646552	lncRNA	ENSMUSG00000106136	+	4933408A14Rik	1204
1205	Nipal1	chr5	72647795	72671078	protein_coding	ENSMUSG00000067219	+	Nipal1	1205
1206	Txk	chr5	72695978	72752777	protein_coding	ENSMUSG00000054892	-	Txk	1206
1207	Gm43717	chr5	72726062	72726371	processed_pseudogene	ENSMUSG00000105089	+	Gm43717	1207
1208	Tec	chr5	72755716	72868483	protein_coding	ENSMUSG00000029217	-	Tec	1208
1209	Gm43499	chr5	72809968	72812074	TEC	ENSMUSG00000106739	-	Gm43499	1209
1210	Gm9870	chr5	72912587	72914942	TEC	ENSMUSG00000052154	-	Gm9870	1210
1211	Slain2	chr5	72914304	72978829	protein_coding	ENSMUSG00000036087	+	Slain2	1211
1212	Gm10135	chr5	72965808	72974702	protein_coding	ENSMUSG00000063656	-	Gm10135	1212
1213	Gm24776	chr5	72971179	72971264	snRNA	ENSMUSG00000088268	-	Gm24776	1213
1214	Slc10a4	chr5	73006883	73012955	protein_coding	ENSMUSG00000029219	+	Slc10a4	1214
1215	Gm15847	chr5	73013528	73017236	transcribed_unprocessed_pseudogene	ENSMUSG00000081849	+	Gm15847	1215
1216	Gm42668	chr5	73015199	73017685	TEC	ENSMUSG00000107373	+	Gm42668	1216
1217	Fryl	chr5	73019987	73256619	protein_coding	ENSMUSG00000070733	-	Fryl	1217
1218	Gm42572	chr5	73041777	73045154	TEC	ENSMUSG00000107171	-	Gm42572	1218
1219	1700071G01Rik	chr5	73157014	73157884	lncRNA	ENSMUSG00000086376	+	1700071G01Rik	1219
1220	Gm42571	chr5	73187954	73190417	TEC	ENSMUSG00000107109	-	Gm42571	1220
1221	Gm17207	chr5	73210156	73212643	lncRNA	ENSMUSG00000090561	-	Gm17207	1221
1222	Gm34411	chr5	73263429	73268986	lncRNA	ENSMUSG00000107087	+	Gm34411	1222
1223	1700025M24Rik	chr5	73268581	73284187	lncRNA	ENSMUSG00000100175	-	1700025M24Rik	1223
1224	Gm42734	chr5	73272872	73273749	TEC	ENSMUSG00000106999	+	Gm42734	1224
1225	Ociad1	chr5	73292784	73314069	protein_coding	ENSMUSG00000029152	+	Ociad1	1225
1226	Gm42733	chr5	73308059	73308577	TEC	ENSMUSG00000107292	-	Gm42733	1226
1227	Gm42732	chr5	73311364	73312560	TEC	ENSMUSG00000107331	+	Gm42732	1227
1228	Ociad2	chr5	73322199	73341028	protein_coding	ENSMUSG00000029153	-	Ociad2	1228
1229	Gm34583	chr5	73380560	73391102	transcribed_processed_pseudogene	ENSMUSG00000107272	+	Gm34583	1229
1230	Gm35960	chr5	73396799	73397813	processed_pseudogene	ENSMUSG00000106958	-	Gm35960	1230
1231	Cwh43	chr5	73406075	73453435	protein_coding	ENSMUSG00000029154	+	Cwh43	1231
1232	Gm43798	chr5	73459329	73459722	TEC	ENSMUSG00000106675	-	Gm43798	1232
1233	Gm15653	chr5	73476447	73477353	processed_pseudogene	ENSMUSG00000082039	-	Gm15653	1233
1234	Dcun1d4	chr5	73481000	73560794	protein_coding	ENSMUSG00000051674	+	Dcun1d4	1234
1235	Lrrc66	chr5	73606642	73632526	protein_coding	ENSMUSG00000067206	-	Lrrc66	1235
1236	Sgcb	chr5	73632749	73647790	protein_coding	ENSMUSG00000029156	-	Sgcb	1236
1237	Spata18	chr5	73651379	73679512	protein_coding	ENSMUSG00000029155	+	Spata18	1237
1238	1700019F05Rik	chr5	73912896	73920421	lncRNA	ENSMUSG00000107027	+	1700019F05Rik	1238
1239	C78283	chr5	73946381	73948376	lncRNA	ENSMUSG00000106968	+	C78283	1239
1240	Usp46	chr5	73998453	74068431	protein_coding	ENSMUSG00000054814	-	Usp46	1240
1241	Usp46os1	chr5	74014215	74029680	lncRNA	ENSMUSG00000087250	+	Usp46os1	1241
1242	Usp46os2	chr5	74032268	74040003	lncRNA	ENSMUSG00000086234	+	Usp46os2	1242
1243	Gm43417	chr5	74048299	74053505	TEC	ENSMUSG00000106993	-	Gm43417	1243
1244	Gm43415	chr5	74060038	74060787	TEC	ENSMUSG00000106973	+	Gm43415	1244
1245	Gm43416	chr5	74092137	74093151	TEC	ENSMUSG00000107255	-	Gm43416	1245
1246	Dancr	chr5	74093060	74095406	lncRNA	ENSMUSG00000106943	+	Dancr	1246
1247	Snora26	chr5	74093530	74093650	snoRNA	ENSMUSG00000093355	+	Snora26	1247
1248	A330058E17Rik	chr5	74172161	74176050	TEC	ENSMUSG00000106735	-	A330058E17Rik	1248
1249	Rasl11b	chr5	74195286	74199481	protein_coding	ENSMUSG00000049907	+	Rasl11b	1249
1250	Scfd2	chr5	74204816	74531759	protein_coding	ENSMUSG00000062110	-	Scfd2	1250
1251	Gm42599	chr5	74249148	74249616	TEC	ENSMUSG00000107209	-	Gm42599	1251
1252	Gm15981	chr5	74316578	74317034	transcribed_processed_pseudogene	ENSMUSG00000080700	-	Gm15981	1252
1253	Gm15982	chr5	74356583	74358419	transcribed_unprocessed_pseudogene	ENSMUSG00000084132	-	Gm15982	1253
1254	6720475M21Rik	chr5	74367163	74369915	TEC	ENSMUSG00000107009	-	6720475M21Rik	1254
1255	Gm43167	chr5	74429500	74431105	TEC	ENSMUSG00000106992	-	Gm43167	1255
1256	Fip1l1	chr5	74535449	74598800	protein_coding	ENSMUSG00000029227	+	Fip1l1	1256
1257	Gm43747	chr5	74575947	74577276	TEC	ENSMUSG00000107165	+	Gm43747	1257
1258	Lnx1	chr5	74592447	74702912	protein_coding	ENSMUSG00000029228	-	Lnx1	1258
1259	Gm15984	chr5	74702598	74728605	lncRNA	ENSMUSG00000085657	+	Gm15984	1259
1260	Gm15985	chr5	74731516	74734451	lncRNA	ENSMUSG00000085497	-	Gm15985	1260
1261	Gm42575	chr5	74749882	74754438	lncRNA	ENSMUSG00000106987	+	Gm42575	1261
1262	Gm17906	chr5	74883335	74884235	processed_pseudogene	ENSMUSG00000106806	+	Gm17906	1262
1263	Gm6116	chr5	74949190	74966368	lncRNA	ENSMUSG00000072874	+	Gm6116	1263
1264	Gm42577	chr5	74985856	74989066	TEC	ENSMUSG00000107306	-	Gm42577	1264
1265	Chic2	chr5	74997988	75044774	protein_coding	ENSMUSG00000029229	-	Chic2	1265
1266	Gm42576	chr5	75020236	75023081	TEC	ENSMUSG00000107205	-	Gm42576	1266
1267	Gm18593	chr5	75048479	75050036	processed_pseudogene	ENSMUSG00000107162	+	Gm18593	1267
1268	Gsx2	chr5	75075601	75077893	protein_coding	ENSMUSG00000035946	+	Gsx2	1268
1269	Gm19583	chr5	75110321	75147107	lncRNA	ENSMUSG00000107192	+	Gm19583	1269
1270	Olfr1401-ps1	chr5	75141348	75141558	unprocessed_pseudogene	ENSMUSG00000107258	-	Olfr1401-ps1	1270
1271	Pdgfra	chr5	75152292	75198215	protein_coding	ENSMUSG00000029231	+	Pdgfra	1271
1272	Gm42802	chr5	75153055	75153653	lncRNA	ENSMUSG00000106760	-	Gm42802	1272
1273	Gm42803	chr5	75154885	75155335	TEC	ENSMUSG00000107245	-	Gm42803	1273
1274	Mir7025	chr5	75176831	75176904	miRNA	ENSMUSG00000099060	+	Mir7025	1274
1275	Gm42799	chr5	75246443	75246770	processed_pseudogene	ENSMUSG00000106704	+	Gm42799	1275
1276	Gm18345	chr5	75342443	75343832	processed_pseudogene	ENSMUSG00000106689	+	Gm18345	1276
1277	Gm22084	chr5	75372041	75372145	snRNA	ENSMUSG00000088210	-	Gm22084	1277
1278	Gm42800	chr5	75387775	75399372	lncRNA	ENSMUSG00000107386	-	Gm42800	1278
1279	Gm24502	chr5	75561046	75561150	snRNA	ENSMUSG00000089078	-	Gm24502	1279
1280	Kit	chr5	75574916	75656722	protein_coding	ENSMUSG00000005672	+	Kit	1280
1281	Gm43101	chr5	75727605	75735967	lncRNA	ENSMUSG00000106754	+	Gm43101	1281
1282	Gm43102	chr5	75737882	75740205	TEC	ENSMUSG00000107251	+	Gm43102	1282
1283	Gm43100	chr5	75753556	75758886	lncRNA	ENSMUSG00000106726	-	Gm43100	1283
1284	Gm19590	chr5	75833035	75835645	lncRNA	ENSMUSG00000107061	-	Gm19590	1284
1285	Gm38180	chr5	75846089	75848210	TEC	ENSMUSG00000103684	+	Gm38180	1285
1286	Gm28865	chr5	75849238	75852958	lncRNA	ENSMUSG00000100936	-	Gm28865	1286
1287	Gm25374	chr5	75909827	75909927	miRNA	ENSMUSG00000088783	+	Gm25374	1287
1288	Kdr	chr5	75932827	75978458	protein_coding	ENSMUSG00000062960	-	Kdr	1288
1289	Gm24738	chr5	76006319	76006441	rRNA	ENSMUSG00000089481	-	Gm24738	1289
1290	Gm32780	chr5	76043098	76055899	lncRNA	ENSMUSG00000106756	+	Gm32780	1290
1291	Gm6051	chr5	76060412	76060763	processed_pseudogene	ENSMUSG00000107020	-	Gm6051	1291
1292	Srd5a3	chr5	76140271	76155504	protein_coding	ENSMUSG00000029233	+	Srd5a3	1292
1293	Tmem165	chr5	76183880	76209245	protein_coding	ENSMUSG00000029234	+	Tmem165	1293
1294	Apc-ps1	chr5	76196625	76197094	transcribed_processed_pseudogene	ENSMUSG00000083152	+	Apc-ps1	1294
1295	Clock	chr5	76209868	76304792	protein_coding	ENSMUSG00000029238	-	Clock	1295
1296	Ube2n-ps1	chr5	76232612	76233070	processed_pseudogene	ENSMUSG00000106831	-	Ube2n-ps1	1296
1297	Gm43658	chr5	76297600	76301775	TEC	ENSMUSG00000106815	-	Gm43658	1297
1298	Gm7467	chr5	76304876	76305527	lncRNA	ENSMUSG00000098449	+	Gm7467	1298
1299	Pdcl2	chr5	76312115	76331156	protein_coding	ENSMUSG00000029235	-	Pdcl2	1299
1300	4930432L08Rik	chr5	76331238	76341885	lncRNA	ENSMUSG00000087037	+	4930432L08Rik	1300
1301	Nmu	chr5	76333495	76363788	protein_coding	ENSMUSG00000029236	-	Nmu	1301
1302	Gm42666	chr5	76410354	76410505	processed_pseudogene	ENSMUSG00000107160	+	Gm42666	1302
1303	Gm42665	chr5	76450701	76451774	processed_pseudogene	ENSMUSG00000106982	-	Gm42665	1303
1304	Gm7271	chr5	76484040	76516649	protein_coding	ENSMUSG00000091204	+	Gm7271	1304
1305	Exoc1	chr5	76529311	76570294	protein_coding	ENSMUSG00000036435	+	Exoc1	1305
1306	Cep135	chr5	76588698	76646466	protein_coding	ENSMUSG00000036403	+	Cep135	1306
1307	A730089K16Rik	chr5	76655929	76658355	TEC	ENSMUSG00000103529	-	A730089K16Rik	1307
1308	C530008M17Rik	chr5	76656512	76873554	protein_coding	ENSMUSG00000036377	+	C530008M17Rik	1308
1309	Gm7494	chr5	76742073	76742513	processed_pseudogene	ENSMUSG00000083874	-	Gm7494	1309
1310	Aasdh	chr5	76873659	76905514	protein_coding	ENSMUSG00000055923	-	Aasdh	1310
1311	Ppat	chr5	76913249	76951578	protein_coding	ENSMUSG00000029246	-	Ppat	1311
1312	2310040G07Rik	chr5	76928372	76947758	transcribed_unprocessed_pseudogene	ENSMUSG00000072852	+	2310040G07Rik	1312
1313	Paics	chr5	76951307	76967509	protein_coding	ENSMUSG00000029247	+	Paics	1313
1314	Srp72	chr5	76974683	76999937	protein_coding	ENSMUSG00000036323	+	Srp72	1314
1315	Arl9	chr5	77004055	77010606	protein_coding	ENSMUSG00000063820	+	Arl9	1315
1316	1700112J05Rik	chr5	77006449	77018863	lncRNA	ENSMUSG00000086632	-	1700112J05Rik	1316
1317	Thegl	chr5	77016023	77061529	protein_coding	ENSMUSG00000029248	+	Thegl	1317
1318	Hopx	chr5	77086988	77115121	protein_coding	ENSMUSG00000059325	-	Hopx	1318
1319	Hopxos	chr5	77094532	77102303	lncRNA	ENSMUSG00000087541	+	Hopxos	1319
1320	Gm15831	chr5	77116810	77122348	lncRNA	ENSMUSG00000085858	-	Gm15831	1320
1321	Chaer1	chr5	77138471	77140252	lncRNA	ENSMUSG00000106783	-	Chaer1	1321
1322	Spink2	chr5	77205107	77211471	protein_coding	ENSMUSG00000053030	-	Spink2	1322
1323	Gm19060	chr5	77227378	77227950	processed_pseudogene	ENSMUSG00000107034	+	Gm19060	1323
1324	Rest	chr5	77265491	77286432	protein_coding	ENSMUSG00000029249	+	Rest	1324
1325	Mir5098	chr5	77272757	77272838	miRNA	ENSMUSG00000093061	+	Mir5098	1325
1326	Noa1	chr5	77294182	77310084	protein_coding	ENSMUSG00000036285	-	Noa1	1326
1327	Polr2b	chr5	77310147	77349324	protein_coding	ENSMUSG00000029250	+	Polr2b	1327
1328	Igfbp7	chr5	77349240	77408041	protein_coding	ENSMUSG00000036256	-	Igfbp7	1328
1329	Gm34648	chr5	77386599	77393683	lncRNA	ENSMUSG00000106828	+	Gm34648	1329
1330	Gm34728	chr5	77434034	77473219	lncRNA	ENSMUSG00000106906	+	Gm34728	1330
1331	1700017L05Rik	chr5	77465488	77468851	lncRNA	ENSMUSG00000107232	+	1700017L05Rik	1331
1332	Gm42761	chr5	77485727	77494361	lncRNA	ENSMUSG00000106985	+	Gm42761	1332
1333	Pea15b	chr5	77511178	77511748	transcribed_processed_pseudogene	ENSMUSG00000047652	-	Pea15b	1333
1334	Gm31049	chr5	77687376	77689212	unprocessed_pseudogene	ENSMUSG00000106996	+	Gm31049	1334
1335	Mthfr-ps1	chr5	78473885	78474735	processed_pseudogene	ENSMUSG00000044058	+	Mthfr-ps1	1335
1336	Gm43232	chr5	78540528	78540891	processed_pseudogene	ENSMUSG00000107309	+	Gm43232	1336
1337	Gm43234	chr5	79440197	79440214	processed_pseudogene	ENSMUSG00000107308	+	Gm43234	1337
1338	Gm18452	chr5	79507401	79508511	processed_pseudogene	ENSMUSG00000107183	+	Gm18452	1338
1339	Gm22553	chr5	79638815	79639109	misc_RNA	ENSMUSG00000088422	-	Gm22553	1339
1340	Gm22974	chr5	80893654	80893756	snRNA	ENSMUSG00000065235	+	Gm22974	1340
1341	Gm2199	chr5	80900750	80901623	processed_pseudogene	ENSMUSG00000083829	-	Gm2199	1341
1342	Adgrl3	chr5	81020138	81825133	protein_coding	ENSMUSG00000037605	+	Adgrl3	1342
1343	Gm43594	chr5	81249249	81252690	TEC	ENSMUSG00000107226	+	Gm43594	1343
1344	Gm43084	chr5	81535726	81536672	TEC	ENSMUSG00000107375	+	Gm43084	1344
1345	Gm16054	chr5	81791909	81798426	lncRNA	ENSMUSG00000087431	-	Gm16054	1345
1346	2900064F13Rik	chr5	81826816	81827823	TEC	ENSMUSG00000106746	+	2900064F13Rik	1346
1347	1700008H02Rik	chr5	82119679	82121362	TEC	ENSMUSG00000106860	-	1700008H02Rik	1347
1348	1700031L13Rik	chr5	82122408	82124713	protein_coding	ENSMUSG00000099863	-	1700031L13Rik	1348
1349	Rpl7-ps7	chr5	82336851	82337649	processed_pseudogene	ENSMUSG00000106926	+	Rpl7-ps7	1349
1350	Mir1187	chr5	82798944	82799065	miRNA	ENSMUSG00000080586	-	Mir1187	1350
1351	Tecrl	chr5	83278145	83355195	protein_coding	ENSMUSG00000049537	-	Tecrl	1351
1352	Gm15626	chr5	83299585	83300452	processed_pseudogene	ENSMUSG00000081822	-	Gm15626	1352
1353	Gm25806	chr5	83690004	83690125	snRNA	ENSMUSG00000084731	-	Gm25806	1353
1354	Gm24792	chr5	83723462	83723589	snoRNA	ENSMUSG00000077474	-	Gm24792	1354
1355	Gm4866	chr5	83863163	83863751	unprocessed_pseudogene	ENSMUSG00000106576	+	Gm4866	1355
1356	Epha5	chr5	84054761	84417382	protein_coding	ENSMUSG00000029245	-	Epha5	1356
1357	Hmgn2-ps1	chr5	84123313	84123591	processed_pseudogene	ENSMUSG00000079067	+	Hmgn2-ps1	1357
1358	Gm43532	chr5	84428805	84432620	lncRNA	ENSMUSG00000106598	+	Gm43532	1358
1359	Gm43531	chr5	84618706	84619819	processed_pseudogene	ENSMUSG00000105658	+	Gm43531	1359
1360	Gm21006	chr5	84866179	84866845	processed_pseudogene	ENSMUSG00000106389	-	Gm21006	1360
1361	Gm43567	chr5	85720774	85722751	lncRNA	ENSMUSG00000104878	+	Gm43567	1361
1362	Gm43564	chr5	86005407	86005617	processed_pseudogene	ENSMUSG00000106225	-	Gm43564	1362
1363	Cenpc1	chr5	86012024	86065583	protein_coding	ENSMUSG00000029253	-	Cenpc1	1363
1364	Gm2287	chr5	86066757	86067895	transcribed_processed_pseudogene	ENSMUSG00000106282	+	Gm2287	1364
1365	Stap1	chr5	86071746	86106125	protein_coding	ENSMUSG00000029254	+	Stap1	1365
1366	Uba6	chr5	86109287	86172803	protein_coding	ENSMUSG00000035898	-	Uba6	1366
1367	Gnrhr	chr5	86180754	86197901	protein_coding	ENSMUSG00000029255	-	Gnrhr	1367
1368	Tmprss11c	chr5	86231481	86289308	protein_coding	ENSMUSG00000061184	-	Tmprss11c	1368
1369	Gm25473	chr5	86236855	86236961	snRNA	ENSMUSG00000094833	-	Gm25473	1369
1370	Tmprss11d	chr5	86302217	86373420	protein_coding	ENSMUSG00000061259	-	Tmprss11d	1370
1371	Tmprss11a	chr5	86410410	86468990	protein_coding	ENSMUSG00000072845	-	Tmprss11a	1371
1372	Tmprss11g	chr5	86485876	86518600	protein_coding	ENSMUSG00000079451	-	Tmprss11g	1372
1373	Tmprss11f	chr5	86521898	86632424	protein_coding	ENSMUSG00000048764	-	Tmprss11f	1373
1374	Tmprss11b	chr5	86657631	86676362	protein_coding	ENSMUSG00000035861	-	Tmprss11b	1374
1375	Gm43056	chr5	86683850	86686640	lncRNA	ENSMUSG00000106507	-	Gm43056	1375
1376	Tmprss11e	chr5	86705186	86745815	protein_coding	ENSMUSG00000054537	-	Tmprss11e	1376
1377	Gm16579	chr5	86728899	86759736	lncRNA	ENSMUSG00000089851	+	Gm16579	1377
1378	Gm43055	chr5	86728906	86817106	lncRNA	ENSMUSG00000105704	+	Gm43055	1378
1379	Gm43057	chr5	86767141	86783033	lncRNA	ENSMUSG00000104937	-	Gm43057	1379
1380	Ythdc1	chr5	86804221	86836659	protein_coding	ENSMUSG00000035851	+	Ythdc1	1380
1381	Gm21461	chr5	86860657	86863506	unprocessed_pseudogene	ENSMUSG00000105309	-	Gm21461	1381
1382	Ugt2b34	chr5	86889767	86906937	protein_coding	ENSMUSG00000029260	-	Ugt2b34	1382
1383	Ugt2b1	chr5	86916638	86926530	protein_coding	ENSMUSG00000035836	-	Ugt2b1	1383
1384	Gm24121	chr5	86928903	86929008	snRNA	ENSMUSG00000075983	-	Gm24121	1384
1385	Gm20121	chr5	86960121	86961714	processed_pseudogene	ENSMUSG00000104798	-	Gm20121	1385
1386	AC160532.1	chr5	86962376	86962564	processed_pseudogene	ENSMUSG00000118539	+	AC160532.1	1386
1387	Gm7631	chr5	86976820	86991777	unprocessed_pseudogene	ENSMUSG00000106185	+	Gm7631	1387
1388	Gm5869	chr5	86997159	86998415	processed_pseudogene	ENSMUSG00000104802	+	Gm5869	1388
1389	Ugt2b35	chr5	87000860	87013275	protein_coding	ENSMUSG00000035811	+	Ugt2b35	1389
1390	Gm18635	chr5	87014160	87015219	processed_pseudogene	ENSMUSG00000105315	+	Gm18635	1390
1391	Gm42465	chr5	87054603	87055665	unprocessed_pseudogene	ENSMUSG00000106003	-	Gm42465	1391
1392	Ugt2b36	chr5	87065927	87092555	protein_coding	ENSMUSG00000070704	-	Ugt2b36	1392
1393	Gm31230	chr5	87097182	87100395	unprocessed_pseudogene	ENSMUSG00000105625	-	Gm31230	1393
1394	Ugt2b5	chr5	87124960	87140318	protein_coding	ENSMUSG00000054630	-	Ugt2b5	1394
1395	Gm5717	chr5	87162279	87175290	unprocessed_pseudogene	ENSMUSG00000106111	-	Gm5717	1395
1396	Gm43369	chr5	87191622	87193173	processed_pseudogene	ENSMUSG00000106330	-	Gm43369	1396
1397	Gm19418	chr5	87207117	87218111	unprocessed_pseudogene	ENSMUSG00000105240	-	Gm19418	1397
1398	Ugt2b37	chr5	87240493	87254804	protein_coding	ENSMUSG00000057425	-	Ugt2b37	1398
1399	Gm7646	chr5	87290179	87311817	unprocessed_pseudogene	ENSMUSG00000105897	-	Gm7646	1399
1400	Ugt2a3	chr5	87324972	87337195	protein_coding	ENSMUSG00000035780	-	Ugt2a3	1400
1401	Gm7652	chr5	87351480	87364818	unprocessed_pseudogene	ENSMUSG00000106303	-	Gm7652	1401
1402	Gm42796	chr5	87355835	87356921	TEC	ENSMUSG00000105192	+	Gm42796	1402
1403	Gm35570	chr5	87369803	87370483	processed_pseudogene	ENSMUSG00000104664	-	Gm35570	1403
1404	Gm21049	chr5	87376158	87379920	unprocessed_pseudogene	ENSMUSG00000106397	-	Gm21049	1404
1405	Gm43370	chr5	87401319	87402978	unprocessed_pseudogene	ENSMUSG00000106132	-	Gm43370	1405
1406	Ugt2b38	chr5	87409942	87424203	protein_coding	ENSMUSG00000061906	-	Ugt2b38	1406
1407	Ugt2a1	chr5	87459490	87490871	protein_coding	ENSMUSG00000106677	-	Ugt2a1	1407
1408	Ugt2a2	chr5	87459490	87482260	protein_coding	ENSMUSG00000029268	-	Ugt2a2	1408
1409	Gm43638	chr5	87460240	87486806	protein_coding	ENSMUSG00000107180	-	Gm43638	1409
1410	Sult1b1	chr5	87513339	87538195	protein_coding	ENSMUSG00000029269	-	Sult1b1	1410
1411	Sult1d1	chr5	87554645	87569027	protein_coding	ENSMUSG00000029273	-	Sult1d1	1411
1412	Sult1e1	chr5	87575969	87591594	protein_coding	ENSMUSG00000029272	-	Sult1e1	1412
1413	Mir3969	chr5	87595902	87595993	miRNA	ENSMUSG00000106074	-	Mir3969	1413
1414	Gm43368	chr5	87601071	87601479	processed_pseudogene	ENSMUSG00000106217	+	Gm43368	1414
1415	Gm21043	chr5	87603702	87605616	processed_pseudogene	ENSMUSG00000105246	+	Gm21043	1415
1416	Csn1s1	chr5	87666208	87682578	protein_coding	ENSMUSG00000070702	+	Csn1s1	1416
1417	Csn2	chr5	87692624	87699630	protein_coding	ENSMUSG00000063157	-	Csn2	1417
1418	Gm25066	chr5	87733528	87733650	snoRNA	ENSMUSG00000094386	+	Gm25066	1418
1419	Gm42845	chr5	87737106	87737210	processed_pseudogene	ENSMUSG00000105796	-	Gm42845	1419
1420	Gm24314	chr5	87764679	87764801	snoRNA	ENSMUSG00000095333	-	Gm24314	1420
1421	Csn1s2a	chr5	87774567	87788797	protein_coding	ENSMUSG00000061937	+	Csn1s2a	1421
1422	Csn1s2b	chr5	87808082	87824426	protein_coding	ENSMUSG00000061388	+	Csn1s2b	1422
1423	Prr27	chr5	87825686	87846387	protein_coding	ENSMUSG00000002240	+	Prr27	1423
1424	Gm42794	chr5	87839889	87843418	lncRNA	ENSMUSG00000104839	-	Gm42794	1424
1425	Gm7337	chr5	87850359	87853013	transcribed_processed_pseudogene	ENSMUSG00000067156	+	Gm7337	1425
1426	Odam	chr5	87885029	87894174	protein_coding	ENSMUSG00000009580	+	Odam	1426
1427	1700066N21Rik	chr5	87908579	87979351	lncRNA	ENSMUSG00000099605	-	1700066N21Rik	1427
1428	BC037156	chr5	87908779	87914171	lncRNA	ENSMUSG00000105888	+	BC037156	1428
1429	Csn3	chr5	87925579	87932665	protein_coding	ENSMUSG00000001622	+	Csn3	1429
1430	BC051076	chr5	87963485	87966352	lncRNA	ENSMUSG00000055961	+	BC051076	1430
1431	2310003L06Rik	chr5	87969459	87972870	protein_coding	ENSMUSG00000007457	+	2310003L06Rik	1431
1432	Gm28434	chr5	87969517	88008277	protein_coding	ENSMUSG00000100704	+	Gm28434	1432
1433	Cabs1	chr5	87979439	87981544	protein_coding	ENSMUSG00000007907	+	Cabs1	1433
1434	Smr3a	chr5	88002549	88008534	protein_coding	ENSMUSG00000029280	+	Smr3a	1434
1435	Gm7709	chr5	88062516	88064373	processed_pseudogene	ENSMUSG00000105905	+	Gm7709	1435
1436	Smr2	chr5	88086556	88109053	protein_coding	ENSMUSG00000029281	+	Smr2	1436
1437	Gm11116	chr5	88110567	88111530	protein_coding	ENSMUSG00000079439	-	Gm11116	1437
1438	Gm42622	chr5	88144704	88145058	processed_pseudogene	ENSMUSG00000105807	+	Gm42622	1438
1439	Gm42621	chr5	88196988	88201407	unprocessed_pseudogene	ENSMUSG00000106065	+	Gm42621	1439
1440	Gm42164	chr5	88210659	88211037	processed_pseudogene	ENSMUSG00000105576	+	Gm42164	1440
1441	Gm7048	chr5	88231350	88233240	processed_pseudogene	ENSMUSG00000106593	+	Gm7048	1441
1442	Gm7714	chr5	88268919	88282835	protein_coding	ENSMUSG00000090302	+	Gm7714	1442
1443	Prol1	chr5	88317312	88328814	protein_coding	ENSMUSG00000064156	+	Prol1	1443
1444	Amtn	chr5	88376108	88385916	protein_coding	ENSMUSG00000029282	+	Amtn	1444
1445	Gm43431	chr5	88423215	88423554	processed_pseudogene	ENSMUSG00000106633	+	Gm43431	1445
1446	Ambn	chr5	88455991	88468531	protein_coding	ENSMUSG00000029288	+	Ambn	1446
1447	Enam	chr5	88487975	88506049	protein_coding	ENSMUSG00000029286	+	Enam	1447
1448	Jchain	chr5	88519809	88527891	protein_coding	ENSMUSG00000067149	-	Jchain	1448
1449	Utp3	chr5	88554462	88556090	protein_coding	ENSMUSG00000070697	+	Utp3	1449
1450	Rufy3	chr5	88565040	88651392	protein_coding	ENSMUSG00000029291	+	Rufy3	1450
1451	Grsf1	chr5	88659448	88676171	protein_coding	ENSMUSG00000044221	-	Grsf1	1451
1452	Mob1b	chr5	88720855	88764220	protein_coding	ENSMUSG00000006262	+	Mob1b	1452
1453	Gm15682	chr5	88739247	88739729	processed_pseudogene	ENSMUSG00000095524	-	Gm15682	1453
1454	Dck	chr5	88764996	88783281	protein_coding	ENSMUSG00000029366	+	Dck	1454
1455	Gm42912	chr5	88793896	88813470	lncRNA	ENSMUSG00000105640	+	Gm42912	1455
1456	Gm42911	chr5	88803594	88805223	processed_pseudogene	ENSMUSG00000106305	-	Gm42911	1456
1457	Mkrn1-ps1	chr5	88838010	88839399	processed_pseudogene	ENSMUSG00000082389	-	Mkrn1-ps1	1457
1458	Slc4a4	chr5	88886818	89239653	protein_coding	ENSMUSG00000060961	+	Slc4a4	1458
1459	Gc	chr5	89417522	89457898	protein_coding	ENSMUSG00000035540	-	Gc	1459
1460	Gm6366	chr5	89499152	89499977	processed_pseudogene	ENSMUSG00000106534	-	Gm6366	1460
1461	Gm43515	chr5	89522860	89525000	TEC	ENSMUSG00000104715	+	Gm43515	1461
1462	Npffr2	chr5	89527429	89583740	protein_coding	ENSMUSG00000035528	+	Npffr2	1462
1463	Adamts3	chr5	89677087	89883334	protein_coding	ENSMUSG00000043635	-	Adamts3	1463
1464	Gm25320	chr5	89681916	89682239	misc_RNA	ENSMUSG00000084500	+	Gm25320	1464
1465	Eif5al3-ps	chr5	90132229	90132675	processed_pseudogene	ENSMUSG00000043618	+	Eif5al3-ps	1465
1466	Cox18	chr5	90214724	90224001	protein_coding	ENSMUSG00000035505	-	Cox18	1466
1467	Ankrd17	chr5	90227166	90366577	protein_coding	ENSMUSG00000055204	-	Ankrd17	1467
1468	Gm9958	chr5	90366620	90368488	lncRNA	ENSMUSG00000054945	+	Gm9958	1468
1469	Gm43363	chr5	90397273	90399919	TEC	ENSMUSG00000106725	+	Gm43363	1469
1470	Alb	chr5	90460897	90476602	protein_coding	ENSMUSG00000029368	+	Alb	1470
1471	Afp	chr5	90490737	90508907	protein_coding	ENSMUSG00000054932	+	Afp	1471
1472	Gm43449	chr5	90499088	90515931	lncRNA	ENSMUSG00000106788	-	Gm43449	1472
1473	Afm	chr5	90518932	90553543	protein_coding	ENSMUSG00000029369	+	Afm	1473
1474	Gm42109	chr5	90553199	90589077	lncRNA	ENSMUSG00000106863	-	Gm42109	1474
1475	Gm2602	chr5	90558849	90559419	processed_pseudogene	ENSMUSG00000106705	+	Gm2602	1475
1476	Albfm1	chr5	90561107	90597871	protein_coding	ENSMUSG00000070690	+	Albfm1	1476
1477	Rassf6	chr5	90603076	90640657	protein_coding	ENSMUSG00000029370	-	Rassf6	1477
1478	Cxcl5	chr5	90759360	90761624	protein_coding	ENSMUSG00000029371	+	Cxcl5	1478
1479	Ppbp	chr5	90768518	90770063	protein_coding	ENSMUSG00000029372	+	Ppbp	1479
1480	Pf4	chr5	90772435	90773383	protein_coding	ENSMUSG00000029373	+	Pf4	1480
1481	Cxcl3	chr5	90786103	90789600	protein_coding	ENSMUSG00000029379	+	Cxcl3	1481
1482	Cxcl15	chr5	90794534	90803067	protein_coding	ENSMUSG00000029375	+	Cxcl15	1482
1483	Gm24322	chr5	90796186	90796255	miRNA	ENSMUSG00000093082	-	Gm24322	1483
1484	Gm43085	chr5	90803261	90806392	TEC	ENSMUSG00000106957	+	Gm43085	1484
1485	Gm43086	chr5	90832328	90835951	lncRNA	ENSMUSG00000107044	+	Gm43086	1485
1486	Cxcl1	chr5	90891241	90893115	protein_coding	ENSMUSG00000029380	+	Cxcl1	1486
1487	Gm22816	chr5	90893380	90893496	rRNA	ENSMUSG00000088075	+	Gm22816	1487
1488	Cxcl2	chr5	90903871	90905938	protein_coding	ENSMUSG00000058427	+	Cxcl2	1488
1489	Gm42530	chr5	90922732	90924902	lncRNA	ENSMUSG00000107218	+	Gm42530	1489
1490	Mthfd2l	chr5	90931117	91021368	protein_coding	ENSMUSG00000029376	+	Mthfd2l	1490
1491	Epgn	chr5	91027464	91035215	protein_coding	ENSMUSG00000035020	+	Epgn	1491
1492	Gm19610	chr5	91051871	91074773	lncRNA	ENSMUSG00000107350	-	Gm19610	1492
1493	Ereg	chr5	91074622	91093646	protein_coding	ENSMUSG00000029377	+	Ereg	1493
1494	Areg	chr5	91139599	91148432	protein_coding	ENSMUSG00000029378	+	Areg	1494
1495	Gm23092	chr5	91217898	91218004	snRNA	ENSMUSG00000094938	-	Gm23092	1495
1496	Gm19619	chr5	91257571	91283421	lncRNA	ENSMUSG00000107198	-	Gm19619	1496
1497	Btc	chr5	91357261	91402994	protein_coding	ENSMUSG00000082361	-	Btc	1497
1498	Parm1	chr5	91517615	91626894	protein_coding	ENSMUSG00000034981	+	Parm1	1498
1499	Trmt112-ps1	chr5	91737705	91738079	processed_pseudogene	ENSMUSG00000107261	-	Trmt112-ps1	1499
1500	Gm7832	chr5	91760696	91761575	processed_pseudogene	ENSMUSG00000106917	-	Gm7832	1500
1501	Gm28271	chr5	91763325	91767914	lncRNA	ENSMUSG00000099468	-	Gm28271	1501
1502	1700063O14Rik	chr5	91766242	91767300	lncRNA	ENSMUSG00000101978	-	1700063O14Rik	1502
1503	Gm19649	chr5	91786061	91786882	TEC	ENSMUSG00000106712	-	Gm19649	1503
1504	Gm43596	chr5	91788598	91789481	processed_pseudogene	ENSMUSG00000107337	+	Gm43596	1504
1505	Gm5558	chr5	91806579	91807073	processed_pseudogene	ENSMUSG00000096726	-	Gm5558	1505
1506	Gm43688	chr5	91911400	91913403	lncRNA	ENSMUSG00000107301	-	Gm43688	1506
1507	Rchy1	chr5	91948904	91963068	protein_coding	ENSMUSG00000029397	-	Rchy1	1507
1508	Gm43039	chr5	91958000	91958962	TEC	ENSMUSG00000107200	-	Gm43039	1508
1509	Thap6	chr5	91962389	91972066	transcribed_unitary_pseudogene	ENSMUSG00000102644	+	Thap6	1509
1510	Odaph	chr5	91987475	91995320	protein_coding	ENSMUSG00000096035	+	Odaph	1510
1511	Cdkl2	chr5	92006074	92043883	protein_coding	ENSMUSG00000029403	-	Cdkl2	1511
1512	G3bp2	chr5	92052146	92083719	protein_coding	ENSMUSG00000029405	-	G3bp2	1512
1513	Gm22728	chr5	92056064	92056192	scaRNA	ENSMUSG00000088712	-	Gm22728	1513
1514	Gm24931	chr5	92118177	92118283	rRNA	ENSMUSG00000088949	-	Gm24931	1514
1515	Uso1	chr5	92137938	92202798	protein_coding	ENSMUSG00000029407	+	Uso1	1515
1516	Gm15710	chr5	92140294	92140929	processed_pseudogene	ENSMUSG00000084111	-	Gm15710	1516
1517	Gm43040	chr5	92191360	92191917	TEC	ENSMUSG00000107354	-	Gm43040	1517
1518	Gm25290	chr5	92193322	92193465	snoRNA	ENSMUSG00000084745	+	Gm25290	1518
1519	U90926	chr5	92209893	92215408	lncRNA	ENSMUSG00000029409	-	U90926	1519
1520	Ppef2	chr5	92226679	92256278	protein_coding	ENSMUSG00000029410	-	Ppef2	1520
1521	Naaa	chr5	92257659	92278170	protein_coding	ENSMUSG00000029413	-	Naaa	1521
1522	Sdad1	chr5	92284010	92310479	protein_coding	ENSMUSG00000029415	-	Sdad1	1522
1523	Gm43599	chr5	92290052	92302760	lncRNA	ENSMUSG00000106698	+	Gm43599	1523
1524	Gm23031	chr5	92302174	92302292	snRNA	ENSMUSG00000088623	+	Gm23031	1524
1525	Cxcl9	chr5	92321347	92328079	protein_coding	ENSMUSG00000029417	-	Cxcl9	1525
1526	Art3	chr5	92331827	92414628	protein_coding	ENSMUSG00000034842	+	Art3	1526
1527	Cxcl10	chr5	92346638	92348889	protein_coding	ENSMUSG00000034855	-	Cxcl10	1527
1528	Cxcl11	chr5	92359544	92365485	polymorphic_pseudogene	ENSMUSG00000060183	-	Cxcl11	1528
1529	Gm2673	chr5	92363904	92365511	processed_pseudogene	ENSMUSG00000082068	+	Gm2673	1529
1530	Nup54	chr5	92415540	92435219	protein_coding	ENSMUSG00000034826	-	Nup54	1530
1531	Gm26039	chr5	92429785	92429928	scaRNA	ENSMUSG00000088777	+	Gm26039	1531
1532	Scarb2	chr5	92441314	92506833	protein_coding	ENSMUSG00000029426	-	Scarb2	1532
1533	Mir6415	chr5	92458557	92458656	miRNA	ENSMUSG00000099160	+	Mir6415	1533
1534	Fam47e	chr5	92555069	92591279	protein_coding	ENSMUSG00000057068	+	Fam47e	1534
1535	Stbd1	chr5	92603041	92606579	protein_coding	ENSMUSG00000047963	+	Stbd1	1535
1536	Ccdc158	chr5	92607954	92675271	protein_coding	ENSMUSG00000050050	-	Ccdc158	1536
1537	Shroom3	chr5	92683435	92965318	protein_coding	ENSMUSG00000029381	+	Shroom3	1537
1538	Gm20500	chr5	92736205	92737442	lncRNA	ENSMUSG00000092266	+	Gm20500	1538
1539	Mir1961	chr5	92788451	92788562	miRNA	ENSMUSG00000089268	-	Mir1961	1539
1540	Gm6450	chr5	93003831	93004404	processed_pseudogene	ENSMUSG00000106930	+	Gm6450	1540
1541	Gm25521	chr5	93013032	93013139	snRNA	ENSMUSG00000089018	-	Gm25521	1541
1542	Sowahb	chr5	93041123	93045022	protein_coding	ENSMUSG00000045314	-	Sowahb	1542
1543	Gm22915	chr5	93073861	93073996	snoRNA	ENSMUSG00000088240	+	Gm22915	1543
1544	Gm43172	chr5	93090994	93093130	TEC	ENSMUSG00000107374	+	Gm43172	1544
1545	Sept11	chr5	93093437	93176447	protein_coding	ENSMUSG00000058013	+	Sept11	1545
1546	Gm43682	chr5	93176970	93179059	TEC	ENSMUSG00000107019	+	Gm43682	1546
1547	Ccni	chr5	93181933	93206495	protein_coding	ENSMUSG00000063015	-	Ccni	1547
1548	Gm43681	chr5	93183856	93185758	TEC	ENSMUSG00000106870	-	Gm43681	1548
1549	Gm2986	chr5	93195798	93196179	processed_pseudogene	ENSMUSG00000083700	+	Gm2986	1549
1550	2010109A12Rik	chr5	93206518	93213475	protein_coding	ENSMUSG00000029384	+	2010109A12Rik	1550
1551	Ccng2	chr5	93267257	93276231	protein_coding	ENSMUSG00000029385	+	Ccng2	1551
1552	Kat2b-ps	chr5	93390602	93393091	processed_pseudogene	ENSMUSG00000053208	-	Kat2b-ps	1552
1553	Gm18118	chr5	93410762	93411860	unprocessed_pseudogene	ENSMUSG00000107356	+	Gm18118	1553
1554	Gm43224	chr5	93421672	93423396	unprocessed_pseudogene	ENSMUSG00000106699	+	Gm43224	1554
1555	Gm16427	chr5	93481829	93540200	protein_coding	ENSMUSG00000096044	-	Gm16427	1555
1556	C87414	chr5	93634993	93671551	protein_coding	ENSMUSG00000070686	-	C87414	1556
1557	Gm43225	chr5	93694994	93697721	unprocessed_pseudogene	ENSMUSG00000107346	-	Gm43225	1557
1558	Gm43226	chr5	93706474	93706732	processed_pseudogene	ENSMUSG00000106954	+	Gm43226	1558
1559	Gm7919	chr5	93738096	93740783	unprocessed_pseudogene	ENSMUSG00000107159	+	Gm7919	1559
1560	Gm43227	chr5	93770300	93771800	unprocessed_pseudogene	ENSMUSG00000107247	+	Gm43227	1560
1561	Gm7792	chr5	93843776	93856107	protein_coding	ENSMUSG00000107392	+	Gm7792	1561
1562	Gm6346	chr5	93936755	93939485	unprocessed_pseudogene	ENSMUSG00000106701	+	Gm6346	1562
1563	BC061212	chr5	94066151	94070545	protein_coding	ENSMUSG00000072822	-	BC061212	1563
1564	Gm6351	chr5	94076385	94080997	protein_coding	ENSMUSG00000072821	+	Gm6351	1564
1565	Gm3106	chr5	94218005	94222010	protein_coding	ENSMUSG00000096259	+	Gm3106	1565
1566	Gm6502	chr5	94314435	94317255	protein_coding	ENSMUSG00000095718	+	Gm6502	1566
1567	AA792892	chr5	94339749	94385079	protein_coding	ENSMUSG00000073497	+	AA792892	1567
1568	Gm3139	chr5	94526287	94546423	protein_coding	ENSMUSG00000095074	+	Gm3139	1568
1569	Gm6205	chr5	94648382	94686353	protein_coding	ENSMUSG00000092073	+	Gm6205	1569
1570	Gm42561	chr5	94733356	94736087	unprocessed_pseudogene	ENSMUSG00000107064	+	Gm42561	1570
1571	Gm3183	chr5	94865436	94885388	protein_coding	ENSMUSG00000095954	+	Gm3183	1571
1572	Gm6367	chr5	94988626	95026536	protein_coding	ENSMUSG00000096742	+	Gm6367	1572
1573	Gm16513	chr5	95182624	95195342	protein_coding	ENSMUSG00000095996	+	Gm16513	1573
1574	Gm10424	chr5	95268493	95272768	protein_coding	ENSMUSG00000096066	-	Gm10424	1574
1575	Gm6468	chr5	95280462	95283192	unprocessed_pseudogene	ENSMUSG00000107348	+	Gm6468	1575
1576	Gm3259	chr5	95305911	95343917	protein_coding	ENSMUSG00000079424	+	Gm3259	1576
1577	Gm32072	chr5	95381054	95383784	unprocessed_pseudogene	ENSMUSG00000107122	+	Gm32072	1577
1578	Gm7961	chr5	95417110	95419751	unprocessed_pseudogene	ENSMUSG00000106821	-	Gm7961	1578
1579	Gm42662	chr5	95425935	95428628	unprocessed_pseudogene	ENSMUSG00000107357	-	Gm42662	1579
1580	D5Ertd577e	chr5	95456806	95485587	protein_coding	ENSMUSG00000070677	+	D5Ertd577e	1580
1581	Gm3286	chr5	95510758	95522953	protein_coding	ENSMUSG00000079423	+	Gm3286	1581
1582	Gm7982	chr5	95742014	95746617	protein_coding	ENSMUSG00000072814	+	Gm7982	1582
1583	E330014E10Rik	chr5	95775990	95804708	protein_coding	ENSMUSG00000072813	+	E330014E10Rik	1583
1584	Gm42714	chr5	95834961	95837450	unprocessed_pseudogene	ENSMUSG00000106805	-	Gm42714	1584
1585	Gm5559	chr5	95861714	95862715	processed_pseudogene	ENSMUSG00000096617	+	Gm5559	1585
1586	Cxcl13	chr5	95956951	95961068	protein_coding	ENSMUSG00000023078	+	Cxcl13	1586
1587	Gm7993	chr5	95974240	95975623	processed_pseudogene	ENSMUSG00000107092	+	Gm7993	1587
1588	Cnot6l	chr5	96070333	96164171	protein_coding	ENSMUSG00000034724	-	Cnot6l	1588
1589	Gm2840	chr5	96173940	96174350	processed_pseudogene	ENSMUSG00000090468	+	Gm2840	1589
1590	Mrpl1	chr5	96209493	96266727	protein_coding	ENSMUSG00000029486	+	Mrpl1	1590
1591	Fras1	chr5	96373955	96784728	protein_coding	ENSMUSG00000034687	+	Fras1	1591
1592	Gm33050	chr5	96456389	96457743	lncRNA	ENSMUSG00000106263	-	Gm33050	1592
1593	Gm42605	chr5	96485766	96486150	TEC	ENSMUSG00000105446	+	Gm42605	1593
1594	Gm42604	chr5	96735547	96739364	lncRNA	ENSMUSG00000106526	-	Gm42604	1594
1595	Anxa3	chr5	96793339	96845966	protein_coding	ENSMUSG00000029484	+	Anxa3	1595
1596	Gm42603	chr5	96798207	96800352	TEC	ENSMUSG00000105356	+	Gm42603	1596
1597	1700016F12Rik	chr5	96849505	96852938	lncRNA	ENSMUSG00000104955	+	1700016F12Rik	1597
1598	Gm42601	chr5	96879342	96891172	lncRNA	ENSMUSG00000106319	+	Gm42601	1598
1599	Gm42602	chr5	96879518	96882741	TEC	ENSMUSG00000104698	+	Gm42602	1599
1600	Gm33370	chr5	96910341	96922175	lncRNA	ENSMUSG00000105283	-	Gm33370	1600
1601	Gm43147	chr5	96912700	96913241	TEC	ENSMUSG00000105871	-	Gm43147	1601
1602	Gm8013	chr5	96921272	96934867	lncRNA	ENSMUSG00000106357	+	Gm8013	1602
1603	Gm43148	chr5	96936813	96937332	TEC	ENSMUSG00000105377	+	Gm43148	1603
1604	Gm43144	chr5	96940297	96940781	TEC	ENSMUSG00000105257	+	Gm43144	1604
1605	Gm9484	chr5	96996206	96997364	lncRNA	ENSMUSG00000105006	-	Gm9484	1605
1606	Bmp2k	chr5	96997689	97091867	protein_coding	ENSMUSG00000034663	+	Bmp2k	1606
1607	Gm43145	chr5	97046181	97046808	TEC	ENSMUSG00000104591	+	Gm43145	1607
1608	Paqr3	chr5	97082329	97111596	protein_coding	ENSMUSG00000055725	-	Paqr3	1608
1609	Gm33609	chr5	97143026	97149848	lncRNA	ENSMUSG00000104736	+	Gm33609	1609
1610	Gm2861	chr5	97195586	97207964	lncRNA	ENSMUSG00000105850	+	Gm2861	1610
1611	Gm5560	chr5	97264828	97265719	processed_pseudogene	ENSMUSG00000067161	+	Gm5560	1611
1612	Gm33969	chr5	97325904	97348439	lncRNA	ENSMUSG00000104717	+	Gm33969	1612
1613	Naa11	chr5	97382198	97392379	protein_coding	ENSMUSG00000046000	-	Naa11	1613
1614	4930467D21Rik	chr5	97392417	97642179	lncRNA	ENSMUSG00000097516	+	4930467D21Rik	1614
1615	Gk2	chr5	97455142	97457021	protein_coding	ENSMUSG00000050553	-	Gk2	1615
1616	Antxr2	chr5	97882783	98031043	protein_coding	ENSMUSG00000029338	-	Antxr2	1616
1617	C430019N01Rik	chr5	97999384	98000950	TEC	ENSMUSG00000105801	-	C430019N01Rik	1617
1618	Gm42759	chr5	98031567	98034005	TEC	ENSMUSG00000106518	+	Gm42759	1618
1619	Gm42760	chr5	98056793	98057103	processed_pseudogene	ENSMUSG00000105117	+	Gm42760	1619
1620	Gm8041	chr5	98075303	98075918	processed_pseudogene	ENSMUSG00000105441	-	Gm8041	1620
1621	Gm8048	chr5	98153181	98154176	processed_pseudogene	ENSMUSG00000098073	+	Gm8048	1621
1622	Prdm8	chr5	98167198	98188991	protein_coding	ENSMUSG00000035456	+	Prdm8	1622
1623	A730035I17Rik	chr5	98183121	98185984	lncRNA	ENSMUSG00000045238	-	A730035I17Rik	1623
1624	Fgf5	chr5	98254184	98277030	protein_coding	ENSMUSG00000029337	+	Fgf5	1624
1625	Cfap299	chr5	98329304	98802047	protein_coding	ENSMUSG00000057816	+	Cfap299	1625
1626	E030032P16Rik	chr5	98346394	98349324	TEC	ENSMUSG00000104545	+	E030032P16Rik	1626
1627	Gm43767	chr5	98453747	98454127	processed_pseudogene	ENSMUSG00000106273	+	Gm43767	1627
1628	Mir703	chr5	98475556	98475664	miRNA	ENSMUSG00000105814	-	Mir703	1628
1629	Gm11111	chr5	98552695	98553744	protein_coding	ENSMUSG00000079416	+	Gm11111	1629
1630	1700010H22Rik	chr5	98553629	98567004	lncRNA	ENSMUSG00000067101	-	1700010H22Rik	1630
1631	Bmp3	chr5	98854415	98884396	protein_coding	ENSMUSG00000029335	+	Bmp3	1631
1632	Prkg2	chr5	98929773	99037351	protein_coding	ENSMUSG00000029334	-	Prkg2	1632
1633	Gm3470	chr5	99021803	99022222	processed_pseudogene	ENSMUSG00000089659	-	Gm3470	1633
1634	Gm43251	chr5	99039063	99171421	lncRNA	ENSMUSG00000105579	-	Gm43251	1634
1635	Rasgef1b	chr5	99217426	99729065	protein_coding	ENSMUSG00000089809	-	Rasgef1b	1635
1636	Gm35394	chr5	99274095	99279284	lncRNA	ENSMUSG00000105686	+	Gm35394	1636
1637	Gm35172	chr5	99508389	99511037	lncRNA	ENSMUSG00000104753	+	Gm35172	1637
1638	Gm16227	chr5	99509944	99510682	lncRNA	ENSMUSG00000090006	-	Gm16227	1638
1639	Gm16228	chr5	99610625	99611433	processed_pseudogene	ENSMUSG00000089627	-	Gm16228	1639
1640	4930405H06Rik	chr5	99625836	99627062	lncRNA	ENSMUSG00000090146	+	4930405H06Rik	1640
1641	Gm25969	chr5	99655701	99655832	snoRNA	ENSMUSG00000087791	+	Gm25969	1641
1642	Gm16226	chr5	99682410	99715774	lncRNA	ENSMUSG00000089743	+	Gm16226	1642
1643	4930522N08Rik	chr5	99682999	99685034	lncRNA	ENSMUSG00000029331	+	4930522N08Rik	1643
1644	Gm38413	chr5	99730854	99753973	lncRNA	ENSMUSG00000105218	-	Gm38413	1644
1645	Gm26252	chr5	99870248	99870323	snoRNA	ENSMUSG00000084445	+	Gm26252	1645
1646	Vamp9	chr5	99906254	99951092	protein_coding	ENSMUSG00000105078	+	Vamp9	1646
1647	Gm22838	chr5	99928283	99928381	snRNA	ENSMUSG00000089062	-	Gm22838	1647
1648	Hnrnpd	chr5	99955935	99978938	protein_coding	ENSMUSG00000000568	-	Hnrnpd	1648
1649	Gm17092	chr5	99977686	99980171	lncRNA	ENSMUSG00000091623	+	Gm17092	1649
1650	Hnrnpdl	chr5	100033577	100039664	protein_coding	ENSMUSG00000029328	-	Hnrnpdl	1650
1651	Enoph1	chr5	100039985	100068760	protein_coding	ENSMUSG00000029326	+	Enoph1	1651
1652	Gm26363	chr5	100056909	100056991	snoRNA	ENSMUSG00000089491	-	Gm26363	1652
1653	Tmem150c	chr5	100077872	100159808	protein_coding	ENSMUSG00000050640	-	Tmem150c	1653
1654	Tmem150cos	chr5	100077962	100095273	lncRNA	ENSMUSG00000086259	+	Tmem150cos	1654
1655	Gm9932	chr5	100196611	100200724	lncRNA	ENSMUSG00000103927	+	Gm9932	1655
1656	2310034O05Rik	chr5	100210692	100218049	lncRNA	ENSMUSG00000100157	+	2310034O05Rik	1656
1657	Gm8091	chr5	100220440	100355119	unprocessed_pseudogene	ENSMUSG00000085915	-	Gm8091	1657
1658	Sec31a	chr5	100361649	100416234	protein_coding	ENSMUSG00000035325	-	Sec31a	1658
1659	5430416N02Rik	chr5	100420842	100429535	lncRNA	ENSMUSG00000097772	-	5430416N02Rik	1659
1660	Gm27553	chr5	100421968	100422041	misc_RNA	ENSMUSG00000098355	+	Gm27553	1660
1661	Gm27997	chr5	100426736	100426804	misc_RNA	ENSMUSG00000098396	+	Gm27997	1661
1662	Gm28030	chr5	100429101	100429238	misc_RNA	ENSMUSG00000098711	+	Gm28030	1662
1663	Gm27286	chr5	100429329	100429507	misc_RNA	ENSMUSG00000098793	+	Gm27286	1663
1664	Gm42690	chr5	100429726	100431561	TEC	ENSMUSG00000106391	+	Gm42690	1664
1665	Lin54	chr5	100441918	100500639	protein_coding	ENSMUSG00000035310	-	Lin54	1665
1666	Gm23222	chr5	100500143	100500218	miRNA	ENSMUSG00000088742	-	Gm23222	1666
1667	Gm19620	chr5	100513187	100513620	processed_pseudogene	ENSMUSG00000105181	-	Gm19620	1667
1668	Gm23173	chr5	100517284	100517443	snRNA	ENSMUSG00000087786	-	Gm23173	1668
1669	Cops4	chr5	100518309	100547803	protein_coding	ENSMUSG00000035297	+	Cops4	1669
1670	Plac8	chr5	100553725	100572245	protein_coding	ENSMUSG00000029322	-	Plac8	1670
1671	Gm43510	chr5	100592404	100592756	processed_pseudogene	ENSMUSG00000104993	-	Gm43510	1671
1672	Coq2	chr5	100654723	100675140	protein_coding	ENSMUSG00000029319	-	Coq2	1672
1673	Gm15777	chr5	100670859	100678105	lncRNA	ENSMUSG00000085269	+	Gm15777	1673
1674	Hpse	chr5	100679484	100719716	protein_coding	ENSMUSG00000035273	-	Hpse	1674
1675	Helq	chr5	100762145	100798598	protein_coding	ENSMUSG00000035266	-	Helq	1675
1676	Mrps18c	chr5	100798627	100804471	protein_coding	ENSMUSG00000016833	+	Mrps18c	1676
1677	Gm43511	chr5	100798749	100801045	TEC	ENSMUSG00000104761	+	Gm43511	1677
1678	Abraxas1	chr5	100805192	100820965	protein_coding	ENSMUSG00000035234	-	Abraxas1	1678
1679	Gm43513	chr5	100814210	100815285	TEC	ENSMUSG00000105607	-	Gm43513	1679
1680	Gm43514	chr5	100820330	100820753	lncRNA	ENSMUSG00000105755	-	Gm43514	1680
1681	Gm26286	chr5	100831281	100831414	snoRNA	ENSMUSG00000077354	+	Gm26286	1681
1682	4930458D05Rik	chr5	100840797	100847167	lncRNA	ENSMUSG00000087611	-	4930458D05Rik	1682
1683	Gpat3	chr5	100845713	100899102	protein_coding	ENSMUSG00000029314	+	Gpat3	1683
1684	Gm42987	chr5	100884133	100886482	TEC	ENSMUSG00000106178	+	Gm42987	1684
1685	Gm36793	chr5	100910001	100913707	lncRNA	ENSMUSG00000106255	-	Gm36793	1685
1686	Cycs-ps2	chr5	101305578	101305869	processed_pseudogene	ENSMUSG00000105965	+	Cycs-ps2	1686
1687	Gm43103	chr5	101505528	101506329	processed_pseudogene	ENSMUSG00000106610	-	Gm43103	1687
1688	Gm20484	chr5	101599314	101602375	lncRNA	ENSMUSG00000092503	+	Gm20484	1688
1689	Nkx6-1	chr5	101658139	101664996	protein_coding	ENSMUSG00000035187	-	Nkx6-1	1689
1690	Gm42133	chr5	101698133	101704063	lncRNA	ENSMUSG00000105097	-	Gm42133	1690
1691	9430085M18Rik	chr5	101703586	101705850	lncRNA	ENSMUSG00000106164	+	9430085M18Rik	1691
1692	Cds1	chr5	101765130	101823858	protein_coding	ENSMUSG00000029330	+	Cds1	1692
1693	Gm43273	chr5	101783078	101785671	TEC	ENSMUSG00000104966	+	Gm43273	1693
1694	Gm43272	chr5	101810492	101812075	TEC	ENSMUSG00000105632	+	Gm43272	1694
1695	Wdfy3	chr5	101832956	102069921	protein_coding	ENSMUSG00000043940	-	Wdfy3	1695
1696	Gm20548	chr5	101837416	101846410	lncRNA	ENSMUSG00000092354	+	Gm20548	1696
1697	Gm42934	chr5	101956607	101957951	TEC	ENSMUSG00000106451	+	Gm42934	1697
1698	Gm43787	chr5	102057033	102058069	TEC	ENSMUSG00000105761	-	Gm43787	1698
1699	Gm29707	chr5	102070218	102071782	lncRNA	ENSMUSG00000106492	+	Gm29707	1699
1700	Gm17978	chr5	102159526	102160294	processed_pseudogene	ENSMUSG00000105088	+	Gm17978	1700
1701	Gm42933	chr5	102162291	102164359	processed_pseudogene	ENSMUSG00000106189	+	Gm42933	1701
1702	Gm42932	chr5	102416203	102416946	processed_pseudogene	ENSMUSG00000106295	+	Gm42932	1702
1703	1700013M08Rik	chr5	102474290	102483289	lncRNA	ENSMUSG00000106586	-	1700013M08Rik	1703
1704	Arhgap24	chr5	102481391	102897937	protein_coding	ENSMUSG00000057315	+	Arhgap24	1704
1705	Mapk10	chr5	102907948	103211334	protein_coding	ENSMUSG00000046709	-	Mapk10	1705
1706	Gm42522	chr5	102951818	102952072	processed_pseudogene	ENSMUSG00000105253	-	Gm42522	1706
1707	Gm43789	chr5	102983842	102986313	TEC	ENSMUSG00000105947	-	Gm43789	1707
1708	4930429D17Rik	chr5	103230375	103299029	lncRNA	ENSMUSG00000104956	-	4930429D17Rik	1708
1709	Gm18702	chr5	103273909	103274496	processed_pseudogene	ENSMUSG00000104688	+	Gm18702	1709
1710	Gm42619	chr5	103343972	103345107	TEC	ENSMUSG00000104808	+	Gm42619	1710
1711	1700021F02Rik	chr5	103346594	103348299	lncRNA	ENSMUSG00000105426	+	1700021F02Rik	1711
1712	5430427N15Rik	chr5	103354306	103356698	lncRNA	ENSMUSG00000104684	-	5430427N15Rik	1712
1713	Ptpn13	chr5	103425192	103598303	protein_coding	ENSMUSG00000034573	+	Ptpn13	1713
1714	Gm42620	chr5	103513445	103533021	lncRNA	ENSMUSG00000104580	-	Gm42620	1714
1715	Gm23085	chr5	103602587	103602879	misc_RNA	ENSMUSG00000088474	+	Gm23085	1715
1716	Slc10a6	chr5	103605711	103629403	protein_coding	ENSMUSG00000029321	-	Slc10a6	1716
1717	Gm15844	chr5	103624471	103625046	processed_pseudogene	ENSMUSG00000084126	+	Gm15844	1717
1718	Gm43546	chr5	103635225	103636167	TEC	ENSMUSG00000105018	+	Gm43546	1718
1719	1700016H13Rik	chr5	103648039	103656010	protein_coding	ENSMUSG00000029320	-	1700016H13Rik	1719
1720	Gm25721	chr5	103658237	103658407	snRNA	ENSMUSG00000088121	+	Gm25721	1720
1721	Aff1	chr5	103692374	103855322	protein_coding	ENSMUSG00000029313	+	Aff1	1721
1722	Klhl8	chr5	103861973	103911259	protein_coding	ENSMUSG00000029312	-	Klhl8	1722
1723	Gm43547	chr5	103879908	103880235	TEC	ENSMUSG00000105019	-	Gm43547	1723
1724	Gm24897	chr5	103898879	103898985	snRNA	ENSMUSG00000095133	+	Gm24897	1724
1725	Hsd17b13	chr5	103955440	103977410	protein_coding	ENSMUSG00000034528	-	Hsd17b13	1725
1726	Gm8200	chr5	103989370	103989591	processed_pseudogene	ENSMUSG00000082527	+	Gm8200	1726
1727	Hsd17b11	chr5	103989762	104021919	protein_coding	ENSMUSG00000029311	-	Hsd17b11	1727
1728	Gm43545	chr5	104044619	104047397	TEC	ENSMUSG00000106035	-	Gm43545	1728
1729	Nudt9	chr5	104046306	104065379	protein_coding	ENSMUSG00000029310	+	Nudt9	1729
1730	Mir5619	chr5	104048003	104048063	miRNA	ENSMUSG00000093690	+	Mir5619	1730
1731	Gm17660	chr5	104070064	104077608	protein_coding	ENSMUSG00000091034	-	Gm17660	1731
1732	Gm43333	chr5	104070064	104072325	TEC	ENSMUSG00000105261	-	Gm43333	1732
1733	Sparcl1	chr5	104079111	104113733	protein_coding	ENSMUSG00000029309	-	Sparcl1	1733
1734	Gm26703	chr5	104109217	104119687	lncRNA	ENSMUSG00000097877	+	Gm26703	1734
1735	Dspp	chr5	104170712	104180127	protein_coding	ENSMUSG00000053268	+	Dspp	1735
1736	Dmp1	chr5	104202613	104214102	protein_coding	ENSMUSG00000029307	+	Dmp1	1736
1737	Gm31048	chr5	104239313	104246702	lncRNA	ENSMUSG00000105615	-	Gm31048	1737
1738	Gm23616	chr5	104297188	104297297	miRNA	ENSMUSG00000094432	+	Gm23616	1738
1739	Ibsp	chr5	104299171	104311469	protein_coding	ENSMUSG00000029306	+	Ibsp	1739
1740	Mepe	chr5	104325329	104338611	protein_coding	ENSMUSG00000053863	+	Mepe	1740
1741	Spp1	chr5	104435118	104441050	protein_coding	ENSMUSG00000029304	+	Spp1	1741
1742	Gm42793	chr5	104435121	104436372	TEC	ENSMUSG00000105954	+	Gm42793	1742
1743	Pkd2	chr5	104459450	104505819	protein_coding	ENSMUSG00000034462	+	Pkd2	1743
1744	BC005561	chr5	104508352	104522611	protein_coding	ENSMUSG00000079065	+	BC005561	1744
1745	D930016D06Rik	chr5	104525735	104554207	lncRNA	ENSMUSG00000097392	+	D930016D06Rik	1745
1746	Gm8258	chr5	104775779	104777227	processed_pseudogene	ENSMUSG00000048334	+	Gm8258	1746
1747	Zfp951	chr5	104813169	104860070	protein_coding	ENSMUSG00000072774	-	Zfp951	1747
1748	Abcg3	chr5	104935057	104982718	protein_coding	ENSMUSG00000029299	-	Abcg3	1748
1749	Gm24097	chr5	104936651	104936757	snRNA	ENSMUSG00000096561	+	Gm24097	1749
1750	Gm43856	chr5	104971695	104972063	TEC	ENSMUSG00000105555	-	Gm43856	1750
1751	Gm43855	chr5	104987237	104987743	processed_pseudogene	ENSMUSG00000104899	-	Gm43855	1751
1752	Gm5870	chr5	104989050	104989331	processed_pseudogene	ENSMUSG00000106392	-	Gm5870	1752
1753	Gbp8	chr5	105014150	105139540	protein_coding	ENSMUSG00000034438	-	Gbp8	1753
1754	Gbp9	chr5	105077630	105139539	protein_coding	ENSMUSG00000029298	-	Gbp9	1754
1755	Gbp4	chr5	105115767	105139586	protein_coding	ENSMUSG00000079363	-	Gbp4	1755
1756	Gm43302	chr5	105214907	105293695	protein_coding	ENSMUSG00000079362	-	Gm43302	1756
1757	Gbp10	chr5	105215699	105239533	protein_coding	ENSMUSG00000105096	-	Gbp10	1757
1758	Gbp6	chr5	105270702	105293698	protein_coding	ENSMUSG00000104713	-	Gbp6	1758
1759	Gbp11	chr5	105323042	105346472	polymorphic_pseudogene	ENSMUSG00000092021	-	Gbp11	1759
1760	Gm26519	chr5	105401245	105406970	lncRNA	ENSMUSG00000097237	+	Gm26519	1760
1761	Gm32051	chr5	105409367	105415670	lncRNA	ENSMUSG00000106438	+	Gm32051	1761
1762	Lrrc8b	chr5	105415775	105490074	protein_coding	ENSMUSG00000070639	+	Lrrc8b	1762
1763	Gm42141	chr5	105495470	105497641	TEC	ENSMUSG00000105826	+	Gm42141	1763
1764	Lrrc8c	chr5	105519388	105613018	protein_coding	ENSMUSG00000054720	+	Lrrc8c	1764
1765	C230066G23Rik	chr5	105580440	105581772	lncRNA	ENSMUSG00000085771	+	C230066G23Rik	1765
1766	Lrrc8d	chr5	105699969	105832436	protein_coding	ENSMUSG00000046079	+	Lrrc8d	1766
1767	Rps15a-ps5	chr5	105797321	105797713	processed_pseudogene	ENSMUSG00000067058	-	Rps15a-ps5	1767
1768	Lrrc8dos	chr5	105814773	105818988	lncRNA	ENSMUSG00000084878	-	Lrrc8dos	1768
1769	Gm10359	chr5	105862701	105863702	processed_pseudogene	ENSMUSG00000094708	-	Gm10359	1769
1770	Gm43818	chr5	105866361	105866826	processed_pseudogene	ENSMUSG00000105074	+	Gm43818	1770
1771	Zfp326	chr5	105876565	105915818	protein_coding	ENSMUSG00000029290	+	Zfp326	1771
1772	Gm43817	chr5	105879583	105881844	TEC	ENSMUSG00000105341	+	Gm43817	1772
1773	Gm19566	chr5	105980573	105981182	processed_pseudogene	ENSMUSG00000105129	-	Gm19566	1773
1774	Gm25672	chr5	106072327	106072433	snRNA	ENSMUSG00000095052	-	Gm25672	1774
1775	Gm32736	chr5	106095091	106103547	lncRNA	ENSMUSG00000106483	+	Gm32736	1775
1776	Gm5987	chr5	106215651	106216801	processed_pseudogene	ENSMUSG00000105600	+	Gm5987	1776
1777	Gm38433	chr5	106272210	106273065	processed_pseudogene	ENSMUSG00000106669	+	Gm38433	1777
1778	Gm32921	chr5	106321340	106323217	lncRNA	ENSMUSG00000105508	+	Gm32921	1778
1779	4930458A03Rik	chr5	106351535	106364234	lncRNA	ENSMUSG00000105531	+	4930458A03Rik	1779
1780	Gm42915	chr5	106355362	106355684	processed_pseudogene	ENSMUSG00000104604	-	Gm42915	1780
1781	4930432H08Rik	chr5	106364561	106366849	lncRNA	ENSMUSG00000106594	-	4930432H08Rik	1781
1782	Gm42916	chr5	106369012	106370818	lncRNA	ENSMUSG00000105618	+	Gm42916	1782
1783	Barhl2	chr5	106452523	106458166	protein_coding	ENSMUSG00000034384	-	Barhl2	1783
1784	Gm26872	chr5	106465800	106471007	lncRNA	ENSMUSG00000097018	-	Gm26872	1784
1785	Gm28050	chr5	106500894	106574718	lncRNA	ENSMUSG00000099061	-	Gm28050	1785
1786	Gm28039	chr5	106557946	106696571	lncRNA	ENSMUSG00000098302	-	Gm28039	1786
1787	Gm29464	chr5	106574875	106575387	lncRNA	ENSMUSG00000101237	+	Gm29464	1787
1788	Gm17304	chr5	106609098	106609201	protein_coding	ENSMUSG00000091096	+	Gm17304	1788
1789	Gm17937	chr5	106610292	106611033	processed_pseudogene	ENSMUSG00000106142	+	Gm17937	1789
1790	Zfp644	chr5	106616739	106697287	protein_coding	ENSMUSG00000049606	-	Zfp644	1790
1791	Gm43421	chr5	106652809	106655713	TEC	ENSMUSG00000104706	-	Gm43421	1791
1792	Gm24191	chr5	106669999	106670120	snRNA	ENSMUSG00000088602	+	Gm24191	1792
1793	Gm8365	chr5	106738117	106738764	processed_pseudogene	ENSMUSG00000106301	-	Gm8365	1793
1794	Hfm1	chr5	106840192	106926321	protein_coding	ENSMUSG00000043410	-	Hfm1	1794
1795	Gm27527	chr5	106879600	106879698	miRNA	ENSMUSG00000098703	-	Gm27527	1795
1796	Olfr719-ps	chr5	106906729	106906980	unprocessed_pseudogene	ENSMUSG00000067047	+	Olfr719-ps	1796
1797	Cdc7	chr5	106964322	106984432	protein_coding	ENSMUSG00000029283	+	Cdc7	1797
1798	Gm33474	chr5	107048836	107056042	lncRNA	ENSMUSG00000106554	+	Gm33474	1798
1799	Tgfbr3	chr5	107106570	107289629	protein_coding	ENSMUSG00000029287	-	Tgfbr3	1799
1800	Gm43422	chr5	107132118	107135688	TEC	ENSMUSG00000106643	-	Gm43422	1800
1801	Gm43423	chr5	107158478	107160571	TEC	ENSMUSG00000105033	-	Gm43423	1801
1802	Gm8145	chr5	107241623	107242367	processed_pseudogene	ENSMUSG00000084218	+	Gm8145	1802
1803	Gm42900	chr5	107254338	107256504	TEC	ENSMUSG00000106671	-	Gm42900	1803
1804	Gm22557	chr5	107302946	107303047	snRNA	ENSMUSG00000088429	+	Gm22557	1804
1805	Brdt	chr5	107331159	107387058	protein_coding	ENSMUSG00000029279	+	Brdt	1805
1806	Gm8152	chr5	107381381	107382017	processed_pseudogene	ENSMUSG00000081798	-	Gm8152	1806
1807	Gm42902	chr5	107392731	107403480	lncRNA	ENSMUSG00000106396	-	Gm42902	1807
1808	n-R5s173	chr5	107401319	107401437	rRNA	ENSMUSG00000064554	+	n-R5s173	1808
1809	Ephx4	chr5	107402736	107430035	protein_coding	ENSMUSG00000033805	+	Ephx4	1809
1810	Gm17202	chr5	107404823	107431910	lncRNA	ENSMUSG00000090558	-	Gm17202	1810
1811	Lpcat2b	chr5	107431549	107435039	protein_coding	ENSMUSG00000033794	+	Lpcat2b	1811
1812	Btbd8	chr5	107437997	107511207	protein_coding	ENSMUSG00000111375	+	Btbd8	1812
1813	Gm9727	chr5	107478526	107479080	processed_pseudogene	ENSMUSG00000089628	-	Gm9727	1813
1814	Gm42669	chr5	107507621	107580596	protein_coding	ENSMUSG00000106631	+	Gm42669	1814
1815	1700028K03Rik	chr5	107534709	107551542	protein_coding	ENSMUSG00000089798	+	1700028K03Rik	1815
1816	Glmn	chr5	107548967	107597888	protein_coding	ENSMUSG00000029276	-	Glmn	1816
1817	Rpap2	chr5	107597373	107661838	protein_coding	ENSMUSG00000033773	+	Rpap2	1817
1818	A930041C12Rik	chr5	107630250	107633850	lncRNA	ENSMUSG00000085900	-	A930041C12Rik	1818
1819	Gm26692	chr5	107659461	107688010	lncRNA	ENSMUSG00000097035	-	Gm26692	1819
1820	5830411K02Rik	chr5	107688171	107689167	TEC	ENSMUSG00000105421	+	5830411K02Rik	1820
1821	4930428O21Rik	chr5	107698212	107703480	lncRNA	ENSMUSG00000106333	-	4930428O21Rik	1821
1822	Gfi1	chr5	107716657	107726036	protein_coding	ENSMUSG00000029275	-	Gfi1	1822
1823	A430072P03Rik	chr5	107725157	107728801	lncRNA	ENSMUSG00000090030	+	A430072P03Rik	1823
1824	Evi5	chr5	107744795	107875107	protein_coding	ENSMUSG00000011831	-	Evi5	1824
1825	Gm43593	chr5	107806362	107807707	TEC	ENSMUSG00000106288	-	Gm43593	1825
1826	Ube2d2b	chr5	107830099	107831776	protein_coding	ENSMUSG00000063447	+	Ube2d2b	1826
1827	Gm16007	chr5	107844390	107844675	processed_pseudogene	ENSMUSG00000083609	+	Gm16007	1827
1828	Gm43592	chr5	107868474	107869638	TEC	ENSMUSG00000104748	+	Gm43592	1828
1829	Rpl5	chr5	107900502	107909005	protein_coding	ENSMUSG00000058558	+	Rpl5	1829
1830	Snord21	chr5	107904555	107904648	snoRNA	ENSMUSG00000064453	+	Snord21	1830
1831	Gm22270	chr5	107905177	107905308	snoRNA	ENSMUSG00000077222	+	Gm22270	1831
1832	Gm26387	chr5	107907345	107907476	snoRNA	ENSMUSG00000077426	+	Gm26387	1832
1833	Dipk1a	chr5	107908053	107987085	protein_coding	ENSMUSG00000029270	-	Dipk1a	1833
1834	Gm9850	chr5	108002260	108002486	processed_pseudogene	ENSMUSG00000084855	+	Gm9850	1834
1835	Rps19-ps8	chr5	108055495	108055916	processed_pseudogene	ENSMUSG00000096920	-	Rps19-ps8	1835
1836	Mtf2	chr5	108065674	108109004	protein_coding	ENSMUSG00000029267	+	Mtf2	1836
1837	Tmed5	chr5	108106366	108132620	protein_coding	ENSMUSG00000063406	-	Tmed5	1837
1838	Ccdc18	chr5	108132875	108233628	protein_coding	ENSMUSG00000056531	+	Ccdc18	1838
1839	Gm7118	chr5	108145226	108146907	processed_pseudogene	ENSMUSG00000105554	-	Gm7118	1839
1840	Gm8190	chr5	108154245	108154830	processed_pseudogene	ENSMUSG00000105188	-	Gm8190	1840
1841	Gm43083	chr5	108210959	108211434	processed_pseudogene	ENSMUSG00000105591	-	Gm43083	1841
1842	Dr1	chr5	108268897	108280526	protein_coding	ENSMUSG00000029265	+	Dr1	1842
1843	Gm43081	chr5	108311370	108312749	TEC	ENSMUSG00000106103	-	Gm43081	1843
1844	Pigg	chr5	108312609	108349355	protein_coding	ENSMUSG00000029263	+	Pigg	1844
1845	9330198I05Rik	chr5	108360187	108363885	lncRNA	ENSMUSG00000104904	+	9330198I05Rik	1845
1846	Gm42518	chr5	108364037	108364974	lncRNA	ENSMUSG00000106304	-	Gm42518	1846
1847	Gm42517	chr5	108366073	108367922	protein_coding	ENSMUSG00000105867	-	Gm42517	1847
1848	Gm10419	chr5	108367769	108378239	lncRNA	ENSMUSG00000072769	+	Gm10419	1848
1849	Pde6b	chr5	108388391	108432397	protein_coding	ENSMUSG00000029491	+	Pde6b	1849
1850	Atp5k	chr5	108433244	108434448	protein_coding	ENSMUSG00000050856	-	Atp5k	1850
1851	AC158912.1	chr5	108434470	108441598	transcribed_unitary_pseudogene	ENSMUSG00000118523	+	AC158912.1	1851
1852	Mfsd7a	chr5	108441054	108449100	protein_coding	ENSMUSG00000029490	-	Mfsd7a	1852
1853	Pcgf3	chr5	108461232	108506976	protein_coding	ENSMUSG00000033623	+	Pcgf3	1853
1854	Gm10086	chr5	108517179	108517532	processed_pseudogene	ENSMUSG00000060730	+	Gm10086	1854
1855	Cplx1	chr5	108518554	108550024	protein_coding	ENSMUSG00000033615	-	Cplx1	1855
1856	Gm43364	chr5	108550081	108553354	TEC	ENSMUSG00000105590	-	Gm43364	1856
1857	Gak	chr5	108569411	108629755	protein_coding	ENSMUSG00000062234	-	Gak	1857
1858	Gm43365	chr5	108598521	108600626	TEC	ENSMUSG00000105084	-	Gm43365	1858
1859	Tmem175	chr5	108629770	108648782	protein_coding	ENSMUSG00000013495	+	Tmem175	1859
1860	Dgkq	chr5	108646693	108669672	protein_coding	ENSMUSG00000004815	-	Dgkq	1860
1861	Idua	chr5	108660331	108684557	protein_coding	ENSMUSG00000033540	+	Idua	1861
1862	Slc26a1	chr5	108669878	108675569	protein_coding	ENSMUSG00000046959	-	Slc26a1	1862
1863	Fgfrl1	chr5	108692382	108706924	protein_coding	ENSMUSG00000008090	+	Fgfrl1	1863
1864	Rnf212	chr5	108729290	108774982	protein_coding	ENSMUSG00000055385	-	Rnf212	1864
1865	1700047L14Rik	chr5	108763842	108768914	lncRNA	ENSMUSG00000101762	+	1700047L14Rik	1865
1866	Tmed11	chr5	108777235	108795363	protein_coding	ENSMUSG00000004821	-	Tmed11	1866
1867	Vmn2r8	chr5	108791843	108808850	protein_coding	ENSMUSG00000090961	-	Vmn2r8	1867
1868	Gm18594	chr5	108821721	108823123	processed_pseudogene	ENSMUSG00000093756	+	Gm18594	1868
1869	Vmn2r9	chr5	108835273	108852601	protein_coding	ENSMUSG00000091624	-	Vmn2r9	1869
1870	Gm20629	chr5	108849781	108949255	lncRNA	ENSMUSG00000093479	+	Gm20629	1870
1871	Gm10417	chr5	108864833	108868354	TEC	ENSMUSG00000103580	+	Gm10417	1871
1872	Vmn2r-ps21	chr5	108872655	108892380	unprocessed_pseudogene	ENSMUSG00000093510	-	Vmn2r-ps21	1872
1873	Gm42627	chr5	108903226	108903449	processed_pseudogene	ENSMUSG00000105808	+	Gm42627	1873
1874	Gm18595	chr5	108972797	108975895	processed_pseudogene	ENSMUSG00000093725	+	Gm18595	1874
1875	Vmn2r10	chr5	108990063	109006527	protein_coding	ENSMUSG00000067010	-	Vmn2r10	1875
1876	Gm5871	chr5	109016198	109016915	processed_pseudogene	ENSMUSG00000093545	-	Gm5871	1876
1877	Vmn2r11	chr5	109043360	109059569	protein_coding	ENSMUSG00000091450	-	Vmn2r11	1877
1878	Vmn2r12	chr5	109083824	109097950	protein_coding	ENSMUSG00000090688	-	Vmn2r12	1878
1879	Vmn2r13	chr5	109152940	109192199	protein_coding	ENSMUSG00000091635	-	Vmn2r13	1879
1880	Vmn2r14	chr5	109211534	109224708	protein_coding	ENSMUSG00000091059	-	Vmn2r14	1880
1881	Gm8473	chr5	109236544	109238428	processed_pseudogene	ENSMUSG00000093543	+	Gm8473	1881
1882	Vmn2r15	chr5	109285670	109297644	protein_coding	ENSMUSG00000091375	-	Vmn2r15	1882
1883	Vmn2r16	chr5	109330162	109370247	protein_coding	ENSMUSG00000092080	+	Vmn2r16	1883
1884	Gm7171	chr5	109396330	109402092	translated_unprocessed_pseudogene	ENSMUSG00000093663	+	Gm7171	1884
1885	Vmn2r17	chr5	109419688	109458459	protein_coding	ENSMUSG00000091879	+	Vmn2r17	1885
1886	Gm18555	chr5	109473396	109473979	processed_pseudogene	ENSMUSG00000105303	+	Gm18555	1886
1887	Gm8488	chr5	109527460	109529470	processed_pseudogene	ENSMUSG00000093688	-	Gm8488	1887
1888	Gm8493	chr5	109551892	109554156	unprocessed_pseudogene	ENSMUSG00000106028	-	Gm8493	1888
1889	Crlf2	chr5	109554709	109558993	protein_coding	ENSMUSG00000033467	-	Crlf2	1889
1890	Vmn2r-ps23	chr5	109578019	109578589	processed_pseudogene	ENSMUSG00000094409	-	Vmn2r-ps23	1890
1891	Gm28000	chr5	109599079	109599163	misc_RNA	ENSMUSG00000098393	+	Gm28000	1891
1892	5430403G16Rik	chr5	109674545	109691041	protein_coding	ENSMUSG00000072763	-	5430403G16Rik	1892
1893	4930522L14Rik	chr5	109735990	109751886	protein_coding	ENSMUSG00000072762	-	4930522L14Rik	1893
1894	Gm8508	chr5	109757525	109757887	processed_pseudogene	ENSMUSG00000049477	-	Gm8508	1894
1895	A430073D23Rik	chr5	109769407	109796298	lncRNA	ENSMUSG00000105471	-	A430073D23Rik	1895
1896	Gm10416	chr5	109833501	109834145	TEC	ENSMUSG00000105044	-	Gm10416	1896
1897	Gm26779	chr5	109886231	109891137	lncRNA	ENSMUSG00000097140	+	Gm26779	1897
1898	Gm15446	chr5	109923400	109943936	protein_coding	ENSMUSG00000090015	+	Gm15446	1898
1899	1010001B22Rik	chr5	109995511	109996398	lncRNA	ENSMUSG00000097863	-	1010001B22Rik	1899
1900	Zfp932	chr5	109996521	110010411	protein_coding	ENSMUSG00000066613	+	Zfp932	1900
1901	Gm17655	chr5	110046139	110072513	protein_coding	ENSMUSG00000090963	-	Gm17655	1901
1902	Gm35315	chr5	110076136	110094420	protein_coding	ENSMUSG00000109771	-	Gm35315	1902
1903	Plcxd1	chr5	110099969	110105953	protein_coding	ENSMUSG00000064247	+	Plcxd1	1903
1904	Gtpbp6	chr5	110103975	110108197	protein_coding	ENSMUSG00000033434	-	Gtpbp6	1904
1905	Zfp605	chr5	110110092	110129794	protein_coding	ENSMUSG00000023284	+	Zfp605	1905
1906	Gm15484	chr5	110118022	110118849	processed_pseudogene	ENSMUSG00000081865	-	Gm15484	1906
1907	Chfr	chr5	110135842	110171972	protein_coding	ENSMUSG00000014668	+	Chfr	1907
1908	Gm43136	chr5	110153487	110154122	lncRNA	ENSMUSG00000105541	-	Gm43136	1908
1909	Gm15787	chr5	110154400	110176504	lncRNA	ENSMUSG00000086247	-	Gm15787	1909
1910	Golga3	chr5	110176701	110226470	protein_coding	ENSMUSG00000029502	+	Golga3	1910
1911	Gm43138	chr5	110206580	110207287	lncRNA	ENSMUSG00000104720	+	Gm43138	1911
1912	Gm43137	chr5	110230608	110231201	lncRNA	ENSMUSG00000104970	-	Gm43137	1912
1913	Ankle2	chr5	110231004	110256651	protein_coding	ENSMUSG00000029501	+	Ankle2	1913
1914	Pgam5	chr5	110259130	110269913	protein_coding	ENSMUSG00000029500	-	Pgam5	1914
1915	Gm15788	chr5	110262161	110277267	lncRNA	ENSMUSG00000087439	+	Gm15788	1915
1916	Pxmp2	chr5	110274282	110286186	protein_coding	ENSMUSG00000029499	-	Pxmp2	1916
1917	Pole	chr5	110286306	110337474	protein_coding	ENSMUSG00000007080	+	Pole	1917
1918	Gm26277	chr5	110328032	110328183	snoRNA	ENSMUSG00000087722	+	Gm26277	1918
1919	Gm15791	chr5	110328204	110328522	processed_pseudogene	ENSMUSG00000081256	+	Gm15791	1919
1920	Gm15792	chr5	110331206	110333203	lncRNA	ENSMUSG00000085606	-	Gm15792	1920
1921	P2rx2	chr5	110339812	110343212	protein_coding	ENSMUSG00000029503	-	P2rx2	1921
1922	Lrcol1	chr5	110344730	110356094	protein_coding	ENSMUSG00000072754	+	Lrcol1	1922
1923	Fbrsl1	chr5	110361754	110448602	protein_coding	ENSMUSG00000043323	-	Fbrsl1	1923
1924	Gm42596	chr5	110447989	110449946	lncRNA	ENSMUSG00000105482	+	Gm42596	1924
1925	Gm32996	chr5	110480755	110482201	processed_pseudogene	ENSMUSG00000105603	-	Gm32996	1925
1926	A630023P12Rik	chr5	110514923	110525980	lncRNA	ENSMUSG00000048215	+	A630023P12Rik	1926
1927	Galnt9	chr5	110544355	110621380	protein_coding	ENSMUSG00000033316	+	Galnt9	1927
1928	Noc4l	chr5	110648418	110653417	protein_coding	ENSMUSG00000033294	-	Noc4l	1928
1929	Ddx51	chr5	110653451	110660496	protein_coding	ENSMUSG00000029504	+	Ddx51	1929
1930	Gm42595	chr5	110661392	110662998	lncRNA	ENSMUSG00000105161	+	Gm42595	1930
1931	Ep400	chr5	110664373	110770717	protein_coding	ENSMUSG00000029505	-	Ep400	1931
1932	Mir7026	chr5	110666075	110666141	miRNA	ENSMUSG00000099284	-	Mir7026	1932
1933	Gm22716	chr5	110677124	110677230	snRNA	ENSMUSG00000095178	-	Gm22716	1933
1934	Gm22583	chr5	110757085	110757191	snRNA	ENSMUSG00000096238	+	Gm22583	1934
1935	Gm15559	chr5	110770949	110779260	lncRNA	ENSMUSG00000086401	+	Gm15559	1935
1936	Pus1	chr5	110773667	110780659	protein_coding	ENSMUSG00000029507	-	Pus1	1936
1937	Ulk1	chr5	110784488	110810097	protein_coding	ENSMUSG00000029512	-	Ulk1	1937
1938	Hscb	chr5	110829070	110839777	protein_coding	ENSMUSG00000043510	-	Hscb	1938
1939	Chek2	chr5	110839979	110874145	protein_coding	ENSMUSG00000029521	+	Chek2	1939
1940	Gm42779	chr5	110876603	110877273	processed_pseudogene	ENSMUSG00000104602	+	Gm42779	1940
1941	Ttc28	chr5	110879803	111289780	protein_coding	ENSMUSG00000033209	+	Ttc28	1941
1942	Gm15989	chr5	110905244	110905741	processed_pseudogene	ENSMUSG00000081104	+	Gm15989	1942
1943	Gm42778	chr5	110978665	110979217	TEC	ENSMUSG00000105112	+	Gm42778	1943
1944	Gm15988	chr5	111008480	111008846	processed_pseudogene	ENSMUSG00000083771	-	Gm15988	1944
1945	Gm42780	chr5	111028552	111029285	TEC	ENSMUSG00000105890	+	Gm42780	1945
1946	Gm43677	chr5	111158311	111160688	TEC	ENSMUSG00000106153	+	Gm43677	1946
1947	Gm43676	chr5	111197140	111197679	TEC	ENSMUSG00000105027	+	Gm43676	1947
1948	Gm27680	chr5	111330473	111330632	misc_RNA	ENSMUSG00000099219	-	Gm27680	1948
1949	Pitpnb	chr5	111330763	111388359	protein_coding	ENSMUSG00000050017	+	Pitpnb	1949
1950	Gm43118	chr5	111387515	111388289	lncRNA	ENSMUSG00000104559	-	Gm43118	1950
1951	Mn1	chr5	111417362	111457033	protein_coding	ENSMUSG00000070576	+	Mn1	1951
1952	Gm43119	chr5	111423589	111425710	TEC	ENSMUSG00000106560	+	Gm43119	1952
1953	C130026L21Rik	chr5	111581422	111604932	lncRNA	ENSMUSG00000052848	+	C130026L21Rik	1953
1954	Gm42489	chr5	111593616	111594284	lncRNA	ENSMUSG00000104833	+	Gm42489	1954
1955	Gm26897	chr5	111733924	111734574	protein_coding	ENSMUSG00000096949	+	Gm26897	1955
1956	E130006D01Rik	chr5	111734284	111761725	lncRNA	ENSMUSG00000085271	-	E130006D01Rik	1956
1957	Gm16019	chr5	111742849	111748176	lncRNA	ENSMUSG00000085919	+	Gm16019	1957
1958	Gm36535	chr5	111791555	111805689	lncRNA	ENSMUSG00000105376	+	Gm36535	1958
1959	Gm42488	chr5	111939804	111944235	lncRNA	ENSMUSG00000106060	-	Gm42488	1959
1960	1700016B01Rik	chr5	112156237	112165244	lncRNA	ENSMUSG00000104538	+	1700016B01Rik	1960
1961	1700028D13Rik	chr5	112206763	112210004	lncRNA	ENSMUSG00000101683	+	1700028D13Rik	1961
1962	Miat	chr5	112213228	112229395	lncRNA	ENSMUSG00000097767	-	Miat	1962
1963	Gm26953	chr5	112215461	112233720	lncRNA	ENSMUSG00000097986	+	Gm26953	1963
1964	Gm27998	chr5	112215507	112215867	misc_RNA	ENSMUSG00000098395	-	Gm27998	1964
1965	Gm27882	chr5	112216740	112216813	misc_RNA	ENSMUSG00000099235	-	Gm27882	1965
1966	Gm27627	chr5	112217318	112217467	misc_RNA	ENSMUSG00000098599	-	Gm27627	1966
1967	Gm27357	chr5	112228608	112228742	misc_RNA	ENSMUSG00000099010	-	Gm27357	1967
1968	Cryba4	chr5	112246493	112252518	protein_coding	ENSMUSG00000066975	-	Cryba4	1968
1969	Crybb1	chr5	112255815	112269585	protein_coding	ENSMUSG00000029343	+	Crybb1	1969
1970	Tpst2	chr5	112276691	112315361	protein_coding	ENSMUSG00000029344	+	Tpst2	1970
1971	Tfip11	chr5	112326358	112338073	protein_coding	ENSMUSG00000029345	+	Tfip11	1971
1972	Srrd	chr5	112337392	112343040	protein_coding	ENSMUSG00000029346	-	Srrd	1972
1973	Hps4	chr5	112343083	112378414	protein_coding	ENSMUSG00000042328	+	Hps4	1973
1974	Gm6583	chr5	112353801	112356033	protein_coding	ENSMUSG00000051503	-	Gm6583	1974
1975	Gm43759	chr5	112367212	112368472	TEC	ENSMUSG00000105368	+	Gm43759	1975
1976	Gm43758	chr5	112372585	112372951	TEC	ENSMUSG00000104885	-	Gm43758	1976
1977	Gm20636	chr5	112374369	112377639	lncRNA	ENSMUSG00000093637	-	Gm20636	1977
1978	Asphd2	chr5	112384354	112394866	protein_coding	ENSMUSG00000029348	-	Asphd2	1978
1979	Sez6l	chr5	112419151	112577185	protein_coding	ENSMUSG00000058153	-	Sez6l	1979
1980	Gm6588	chr5	112449426	112451738	protein_coding	ENSMUSG00000072722	+	Gm6588	1980
1981	Gm27004	chr5	112582645	112583371	lncRNA	ENSMUSG00000098027	+	Gm27004	1981
1982	1700034G24Rik	chr5	112582936	112589996	lncRNA	ENSMUSG00000097962	-	1700034G24Rik	1982
1983	4933415J04Rik	chr5	112640335	112641635	TEC	ENSMUSG00000105735	+	4933415J04Rik	1983
1984	Gm42864	chr5	112649367	112652112	lncRNA	ENSMUSG00000105152	+	Gm42864	1984
1985	Gm42865	chr5	112675375	112680587	lncRNA	ENSMUSG00000104807	+	Gm42865	1985
1986	Myo18b	chr5	112688876	112896362	protein_coding	ENSMUSG00000072720	-	Myo18b	1986
1987	1700095B10Rik	chr5	112793292	112801701	lncRNA	ENSMUSG00000098230	+	1700095B10Rik	1987
1988	Grk3	chr5	112910482	113015791	protein_coding	ENSMUSG00000042249	-	Grk3	1988
1989	Gm22740	chr5	113044144	113044252	snRNA	ENSMUSG00000065373	+	Gm22740	1989
1990	Crybb2	chr5	113058258	113070117	protein_coding	ENSMUSG00000042240	-	Crybb2	1990
1991	Gm43247	chr5	113060513	113060993	processed_pseudogene	ENSMUSG00000105406	+	Gm43247	1991
1992	Crybb3	chr5	113075839	113081584	protein_coding	ENSMUSG00000029352	-	Crybb3	1992
1993	2900026A02Rik	chr5	113086323	113221236	protein_coding	ENSMUSG00000051339	-	2900026A02Rik	1993
1994	Gm43246	chr5	113100516	113101079	TEC	ENSMUSG00000106541	+	Gm43246	1994
1995	F830115B05Rik	chr5	113117571	113119464	TEC	ENSMUSG00000104576	-	F830115B05Rik	1995
1996	4930557B06Rik	chr5	113142449	113142829	TEC	ENSMUSG00000106191	+	4930557B06Rik	1996
1997	Gm42161	chr5	113145328	113154368	lncRNA	ENSMUSG00000106659	+	Gm42161	1997
1998	Gm43094	chr5	113165314	113166234	TEC	ENSMUSG00000106206	-	Gm43094	1998
1999	Tmem211	chr5	113226909	113239263	protein_coding	ENSMUSG00000066964	+	Tmem211	1999
2000	Sgsm1	chr5	113243220	113310786	protein_coding	ENSMUSG00000042216	-	Sgsm1	2000
2001	4930405N21Rik	chr5	113320454	113321653	TEC	ENSMUSG00000104705	-	4930405N21Rik	2001
2002	Gm43353	chr5	113324186	113325480	TEC	ENSMUSG00000105174	+	Gm43353	2002
2003	Mir7230	chr5	113337590	113337645	miRNA	ENSMUSG00000104840	-	Mir7230	2003
2004	Aym1	chr5	113357294	113357821	protein_coding	ENSMUSG00000053873	+	Aym1	2004
2005	Wscd2	chr5	113490333	113589725	protein_coding	ENSMUSG00000063430	+	Wscd2	2005
2006	Cmklr1	chr5	113612354	113650426	protein_coding	ENSMUSG00000042190	-	Cmklr1	2006
2007	Gm15736	chr5	113644963	113645682	lncRNA	ENSMUSG00000085713	+	Gm15736	2007
2008	1700069L16Rik	chr5	113692422	113724772	protein_coding	ENSMUSG00000042184	-	1700069L16Rik	2008
2009	Ficd	chr5	113735803	113740600	protein_coding	ENSMUSG00000053334	+	Ficd	2009
2010	Sart3	chr5	113742446	113772510	protein_coding	ENSMUSG00000018974	-	Sart3	2010
2011	Gm3511	chr5	113767123	113767326	processed_pseudogene	ENSMUSG00000105031	+	Gm3511	2011
2012	Iscu	chr5	113772748	113778288	protein_coding	ENSMUSG00000025825	+	Iscu	2012
2013	Tmem119	chr5	113793729	113800516	protein_coding	ENSMUSG00000054675	-	Tmem119	2013
2014	Gm19931	chr5	113817225	113817592	processed_pseudogene	ENSMUSG00000104972	+	Gm19931	2014
2015	Selplg	chr5	113818536	113832644	protein_coding	ENSMUSG00000048163	-	Selplg	2015
2016	Coro1c	chr5	113842436	113908758	protein_coding	ENSMUSG00000004530	-	Coro1c	2016
2017	Gm17122	chr5	113842601	113843116	lncRNA	ENSMUSG00000090458	+	Gm17122	2017
2018	Gm43335	chr5	113860161	113863436	TEC	ENSMUSG00000106623	+	Gm43335	2018
2019	Gm43336	chr5	113900395	113904898	TEC	ENSMUSG00000105071	-	Gm43336	2019
2020	Gm42797	chr5	113928555	113930134	lncRNA	ENSMUSG00000105664	-	Gm42797	2020
2021	Gm22056	chr5	113928724	113928804	snRNA	ENSMUSG00000065320	-	Gm22056	2021
2022	Ssh1	chr5	113937094	113993894	protein_coding	ENSMUSG00000042121	-	Ssh1	2022
2023	Dao	chr5	114003703	114025682	protein_coding	ENSMUSG00000042096	+	Dao	2023
2024	Svop	chr5	114026910	114091570	protein_coding	ENSMUSG00000042078	-	Svop	2024
2025	Usp30	chr5	114065461	114124720	protein_coding	ENSMUSG00000029592	+	Usp30	2025
2026	Gm17833	chr5	114108926	114109990	processed_pseudogene	ENSMUSG00000106484	+	Gm17833	2026
2027	Gm42913	chr5	114115829	114117681	TEC	ENSMUSG00000105514	+	Gm42913	2027
2028	Alkbh2	chr5	114123926	114128218	protein_coding	ENSMUSG00000044339	-	Alkbh2	2028
2029	Ung	chr5	114130386	114139323	protein_coding	ENSMUSG00000029591	+	Ung	2029
2030	Acacb	chr5	114146535	114250761	protein_coding	ENSMUSG00000042010	+	Acacb	2030
2031	Gm13784	chr5	114237176	114237925	processed_pseudogene	ENSMUSG00000084243	-	Gm13784	2031
2032	Foxn4	chr5	114254164	114273807	protein_coding	ENSMUSG00000042002	-	Foxn4	2032
2033	Myo1h	chr5	114289166	114365357	protein_coding	ENSMUSG00000066952	+	Myo1h	2033
2034	Kctd10	chr5	114363567	114380508	protein_coding	ENSMUSG00000001098	-	Kctd10	2034
2035	Ube3b	chr5	114380607	114421169	protein_coding	ENSMUSG00000029577	+	Ube3b	2035
2036	Mir7027	chr5	114404468	114404539	miRNA	ENSMUSG00000098731	+	Mir7027	2036
2037	Mmab	chr5	114431034	114444060	protein_coding	ENSMUSG00000029575	-	Mmab	2037
2038	Mvk	chr5	114444269	114460591	protein_coding	ENSMUSG00000041939	+	Mvk	2038
2039	Gm13790	chr5	114551289	114554016	lncRNA	ENSMUSG00000086302	+	Gm13790	2039
2040	Fam222a	chr5	114568016	114613220	protein_coding	ENSMUSG00000041930	+	Fam222a	2040
2041	Trpv4	chr5	114622152	114658421	protein_coding	ENSMUSG00000014158	-	Trpv4	2041
2042	Gltp	chr5	114669398	114690984	protein_coding	ENSMUSG00000011884	-	Gltp	2042
2043	Tchp	chr5	114707760	114722327	protein_coding	ENSMUSG00000002486	+	Tchp	2043
2044	Gm42789	chr5	114715554	114716120	lncRNA	ENSMUSG00000107340	-	Gm42789	2044
2045	Mir7028	chr5	114719515	114719578	miRNA	ENSMUSG00000098656	+	Mir7028	2045
2046	Git2	chr5	114727407	114775517	protein_coding	ENSMUSG00000041890	-	Git2	2046
2047	4930515G01Rik	chr5	114773737	114774983	lncRNA	ENSMUSG00000092183	-	4930515G01Rik	2047
2048	Ankrd13a	chr5	114774677	114806200	protein_coding	ENSMUSG00000041870	+	Ankrd13a	2048
2049	1500011B03Rik	chr5	114808196	114823468	protein_coding	ENSMUSG00000072694	-	1500011B03Rik	2049
2050	Ywhaq-ps2	chr5	114828573	114829215	processed_pseudogene	ENSMUSG00000082052	-	Ywhaq-ps2	2050
2051	Gm13821	chr5	114838875	114842075	TEC	ENSMUSG00000107256	-	Gm13821	2051
2052	Mir6240	chr5	114851948	114852064	miRNA	ENSMUSG00000098343	+	Mir6240	2052
2053	4930519G04Rik	chr5	114853664	114883880	protein_coding	ENSMUSG00000029564	+	4930519G04Rik	2053
2054	Gm9936	chr5	114855025	114859383	lncRNA	ENSMUSG00000107108	-	Gm9936	2054
2055	Gm13823	chr5	114867681	114868025	processed_pseudogene	ENSMUSG00000080707	-	Gm13823	2055
2056	Oasl2	chr5	114896936	114912234	protein_coding	ENSMUSG00000029561	+	Oasl2	2056
2057	Gm13822	chr5	114917318	114923277	lncRNA	ENSMUSG00000087477	-	Gm13822	2057
2058	Oasl1	chr5	114923240	114937915	protein_coding	ENSMUSG00000041827	+	Oasl1	2058
2059	2210016L21Rik	chr5	114942158	114949783	protein_coding	ENSMUSG00000029559	+	2210016L21Rik	2059
2060	Hnf1a	chr5	114948980	114971094	protein_coding	ENSMUSG00000029556	-	Hnf1a	2060
2061	Hnf1aos1	chr5	114968784	114998042	lncRNA	ENSMUSG00000086054	+	Hnf1aos1	2061
2062	Hnf1aos2	chr5	114968823	114971400	lncRNA	ENSMUSG00000086140	+	Hnf1aos2	2062
2063	1810017P11Rik	chr5	114975456	114976013	TEC	ENSMUSG00000106838	+	1810017P11Rik	2063
2064	Sppl3	chr5	115011137	115098790	protein_coding	ENSMUSG00000029550	+	Sppl3	2064
2065	C730045M19Rik	chr5	115039770	115041084	TEC	ENSMUSG00000107054	+	C730045M19Rik	2065
2066	Gm13827	chr5	115053469	115053840	processed_pseudogene	ENSMUSG00000086167	-	Gm13827	2066
2067	Gm10401	chr5	115097689	115098295	protein_coding	ENSMUSG00000072693	-	Gm10401	2067
2068	Rpl37rt	chr5	115102923	115110268	transcribed_processed_pseudogene	ENSMUSG00000072692	-	Rpl37rt	2068
2069	Acads	chr5	115110299	115119346	protein_coding	ENSMUSG00000029545	-	Acads	2069
2070	Unc119b	chr5	115122550	115134975	protein_coding	ENSMUSG00000046562	-	Unc119b	2070
2071	Mlec	chr5	115142981	115158179	protein_coding	ENSMUSG00000048578	-	Mlec	2071
2072	Cabp1	chr5	115168689	115194381	protein_coding	ENSMUSG00000029544	-	Cabp1	2072
2073	Gm13828	chr5	115198343	115198705	processed_pseudogene	ENSMUSG00000083182	+	Gm13828	2073
2074	Pop5	chr5	115235836	115245351	protein_coding	ENSMUSG00000060152	+	Pop5	2074
2075	Rnf10	chr5	115241412	115272898	protein_coding	ENSMUSG00000041740	-	Rnf10	2075
2076	Gm13831	chr5	115263093	115263394	processed_pseudogene	ENSMUSG00000083875	+	Gm13831	2076
2077	Coq5	chr5	115279666	115296972	protein_coding	ENSMUSG00000041733	+	Coq5	2077
2078	Gm13829	chr5	115291763	115291900	processed_pseudogene	ENSMUSG00000082610	-	Gm13829	2078
2079	Dynll1	chr5	115297110	115300999	protein_coding	ENSMUSG00000009013	-	Dynll1	2079
2080	Gm13830	chr5	115301120	115319208	lncRNA	ENSMUSG00000086368	+	Gm13830	2080
2081	Srsf9	chr5	115327177	115333080	protein_coding	ENSMUSG00000029538	+	Srsf9	2081
2082	Gatc	chr5	115333239	115341178	protein_coding	ENSMUSG00000029536	-	Gatc	2082
2083	Triap1	chr5	115341225	115343569	protein_coding	ENSMUSG00000029535	+	Triap1	2083
2084	Cox6a1	chr5	115345642	115348981	protein_coding	ENSMUSG00000041697	-	Cox6a1	2084
2085	Gm42903	chr5	115349130	115353155	lncRNA	ENSMUSG00000107288	+	Gm42903	2085
2086	4930401G09Rik	chr5	115358700	115360123	lncRNA	ENSMUSG00000086352	-	4930401G09Rik	2086
2087	Gm13832	chr5	115359078	115422863	lncRNA	ENSMUSG00000087292	+	Gm13832	2087
2088	A930005G22Rik	chr5	115420597	115422500	TEC	ENSMUSG00000106887	-	A930005G22Rik	2088
2089	Gm43231	chr5	115427218	115429475	TEC	ENSMUSG00000107240	-	Gm43231	2089
2090	Msi1	chr5	115429599	115455698	protein_coding	ENSMUSG00000054256	+	Msi1	2090
2091	4930430O22Rik	chr5	115436066	115436644	lncRNA	ENSMUSG00000107353	-	4930430O22Rik	2091
2092	Pla2g1b	chr5	115466262	115474722	protein_coding	ENSMUSG00000029522	+	Pla2g1b	2092
2093	Sirt4	chr5	115478010	115484725	protein_coding	ENSMUSG00000029524	-	Sirt4	2093
2094	Gm24265	chr5	115489459	115489599	snRNA	ENSMUSG00000096243	+	Gm24265	2094
2095	Gm13836	chr5	115491955	115492455	processed_pseudogene	ENSMUSG00000081282	-	Gm13836	2095
2096	Pxn	chr5	115506676	115555987	protein_coding	ENSMUSG00000029528	+	Pxn	2096
2097	Gm13840	chr5	115515263	115515947	lncRNA	ENSMUSG00000086849	+	Gm13840	2097
2098	Rplp0	chr5	115559467	115563727	protein_coding	ENSMUSG00000067274	+	Rplp0	2098
2099	Gcn1	chr5	115565254	115622654	protein_coding	ENSMUSG00000041638	+	Gcn1	2099
2100	Mir7029	chr5	115580949	115581009	miRNA	ENSMUSG00000099047	+	Mir7029	2100
2101	1110006O24Rik	chr5	115631049	115631816	lncRNA	ENSMUSG00000107121	-	1110006O24Rik	2101
2102	Rab35	chr5	115631908	115647736	protein_coding	ENSMUSG00000029518	+	Rab35	2102
2103	Mir7030	chr5	115645573	115645632	miRNA	ENSMUSG00000099254	+	Mir7030	2103
2104	Bicdl1	chr5	115648175	115731621	protein_coding	ENSMUSG00000041609	-	Bicdl1	2104
2105	Gm13841	chr5	115801677	115802159	processed_pseudogene	ENSMUSG00000083833	-	Gm13841	2105
2106	Cit	chr5	115845278	116008947	protein_coding	ENSMUSG00000029516	+	Cit	2106
2107	Gm42473	chr5	115870144	115872434	TEC	ENSMUSG00000106869	+	Gm42473	2107
2108	Gm42471	chr5	115902430	115904294	TEC	ENSMUSG00000107263	+	Gm42471	2108
2109	Gm14508	chr5	116009316	116016105	lncRNA	ENSMUSG00000085376	+	Gm14508	2109
2110	Prkab1	chr5	116013586	116024508	protein_coding	ENSMUSG00000029513	-	Prkab1	2110
2111	Gm13842	chr5	116026411	116029230	lncRNA	ENSMUSG00000084992	-	Gm13842	2111
2112	Gm17420	chr5	116032146	116032313	pseudogene	ENSMUSG00000090728	-	Gm17420	2112
2113	Tmem233	chr5	116038755	116083244	protein_coding	ENSMUSG00000079278	-	Tmem233	2113
2114	C330018A13Rik	chr5	116123614	116129110	lncRNA	ENSMUSG00000086655	+	C330018A13Rik	2114
2115	Ccdc60	chr5	116124641	116288985	protein_coding	ENSMUSG00000043913	-	Ccdc60	2115
2116	Gm14507	chr5	116243706	116254953	lncRNA	ENSMUSG00000086122	+	Gm14507	2116
2117	Gm13837	chr5	116257661	116258644	lncRNA	ENSMUSG00000086055	+	Gm13837	2117
2118	Gm13839	chr5	116301300	116303514	lncRNA	ENSMUSG00000087124	+	Gm13839	2118
2119	Gm13838	chr5	116305682	116309360	lncRNA	ENSMUSG00000084921	-	Gm13838	2119
2120	B230112J18Rik	chr5	116312360	116318281	lncRNA	ENSMUSG00000086715	+	B230112J18Rik	2120
2121	4933424N20Rik	chr5	116380173	116381635	TEC	ENSMUSG00000106766	-	4933424N20Rik	2121
2122	4930562A09Rik	chr5	116390678	116392800	lncRNA	ENSMUSG00000086945	-	4930562A09Rik	2122
2123	Hspb8	chr5	116408491	116422864	protein_coding	ENSMUSG00000041548	-	Hspb8	2123
2124	Srrm4os	chr5	116438720	116465487	lncRNA	ENSMUSG00000086219	+	Srrm4os	2124
2125	Srrm4	chr5	116439275	116591817	protein_coding	ENSMUSG00000063919	-	Srrm4	2125
2126	Gm42853	chr5	116456098	116457484	TEC	ENSMUSG00000107021	-	Gm42853	2126
2127	4933430H06Rik	chr5	116501374	116502716	TEC	ENSMUSG00000107172	-	4933430H06Rik	2127
2128	Gm42854	chr5	116572527	116573495	lncRNA	ENSMUSG00000106914	-	Gm42854	2128
2129	Gstm2-ps1	chr5	116632908	116633564	processed_pseudogene	ENSMUSG00000107369	-	Gstm2-ps1	2129
2130	Gm43122	chr5	116642736	116830554	lncRNA	ENSMUSG00000106909	-	Gm43122	2130
2131	Gm29926	chr5	116811231	116813828	lncRNA	ENSMUSG00000107237	+	Gm29926	2131
2132	4930569F06Rik	chr5	116821454	116821886	TEC	ENSMUSG00000041512	+	4930569F06Rik	2132
2133	Gm7478	chr5	117058812	117059392	processed_pseudogene	ENSMUSG00000107327	+	Gm7478	2133
2134	Suds3	chr5	117091680	117116113	protein_coding	ENSMUSG00000066900	-	Suds3	2134
2135	9530046B11Rik	chr5	117115218	117118723	lncRNA	ENSMUSG00000086047	+	9530046B11Rik	2135
2136	Taok3	chr5	117120129	117275219	protein_coding	ENSMUSG00000061288	+	Taok3	2136
2137	Gm43637	chr5	117130323	117133248	TEC	ENSMUSG00000107225	+	Gm43637	2137
2138	n-R5s174	chr5	117196555	117196675	rRNA	ENSMUSG00000084587	+	n-R5s174	2138
2139	Pebp1	chr5	117282654	117287625	protein_coding	ENSMUSG00000032959	-	Pebp1	2139
2140	Gm3786	chr5	117294029	117294406	processed_pseudogene	ENSMUSG00000106829	-	Gm3786	2140
2141	Gm42546	chr5	117299889	117302480	TEC	ENSMUSG00000106714	+	Gm42546	2141
2142	BC051077	chr5	117312518	117315645	lncRNA	ENSMUSG00000097163	-	BC051077	2142
2143	Gm10399	chr5	117318497	117319244	lncRNA	ENSMUSG00000072688	-	Gm10399	2143
2144	Vsig10	chr5	117319083	117355005	protein_coding	ENSMUSG00000066894	+	Vsig10	2144
2145	Gm15727	chr5	117348907	117349343	processed_pseudogene	ENSMUSG00000081274	-	Gm15727	2145
2146	Wsb2	chr5	117357304	117378601	protein_coding	ENSMUSG00000029364	+	Wsb2	2146
2147	Rfc5	chr5	117378103	117389047	protein_coding	ENSMUSG00000029363	-	Rfc5	2147
2148	Gm15728	chr5	117389139	117393498	lncRNA	ENSMUSG00000086075	+	Gm15728	2148
2149	Ksr2	chr5	117414000	117775003	protein_coding	ENSMUSG00000061578	+	Ksr2	2149
2150	Gm42550	chr5	117520699	117521658	TEC	ENSMUSG00000107199	+	Gm42550	2150
2151	Nos1	chr5	117781032	117958840	protein_coding	ENSMUSG00000029361	+	Nos1	2151
2152	Gm37028	chr5	117872813	117872919	TEC	ENSMUSG00000104071	+	Gm37028	2152
2153	Gm26995	chr5	117935725	117939518	lncRNA	ENSMUSG00000098072	-	Gm26995	2153
2154	Fbxo21	chr5	117976730	118010201	protein_coding	ENSMUSG00000032898	+	Fbxo21	2154
2155	Gm42545	chr5	118026449	118027370	TEC	ENSMUSG00000107058	-	Gm42545	2155
2156	Tesc	chr5	118027743	118061878	protein_coding	ENSMUSG00000029359	+	Tesc	2156
2157	Fbxw8	chr5	118064965	118155464	protein_coding	ENSMUSG00000032867	-	Fbxw8	2157
2158	Gm9754	chr5	118065360	118069710	lncRNA	ENSMUSG00000029360	+	Gm9754	2158
2159	Gm26411	chr5	118148788	118148894	snRNA	ENSMUSG00000088293	-	Gm26411	2159
2160	Hrk	chr5	118164648	118189478	protein_coding	ENSMUSG00000046607	+	Hrk	2160
2161	Rnft2	chr5	118190736	118245116	protein_coding	ENSMUSG00000032850	-	Rnft2	2161
2162	Gm24050	chr5	118211053	118211342	misc_RNA	ENSMUSG00000089248	-	Gm24050	2162
2163	2410131K14Rik	chr5	118245227	118266093	protein_coding	ENSMUSG00000032840	+	2410131K14Rik	2163
2164	Gm25076	chr5	118266449	118266580	snoRNA	ENSMUSG00000095477	+	Gm25076	2164
2165	Gm28563	chr5	118396806	118397330	lncRNA	ENSMUSG00000106812	-	Gm28563	2165
2166	Gm26455	chr5	118418727	118418818	miRNA	ENSMUSG00000093041	-	Gm26455	2166
2167	Gm15754	chr5	118486967	118503500	transcribed_processed_pseudogene	ENSMUSG00000082365	+	Gm15754	2167
2168	Med13l	chr5	118560679	118765438	protein_coding	ENSMUSG00000018076	+	Med13l	2168
2169	Gm43785	chr5	118561757	118563101	TEC	ENSMUSG00000106912	-	Gm43785	2169
2170	Gm43788	chr5	118602716	118605132	TEC	ENSMUSG00000107286	+	Gm43788	2170
2171	Gm43275	chr5	118618294	118619313	TEC	ENSMUSG00000106798	+	Gm43275	2171
2172	Gm43274	chr5	118644373	118649372	TEC	ENSMUSG00000107116	+	Gm43274	2172
2173	Gm43052	chr5	118687618	118689245	TEC	ENSMUSG00000107115	+	Gm43052	2173
2174	Gm43051	chr5	118707402	118710079	TEC	ENSMUSG00000107364	+	Gm43051	2174
2175	Gm43782	chr5	118875811	118877465	lncRNA	ENSMUSG00000106708	-	Gm43782	2175
2176	Gm43342	chr5	118928123	118935962	lncRNA	ENSMUSG00000106745	+	Gm43342	2176
2177	4930413E15Rik	chr5	118952339	118961261	lncRNA	ENSMUSG00000107144	+	4930413E15Rik	2177
2178	Gm43784	chr5	118994561	118996996	TEC	ENSMUSG00000107371	-	Gm43784	2178
2179	1700081H04Rik	chr5	119108234	119114543	lncRNA	ENSMUSG00000100573	+	1700081H04Rik	2179
2180	Gm7538	chr5	119194484	119200018	lncRNA	ENSMUSG00000107334	-	Gm7538	2180
2181	Gm31314	chr5	119518795	119527954	lncRNA	ENSMUSG00000106938	-	Gm31314	2181
2182	Tbx3os1	chr5	119570130	119671365	lncRNA	ENSMUSG00000087516	-	Tbx3os1	2182
2183	Gm43399	chr5	119595831	119598204	TEC	ENSMUSG00000106991	-	Gm43399	2183
2184	Gm16063	chr5	119625942	119634464	lncRNA	ENSMUSG00000085708	+	Gm16063	2184
2185	Gm16064	chr5	119646134	119659262	lncRNA	ENSMUSG00000085345	+	Gm16064	2185
2186	Tbx3	chr5	119670669	119684724	protein_coding	ENSMUSG00000018604	+	Tbx3	2186
2187	Tbx3os2	chr5	119685095	119691218	lncRNA	ENSMUSG00000086847	-	Tbx3os2	2187
2188	1700021F13Rik	chr5	119805329	119807869	lncRNA	ENSMUSG00000107053	-	1700021F13Rik	2188
2189	Gm43050	chr5	119826122	119832022	lncRNA	ENSMUSG00000106795	-	Gm43050	2189
2190	Tbx5	chr5	119832668	119885219	protein_coding	ENSMUSG00000018263	+	Tbx5	2190
2191	Gm43269	chr5	119914938	119916846	lncRNA	ENSMUSG00000107084	+	Gm43269	2191
2192	Gm38554	chr5	119959243	119963380	lncRNA	ENSMUSG00000107063	+	Gm38554	2192
2193	Rbm19	chr5	120116465	120198981	protein_coding	ENSMUSG00000029594	+	Rbm19	2193
2194	Gm10390	chr5	120121096	120139263	lncRNA	ENSMUSG00000097368	-	Gm10390	2194
2195	Gm42655	chr5	120255258	120256391	TEC	ENSMUSG00000106915	+	Gm42655	2195
2196	Gm26474	chr5	120287726	120287847	miRNA	ENSMUSG00000080412	+	Gm26474	2196
2197	Gm42654	chr5	120339500	120345968	lncRNA	ENSMUSG00000107141	-	Gm42654	2197
2198	Gm27199	chr5	120419659	120431767	lncRNA	ENSMUSG00000098649	-	Gm27199	2198
2199	Lhx5	chr5	120431699	120441223	protein_coding	ENSMUSG00000029595	+	Lhx5	2199
2200	Sdsl	chr5	120458186	120472810	protein_coding	ENSMUSG00000029596	-	Sdsl	2200
2201	Sds	chr5	120476526	120483932	protein_coding	ENSMUSG00000029597	+	Sds	2201
2202	Gm15690	chr5	120479842	120480903	lncRNA	ENSMUSG00000086165	-	Gm15690	2202
2203	Plbd2	chr5	120483282	120503625	protein_coding	ENSMUSG00000029598	-	Plbd2	2203
2204	Slc8b1	chr5	120511168	120534024	protein_coding	ENSMUSG00000032754	+	Slc8b1	2204
2205	Tpcn1	chr5	120534153	120588673	protein_coding	ENSMUSG00000032741	-	Tpcn1	2205
2206	2510016D11Rik	chr5	120552055	120553039	TEC	ENSMUSG00000106825	-	2510016D11Rik	2206
2207	Iqcd	chr5	120589016	120607118	protein_coding	ENSMUSG00000029601	+	Iqcd	2207
2208	Rita1	chr5	120594305	120612589	protein_coding	ENSMUSG00000029600	-	Rita1	2208
2209	Ddx54	chr5	120612739	120628592	protein_coding	ENSMUSG00000029599	+	Ddx54	2209
2210	Gm43579	chr5	120626315	120627621	lncRNA	ENSMUSG00000107191	-	Gm43579	2210
2211	Cfap73	chr5	120628335	120634235	protein_coding	ENSMUSG00000094282	-	Cfap73	2211
2212	Gm42657	chr5	120641621	120641831	processed_pseudogene	ENSMUSG00000107004	+	Gm42657	2212
2213	Gm15749	chr5	120648040	120648749	lncRNA	ENSMUSG00000089830	+	Gm15749	2213
2214	Rasal1	chr5	120648812	120679597	protein_coding	ENSMUSG00000029602	+	Rasal1	2214
2215	Dtx1	chr5	120680202	120711927	protein_coding	ENSMUSG00000029603	-	Dtx1	2215
2216	Oas2	chr5	120730333	120749853	protein_coding	ENSMUSG00000032690	-	Oas2	2216
2217	Gm43068	chr5	120746036	120747308	TEC	ENSMUSG00000107075	+	Gm43068	2217
2218	Oas3	chr5	120753098	120777661	protein_coding	ENSMUSG00000032661	-	Oas3	2218
2219	Gm43069	chr5	120777796	120805623	lncRNA	ENSMUSG00000107179	+	Gm43069	2219
2220	Oas1e	chr5	120786226	120795530	protein_coding	ENSMUSG00000066867	-	Oas1e	2220
2221	Oas1c	chr5	120800194	120812514	protein_coding	ENSMUSG00000001166	-	Oas1c	2221
2222	Oas1b	chr5	120812635	120824163	polymorphic_pseudogene	ENSMUSG00000029605	+	Oas1b	2222
2223	Oas1f	chr5	120847367	120857986	protein_coding	ENSMUSG00000053765	+	Oas1f	2223
2224	Gm22907	chr5	120852171	120852296	miRNA	ENSMUSG00000092939	-	Gm22907	2224
2225	Oas1h	chr5	120861421	120873506	protein_coding	ENSMUSG00000001168	+	Oas1h	2225
2226	Oas1g	chr5	120876142	120887613	protein_coding	ENSMUSG00000066861	-	Oas1g	2226
2227	Oas1a	chr5	120896256	120907521	protein_coding	ENSMUSG00000052776	-	Oas1a	2227
2228	Oas1d	chr5	120914536	120921652	protein_coding	ENSMUSG00000032623	+	Oas1d	2228
2229	Rph3a	chr5	120940499	121010092	protein_coding	ENSMUSG00000029608	-	Rph3a	2229
2230	Gm42656	chr5	120970043	120972347	TEC	ENSMUSG00000106841	-	Gm42656	2230
2231	Ptpn11	chr5	121130533	121191397	protein_coding	ENSMUSG00000043733	-	Ptpn11	2231
2232	Gm42930	chr5	121181737	121184996	TEC	ENSMUSG00000106940	-	Gm42930	2232
2233	Rpl6	chr5	121204481	121209241	protein_coding	ENSMUSG00000029614	+	Rpl6	2233
2234	Gm26205	chr5	121205010	121205143	snoRNA	ENSMUSG00000064841	+	Gm26205	2234
2235	Hectd4	chr5	121220219	121368577	protein_coding	ENSMUSG00000042744	+	Hectd4	2235
2236	Gm24671	chr5	121356844	121357001	snRNA	ENSMUSG00000077347	+	Gm24671	2236
2237	Trafd1	chr5	121371725	121385632	protein_coding	ENSMUSG00000042726	-	Trafd1	2237
2238	Gm42917	chr5	121384010	121393465	lncRNA	ENSMUSG00000104985	+	Gm42917	2238
2239	Gm42918	chr5	121385522	121387101	lncRNA	ENSMUSG00000106209	+	Gm42918	2239
2240	Naa25	chr5	121397936	121444378	protein_coding	ENSMUSG00000042719	+	Naa25	2240
2241	Gm43420	chr5	121402658	121404514	TEC	ENSMUSG00000106115	+	Gm43420	2241
2242	Erp29	chr5	121428590	121452506	protein_coding	ENSMUSG00000029616	-	Erp29	2242
2243	Tmem116	chr5	121451893	121524183	protein_coding	ENSMUSG00000029452	+	Tmem116	2243
2244	Gm15546	chr5	121471563	121472388	processed_pseudogene	ENSMUSG00000082760	-	Gm15546	2244
2245	Adam1b	chr5	121500098	121503435	protein_coding	ENSMUSG00000062438	-	Adam1b	2245
2246	4930477O15Rik	chr5	121503513	121504601	TEC	ENSMUSG00000104999	+	4930477O15Rik	2246
2247	Adam1a	chr5	121518576	121545482	protein_coding	ENSMUSG00000072647	-	Adam1a	2247
2248	Gm42878	chr5	121518613	121545482	protein_coding	ENSMUSG00000105340	-	Gm42878	2248
2249	Mapkapk5	chr5	121525038	121545905	protein_coding	ENSMUSG00000029454	-	Mapkapk5	2249
2250	Gm15547	chr5	121530563	121530895	processed_pseudogene	ENSMUSG00000082265	-	Gm15547	2250
2251	Aldh2	chr5	121566027	121593824	protein_coding	ENSMUSG00000029455	-	Aldh2	2251
2252	Gm42879	chr5	121593695	121595908	TEC	ENSMUSG00000106590	+	Gm42879	2252
2253	Acad12	chr5	121596775	121618938	protein_coding	ENSMUSG00000042647	-	Acad12	2253
2254	Acad10	chr5	121621026	121660514	protein_coding	ENSMUSG00000029456	-	Acad10	2254
2255	Brap	chr5	121660563	121687256	protein_coding	ENSMUSG00000029458	+	Brap	2255
2256	Atxn2	chr5	121711337	121816493	protein_coding	ENSMUSG00000042605	+	Atxn2	2256
2257	Gm43571	chr5	121715109	121718206	TEC	ENSMUSG00000106110	+	Gm43571	2257
2258	Gm16552	chr5	121717666	121727403	lncRNA	ENSMUSG00000089729	-	Gm16552	2258
2259	Gm42866	chr5	121742417	121745720	TEC	ENSMUSG00000105179	+	Gm42866	2259
2260	Sh2b3	chr5	121815488	121837646	protein_coding	ENSMUSG00000042594	-	Sh2b3	2260
2261	Mir7031	chr5	121819209	121819273	miRNA	ENSMUSG00000099063	-	Mir7031	2261
2262	1700008B11Rik	chr5	121835195	121835828	lncRNA	ENSMUSG00000104872	+	1700008B11Rik	2262
2263	4933437G19Rik	chr5	121847667	121848844	TEC	ENSMUSG00000104719	-	4933437G19Rik	2263
2264	Pheta1	chr5	121848984	121854632	protein_coding	ENSMUSG00000044134	+	Pheta1	2264
2265	Cux2	chr5	121856366	122050102	protein_coding	ENSMUSG00000042589	-	Cux2	2265
2266	Gm3970	chr5	122025330	122029697	lncRNA	ENSMUSG00000105795	+	Gm3970	2266
2267	Gm15637	chr5	122048382	122055654	lncRNA	ENSMUSG00000087386	+	Gm15637	2267
2268	Myl2	chr5	122100951	122113472	protein_coding	ENSMUSG00000013936	+	Myl2	2268
2269	Ccdc63	chr5	122108040	122140823	protein_coding	ENSMUSG00000043036	-	Ccdc63	2269
2270	Ppp1cc	chr5	122158278	122175273	protein_coding	ENSMUSG00000004455	+	Ppp1cc	2270
2271	Gm42748	chr5	122165597	122167937	TEC	ENSMUSG00000105742	+	Gm42748	2271
2272	Hvcn1	chr5	122206804	122242297	protein_coding	ENSMUSG00000064267	+	Hvcn1	2272
2273	Tctn1	chr5	122237848	122264460	protein_coding	ENSMUSG00000038593	-	Tctn1	2273
2274	Gm15481	chr5	122253002	122253540	processed_pseudogene	ENSMUSG00000082645	+	Gm15481	2274
2275	Pptc7	chr5	122284365	122324281	protein_coding	ENSMUSG00000038582	+	Pptc7	2275
2276	Gm15842	chr5	122302422	122303039	processed_pseudogene	ENSMUSG00000083909	+	Gm15842	2276
2277	Rad9b	chr5	122323223	122354233	protein_coding	ENSMUSG00000038569	-	Rad9b	2277
2278	Vps29	chr5	122354369	122364984	protein_coding	ENSMUSG00000029462	+	Vps29	2278
2279	Fam216a	chr5	122364580	122372364	protein_coding	ENSMUSG00000029463	-	Fam216a	2279
2280	Gpn3	chr5	122371876	122382902	protein_coding	ENSMUSG00000029464	+	Gpn3	2280
2281	Gm42830	chr5	122377408	122377720	TEC	ENSMUSG00000104916	+	Gm42830	2281
2282	Arpc3	chr5	122391878	122414184	protein_coding	ENSMUSG00000029465	+	Arpc3	2282
2283	Gm42829	chr5	122408490	122411074	lncRNA	ENSMUSG00000105895	+	Gm42829	2283
2284	Anapc7	chr5	122421693	122444912	protein_coding	ENSMUSG00000029466	+	Anapc7	2284
2285	Gm15846	chr5	122438596	122438915	processed_pseudogene	ENSMUSG00000079906	-	Gm15846	2285
2286	Atp2a2	chr5	122453513	122502225	protein_coding	ENSMUSG00000029467	-	Atp2a2	2286
2287	Gm43359	chr5	122482800	122484999	TEC	ENSMUSG00000105434	-	Gm43359	2287
2288	Gm43360	chr5	122492022	122494908	TEC	ENSMUSG00000105970	-	Gm43360	2288
2289	Gm43361	chr5	122496159	122500848	TEC	ENSMUSG00000106375	+	Gm43361	2289
2290	Gm22965	chr5	122506789	122506889	snRNA	ENSMUSG00000088583	+	Gm22965	2290
2291	Ift81	chr5	122550204	122614518	protein_coding	ENSMUSG00000029469	-	Ift81	2291
2292	Gm43541	chr5	122567524	122568104	TEC	ENSMUSG00000105815	-	Gm43541	2292
2293	Gm43301	chr5	122581469	122584853	lncRNA	ENSMUSG00000105430	+	Gm43301	2293
2294	P2rx7	chr5	122643911	122691432	protein_coding	ENSMUSG00000029468	+	P2rx7	2294
2295	Mir8115	chr5	122682597	122682715	miRNA	ENSMUSG00000099324	+	Mir8115	2295
2296	Gm10064	chr5	122697202	122697600	processed_pseudogene	ENSMUSG00000059352	-	Gm10064	2296
2297	P2rx4	chr5	122707544	122729738	protein_coding	ENSMUSG00000029470	+	P2rx4	2297
2298	Camkk2	chr5	122731170	122779409	protein_coding	ENSMUSG00000029471	-	Camkk2	2298
2299	Gm43684	chr5	122779525	122786097	TEC	ENSMUSG00000105613	+	Gm43684	2299
2300	Anapc5	chr5	122787459	122821339	protein_coding	ENSMUSG00000029472	-	Anapc5	2300
2301	Rnf34	chr5	122850048	122871291	protein_coding	ENSMUSG00000029474	+	Rnf34	2301
2302	Kdm2b	chr5	122870665	122989823	protein_coding	ENSMUSG00000029475	-	Kdm2b	2302
2303	Gm43411	chr5	122906822	122908400	TEC	ENSMUSG00000105979	-	Gm43411	2303
2304	Gm44574	chr5	122987683	123012874	lncRNA	ENSMUSG00000105311	-	Gm44574	2304
2305	A930024E05Rik	chr5	122989354	122998345	lncRNA	ENSMUSG00000056735	+	A930024E05Rik	2305
2306	Gm2479	chr5	123007299	123015080	lncRNA	ENSMUSG00000106555	-	Gm2479	2306
2307	Orai1	chr5	123015074	123030456	protein_coding	ENSMUSG00000049686	+	Orai1	2307
2308	Morn3	chr5	123035769	123047016	protein_coding	ENSMUSG00000029477	-	Morn3	2308
2309	Gm43412	chr5	123036000	123038817	TEC	ENSMUSG00000105107	+	Gm43412	2309
2310	Gm6444	chr5	123066242	123066699	processed_pseudogene	ENSMUSG00000080836	+	Gm6444	2310
2311	Tmem120b	chr5	123068415	123117749	protein_coding	ENSMUSG00000054434	+	Tmem120b	2311
2312	Rhof	chr5	123103044	123132692	protein_coding	ENSMUSG00000029449	-	Rhof	2312
2313	Gm43413	chr5	123110696	123112261	TEC	ENSMUSG00000104951	+	Gm43413	2313
2314	AI480526	chr5	123133723	123141666	lncRNA	ENSMUSG00000090086	-	AI480526	2314
2315	Gm38102	chr5	123133939	123137695	lncRNA	ENSMUSG00000104156	+	Gm38102	2315
2316	4932422M17Rik	chr5	123138931	123141569	lncRNA	ENSMUSG00000105881	+	4932422M17Rik	2316
2317	Setd1b	chr5	123142193	123168629	protein_coding	ENSMUSG00000038384	+	Setd1b	2317
2318	Psmd9	chr5	123169413	123250131	protein_coding	ENSMUSG00000029440	+	Psmd9	2318
2319	Hpd	chr5	123171807	123182727	protein_coding	ENSMUSG00000029445	-	Hpd	2319
2320	Gm43409	chr5	123188701	123191588	lncRNA	ENSMUSG00000104606	-	Gm43409	2320
2321	Wdr66	chr5	123252102	123327484	protein_coding	ENSMUSG00000029442	+	Wdr66	2321
2322	Rpl35a-ps6	chr5	123255481	123255813	processed_pseudogene	ENSMUSG00000094664	-	Rpl35a-ps6	2322
2323	Gm15857	chr5	123293638	123310324	lncRNA	ENSMUSG00000087063	-	Gm15857	2323
2324	Gm15860	chr5	123332726	123344437	lncRNA	ENSMUSG00000087336	-	Gm15860	2324
2325	Bcl7a	chr5	123343834	123374992	protein_coding	ENSMUSG00000029438	+	Bcl7a	2325
2326	Gm23458	chr5	123360832	123361000	snRNA	ENSMUSG00000065191	+	Gm23458	2326
2327	5830487J09Rik	chr5	123366472	123368919	lncRNA	ENSMUSG00000104830	+	5830487J09Rik	2327
2328	Gm15747	chr5	123393649	123397957	lncRNA	ENSMUSG00000086700	-	Gm15747	2328
2329	Mlxip	chr5	123394798	123457932	protein_coding	ENSMUSG00000038342	+	Mlxip	2329
2330	Gm42907	chr5	123397240	123399387	TEC	ENSMUSG00000106254	+	Gm42907	2330
2331	Gm42908	chr5	123401072	123401941	TEC	ENSMUSG00000104940	+	Gm42908	2331
2332	Gm43813	chr5	123406487	123411864	lncRNA	ENSMUSG00000106636	+	Gm43813	2332
2333	Rpl31-ps6	chr5	123466509	123466886	processed_pseudogene	ENSMUSG00000082532	+	Rpl31-ps6	2333
2334	Il31	chr5	123480157	123489489	protein_coding	ENSMUSG00000029437	-	Il31	2334
2335	Lrrc43	chr5	123489305	123508205	protein_coding	ENSMUSG00000063409	+	Lrrc43	2335
2336	Gm15751	chr5	123508395	123514011	lncRNA	ENSMUSG00000086753	+	Gm15751	2336
2337	Diablo	chr5	123509765	123524176	protein_coding	ENSMUSG00000029433	-	Diablo	2337
2338	B3gnt4	chr5	123510460	123511882	protein_coding	ENSMUSG00000029431	+	B3gnt4	2338
2339	Gm49027	chr5	123512082	123525488	protein_coding	ENSMUSG00000114278	-	Gm49027	2339
2340	Gm24682	chr5	123518231	123518367	scaRNA	ENSMUSG00000089389	+	Gm24682	2340
2341	Mir7647	chr5	123522637	123522695	miRNA	ENSMUSG00000098951	-	Mir7647	2341
2342	Vps33a	chr5	123528659	123573038	protein_coding	ENSMUSG00000029434	-	Vps33a	2342
2343	Gm43133	chr5	123561525	123561987	TEC	ENSMUSG00000104704	-	Gm43133	2343
2344	Clip1	chr5	123577795	123684618	protein_coding	ENSMUSG00000049550	-	Clip1	2344
2345	Gm24840	chr5	123628201	123628347	snRNA	ENSMUSG00000084552	+	Gm24840	2345
2346	Gm42651	chr5	123682130	123683468	TEC	ENSMUSG00000104877	-	Gm42651	2346
2347	Gm43797	chr5	123684775	123685306	TEC	ENSMUSG00000104694	+	Gm43797	2347
2348	Zcchc8	chr5	123698294	123721100	protein_coding	ENSMUSG00000029427	-	Zcchc8	2348
2349	Rsrc2	chr5	123728426	123749414	protein_coding	ENSMUSG00000029422	-	Rsrc2	2349
2350	Kntc1	chr5	123749716	123821593	protein_coding	ENSMUSG00000029414	+	Kntc1	2350
2351	Hcar2	chr5	123863570	123865499	protein_coding	ENSMUSG00000045502	-	Hcar2	2351
2352	Hcar1	chr5	123876736	123880020	protein_coding	ENSMUSG00000049241	-	Hcar1	2352
2353	Denr	chr5	123907175	123928835	protein_coding	ENSMUSG00000023106	+	Denr	2353
2354	Gm43518	chr5	123927418	123938388	protein_coding	ENSMUSG00000105875	+	Gm43518	2354
2355	Ccdc62	chr5	123930679	123969895	protein_coding	ENSMUSG00000061882	+	Ccdc62	2355
2356	Hip1r	chr5	123973628	124005558	protein_coding	ENSMUSG00000000915	+	Hip1r	2356
2357	Mir7032	chr5	123996852	123996930	miRNA	ENSMUSG00000098454	+	Mir7032	2357
2358	Vps37b	chr5	124004641	124032270	protein_coding	ENSMUSG00000066278	-	Vps37b	2358
2359	Gm37939	chr5	124004648	124006151	TEC	ENSMUSG00000102725	+	Gm37939	2359
2360	Gm34086	chr5	124032361	124076299	lncRNA	ENSMUSG00000106261	+	Gm34086	2360
2361	Gm43661	chr5	124035201	124052352	lncRNA	ENSMUSG00000104818	-	Gm43661	2361
2362	Abcb9	chr5	124061530	124095798	protein_coding	ENSMUSG00000029408	-	Abcb9	2362
2363	Gm16001	chr5	124111109	124112264	lncRNA	ENSMUSG00000085433	-	Gm16001	2363
2364	Ogfod2	chr5	124112297	124115483	protein_coding	ENSMUSG00000023707	+	Ogfod2	2364
2365	Arl6ip4	chr5	124116089	124118196	protein_coding	ENSMUSG00000029404	+	Arl6ip4	2365
2366	Pitpnm2	chr5	124118690	124249760	protein_coding	ENSMUSG00000029406	-	Pitpnm2	2366
2367	Pitpnm2os2	chr5	124194907	124200346	lncRNA	ENSMUSG00000089842	+	Pitpnm2os2	2367
2368	Pitpnm2os1	chr5	124229725	124237137	lncRNA	ENSMUSG00000090220	+	Pitpnm2os1	2368
2369	Gm42425	chr5	124237724	124238435	lncRNA	ENSMUSG00000105759	+	Gm42425	2369
2370	Mphosph9	chr5	124250959	124327972	protein_coding	ENSMUSG00000038126	-	Mphosph9	2370
2371	Gm23171	chr5	124257763	124258026	misc_RNA	ENSMUSG00000087784	+	Gm23171	2371
2372	Gm43339	chr5	124278307	124279912	TEC	ENSMUSG00000105382	-	Gm43339	2372
2373	Gm43340	chr5	124300484	124301827	TEC	ENSMUSG00000105228	-	Gm43340	2373
2374	2810006K23Rik	chr5	124328089	124341844	protein_coding	ENSMUSG00000047635	+	2810006K23Rik	2374
2375	Cdk2ap1	chr5	124345417	124363082	protein_coding	ENSMUSG00000029394	-	Cdk2ap1	2375
2376	Sbno1	chr5	124368702	124426001	protein_coding	ENSMUSG00000038095	-	Sbno1	2376
2377	Gm37415	chr5	124424697	124426879	TEC	ENSMUSG00000103864	+	Gm37415	2377
2378	Gm27486	chr5	124425510	124425589	miRNA	ENSMUSG00000099144	-	Gm27486	2378
2379	Kmt5a	chr5	124439930	124462308	protein_coding	ENSMUSG00000049327	+	Kmt5a	2379
2380	Rilpl2	chr5	124463265	124478366	protein_coding	ENSMUSG00000029401	-	Rilpl2	2380
2381	Gm15621	chr5	124472427	124472790	processed_pseudogene	ENSMUSG00000082402	+	Gm15621	2381
2382	Snrnp35	chr5	124483134	124491124	protein_coding	ENSMUSG00000029402	+	Snrnp35	2382
2383	Rilpl1	chr5	124493080	124531391	protein_coding	ENSMUSG00000029392	-	Rilpl1	2383
2384	Gm43034	chr5	124531133	124532496	TEC	ENSMUSG00000106662	+	Gm43034	2384
2385	Tmed2	chr5	124540695	124550506	protein_coding	ENSMUSG00000029390	+	Tmed2	2385
2386	Ddx55	chr5	124552864	124569660	protein_coding	ENSMUSG00000029389	+	Ddx55	2386
2387	Eif2b1	chr5	124570213	124579131	protein_coding	ENSMUSG00000029388	-	Eif2b1	2387
2388	Gtf2h3	chr5	124579140	124597680	protein_coding	ENSMUSG00000029387	+	Gtf2h3	2388
2389	Tctn2	chr5	124598749	124627738	protein_coding	ENSMUSG00000029386	+	Tctn2	2389
2390	Atp6v0a2	chr5	124628576	124724455	protein_coding	ENSMUSG00000038023	+	Atp6v0a2	2390
2391	Gm24854	chr5	124717077	124717174	snRNA	ENSMUSG00000088650	-	Gm24854	2391
2392	4930404A12Rik	chr5	124721997	124725079	lncRNA	ENSMUSG00000106082	-	4930404A12Rik	2392
2393	Dnah10	chr5	124725085	124834308	protein_coding	ENSMUSG00000038011	+	Dnah10	2393
2394	Gm43777	chr5	124817801	124818312	lncRNA	ENSMUSG00000105583	-	Gm43777	2394
2395	Ccdc92	chr5	124834418	124862424	protein_coding	ENSMUSG00000037979	-	Ccdc92	2395
2396	Zfp664	chr5	124862691	124902693	protein_coding	ENSMUSG00000079215	+	Zfp664	2396
2397	Rflna	chr5	125003221	125012547	protein_coding	ENSMUSG00000037962	+	Rflna	2397
2398	Ncor2	chr5	125017153	125179219	protein_coding	ENSMUSG00000029478	-	Ncor2	2398
2399	Gm42838	chr5	125057841	125058370	lncRNA	ENSMUSG00000105604	+	Gm42838	2399
2400	Gm42839	chr5	125086841	125090359	lncRNA	ENSMUSG00000106663	+	Gm42839	2400
2401	Gm32585	chr5	125238314	125272815	lncRNA	ENSMUSG00000105039	-	Gm32585	2401
2402	Scarb1	chr5	125277087	125341094	protein_coding	ENSMUSG00000037936	-	Scarb1	2402
2403	Gm42633	chr5	125318681	125321444	TEC	ENSMUSG00000106458	-	Gm42633	2403
2404	Gm40323	chr5	125361175	125370760	lncRNA	ENSMUSG00000104932	+	Gm40323	2404
2405	Ubc	chr5	125385965	125390202	protein_coding	ENSMUSG00000008348	-	Ubc	2405
2406	Gm10382	chr5	125389322	125390555	lncRNA	ENSMUSG00000072612	+	Gm10382	2406
2407	Dhx37	chr5	125413858	125434121	protein_coding	ENSMUSG00000029480	-	Dhx37	2407
2408	Gm43752	chr5	125435075	125435771	processed_pseudogene	ENSMUSG00000106271	+	Gm43752	2408
2409	Bri3bp	chr5	125441568	125460370	protein_coding	ENSMUSG00000037905	+	Bri3bp	2409
2410	Gm43756	chr5	125471497	125474334	TEC	ENSMUSG00000104793	+	Gm43756	2410
2411	Aacs	chr5	125475814	125517410	protein_coding	ENSMUSG00000029482	+	Aacs	2411
2412	Gm27551	chr5	125479377	125479453	miRNA	ENSMUSG00000098350	+	Gm27551	2412
2413	Tmem132b	chr5	125531774	125792583	protein_coding	ENSMUSG00000070498	+	Tmem132b	2413
2414	1700048F04Rik	chr5	125928770	125952630	lncRNA	ENSMUSG00000105274	+	1700048F04Rik	2414
2415	Gm42945	chr5	125958409	125965845	lncRNA	ENSMUSG00000106378	-	Gm42945	2415
2416	Gm42952	chr5	125963530	125988428	lncRNA	ENSMUSG00000105593	+	Gm42952	2416
2417	Gm7774	chr5	126025941	126026473	processed_pseudogene	ENSMUSG00000105189	-	Gm7774	2417
2418	Gm23151	chr5	126389548	126389654	snRNA	ENSMUSG00000094875	-	Gm23151	2418
2419	Gm37700	chr5	126448458	126449422	TEC	ENSMUSG00000104175	+	Gm37700	2419
2420	Gm40330	chr5	126503850	126504975	lncRNA	ENSMUSG00000104825	-	Gm40330	2420
2421	Gm24839	chr5	126513875	126513981	snRNA	ENSMUSG00000084551	-	Gm24839	2421
2422	1700081B01Rik	chr5	126706914	126736252	lncRNA	ENSMUSG00000105673	+	1700081B01Rik	2422
2423	Gm33347	chr5	126724326	126727284	lncRNA	ENSMUSG00000106235	-	Gm33347	2423
2424	Gm42953	chr5	126797255	126815482	lncRNA	ENSMUSG00000105316	-	Gm42953	2424
2425	Gm40331	chr5	126852757	126885316	lncRNA	ENSMUSG00000106644	+	Gm40331	2425
2426	Gm42955	chr5	127020227	127023619	TEC	ENSMUSG00000105782	+	Gm42955	2426
2427	4933438B17Rik	chr5	127027377	127088529	lncRNA	ENSMUSG00000105490	+	4933438B17Rik	2427
2428	Gm43475	chr5	127108069	127108856	lncRNA	ENSMUSG00000105575	+	Gm43475	2428
2429	4930572K03Rik	chr5	127170560	127184356	lncRNA	ENSMUSG00000105308	+	4930572K03Rik	2429
2430	Gm43476	chr5	127200693	127201097	lncRNA	ENSMUSG00000104778	-	Gm43476	2430
2431	Tmem132c	chr5	127241808	127565793	protein_coding	ENSMUSG00000034324	+	Tmem132c	2431
2432	Tmem132cos	chr5	127256858	127281634	lncRNA	ENSMUSG00000087104	-	Tmem132cos	2432
2433	9430087B13Rik	chr5	127309017	127310101	TEC	ENSMUSG00000104971	+	9430087B13Rik	2433
2434	Gm42980	chr5	127578750	127580109	lncRNA	ENSMUSG00000106015	+	Gm42980	2434
2435	Slc15a4	chr5	127595664	127632897	protein_coding	ENSMUSG00000029416	-	Slc15a4	2435
2436	Glt1d1	chr5	127632262	127709374	protein_coding	ENSMUSG00000049971	+	Glt1d1	2436
2437	Tmem132d	chr5	127781630	128433077	protein_coding	ENSMUSG00000034310	-	Tmem132d	2437
2438	Gm17132	chr5	127877333	127878490	unprocessed_pseudogene	ENSMUSG00000061331	+	Gm17132	2438
2439	Gm17131	chr5	127878531	127882376	unprocessed_pseudogene	ENSMUSG00000085328	+	Gm17131	2439
2440	Gm42497	chr5	128239382	128241339	TEC	ENSMUSG00000104581	-	Gm42497	2440
2441	Gm42496	chr5	128295628	128298868	TEC	ENSMUSG00000105772	-	Gm42496	2441
2442	Gm42817	chr5	128336777	128342778	lncRNA	ENSMUSG00000105857	+	Gm42817	2442
2443	Gm42495	chr5	128444416	128447731	lncRNA	ENSMUSG00000106275	+	Gm42495	2443
2444	Gm42500	chr5	128448904	128449782	lncRNA	ENSMUSG00000104727	+	Gm42500	2444
2445	4930573I07Rik	chr5	128516115	128517634	lncRNA	ENSMUSG00000104980	-	4930573I07Rik	2445
2446	Gm42499	chr5	128520221	128521632	TEC	ENSMUSG00000105172	+	Gm42499	2446
2447	Fzd10os	chr5	128579106	128600693	lncRNA	ENSMUSG00000072591	-	Fzd10os	2447
2448	Gm42498	chr5	128596585	128597956	TEC	ENSMUSG00000105059	-	Gm42498	2448
2449	Fzd10	chr5	128600844	128604093	protein_coding	ENSMUSG00000081683	+	Fzd10	2449
2450	Piwil1	chr5	128702524	128755474	protein_coding	ENSMUSG00000029423	+	Piwil1	2450
2451	4930553I04Rik	chr5	128735360	128736029	TEC	ENSMUSG00000105483	-	4930553I04Rik	2451
2452	Rimbp2	chr5	128757791	128953486	protein_coding	ENSMUSG00000029420	-	Rimbp2	2452
2453	Gm42875	chr5	128769524	128777837	lncRNA	ENSMUSG00000105271	+	Gm42875	2453
2454	Gm42871	chr5	128774525	128775550	lncRNA	ENSMUSG00000106522	-	Gm42871	2454
2455	Stx2	chr5	128984557	129008574	protein_coding	ENSMUSG00000029428	-	Stx2	2455
2456	Ran	chr5	129020069	129024323	protein_coding	ENSMUSG00000029430	+	Ran	2456
2457	Adgrd1	chr5	129096750	129204599	protein_coding	ENSMUSG00000044017	+	Adgrd1	2457
2458	Rps16-ps2	chr5	129128077	129128517	processed_pseudogene	ENSMUSG00000060419	-	Rps16-ps2	2458
2459	Gm43001	chr5	129363562	129364721	lncRNA	ENSMUSG00000104681	+	Gm43001	2459
2460	Gm40332	chr5	129500064	129501001	TEC	ENSMUSG00000104873	-	Gm40332	2460
2461	Sfswap	chr5	129501221	129571384	protein_coding	ENSMUSG00000029439	+	Sfswap	2461
2462	Gm42979	chr5	129556147	129558374	TEC	ENSMUSG00000104814	+	Gm42979	2462
2463	Mmp17	chr5	129584169	129611099	protein_coding	ENSMUSG00000029436	+	Mmp17	2463
2464	Gm6139	chr5	129622990	129623871	processed_pseudogene	ENSMUSG00000057244	-	Gm6139	2464
2465	Zfp11	chr5	129654593	129670099	protein_coding	ENSMUSG00000051034	-	Zfp11	2465
2466	Sept14	chr5	129683391	129708512	protein_coding	ENSMUSG00000034219	-	Sept14	2466
2467	Mrps17	chr5	129715497	129722556	protein_coding	ENSMUSG00000034211	+	Mrps17	2467
2468	Nipsnap2	chr5	129725063	129758327	protein_coding	ENSMUSG00000029432	+	Nipsnap2	2468
2469	Gm15903	chr5	129727046	129731689	lncRNA	ENSMUSG00000086916	+	Gm15903	2469
2470	Psph	chr5	129765558	129787449	protein_coding	ENSMUSG00000029446	-	Psph	2470
2471	Cct6a	chr5	129786998	129846371	protein_coding	ENSMUSG00000029447	+	Cct6a	2471
2472	Gm23245	chr5	129789539	129789673	snoRNA	ENSMUSG00000065304	+	Gm23245	2472
2473	Snora15	chr5	129794546	129794676	snoRNA	ENSMUSG00000093413	+	Snora15	2473
2474	Sumf2	chr5	129846986	129864050	protein_coding	ENSMUSG00000025538	+	Sumf2	2474
2475	Phkg1	chr5	129863421	129898549	protein_coding	ENSMUSG00000025537	-	Phkg1	2475
2476	Gm42790	chr5	129875979	129876947	TEC	ENSMUSG00000106840	-	Gm42790	2476
2477	Chchd2	chr5	129881156	129887470	protein_coding	ENSMUSG00000070493	-	Chchd2	2477
2478	Zbed5	chr5	129895723	129903623	protein_coding	ENSMUSG00000034173	+	Zbed5	2478
2479	Nupr1l	chr5	129908540	129913789	protein_coding	ENSMUSG00000095789	+	Nupr1l	2479
2480	Vkorc1l1	chr5	129941970	129986692	protein_coding	ENSMUSG00000066735	+	Vkorc1l1	2480
2481	Gm42986	chr5	129945580	129948964	TEC	ENSMUSG00000107118	+	Gm42986	2481
2482	Gm43482	chr5	129964366	129966226	TEC	ENSMUSG00000106757	+	Gm43482	2482
2483	Gusb	chr5	129989011	130003049	protein_coding	ENSMUSG00000025534	-	Gusb	2483
2484	Asl	chr5	130011258	130029247	protein_coding	ENSMUSG00000025533	-	Asl	2484
2485	Crcp	chr5	130029290	130060789	protein_coding	ENSMUSG00000025532	+	Crcp	2485
2486	Tpst1	chr5	130073326	130135729	protein_coding	ENSMUSG00000034118	+	Tpst1	2486
2487	2210412B16Rik	chr5	130131327	130131824	TEC	ENSMUSG00000107216	+	2210412B16Rik	2487
2488	Kctd7	chr5	130144861	130155806	protein_coding	ENSMUSG00000034110	+	Kctd7	2488
2489	Rabgef1	chr5	130171798	130214342	protein_coding	ENSMUSG00000025340	+	Rabgef1	2489
2490	Gm15920	chr5	130188395	130188796	processed_pseudogene	ENSMUSG00000080893	+	Gm15920	2490
2491	Gm15921	chr5	130208080	130208562	processed_pseudogene	ENSMUSG00000094092	-	Gm15921	2491
2492	Tmem248	chr5	130217081	130243765	protein_coding	ENSMUSG00000053094	+	Tmem248	2492
2493	Gm6598	chr5	130220451	130223065	lncRNA	ENSMUSG00000107143	-	Gm6598	2493
2494	Gm42467	chr5	130226216	130227662	TEC	ENSMUSG00000106751	+	Gm42467	2494
2495	Sbds	chr5	130245731	130255530	protein_coding	ENSMUSG00000025337	-	Sbds	2495
2496	Tyw1	chr5	130255619	130341563	protein_coding	ENSMUSG00000056310	+	Tyw1	2496
2497	Caln1	chr5	130369455	130847412	protein_coding	ENSMUSG00000060371	+	Caln1	2497
2498	A330070K13Rik	chr5	130378778	130384631	protein_coding	ENSMUSG00000052014	-	A330070K13Rik	2498
2499	Gm23761	chr5	130782701	130782804	snRNA	ENSMUSG00000088972	+	Gm23761	2499
2500	Gm42894	chr5	130864448	130867837	TEC	ENSMUSG00000106694	-	Gm42894	2500
2501	Galnt17	chr5	130872082	131308497	protein_coding	ENSMUSG00000034040	-	Galnt17	2501
2502	Gm42897	chr5	130896502	130898613	TEC	ENSMUSG00000107207	-	Gm42897	2502
2503	Gm42896	chr5	130958923	130960035	TEC	ENSMUSG00000107295	-	Gm42896	2503
2504	Gm43165	chr5	131041336	131042970	TEC	ENSMUSG00000106729	-	Gm43165	2504
2505	Gm43166	chr5	131130021	131134711	lncRNA	ENSMUSG00000106710	-	Gm43166	2505
2506	Gm29681	chr5	131391600	131414718	lncRNA	ENSMUSG00000105387	-	Gm29681	2506
2507	Auts2	chr5	131437333	132543344	protein_coding	ENSMUSG00000029673	-	Auts2	2507
2508	Gm27266	chr5	131577987	131578109	rRNA	ENSMUSG00000099255	+	Gm27266	2508
2509	Gm42589	chr5	131603654	131605404	TEC	ENSMUSG00000105470	-	Gm42589	2509
2510	Gm42588	chr5	131608297	131609593	TEC	ENSMUSG00000105584	-	Gm42588	2510
2511	2810432F15Rik	chr5	131615438	131625087	lncRNA	ENSMUSG00000104987	+	2810432F15Rik	2511
2512	Gm42591	chr5	131624842	131625541	TEC	ENSMUSG00000105500	-	Gm42591	2512
2513	Gm43483	chr5	131639948	131642807	TEC	ENSMUSG00000105289	-	Gm43483	2513
2514	Gm42443	chr5	131694721	131695875	TEC	ENSMUSG00000105726	-	Gm42443	2514
2515	Gm42442	chr5	131697221	131698353	TEC	ENSMUSG00000106557	-	Gm42442	2515
2516	4930563F08Rik	chr5	131880269	131883768	lncRNA	ENSMUSG00000105773	+	4930563F08Rik	2516
2517	C230071H17Rik	chr5	131882966	131885938	TEC	ENSMUSG00000106570	-	C230071H17Rik	2517
2518	Gm42441	chr5	131905695	131906442	TEC	ENSMUSG00000106516	-	Gm42441	2518
2519	Gm42440	chr5	131932396	131934679	TEC	ENSMUSG00000105720	-	Gm42440	2519
2520	Gm42439	chr5	131954992	131965007	lncRNA	ENSMUSG00000106395	+	Gm42439	2520
2521	Gm42438	chr5	131957592	131958565	TEC	ENSMUSG00000106356	-	Gm42438	2521
2522	Gm42991	chr5	131972050	131975886	TEC	ENSMUSG00000106386	-	Gm42991	2522
2523	Gm42992	chr5	131986549	131993384	TEC	ENSMUSG00000106320	-	Gm42992	2523
2524	2610011E03Rik	chr5	131996179	131998413	TEC	ENSMUSG00000104936	-	2610011E03Rik	2524
2525	Gm42993	chr5	132015610	132022934	TEC	ENSMUSG00000105985	-	Gm42993	2525
2526	Gm42995	chr5	132201839	132203168	TEC	ENSMUSG00000105495	-	Gm42995	2526
2527	Gm42996	chr5	132205069	132206704	TEC	ENSMUSG00000106045	-	Gm42996	2527
2528	Gm42989	chr5	132370376	132372681	TEC	ENSMUSG00000104994	-	Gm42989	2528
2529	Gm43019	chr5	132434571	132437433	TEC	ENSMUSG00000106049	-	Gm43019	2529
2530	Gm43018	chr5	132439255	132440529	TEC	ENSMUSG00000106450	-	Gm43018	2530
2531	Gm43187	chr5	132490343	132492739	TEC	ENSMUSG00000105624	-	Gm43187	2531
2532	Gm43188	chr5	132497678	132499837	TEC	ENSMUSG00000106384	-	Gm43188	2532
2533	Gm43186	chr5	132534425	132535248	TEC	ENSMUSG00000105598	-	Gm43186	2533
2534	Gm28616	chr5	132544435	132545593	lncRNA	ENSMUSG00000100420	+	Gm28616	2534
2535	Gm42626	chr5	132546056	132550633	lncRNA	ENSMUSG00000105809	+	Gm42626	2535
2536	Gm38373	chr5	132796153	132796440	TEC	ENSMUSG00000103500	+	Gm38373	2536
2537	Gm25722	chr5	132801678	132801956	misc_RNA	ENSMUSG00000088123	+	Gm25722	2537
2538	Gm42625	chr5	133443342	133444263	TEC	ENSMUSG00000106097	+	Gm42625	2538
2539	Gm10051	chr5	133475123	133475536	processed_pseudogene	ENSMUSG00000058905	+	Gm10051	2539
2540	Gm17979	chr5	133519757	133520722	processed_pseudogene	ENSMUSG00000106172	+	Gm17979	2540
2541	Gm36667	chr5	133534590	133598406	lncRNA	ENSMUSG00000105227	-	Gm36667	2541
2542	Gm2404	chr5	133919159	133920002	processed_pseudogene	ENSMUSG00000104893	-	Gm2404	2542
2543	1700030N18Rik	chr5	134090486	134091451	TEC	ENSMUSG00000106800	-	1700030N18Rik	2543
2544	Gm15627	chr5	134098412	134099208	lncRNA	ENSMUSG00000087344	-	Gm15627	2544
2545	Castor2	chr5	134099711	134144343	protein_coding	ENSMUSG00000015944	+	Castor2	2545
2546	Rcc1l	chr5	134148054	134176774	protein_coding	ENSMUSG00000061979	-	Rcc1l	2546
2547	B230377A18Rik	chr5	134176346	134177709	TEC	ENSMUSG00000104195	+	B230377A18Rik	2547
2548	Gtf2ird2	chr5	134184019	134224355	protein_coding	ENSMUSG00000015942	+	Gtf2ird2	2548
2549	Gm24139	chr5	134204469	134204756	misc_RNA	ENSMUSG00000084729	+	Gm24139	2549
2550	Ncf1	chr5	134220053	134229625	protein_coding	ENSMUSG00000015950	-	Ncf1	2550
2551	Gtf2i	chr5	134237834	134314760	protein_coding	ENSMUSG00000060261	-	Gtf2i	2551
2552	Gm43481	chr5	134267065	134270736	TEC	ENSMUSG00000107000	-	Gm43481	2552
2553	Gm43480	chr5	134298798	134299213	lncRNA	ENSMUSG00000107076	-	Gm43480	2553
2554	Mir3965	chr5	134326454	134326522	miRNA	ENSMUSG00000093311	+	Mir3965	2554
2555	Gtf2ird1	chr5	134357656	134456716	protein_coding	ENSMUSG00000023079	-	Gtf2ird1	2555
2556	n-R5s178	chr5	134416239	134416352	rRNA	ENSMUSG00000077437	+	n-R5s178	2556
2557	Gm26340	chr5	134448574	134448672	miRNA	ENSMUSG00000076320	+	Gm26340	2557
2558	Gm42882	chr5	134455990	134458030	lncRNA	ENSMUSG00000106969	+	Gm42882	2558
2559	Gm16020	chr5	134463240	134463449	processed_pseudogene	ENSMUSG00000072576	+	Gm16020	2559
2560	Gm42885	chr5	134481233	134485446	TEC	ENSMUSG00000106802	-	Gm42885	2560
2561	Clip2	chr5	134489383	134552434	protein_coding	ENSMUSG00000063146	-	Clip2	2561
2562	2700029L08Rik	chr5	134519325	134520789	TEC	ENSMUSG00000106691	-	2700029L08Rik	2562
2563	Gm42884	chr5	134552057	134558495	lncRNA	ENSMUSG00000107090	+	Gm42884	2563
2564	Syna	chr5	134558146	134560171	protein_coding	ENSMUSG00000085957	-	Syna	2564
2565	Mir7228	chr5	134572076	134572114	miRNA	ENSMUSG00000106323	+	Mir7228	2565
2566	Rfc2	chr5	134581366	134601805	protein_coding	ENSMUSG00000023104	+	Rfc2	2566
2567	Lat2	chr5	134600022	134615025	protein_coding	ENSMUSG00000040751	-	Lat2	2567
2568	Eif4h	chr5	134619721	134639490	protein_coding	ENSMUSG00000040731	-	Eif4h	2568
2569	Limk1	chr5	134656039	134688598	protein_coding	ENSMUSG00000029674	-	Limk1	2569
2570	Gm10369	chr5	134676490	134680145	lncRNA	ENSMUSG00000072573	+	Gm10369	2570
2571	Eln	chr5	134702593	134747323	protein_coding	ENSMUSG00000029675	-	Eln	2571
2572	Gm30003	chr5	134747042	134822967	lncRNA	ENSMUSG00000107318	+	Gm30003	2572
2573	Tmem270	chr5	134901593	134906733	protein_coding	ENSMUSG00000040576	-	Tmem270	2573
2574	Cldn13	chr5	134914249	134915526	protein_coding	ENSMUSG00000008843	-	Cldn13	2574
2575	AC079938.1	chr5	134919746	134920352	unprocessed_pseudogene	ENSMUSG00000118424	-	AC079938.1	2575
2576	4933439J24Rik	chr5	134919788	134920640	lncRNA	ENSMUSG00000107322	+	4933439J24Rik	2576
2577	AC079938.2	chr5	134924261	134924873	unprocessed_pseudogene	ENSMUSG00000118469	-	AC079938.2	2577
2578	9030607J07Rik	chr5	134929848	134931469	TEC	ENSMUSG00000107005	-	9030607J07Rik	2578
2579	Mettl27	chr5	134932368	134942637	protein_coding	ENSMUSG00000040557	+	Mettl27	2579
2580	Cldn4	chr5	134945119	134946934	protein_coding	ENSMUSG00000047501	-	Cldn4	2580
2581	Cldn3	chr5	134986214	134987472	protein_coding	ENSMUSG00000070473	+	Cldn3	2581
2582	Wbscr25	chr5	134987433	135001350	lncRNA	ENSMUSG00000054909	-	Wbscr25	2582
2583	Rps29-ps	chr5	135006577	135006748	processed_pseudogene	ENSMUSG00000084392	+	Rps29-ps	2583
2584	Gm43372	chr5	135007093	135010108	TEC	ENSMUSG00000107335	-	Gm43372	2584
2585	Abhd11	chr5	135009152	135012175	protein_coding	ENSMUSG00000040532	+	Abhd11	2585
2586	Abhd11os	chr5	135012114	135013253	transcribed_unitary_pseudogene	ENSMUSG00000085042	-	Abhd11os	2586
2587	Stx1a	chr5	135023482	135051100	protein_coding	ENSMUSG00000007207	+	Stx1a	2587
2588	Bud23	chr5	135052957	135064959	protein_coding	ENSMUSG00000005378	-	Bud23	2588
2589	Gm25492	chr5	135053988	135054116	scaRNA	ENSMUSG00000088008	-	Gm25492	2589
2590	Dnajc30	chr5	135064202	135065862	protein_coding	ENSMUSG00000061118	+	Dnajc30	2590
2591	Vps37d	chr5	135072900	135078266	protein_coding	ENSMUSG00000043614	-	Vps37d	2591
2592	Mlxipl	chr5	135089890	135138382	protein_coding	ENSMUSG00000005373	+	Mlxipl	2592
2593	Gm43500	chr5	135122410	135123293	lncRNA	ENSMUSG00000107296	-	Gm43500	2593
2594	Tbl2	chr5	135149657	135165760	protein_coding	ENSMUSG00000005374	+	Tbl2	2594
2595	Bcl7b	chr5	135168283	135181855	protein_coding	ENSMUSG00000029681	+	Bcl7b	2595
2596	Baz1b	chr5	135187264	135246129	protein_coding	ENSMUSG00000002748	+	Baz1b	2596
2597	Fzd9	chr5	135248938	135251230	protein_coding	ENSMUSG00000049551	-	Fzd9	2597
2598	9430007M09Rik	chr5	135264326	135265129	TEC	ENSMUSG00000106913	+	9430007M09Rik	2598
2599	Fkbp6	chr5	135291704	135350044	protein_coding	ENSMUSG00000040013	-	Fkbp6	2599
2600	Trim50	chr5	135353295	135368005	protein_coding	ENSMUSG00000053388	+	Trim50	2600
2601	Nsun5	chr5	135369953	135376805	protein_coding	ENSMUSG00000000916	+	Nsun5	2601
2602	Pom121	chr5	135376141	135394546	protein_coding	ENSMUSG00000053293	-	Pom121	2602
2603	Mir7033	chr5	135383730	135383810	miRNA	ENSMUSG00000099212	-	Mir7033	2603
2604	Hip1	chr5	135406531	135545120	protein_coding	ENSMUSG00000039959	-	Hip1	2604
2605	Gm42731	chr5	135471779	135473419	TEC	ENSMUSG00000106758	-	Gm42731	2605
2606	Ccl26	chr5	135560448	135563569	protein_coding	ENSMUSG00000070464	-	Ccl26	2606
2607	Ccl24	chr5	135569937	135573049	protein_coding	ENSMUSG00000004814	-	Ccl24	2607
2608	Gm43123	chr5	135613829	135617299	TEC	ENSMUSG00000107029	-	Gm43123	2608
2609	Rhbdd2	chr5	135632618	135646448	protein_coding	ENSMUSG00000039917	+	Rhbdd2	2609
2610	Gm15607	chr5	135637139	135637496	processed_pseudogene	ENSMUSG00000082001	-	Gm15607	2610
2611	Gm21839	chr5	135643955	135644336	pseudogene	ENSMUSG00000094372	-	Gm21839	2611
2612	Gm43091	chr5	135653810	135672987	lncRNA	ENSMUSG00000105239	-	Gm43091	2612
2613	Por	chr5	135670033	135735326	protein_coding	ENSMUSG00000005514	+	Por	2613
2614	Gm16061	chr5	135698163	135699019	processed_pseudogene	ENSMUSG00000080972	-	Gm16061	2614
2615	Tmem120a	chr5	135735485	135744448	protein_coding	ENSMUSG00000039886	-	Tmem120a	2615
2616	Mir7034	chr5	135735806	135735889	miRNA	ENSMUSG00000099197	-	Mir7034	2616
2617	Styxl1	chr5	135747220	135778385	protein_coding	ENSMUSG00000019178	-	Styxl1	2617
2618	Mdh2	chr5	135778480	135790398	protein_coding	ENSMUSG00000019179	+	Mdh2	2618
2619	Srrm3	chr5	135806890	135874772	protein_coding	ENSMUSG00000039860	+	Srrm3	2619
2620	Gm23268	chr5	135837295	135837372	miRNA	ENSMUSG00000094486	-	Gm23268	2620
2621	Srrm3os	chr5	135843057	135844946	lncRNA	ENSMUSG00000085026	-	Srrm3os	2621
2622	Gm22450	chr5	135875657	135875763	snRNA	ENSMUSG00000095502	+	Gm22450	2622
2623	Hspb1	chr5	135887919	135889563	protein_coding	ENSMUSG00000004951	+	Hspb1	2623
2624	Gm42533	chr5	135896330	135896486	processed_pseudogene	ENSMUSG00000105047	-	Gm42533	2624
2625	Ywhag	chr5	135908409	135934616	protein_coding	ENSMUSG00000051391	-	Ywhag	2625
2626	Ssc4d	chr5	135960211	135974531	protein_coding	ENSMUSG00000029699	-	Ssc4d	2626
2627	Zp3	chr5	135980099	135988624	protein_coding	ENSMUSG00000004948	+	Zp3	2627
2628	Dtx2	chr5	135994800	136032872	protein_coding	ENSMUSG00000004947	+	Dtx2	2628
2629	Upk3b	chr5	136038496	136046487	protein_coding	ENSMUSG00000042985	+	Upk3b	2629
2630	Upk3bl	chr5	136054492	136064326	protein_coding	ENSMUSG00000006143	+	Upk3bl	2630
2631	Rasa4	chr5	136083916	136111860	protein_coding	ENSMUSG00000004952	+	Rasa4	2631
2632	Gm22214	chr5	136096260	136096431	snRNA	ENSMUSG00000088188	-	Gm22214	2632
2633	Gm15701	chr5	136102604	136104436	lncRNA	ENSMUSG00000086656	-	Gm15701	2633
2634	Mir7035	chr5	136105522	136105603	miRNA	ENSMUSG00000099003	+	Mir7035	2634
2635	Polr2j	chr5	136116631	136122947	protein_coding	ENSMUSG00000039771	+	Polr2j	2635
2636	Gm43604	chr5	136120966	136121670	lncRNA	ENSMUSG00000105349	-	Gm43604	2636
2637	Lrwd1	chr5	136122772	136136074	protein_coding	ENSMUSG00000029703	-	Lrwd1	2637
2638	Alkbh4	chr5	136136146	136141615	protein_coding	ENSMUSG00000039754	+	Alkbh4	2638
2639	Orai2	chr5	136147459	136170713	protein_coding	ENSMUSG00000039747	-	Orai2	2639
2640	Prkrip1	chr5	136178127	136198963	protein_coding	ENSMUSG00000039737	-	Prkrip1	2640
2641	Gm5050	chr5	136211012	136211786	processed_pseudogene	ENSMUSG00000106243	-	Gm5050	2641
2642	Sh2b2	chr5	136218147	136246556	protein_coding	ENSMUSG00000005057	-	Sh2b2	2642
2643	Cux1	chr5	136248135	136567490	protein_coding	ENSMUSG00000029705	-	Cux1	2643
2644	Gm16599	chr5	136274996	136417894	lncRNA	ENSMUSG00000086220	+	Gm16599	2644
2645	A430110C17Rik	chr5	136345884	136350231	TEC	ENSMUSG00000102415	-	A430110C17Rik	2645
2646	Mir721	chr5	136375716	136375803	miRNA	ENSMUSG00000106479	-	Mir721	2646
2647	Gm38082	chr5	136529596	136536477	TEC	ENSMUSG00000104369	-	Gm38082	2647
2648	Myl10	chr5	136693146	136701094	protein_coding	ENSMUSG00000005474	+	Myl10	2648
2649	Col26a1	chr5	136741759	136883209	protein_coding	ENSMUSG00000004415	-	Col26a1	2649
2650	Gm20485	chr5	136863637	136869722	lncRNA	ENSMUSG00000092402	-	Gm20485	2650
2651	Gm43649	chr5	136896644	136897034	processed_pseudogene	ENSMUSG00000104707	+	Gm43649	2651
2652	Ift22	chr5	136908150	136915404	protein_coding	ENSMUSG00000007987	+	Ift22	2652
2653	4933404O12Rik	chr5	136919146	136937112	lncRNA	ENSMUSG00000097908	+	4933404O12Rik	2653
2654	Fis1	chr5	136953275	136966234	protein_coding	ENSMUSG00000019054	+	Fis1	2654
2655	Cldn15	chr5	136966616	136975858	protein_coding	ENSMUSG00000001739	+	Cldn15	2655
2656	Znhit1	chr5	136982164	136988021	protein_coding	ENSMUSG00000059518	-	Znhit1	2656
2657	Plod3	chr5	136987019	136996648	protein_coding	ENSMUSG00000004846	+	Plod3	2657
2658	Mir702	chr5	136991433	136991541	miRNA	ENSMUSG00000076240	+	Mir702	2658
2659	Gm7284	chr5	136997386	136999294	unprocessed_pseudogene	ENSMUSG00000087244	+	Gm7284	2659
2660	Gm26989	chr5	137002002	137005547	unprocessed_pseudogene	ENSMUSG00000098131	+	Gm26989	2660
2661	Vgf	chr5	137026392	137033351	protein_coding	ENSMUSG00000037428	+	Vgf	2661
2662	Ap1s1	chr5	137034993	137046135	protein_coding	ENSMUSG00000004849	-	Ap1s1	2662
2663	Serpine1	chr5	137061504	137072268	protein_coding	ENSMUSG00000037411	-	Serpine1	2663
2664	Trim56	chr5	137105644	137116209	protein_coding	ENSMUSG00000043279	-	Trim56	2664
2665	Muc3	chr5	137134922	137149322	protein_coding	ENSMUSG00000037390	-	Muc3	2665
2666	Gm3054	chr5	137154029	137166070	lncRNA	ENSMUSG00000079174	-	Gm3054	2666
2667	Gm40348	chr5	137166450	137172662	lncRNA	ENSMUSG00000106466	+	Gm40348	2667
2668	CAAA01077340.1	chr5	137166892	137177043	protein_coding	ENSMUSG00000118522	-	CAAA01077340.1	2668
2669	Gm20768	chr5	137186830	137189167	processed_pseudogene	ENSMUSG00000106190	-	Gm20768	2669
2670	Muc3a	chr5	137208813	137212389	protein_coding	ENSMUSG00000094840	-	Muc3a	2670
2671	Gm42456	chr5	137274093	137288662	lncRNA	ENSMUSG00000105736	-	Gm42456	2671
2672	Ache	chr5	137287519	137294466	protein_coding	ENSMUSG00000023328	+	Ache	2672
2673	Mir8116	chr5	137293780	137293876	miRNA	ENSMUSG00000099145	+	Mir8116	2673
2674	Ufsp1	chr5	137294629	137295665	protein_coding	ENSMUSG00000051502	+	Ufsp1	2674
2675	Srrt	chr5	137295704	137307674	protein_coding	ENSMUSG00000037364	-	Srrt	2675
2676	Mir7036	chr5	137296624	137296688	miRNA	ENSMUSG00000098624	-	Mir7036	2676
2677	Gm43013	chr5	137309396	137309642	processed_pseudogene	ENSMUSG00000106058	+	Gm43013	2677
2678	Trip6	chr5	137309654	137314404	protein_coding	ENSMUSG00000023348	-	Trip6	2678
2679	Slc12a9	chr5	137314558	137333597	protein_coding	ENSMUSG00000037344	-	Slc12a9	2679
2680	Gm43012	chr5	137337409	137338345	TEC	ENSMUSG00000105802	+	Gm43012	2680
2681	Ephb4	chr5	137350109	137378669	protein_coding	ENSMUSG00000029710	+	Ephb4	2681
2682	Zan	chr5	137378637	137477064	protein_coding	ENSMUSG00000079173	-	Zan	2682
2683	Rpl36-ps9	chr5	137432987	137433263	processed_pseudogene	ENSMUSG00000106476	+	Rpl36-ps9	2683
2684	Epo	chr5	137483020	137533242	protein_coding	ENSMUSG00000029711	-	Epo	2684
2685	Pop7	chr5	137501438	137502518	protein_coding	ENSMUSG00000029715	-	Pop7	2685
2686	9130604C24Rik	chr5	137502673	137503628	lncRNA	ENSMUSG00000105851	+	9130604C24Rik	2686
2687	Gm8066	chr5	137510253	137517501	lncRNA	ENSMUSG00000106237	+	Gm8066	2687
2688	Gigyf1	chr5	137518548	137527935	protein_coding	ENSMUSG00000029714	+	Gigyf1	2688
2689	Gnb2	chr5	137528127	137533510	protein_coding	ENSMUSG00000029713	-	Gnb2	2689
2690	Mir6418	chr5	137529480	137529594	miRNA	ENSMUSG00000098597	-	Mir6418	2690
2691	Gm17112	chr5	137532423	137540718	lncRNA	ENSMUSG00000090873	+	Gm17112	2691
2692	Actl6b	chr5	137553517	137569582	protein_coding	ENSMUSG00000029712	+	Actl6b	2692
2693	Tfr2	chr5	137569840	137587481	protein_coding	ENSMUSG00000029716	+	Tfr2	2693
2694	Mospd3	chr5	137596645	137601058	protein_coding	ENSMUSG00000037221	-	Mospd3	2694
2695	Gm7285	chr5	137601593	137602172	processed_pseudogene	ENSMUSG00000105408	+	Gm7285	2695
2696	Pcolce	chr5	137605103	137613784	protein_coding	ENSMUSG00000029718	-	Pcolce	2696
2697	Fbxo24	chr5	137612503	137629002	protein_coding	ENSMUSG00000089984	-	Fbxo24	2697
2698	Gm36266	chr5	137612852	137615247	lncRNA	ENSMUSG00000106617	+	Gm36266	2698
2699	Gm16089	chr5	137615627	137615962	processed_pseudogene	ENSMUSG00000081228	+	Gm16089	2699
2700	Lrch4	chr5	137629121	137641099	protein_coding	ENSMUSG00000093445	+	Lrch4	2700
2701	Gm20605	chr5	137629175	137642899	protein_coding	ENSMUSG00000029720	+	Gm20605	2701
2702	Sap25	chr5	137641334	137642902	protein_coding	ENSMUSG00000079165	+	Sap25	2702
2703	Irs3	chr5	137643031	137645714	protein_coding	ENSMUSG00000047182	-	Irs3	2703
2704	Agfg2	chr5	137650463	137684726	protein_coding	ENSMUSG00000029722	-	Agfg2	2704
2705	Gm15498	chr5	137685154	137690751	lncRNA	ENSMUSG00000079163	-	Gm15498	2705
2706	Gm15753	chr5	137720354	137721740	unprocessed_pseudogene	ENSMUSG00000082088	-	Gm15753	2706
2707	Nyap1	chr5	137729899	137741607	protein_coding	ENSMUSG00000045348	-	Nyap1	2707
2708	Tsc22d4	chr5	137745730	137768450	protein_coding	ENSMUSG00000029723	+	Tsc22d4	2708
2709	Ppp1r35	chr5	137778849	137780110	protein_coding	ENSMUSG00000029725	+	Ppp1r35	2709
2710	Mepce	chr5	137781906	137787655	protein_coding	ENSMUSG00000029726	-	Mepce	2710
2711	Zcwpw1	chr5	137787798	137822621	protein_coding	ENSMUSG00000037108	+	Zcwpw1	2711
2712	Pilra	chr5	137821952	137836281	protein_coding	ENSMUSG00000046245	-	Pilra	2712
2713	Pilrb1	chr5	137852147	137858106	protein_coding	ENSMUSG00000066684	-	Pilrb1	2713
2714	Gm36551	chr5	137857045	137860318	lncRNA	ENSMUSG00000106478	+	Gm36551	2714
2715	Pilrb2	chr5	137865827	137871815	protein_coding	ENSMUSG00000066682	-	Pilrb2	2715
2716	Gm43495	chr5	137870754	137871209	lncRNA	ENSMUSG00000106155	+	Gm43495	2716
2717	Gm43494	chr5	137875235	137875622	processed_pseudogene	ENSMUSG00000105649	-	Gm43494	2717
2718	Gm3103	chr5	137888071	137888822	processed_pseudogene	ENSMUSG00000106435	+	Gm3103	2718
2719	Cyp3a13	chr5	137892932	137921619	protein_coding	ENSMUSG00000029727	-	Cyp3a13	2719
2720	Gm8099	chr5	137928275	137929016	processed_pseudogene	ENSMUSG00000105787	+	Gm8099	2720
2721	Gjc3	chr5	137953461	137963098	protein_coding	ENSMUSG00000056966	-	Gjc3	2721
2722	Azgp1	chr5	137981520	137990233	protein_coding	ENSMUSG00000037053	+	Azgp1	2722
2723	Gm4963	chr5	137993047	137993424	processed_pseudogene	ENSMUSG00000063739	-	Gm4963	2723
2724	Gm29127	chr5	138017419	138017935	processed_pseudogene	ENSMUSG00000100543	+	Gm29127	2724
2725	Smok3a	chr5	138021261	138034664	protein_coding	ENSMUSG00000075599	+	Smok3a	2725
2726	Smok3b	chr5	138021429	138050636	protein_coding	ENSMUSG00000079156	+	Smok3b	2726
2727	Smok3c	chr5	138053194	138066537	protein_coding	ENSMUSG00000075598	+	Smok3c	2727
2728	Zkscan1	chr5	138085084	138107822	protein_coding	ENSMUSG00000029729	+	Zkscan1	2728
2729	Gm43493	chr5	138106907	138107108	processed_pseudogene	ENSMUSG00000106102	+	Gm43493	2729
2730	Zscan21	chr5	138116903	138134265	protein_coding	ENSMUSG00000037017	+	Zscan21	2730
2731	Zfp113	chr5	138139702	138155744	protein_coding	ENSMUSG00000037007	-	Zfp113	2731
2732	Cops6	chr5	138161071	138164646	protein_coding	ENSMUSG00000019494	+	Cops6	2732
2733	Mcm7	chr5	138164583	138172422	protein_coding	ENSMUSG00000029730	-	Mcm7	2733
2734	Mir25	chr5	138165321	138165404	miRNA	ENSMUSG00000065394	-	Mir25	2734
2735	Mir93	chr5	138165523	138165610	miRNA	ENSMUSG00000065527	-	Mir93	2735
2736	Mir106b	chr5	138165737	138165818	miRNA	ENSMUSG00000065514	-	Mir106b	2736
2737	Ap4m1	chr5	138172002	138180429	protein_coding	ENSMUSG00000019518	+	Ap4m1	2737
2738	Taf6	chr5	138178617	138187451	protein_coding	ENSMUSG00000036980	-	Taf6	2738
2739	Cnpy4	chr5	138187485	138193918	protein_coding	ENSMUSG00000036968	+	Cnpy4	2739
2740	Mblac1	chr5	138194314	138195621	protein_coding	ENSMUSG00000049285	+	Mblac1	2740
2741	Gm454	chr5	138203609	138207308	lncRNA	ENSMUSG00000089783	-	Gm454	2741
2742	Gm43645	chr5	138207508	138207972	lncRNA	ENSMUSG00000106338	+	Gm43645	2742
2743	Gm22956	chr5	138219737	138219816	snRNA	ENSMUSG00000084469	+	Gm22956	2743
2744	Nxpe5	chr5	138225898	138253363	protein_coding	ENSMUSG00000047592	+	Nxpe5	2744
2745	Lamtor4	chr5	138255482	138259398	protein_coding	ENSMUSG00000050552	+	Lamtor4	2745
2746	Map11	chr5	138259656	138264033	protein_coding	ENSMUSG00000036948	-	Map11	2746
2747	6330418K02Rik	chr5	138264043	138266661	lncRNA	ENSMUSG00000085227	+	6330418K02Rik	2747
2748	Gal3st4	chr5	138264921	138272840	protein_coding	ENSMUSG00000075593	-	Gal3st4	2748
2749	Gm43720	chr5	138264952	138279958	protein_coding	ENSMUSG00000106247	-	Gm43720	2749
2750	Gpc2	chr5	138273655	138280005	protein_coding	ENSMUSG00000029510	-	Gpc2	2750
2751	Stag3	chr5	138280240	138312393	protein_coding	ENSMUSG00000036928	+	Stag3	2751
2752	Pvrig	chr5	138341961	138343557	protein_coding	ENSMUSG00000109713	+	Pvrig	2752
2753	Pvrig-ps	chr5	138359838	138360041	processed_pseudogene	ENSMUSG00000106161	+	Pvrig-ps	2753
2754	Gm10874	chr5	138363719	138388287	lncRNA	ENSMUSG00000075591	+	Gm10874	2754
2755	Got2-ps1	chr5	138364260	138365552	processed_pseudogene	ENSMUSG00000080935	-	Got2-ps1	2755
2756	Gm25525	chr5	138378591	138378697	snRNA	ENSMUSG00000093932	+	Gm25525	2756
2757	Cyp3a61-ps1	chr5	138383812	138391594	unprocessed_pseudogene	ENSMUSG00000112214	-	Cyp3a61-ps1	2757
2758	Gm48029	chr5	138412594	138412913	processed_pseudogene	ENSMUSG00000112194	-	Gm48029	2758
2759	Zfp157	chr5	138441468	138460694	protein_coding	ENSMUSG00000036898	+	Zfp157	2759
2760	Gm5564	chr5	138504813	138505779	processed_pseudogene	ENSMUSG00000046440	+	Gm5564	2760
2761	Vmn2r-ps24	chr5	138532077	138532934	processed_pseudogene	ENSMUSG00000104668	+	Vmn2r-ps24	2761
2762	1700123K08Rik	chr5	138561840	138564712	protein_coding	ENSMUSG00000029526	-	1700123K08Rik	2762
2763	Zfp68	chr5	138603652	138619761	protein_coding	ENSMUSG00000058291	-	Zfp68	2763
2764	Gm24082	chr5	138606699	138606781	miRNA	ENSMUSG00000092916	+	Gm24082	2764
2765	Gm15497	chr5	138610739	138611289	processed_pseudogene	ENSMUSG00000081142	+	Gm15497	2765
2766	Gm42815	chr5	138619288	138620757	TEC	ENSMUSG00000104686	+	Gm42815	2766
2767	A430033K04Rik	chr5	138622859	138652414	protein_coding	ENSMUSG00000056014	+	A430033K04Rik	2767
2768	Gm38232	chr5	138725395	138726185	TEC	ENSMUSG00000103298	+	Gm38232	2768
2769	Fam20c	chr5	138754514	138810077	protein_coding	ENSMUSG00000025854	+	Fam20c	2769
2770	Gm5294	chr5	138820080	138821619	protein_coding	ENSMUSG00000094504	+	Gm5294	2770
2771	Pdgfa	chr5	138976014	138997370	protein_coding	ENSMUSG00000025856	-	Pdgfa	2771
2772	6330403L08Rik	chr5	138995056	139000577	lncRNA	ENSMUSG00000075585	+	6330403L08Rik	2772
2773	Prkar1b	chr5	139017306	139150001	protein_coding	ENSMUSG00000025855	-	Prkar1b	2773
2774	Gm15672	chr5	139147576	139150693	lncRNA	ENSMUSG00000086873	-	Gm15672	2774
2775	Dnaaf5	chr5	139150223	139186510	protein_coding	ENSMUSG00000025857	+	Dnaaf5	2775
2776	Sun1	chr5	139200637	139249840	protein_coding	ENSMUSG00000036817	+	Sun1	2776
2777	4930520M14Rik	chr5	139215469	139216356	lncRNA	ENSMUSG00000106127	-	4930520M14Rik	2777
2778	Get4	chr5	139252324	139270051	protein_coding	ENSMUSG00000025858	+	Get4	2778
2779	Adap1	chr5	139271876	139325622	protein_coding	ENSMUSG00000056413	-	Adap1	2779
2780	Gm27316	chr5	139312424	139312700	misc_RNA	ENSMUSG00000098690	+	Gm27316	2780
2781	Cox19	chr5	139336189	139351418	protein_coding	ENSMUSG00000045438	-	Cox19	2781
2782	Cyp2w1	chr5	139352617	139357033	protein_coding	ENSMUSG00000029541	+	Cyp2w1	2782
2783	3110082I17Rik	chr5	139359739	139460527	protein_coding	ENSMUSG00000053553	-	3110082I17Rik	2783
2784	Mir339	chr5	139369650	139369745	miRNA	ENSMUSG00000065593	-	Mir339	2784
2785	Gpr146	chr5	139377697	139396415	protein_coding	ENSMUSG00000044197	+	Gpr146	2785
2786	C130050O18Rik	chr5	139405280	139415623	protein_coding	ENSMUSG00000044092	+	C130050O18Rik	2786
2787	Gper1	chr5	139423151	139427800	protein_coding	ENSMUSG00000053647	+	Gper1	2787
2788	Gm26285	chr5	139443599	139443705	snRNA	ENSMUSG00000095016	+	Gm26285	2788
2789	Zfand2a	chr5	139471211	139484549	protein_coding	ENSMUSG00000053581	-	Zfand2a	2789
2790	4930500L23Rik	chr5	139523749	139541339	lncRNA	ENSMUSG00000106056	+	4930500L23Rik	2790
2791	Uncx	chr5	139543494	139548179	protein_coding	ENSMUSG00000029546	+	Uncx	2791
2792	Gm42424	chr5	139701647	139702022	processed_pseudogene	ENSMUSG00000104637	+	Gm42424	2792
2793	Micall2	chr5	139706696	139736336	protein_coding	ENSMUSG00000036718	-	Micall2	2793
2794	Ints1	chr5	139751282	139775674	protein_coding	ENSMUSG00000029547	-	Ints1	2794
2795	Mir7037	chr5	139767879	139767943	miRNA	ENSMUSG00000098574	-	Mir7037	2795
2796	Mafk	chr5	139791513	139802653	protein_coding	ENSMUSG00000018143	+	Mafk	2796
2797	Tmem184a	chr5	139802485	139819917	protein_coding	ENSMUSG00000036687	-	Tmem184a	2797
2798	Gm26938	chr5	139807978	139826407	protein_coding	ENSMUSG00000098140	-	Gm26938	2798
2799	Psmg3	chr5	139823592	139826885	protein_coding	ENSMUSG00000029551	-	Psmg3	2799
2800	Gm42423	chr5	139895809	139902734	lncRNA	ENSMUSG00000105335	+	Gm42423	2800
2801	Elfn1	chr5	139907943	139974722	protein_coding	ENSMUSG00000048988	+	Elfn1	2801
2802	Gm43704	chr5	139963296	139963791	processed_pseudogene	ENSMUSG00000106090	-	Gm43704	2802
2803	Mad1l1	chr5	140008689	140321552	protein_coding	ENSMUSG00000029554	-	Mad1l1	2803
2804	Gm43702	chr5	140029631	140032176	TEC	ENSMUSG00000105453	-	Gm43702	2804
2805	Gm16122	chr5	140074105	140085512	lncRNA	ENSMUSG00000085673	+	Gm16122	2805
2806	Gm16121	chr5	140101199	140107591	lncRNA	ENSMUSG00000087606	+	Gm16121	2806
2807	Gm43195	chr5	140149156	140151487	TEC	ENSMUSG00000106497	-	Gm43195	2807
2808	Gm16120	chr5	140207385	140210751	lncRNA	ENSMUSG00000087248	+	Gm16120	2808
2809	Gm43338	chr5	140321622	140323844	TEC	ENSMUSG00000105679	-	Gm43338	2809
2810	Nudt1	chr5	140321656	140338137	protein_coding	ENSMUSG00000036639	+	Nudt1	2810
2811	Mrm2	chr5	140327674	140331898	protein_coding	ENSMUSG00000029557	-	Mrm2	2811
2812	Snx8	chr5	140340299	140389262	protein_coding	ENSMUSG00000029560	-	Snx8	2812
2813	Eif3b	chr5	140419328	140443360	protein_coding	ENSMUSG00000056076	+	Eif3b	2813
2814	Mir7038	chr5	140427339	140427409	miRNA	ENSMUSG00000098319	+	Mir7038	2814
2815	Gm4869	chr5	140445645	140495071	protein_coding	ENSMUSG00000106350	+	Gm4869	2815
2816	Gm42805	chr5	140453418	140453891	processed_pseudogene	ENSMUSG00000105056	-	Gm42805	2816
2817	Chst12	chr5	140505550	140525724	protein_coding	ENSMUSG00000036599	+	Chst12	2817
2818	Gm42808	chr5	140545486	140546392	lncRNA	ENSMUSG00000105845	-	Gm42808	2818
2819	Gm32158	chr5	140546435	140546838	processed_pseudogene	ENSMUSG00000105633	+	Gm32158	2819
2820	Grifin	chr5	140563119	140565071	protein_coding	ENSMUSG00000036586	-	Grifin	2820
2821	Gm43703	chr5	140605789	140606551	lncRNA	ENSMUSG00000105699	-	Gm43703	2821
2822	Lfng	chr5	140607320	140615545	protein_coding	ENSMUSG00000029570	+	Lfng	2822
2823	Ttyh3	chr5	140620578	140649031	protein_coding	ENSMUSG00000036565	-	Ttyh3	2823
2824	Iqce	chr5	140661827	140702378	protein_coding	ENSMUSG00000036555	-	Iqce	2824
2825	Brat1	chr5	140705011	140719379	protein_coding	ENSMUSG00000000148	+	Brat1	2825
2826	Amz1	chr5	140724127	140761439	protein_coding	ENSMUSG00000050022	+	Amz1	2826
2827	Gna12	chr5	140758408	140830431	protein_coding	ENSMUSG00000000149	-	Gna12	2827
2828	Card11	chr5	140872990	141000582	protein_coding	ENSMUSG00000036526	-	Card11	2828
2829	Gm44385	chr5	141029928	141030008	miRNA	ENSMUSG00000104683	+	Gm44385	2829
2830	Sdk1	chr5	141241490	142215586	protein_coding	ENSMUSG00000039683	+	Sdk1	2830
2831	Gm6433	chr5	141267581	141268455	processed_pseudogene	ENSMUSG00000083382	-	Gm6433	2831
2832	Gm43708	chr5	141297143	141298103	TEC	ENSMUSG00000105873	-	Gm43708	2832
2833	Gm43556	chr5	141307387	141308067	TEC	ENSMUSG00000105344	-	Gm43556	2833
2834	Gm43557	chr5	141315765	141318134	TEC	ENSMUSG00000105212	-	Gm43557	2834
2835	Gm16035	chr5	141373179	141380926	lncRNA	ENSMUSG00000084934	-	Gm16035	2835
2836	Gm24131	chr5	141566143	141566249	snRNA	ENSMUSG00000089164	-	Gm24131	2836
2837	Gm16036	chr5	141595985	141616002	lncRNA	ENSMUSG00000085540	-	Gm16036	2837
2838	Gm26970	chr5	142283106	142284069	processed_pseudogene	ENSMUSG00000097947	+	Gm26970	2838
2839	Foxk1	chr5	142401497	142462011	protein_coding	ENSMUSG00000056493	+	Foxk1	2839
2840	Ap5z1	chr5	142463944	142478710	protein_coding	ENSMUSG00000039623	+	Ap5z1	2840
2841	Radil	chr5	142484839	142551098	protein_coding	ENSMUSG00000029576	-	Radil	2841
2842	Papolb	chr5	142525838	142530076	protein_coding	ENSMUSG00000074817	-	Papolb	2842
2843	Gm43037	chr5	142556444	142556954	unprocessed_pseudogene	ENSMUSG00000105213	+	Gm43037	2843
2844	Mmd2	chr5	142562358	142608800	protein_coding	ENSMUSG00000039533	-	Mmd2	2844
2845	Gm31274	chr5	142622603	142622831	processed_pseudogene	ENSMUSG00000104978	-	Gm31274	2845
2846	Wipi2	chr5	142627698	142670588	protein_coding	ENSMUSG00000029578	+	Wipi2	2846
2847	Slc29a4	chr5	142692512	142722490	protein_coding	ENSMUSG00000050822	+	Slc29a4	2847
2848	Tnrc18	chr5	142724661	142817662	protein_coding	ENSMUSG00000039477	-	Tnrc18	2848
2849	Gm15770	chr5	142852616	142853199	processed_pseudogene	ENSMUSG00000082308	-	Gm15770	2849
2850	Fbxl18	chr5	142866946	142895421	protein_coding	ENSMUSG00000066640	-	Fbxl18	2850
2851	D430018E03Rik	chr5	142874077	142878373	lncRNA	ENSMUSG00000097559	-	D430018E03Rik	2851
2852	Actb	chr5	142903115	142906754	protein_coding	ENSMUSG00000029580	-	Actb	2852
2853	Fscn1	chr5	142960343	142973185	protein_coding	ENSMUSG00000029581	+	Fscn1	2853
2854	Rnf216	chr5	142990893	143112994	protein_coding	ENSMUSG00000045078	-	Rnf216	2854
2855	Gm43378	chr5	143049462	143050043	lncRNA	ENSMUSG00000106543	-	Gm43378	2855
2856	Gm43380	chr5	143067653	143067872	processed_pseudogene	ENSMUSG00000105714	+	Gm43380	2856
2857	Olfr718-ps1	chr5	143134014	143147581	protein_coding	ENSMUSG00000090981	-	Olfr718-ps1	2857
2858	Gm7291	chr5	143157161	143157542	processed_pseudogene	ENSMUSG00000105901	-	Gm7291	2858
2859	Gm44405	chr5	143157177	143157302	miRNA	ENSMUSG00000104836	+	Gm44405	2859
2860	Rbakdn	chr5	143164779	143165751	lncRNA	ENSMUSG00000104529	-	Rbakdn	2860
2861	Rbak	chr5	143172186	143180775	protein_coding	ENSMUSG00000061898	-	Rbak	2861
2862	Spdye4b	chr5	143181017	143205075	protein_coding	ENSMUSG00000029586	+	Spdye4b	2862
2863	Spdye4a	chr5	143216316	143226890	protein_coding	ENSMUSG00000039296	-	Spdye4a	2863
2864	4930448H16Rik	chr5	143227718	143234748	lncRNA	ENSMUSG00000089879	+	4930448H16Rik	2864
2865	Zfp12	chr5	143235163	143248834	protein_coding	ENSMUSG00000029587	+	Zfp12	2865
2866	Zfp316	chr5	143249697	143270022	protein_coding	ENSMUSG00000046658	-	Zfp316	2866
2867	BC030343	chr5	143270075	143272513	lncRNA	ENSMUSG00000105345	+	BC030343	2867
2868	Zfp853	chr5	143287038	143293623	protein_coding	ENSMUSG00000093910	-	Zfp853	2868
2869	E130309D02Rik	chr5	143301195	143315360	protein_coding	ENSMUSG00000039244	-	E130309D02Rik	2869
2870	Gm42501	chr5	143314839	143315864	TEC	ENSMUSG00000105609	+	Gm42501	2870
2871	Zdhhc4	chr5	143316489	143329256	protein_coding	ENSMUSG00000001844	-	Zdhhc4	2871
2872	0610040B10Rik	chr5	143329247	143332704	lncRNA	ENSMUSG00000089889	+	0610040B10Rik	2872
2873	Gm43397	chr5	143334635	143335425	lncRNA	ENSMUSG00000104875	+	Gm43397	2873
2874	Grid2ip	chr5	143357338	143392152	protein_coding	ENSMUSG00000010825	+	Grid2ip	2874
2875	Gm20635	chr5	143390730	143403748	lncRNA	ENSMUSG00000093720	-	Gm20635	2875
2876	Gm42504	chr5	143393689	143397457	lncRNA	ENSMUSG00000106198	-	Gm42504	2876
2877	Gm43398	chr5	143395503	143398244	TEC	ENSMUSG00000105594	+	Gm43398	2877
2878	9530056K15Rik	chr5	143397248	143399563	TEC	ENSMUSG00000045345	-	9530056K15Rik	2878
2879	Kdelr2	chr5	143403838	143421901	protein_coding	ENSMUSG00000079111	+	Kdelr2	2879
2880	Gm4870	chr5	143438393	143439643	processed_pseudogene	ENSMUSG00000105206	+	Gm4870	2880
2881	Gm9497	chr5	143456903	143457440	processed_pseudogene	ENSMUSG00000106068	+	Gm9497	2881
2882	Daglb	chr5	143464584	143505942	protein_coding	ENSMUSG00000039206	+	Daglb	2882
2883	Rac1	chr5	143503634	143528036	protein_coding	ENSMUSG00000001847	-	Rac1	2883
2884	Gm42502	chr5	143525660	143526748	TEC	ENSMUSG00000105198	+	Gm42502	2884
2885	Fam220a	chr5	143548708	143564531	protein_coding	ENSMUSG00000083012	+	Fam220a	2885
2886	Cyth3	chr5	143622447	143710250	protein_coding	ENSMUSG00000018001	+	Cyth3	2886
2887	Usp42	chr5	143710325	143732280	protein_coding	ENSMUSG00000051306	-	Usp42	2887
2888	D130017N08Rik	chr5	143758354	143768575	lncRNA	ENSMUSG00000097287	+	D130017N08Rik	2888
2889	Gm42503	chr5	143770040	143773745	TEC	ENSMUSG00000104708	+	Gm42503	2889
2890	Eif2ak1	chr5	143817788	143904251	protein_coding	ENSMUSG00000029613	+	Eif2ak1	2890
2891	Ankrd61	chr5	143890741	143897685	protein_coding	ENSMUSG00000029607	-	Ankrd61	2891
2892	Aimp2	chr5	143902704	143909847	protein_coding	ENSMUSG00000029610	-	Aimp2	2892
2893	Pms2	chr5	143909964	143933968	protein_coding	ENSMUSG00000079109	+	Pms2	2893
2894	Gm17135	chr5	143922577	143980991	lncRNA	ENSMUSG00000091351	-	Gm17135	2894
2895	Gm42421	chr5	143928175	143937309	protein_coding	ENSMUSG00000104633	+	Gm42421	2895
2896	Rsph10b	chr5	143933035	143985719	protein_coding	ENSMUSG00000075569	+	Rsph10b	2896
2897	Ccz1	chr5	143987909	144014877	protein_coding	ENSMUSG00000029617	-	Ccz1	2897
2898	Gm24311	chr5	144013998	144014101	snRNA	ENSMUSG00000093856	+	Gm24311	2898
2899	Ocm	chr5	144019804	144026670	protein_coding	ENSMUSG00000029618	-	Ocm	2899
2900	Gm43615	chr5	144067418	144069190	processed_pseudogene	ENSMUSG00000105150	-	Gm43615	2900
2901	Lmtk2	chr5	144100436	144188204	protein_coding	ENSMUSG00000038970	+	Lmtk2	2901
2902	Gm26925	chr5	144110816	144111772	processed_pseudogene	ENSMUSG00000098039	-	Gm26925	2902
2903	Bhlha15	chr5	144190286	144194441	protein_coding	ENSMUSG00000052271	+	Bhlha15	2903
2904	Tecpr1	chr5	144194442	144223615	protein_coding	ENSMUSG00000066621	-	Tecpr1	2904
2905	Gm43267	chr5	144223725	144225520	TEC	ENSMUSG00000104662	+	Gm43267	2905
2906	2900089D17Rik	chr5	144241690	144256186	lncRNA	ENSMUSG00000087484	-	2900089D17Rik	2906
2907	Bri3	chr5	144244437	144446757	protein_coding	ENSMUSG00000047843	+	Bri3	2907
2908	Baiap2l1	chr5	144264526	144358112	protein_coding	ENSMUSG00000038859	-	Baiap2l1	2908
2909	Gm15708	chr5	144277061	144280513	lncRNA	ENSMUSG00000086894	+	Gm15708	2909
2910	Dmrt1i	chr5	144357923	144361048	lncRNA	ENSMUSG00000104600	+	Dmrt1i	2910
2911	Gm15709	chr5	144406602	144406814	processed_pseudogene	ENSMUSG00000083574	+	Gm15709	2911
2912	Nptx2	chr5	144545902	144557478	protein_coding	ENSMUSG00000059991	+	Nptx2	2912
2913	Gm6272	chr5	144723627	144723797	processed_pseudogene	ENSMUSG00000082524	-	Gm6272	2913
2914	Tmem130	chr5	144735915	144761818	protein_coding	ENSMUSG00000043388	-	Tmem130	2914
2915	Trrap	chr5	144767732	144859778	protein_coding	ENSMUSG00000045482	+	Trrap	2915
2916	Gm23995	chr5	144774425	144774553	snoRNA	ENSMUSG00000088685	+	Gm23995	2916
2917	Smurf1	chr5	144876495	144965847	protein_coding	ENSMUSG00000038780	-	Smurf1	2917
2918	Kpna7	chr5	144983519	145084030	protein_coding	ENSMUSG00000038770	-	Kpna7	2918
2919	Gm43563	chr5	145020178	145021018	unprocessed_pseudogene	ENSMUSG00000105177	+	Gm43563	2919
2920	Gm4871	chr5	145029600	145032754	protein_coding	ENSMUSG00000061707	-	Gm4871	2920
2921	Gm43562	chr5	145032836	145033459	lncRNA	ENSMUSG00000106393	+	Gm43562	2921
2922	Gm43561	chr5	145035374	145035821	processed_pseudogene	ENSMUSG00000105024	-	Gm43561	2922
2923	1700018F24Rik	chr5	145042990	145045681	protein_coding	ENSMUSG00000029620	+	1700018F24Rik	2923
2924	AC110556.1	chr5	145067517	145067678	unitary_pseudogene	ENSMUSG00000118480	+	AC110556.1	2924
2925	Arpc1a	chr5	145083830	145108761	protein_coding	ENSMUSG00000029621	+	Arpc1a	2925
2926	Arpc1b	chr5	145114215	145130705	protein_coding	ENSMUSG00000029622	+	Arpc1b	2926
2927	Pdap1	chr5	145128769	145140238	protein_coding	ENSMUSG00000029623	-	Pdap1	2927
2928	Bud31	chr5	145140362	145148078	protein_coding	ENSMUSG00000038722	+	Bud31	2928
2929	Ptcd1	chr5	145147514	145167108	protein_coding	ENSMUSG00000029624	-	Ptcd1	2929
2930	Cpsf4	chr5	145167213	145182041	protein_coding	ENSMUSG00000029625	+	Cpsf4	2930
2931	Atp5j2	chr5	145183698	145192062	protein_coding	ENSMUSG00000038690	-	Atp5j2	2931
2932	Zkscan14	chr5	145194946	145201868	protein_coding	ENSMUSG00000029627	-	Zkscan14	2932
2933	Zkscan5	chr5	145204562	145221750	protein_coding	ENSMUSG00000055991	+	Zkscan5	2933
2934	Zfp655	chr5	145231715	145247302	protein_coding	ENSMUSG00000007812	+	Zfp655	2934
2935	Gm9710	chr5	145265879	145266377	processed_pseudogene	ENSMUSG00000106188	-	Gm9710	2935
2936	Zscan25	chr5	145280500	145291278	protein_coding	ENSMUSG00000070420	+	Zscan25	2936
2937	Gm42636	chr5	145292770	145295008	TEC	ENSMUSG00000104682	+	Gm42636	2937
2938	Cyp3a57	chr5	145345279	145390926	protein_coding	ENSMUSG00000070419	+	Cyp3a57	2938
2939	Gm2314	chr5	145400868	145401453	processed_pseudogene	ENSMUSG00000104644	+	Gm2314	2939
2940	Gm42859	chr5	145409648	145409840	processed_pseudogene	ENSMUSG00000105764	+	Gm42859	2940
2941	Cyp3a16	chr5	145436309	145469723	protein_coding	ENSMUSG00000038656	-	Cyp3a16	2941
2942	Gm42863	chr5	145504097	145507054	TEC	ENSMUSG00000105270	-	Gm42863	2942
2943	Cyp3a41b	chr5	145558664	145584730	protein_coding	ENSMUSG00000075552	-	Cyp3a41b	2943
2944	Cyp3a63-ps	chr5	145624092	145633993	unprocessed_pseudogene	ENSMUSG00000106040	-	Cyp3a63-ps	2944
2945	Cyp3a41a	chr5	145694049	145720136	protein_coding	ENSMUSG00000075551	-	Cyp3a41a	2945
2946	Gm43626	chr5	145760545	145760706	processed_pseudogene	ENSMUSG00000105661	+	Gm43626	2946
2947	Cyp3a44	chr5	145773983	145805874	protein_coding	ENSMUSG00000054417	-	Cyp3a44	2947
2948	Gm19089	chr5	145818761	145835195	unprocessed_pseudogene	ENSMUSG00000106473	+	Gm19089	2948
2949	Cyp3a11	chr5	145854426	145879964	protein_coding	ENSMUSG00000056035	-	Cyp3a11	2949
2950	Gm42431	chr5	145918556	145918878	processed_pseudogene	ENSMUSG00000105405	-	Gm42431	2950
2951	Gm43624	chr5	145956052	145965050	unprocessed_pseudogene	ENSMUSG00000104805	+	Gm43624	2951
2952	Cyp3a25	chr5	145977194	146009618	protein_coding	ENSMUSG00000029630	-	Cyp3a25	2952
2953	Gm8454	chr5	146017031	146017841	processed_pseudogene	ENSMUSG00000104895	-	Gm8454	2953
2954	Gm8458	chr5	146070906	146071724	processed_pseudogene	ENSMUSG00000105390	+	Gm8458	2954
2955	Cyp3a59	chr5	146079257	146113287	protein_coding	ENSMUSG00000061292	+	Cyp3a59	2955
2956	Gm5565	chr5	146157802	146160539	protein_coding	ENSMUSG00000104752	-	Gm5565	2956
2957	Gm6309	chr5	146167976	146170721	protein_coding	ENSMUSG00000096798	-	Gm6309	2957
2958	1700001J03Rik	chr5	146182441	146185304	protein_coding	ENSMUSG00000095040	-	1700001J03Rik	2958
2959	B230303O12Rik	chr5	146188620	146194809	lncRNA	ENSMUSG00000106547	-	B230303O12Rik	2959
2960	Gm34248	chr5	146199985	146200458	processed_pseudogene	ENSMUSG00000105542	-	Gm34248	2960
2961	Gm43625	chr5	146203251	146204789	lncRNA	ENSMUSG00000105636	-	Gm43625	2961
2962	Rnf6	chr5	146209192	146221555	protein_coding	ENSMUSG00000029634	-	Rnf6	2962
2963	Cdk8	chr5	146231230	146302874	protein_coding	ENSMUSG00000029635	+	Cdk8	2963
2964	Gm15739	chr5	146248551	146249422	processed_pseudogene	ENSMUSG00000080957	+	Gm15739	2964
2965	Wasf3	chr5	146384985	146473615	protein_coding	ENSMUSG00000029636	+	Wasf3	2965
2966	Gm6408	chr5	146481965	146484704	protein_coding	ENSMUSG00000096344	+	Gm6408	2966
2967	Gm6370	chr5	146491363	146494132	protein_coding	ENSMUSG00000096527	+	Gm6370	2967
2968	4930449I24Rik	chr5	146502399	146505183	protein_coding	ENSMUSG00000079093	+	4930449I24Rik	2968
2969	Gm3402	chr5	146514123	146516902	protein_coding	ENSMUSG00000041505	+	Gm3402	2969
2970	Gm3404	chr5	146525801	146528553	protein_coding	ENSMUSG00000079091	+	Gm3404	2970
2971	Gm3409	chr5	146537647	146540427	protein_coding	ENSMUSG00000096664	+	Gm3409	2971
2972	Gm3415	chr5	146556136	146558915	protein_coding	ENSMUSG00000095557	+	Gm3415	2972
2973	Gm8494	chr5	146574888	146576120	processed_pseudogene	ENSMUSG00000094090	+	Gm8494	2973
2974	Gpr12	chr5	146582398	146585239	protein_coding	ENSMUSG00000041468	-	Gpr12	2974
2975	Gm34333	chr5	146586645	146600102	lncRNA	ENSMUSG00000105907	-	Gm34333	2975
2976	4930573C15Rik	chr5	146706622	146707496	lncRNA	ENSMUSG00000106020	+	4930573C15Rik	2976
2977	Usp12	chr5	146734809	146795006	protein_coding	ENSMUSG00000029640	-	Usp12	2977
2978	1700041I07Rik	chr5	146795918	146806433	lncRNA	ENSMUSG00000104845	+	1700041I07Rik	2978
2979	Rpl21	chr5	146832890	146837032	protein_coding	ENSMUSG00000041453	+	Rpl21	2979
2980	Gm25091	chr5	146834834	146834904	snoRNA	ENSMUSG00000077185	+	Gm25091	2980
2981	Gm23202	chr5	146835144	146835272	snoRNA	ENSMUSG00000077564	+	Gm23202	2981
2982	Rasl11a	chr5	146845071	146847726	protein_coding	ENSMUSG00000029641	+	Rasl11a	2982
2983	Gtf3a	chr5	146948657	146955614	protein_coding	ENSMUSG00000016503	+	Gtf3a	2983
2984	Mtif3	chr5	146951573	146963800	protein_coding	ENSMUSG00000016510	-	Mtif3	2984
2985	Lnx2	chr5	147016655	147076586	protein_coding	ENSMUSG00000016520	-	Lnx2	2985
2986	Polr1d	chr5	147077050	147111597	protein_coding	ENSMUSG00000029642	+	Polr1d	2986
2987	Rps10-ps4	chr5	147100562	147101053	processed_pseudogene	ENSMUSG00000083988	-	Rps10-ps4	2987
2988	Gsx1	chr5	147188696	147190947	protein_coding	ENSMUSG00000053129	+	Gsx1	2988
2989	Gm24556	chr5	147200124	147200253	snoRNA	ENSMUSG00000077735	-	Gm24556	2989
2990	Plut	chr5	147228596	147271521	lncRNA	ENSMUSG00000092570	-	Plut	2990
2991	Pdx1	chr5	147269959	147275848	protein_coding	ENSMUSG00000029644	+	Pdx1	2991
2992	Gm27033	chr5	147280720	147281263	lncRNA	ENSMUSG00000098053	+	Gm27033	2992
2993	Mir7k	chr5	147283189	147283298	miRNA	ENSMUSG00000098687	-	Mir7k	2993
2994	Cdx2	chr5	147300805	147307270	protein_coding	ENSMUSG00000029646	-	Cdx2	2994
2995	Urad	chr5	147314984	147322440	protein_coding	ENSMUSG00000075543	-	Urad	2995
2996	Gm29778	chr5	147325869	147326334	processed_pseudogene	ENSMUSG00000106939	-	Gm29778	2996
2997	Flt3	chr5	147330741	147400489	protein_coding	ENSMUSG00000042817	-	Flt3	2997
2998	Gm26597	chr5	147399554	147401917	lncRNA	ENSMUSG00000097228	+	Gm26597	2998
2999	Gm6054	chr5	147408982	147409359	processed_pseudogene	ENSMUSG00000057157	+	Gm6054	2999
3000	Gm29793	chr5	147409920	147410379	processed_pseudogene	ENSMUSG00000107037	+	Gm29793	3000
3001	D5Ertd605e	chr5	147418601	147423044	lncRNA	ENSMUSG00000106820	+	D5Ertd605e	3001
3002	Gm43461	chr5	147427738	147428733	TEC	ENSMUSG00000107336	+	Gm43461	3002
3003	Gm43460	chr5	147428830	147429886	TEC	ENSMUSG00000106891	+	Gm43460	3003
3004	Pan3	chr5	147430161	147548502	protein_coding	ENSMUSG00000029647	+	Pan3	3004
3005	Gm42883	chr5	147439390	147439611	processed_pseudogene	ENSMUSG00000107085	+	Gm42883	3005
3006	Flt1	chr5	147561604	147726011	protein_coding	ENSMUSG00000029648	-	Flt1	3006
3007	Gm43156	chr5	147745516	147749176	lncRNA	ENSMUSG00000106845	+	Gm43156	3007
3008	Gm43155	chr5	147822245	147822738	processed_pseudogene	ENSMUSG00000107065	+	Gm43155	3008
3009	Pomp	chr5	147860461	147876456	protein_coding	ENSMUSG00000029649	+	Pomp	3009
3010	Gm35648	chr5	147868074	147868548	processed_pseudogene	ENSMUSG00000107079	-	Gm35648	3010
3011	Slc46a3	chr5	147878437	147894815	protein_coding	ENSMUSG00000029650	-	Slc46a3	3011
3012	Gm15721	chr5	147949882	147957166	lncRNA	ENSMUSG00000085565	-	Gm15721	3012
3013	Mtus2	chr5	147957320	148316065	protein_coding	ENSMUSG00000029651	+	Mtus2	3013
3014	Gm10167	chr5	148182899	148184377	processed_pseudogene	ENSMUSG00000066554	-	Gm10167	3014
3015	Gm43553	chr5	148206228	148206912	TEC	ENSMUSG00000107033	+	Gm43553	3015
3016	Slc7a1	chr5	148327410	148399904	protein_coding	ENSMUSG00000041313	-	Slc7a1	3016
3017	Gm19617	chr5	148456838	148457145	unprocessed_pseudogene	ENSMUSG00000106956	+	Gm19617	3017
3018	Ubl3	chr5	148504635	148552789	protein_coding	ENSMUSG00000001687	-	Ubl3	3018
3019	1700013A02Rik	chr5	148553217	148553861	TEC	ENSMUSG00000106899	-	1700013A02Rik	3019
3020	Gm29815	chr5	148613467	148613644	processed_pseudogene	ENSMUSG00000107098	-	Gm29815	3020
3021	Gm36186	chr5	148711466	148718397	lncRNA	ENSMUSG00000106733	+	Gm36186	3021
3022	2210417A02Rik	chr5	148741840	148743139	lncRNA	ENSMUSG00000086494	+	2210417A02Rik	3022
3023	n-R5s179	chr5	148753323	148753440	rRNA	ENSMUSG00000084513	-	n-R5s179	3023
3024	4930505K14Rik	chr5	148777963	148783080	lncRNA	ENSMUSG00000085740	+	4930505K14Rik	3024
3025	Gm15407	chr5	148820767	148837798	lncRNA	ENSMUSG00000087647	+	Gm15407	3025
3026	Katnal1	chr5	148871584	148929320	protein_coding	ENSMUSG00000041298	-	Katnal1	3026
3027	Gm42791	chr5	148893775	148995147	protein_coding	ENSMUSG00000106892	-	Gm42791	3027
3028	Gm43600	chr5	148926688	148926910	unprocessed_pseudogene	ENSMUSG00000106810	+	Gm43600	3028
3029	Gm15410	chr5	148946592	148948866	lncRNA	ENSMUSG00000085639	-	Gm15410	3029
3030	Gm15406	chr5	148948897	148996566	lncRNA	ENSMUSG00000085237	-	Gm15406	3030
3031	8430423G03Rik	chr5	148950250	148951658	lncRNA	ENSMUSG00000079069	+	8430423G03Rik	3031
3032	1810059H22Rik	chr5	148953748	148970122	lncRNA	ENSMUSG00000108207	-	1810059H22Rik	3032
3033	Gm15409	chr5	148959278	148961712	lncRNA	ENSMUSG00000087272	+	Gm15409	3033
3034	5930430L01Rik	chr5	148990056	148995223	lncRNA	ENSMUSG00000106951	-	5930430L01Rik	3034
3035	Gm15411	chr5	148995651	149015813	lncRNA	ENSMUSG00000085971	-	Gm15411	3035
3036	Gm15408	chr5	149006962	149012776	lncRNA	ENSMUSG00000086610	+	Gm15408	3036
3037	Hmgb1	chr5	149046702	149184489	protein_coding	ENSMUSG00000066551	-	Hmgb1	3037
3038	Mm2pr	chr5	149119565	149184063	lncRNA	ENSMUSG00000097191	-	Mm2pr	3038
3039	Gm42787	chr5	149128584	149129957	lncRNA	ENSMUSG00000107133	+	Gm42787	3039
3040	Gm42788	chr5	149144263	149153540	lncRNA	ENSMUSG00000107388	+	Gm42788	3040
3041	Gm23362	chr5	149145724	149145821	snoRNA	ENSMUSG00000092764	+	Gm23362	3041
3042	Gm8615	chr5	149155108	149156209	transcribed_processed_pseudogene	ENSMUSG00000024437	-	Gm8615	3042
3043	Gm43332	chr5	149183183	149184226	lncRNA	ENSMUSG00000107313	+	Gm43332	3043
3044	Uspl1	chr5	149184350	149215434	protein_coding	ENSMUSG00000041264	+	Uspl1	3044
3045	2310047D07Rik	chr5	149231332	149237984	lncRNA	ENSMUSG00000100783	+	2310047D07Rik	3045
3046	Gm29264	chr5	149234816	149247682	lncRNA	ENSMUSG00000100465	-	Gm29264	3046
3047	Gm24105	chr5	149247952	149248244	misc_RNA	ENSMUSG00000092674	-	Gm24105	3047
3048	Alox5ap	chr5	149264767	149288153	protein_coding	ENSMUSG00000060063	+	Alox5ap	3048
3049	Gm19719	chr5	149282752	149287868	lncRNA	ENSMUSG00000107317	-	Gm19719	3049
3050	BC028471	chr5	149367636	149393596	lncRNA	ENSMUSG00000107271	+	BC028471	3050
3051	Gm20488	chr5	149368476	149430682	lncRNA	ENSMUSG00000107314	+	Gm20488	3051
3052	Gm43152	chr5	149399490	149401127	TEC	ENSMUSG00000107152	+	Gm43152	3052
3053	Medag	chr5	149411749	149431723	protein_coding	ENSMUSG00000029659	+	Medag	3053
3054	Gm43151	chr5	149423363	149425099	lncRNA	ENSMUSG00000106750	-	Gm43151	3054
3055	Gm43150	chr5	149425653	149428962	lncRNA	ENSMUSG00000106777	-	Gm43150	3055
3056	Tex26	chr5	149439660	149470979	protein_coding	ENSMUSG00000029660	+	Tex26	3056
3057	4933425D22Rik	chr5	149441861	149443581	lncRNA	ENSMUSG00000107164	+	4933425D22Rik	3057
3058	Gm15997	chr5	149489056	149538030	lncRNA	ENSMUSG00000107132	-	Gm15997	3058
3059	Gm2566	chr5	149502503	149503052	processed_pseudogene	ENSMUSG00000106879	-	Gm2566	3059
3060	Wdr95	chr5	149528679	149611894	protein_coding	ENSMUSG00000029658	+	Wdr95	3060
3061	Hsph1	chr5	149614287	149636376	protein_coding	ENSMUSG00000029657	-	Hsph1	3061
3062	Gm20005	chr5	149641610	149647790	lncRNA	ENSMUSG00000106674	+	Gm20005	3062
3063	Gm5566	chr5	149660765	149661223	processed_pseudogene	ENSMUSG00000080002	-	Gm5566	3063
3064	B3glct	chr5	149678230	149762599	protein_coding	ENSMUSG00000051950	+	B3glct	3064
3065	Gm21221	chr5	149801990	149811751	lncRNA	ENSMUSG00000106740	-	Gm21221	3065
3066	4930500F04Rik	chr5	149847747	149864280	lncRNA	ENSMUSG00000107214	+	4930500F04Rik	3066
3067	Gm43450	chr5	149868748	149871409	lncRNA	ENSMUSG00000107279	-	Gm43450	3067
3068	Gm43452	chr5	149895129	149896119	lncRNA	ENSMUSG00000107093	-	Gm43452	3068
3069	Gm36241	chr5	149903197	149911114	lncRNA	ENSMUSG00000107112	+	Gm36241	3069
3070	Gm21048	chr5	150001805	150003314	processed_pseudogene	ENSMUSG00000107056	-	Gm21048	3070
3071	Rxfp2	chr5	150018675	150082184	protein_coding	ENSMUSG00000053368	+	Rxfp2	3071
3072	Gm42558	chr5	150022479	150022743	lncRNA	ENSMUSG00000107360	+	Gm42558	3072
3073	Gm42557	chr5	150067258	150082795	lncRNA	ENSMUSG00000107384	-	Gm42557	3073
3074	Fry	chr5	150118645	150497753	protein_coding	ENSMUSG00000056602	+	Fry	3074
3075	Gm36378	chr5	150243863	150244250	processed_pseudogene	ENSMUSG00000107082	+	Gm36378	3075
3076	Gm42556	chr5	150283995	150299441	lncRNA	ENSMUSG00000106719	-	Gm42556	3076
3077	AC154885.1	chr5	150442065	150442304	unprocessed_pseudogene	ENSMUSG00000118543	-	AC154885.1	3077
3078	Gm18753	chr5	150446782	150447347	processed_pseudogene	ENSMUSG00000107262	+	Gm18753	3078
3079	Gm5	chr5	150499747	150502304	lncRNA	ENSMUSG00000106738	-	Gm5	3079
3080	Zar1l	chr5	150507055	150518164	protein_coding	ENSMUSG00000056586	-	Zar1l	3080
3081	Gm15933	chr5	150509694	150511338	processed_pseudogene	ENSMUSG00000082104	-	Gm15933	3081
3082	Brca2	chr5	150522630	150570329	protein_coding	ENSMUSG00000041147	+	Brca2	3082
3083	Gm25284	chr5	150547313	150547453	snRNA	ENSMUSG00000095531	-	Gm25284	3083
3084	Gm23641	chr5	150551707	150551807	snRNA	ENSMUSG00000088482	-	Gm23641	3084
3085	Gm42529	chr5	150560209	150566426	lncRNA	ENSMUSG00000106764	-	Gm42529	3085
3086	Gm42531	chr5	150562311	150566358	lncRNA	ENSMUSG00000107178	+	Gm42531	3086
3087	Gm43690	chr5	150570833	150571098	lncRNA	ENSMUSG00000106980	-	Gm43690	3087
3088	N4bp2l1	chr5	150571644	150597188	protein_coding	ENSMUSG00000041132	-	N4bp2l1	3088
3089	Gm43598	chr5	150597062	150599540	lncRNA	ENSMUSG00000106927	-	Gm43598	3089
3090	Gm43597	chr5	150599932	150607003	lncRNA	ENSMUSG00000107096	-	Gm43597	3090
3091	N4bp2l2	chr5	150608007	150666183	protein_coding	ENSMUSG00000029655	-	N4bp2l2	3091
3092	Pds5b	chr5	150673739	150810690	protein_coding	ENSMUSG00000034021	+	Pds5b	3092
3093	Gm24630	chr5	150708044	150708149	snRNA	ENSMUSG00000084717	+	Gm24630	3093
3094	Gm26013	chr5	150710846	150710964	snoRNA	ENSMUSG00000077592	-	Gm26013	3094
3095	Gm43807	chr5	150752093	150753873	lncRNA	ENSMUSG00000107048	+	Gm43807	3095
3096	Gm36447	chr5	150822859	150866601	lncRNA	ENSMUSG00000106692	+	Gm36447	3096
3097	Gm43298	chr5	150863963	150882642	lncRNA	ENSMUSG00000107047	-	Gm43298	3097
3098	Kl	chr5	150952607	150993817	protein_coding	ENSMUSG00000058488	+	Kl	3098
3099	Gm8675	chr5	151007446	151009301	processed_pseudogene	ENSMUSG00000106963	-	Gm8675	3099
3100	Stard13	chr5	151037510	151233836	protein_coding	ENSMUSG00000016128	-	Stard13	3100
3101	Gm42906	chr5	151063546	151428163	protein_coding	ENSMUSG00000107011	-	Gm42906	3101
3102	5430435K18Rik	chr5	151252305	151259264	lncRNA	ENSMUSG00000107387	+	5430435K18Rik	3102
3103	Gm7041	chr5	151281123	151281646	processed_pseudogene	ENSMUSG00000107154	+	Gm7041	3103
3104	D730045B01Rik	chr5	151367720	151428210	lncRNA	ENSMUSG00000054622	-	D730045B01Rik	3104
3105	1700028E10Rik	chr5	151368675	151432118	lncRNA	ENSMUSG00000097321	+	1700028E10Rik	3105
3106	Vmn2r-ps25	chr5	151435966	151461865	unprocessed_pseudogene	ENSMUSG00000107123	-	Vmn2r-ps25	3106
3107	Vmn2r-ps26	chr5	151513135	151549267	unprocessed_pseudogene	ENSMUSG00000106703	-	Vmn2r-ps26	3107
3108	Vmn2r18	chr5	151561190	151606021	protein_coding	ENSMUSG00000091794	-	Vmn2r18	3108
3109	AC120011.1	chr5	151635991	151641268	unprocessed_pseudogene	ENSMUSG00000106759	+	AC120011.1	3109
3110	Rfc3	chr5	151642756	151651242	protein_coding	ENSMUSG00000033970	-	Rfc3	3110
3111	Gm43129	chr5	151685811	151693926	lncRNA	ENSMUSG00000107241	+	Gm43129	3111
3112	Gm24242	chr5	151700202	151700308	snRNA	ENSMUSG00000095272	-	Gm24242	3112
3113	Gm26463	chr5	151702368	151702468	miRNA	ENSMUSG00000092806	-	Gm26463	3113
