	gene_name	chr	start	end	type	ensembl_id	strand	gene_name2	Node_ID
0	Gm10232	chr17	3044014	3044733	processed_pseudogene	ENSMUSG00000068141	-	Gm10232	0
1	Gm16569	chr17	3053159	3054111	unprocessed_pseudogene	ENSMUSG00000089690	+	Gm16569	1
2	Gm25909	chr17	3057799	3057919	snoRNA	ENSMUSG00000088244	-	Gm25909	2
3	Pisd-ps2	chr17	3076578	3084183	transcribed_unprocessed_pseudogene	ENSMUSG00000023795	-	Pisd-ps2	3
4	Gm5679	chr17	3097018	3098165	processed_pseudogene	ENSMUSG00000116817	+	Gm5679	4
5	Gm4829	chr17	3101143	3101736	processed_pseudogene	ENSMUSG00000116779	-	Gm4829	5
6	Gm21926	chr17	3103175	3114795	transcribed_processed_pseudogene	ENSMUSG00000116995	-	Gm21926	6
7	Scaf8	chr17	3114972	3198859	protein_coding	ENSMUSG00000046201	+	Scaf8	7
8	Gm49798	chr17	3124555	3124801	processed_pseudogene	ENSMUSG00000116596	-	Gm49798	8
9	Gm46578	chr17	3130158	3130512	processed_pseudogene	ENSMUSG00000116941	-	Gm46578	9
10	Gm49797	chr17	3198110	3311120	lncRNA	ENSMUSG00000116858	+	Gm49797	10
11	Gm34035	chr17	3270681	3283270	lncRNA	ENSMUSG00000116874	-	Gm34035	11
12	Gm6475	chr17	3312250	3314185	processed_pseudogene	ENSMUSG00000116838	-	Gm6475	12
13	Tiam2	chr17	3326573	3531344	protein_coding	ENSMUSG00000023800	+	Tiam2	13
14	Gm49221	chr17	3346711	3347067	processed_pseudogene	ENSMUSG00000115330	-	Gm49221	14
15	Gm7043	chr17	3461800	3462332	processed_pseudogene	ENSMUSG00000115039	-	Gm7043	15
16	Tfb1m	chr17	3519256	3557781	protein_coding	ENSMUSG00000036983	-	Tfb1m	16
17	Cldn20	chr17	3532554	3533213	protein_coding	ENSMUSG00000091530	+	Cldn20	17
18	1700102H20Rik	chr17	3557824	3559862	lncRNA	ENSMUSG00000116852	+	1700102H20Rik	18
19	Nox3	chr17	3635240	3696261	protein_coding	ENSMUSG00000023802	-	Nox3	19
20	4930470H14Rik	chr17	4044658	4082995	lncRNA	ENSMUSG00000116975	-	4930470H14Rik	20
21	4930548J01Rik	chr17	4119446	4122113	lncRNA	ENSMUSG00000116615	-	4930548J01Rik	21
22	4930517M08Rik	chr17	4634978	4637471	lncRNA	ENSMUSG00000116767	+	4930517M08Rik	22
23	Gm23186	chr17	4678020	4678126	snRNA	ENSMUSG00000096200	+	Gm23186	23
24	Gm49780	chr17	4792646	4792959	processed_pseudogene	ENSMUSG00000116649	-	Gm49780	24
25	4930579D07Rik	chr17	4851698	4892987	lncRNA	ENSMUSG00000116813	-	4930579D07Rik	25
26	Gm4828	chr17	4880626	4881115	processed_pseudogene	ENSMUSG00000116620	+	Gm4828	26
27	Gm41517	chr17	4945152	4946814	lncRNA	ENSMUSG00000116551	-	Gm41517	27
28	Arid1b	chr17	4994332	5347656	protein_coding	ENSMUSG00000069729	+	Arid1b	28
29	Gm15599	chr17	5110766	5112110	processed_pseudogene	ENSMUSG00000081783	-	Gm15599	29
30	Gm29050	chr17	5388763	5419652	lncRNA	ENSMUSG00000101133	+	Gm29050	30
31	Tmem242	chr17	5410870	5440259	protein_coding	ENSMUSG00000004945	-	Tmem242	31
32	Ldhal6b	chr17	5417323	5418767	protein_coding	ENSMUSG00000101959	-	Ldhal6b	32
33	Gm22475	chr17	5421464	5421565	miRNA	ENSMUSG00000095747	+	Gm22475	33
34	Gm8363	chr17	5481123	5482964	processed_pseudogene	ENSMUSG00000116691	-	Gm8363	34
35	Zdhhc14	chr17	5492557	5753811	protein_coding	ENSMUSG00000034265	+	Zdhhc14	35
36	3300005D01Rik	chr17	5798657	5803240	lncRNA	ENSMUSG00000096965	+	3300005D01Rik	36
37	Gm10231	chr17	5816200	5816640	processed_pseudogene	ENSMUSG00000068120	-	Gm10231	37
38	Gm26595	chr17	5817472	5817955	processed_pseudogene	ENSMUSG00000097186	+	Gm26595	38
39	Gm26622	chr17	5837968	5838265	processed_pseudogene	ENSMUSG00000096962	+	Gm26622	39
40	Snx9	chr17	5841329	5931954	protein_coding	ENSMUSG00000002365	+	Snx9	40
41	Synj2	chr17	5941280	6044290	protein_coding	ENSMUSG00000023805	+	Synj2	41
42	Serac1	chr17	6042196	6079741	protein_coding	ENSMUSG00000015659	-	Serac1	42
43	Gtf2h5	chr17	6079786	6086517	protein_coding	ENSMUSG00000034345	+	Gtf2h5	43
44	Tulp4	chr17	6106437	6251128	protein_coding	ENSMUSG00000034377	+	Tulp4	44
45	Gm5812	chr17	6121208	6122164	processed_pseudogene	ENSMUSG00000051639	-	Gm5812	45
46	Gm22774	chr17	6131836	6131944	miRNA	ENSMUSG00000076038	-	Gm22774	46
47	Gm15590	chr17	6131854	6132405	processed_pseudogene	ENSMUSG00000058542	-	Gm15590	47
48	n-R5s26	chr17	6147419	6147540	rRNA	ENSMUSG00000077789	+	n-R5s26	48
49	Ppp1r2-ps6	chr17	6253903	6254523	processed_pseudogene	ENSMUSG00000095869	+	Ppp1r2-ps6	49
50	Tmem181a	chr17	6256860	6308314	protein_coding	ENSMUSG00000038141	+	Tmem181a	50
51	Dynlt1a	chr17	6306340	6317500	protein_coding	ENSMUSG00000092074	-	Dynlt1a	51
52	AC183097.1	chr17	6321445	6321736	processed_pseudogene	ENSMUSG00000118494	-	AC183097.1	52
53	Ppp1r2-ps1	chr17	6324025	6324642	processed_pseudogene	ENSMUSG00000094843	-	Ppp1r2-ps1	53
54	Gm2792	chr17	6339604	6361848	unprocessed_pseudogene	ENSMUSG00000116812	-	Gm2792	54
55	Gm49693	chr17	6354689	6355526	processed_pseudogene	ENSMUSG00000116921	-	Gm49693	55
56	Gm29719	chr17	6356813	6411834	lncRNA	ENSMUSG00000116719	-	Gm29719	56
57	Dynlt1b	chr17	6430112	6436296	protein_coding	ENSMUSG00000096255	+	Dynlt1b	57
58	Tmem181b-ps	chr17	6438524	6467022	transcribed_unprocessed_pseudogene	ENSMUSG00000096780	-	Tmem181b-ps	58
59	Gm2808	chr17	6511791	6528713	unprocessed_pseudogene	ENSMUSG00000116560	-	Gm2808	59
60	Gm29721	chr17	6535892	6582703	unprocessed_pseudogene	ENSMUSG00000116868	-	Gm29721	60
61	Dynlt1c	chr17	6601671	6609774	protein_coding	ENSMUSG00000000579	+	Dynlt1c	61
62	Tmem181c-ps	chr17	6613753	6639790	unprocessed_pseudogene	ENSMUSG00000093880	-	Tmem181c-ps	62
63	Dynlt1f	chr17	6646602	6655900	protein_coding	ENSMUSG00000095677	-	Dynlt1f	63
64	Sytl3	chr17	6659093	6738044	protein_coding	ENSMUSG00000041831	+	Sytl3	64
65	Ezr	chr17	6738041	6782784	protein_coding	ENSMUSG00000052397	-	Ezr	65
66	Gm49717	chr17	6790793	6791495	processed_pseudogene	ENSMUSG00000116893	+	Gm49717	66
67	4933426B08Rik	chr17	6808509	6818529	lncRNA	ENSMUSG00000116644	+	4933426B08Rik	67
68	Mir692-1	chr17	6895229	6895337	miRNA	ENSMUSG00000076218	-	Mir692-1	68
69	1700122H20Rik	chr17	6895940	6901718	lncRNA	ENSMUSG00000099735	+	1700122H20Rik	69
70	Rsph3b	chr17	6904413	6948682	protein_coding	ENSMUSG00000023806	-	Rsph3b	70
71	Gm49719	chr17	6948446	6957196	lncRNA	ENSMUSG00000116618	+	Gm49719	71
72	Tagap1	chr17	6955011	6961156	protein_coding	ENSMUSG00000052031	-	Tagap1	72
73	Rnaset2b	chr17	6970634	7011299	protein_coding	ENSMUSG00000094724	+	Rnaset2b	73
74	Gm49721	chr17	6978904	7043950	protein_coding	ENSMUSG00000116876	+	Gm49721	74
75	Gm1604b	chr17	7025568	7087597	protein_coding	ENSMUSG00000094083	+	Gm1604b	75
76	Gm25119	chr17	7042478	7042565	scaRNA	ENSMUSG00000094889	-	Gm25119	76
77	Rps6ka2	chr17	7170115	7303315	protein_coding	ENSMUSG00000023809	+	Rps6ka2	77
78	Gpr31a	chr17	7314888	7315846	processed_pseudogene	ENSMUSG00000116935	-	Gpr31a	78
79	Tcp10a	chr17	7324646	7345974	protein_coding	ENSMUSG00000071322	+	Tcp10a	79
80	Ttll2	chr17	7350885	7352696	protein_coding	ENSMUSG00000079722	-	Ttll2	80
81	Gm49630	chr17	7352064	7371979	protein_coding	ENSMUSG00000116672	-	Gm49630	81
82	Unc93a2	chr17	7362815	7385464	protein_coding	ENSMUSG00000056133	-	Unc93a2	82
83	Gm26057	chr17	7374193	7374357	snRNA	ENSMUSG00000094369	-	Gm26057	83
84	Gm6553	chr17	7429287	7430242	processed_pseudogene	ENSMUSG00000116702	-	Gm6553	84
85	Gm33086	chr17	7576190	7578389	lncRNA	ENSMUSG00000116585	+	Gm33086	85
86	Gm49632	chr17	7645328	7660238	lncRNA	ENSMUSG00000116955	+	Gm49632	86
87	Gm25872	chr17	7704840	7704939	miRNA	ENSMUSG00000094603	+	Gm25872	87
88	Fndc1	chr17	7738569	7827302	protein_coding	ENSMUSG00000071984	-	Fndc1	88
89	E430024P14Rik	chr17	7881106	7946426	lncRNA	ENSMUSG00000090069	-	E430024P14Rik	89
90	Tagap	chr17	7926000	7934897	protein_coding	ENSMUSG00000033450	+	Tagap	90
91	Rsph3a	chr17	7945614	7979824	protein_coding	ENSMUSG00000073471	+	Rsph3a	91
92	Gm1604a	chr17	7982522	8101241	lncRNA	ENSMUSG00000116760	-	Gm1604a	92
93	Gm49673	chr17	8082695	8147788	protein_coding	ENSMUSG00000116988	-	Gm49673	93
94	Gm22416	chr17	8084075	8084162	scaRNA	ENSMUSG00000094965	+	Gm22416	94
95	Rnaset2a	chr17	8115445	8148097	protein_coding	ENSMUSG00000095687	-	Rnaset2a	95
96	Fgfr1op	chr17	8165501	8196804	protein_coding	ENSMUSG00000069135	+	Fgfr1op	96
97	Ccr6	chr17	8236043	8257141	protein_coding	ENSMUSG00000040899	+	Ccr6	97
98	Mpc1	chr17	8282904	8297661	protein_coding	ENSMUSG00000023861	+	Mpc1	98
99	4930506C21Rik	chr17	8293366	8311080	lncRNA	ENSMUSG00000087478	-	4930506C21Rik	99
100	Sft2d1	chr17	8311102	8327442	protein_coding	ENSMUSG00000073468	+	Sft2d1	100
101	Gm49987	chr17	8311109	8396852	lncRNA	ENSMUSG00000117569	+	Gm49987	101
102	Prr18	chr17	8337459	8344113	protein_coding	ENSMUSG00000055945	+	Prr18	102
103	T2	chr17	8355992	8423513	protein_coding	ENSMUSG00000058159	+	T2	103
104	Gm46593	chr17	8362107	8362445	processed_pseudogene	ENSMUSG00000116860	-	Gm46593	104
105	Gm5491	chr17	8384053	8384660	processed_pseudogene	ENSMUSG00000116704	-	Gm5491	105
106	T	chr17	8434423	8442496	protein_coding	ENSMUSG00000062327	+	T	106
107	Pde10a	chr17	8525372	8986648	protein_coding	ENSMUSG00000023868	+	Pde10a	107
108	Gm15425	chr17	8564258	8568860	processed_pseudogene	ENSMUSG00000084390	-	Gm15425	108
109	Gm17087	chr17	8565852	8566950	protein_coding	ENSMUSG00000099104	-	Gm17087	109
110	Gm15426	chr17	8765372	8765927	processed_pseudogene	ENSMUSG00000083386	-	Gm15426	110
111	1700010I14Rik	chr17	8988333	9011949	protein_coding	ENSMUSG00000023873	+	1700010I14Rik	111
112	Gm29711	chr17	9102678	9103132	processed_pseudogene	ENSMUSG00000117205	+	Gm29711	112
113	6530411M01Rik	chr17	9147719	9167836	lncRNA	ENSMUSG00000097049	-	6530411M01Rik	113
114	C87487	chr17	9189126	9223664	lncRNA	ENSMUSG00000117026	+	C87487	114
115	Gm49806	chr17	9246550	9248548	TEC	ENSMUSG00000117133	+	Gm49806	115
116	Gm7947	chr17	9321902	9323795	processed_pseudogene	ENSMUSG00000117015	-	Gm7947	116
117	Gm17748	chr17	9421943	9422464	processed_pseudogene	ENSMUSG00000101935	-	Gm17748	117
118	Gm49807	chr17	9549691	9594242	lncRNA	ENSMUSG00000117143	+	Gm49807	118
119	Pabpc6	chr17	9666495	9669717	protein_coding	ENSMUSG00000046173	-	Pabpc6	119
120	Gm34684	chr17	9705342	9726361	lncRNA	ENSMUSG00000117341	-	Gm34684	120
121	4930452A19Rik	chr17	9750751	9775867	lncRNA	ENSMUSG00000117264	-	4930452A19Rik	121
122	Gm34883	chr17	9847465	9849188	TEC	ENSMUSG00000117290	-	Gm34883	122
123	Gm49808	chr17	9864419	9882149	lncRNA	ENSMUSG00000117110	+	Gm49808	123
124	Gm34799	chr17	9926593	9929767	lncRNA	ENSMUSG00000117227	-	Gm34799	124
125	Qk	chr17	10202601	10319854	protein_coding	ENSMUSG00000062078	-	Qk	125
126	1700110C19Rik	chr17	10324602	10329307	lncRNA	ENSMUSG00000099384	+	1700110C19Rik	126
127	Pacrg	chr17	10403012	10840311	protein_coding	ENSMUSG00000037196	-	Pacrg	127
128	A230009B12Rik	chr17	10456216	10493057	lncRNA	ENSMUSG00000089633	+	A230009B12Rik	128
129	Gm16168	chr17	10496446	10569396	lncRNA	ENSMUSG00000089941	+	Gm16168	129
130	Gm16169	chr17	10807834	10826625	lncRNA	ENSMUSG00000089907	+	Gm16169	130
131	Prkn	chr17	10840384	12063361	protein_coding	ENSMUSG00000023826	+	Prkn	131
132	Gm3145	chr17	10898995	10899214	processed_pseudogene	ENSMUSG00000099797	+	Gm3145	132
133	Gm28505	chr17	11082250	11089468	lncRNA	ENSMUSG00000100402	-	Gm28505	133
134	Gm37402	chr17	11249344	11254343	TEC	ENSMUSG00000103324	+	Gm37402	134
135	Gm37332	chr17	11283922	11286765	TEC	ENSMUSG00000104527	-	Gm37332	135
136	Gm28118	chr17	11545505	11545798	processed_pseudogene	ENSMUSG00000099618	-	Gm28118	136
137	Gm10513	chr17	11725878	11732345	TEC	ENSMUSG00000104466	-	Gm10513	137
138	Agpat4	chr17	12118704	12219645	protein_coding	ENSMUSG00000023827	+	Agpat4	138
139	Tdgf1-ps2	chr17	12189921	12190456	processed_pseudogene	ENSMUSG00000063911	+	Tdgf1-ps2	139
140	Map3k4	chr17	12227621	12318796	protein_coding	ENSMUSG00000014426	-	Map3k4	140
141	Gm49962	chr17	12280117	12280534	processed_pseudogene	ENSMUSG00000117325	+	Gm49962	141
142	Gm24794	chr17	12301036	12301175	snoRNA	ENSMUSG00000077476	+	Gm24794	142
143	4732491K20Rik	chr17	12318853	12327250	lncRNA	ENSMUSG00000097350	+	4732491K20Rik	143
144	Gm49964	chr17	12319015	12320728	lncRNA	ENSMUSG00000117337	-	Gm49964	144
145	Gm6618	chr17	12356482	12357608	processed_pseudogene	ENSMUSG00000117197	+	Gm6618	145
146	Plg	chr17	12378608	12419385	protein_coding	ENSMUSG00000059481	+	Plg	146
147	Slc22a3	chr17	12418960	12507704	protein_coding	ENSMUSG00000023828	-	Slc22a3	147
148	C030013G03Rik	chr17	12466844	12479578	lncRNA	ENSMUSG00000117314	+	C030013G03Rik	148
149	Slc22a2	chr17	12584132	12628488	protein_coding	ENSMUSG00000040966	+	Slc22a2	149
150	Slc22a1	chr17	12648869	12675829	protein_coding	ENSMUSG00000023829	-	Slc22a1	150
151	Igf2r	chr17	12682406	12769664	protein_coding	ENSMUSG00000023830	-	Igf2r	151
152	Airn	chr17	12741311	12860136	lncRNA	ENSMUSG00000078247	+	Airn	152
153	Gm23833	chr17	12770631	12770882	misc_RNA	ENSMUSG00000089525	+	Gm23833	153
154	Gm49959	chr17	12784882	12791660	lncRNA	ENSMUSG00000117030	-	Gm49959	154
155	Gm49958	chr17	12795746	12800795	lncRNA	ENSMUSG00000117061	-	Gm49958	155
156	Gm16574	chr17	12818793	12819537	processed_pseudogene	ENSMUSG00000089769	+	Gm16574	156
157	Gm7162	chr17	12819819	12820842	processed_pseudogene	ENSMUSG00000089817	-	Gm7162	157
158	Mas1	chr17	12841079	12868143	protein_coding	ENSMUSG00000068037	-	Mas1	158
159	Gm24085	chr17	12865125	12865240	miRNA	ENSMUSG00000092913	-	Gm24085	159
160	Mrgprh	chr17	12876034	12877977	protein_coding	ENSMUSG00000059408	+	Mrgprh	160
161	Pnldc1	chr17	12888729	12910230	protein_coding	ENSMUSG00000073460	-	Pnldc1	161
162	Gm49926	chr17	12897537	12899705	lncRNA	ENSMUSG00000117072	+	Gm49926	162
163	Mrpl18	chr17	12911349	12916345	protein_coding	ENSMUSG00000057388	-	Mrpl18	163
164	Tcp1	chr17	12915701	12925067	protein_coding	ENSMUSG00000068039	+	Tcp1	164
165	Gm26130	chr17	12919585	12919722	snoRNA	ENSMUSG00000065105	+	Gm26130	165
166	Snora20	chr17	12922790	12922917	snoRNA	ENSMUSG00000064637	+	Snora20	166
167	Acat3	chr17	12923813	12940600	protein_coding	ENSMUSG00000062480	-	Acat3	167
168	Acat2	chr17	12942890	12960747	protein_coding	ENSMUSG00000023832	-	Acat2	168
169	Gm15946	chr17	12962768	12963190	processed_pseudogene	ENSMUSG00000089695	+	Gm15946	169
170	Wtap	chr17	12966796	12994169	protein_coding	ENSMUSG00000060475	-	Wtap	170
171	Sod2	chr17	13006846	13040063	protein_coding	ENSMUSG00000006818	+	Sod2	171
172	Gpr31b	chr17	13051014	13052296	protein_coding	ENSMUSG00000071311	-	Gpr31b	172
173	Tcp10b	chr17	13061104	13082481	protein_coding	ENSMUSG00000055602	+	Tcp10b	173
174	Gm11166	chr17	13096679	13098472	unprocessed_pseudogene	ENSMUSG00000117147	-	Gm11166	174
175	Unc93a	chr17	13108617	13131810	protein_coding	ENSMUSG00000067049	-	Unc93a	175
176	Gm49898	chr17	13195878	13204448	lncRNA	ENSMUSG00000117282	+	Gm49898	176
177	Gm10512	chr17	13205042	13206209	TEC	ENSMUSG00000117051	+	Gm10512	177
178	Smok2a	chr17	13221188	13227658	protein_coding	ENSMUSG00000073458	+	Smok2a	178
179	Smok2b	chr17	13230257	13237184	protein_coding	ENSMUSG00000073457	+	Smok2b	179
180	Gm26500	chr17	13249895	13250000	snRNA	ENSMUSG00000093998	-	Gm26500	180
181	Gm36684	chr17	13330748	13333842	lncRNA	ENSMUSG00000117278	+	Gm36684	181
182	Gpr31c	chr17	13341241	13345880	transcribed_processed_pseudogene	ENSMUSG00000117239	-	Gpr31c	182
183	Tcp10c	chr17	13354572	13377223	protein_coding	ENSMUSG00000052469	+	Tcp10c	183
184	Gm19283	chr17	13384029	13385585	transcribed_unprocessed_pseudogene	ENSMUSG00000117218	-	Gm19283	184
185	Gm49934	chr17	13385186	13396325	lncRNA	ENSMUSG00000117092	-	Gm49934	185
186	Gm8597	chr17	13394025	13404191	transcribed_unprocessed_pseudogene	ENSMUSG00000101639	-	Gm8597	186
187	Rnu6	chr17	13432033	13432139	snRNA	ENSMUSG00000095132	-	Rnu6	187
188	2700054A10Rik	chr17	13482553	13668891	lncRNA	ENSMUSG00000117042	-	2700054A10Rik	188
189	Gm49936	chr17	13489273	13761378	lncRNA	ENSMUSG00000117063	-	Gm49936	189
190	Gm16050	chr17	13500954	13511193	lncRNA	ENSMUSG00000090211	+	Gm16050	190
191	Gm8603	chr17	13516755	13518269	unprocessed_pseudogene	ENSMUSG00000060417	+	Gm8603	191
192	Smok4a	chr17	13521456	13528433	transcribed_unprocessed_pseudogene	ENSMUSG00000079711	+	Smok4a	192
193	Gm26375	chr17	13534064	13534169	snRNA	ENSMUSG00000095184	-	Gm26375	193
194	Gm24867	chr17	13675376	13675482	snRNA	ENSMUSG00000077349	+	Gm24867	194
195	Gm16046	chr17	13675662	13683516	lncRNA	ENSMUSG00000085705	-	Gm16046	195
196	Tcte2	chr17	13712444	13761825	protein_coding	ENSMUSG00000038347	-	Tcte2	196
197	Afdn	chr17	13760539	13906150	protein_coding	ENSMUSG00000068036	+	Afdn	197
198	Gm3355	chr17	13862317	13862803	processed_pseudogene	ENSMUSG00000089883	-	Gm3355	198
199	Gm49121	chr17	13911248	13936778	unitary_pseudogene	ENSMUSG00000115221	+	Gm49121	199
200	Gm7168	chr17	13948373	13950678	protein_coding	ENSMUSG00000067941	+	Gm7168	200
201	Gm7356	chr17	14000239	14003704	protein_coding	ENSMUSG00000101307	-	Gm7356	201
202	Gm7358	chr17	14057225	14059531	protein_coding	ENSMUSG00000101361	-	Gm7358	202
203	4930488N24Rik	chr17	14104924	14106450	unprocessed_pseudogene	ENSMUSG00000099476	-	4930488N24Rik	203
204	Dact2	chr17	14195052	14204304	protein_coding	ENSMUSG00000048826	-	Dact2	204
205	Gm34510	chr17	14203728	14215929	lncRNA	ENSMUSG00000117185	+	Gm34510	205
206	Gm34567	chr17	14249851	14277755	lncRNA	ENSMUSG00000117254	+	Gm34567	206
207	Smoc2	chr17	14279506	14404790	protein_coding	ENSMUSG00000023886	+	Smoc2	207
208	4930474M22Rik	chr17	14389113	14398942	lncRNA	ENSMUSG00000117328	-	4930474M22Rik	208
209	Gm49720	chr17	14413490	14413946	processed_pseudogene	ENSMUSG00000116688	+	Gm49720	209
210	Gm38551	chr17	14449571	14495791	lncRNA	ENSMUSG00000116801	+	Gm38551	210
211	Thbs2	chr17	14665500	14694235	protein_coding	ENSMUSG00000023885	-	Thbs2	211
212	Gm3222	chr17	14709066	14710055	processed_pseudogene	ENSMUSG00000079311	+	Gm3222	212
213	Wdr27	chr17	14818519	14943158	protein_coding	ENSMUSG00000046991	-	Wdr27	213
214	Gm7393	chr17	14941965	14942703	processed_pseudogene	ENSMUSG00000092577	+	Gm7393	214
215	1600012H06Rik	chr17	14943184	14959570	protein_coding	ENSMUSG00000050088	+	1600012H06Rik	215
216	Phf10	chr17	14945009	14961273	protein_coding	ENSMUSG00000023883	-	Phf10	216
217	Gm3417	chr17	14964242	14978790	protein_coding	ENSMUSG00000116780	-	Gm3417	217
218	9030025P20Rik	chr17	14978468	14991572	protein_coding	ENSMUSG00000116953	+	9030025P20Rik	218
219	Gm3448	chr17	14995787	15041537	protein_coding	ENSMUSG00000079710	-	Gm3448	219
220	Gm3435	chr17	15010176	15022449	protein_coding	ENSMUSG00000116895	+	Gm3435	220
221	Tcte3	chr17	15027152	15041488	protein_coding	ENSMUSG00000079707	-	Tcte3	221
222	Ermard	chr17	15041208	15090044	protein_coding	ENSMUSG00000036552	+	Ermard	222
223	Gm35455	chr17	15152159	15173058	lncRNA	ENSMUSG00000116655	+	Gm35455	223
224	Gm5091	chr17	15231581	15247917	lncRNA	ENSMUSG00000097624	-	Gm5091	224
225	Gm35576	chr17	15262714	15285358	lncRNA	ENSMUSG00000116851	-	Gm35576	225
226	Gm7423	chr17	15321432	15321882	processed_pseudogene	ENSMUSG00000116647	-	Gm7423	226
227	Dll1	chr17	15367354	15376872	protein_coding	ENSMUSG00000014773	-	Dll1	227
228	Fam120b	chr17	15396202	15433583	protein_coding	ENSMUSG00000014763	+	Fam120b	228
229	Gm49668	chr17	15421802	15434965	lncRNA	ENSMUSG00000116718	-	Gm49668	229
230	Gm49669	chr17	15459805	15460160	processed_pseudogene	ENSMUSG00000116985	+	Gm49669	230
231	Psmb1	chr17	15475021	15499751	protein_coding	ENSMUSG00000014769	-	Psmb1	231
232	Tbp	chr17	15499888	15528379	protein_coding	ENSMUSG00000014767	+	Tbp	232
233	Pdcd2	chr17	15519208	15527301	protein_coding	ENSMUSG00000014771	-	Pdcd2	233
234	Gm7177	chr17	15535065	15536704	processed_pseudogene	ENSMUSG00000116949	-	Gm7177	234
235	Prdm9	chr17	15543079	15564354	protein_coding	ENSMUSG00000051977	-	Prdm9	235
236	Gm18564	chr17	15547816	15550462	processed_pseudogene	ENSMUSG00000116950	+	Gm18564	236
237	Gm6686	chr17	15566164	15566421	processed_pseudogene	ENSMUSG00000095920	-	Gm6686	237
238	Gm7450	chr17	15575999	15577151	processed_pseudogene	ENSMUSG00000116940	-	Gm7450	238
239	Gm3507	chr17	15597928	15598448	processed_pseudogene	ENSMUSG00000116550	+	Gm3507	239
240	4933401D09Rik	chr17	15631763	15641104	lncRNA	ENSMUSG00000116924	+	4933401D09Rik	240
241	Chd1	chr17	15704967	15772610	protein_coding	ENSMUSG00000023852	+	Chd1	241
242	Rgmb	chr17	15803188	15831039	protein_coding	ENSMUSG00000048027	-	Rgmb	242
243	Gm3292	chr17	15833168	15833477	processed_pseudogene	ENSMUSG00000116934	-	Gm3292	243
244	Gm25598	chr17	15837549	15837655	snRNA	ENSMUSG00000096849	-	Gm25598	244
245	Eif3s6-ps3	chr17	15845280	15846628	processed_pseudogene	ENSMUSG00000116545	+	Eif3s6-ps3	245
246	Gm49777	chr17	16163079	16163564	processed_pseudogene	ENSMUSG00000116899	-	Gm49777	246
247	Gm49778	chr17	16163151	16166084	lncRNA	ENSMUSG00000116839	+	Gm49778	247
248	Gm46610	chr17	16320517	16321100	processed_pseudogene	ENSMUSG00000116614	-	Gm46610	248
249	Gm4786	chr17	16557246	16558043	processed_pseudogene	ENSMUSG00000116757	+	Gm4786	249
250	Gm3320	chr17	16669156	16670186	processed_pseudogene	ENSMUSG00000116864	-	Gm3320	250
251	Gm7477	chr17	16726453	16727116	processed_pseudogene	ENSMUSG00000116944	+	Gm7477	251
252	Gm5223	chr17	16781621	16782887	processed_pseudogene	ENSMUSG00000116804	+	Gm5223	252
253	Gm6705	chr17	16847395	16848079	processed_pseudogene	ENSMUSG00000116958	+	Gm6705	253
254	Gm49775	chr17	16868918	16869182	processed_pseudogene	ENSMUSG00000116623	+	Gm49775	254
255	Gm7483	chr17	16889355	16890410	unprocessed_pseudogene	ENSMUSG00000116621	+	Gm7483	255
256	BC002059	chr17	16951539	16974157	lncRNA	ENSMUSG00000060149	+	BC002059	256
257	Zfp960	chr17	17064113	17089628	protein_coding	ENSMUSG00000096696	+	Zfp960	257
258	Zfp97	chr17	17121415	17146831	protein_coding	ENSMUSG00000095990	+	Zfp97	258
259	Gm5165	chr17	17234872	17266063	lncRNA	ENSMUSG00000116802	+	Gm5165	259
260	Gm6712	chr17	17294443	17319511	lncRNA	ENSMUSG00000072761	+	Gm6712	260
261	AC154200.1	chr17	17340820	17374206	lncRNA	ENSMUSG00000116590	-	AC154200.1	261
262	Oaz1-ps	chr17	17345456	17346140	processed_pseudogene	ENSMUSG00000043801	-	Oaz1-ps	262
263	Riok2	chr17	17374309	17394899	protein_coding	ENSMUSG00000116564	+	Riok2	263
264	Gm26873	chr17	17389943	17411993	lncRNA	ENSMUSG00000097379	-	Gm26873	264
265	Lix1	chr17	17402672	17459387	protein_coding	ENSMUSG00000047786	+	Lix1	265
266	Gm5232	chr17	17500343	17500944	processed_pseudogene	ENSMUSG00000116532	+	Gm5232	266
267	Lnpep	chr17	17521410	17625050	protein_coding	ENSMUSG00000023845	-	Lnpep	267
268	Gm49784	chr17	17593683	17594776	TEC	ENSMUSG00000116796	-	Gm49784	268
269	Gm7513	chr17	17648821	17649883	processed_pseudogene	ENSMUSG00000116818	+	Gm7513	269
270	Gm49787	chr17	17654865	17658887	processed_pseudogene	ENSMUSG00000116892	-	Gm49787	270
271	Vmn2r90	chr17	17703747	17735156	protein_coding	ENSMUSG00000092120	+	Vmn2r90	271
272	Spaca6	chr17	17827158	17843009	protein_coding	ENSMUSG00000080316	+	Spaca6	272
273	Mir99b	chr17	17830188	17830257	miRNA	ENSMUSG00000065396	+	Mir99b	273
274	Gm25927	chr17	17830343	17830459	miRNA	ENSMUSG00000092799	-	Gm25927	274
275	Mirlet7e	chr17	17830352	17830444	miRNA	ENSMUSG00000105758	+	Mirlet7e	275
276	Has1	chr17	17843323	17855205	protein_coding	ENSMUSG00000003665	-	Has1	276
277	Fpr1	chr17	17876471	17883940	protein_coding	ENSMUSG00000045551	-	Fpr1	277
278	Fpr2	chr17	17887824	17893952	protein_coding	ENSMUSG00000052270	+	Fpr2	278
279	Fpr3	chr17	17887852	17971677	protein_coding	ENSMUSG00000079700	+	Fpr3	279
280	Gm7531	chr17	17906549	17907275	processed_pseudogene	ENSMUSG00000116634	-	Gm7531	280
281	Gm7535	chr17	17911040	17912816	processed_pseudogene	ENSMUSG00000090957	-	Gm7535	281
282	Gm5966	chr17	17920269	17921301	unprocessed_pseudogene	ENSMUSG00000116661	+	Gm5966	282
283	Fpr-rs5	chr17	17990498	17991464	unprocessed_pseudogene	ENSMUSG00000116932	+	Fpr-rs5	283
284	Fpr-rs4	chr17	18021733	18022704	protein_coding	ENSMUSG00000048062	+	Fpr-rs4	284
285	Vmn2r124	chr17	18049424	18079732	protein_coding	ENSMUSG00000094396	+	Vmn2r124	285
286	Vmn2r91	chr17	18085016	18136768	protein_coding	ENSMUSG00000091206	+	Vmn2r91	286
287	Vmn2r92	chr17	18151887	18188886	protein_coding	ENSMUSG00000091350	+	Vmn2r92	287
288	Vmn2r94	chr17	18241122	18277756	protein_coding	ENSMUSG00000090417	-	Vmn2r94	288
289	Vmn2r93	chr17	18298099	18331914	protein_coding	ENSMUSG00000079698	+	Vmn2r93	289
290	Vmn2r95	chr17	18424078	18460905	protein_coding	ENSMUSG00000091631	+	Vmn2r95	290
291	Gm49963	chr17	18476532	18476654	processed_pseudogene	ENSMUSG00000117305	-	Gm49963	291
292	Vmn2r-ps114	chr17	18493751	18494999	unprocessed_pseudogene	ENSMUSG00000093775	+	Vmn2r-ps114	292
293	Vmn2r96	chr17	18573151	18616003	protein_coding	ENSMUSG00000091679	+	Vmn2r96	293
294	Vmn2r-ps115	chr17	18694403	18707120	unprocessed_pseudogene	ENSMUSG00000116837	+	Vmn2r-ps115	294
295	Vmn2r-ps116	chr17	18763260	18764811	unprocessed_pseudogene	ENSMUSG00000093602	+	Vmn2r-ps116	295
296	Vmn2r-ps117	chr17	18810835	18841654	unprocessed_pseudogene	ENSMUSG00000093531	+	Vmn2r-ps117	296
297	Vmn2r97	chr17	18914300	18958087	protein_coding	ENSMUSG00000091491	+	Vmn2r97	297
298	Vmn2r-ps118	chr17	18989621	18990935	unprocessed_pseudogene	ENSMUSG00000093607	+	Vmn2r-ps118	298
299	Vmn2r98	chr17	19053460	19082411	protein_coding	ENSMUSG00000096717	+	Vmn2r98	299
300	Vmn2r-ps119	chr17	19141468	19176756	polymorphic_pseudogene	ENSMUSG00000093533	+	Vmn2r-ps119	300
301	Gm49753	chr17	19257930	19277565	lncRNA	ENSMUSG00000116587	+	Gm49753	301
302	Gm49752	chr17	19277337	19360785	unprocessed_pseudogene	ENSMUSG00000116670	+	Gm49752	302
303	Vmn2r-ps120	chr17	19279322	19304478	unprocessed_pseudogene	ENSMUSG00000093776	+	Vmn2r-ps120	303
304	Vmn2r99	chr17	19361949	19401098	protein_coding	ENSMUSG00000090304	+	Vmn2r99	304
305	4930549P19Rik	chr17	19415431	19490072	lncRNA	ENSMUSG00000116984	+	4930549P19Rik	305
306	Vmn2r-ps121	chr17	19453325	19454619	unprocessed_pseudogene	ENSMUSG00000093627	+	Vmn2r-ps121	306
307	Vmn2r100	chr17	19504732	19535231	protein_coding	ENSMUSG00000091859	+	Vmn2r100	307
308	Vmn2r101	chr17	19577227	19612317	protein_coding	ENSMUSG00000094892	+	Vmn2r101	308
309	Vmn2r102	chr17	19660328	19709533	protein_coding	ENSMUSG00000095961	+	Vmn2r102	309
310	Vmn2r103	chr17	19773363	19812536	protein_coding	ENSMUSG00000091771	+	Vmn2r103	310
311	Vmn2r-ps123	chr17	19838565	19874206	unprocessed_pseudogene	ENSMUSG00000093426	+	Vmn2r-ps123	311
312	Vmn2r-ps124	chr17	19937217	19938119	unprocessed_pseudogene	ENSMUSG00000093642	+	Vmn2r-ps124	312
313	Vmn2r-ps125	chr17	19986868	19987798	unprocessed_pseudogene	ENSMUSG00000093711	-	Vmn2r-ps125	313
314	Vmn2r104	chr17	20028418	20048336	protein_coding	ENSMUSG00000090315	-	Vmn2r104	314
315	Vmn2r-ps126	chr17	20079965	20082301	unprocessed_pseudogene	ENSMUSG00000093401	+	Vmn2r-ps126	315
316	Fpr-rs7	chr17	20113210	20114226	protein_coding	ENSMUSG00000071276	-	Fpr-rs7	316
317	Vmn1r-ps139	chr17	20121750	20122549	unprocessed_pseudogene	ENSMUSG00000117169	-	Vmn1r-ps139	317
318	Fpr-rs6	chr17	20182078	20183097	protein_coding	ENSMUSG00000071275	-	Fpr-rs6	318
319	Vmn1r-ps140	chr17	20183958	20200721	transcribed_unprocessed_pseudogene	ENSMUSG00000117068	-	Vmn1r-ps140	319
320	Vmn2r105	chr17	20202321	20235052	protein_coding	ENSMUSG00000091670	-	Vmn2r105	320
321	Vmn2r106	chr17	20266767	20285553	protein_coding	ENSMUSG00000091656	-	Vmn2r106	321
322	Vmn2r-ps127	chr17	20329640	20336408	unprocessed_pseudogene	ENSMUSG00000093469	-	Vmn2r-ps127	322
323	Vmn2r107	chr17	20345242	20383113	protein_coding	ENSMUSG00000056910	+	Vmn2r107	323
324	Gm7217	chr17	20379063	20379671	processed_pseudogene	ENSMUSG00000117018	+	Gm7217	324
325	Vmn1r-ps141	chr17	20405004	20405756	unprocessed_pseudogene	ENSMUSG00000093729	+	Vmn1r-ps141	325
326	Vmn1r224	chr17	20414146	20425343	protein_coding	ENSMUSG00000091151	+	Vmn1r224	326
327	Vmn1r-ps143	chr17	20432830	20433433	unprocessed_pseudogene	ENSMUSG00000093454	-	Vmn1r-ps143	327
328	Vmn2r108	chr17	20456327	20481331	protein_coding	ENSMUSG00000091805	-	Vmn2r108	328
329	Vmn1r225	chr17	20498158	20506148	protein_coding	ENSMUSG00000043537	+	Vmn1r225	329
330	Vmn2r109	chr17	20539969	20564756	protein_coding	ENSMUSG00000090572	-	Vmn2r109	330
331	Vmn2r110	chr17	20567760	20596423	protein_coding	ENSMUSG00000091259	-	Vmn2r110	331
332	Gm5145	chr17	20570369	20571198	processed_pseudogene	ENSMUSG00000071273	+	Gm5145	332
333	Fpr-rs3	chr17	20623846	20624877	protein_coding	ENSMUSG00000060701	-	Fpr-rs3	333
334	Gm5492	chr17	20661558	20662067	processed_pseudogene	ENSMUSG00000117295	+	Gm5492	334
335	Vmn1r226	chr17	20682843	20692671	protein_coding	ENSMUSG00000042848	+	Vmn1r226	335
336	Vmn1r227	chr17	20729843	20739150	protein_coding	ENSMUSG00000067951	+	Vmn1r227	336
337	Vmn1r228	chr17	20774984	20786157	protein_coding	ENSMUSG00000060245	-	Vmn1r228	337
338	Vmn1r229	chr17	20811555	20823627	protein_coding	ENSMUSG00000117148	+	Vmn1r229	338
339	Vmn1r230	chr17	20840444	20852857	protein_coding	ENSMUSG00000045417	+	Vmn1r230	339
340	Vmn1r231	chr17	20889183	20905091	protein_coding	ENSMUSG00000050933	-	Vmn1r231	340
341	Gm49761	chr17	20892028	20945149	lncRNA	ENSMUSG00000116974	-	Gm49761	341
342	Vmn1r232	chr17	20913163	20919714	protein_coding	ENSMUSG00000062165	-	Vmn1r232	342
343	Vmn1r-ps144	chr17	20926165	20938090	transcribed_unprocessed_pseudogene	ENSMUSG00000067949	+	Vmn1r-ps144	343
344	Ppp2r1a	chr17	20945311	20965916	protein_coding	ENSMUSG00000007564	+	Ppp2r1a	344
345	Vmn1r-ps145	chr17	20969061	20969484	unprocessed_pseudogene	ENSMUSG00000093429	-	Vmn1r-ps145	345
346	Vmn1r233	chr17	20989747	20996464	protein_coding	ENSMUSG00000045575	-	Vmn1r233	346
347	Zfp160	chr17	21008903	21043070	protein_coding	ENSMUSG00000067942	+	Zfp160	347
348	Gm5681	chr17	21059244	21060776	unprocessed_pseudogene	ENSMUSG00000101511	-	Gm5681	348
349	Gm5092	chr17	21091208	21103347	lncRNA	ENSMUSG00000102080	+	Gm5092	349
350	Gm6811	chr17	21093172	21094704	unprocessed_pseudogene	ENSMUSG00000091550	+	Gm6811	350
351	Gm7742	chr17	21198952	21200478	processed_pseudogene	ENSMUSG00000095963	+	Gm7742	351
352	Vmn1r-ps147	chr17	21224747	21226002	unprocessed_pseudogene	ENSMUSG00000093788	-	Vmn1r-ps147	352
353	Vmn1r234	chr17	21226087	21235467	protein_coding	ENSMUSG00000057203	+	Vmn1r234	353
354	Vmn1r-ps148	chr17	21244841	21245295	unprocessed_pseudogene	ENSMUSG00000093648	+	Vmn1r-ps148	354
355	Vmn1r235	chr17	21256411	21262881	protein_coding	ENSMUSG00000050102	+	Vmn1r235	355
356	Vmn1r-ps149	chr17	21269288	21269470	unprocessed_pseudogene	ENSMUSG00000093449	-	Vmn1r-ps149	356
357	Vmn1r236	chr17	21282942	21294007	protein_coding	ENSMUSG00000054142	+	Vmn1r236	357
358	Gm26384	chr17	21284103	21284212	miRNA	ENSMUSG00000076137	-	Gm26384	358
359	Vmn1r237	chr17	21311865	21314912	protein_coding	ENSMUSG00000058030	+	Vmn1r237	359
360	Vmn1r-ps150	chr17	21323031	21323766	unprocessed_pseudogene	ENSMUSG00000079693	-	Vmn1r-ps150	360
361	Gm18269	chr17	21366847	21376348	processed_pseudogene	ENSMUSG00000116768	+	Gm18269	361
362	Zfp677	chr17	21383748	21399265	protein_coding	ENSMUSG00000062743	+	Zfp677	362
363	Gm18519	chr17	21394078	21395117	processed_pseudogene	ENSMUSG00000116633	-	Gm18519	363
364	Gm49691	chr17	21422649	21450267	lncRNA	ENSMUSG00000116771	-	Gm49691	364
365	Zfp54	chr17	21423227	21435640	protein_coding	ENSMUSG00000023882	+	Zfp54	365
366	Zfp51	chr17	21450374	21465587	protein_coding	ENSMUSG00000023892	+	Zfp51	366
367	Zfp53	chr17	21488998	21510473	protein_coding	ENSMUSG00000057409	+	Zfp53	367
368	Gm50433	chr17	21516713	21530995	transcribed_processed_pseudogene	ENSMUSG00000117037	+	Gm50433	368
369	9330136K24Rik	chr17	21528194	21535878	lncRNA	ENSMUSG00000097781	-	9330136K24Rik	369
370	Zfp52	chr17	21535539	21562601	protein_coding	ENSMUSG00000051341	+	Zfp52	370
371	Zfp948	chr17	21567008	21588699	protein_coding	ENSMUSG00000067931	+	Zfp948	371
372	Gm30531	chr17	21615500	21656484	transcribed_processed_pseudogene	ENSMUSG00000117013	+	Gm30531	372
373	Gm41541	chr17	21624958	21650474	lncRNA	ENSMUSG00000117070	-	Gm41541	373
374	Zfp983	chr17	21650624	21664966	protein_coding	ENSMUSG00000035868	+	Zfp983	374
375	Gm10509	chr17	21690180	21691022	processed_pseudogene	ENSMUSG00000073448	+	Gm10509	375
376	Gm10226	chr17	21691860	21692114	protein_coding	ENSMUSG00000067929	+	Gm10226	376
377	Zfp760	chr17	21707741	21725636	protein_coding	ENSMUSG00000067928	+	Zfp760	377
378	Zfp229	chr17	21730795	21769342	protein_coding	ENSMUSG00000061544	+	Zfp229	378
379	Gm18270	chr17	21786856	21789331	processed_pseudogene	ENSMUSG00000117056	+	Gm18270	379
380	4930515G13Rik	chr17	21801159	21801658	pseudogene	ENSMUSG00000049202	-	4930515G13Rik	380
381	Gm9818	chr17	21808186	21808444	pseudogene	ENSMUSG00000047189	+	Gm9818	381
382	Zfp820	chr17	21816885	21845772	protein_coding	ENSMUSG00000069743	-	Zfp820	382
383	Zfp995	chr17	21879570	21909926	protein_coding	ENSMUSG00000078546	-	Zfp995	383
384	Gm6540	chr17	21920204	21921172	processed_pseudogene	ENSMUSG00000117049	-	Gm6540	384
385	Zfp942	chr17	21926960	21962464	protein_coding	ENSMUSG00000071267	-	Zfp942	385
386	Zfp943	chr17	21962552	22071168	protein_coding	ENSMUSG00000053347	+	Zfp943	386
387	Gm7805	chr17	21964136	21964583	processed_pseudogene	ENSMUSG00000086004	-	Gm7805	387
388	Gm7809	chr17	21967501	21968242	processed_pseudogene	ENSMUSG00000099397	-	Gm7809	388
389	Gm49950	chr17	21968487	21968794	processed_pseudogene	ENSMUSG00000117025	-	Gm49950	389
390	Gm9772	chr17	22005994	22007599	processed_pseudogene	ENSMUSG00000040775	-	Gm9772	390
391	Gm7052	chr17	22039028	22040539	unprocessed_pseudogene	ENSMUSG00000092147	-	Gm7052	391
392	Gm7818	chr17	22067264	22069888	processed_pseudogene	ENSMUSG00000117234	-	Gm7818	392
393	Zfp947	chr17	22144359	22166190	protein_coding	ENSMUSG00000063383	-	Zfp947	393
394	Gm9514	chr17	22184764	22186108	processed_pseudogene	ENSMUSG00000117252	-	Gm9514	394
395	Zfp994	chr17	22197265	22225616	protein_coding	ENSMUSG00000096433	-	Zfp994	395
396	Gm7072	chr17	22285871	22314837	protein_coding	ENSMUSG00000117284	-	Gm7072	396
397	Gm49951	chr17	22331856	22332994	processed_pseudogene	ENSMUSG00000117164	-	Gm49951	397
398	Zfp944	chr17	22337989	22361400	protein_coding	ENSMUSG00000033972	-	Zfp944	398
399	Zfp758	chr17	22361453	22377281	protein_coding	ENSMUSG00000044501	+	Zfp758	399
400	Zfp946	chr17	22424222	22456689	protein_coding	ENSMUSG00000071266	+	Zfp946	400
401	Vmn2r111	chr17	22544504	22573482	protein_coding	ENSMUSG00000095093	-	Vmn2r111	401
402	Vmn2r112	chr17	22600951	22620842	protein_coding	ENSMUSG00000094921	+	Vmn2r112	402
403	Gm9805	chr17	22687720	22690460	processed_pseudogene	ENSMUSG00000117055	+	Gm9805	403
404	Gm20008	chr17	22713782	22716937	processed_pseudogene	ENSMUSG00000117183	-	Gm20008	404
405	Gm5493	chr17	22739945	22751509	lncRNA	ENSMUSG00000098164	+	Gm5493	405
406	Gm16386	chr17	22777217	22807736	processed_pseudogene	ENSMUSG00000117333	-	Gm16386	406
407	Zfp945	chr17	22846697	22867134	protein_coding	ENSMUSG00000059142	-	Zfp945	407
408	Gm32892	chr17	22873486	22874001	processed_pseudogene	ENSMUSG00000117002	+	Gm32892	408
409	Gm18214	chr17	22895714	22897595	processed_pseudogene	ENSMUSG00000117141	+	Gm18214	409
410	Vmn2r-ps128	chr17	22916878	22932941	unprocessed_pseudogene	ENSMUSG00000090355	-	Vmn2r-ps128	410
411	Vmn2r113	chr17	22942984	22965658	protein_coding	ENSMUSG00000092111	+	Vmn2r113	411
412	Vmn2r-ps129	chr17	22992706	23008970	unprocessed_pseudogene	ENSMUSG00000094752	+	Vmn2r-ps129	412
413	Gm18415	chr17	23014387	23015033	unprocessed_pseudogene	ENSMUSG00000093433	-	Gm18415	413
414	Gm18396	chr17	23045498	23045858	unprocessed_pseudogene	ENSMUSG00000093564	-	Gm18396	414
415	Vmn2r-ps130	chr17	23061166	23082364	protein_coding	ENSMUSG00000095658	+	Vmn2r-ps130	415
416	Gm18397	chr17	23086072	23086658	unprocessed_pseudogene	ENSMUSG00000093703	-	Gm18397	416
417	Gm18416	chr17	23115367	23117727	unprocessed_pseudogene	ENSMUSG00000093685	-	Gm18416	417
418	Vmn2r-ps131	chr17	23147806	23150676	unprocessed_pseudogene	ENSMUSG00000096429	+	Vmn2r-ps131	418
419	Zfp40	chr17	23173869	23193252	protein_coding	ENSMUSG00000002617	-	Zfp40	419
420	Vmn2r-ps133	chr17	23241650	23277178	unprocessed_pseudogene	ENSMUSG00000093493	-	Vmn2r-ps133	420
421	Vmn2r114	chr17	23285392	23312537	protein_coding	ENSMUSG00000091945	-	Vmn2r114	421
422	Vmn2r115	chr17	23343741	23362538	protein_coding	ENSMUSG00000091076	+	Vmn2r115	422
423	Vmn2r116	chr17	23384604	23404422	protein_coding	ENSMUSG00000090966	+	Vmn2r116	423
424	Vmn2r-ps134	chr17	23441011	23446167	unprocessed_pseudogene	ENSMUSG00000096270	-	Vmn2r-ps134	424
425	Vmn2r117	chr17	23455173	23479699	protein_coding	ENSMUSG00000091407	-	Vmn2r117	425
426	Olfr752-ps1	chr17	23491331	23492471	unprocessed_pseudogene	ENSMUSG00000109027	-	Olfr752-ps1	426
427	Gm7898	chr17	23515454	23515784	processed_pseudogene	ENSMUSG00000117154	+	Gm7898	427
428	6330415G19Rik	chr17	23550799	23565291	lncRNA	ENSMUSG00000117322	+	6330415G19Rik	428
429	Casp16	chr17	23550965	23555704	polymorphic_pseudogene	ENSMUSG00000067882	-	Casp16	429
430	Zfp213	chr17	23556767	23564238	protein_coding	ENSMUSG00000071256	-	Zfp213	430
431	Gm49092	chr17	23572492	23573427	lncRNA	ENSMUSG00000115842	-	Gm49092	431
432	Zfp13	chr17	23575844	23599487	protein_coding	ENSMUSG00000062012	-	Zfp13	432
433	Zscan10	chr17	23600856	23611019	protein_coding	ENSMUSG00000023902	+	Zscan10	433
434	Gm7912	chr17	23619236	23620900	processed_pseudogene	ENSMUSG00000117059	-	Gm7912	434
435	Mmp25	chr17	23628311	23645277	protein_coding	ENSMUSG00000023903	-	Mmp25	435
436	Gm49935	chr17	23636596	23636739	processed_pseudogene	ENSMUSG00000117108	+	Gm49935	436
437	Gm7773	chr17	23642237	23643144	processed_pseudogene	ENSMUSG00000117258	+	Gm7773	437
438	Bicdl2	chr17	23660506	23668621	protein_coding	ENSMUSG00000043782	+	Bicdl2	438
439	Thoc6	chr17	23668614	23673882	protein_coding	ENSMUSG00000041319	-	Thoc6	439
440	Hcfc1r1	chr17	23673596	23675227	protein_coding	ENSMUSG00000023904	+	Hcfc1r1	440
441	Tnfrsf12a	chr17	23675445	23677468	protein_coding	ENSMUSG00000023905	-	Tnfrsf12a	441
442	Cldn6	chr17	23679249	23682446	protein_coding	ENSMUSG00000023906	+	Cldn6	442
443	Cldn9	chr17	23682584	23684026	protein_coding	ENSMUSG00000066720	-	Cldn9	443
444	1520401A03Rik	chr17	23704488	23722783	protein_coding	ENSMUSG00000043747	-	1520401A03Rik	444
445	Pkmyt1	chr17	23726336	23736735	protein_coding	ENSMUSG00000023908	+	Pkmyt1	445
446	Paqr4	chr17	23736186	23740867	protein_coding	ENSMUSG00000023909	-	Paqr4	446
447	Kremen2	chr17	23741197	23745833	protein_coding	ENSMUSG00000040680	-	Kremen2	447
448	9530082P21Rik	chr17	23743234	23754065	lncRNA	ENSMUSG00000097006	+	9530082P21Rik	448
449	Flywch1	chr17	23752793	23771602	protein_coding	ENSMUSG00000040097	-	Flywch1	449
450	Gm49163	chr17	23765261	23767118	lncRNA	ENSMUSG00000115692	+	Gm49163	450
451	Gm16275	chr17	23771841	23777763	lncRNA	ENSMUSG00000086719	+	Gm16275	451
452	Flywch2	chr17	23776916	23786081	protein_coding	ENSMUSG00000023911	-	Flywch2	452
453	Srrm2	chr17	23790532	23824741	protein_coding	ENSMUSG00000039218	+	Srrm2	453
454	Gm49911	chr17	23813214	23813500	processed_pseudogene	ENSMUSG00000117219	-	Gm49911	454
455	Mir5125	chr17	23823291	23823369	miRNA	ENSMUSG00000092981	+	Mir5125	455
456	Elob	chr17	23824738	23829136	protein_coding	ENSMUSG00000055839	-	Elob	456
457	Prss33	chr17	23833347	23836056	protein_coding	ENSMUSG00000049620	-	Prss33	457
458	Prss41	chr17	23836785	23844172	protein_coding	ENSMUSG00000024114	-	Prss41	458
459	Prss32	chr17	23843855	23859779	protein_coding	ENSMUSG00000048992	+	Prss32	459
460	Gm15947	chr17	23853159	23858647	lncRNA	ENSMUSG00000089697	-	Gm15947	460
461	Prss21	chr17	23868056	23873114	protein_coding	ENSMUSG00000024116	+	Prss21	461
462	Dcpp1	chr17	23880876	23882853	protein_coding	ENSMUSG00000096445	+	Dcpp1	462
463	Dcpp2	chr17	23880880	23900788	protein_coding	ENSMUSG00000096278	+	Dcpp2	463
464	Gm50058	chr17	23890115	23893588	processed_pseudogene	ENSMUSG00000117527	-	Gm50058	464
465	Gm50057	chr17	23896761	23916919	lncRNA	ENSMUSG00000117400	-	Gm50057	465
466	Gm41545	chr17	23902566	23925497	lncRNA	ENSMUSG00000117488	-	Gm41545	466
467	Gm50059	chr17	23908236	23912371	processed_pseudogene	ENSMUSG00000117403	-	Gm50059	467
468	Dcpp3	chr17	23917458	23919441	protein_coding	ENSMUSG00000057417	+	Dcpp3	468
469	Sbp	chr17	23941672	23945607	protein_coding	ENSMUSG00000024128	+	Sbp	469
470	Sbpl	chr17	23953084	23955274	protein_coding	ENSMUSG00000024125	-	Sbpl	470
471	Prss30	chr17	23972126	23980566	protein_coding	ENSMUSG00000024124	-	Prss30	471
472	Prss22	chr17	23993534	23998100	protein_coding	ENSMUSG00000045027	-	Prss22	472
473	Gm50066	chr17	24004208	24004612	processed_pseudogene	ENSMUSG00000117580	-	Gm50066	473
474	Gm27700	chr17	24010032	24010112	miRNA	ENSMUSG00000098964	+	Gm27700	474
475	Gm25092	chr17	24023200	24023328	snoRNA	ENSMUSG00000077184	-	Gm25092	475
476	Prss27	chr17	24038144	24045954	protein_coding	ENSMUSG00000050762	+	Prss27	476
477	Kctd5	chr17	24047734	24073485	protein_coding	ENSMUSG00000016946	-	Kctd5	477
478	Pdpk1	chr17	24073680	24150924	protein_coding	ENSMUSG00000024122	-	Pdpk1	478
479	Gm50071	chr17	24086864	24089879	lncRNA	ENSMUSG00000117523	+	Gm50071	479
480	Gm50070	chr17	24145599	24147046	lncRNA	ENSMUSG00000117557	-	Gm50070	480
481	Amdhd2	chr17	24155833	24163766	protein_coding	ENSMUSG00000036820	-	Amdhd2	481
482	Atp6v0c	chr17	24163866	24169702	protein_coding	ENSMUSG00000024121	-	Atp6v0c	482
483	Tbc1d24	chr17	24175431	24205562	protein_coding	ENSMUSG00000036473	-	Tbc1d24	483
484	Ntn3	chr17	24203848	24209531	protein_coding	ENSMUSG00000117406	-	Ntn3	484
485	BC028777	chr17	24208861	24221730	lncRNA	ENSMUSG00000085185	+	BC028777	485
486	Tedc2	chr17	24215054	24220851	protein_coding	ENSMUSG00000024118	-	Tedc2	486
487	Ccnf	chr17	24222198	24251484	protein_coding	ENSMUSG00000072082	-	Ccnf	487
488	Mir5134	chr17	24234527	24234604	miRNA	ENSMUSG00000093270	-	Mir5134	488
489	Mir6965	chr17	24240884	24240947	miRNA	ENSMUSG00000099123	-	Mir6965	489
490	Abca17	chr17	24264259	24351068	protein_coding	ENSMUSG00000035435	-	Abca17	490
491	Gm24427	chr17	24304669	24304789	miRNA	ENSMUSG00000094175	+	Gm24427	491
492	Abca3	chr17	24351950	24410201	protein_coding	ENSMUSG00000024130	+	Abca3	492
493	Gm25618	chr17	24362438	24362544	snRNA	ENSMUSG00000095396	-	Gm25618	493
494	D330041H03Rik	chr17	24404649	24414542	lncRNA	ENSMUSG00000073437	-	D330041H03Rik	494
495	Rnps1	chr17	24414565	24425901	protein_coding	ENSMUSG00000034681	+	Rnps1	495
496	Eci1	chr17	24426641	24439348	protein_coding	ENSMUSG00000024132	+	Eci1	496
497	Dnase1l2	chr17	24440081	24443105	protein_coding	ENSMUSG00000024136	-	Dnase1l2	497
498	E4f1	chr17	24443778	24470313	protein_coding	ENSMUSG00000024137	-	E4f1	498
499	Pgp	chr17	24470392	24473110	protein_coding	ENSMUSG00000043445	+	Pgp	499
500	Mlst8	chr17	24473551	24479078	protein_coding	ENSMUSG00000024142	-	Mlst8	500
501	Bricd5	chr17	24473884	24475469	protein_coding	ENSMUSG00000045744	+	Bricd5	501
502	Gm50062	chr17	24483215	24485254	lncRNA	ENSMUSG00000117487	+	Gm50062	502
503	Caskin1	chr17	24488601	24508671	protein_coding	ENSMUSG00000033597	+	Caskin1	503
504	Traf7	chr17	24508562	24527938	protein_coding	ENSMUSG00000052752	-	Traf7	504
505	Rab26	chr17	24527241	24534210	protein_coding	ENSMUSG00000079657	-	Rab26	505
506	Rab26os	chr17	24528248	24528744	lncRNA	ENSMUSG00000093565	+	Rab26os	506
507	Snord60	chr17	24528476	24528553	snoRNA	ENSMUSG00000064768	+	Snord60	507
508	Gm33508	chr17	24533862	24546531	lncRNA	ENSMUSG00000117423	+	Gm33508	508
509	Pkd1	chr17	24549834	24596508	protein_coding	ENSMUSG00000032855	+	Pkd1	509
510	Gm24589	chr17	24594978	24595071	miRNA	ENSMUSG00000080342	+	Gm24589	510
511	Tsc2	chr17	24595816	24632630	protein_coding	ENSMUSG00000002496	-	Tsc2	511
512	Nthl1	chr17	24632680	24638837	protein_coding	ENSMUSG00000041429	+	Nthl1	512
513	Slc9a3r2	chr17	24639286	24650327	protein_coding	ENSMUSG00000002504	-	Slc9a3r2	513
514	Npw	chr17	24657330	24658457	protein_coding	ENSMUSG00000071230	-	Npw	514
515	Zfp598	chr17	24669687	24682016	protein_coding	ENSMUSG00000041130	+	Zfp598	515
516	Syngr3	chr17	24685092	24689955	protein_coding	ENSMUSG00000007021	-	Syngr3	516
517	Gfer	chr17	24693187	24696156	protein_coding	ENSMUSG00000040888	-	Gfer	517
518	Noxo1	chr17	24696234	24700529	protein_coding	ENSMUSG00000019320	+	Noxo1	518
519	Tbl3	chr17	24697949	24707660	protein_coding	ENSMUSG00000040688	-	Tbl3	519
520	Rnf151	chr17	24715839	24718063	protein_coding	ENSMUSG00000008482	-	Rnf151	520
521	Rps2	chr17	24718116	24721929	protein_coding	ENSMUSG00000044533	+	Rps2	521
522	Snhg9	chr17	24719531	24719965	lncRNA	ENSMUSG00000090101	-	Snhg9	522
523	Snora78	chr17	24719676	24719803	snoRNA	ENSMUSG00000089255	-	Snora78	523
524	Snora64	chr17	24720772	24720905	snoRNA	ENSMUSG00000077709	+	Snora64	524
525	Ndufb10	chr17	24722060	24724478	protein_coding	ENSMUSG00000040048	-	Ndufb10	525
526	Rpl3l	chr17	24727820	24736143	protein_coding	ENSMUSG00000002500	+	Rpl3l	526
527	Msrb1	chr17	24736642	24742778	protein_coding	ENSMUSG00000075705	+	Msrb1	527
528	Hs3st6	chr17	24752988	24758684	protein_coding	ENSMUSG00000039628	+	Hs3st6	528
529	Gm50022	chr17	24779703	24781984	lncRNA	ENSMUSG00000117379	+	Gm50022	529
530	Meiob	chr17	24804289	24839788	protein_coding	ENSMUSG00000024155	+	Meiob	530
531	Hagh	chr17	24840143	24864450	protein_coding	ENSMUSG00000024158	+	Hagh	531
532	Fahd1	chr17	24848892	24850364	protein_coding	ENSMUSG00000045316	-	Fahd1	532
533	Igfals	chr17	24865997	24882010	protein_coding	ENSMUSG00000046070	+	Igfals	533
534	Nubp2	chr17	24882611	24886349	protein_coding	ENSMUSG00000039183	-	Nubp2	534
535	Spsb3	chr17	24886643	24892152	protein_coding	ENSMUSG00000024160	+	Spsb3	535
536	Eme2	chr17	24888486	24895087	protein_coding	ENSMUSG00000073436	-	Eme2	536
537	Mapk8ip3	chr17	24892153	24936977	protein_coding	ENSMUSG00000024163	-	Mapk8ip3	537
538	Mrps34	chr17	24895116	24897502	protein_coding	ENSMUSG00000038880	+	Mrps34	538
539	Nme3	chr17	24896500	24897522	protein_coding	ENSMUSG00000073435	+	Nme3	539
540	Jpt2	chr17	24937419	24960689	protein_coding	ENSMUSG00000024165	-	Jpt2	540
541	Cramp1l	chr17	24961226	25015788	protein_coding	ENSMUSG00000038002	-	Cramp1l	541
542	Ift140	chr17	25016085	25099495	protein_coding	ENSMUSG00000024169	+	Ift140	542
543	Tmem204	chr17	25057702	25083591	protein_coding	ENSMUSG00000024168	-	Tmem204	543
544	Telo2	chr17	25099570	25115967	protein_coding	ENSMUSG00000024170	-	Telo2	544
545	Ptx4	chr17	25120760	25125292	protein_coding	ENSMUSG00000044172	+	Ptx4	545
546	Clcn7	chr17	25133391	25162104	protein_coding	ENSMUSG00000036636	+	Clcn7	546
547	Ccdc154	chr17	25162461	25171913	protein_coding	ENSMUSG00000059562	+	Ccdc154	547
548	Gm38655	chr17	25172897	25175471	protein_coding	ENSMUSG00000114245	-	Gm38655	548
549	BC003965	chr17	25184554	25187662	protein_coding	ENSMUSG00000067722	+	BC003965	549
550	Unkl	chr17	25188397	25234443	protein_coding	ENSMUSG00000015127	+	Unkl	550
551	Gnptg	chr17	25233331	25240124	protein_coding	ENSMUSG00000035521	-	Gnptg	551
552	Tsr3	chr17	25240170	25242798	protein_coding	ENSMUSG00000015126	+	Tsr3	552
553	Baiap3	chr17	25242659	25256364	protein_coding	ENSMUSG00000047507	-	Baiap3	553
554	Ube2i	chr17	25261916	25274622	protein_coding	ENSMUSG00000015120	-	Ube2i	554
555	Prss34	chr17	25298394	25300165	protein_coding	ENSMUSG00000056399	+	Prss34	555
556	Gm25921	chr17	25306112	25306248	snoRNA	ENSMUSG00000088930	+	Gm25921	556
557	Prss28	chr17	25308646	25311876	protein_coding	ENSMUSG00000024171	+	Prss28	557
558	Prss29	chr17	25318654	25322684	protein_coding	ENSMUSG00000034039	+	Prss29	558
559	Gm5430	chr17	25326612	25327526	processed_pseudogene	ENSMUSG00000098180	-	Gm5430	559
560	Gm50085	chr17	25330692	25332675	unprocessed_pseudogene	ENSMUSG00000117517	+	Gm50085	560
561	Tpsab1	chr17	25343245	25345562	protein_coding	ENSMUSG00000024173	-	Tpsab1	561
562	Tpsb2	chr17	25366305	25369098	protein_coding	ENSMUSG00000033825	+	Tpsb2	562
563	Tpsg1	chr17	25369273	25374442	protein_coding	ENSMUSG00000033200	+	Tpsg1	563
564	Cacna1h	chr17	25374285	25433783	protein_coding	ENSMUSG00000024112	-	Cacna1h	564
565	Tekt4	chr17	25454615	25476602	protein_coding	ENSMUSG00000024175	+	Tekt4	565
566	Sstr5	chr17	25489875	25497288	protein_coding	ENSMUSG00000050824	-	Sstr5	566
567	Gm33727	chr17	25518585	25522565	lncRNA	ENSMUSG00000117437	+	Gm33727	567
568	Gm50025	chr17	25531437	25533045	lncRNA	ENSMUSG00000117420	-	Gm50025	568
569	Gm33801	chr17	25537017	25538938	lncRNA	ENSMUSG00000117577	-	Gm33801	569
570	Rpsa-ps6	chr17	25548903	25549489	processed_pseudogene	ENSMUSG00000117544	-	Rpsa-ps6	570
571	Gm50026	chr17	25552048	25561213	lncRNA	ENSMUSG00000117445	-	Gm50026	571
572	Sox8	chr17	25565892	25570686	protein_coding	ENSMUSG00000024176	-	Sox8	572
573	2810468N07Rik	chr17	25570358	25575043	lncRNA	ENSMUSG00000091475	+	2810468N07Rik	573
574	Lmf1	chr17	25579085	25662826	protein_coding	ENSMUSG00000002279	+	Lmf1	574
575	Gm22645	chr17	25694114	25694220	snRNA	ENSMUSG00000096451	-	Gm22645	575
576	4930541O19Rik	chr17	25698103	25698849	lncRNA	ENSMUSG00000117791	-	4930541O19Rik	576
577	Gm50312	chr17	25698854	25700464	lncRNA	ENSMUSG00000118136	+	Gm50312	577
578	Gm5836	chr17	25705049	25705822	processed_pseudogene	ENSMUSG00000117657	+	Gm5836	578
579	Gng13	chr17	25717171	25719406	protein_coding	ENSMUSG00000025739	+	Gng13	579
580	Chtf18	chr17	25718926	25727419	protein_coding	ENSMUSG00000019214	-	Chtf18	580
581	Rpusd1	chr17	25727670	25731464	protein_coding	ENSMUSG00000041199	+	Rpusd1	581
582	Mslnl	chr17	25736042	25748330	protein_coding	ENSMUSG00000041062	+	Mslnl	582
583	Gm25083	chr17	25746788	25746879	miRNA	ENSMUSG00000076274	-	Gm25083	583
584	Msln	chr17	25748613	25754378	protein_coding	ENSMUSG00000063011	-	Msln	584
585	1700080C20Rik	chr17	25760202	25760522	lncRNA	ENSMUSG00000117741	+	1700080C20Rik	585
586	Ciao3	chr17	25773776	25783332	protein_coding	ENSMUSG00000002280	+	Ciao3	586
587	Haghl	chr17	25779843	25785673	protein_coding	ENSMUSG00000061046	-	Haghl	587
588	Mir6966	chr17	25780808	25780879	miRNA	ENSMUSG00000098329	+	Mir6966	588
589	Ccdc78	chr17	25786580	25790513	protein_coding	ENSMUSG00000071202	+	Ccdc78	589
590	Fam173a	chr17	25790080	25792901	protein_coding	ENSMUSG00000057411	-	Fam173a	590
591	Gm50367	chr17	25790500	25795659	protein_coding	ENSMUSG00000118135	-	Gm50367	591
592	Metrn	chr17	25793221	25797136	protein_coding	ENSMUSG00000002274	-	Metrn	592
593	Fbxl16	chr17	25809085	25821255	protein_coding	ENSMUSG00000025738	+	Fbxl16	593
594	Wdr24	chr17	25823627	25828730	protein_coding	ENSMUSG00000025737	+	Wdr24	594
595	Jmjd8	chr17	25828867	25831843	protein_coding	ENSMUSG00000025736	+	Jmjd8	595
596	Stub1	chr17	25830505	25833404	protein_coding	ENSMUSG00000039615	-	Stub1	596
597	Mir3082	chr17	25831365	25831428	miRNA	ENSMUSG00000093076	-	Mir3082	597
598	Gm20683	chr17	25834465	25841763	protein_coding	ENSMUSG00000093593	-	Gm20683	598
599	Rhbdl1	chr17	25834465	25837295	protein_coding	ENSMUSG00000025735	-	Rhbdl1	599
600	Rhot2	chr17	25838457	25844851	protein_coding	ENSMUSG00000025733	-	Rhot2	600
601	Wdr90	chr17	25844771	25861501	protein_coding	ENSMUSG00000073434	-	Wdr90	601
602	Mcrip2	chr17	25863698	25868764	protein_coding	ENSMUSG00000025732	-	Mcrip2	602
603	Mettl26	chr17	25875074	25877169	protein_coding	ENSMUSG00000025731	+	Mettl26	603
604	Wfikkn1	chr17	25877628	25880858	protein_coding	ENSMUSG00000071192	-	Wfikkn1	604
605	Rab40c	chr17	25882114	25919727	protein_coding	ENSMUSG00000025730	-	Rab40c	605
606	Gm10012	chr17	25901856	25902227	transcribed_processed_pseudogene	ENSMUSG00000057580	+	Gm10012	606
607	Gm16278	chr17	25919089	25935745	lncRNA	ENSMUSG00000084862	+	Gm16278	607
608	Pigq	chr17	25926421	25944936	protein_coding	ENSMUSG00000025728	-	Pigq	608
609	Nhlrc4	chr17	25942233	25944961	protein_coding	ENSMUSG00000090113	-	Nhlrc4	609
610	A930017K11Rik	chr17	25946387	25952565	protein_coding	ENSMUSG00000025727	-	A930017K11Rik	610
611	D630044L22Rik	chr17	25951472	25963610	lncRNA	ENSMUSG00000097405	+	D630044L22Rik	611
612	Capn15	chr17	25958364	25985796	protein_coding	ENSMUSG00000037326	-	Capn15	612
613	1700022N22Rik	chr17	25985808	25991030	lncRNA	ENSMUSG00000097523	+	1700022N22Rik	613
614	Rab11fip3	chr17	25989036	26069555	protein_coding	ENSMUSG00000037098	-	Rab11fip3	614
615	Gm17814	chr17	26073146	26073988	processed_pseudogene	ENSMUSG00000118105	+	Gm17814	615
616	Decr2	chr17	26081208	26090337	protein_coding	ENSMUSG00000036775	-	Decr2	616
617	Nme4	chr17	26091734	26095602	protein_coding	ENSMUSG00000024177	-	Nme4	617
618	Gm8186	chr17	26098991	26099221	processed_pseudogene	ENSMUSG00000049124	-	Gm8186	618
619	Tmem8	chr17	26113299	26123254	protein_coding	ENSMUSG00000024180	+	Tmem8	619
620	Mrpl28	chr17	26123500	26126613	protein_coding	ENSMUSG00000024181	+	Mrpl28	620
621	Axin1	chr17	26138688	26195811	protein_coding	ENSMUSG00000024182	+	Axin1	621
622	Gm49983	chr17	26158569	26159004	processed_pseudogene	ENSMUSG00000117374	-	Gm49983	622
623	Pdia2	chr17	26195999	26199087	protein_coding	ENSMUSG00000024184	-	Pdia2	623
624	Arhgdig	chr17	26199183	26207786	protein_coding	ENSMUSG00000073433	-	Arhgdig	624
625	Rgs11	chr17	26202951	26211324	protein_coding	ENSMUSG00000024186	+	Rgs11	625
626	Fam234a	chr17	26211822	26244242	protein_coding	ENSMUSG00000024187	-	Fam234a	626
627	Gm23123	chr17	26223502	26223645	snoRNA	ENSMUSG00000088273	+	Gm23123	627
628	Gm3946	chr17	26223711	26224554	processed_pseudogene	ENSMUSG00000117513	+	Gm3946	628
629	Gm20026	chr17	26232564	26232881	processed_pseudogene	ENSMUSG00000117622	+	Gm20026	629
630	Gm50007	chr17	26251350	26251445	unprocessed_pseudogene	ENSMUSG00000117609	-	Gm50007	630
631	Luc7l	chr17	26252896	26285504	protein_coding	ENSMUSG00000024188	+	Luc7l	631
632	Gm50013	chr17	26267395	26274744	lncRNA	ENSMUSG00000117596	-	Gm50013	632
633	Gm16580	chr17	26269337	26270384	processed_pseudogene	ENSMUSG00000089764	+	Gm16580	633
634	Hba-ps4	chr17	26286363	26287061	unprocessed_pseudogene	ENSMUSG00000084893	-	Hba-ps4	634
635	Gm50015	chr17	26317418	26322622	lncRNA	ENSMUSG00000117551	-	Gm50015	635
636	Neurl1b	chr17	26414829	26446349	protein_coding	ENSMUSG00000034413	+	Neurl1b	636
637	Gm50269	chr17	26449388	26464157	lncRNA	ENSMUSG00000118232	-	Gm50269	637
638	Gm34455	chr17	26467560	26503200	lncRNA	ENSMUSG00000118107	-	Gm34455	638
639	Dusp1	chr17	26505590	26562128	protein_coding	ENSMUSG00000024190	-	Dusp1	639
640	Gm50274	chr17	26525067	26525293	processed_pseudogene	ENSMUSG00000118368	-	Gm50274	640
641	Gm50275	chr17	26536375	26538227	lncRNA	ENSMUSG00000118068	-	Gm50275	641
642	Gm8225	chr17	26542760	26543715	processed_pseudogene	ENSMUSG00000068604	+	Gm8225	642
643	Ergic1	chr17	26561489	26656934	protein_coding	ENSMUSG00000001576	+	Ergic1	643
644	Gm22420	chr17	26580802	26580927	miRNA	ENSMUSG00000094969	-	Gm22420	644
645	Gm17218	chr17	26620358	26625100	lncRNA	ENSMUSG00000091078	-	Gm17218	645
646	Atp6v0e	chr17	26663231	26699647	protein_coding	ENSMUSG00000015575	+	Atp6v0e	646
647	Crebrf	chr17	26715650	26776635	protein_coding	ENSMUSG00000048249	+	Crebrf	647
648	Bnip1	chr17	26781066	26792565	protein_coding	ENSMUSG00000024191	+	Bnip1	648
649	Nkx2-5	chr17	26838664	26845009	protein_coding	ENSMUSG00000015579	-	Nkx2-5	649
650	Gm17382	chr17	26860271	26886202	lncRNA	ENSMUSG00000078838	-	Gm17382	650
651	Gm20468	chr17	26861421	26898531	lncRNA	ENSMUSG00000092539	+	Gm20468	651
652	Gm29819	chr17	26880456	26880608	processed_pseudogene	ENSMUSG00000117903	-	Gm29819	652
653	Gm41555	chr17	26896314	26934563	lncRNA	ENSMUSG00000118147	-	Gm41555	653
654	Kifc5b	chr17	26917091	26932583	protein_coding	ENSMUSG00000024301	+	Kifc5b	654
655	Gm27775	chr17	26920962	26921019	miRNA	ENSMUSG00000098586	+	Gm27775	655
656	Phf1	chr17	26933052	26937908	protein_coding	ENSMUSG00000024193	+	Phf1	656
657	Cuta	chr17	26933819	26939569	protein_coding	ENSMUSG00000024194	-	Cuta	657
658	Syngap1	chr17	26941253	26972434	protein_coding	ENSMUSG00000067629	+	Syngap1	658
659	Mir3083	chr17	26948056	26948119	miRNA	ENSMUSG00000093118	-	Mir3083	659
660	Zbtb9	chr17	26973167	27008376	protein_coding	ENSMUSG00000079605	+	Zbtb9	660
661	Gm50253	chr17	26973217	27036378	protein_coding	ENSMUSG00000117819	+	Gm50253	661
662	Gm50254	chr17	26974510	26978626	lncRNA	ENSMUSG00000118007	-	Gm50254	662
663	Ggnbp1	chr17	27017987	27037624	protein_coding	ENSMUSG00000048731	+	Ggnbp1	663
664	Bak1	chr17	27019810	27029009	protein_coding	ENSMUSG00000057789	-	Bak1	664
665	Gm50295	chr17	27048276	27051414	lncRNA	ENSMUSG00000117799	-	Gm50295	665
666	Itpr3	chr17	27057304	27122223	protein_coding	ENSMUSG00000042644	+	Itpr3	666
667	Itpr3os	chr17	27099658	27101440	lncRNA	ENSMUSG00000086898	-	Itpr3os	667
668	Uqcc2	chr17	27122663	27133916	protein_coding	ENSMUSG00000024208	-	Uqcc2	668
669	Gm50316	chr17	27139549	27140003	lncRNA	ENSMUSG00000118010	+	Gm50316	669
670	Ip6k3	chr17	27143965	27167795	protein_coding	ENSMUSG00000024210	-	Ip6k3	670
671	Lemd2	chr17	27189600	27204469	protein_coding	ENSMUSG00000044857	-	Lemd2	671
672	Gm26724	chr17	27201032	27203071	lncRNA	ENSMUSG00000097090	+	Gm26724	672
673	AC141882.1	chr17	27212879	27217478	unitary_pseudogene	ENSMUSG00000118503	-	AC141882.1	673
674	9630028I04Rik	chr17	27235075	27248066	lncRNA	ENSMUSG00000117916	-	9630028I04Rik	674
675	Gm50328	chr17	27244854	27258413	lncRNA	ENSMUSG00000117794	+	Gm50328	675
676	Gm49793	chr17	27308316	27318696	lncRNA	ENSMUSG00000116751	-	Gm49793	676
677	Mir7214	chr17	27317035	27317095	miRNA	ENSMUSG00000105142	-	Mir7214	677
678	Gm10505	chr17	27325035	27344833	lncRNA	ENSMUSG00000073430	+	Gm10505	678
679	Gm49795	chr17	27353861	27354668	lncRNA	ENSMUSG00000116692	-	Gm49795	679
680	Gm49794	chr17	27354111	27367492	lncRNA	ENSMUSG00000116879	+	Gm49794	680
681	Mir7218	chr17	27358097	27358155	miRNA	ENSMUSG00000106215	+	Mir7218	681
682	Gm49796	chr17	27398147	27399221	lncRNA	ENSMUSG00000116970	+	Gm49796	682
683	Grm4	chr17	27422387	27521403	protein_coding	ENSMUSG00000063239	-	Grm4	683
684	Gm49789	chr17	27437529	27438027	TEC	ENSMUSG00000116682	+	Gm49789	684
685	Gm49790	chr17	27468492	27468889	TEC	ENSMUSG00000116568	-	Gm49790	685
686	Gm16005	chr17	27522573	27522844	processed_pseudogene	ENSMUSG00000082177	+	Gm16005	686
687	Gm9703	chr17	27530067	27530412	processed_pseudogene	ENSMUSG00000082741	+	Gm9703	687
688	Gm49774	chr17	27545707	27556518	lncRNA	ENSMUSG00000116657	-	Gm49774	688
689	Gm49773	chr17	27552972	27553323	TEC	ENSMUSG00000116548	+	Gm49773	689
690	Hmga1	chr17	27556497	27563674	protein_coding	ENSMUSG00000046711	+	Hmga1	690
691	AI413582	chr17	27563573	27565756	protein_coding	ENSMUSG00000062753	-	AI413582	691
692	C130040N14Rik	chr17	27565112	27566222	lncRNA	ENSMUSG00000116884	+	C130040N14Rik	692
693	Nudt3	chr17	27579382	27623495	protein_coding	ENSMUSG00000024213	-	Nudt3	693
694	Gm49804	chr17	27580780	27635222	protein_coding	ENSMUSG00000117338	-	Gm49804	694
695	Gm49741	chr17	27623497	27624265	lncRNA	ENSMUSG00000116571	+	Gm49741	695
696	Rps10	chr17	27630418	27636669	protein_coding	ENSMUSG00000052146	-	Rps10	696
697	Gm15420	chr17	27635343	27636868	lncRNA	ENSMUSG00000087387	+	Gm15420	697
698	Pacsin1	chr17	27655509	27711482	protein_coding	ENSMUSG00000040276	+	Pacsin1	698
699	Spdef	chr17	27714352	27728955	protein_coding	ENSMUSG00000024215	-	Spdef	699
700	Gm15458	chr17	27735220	27741492	lncRNA	ENSMUSG00000086485	+	Gm15458	700
701	Ilrun	chr17	27751235	27820648	protein_coding	ENSMUSG00000056692	-	Ilrun	701
702	Rps2-ps9	chr17	27784379	27785246	transcribed_processed_pseudogene	ENSMUSG00000080731	+	Rps2-ps9	702
703	Snrpc	chr17	27838150	27851968	protein_coding	ENSMUSG00000024217	+	Snrpc	703
704	Uhrf1bp1	chr17	27856441	27900041	protein_coding	ENSMUSG00000039512	+	Uhrf1bp1	704
705	Gm49803	chr17	27868481	27868978	processed_pseudogene	ENSMUSG00000117161	-	Gm49803	705
706	Taf11	chr17	27901122	27909844	protein_coding	ENSMUSG00000024218	-	Taf11	706
707	Gm49801	chr17	27907803	27908349	lncRNA	ENSMUSG00000117216	+	Gm49801	707
708	Anks1	chr17	27909306	28062775	protein_coding	ENSMUSG00000024219	+	Anks1	708
709	Gm15597	chr17	27959615	27965316	lncRNA	ENSMUSG00000085846	-	Gm15597	709
710	Gm49802	chr17	27982392	27983158	lncRNA	ENSMUSG00000117130	+	Gm49802	710
711	Gm35290	chr17	28001065	28002362	lncRNA	ENSMUSG00000117263	-	Gm35290	711
712	Tcp11	chr17	28066745	28080639	protein_coding	ENSMUSG00000062859	-	Tcp11	712
713	4930526A20Rik	chr17	28075050	28076677	transcribed_processed_pseudogene	ENSMUSG00000085521	-	4930526A20Rik	713
714	Gm50238	chr17	28076418	28080295	lncRNA	ENSMUSG00000117120	-	Gm50238	714
715	Gm49897	chr17	28139628	28140106	TEC	ENSMUSG00000117189	-	Gm49897	715
716	Scube3	chr17	28142141	28174854	protein_coding	ENSMUSG00000038677	+	Scube3	716
717	C230013L11Rik	chr17	28174657	28177682	lncRNA	ENSMUSG00000117171	-	C230013L11Rik	717
718	Zfp523	chr17	28177129	28205886	protein_coding	ENSMUSG00000024220	+	Zfp523	718
719	Def6	chr17	28207778	28228608	protein_coding	ENSMUSG00000002257	+	Def6	719
720	Gm49874	chr17	28223104	28224167	lncRNA	ENSMUSG00000117028	-	Gm49874	720
721	Ppard	chr17	28232700	28301474	protein_coding	ENSMUSG00000002250	+	Ppard	721
722	Fance	chr17	28313519	28326572	protein_coding	ENSMUSG00000007570	+	Fance	722
723	Gm49886	chr17	28318186	28319602	lncRNA	ENSMUSG00000117027	-	Gm49886	723
724	Gm49889	chr17	28326953	28328521	lncRNA	ENSMUSG00000117303	-	Gm49889	724
725	Rpl10a	chr17	28328471	28331033	protein_coding	ENSMUSG00000037805	+	Rpl10a	725
726	Tead3	chr17	28331671	28350817	protein_coding	ENSMUSG00000002249	-	Tead3	726
727	Tulp1	chr17	28351515	28365222	protein_coding	ENSMUSG00000037446	-	Tulp1	727
728	Fkbp5	chr17	28399094	28517527	protein_coding	ENSMUSG00000024222	-	Fkbp5	728
729	Gm49838	chr17	28424723	28426430	lncRNA	ENSMUSG00000117313	-	Gm49838	729
730	Gm22146	chr17	28446500	28456457	lncRNA	ENSMUSG00000117084	+	Gm22146	730
731	Gm49799	chr17	28446861	28447148	misc_RNA	ENSMUSG00000088022	+	Gm49799	731
732	Gm49839	chr17	28457484	28461095	TEC	ENSMUSG00000117294	-	Gm49839	732
733	Gm49861	chr17	28520008	28520250	processed_pseudogene	ENSMUSG00000117304	+	Gm49861	733
734	Gm20109	chr17	28522381	28523148	lncRNA	ENSMUSG00000097714	-	Gm20109	734
735	E230001N04Rik	chr17	28522720	28525398	lncRNA	ENSMUSG00000066170	+	E230001N04Rik	735
736	Gm25195	chr17	28526332	28526457	miRNA	ENSMUSG00000095947	+	Gm25195	736
737	Gm41506	chr17	28528743	28530734	lncRNA	ENSMUSG00000117131	-	Gm41506	737
738	Armc12	chr17	28530806	28539110	protein_coding	ENSMUSG00000024223	+	Armc12	738
739	Clpsl2	chr17	28549411	28552620	protein_coding	ENSMUSG00000024224	+	Clpsl2	739
740	Clps	chr17	28558149	28560766	protein_coding	ENSMUSG00000024225	-	Clps	740
741	Mir6969	chr17	28558441	28558501	miRNA	ENSMUSG00000099152	-	Mir6969	741
742	Lhfpl5	chr17	28575641	28585679	protein_coding	ENSMUSG00000062252	+	Lhfpl5	742
743	Srpk1	chr17	28587648	28622709	protein_coding	ENSMUSG00000004865	-	Srpk1	743
744	Slc26a8	chr17	28637783	28690233	protein_coding	ENSMUSG00000036196	-	Slc26a8	744
745	Mapk14	chr17	28691329	28748406	protein_coding	ENSMUSG00000053436	+	Mapk14	745
746	Gm4356	chr17	28726083	28726700	protein_coding	ENSMUSG00000117145	+	Gm4356	746
747	Mapk13	chr17	28769297	28780233	protein_coding	ENSMUSG00000004864	+	Mapk13	747
748	Gm49864	chr17	28799494	28801623	lncRNA	ENSMUSG00000117255	-	Gm49864	748
749	Brpf3	chr17	28801090	28839949	protein_coding	ENSMUSG00000063952	+	Brpf3	749
750	Gm35883	chr17	28822143	28822757	lncRNA	ENSMUSG00000117301	-	Gm35883	750
751	Pnpla1os	chr17	28852055	28859508	lncRNA	ENSMUSG00000087615	-	Pnpla1os	751
752	Pnpla1	chr17	28858411	28890309	protein_coding	ENSMUSG00000043286	+	Pnpla1	752
753	4930539E08Rik	chr17	28896392	28915324	protein_coding	ENSMUSG00000048905	-	4930539E08Rik	753
754	1700030A11Rik	chr17	28905265	28906771	lncRNA	ENSMUSG00000085333	+	1700030A11Rik	754
755	Gm16191	chr17	28925463	28937125	lncRNA	ENSMUSG00000087693	+	Gm16191	755
756	Pxt1	chr17	28933984	28943840	protein_coding	ENSMUSG00000045378	-	Pxt1	756
757	Gm49868	chr17	28946571	28947195	processed_pseudogene	ENSMUSG00000117116	-	Gm49868	757
758	1700063J08Rik	chr17	28951855	28952408	lncRNA	ENSMUSG00000117080	-	1700063J08Rik	758
759	Kctd20	chr17	28951950	28969549	protein_coding	ENSMUSG00000005936	+	Kctd20	759
760	Stk38	chr17	28970880	29007995	protein_coding	ENSMUSG00000024006	-	Stk38	760
761	Gm23887	chr17	28989977	28990148	snRNA	ENSMUSG00000084632	-	Gm23887	761
762	Gm16196	chr17	29014642	29032568	lncRNA	ENSMUSG00000086154	-	Gm16196	762
763	Gm16195	chr17	29021293	29022402	lncRNA	ENSMUSG00000087308	+	Gm16195	763
764	Srsf3	chr17	29032628	29043373	protein_coding	ENSMUSG00000071172	+	Srsf3	764
765	Gm41556	chr17	29053336	29060167	lncRNA	ENSMUSG00000117007	+	Gm41556	765
766	Trp53cor1	chr17	29057430	29079179	lncRNA	ENSMUSG00000085912	-	Trp53cor1	766
767	Gm27599	chr17	29059744	29059917	misc_RNA	ENSMUSG00000098994	+	Gm27599	767
768	Cdkn1a	chr17	29090976	29100727	protein_coding	ENSMUSG00000023067	+	Cdkn1a	768
769	1700023B13Rik	chr17	29093416	29094461	TEC	ENSMUSG00000117050	-	1700023B13Rik	769
770	Rab44	chr17	29114145	29148980	protein_coding	ENSMUSG00000064147	+	Rab44	770
771	Rpl35a-ps3	chr17	29136972	29137304	processed_pseudogene	ENSMUSG00000067575	-	Rpl35a-ps3	771
772	Gm18271	chr17	29154390	29155334	transcribed_processed_pseudogene	ENSMUSG00000117291	+	Gm18271	772
773	Cpne5	chr17	29155556	29238167	protein_coding	ENSMUSG00000024008	-	Cpne5	773
774	Gm50054	chr17	29223296	29223441	TEC	ENSMUSG00000117610	+	Gm50054	774
775	Ppil1	chr17	29250803	29264186	protein_coding	ENSMUSG00000024007	-	Ppil1	775
776	Gm50068	chr17	29263999	29265208	lncRNA	ENSMUSG00000117614	+	Gm50068	776
777	BC004004	chr17	29268788	29314065	protein_coding	ENSMUSG00000052712	+	BC004004	777
778	Gm10045	chr17	29308138	29308620	transcribed_processed_pseudogene	ENSMUSG00000094326	+	Gm10045	778
779	Pi16	chr17	29317680	29330593	protein_coding	ENSMUSG00000024011	+	Pi16	779
780	Gm46603	chr17	29319981	29322549	lncRNA	ENSMUSG00000117592	-	Gm46603	780
781	Mtch1	chr17	29332072	29347934	protein_coding	ENSMUSG00000024012	-	Mtch1	781
782	Fgd2	chr17	29360914	29379661	protein_coding	ENSMUSG00000024013	+	Fgd2	782
783	Gm36486	chr17	29430798	29437448	lncRNA	ENSMUSG00000117575	-	Gm36486	783
784	Gm36199	chr17	29432835	29466267	lncRNA	ENSMUSG00000117427	+	Gm36199	784
785	Gm26885	chr17	29446919	29491925	lncRNA	ENSMUSG00000097125	-	Gm26885	785
786	Pim1	chr17	29490753	29496112	protein_coding	ENSMUSG00000024014	+	Pim1	786
787	Gm17657	chr17	29518642	29549638	protein_coding	ENSMUSG00000091614	-	Gm17657	787
788	Tmem217	chr17	29526007	29552385	protein_coding	ENSMUSG00000079580	-	Tmem217	788
789	Tbc1d22b	chr17	29549785	29606898	protein_coding	ENSMUSG00000042203	+	Tbc1d22b	789
790	Gm28052	chr17	29549799	29682012	lncRNA	ENSMUSG00000099329	+	Gm28052	790
791	Tbc1d22bos	chr17	29578816	29596305	lncRNA	ENSMUSG00000089900	-	Tbc1d22bos	791
792	Mir7667	chr17	29595538	29595600	miRNA	ENSMUSG00000098764	+	Mir7667	792
793	2010106G04Rik	chr17	29614460	29614770	lncRNA	ENSMUSG00000117376	-	2010106G04Rik	793
794	Rnf8	chr17	29614790	29644991	protein_coding	ENSMUSG00000090083	+	Rnf8	794
795	Gm28043	chr17	29614876	29703359	protein_coding	ENSMUSG00000098374	+	Gm28043	795
796	Gm20161	chr17	29652228	29658336	lncRNA	ENSMUSG00000117534	-	Gm20161	796
797	Cmtr1	chr17	29660595	29705979	protein_coding	ENSMUSG00000024019	+	Cmtr1	797
798	Ccdc167	chr17	29687357	29717044	protein_coding	ENSMUSG00000024018	-	Ccdc167	798
799	1810014P07Rik	chr17	29717072	29719153	lncRNA	ENSMUSG00000117434	+	1810014P07Rik	799
800	Gm50016	chr17	29813629	29819387	lncRNA	ENSMUSG00000117489	-	Gm50016	800
801	Mdga1	chr17	29827949	29970087	protein_coding	ENSMUSG00000043557	-	Mdga1	801
802	Gm16758	chr17	29890084	29897067	lncRNA	ENSMUSG00000086534	+	Gm16758	802
803	Gm50017	chr17	29979320	29982233	lncRNA	ENSMUSG00000117528	+	Gm50017	803
804	Gm50018	chr17	29983680	29983988	processed_pseudogene	ENSMUSG00000117639	-	Gm50018	804
805	Gm22327	chr17	29984034	29984141	snoRNA	ENSMUSG00000089524	-	Gm22327	805
806	Gm50019	chr17	29997956	30004691	lncRNA	ENSMUSG00000117371	-	Gm50019	806
807	Zfand3	chr17	30004733	30210828	protein_coding	ENSMUSG00000044477	+	Zfand3	807
808	Gm50226	chr17	30165506	30166385	TEC	ENSMUSG00000117947	+	Gm50226	808
809	Tuba-rs1	chr17	30177475	30178919	transcribed_processed_pseudogene	ENSMUSG00000117974	+	Tuba-rs1	809
810	Btbd9	chr17	30215524	30576488	protein_coding	ENSMUSG00000062202	-	Btbd9	810
811	Gm25049	chr17	30311079	30311151	snRNA	ENSMUSG00000089222	+	Gm25049	811
812	Gm6402	chr17	30395620	30396033	processed_pseudogene	ENSMUSG00000117962	-	Gm6402	812
813	Gm50250	chr17	30450398	30457877	lncRNA	ENSMUSG00000117835	+	Gm50250	813
814	Gm50252	chr17	30459502	30923831	lncRNA	ENSMUSG00000118341	-	Gm50252	814
815	Gm9874	chr17	30484661	30486124	TEC	ENSMUSG00000103207	+	Gm9874	815
816	Gm50240	chr17	30576300	30582594	lncRNA	ENSMUSG00000117725	+	Gm50240	816
817	Glo1	chr17	30584936	30626871	protein_coding	ENSMUSG00000024026	-	Glo1	817
818	Gm50244	chr17	30591508	30591925	TEC	ENSMUSG00000118053	+	Gm50244	818
819	Gm8373	chr17	30603105	30605211	transcribed_processed_pseudogene	ENSMUSG00000118382	+	Gm8373	819
820	Gm50245	chr17	30607056	30608265	TEC	ENSMUSG00000117749	+	Gm50245	820
821	1700097N02Rik	chr17	30622441	30626905	lncRNA	ENSMUSG00000099474	-	1700097N02Rik	821
822	Dnah8	chr17	30624354	30877365	protein_coding	ENSMUSG00000033826	+	Dnah8	822
823	Gm24661	chr17	30782026	30782129	snRNA	ENSMUSG00000094785	-	Gm24661	823
824	Gm41561	chr17	30848436	30857436	lncRNA	ENSMUSG00000117760	-	Gm41561	824
825	Gm50248	chr17	30870931	30871209	TEC	ENSMUSG00000118205	-	Gm50248	825
826	Gm9937	chr17	30873992	30875284	lncRNA	ENSMUSG00000118119	-	Gm9937	826
827	Gm50242	chr17	30880471	30883429	lncRNA	ENSMUSG00000118281	+	Gm50242	827
828	Glp1r	chr17	30901817	30940791	protein_coding	ENSMUSG00000024027	+	Glp1r	828
829	Gm10503	chr17	30920338	30963220	lncRNA	ENSMUSG00000117786	-	Gm10503	829
830	Gm41562	chr17	30945893	30952761	lncRNA	ENSMUSG00000118284	+	Gm41562	830
831	Umodl1	chr17	30954640	31010710	protein_coding	ENSMUSG00000054134	+	Umodl1	831
832	Gm50249	chr17	30967683	30970005	lncRNA	ENSMUSG00000118169	-	Gm50249	832
833	Abcg1	chr17	31057675	31117988	protein_coding	ENSMUSG00000024030	+	Abcg1	833
834	Gm25447	chr17	31059604	31059731	rRNA	ENSMUSG00000089622	+	Gm25447	834
835	Tff3	chr17	31125306	31129646	protein_coding	ENSMUSG00000024029	-	Tff3	835
836	Tff2	chr17	31141049	31144282	protein_coding	ENSMUSG00000024028	-	Tff2	836
837	Gm15318	chr17	31152752	31163054	lncRNA	ENSMUSG00000086010	+	Gm15318	837
838	Tff1	chr17	31161395	31165277	protein_coding	ENSMUSG00000024032	-	Tff1	838
839	Tmprss3	chr17	31179265	31198977	protein_coding	ENSMUSG00000024034	-	Tmprss3	839
840	Ubash3a	chr17	31207873	31246892	protein_coding	ENSMUSG00000042345	+	Ubash3a	840
841	Gm50218	chr17	31247303	31257978	lncRNA	ENSMUSG00000117899	+	Gm50218	841
842	Rsph1	chr17	31255019	31277383	protein_coding	ENSMUSG00000024033	-	Rsph1	842
843	Slc37a1	chr17	31286792	31350739	protein_coding	ENSMUSG00000024036	+	Slc37a1	843
844	Gm8437	chr17	31293121	31296689	transcribed_processed_pseudogene	ENSMUSG00000118295	-	Gm8437	844
845	Pde9a	chr17	31386210	31476310	protein_coding	ENSMUSG00000041119	+	Pde9a	845
846	Gm9902	chr17	31432992	31435018	lncRNA	ENSMUSG00000118157	-	Gm9902	846
847	Gm50138	chr17	31446490	31461835	lncRNA	ENSMUSG00000118081	-	Gm50138	847
848	Gm50102	chr17	31485002	31487369	TEC	ENSMUSG00000118390	-	Gm50102	848
849	Wdr4	chr17	31494322	31519980	protein_coding	ENSMUSG00000024037	-	Wdr4	849
850	Gm50103	chr17	31512004	31514147	lncRNA	ENSMUSG00000118049	+	Gm50103	850
851	Ndufv3	chr17	31520115	31531331	protein_coding	ENSMUSG00000024038	+	Ndufv3	851
852	Gm38099	chr17	31532291	31535460	TEC	ENSMUSG00000104159	-	Gm38099	852
853	Gm50105	chr17	31549547	31552257	lncRNA	ENSMUSG00000117818	-	Gm50105	853
854	4833413E03Rik	chr17	31557126	31559113	lncRNA	ENSMUSG00000013562	+	4833413E03Rik	854
855	AC166172.1	chr17	31562782	31565692	lncRNA	ENSMUSG00000118071	-	AC166172.1	855
856	Gm50108	chr17	31563170	31563732	TEC	ENSMUSG00000117858	+	Gm50108	856
857	Pknox1	chr17	31564734	31607693	protein_coding	ENSMUSG00000006705	+	Pknox1	857
858	Gm24970	chr17	31564962	31565043	miRNA	ENSMUSG00000093323	-	Gm24970	858
859	Gm50107	chr17	31567163	31568854	lncRNA	ENSMUSG00000118239	+	Gm50107	859
860	Cbs	chr17	31608894	31637238	protein_coding	ENSMUSG00000024039	-	Cbs	860
861	Rps2-ps8	chr17	31643898	31644779	processed_pseudogene	ENSMUSG00000118161	-	Rps2-ps8	861
862	U2af1	chr17	31647081	31658892	protein_coding	ENSMUSG00000061613	-	U2af1	862
863	Gm50222	chr17	31676789	31684374	lncRNA	ENSMUSG00000117987	-	Gm50222	863
864	Cryaa	chr17	31677807	31681733	protein_coding	ENSMUSG00000024041	+	Cryaa	864
865	Gm50225	chr17	31688735	31690425	lncRNA	ENSMUSG00000117656	-	Gm50225	865
866	Gm49999	chr17	31789504	31793310	lncRNA	ENSMUSG00000117355	+	Gm49999	866
867	Sik1	chr17	31844250	31855804	protein_coding	ENSMUSG00000024042	-	Sik1	867
868	Gm50000	chr17	31895639	31899178	lncRNA	ENSMUSG00000117562	-	Gm50000	868
869	2310015A16Rik	chr17	31907879	31909029	lncRNA	ENSMUSG00000117879	-	2310015A16Rik	869
870	Gm30571	chr17	31912666	31913320	TEC	ENSMUSG00000117980	+	Gm30571	870
871	Hsf2bp	chr17	31944769	32036349	protein_coding	ENSMUSG00000002076	-	Hsf2bp	871
872	Gm17572	chr17	31950534	31950941	processed_pseudogene	ENSMUSG00000091548	+	Gm17572	872
873	Gm25883	chr17	32027938	32028208	misc_RNA	ENSMUSG00000088406	+	Gm25883	873
874	Rrp1b	chr17	32036100	32062865	protein_coding	ENSMUSG00000058392	+	Rrp1b	874
875	Pdxk-ps	chr17	32076083	32107350	transcribed_unprocessed_pseudogene	ENSMUSG00000002791	-	Pdxk-ps	875
876	Gm17276	chr17	32113411	32141843	lncRNA	ENSMUSG00000097305	+	Gm17276	876
877	Notch3	chr17	32120820	32166852	protein_coding	ENSMUSG00000038146	-	Notch3	877
878	Gm50127	chr17	32182994	32183337	processed_pseudogene	ENSMUSG00000117925	-	Gm50127	878
879	Ephx3	chr17	32183770	32189549	protein_coding	ENSMUSG00000037577	-	Ephx3	879
880	Brd4	chr17	32196274	32284722	protein_coding	ENSMUSG00000024002	-	Brd4	880
881	Gm4432	chr17	32242163	32242507	processed_pseudogene	ENSMUSG00000116414	+	Gm4432	881
882	Gm26549	chr17	32284789	32298689	lncRNA	ENSMUSG00000097217	+	Gm26549	882
883	Akap8	chr17	32303672	32321238	protein_coding	ENSMUSG00000024045	-	Akap8	883
884	Akap8l	chr17	32321424	32350607	protein_coding	ENSMUSG00000002625	-	Akap8l	884
885	Wiz	chr17	32354055	32389439	protein_coding	ENSMUSG00000024050	-	Wiz	885
886	Gm22201	chr17	32389011	32389069	miRNA	ENSMUSG00000084600	+	Gm22201	886
887	Rasal3	chr17	32390659	32403583	protein_coding	ENSMUSG00000052142	-	Rasal3	887
888	A530088E08Rik	chr17	32396778	32412926	lncRNA	ENSMUSG00000117872	+	A530088E08Rik	888
889	Pglyrp2	chr17	32412459	32424167	protein_coding	ENSMUSG00000079563	-	Pglyrp2	889
890	Cyp4f39	chr17	32452723	32493320	protein_coding	ENSMUSG00000061126	+	Cyp4f39	890
891	Cyp4f17	chr17	32506050	32530143	protein_coding	ENSMUSG00000091586	+	Cyp4f17	891
892	Cyp4f16	chr17	32536558	32551798	protein_coding	ENSMUSG00000048440	+	Cyp4f16	892
893	Gm50036	chr17	32578546	32578732	unprocessed_pseudogene	ENSMUSG00000117366	+	Gm50036	893
894	Gm8497	chr17	32586504	32594207	processed_pseudogene	ENSMUSG00000117392	+	Gm8497	894
895	Gm50038	chr17	32602474	32604733	unprocessed_pseudogene	ENSMUSG00000117479	+	Gm50038	895
896	Cyp4f37	chr17	32621309	32636184	protein_coding	ENSMUSG00000062464	+	Cyp4f37	896
897	Cyp4f38-ps	chr17	32642725	32653196	unprocessed_pseudogene	ENSMUSG00000117459	+	Cyp4f38-ps	897
898	Cyp4f40	chr17	32658900	32676914	protein_coding	ENSMUSG00000090700	+	Cyp4f40	898
899	Cyp4f15	chr17	32685627	32703352	protein_coding	ENSMUSG00000073424	+	Cyp4f15	899
900	Gm50046	chr17	32729528	32754198	lncRNA	ENSMUSG00000117443	-	Gm50046	900
901	Gm6452	chr17	32731010	32731806	processed_pseudogene	ENSMUSG00000117651	+	Gm6452	901
902	Gm17948	chr17	32745182	32745820	processed_pseudogene	ENSMUSG00000117581	+	Gm17948	902
903	Zfp871	chr17	32765496	32788287	protein_coding	ENSMUSG00000024298	-	Zfp871	903
904	Gm17115	chr17	32788394	32789591	lncRNA	ENSMUSG00000091968	+	Gm17115	904
905	Zfp811	chr17	32795676	32809931	protein_coding	ENSMUSG00000055202	-	Zfp811	905
906	Gm23294	chr17	32800567	32800730	snRNA	ENSMUSG00000077338	-	Gm23294	906
907	Gm25555	chr17	32804867	32804977	rRNA	ENSMUSG00000088703	-	Gm25555	907
908	Gm26693	chr17	32810144	32821697	lncRNA	ENSMUSG00000097030	+	Gm26693	908
909	Zfp799	chr17	32815449	32830261	protein_coding	ENSMUSG00000095253	-	Zfp799	909
910	Gm7059	chr17	32852205	32853020	processed_pseudogene	ENSMUSG00000117468	-	Gm7059	910
911	Gm18273	chr17	32852991	32866300	transcribed_unprocessed_pseudogene	ENSMUSG00000117373	+	Gm18273	911
912	Gm50050	chr17	32863662	32877942	lncRNA	ENSMUSG00000117654	-	Gm50050	912
913	Zfp870	chr17	32879219	32891642	protein_coding	ENSMUSG00000095325	-	Zfp870	913
914	Gm50051	chr17	32879221	32880304	lncRNA	ENSMUSG00000117601	+	Gm50051	914
915	Cyp4f14	chr17	32905070	32917342	protein_coding	ENSMUSG00000024292	-	Cyp4f14	915
916	Cyp4f13	chr17	32924688	32947402	protein_coding	ENSMUSG00000024055	-	Cyp4f13	916
917	Cyp4f41-ps	chr17	32950961	32965718	transcribed_unprocessed_pseudogene	ENSMUSG00000024295	-	Cyp4f41-ps	917
918	Gm25667	chr17	32956610	32956884	misc_RNA	ENSMUSG00000088326	-	Gm25667	918
919	Zfp472	chr17	32965814	32979233	protein_coding	ENSMUSG00000053600	+	Zfp472	919
920	Zfp952	chr17	32993129	33005457	protein_coding	ENSMUSG00000053390	+	Zfp952	920
921	Zfp763	chr17	33016863	33033402	protein_coding	ENSMUSG00000067430	-	Zfp763	921
922	Phf8-ps	chr17	33064143	33068025	transcribed_processed_pseudogene	ENSMUSG00000023350	-	Phf8-ps	922
923	Zfp563	chr17	33089310	33110705	protein_coding	ENSMUSG00000067424	+	Zfp563	923
924	Morc2b	chr17	33113351	33139683	protein_coding	ENSMUSG00000048602	-	Morc2b	924
925	Olfr55	chr17	33168447	33180753	protein_coding	ENSMUSG00000094891	+	Olfr55	925
926	Olfr239	chr17	33191302	33202506	protein_coding	ENSMUSG00000093884	+	Olfr239	926
927	Olfr1564	chr17	33211206	33221690	protein_coding	ENSMUSG00000096169	-	Olfr1564	927
928	Zfp955a	chr17	33239718	33255145	protein_coding	ENSMUSG00000094441	-	Zfp955a	928
929	Olfr63	chr17	33264676	33275644	protein_coding	ENSMUSG00000054666	+	Olfr63	929
930	Zfp955b	chr17	33289544	33307241	protein_coding	ENSMUSG00000096910	+	Zfp955b	930
931	Zfp422-ps	chr17	33305039	33305745	unprocessed_pseudogene	ENSMUSG00000091515	-	Zfp422-ps	931
932	Zfp81	chr17	33329342	33358878	protein_coding	ENSMUSG00000003929	-	Zfp81	932
933	Zfp101	chr17	33360507	33394641	protein_coding	ENSMUSG00000055240	-	Zfp101	933
934	Actl9	chr17	33432896	33434268	protein_coding	ENSMUSG00000092519	+	Actl9	934
935	Gm4125	chr17	33467850	33468686	protein_coding	ENSMUSG00000117495	-	Gm4125	935
936	Adamts10	chr17	33524204	33553782	protein_coding	ENSMUSG00000024299	+	Adamts10	936
937	Myo1f	chr17	33555707	33607764	protein_coding	ENSMUSG00000024300	+	Myo1f	937
938	Zfp414	chr17	33629090	33631779	protein_coding	ENSMUSG00000073423	+	Zfp414	938
939	Gm20507	chr17	33630759	33645705	lncRNA	ENSMUSG00000092412	+	Gm20507	939
940	Pram1	chr17	33638056	33645706	protein_coding	ENSMUSG00000032739	+	Pram1	940
941	Hnrnpm	chr17	33646233	33686860	protein_coding	ENSMUSG00000059208	-	Hnrnpm	941
942	March2	chr17	33685692	33718670	protein_coding	ENSMUSG00000079557	-	March2	942
943	Gm22943	chr17	33729509	33729584	snRNA	ENSMUSG00000089189	+	Gm22943	943
944	Rab11b	chr17	33742484	33760530	protein_coding	ENSMUSG00000077450	-	Rab11b	944
945	Gm17251	chr17	33759992	33761870	lncRNA	ENSMUSG00000090952	+	Gm17251	945
946	Angptl4	chr17	33773750	33781830	protein_coding	ENSMUSG00000002289	-	Angptl4	946
947	4931413I07Rik	chr17	33783340	33785724	lncRNA	ENSMUSG00000092602	-	4931413I07Rik	947
948	Kank3	chr17	33810519	33822918	protein_coding	ENSMUSG00000042099	+	Kank3	948
949	Rps28	chr17	33819027	33824562	protein_coding	ENSMUSG00000067288	-	Rps28	949
950	Ndufa7	chr17	33824572	33838317	protein_coding	ENSMUSG00000041881	+	Ndufa7	950
951	Cd320	chr17	33843091	33849774	protein_coding	ENSMUSG00000002308	+	Cd320	951
952	Gm4134	chr17	33861302	33864228	unprocessed_pseudogene	ENSMUSG00000092571	-	Gm4134	952
953	Smim40-ps	chr17	33873837	33874082	protein_coding	ENSMUSG00000115113	+	Smim40-ps	953
954	Kifc1	chr17	33875659	33890661	protein_coding	ENSMUSG00000079553	-	Kifc1	954
955	Gm27740	chr17	33886676	33886733	miRNA	ENSMUSG00000098621	-	Gm27740	955
956	Smim40	chr17	33905135	33906675	protein_coding	ENSMUSG00000092349	+	Smim40	956
957	BC051226	chr17	33908044	33909317	lncRNA	ENSMUSG00000092564	-	BC051226	957
958	Daxx	chr17	33909414	33915590	protein_coding	ENSMUSG00000002307	+	Daxx	958
959	Tapbp	chr17	33915899	33929292	protein_coding	ENSMUSG00000024308	+	Tapbp	959
960	Zbtb22	chr17	33915904	33919325	protein_coding	ENSMUSG00000051390	+	Zbtb22	960
961	Gm19412	chr17	33919279	33920485	lncRNA	ENSMUSG00000101438	-	Gm19412	961
962	Rgl2	chr17	33929543	33937687	protein_coding	ENSMUSG00000041354	+	Rgl2	962
963	Pfdn6	chr17	33938821	33940343	protein_coding	ENSMUSG00000024309	-	Pfdn6	963
964	Gm50037	chr17	33939069	33939424	lncRNA	ENSMUSG00000117603	+	Gm50037	964
965	Wdr46	chr17	33940660	33949697	protein_coding	ENSMUSG00000024312	+	Wdr46	965
966	B3galt4	chr17	33949909	33951488	protein_coding	ENSMUSG00000067370	-	B3galt4	966
967	Rps18	chr17	33951999	33956001	protein_coding	ENSMUSG00000008668	-	Rps18	967
968	Vps52	chr17	33955812	33967035	protein_coding	ENSMUSG00000024319	+	Vps52	968
969	Gm23111	chr17	33959663	33959767	snRNA	ENSMUSG00000084601	+	Gm23111	969
970	H2-K2	chr17	33974659	33978827	transcribed_unprocessed_pseudogene	ENSMUSG00000067203	-	H2-K2	970
971	Gm4152	chr17	33980483	33980758	processed_pseudogene	ENSMUSG00000092512	-	Gm4152	971
972	AA388235	chr17	33981494	33982777	lncRNA	ENSMUSG00000118084	+	AA388235	972
973	H2-K1	chr17	33996017	34000347	protein_coding	ENSMUSG00000061232	-	H2-K1	973
974	Ring1	chr17	34020792	34024680	protein_coding	ENSMUSG00000024325	-	Ring1	974
975	Mir219a-1	chr17	34024983	34025092	miRNA	ENSMUSG00000065555	-	Mir219a-1	975
976	H2-Ke6	chr17	34026033	34028060	protein_coding	ENSMUSG00000073422	-	H2-Ke6	976
977	Gm20427	chr17	34026034	34031580	lncRNA	ENSMUSG00000092595	-	Gm20427	977
978	Slc39a7	chr17	34028269	34031682	protein_coding	ENSMUSG00000024327	-	Slc39a7	978
979	Rxrb	chr17	34031812	34038399	protein_coding	ENSMUSG00000039656	+	Rxrb	979
980	Col11a2	chr17	34039437	34066685	protein_coding	ENSMUSG00000024330	+	Col11a2	980
981	H2-Pb	chr17	34073762	34076167	unprocessed_pseudogene	ENSMUSG00000092383	-	H2-Pb	981
982	BC051537	chr17	34083843	34095309	lncRNA	ENSMUSG00000098197	-	BC051537	982
983	H2-Pa	chr17	34084601	34085823	unprocessed_pseudogene	ENSMUSG00000098241	+	H2-Pa	983
984	H2-Oa	chr17	34092340	34095234	protein_coding	ENSMUSG00000024334	+	H2-Oa	984
985	Gm50333	chr17	34099929	34109823	lncRNA	ENSMUSG00000117772	+	Gm50333	985
986	Brd2	chr17	34112023	34122634	protein_coding	ENSMUSG00000024335	-	Brd2	986
987	H2-DMa	chr17	34119541	34139101	protein_coding	ENSMUSG00000037649	+	H2-DMa	987
988	Gm50336	chr17	34120568	34121158	lncRNA	ENSMUSG00000117829	+	Gm50336	988
989	Gm50335	chr17	34127920	34129410	lncRNA	ENSMUSG00000118026	-	Gm50335	989
990	Gm20493	chr17	34132978	34133614	processed_pseudogene	ENSMUSG00000092246	-	Gm20493	990
991	H2-DMb2	chr17	34143307	34151555	protein_coding	ENSMUSG00000037548	+	H2-DMb2	991
992	H2-DMb1	chr17	34153072	34160230	protein_coding	ENSMUSG00000079547	+	H2-DMb1	992
993	Psmb9	chr17	34181987	34187764	protein_coding	ENSMUSG00000096727	-	Psmb9	993
994	Tap1	chr17	34187553	34197225	protein_coding	ENSMUSG00000037321	+	Tap1	994
995	Psmb8	chr17	34197721	34201454	protein_coding	ENSMUSG00000024338	+	Psmb8	995
996	Gm20496	chr17	34199316	34205449	lncRNA	ENSMUSG00000092550	-	Gm20496	996
997	Tap2	chr17	34203527	34216321	protein_coding	ENSMUSG00000024339	+	Tap2	997
998	Gm15821	chr17	34211312	34214459	lncRNA	ENSMUSG00000081512	-	Gm15821	998
999	H2-Ob	chr17	34238903	34254414	protein_coding	ENSMUSG00000041538	+	H2-Ob	999
1000	H2-Ab1	chr17	34257689	34269419	protein_coding	ENSMUSG00000073421	+	H2-Ab1	1000
1001	H2-Aa	chr17	34282744	34287823	protein_coding	ENSMUSG00000036594	-	H2-Aa	1001
1002	Gm20513	chr17	34293073	34308070	lncRNA	ENSMUSG00000092415	-	Gm20513	1002
1003	H2-Eb1	chr17	34305867	34316674	protein_coding	ENSMUSG00000060586	+	H2-Eb1	1003
1004	H2-Eb2	chr17	34325665	34341412	protein_coding	ENSMUSG00000067341	+	H2-Eb2	1004
1005	H2-Ea-ps	chr17	34341959	34344645	polymorphic_pseudogene	ENSMUSG00000036322	-	H2-Ea-ps	1005
1006	Btnl2	chr17	34354822	34369495	protein_coding	ENSMUSG00000024340	+	Btnl2	1006
1007	Btnl1	chr17	34377132	34386028	protein_coding	ENSMUSG00000062638	+	Btnl1	1007
1008	Gm15320	chr17	34389345	34402018	transcribed_unprocessed_pseudogene	ENSMUSG00000082103	-	Gm15320	1008
1009	BC051142	chr17	34398820	34460734	protein_coding	ENSMUSG00000057246	+	BC051142	1009
1010	Btnl4	chr17	34466562	34477318	protein_coding	ENSMUSG00000058435	-	Btnl4	1010
1011	Gm15332	chr17	34480763	34481119	unprocessed_pseudogene	ENSMUSG00000083369	-	Gm15332	1011
1012	Btnl5-ps	chr17	34488070	34497429	transcribed_unprocessed_pseudogene	ENSMUSG00000073420	-	Btnl5-ps	1012
1013	Btnl6	chr17	34507804	34517352	protein_coding	ENSMUSG00000092618	-	Btnl6	1013
1014	Gm15329	chr17	34521750	34521904	unprocessed_pseudogene	ENSMUSG00000083441	-	Gm15329	1014
1015	Btnl7-ps	chr17	34532877	34547651	unprocessed_pseudogene	ENSMUSG00000061728	-	Btnl7-ps	1015
1016	Notch4	chr17	34564268	34588503	protein_coding	ENSMUSG00000015468	+	Notch4	1016
1017	Gm20462	chr17	34567730	34568137	processed_pseudogene	ENSMUSG00000092406	-	Gm20462	1017
1018	Gpsm3	chr17	34589806	34591754	protein_coding	ENSMUSG00000034786	+	Gpsm3	1018
1019	Pbx2	chr17	34591266	34597400	protein_coding	ENSMUSG00000034673	+	Pbx2	1019
1020	Ager	chr17	34597862	34600936	protein_coding	ENSMUSG00000015452	+	Ager	1020
1021	Rnf5	chr17	34601091	34603690	protein_coding	ENSMUSG00000015478	-	Rnf5	1021
1022	Gm20463	chr17	34601151	34601576	lncRNA	ENSMUSG00000092395	+	Gm20463	1022
1023	Agpat1	chr17	34604262	34613449	protein_coding	ENSMUSG00000034254	+	Agpat1	1023
1024	Egfl8	chr17	34613349	34615971	protein_coding	ENSMUSG00000015467	-	Egfl8	1024
1025	Gm20460	chr17	34614484	34627349	lncRNA	ENSMUSG00000092176	-	Gm20460	1025
1026	Ppt2	chr17	34616662	34628510	protein_coding	ENSMUSG00000015474	-	Ppt2	1026
1027	Prrt1	chr17	34629533	34633126	protein_coding	ENSMUSG00000015476	+	Prrt1	1027
1028	Gm20461	chr17	34640846	34643977	lncRNA	ENSMUSG00000092525	-	Gm20461	1028
1029	Fkbpl	chr17	34644764	34646324	protein_coding	ENSMUSG00000033739	+	Fkbpl	1029
1030	Atf6b	chr17	34647146	34655074	protein_coding	ENSMUSG00000015461	+	Atf6b	1030
1031	Tnxb	chr17	34660457	34719815	protein_coding	ENSMUSG00000033327	+	Tnxb	1031
1032	Cyp21a2-ps	chr17	34719813	34722252	unprocessed_pseudogene	ENSMUSG00000092471	-	Cyp21a2-ps	1032
1033	C4b	chr17	34728380	34743882	protein_coding	ENSMUSG00000073418	-	C4b	1033
1034	Stk19-ps1	chr17	34744753	34747154	unprocessed_pseudogene	ENSMUSG00000092202	-	Stk19-ps1	1034
1035	Skiv2l-ps1	chr17	34769833	34771228	unprocessed_pseudogene	ENSMUSG00000092543	-	Skiv2l-ps1	1035
1036	Tnxa	chr17	34771395	34801623	unprocessed_pseudogene	ENSMUSG00000092200	+	Tnxa	1036
1037	Cyp21a1	chr17	34801348	34804561	protein_coding	ENSMUSG00000024365	-	Cyp21a1	1037
1038	C4a	chr17	34809092	34823464	lncRNA	ENSMUSG00000015451	-	C4a	1038
1039	Stk19	chr17	34823993	34836945	protein_coding	ENSMUSG00000061207	-	Stk19	1039
1040	Dxo	chr17	34837019	34839233	protein_coding	ENSMUSG00000040482	+	Dxo	1040
1041	Skiv2l	chr17	34839228	34850210	protein_coding	ENSMUSG00000040356	-	Skiv2l	1041
1042	Mir6971	chr17	34841809	34841871	miRNA	ENSMUSG00000098458	-	Mir6971	1042
1043	Mir6970	chr17	34845101	34845167	miRNA	ENSMUSG00000098460	-	Mir6970	1043
1044	Nelfe	chr17	34850391	34856372	protein_coding	ENSMUSG00000024369	+	Nelfe	1044
1045	Cfb	chr17	34856374	34862518	protein_coding	ENSMUSG00000090231	-	Cfb	1045
1046	Gm20547	chr17	34856412	34882042	protein_coding	ENSMUSG00000092511	-	Gm20547	1046
1047	Mir6972	chr17	34857569	34857632	miRNA	ENSMUSG00000098445	-	Mir6972	1047
1048	C2	chr17	34862604	34898265	protein_coding	ENSMUSG00000024371	-	C2	1048
1049	Zbtb12	chr17	34879483	34896867	protein_coding	ENSMUSG00000049823	+	Zbtb12	1049
1050	Ehmt2	chr17	34898469	34914052	protein_coding	ENSMUSG00000013787	+	Ehmt2	1050
1051	Slc44a4	chr17	34914466	34930436	protein_coding	ENSMUSG00000007034	+	Slc44a4	1051
1052	Neu1	chr17	34931253	34935953	protein_coding	ENSMUSG00000007038	+	Neu1	1052
1053	1110038B12Rik	chr17	34950238	34952471	lncRNA	ENSMUSG00000092203	-	1110038B12Rik	1053
1054	Snord52	chr17	34950952	34951017	snoRNA	ENSMUSG00000093009	-	Snord52	1054
1055	Gm25744	chr17	34952013	34952075	snoRNA	ENSMUSG00000092687	-	Gm25744	1055
1056	Gm8696	chr17	34954328	34954712	processed_pseudogene	ENSMUSG00000092557	-	Gm8696	1056
1057	Hspa1b	chr17	34956436	34959238	protein_coding	ENSMUSG00000090877	-	Hspa1b	1057
1058	Hspa1a	chr17	34969190	34972156	protein_coding	ENSMUSG00000091971	-	Hspa1a	1058
1059	Gm20481	chr17	34969912	34972136	protein_coding	ENSMUSG00000092609	+	Gm20481	1059
1060	Hspa1l	chr17	34972703	34979285	protein_coding	ENSMUSG00000007033	+	Hspa1l	1060
1061	Gm10501	chr17	34976899	34981788	lncRNA	ENSMUSG00000073415	-	Gm10501	1061
1062	Lsm2	chr17	34981862	34985891	protein_coding	ENSMUSG00000007050	+	Lsm2	1062
1063	Vars	chr17	35000987	35016322	protein_coding	ENSMUSG00000007029	+	Vars	1063
1064	Vwa7	chr17	35016579	35026741	protein_coding	ENSMUSG00000007030	+	Vwa7	1064
1065	Sapcd1	chr17	35025959	35028016	protein_coding	ENSMUSG00000036185	-	Sapcd1	1065
1066	Msh5	chr17	35028605	35046745	protein_coding	ENSMUSG00000007035	-	Msh5	1066
1067	Gm23421	chr17	35049218	35049321	snRNA	ENSMUSG00000096022	+	Gm23421	1067
1068	Clic1	chr17	35049966	35058749	protein_coding	ENSMUSG00000007041	+	Clic1	1068
1069	Ddah2	chr17	35059035	35062095	protein_coding	ENSMUSG00000007039	+	Ddah2	1069
1070	Mpig6b	chr17	35062693	35066184	protein_coding	ENSMUSG00000073414	-	Mpig6b	1070
1071	Ly6g6c	chr17	35065388	35070050	protein_coding	ENSMUSG00000092586	+	Ly6g6c	1071
1072	Ly6g6d	chr17	35071443	35078065	protein_coding	ENSMUSG00000073413	-	Ly6g6d	1072
1073	Ly6g6e	chr17	35076902	35078804	protein_coding	ENSMUSG00000013766	+	Ly6g6e	1073
1074	Ly6g6f	chr17	35080480	35085610	protein_coding	ENSMUSG00000034923	-	Ly6g6f	1074
1075	Abhd16a	chr17	35089263	35102987	protein_coding	ENSMUSG00000007036	+	Abhd16a	1075
1076	Ly6g5c	chr17	35108279	35111991	protein_coding	ENSMUSG00000034482	+	Ly6g5c	1076
1077	Ly6g5b	chr17	35113948	35115428	protein_coding	ENSMUSG00000043807	-	Ly6g5b	1077
1078	Csnk2b	chr17	35116196	35122053	protein_coding	ENSMUSG00000024387	-	Csnk2b	1078
1079	Gpank1	chr17	35121455	35124814	protein_coding	ENSMUSG00000092417	+	Gpank1	1079
1080	Gm20522	chr17	35122738	35126440	lncRNA	ENSMUSG00000092241	-	Gm20522	1080
1081	D17H6S53E	chr17	35126373	35128855	protein_coding	ENSMUSG00000043311	+	D17H6S53E	1081
1082	Apom	chr17	35128997	35132050	protein_coding	ENSMUSG00000024391	-	Apom	1082
1083	Bag6	chr17	35135178	35147322	protein_coding	ENSMUSG00000024392	+	Bag6	1083
1084	Prrc2a	chr17	35149076	35164897	protein_coding	ENSMUSG00000024393	-	Prrc2a	1084
1085	Gm23442	chr17	35162563	35162696	snoRNA	ENSMUSG00000064853	-	Gm23442	1085
1086	Gm17705	chr17	35165119	35167186	lncRNA	ENSMUSG00000090936	+	Gm17705	1086
1087	Aif1	chr17	35170991	35176068	protein_coding	ENSMUSG00000024397	-	Aif1	1087
1088	Ncr3-ps	chr17	35180535	35184662	unprocessed_pseudogene	ENSMUSG00000086076	+	Ncr3-ps	1088
1089	Lst1	chr17	35185095	35188439	protein_coding	ENSMUSG00000073412	-	Lst1	1089
1090	Ltb	chr17	35194439	35196320	protein_coding	ENSMUSG00000024399	+	Ltb	1090
1091	Mir6973a	chr17	35194972	35195049	miRNA	ENSMUSG00000098291	+	Mir6973a	1091
1092	Tnf	chr17	35199381	35202007	protein_coding	ENSMUSG00000024401	-	Tnf	1092
1093	Lta	chr17	35203165	35205351	protein_coding	ENSMUSG00000024402	-	Lta	1093
1094	Nfkbil1	chr17	35220175	35235792	protein_coding	ENSMUSG00000042419	-	Nfkbil1	1094
1095	Gm16181	chr17	35220834	35224134	protein_coding	ENSMUSG00000081650	+	Gm16181	1095
1096	Atp6v1g2	chr17	35233660	35238767	protein_coding	ENSMUSG00000024403	+	Atp6v1g2	1096
1097	Ddx39b	chr17	35241746	35253707	protein_coding	ENSMUSG00000019432	+	Ddx39b	1097
1098	Gm22589	chr17	35242678	35242754	snoRNA	ENSMUSG00000075770	+	Gm22589	1098
1099	Mir6975	chr17	35244075	35244135	miRNA	ENSMUSG00000098499	+	Mir6975	1099
1100	Gm25128	chr17	35247175	35247250	snoRNA	ENSMUSG00000065273	+	Gm25128	1100
1101	Mir8094	chr17	35251289	35251405	miRNA	ENSMUSG00000098269	+	Mir8094	1101
1102	H2-D1	chr17	35262730	35267499	protein_coding	ENSMUSG00000073411	+	H2-D1	1102
1103	Gm18733	chr17	35278176	35279414	transcribed_unprocessed_pseudogene	ENSMUSG00000092444	-	Gm18733	1103
1104	Gm18734	chr17	35304206	35306317	unprocessed_pseudogene	ENSMUSG00000092438	-	Gm18734	1104
1105	H2-Q1	chr17	35320405	35325099	protein_coding	ENSMUSG00000079507	+	H2-Q1	1105
1106	Gm8741	chr17	35335909	35336292	processed_pseudogene	ENSMUSG00000091655	+	Gm8741	1106
1107	H2-Q2	chr17	35342242	35346762	protein_coding	ENSMUSG00000091705	+	H2-Q2	1107
1108	H2-Q3	chr17	35358989	35359972	unprocessed_pseudogene	ENSMUSG00000092253	+	H2-Q3	1108
1109	Gm11131	chr17	35377021	35380292	lncRNA	ENSMUSG00000079505	-	Gm11131	1109
1110	H2-Q4	chr17	35379617	35385290	protein_coding	ENSMUSG00000035929	+	H2-Q4	1110
1111	H2-Q5	chr17	35394126	35397800	polymorphic_pseudogene	ENSMUSG00000055413	+	H2-Q5	1111
1112	Gm8750	chr17	35400799	35403727	processed_pseudogene	ENSMUSG00000092560	+	Gm8750	1112
1113	H2-Q6	chr17	35424850	35430055	protein_coding	ENSMUSG00000073409	+	H2-Q6	1113
1114	H2-Q7	chr17	35439155	35443773	protein_coding	ENSMUSG00000060550	+	H2-Q7	1114
1115	Gm8752	chr17	35445856	35448926	processed_pseudogene	ENSMUSG00000092278	+	Gm8752	1115
1116	H2-Q10	chr17	35470089	35474563	protein_coding	ENSMUSG00000067235	+	H2-Q10	1116
1117	Pou5f1	chr17	35506018	35510772	protein_coding	ENSMUSG00000024406	+	Pou5f1	1117
1118	Gm19553	chr17	35509077	35510551	lncRNA	ENSMUSG00000093516	-	Gm19553	1118
1119	Tcf19	chr17	35512734	35516824	protein_coding	ENSMUSG00000050410	-	Tcf19	1119
1120	Cchcr1	chr17	35517100	35531015	protein_coding	ENSMUSG00000040312	+	Cchcr1	1120
1121	Psors1c2	chr17	35533201	35534647	protein_coding	ENSMUSG00000024409	+	Psors1c2	1121
1122	Cdsn	chr17	35552128	35557180	protein_coding	ENSMUSG00000039518	+	Cdsn	1122
1123	Gm9613	chr17	35561923	35562118	processed_pseudogene	ENSMUSG00000092409	-	Gm9613	1123
1124	2300002M23Rik	chr17	35567450	35568952	protein_coding	ENSMUSG00000039269	+	2300002M23Rik	1124
1125	Sfta2	chr17	35601549	35650571	protein_coding	ENSMUSG00000090509	+	Sfta2	1125
1126	Gm9573	chr17	35617923	35626637	protein_coding	ENSMUSG00000090588	-	Gm9573	1126
1127	Mucl3	chr17	35635752	35643695	protein_coding	ENSMUSG00000073408	-	Mucl3	1127
1128	Gm20483	chr17	35651828	35660367	lncRNA	ENSMUSG00000092389	+	Gm20483	1128
1129	Vars2	chr17	35655634	35667592	protein_coding	ENSMUSG00000038838	-	Vars2	1129
1130	Gtf2h4	chr17	35667730	35673739	protein_coding	ENSMUSG00000001524	-	Gtf2h4	1130
1131	Ddr1	chr17	35681567	35704621	protein_coding	ENSMUSG00000003534	-	Ddr1	1131
1132	Gm23864	chr17	35699203	35699309	snRNA	ENSMUSG00000093921	-	Gm23864	1132
1133	Gm4577	chr17	35703896	35708244	lncRNA	ENSMUSG00000086867	+	Gm4577	1133
1134	Gm20443	chr17	35737734	35739806	lncRNA	ENSMUSG00000092219	-	Gm20443	1134
1135	Gm20442	chr17	35743323	35764191	lncRNA	ENSMUSG00000092600	-	Gm20442	1135
1136	4833427F10Rik	chr17	35772450	35780687	lncRNA	ENSMUSG00000092171	+	4833427F10Rik	1136
1137	Ier3	chr17	35821684	35822923	protein_coding	ENSMUSG00000003541	+	Ier3	1137
1138	Flot1	chr17	35823230	35832791	protein_coding	ENSMUSG00000059714	+	Flot1	1138
1139	Tubb5	chr17	35833921	35838306	protein_coding	ENSMUSG00000001525	-	Tubb5	1139
1140	Mdc1	chr17	35841515	35859670	protein_coding	ENSMUSG00000061607	+	Mdc1	1140
1141	Ppp1r18os	chr17	35860918	35866886	lncRNA	ENSMUSG00000087443	-	Ppp1r18os	1141
1142	Nrm	chr17	35861318	35865402	protein_coding	ENSMUSG00000059791	+	Nrm	1142
1143	Ppp1r18	chr17	35865593	35875596	protein_coding	ENSMUSG00000034595	+	Ppp1r18	1143
1144	Gm28033	chr17	35868302	35868397	miRNA	ENSMUSG00000098716	-	Gm28033	1144
1145	Dhx16	chr17	35879819	35892670	protein_coding	ENSMUSG00000024422	+	Dhx16	1145
1146	2310061I04Rik	chr17	35892677	35897431	protein_coding	ENSMUSG00000050705	-	2310061I04Rik	1146
1147	Gm16279	chr17	35896946	35912215	lncRNA	ENSMUSG00000084998	+	Gm16279	1147
1148	Atat1	chr17	35897595	35910075	protein_coding	ENSMUSG00000024426	-	Atat1	1148
1149	Mrps18b	chr17	35910379	35916389	protein_coding	ENSMUSG00000024436	-	Mrps18b	1149
1150	Ppp1r10	chr17	35916434	35932283	protein_coding	ENSMUSG00000039220	+	Ppp1r10	1150
1151	Mir1894	chr17	35917889	35917969	miRNA	ENSMUSG00000084751	+	Mir1894	1151
1152	Rbx1-ps	chr17	35935624	35935950	processed_pseudogene	ENSMUSG00000049832	-	Rbx1-ps	1152
1153	Gm8801	chr17	35947246	35952297	unprocessed_pseudogene	ENSMUSG00000092284	+	Gm8801	1153
1154	Abcf1	chr17	35956819	35969761	protein_coding	ENSMUSG00000038762	-	Abcf1	1154
1155	Mir877	chr17	35960730	35960814	miRNA	ENSMUSG00000077931	-	Mir877	1155
1156	Prr3	chr17	35972541	35980236	protein_coding	ENSMUSG00000038500	-	Prr3	1156
1157	Gnl1	chr17	35979851	35989462	protein_coding	ENSMUSG00000024429	+	Gnl1	1157
1158	Gm20508	chr17	35991867	35993738	lncRNA	ENSMUSG00000092604	+	Gm20508	1158
1159	A930015D03Rik	chr17	35994453	36038435	lncRNA	ENSMUSG00000092368	+	A930015D03Rik	1159
1160	H2-T24	chr17	36005695	36020560	protein_coding	ENSMUSG00000053835	-	H2-T24	1160
1161	H2-T23	chr17	36029773	36032855	protein_coding	ENSMUSG00000067212	-	H2-T23	1161
1162	H2-T22	chr17	36037128	36042747	protein_coding	ENSMUSG00000056116	-	H2-T22	1162
1163	Gm6034	chr17	36042961	36058645	protein_coding	ENSMUSG00000073407	+	Gm6034	1163
1164	Gm11127	chr17	36055816	36058371	protein_coding	ENSMUSG00000079492	-	Gm11127	1164
1165	Gm8810	chr17	36066108	36067753	unprocessed_pseudogene	ENSMUSG00000091373	-	Gm8810	1165
1166	H2-Bl	chr17	36080115	36084223	polymorphic_pseudogene	ENSMUSG00000073406	-	H2-Bl	1166
1167	Gm20530	chr17	36094181	36094763	unprocessed_pseudogene	ENSMUSG00000092304	+	Gm20530	1167
1168	Gm8815	chr17	36094968	36096805	unprocessed_pseudogene	ENSMUSG00000092224	-	Gm8815	1168
1169	H2-T-ps	chr17	36109234	36111658	unprocessed_pseudogene	ENSMUSG00000073405	-	H2-T-ps	1169
1170	Gm7030	chr17	36109719	36129425	protein_coding	ENSMUSG00000092243	-	Gm7030	1170
1171	BC023719	chr17	36111426	36117121	lncRNA	ENSMUSG00000092365	+	BC023719	1171
1172	H2-T10	chr17	36115876	36121465	polymorphic_pseudogene	ENSMUSG00000079491	-	H2-T10	1172
1173	Gm19684	chr17	36121678	36129692	protein_coding	ENSMUSG00000092277	+	Gm19684	1173
1174	Gm9574	chr17	36137188	36139105	unprocessed_pseudogene	ENSMUSG00000073980	-	Gm9574	1174
1175	Gm10499	chr17	36141758	36145923	transcribed_unprocessed_pseudogene	ENSMUSG00000073403	-	Gm10499	1175
1176	2410017I17Rik	chr17	36145018	36163176	lncRNA	ENSMUSG00000038311	+	2410017I17Rik	1176
1177	Gm17782	chr17	36156531	36162079	unprocessed_pseudogene	ENSMUSG00000092366	-	Gm17782	1177
1178	Gm6659	chr17	36157988	36158534	processed_pseudogene	ENSMUSG00000092289	+	Gm6659	1178
1179	Gm8909	chr17	36164443	36168537	protein_coding	ENSMUSG00000073402	-	Gm8909	1179
1180	Gm20478	chr17	36167982	36171805	lncRNA	ENSMUSG00000092474	+	Gm20478	1180
1181	Gm20495	chr17	36182196	36182430	unprocessed_pseudogene	ENSMUSG00000092480	-	Gm20495	1181
1182	H2-T3	chr17	36185572	36190287	protein_coding	ENSMUSG00000054128	-	H2-T3	1182
1183	Gm4246	chr17	36194596	36194811	processed_pseudogene	ENSMUSG00000092240	-	Gm4246	1183
1184	Gm20447	chr17	36197570	36198513	unprocessed_pseudogene	ENSMUSG00000092306	-	Gm20447	1184
1185	Gm8835	chr17	36201996	36206339	unprocessed_pseudogene	ENSMUSG00000092457	-	Gm8835	1185
1186	Gm5682	chr17	36210276	36211184	unprocessed_pseudogene	ENSMUSG00000092265	-	Gm5682	1186
1187	Gm20392	chr17	36213417	36216412	unprocessed_pseudogene	ENSMUSG00000092362	-	Gm20392	1187
1188	Gm10074	chr17	36226023	36226271	processed_pseudogene	ENSMUSG00000101932	+	Gm10074	1188
1189	Gm20545	chr17	36226815	36227024	processed_pseudogene	ENSMUSG00000092428	-	Gm20545	1189
1190	Gm29402	chr17	36228925	36228964	processed_pseudogene	ENSMUSG00000101756	+	Gm29402	1190
1191	Gm18604	chr17	36229469	36230026	processed_pseudogene	ENSMUSG00000092612	+	Gm18604	1191
1192	Gm22453	chr17	36241789	36242106	misc_RNA	ENSMUSG00000084750	-	Gm22453	1192
1193	Gm4252	chr17	36248636	36248948	processed_pseudogene	ENSMUSG00000092502	-	Gm4252	1193
1194	Gm20546	chr17	36248821	36253679	lncRNA	ENSMUSG00000092392	+	Gm20546	1194
1195	Gm6633	chr17	36252117	36252386	processed_pseudogene	ENSMUSG00000092317	-	Gm6633	1195
1196	Rpp21	chr17	36255645	36258069	protein_coding	ENSMUSG00000024446	-	Rpp21	1196
1197	Trim39	chr17	36258873	36272247	protein_coding	ENSMUSG00000045409	-	Trim39	1197
1198	H2-M10.2	chr17	36284227	36286490	protein_coding	ENSMUSG00000023083	-	H2-M10.2	1198
1199	H2-M10.1	chr17	36322858	36326155	protein_coding	ENSMUSG00000024448	-	H2-M10.1	1199
1200	H2-M10.3	chr17	36365003	36368417	protein_coding	ENSMUSG00000058124	-	H2-M10.3	1200
1201	Stk-ps1	chr17	36397444	36398517	processed_pseudogene	ENSMUSG00000092555	-	Stk-ps1	1201
1202	H2-M10.5-ps1	chr17	36407439	36409549	unprocessed_pseudogene	ENSMUSG00000092508	-	H2-M10.5-ps1	1202
1203	Lgals1-ps1	chr17	36435903	36436270	processed_pseudogene	ENSMUSG00000092231	-	Lgals1-ps1	1203
1204	Rpl9-ps9	chr17	36444177	36444749	processed_pseudogene	ENSMUSG00000092437	-	Rpl9-ps9	1204
1205	Obox3-ps8	chr17	36452294	36453253	processed_pseudogene	ENSMUSG00000044538	-	Obox3-ps8	1205
1206	H2-M10.4	chr17	36458917	36462334	protein_coding	ENSMUSG00000048231	-	H2-M10.4	1206
1207	Gm20452	chr17	36500360	36501581	unprocessed_pseudogene	ENSMUSG00000092290	+	Gm20452	1207
1208	Gm20451	chr17	36507180	36508952	unprocessed_pseudogene	ENSMUSG00000092493	+	Gm20451	1208
1209	Gm20454	chr17	36534281	36534501	unprocessed_pseudogene	ENSMUSG00000092296	+	Gm20454	1209
1210	H2-M11	chr17	36547075	36549250	protein_coding	ENSMUSG00000037537	+	H2-M11	1210
1211	Gm8868	chr17	36558621	36561668	unprocessed_pseudogene	ENSMUSG00000092332	+	Gm8868	1211
1212	Gm20450	chr17	36597898	36598044	unprocessed_pseudogene	ENSMUSG00000092606	+	Gm20450	1212
1213	H2-M9	chr17	36639285	36642666	protein_coding	ENSMUSG00000067201	-	H2-M9	1213
1214	Rpl9-ps5	chr17	36657056	36657626	processed_pseudogene	ENSMUSG00000092485	+	Rpl9-ps5	1214
1215	H2-M1	chr17	36670008	36672219	protein_coding	ENSMUSG00000037334	-	H2-M1	1215
1216	Gm8877	chr17	36701629	36703209	unprocessed_pseudogene	ENSMUSG00000092298	-	Gm8877	1216
1217	Gm20549	chr17	36703775	36704203	unprocessed_pseudogene	ENSMUSG00000092377	+	Gm20549	1217
1218	Gm20523	chr17	36705724	36706847	unprocessed_pseudogene	ENSMUSG00000092172	-	Gm20523	1218
1219	Gm4271	chr17	36732642	36734751	unprocessed_pseudogene	ENSMUSG00000092521	+	Gm4271	1219
1220	Gm20401	chr17	36752513	36753979	unprocessed_pseudogene	ENSMUSG00000092385	-	Gm20401	1220
1221	Gm8878	chr17	36759857	36762423	processed_pseudogene	ENSMUSG00000092460	-	Gm8878	1221
1222	H2-M10.5	chr17	36772910	36776234	protein_coding	ENSMUSG00000037246	+	H2-M10.5	1222
1223	H2-M10.6	chr17	36812171	36815564	protein_coding	ENSMUSG00000037130	+	H2-M10.6	1223
1224	Trim26	chr17	36837134	36859398	protein_coding	ENSMUSG00000024457	+	Trim26	1224
1225	Gm25973	chr17	36842226	36842352	snoRNA	ENSMUSG00000065651	-	Gm25973	1225
1226	Trim15	chr17	36860691	36867210	protein_coding	ENSMUSG00000050747	-	Trim15	1226
1227	Trim10	chr17	36869574	36877833	protein_coding	ENSMUSG00000073400	+	Trim10	1227
1228	Trim40	chr17	36881598	36890123	protein_coding	ENSMUSG00000073399	-	Trim40	1228
1229	Trim31	chr17	36898118	36910214	protein_coding	ENSMUSG00000058063	+	Trim31	1229
1230	1700031A10Rik	chr17	36923792	36933432	lncRNA	ENSMUSG00000092239	+	1700031A10Rik	1230
1231	Rnf39	chr17	36942918	36947986	protein_coding	ENSMUSG00000036492	+	Rnf39	1231
1232	Ppp1r11	chr17	36948356	36951741	protein_coding	ENSMUSG00000036398	-	Ppp1r11	1232
1233	Znrd1	chr17	36954356	36958559	protein_coding	ENSMUSG00000036315	-	Znrd1	1233
1234	Znrd1as	chr17	36958592	36965625	protein_coding	ENSMUSG00000036214	+	Znrd1as	1234
1235	Gm27735	chr17	36964357	36964432	misc_RNA	ENSMUSG00000099318	-	Gm27735	1235
1236	H2-M6-ps	chr17	36969195	36971396	unprocessed_pseudogene	ENSMUSG00000083534	-	H2-M6-ps	1236
1237	2410137M14Rik	chr17	36977701	36981237	protein_coding	ENSMUSG00000064308	-	2410137M14Rik	1237
1238	H2-M5	chr17	36984061	36989537	protein_coding	ENSMUSG00000024459	-	H2-M5	1238
1239	Zfp57	chr17	37001163	37010635	protein_coding	ENSMUSG00000036036	+	Zfp57	1239
1240	Mog	chr17	37010743	37023398	protein_coding	ENSMUSG00000076439	-	Mog	1240
1241	Gm22388	chr17	37015343	37015590	misc_RNA	ENSMUSG00000088819	+	Gm22388	1241
1242	Gabbr1	chr17	37045966	37075067	protein_coding	ENSMUSG00000024462	+	Gabbr1	1242
1243	Olfr90	chr17	37083871	37088499	protein_coding	ENSMUSG00000056600	-	Olfr90	1243
1244	Olfr91	chr17	37090618	37098278	protein_coding	ENSMUSG00000095377	-	Olfr91	1244
1245	Olfr92	chr17	37110512	37120088	protein_coding	ENSMUSG00000096477	-	Olfr92	1245
1246	Gm19807	chr17	37130909	37131575	processed_pseudogene	ENSMUSG00000092223	+	Gm19807	1246
1247	Olfr93	chr17	37140423	37161494	protein_coding	ENSMUSG00000091601	-	Olfr93	1247
1248	Vhl-ps1	chr17	37164373	37164969	processed_pseudogene	ENSMUSG00000092408	-	Vhl-ps1	1248
1249	Olfr753-ps1	chr17	37168313	37185730	polymorphic_pseudogene	ENSMUSG00000090556	-	Olfr753-ps1	1249
1250	Gm7031	chr17	37175854	37176772	processed_pseudogene	ENSMUSG00000092270	+	Gm7031	1250
1251	Ubd	chr17	37193892	37196095	protein_coding	ENSMUSG00000035186	+	Ubd	1251
1252	Olfr94	chr17	37196425	37200994	protein_coding	ENSMUSG00000043827	-	Olfr94	1252
1253	Olfr95	chr17	37207950	37213118	protein_coding	ENSMUSG00000049561	-	Olfr95	1253
1254	Olfr96	chr17	37220146	37226673	protein_coding	ENSMUSG00000064121	+	Olfr96	1254
1255	Olfr97	chr17	37230963	37237330	protein_coding	ENSMUSG00000058802	-	Olfr97	1255
1256	Gm20429	chr17	37246961	37263064	lncRNA	ENSMUSG00000092591	+	Gm20429	1256
1257	Olfr754-ps1	chr17	37249430	37250891	unprocessed_pseudogene	ENSMUSG00000092340	+	Olfr754-ps1	1257
1258	Olfr98	chr17	37262711	37263749	protein_coding	ENSMUSG00000063660	-	Olfr98	1258
1259	Gm25104	chr17	37267076	37267238	snRNA	ENSMUSG00000084425	-	Gm25104	1259
1260	H2-M3	chr17	37270220	37274484	protein_coding	ENSMUSG00000016206	+	H2-M3	1260
1261	Olfr755-ps1	chr17	37276648	37278105	unprocessed_pseudogene	ENSMUSG00000092556	+	Olfr755-ps1	1261
1262	Olfr99	chr17	37279043	37283460	protein_coding	ENSMUSG00000061972	-	Olfr99	1262
1263	Olfr756-ps1	chr17	37285142	37286069	unprocessed_pseudogene	ENSMUSG00000092524	-	Olfr756-ps1	1263
1264	Olfr101	chr17	37297556	37304313	protein_coding	ENSMUSG00000092077	-	Olfr101	1264
1265	Olfr102	chr17	37311795	37317054	protein_coding	ENSMUSG00000091531	-	Olfr102	1265
1266	Olfr103	chr17	37334303	37339698	protein_coding	ENSMUSG00000049618	-	Olfr103	1266
1267	Olfr104-ps	chr17	37359582	37363993	protein_coding	ENSMUSG00000095858	+	Olfr104-ps	1267
1268	Olfr105-ps	chr17	37379033	37386208	protein_coding	ENSMUSG00000094884	+	Olfr105-ps	1268
1269	Olfr758-ps1	chr17	37387378	37388218	unprocessed_pseudogene	ENSMUSG00000092396	+	Olfr758-ps1	1269
1270	Olfr106-ps	chr17	37390393	37396252	protein_coding	ENSMUSG00000095603	+	Olfr106-ps	1270
1271	Olfr107	chr17	37399226	37407477	protein_coding	ENSMUSG00000063188	+	Olfr107	1271
1272	Olfr759-ps1	chr17	37407834	37408533	unprocessed_pseudogene	ENSMUSG00000092568	-	Olfr759-ps1	1272
1273	Gm18808	chr17	37413142	37415123	unprocessed_pseudogene	ENSMUSG00000092477	-	Gm18808	1273
1274	Olfr108	chr17	37445480	37446517	protein_coding	ENSMUSG00000059687	+	Olfr108	1274
1275	Olfr760-ps1	chr17	37451433	37452230	unprocessed_pseudogene	ENSMUSG00000092601	-	Olfr760-ps1	1275
1276	Olfr109	chr17	37458916	37471590	protein_coding	ENSMUSG00000029184	+	Olfr109	1276
1277	H2-M2	chr17	37480851	37483552	protein_coding	ENSMUSG00000016283	-	H2-M2	1277
1278	Olfr110	chr17	37492468	37500207	protein_coding	ENSMUSG00000090894	+	Olfr110	1278
1279	Olfr111	chr17	37508030	37532449	protein_coding	ENSMUSG00000090675	+	Olfr111	1279
1280	Olfr112	chr17	37561668	37569451	protein_coding	ENSMUSG00000051611	-	Olfr112	1280
1281	Olfr113	chr17	37573877	37577663	protein_coding	ENSMUSG00000092292	-	Olfr113	1281
1282	Olfr114	chr17	37589233	37592743	protein_coding	ENSMUSG00000062629	-	Olfr114	1282
1283	Gm18213	chr17	37608886	37609509	unprocessed_pseudogene	ENSMUSG00000109188	-	Gm18213	1283
1284	Olfr115	chr17	37608940	37627109	protein_coding	ENSMUSG00000092413	-	Olfr115	1284
1285	Olfr116	chr17	37620577	37627199	protein_coding	ENSMUSG00000061336	-	Olfr116	1285
1286	Olfr117	chr17	37657600	37663782	protein_coding	ENSMUSG00000095286	-	Olfr117	1286
1287	Olfr118	chr17	37666988	37673476	protein_coding	ENSMUSG00000080990	+	Olfr118	1287
1288	Olfr119	chr17	37696564	37702124	protein_coding	ENSMUSG00000059964	+	Olfr119	1288
1289	Gm7335	chr17	37713552	37713924	processed_pseudogene	ENSMUSG00000067189	-	Gm7335	1289
1290	Olfr120	chr17	37721808	37727220	protein_coding	ENSMUSG00000063994	+	Olfr120	1290
1291	Olfr121	chr17	37748855	37753169	protein_coding	ENSMUSG00000060017	+	Olfr121	1291
1292	Olfr122	chr17	37768607	37773749	protein_coding	ENSMUSG00000083947	+	Olfr122	1292
1293	Gm18268	chr17	37779000	37779942	unprocessed_pseudogene	ENSMUSG00000109185	-	Gm18268	1293
1294	Olfr123	chr17	37793529	37798134	protein_coding	ENSMUSG00000045202	+	Olfr123	1294
1295	Olfr124	chr17	37799888	37808617	protein_coding	ENSMUSG00000044985	+	Olfr124	1295
1296	Olfr125	chr17	37832949	37838490	protein_coding	ENSMUSG00000050613	+	Olfr125	1296
1297	Gm9577	chr17	37840310	37842929	processed_pseudogene	ENSMUSG00000092269	-	Gm9577	1297
1298	Olfr126	chr17	37847483	37852057	protein_coding	ENSMUSG00000109212	+	Olfr126	1298
1299	Gm18737	chr17	37860807	37861743	processed_pseudogene	ENSMUSG00000092458	+	Gm18737	1299
1300	Olfr127	chr17	37900437	37906795	protein_coding	ENSMUSG00000058114	+	Olfr127	1300
1301	Olfr128	chr17	37920548	37926801	protein_coding	ENSMUSG00000059030	+	Olfr128	1301
1302	Gm20543	chr17	37937366	37940788	processed_pseudogene	ENSMUSG00000092295	-	Gm20543	1302
1303	Gm5967	chr17	37947192	37947685	processed_pseudogene	ENSMUSG00000092186	+	Gm5967	1303
1304	Olfr761	chr17	37952051	37953079	protein_coding	ENSMUSG00000109376	-	Olfr761	1304
1305	Gm18522	chr17	37974644	37975293	processed_pseudogene	ENSMUSG00000092213	+	Gm18522	1305
1306	Gm20541	chr17	38009647	38012396	unprocessed_pseudogene	ENSMUSG00000092390	+	Gm20541	1306
1307	Olfr129	chr17	38050857	38060079	protein_coding	ENSMUSG00000081724	-	Olfr129	1307
1308	Olfr130	chr17	38063921	38072790	protein_coding	ENSMUSG00000094878	+	Olfr130	1308
1309	Gm18833	chr17	38079620	38080481	processed_pseudogene	ENSMUSG00000092461	+	Gm18833	1309
1310	Olfr131	chr17	38081624	38088693	protein_coding	ENSMUSG00000043312	-	Olfr131	1310
1311	Olfr132	chr17	38129863	38134526	protein_coding	ENSMUSG00000067186	-	Olfr132	1311
1312	Olfr133	chr17	38145281	38151269	protein_coding	ENSMUSG00000063240	+	Olfr133	1312
1313	Olfr134	chr17	38171388	38176578	protein_coding	ENSMUSG00000096009	+	Olfr134	1313
1314	Olfr135	chr17	38204335	38210915	protein_coding	ENSMUSG00000057801	+	Olfr135	1314
1315	Olfr138	chr17	38261035	38276410	protein_coding	ENSMUSG00000057443	+	Olfr138	1315
1316	Olfr137	chr17	38303527	38307570	protein_coding	ENSMUSG00000054940	-	Olfr137	1316
1317	Olfr762-ps1	chr17	38313304	38315011	unprocessed_pseudogene	ENSMUSG00000092615	-	Olfr762-ps1	1317
1318	Olfr136	chr17	38329831	38336643	protein_coding	ENSMUSG00000096840	+	Olfr136	1318
1319	Gm49810	chr17	38379708	38379914	unprocessed_pseudogene	ENSMUSG00000117177	+	Gm49810	1319
1320	Gm49811	chr17	38392041	38393421	unprocessed_pseudogene	ENSMUSG00000117135	-	Gm49811	1320
1321	Esp36	chr17	38416474	38420185	protein_coding	ENSMUSG00000092322	-	Esp36	1321
1322	Gm49812	chr17	38524456	38524755	unprocessed_pseudogene	ENSMUSG00000117127	-	Gm49812	1322
1323	Esp34	chr17	38554192	38560621	protein_coding	ENSMUSG00000092244	+	Esp34	1323
1324	Gm49813	chr17	38591317	38594692	unprocessed_pseudogene	ENSMUSG00000117214	+	Gm49813	1324
1325	Gm49814	chr17	38609071	38609367	unprocessed_pseudogene	ENSMUSG00000117213	-	Gm49814	1325
1326	Esp31	chr17	38639447	38645653	protein_coding	ENSMUSG00000092342	+	Esp31	1326
1327	Gm49815	chr17	38719192	38721493	unprocessed_pseudogene	ENSMUSG00000117273	+	Gm49815	1327
1328	Gm49816	chr17	38752432	38752729	unprocessed_pseudogene	ENSMUSG00000117331	-	Gm49816	1328
1329	Gm49818	chr17	38769144	38770914	unprocessed_pseudogene	ENSMUSG00000117260	+	Gm49818	1329
1330	Gm49819	chr17	38802498	38808115	unprocessed_pseudogene	ENSMUSG00000117067	+	Gm49819	1330
1331	Gm49820	chr17	38830842	38832328	unprocessed_pseudogene	ENSMUSG00000117151	+	Gm49820	1331
1332	Gm49821	chr17	38853507	38856838	unprocessed_pseudogene	ENSMUSG00000117293	+	Gm49821	1332
1333	Gm49823	chr17	38887755	38889225	unprocessed_pseudogene	ENSMUSG00000117196	+	Gm49823	1333
1334	Gm49825	chr17	38926257	38930249	unprocessed_pseudogene	ENSMUSG00000117005	+	Gm49825	1334
1335	Gm49826	chr17	39029464	39029585	processed_pseudogene	ENSMUSG00000117021	-	Gm49826	1335
1336	Esp24	chr17	39036695	39040227	protein_coding	ENSMUSG00000095625	+	Esp24	1336
1337	Gm21903	chr17	39042634	39043341	protein_coding	ENSMUSG00000094168	-	Gm21903	1337
1338	Esp23	chr17	39073691	39077037	protein_coding	ENSMUSG00000096697	-	Esp23	1338
1339	Esp22	chr17	39095334	39097151	protein_coding	ENSMUSG00000117311	+	Esp22	1339
1340	Gm18784	chr17	39113387	39115485	processed_pseudogene	ENSMUSG00000117207	+	Gm18784	1340
1341	Gm49827	chr17	39117996	39120003	unprocessed_pseudogene	ENSMUSG00000117240	-	Gm49827	1341
1342	Gm49828	chr17	39177543	39179775	unprocessed_pseudogene	ENSMUSG00000117277	-	Gm49828	1342
1343	Gm49829	chr17	39252755	39258236	unprocessed_pseudogene	ENSMUSG00000117236	+	Gm49829	1343
1344	Gm49830	chr17	39377211	39377408	unprocessed_pseudogene	ENSMUSG00000117267	-	Gm49830	1344
1345	Esp18	chr17	39406359	39410992	protein_coding	ENSMUSG00000094024	+	Esp18	1345
1346	Gm49831	chr17	39436912	39439419	unprocessed_pseudogene	ENSMUSG00000117024	+	Gm49831	1346
1347	Esp16	chr17	39536142	39540847	protein_coding	ENSMUSG00000096345	+	Esp16	1347
1348	Gm49832	chr17	39636968	39637144	processed_pseudogene	ENSMUSG00000117165	-	Gm49832	1348
1349	Esp15	chr17	39640954	39645666	protein_coding	ENSMUSG00000095104	+	Esp15	1349
1350	Gm49833	chr17	39811786	39812022	unprocessed_pseudogene	ENSMUSG00000117319	-	Gm49833	1350
1351	Gm26917	chr17	39843013	39846341	lncRNA	ENSMUSG00000097971	+	Gm26917	1351
1352	CT010467.1	chr17	39846353	39848827	rRNA	ENSMUSG00000106106	-	CT010467.1	1352
1353	Gm42418	chr17	39846958	39848788	lncRNA	ENSMUSG00000098178	+	Gm42418	1353
1354	AY036118	chr17	39847113	39848035	lncRNA	ENSMUSG00000105361	-	AY036118	1354
1355	Gm49834	chr17	39920516	39920734	processed_pseudogene	ENSMUSG00000117201	+	Gm49834	1355
1356	Esp38	chr17	39950520	39955287	protein_coding	ENSMUSG00000095886	+	Esp38	1356
1357	Gm26376	chr17	40051904	40052013	miRNA	ENSMUSG00000095188	+	Gm26376	1357
1358	Gm49835	chr17	40095450	40100099	protein_coding	ENSMUSG00000117136	+	Gm49835	1358
1359	Tgif2-ps2	chr17	40115358	40116326	transcribed_processed_pseudogene	ENSMUSG00000045842	+	Tgif2-ps2	1359
1360	Gm49836	chr17	40129159	40131607	unprocessed_pseudogene	ENSMUSG00000117125	+	Gm49836	1360
1361	Gm49837	chr17	40187675	40187893	processed_pseudogene	ENSMUSG00000117307	+	Gm49837	1361
1362	Pgk2	chr17	40207015	40208640	protein_coding	ENSMUSG00000031233	-	Pgk2	1362
1363	Crisp3	chr17	40221777	40242288	protein_coding	ENSMUSG00000025433	-	Crisp3	1363
1364	Crisp1	chr17	40293758	40319207	protein_coding	ENSMUSG00000025431	-	Crisp1	1364
1365	Gm49841	chr17	40433866	40434787	unprocessed_pseudogene	ENSMUSG00000117095	+	Gm49841	1365
1366	Gm49843	chr17	40449276	40449348	unprocessed_pseudogene	ENSMUSG00000117073	+	Gm49843	1366
1367	Gm45926	chr17	40451287	40451656	processed_pseudogene	ENSMUSG00000117215	-	Gm45926	1367
1368	Gm34266	chr17	40453694	40454366	processed_pseudogene	ENSMUSG00000117302	+	Gm34266	1368
1369	Gm49844	chr17	40462096	40470817	unprocessed_pseudogene	ENSMUSG00000117017	+	Gm49844	1369
1370	Gm49845	chr17	40487473	40489700	unprocessed_pseudogene	ENSMUSG00000117020	+	Gm49845	1370
1371	Gm49846	chr17	40499770	40516810	unprocessed_pseudogene	ENSMUSG00000117057	+	Gm49846	1371
1372	Esp8	chr17	40520022	40530421	protein_coding	ENSMUSG00000090747	+	Esp8	1372
1373	Gm49847	chr17	40520157	40525059	TEC	ENSMUSG00000117265	-	Gm49847	1373
1374	Gm29748	chr17	40552598	40552855	processed_pseudogene	ENSMUSG00000117230	+	Gm29748	1374
1375	Gm46573	chr17	40554729	40557393	unprocessed_pseudogene	ENSMUSG00000117142	+	Gm46573	1375
1376	Esp6	chr17	40561507	40565627	protein_coding	ENSMUSG00000092043	+	Esp6	1376
1377	Gm44501	chr17	40561507	40579549	protein_coding	ENSMUSG00000090897	+	Gm44501	1377
1378	Esp5	chr17	40576593	40579049	protein_coding	ENSMUSG00000117190	+	Esp5	1378
1379	Esp4	chr17	40598594	40602618	protein_coding	ENSMUSG00000095540	+	Esp4	1379
1380	Esp3	chr17	40632075	40637060	protein_coding	ENSMUSG00000093957	+	Esp3	1380
1381	Gm49850	chr17	40698070	40700207	unprocessed_pseudogene	ENSMUSG00000117279	+	Gm49850	1381
1382	Esp1	chr17	40727120	40731782	protein_coding	ENSMUSG00000073396	+	Esp1	1382
1383	Crisp2	chr17	40764020	40807003	protein_coding	ENSMUSG00000023930	-	Crisp2	1383
1384	Rhag	chr17	40811126	40840754	protein_coding	ENSMUSG00000023926	+	Rhag	1384
1385	Gm20574	chr17	40854036	40868141	unitary_pseudogene	ENSMUSG00000098082	+	Gm20574	1385
1386	9130008F23Rik	chr17	40875482	40880559	protein_coding	ENSMUSG00000054951	-	9130008F23Rik	1386
1387	Glyatl3	chr17	40904618	40914350	protein_coding	ENSMUSG00000091043	-	Glyatl3	1387
1388	Gm23078	chr17	40917540	40917687	snRNA	ENSMUSG00000088473	-	Gm23078	1388
1389	Cenpq	chr17	40923051	40935047	protein_coding	ENSMUSG00000023919	-	Cenpq	1389
1390	Mmut	chr17	40934685	40961988	protein_coding	ENSMUSG00000023921	+	Mmut	1390
1391	Gm49855	chr17	41059652	41060057	processed_pseudogene	ENSMUSG00000117272	-	Gm49855	1391
1392	Gm49857	chr17	41071123	41140201	lncRNA	ENSMUSG00000117210	+	Gm49857	1392
1393	Ldha-ps3	chr17	41101038	41102228	processed_pseudogene	ENSMUSG00000117062	+	Ldha-ps3	1393
1394	Gm6771	chr17	41345997	41346997	processed_pseudogene	ENSMUSG00000098030	+	Gm6771	1394
1395	Gm49858	chr17	41662393	41663688	processed_pseudogene	ENSMUSG00000117001	-	Gm49858	1395
1396	Ptchd4	chr17	42315947	42505077	protein_coding	ENSMUSG00000042256	+	Ptchd4	1396
1397	Opn5	chr17	42556783	42611395	protein_coding	ENSMUSG00000043972	-	Opn5	1397
1398	Adgrf4	chr17	42656891	42692284	protein_coding	ENSMUSG00000023918	-	Adgrf4	1398
1399	Adgrf2	chr17	42708936	42742179	protein_coding	ENSMUSG00000057899	-	Adgrf2	1399
1400	Gm5978	chr17	42727173	42728036	processed_pseudogene	ENSMUSG00000117163	+	Gm5978	1400
1401	Cd2ap	chr17	42792951	42876665	protein_coding	ENSMUSG00000061665	-	Cd2ap	1401
1402	Tnfrsf21	chr17	43016555	43089189	protein_coding	ENSMUSG00000023915	+	Tnfrsf21	1402
1403	E130008D07Rik	chr17	43146041	43158291	lncRNA	ENSMUSG00000117011	-	E130008D07Rik	1403
1404	Adgrf1	chr17	43270329	43324737	protein_coding	ENSMUSG00000041293	+	Adgrf1	1404
1405	Adgrf5	chr17	43360451	43459557	protein_coding	ENSMUSG00000056492	+	Adgrf5	1405
1406	Gm25135	chr17	43454255	43454397	snRNA	ENSMUSG00000064582	+	Gm25135	1406
1407	Mep1a	chr17	43474324	43502812	protein_coding	ENSMUSG00000023914	-	Mep1a	1407
1408	Ankrd66	chr17	43534188	43543639	protein_coding	ENSMUSG00000096140	-	Ankrd66	1408
1409	Pla2g7	chr17	43568098	43612201	protein_coding	ENSMUSG00000023913	+	Pla2g7	1409
1410	1700071M16Rik	chr17	43588340	43592442	lncRNA	ENSMUSG00000090307	-	1700071M16Rik	1410
1411	Tdrd6	chr17	43615335	43630299	protein_coding	ENSMUSG00000040140	-	Tdrd6	1411
1412	Slc25a27	chr17	43641891	43667214	protein_coding	ENSMUSG00000023912	-	Slc25a27	1412
1413	Cyp39a1	chr17	43667425	43751431	protein_coding	ENSMUSG00000023963	+	Cyp39a1	1413
1414	Gm25783	chr17	43698363	43698552	snRNA	ENSMUSG00000084474	+	Gm25783	1414
1415	Rcan2	chr17	43801351	44039516	protein_coding	ENSMUSG00000039601	+	Rcan2	1415
1416	Gm24532	chr17	43961556	43961841	misc_RNA	ENSMUSG00000088576	-	Gm24532	1416
1417	Enpp5	chr17	44078813	44086567	protein_coding	ENSMUSG00000023960	+	Enpp5	1417
1418	Enpp4	chr17	44096308	44105809	protein_coding	ENSMUSG00000023961	-	Enpp4	1418
1419	Clic5	chr17	44188584	44280172	protein_coding	ENSMUSG00000023959	+	Clic5	1419
1420	Gm49872	chr17	44366568	44367903	lncRNA	ENSMUSG00000117106	-	Gm49872	1420
1421	Runx2	chr17	44495987	44814797	protein_coding	ENSMUSG00000039153	-	Runx2	1421
1422	Runx2os3	chr17	44561990	44563172	lncRNA	ENSMUSG00000090048	+	Runx2os3	1422
1423	n-R5s27	chr17	44641025	44641143	rRNA	ENSMUSG00000070209	-	n-R5s27	1423
1424	Runx2os2	chr17	44710222	44713925	lncRNA	ENSMUSG00000089849	+	Runx2os2	1424
1425	Runx2os1	chr17	44735845	44737612	lncRNA	ENSMUSG00000073394	+	Runx2os1	1425
1426	Supt3	chr17	44777152	45119290	protein_coding	ENSMUSG00000038954	+	Supt3	1426
1427	4930564C03Rik	chr17	44879770	44880295	processed_pseudogene	ENSMUSG00000117326	-	4930564C03Rik	1427
1428	Gm35097	chr17	45147237	45151629	lncRNA	ENSMUSG00000117044	+	Gm35097	1428
1429	Gm4766	chr17	45163230	45164168	processed_pseudogene	ENSMUSG00000117217	-	Gm4766	1429
1430	Gm24979	chr17	45209966	45210091	miRNA	ENSMUSG00000096425	+	Gm24979	1430
1431	Cdc5l	chr17	45391884	45433737	protein_coding	ENSMUSG00000023932	-	Cdc5l	1431
1432	B230354K17Rik	chr17	45433598	45442544	lncRNA	ENSMUSG00000097119	+	B230354K17Rik	1432
1433	Spats1	chr17	45440578	45475415	protein_coding	ENSMUSG00000023935	-	Spats1	1433
1434	Gm9104	chr17	45465788	45466270	processed_pseudogene	ENSMUSG00000061242	+	Gm9104	1434
1435	Aars2	chr17	45506841	45520843	protein_coding	ENSMUSG00000023938	+	Aars2	1435
1436	Tcte1	chr17	45523434	45542680	protein_coding	ENSMUSG00000023949	+	Tcte1	1436
1437	Tmem151b	chr17	45541952	45549677	protein_coding	ENSMUSG00000096847	-	Tmem151b	1437
1438	Nfkbie	chr17	45555703	45563169	protein_coding	ENSMUSG00000023947	+	Nfkbie	1438
1439	Slc35b2	chr17	45563874	45567671	protein_coding	ENSMUSG00000037089	+	Slc35b2	1439
1440	Hsp90ab1	chr17	45567775	45573271	protein_coding	ENSMUSG00000023944	-	Hsp90ab1	1440
1441	Slc29a1	chr17	45585200	45599606	protein_coding	ENSMUSG00000023942	-	Slc29a1	1441
1442	Gm17080	chr17	45586120	45588377	lncRNA	ENSMUSG00000067389	+	Gm17080	1442
1443	Mymx	chr17	45600971	45602102	protein_coding	ENSMUSG00000079471	-	Mymx	1443
1444	Gm25008	chr17	45620679	45620759	snRNA	ENSMUSG00000065743	+	Gm25008	1444
1445	Capn11	chr17	45630204	45659325	protein_coding	ENSMUSG00000058626	-	Capn11	1445
1446	Tmem63b	chr17	45660171	45686905	protein_coding	ENSMUSG00000036026	-	Tmem63b	1446
1447	Gm16172	chr17	45663519	45666209	lncRNA	ENSMUSG00000086472	+	Gm16172	1447
1448	Mrpl14	chr17	45686322	45698495	protein_coding	ENSMUSG00000023939	+	Mrpl14	1448
1449	F630040K05Rik	chr17	45734506	45788594	lncRNA	ENSMUSG00000097727	+	F630040K05Rik	1449
1450	Gm35692	chr17	45806204	45822323	lncRNA	ENSMUSG00000117139	-	Gm35692	1450
1451	4930542M03Rik	chr17	45879850	45881452	lncRNA	ENSMUSG00000117085	-	4930542M03Rik	1451
1452	Gm41584	chr17	45885346	45888630	lncRNA	ENSMUSG00000117048	+	Gm41584	1452
1453	Gm49805	chr17	45961859	45963849	lncRNA	ENSMUSG00000117040	+	Gm49805	1453
1454	Vegfa	chr17	46016993	46032369	protein_coding	ENSMUSG00000023951	-	Vegfa	1454
1455	Gm36200	chr17	46067335	46084266	lncRNA	ENSMUSG00000117287	-	Gm36200	1455
1456	Gm19969	chr17	46094503	46094671	processed_pseudogene	ENSMUSG00000117109	-	Gm19969	1456
1457	Mrps18a	chr17	46110986	46128910	protein_coding	ENSMUSG00000023967	+	Mrps18a	1457
1458	Rsph9	chr17	46122035	46144216	protein_coding	ENSMUSG00000023966	-	Rsph9	1458
1459	Mad2l1bp	chr17	46147387	46153553	protein_coding	ENSMUSG00000034509	-	Mad2l1bp	1459
1460	Gtpbp2	chr17	46161032	46169370	protein_coding	ENSMUSG00000023952	+	Gtpbp2	1460
1461	Polh	chr17	46171355	46202645	protein_coding	ENSMUSG00000023953	-	Polh	1461
1462	Xpo5	chr17	46202782	46243598	protein_coding	ENSMUSG00000067150	+	Xpo5	1462
1463	Mir693	chr17	46231531	46231619	miRNA	ENSMUSG00000076141	+	Mir693	1463
1464	Gm22474	chr17	46232725	46232831	snRNA	ENSMUSG00000095740	-	Gm22474	1464
1465	Polr1c	chr17	46243920	46248054	protein_coding	ENSMUSG00000067148	-	Polr1c	1465
1466	Yipf3	chr17	46248080	46252537	protein_coding	ENSMUSG00000071074	+	Yipf3	1466
1467	Lrrc73	chr17	46253531	46257315	protein_coding	ENSMUSG00000071073	+	Lrrc73	1467
1468	Tjap1	chr17	46257851	46283026	protein_coding	ENSMUSG00000012296	-	Tjap1	1468
1469	Dlk2	chr17	46297421	46303271	protein_coding	ENSMUSG00000047428	+	Dlk2	1469
1470	Abcc10	chr17	46303221	46328352	protein_coding	ENSMUSG00000032842	-	Abcc10	1470
1471	Zfp318	chr17	46383731	46420920	protein_coding	ENSMUSG00000015597	+	Zfp318	1471
1472	Gm23037	chr17	46403875	46404198	misc_RNA	ENSMUSG00000065808	+	Gm23037	1472
1473	Gm9706	chr17	46407004	46407484	processed_pseudogene	ENSMUSG00000117269	-	Gm9706	1473
1474	Crip3	chr17	46428926	46431776	protein_coding	ENSMUSG00000023968	+	Crip3	1474
1475	Slc22a7	chr17	46432183	46438457	protein_coding	ENSMUSG00000067144	-	Slc22a7	1475
1476	Gm5093	chr17	46439578	46440097	processed_pseudogene	ENSMUSG00000091742	-	Gm5093	1476
1477	Ttbk1	chr17	46442448	46487675	protein_coding	ENSMUSG00000015599	-	Ttbk1	1477
1478	Gm47119	chr17	46476507	46477659	lncRNA	ENSMUSG00000114244	+	Gm47119	1478
1479	Dnph1	chr17	46496711	46499624	protein_coding	ENSMUSG00000040658	+	Dnph1	1479
1480	Cul9	chr17	46500572	46546388	protein_coding	ENSMUSG00000040327	-	Cul9	1480
1481	Srf	chr17	46548329	46556175	protein_coding	ENSMUSG00000015605	-	Srf	1481
1482	Mir6976	chr17	46553827	46553889	miRNA	ENSMUSG00000106514	-	Mir6976	1482
1483	Ptk7	chr17	46564471	46629504	protein_coding	ENSMUSG00000023972	-	Ptk7	1483
1484	Klc4	chr17	46630624	46646022	protein_coding	ENSMUSG00000003546	-	Klc4	1484
1485	Mrpl2	chr17	46646229	46650139	protein_coding	ENSMUSG00000002767	+	Mrpl2	1485
1486	Cul7	chr17	46650337	46664364	protein_coding	ENSMUSG00000038545	+	Cul7	1486
1487	Rrp36	chr17	46666324	46674352	protein_coding	ENSMUSG00000023971	-	Rrp36	1487
1488	Klhdc3	chr17	46674550	46680914	protein_coding	ENSMUSG00000063576	-	Klhdc3	1488
1489	Mea1	chr17	46678793	46683111	protein_coding	ENSMUSG00000002768	+	Mea1	1489
1490	Ppp2r5d	chr17	46682991	46705111	protein_coding	ENSMUSG00000059409	-	Ppp2r5d	1490
1491	Pex6	chr17	46711463	46725541	protein_coding	ENSMUSG00000002763	+	Pex6	1491
1492	Gnmt	chr17	46725664	46729168	protein_coding	ENSMUSG00000002769	-	Gnmt	1492
1493	Cnpy3	chr17	46735705	46752214	protein_coding	ENSMUSG00000023973	-	Cnpy3	1493
1494	Ptcra	chr17	46755663	46763712	protein_coding	ENSMUSG00000036858	-	Ptcra	1494
1495	2310039H08Rik	chr17	46772635	46773396	protein_coding	ENSMUSG00000062619	+	2310039H08Rik	1495
1496	Rpl7l1	chr17	46773907	46782672	protein_coding	ENSMUSG00000063888	-	Rpl7l1	1496
1497	Bicral	chr17	46798120	46858482	protein_coding	ENSMUSG00000036568	-	Bicral	1497
1498	Tbcc	chr17	46890684	46891847	protein_coding	ENSMUSG00000036430	+	Tbcc	1498
1499	Prph2	chr17	46910459	46924933	protein_coding	ENSMUSG00000023978	+	Prph2	1499
1500	Ubr2	chr17	46928295	47010556	protein_coding	ENSMUSG00000023977	-	Ubr2	1500
1501	Gm23657	chr17	46992623	46992916	misc_RNA	ENSMUSG00000084572	-	Gm23657	1501
1502	Gm16494	chr17	47016697	47016955	processed_pseudogene	ENSMUSG00000091775	-	Gm16494	1502
1503	Gm4945	chr17	47042587	47043039	processed_pseudogene	ENSMUSG00000062472	-	Gm4945	1503
1504	Trerf1	chr17	47140875	47361958	lncRNA	ENSMUSG00000064043	+	Trerf1	1504
1505	Gm26216	chr17	47290956	47291028	rRNA	ENSMUSG00000089208	+	Gm26216	1505
1506	Mrps10	chr17	47368887	47381417	protein_coding	ENSMUSG00000034729	+	Mrps10	1506
1507	Guca1b	chr17	47385393	47392967	protein_coding	ENSMUSG00000023979	+	Guca1b	1507
1508	Guca1a	chr17	47394558	47400584	protein_coding	ENSMUSG00000023982	-	Guca1a	1508
1509	AC112683.2	chr17	47394562	47421880	protein_coding	ENSMUSG00000118471	-	AC112683.2	1509
1510	Gm5814	chr17	47410363	47410737	processed_pseudogene	ENSMUSG00000096361	+	Gm5814	1510
1511	1700001C19Rik	chr17	47412734	47437376	protein_coding	ENSMUSG00000047150	-	1700001C19Rik	1511
1512	AI661453	chr17	47436615	47470638	protein_coding	ENSMUSG00000034382	+	AI661453	1512
1513	Taf8	chr17	47483364	47502292	protein_coding	ENSMUSG00000023980	-	Taf8	1513
1514	Ccnd3	chr17	47505051	47599691	protein_coding	ENSMUSG00000034165	+	Ccnd3	1514
1515	Bysl	chr17	47599331	47611492	protein_coding	ENSMUSG00000023988	-	Bysl	1515
1516	Med20	chr17	47611582	47624418	protein_coding	ENSMUSG00000092558	+	Med20	1516
1517	Gm20517	chr17	47611589	47683861	protein_coding	ENSMUSG00000023984	+	Gm20517	1517
1518	Kpna2-ps	chr17	47620771	47622339	processed_pseudogene	ENSMUSG00000083672	-	Kpna2-ps	1518
1519	Usp49	chr17	47630690	47686738	protein_coding	ENSMUSG00000090115	+	Usp49	1519
1520	Tomm6	chr17	47686646	47688386	protein_coding	ENSMUSG00000033475	-	Tomm6	1520
1521	Gm21981	chr17	47686739	47694455	protein_coding	ENSMUSG00000079444	-	Gm21981	1521
1522	Tomm6os	chr17	47687610	47691083	lncRNA	ENSMUSG00000084880	+	Tomm6os	1522
1523	Prickle4	chr17	47688517	47694736	protein_coding	ENSMUSG00000096549	-	Prickle4	1523
1524	Frs3	chr17	47689030	47704286	protein_coding	ENSMUSG00000023266	+	Frs3	1524
1525	Frs3os	chr17	47699971	47701996	lncRNA	ENSMUSG00000086930	-	Frs3os	1525
1526	Pgc	chr17	47726842	47734482	protein_coding	ENSMUSG00000023987	+	Pgc	1526
1527	Tfeb	chr17	47737030	47792419	protein_coding	ENSMUSG00000023990	+	Tfeb	1527
1528	Mdfi	chr17	47815328	47834691	protein_coding	ENSMUSG00000032717	-	Mdfi	1528
1529	Gm25201	chr17	47840816	47840985	snRNA	ENSMUSG00000065027	-	Gm25201	1529
1530	n-R5s28	chr17	47848834	47848952	rRNA	ENSMUSG00000064748	+	n-R5s28	1530
1531	Foxp4	chr17	47867133	47924645	protein_coding	ENSMUSG00000023991	-	Foxp4	1531
1532	Gm15556	chr17	47922378	47923429	lncRNA	ENSMUSG00000085932	+	Gm15556	1532
1533	Gm5228	chr17	47936090	47936446	processed_pseudogene	ENSMUSG00000084288	+	Gm5228	1533
1534	Gm14871	chr17	48003379	48003572	processed_pseudogene	ENSMUSG00000082492	-	Gm14871	1534
1535	1700122O11Rik	chr17	48036745	48038293	protein_coding	ENSMUSG00000094928	-	1700122O11Rik	1535
1536	Gm20596	chr17	48055995	48056147	processed_pseudogene	ENSMUSG00000117308	-	Gm20596	1536
1537	A730006G06Rik	chr17	48064789	48090378	lncRNA	ENSMUSG00000117334	-	A730006G06Rik	1537
1538	1700067P10Rik	chr17	48089319	48090918	protein_coding	ENSMUSG00000021545	+	1700067P10Rik	1538
1539	Gm49946	chr17	48092779	48095632	lncRNA	ENSMUSG00000117157	+	Gm49946	1539
1540	9830107B12Rik	chr17	48125605	48146268	protein_coding	ENSMUSG00000073386	-	9830107B12Rik	1540
1541	Gm49947	chr17	48141724	48141903	processed_pseudogene	ENSMUSG00000117266	-	Gm49947	1541
1542	A530064D06Rik	chr17	48149126	48167275	protein_coding	ENSMUSG00000043939	-	A530064D06Rik	1542
1543	Trem1	chr17	48232768	48246924	protein_coding	ENSMUSG00000042265	+	Trem1	1543
1544	Gm18679	chr17	48238211	48240641	processed_pseudogene	ENSMUSG00000117318	-	Gm18679	1544
1545	Trem3	chr17	48247777	48258841	protein_coding	ENSMUSG00000041754	+	Trem3	1545
1546	Treml4	chr17	48264295	48275360	protein_coding	ENSMUSG00000051682	+	Treml4	1546
1547	Treml2	chr17	48299498	48312533	protein_coding	ENSMUSG00000071068	+	Treml2	1547
1548	B430306N03Rik	chr17	48316141	48327024	protein_coding	ENSMUSG00000043740	+	B430306N03Rik	1548
1549	Trem2	chr17	48346401	48354147	protein_coding	ENSMUSG00000023992	+	Trem2	1549
1550	Treml1	chr17	48359916	48367176	protein_coding	ENSMUSG00000023993	+	Treml1	1550
1551	Nfya	chr17	48386885	48409906	protein_coding	ENSMUSG00000023994	-	Nfya	1551
1552	Oard1	chr17	48410014	48417266	protein_coding	ENSMUSG00000040771	+	Oard1	1552
1553	Gm49893	chr17	48417280	48421634	lncRNA	ENSMUSG00000117104	+	Gm49893	1553
1554	Apobec2	chr17	48419231	48432930	protein_coding	ENSMUSG00000040694	-	Apobec2	1554
1555	Tspo2	chr17	48447907	48451522	protein_coding	ENSMUSG00000023995	-	Tspo2	1555
1556	Unc5cl	chr17	48454901	48539714	protein_coding	ENSMUSG00000043592	+	Unc5cl	1556
1557	Gm49896	chr17	48556733	48572187	lncRNA	ENSMUSG00000117019	+	Gm49896	1557
1558	Gm23642	chr17	48692450	48692707	misc_RNA	ENSMUSG00000088483	-	Gm23642	1558
1559	Gm45330	chr17	48730399	48738746	lncRNA	ENSMUSG00000110276	-	Gm45330	1559
1560	Lrfn2	chr17	48932379	49097588	protein_coding	ENSMUSG00000040490	+	Lrfn2	1560
1561	Gm44304	chr17	49096289	49096433	miRNA	ENSMUSG00000105424	-	Gm44304	1561
1562	1700008K24Rik	chr17	49112263	49113535	lncRNA	ENSMUSG00000101012	-	1700008K24Rik	1562
1563	Gm9586	chr17	49164711	49165758	processed_pseudogene	ENSMUSG00000117115	-	Gm9586	1563
1564	Gm22978	chr17	49292742	49292901	snRNA	ENSMUSG00000064541	+	Gm22978	1564
1565	Gm17830	chr17	49304479	49312960	lncRNA	ENSMUSG00000117221	-	Gm17830	1565
1566	Gm18067	chr17	49329903	49331496	processed_pseudogene	ENSMUSG00000117198	-	Gm18067	1566
1567	Gm20540	chr17	49427938	49429240	lncRNA	ENSMUSG00000092268	-	Gm20540	1567
1568	Mocs1	chr17	49428362	49455435	protein_coding	ENSMUSG00000064120	+	Mocs1	1568
1569	Daam2	chr17	49456022	49564343	protein_coding	ENSMUSG00000040260	-	Daam2	1569
1570	Kif6	chr17	49615136	49909847	protein_coding	ENSMUSG00000023999	+	Kif6	1570
1571	Gm16555	chr17	49817626	49821825	lncRNA	ENSMUSG00000090012	-	Gm16555	1571
1572	Gm16554	chr17	49894742	49895967	lncRNA	ENSMUSG00000090227	-	Gm16554	1572
1573	AC114824.1	chr17	49927639	49941546	unprocessed_pseudogene	ENSMUSG00000118549	+	AC114824.1	1573
1574	AC133946.1	chr17	49972827	49980553	unitary_pseudogene	ENSMUSG00000118535	+	AC133946.1	1574
1575	Rftn1	chr17	49992257	50190674	protein_coding	ENSMUSG00000039316	-	Rftn1	1575
1576	Gm49901	chr17	50114019	50117459	lncRNA	ENSMUSG00000117117	+	Gm49901	1576
1577	Gm37173	chr17	50210135	50219642	lncRNA	ENSMUSG00000104256	+	Gm37173	1577
1578	Gm18735	chr17	50227643	50228369	processed_pseudogene	ENSMUSG00000117077	-	Gm18735	1578
1579	Gm41597	chr17	50235072	50236556	lncRNA	ENSMUSG00000117009	-	Gm41597	1579
1580	AY702103	chr17	50239208	50246316	lncRNA	ENSMUSG00000067103	+	AY702103	1580
1581	Dazl	chr17	50279395	50293636	protein_coding	ENSMUSG00000010592	-	Dazl	1581
1582	Gm49906	chr17	50339252	50398475	lncRNA	ENSMUSG00000117222	+	Gm49906	1582
1583	Plcl2	chr17	50509403	50688484	protein_coding	ENSMUSG00000038910	+	Plcl2	1583
1584	Gm7334	chr17	50698688	50699443	processed_pseudogene	ENSMUSG00000044645	+	Gm7334	1584
1585	Tbc1d5	chr17	50733124	51179352	protein_coding	ENSMUSG00000023923	-	Tbc1d5	1585
1586	Gm25177	chr17	50916925	50917041	snRNA	ENSMUSG00000084583	-	Gm25177	1586
1587	C330011F03Rik	chr17	51425209	51435838	lncRNA	ENSMUSG00000117204	-	C330011F03Rik	1587
1588	Gm46574	chr17	51484292	51484721	processed_pseudogene	ENSMUSG00000117041	-	Gm46574	1588
1589	Gm31143	chr17	51534277	51534858	lncRNA	ENSMUSG00000117181	-	Gm31143	1589
1590	Satb1	chr17	51736187	51833290	protein_coding	ENSMUSG00000023927	-	Satb1	1590
1591	E430014B02Rik	chr17	51745529	51748684	TEC	ENSMUSG00000102973	-	E430014B02Rik	1591
1592	C230085N15Rik	chr17	51757295	51761621	TEC	ENSMUSG00000102212	-	C230085N15Rik	1592
1593	Gm36931	chr17	51766643	51771443	TEC	ENSMUSG00000103779	-	Gm36931	1593
1594	5830444F18Rik	chr17	51791470	51793461	TEC	ENSMUSG00000102744	-	5830444F18Rik	1594
1595	Gm37248	chr17	51796017	51799190	TEC	ENSMUSG00000103216	-	Gm37248	1595
1596	Gm6934	chr17	51832819	51834723	TEC	ENSMUSG00000103753	+	Gm6934	1596
1597	Gm37593	chr17	51842861	51846114	TEC	ENSMUSG00000103358	+	Gm37593	1597
1598	Gm37266	chr17	51850239	51852525	TEC	ENSMUSG00000102600	+	Gm37266	1598
1599	Gm37176	chr17	51859167	51863217	TEC	ENSMUSG00000103378	+	Gm37176	1599
1600	Gm20098	chr17	51882727	51965257	lncRNA	ENSMUSG00000117175	+	Gm20098	1600
1601	Gm19585	chr17	51986415	52163976	lncRNA	ENSMUSG00000100150	+	Gm19585	1601
1602	Gm19197	chr17	52008967	52009569	processed_pseudogene	ENSMUSG00000117170	+	Gm19197	1602
1603	Gm41600	chr17	52304567	52326582	lncRNA	ENSMUSG00000117076	+	Gm41600	1603
1604	Gm49912	chr17	52312191	52350056	lncRNA	ENSMUSG00000117033	-	Gm49912	1604
1605	Gm5094	chr17	52452575	52461765	lncRNA	ENSMUSG00000117035	-	Gm5094	1605
1606	Gm27217	chr17	52592981	52602660	lncRNA	ENSMUSG00000098552	-	Gm27217	1606
1607	Kcnh8	chr17	52602709	52979194	protein_coding	ENSMUSG00000035580	+	Kcnh8	1607
1608	Gm9210	chr17	53196451	53198567	processed_pseudogene	ENSMUSG00000117244	+	Gm9210	1608
1609	Gm49913	chr17	53245963	53246341	processed_pseudogene	ENSMUSG00000117194	+	Gm49913	1609
1610	Gm49914	chr17	53303988	53304407	processed_pseudogene	ENSMUSG00000117089	-	Gm49914	1610
1611	Gm29770	chr17	53354512	53354821	processed_pseudogene	ENSMUSG00000117248	+	Gm29770	1611
1612	Gm9214	chr17	53359927	53361889	processed_pseudogene	ENSMUSG00000117241	+	Gm9214	1612
1613	Efhb	chr17	53398889	53463321	protein_coding	ENSMUSG00000023931	-	Efhb	1613
1614	Tpt1-ps7	chr17	53466649	53467315	processed_pseudogene	ENSMUSG00000117111	-	Tpt1-ps7	1614
1615	Rab5a	chr17	53479234	53507680	protein_coding	ENSMUSG00000017831	+	Rab5a	1615
1616	Gm49915	chr17	53496081	53500946	lncRNA	ENSMUSG00000117128	-	Gm49915	1616
1617	Pp2d1	chr17	53507460	53539451	protein_coding	ENSMUSG00000044957	-	Pp2d1	1617
1618	Kat2b	chr17	53566861	53672720	protein_coding	ENSMUSG00000000708	+	Kat2b	1618
1619	Gm6919	chr17	53598181	53598663	processed_pseudogene	ENSMUSG00000096517	-	Gm6919	1619
1620	Sgo1	chr17	53674786	53689333	protein_coding	ENSMUSG00000023940	-	Sgo1	1620
1621	Gm31532	chr17	53699706	53700472	processed_pseudogene	ENSMUSG00000107430	+	Gm31532	1621
1622	Rab5a-ps	chr17	53702320	53702972	processed_pseudogene	ENSMUSG00000107684	-	Rab5a-ps	1622
1623	4932415M13Rik	chr17	53716509	53733843	transcribed_processed_pseudogene	ENSMUSG00000062036	+	4932415M13Rik	1623
1624	Gm49917	chr17	53734511	53734857	processed_pseudogene	ENSMUSG00000117211	+	Gm49917	1624
1625	Ckb-ps2	chr17	53746117	53747117	processed_pseudogene	ENSMUSG00000106327	+	Ckb-ps2	1625
1626	Mark1-ps2	chr17	53774759	53775142	processed_pseudogene	ENSMUSG00000105075	+	Mark1-ps2	1626
1627	Sult1c2-ps2	chr17	53802860	53803479	unprocessed_pseudogene	ENSMUSG00000105885	+	Sult1c2-ps2	1627
1628	Sult1c2	chr17	53829637	53846339	protein_coding	ENSMUSG00000023122	-	Sult1c2	1628
1629	Mrps36-ps1	chr17	53866715	53867020	processed_pseudogene	ENSMUSG00000021631	-	Mrps36-ps1	1629
1630	Sult1c2-ps1	chr17	53874990	53875550	unprocessed_pseudogene	ENSMUSG00000105732	-	Sult1c2-ps1	1630
1631	Hcfc1r1-ps1	chr17	53890590	53890935	processed_pseudogene	ENSMUSG00000105235	-	Hcfc1r1-ps1	1631
1632	Mark4-ps	chr17	53911936	53912319	processed_pseudogene	ENSMUSG00000105921	-	Mark4-ps	1632
1633	Ckb-ps1	chr17	53940979	53942105	processed_pseudogene	ENSMUSG00000105147	-	Ckb-ps1	1633
1634	Mark1-ps1	chr17	53948349	53949065	processed_pseudogene	ENSMUSG00000105473	-	Mark1-ps1	1634
1635	Sult1c1	chr17	53961615	53990674	protein_coding	ENSMUSG00000023943	-	Sult1c1	1635
1636	Gm5684	chr17	54002372	54003332	processed_pseudogene	ENSMUSG00000104810	+	Gm5684	1636
1637	Gm37966	chr17	54223513	54223838	TEC	ENSMUSG00000102572	+	Gm37966	1637
1638	Slc5a7	chr17	54273590	54299034	protein_coding	ENSMUSG00000023945	-	Slc5a7	1638
1639	1700025K24Rik	chr17	54352583	54370074	lncRNA	ENSMUSG00000099747	-	1700025K24Rik	1639
1640	Gm49919	chr17	54354718	54355159	processed_pseudogene	ENSMUSG00000117149	-	Gm49919	1640
1641	Trp53-ps	chr17	54419680	54420841	processed_pseudogene	ENSMUSG00000090704	+	Trp53-ps	1641
1642	Gm4946	chr17	54507415	54508222	processed_pseudogene	ENSMUSG00000117316	+	Gm4946	1642
1643	Gm26291	chr17	54651936	54652072	snoRNA	ENSMUSG00000089514	+	Gm26291	1643
1644	Gm32055	chr17	54852562	54860472	lncRNA	ENSMUSG00000117132	+	Gm32055	1644
1645	Gm49920	chr17	55063412	55063999	processed_pseudogene	ENSMUSG00000117340	+	Gm49920	1645
1646	Gm46577	chr17	55143175	55143546	processed_pseudogene	ENSMUSG00000117249	+	Gm46577	1646
1647	Gm17377	chr17	55321612	55321817	processed_pseudogene	ENSMUSG00000090790	+	Gm17377	1647
1648	Gm49921	chr17	55388244	55388707	processed_pseudogene	ENSMUSG00000117090	-	Gm49921	1648
1649	St6gal2	chr17	55445382	55514581	protein_coding	ENSMUSG00000024172	+	St6gal2	1649
1650	Vmn2r118	chr17	55590370	55625192	protein_coding	ENSMUSG00000091504	-	Vmn2r118	1650
1651	Pot1b	chr17	55651951	55712628	protein_coding	ENSMUSG00000024174	-	Pot1b	1651
1652	Gm22654	chr17	55661637	55661741	snRNA	ENSMUSG00000088499	+	Gm22654	1652
1653	Gm18648	chr17	55700407	55701817	processed_pseudogene	ENSMUSG00000117237	+	Gm18648	1653
1654	Adgre4	chr17	55749984	55853662	protein_coding	ENSMUSG00000032915	+	Adgre4	1654
1655	Gm18417	chr17	55850482	55851129	unprocessed_pseudogene	ENSMUSG00000093740	-	Gm18417	1655
1656	Zfp119a	chr17	55864892	55878930	protein_coding	ENSMUSG00000057835	-	Zfp119a	1656
1657	Zfp959	chr17	55892093	55898928	protein_coding	ENSMUSG00000003198	+	Zfp959	1657
1658	Rpl21-ps6	chr17	55915403	55915870	processed_pseudogene	ENSMUSG00000059912	-	Rpl21-ps6	1658
1659	Zfp119b	chr17	55938381	55949500	protein_coding	ENSMUSG00000062101	-	Zfp119b	1659
1660	Ebi3	chr17	55952640	55957022	protein_coding	ENSMUSG00000003206	+	Ebi3	1660
1661	Gm16712	chr17	55954771	55959381	lncRNA	ENSMUSG00000097077	-	Gm16712	1661
1662	Yju2	chr17	55959099	55968285	protein_coding	ENSMUSG00000003208	+	Yju2	1662
1663	Shd	chr17	55970467	55976625	protein_coding	ENSMUSG00000039154	+	Shd	1663
1664	Fsd1	chr17	55986509	55996881	protein_coding	ENSMUSG00000011589	+	Fsd1	1664
1665	Stap2	chr17	55997077	56005584	protein_coding	ENSMUSG00000038781	-	Stap2	1665
1666	Mpnd	chr17	56005711	56016790	protein_coding	ENSMUSG00000003199	+	Mpnd	1666
1667	Gm16276	chr17	56014283	56014544	processed_pseudogene	ENSMUSG00000084755	-	Gm16276	1667
1668	Sh3gl1	chr17	56016750	56036635	protein_coding	ENSMUSG00000003200	-	Sh3gl1	1668
1669	Chaf1a	chr17	56040439	56072289	protein_coding	ENSMUSG00000002835	+	Chaf1a	1669
1670	Ubxn6	chr17	56067045	56075028	protein_coding	ENSMUSG00000019578	-	Ubxn6	1670
1671	Hdgfl2	chr17	56079634	56100607	protein_coding	ENSMUSG00000002833	+	Hdgfl2	1671
1672	Plin4	chr17	56100591	56109803	protein_coding	ENSMUSG00000002831	-	Plin4	1672
1673	Plin5	chr17	56111601	56117596	protein_coding	ENSMUSG00000011305	-	Plin5	1673
1674	Lrg1	chr17	56119678	56122001	protein_coding	ENSMUSG00000037095	-	Lrg1	1674
1675	Sema6b	chr17	56123085	56140343	protein_coding	ENSMUSG00000001227	-	Sema6b	1675
1676	Tnfaip8l1	chr17	56162477	56173955	protein_coding	ENSMUSG00000044469	+	Tnfaip8l1	1676
1677	Mydgf	chr17	56175744	56183920	protein_coding	ENSMUSG00000019579	-	Mydgf	1677
1678	Dpp9	chr17	56186807	56218905	protein_coding	ENSMUSG00000001229	-	Dpp9	1678
1679	Gm49879	chr17	56238909	56239361	processed_pseudogene	ENSMUSG00000117176	+	Gm49879	1679
1680	A230051N06Rik	chr17	56241716	56242805	lncRNA	ENSMUSG00000117172	+	A230051N06Rik	1680
1681	Fem1a	chr17	56256810	56263610	protein_coding	ENSMUSG00000043683	+	Fem1a	1681
1682	Ticam1	chr17	56269319	56276786	protein_coding	ENSMUSG00000047123	-	Ticam1	1682
1683	Plin3	chr17	56277476	56292873	protein_coding	ENSMUSG00000024197	-	Plin3	1683
1684	Arrdc5	chr17	56294111	56300286	protein_coding	ENSMUSG00000073380	-	Arrdc5	1684
1685	Uhrf1	chr17	56303321	56323486	protein_coding	ENSMUSG00000001228	+	Uhrf1	1685
1686	Kdm4b	chr17	56326062	56402870	protein_coding	ENSMUSG00000024201	+	Kdm4b	1686
1687	Ptprs	chr17	56412426	56476483	protein_coding	ENSMUSG00000013236	-	Ptprs	1687
1688	Znrf4	chr17	56511248	56512431	protein_coding	ENSMUSG00000044526	-	Znrf4	1688
1689	Gm20219	chr17	56551414	56554387	protein_coding	ENSMUSG00000110218	-	Gm20219	1689
1690	Safb2	chr17	56560965	56584585	protein_coding	ENSMUSG00000042625	-	Safb2	1690
1691	Safb	chr17	56584825	56606294	protein_coding	ENSMUSG00000071054	+	Safb	1691
1692	Micos13	chr17	56607452	56609771	protein_coding	ENSMUSG00000049760	-	Micos13	1692
1693	Rpl36	chr17	56613416	56614243	protein_coding	ENSMUSG00000057863	+	Rpl36	1693
1694	Lonp1	chr17	56614297	56626887	protein_coding	ENSMUSG00000041168	-	Lonp1	1694
1695	Catsperd	chr17	56628143	56664456	protein_coding	ENSMUSG00000040828	+	Catsperd	1695
1696	Ranbp3	chr17	56673294	56711764	protein_coding	ENSMUSG00000002372	+	Ranbp3	1696
1697	Vmac	chr17	56713936	56718022	protein_coding	ENSMUSG00000054723	-	Vmac	1697
1698	Ndufa11	chr17	56717767	56722141	protein_coding	ENSMUSG00000002379	+	Ndufa11	1698
1699	Fut4-ps1	chr17	56734228	56739292	transcribed_processed_pseudogene	ENSMUSG00000117146	+	Fut4-ps1	1699
1700	Nrtn	chr17	56751325	56757530	protein_coding	ENSMUSG00000039481	-	Nrtn	1700
1701	Dus3l	chr17	56764757	56770093	protein_coding	ENSMUSG00000007603	+	Dus3l	1701
1702	Prr22	chr17	56770250	56772208	protein_coding	ENSMUSG00000090273	+	Prr22	1702
1703	Rfx2	chr17	56775897	56831013	protein_coding	ENSMUSG00000024206	-	Rfx2	1703
1704	Acsbg2	chr17	56843103	56874447	protein_coding	ENSMUSG00000024207	-	Acsbg2	1704
1705	1700061G19Rik	chr17	56875477	56888904	protein_coding	ENSMUSG00000024209	+	1700061G19Rik	1705
1706	Mllt1	chr17	56892611	56935415	protein_coding	ENSMUSG00000024212	-	Mllt1	1706
1707	Acer1	chr17	56953490	56982126	protein_coding	ENSMUSG00000045019	-	Acer1	1707
1708	Gm49887	chr17	56958320	56959424	lncRNA	ENSMUSG00000117245	+	Gm49887	1708
1709	Clpp	chr17	56990305	56996188	protein_coding	ENSMUSG00000002660	+	Clpp	1709
1710	Alkbh7	chr17	56997339	56999322	protein_coding	ENSMUSG00000002661	+	Alkbh7	1710
1711	Pspn	chr17	56999457	57000018	protein_coding	ENSMUSG00000002664	-	Pspn	1711
1712	Gtf2f1	chr17	57003405	57011288	protein_coding	ENSMUSG00000002658	-	Gtf2f1	1712
1713	Gm17949	chr17	57011469	57021113	protein_coding	ENSMUSG00000109739	+	Gm17949	1713
1714	Khsrp	chr17	57021051	57031522	protein_coding	ENSMUSG00000007670	-	Khsrp	1714
1715	Slc25a41	chr17	57032773	57041654	protein_coding	ENSMUSG00000011486	-	Slc25a41	1715
1716	Gm17168	chr17	57041775	57047143	lncRNA	ENSMUSG00000091390	+	Gm17168	1716
1717	Slc25a23	chr17	57043711	57059863	protein_coding	ENSMUSG00000046329	-	Slc25a23	1717
1718	Crb3	chr17	57059105	57065918	protein_coding	ENSMUSG00000044279	+	Crb3	1718
1719	Dennd1c	chr17	57065905	57078514	protein_coding	ENSMUSG00000002668	-	Dennd1c	1719
1720	Gm49888	chr17	57068260	57069360	lncRNA	ENSMUSG00000117297	-	Gm49888	1720
1721	Tubb4a	chr17	57080066	57087782	protein_coding	ENSMUSG00000062591	-	Tubb4a	1721
1722	Gm11110	chr17	57091370	57105942	lncRNA	ENSMUSG00000079414	-	Gm11110	1722
1723	Tnfsf9	chr17	57105325	57107757	protein_coding	ENSMUSG00000035678	+	Tnfsf9	1723
1724	Gm49892	chr17	57115118	57115447	processed_pseudogene	ENSMUSG00000117064	+	Gm49892	1724
1725	Cd70	chr17	57145997	57149777	protein_coding	ENSMUSG00000019489	-	Cd70	1725
1726	Tnfsf14	chr17	57189492	57194177	protein_coding	ENSMUSG00000005824	-	Tnfsf14	1726
1727	C3	chr17	57203970	57228136	protein_coding	ENSMUSG00000024164	-	C3	1727
1728	Gpr108	chr17	57234635	57248446	protein_coding	ENSMUSG00000005823	-	Gpr108	1728
1729	Trip10	chr17	57249455	57263665	protein_coding	ENSMUSG00000019487	+	Trip10	1729
1730	CT025692.1	chr17	57264262	57267922	unitary_pseudogene	ENSMUSG00000118457	-	CT025692.1	1730
1731	Vav1	chr17	57279100	57328031	protein_coding	ENSMUSG00000034116	+	Vav1	1731
1732	Adgre1	chr17	57358691	57483527	protein_coding	ENSMUSG00000004730	+	Adgre1	1732
1733	Vmn2r120	chr17	57506453	57545505	protein_coding	ENSMUSG00000090655	-	Vmn2r120	1733
1734	Gm49842	chr17	57557266	57557965	unprocessed_pseudogene	ENSMUSG00000117223	-	Gm49842	1734
1735	Gm18139	chr17	57741799	57743071	processed_pseudogene	ENSMUSG00000117082	+	Gm18139	1735
1736	Gm17920	chr17	57756163	57757022	processed_pseudogene	ENSMUSG00000117022	+	Gm17920	1736
1737	Cntnap5c	chr17	57769570	58410355	protein_coding	ENSMUSG00000038048	+	Cntnap5c	1737
1738	Rpl7a-ps5	chr17	57838430	57839221	processed_pseudogene	ENSMUSG00000071052	-	Rpl7a-ps5	1738
1739	Gm49848	chr17	58462325	58462516	processed_pseudogene	ENSMUSG00000117281	+	Gm49848	1739
1740	Gm6149	chr17	58579030	58579967	processed_pseudogene	ENSMUSG00000117271	-	Gm6149	1740
1741	Gm5815	chr17	58593614	58594840	processed_pseudogene	ENSMUSG00000046952	+	Gm5815	1741
1742	A330072L02Rik	chr17	58680347	58836041	lncRNA	ENSMUSG00000117100	-	A330072L02Rik	1742
1743	Gm9284	chr17	58803053	58803626	processed_pseudogene	ENSMUSG00000117298	-	Gm9284	1743
1744	Pdzph1	chr17	58878808	58991375	protein_coding	ENSMUSG00000024227	-	Pdzph1	1744
1745	Nudt12os	chr17	58996251	59024981	lncRNA	ENSMUSG00000086594	+	Nudt12os	1745
1746	Nudt12	chr17	58999618	59013372	protein_coding	ENSMUSG00000024228	-	Nudt12	1746
1747	Gm23769	chr17	59225723	59225843	snoRNA	ENSMUSG00000077629	-	Gm23769	1747
1748	Gm49851	chr17	59599141	59599636	processed_pseudogene	ENSMUSG00000117184	+	Gm49851	1748
1749	Gm49852	chr17	59656595	59657060	processed_pseudogene	ENSMUSG00000117178	+	Gm49852	1749
1750	Gm49853	chr17	59855217	59952886	lncRNA	ENSMUSG00000117191	+	Gm49853	1750
1751	Gm29051	chr17	60001418	60130875	lncRNA	ENSMUSG00000101606	-	Gm29051	1751
1752	Gm18521	chr17	60615767	60616592	processed_pseudogene	ENSMUSG00000117134	-	Gm18521	1752
1753	Gm49856	chr17	60739233	60739578	processed_pseudogene	ENSMUSG00000117288	+	Gm49856	1753
1754	Gm33890	chr17	60943877	60958878	lncRNA	ENSMUSG00000117036	-	Gm33890	1754
1755	Gm18070	chr17	61016618	61017365	processed_pseudogene	ENSMUSG00000117320	+	Gm18070	1755
1756	Gm23773	chr17	61259651	61259946	misc_RNA	ENSMUSG00000089610	+	Gm23773	1756
1757	Obox6-ps1	chr17	61360573	61361614	processed_pseudogene	ENSMUSG00000093761	+	Obox6-ps1	1757
1758	Gm6174	chr17	61397310	61398246	processed_pseudogene	ENSMUSG00000117016	+	Gm6174	1758
1759	Gm4518	chr17	61780915	61781632	processed_pseudogene	ENSMUSG00000098123	-	Gm4518	1759
1760	Gm27023	chr17	61781683	61781967	processed_pseudogene	ENSMUSG00000098156	+	Gm27023	1760
1761	Gm49859	chr17	61872375	61872654	processed_pseudogene	ENSMUSG00000117160	+	Gm49859	1761
1762	Gm49860	chr17	62384258	62436057	lncRNA	ENSMUSG00000117066	-	Gm49860	1762
1763	Efna5	chr17	62604184	62881317	protein_coding	ENSMUSG00000048915	-	Efna5	1763
1764	Fbxl17	chr17	63057452	63500017	protein_coding	ENSMUSG00000023965	-	Fbxl17	1764
1765	Gm25348	chr17	63096890	63097000	rRNA	ENSMUSG00000089586	-	Gm25348	1765
1766	Gm24730	chr17	63202738	63202854	snoRNA	ENSMUSG00000088853	+	Gm24730	1766
1767	4930405O22Rik	chr17	63305446	63312973	lncRNA	ENSMUSG00000090565	-	4930405O22Rik	1767
1768	Gm17228	chr17	63346920	63347410	processed_pseudogene	ENSMUSG00000091426	-	Gm17228	1768
1769	Gm24813	chr17	63347671	63347754	miRNA	ENSMUSG00000093051	+	Gm24813	1769
1770	Gm5497	chr17	63570903	63571248	processed_pseudogene	ENSMUSG00000117256	+	Gm5497	1770
1771	Gm49862	chr17	63621905	63622256	processed_pseudogene	ENSMUSG00000117225	-	Gm49862	1771
1772	Gm7253	chr17	63627617	63627954	processed_pseudogene	ENSMUSG00000117060	-	Gm7253	1772
1773	Gm9300	chr17	63701836	63702490	processed_pseudogene	ENSMUSG00000117014	-	Gm9300	1773
1774	Fer	chr17	63863062	64139496	protein_coding	ENSMUSG00000000127	+	Fer	1774
1775	Pja2	chr17	64281005	64331916	protein_coding	ENSMUSG00000024083	-	Pja2	1775
1776	Gm24194	chr17	64321526	64321615	miRNA	ENSMUSG00000080455	-	Gm24194	1776
1777	Mir6420	chr17	64440806	64440907	miRNA	ENSMUSG00000098984	+	Mir6420	1777
1778	AU016765	chr17	64514081	64555660	lncRNA	ENSMUSG00000073377	-	AU016765	1778
1779	Man2a1	chr17	64600736	64755110	protein_coding	ENSMUSG00000024085	+	Man2a1	1779
1780	Gm17133	chr17	64748850	64754096	lncRNA	ENSMUSG00000091160	-	Gm17133	1780
1781	Dreh	chr17	64767111	64767931	lncRNA	ENSMUSG00000117105	+	Dreh	1781
1782	4930583I09Rik	chr17	64832523	64836071	protein_coding	ENSMUSG00000024088	-	4930583I09Rik	1782
1783	Gm4701	chr17	64876201	64876924	processed_pseudogene	ENSMUSG00000117203	+	Gm4701	1783
1784	Gm49865	chr17	65168514	65169203	processed_pseudogene	ENSMUSG00000117336	-	Gm49865	1784
1785	Tmem232	chr17	65255999	65540782	protein_coding	ENSMUSG00000045036	-	Tmem232	1785
1786	Gm18992	chr17	65395738	65396290	processed_pseudogene	ENSMUSG00000117012	-	Gm18992	1786
1787	Gm9288	chr17	65427478	65429044	processed_pseudogene	ENSMUSG00000117299	+	Gm9288	1787
1788	Gm18736	chr17	65438128	65438697	processed_pseudogene	ENSMUSG00000117300	-	Gm18736	1788
1789	Gm25731	chr17	65509368	65509492	miRNA	ENSMUSG00000092908	+	Gm25731	1789
1790	Gm18138	chr17	65513476	65513968	processed_pseudogene	ENSMUSG00000117140	-	Gm18138	1790
1791	Gm49866	chr17	65560385	65560776	processed_pseudogene	ENSMUSG00000117158	-	Gm49866	1791
1792	Vapa	chr17	65578327	65613555	protein_coding	ENSMUSG00000024091	-	Vapa	1792
1793	Txndc2	chr17	65637507	65642168	protein_coding	ENSMUSG00000050612	-	Txndc2	1793
1794	Rab31	chr17	65651729	65772752	protein_coding	ENSMUSG00000056515	-	Rab31	1794
1795	Gm49867	chr17	65661327	65661578	processed_pseudogene	ENSMUSG00000117114	-	Gm49867	1795
1796	Ppp4r1	chr17	65782573	65841926	protein_coding	ENSMUSG00000061950	+	Ppp4r1	1796
1797	Ralbp1	chr17	65848418	65885798	protein_coding	ENSMUSG00000024096	-	Ralbp1	1797
1798	Gm49870	chr17	65885633	65887027	lncRNA	ENSMUSG00000117335	+	Gm49870	1798
1799	Gm49871	chr17	65886420	65889035	lncRNA	ENSMUSG00000117250	+	Gm49871	1799
1800	Gm35550	chr17	65905532	65916482	lncRNA	ENSMUSG00000117229	+	Gm35550	1800
1801	Twsg1	chr17	65921972	65951226	protein_coding	ENSMUSG00000024098	-	Twsg1	1801
1802	Ankrd12	chr17	65965698	66077089	protein_coding	ENSMUSG00000034647	-	Ankrd12	1802
1803	Gm49925	chr17	66005705	66006087	processed_pseudogene	ENSMUSG00000117074	+	Gm49925	1803
1804	Ndufv2	chr17	66078638	66101559	protein_coding	ENSMUSG00000024099	-	Ndufv2	1804
1805	Gm23264	chr17	66086094	66086200	snRNA	ENSMUSG00000094158	+	Gm23264	1805
1806	Gm49927	chr17	66094933	66095170	processed_pseudogene	ENSMUSG00000117321	+	Gm49927	1806
1807	Washc1	chr17	66111545	66120503	protein_coding	ENSMUSG00000024101	+	Washc1	1807
1808	Ddx11	chr17	66123520	66152174	protein_coding	ENSMUSG00000035842	+	Ddx11	1808
1809	Gm49930	chr17	66187658	66187991	processed_pseudogene	ENSMUSG00000117253	-	Gm49930	1809
1810	Gm49931	chr17	66188258	66189698	processed_pseudogene	ENSMUSG00000117312	+	Gm49931	1810
1811	Gm20742	chr17	66193352	66199820	lncRNA	ENSMUSG00000117296	+	Gm20742	1811
1812	Gm17891	chr17	66227249	66228027	processed_pseudogene	ENSMUSG00000117246	-	Gm17891	1812
1813	Gm49932	chr17	66231949	66236369	lncRNA	ENSMUSG00000117220	-	Gm49932	1813
1814	Gm49933	chr17	66319076	66319512	processed_pseudogene	ENSMUSG00000117010	-	Gm49933	1814
1815	Mtcl1	chr17	66336982	66449750	protein_coding	ENSMUSG00000052105	-	Mtcl1	1815
1816	Gm4705	chr17	66413631	66413984	processed_pseudogene	ENSMUSG00000093686	-	Gm4705	1816
1817	Gm49937	chr17	66449854	66452599	lncRNA	ENSMUSG00000117003	+	Gm49937	1817
1818	Rab12	chr17	66494512	66519729	protein_coding	ENSMUSG00000023460	-	Rab12	1818
1819	Gm49938	chr17	66532103	66541512	lncRNA	ENSMUSG00000117235	+	Gm49938	1819
1820	Themis3	chr17	66554505	66594621	protein_coding	ENSMUSG00000024105	-	Themis3	1820
1821	Gm46576	chr17	66624894	66625042	processed_pseudogene	ENSMUSG00000117186	-	Gm46576	1821
1822	Ptprm	chr17	66666947	67354457	protein_coding	ENSMUSG00000033278	-	Ptprm	1822
1823	Gm49941	chr17	66681738	66682194	processed_pseudogene	ENSMUSG00000117065	-	Gm49941	1823
1824	1700016K05Rik	chr17	66714454	66720485	lncRNA	ENSMUSG00000114563	+	1700016K05Rik	1824
1825	Gm47471	chr17	66738754	66746047	lncRNA	ENSMUSG00000114291	+	Gm47471	1825
1826	Gm49939	chr17	66778881	66779133	processed_pseudogene	ENSMUSG00000117174	+	Gm49939	1826
1827	Gm18961	chr17	66823120	66823780	processed_pseudogene	ENSMUSG00000117166	+	Gm18961	1827
1828	Gm49943	chr17	66824490	66824628	processed_pseudogene	ENSMUSG00000117329	-	Gm49943	1828
1829	Gm49940	chr17	66862240	66862626	processed_pseudogene	ENSMUSG00000117224	+	Gm49940	1829
1830	Gm49942	chr17	66926825	66930199	TEC	ENSMUSG00000117332	-	Gm49942	1830
1831	Gm9984	chr17	67010485	67019394	lncRNA	ENSMUSG00000114492	+	Gm9984	1831
1832	Gm36201	chr17	67559748	67629332	lncRNA	ENSMUSG00000117029	-	Gm36201	1832
1833	Lrrc30	chr17	67630964	67632723	protein_coding	ENSMUSG00000073375	-	Lrrc30	1833
1834	Lama1	chr17	67697259	67822647	protein_coding	ENSMUSG00000032796	+	Lama1	1834
1835	Arhgap28	chr17	67842713	68004120	protein_coding	ENSMUSG00000024043	-	Arhgap28	1835
1836	Gm17097	chr17	67850126	67851063	processed_pseudogene	ENSMUSG00000090955	-	Gm17097	1836
1837	Gm49944	chr17	68025818	68173556	lncRNA	ENSMUSG00000117243	-	Gm49944	1837
1838	Gm49945	chr17	68113319	68114386	lncRNA	ENSMUSG00000117208	-	Gm49945	1838
1839	Gm36252	chr17	68174307	68187736	lncRNA	ENSMUSG00000117193	-	Gm36252	1839
1840	L3mbtl4	chr17	68273797	68780086	protein_coding	ENSMUSG00000041565	+	L3mbtl4	1840
1841	Gm15974	chr17	68371280	68371810	processed_pseudogene	ENSMUSG00000090224	-	Gm15974	1841
1842	Gm17921	chr17	68698911	68700327	processed_pseudogene	ENSMUSG00000117274	+	Gm17921	1842
1843	Tmem200c	chr17	68826623	68843139	protein_coding	ENSMUSG00000095407	+	Tmem200c	1843
1844	Gm38593	chr17	68829841	68837226	lncRNA	ENSMUSG00000117004	-	Gm38593	1844
1845	Gm49949	chr17	68844025	68846527	TEC	ENSMUSG00000117093	+	Gm49949	1845
1846	Epb41l3	chr17	69075683	69289989	protein_coding	ENSMUSG00000024044	+	Epb41l3	1846
1847	2410021H03Rik	chr17	69275362	69277208	lncRNA	ENSMUSG00000100572	-	2410021H03Rik	1847
1848	Gm36487	chr17	69315994	69344713	lncRNA	ENSMUSG00000117323	+	Gm36487	1848
1849	Gm49894	chr17	69382204	69384208	lncRNA	ENSMUSG00000117069	-	Gm49894	1849
1850	Zbtb14	chr17	69383050	69391199	protein_coding	ENSMUSG00000049672	+	Zbtb14	1850
1851	A930029G22Rik	chr17	69416660	69439304	lncRNA	ENSMUSG00000096988	-	A930029G22Rik	1851
1852	C030034I22Rik	chr17	69417402	69421632	lncRNA	ENSMUSG00000073374	+	C030034I22Rik	1852
1853	Akain1	chr17	69439326	69489233	protein_coding	ENSMUSG00000091636	+	Akain1	1853
1854	A730049N16Rik	chr17	69473605	69475875	lncRNA	ENSMUSG00000117053	-	A730049N16Rik	1854
1855	Gm9598	chr17	69570406	69571181	processed_pseudogene	ENSMUSG00000117071	+	Gm9598	1855
1856	Gm49895	chr17	69766903	69776012	lncRNA	ENSMUSG00000117124	-	Gm49895	1856
1857	Gm36594	chr17	69893760	69923995	lncRNA	ENSMUSG00000117233	-	Gm36594	1857
1858	Gm4561	chr17	69925327	69925831	processed_pseudogene	ENSMUSG00000117078	-	Gm4561	1858
1859	Dlgap1	chr17	69969073	70821413	protein_coding	ENSMUSG00000003279	+	Dlgap1	1859
1860	5031415H12Rik	chr17	70745329	70755582	lncRNA	ENSMUSG00000097282	-	5031415H12Rik	1860
1861	Gm41609	chr17	70765839	70806059	lncRNA	ENSMUSG00000117231	-	Gm41609	1861
1862	Gm20703	chr17	70834664	70836044	lncRNA	ENSMUSG00000093622	+	Gm20703	1862
1863	Tgif1	chr17	70844205	70853546	protein_coding	ENSMUSG00000047407	-	Tgif1	1863
1864	Gm9320	chr17	70853767	70876312	transcribed_processed_pseudogene	ENSMUSG00000100865	+	Gm9320	1864
1865	Mir1195	chr17	70860503	70860600	miRNA	ENSMUSG00000080468	-	Mir1195	1865
1866	Gm26510	chr17	70874349	70924996	lncRNA	ENSMUSG00000097154	-	Gm26510	1866
1867	Gm49902	chr17	70891029	70892909	TEC	ENSMUSG00000117121	-	Gm49902	1867
1868	Gm49904	chr17	70926202	70926532	processed_pseudogene	ENSMUSG00000117156	-	Gm49904	1868
1869	Gm16519	chr17	70929058	70929546	processed_pseudogene	ENSMUSG00000066983	+	Gm16519	1869
1870	Gm49905	chr17	70957124	70957920	processed_pseudogene	ENSMUSG00000117200	+	Gm49905	1870
1871	Gm41611	chr17	70967886	70971805	lncRNA	ENSMUSG00000117079	+	Gm41611	1871
1872	Myl12b	chr17	70973133	70990890	protein_coding	ENSMUSG00000034868	-	Myl12b	1872
1873	Gm49909	chr17	70974119	71002208	protein_coding	ENSMUSG00000117098	-	Gm49909	1873
1874	Myl12a	chr17	70993656	71002878	protein_coding	ENSMUSG00000024048	-	Myl12a	1874
1875	Myom1	chr17	71002633	71126856	protein_coding	ENSMUSG00000024049	+	Myom1	1875
1876	1600022D10Rik	chr17	71144538	71181987	lncRNA	ENSMUSG00000117315	+	1600022D10Rik	1876
1877	Gm49910	chr17	71153835	71154020	processed_pseudogene	ENSMUSG00000117276	-	Gm49910	1877
1878	Lpin2	chr17	71182560	71249817	protein_coding	ENSMUSG00000024052	+	Lpin2	1878
1879	Emilin2	chr17	71252172	71311978	protein_coding	ENSMUSG00000024053	-	Emilin2	1879
1880	4930471L23Rik	chr17	71315429	71339779	lncRNA	ENSMUSG00000117137	+	4930471L23Rik	1880
1881	Gm4566	chr17	71333201	71341804	lncRNA	ENSMUSG00000117199	-	Gm4566	1881
1882	Smchd1	chr17	71344489	71475343	protein_coding	ENSMUSG00000024054	-	Smchd1	1882
1883	Gm37639	chr17	71366052	71368836	TEC	ENSMUSG00000102863	-	Gm37639	1883
1884	Gm38220	chr17	71391838	71393284	TEC	ENSMUSG00000103558	-	Gm38220	1884
1885	Gm49916	chr17	71421547	71421697	processed_pseudogene	ENSMUSG00000117103	+	Gm49916	1885
1886	Gm4707	chr17	71458327	71459918	protein_coding	ENSMUSG00000091831	-	Gm4707	1886
1887	Gm18738	chr17	71483392	71483914	processed_pseudogene	ENSMUSG00000117107	+	Gm18738	1887
1888	Ndc80	chr17	71496100	71526857	protein_coding	ENSMUSG00000024056	-	Ndc80	1888
1889	Mettl4-ps1	chr17	71526896	71556543	transcribed_unprocessed_pseudogene	ENSMUSG00000079356	+	Mettl4-ps1	1889
1890	Spdya	chr17	71552061	71589533	protein_coding	ENSMUSG00000052525	+	Spdya	1890
1891	Trmt61b	chr17	71557027	71598755	lncRNA	ENSMUSG00000085492	-	Trmt61b	1891
1892	Gm30091	chr17	71612829	71615983	lncRNA	ENSMUSG00000117637	-	Gm30091	1892
1893	Wdr43	chr17	71615895	71659031	protein_coding	ENSMUSG00000041057	+	Wdr43	1893
1894	Snord92	chr17	71631281	71631365	snoRNA	ENSMUSG00000093289	+	Snord92	1894
1895	Snord53	chr17	71640879	71640956	snoRNA	ENSMUSG00000092887	+	Snord53	1895
1896	Gm22858	chr17	71641584	71641659	snoRNA	ENSMUSG00000092713	+	Gm22858	1896
1897	Togaram2	chr17	71673261	71729669	protein_coding	ENSMUSG00000045761	+	Togaram2	1897
1898	Gm15641	chr17	71716849	71717817	lncRNA	ENSMUSG00000089779	-	Gm15641	1898
1899	Pcare	chr17	71743555	71752894	protein_coding	ENSMUSG00000044375	-	Pcare	1899
1900	Gm49922	chr17	71755149	71756762	TEC	ENSMUSG00000117075	-	Gm49922	1900
1901	Clip4	chr17	71768473	71864273	protein_coding	ENSMUSG00000024059	+	Clip4	1901
1902	Alk	chr17	71868972	72604627	protein_coding	ENSMUSG00000055471	-	Alk	1902
1903	Gm49924	chr17	71925232	71927030	TEC	ENSMUSG00000117126	-	Gm49924	1903
1904	Gm19183	chr17	72256258	72257146	processed_pseudogene	ENSMUSG00000117046	+	Gm19183	1904
1905	Gm24736	chr17	72499289	72499418	snRNA	ENSMUSG00000089487	-	Gm24736	1905
1906	Gm49923	chr17	72520282	72522643	TEC	ENSMUSG00000117247	-	Gm49923	1906
1907	Gm26963	chr17	72699505	72700445	processed_pseudogene	ENSMUSG00000098193	-	Gm26963	1907
1908	Ypel5	chr17	72836453	72851195	protein_coding	ENSMUSG00000039770	+	Ypel5	1908
1909	Lbh	chr17	72918305	72941947	protein_coding	ENSMUSG00000024063	+	Lbh	1909
1910	Gm23649	chr17	72987798	72987904	snRNA	ENSMUSG00000095729	+	Gm23649	1910
1911	Gm30420	chr17	73020952	73029078	lncRNA	ENSMUSG00000117096	-	Gm30420	1911
1912	Lclat1	chr17	73107985	73243368	protein_coding	ENSMUSG00000054469	+	Lclat1	1912
1913	Gm9311	chr17	73190258	73191685	processed_pseudogene	ENSMUSG00000081492	-	Gm9311	1913
1914	Gm25406	chr17	73193912	73194016	snoRNA	ENSMUSG00000088224	+	Gm25406	1914
1915	E330032C10Rik	chr17	73250986	73260656	lncRNA	ENSMUSG00000117292	+	E330032C10Rik	1915
1916	Capn13	chr17	73306464	73400866	protein_coding	ENSMUSG00000043705	-	Capn13	1916
1917	Gm49875	chr17	73447654	73448075	processed_pseudogene	ENSMUSG00000117088	+	Gm49875	1917
1918	Galnt14	chr17	73493228	73710453	protein_coding	ENSMUSG00000024064	-	Galnt14	1918
1919	Gm49876	chr17	73494251	73521142	lncRNA	ENSMUSG00000117023	+	Gm49876	1919
1920	AC107792.1	chr17	73514717	73517755	TEC	ENSMUSG00000117102	-	AC107792.1	1920
1921	Gm49878	chr17	73609052	73635575	lncRNA	ENSMUSG00000117118	+	Gm49878	1921
1922	Gm49877	chr17	73615615	73616327	processed_pseudogene	ENSMUSG00000117228	-	Gm49877	1922
1923	D630014O11Rik	chr17	73635591	73640220	lncRNA	ENSMUSG00000090168	-	D630014O11Rik	1923
1924	Ehd3	chr17	73804134	73832094	protein_coding	ENSMUSG00000024065	+	Ehd3	1924
1925	Gm4948	chr17	73870431	73871350	processed_pseudogene	ENSMUSG00000117257	-	Gm4948	1925
1926	Xdh	chr17	73883895	73950196	protein_coding	ENSMUSG00000024066	-	Xdh	1926
1927	Gm18068	chr17	73933252	73933913	processed_pseudogene	ENSMUSG00000117182	-	Gm18068	1927
1928	Gm24475	chr17	74000860	74001002	snoRNA	ENSMUSG00000088060	+	Gm24475	1928
1929	Srd5a2	chr17	74016955	74047916	protein_coding	ENSMUSG00000038541	-	Srd5a2	1929
1930	Gm49880	chr17	74026998	74079046	lncRNA	ENSMUSG00000117038	-	Gm49880	1930
1931	Gm31084	chr17	74055731	74080293	lncRNA	ENSMUSG00000117226	-	Gm31084	1931
1932	Gm49881	chr17	74099120	74099291	processed_pseudogene	ENSMUSG00000117195	-	Gm49881	1932
1933	Gm49882	chr17	74164310	74164574	processed_pseudogene	ENSMUSG00000117031	-	Gm49882	1933
1934	Gm49883	chr17	74186768	74190499	TEC	ENSMUSG00000117113	-	Gm49883	1934
1935	Memo1	chr17	74199036	74295521	protein_coding	ENSMUSG00000058704	-	Memo1	1935
1936	Gm9316	chr17	74211958	74214082	processed_pseudogene	ENSMUSG00000117262	+	Gm9316	1936
1937	Dpy30	chr17	74299474	74323944	protein_coding	ENSMUSG00000024067	-	Dpy30	1937
1938	Gm31328	chr17	74327589	74327744	processed_pseudogene	ENSMUSG00000117086	-	Gm31328	1938
1939	Gm9349	chr17	74329533	74329888	processed_pseudogene	ENSMUSG00000117202	-	Gm9349	1939
1940	Gm9351	chr17	74332008	74332529	processed_pseudogene	ENSMUSG00000117150	-	Gm9351	1940
1941	Spast	chr17	74338987	74391115	protein_coding	ENSMUSG00000024068	+	Spast	1941
1942	Slc30a6	chr17	74395608	74424221	protein_coding	ENSMUSG00000024069	+	Slc30a6	1942
1943	Nlrc4	chr17	74425438	74459142	protein_coding	ENSMUSG00000039193	-	Nlrc4	1943
1944	Gm4708	chr17	74438285	74438639	processed_pseudogene	ENSMUSG00000117187	-	Gm4708	1944
1945	Yipf4	chr17	74489493	74500277	protein_coding	ENSMUSG00000024072	+	Yipf4	1945
1946	Gm31645	chr17	74519665	74528094	lncRNA	ENSMUSG00000117358	-	Gm31645	1946
1947	Birc6	chr17	74528295	74703356	protein_coding	ENSMUSG00000024073	+	Birc6	1947
1948	Gm26749	chr17	74575381	74617119	lncRNA	ENSMUSG00000097546	-	Gm26749	1948
1949	Ttc27	chr17	74717732	74863570	protein_coding	ENSMUSG00000024078	+	Ttc27	1949
1950	Gm50020	chr17	74774811	74819911	lncRNA	ENSMUSG00000117444	-	Gm50020	1950
1951	Gm50021	chr17	74852998	74860934	lncRNA	ENSMUSG00000117441	-	Gm50021	1951
1952	Gm31759	chr17	74942192	74950301	lncRNA	ENSMUSG00000117560	-	Gm31759	1952
1953	Gm31818	chr17	74950391	74957814	lncRNA	ENSMUSG00000117342	+	Gm31818	1953
1954	Ltbp1	chr17	75005568	75392512	protein_coding	ENSMUSG00000001870	+	Ltbp1	1954
1955	Gm6276	chr17	75165207	75165785	processed_pseudogene	ENSMUSG00000084025	+	Gm6276	1955
1956	Rasgrp3	chr17	75435896	75529054	protein_coding	ENSMUSG00000071042	+	Rasgrp3	1956
1957	Fam98a	chr17	75537086	75551946	protein_coding	ENSMUSG00000002017	-	Fam98a	1957
1958	Gm9360	chr17	75661240	75662226	processed_pseudogene	ENSMUSG00000117540	+	Gm9360	1958
1959	Gm50099	chr17	75833837	75834256	processed_pseudogene	ENSMUSG00000117587	+	Gm50099	1959
1960	Gm4710	chr17	75861023	75889039	lncRNA	ENSMUSG00000117539	+	Gm4710	1960
1961	Gm16391	chr17	76284415	76284861	processed_pseudogene	ENSMUSG00000066958	-	Gm16391	1961
1962	Gm50028	chr17	76327541	76339195	lncRNA	ENSMUSG00000117598	-	Gm50028	1962
1963	Gm6496	chr17	76936640	76937041	processed_pseudogene	ENSMUSG00000117388	+	Gm6496	1963
1964	Rpsa-ps8	chr17	77362353	77363210	processed_pseudogene	ENSMUSG00000117578	-	Rpsa-ps8	1964
1965	Gm17538	chr17	77674376	77674700	processed_pseudogene	ENSMUSG00000091058	-	Gm17538	1965
1966	Gm4711	chr17	77686625	77687349	processed_pseudogene	ENSMUSG00000117553	-	Gm4711	1966
1967	Gm50029	chr17	78109008	78109577	processed_pseudogene	ENSMUSG00000117352	+	Gm50029	1967
1968	Gm50030	chr17	78157990	78158249	processed_pseudogene	ENSMUSG00000117493	+	Gm50030	1968
1969	Gm5229	chr17	78177590	78177947	processed_pseudogene	ENSMUSG00000037064	-	Gm5229	1969
1970	Gm32282	chr17	78199256	78200025	lncRNA	ENSMUSG00000117648	-	Gm32282	1970
1971	Crim1	chr17	78200248	78376592	protein_coding	ENSMUSG00000024074	+	Crim1	1971
1972	Gm25069	chr17	78302661	78302746	miRNA	ENSMUSG00000092979	+	Gm25069	1972
1973	Fez2	chr17	78369212	78418152	protein_coding	ENSMUSG00000056121	-	Fez2	1973
1974	Gm50034	chr17	78408816	78410357	lncRNA	ENSMUSG00000117525	+	Gm50034	1974
1975	Gm10093	chr17	78491582	78493025	processed_pseudogene	ENSMUSG00000061062	+	Gm10093	1975
1976	Vit	chr17	78508064	78627408	protein_coding	ENSMUSG00000024076	+	Vit	1976
1977	Gm22562	chr17	78533903	78534013	rRNA	ENSMUSG00000087959	-	Gm22562	1977
1978	Strn	chr17	78649913	78737196	protein_coding	ENSMUSG00000024077	-	Strn	1978
1979	Gm49863	chr17	78750995	78751496	processed_pseudogene	ENSMUSG00000117285	+	Gm49863	1979
1980	Gm18649	chr17	78752255	78752715	processed_pseudogene	ENSMUSG00000117192	+	Gm18649	1980
1981	Heatr5b	chr17	78752898	78835364	protein_coding	ENSMUSG00000039414	-	Heatr5b	1981
1982	Gpatch11	chr17	78835567	78848308	protein_coding	ENSMUSG00000050668	+	Gpatch11	1982
1983	Gm6548	chr17	78850792	78851956	processed_pseudogene	ENSMUSG00000091549	-	Gm6548	1983
1984	Eif2ak2	chr17	78852564	78882573	protein_coding	ENSMUSG00000024079	-	Eif2ak2	1984
1985	n-R5s29	chr17	78858934	78859052	rRNA	ENSMUSG00000064770	+	n-R5s29	1985
1986	Sult6b1	chr17	78883938	78906992	protein_coding	ENSMUSG00000038045	-	Sult6b1	1986
1987	Cebpzos	chr17	78916500	78920306	protein_coding	ENSMUSG00000062691	+	Cebpzos	1987
1988	Cebpz	chr17	78919006	78937066	protein_coding	ENSMUSG00000024081	-	Cebpz	1988
1989	Ndufaf7	chr17	78937136	78948052	protein_coding	ENSMUSG00000024082	+	Ndufaf7	1989
1990	Prkd3	chr17	78949405	79020816	protein_coding	ENSMUSG00000024070	-	Prkd3	1990
1991	Gm26957	chr17	79041946	79042922	processed_pseudogene	ENSMUSG00000098114	+	Gm26957	1991
1992	Qpct	chr17	79051906	79090378	protein_coding	ENSMUSG00000024084	+	Qpct	1992
1993	Gm5230	chr17	79257410	79258049	processed_pseudogene	ENSMUSG00000117047	-	Gm5230	1993
1994	Cdc42ep3	chr17	79333727	79355091	protein_coding	ENSMUSG00000036533	-	Cdc42ep3	1994
1995	Rmdn2	chr17	79611863	79693192	protein_coding	ENSMUSG00000036368	+	Rmdn2	1995
1996	Cyp1b1	chr17	79701537	79715061	protein_coding	ENSMUSG00000024087	-	Cyp1b1	1996
1997	Gm33055	chr17	79733874	79745077	lncRNA	ENSMUSG00000117426	+	Gm33055	1997
1998	Gm49984	chr17	79771962	79775058	lncRNA	ENSMUSG00000117616	+	Gm49984	1998
1999	Gm37555	chr17	79810308	79825414	TEC	ENSMUSG00000103091	-	Gm37555	1999
2000	1700106O07Rik	chr17	79811713	79813692	lncRNA	ENSMUSG00000117394	+	1700106O07Rik	2000
2001	Gm49985	chr17	79825859	79826893	lncRNA	ENSMUSG00000117561	+	Gm49985	2001
2002	Atl2	chr17	79848390	79896123	protein_coding	ENSMUSG00000059811	-	Atl2	2002
2003	Gm6552	chr17	79933512	79934572	processed_pseudogene	ENSMUSG00000117458	-	Gm6552	2003
2004	Gm41625	chr17	79977353	79981662	lncRNA	ENSMUSG00000117415	-	Gm41625	2004
2005	Hnrnpll	chr17	80029487	80062334	protein_coding	ENSMUSG00000024095	-	Hnrnpll	2005
2006	Gm22215	chr17	80033514	80033609	snRNA	ENSMUSG00000088183	+	Gm22215	2006
2007	Gpx4-ps1	chr17	80054026	80054556	processed_pseudogene	ENSMUSG00000117518	+	Gpx4-ps1	2007
2008	Gm23125	chr17	80104937	80105042	snRNA	ENSMUSG00000088276	+	Gm23125	2008
2009	Galm	chr17	80127471	80185101	protein_coding	ENSMUSG00000035473	+	Galm	2009
2010	Gm25706	chr17	80196158	80196404	misc_RNA	ENSMUSG00000088453	-	Gm25706	2010
2011	Srsf7	chr17	80200080	80207307	protein_coding	ENSMUSG00000024097	-	Srsf7	2011
2012	Ttc39d	chr17	80207460	80217936	protein_coding	ENSMUSG00000046196	+	Ttc39d	2012
2013	Gemin6	chr17	80224441	80228497	protein_coding	ENSMUSG00000055760	+	Gemin6	2013
2014	Dhx57	chr17	80238309	80290476	protein_coding	ENSMUSG00000035051	-	Dhx57	2014
2015	Gm50087	chr17	80247102	80250685	lncRNA	ENSMUSG00000117440	+	Gm50087	2015
2016	Morn2	chr17	80290203	80297476	protein_coding	ENSMUSG00000045257	+	Morn2	2016
2017	Arhgef33	chr17	80307407	80400081	protein_coding	ENSMUSG00000054901	+	Arhgef33	2017
2018	Gm10190	chr17	80373218	80373541	protein_coding	ENSMUSG00000066938	-	Gm10190	2018
2019	Sos1	chr17	80393751	80480453	protein_coding	ENSMUSG00000024241	-	Sos1	2019
2020	Cdkl4	chr17	80523550	80577813	protein_coding	ENSMUSG00000033966	-	Cdkl4	2020
2021	Gm33373	chr17	80553464	80563942	lncRNA	ENSMUSG00000117375	+	Gm33373	2021
2022	Map4k3	chr17	80580512	80728485	protein_coding	ENSMUSG00000024242	-	Map4k3	2022
2023	C230072F16Rik	chr17	80896793	80933045	lncRNA	ENSMUSG00000112121	+	C230072F16Rik	2023
2024	Gm9386	chr17	80938346	80938714	processed_pseudogene	ENSMUSG00000071040	-	Gm9386	2024
2025	Tmem178	chr17	80944632	81001816	protein_coding	ENSMUSG00000024245	+	Tmem178	2025
2026	Thumpd2	chr17	81026332	81065082	protein_coding	ENSMUSG00000024246	-	Thumpd2	2026
2027	Gm50043	chr17	81297300	81297744	processed_pseudogene	ENSMUSG00000117558	-	Gm50043	2027
2028	Gm50044	chr17	81370833	81376294	lncRNA	ENSMUSG00000117413	+	Gm50044	2028
2029	Slc8a1	chr17	81373105	81738377	protein_coding	ENSMUSG00000054640	-	Slc8a1	2029
2030	Gm11096	chr17	81441763	81441923	protein_coding	ENSMUSG00000079333	+	Gm11096	2030
2031	Rpl31-ps25	chr17	81791555	81791933	processed_pseudogene	ENSMUSG00000097897	-	Rpl31-ps25	2031
2032	Gm50045	chr17	82191968	82192609	processed_pseudogene	ENSMUSG00000117507	-	Gm50045	2032
2033	Gm23400	chr17	82235877	82235978	miRNA	ENSMUSG00000094390	+	Gm23400	2033
2034	Gm9390	chr17	82355393	82356084	processed_pseudogene	ENSMUSG00000117643	+	Gm9390	2034
2035	Rpsa-ps7	chr17	82409935	82410819	processed_pseudogene	ENSMUSG00000117438	-	Rpsa-ps7	2035
2036	Gm6594	chr17	82539260	82539545	processed_pseudogene	ENSMUSG00000073371	+	Gm6594	2036
2037	Gm4601	chr17	82955996	82956965	processed_pseudogene	ENSMUSG00000117472	+	Gm4601	2037
2038	Gm19689	chr17	83033594	83078426	lncRNA	ENSMUSG00000117399	-	Gm19689	2038
2039	Gm29052	chr17	83068905	83070632	lncRNA	ENSMUSG00000100154	+	Gm29052	2039
2040	Gm46606	chr17	83098018	83120741	lncRNA	ENSMUSG00000117509	-	Gm46606	2040
2041	Pkdcc	chr17	83215292	83225070	protein_coding	ENSMUSG00000024247	+	Pkdcc	2041
2042	Gm24240	chr17	83269971	83270105	snoRNA	ENSMUSG00000088410	+	Gm24240	2042
2043	Rpl21-ps7	chr17	83288546	83289060	processed_pseudogene	ENSMUSG00000094256	+	Rpl21-ps7	2043
2044	Eml4	chr17	83350931	83480361	protein_coding	ENSMUSG00000032624	+	Eml4	2044
2045	Cox7a2l	chr17	83501918	83517330	protein_coding	ENSMUSG00000024248	-	Cox7a2l	2045
2046	Kcng3	chr17	83585957	83631895	protein_coding	ENSMUSG00000045053	-	Kcng3	2046
2047	Mta3	chr17	83706163	83821516	protein_coding	ENSMUSG00000055817	+	Mta3	2047
2048	Haao	chr17	83831156	83847963	protein_coding	ENSMUSG00000000673	-	Haao	2048
2049	C430042M11Rik	chr17	83851675	83854418	lncRNA	ENSMUSG00000097254	-	C430042M11Rik	2049
2050	1810073O08Rik	chr17	83917937	83921606	lncRNA	ENSMUSG00000117442	+	1810073O08Rik	2050
2051	Gm41639	chr17	83950991	83952463	lncRNA	ENSMUSG00000117421	-	Gm41639	2051
2052	Gm35229	chr17	83956248	83957523	lncRNA	ENSMUSG00000117611	+	Gm35229	2052
2053	Gm41638	chr17	83959868	83960930	lncRNA	ENSMUSG00000117564	-	Gm41638	2053
2054	8430430B14Rik	chr17	83998554	84013408	lncRNA	ENSMUSG00000117431	+	8430430B14Rik	2054
2055	Gm37549	chr17	84012992	84017056	TEC	ENSMUSG00000103015	-	Gm37549	2055
2056	Gm35551	chr17	84020663	84026019	lncRNA	ENSMUSG00000117446	-	Gm35551	2056
2057	Gm49967	chr17	84036890	84038262	lncRNA	ENSMUSG00000117432	+	Gm49967	2057
2058	4933433H22Rik	chr17	84078660	84089875	lncRNA	ENSMUSG00000117571	+	4933433H22Rik	2058
2059	Gm19696	chr17	84134033	84156440	lncRNA	ENSMUSG00000117485	-	Gm19696	2059
2060	Zfp36l2	chr17	84183931	84187947	protein_coding	ENSMUSG00000045817	-	Zfp36l2	2060
2061	Gm36279	chr17	84185756	84216056	lncRNA	ENSMUSG00000117393	+	Gm36279	2061
2062	Thada	chr17	84190076	84466205	protein_coding	ENSMUSG00000024251	-	Thada	2062
2063	Gm24492	chr17	84287641	84287747	snRNA	ENSMUSG00000065732	-	Gm24492	2063
2064	Gm24722	chr17	84391429	84391535	snRNA	ENSMUSG00000096415	+	Gm24722	2064
2065	Plekhh2	chr17	84511895	84622138	protein_coding	ENSMUSG00000040852	+	Plekhh2	2065
2066	4930500A05Rik	chr17	84545947	84566824	lncRNA	ENSMUSG00000117391	-	4930500A05Rik	2066
2067	Gm49969	chr17	84575877	84626395	lncRNA	ENSMUSG00000117647	-	Gm49969	2067
2068	Gm26066	chr17	84624402	84624510	snRNA	ENSMUSG00000065319	+	Gm26066	2068
2069	Dync2li1	chr17	84626496	84655588	protein_coding	ENSMUSG00000024253	+	Dync2li1	2069
2070	Abcg5	chr17	84658234	84683011	protein_coding	ENSMUSG00000040505	-	Abcg5	2070
2071	Abcg8	chr17	84676302	84700333	protein_coding	ENSMUSG00000024254	+	Abcg8	2071
2072	Lrpprc	chr17	84705247	84790789	protein_coding	ENSMUSG00000024120	-	Lrpprc	2072
2073	Gm49979	chr17	84784792	84788622	TEC	ENSMUSG00000117412	+	Gm49979	2073
2074	Gm49981	chr17	84823256	84840296	lncRNA	ENSMUSG00000117595	-	Gm49981	2074
2075	Gm9400	chr17	84852538	84853451	unprocessed_pseudogene	ENSMUSG00000117631	+	Gm9400	2075
2076	Gm49982	chr17	84902160	84902569	processed_pseudogene	ENSMUSG00000117451	-	Gm49982	2076
2077	1110020A21Rik	chr17	84917182	84957710	lncRNA	ENSMUSG00000097047	-	1110020A21Rik	2077
2078	Ppm1b	chr17	84956741	85023991	protein_coding	ENSMUSG00000061130	+	Ppm1b	2078
2079	Slc3a1	chr17	85028376	85064236	protein_coding	ENSMUSG00000024131	+	Slc3a1	2079
2080	Prepl	chr17	85063470	85090241	protein_coding	ENSMUSG00000024127	-	Prepl	2080
2081	Camkmt	chr17	85090552	85458588	protein_coding	ENSMUSG00000071037	+	Camkmt	2081
2082	Rpl31-ps16	chr17	85498633	85499008	processed_pseudogene	ENSMUSG00000097803	+	Rpl31-ps16	2082
2083	Gm5231	chr17	85541625	85542703	processed_pseudogene	ENSMUSG00000117344	-	Gm5231	2083
2084	Gm27178	chr17	85599533	85599872	processed_pseudogene	ENSMUSG00000098438	+	Gm27178	2084
2085	Six3os1	chr17	85600651	85618398	lncRNA	ENSMUSG00000093460	-	Six3os1	2085
2086	Gm27435	chr17	85611676	85611763	misc_RNA	ENSMUSG00000098775	+	Gm27435	2086
2087	Gm27801	chr17	85613382	85613604	misc_RNA	ENSMUSG00000099159	+	Gm27801	2087
2088	Six3	chr17	85613608	85629302	protein_coding	ENSMUSG00000038805	+	Six3	2088
2089	Gm27610	chr17	85614662	85614735	misc_RNA	ENSMUSG00000099317	+	Gm27610	2089
2090	Gm27283	chr17	85614960	85615282	misc_RNA	ENSMUSG00000098828	+	Gm27283	2090
2091	Gm27275	chr17	85616702	85616973	misc_RNA	ENSMUSG00000098323	+	Gm27275	2091
2092	Gm27502	chr17	85618067	85618265	misc_RNA	ENSMUSG00000099332	+	Gm27502	2092
2093	Gm27427	chr17	85619225	85619417	misc_RNA	ENSMUSG00000098920	+	Gm27427	2093
2094	Gm28528	chr17	85619326	85621001	lncRNA	ENSMUSG00000099635	-	Gm28528	2094
2095	Six2	chr17	85684277	85688274	protein_coding	ENSMUSG00000024134	-	Six2	2095
2096	CJ186046Rik	chr17	85693629	85713028	lncRNA	ENSMUSG00000117422	+	CJ186046Rik	2096
2097	Gm29418	chr17	85796218	85824044	lncRNA	ENSMUSG00000100345	-	Gm29418	2097
2098	Gm30117	chr17	85862235	85928579	lncRNA	ENSMUSG00000117501	-	Gm30117	2098
2099	Srbd1	chr17	85984665	86145175	protein_coding	ENSMUSG00000024135	-	Srbd1	2099
2100	Prkce	chr17	86167785	86657919	protein_coding	ENSMUSG00000045038	+	Prkce	2100
2101	AC154542.1	chr17	86175575	86178029	TEC	ENSMUSG00000117546	+	AC154542.1	2101
2102	2010106C02Rik	chr17	86285164	86287178	lncRNA	ENSMUSG00000100738	-	2010106C02Rik	2102
2103	Gm10309	chr17	86497732	86505232	protein_coding	ENSMUSG00000071036	-	Gm10309	2103
2104	Gm18832	chr17	86684748	86685496	processed_pseudogene	ENSMUSG00000117568	-	Gm18832	2104
2105	Epas1	chr17	86753700	86833410	protein_coding	ENSMUSG00000024140	+	Epas1	2105
2106	Gm50008	chr17	86773270	86774648	TEC	ENSMUSG00000117538	+	Gm50008	2106
2107	Gm29168	chr17	86840030	86840716	lncRNA	ENSMUSG00000099798	+	Gm29168	2107
2108	Tmem247	chr17	86917348	86922374	protein_coding	ENSMUSG00000037689	+	Tmem247	2108
2109	Gm50011	chr17	86928973	86944709	lncRNA	ENSMUSG00000117457	+	Gm50011	2109
2110	Atp6v1e2	chr17	86944109	86947897	protein_coding	ENSMUSG00000053375	-	Atp6v1e2	2110
2111	Rhoq	chr17	86963082	87000069	protein_coding	ENSMUSG00000024143	+	Rhoq	2111
2112	Gm50012	chr17	86970372	86975288	lncRNA	ENSMUSG00000117628	+	Gm50012	2112
2113	Pigf	chr17	86997256	87025406	protein_coding	ENSMUSG00000024145	-	Pigf	2113
2114	Cript	chr17	87025550	87035810	protein_coding	ENSMUSG00000024146	+	Cript	2114
2115	Gm24648	chr17	87053694	87053825	snoRNA	ENSMUSG00000087736	-	Gm24648	2115
2116	Gm5499	chr17	87078271	87079155	processed_pseudogene	ENSMUSG00000071035	+	Gm5499	2116
2117	Socs5	chr17	87107679	87137839	protein_coding	ENSMUSG00000037104	+	Socs5	2117
2118	Gm22346	chr17	87184105	87184225	miRNA	ENSMUSG00000095035	-	Gm22346	2118
2119	C330024C12Rik	chr17	87192216	87194942	lncRNA	ENSMUSG00000117384	-	C330024C12Rik	2119
2120	Mcfd2	chr17	87254443	87265935	protein_coding	ENSMUSG00000024150	-	Mcfd2	2120
2121	4833418N02Rik	chr17	87274886	87282814	lncRNA	ENSMUSG00000085287	-	4833418N02Rik	2121
2122	Ttc7	chr17	87282886	87381769	protein_coding	ENSMUSG00000036918	+	Ttc7	2122
2123	Gm15978	chr17	87329764	87332052	lncRNA	ENSMUSG00000089701	-	Gm15978	2123
2124	0610012D04Rik	chr17	87362239	87364462	lncRNA	ENSMUSG00000089755	-	0610012D04Rik	2124
2125	Stpg4	chr17	87389571	87427741	protein_coding	ENSMUSG00000036557	-	Stpg4	2125
2126	Calm2	chr17	87433412	87446935	protein_coding	ENSMUSG00000036438	-	Calm2	2126
2127	Gm26005	chr17	87453223	87453356	snoRNA	ENSMUSG00000089427	-	Gm26005	2127
2128	Gm30794	chr17	87454969	87460364	lncRNA	ENSMUSG00000117545	-	Gm30794	2128
2129	Gm30938	chr17	87464640	87473742	lncRNA	ENSMUSG00000117486	-	Gm30938	2129
2130	Gm28676	chr17	87490748	87502616	lncRNA	ENSMUSG00000100847	+	Gm28676	2130
2131	Gm30984	chr17	87529503	87530744	lncRNA	ENSMUSG00000117361	-	Gm30984	2131
2132	Gm46587	chr17	87559177	87571654	lncRNA	ENSMUSG00000117414	-	Gm46587	2132
2133	Epcam	chr17	87635979	87651129	protein_coding	ENSMUSG00000045394	+	Epcam	2133
2134	Msh2	chr17	87672330	87723713	protein_coding	ENSMUSG00000024151	+	Msh2	2134
2135	Kcnk12	chr17	87745801	87797994	protein_coding	ENSMUSG00000050138	-	Kcnk12	2135
2136	Gm50039	chr17	87825073	87838997	lncRNA	ENSMUSG00000117466	+	Gm50039	2136
2137	Rpl36-ps4	chr17	87920977	87921393	protein_coding	ENSMUSG00000093922	+	Rpl36-ps4	2137
2138	Gm50040	chr17	87949927	87950385	processed_pseudogene	ENSMUSG00000117455	+	Gm50040	2138
2139	Msh6	chr17	87975062	87990892	protein_coding	ENSMUSG00000005370	+	Msh6	2139
2140	Fbxo11	chr17	87990859	88065291	protein_coding	ENSMUSG00000005371	-	Fbxo11	2140
2141	Gm4832	chr17	88125512	88131113	transcribed_processed_pseudogene	ENSMUSG00000058869	+	Gm4832	2141
2142	Gm26612	chr17	88146084	88159761	lncRNA	ENSMUSG00000097676	-	Gm26612	2142
2143	Gm31499	chr17	88168487	88170604	lncRNA	ENSMUSG00000117369	+	Gm31499	2143
2144	Gm31615	chr17	88253483	88388699	lncRNA	ENSMUSG00000117351	-	Gm31615	2144
2145	1700116H05Rik	chr17	88294505	88306887	lncRNA	ENSMUSG00000117497	-	1700116H05Rik	2145
2146	Gm22542	chr17	88342388	88342482	snRNA	ENSMUSG00000088791	-	Gm22542	2146
2147	Gm23947	chr17	88392826	88392932	snRNA	ENSMUSG00000095624	-	Gm23947	2147
2148	Foxn2	chr17	88440711	88490533	protein_coding	ENSMUSG00000034998	+	Foxn2	2148
2149	Ppp1r21	chr17	88530118	88588367	protein_coding	ENSMUSG00000034709	+	Ppp1r21	2149
2150	Gm38109	chr17	88533027	88533207	TEC	ENSMUSG00000103075	+	Gm38109	2150
2151	Ston1	chr17	88597684	88662586	protein_coding	ENSMUSG00000033855	+	Ston1	2151
2152	Gm9406	chr17	88607870	88608544	processed_pseudogene	ENSMUSG00000117398	-	Gm9406	2152
2153	Gm50056	chr17	88662406	88664765	lncRNA	ENSMUSG00000117567	-	Gm50056	2153
2154	Gtf2a1l	chr17	88668660	88715152	protein_coding	ENSMUSG00000024154	+	Gtf2a1l	2154
2155	Lhcgr	chr17	88716481	88791990	protein_coding	ENSMUSG00000024107	-	Lhcgr	2155
2156	Gm9407	chr17	88856233	88856622	processed_pseudogene	ENSMUSG00000117566	-	Gm9407	2156
2157	Fshr	chr17	88984952	89200675	protein_coding	ENSMUSG00000032937	-	Fshr	2157
2158	4933400B14Rik	chr17	89320227	89327333	lncRNA	ENSMUSG00000117364	+	4933400B14Rik	2158
2159	Gm4719	chr17	89379241	89384993	lncRNA	ENSMUSG00000117524	+	Gm4719	2159
2160	Gm50061	chr17	89701897	89752526	lncRNA	ENSMUSG00000117511	-	Gm50061	2160
2161	Gm10184	chr17	89908462	89910449	protein_coding	ENSMUSG00000066878	-	Gm10184	2161
2162	Gm41653	chr17	89955588	89976785	lncRNA	ENSMUSG00000117635	-	Gm41653	2162
2163	Nrxn1	chr17	90033631	91093071	protein_coding	ENSMUSG00000024109	-	Nrxn1	2163
2164	Gm24510	chr17	90262552	90262645	miRNA	ENSMUSG00000092706	+	Gm24510	2164
2165	Gm10493	chr17	90454889	90455498	processed_pseudogene	ENSMUSG00000073367	+	Gm10493	2165
2166	Gm19815	chr17	90567423	90567757	processed_pseudogene	ENSMUSG00000093716	-	Gm19815	2166
2167	Gm20491	chr17	90792766	90794006	processed_pseudogene	ENSMUSG00000092549	-	Gm20491	2167
2168	4930480K15Rik	chr17	90861169	90867102	lncRNA	ENSMUSG00000090160	+	4930480K15Rik	2168
2169	Gm10308	chr17	91088493	91089391	lncRNA	ENSMUSG00000071033	+	Gm10308	2169
2170	Gm27475	chr17	91106210	91106270	miRNA	ENSMUSG00000098740	+	Gm27475	2170
2171	Gm9410	chr17	91106255	91107296	processed_pseudogene	ENSMUSG00000117572	+	Gm9410	2171
2172	Gm9411	chr17	91125107	91126194	processed_pseudogene	ENSMUSG00000117649	+	Gm9411	2172
2173	Gm6741	chr17	91236811	91237557	processed_pseudogene	ENSMUSG00000043346	+	Gm6741	2173
2174	Gm49989	chr17	91536275	91536590	processed_pseudogene	ENSMUSG00000117396	-	Gm49989	2174
2175	Gm15404	chr17	91557127	91591927	lncRNA	ENSMUSG00000087425	+	Gm15404	2175
2176	Gm49991	chr17	91566104	91628471	lncRNA	ENSMUSG00000117417	+	Gm49991	2176
2177	Gm15403	chr17	91667079	91668305	processed_pseudogene	ENSMUSG00000081412	+	Gm15403	2177
2178	Gm49992	chr17	91781285	91782437	processed_pseudogene	ENSMUSG00000117555	-	Gm49992	2178
2179	Gm41654	chr17	91811992	91872139	lncRNA	ENSMUSG00000117433	-	Gm41654	2179
2180	Gm24244	chr17	91812491	91812620	snoRNA	ENSMUSG00000087942	-	Gm24244	2180
2181	Gm19145	chr17	92185388	92185957	processed_pseudogene	ENSMUSG00000117343	-	Gm19145	2181
2182	Gm6751	chr17	92372015	92373116	processed_pseudogene	ENSMUSG00000117624	-	Gm6751	2182
2183	Gm27039	chr17	92527273	92528510	processed_pseudogene	ENSMUSG00000098122	-	Gm27039	2183
2184	Gm49995	chr17	92600222	92600526	processed_pseudogene	ENSMUSG00000117354	-	Gm49995	2184
2185	Gm21018	chr17	92717885	92719076	processed_pseudogene	ENSMUSG00000117625	-	Gm21018	2185
2186	Gm49996	chr17	92976521	92976797	processed_pseudogene	ENSMUSG00000117409	+	Gm49996	2186
2187	Gm49997	chr17	93168512	93168839	processed_pseudogene	ENSMUSG00000117591	+	Gm49997	2187
2188	Gm49998	chr17	93192398	93192623	processed_pseudogene	ENSMUSG00000117559	-	Gm49998	2188
2189	Adcyap1	chr17	93199017	93206537	protein_coding	ENSMUSG00000024256	+	Adcyap1	2189
2190	Gm25935	chr17	93246708	93246814	snRNA	ENSMUSG00000094473	-	Gm25935	2190
2191	Gm9665	chr17	93316720	93317261	processed_pseudogene	ENSMUSG00000117362	-	Gm9665	2191
2192	Gm6764	chr17	93331463	93332937	processed_pseudogene	ENSMUSG00000117452	+	Gm6764	2192
2193	Gm50001	chr17	93391347	93391698	processed_pseudogene	ENSMUSG00000117368	-	Gm50001	2193
2194	Gm50003	chr17	93680752	93681034	processed_pseudogene	ENSMUSG00000117537	-	Gm50003	2194
2195	Gm50004	chr17	94131878	94132271	processed_pseudogene	ENSMUSG00000117543	-	Gm50004	2195
2196	Gm22593	chr17	94328755	94328863	snRNA	ENSMUSG00000077433	-	Gm22593	2196
2197	Gm9416	chr17	94608185	94608497	processed_pseudogene	ENSMUSG00000117476	+	Gm9416	2197
2198	Gm50006	chr17	94692889	94693341	processed_pseudogene	ENSMUSG00000117586	+	Gm50006	2198
2199	Mettl4	chr17	94722590	94750019	protein_coding	ENSMUSG00000055660	-	Mettl4	2199
2200	2700099C18Rik	chr17	94750100	94775132	transcribed_unprocessed_pseudogene	ENSMUSG00000098090	+	2700099C18Rik	2200
2201	Gm27038	chr17	94756698	94756872	processed_pseudogene	ENSMUSG00000098121	-	Gm27038	2201
2202	Gm1976	chr17	94759944	94834799	lncRNA	ENSMUSG00000066057	-	Gm1976	2202
2203	Gm23964	chr17	94764825	94764931	rRNA	ENSMUSG00000088591	+	Gm23964	2203
2204	Amd-ps7	chr17	94803193	94803818	processed_pseudogene	ENSMUSG00000117642	+	Amd-ps7	2204
2205	Gm50009	chr17	94811611	94812922	TEC	ENSMUSG00000117653	-	Gm50009	2205
2206	Gm50010	chr17	94814741	94816063	TEC	ENSMUSG00000117499	-	Gm50010	2206
2207	Gm19853	chr17	94858219	94858618	processed_pseudogene	ENSMUSG00000117582	-	Gm19853	2207
2208	Gm20939	chr17	94864918	94878321	lncRNA	ENSMUSG00000095193	+	Gm20939	2208
2209	Gm23102	chr17	94869873	94869988	snRNA	ENSMUSG00000065658	-	Gm23102	2209
