	gene_name	chr	start	end	type	ensembl_id	strand	gene_name2	Node_ID
0	Gm7346	chr8	3093369	3095187	unprocessed_pseudogene	ENSMUSG00000090795	+	Gm7346	0
1	Gm25775	chr8	3099386	3099506	miRNA	ENSMUSG00000080366	-	Gm25775	1
2	Gm18210	chr8	3104279	3105802	processed_pseudogene	ENSMUSG00000108971	+	Gm18210	2
3	Insr	chr8	3122061	3279617	protein_coding	ENSMUSG00000005534	-	Insr	3
4	Vmn2r-ps88	chr8	3139098	3139968	unprocessed_pseudogene	ENSMUSG00000109369	+	Vmn2r-ps88	4
5	Gm16180	chr8	3259704	3260641	lncRNA	ENSMUSG00000086065	+	Gm16180	5
6	Arhgef18	chr8	3353415	3456601	protein_coding	ENSMUSG00000004568	+	Arhgef18	6
7	Pex11g	chr8	3457105	3467680	protein_coding	ENSMUSG00000069633	-	Pex11g	7
8	Gm44775	chr8	3458039	3459494	TEC	ENSMUSG00000108955	+	Gm44775	8
9	Tex45	chr8	3470862	3487181	protein_coding	ENSMUSG00000040340	+	Tex45	9
10	Zfp358	chr8	3493138	3497208	protein_coding	ENSMUSG00000047264	+	Zfp358	10
11	Mcoln1	chr8	3500457	3515232	protein_coding	ENSMUSG00000004567	+	Mcoln1	11
12	Pnpla6	chr8	3515384	3544267	protein_coding	ENSMUSG00000004565	+	Pnpla6	12
13	C330021F23Rik	chr8	3567990	3584939	protein_coding	ENSMUSG00000065952	+	C330021F23Rik	13
14	Rps23-ps2	chr8	3583799	3584230	processed_pseudogene	ENSMUSG00000066902	-	Rps23-ps2	14
15	Camsap3	chr8	3587293	3609075	protein_coding	ENSMUSG00000044433	+	Camsap3	15
16	Xab2	chr8	3608421	3621316	protein_coding	ENSMUSG00000019470	-	Xab2	16
17	Gm22204	chr8	3615529	3615855	misc_RNA	ENSMUSG00000084603	+	Gm22204	17
18	Pet100	chr8	3621548	3625848	protein_coding	ENSMUSG00000087687	+	Pet100	18
19	Pcp2	chr8	3623371	3625545	protein_coding	ENSMUSG00000004630	-	Pcp2	19
20	Stxbp2	chr8	3630955	3643644	protein_coding	ENSMUSG00000004626	+	Stxbp2	20
21	Retn	chr8	3655770	3660110	protein_coding	ENSMUSG00000012705	+	Retn	21
22	Gm44776	chr8	3660599	3660979	processed_pseudogene	ENSMUSG00000108859	-	Gm44776	22
23	Mcemp1	chr8	3665754	3669259	protein_coding	ENSMUSG00000013974	+	Mcemp1	23
24	Fcor	chr8	3671188	3672362	protein_coding	ENSMUSG00000089665	-	Fcor	24
25	Gm39121	chr8	3672430	3672954	lncRNA	ENSMUSG00000109277	+	Gm39121	25
26	Gm45231	chr8	3674035	3676954	lncRNA	ENSMUSG00000108888	-	Gm45231	26
27	Trappc5	chr8	3676299	3681255	protein_coding	ENSMUSG00000040236	+	Trappc5	27
28	Fcer2a	chr8	3681737	3694175	protein_coding	ENSMUSG00000005540	-	Fcer2a	28
29	Clec4g	chr8	3707064	3720651	protein_coding	ENSMUSG00000074491	-	Clec4g	29
30	Gm16553	chr8	3709804	3739044	lncRNA	ENSMUSG00000089956	+	Gm16553	30
31	Cd209a	chr8	3743397	3748984	protein_coding	ENSMUSG00000031494	-	Cd209a	31
32	Gm24934	chr8	3781020	3781130	miRNA	ENSMUSG00000076952	+	Gm24934	32
33	Gm7381	chr8	3842096	3842395	processed_pseudogene	ENSMUSG00000074485	-	Gm7381	33
34	Cd209e	chr8	3847965	3854309	protein_coding	ENSMUSG00000040197	-	Cd209e	34
35	Cd209d	chr8	3871824	3878555	protein_coding	ENSMUSG00000031495	-	Cd209d	35
36	Cd209b	chr8	3917655	3926844	protein_coding	ENSMUSG00000065987	-	Cd209b	36
37	Cd209c	chr8	3940222	3954746	protein_coding	ENSMUSG00000040165	-	Cd209c	37
38	Gm7389	chr8	3994626	3997509	processed_pseudogene	ENSMUSG00000097657	+	Gm7389	38
39	Gm45048	chr8	4016454	4016882	processed_pseudogene	ENSMUSG00000109267	-	Gm45048	39
40	Gm7397	chr8	4018992	4021471	unprocessed_pseudogene	ENSMUSG00000109377	+	Gm7397	40
41	Gm45049	chr8	4034157	4034747	processed_pseudogene	ENSMUSG00000109512	-	Gm45049	41
42	Gm7407	chr8	4039854	4040421	processed_pseudogene	ENSMUSG00000109255	-	Gm7407	42
43	Gm16589	chr8	4087658	4088575	processed_pseudogene	ENSMUSG00000074482	+	Gm16589	43
44	Cd209f	chr8	4102787	4105835	protein_coding	ENSMUSG00000051906	-	Cd209f	44
45	Gm23888	chr8	4115513	4115765	misc_RNA	ENSMUSG00000084639	-	Gm23888	45
46	Cd209g	chr8	4134098	4137707	protein_coding	ENSMUSG00000079168	+	Cd209g	46
47	4932443L11Rik	chr8	4162522	4206882	lncRNA	ENSMUSG00000086805	-	4932443L11Rik	47
48	Evi5l	chr8	4166567	4211257	protein_coding	ENSMUSG00000011832	+	Evi5l	48
49	Prr36	chr8	4209543	4217459	protein_coding	ENSMUSG00000064125	-	Prr36	49
50	Lrrc8e	chr8	4226827	4237470	protein_coding	ENSMUSG00000046589	+	Lrrc8e	50
51	Map2k7	chr8	4238740	4247897	protein_coding	ENSMUSG00000002948	+	Map2k7	51
52	Gm49320	chr8	4238865	4251423	protein_coding	ENSMUSG00000109061	+	Gm49320	52
53	Tgfbr3l	chr8	4248214	4251423	protein_coding	ENSMUSG00000089736	+	Tgfbr3l	53
54	Snapc2	chr8	4253080	4256220	protein_coding	ENSMUSG00000011837	+	Snapc2	54
55	Ctxn1	chr8	4257660	4259274	protein_coding	ENSMUSG00000048644	-	Ctxn1	55
56	Timm44	chr8	4259731	4275913	protein_coding	ENSMUSG00000002949	-	Timm44	56
57	Gm26102	chr8	4274853	4275136	misc_RNA	ENSMUSG00000087876	+	Gm26102	57
58	Elavl1	chr8	4285382	4325413	protein_coding	ENSMUSG00000040028	-	Elavl1	58
59	Ccl25	chr8	4325210	4360020	protein_coding	ENSMUSG00000023235	+	Ccl25	59
60	Gm44869	chr8	4362298	4362654	processed_pseudogene	ENSMUSG00000108818	-	Gm44869	60
61	Gm45118	chr8	4368596	4402845	unprocessed_pseudogene	ENSMUSG00000109356	-	Gm45118	61
62	Gm7434	chr8	4391726	4392133	processed_pseudogene	ENSMUSG00000109241	+	Gm7434	62
63	Gm45117	chr8	4399238	4401011	TEC	ENSMUSG00000109397	+	Gm45117	63
64	Gm6070	chr8	4465589	4466007	processed_pseudogene	ENSMUSG00000108860	+	Gm6070	64
65	Cers4	chr8	4493026	4531680	protein_coding	ENSMUSG00000008206	+	Cers4	65
66	Gm36956	chr8	4521912	4522125	TEC	ENSMUSG00000102201	-	Gm36956	66
67	Vmn2r-ps89	chr8	4529618	4538187	unprocessed_pseudogene	ENSMUSG00000108829	-	Vmn2r-ps89	67
68	Zfp958	chr8	4613167	4630231	protein_coding	ENSMUSG00000058748	+	Zfp958	68
69	Gm7451	chr8	4641466	4642857	processed_pseudogene	ENSMUSG00000109489	+	Gm7451	69
70	Gm45224	chr8	4652064	4652477	processed_pseudogene	ENSMUSG00000109448	+	Gm45224	70
71	Gm7461	chr8	4677539	4678365	TEC	ENSMUSG00000048484	-	Gm7461	71
72	Gm6410	chr8	4678462	4688494	lncRNA	ENSMUSG00000097308	+	Gm6410	72
73	Gm2676	chr8	4713207	4713812	processed_pseudogene	ENSMUSG00000109055	+	Gm2676	73
74	Gm44959	chr8	4722606	4722836	unprocessed_pseudogene	ENSMUSG00000108962	-	Gm44959	74
75	Shcbp1	chr8	4735976	4779567	protein_coding	ENSMUSG00000022322	-	Shcbp1	75
76	Gm6334	chr8	4778042	4778269	processed_pseudogene	ENSMUSG00000109462	+	Gm6334	76
77	Gm9457	chr8	4812817	4813434	processed_pseudogene	ENSMUSG00000095600	-	Gm9457	77
78	Rpl21-ps14	chr8	4861169	4861651	processed_pseudogene	ENSMUSG00000062152	+	Rpl21-ps14	78
79	n-R5s93	chr8	5069259	5069377	rRNA	ENSMUSG00000096219	-	n-R5s93	79
80	Gm5739	chr8	5079294	5080996	processed_pseudogene	ENSMUSG00000109295	+	Gm5739	80
81	Slc10a2	chr8	5083219	5105351	protein_coding	ENSMUSG00000023073	-	Slc10a2	81
82	Gm5605	chr8	5117361	5118665	processed_pseudogene	ENSMUSG00000109181	+	Gm5605	82
83	Gm44693	chr8	5436984	5440990	lncRNA	ENSMUSG00000109313	-	Gm44693	83
84	Gm6426	chr8	5527689	5528542	processed_pseudogene	ENSMUSG00000109266	+	Gm6426	84
85	Gm1840	chr8	5639580	5641011	processed_pseudogene	ENSMUSG00000043192	+	Gm1840	85
86	Gm22565	chr8	5705427	5705495	miRNA	ENSMUSG00000093281	+	Gm22565	86
87	Gm2734	chr8	5993981	5994723	processed_pseudogene	ENSMUSG00000109069	-	Gm2734	87
88	Gm44843	chr8	6034867	6036262	TEC	ENSMUSG00000109518	+	Gm44843	88
89	Gm44842	chr8	6218668	6222039	TEC	ENSMUSG00000109534	+	Gm44842	89
90	Gm44844	chr8	6437744	6438079	processed_pseudogene	ENSMUSG00000109543	+	Gm44844	90
91	Gm44909	chr8	6830814	6830978	processed_pseudogene	ENSMUSG00000109457	-	Gm44909	91
92	Gm7506	chr8	7001941	7002755	processed_pseudogene	ENSMUSG00000109463	-	Gm7506	92
93	Gm44911	chr8	7040157	7041218	processed_pseudogene	ENSMUSG00000108852	+	Gm44911	93
94	Gm44910	chr8	7132569	7132964	processed_pseudogene	ENSMUSG00000109538	-	Gm44910	94
95	Gm44908	chr8	7231234	7231499	processed_pseudogene	ENSMUSG00000108914	+	Gm44908	95
96	Gm17215	chr8	7381015	7428569	lncRNA	ENSMUSG00000092092	+	Gm17215	96
97	Gm26427	chr8	7428222	7428328	snRNA	ENSMUSG00000093992	-	Gm26427	97
98	Gm30954	chr8	7468669	7580205	lncRNA	ENSMUSG00000109260	-	Gm30954	98
99	Gm27545	chr8	7525256	7525457	misc_RNA	ENSMUSG00000098978	+	Gm27545	99
100	Gm28262	chr8	7855847	7863406	lncRNA	ENSMUSG00000099890	+	Gm28262	100
101	Gm45160	chr8	7985368	7988466	TEC	ENSMUSG00000109316	+	Gm45160	101
102	Gm31135	chr8	8044577	8484730	lncRNA	ENSMUSG00000109127	-	Gm31135	102
103	Gm31401	chr8	8066666	8093355	lncRNA	ENSMUSG00000109566	+	Gm31401	103
104	Gm45076	chr8	8334081	8336213	lncRNA	ENSMUSG00000109134	-	Gm45076	104
105	A630009H07Rik	chr8	8335077	8342428	lncRNA	ENSMUSG00000109056	+	A630009H07Rik	105
106	Gm31343	chr8	8377090	8391702	lncRNA	ENSMUSG00000109515	+	Gm31343	106
107	Gm2448	chr8	8454871	8455429	processed_pseudogene	ENSMUSG00000108913	-	Gm2448	107
108	D530014G21Rik	chr8	8488302	8495535	lncRNA	ENSMUSG00000108941	+	D530014G21Rik	108
109	Gm31463	chr8	8576522	8580342	lncRNA	ENSMUSG00000108932	+	Gm31463	109
110	Gm45075	chr8	8612264	8615862	lncRNA	ENSMUSG00000109436	+	Gm45075	110
111	Efnb2	chr8	8617434	8661242	protein_coding	ENSMUSG00000001300	-	Efnb2	111
112	E230020D15Rik	chr8	8629175	8635073	TEC	ENSMUSG00000108912	-	E230020D15Rik	112
113	Gm45074	chr8	8637966	8639205	TEC	ENSMUSG00000109568	-	Gm45074	113
114	Gm45073	chr8	8642766	8647012	TEC	ENSMUSG00000109438	-	Gm45073	114
115	4921522P10Rik	chr8	8661801	8664728	lncRNA	ENSMUSG00000040467	+	4921522P10Rik	115
116	Arglu1	chr8	8665075	8690521	protein_coding	ENSMUSG00000040459	-	Arglu1	116
117	Mir7654	chr8	8690093	8690162	miRNA	ENSMUSG00000098917	-	Mir7654	117
118	Gm18393	chr8	8711484	8712614	processed_pseudogene	ENSMUSG00000109117	+	Gm18393	118
119	Gm44621	chr8	8716924	8721308	lncRNA	ENSMUSG00000109190	-	Gm44621	119
120	Gm44626	chr8	8727111	8853647	lncRNA	ENSMUSG00000109371	+	Gm44626	120
121	Gm44622	chr8	8735970	8755337	lncRNA	ENSMUSG00000109062	+	Gm44622	121
122	Gm44515	chr8	8920937	8932699	lncRNA	ENSMUSG00000109346	-	Gm44515	122
123	4933430N04Rik	chr8	9125412	9132291	lncRNA	ENSMUSG00000108848	-	4933430N04Rik	123
124	4930453L07Rik	chr8	9144669	9149050	lncRNA	ENSMUSG00000109215	+	4930453L07Rik	124
125	Gm44516	chr8	9152600	9157221	lncRNA	ENSMUSG00000109124	-	Gm44516	125
126	Gm39128	chr8	9167517	9174793	lncRNA	ENSMUSG00000109064	+	Gm39128	126
127	Fam155a	chr8	9205902	9771161	protein_coding	ENSMUSG00000079157	-	Fam155a	127
128	Gm44542	chr8	9213097	9217410	TEC	ENSMUSG00000109040	-	Gm44542	128
129	Gm44541	chr8	9342220	9345126	TEC	ENSMUSG00000109286	-	Gm44541	129
130	Gm44518	chr8	9370957	9375326	TEC	ENSMUSG00000109385	-	Gm44518	130
131	4930435N07Rik	chr8	9459092	9461218	TEC	ENSMUSG00000109551	+	4930435N07Rik	131
132	n-R5s95	chr8	9568132	9568249	rRNA	ENSMUSG00000064618	-	n-R5s95	132
133	Gm44797	chr8	9595109	9596945	TEC	ENSMUSG00000109359	-	Gm44797	133
134	Gm44800	chr8	9598799	9600653	TEC	ENSMUSG00000109418	-	Gm44800	134
135	Gm44801	chr8	9603823	9605882	TEC	ENSMUSG00000109529	-	Gm44801	135
136	Gm44798	chr8	9618153	9620562	TEC	ENSMUSG00000109139	-	Gm44798	136
137	Gm44799	chr8	9658248	9659449	TEC	ENSMUSG00000109095	-	Gm44799	137
138	2900027M19Rik	chr8	9685829	9690276	TEC	ENSMUSG00000109162	-	2900027M19Rik	138
139	Gm44802	chr8	9709171	9711086	TEC	ENSMUSG00000108918	-	Gm44802	139
140	Gm47312	chr8	9770728	9770880	miRNA	ENSMUSG00000105098	-	Gm47312	140
141	Gm44761	chr8	9800194	9811974	lncRNA	ENSMUSG00000109183	+	Gm44761	141
142	Gm10217	chr8	9864251	9870315	protein_coding	ENSMUSG00000067627	+	Gm10217	142
143	Gm10067	chr8	9875530	9919463	lncRNA	ENSMUSG00000095279	-	Gm10067	143
144	Lig4	chr8	9969049	9977686	protein_coding	ENSMUSG00000049717	-	Lig4	144
145	Abhd13	chr8	9977707	9992155	protein_coding	ENSMUSG00000040396	+	Abhd13	145
146	Tnfsf13b	chr8	10006467	10039072	protein_coding	ENSMUSG00000031497	+	Tnfsf13b	146
147	Gm44789	chr8	10016427	10019527	TEC	ENSMUSG00000109054	-	Gm44789	147
148	Gm44788	chr8	10065054	10119632	lncRNA	ENSMUSG00000109545	+	Gm44788	148
149	Myo16	chr8	10153911	10634742	protein_coding	ENSMUSG00000039057	+	Myo16	149
150	5330413D20Rik	chr8	10675348	10676913	lncRNA	ENSMUSG00000109258	-	5330413D20Rik	150
151	Gm44786	chr8	10685351	10687390	lncRNA	ENSMUSG00000109503	+	Gm44786	151
152	Gm44785	chr8	10687948	10691706	lncRNA	ENSMUSG00000109432	+	Gm44785	152
153	Gm44784	chr8	10723486	10725161	lncRNA	ENSMUSG00000109067	+	Gm44784	153
154	Gm45045	chr8	10732676	10736533	lncRNA	ENSMUSG00000108997	+	Gm45045	154
155	Gm39129	chr8	10738890	10770849	lncRNA	ENSMUSG00000109271	+	Gm39129	155
156	Rps16-ps3	chr8	10808688	10809128	processed_pseudogene	ENSMUSG00000096258	-	Rps16-ps3	156
157	Gm32540	chr8	10858750	10866186	lncRNA	ENSMUSG00000108961	-	Gm32540	157
158	B930025P03Rik	chr8	10870422	10882454	lncRNA	ENSMUSG00000109473	-	B930025P03Rik	158
159	Gm45044	chr8	10884453	10891591	lncRNA	ENSMUSG00000108969	-	Gm45044	159
160	Gm2814	chr8	10898169	10900558	lncRNA	ENSMUSG00000109291	-	Gm2814	160
161	4833411C07Rik	chr8	10899922	10903893	lncRNA	ENSMUSG00000109089	+	4833411C07Rik	161
162	3930402G23Rik	chr8	10924427	10928696	lncRNA	ENSMUSG00000038917	-	3930402G23Rik	162
163	Gm45042	chr8	10929887	10930097	processed_pseudogene	ENSMUSG00000109480	+	Gm45042	163
164	Gm44955	chr8	10943326	10947890	lncRNA	ENSMUSG00000109084	-	Gm44955	164
165	Gm44956	chr8	10962957	10970814	lncRNA	ENSMUSG00000109508	-	Gm44956	165
166	Irs2	chr8	10984681	11008458	protein_coding	ENSMUSG00000038894	-	Irs2	166
167	9530052E02Rik	chr8	11007850	11054541	lncRNA	ENSMUSG00000096938	+	9530052E02Rik	167
168	B830042I05Rik	chr8	11071046	11076881	lncRNA	ENSMUSG00000108847	+	B830042I05Rik	168
169	Gm44714	chr8	11116555	11117373	lncRNA	ENSMUSG00000109151	+	Gm44714	169
170	Gm44717	chr8	11135641	11149246	lncRNA	ENSMUSG00000109029	-	Gm44717	170
171	Gm15418	chr8	11187755	11204503	lncRNA	ENSMUSG00000085573	+	Gm15418	171
172	Col4a1	chr8	11198423	11312826	protein_coding	ENSMUSG00000031502	-	Col4a1	172
173	Gm44716	chr8	11290558	11291267	TEC	ENSMUSG00000109358	-	Gm44716	173
174	Col4a2	chr8	11312805	11449287	protein_coding	ENSMUSG00000031503	+	Col4a2	174
175	Gm15419	chr8	11399186	11417892	lncRNA	ENSMUSG00000084783	-	Gm15419	175
176	Rab20	chr8	11453518	11478710	protein_coding	ENSMUSG00000031504	-	Rab20	176
177	Gm20100	chr8	11457471	11459742	TEC	ENSMUSG00000110245	-	Gm20100	177
178	E230013L22Rik	chr8	11477929	11480241	lncRNA	ENSMUSG00000096957	+	E230013L22Rik	178
179	Naxd	chr8	11497506	11514960	protein_coding	ENSMUSG00000031505	+	Naxd	179
180	Cars2	chr8	11513977	11550783	protein_coding	ENSMUSG00000056228	-	Cars2	180
181	Ing1	chr8	11555571	11563251	protein_coding	ENSMUSG00000045969	+	Ing1	181
182	Ankrd10	chr8	11611583	11635757	protein_coding	ENSMUSG00000031508	-	Ankrd10	182
183	Mir7238	chr8	11635694	11635736	miRNA	ENSMUSG00000104958	-	Mir7238	183
184	Gm45592	chr8	11637282	11638324	TEC	ENSMUSG00000109810	+	Gm45592	184
185	1700016D06Rik	chr8	11654924	11701063	protein_coding	ENSMUSG00000031509	-	1700016D06Rik	185
186	Gm7562	chr8	11674574	11677110	TEC	ENSMUSG00000109623	+	Gm7562	186
187	4930465I24Rik	chr8	11678808	11682211	lncRNA	ENSMUSG00000109986	+	4930465I24Rik	187
188	Gm7600	chr8	11683459	11684243	processed_pseudogene	ENSMUSG00000109933	-	Gm7600	188
189	Gm6524	chr8	11693042	11694484	processed_pseudogene	ENSMUSG00000110177	-	Gm6524	189
190	Gm27854	chr8	11696615	11696858	misc_RNA	ENSMUSG00000093319	-	Gm27854	190
191	1700128E19Rik	chr8	11713264	11722620	lncRNA	ENSMUSG00000031510	+	1700128E19Rik	191
192	Gm45420	chr8	11714815	11715239	processed_pseudogene	ENSMUSG00000110313	-	Gm45420	192
193	Arhgef7	chr8	11727721	11835219	protein_coding	ENSMUSG00000031511	+	Arhgef7	193
194	Gm18991	chr8	11738621	11739366	processed_pseudogene	ENSMUSG00000110394	+	Gm18991	194
195	Gm15875	chr8	11838978	11840400	lncRNA	ENSMUSG00000086500	-	Gm15875	195
196	Tex29	chr8	11840474	11855761	protein_coding	ENSMUSG00000031512	+	Tex29	196
197	Gm39132	chr8	11874159	11894113	lncRNA	ENSMUSG00000109772	+	Gm39132	197
198	Gm45680	chr8	11945465	11948297	lncRNA	ENSMUSG00000110002	-	Gm45680	198
199	B020031H02Rik	chr8	11948339	12000216	lncRNA	ENSMUSG00000109995	+	B020031H02Rik	199
200	A230072I06Rik	chr8	12278819	12280657	protein_coding	ENSMUSG00000074473	+	A230072I06Rik	200
201	Gm29175	chr8	12282211	12282612	lncRNA	ENSMUSG00000101899	+	Gm29175	201
202	Gm33175	chr8	12315004	12319480	lncRNA	ENSMUSG00000110412	-	Gm33175	202
203	Gm22207	chr8	12356153	12356469	misc_RNA	ENSMUSG00000089234	+	Gm22207	203
204	Sox1ot	chr8	12385771	12436768	lncRNA	ENSMUSG00000047935	+	Sox1ot	204
205	Gm45560	chr8	12390168	12391639	TEC	ENSMUSG00000110160	+	Gm45560	205
206	Sox1	chr8	12395295	12400126	protein_coding	ENSMUSG00000096014	+	Sox1	206
207	Gm33326	chr8	12461419	12466964	lncRNA	ENSMUSG00000109921	-	Gm33326	207
208	4933439N14Rik	chr8	12502899	12505341	lncRNA	ENSMUSG00000109582	+	4933439N14Rik	208
209	D630011A20Rik	chr8	12554272	12573320	lncRNA	ENSMUSG00000097421	-	D630011A20Rik	209
210	Spaca7	chr8	12573029	12600744	protein_coding	ENSMUSG00000010435	+	Spaca7	210
211	Tubgcp3	chr8	12614277	12672248	protein_coding	ENSMUSG00000000759	-	Tubgcp3	211
212	Gm26483	chr8	12666095	12666198	miRNA	ENSMUSG00000088641	+	Gm26483	212
213	4931415C17Rik	chr8	12672186	12679229	lncRNA	ENSMUSG00000054910	+	4931415C17Rik	213
214	Gm15348	chr8	12706944	12719127	lncRNA	ENSMUSG00000074469	-	Gm15348	214
215	Atp11a	chr8	12757014	12868728	protein_coding	ENSMUSG00000031441	+	Atp11a	215
216	Gm15350	chr8	12828335	12833865	lncRNA	ENSMUSG00000084780	-	Gm15350	216
217	Gm15347	chr8	12860358	12877344	lncRNA	ENSMUSG00000085465	-	Gm15347	217
218	Mcf2l	chr8	12873806	13020905	protein_coding	ENSMUSG00000031442	+	Mcf2l	218
219	Gm15353	chr8	12879878	12883726	lncRNA	ENSMUSG00000079146	-	Gm15353	219
220	Gm15351	chr8	12899146	12915758	lncRNA	ENSMUSG00000086770	-	Gm15351	220
221	Gm15349	chr8	12971826	12972029	processed_pseudogene	ENSMUSG00000082682	-	Gm15349	221
222	Gm15352	chr8	13021941	13022210	processed_pseudogene	ENSMUSG00000081951	+	Gm15352	222
223	F7	chr8	13026034	13035809	protein_coding	ENSMUSG00000031443	+	F7	223
224	F10	chr8	13037308	13056676	protein_coding	ENSMUSG00000031444	+	F10	224
225	Proz	chr8	13060914	13076026	protein_coding	ENSMUSG00000031445	+	Proz	225
226	Gm17023	chr8	13076077	13082740	lncRNA	ENSMUSG00000091443	+	Gm17023	226
227	Pcid2	chr8	13077189	13105459	protein_coding	ENSMUSG00000038542	-	Pcid2	227
228	Gm17022	chr8	13086509	13087430	processed_pseudogene	ENSMUSG00000091784	+	Gm17022	228
229	Cul4a	chr8	13105621	13147940	protein_coding	ENSMUSG00000031446	+	Cul4a	229
230	Mir7065	chr8	13136072	13136132	miRNA	ENSMUSG00000098532	+	Mir7065	230
231	Lamp1	chr8	13159161	13175338	protein_coding	ENSMUSG00000031447	+	Lamp1	231
232	Grtp1	chr8	13172022	13200620	protein_coding	ENSMUSG00000038515	-	Grtp1	232
233	Mir1968	chr8	13189031	13189098	miRNA	ENSMUSG00000088054	-	Mir1968	233
234	2810030D12Rik	chr8	13200720	13207714	lncRNA	ENSMUSG00000099338	+	2810030D12Rik	234
235	Adprhl1	chr8	13221663	13254162	protein_coding	ENSMUSG00000031448	-	Adprhl1	235
236	Dcun1d2	chr8	13255963	13288131	protein_coding	ENSMUSG00000038506	-	Dcun1d2	236
237	E330037G11Rik	chr8	13264102	13265187	TEC	ENSMUSG00000107531	-	E330037G11Rik	237
238	Gm25014	chr8	13283115	13283217	snRNA	ENSMUSG00000089026	-	Gm25014	238
239	9530085L11Rik	chr8	13285352	13287466	TEC	ENSMUSG00000107742	-	9530085L11Rik	239
240	Tmco3	chr8	13288190	13322924	protein_coding	ENSMUSG00000038497	+	Tmco3	240
241	Tfdp1	chr8	13338751	13378448	protein_coding	ENSMUSG00000038482	+	Tfdp1	241
242	Atp4b	chr8	13386205	13396825	protein_coding	ENSMUSG00000031449	-	Atp4b	242
243	Gm45410	chr8	13391106	13392198	TEC	ENSMUSG00000110311	+	Gm45410	243
244	Grk1	chr8	13405081	13421951	protein_coding	ENSMUSG00000031450	+	Grk1	244
245	Tmem255b	chr8	13435189	13468473	protein_coding	ENSMUSG00000038457	+	Tmem255b	245
246	Gas6	chr8	13465374	13494490	protein_coding	ENSMUSG00000031451	-	Gas6	246
247	Gm5608	chr8	13537678	13547028	lncRNA	ENSMUSG00000110278	-	Gm5608	247
248	1700029H14Rik	chr8	13550733	13562461	protein_coding	ENSMUSG00000031452	-	1700029H14Rik	248
249	Rasa3	chr8	13566948	13677603	protein_coding	ENSMUSG00000031453	-	Rasa3	249
250	Cfap97d2	chr8	13705889	13743414	protein_coding	ENSMUSG00000090336	+	Cfap97d2	250
251	Gm7669	chr8	13745876	13747478	processed_pseudogene	ENSMUSG00000109617	-	Gm7669	251
252	Cdc16	chr8	13757676	13781938	protein_coding	ENSMUSG00000038416	+	Cdc16	252
253	Upf3a	chr8	13785615	13799193	protein_coding	ENSMUSG00000038398	+	Upf3a	253
254	AF366264	chr8	13835233	13838389	protein_coding	ENSMUSG00000057116	-	AF366264	254
255	Champ1	chr8	13869641	13881639	protein_coding	ENSMUSG00000047710	+	Champ1	255
256	Gm47277	chr8	13876091	13876184	miRNA	ENSMUSG00000104767	+	Gm47277	256
257	Gm24698	chr8	13876097	13876226	snoRNA	ENSMUSG00000065817	+	Gm24698	257
258	Coprs	chr8	13884794	13890281	protein_coding	ENSMUSG00000031458	-	Coprs	258
259	Gm7676	chr8	13896311	13896629	processed_pseudogene	ENSMUSG00000068631	+	Gm7676	259
260	Fbxo25	chr8	13907803	13940522	protein_coding	ENSMUSG00000038365	+	Fbxo25	260
261	Tdrp	chr8	13952008	13975032	protein_coding	ENSMUSG00000050052	-	Tdrp	261
262	Gm5907	chr8	13986090	14003561	lncRNA	ENSMUSG00000110058	+	Gm5907	262
263	Erich1	chr8	14027561	14090301	protein_coding	ENSMUSG00000051978	-	Erich1	263
264	Gm45520	chr8	14065788	14067818	TEC	ENSMUSG00000109982	-	Gm45520	264
265	Gm10699	chr8	14090461	14092590	TEC	ENSMUSG00000074461	+	Gm10699	265
266	Dlgap2	chr8	14095865	14847680	protein_coding	ENSMUSG00000047495	+	Dlgap2	266
267	Gm3160	chr8	14136310	14136916	processed_pseudogene	ENSMUSG00000085371	+	Gm3160	267
268	Gm44347	chr8	14350178	14350285	miRNA	ENSMUSG00000106670	+	Gm44347	268
269	C030037F17Rik	chr8	14745329	14747427	lncRNA	ENSMUSG00000084945	-	C030037F17Rik	269
270	Cln8	chr8	14881335	14901720	protein_coding	ENSMUSG00000026317	+	Cln8	270
271	Arhgef10	chr8	14911663	15001085	protein_coding	ENSMUSG00000071176	+	Arhgef10	271
272	Gm16350	chr8	14961066	14961586	lncRNA	ENSMUSG00000090024	-	Gm16350	272
273	Kbtbd11	chr8	15011025	15033333	protein_coding	ENSMUSG00000055675	+	Kbtbd11	273
274	5830468F06Rik	chr8	15015092	15018907	lncRNA	ENSMUSG00000098322	-	5830468F06Rik	274
275	Gm37844	chr8	15024326	15028422	TEC	ENSMUSG00000102615	-	Gm37844	275
276	BB014433	chr8	15041444	15046078	protein_coding	ENSMUSG00000049008	-	BB014433	276
277	Gm45276	chr8	15044563	15045648	TEC	ENSMUSG00000109871	+	Gm45276	277
278	Gm45274	chr8	15046212	15050770	lncRNA	ENSMUSG00000109965	+	Gm45274	278
279	Myom2	chr8	15057653	15133541	protein_coding	ENSMUSG00000031461	+	Myom2	279
280	Gm15678	chr8	15100329	15101350	processed_pseudogene	ENSMUSG00000083000	-	Gm15678	280
281	Gm7706	chr8	15141044	15371982	lncRNA	ENSMUSG00000110286	+	Gm7706	281
282	Gm45271	chr8	15182089	15189612	lncRNA	ENSMUSG00000109886	-	Gm45271	282
283	Gm24231	chr8	15227405	15227537	snoRNA	ENSMUSG00000077503	-	Gm24231	283
284	Gm35392	chr8	15375639	15382429	lncRNA	ENSMUSG00000109748	+	Gm35392	284
285	Gm24222	chr8	15412324	15412416	rRNA	ENSMUSG00000089459	+	Gm24222	285
286	Gm45677	chr8	15537582	15538922	TEC	ENSMUSG00000109839	+	Gm45677	286
287	Gm35453	chr8	15580279	15583962	lncRNA	ENSMUSG00000110356	-	Gm35453	287
288	Gm45676	chr8	15581943	15584719	lncRNA	ENSMUSG00000110392	+	Gm45676	288
289	Gm45408	chr8	15584723	15670425	lncRNA	ENSMUSG00000110217	+	Gm45408	289
290	Gm45675	chr8	15629981	15633409	TEC	ENSMUSG00000110201	+	Gm45675	290
291	Gm7128	chr8	15877664	15878196	processed_pseudogene	ENSMUSG00000109757	+	Gm7128	291
292	Csmd1	chr8	15892537	17535586	protein_coding	ENSMUSG00000060924	-	Csmd1	292
293	Gm16346	chr8	16226003	16232305	lncRNA	ENSMUSG00000085150	+	Gm16346	293
294	Gm16347	chr8	16433175	16437040	lncRNA	ENSMUSG00000087363	+	Gm16347	294
295	Gm45393	chr8	16547242	16549872	TEC	ENSMUSG00000109616	+	Gm45393	295
296	Gm45394	chr8	16751319	16752493	TEC	ENSMUSG00000110132	+	Gm45394	296
297	Gm25278	chr8	16852168	16852287	snoRNA	ENSMUSG00000087892	+	Gm25278	297
298	3110080E11Rik	chr8	16912706	16916182	TEC	ENSMUSG00000109625	-	3110080E11Rik	298
299	Gm25665	chr8	18274712	18274821	snoRNA	ENSMUSG00000088320	-	Gm25665	299
300	1700014L14Rik	chr8	18319523	18334338	lncRNA	ENSMUSG00000110056	-	1700014L14Rik	300
301	Mcph1	chr8	18595131	18803189	protein_coding	ENSMUSG00000039842	+	Mcph1	301
302	Gm25763	chr8	18613981	18614109	snoRNA	ENSMUSG00000077287	-	Gm25763	302
303	Gm16725	chr8	18652801	18678056	lncRNA	ENSMUSG00000087300	-	Gm16725	303
304	Gm17149	chr8	18656615	18656989	processed_pseudogene	ENSMUSG00000090334	-	Gm17149	304
305	Angpt2	chr8	18690263	18741562	protein_coding	ENSMUSG00000031465	-	Angpt2	305
306	Agpat5	chr8	18846277	18891361	protein_coding	ENSMUSG00000031467	+	Agpat5	306
307	Gm45493	chr8	18862196	18866143	TEC	ENSMUSG00000109784	+	Gm45493	307
308	Gm35934	chr8	18889210	18902316	lncRNA	ENSMUSG00000110530	-	Gm35934	308
309	Gm45770	chr8	18905439	18906533	processed_pseudogene	ENSMUSG00000110651	-	Gm45770	309
310	Xkr5	chr8	18932729	18950975	protein_coding	ENSMUSG00000039814	-	Xkr5	310
311	Gm22551	chr8	18932989	18933091	snoRNA	ENSMUSG00000088420	+	Gm22551	311
312	Defb40	chr8	18974940	18978256	protein_coding	ENSMUSG00000053678	-	Defb40	312
313	Defb37	chr8	18986233	18991055	protein_coding	ENSMUSG00000053695	-	Defb37	313
314	Defb38	chr8	19023407	19026566	protein_coding	ENSMUSG00000053790	-	Defb38	314
315	Gm15366	chr8	19037428	19038446	processed_pseudogene	ENSMUSG00000080726	-	Gm15366	315
316	Defb39	chr8	19052826	19064810	protein_coding	ENSMUSG00000061847	-	Defb39	316
317	Defb12	chr8	19111931	19114839	protein_coding	ENSMUSG00000043787	-	Defb12	317
318	Defb34	chr8	19123752	19126540	protein_coding	ENSMUSG00000052554	+	Defb34	318
319	Spag11b	chr8	19140759	19143010	protein_coding	ENSMUSG00000059463	+	Spag11b	319
320	Gm45826	chr8	19140778	19159440	protein_coding	ENSMUSG00000110641	+	Gm45826	320
321	Spag11a	chr8	19157886	19159578	protein_coding	ENSMUSG00000079842	+	Spag11a	321
322	Gm39139	chr8	19163520	19188015	lncRNA	ENSMUSG00000110542	-	Gm39139	322
323	Defb14	chr8	19194357	19195212	protein_coding	ENSMUSG00000046354	+	Defb14	323
324	Defb4	chr8	19198706	19201545	protein_coding	ENSMUSG00000059230	+	Defb4	324
325	Defa-ps12	chr8	19210462	19212767	unprocessed_pseudogene	ENSMUSG00000081163	+	Defa-ps12	325
326	Defb6	chr8	19225478	19228209	protein_coding	ENSMUSG00000050756	+	Defb6	326
327	Defb46	chr8	19239916	19242143	protein_coding	ENSMUSG00000071169	+	Defb46	327
328	Defb5	chr8	19247580	19250828	protein_coding	ENSMUSG00000039785	+	Defb5	328
329	Gm15357	chr8	19279009	19279846	unprocessed_pseudogene	ENSMUSG00000081901	-	Gm15357	329
330	Defa-ps13	chr8	19300677	19304794	transcribed_processed_pseudogene	ENSMUSG00000081154	+	Defa-ps13	330
331	Defa-ps14	chr8	19422506	19423444	unprocessed_pseudogene	ENSMUSG00000082710	+	Defa-ps14	331
332	Defb8	chr8	19445769	19447606	protein_coding	ENSMUSG00000031471	-	Defb8	332
333	Defa-ps15	chr8	19472893	19474732	unprocessed_pseudogene	ENSMUSG00000080894	-	Defa-ps15	333
334	Rpl19-ps11	chr8	19492936	19493526	processed_pseudogene	ENSMUSG00000081094	+	Rpl19-ps11	334
335	Gm27288	chr8	19493189	19493268	miRNA	ENSMUSG00000098798	+	Gm27288	335
336	Defb7	chr8	19495097	19497775	protein_coding	ENSMUSG00000037790	+	Defb7	336
337	Gm15358	chr8	19513878	19514397	processed_pseudogene	ENSMUSG00000082650	-	Gm15358	337
338	Gm16425	chr8	19535454	19538583	processed_pseudogene	ENSMUSG00000083218	+	Gm16425	338
339	Selenot-ps	chr8	19579940	19580532	processed_pseudogene	ENSMUSG00000081920	+	Selenot-ps	339
340	Gm35998	chr8	19594900	19665322	lncRNA	ENSMUSG00000110463	-	Gm35998	340
341	Gm6483	chr8	19682449	19697736	unprocessed_pseudogene	ENSMUSG00000087153	+	Gm6483	341
342	Gm7760	chr8	19711128	19711705	processed_pseudogene	ENSMUSG00000110531	-	Gm7760	342
343	4930467E23Rik	chr8	19729576	19753527	protein_coding	ENSMUSG00000096265	+	4930467E23Rik	343
344	Gm10060	chr8	19784746	19784856	processed_pseudogene	ENSMUSG00000110669	+	Gm10060	344
345	Gm31371	chr8	19903392	19925713	protein_coding	ENSMUSG00000110591	+	Gm31371	345
346	Gm20786	chr8	19942830	19943265	processed_pseudogene	ENSMUSG00000110460	-	Gm20786	346
347	Gm40466	chr8	20001099	20008736	unprocessed_pseudogene	ENSMUSG00000110649	+	Gm40466	347
348	Gm20778	chr8	20035108	20040320	unprocessed_pseudogene	ENSMUSG00000094421	+	Gm20778	348
349	Gm21769	chr8	20122384	20122494	processed_pseudogene	ENSMUSG00000110458	+	Gm21769	349
350	Gm21811	chr8	20136502	20151665	unprocessed_pseudogene	ENSMUSG00000096401	+	Gm21811	350
351	6820431F20Rik	chr8	20262613	20297432	transcribed_unprocessed_pseudogene	ENSMUSG00000071796	-	6820431F20Rik	351
352	Gm15319	chr8	20337664	20363210	protein_coding	ENSMUSG00000074449	-	Gm15319	352
353	Gm7807	chr8	20381081	20381658	processed_pseudogene	ENSMUSG00000110637	+	Gm7807	353
354	2610005L07Rik	chr8	20385782	20424814	transcribed_unprocessed_pseudogene	ENSMUSG00000071793	-	2610005L07Rik	354
355	Gm21182	chr8	20556693	20557486	processed_pseudogene	ENSMUSG00000095766	-	Gm21182	355
356	Gm21092	chr8	20567597	20582771	unprocessed_pseudogene	ENSMUSG00000095403	+	Gm21092	356
357	Gm21112	chr8	20596464	20597041	processed_pseudogene	ENSMUSG00000110574	-	Gm21112	357
358	Gm21119	chr8	20614919	20640703	protein_coding	ENSMUSG00000095294	+	Gm21119	358
359	Gm20946	chr8	20828353	20833219	unprocessed_pseudogene	ENSMUSG00000110699	+	Gm20946	359
360	Gm20797	chr8	20841352	20842350	unprocessed_pseudogene	ENSMUSG00000096890	-	Gm20797	360
361	Gm20945	chr8	20869506	20870650	processed_pseudogene	ENSMUSG00000094534	-	Gm20945	361
362	Gm20796	chr8	20882363	20888200	processed_pseudogene	ENSMUSG00000093800	-	Gm20796	362
363	Defb33	chr8	20892669	20897723	protein_coding	ENSMUSG00000074454	+	Defb33	363
364	Gm15056	chr8	20900606	20902627	protein_coding	ENSMUSG00000082976	-	Gm15056	364
365	Gm6040	chr8	20916490	20922071	protein_coding	ENSMUSG00000071165	-	Gm6040	365
366	AY761185	chr8	20943694	20944710	protein_coding	ENSMUSG00000079120	-	AY761185	366
367	Defa21	chr8	21025545	21026516	protein_coding	ENSMUSG00000074447	+	Defa21	367
368	Defa23	chr8	21055047	21056016	protein_coding	ENSMUSG00000074446	+	Defa23	368
369	Defa35	chr8	21065038	21065996	protein_coding	ENSMUSG00000061845	+	Defa35	369
370	Defa-ps3	chr8	21078141	21078846	unprocessed_pseudogene	ENSMUSG00000087663	+	Defa-ps3	370
371	Defa25	chr8	21084442	21085285	protein_coding	ENSMUSG00000094687	+	Defa25	371
372	Gm6689	chr8	21091366	21091846	processed_pseudogene	ENSMUSG00000085898	+	Gm6689	372
373	Gm14851	chr8	21095074	21096050	protein_coding	ENSMUSG00000061958	-	Gm14851	373
374	Gm24568	chr8	21095624	21095715	snoRNA	ENSMUSG00000094516	-	Gm24568	374
375	Gm2869	chr8	21100651	21103271	processed_pseudogene	ENSMUSG00000085173	+	Gm2869	375
376	Defa30	chr8	21134642	21135598	protein_coding	ENSMUSG00000074444	+	Defa30	376
377	Defa31	chr8	21191614	21192549	protein_coding	ENSMUSG00000074442	+	Defa31	377
378	Gm15293	chr8	21201561	21202539	protein_coding	ENSMUSG00000079116	+	Gm15293	378
379	Defa-ps5	chr8	21218984	21219763	unprocessed_pseudogene	ENSMUSG00000094321	+	Defa-ps5	379
380	Defa-ps6	chr8	21225406	21226247	unprocessed_pseudogene	ENSMUSG00000095328	+	Defa-ps6	380
381	Gm15303	chr8	21236674	21239297	processed_pseudogene	ENSMUSG00000082957	+	Gm15303	381
382	Gm15300	chr8	21309162	21309942	unprocessed_pseudogene	ENSMUSG00000083251	+	Gm15300	382
383	Defa27	chr8	21315546	21316481	protein_coding	ENSMUSG00000082211	+	Defa27	383
384	Defa29	chr8	21325887	21327020	protein_coding	ENSMUSG00000074437	-	Defa29	384
385	Gm15302	chr8	21330947	21333576	processed_pseudogene	ENSMUSG00000084377	+	Gm15302	385
386	Defa-ps16	chr8	21342586	21342756	unprocessed_pseudogene	ENSMUSG00000082918	+	Defa-ps16	386
387	Defa36	chr8	21427411	21428391	protein_coding	ENSMUSG00000094662	+	Defa36	387
388	Gm15305	chr8	21438675	21439467	unprocessed_pseudogene	ENSMUSG00000084344	+	Gm15305	388
389	Gm7849	chr8	21455445	21456560	protein_coding	ENSMUSG00000079114	-	Gm7849	389
390	Gm15304	chr8	21460958	21463597	processed_pseudogene	ENSMUSG00000081321	+	Gm15304	390
391	Defa32	chr8	21529032	21530012	protein_coding	ENSMUSG00000094818	+	Defa32	391
392	Gm24423	chr8	21548060	21548165	snRNA	ENSMUSG00000075934	-	Gm24423	392
393	Gm15311	chr8	21576640	21577426	unprocessed_pseudogene	ENSMUSG00000083987	+	Gm15311	393
394	Defa26	chr8	21618183	21618972	protein_coding	ENSMUSG00000060070	+	Defa26	394
395	Gm15313	chr8	21639071	21640378	unprocessed_pseudogene	ENSMUSG00000084366	+	Gm15313	395
396	Defa17	chr8	21655780	21656735	protein_coding	ENSMUSG00000060208	+	Defa17	396
397	Defa-ps9	chr8	21688648	21689428	unprocessed_pseudogene	ENSMUSG00000082859	+	Defa-ps9	397
398	AY761184	chr8	21702519	21703645	protein_coding	ENSMUSG00000058618	-	AY761184	398
399	Gm22447	chr8	21703175	21703266	snoRNA	ENSMUSG00000095507	-	Gm22447	399
400	Gm7869	chr8	21708029	21709350	processed_pseudogene	ENSMUSG00000081668	+	Gm7869	400
401	Defa24	chr8	21734494	21735471	protein_coding	ENSMUSG00000064213	+	Defa24	401
402	Defa-ps11	chr8	21749175	21750000	unprocessed_pseudogene	ENSMUSG00000084254	+	Defa-ps11	402
403	Defb1	chr8	21776599	21795185	protein_coding	ENSMUSG00000044748	+	Defb1	403
404	Gm15316	chr8	21816964	21817384	processed_pseudogene	ENSMUSG00000082698	-	Gm15316	404
405	Defb50	chr8	21823539	21831296	protein_coding	ENSMUSG00000058568	+	Defb50	405
406	Defb2	chr8	21839926	21843482	protein_coding	ENSMUSG00000006570	+	Defb2	406
407	Defb10	chr8	21858901	21862011	protein_coding	ENSMUSG00000044743	+	Defb10	407
408	Defb9	chr8	21881713	21885421	protein_coding	ENSMUSG00000047390	-	Defb9	408
409	Defb11	chr8	21905376	21906412	protein_coding	ENSMUSG00000045337	-	Defb11	409
410	Gm36879	chr8	21906664	21934313	lncRNA	ENSMUSG00000110616	+	Gm36879	410
411	Defb15	chr8	21929799	21932710	protein_coding	ENSMUSG00000048500	-	Defb15	411
412	Gm45796	chr8	21935351	21935824	unprocessed_pseudogene	ENSMUSG00000110681	+	Gm45796	412
413	Defb35	chr8	21938352	21940878	protein_coding	ENSMUSG00000058052	+	Defb35	413
414	Defb13	chr8	21946762	21948850	protein_coding	ENSMUSG00000044222	+	Defb13	414
415	Fam90a1a	chr8	21958714	21964303	protein_coding	ENSMUSG00000079112	+	Fam90a1a	415
416	Ccdc70	chr8	21969775	21974041	protein_coding	ENSMUSG00000017049	+	Ccdc70	416
417	Atp7b	chr8	21992785	22060305	protein_coding	ENSMUSG00000006567	-	Atp7b	417
418	Alg11	chr8	22060721	22071627	protein_coding	ENSMUSG00000063362	+	Alg11	418
419	Nek5	chr8	22073616	22125053	protein_coding	ENSMUSG00000037738	-	Nek5	419
420	Nek3	chr8	22128283	22166435	protein_coding	ENSMUSG00000031478	-	Nek3	420
421	Ckap2	chr8	22168160	22185819	protein_coding	ENSMUSG00000037725	-	Ckap2	421
422	Vps36	chr8	22192809	22220843	protein_coding	ENSMUSG00000031479	+	Vps36	422
423	Thsd1	chr8	22227313	22261334	protein_coding	ENSMUSG00000031480	+	Thsd1	423
424	Rpl30-ps2	chr8	22230902	22231192	processed_pseudogene	ENSMUSG00000090007	-	Rpl30-ps2	424
425	Tpte	chr8	22283441	22371418	protein_coding	ENSMUSG00000031481	+	Tpte	425
426	Slc25a15	chr8	22375551	22398597	protein_coding	ENSMUSG00000031482	-	Slc25a15	426
427	1810012K16Rik	chr8	22398721	22399596	lncRNA	ENSMUSG00000099825	+	1810012K16Rik	427
428	Gm6009	chr8	22407542	22407821	processed_pseudogene	ENSMUSG00000109938	+	Gm6009	428
429	Gm45453	chr8	22410457	22411309	TEC	ENSMUSG00000110129	+	Gm45453	429
430	Mrps31	chr8	22411361	22429665	protein_coding	ENSMUSG00000031533	+	Mrps31	430
431	Smim19	chr8	22462614	22476882	protein_coding	ENSMUSG00000031534	-	Smim19	431
432	Slc20a2	chr8	22476788	22569612	protein_coding	ENSMUSG00000037656	+	Slc20a2	432
433	Gm17491	chr8	22480291	22483332	lncRNA	ENSMUSG00000097042	+	Gm17491	433
434	Vdac3	chr8	22577075	22593813	protein_coding	ENSMUSG00000008892	-	Vdac3	434
435	Dkk4	chr8	22624043	22627547	protein_coding	ENSMUSG00000031535	+	Dkk4	435
436	Polb	chr8	22628126	22653435	protein_coding	ENSMUSG00000031536	-	Polb	436
437	Ikbkb	chr8	22659212	22706589	protein_coding	ENSMUSG00000031537	-	Ikbkb	437
438	Gm15346	chr8	22686265	22695646	lncRNA	ENSMUSG00000085199	+	Gm15346	438
439	Plat	chr8	22757727	22782844	protein_coding	ENSMUSG00000031538	+	Plat	439
440	Ap3m2	chr8	22787354	22805622	protein_coding	ENSMUSG00000031539	-	Ap3m2	440
441	1700041G16Rik	chr8	22805766	22809537	lncRNA	ENSMUSG00000054822	+	1700041G16Rik	441
442	Gm24735	chr8	22822428	22822545	snRNA	ENSMUSG00000089484	-	Gm24735	442
443	Kat6a	chr8	22859535	22943259	protein_coding	ENSMUSG00000031540	+	Kat6a	443
444	Gm45555	chr8	22873589	22876190	TEC	ENSMUSG00000109652	+	Gm45555	444
445	Gm10043	chr8	22958207	22958441	processed_pseudogene	ENSMUSG00000109793	-	Gm10043	445
446	Ank1	chr8	22974844	23150497	protein_coding	ENSMUSG00000031543	+	Ank1	446
447	Gm44365	chr8	23101972	23102096	miRNA	ENSMUSG00000106605	-	Gm44365	447
448	Gm15815	chr8	23127456	23127710	processed_pseudogene	ENSMUSG00000083285	+	Gm15815	448
449	Gm15816	chr8	23138794	23149585	lncRNA	ENSMUSG00000086741	-	Gm15816	449
450	Nkx6-3	chr8	23153269	23158948	protein_coding	ENSMUSG00000063672	+	Nkx6-3	450
451	Gpat4	chr8	23171265	23208346	protein_coding	ENSMUSG00000031545	-	Gpat4	451
452	B230112G18Rik	chr8	23208512	23209362	TEC	ENSMUSG00000103925	+	B230112G18Rik	452
453	Gins4	chr8	23226616	23237659	protein_coding	ENSMUSG00000031546	-	Gins4	453
454	Golga7	chr8	23241346	23257074	protein_coding	ENSMUSG00000015341	-	Golga7	454
455	Gm45412	chr8	23256635	23258909	TEC	ENSMUSG00000110256	+	Gm45412	455
456	Sfrp1	chr8	23411502	23449632	protein_coding	ENSMUSG00000031548	+	Sfrp1	456
457	Zmat4	chr8	23636019	24156585	protein_coding	ENSMUSG00000037492	+	Zmat4	457
458	Gm45165	chr8	23696005	23697635	TEC	ENSMUSG00000109413	+	Gm45165	458
459	Gm45166	chr8	23752083	23752765	TEC	ENSMUSG00000109158	-	Gm45166	459
460	A730045E13Rik	chr8	24173904	24185568	lncRNA	ENSMUSG00000053979	+	A730045E13Rik	460
461	Gm45163	chr8	24220510	24230146	lncRNA	ENSMUSG00000109419	+	Gm45163	461
462	Gm45164	chr8	24353944	24359436	lncRNA	ENSMUSG00000109299	-	Gm45164	462
463	Gm30692	chr8	24412179	24416937	lncRNA	ENSMUSG00000109141	+	Gm30692	463
464	Gm26714	chr8	24422404	24440008	lncRNA	ENSMUSG00000097654	+	Gm26714	464
465	Tcim	chr8	24437180	24438984	protein_coding	ENSMUSG00000056313	-	Tcim	465
466	Gm44620	chr8	24447097	24449983	TEC	ENSMUSG00000108820	+	Gm44620	466
467	9130214F15Rik	chr8	24506430	24508082	TEC	ENSMUSG00000109237	+	9130214F15Rik	467
468	Ido2	chr8	24531892	24576333	protein_coding	ENSMUSG00000031549	-	Ido2	468
469	Ido1	chr8	24584136	24597009	protein_coding	ENSMUSG00000031551	-	Ido1	469
470	Adam18	chr8	24602246	24674755	protein_coding	ENSMUSG00000031552	-	Adam18	470
471	Adam3	chr8	24677225	24725852	protein_coding	ENSMUSG00000031553	-	Adam3	471
472	Gm26208	chr8	24680814	24680937	snoRNA	ENSMUSG00000089302	+	Gm26208	472
473	Gm45528	chr8	24711406	24714550	TEC	ENSMUSG00000110225	+	Gm45528	473
474	Adam5	chr8	24727093	24824369	protein_coding	ENSMUSG00000031554	-	Adam5	474
475	Adam32	chr8	24836140	24948804	protein_coding	ENSMUSG00000037437	-	Adam32	475
476	Gm23898	chr8	24938300	24938402	snRNA	ENSMUSG00000088736	+	Gm23898	476
477	Adam9	chr8	24949611	25016927	protein_coding	ENSMUSG00000031555	-	Adam9	477
478	Tm2d2	chr8	25017211	25023260	protein_coding	ENSMUSG00000031556	+	Tm2d2	478
479	Htra4	chr8	25024929	25038962	protein_coding	ENSMUSG00000037406	-	Htra4	479
480	Gm16933	chr8	25037052	25041892	lncRNA	ENSMUSG00000086289	+	Gm16933	480
481	Plekha2	chr8	25039144	25102376	protein_coding	ENSMUSG00000031557	-	Plekha2	481
482	5830408C22Rik	chr8	25101216	25109986	lncRNA	ENSMUSG00000110148	+	5830408C22Rik	482
483	Gm45745	chr8	25103489	25104668	TEC	ENSMUSG00000109684	-	Gm45745	483
484	Tacc1	chr8	25154552	25256588	protein_coding	ENSMUSG00000065954	-	Tacc1	484
485	Mir8108	chr8	25159125	25159233	miRNA	ENSMUSG00000099142	-	Mir8108	485
486	5430421F17Rik	chr8	25302650	25306270	lncRNA	ENSMUSG00000110140	-	5430421F17Rik	486
487	Gm39147	chr8	25399020	25427436	transcribed_processed_pseudogene	ENSMUSG00000110172	+	Gm39147	487
488	Gm30978	chr8	25415119	25429224	lncRNA	ENSMUSG00000110110	-	Gm30978	488
489	Gm45237	chr8	25440618	25448762	lncRNA	ENSMUSG00000110017	+	Gm45237	489
490	Gm45238	chr8	25443668	25454107	lncRNA	ENSMUSG00000110399	-	Gm45238	490
491	Gm10689	chr8	25454273	25454704	processed_pseudogene	ENSMUSG00000074412	+	Gm10689	491
492	Gm31045	chr8	25463677	25487585	lncRNA	ENSMUSG00000110063	-	Gm31045	492
493	Fgfr1	chr8	25513654	25575718	protein_coding	ENSMUSG00000031565	+	Fgfr1	493
494	Gm16159	chr8	25548661	25556083	lncRNA	ENSMUSG00000086134	-	Gm16159	494
495	Letm2	chr8	25578490	25597582	protein_coding	ENSMUSG00000037363	-	Letm2	495
496	Gm45570	chr8	25594454	25595106	lncRNA	ENSMUSG00000110038	-	Gm45570	496
497	D830025C05Rik	chr8	25597012	25599207	lncRNA	ENSMUSG00000043794	+	D830025C05Rik	497
498	Nsd3	chr8	25601601	25719667	protein_coding	ENSMUSG00000054823	+	Nsd3	498
499	Gm23184	chr8	25610428	25610558	snoRNA	ENSMUSG00000084543	-	Gm23184	499
500	Gm24992	chr8	25631950	25632079	snoRNA	ENSMUSG00000088037	+	Gm24992	500
501	Gm23094	chr8	25678950	25679271	misc_RNA	ENSMUSG00000088176	+	Gm23094	501
502	Gm45343	chr8	25687369	25688196	TEC	ENSMUSG00000110088	+	Gm45343	502
503	Gm45342	chr8	25692146	25693508	TEC	ENSMUSG00000109679	+	Gm45342	503
504	Plpp5	chr8	25720037	25724887	protein_coding	ENSMUSG00000031570	+	Plpp5	504
505	Ddhd2	chr8	25725346	25754596	protein_coding	ENSMUSG00000061313	-	Ddhd2	505
506	6430710M23Rik	chr8	25744390	25745580	TEC	ENSMUSG00000110127	-	6430710M23Rik	506
507	Gm17484	chr8	25754480	25769704	lncRNA	ENSMUSG00000091514	+	Gm17484	507
508	Bag4	chr8	25764538	25785287	protein_coding	ENSMUSG00000037316	-	Bag4	508
509	Lsm1	chr8	25785288	25803975	protein_coding	ENSMUSG00000037296	+	Lsm1	509
510	Star	chr8	25806555	25815982	protein_coding	ENSMUSG00000031574	+	Star	510
511	Ash2l	chr8	25815996	25847694	protein_coding	ENSMUSG00000031575	-	Ash2l	511
512	Kcnu1	chr8	25849623	25937939	protein_coding	ENSMUSG00000031576	+	Kcnu1	512
513	Hgsnat	chr8	25944453	25976753	protein_coding	ENSMUSG00000037260	-	Hgsnat	513
514	Pomk	chr8	25980604	25994133	protein_coding	ENSMUSG00000037251	-	Pomk	514
515	Fnta	chr8	25998722	26015650	protein_coding	ENSMUSG00000015994	-	Fnta	515
516	Hook3	chr8	26021421	26119224	protein_coding	ENSMUSG00000037234	-	Hook3	516
517	Gm45411	chr8	26023410	26032253	lncRNA	ENSMUSG00000110183	+	Gm45411	517
518	Gm45413	chr8	26062515	26066052	TEC	ENSMUSG00000109640	-	Gm45413	518
519	1700047A11Rik	chr8	26082609	26096522	lncRNA	ENSMUSG00000085437	+	1700047A11Rik	519
520	Rnf170	chr8	26119368	26151790	protein_coding	ENSMUSG00000013878	+	Rnf170	520
521	Gm45692	chr8	26119534	26160819	protein_coding	ENSMUSG00000109850	+	Gm45692	521
522	Gm45251	chr8	26131178	26132642	TEC	ENSMUSG00000110120	-	Gm45251	522
523	Gm45250	chr8	26151888	26155479	lncRNA	ENSMUSG00000110317	-	Gm45250	523
524	Thap1	chr8	26158141	26164151	protein_coding	ENSMUSG00000037214	+	Thap1	524
525	Gm44299	chr8	26219461	26219549	miRNA	ENSMUSG00000105292	+	Gm44299	525
526	AC154102.1	chr8	26237222	26237407	unprocessed_pseudogene	ENSMUSG00000118460	+	AC154102.1	526
527	Gm22227	chr8	26240150	26240408	misc_RNA	ENSMUSG00000087981	-	Gm22227	527
528	Gm45305	chr8	26242724	26244051	lncRNA	ENSMUSG00000110075	+	Gm45305	528
529	Gm31727	chr8	26266977	26273555	lncRNA	ENSMUSG00000110417	+	Gm31727	529
530	Gm31784	chr8	26298352	26312334	lncRNA	ENSMUSG00000110229	-	Gm31784	530
531	Gm45307	chr8	26298634	26354163	lncRNA	ENSMUSG00000109682	+	Gm45307	531
532	Gm31898	chr8	26428281	26435713	lncRNA	ENSMUSG00000109996	-	Gm31898	532
533	Gm45580	chr8	26438829	26440492	lncRNA	ENSMUSG00000110383	+	Gm45580	533
534	Gm31983	chr8	26450460	26484652	lncRNA	ENSMUSG00000109961	-	Gm31983	534
535	Gm39149	chr8	26560461	26579802	lncRNA	ENSMUSG00000110222	-	Gm39149	535
536	Gm32050	chr8	26626744	26627480	lncRNA	ENSMUSG00000110351	-	Gm32050	536
537	Gm45584	chr8	26637675	26639952	lncRNA	ENSMUSG00000110338	+	Gm45584	537
538	Gm32098	chr8	26665893	26668306	lncRNA	ENSMUSG00000109680	-	Gm32098	538
539	Gm45646	chr8	26745929	26760561	lncRNA	ENSMUSG00000109689	-	Gm45646	539
540	Gm45647	chr8	26780315	26780509	processed_pseudogene	ENSMUSG00000110297	+	Gm45647	540
541	2310008N11Rik	chr8	26814593	26884380	lncRNA	ENSMUSG00000100335	-	2310008N11Rik	541
542	Gm45572	chr8	26966434	26967474	lncRNA	ENSMUSG00000110345	+	Gm45572	542
543	Zfp703	chr8	26977325	26981461	protein_coding	ENSMUSG00000085795	+	Zfp703	543
544	Gm45371	chr8	26977391	26980001	lncRNA	ENSMUSG00000109954	-	Gm45371	544
545	Gm45370	chr8	26996250	26998954	lncRNA	ENSMUSG00000109621	+	Gm45370	545
546	Gm32389	chr8	27008467	27012903	lncRNA	ENSMUSG00000109603	+	Gm32389	546
547	Gm19164	chr8	27019454	27020093	processed_pseudogene	ENSMUSG00000110081	-	Gm19164	547
548	Erlin2	chr8	27023261	27040328	protein_coding	ENSMUSG00000031483	+	Erlin2	548
549	Proscos	chr8	27042377	27043042	lncRNA	ENSMUSG00000091154	-	Proscos	549
550	Plpbp	chr8	27042555	27056132	protein_coding	ENSMUSG00000031485	+	Plpbp	550
551	Adgra2	chr8	27085583	27123436	protein_coding	ENSMUSG00000031486	+	Adgra2	551
552	Brf2	chr8	27123364	27128680	protein_coding	ENSMUSG00000031487	-	Brf2	552
553	Rab11fip1	chr8	27138773	27174646	protein_coding	ENSMUSG00000031488	-	Rab11fip1	553
554	4933416M07Rik	chr8	27142910	27146304	lncRNA	ENSMUSG00000097262	+	4933416M07Rik	554
555	Gm45267	chr8	27159828	27170691	lncRNA	ENSMUSG00000109589	+	Gm45267	555
556	Gm45266	chr8	27168840	27171012	TEC	ENSMUSG00000109719	-	Gm45266	556
557	Got1l1	chr8	27197459	27223828	protein_coding	ENSMUSG00000039720	-	Got1l1	557
558	Adrb3	chr8	27225776	27250616	protein_coding	ENSMUSG00000031489	-	Adrb3	558
559	Gm45470	chr8	27228686	27240332	lncRNA	ENSMUSG00000109674	+	Gm45470	559
560	Eif4ebp1	chr8	27260329	27276674	protein_coding	ENSMUSG00000031490	+	Eif4ebp1	560
561	5430430B14Rik	chr8	27279441	27281070	TEC	ENSMUSG00000109953	+	5430430B14Rik	561
562	Gm9731	chr8	27296055	27296801	processed_pseudogene	ENSMUSG00000110154	+	Gm9731	562
563	Tex24	chr8	27344394	27349188	protein_coding	ENSMUSG00000071138	+	Tex24	563
564	Chrnb3	chr8	27368711	27399730	protein_coding	ENSMUSG00000031492	+	Chrnb3	564
565	Chrna6	chr8	27403212	27413944	protein_coding	ENSMUSG00000031491	-	Chrna6	565
566	Gm24410	chr8	27421324	27421430	snRNA	ENSMUSG00000065367	-	Gm24410	566
567	Gm45861	chr8	27447100	27620917	protein_coding	ENSMUSG00000110333	+	Gm45861	567
568	Poteg	chr8	27447670	27495172	protein_coding	ENSMUSG00000063932	+	Poteg	568
569	Gm1698	chr8	27604351	27620452	lncRNA	ENSMUSG00000074404	+	Gm1698	569
570	Gm45751	chr8	28082694	28084266	TEC	ENSMUSG00000110343	-	Gm45751	570
571	Gm8096	chr8	28083330	28084920	processed_pseudogene	ENSMUSG00000110372	-	Gm8096	571
572	1700008N11Rik	chr8	28084828	28085596	lncRNA	ENSMUSG00000109657	+	1700008N11Rik	572
573	Gm8100	chr8	28185840	28186827	processed_pseudogene	ENSMUSG00000098056	+	Gm8100	573
574	Gm8110	chr8	28520676	28529237	lncRNA	ENSMUSG00000110322	+	Gm8110	574
575	Gm45571	chr8	28527826	28529717	lncRNA	ENSMUSG00000109794	-	Gm45571	575
576	Gm26795	chr8	28593505	28595599	lncRNA	ENSMUSG00000097776	+	Gm26795	576
577	Unc5d	chr8	28646717	29219636	protein_coding	ENSMUSG00000063626	-	Unc5d	577
578	Gm9911	chr8	29084685	29087486	TEC	ENSMUSG00000109874	-	Gm9911	578
579	Gm45652	chr8	29088073	29091903	TEC	ENSMUSG00000110263	-	Gm45652	579
580	Svet1	chr8	29108837	29112776	TEC	ENSMUSG00000109648	-	Svet1	580
581	Gm32567	chr8	29228598	29235104	lncRNA	ENSMUSG00000110180	-	Gm32567	581
582	Nudc-ps1	chr8	29286431	29286981	processed_pseudogene	ENSMUSG00000110331	-	Nudc-ps1	582
583	Gm45492	chr8	30081673	30081960	processed_pseudogene	ENSMUSG00000109597	-	Gm45492	583
584	Gm39154	chr8	30112310	30121214	lncRNA	ENSMUSG00000109666	-	Gm39154	584
585	Gm6853	chr8	30177932	30183860	transcribed_unprocessed_pseudogene	ENSMUSG00000109586	-	Gm6853	585
586	Gm45490	chr8	30439747	30442224	lncRNA	ENSMUSG00000110006	-	Gm45490	586
587	Gm45489	chr8	30482983	30513811	lncRNA	ENSMUSG00000110223	-	Gm45489	587
588	4933433F19Rik	chr8	30568393	30575573	lncRNA	ENSMUSG00000097044	+	4933433F19Rik	588
589	Gm45252	chr8	31003908	31004304	processed_pseudogene	ENSMUSG00000109614	+	Gm45252	589
590	Dusp26	chr8	31089471	31097047	protein_coding	ENSMUSG00000039661	+	Dusp26	590
591	Rnf122	chr8	31111820	31131482	protein_coding	ENSMUSG00000039328	+	Rnf122	591
592	Snord13	chr8	31149864	31149967	snoRNA	ENSMUSG00000088252	-	Snord13	592
593	Tti2	chr8	31150315	31164702	protein_coding	ENSMUSG00000031577	+	Tti2	593
594	Mak16	chr8	31159463	31168764	protein_coding	ENSMUSG00000031578	-	Mak16	594
595	Fut10	chr8	31187331	31261738	protein_coding	ENSMUSG00000046152	+	Fut10	595
596	Gm8051	chr8	31214886	31215351	processed_pseudogene	ENSMUSG00000083588	-	Gm8051	596
597	Gm8168	chr8	31279867	31280814	processed_pseudogene	ENSMUSG00000110133	-	Gm8168	597
598	7420700N18Rik	chr8	31378813	31382439	lncRNA	ENSMUSG00000109915	+	7420700N18Rik	598
599	Gm19096	chr8	31380551	31381316	processed_pseudogene	ENSMUSG00000109705	-	Gm19096	599
600	AC132410.1	chr8	31398031	31398417	processed_pseudogene	ENSMUSG00000118533	+	AC132410.1	600
601	Gm45303	chr8	31491976	31500090	lncRNA	ENSMUSG00000109605	+	Gm45303	601
602	Gm45304	chr8	31598979	31663828	lncRNA	ENSMUSG00000110329	-	Gm45304	602
603	Gm24184	chr8	31661331	31661431	misc_RNA	ENSMUSG00000084524	-	Gm24184	603
604	Gm5117	chr8	31737208	31739760	processed_pseudogene	ENSMUSG00000093862	-	Gm5117	604
605	Nrg1	chr8	31814551	32884797	protein_coding	ENSMUSG00000062991	-	Nrg1	605
606	AC132407.1	chr8	31918573	31918758	protein_coding	ENSMUSG00000118541	-	AC132407.1	606
607	Gm3985	chr8	32888505	32950026	lncRNA	ENSMUSG00000079070	-	Gm3985	607
608	Gm45587	chr8	32972831	33056091	lncRNA	ENSMUSG00000110214	-	Gm45587	608
609	Gm6877	chr8	33191196	33192296	processed_pseudogene	ENSMUSG00000083557	-	Gm6877	609
610	Wrn	chr8	33234384	33385527	protein_coding	ENSMUSG00000031583	-	Wrn	610
611	Purg	chr8	33386325	33417467	protein_coding	ENSMUSG00000049184	+	Purg	611
612	Hmgb1-rs17	chr8	33484196	33485167	unprocessed_pseudogene	ENSMUSG00000109750	+	Hmgb1-rs17	612
613	Tex15	chr8	33516738	33585582	protein_coding	ENSMUSG00000009628	+	Tex15	613
614	Ppp2cb	chr8	33599625	33619441	protein_coding	ENSMUSG00000009630	+	Ppp2cb	614
615	Ubxn8	chr8	33619586	33641967	protein_coding	ENSMUSG00000052906	-	Ubxn8	615
616	Gsr	chr8	33652523	33698163	protein_coding	ENSMUSG00000031584	+	Gsr	616
617	Gm24727	chr8	33691801	33691944	snoRNA	ENSMUSG00000088856	+	Gm24727	617
618	1700104B16Rik	chr8	33730534	33731819	lncRNA	ENSMUSG00000049476	-	1700104B16Rik	618
619	Gtf2e2	chr8	33731833	33777173	protein_coding	ENSMUSG00000031585	+	Gtf2e2	619
620	Smim18	chr8	33742112	33747770	protein_coding	ENSMUSG00000094500	-	Smim18	620
621	Rbpms	chr8	33782643	33929863	protein_coding	ENSMUSG00000031586	-	Rbpms	621
622	Gm26632	chr8	33813203	33833094	lncRNA	ENSMUSG00000097442	+	Gm26632	622
623	Gm26978	chr8	33884774	33885747	lncRNA	ENSMUSG00000098166	-	Gm26978	623
624	Gm45817	chr8	33985444	33987200	TEC	ENSMUSG00000110614	-	Gm45817	624
625	Gm39157	chr8	33985914	33990524	lncRNA	ENSMUSG00000110663	+	Gm39157	625
626	Gm9951	chr8	34049262	34057046	lncRNA	ENSMUSG00000054618	+	Gm9951	626
627	Dctn6	chr8	34090420	34108796	protein_coding	ENSMUSG00000031516	-	Dctn6	627
628	Gm10131	chr8	34111002	34111737	protein_coding	ENSMUSG00000063412	-	Gm10131	628
629	Mboat4	chr8	34115030	34125182	protein_coding	ENSMUSG00000071113	+	Mboat4	629
630	Gm39158	chr8	34119011	34120208	lncRNA	ENSMUSG00000109869	-	Gm39158	630
631	Leprotl1	chr8	34135572	34147033	protein_coding	ENSMUSG00000031513	-	Leprotl1	631
632	Gm45269	chr8	34152690	34152971	processed_pseudogene	ENSMUSG00000110247	+	Gm45269	632
633	Saraf	chr8	34154575	34170821	protein_coding	ENSMUSG00000031532	+	Saraf	633
634	Mir6395	chr8	34166622	34166712	miRNA	ENSMUSG00000098785	-	Mir6395	634
635	Gm29243	chr8	34216859	34226145	lncRNA	ENSMUSG00000100605	+	Gm29243	635
636	Gm23177	chr8	34295856	34295976	miRNA	ENSMUSG00000080434	-	Gm23177	636
637	Gm6100	chr8	34307285	34307687	processed_pseudogene	ENSMUSG00000095202	-	Gm6100	637
638	Gm8254	chr8	34321853	34322824	processed_pseudogene	ENSMUSG00000098046	-	Gm8254	638
639	Gm4889	chr8	34327910	34328353	processed_pseudogene	ENSMUSG00000056797	+	Gm4889	639
640	Gm45350	chr8	34344696	34362842	lncRNA	ENSMUSG00000109964	-	Gm45350	640
641	Gm33831	chr8	34380544	34385828	lncRNA	ENSMUSG00000110178	-	Gm33831	641
642	Gm45349	chr8	34419237	34472995	lncRNA	ENSMUSG00000110369	-	Gm45349	642
643	Gm8268	chr8	34507207	34507664	processed_pseudogene	ENSMUSG00000109580	+	Gm8268	643
644	Gm33968	chr8	34523318	34526628	lncRNA	ENSMUSG00000110015	+	Gm33968	644
645	B930018H19Rik	chr8	34589420	34640316	lncRNA	ENSMUSG00000109819	-	B930018H19Rik	645
646	Gm34096	chr8	34608305	34619429	lncRNA	ENSMUSG00000109880	+	Gm34096	646
647	Gm45627	chr8	34658106	34659369	lncRNA	ENSMUSG00000109846	-	Gm45627	647
648	Dusp4	chr8	34807297	34819894	protein_coding	ENSMUSG00000031530	+	Dusp4	648
649	Tnks	chr8	34826460	34965690	protein_coding	ENSMUSG00000031529	-	Tnks	649
650	Gm9939	chr8	34965052	34967727	lncRNA	ENSMUSG00000054247	+	Gm9939	650
651	Gm34368	chr8	34967274	34979874	lncRNA	ENSMUSG00000109717	-	Gm34368	651
652	Gm8291	chr8	35052123	35053383	processed_pseudogene	ENSMUSG00000110361	-	Gm8291	652
653	Gm34419	chr8	35094545	35105029	lncRNA	ENSMUSG00000110130	+	Gm34419	653
654	Rpl31-ps23	chr8	35132995	35133532	processed_pseudogene	ENSMUSG00000097106	-	Rpl31-ps23	654
655	Gm45626	chr8	35150086	35150446	processed_pseudogene	ENSMUSG00000109678	-	Gm45626	655
656	Gm45625	chr8	35179103	35183886	lncRNA	ENSMUSG00000110314	-	Gm45625	656
657	Gm34474	chr8	35218638	35222071	lncRNA	ENSMUSG00000109773	+	Gm34474	657
658	Gm34533	chr8	35222958	35226103	lncRNA	ENSMUSG00000109607	+	Gm34533	658
659	Gm34597	chr8	35233303	35245479	lncRNA	ENSMUSG00000109688	-	Gm34597	659
660	Gm45469	chr8	35367750	35376392	lncRNA	ENSMUSG00000109698	-	Gm45469	660
661	Ppp1r3b	chr8	35375739	35388139	protein_coding	ENSMUSG00000046794	+	Ppp1r3b	661
662	Gm45301	chr8	35407471	35409506	lncRNA	ENSMUSG00000110384	-	Gm45301	662
663	Gm34853	chr8	35439734	35443698	lncRNA	ENSMUSG00000110367	+	Gm34853	663
664	Eri1	chr8	35465253	35496196	protein_coding	ENSMUSG00000031527	-	Eri1	664
665	Gm16793	chr8	35582503	35588972	lncRNA	ENSMUSG00000097357	-	Gm16793	665
666	Mfhas1	chr8	35587798	35679449	protein_coding	ENSMUSG00000070056	+	Mfhas1	666
667	1700015I17Rik	chr8	35707660	35719949	lncRNA	ENSMUSG00000110335	-	1700015I17Rik	667
668	Gm35021	chr8	35724175	35757517	lncRNA	ENSMUSG00000109714	+	Gm35021	668
669	Gm44474	chr8	35763930	35764056	miRNA	ENSMUSG00000104820	-	Gm44474	669
670	Gm19410	chr8	35765790	35818047	protein_coding	ENSMUSG00000109372	+	Gm19410	670
671	Gm45566	chr8	35800686	35801853	processed_pseudogene	ENSMUSG00000110359	-	Gm45566	671
672	Cldn23	chr8	35824712	35826559	protein_coding	ENSMUSG00000055976	-	Cldn23	672
673	5430403N17Rik	chr8	35864085	35882957	lncRNA	ENSMUSG00000109761	-	5430403N17Rik	673
674	Gm22030	chr8	35977516	35977578	miRNA	ENSMUSG00000080592	-	Gm22030	674
675	Rps12-ps24	chr8	36025753	36026133	processed_pseudogene	ENSMUSG00000098181	+	Rps12-ps24	675
676	Prag1	chr8	36094828	36147787	protein_coding	ENSMUSG00000050271	+	Prag1	676
677	Gm38414	chr8	36156010	36161588	lncRNA	ENSMUSG00000109704	+	Gm38414	677
678	Gm39164	chr8	36174140	36176047	lncRNA	ENSMUSG00000110321	-	Gm39164	678
679	4933430A20Rik	chr8	36176141	36178423	lncRNA	ENSMUSG00000110116	+	4933430A20Rik	679
680	Gm35520	chr8	36188372	36202020	lncRNA	ENSMUSG00000110176	+	Gm35520	680
681	Lonrf1	chr8	36216064	36249516	protein_coding	ENSMUSG00000039633	-	Lonrf1	681
682	Gm5787	chr8	36372596	36373633	processed_pseudogene	ENSMUSG00000098154	-	Gm5787	682
683	Trmt9b	chr8	36457548	36516570	protein_coding	ENSMUSG00000039620	+	Trmt9b	683
684	Dlc1	chr8	36567751	36953143	protein_coding	ENSMUSG00000031523	-	Dlc1	684
685	G630064G18Rik	chr8	36985573	37024238	lncRNA	ENSMUSG00000110242	-	G630064G18Rik	685
686	AI429214	chr8	36993604	36995533	protein_coding	ENSMUSG00000074384	+	AI429214	686
687	Gm45690	chr8	37027093	37027338	processed_pseudogene	ENSMUSG00000110158	+	Gm45690	687
688	Gm10683	chr8	37088936	37090309	TEC	ENSMUSG00000109817	-	Gm10683	688
689	Gm8342	chr8	37094703	37095459	processed_pseudogene	ENSMUSG00000109668	+	Gm8342	689
690	Gm45524	chr8	37097018	37188061	lncRNA	ENSMUSG00000110285	+	Gm45524	690
691	Gm3433	chr8	37103866	37106827	unprocessed_pseudogene	ENSMUSG00000110337	+	Gm3433	691
692	Gm7319	chr8	37154715	37155808	processed_pseudogene	ENSMUSG00000109932	+	Gm7319	692
693	Gm45523	chr8	37183218	37184232	processed_pseudogene	ENSMUSG00000109646	-	Gm45523	693
694	Gm45522	chr8	37250821	37250986	processed_pseudogene	ENSMUSG00000109795	+	Gm45522	694
695	Gm25126	chr8	37317477	37317578	snRNA	ENSMUSG00000065277	-	Gm25126	695
696	Gm45368	chr8	37322385	37350753	lncRNA	ENSMUSG00000110312	-	Gm45368	696
697	Gm6203	chr8	37371824	37373165	processed_pseudogene	ENSMUSG00000110415	-	Gm6203	697
698	Sgcz	chr8	37522298	38661508	protein_coding	ENSMUSG00000039539	-	Sgcz	698
699	Gm16205	chr8	37787666	37788692	processed_pseudogene	ENSMUSG00000081316	-	Gm16205	699
700	Gm16204	chr8	38076714	38079639	processed_pseudogene	ENSMUSG00000081517	+	Gm16204	700
701	Mir383	chr8	38252133	38252202	miRNA	ENSMUSG00000065457	-	Mir383	701
702	Gm40493	chr8	38659763	38671066	lncRNA	ENSMUSG00000110236	+	Gm40493	702
703	Tusc3	chr8	39005845	39165114	protein_coding	ENSMUSG00000039530	+	Tusc3	703
704	Gm20948	chr8	39201049	39201497	processed_pseudogene	ENSMUSG00000109922	+	Gm20948	704
705	Gm17766	chr8	39204018	39204459	processed_pseudogene	ENSMUSG00000110153	+	Gm17766	705
706	Zfp148-ps1	chr8	39282243	39285147	processed_pseudogene	ENSMUSG00000109601	+	Zfp148-ps1	706
707	Gm6213	chr8	39297980	39368268	lncRNA	ENSMUSG00000109827	+	Gm6213	707
708	Gm18644	chr8	39310452	39311694	processed_pseudogene	ENSMUSG00000109955	-	Gm18644	708
709	Gm5609	chr8	39455910	39457176	processed_pseudogene	ENSMUSG00000110118	+	Gm5609	709
710	Msr1	chr8	39581685	39642673	protein_coding	ENSMUSG00000025044	-	Msr1	710
711	Gm2033	chr8	39718680	39720966	processed_pseudogene	ENSMUSG00000109789	-	Gm2033	711
712	Gm7082	chr8	40016714	40018248	processed_pseudogene	ENSMUSG00000109815	+	Gm7082	712
713	Fgf20	chr8	40279166	40308331	protein_coding	ENSMUSG00000031603	-	Fgf20	713
714	Micu3	chr8	40307458	40386308	protein_coding	ENSMUSG00000039478	+	Micu3	714
715	Zdhhc2	chr8	40423815	40510268	protein_coding	ENSMUSG00000039470	+	Zdhhc2	715
716	Cnot7	chr8	40492540	40515847	protein_coding	ENSMUSG00000031601	-	Cnot7	716
717	Vps37a	chr8	40511783	40550757	protein_coding	ENSMUSG00000031600	+	Vps37a	717
718	Mtmr7	chr8	40551095	40634797	protein_coding	ENSMUSG00000039431	-	Mtmr7	718
719	Adam24	chr8	40675077	40682199	protein_coding	ENSMUSG00000046723	+	Adam24	719
720	Gm45660	chr8	40683497	40683647	processed_pseudogene	ENSMUSG00000109658	-	Gm45660	720
721	Gm8423	chr8	40712681	40713287	processed_pseudogene	ENSMUSG00000110315	-	Gm8423	721
722	Gm2080	chr8	40724832	40726404	processed_pseudogene	ENSMUSG00000110228	+	Gm2080	722
723	Gm5749	chr8	40748003	40749092	processed_pseudogene	ENSMUSG00000110370	-	Gm5749	723
724	Adam25	chr8	40752208	40756176	protein_coding	ENSMUSG00000071937	+	Adam25	724
725	Gm8436	chr8	40789057	40790136	processed_pseudogene	ENSMUSG00000110032	-	Gm8436	725
726	Adam20	chr8	40793273	40797303	protein_coding	ENSMUSG00000046282	+	Adam20	726
727	Adam39	chr8	40822990	40827037	protein_coding	ENSMUSG00000054033	+	Adam39	727
728	Gm5345	chr8	40853828	40855027	processed_pseudogene	ENSMUSG00000098050	-	Gm5345	728
729	Slc7a2	chr8	40862396	40922308	protein_coding	ENSMUSG00000031596	+	Slc7a2	729
730	Pdgfrl	chr8	40926212	40990785	protein_coding	ENSMUSG00000031595	+	Pdgfrl	730
731	Mtus1	chr8	40990914	41133726	protein_coding	ENSMUSG00000045636	-	Mtus1	731
732	B430010I23Rik	chr8	41017468	41024216	lncRNA	ENSMUSG00000084960	+	B430010I23Rik	732
733	Gm16192	chr8	41039756	41042053	lncRNA	ENSMUSG00000086773	+	Gm16192	733
734	Gm16193	chr8	41053110	41064706	lncRNA	ENSMUSG00000085672	+	Gm16193	734
735	Fgl1	chr8	41191434	41215156	protein_coding	ENSMUSG00000031594	-	Fgl1	735
736	Gm16348	chr8	41218139	41220894	lncRNA	ENSMUSG00000085445	+	Gm16348	736
737	Pcm1	chr8	41239752	41332344	protein_coding	ENSMUSG00000031592	+	Pcm1	737
738	Asah1	chr8	41340197	41374773	protein_coding	ENSMUSG00000031591	-	Asah1	738
739	Frg1	chr8	41397459	41417074	protein_coding	ENSMUSG00000031590	-	Frg1	739
740	Gapdh-ps14	chr8	41608668	41609669	processed_pseudogene	ENSMUSG00000098149	-	Gapdh-ps14	740
741	Smarce1-ps1	chr8	41657593	41658669	processed_pseudogene	ENSMUSG00000094568	-	Smarce1-ps1	741
742	2810404M03Rik	chr8	41827267	42046202	lncRNA	ENSMUSG00000102046	+	2810404M03Rik	742
743	Hspd1-ps1	chr8	41923520	41927130	processed_pseudogene	ENSMUSG00000108069	+	Hspd1-ps1	743
744	Zfp353-ps	chr8	42081460	42083109	processed_pseudogene	ENSMUSG00000095057	-	Zfp353-ps	744
745	Gm6180	chr8	42246911	42247408	processed_pseudogene	ENSMUSG00000053038	+	Gm6180	745
746	Gm23531	chr8	42522136	42522203	snoRNA	ENSMUSG00000077755	-	Gm23531	746
747	Gm18414	chr8	42769434	42770127	processed_pseudogene	ENSMUSG00000109987	+	Gm18414	747
748	Triml1	chr8	43129807	43141486	protein_coding	ENSMUSG00000031651	-	Triml1	748
749	Gm6284	chr8	43158754	43163944	processed_pseudogene	ENSMUSG00000109991	+	Gm6284	749
750	Triml2	chr8	43180541	43193881	protein_coding	ENSMUSG00000091490	+	Triml2	750
751	Gm2221	chr8	43199968	43200385	processed_pseudogene	ENSMUSG00000109974	+	Gm2221	751
752	Zfp42	chr8	43295063	43306980	protein_coding	ENSMUSG00000051176	-	Zfp42	752
753	Adam26b	chr8	43519762	43528106	protein_coding	ENSMUSG00000063900	-	Adam26b	753
754	Adam26a	chr8	43568278	43576707	protein_coding	ENSMUSG00000048516	-	Adam26a	754
755	Gm5346	chr8	43624951	43627276	protein_coding	ENSMUSG00000050190	-	Gm5346	755
756	Adam34	chr8	43650309	43710049	protein_coding	ENSMUSG00000079058	-	Adam34	756
757	Gm5347	chr8	43673721	43676047	processed_pseudogene	ENSMUSG00000109723	-	Gm5347	757
758	Gm35629	chr8	43699258	43701498	processed_pseudogene	ENSMUSG00000110155	-	Gm35629	758
759	Gm45488	chr8	43703479	43754163	lncRNA	ENSMUSG00000110168	+	Gm45488	759
760	Gm6011	chr8	43722269	43724064	processed_pseudogene	ENSMUSG00000110224	-	Gm6011	760
761	Gm6303	chr8	43729479	43729949	processed_pseudogene	ENSMUSG00000110036	-	Gm6303	761
762	Gm45657	chr8	43749052	43750400	processed_pseudogene	ENSMUSG00000110347	-	Gm45657	762
763	Gm45658	chr8	43804844	43805423	processed_pseudogene	ENSMUSG00000109826	+	Gm45658	763
764	Gm45659	chr8	43908656	43914604	lncRNA	ENSMUSG00000109993	-	Gm45659	764
765	Gm37972	chr8	44227718	44228545	TEC	ENSMUSG00000102378	-	Gm37972	765
766	Gm26241	chr8	44547974	44548074	miRNA	ENSMUSG00000092685	-	Gm26241	766
767	Gm26089	chr8	44601833	44601939	rRNA	ENSMUSG00000088523	+	Gm26089	767
768	Gm9908	chr8	44934712	44935159	lncRNA	ENSMUSG00000110409	-	Gm9908	768
769	Fat1	chr8	44935447	45052257	protein_coding	ENSMUSG00000070047	+	Fat1	769
770	Gm2366	chr8	45017216	45022385	lncRNA	ENSMUSG00000097491	-	Gm2366	770
771	AY512931	chr8	45060702	45065418	lncRNA	ENSMUSG00000066158	-	AY512931	771
772	Mtnr1a	chr8	45069137	45088506	protein_coding	ENSMUSG00000054764	+	Mtnr1a	772
773	Gm30504	chr8	45110481	45196541	lncRNA	ENSMUSG00000110260	+	Gm30504	773
774	Gm6329	chr8	45160494	45165219	lncRNA	ENSMUSG00000110231	-	Gm6329	774
775	F11	chr8	45241174	45262031	protein_coding	ENSMUSG00000031645	-	F11	775
776	Klkb1	chr8	45266689	45294859	protein_coding	ENSMUSG00000109764	-	Klkb1	776
777	Gm45753	chr8	45269671	45308466	protein_coding	ENSMUSG00000031640	-	Gm45753	777
778	Cyp4v3	chr8	45304944	45333216	protein_coding	ENSMUSG00000079057	-	Cyp4v3	778
779	Fam149a	chr8	45336717	45382291	protein_coding	ENSMUSG00000070044	-	Fam149a	779
780	Tlr3	chr8	45395665	45411080	protein_coding	ENSMUSG00000031639	-	Tlr3	780
781	Gm45542	chr8	45410063	45410760	lncRNA	ENSMUSG00000109785	+	Gm45542	781
782	Sorbs2	chr8	45507788	45827906	protein_coding	ENSMUSG00000031626	+	Sorbs2	782
783	Gm45458	chr8	45539594	45540115	TEC	ENSMUSG00000109665	-	Gm45458	783
784	Gm16351	chr8	45547377	45605140	lncRNA	ENSMUSG00000084954	-	Gm16351	784
785	Gm23604	chr8	45581616	45581747	snoRNA	ENSMUSG00000077499	-	Gm23604	785
786	Sorbs2os	chr8	45723325	45819297	lncRNA	ENSMUSG00000085440	-	Sorbs2os	786
787	Gm45457	chr8	45779228	45782316	TEC	ENSMUSG00000110411	+	Gm45457	787
788	Gm25309	chr8	45864478	45864603	snRNA	ENSMUSG00000080378	-	Gm25309	788
789	Pdlim3	chr8	45885461	45919548	protein_coding	ENSMUSG00000031636	+	Pdlim3	789
790	Gm45512	chr8	45920872	45922424	TEC	ENSMUSG00000110071	+	Gm45512	790
791	Ccdc110	chr8	45934619	45944145	protein_coding	ENSMUSG00000071104	+	Ccdc110	791
792	Gm15878	chr8	45949612	45949917	processed_pseudogene	ENSMUSG00000087542	+	Gm15878	792
793	1700029J07Rik	chr8	45953606	45975252	protein_coding	ENSMUSG00000071103	-	1700029J07Rik	793
794	Ufsp2	chr8	45975528	45996958	protein_coding	ENSMUSG00000031634	+	Ufsp2	794
795	Ankrd37	chr8	45996902	46005707	protein_coding	ENSMUSG00000050914	-	Ankrd37	795
796	Lrp2bp	chr8	45999303	46029477	protein_coding	ENSMUSG00000031637	+	Lrp2bp	796
797	Snx25	chr8	46033261	46152159	protein_coding	ENSMUSG00000038291	-	Snx25	797
798	Gm23030	chr8	46107259	46107531	misc_RNA	ENSMUSG00000088629	+	Gm23030	798
799	Cfap97	chr8	46151771	46195590	protein_coding	ENSMUSG00000031631	+	Cfap97	799
800	Gm15634	chr8	46152610	46156100	lncRNA	ENSMUSG00000086279	+	Gm15634	800
801	Gm45693	chr8	46162090	46163246	TEC	ENSMUSG00000109902	+	Gm45693	801
802	Slc25a4	chr8	46206797	46211284	protein_coding	ENSMUSG00000031633	-	Slc25a4	802
803	Actg-ps1	chr8	46228994	46230117	processed_pseudogene	ENSMUSG00000074978	+	Actg-ps1	803
804	Gm10313	chr8	46254677	46255678	processed_pseudogene	ENSMUSG00000071102	-	Gm10313	804
805	Gm8575	chr8	46279672	46280192	processed_pseudogene	ENSMUSG00000109692	+	Gm8575	805
806	Helt	chr8	46292039	46294671	protein_coding	ENSMUSG00000047171	-	Helt	806
807	Gm39168	chr8	46299131	46325674	lncRNA	ENSMUSG00000110179	+	Gm39168	807
808	Gm45255	chr8	46313801	46314611	TEC	ENSMUSG00000109743	+	Gm45255	808
809	Gm30931	chr8	46363251	46367204	lncRNA	ENSMUSG00000110035	+	Gm30931	809
810	Gm45253	chr8	46372106	46385888	lncRNA	ENSMUSG00000109612	-	Gm45253	810
811	Gm45245	chr8	46451929	46452304	processed_pseudogene	ENSMUSG00000109912	-	Gm45245	811
812	Acsl1	chr8	46471037	46536051	protein_coding	ENSMUSG00000018796	+	Acsl1	812
813	Gm45244	chr8	46471391	46473590	TEC	ENSMUSG00000109807	-	Gm45244	813
814	Cenpu	chr8	46552028	46580007	protein_coding	ENSMUSG00000031629	+	Cenpu	814
815	Primpol	chr8	46575594	46617212	protein_coding	ENSMUSG00000038225	-	Primpol	815
816	Gm45607	chr8	46604749	46605963	lncRNA	ENSMUSG00000110270	+	Gm45607	816
817	Casp3	chr8	46617291	46639689	protein_coding	ENSMUSG00000031628	+	Casp3	817
818	Gm16675	chr8	46668808	46739515	lncRNA	ENSMUSG00000097534	-	Gm16675	818
819	Irf2	chr8	46739732	46847458	protein_coding	ENSMUSG00000031627	+	Irf2	819
820	Gm45479	chr8	46763251	46764973	lncRNA	ENSMUSG00000109751	-	Gm45479	820
821	Gm31172	chr8	46770553	46770985	lncRNA	ENSMUSG00000110374	-	Gm31172	821
822	Gm45481	chr8	46833036	46833912	TEC	ENSMUSG00000110414	-	Gm45481	822
823	1700011L03Rik	chr8	46946795	46948799	lncRNA	ENSMUSG00000109759	-	1700011L03Rik	823
824	Enpp6	chr8	46986887	47096762	protein_coding	ENSMUSG00000038173	+	Enpp6	824
825	Gm45600	chr8	46994795	47014177	lncRNA	ENSMUSG00000109888	-	Gm45600	825
826	4930579M01Rik	chr8	47026805	47038177	lncRNA	ENSMUSG00000086190	-	4930579M01Rik	826
827	E330018M18Rik	chr8	47135651	47163704	lncRNA	ENSMUSG00000110264	+	E330018M18Rik	827
828	Stox2	chr8	47180048	47446362	protein_coding	ENSMUSG00000038143	-	Stox2	828
829	Gm45537	chr8	47224459	47227166	TEC	ENSMUSG00000109606	-	Gm45537	829
830	Gm22857	chr8	47440418	47440551	snoRNA	ENSMUSG00000092710	+	Gm22857	830
831	Trappc11	chr8	47490115	47533470	protein_coding	ENSMUSG00000038102	-	Trappc11	831
832	Rwdd4a	chr8	47533664	47552955	protein_coding	ENSMUSG00000031568	+	Rwdd4a	832
833	Gm45576	chr8	47557529	47567896	lncRNA	ENSMUSG00000110363	+	Gm45576	833
834	Gm27409	chr8	47591668	47591747	miRNA	ENSMUSG00000098402	+	Gm27409	834
835	Gm45575	chr8	47627553	47628100	processed_pseudogene	ENSMUSG00000109960	-	Gm45575	835
836	Gm8623	chr8	47632329	47632764	processed_pseudogene	ENSMUSG00000062458	-	Gm8623	836
837	Ing2	chr8	47667178	47675556	protein_coding	ENSMUSG00000063049	-	Ing2	837
838	AA386476	chr8	47675391	47685239	lncRNA	ENSMUSG00000074357	+	AA386476	838
839	Cdkn2aip	chr8	47709344	47713932	protein_coding	ENSMUSG00000038069	-	Cdkn2aip	839
840	E030037K01Rik	chr8	47713266	47715021	lncRNA	ENSMUSG00000097706	+	E030037K01Rik	840
841	n-R5s96	chr8	47719246	47719369	rRNA	ENSMUSG00000064508	+	n-R5s96	841
842	Gm31786	chr8	47744712	47750134	lncRNA	ENSMUSG00000110665	-	Gm31786	842
843	Gm45824	chr8	47764054	47766125	lncRNA	ENSMUSG00000110604	-	Gm45824	843
844	Gm45864	chr8	47773555	47777802	lncRNA	ENSMUSG00000110539	+	Gm45864	844
845	1700061N14Rik	chr8	47811724	47818221	lncRNA	ENSMUSG00000110464	-	1700061N14Rik	845
846	Cldn24	chr8	47822143	47822805	protein_coding	ENSMUSG00000061974	+	Cldn24	846
847	Wwc2	chr8	47823959	47990924	protein_coding	ENSMUSG00000031563	-	Wwc2	847
848	Cldn22	chr8	47824482	47825476	protein_coding	ENSMUSG00000038064	+	Cldn22	848
849	n-R5s97	chr8	47899182	47899294	rRNA	ENSMUSG00000064519	+	n-R5s97	849
850	Gm32052	chr8	48002210	48009133	lncRNA	ENSMUSG00000110624	-	Gm32052	850
851	Gm2607	chr8	48070002	48070628	processed_pseudogene	ENSMUSG00000110544	-	Gm2607	851
852	Dctd	chr8	48099092	48153233	protein_coding	ENSMUSG00000031562	+	Dctd	852
853	Tenm3	chr8	48227682	48843951	protein_coding	ENSMUSG00000031561	-	Tenm3	853
854	Gm32842	chr8	48270248	48270985	processed_pseudogene	ENSMUSG00000110480	-	Gm32842	854
855	Gm45772	chr8	48630930	48631169	processed_pseudogene	ENSMUSG00000110509	-	Gm45772	855
856	Gm19744	chr8	48843665	48869901	lncRNA	ENSMUSG00000100706	+	Gm19744	856
857	Gm45830	chr8	49044280	49046017	lncRNA	ENSMUSG00000110503	+	Gm45830	857
858	Gm45829	chr8	49063879	49071859	lncRNA	ENSMUSG00000110606	+	Gm45829	858
859	Gm45832	chr8	49230527	49231969	TEC	ENSMUSG00000110465	-	Gm45832	859
860	4930555F03Rik	chr8	49370886	49548994	lncRNA	ENSMUSG00000031559	+	4930555F03Rik	860
861	Gm45577	chr8	49462453	49464739	TEC	ENSMUSG00000110137	-	Gm45577	861
862	Gm45697	chr8	49485770	49488645	TEC	ENSMUSG00000110564	-	Gm45697	862
863	Gm45696	chr8	49521424	49522408	TEC	ENSMUSG00000110688	+	Gm45696	863
864	Gm45321	chr8	49818937	49949006	lncRNA	ENSMUSG00000109907	+	Gm45321	864
865	Gm45322	chr8	49838068	49839428	lncRNA	ENSMUSG00000110051	+	Gm45322	865
866	Gm45323	chr8	49959483	50013384	lncRNA	ENSMUSG00000110375	-	Gm45323	866
867	Gm45324	chr8	49989907	49995544	TEC	ENSMUSG00000110147	+	Gm45324	867
868	Gm45341	chr8	50117745	50517889	lncRNA	ENSMUSG00000109838	-	Gm45341	868
869	Gm45455	chr8	50201613	50517680	lncRNA	ENSMUSG00000109741	-	Gm45455	869
870	Gm2516	chr8	50368112	50416088	lncRNA	ENSMUSG00000110281	+	Gm2516	870
871	Gm45259	chr8	50389092	50390097	TEC	ENSMUSG00000110050	+	Gm45259	871
872	Gm23986	chr8	50563241	50563303	snRNA	ENSMUSG00000087769	+	Gm23986	872
873	C130073E24Rik	chr8	50743291	50916997	lncRNA	ENSMUSG00000110246	-	C130073E24Rik	873
874	Gm32975	chr8	51177683	51180608	lncRNA	ENSMUSG00000109944	+	Gm32975	874
875	Gm8679	chr8	51275890	51276925	processed_pseudogene	ENSMUSG00000109691	+	Gm8679	875
876	Gm17911	chr8	51453395	51454271	processed_pseudogene	ENSMUSG00000110085	+	Gm17911	876
877	Gm6458	chr8	51879563	51880197	processed_pseudogene	ENSMUSG00000109897	+	Gm6458	877
878	Gm45389	chr8	52024987	52031271	lncRNA	ENSMUSG00000110163	-	Gm45389	878
879	Gm45388	chr8	52080163	52099750	lncRNA	ENSMUSG00000109823	+	Gm45388	879
880	Gm9892	chr8	52196065	52197056	processed_pseudogene	ENSMUSG00000052825	-	Gm9892	880
881	Gm6463	chr8	52278506	52279471	processed_pseudogene	ENSMUSG00000098231	-	Gm6463	881
882	Gm25813	chr8	52336915	52337105	snRNA	ENSMUSG00000064682	-	Gm25813	882
883	1190028D05Rik	chr8	52356611	52403339	lncRNA	ENSMUSG00000110013	+	1190028D05Rik	883
884	Gm9685	chr8	52774131	52774668	processed_pseudogene	ENSMUSG00000109983	+	Gm9685	884
885	Gm23666	chr8	53006408	53006523	snoRNA	ENSMUSG00000088678	+	Gm23666	885
886	Gm45554	chr8	53436100	53480650	lncRNA	ENSMUSG00000110362	+	Gm45554	886
887	Gm27964	chr8	53493763	53493824	snRNA	ENSMUSG00000098878	+	Gm27964	887
888	Gm22841	chr8	53493853	53493914	snRNA	ENSMUSG00000089068	+	Gm22841	888
889	Aga	chr8	53511727	53523421	protein_coding	ENSMUSG00000031521	+	Aga	889
890	Neil3	chr8	53586867	53639065	protein_coding	ENSMUSG00000039396	-	Neil3	890
891	Gm19921	chr8	53911739	53912441	processed_pseudogene	ENSMUSG00000110334	+	Gm19921	891
892	Vegfc	chr8	54077606	54187096	protein_coding	ENSMUSG00000031520	+	Vegfc	892
893	Spcs3	chr8	54520433	54529998	protein_coding	ENSMUSG00000054408	-	Spcs3	893
894	Asb5	chr8	54529580	54587875	protein_coding	ENSMUSG00000031519	+	Asb5	894
895	5330439A09Rik	chr8	54568550	54600987	lncRNA	ENSMUSG00000089708	-	5330439A09Rik	895
896	Spata4	chr8	54600781	54610098	protein_coding	ENSMUSG00000031518	+	Spata4	896
897	Wdr17	chr8	54629055	54887184	protein_coding	ENSMUSG00000039375	-	Wdr17	897
898	Gm15758	chr8	54708987	54710381	lncRNA	ENSMUSG00000089719	+	Gm15758	898
899	n-R5s98	chr8	54866261	54866379	rRNA	ENSMUSG00000084498	+	n-R5s98	899
900	Gpm6a	chr8	54954843	55060871	protein_coding	ENSMUSG00000031517	+	Gpm6a	900
901	Gm45263	chr8	54959819	54961193	TEC	ENSMUSG00000110342	+	Gm45263	901
902	Gm45265	chr8	55005285	55007781	TEC	ENSMUSG00000109725	+	Gm45265	902
903	Gm45264	chr8	55028401	55032395	TEC	ENSMUSG00000109927	+	Gm45264	903
904	Gm45262	chr8	55043059	55044521	TEC	ENSMUSG00000109942	+	Gm45262	904
905	A230085B16Rik	chr8	55055874	55057729	TEC	ENSMUSG00000110047	+	A230085B16Rik	905
906	9330121K16Rik	chr8	55073249	55077134	TEC	ENSMUSG00000110249	+	9330121K16Rik	906
907	Gm8734	chr8	55080404	55081715	processed_pseudogene	ENSMUSG00000109736	-	Gm8734	907
908	Gm20586	chr8	55532291	55532837	processed_pseudogene	ENSMUSG00000110025	+	Gm20586	908
909	Gm18320	chr8	55659353	55659947	processed_pseudogene	ENSMUSG00000110064	+	Gm18320	909
910	Gm45610	chr8	55777199	55777982	processed_pseudogene	ENSMUSG00000109943	+	Gm45610	910
911	Adam29	chr8	55870912	55906948	protein_coding	ENSMUSG00000046258	-	Adam29	911
912	Glra3	chr8	55940460	56130070	protein_coding	ENSMUSG00000038257	+	Glra3	912
913	Gm7351	chr8	55973640	55974219	processed_pseudogene	ENSMUSG00000110164	-	Gm7351	913
914	Gm45366	chr8	56016717	56017100	processed_pseudogene	ENSMUSG00000109662	-	Gm45366	914
915	Hpgd	chr8	56294585	56321043	protein_coding	ENSMUSG00000031613	+	Hpgd	915
916	Gm45540	chr8	56311304	56314909	TEC	ENSMUSG00000110397	+	Gm45540	916
917	Gm7419	chr8	56453515	56454439	processed_pseudogene	ENSMUSG00000110309	+	Gm7419	917
918	4930518J21Rik	chr8	56465622	56484968	lncRNA	ENSMUSG00000110310	-	4930518J21Rik	918
919	Cep44	chr8	56531522	56551047	protein_coding	ENSMUSG00000038215	-	Cep44	919
920	Fbxo8	chr8	56551090	56593939	protein_coding	ENSMUSG00000038206	+	Fbxo8	920
921	Gm2767	chr8	56560916	56561388	processed_pseudogene	ENSMUSG00000110318	+	Gm2767	921
922	Gm25992	chr8	56561301	56561409	miRNA	ENSMUSG00000076392	+	Gm25992	922
923	Gm6503	chr8	56713049	56715273	processed_pseudogene	ENSMUSG00000109760	+	Gm6503	923
924	Gm33501	chr8	56860568	56888893	lncRNA	ENSMUSG00000110000	-	Gm33501	924
925	Gm7328	chr8	56952829	56955053	processed_pseudogene	ENSMUSG00000110043	+	Gm7328	925
926	Hand2os1	chr8	57281117	57324233	lncRNA	ENSMUSG00000100510	-	Hand2os1	926
927	Gm17994	chr8	57291520	57292052	processed_pseudogene	ENSMUSG00000110327	-	Gm17994	927
928	Hand2	chr8	57320983	57324633	protein_coding	ENSMUSG00000038193	+	Hand2	928
929	Gm34030	chr8	57331692	57334585	lncRNA	ENSMUSG00000109697	-	Gm34030	929
930	5033428I22Rik	chr8	57332118	57354580	lncRNA	ENSMUSG00000097910	+	5033428I22Rik	930
931	Gm34099	chr8	57403104	57415052	lncRNA	ENSMUSG00000109629	+	Gm34099	931
932	Scrg1	chr8	57455923	57477585	protein_coding	ENSMUSG00000031610	+	Scrg1	932
933	Sap30	chr8	57482707	57487860	protein_coding	ENSMUSG00000031609	-	Sap30	933
934	2500002B13Rik	chr8	57488054	57508877	lncRNA	ENSMUSG00000096917	+	2500002B13Rik	934
935	Hmgb2	chr8	57511907	57515999	protein_coding	ENSMUSG00000054717	+	Hmgb2	935
936	Gm6012	chr8	57520157	57520886	processed_pseudogene	ENSMUSG00000109899	-	Gm6012	936
937	Galnt7	chr8	57523828	57653032	protein_coding	ENSMUSG00000031608	-	Galnt7	937
938	Gm25379	chr8	57549775	57549888	snoRNA	ENSMUSG00000077526	+	Gm25379	938
939	Gm10284	chr8	57550299	57551303	processed_pseudogene	ENSMUSG00000070025	+	Gm10284	939
940	Gm45534	chr8	57604818	57607156	TEC	ENSMUSG00000110405	-	Gm45534	940
941	Gm45360	chr8	57626083	57627487	TEC	ENSMUSG00000109852	-	Gm45360	941
942	Gm19269	chr8	57639330	57640133	TEC	ENSMUSG00000110238	-	Gm19269	942
943	Gm45358	chr8	57641518	57643822	TEC	ENSMUSG00000109585	-	Gm45358	943
944	4930412F12Rik	chr8	57650889	57652359	TEC	ENSMUSG00000110289	-	4930412F12Rik	944
945	AW046200	chr8	57651757	57663430	lncRNA	ENSMUSG00000110419	+	AW046200	945
946	Gm45359	chr8	57658262	57658688	lncRNA	ENSMUSG00000109728	+	Gm45359	946
947	Gm45644	chr8	57696723	57699462	TEC	ENSMUSG00000109636	+	Gm45644	947
948	Gm45356	chr8	57699774	57727344	lncRNA	ENSMUSG00000110162	+	Gm45356	948
949	Galntl6	chr8	57774052	58912640	protein_coding	ENSMUSG00000096914	-	Galntl6	949
950	Gm45633	chr8	57891743	57894995	TEC	ENSMUSG00000109753	+	Gm45633	950
951	Gm45635	chr8	58246587	58248720	TEC	ENSMUSG00000109963	+	Gm45635	951
952	Gm15882	chr8	58523294	58524326	lncRNA	ENSMUSG00000090003	+	Gm15882	952
953	Gm45634	chr8	58602605	58604594	TEC	ENSMUSG00000110227	-	Gm45634	953
954	Gm45636	chr8	58662429	58663492	TEC	ENSMUSG00000109791	-	Gm45636	954
955	Gm15881	chr8	58699846	58700787	processed_pseudogene	ENSMUSG00000085254	-	Gm15881	955
956	BC030500	chr8	58911755	58914298	protein_coding	ENSMUSG00000049946	+	BC030500	956
957	Gm7499	chr8	59092611	59093423	processed_pseudogene	ENSMUSG00000109746	-	Gm7499	957
958	Gm5740	chr8	59219317	59221173	processed_pseudogene	ENSMUSG00000110401	+	Gm5740	958
959	Gm34370	chr8	59419306	59451513	lncRNA	ENSMUSG00000110381	+	Gm34370	959
960	Gm24847	chr8	59559315	59559422	snRNA	ENSMUSG00000088657	+	Gm24847	960
961	4930470O06Rik	chr8	59825649	59844723	lncRNA	ENSMUSG00000110406	+	4930470O06Rik	961
962	Gm34623	chr8	60195802	60280346	lncRNA	ENSMUSG00000109966	+	Gm34623	962
963	Gm10283	chr8	60430024	60503198	protein_coding	ENSMUSG00000070023	-	Gm10283	963
964	Aadat	chr8	60505932	60545677	protein_coding	ENSMUSG00000057228	+	Aadat	964
965	Gm34730	chr8	60616416	60632731	lncRNA	ENSMUSG00000109930	-	Gm34730	965
966	Mfap3l	chr8	60632827	60676729	protein_coding	ENSMUSG00000031647	+	Mfap3l	966
967	Gm45650	chr8	60719291	60725806	lncRNA	ENSMUSG00000109992	+	Gm45650	967
968	Gm45651	chr8	60757119	60757453	processed_pseudogene	ENSMUSG00000109988	+	Gm45651	968
969	Stambp-ps2	chr8	60792221	60793428	processed_pseudogene	ENSMUSG00000109797	+	Stambp-ps2	969
970	Gm23329	chr8	60807739	60807846	snoRNA	ENSMUSG00000088040	-	Gm23329	970
971	Gm45485	chr8	60846312	60846668	processed_pseudogene	ENSMUSG00000110261	+	Gm45485	971
972	Hpf1	chr8	60890418	60908671	protein_coding	ENSMUSG00000038005	+	Hpf1	972
973	Clcn3	chr8	60910389	60983300	protein_coding	ENSMUSG00000004319	-	Clcn3	973
974	B230317F23Rik	chr8	60983437	60985908	lncRNA	ENSMUSG00000045746	+	B230317F23Rik	974
975	Nek1	chr8	60993195	61131346	protein_coding	ENSMUSG00000031644	+	Nek1	975
976	Gm45484	chr8	61024131	61025271	TEC	ENSMUSG00000110046	+	Gm45484	976
977	Gm45809	chr8	61050049	61053942	TEC	ENSMUSG00000109708	+	Gm45809	977
978	Gm45483	chr8	61075365	61077046	TEC	ENSMUSG00000109693	+	Gm45483	978
979	Gm16179	chr8	61112130	61112502	processed_pseudogene	ENSMUSG00000080956	-	Gm16179	979
980	Gm16178	chr8	61117605	61194648	lncRNA	ENSMUSG00000086681	-	Gm16178	980
981	Sh3rf1	chr8	61223872	61396071	protein_coding	ENSMUSG00000031642	+	Sh3rf1	981
982	1700001D01Rik	chr8	61281522	61288872	lncRNA	ENSMUSG00000099419	-	1700001D01Rik	982
983	Gm10015	chr8	61364019	61364483	processed_pseudogene	ENSMUSG00000056943	-	Gm10015	983
984	Gm7432	chr8	61380509	61381387	processed_pseudogene	ENSMUSG00000109610	-	Gm7432	984
985	Cbr4	chr8	61487734	61506694	protein_coding	ENSMUSG00000031641	+	Cbr4	985
986	Palld	chr8	61511433	61902690	protein_coding	ENSMUSG00000058056	-	Palld	986
987	Gm18066	chr8	61819743	61821516	processed_pseudogene	ENSMUSG00000110131	-	Gm18066	987
988	4930512H18Rik	chr8	61849006	61922834	lncRNA	ENSMUSG00000086866	+	4930512H18Rik	988
989	Gm45418	chr8	61921746	61928028	lncRNA	ENSMUSG00000109729	-	Gm45418	989
990	Ddx60	chr8	61928087	62038244	protein_coding	ENSMUSG00000037921	+	Ddx60	990
991	Anxa10	chr8	62057042	62123150	protein_coding	ENSMUSG00000031635	-	Anxa10	991
992	Gm2961	chr8	62193441	62194212	processed_pseudogene	ENSMUSG00000110252	-	Gm2961	992
993	Hspd1-ps2	chr8	62486792	62488488	processed_pseudogene	ENSMUSG00000109687	-	Hspd1-ps2	993
994	Gm2975	chr8	62539650	62540469	processed_pseudogene	ENSMUSG00000109895	+	Gm2975	994
995	Gm7561	chr8	62546946	62547831	processed_pseudogene	ENSMUSG00000109740	-	Gm7561	995
996	Gm45460	chr8	62616317	62634645	lncRNA	ENSMUSG00000109767	-	Gm45460	996
997	Gm45459	chr8	62646335	62855382	lncRNA	ENSMUSG00000109994	-	Gm45459	997
998	Gm45462	chr8	62749686	62761858	lncRNA	ENSMUSG00000110364	+	Gm45462	998
999	Gm22324	chr8	62783612	62783725	snoRNA	ENSMUSG00000089528	+	Gm22324	999
1000	Spock3	chr8	62951009	63357103	protein_coding	ENSMUSG00000054162	+	Spock3	1000
1001	Gm45461	chr8	62979221	62983755	TEC	ENSMUSG00000109744	+	Gm45461	1001
1002	Gm45516	chr8	63020866	63025047	TEC	ENSMUSG00000110308	+	Gm45516	1002
1003	Gm45517	chr8	63198972	63201439	TEC	ENSMUSG00000109622	+	Gm45517	1003
1004	Gm18645	chr8	63522920	63525878	processed_pseudogene	ENSMUSG00000110300	+	Gm18645	1004
1005	Gm35368	chr8	63545943	63552805	lncRNA	ENSMUSG00000109999	+	Gm35368	1005
1006	Gm45589	chr8	63700863	63739577	lncRNA	ENSMUSG00000109825	-	Gm45589	1006
1007	Gm5350	chr8	63778051	63779052	processed_pseudogene	ENSMUSG00000098106	+	Gm5350	1007
1008	Sgo2b	chr8	63924694	63952248	protein_coding	ENSMUSG00000094443	-	Sgo2b	1008
1009	Gm45513	chr8	63999252	63999627	processed_pseudogene	ENSMUSG00000110305	-	Gm45513	1009
1010	Tll1	chr8	64014931	64206271	protein_coding	ENSMUSG00000053626	-	Tll1	1010
1011	Gm22586	chr8	64161405	64161526	rRNA	ENSMUSG00000088132	+	Gm22586	1011
1012	Gm35521	chr8	64408643	64417100	lncRNA	ENSMUSG00000109579	-	Gm35521	1012
1013	Cpe	chr8	64592542	64693054	protein_coding	ENSMUSG00000037852	-	Cpe	1013
1014	Gm45518	chr8	64701107	64711076	lncRNA	ENSMUSG00000110368	-	Gm45518	1014
1015	Msmo1	chr8	64718139	64733792	protein_coding	ENSMUSG00000031604	-	Msmo1	1015
1016	Klhl2	chr8	64739675	64850017	protein_coding	ENSMUSG00000031605	-	Klhl2	1016
1017	Gm10997	chr8	64807639	64809138	TEC	ENSMUSG00000109879	-	Gm10997	1017
1018	Gm45345	chr8	64838234	64839390	lncRNA	ENSMUSG00000109854	+	Gm45345	1018
1019	Gm45405	chr8	64910968	64911977	processed_pseudogene	ENSMUSG00000109613	-	Gm45405	1019
1020	Gm26210	chr8	64931972	64932062	misc_RNA	ENSMUSG00000089305	+	Gm26210	1020
1021	Gm32507	chr8	64937959	64943988	lncRNA	ENSMUSG00000110157	+	Gm32507	1021
1022	Gm45242	chr8	64945590	64947718	TEC	ENSMUSG00000110378	-	Gm45242	1022
1023	Tmem192	chr8	64947185	64969033	protein_coding	ENSMUSG00000025521	+	Tmem192	1023
1024	Trim75	chr8	64980884	64987831	protein_coding	ENSMUSG00000071089	-	Trim75	1024
1025	Trim60	chr8	64999307	65018584	protein_coding	ENSMUSG00000053490	-	Trim60	1025
1026	Trim61	chr8	65012987	65018523	protein_coding	ENSMUSG00000109718	-	Trim61	1026
1027	Gm45886	chr8	65014856	65037096	lncRNA	ENSMUSG00000109805	-	Gm45886	1027
1028	Gm45448	chr8	65015592	65015800	processed_pseudogene	ENSMUSG00000109650	+	Gm45448	1028
1029	Apela	chr8	65028417	65037336	protein_coding	ENSMUSG00000079042	-	Apela	1029
1030	Gm10663	chr8	65075033	65077480	protein_coding	ENSMUSG00000074302	+	Gm10663	1030
1031	Smim31	chr8	65085613	65129563	protein_coding	ENSMUSG00000074300	-	Smim31	1031
1032	Gm45445	chr8	65092315	65092546	processed_pseudogene	ENSMUSG00000109711	-	Gm45445	1032
1033	Gm48810	chr8	65093590	65094043	processed_pseudogene	ENSMUSG00000109620	-	Gm48810	1033
1034	Gm24333	chr8	65093831	65093914	miRNA	ENSMUSG00000092842	-	Gm24333	1034
1035	Gm7619	chr8	65131033	65132314	processed_pseudogene	ENSMUSG00000109935	-	Gm7619	1035
1036	Gm45249	chr8	65184244	65184591	processed_pseudogene	ENSMUSG00000110283	+	Gm45249	1036
1037	Gm25403	chr8	65367301	65367443	misc_RNA	ENSMUSG00000064905	+	Gm25403	1037
1038	March1	chr8	65617900	66471637	protein_coding	ENSMUSG00000036469	+	March1	1038
1039	Gm23515	chr8	65667595	65667701	snRNA	ENSMUSG00000064763	-	Gm23515	1039
1040	Gm15355	chr8	65817311	65817595	processed_pseudogene	ENSMUSG00000083905	-	Gm15355	1040
1041	Gm26123	chr8	65902057	65902191	snoRNA	ENSMUSG00000065297	+	Gm26123	1041
1042	Gm24205	chr8	66002346	66002452	snRNA	ENSMUSG00000064887	-	Gm24205	1042
1043	Gm15354	chr8	66384623	66387535	lncRNA	ENSMUSG00000086156	-	Gm15354	1043
1044	Gm15356	chr8	66439455	66442809	lncRNA	ENSMUSG00000085109	-	Gm15356	1044
1045	Tma16	chr8	66473118	66486530	protein_coding	ENSMUSG00000025591	-	Tma16	1045
1046	Gm32568	chr8	66495059	66496946	lncRNA	ENSMUSG00000110500	+	Gm32568	1046
1047	Tktl2	chr8	66511756	66518335	protein_coding	ENSMUSG00000025519	+	Tktl2	1047
1048	Gm16330	chr8	66588712	66589008	processed_pseudogene	ENSMUSG00000085082	-	Gm16330	1048
1049	Npy5r	chr8	66679965	66688128	protein_coding	ENSMUSG00000044014	-	Npy5r	1049
1050	Npy1r	chr8	66697192	66706792	protein_coding	ENSMUSG00000036437	+	Npy1r	1050
1051	Gm45911	chr8	66780080	66795561	lncRNA	ENSMUSG00000110454	+	Gm45911	1051
1052	LOC665443	chr8	66845797	66846592	processed_pseudogene	ENSMUSG00000110533	+	LOC665443	1052
1053	Naf1	chr8	66860217	66890564	protein_coding	ENSMUSG00000014907	+	Naf1	1053
1054	Gm39185	chr8	66905997	66937826	lncRNA	ENSMUSG00000110468	+	Gm39185	1054
1055	Gm7639	chr8	67053650	67054133	processed_pseudogene	ENSMUSG00000110583	-	Gm7639	1055
1056	Gm45827	chr8	67176771	67177787	lncRNA	ENSMUSG00000110512	+	Gm45827	1056
1057	Gm24274	chr8	67213296	67213419	snRNA	ENSMUSG00000080437	-	Gm24274	1057
1058	Gm45880	chr8	67310687	67311539	processed_pseudogene	ENSMUSG00000110632	+	Gm45880	1058
1059	Gm10660	chr8	67352104	67365004	lncRNA	ENSMUSG00000074292	-	Gm10660	1059
1060	Nat1	chr8	67480921	67492104	protein_coding	ENSMUSG00000025588	+	Nat1	1060
1061	Nat2	chr8	67494858	67502584	protein_coding	ENSMUSG00000051147	+	Nat2	1061
1062	Gm9755	chr8	67514235	67515590	processed_pseudogene	ENSMUSG00000030735	-	Gm9755	1062
1063	Nat3	chr8	67523854	67548627	protein_coding	ENSMUSG00000056426	+	Nat3	1063
1064	Gm44391	chr8	67629014	67629106	miRNA	ENSMUSG00000104757	-	Gm44391	1064
1065	Psd3	chr8	67689082	68212027	protein_coding	ENSMUSG00000030465	-	Psd3	1065
1066	Gm15991	chr8	67956769	67978051	lncRNA	ENSMUSG00000087266	+	Gm15991	1066
1067	Gm22018	chr8	68010340	68010470	snoRNA	ENSMUSG00000077545	+	Gm22018	1067
1068	Sh2d4a	chr8	68276567	68347699	protein_coding	ENSMUSG00000053886	+	Sh2d4a	1068
1069	Gm45739	chr8	68299069	68299456	processed_pseudogene	ENSMUSG00000110472	+	Gm45739	1069
1070	Gm19170	chr8	68316997	68318080	processed_pseudogene	ENSMUSG00000110650	-	Gm19170	1070
1071	Csgalnact1	chr8	68356781	68735146	protein_coding	ENSMUSG00000036356	-	Csgalnact1	1071
1072	1700125H03Rik	chr8	68368434	68375710	lncRNA	ENSMUSG00000085197	+	1700125H03Rik	1072
1073	Gm15656	chr8	68457148	68458681	lncRNA	ENSMUSG00000087489	+	Gm15656	1073
1074	Gm15654	chr8	68620138	68620437	processed_pseudogene	ENSMUSG00000085487	+	Gm15654	1074
1075	Ints10	chr8	68793929	68831667	protein_coding	ENSMUSG00000031864	+	Ints10	1075
1076	Gm15549	chr8	68798867	68799488	processed_pseudogene	ENSMUSG00000081745	+	Gm15549	1076
1077	Lpl	chr8	68880491	68907448	protein_coding	ENSMUSG00000015568	+	Lpl	1077
1078	Gm33103	chr8	68971145	69001683	lncRNA	ENSMUSG00000110594	-	Gm33103	1078
1079	Slc18a1	chr8	69037711	69089235	protein_coding	ENSMUSG00000036330	-	Slc18a1	1079
1080	Gm15716	chr8	69044754	69063422	lncRNA	ENSMUSG00000089995	+	Gm15716	1080
1081	Atp6v1b2	chr8	69088646	69113711	protein_coding	ENSMUSG00000006273	+	Atp6v1b2	1081
1082	Lzts1	chr8	69132669	69184225	protein_coding	ENSMUSG00000036306	-	Lzts1	1082
1083	Zfp930	chr8	69209038	69230536	protein_coding	ENSMUSG00000059897	+	Zfp930	1083
1084	Gm33178	chr8	69225536	69225792	processed_pseudogene	ENSMUSG00000110538	-	Gm33178	1084
1085	Gm7684	chr8	69239202	69240030	processed_pseudogene	ENSMUSG00000110657	-	Gm7684	1085
1086	D130040H23Rik	chr8	69271080	69314207	protein_coding	ENSMUSG00000079038	+	D130040H23Rik	1086
1087	Gm7688	chr8	69329218	69329554	processed_pseudogene	ENSMUSG00000110514	+	Gm7688	1087
1088	Gm10033	chr8	69366510	69395539	transcribed_unprocessed_pseudogene	ENSMUSG00000110444	-	Gm10033	1088
1089	Gm45848	chr8	69419497	69425233	lncRNA	ENSMUSG00000110474	+	Gm45848	1089
1090	Gm9495	chr8	69427980	69453565	protein_coding	ENSMUSG00000107280	-	Gm9495	1090
1091	Gm43263	chr8	69473492	69474842	lncRNA	ENSMUSG00000106683	-	Gm43263	1091
1092	Gm7697	chr8	69481346	69522976	protein_coding	ENSMUSG00000106824	-	Gm7697	1092
1093	Rps7-ps1	chr8	69540957	69541347	processed_pseudogene	ENSMUSG00000110434	+	Rps7-ps1	1093
1094	Gm3365	chr8	69554802	69585162	unprocessed_pseudogene	ENSMUSG00000111594	-	Gm3365	1094
1095	Zfp868	chr8	69610857	69625548	protein_coding	ENSMUSG00000060427	-	Zfp868	1095
1096	Zfp964	chr8	69654479	69666982	protein_coding	ENSMUSG00000091764	+	Zfp964	1096
1097	Zfp869	chr8	69702656	69716983	protein_coding	ENSMUSG00000054648	-	Zfp869	1097
1098	Zfp963	chr8	69741639	69749970	protein_coding	ENSMUSG00000092260	-	Zfp963	1098
1099	Gm20422	chr8	69742862	69774886	protein_coding	ENSMUSG00000092544	-	Gm20422	1099
1100	Zfp866	chr8	69761326	69791178	protein_coding	ENSMUSG00000043090	-	Zfp866	1100
1101	Atp13a1	chr8	69791163	69807749	protein_coding	ENSMUSG00000031862	+	Atp13a1	1101
1102	Gmip	chr8	69808679	69821870	protein_coding	ENSMUSG00000036246	+	Gmip	1102
1103	Lpar2	chr8	69822429	69831102	protein_coding	ENSMUSG00000031861	+	Lpar2	1103
1104	Pbx4	chr8	69832491	69872292	protein_coding	ENSMUSG00000031860	+	Pbx4	1104
1105	Cilp2	chr8	69880369	69887687	protein_coding	ENSMUSG00000044006	-	Cilp2	1105
1106	Yjefn3	chr8	69887788	69902712	protein_coding	ENSMUSG00000048967	-	Yjefn3	1106
1107	Ndufa13	chr8	69894180	69902558	protein_coding	ENSMUSG00000036199	-	Ndufa13	1107
1108	Tssk6	chr8	69902184	69903518	protein_coding	ENSMUSG00000047654	+	Tssk6	1108
1109	Gatad2a	chr8	69907076	69996384	protein_coding	ENSMUSG00000036180	-	Gatad2a	1109
1110	Gm7730	chr8	70010549	70011002	processed_pseudogene	ENSMUSG00000110545	-	Gm7730	1110
1111	Mau2	chr8	70016123	70042734	protein_coding	ENSMUSG00000031858	-	Mau2	1111
1112	Sugp1	chr8	70042813	70072347	protein_coding	ENSMUSG00000011306	+	Sugp1	1112
1113	Tm6sf2	chr8	70072924	70080066	protein_coding	ENSMUSG00000036151	+	Tm6sf2	1113
1114	Hapln4	chr8	70083457	70090862	protein_coding	ENSMUSG00000007594	+	Hapln4	1114
1115	Ncan	chr8	70093085	70120873	protein_coding	ENSMUSG00000002341	-	Ncan	1115
1116	Gm25906	chr8	70123028	70123153	snoRNA	ENSMUSG00000089114	-	Gm25906	1116
1117	Rfxank	chr8	70130794	70139154	protein_coding	ENSMUSG00000036120	-	Rfxank	1117
1118	Nr2c2ap	chr8	70131333	70133749	protein_coding	ENSMUSG00000071078	+	Nr2c2ap	1118
1119	Borcs8	chr8	70139499	70147319	protein_coding	ENSMUSG00000002345	+	Borcs8	1119
1120	Mef2b	chr8	70139711	70167488	protein_coding	ENSMUSG00000079033	+	Mef2b	1120
1121	Tmem161a	chr8	70172356	70183681	protein_coding	ENSMUSG00000002342	+	Tmem161a	1121
1122	Slc25a42	chr8	70184340	70212305	protein_coding	ENSMUSG00000002346	-	Slc25a42	1122
1123	Armc6	chr8	70220172	70234466	protein_coding	ENSMUSG00000002343	-	Armc6	1123
1124	Sugp2	chr8	70234226	70279915	protein_coding	ENSMUSG00000036054	+	Sugp2	1124
1125	Homer3	chr8	70282827	70294361	protein_coding	ENSMUSG00000003573	+	Homer3	1125
1126	Ddx49	chr8	70292866	70302489	protein_coding	ENSMUSG00000057788	-	Ddx49	1126
1127	Cope	chr8	70302518	70312993	protein_coding	ENSMUSG00000055681	+	Cope	1127
1128	Cers1	chr8	70315775	70331592	protein_coding	ENSMUSG00000087408	+	Cers1	1128
1129	Gdf1	chr8	70329817	70331587	protein_coding	ENSMUSG00000109523	+	Gdf1	1129
1130	Upf1	chr8	70331525	70353278	protein_coding	ENSMUSG00000058301	-	Upf1	1130
1131	Comp	chr8	70373558	70382066	protein_coding	ENSMUSG00000031849	+	Comp	1131
1132	Crtc1	chr8	70382355	70439579	protein_coding	ENSMUSG00000003575	-	Crtc1	1132
1133	Klhl26	chr8	70450219	70476968	protein_coding	ENSMUSG00000055707	-	Klhl26	1133
1134	Tmem59l	chr8	70483867	70487358	protein_coding	ENSMUSG00000035964	-	Tmem59l	1134
1135	1700020G03Rik	chr8	70488181	70489069	TEC	ENSMUSG00000110052	+	1700020G03Rik	1135
1136	Crlf1	chr8	70493158	70504081	protein_coding	ENSMUSG00000007888	+	Crlf1	1136
1137	Rex1bd	chr8	70504292	70506752	protein_coding	ENSMUSG00000058833	-	Rex1bd	1137
1138	Uba52	chr8	70508263	70510801	protein_coding	ENSMUSG00000090137	-	Uba52	1138
1139	Kxd1	chr8	70508272	70527956	protein_coding	ENSMUSG00000055553	-	Kxd1	1139
1140	Fkbp8	chr8	70527724	70535328	protein_coding	ENSMUSG00000019428	+	Fkbp8	1140
1141	Ell	chr8	70539457	70592858	protein_coding	ENSMUSG00000070002	+	Ell	1141
1142	Isyna1	chr8	70594373	70597290	protein_coding	ENSMUSG00000019139	+	Isyna1	1142
1143	Ssbp4	chr8	70597490	70608872	protein_coding	ENSMUSG00000070003	-	Ssbp4	1143
1144	Gm45546	chr8	70610425	70612818	TEC	ENSMUSG00000110030	+	Gm45546	1144
1145	Lrrc25	chr8	70616155	70621483	protein_coding	ENSMUSG00000049988	+	Lrrc25	1145
1146	Gdf15	chr8	70629393	70632456	protein_coding	ENSMUSG00000038508	-	Gdf15	1146
1147	Pgpep1	chr8	70646435	70660388	protein_coding	ENSMUSG00000056204	-	Pgpep1	1147
1148	Lsm4	chr8	70673248	70678752	protein_coding	ENSMUSG00000031848	+	Lsm4	1148
1149	Jund	chr8	70698949	70700616	protein_coding	ENSMUSG00000071076	+	Jund	1149
1150	Gm11175	chr8	70699162	70700080	lncRNA	ENSMUSG00000080058	-	Gm11175	1150
1151	Iqcn	chr8	70703457	70717650	protein_coding	ENSMUSG00000110622	+	Iqcn	1151
1152	Gm3336	chr8	70718543	70722634	protein_coding	ENSMUSG00000095026	+	Gm3336	1152
1153	Pde4c	chr8	70723720	70751186	protein_coding	ENSMUSG00000031842	+	Pde4c	1153
1154	Rab3a	chr8	70754679	70758677	protein_coding	ENSMUSG00000031840	+	Rab3a	1154
1155	Mpv17l2	chr8	70758649	70760946	protein_coding	ENSMUSG00000035559	-	Mpv17l2	1155
1156	Ifi30	chr8	70762774	70766663	lncRNA	ENSMUSG00000031838	-	Ifi30	1156
1157	6330537M06Rik	chr8	70766579	70768220	TEC	ENSMUSG00000110575	+	6330537M06Rik	1157
1158	Pik3r2	chr8	70768176	70776713	protein_coding	ENSMUSG00000031834	-	Pik3r2	1158
1159	2010320M18Rik	chr8	70776815	70777823	lncRNA	ENSMUSG00000100691	+	2010320M18Rik	1159
1160	Mast3	chr8	70778117	70805054	protein_coding	ENSMUSG00000031833	-	Mast3	1160
1161	Il12rb1	chr8	70808449	70821424	protein_coding	ENSMUSG00000000791	+	Il12rb1	1161
1162	Arrdc2	chr8	70835129	70839720	protein_coding	ENSMUSG00000002910	-	Arrdc2	1162
1163	Kcnn1	chr8	70842049	70863258	protein_coding	ENSMUSG00000002908	-	Kcnn1	1163
1164	A230052G05Rik	chr8	70863127	70865428	TEC	ENSMUSG00000020887	+	A230052G05Rik	1164
1165	Ccdc124	chr8	70868227	70873935	protein_coding	ENSMUSG00000007721	-	Ccdc124	1165
1166	Slc5a5	chr8	70882889	70892757	protein_coding	ENSMUSG00000000792	-	Slc5a5	1166
1167	Rpl18a	chr8	70894722	70897412	protein_coding	ENSMUSG00000045128	-	Rpl18a	1167
1168	Mir7067	chr8	70895508	70895570	miRNA	ENSMUSG00000098710	-	Mir7067	1168
1169	Snora68	chr8	70895759	70895889	snoRNA	ENSMUSG00000077563	-	Snora68	1169
1170	Map1s	chr8	70905932	70917529	protein_coding	ENSMUSG00000019261	+	Map1s	1170
1171	Mir1969	chr8	70925525	70925618	miRNA	ENSMUSG00000088248	+	Mir1969	1171
1172	Gm10654	chr8	70931405	70933037	TEC	ENSMUSG00000074252	+	Gm10654	1172
1173	1700026F02Rik	chr8	70948246	71085758	lncRNA	ENSMUSG00000101854	-	1700026F02Rik	1173
1174	Gm35256	chr8	71026792	71126576	lncRNA	ENSMUSG00000110554	+	Gm35256	1174
1175	Gm27628	chr8	71119342	71119448	miRNA	ENSMUSG00000098594	+	Gm27628	1175
1176	Aprt-ps	chr8	71223949	71224453	processed_pseudogene	ENSMUSG00000110664	+	Aprt-ps	1176
1177	Haus8	chr8	71248561	71272934	protein_coding	ENSMUSG00000035439	-	Haus8	1177
1178	Myo9b	chr8	71272714	71360713	protein_coding	ENSMUSG00000004677	+	Myo9b	1178
1179	Use1	chr8	71366848	71369732	protein_coding	ENSMUSG00000002395	+	Use1	1179
1180	Ocel1	chr8	71371298	71379361	protein_coding	ENSMUSG00000002396	+	Ocel1	1180
1181	Nr2f6	chr8	71374123	71381960	protein_coding	ENSMUSG00000002393	-	Nr2f6	1181
1182	Ushbp1	chr8	71384272	71395802	protein_coding	ENSMUSG00000034911	-	Ushbp1	1182
1183	Babam1	chr8	71396861	71404619	protein_coding	ENSMUSG00000031820	+	Babam1	1183
1184	Ankle1	chr8	71406010	71409904	protein_coding	ENSMUSG00000046295	+	Ankle1	1184
1185	Abhd8	chr8	71456705	71463655	protein_coding	ENSMUSG00000007950	-	Abhd8	1185
1186	Mrpl34	chr8	71464959	71465747	protein_coding	ENSMUSG00000034880	+	Mrpl34	1186
1187	Dda1	chr8	71469199	71476098	protein_coding	ENSMUSG00000074247	+	Dda1	1187
1188	Ano8	chr8	71476019	71485963	protein_coding	ENSMUSG00000034863	-	Ano8	1188
1189	Gtpbp3	chr8	71488103	71499583	protein_coding	ENSMUSG00000007610	+	Gtpbp3	1189
1190	Plvap	chr8	71497765	71511752	protein_coding	ENSMUSG00000034845	-	Plvap	1190
1191	Ccdc194	chr8	71520120	71525711	protein_coding	ENSMUSG00000108900	-	Ccdc194	1191
1192	Gm7850	chr8	71523574	71524285	processed_pseudogene	ENSMUSG00000110619	+	Gm7850	1192
1193	Bst2	chr8	71534255	71537456	protein_coding	ENSMUSG00000046718	-	Bst2	1193
1194	Mvb12a	chr8	71542922	71548085	protein_coding	ENSMUSG00000031813	+	Mvb12a	1194
1195	Tmem221	chr8	71554238	71558871	protein_coding	ENSMUSG00000043664	-	Tmem221	1195
1196	Nxnl1	chr8	71560555	71566601	protein_coding	ENSMUSG00000034829	-	Nxnl1	1196
1197	Slc27a1	chr8	71568882	71587302	protein_coding	ENSMUSG00000031808	+	Slc27a1	1197
1198	Pgls	chr8	71592176	71601092	protein_coding	ENSMUSG00000031807	+	Pgls	1198
1199	Fam129c	chr8	71597648	71607936	protein_coding	ENSMUSG00000043243	+	Fam129c	1199
1200	Colgalt1	chr8	71610998	71624911	protein_coding	ENSMUSG00000034807	+	Colgalt1	1200
1201	Unc13a	chr8	71624417	71671757	protein_coding	ENSMUSG00000034799	-	Unc13a	1201
1202	Mir6769b	chr8	71631047	71631106	miRNA	ENSMUSG00000098976	-	Mir6769b	1202
1203	Jak3	chr8	71676296	71690575	protein_coding	ENSMUSG00000031805	+	Jak3	1203
1204	Insl3	chr8	71689214	71690575	protein_coding	ENSMUSG00000079019	+	Insl3	1204
1205	B3gnt3	chr8	71690756	71701789	protein_coding	ENSMUSG00000031803	-	B3gnt3	1205
1206	Gm45756	chr8	71695608	71696014	processed_pseudogene	ENSMUSG00000110438	+	Gm45756	1206
1207	Gm18860	chr8	71704205	71704968	processed_pseudogene	ENSMUSG00000110569	-	Gm18860	1207
1208	Fcho1	chr8	71708387	71725716	protein_coding	ENSMUSG00000070000	-	Fcho1	1208
1209	Gm35572	chr8	71752026	71781322	lncRNA	ENSMUSG00000110462	-	Gm35572	1209
1210	Gm29705	chr8	71760118	71760591	processed_pseudogene	ENSMUSG00000110473	+	Gm29705	1210
1211	Gm5373	chr8	71824641	71857281	transcribed_unprocessed_pseudogene	ENSMUSG00000110685	-	Gm5373	1211
1212	Vmn2r-ps91	chr8	71877780	71878563	unprocessed_pseudogene	ENSMUSG00000110490	+	Vmn2r-ps91	1212
1213	Zfp709	chr8	71882019	71895727	protein_coding	ENSMUSG00000056019	+	Zfp709	1213
1214	Zfp882	chr8	71908608	71916354	protein_coding	ENSMUSG00000089857	+	Zfp882	1214
1215	Zfp617	chr8	71908635	71934629	protein_coding	ENSMUSG00000066880	+	Zfp617	1215
1216	Ccnb2-ps	chr8	71916556	71918851	transcribed_processed_pseudogene	ENSMUSG00000083718	-	Ccnb2-ps	1216
1217	Zfp961	chr8	71951038	71993792	protein_coding	ENSMUSG00000052446	+	Zfp961	1217
1218	Gm45694	chr8	71983903	71987153	TEC	ENSMUSG00000110529	+	Gm45694	1218
1219	Cyp4f18	chr8	71988482	72009626	protein_coding	ENSMUSG00000003484	-	Cyp4f18	1219
1220	Gm45734	chr8	72035245	72035655	processed_pseudogene	ENSMUSG00000110546	+	Gm45734	1220
1221	Gm18924	chr8	72036069	72036588	processed_pseudogene	ENSMUSG00000110643	-	Gm18924	1221
1222	Gm25052	chr8	72037642	72037799	snRNA	ENSMUSG00000084610	+	Gm25052	1222
1223	Olfr372	chr8	72041218	72060630	protein_coding	ENSMUSG00000069998	+	Olfr372	1223
1224	Gm45735	chr8	72078774	72079092	processed_pseudogene	ENSMUSG00000110522	-	Gm45735	1224
1225	Olfr373	chr8	72083177	72103084	protein_coding	ENSMUSG00000061561	+	Olfr373	1225
1226	Gm45543	chr8	72089668	72089755	unprocessed_pseudogene	ENSMUSG00000109990	+	Gm45543	1226
1227	Olfr374	chr8	72107040	72118200	protein_coding	ENSMUSG00000046881	+	Olfr374	1227
1228	Tpm4	chr8	72130174	72153142	protein_coding	ENSMUSG00000031799	+	Tpm4	1228
1229	Gm26586	chr8	72137389	72140820	lncRNA	ENSMUSG00000097472	-	Gm26586	1229
1230	Gm16091	chr8	72147601	72160855	lncRNA	ENSMUSG00000087502	-	Gm16091	1230
1231	Rab8a	chr8	72161200	72183904	protein_coding	ENSMUSG00000003037	+	Rab8a	1231
1232	Hsh2d	chr8	72189638	72201527	protein_coding	ENSMUSG00000062007	+	Hsh2d	1232
1233	Cib3	chr8	72204335	72212996	protein_coding	ENSMUSG00000074240	-	Cib3	1233
1234	Gm11034	chr8	72213494	72213636	protein_coding	ENSMUSG00000079016	-	Gm11034	1234
1235	Fam32a	chr8	72219730	72224418	protein_coding	ENSMUSG00000003039	+	Fam32a	1235
1236	Ap1m1	chr8	72240018	72257385	protein_coding	ENSMUSG00000003033	+	Ap1m1	1236
1237	Gm39197	chr8	72283698	72284154	processed_pseudogene	ENSMUSG00000110443	-	Gm39197	1237
1238	Gm10282	chr8	72304110	72305260	protein_coding	ENSMUSG00000070713	-	Gm10282	1238
1239	Klf2	chr8	72319033	72321656	protein_coding	ENSMUSG00000055148	+	Klf2	1239
1240	Eps15l1	chr8	72340999	72421460	protein_coding	ENSMUSG00000006276	-	Eps15l1	1240
1241	Gm45779	chr8	72417409	72421472	TEC	ENSMUSG00000110558	-	Gm45779	1241
1242	Calr3	chr8	72424176	72443870	protein_coding	ENSMUSG00000019732	-	Calr3	1242
1243	Gm3835	chr8	72429550	72429952	processed_pseudogene	ENSMUSG00000083922	-	Gm3835	1243
1244	1700030K09Rik	chr8	72443880	72461001	protein_coding	ENSMUSG00000052794	+	1700030K09Rik	1244
1245	Cherp	chr8	72460489	72475226	protein_coding	ENSMUSG00000052488	-	Cherp	1245
1246	Mir7068	chr8	72470016	72470089	miRNA	ENSMUSG00000099079	-	Mir7068	1246
1247	Slc35e1	chr8	72480641	72492614	protein_coding	ENSMUSG00000019731	-	Slc35e1	1247
1248	Gm17435	chr8	72492934	72505499	lncRNA	ENSMUSG00000097000	+	Gm17435	1248
1249	Med26	chr8	72494561	72548270	protein_coding	ENSMUSG00000045248	-	Med26	1249
1250	Gm18646	chr8	72515358	72516420	processed_pseudogene	ENSMUSG00000110446	+	Gm18646	1250
1251	Gm35857	chr8	72531031	72531208	processed_pseudogene	ENSMUSG00000110532	+	Gm35857	1251
1252	Gm28019	chr8	72541480	72541580	miRNA	ENSMUSG00000094041	-	Gm28019	1252
1253	Smim7	chr8	72565188	72571088	protein_coding	ENSMUSG00000044600	-	Smim7	1253
1254	Tmem38a	chr8	72572055	72587282	protein_coding	ENSMUSG00000031791	+	Tmem38a	1254
1255	Nwd1	chr8	72646711	72717876	protein_coding	ENSMUSG00000048148	+	Nwd1	1255
1256	Gm26237	chr8	72684314	72684438	miRNA	ENSMUSG00000093276	+	Gm26237	1256
1257	Sin3b	chr8	72723285	72758201	protein_coding	ENSMUSG00000031622	+	Sin3b	1257
1258	F2rl3	chr8	72761880	72763874	protein_coding	ENSMUSG00000050147	+	F2rl3	1258
1259	Gm45706	chr8	72765481	72767616	TEC	ENSMUSG00000110696	-	Gm45706	1259
1260	Gm45705	chr8	72765481	72767614	TEC	ENSMUSG00000110481	+	Gm45705	1260
1261	Gm45704	chr8	72771658	72784333	unprocessed_pseudogene	ENSMUSG00000110585	-	Gm45704	1261
1262	Gm45791	chr8	72795136	72795487	processed_pseudogene	ENSMUSG00000110563	-	Gm45791	1262
1263	Large1	chr8	72814599	73353540	protein_coding	ENSMUSG00000004383	-	Large1	1263
1264	Gm22532	chr8	73175119	73175258	snoRNA	ENSMUSG00000089447	-	Gm22532	1264
1265	Gm7943	chr8	73436571	73437604	processed_pseudogene	ENSMUSG00000110450	-	Gm7943	1265
1266	Gm23255	chr8	73641396	73641505	miRNA	ENSMUSG00000076199	-	Gm23255	1266
1267	Crry-ps	chr8	73749475	73750783	processed_pseudogene	ENSMUSG00000047657	-	Crry-ps	1267
1268	Gm7948	chr8	73871693	73872536	processed_pseudogene	ENSMUSG00000110609	+	Gm7948	1268
1269	Gm45821	chr8	74081645	74093684	lncRNA	ENSMUSG00000110703	-	Gm45821	1269
1270	Gm27864	chr8	74270247	74270436	miRNA	ENSMUSG00000098378	+	Gm27864	1270
1271	Gm11033	chr8	74590987	74833947	lncRNA	ENSMUSG00000079011	-	Gm11033	1271
1272	Isx	chr8	74873173	74893506	protein_coding	ENSMUSG00000031621	+	Isx	1272
1273	Hmgxb4	chr8	74993356	75031978	protein_coding	ENSMUSG00000034518	+	Hmgxb4	1273
1274	Gm45822	chr8	75024097	75033941	lncRNA	ENSMUSG00000110593	-	Gm45822	1274
1275	Tom1	chr8	75033705	75070121	protein_coding	ENSMUSG00000042870	+	Tom1	1275
1276	Gm45820	chr8	75037434	75045246	lncRNA	ENSMUSG00000110433	-	Gm45820	1276
1277	Gm2059	chr8	75079141	75079871	processed_pseudogene	ENSMUSG00000110429	+	Gm2059	1277
1278	Hmox1	chr8	75093621	75100589	protein_coding	ENSMUSG00000005413	+	Hmox1	1278
1279	Mcm5	chr8	75109569	75128439	protein_coding	ENSMUSG00000005410	+	Mcm5	1279
1280	Gm45899	chr8	75176458	75177733	lncRNA	ENSMUSG00000110693	+	Gm45899	1280
1281	Gm45903	chr8	75201439	75210042	lncRNA	ENSMUSG00000110640	+	Gm45903	1281
1282	Rasd2	chr8	75213944	75224113	protein_coding	ENSMUSG00000034472	+	Rasd2	1282
1283	Gm9644	chr8	75274482	75275664	processed_pseudogene	ENSMUSG00000110515	-	Gm9644	1283
1284	Umpk-ps	chr8	75383802	75384628	processed_pseudogene	ENSMUSG00000110543	+	Umpk-ps	1284
1285	Gm7984	chr8	75398511	75399048	processed_pseudogene	ENSMUSG00000049891	+	Gm7984	1285
1286	Gm10358	chr8	75405340	75406589	protein_coding	ENSMUSG00000110469	-	Gm10358	1286
1287	Iqcm	chr8	75448694	75984503	protein_coding	ENSMUSG00000031620	+	Iqcm	1287
1288	Gm7901	chr8	75711600	75713196	processed_pseudogene	ENSMUSG00000101431	-	Gm7901	1288
1289	Gm45740	chr8	75992509	76415040	lncRNA	ENSMUSG00000110485	-	Gm45740	1289
1290	Gm45741	chr8	76010026	76011139	lncRNA	ENSMUSG00000110603	+	Gm45741	1290
1291	Gm45742	chr8	76116595	76117027	processed_pseudogene	ENSMUSG00000110553	-	Gm45742	1291
1292	Gm45798	chr8	76289516	76296013	lncRNA	ENSMUSG00000110655	+	Gm45798	1292
1293	Gm7069	chr8	76293972	76294979	processed_pseudogene	ENSMUSG00000098215	+	Gm7069	1293
1294	Gm7990	chr8	76395132	76395724	processed_pseudogene	ENSMUSG00000110595	-	Gm7990	1294
1295	Gm10649	chr8	76605226	76900621	lncRNA	ENSMUSG00000074235	-	Gm10649	1295
1296	Gm27355	chr8	76619155	76619282	rRNA	ENSMUSG00000099012	-	Gm27355	1296
1297	Gm5353	chr8	76862256	76863048	processed_pseudogene	ENSMUSG00000087321	-	Gm5353	1297
1298	Nr3c2	chr8	76899442	77245012	protein_coding	ENSMUSG00000031618	+	Nr3c2	1298
1299	Gm24838	chr8	77146351	77146480	snoRNA	ENSMUSG00000089309	-	Gm24838	1299
1300	Arhgap10	chr8	77250366	77517953	protein_coding	ENSMUSG00000037148	-	Arhgap10	1300
1301	Gm45406	chr8	77282861	77286207	lncRNA	ENSMUSG00000110258	+	Gm45406	1301
1302	4933421D24Rik	chr8	77305533	77313299	lncRNA	ENSMUSG00000110410	+	4933421D24Rik	1302
1303	Gm45285	chr8	77331970	77336922	lncRNA	ENSMUSG00000109732	+	Gm45285	1303
1304	Gm45407	chr8	77368841	77372516	TEC	ENSMUSG00000109873	-	Gm45407	1304
1305	0610038B21Rik	chr8	77517056	77523898	lncRNA	ENSMUSG00000097882	+	0610038B21Rik	1305
1306	Prmt9	chr8	77549397	77581338	protein_coding	ENSMUSG00000037134	+	Prmt9	1306
1307	Gm23468	chr8	77569495	77569602	snRNA	ENSMUSG00000087750	-	Gm23468	1307
1308	Gm45286	chr8	77574219	77575568	TEC	ENSMUSG00000109787	+	Gm45286	1308
1309	Tmem184c	chr8	77595982	77610698	protein_coding	ENSMUSG00000031617	-	Tmem184c	1309
1310	4933431K23Rik	chr8	77610860	77769682	lncRNA	ENSMUSG00000086451	+	4933431K23Rik	1310
1311	1700092C02Rik	chr8	77624172	77628957	lncRNA	ENSMUSG00000086781	+	1700092C02Rik	1311
1312	Gm45714	chr8	77659691	77662412	TEC	ENSMUSG00000109866	+	Gm45714	1312
1313	Ednra	chr8	77663031	77724464	protein_coding	ENSMUSG00000031616	-	Ednra	1313
1314	Gm29895	chr8	78044010	78055473	lncRNA	ENSMUSG00000110382	+	Gm29895	1314
1315	Gm45288	chr8	78107960	78108110	processed_pseudogene	ENSMUSG00000109948	+	Gm45288	1315
1316	Gm45574	chr8	78197519	78197849	processed_pseudogene	ENSMUSG00000110328	-	Gm45574	1316
1317	Ttc29	chr8	78213297	78394326	protein_coding	ENSMUSG00000037101	+	Ttc29	1317
1318	Pou4f2	chr8	78433010	78436645	protein_coding	ENSMUSG00000031688	-	Pou4f2	1318
1319	Gm2225	chr8	78486034	78486410	processed_pseudogene	ENSMUSG00000110057	-	Gm2225	1319
1320	Rbmxl1	chr8	78505269	78508898	protein_coding	ENSMUSG00000037070	-	Rbmxl1	1320
1321	Slc10a7	chr8	78509346	78734003	protein_coding	ENSMUSG00000031684	+	Slc10a7	1321
1322	Gm2253	chr8	78604294	78604707	processed_pseudogene	ENSMUSG00000110244	+	Gm2253	1322
1323	Gm47209	chr8	78754916	78774545	unitary_pseudogene	ENSMUSG00000112190	-	Gm47209	1323
1324	Gm45446	chr8	78778002	78778217	processed_pseudogene	ENSMUSG00000109768	-	Gm45446	1324
1325	Lsm6	chr8	78804865	78821140	protein_coding	ENSMUSG00000031683	-	Lsm6	1325
1326	Gm8054	chr8	78869386	78869868	processed_pseudogene	ENSMUSG00000069986	-	Gm8054	1326
1327	Gm45326	chr8	78950851	78953914	lncRNA	ENSMUSG00000110094	-	Gm45326	1327
1328	Gm39204	chr8	78953926	79014119	lncRNA	ENSMUSG00000109583	+	Gm39204	1328
1329	Gm22044	chr8	79014364	79014470	snRNA	ENSMUSG00000064926	-	Gm22044	1329
1330	Zfp827	chr8	79028437	79193766	protein_coding	ENSMUSG00000071064	+	Zfp827	1330
1331	1700011L22Rik	chr8	79210431	79248570	protein_coding	ENSMUSG00000031682	-	1700011L22Rik	1331
1332	Gm30329	chr8	79225930	79233224	lncRNA	ENSMUSG00000110388	+	Gm30329	1332
1333	Mmaa	chr8	79263598	79294937	protein_coding	ENSMUSG00000037022	-	Mmaa	1333
1334	Gm4890	chr8	79295123	79308961	lncRNA	ENSMUSG00000097174	+	Gm4890	1334
1335	Smad1	chr8	79338395	79399518	protein_coding	ENSMUSG00000031681	-	Smad1	1335
1336	Gm45601	chr8	79404148	79411216	lncRNA	ENSMUSG00000109945	+	Gm45601	1336
1337	Gm39288	chr8	79489741	79490186	processed_pseudogene	ENSMUSG00000109851	-	Gm39288	1337
1338	Gm45602	chr8	79491142	79499737	lncRNA	ENSMUSG00000109774	+	Gm45602	1338
1339	Gm8077	chr8	79497155	79498178	processed_pseudogene	ENSMUSG00000109591	-	Gm8077	1339
1340	Gm8079	chr8	79549774	79550748	processed_pseudogene	ENSMUSG00000097975	-	Gm8079	1340
1341	Otud4	chr8	79639618	79677724	protein_coding	ENSMUSG00000036990	+	Otud4	1341
1342	Tpd52-ps	chr8	79680284	79680806	processed_pseudogene	ENSMUSG00000094594	-	Tpd52-ps	1342
1343	Abce1	chr8	79683462	79711740	protein_coding	ENSMUSG00000058355	-	Abce1	1343
1344	Gm27006	chr8	79705597	79706539	processed_pseudogene	ENSMUSG00000098101	+	Gm27006	1344
1345	Anapc10	chr8	79711820	79779059	protein_coding	ENSMUSG00000036977	+	Anapc10	1345
1346	Gm45435	chr8	79747267	79752413	lncRNA	ENSMUSG00000110202	-	Gm45435	1346
1347	Gm45434	chr8	79772878	79773170	processed_pseudogene	ENSMUSG00000110044	-	Gm45434	1347
1348	Gm45433	chr8	79803365	79803611	processed_pseudogene	ENSMUSG00000110048	-	Gm45433	1348
1349	Gm45432	chr8	79863664	79864079	processed_pseudogene	ENSMUSG00000110188	-	Gm45432	1349
1350	Hhip	chr8	79965851	80058006	protein_coding	ENSMUSG00000064325	-	Hhip	1350
1351	Gm27820	chr8	79970390	79970564	misc_RNA	ENSMUSG00000098688	+	Gm27820	1351
1352	Gm5909	chr8	80110806	80112086	processed_pseudogene	ENSMUSG00000082491	-	Gm5909	1352
1353	Gm45431	chr8	80128194	80138667	lncRNA	ENSMUSG00000109593	-	Gm45431	1353
1354	Gm45430	chr8	80195199	80197656	lncRNA	ENSMUSG00000110294	+	Gm45430	1354
1355	Gypa	chr8	80493781	80510542	protein_coding	ENSMUSG00000051839	+	Gypa	1355
1356	4930505O20Rik	chr8	80511842	80514473	lncRNA	ENSMUSG00000086912	-	4930505O20Rik	1356
1357	Frem3	chr8	80611080	80695356	protein_coding	ENSMUSG00000042353	+	Frem3	1357
1358	Smarca5	chr8	80698507	80739497	protein_coding	ENSMUSG00000031715	-	Smarca5	1358
1359	Gm45872	chr8	80727554	80729137	TEC	ENSMUSG00000110142	-	Gm45872	1359
1360	Gab1	chr8	80764438	80880519	protein_coding	ENSMUSG00000031714	-	Gab1	1360
1361	Gm7997	chr8	80770691	80771670	processed_pseudogene	ENSMUSG00000109584	+	Gm7997	1361
1362	Gm31105	chr8	80879940	80881169	lncRNA	ENSMUSG00000109587	+	Gm31105	1362
1363	Gm27048	chr8	80933534	80938667	lncRNA	ENSMUSG00000098001	-	Gm27048	1363
1364	Gm4891	chr8	80933677	80934588	processed_pseudogene	ENSMUSG00000098223	+	Gm4891	1364
1365	Usp38	chr8	80980733	81014928	protein_coding	ENSMUSG00000038250	-	Usp38	1365
1366	Gm9725	chr8	81013576	81061195	lncRNA	ENSMUSG00000037982	+	Gm9725	1366
1367	Gm45538	chr8	81061334	81069803	lncRNA	ENSMUSG00000109980	+	Gm45538	1367
1368	Gm4899	chr8	81197630	81198348	processed_pseudogene	ENSMUSG00000094615	-	Gm4899	1368
1369	Gm45539	chr8	81294636	81295063	processed_pseudogene	ENSMUSG00000109928	-	Gm45539	1369
1370	Gm5354	chr8	81308177	81309149	processed_pseudogene	ENSMUSG00000097949	-	Gm5354	1370
1371	Inpp4b	chr8	81342556	82127914	protein_coding	ENSMUSG00000037940	+	Inpp4b	1371
1372	4930579O11Rik	chr8	81665876	81667118	lncRNA	ENSMUSG00000090732	-	4930579O11Rik	1372
1373	Gm17169	chr8	81790558	81790908	processed_pseudogene	ENSMUSG00000090584	-	Gm17169	1373
1374	Gm17072	chr8	81827698	81828355	processed_pseudogene	ENSMUSG00000091998	+	Gm17072	1374
1375	Gm25267	chr8	82152720	82152782	snRNA	ENSMUSG00000089147	-	Gm25267	1375
1376	Gm9520	chr8	82160623	82165639	processed_pseudogene	ENSMUSG00000109664	+	Gm9520	1376
1377	Gm38590	chr8	82184799	82207535	lncRNA	ENSMUSG00000110045	-	Gm38590	1377
1378	Il15	chr8	82331632	82403222	protein_coding	ENSMUSG00000031712	-	Il15	1378
1379	Gm25138	chr8	82409091	82409226	snoRNA	ENSMUSG00000065182	+	Gm25138	1379
1380	Gm8167	chr8	82577767	82578724	processed_pseudogene	ENSMUSG00000097984	+	Gm8167	1380
1381	Gm9655	chr8	82747616	82757987	processed_pseudogene	ENSMUSG00000109893	+	Gm9655	1381
1382	Zfp330	chr8	82763607	82774160	protein_coding	ENSMUSG00000031711	-	Zfp330	1382
1383	Gm31545	chr8	82796146	82803361	lncRNA	ENSMUSG00000109643	-	Gm31545	1383
1384	Rnf150	chr8	82863356	83091268	protein_coding	ENSMUSG00000047747	+	Rnf150	1384
1385	Gm18212	chr8	82952512	82953400	processed_pseudogene	ENSMUSG00000109600	+	Gm18212	1385
1386	Gm45449	chr8	83082258	83086957	lncRNA	ENSMUSG00000109876	-	Gm45449	1386
1387	Gm10645	chr8	83165081	83166170	TEC	ENSMUSG00000074228	-	Gm10645	1387
1388	Tbc1d9	chr8	83165352	83272934	protein_coding	ENSMUSG00000031709	+	Tbc1d9	1388
1389	Gm17999	chr8	83267086	83267627	processed_pseudogene	ENSMUSG00000110422	+	Gm17999	1389
1390	Ucp1	chr8	83290352	83298452	protein_coding	ENSMUSG00000031710	+	Ucp1	1390
1391	Elmod2	chr8	83312632	83332486	protein_coding	ENSMUSG00000035151	-	Elmod2	1391
1392	Mgat4d	chr8	83348471	83382320	protein_coding	ENSMUSG00000035057	+	Mgat4d	1392
1393	Gm15660	chr8	83352556	83353033	processed_pseudogene	ENSMUSG00000082136	+	Gm15660	1393
1394	Clgn	chr8	83389867	83428552	protein_coding	ENSMUSG00000002190	+	Clgn	1394
1395	Scoc	chr8	83430084	83458391	protein_coding	ENSMUSG00000063253	-	Scoc	1395
1396	Gm5910	chr8	83477471	83479216	processed_pseudogene	ENSMUSG00000110617	-	Gm5910	1396
1397	Gm33242	chr8	83489743	83490799	processed_pseudogene	ENSMUSG00000110448	-	Gm33242	1397
1398	Olfr370	chr8	83535780	83545227	protein_coding	ENSMUSG00000047286	+	Olfr370	1398
1399	Gm18000	chr8	83546440	83548267	processed_pseudogene	ENSMUSG00000110478	+	Gm18000	1399
1400	Ndufb7	chr8	83566671	83571626	protein_coding	ENSMUSG00000033938	+	Ndufb7	1400
1401	Tecr	chr8	83571698	83607971	protein_coding	ENSMUSG00000031708	-	Tecr	1401
1402	D830024N08Rik	chr8	83576044	83585919	lncRNA	ENSMUSG00000110580	+	D830024N08Rik	1402
1403	Gm45823	chr8	83584087	83585525	lncRNA	ENSMUSG00000110471	-	Gm45823	1403
1404	Gm18001	chr8	83600013	83600700	processed_pseudogene	ENSMUSG00000110690	+	Gm18001	1404
1405	Dnajb1	chr8	83608193	83612653	protein_coding	ENSMUSG00000005483	+	Dnajb1	1405
1406	Gipc1	chr8	83652677	83664694	protein_coding	ENSMUSG00000019433	+	Gipc1	1406
1407	Pkn1	chr8	83666536	83699179	protein_coding	ENSMUSG00000057672	-	Pkn1	1407
1408	Ptger1	chr8	83666678	83672753	protein_coding	ENSMUSG00000019464	+	Ptger1	1408
1409	Ddx39	chr8	83715177	83726892	protein_coding	ENSMUSG00000005481	+	Ddx39	1409
1410	Adgre5	chr8	83723251	83741326	protein_coding	ENSMUSG00000002885	-	Adgre5	1410
1411	Mir1668	chr8	83723878	83723984	miRNA	ENSMUSG00000098465	-	Mir1668	1411
1412	Gm45778	chr8	83749504	83749656	processed_pseudogene	ENSMUSG00000110570	+	Gm45778	1412
1413	Gm22024	chr8	83752918	83753204	misc_RNA	ENSMUSG00000084682	+	Gm22024	1413
1414	Adgrl1	chr8	83900105	83941954	protein_coding	ENSMUSG00000013033	+	Adgrl1	1414
1415	Gm44450	chr8	83929443	83929556	miRNA	ENSMUSG00000105569	-	Gm44450	1415
1416	Gm44330	chr8	83929688	83929830	miRNA	ENSMUSG00000105878	-	Gm44330	1416
1417	Gm10644	chr8	83932329	83955343	lncRNA	ENSMUSG00000074219	-	Gm10644	1417
1418	Asf1b	chr8	83955507	83970197	protein_coding	ENSMUSG00000005470	+	Asf1b	1418
1419	Prkaca	chr8	83972993	83996443	protein_coding	ENSMUSG00000005469	+	Prkaca	1419
1420	Samd1	chr8	83997672	84000409	protein_coding	ENSMUSG00000079003	+	Samd1	1420
1421	1700067K01Rik	chr8	84001502	84004770	protein_coding	ENSMUSG00000046408	+	1700067K01Rik	1421
1422	Mir8111	chr8	84005628	84005764	miRNA	ENSMUSG00000098823	+	Mir8111	1422
1423	2210011C24Rik	chr8	84010222	84012171	protein_coding	ENSMUSG00000074217	-	2210011C24Rik	1423
1424	Palm3	chr8	84021471	84030295	protein_coding	ENSMUSG00000047986	+	Palm3	1424
1425	Il27ra	chr8	84030294	84042589	protein_coding	ENSMUSG00000005465	-	Il27ra	1425
1426	Rln3	chr8	84042929	84045000	protein_coding	ENSMUSG00000045232	-	Rln3	1426
1427	Gm10643	chr8	84063561	84065137	protein_coding	ENSMUSG00000074215	-	Gm10643	1427
1428	C330011M18Rik	chr8	84065236	84067287	lncRNA	ENSMUSG00000056753	-	C330011M18Rik	1428
1429	Rfx1	chr8	84066834	84096992	protein_coding	ENSMUSG00000031706	+	Rfx1	1429
1430	Mir709	chr8	84086099	84086186	miRNA	ENSMUSG00000076144	+	Mir709	1430
1431	Dcaf15	chr8	84097072	84104768	protein_coding	ENSMUSG00000037103	-	Dcaf15	1431
1432	Podnl1	chr8	84125989	84132527	protein_coding	ENSMUSG00000012889	+	Podnl1	1432
1433	Cc2d1a	chr8	84132828	84147936	protein_coding	ENSMUSG00000036686	-	Cc2d1a	1433
1434	4930432K21Rik	chr8	84148025	84172590	protein_coding	ENSMUSG00000008129	+	4930432K21Rik	1434
1435	Gm25110	chr8	84156757	84156877	miRNA	ENSMUSG00000080334	+	Gm25110	1435
1436	Nanos3	chr8	84173731	84185217	protein_coding	ENSMUSG00000056155	-	Nanos3	1436
1437	Mir181d	chr8	84178716	84178787	miRNA	ENSMUSG00000076338	-	Mir181d	1437
1438	Gm26887	chr8	84192774	84197667	lncRNA	ENSMUSG00000097120	-	Gm26887	1438
1439	Gm37352	chr8	84200869	84203049	TEC	ENSMUSG00000103593	+	Gm37352	1439
1440	Mir23a	chr8	84208518	84208592	miRNA	ENSMUSG00000065611	+	Mir23a	1440
1441	Gm26532	chr8	84208920	84209609	lncRNA	ENSMUSG00000097296	+	Gm26532	1441
1442	Zswim4	chr8	84210678	84237055	protein_coding	ENSMUSG00000035671	-	Zswim4	1442
1443	D8Ertd738e	chr8	84246238	84249719	protein_coding	ENSMUSG00000019362	-	D8Ertd738e	1443
1444	Mri1	chr8	84249906	84257326	protein_coding	ENSMUSG00000004996	-	Mri1	1444
1445	Ccdc130	chr8	84257795	84270380	protein_coding	ENSMUSG00000004994	-	Ccdc130	1445
1446	Gm45608	chr8	84302963	84303733	processed_pseudogene	ENSMUSG00000109653	-	Gm45608	1446
1447	Cacna1a	chr8	84338639	84640246	protein_coding	ENSMUSG00000034656	+	Cacna1a	1447
1448	Gm23626	chr8	84380449	84380581	snoRNA	ENSMUSG00000064392	-	Gm23626	1448
1449	Gm16183	chr8	84611202	84617184	lncRNA	ENSMUSG00000086067	-	Gm16183	1449
1450	Ier2	chr8	84661331	84662854	protein_coding	ENSMUSG00000053560	-	Ier2	1450
1451	AC145556.1	chr8	84665445	84668745	unitary_pseudogene	ENSMUSG00000118487	+	AC145556.1	1451
1452	Nacc1	chr8	84670479	84687902	protein_coding	ENSMUSG00000001910	-	Nacc1	1452
1453	Trmt1	chr8	84686307	84699808	protein_coding	ENSMUSG00000001909	+	Trmt1	1453
1454	Nfix	chr8	84699876	84800344	protein_coding	ENSMUSG00000001911	-	Nfix	1454
1455	Lyl1	chr8	84701449	84704940	protein_coding	ENSMUSG00000034041	+	Lyl1	1455
1456	G430095P16Rik	chr8	84723007	84726844	protein_coding	ENSMUSG00000074203	+	G430095P16Rik	1456
1457	Dand5	chr8	84815404	84832409	protein_coding	ENSMUSG00000053226	-	Dand5	1457
1458	Gadd45gip1	chr8	84831522	84835482	protein_coding	ENSMUSG00000033751	+	Gadd45gip1	1458
1459	Rad23a	chr8	84834019	84840665	protein_coding	ENSMUSG00000003813	-	Rad23a	1459
1460	Calr	chr8	84841850	84846934	protein_coding	ENSMUSG00000003814	-	Calr	1460
1461	1700122E12Rik	chr8	84847188	84848415	lncRNA	ENSMUSG00000087685	+	1700122E12Rik	1461
1462	Farsa	chr8	84856989	84869257	protein_coding	ENSMUSG00000003808	+	Farsa	1462
1463	Mir7069	chr8	84867947	84868008	miRNA	ENSMUSG00000098331	+	Mir7069	1463
1464	Syce2	chr8	84872111	84888221	protein_coding	ENSMUSG00000003824	+	Syce2	1464
1465	Gcdh	chr8	84886393	84893921	protein_coding	ENSMUSG00000003809	-	Gcdh	1465
1466	Klf1	chr8	84901928	84905291	protein_coding	ENSMUSG00000054191	+	Klf1	1466
1467	Dnase2a	chr8	84908560	84922915	protein_coding	ENSMUSG00000003812	+	Dnase2a	1467
1468	Mast1	chr8	84911903	84937359	protein_coding	ENSMUSG00000053693	-	Mast1	1468
1469	Rtbdn	chr8	84946991	84956603	protein_coding	ENSMUSG00000048617	+	Rtbdn	1469
1470	Rnaseh2a	chr8	84956610	84969767	protein_coding	ENSMUSG00000052926	-	Rnaseh2a	1470
1471	Gm49661	chr8	84967678	84969433	protein_coding	ENSMUSG00000111184	-	Gm49661	1471
1472	Prdx2	chr8	84969587	84974834	protein_coding	ENSMUSG00000005161	+	Prdx2	1472
1473	Junb	chr8	84974484	84978718	protein_coding	ENSMUSG00000052837	-	Junb	1473
1474	Hook2	chr8	84990603	85003349	protein_coding	ENSMUSG00000052566	+	Hook2	1474
1475	Best2	chr8	85007202	85014531	protein_coding	ENSMUSG00000052819	-	Best2	1475
1476	Asna1	chr8	85017931	85025281	protein_coding	ENSMUSG00000052456	-	Asna1	1476
1477	Trir	chr8	85026823	85030286	protein_coding	ENSMUSG00000041203	+	Trir	1477
1478	Tnpo2	chr8	85036915	85057583	protein_coding	ENSMUSG00000031691	+	Tnpo2	1478
1479	Gm25506	chr8	85050207	85050276	snoRNA	ENSMUSG00000077527	+	Gm25506	1479
1480	A230103J11Rik	chr8	85053160	85060460	lncRNA	ENSMUSG00000087026	-	A230103J11Rik	1480
1481	Fbxw9	chr8	85060055	85067124	protein_coding	ENSMUSG00000008167	+	Fbxw9	1481
1482	Mir7070	chr8	85062086	85062171	miRNA	ENSMUSG00000099076	+	Mir7070	1482
1483	Gm5741	chr8	85067568	85067982	protein_coding	ENSMUSG00000095845	-	Gm5741	1483
1484	Dhps	chr8	85071757	85075162	protein_coding	ENSMUSG00000060038	+	Dhps	1484
1485	Wdr83	chr8	85075035	85081306	protein_coding	ENSMUSG00000005150	-	Wdr83	1485
1486	Wdr83os	chr8	85080740	85082339	protein_coding	ENSMUSG00000059355	+	Wdr83os	1486
1487	Man2b1	chr8	85083270	85098282	protein_coding	ENSMUSG00000005142	+	Man2b1	1487
1488	Zfp791	chr8	85108553	85123095	protein_coding	ENSMUSG00000074194	-	Zfp791	1488
1489	Gm45317	chr8	85122728	85122950	processed_pseudogene	ENSMUSG00000110219	+	Gm45317	1489
1490	Gm42031	chr8	85125872	85132289	lncRNA	ENSMUSG00000110386	-	Gm42031	1490
1491	Gm45316	chr8	85135765	85135926	processed_pseudogene	ENSMUSG00000110200	+	Gm45316	1491
1492	Cks1brt	chr8	85151924	85173622	protein_coding	ENSMUSG00000062687	+	Cks1brt	1492
1493	Olfr371	chr8	85225988	85231509	protein_coding	ENSMUSG00000051952	+	Olfr371	1493
1494	Vps35	chr8	85260392	85299802	protein_coding	ENSMUSG00000031696	-	Vps35	1494
1495	Orc6	chr8	85299632	85308278	protein_coding	ENSMUSG00000031697	+	Orc6	1495
1496	Mylk3	chr8	85324303	85386345	protein_coding	ENSMUSG00000031698	-	Mylk3	1496
1497	AA672651	chr8	85339343	85340272	lncRNA	ENSMUSG00000084895	+	AA672651	1497
1498	4921524J17Rik	chr8	85408759	85432833	protein_coding	ENSMUSG00000036934	-	4921524J17Rik	1498
1499	Gm45594	chr8	85414275	85414515	processed_pseudogene	ENSMUSG00000109790	-	Gm45594	1499
1500	1700051O22Rik	chr8	85432686	85433323	TEC	ENSMUSG00000103341	+	1700051O22Rik	1500
1501	Gpt2	chr8	85492576	85527560	protein_coding	ENSMUSG00000031700	+	Gpt2	1501
1502	Dnaja2	chr8	85537633	85555344	protein_coding	ENSMUSG00000031701	-	Dnaja2	1502
1503	Gm45424	chr8	85599832	85603131	TEC	ENSMUSG00000110341	+	Gm45424	1503
1504	Gm45425	chr8	85605462	85610761	lncRNA	ENSMUSG00000109731	+	Gm45425	1504
1505	Neto2	chr8	85636588	85700924	protein_coding	ENSMUSG00000036902	-	Neto2	1505
1506	Itfg1	chr8	85717578	85840921	protein_coding	ENSMUSG00000031703	-	Itfg1	1506
1507	Gm39214	chr8	85730816	85765095	lncRNA	ENSMUSG00000109754	+	Gm39214	1507
1508	Phkb	chr8	85840959	86061376	protein_coding	ENSMUSG00000036879	+	Phkb	1508
1509	Gm16167	chr8	85853373	85854437	processed_pseudogene	ENSMUSG00000090043	-	Gm16167	1509
1510	Hm629797	chr8	85994245	85996642	lncRNA	ENSMUSG00000098439	+	Hm629797	1510
1511	Gm23904	chr8	86233854	86233977	snoRNA	ENSMUSG00000088192	+	Gm23904	1511
1512	Abcc12	chr8	86482260	86580686	protein_coding	ENSMUSG00000036872	-	Abcc12	1512
1513	Lonp2	chr8	86624043	86723873	protein_coding	ENSMUSG00000047866	+	Lonp2	1513
1514	Gm16177	chr8	86659318	86660035	processed_pseudogene	ENSMUSG00000082484	-	Gm16177	1514
1515	Siah1a	chr8	86724007	86745934	protein_coding	ENSMUSG00000036840	-	Siah1a	1515
1516	Gm10638	chr8	86745453	86748655	lncRNA	ENSMUSG00000074178	+	Gm10638	1516
1517	N4bp1	chr8	86808160	86885258	protein_coding	ENSMUSG00000031652	-	N4bp1	1517
1518	2010110E17Rik	chr8	86885688	86886566	lncRNA	ENSMUSG00000098434	+	2010110E17Rik	1518
1519	Gm27167	chr8	86902453	86919422	lncRNA	ENSMUSG00000098534	+	Gm27167	1519
1520	Fth-ps3	chr8	86915157	86915514	processed_pseudogene	ENSMUSG00000109706	+	Fth-ps3	1520
1521	Rps13-ps1	chr8	87047689	87048226	processed_pseudogene	ENSMUSG00000066362	+	Rps13-ps1	1521
1522	Gm18602	chr8	87051397	87052247	processed_pseudogene	ENSMUSG00000110349	-	Gm18602	1522
1523	Gm5118	chr8	87093307	87100987	lncRNA	ENSMUSG00000098854	+	Gm5118	1523
1524	Gm27246	chr8	87114645	87198404	lncRNA	ENSMUSG00000098684	+	Gm27246	1524
1525	Gm10637	chr8	87169747	87199850	lncRNA	ENSMUSG00000099207	-	Gm10637	1525
1526	Gm27169	chr8	87203026	87293504	lncRNA	ENSMUSG00000098257	+	Gm27169	1526
1527	Gm27207	chr8	87354501	87373075	lncRNA	ENSMUSG00000098768	-	Gm27207	1527
1528	Gm27208	chr8	87381059	87387551	lncRNA	ENSMUSG00000098391	-	Gm27208	1528
1529	4930535O05Rik	chr8	87458444	87459435	lncRNA	ENSMUSG00000098360	+	4930535O05Rik	1529
1530	Gm19872	chr8	87460469	87463797	lncRNA	ENSMUSG00000098295	+	Gm19872	1530
1531	Gm2694	chr8	87460469	87525554	lncRNA	ENSMUSG00000097248	+	Gm2694	1531
1532	Cbln1	chr8	87468405	87472609	protein_coding	ENSMUSG00000031654	-	Cbln1	1532
1533	Gm27016	chr8	87476055	87495462	lncRNA	ENSMUSG00000097992	-	Gm27016	1533
1534	1700120C18Rik	chr8	87500049	87501231	lncRNA	ENSMUSG00000098086	-	1700120C18Rik	1534
1535	4933402J07Rik	chr8	87563853	87589424	protein_coding	ENSMUSG00000069971	+	4933402J07Rik	1535
1536	Gm24841	chr8	87636657	87637013	misc_RNA	ENSMUSG00000089301	+	Gm24841	1536
1537	Zfp423	chr8	87661810	87959595	protein_coding	ENSMUSG00000045333	-	Zfp423	1537
1538	Gm2716	chr8	88051511	88070810	unitary_pseudogene	ENSMUSG00000110719	-	Gm2716	1538
1539	Cnep1r1	chr8	88118769	88135110	protein_coding	ENSMUSG00000036810	+	Cnep1r1	1539
1540	Heatr3	chr8	88137855	88172027	protein_coding	ENSMUSG00000031657	+	Heatr3	1540
1541	Gm9988	chr8	88138079	88138517	pseudogene	ENSMUSG00000055968	-	Gm9988	1541
1542	9430002A10Rik	chr8	88174560	88175034	lncRNA	ENSMUSG00000062704	+	9430002A10Rik	1542
1543	Tent4b	chr8	88199213	88259722	protein_coding	ENSMUSG00000036779	+	Tent4b	1543
1544	Adcy7	chr8	88272403	88329962	protein_coding	ENSMUSG00000031659	+	Adcy7	1544
1545	Brd7	chr8	88331039	88362194	protein_coding	ENSMUSG00000031660	-	Brd7	1545
1546	Gm45497	chr8	88391121	88392228	processed_pseudogene	ENSMUSG00000110280	+	Gm45497	1546
1547	Nkd1	chr8	88521354	88594884	protein_coding	ENSMUSG00000031661	+	Nkd1	1547
1548	Gm45496	chr8	88560033	88562949	TEC	ENSMUSG00000110187	+	Gm45496	1548
1549	Snx20	chr8	88626563	88636128	protein_coding	ENSMUSG00000031662	-	Snx20	1549
1550	Nod2	chr8	88647315	88688474	protein_coding	ENSMUSG00000055994	+	Nod2	1550
1551	Cyld	chr8	88697028	88751945	protein_coding	ENSMUSG00000036712	+	Cyld	1551
1552	Gm17995	chr8	88721079	88721608	processed_pseudogene	ENSMUSG00000109970	-	Gm17995	1552
1553	Gm17910	chr8	88728203	88729040	processed_pseudogene	ENSMUSG00000110299	-	Gm17910	1553
1554	Rps6-ps2	chr8	88806391	88807137	processed_pseudogene	ENSMUSG00000056772	+	Rps6-ps2	1554
1555	Gm45504	chr8	88860968	88863074	TEC	ENSMUSG00000109778	-	Gm45504	1555
1556	Mir8110	chr8	89024735	89024831	miRNA	ENSMUSG00000099078	+	Mir8110	1556
1557	Sall1	chr8	89027235	89044162	protein_coding	ENSMUSG00000031665	-	Sall1	1557
1558	Gm5356	chr8	89186946	89187560	processed_pseudogene	ENSMUSG00000069962	-	Gm5356	1558
1559	Gm26331	chr8	89589435	89589541	snRNA	ENSMUSG00000064758	-	Gm26331	1559
1560	Tox3	chr8	90247040	90348343	protein_coding	ENSMUSG00000043668	-	Tox3	1560
1561	Gm45639	chr8	90669805	90674958	lncRNA	ENSMUSG00000109672	-	Gm45639	1561
1562	Gm45638	chr8	90685186	90688063	TEC	ENSMUSG00000109726	-	Gm45638	1562
1563	Gm35850	chr8	90709458	90740775	lncRNA	ENSMUSG00000109870	-	Gm35850	1563
1564	Gm35963	chr8	90759463	90762596	lncRNA	ENSMUSG00000110212	-	Gm35963	1564
1565	Gm44382	chr8	90790826	90790947	miRNA	ENSMUSG00000105321	-	Gm44382	1565
1566	Gm19935	chr8	90816145	90817393	protein_coding	ENSMUSG00000110332	-	Gm19935	1566
1567	Chd9	chr8	90828352	91054516	protein_coding	ENSMUSG00000056608	+	Chd9	1567
1568	Gm45641	chr8	90848034	90849846	lncRNA	ENSMUSG00000110166	-	Gm45641	1568
1569	Gm45640	chr8	90876581	90878476	TEC	ENSMUSG00000109812	+	Gm45640	1569
1570	Gm45643	chr8	90893155	90894638	TEC	ENSMUSG00000109863	+	Gm45643	1570
1571	Gm6658	chr8	90906532	90908416	TEC	ENSMUSG00000074171	-	Gm6658	1571
1572	Gm45363	chr8	91055264	91056557	TEC	ENSMUSG00000110377	+	Gm45363	1572
1573	Gm22428	chr8	91061265	91061396	snoRNA	ENSMUSG00000089179	-	Gm22428	1573
1574	Rbl2	chr8	91070057	91123844	protein_coding	ENSMUSG00000031666	+	Rbl2	1574
1575	Aktip	chr8	91111784	91199976	protein_coding	ENSMUSG00000031667	-	Aktip	1575
1576	Gm45464	chr8	91113762	91116671	lncRNA	ENSMUSG00000109727	-	Gm45464	1576
1577	Gm45665	chr8	91152207	91152374	processed_pseudogene	ENSMUSG00000110189	+	Gm45665	1577
1578	Gm8489	chr8	91157739	91158890	processed_pseudogene	ENSMUSG00000109755	+	Gm8489	1578
1579	Gm45666	chr8	91160516	91171180	lncRNA	ENSMUSG00000110106	+	Gm45666	1579
1580	Gm23408	chr8	91184919	91185183	misc_RNA	ENSMUSG00000089148	-	Gm23408	1580
1581	Gm36243	chr8	91210570	91224667	lncRNA	ENSMUSG00000110089	+	Gm36243	1581
1582	Rpgrip1l	chr8	91217030	91313262	protein_coding	ENSMUSG00000033282	-	Rpgrip1l	1582
1583	Gm45662	chr8	91258438	91260535	TEC	ENSMUSG00000109828	-	Gm45662	1583
1584	Gm45428	chr8	91305967	91307755	TEC	ENSMUSG00000109956	-	Gm45428	1584
1585	Fto	chr8	91313525	91668439	protein_coding	ENSMUSG00000055932	+	Fto	1585
1586	Gm45427	chr8	91390693	91391945	TEC	ENSMUSG00000110233	-	Gm45427	1586
1587	4831440D22Rik	chr8	91449521	91474598	lncRNA	ENSMUSG00000110138	-	4831440D22Rik	1587
1588	Gm45292	chr8	91450306	91452512	TEC	ENSMUSG00000110079	+	Gm45292	1588
1589	Gm45289	chr8	91493019	91495595	TEC	ENSMUSG00000109642	+	Gm45289	1589
1590	Gm45290	chr8	91528835	91532724	TEC	ENSMUSG00000109709	-	Gm45290	1590
1591	Gm45294	chr8	91579288	91581389	TEC	ENSMUSG00000110068	+	Gm45294	1591
1592	Gm3235	chr8	91621448	91629729	lncRNA	ENSMUSG00000090778	-	Gm3235	1592
1593	Gm45293	chr8	91633079	91634890	TEC	ENSMUSG00000110325	+	Gm45293	1593
1594	Gm45295	chr8	91670852	91671897	TEC	ENSMUSG00000110302	-	Gm45295	1594
1595	Gm9619	chr8	91688374	91689135	processed_pseudogene	ENSMUSG00000110371	-	Gm9619	1595
1596	Gm2875	chr8	91689753	91690112	processed_pseudogene	ENSMUSG00000110073	+	Gm2875	1596
1597	Gm36325	chr8	91710233	91714413	lncRNA	ENSMUSG00000110216	-	Gm36325	1597
1598	Gm36380	chr8	91788508	91794248	lncRNA	ENSMUSG00000110304	-	Gm36380	1598
1599	Irx3	chr8	91798525	91802067	protein_coding	ENSMUSG00000031734	-	Irx3	1599
1600	Irx3os	chr8	91800415	91807539	lncRNA	ENSMUSG00000046413	+	Irx3os	1600
1601	Gm28511	chr8	91865871	91872995	lncRNA	ENSMUSG00000099664	+	Gm28511	1601
1602	Gm28515	chr8	91907565	91913066	lncRNA	ENSMUSG00000099812	-	Gm28515	1602
1603	Gm36670	chr8	91974095	91991947	lncRNA	ENSMUSG00000109696	-	Gm36670	1603
1604	Gm36843	chr8	91997594	92009006	lncRNA	ENSMUSG00000110274	+	Gm36843	1604
1605	Gm28516	chr8	92024442	92038438	lncRNA	ENSMUSG00000101613	+	Gm28516	1605
1606	Gm24254	chr8	92039917	92040020	snRNA	ENSMUSG00000065636	+	Gm24254	1606
1607	Gm45332	chr8	92152096	92158266	lncRNA	ENSMUSG00000110380	-	Gm45332	1607
1608	Gm45335	chr8	92172587	92189124	lncRNA	ENSMUSG00000110198	+	Gm45335	1608
1609	Gm45334	chr8	92233125	92247959	lncRNA	ENSMUSG00000110134	+	Gm45334	1609
1610	Crnde	chr8	92326033	92356120	lncRNA	ENSMUSG00000031736	-	Crnde	1610
1611	Gm21817	chr8	92336668	92339250	lncRNA	ENSMUSG00000095651	-	Gm21817	1611
1612	Irx5	chr8	92357625	92376286	protein_coding	ENSMUSG00000031737	+	Irx5	1612
1613	Gm45336	chr8	92465767	92469665	lncRNA	ENSMUSG00000110290	+	Gm45336	1613
1614	Irx6	chr8	92674288	92680956	protein_coding	ENSMUSG00000031738	+	Irx6	1614
1615	Gm45505	chr8	92680172	92682194	lncRNA	ENSMUSG00000110023	-	Gm45505	1615
1616	Gm3272	chr8	92715747	92716975	processed_pseudogene	ENSMUSG00000078967	-	Gm3272	1616
1617	Mmp2	chr8	92827291	92853420	protein_coding	ENSMUSG00000031740	+	Mmp2	1617
1618	Gm45472	chr8	92853653	92856334	lncRNA	ENSMUSG00000109669	-	Gm45472	1618
1619	Lpcat2	chr8	92855339	92919279	protein_coding	ENSMUSG00000033192	+	Lpcat2	1619
1620	Capns2	chr8	92901407	92902411	protein_coding	ENSMUSG00000078144	+	Capns2	1620
1621	Gm22151	chr8	92913132	92913189	miRNA	ENSMUSG00000080613	-	Gm22151	1621
1622	Slc6a2	chr8	92960079	93001667	protein_coding	ENSMUSG00000055368	+	Slc6a2	1622
1623	Gm45463	chr8	93011619	93041516	lncRNA	ENSMUSG00000109651	+	Gm45463	1623
1624	Ces1a	chr8	93020214	93048192	protein_coding	ENSMUSG00000071047	-	Ces1a	1624
1625	Ces1b	chr8	93056728	93080017	protein_coding	ENSMUSG00000078964	-	Ces1b	1625
1626	Ces1c	chr8	93099015	93131283	protein_coding	ENSMUSG00000057400	-	Ces1c	1626
1627	Gm45910	chr8	93141331	93154116	unprocessed_pseudogene	ENSMUSG00000110714	-	Gm45910	1627
1628	Ces1d	chr8	93166068	93197838	protein_coding	ENSMUSG00000056973	-	Ces1d	1628
1629	Ces1e	chr8	93201218	93229619	protein_coding	ENSMUSG00000061959	-	Ces1e	1629
1630	Gm45727	chr8	93238653	93251175	unprocessed_pseudogene	ENSMUSG00000110659	-	Gm45727	1630
1631	Ces1f	chr8	93256236	93279747	protein_coding	ENSMUSG00000031725	-	Ces1f	1631
1632	Ces1g	chr8	93302369	93337308	protein_coding	ENSMUSG00000057074	-	Ces1g	1632
1633	Ces1h	chr8	93351843	93379725	protein_coding	ENSMUSG00000074156	-	Ces1h	1633
1634	Gm45765	chr8	93363623	93431049	lncRNA	ENSMUSG00000110718	+	Gm45765	1634
1635	Gm45764	chr8	93398905	93403908	lncRNA	ENSMUSG00000110687	+	Gm45764	1635
1636	Gm30132	chr8	93415537	93427628	lncRNA	ENSMUSG00000110670	-	Gm30132	1636
1637	Gm45766	chr8	93430475	93437174	lncRNA	ENSMUSG00000110695	-	Gm45766	1637
1638	Ces5a	chr8	93499064	93535830	protein_coding	ENSMUSG00000058019	-	Ces5a	1638
1639	Gm45708	chr8	93565977	93628624	lncRNA	ENSMUSG00000110534	-	Gm45708	1639
1640	Gm26843	chr8	93646386	93687958	lncRNA	ENSMUSG00000110559	-	Gm26843	1640
1641	Gm30606	chr8	93707015	93719975	lncRNA	ENSMUSG00000110713	-	Gm30606	1641
1642	Gm45786	chr8	93747575	93749852	TEC	ENSMUSG00000110672	-	Gm45786	1642
1643	4930488L21Rik	chr8	93750147	93813722	lncRNA	ENSMUSG00000097520	-	4930488L21Rik	1643
1644	Gnao1	chr8	93809966	93969388	protein_coding	ENSMUSG00000031748	+	Gnao1	1644
1645	Gm24159	chr8	93933835	93933936	miRNA	ENSMUSG00000093005	-	Gm24159	1645
1646	Amfr	chr8	93971588	94012842	protein_coding	ENSMUSG00000031751	-	Amfr	1646
1647	Nudt21	chr8	94015496	94037031	protein_coding	ENSMUSG00000031754	-	Nudt21	1647
1648	Ogfod1	chr8	94037198	94067921	protein_coding	ENSMUSG00000033009	+	Ogfod1	1648
1649	Gm45873	chr8	94048781	94050695	TEC	ENSMUSG00000110499	+	Gm45873	1649
1650	Bbs2	chr8	94067954	94098928	protein_coding	ENSMUSG00000031755	-	Bbs2	1650
1651	Mt4	chr8	94137197	94139031	protein_coding	ENSMUSG00000031757	+	Mt4	1651
1652	Mt3	chr8	94152607	94154146	protein_coding	ENSMUSG00000031760	+	Mt3	1652
1653	Gm45774	chr8	94170748	94173412	lncRNA	ENSMUSG00000110588	-	Gm45774	1653
1654	Mt2	chr8	94172664	94173568	protein_coding	ENSMUSG00000031762	+	Mt2	1654
1655	Mt1	chr8	94179082	94180327	protein_coding	ENSMUSG00000031765	+	Mt1	1655
1656	Gm39228	chr8	94183289	94184969	lncRNA	ENSMUSG00000110524	+	Gm39228	1656
1657	Nup93	chr8	94214564	94317227	protein_coding	ENSMUSG00000032939	+	Nup93	1657
1658	Rpl10-ps5	chr8	94222993	94223634	processed_pseudogene	ENSMUSG00000110679	+	Rpl10-ps5	1658
1659	Gm45804	chr8	94273426	94276860	TEC	ENSMUSG00000110442	+	Gm45804	1659
1660	C78859	chr8	94322158	94328100	lncRNA	ENSMUSG00000110710	+	C78859	1660
1661	Mir138-2	chr8	94324311	94324381	miRNA	ENSMUSG00000065512	+	Mir138-2	1661
1662	Slc12a3	chr8	94329201	94366214	protein_coding	ENSMUSG00000031766	+	Slc12a3	1662
1663	Gm15889	chr8	94377872	94380317	lncRNA	ENSMUSG00000089712	+	Gm15889	1663
1664	Gm15890	chr8	94379184	94386972	lncRNA	ENSMUSG00000090105	-	Gm15890	1664
1665	Herpud1	chr8	94386438	94395377	protein_coding	ENSMUSG00000031770	+	Herpud1	1665
1666	Ap3s1-ps2	chr8	94405211	94405789	processed_pseudogene	ENSMUSG00000094257	+	Ap3s1-ps2	1666
1667	9330175E14Rik	chr8	94422898	94435103	lncRNA	ENSMUSG00000097194	-	9330175E14Rik	1667
1668	Nlrc5	chr8	94434356	94527272	protein_coding	ENSMUSG00000074151	+	Nlrc5	1668
1669	Mir7072	chr8	94505046	94505105	miRNA	ENSMUSG00000098511	+	Mir7072	1669
1670	Cpne2	chr8	94532990	94570531	protein_coding	ENSMUSG00000034361	+	Cpne2	1670
1671	Fam192a	chr8	94574138	94601997	protein_coding	ENSMUSG00000031774	-	Fam192a	1671
1672	Rspry1	chr8	94601937	94660275	protein_coding	ENSMUSG00000050079	+	Rspry1	1672
1673	Gm45797	chr8	94610777	94612697	TEC	ENSMUSG00000110504	+	Gm45797	1673
1674	Arl2bp	chr8	94666600	94674425	protein_coding	ENSMUSG00000031776	+	Arl2bp	1674
1675	Pllp	chr8	94674894	94696278	protein_coding	ENSMUSG00000031775	-	Pllp	1675
1676	Gm45767	chr8	94675606	94680166	lncRNA	ENSMUSG00000110702	+	Gm45767	1676
1677	Gm22846	chr8	94698016	94698285	misc_RNA	ENSMUSG00000088331	-	Gm22846	1677
1678	Ccl22	chr8	94745590	94751699	protein_coding	ENSMUSG00000031779	+	Ccl22	1678
1679	Gnb1-ps3	chr8	94760288	94761237	processed_pseudogene	ENSMUSG00000110708	+	Gnb1-ps3	1679
1680	Cx3cl1	chr8	94772009	94782427	protein_coding	ENSMUSG00000031778	+	Cx3cl1	1680
1681	Ccl17	chr8	94810453	94812036	protein_coding	ENSMUSG00000031780	+	Ccl17	1681
1682	Ciapin1	chr8	94819804	94838358	protein_coding	ENSMUSG00000031781	-	Ciapin1	1682
1683	Gm7418	chr8	94835717	94836517	processed_pseudogene	ENSMUSG00000090188	+	Gm7418	1683
1684	Coq9	chr8	94838321	94854895	protein_coding	ENSMUSG00000031782	+	Coq9	1684
1685	Polr2c	chr8	94857450	94873535	protein_coding	ENSMUSG00000031783	+	Polr2c	1685
1686	Dok4	chr8	94863828	94876330	protein_coding	ENSMUSG00000040631	-	Dok4	1686
1687	Ccdc102a	chr8	94902869	94918098	protein_coding	ENSMUSG00000063605	-	Ccdc102a	1687
1688	Adgrg5	chr8	94923694	94943280	protein_coding	ENSMUSG00000061577	+	Adgrg5	1688
1689	Gm10286	chr8	94964679	94969756	TEC	ENSMUSG00000070111	-	Gm10286	1689
1690	Adgrg1	chr8	94974751	95014217	protein_coding	ENSMUSG00000031785	+	Adgrg1	1690
1691	Adgrg3	chr8	95017692	95045250	protein_coding	ENSMUSG00000060470	+	Adgrg3	1691
1692	Gm45757	chr8	95045981	95047460	TEC	ENSMUSG00000110426	+	Gm45757	1692
1693	Drc7	chr8	95055103	95078141	protein_coding	ENSMUSG00000031786	+	Drc7	1693
1694	Katnb1	chr8	95081186	95103149	protein_coding	ENSMUSG00000031787	+	Katnb1	1694
1695	Gm45758	chr8	95089671	95090676	TEC	ENSMUSG00000110516	-	Gm45758	1695
1696	Kifc3	chr8	95099828	95202812	protein_coding	ENSMUSG00000031788	-	Kifc3	1696
1697	Gm31224	chr8	95113566	95129590	lncRNA	ENSMUSG00000110517	+	Gm31224	1697
1698	Gm45812	chr8	95126666	95134867	lncRNA	ENSMUSG00000110428	+	Gm45812	1698
1699	Gm31036	chr8	95138310	95148386	lncRNA	ENSMUSG00000110475	+	Gm31036	1699
1700	Cngb1	chr8	95239045	95306585	protein_coding	ENSMUSG00000031789	-	Cngb1	1700
1701	Tepp	chr8	95310566	95326323	protein_coding	ENSMUSG00000090206	+	Tepp	1701
1702	Zfp319	chr8	95323011	95331950	protein_coding	ENSMUSG00000046556	-	Zfp319	1702
1703	Usb1	chr8	95332284	95347507	protein_coding	ENSMUSG00000031792	+	Usb1	1703
1704	Mmp15	chr8	95352268	95375080	protein_coding	ENSMUSG00000031790	+	Mmp15	1704
1705	Cfap20	chr8	95420249	95434869	protein_coding	ENSMUSG00000031796	-	Cfap20	1705
1706	Csnk2a2	chr8	95446096	95490039	protein_coding	ENSMUSG00000046707	-	Csnk2a2	1706
1707	Gm45854	chr8	95468646	95472133	TEC	ENSMUSG00000110598	+	Gm45854	1707
1708	Gm45853	chr8	95480453	95483623	TEC	ENSMUSG00000110635	-	Gm45853	1708
1709	4933406B17Rik	chr8	95496430	95503718	lncRNA	ENSMUSG00000110427	+	4933406B17Rik	1709
1710	Ccdc113	chr8	95534085	95558890	protein_coding	ENSMUSG00000036598	+	Ccdc113	1710
1711	1700112L15Rik	chr8	95551793	95552302	TEC	ENSMUSG00000110577	+	1700112L15Rik	1711
1712	Prss54	chr8	95559069	95576340	protein_coding	ENSMUSG00000048400	-	Prss54	1712
1713	Gm5912	chr8	95577471	95578908	processed_pseudogene	ENSMUSG00000081436	+	Gm5912	1713
1714	Gm31518	chr8	95593422	95621509	lncRNA	ENSMUSG00000110447	+	Gm31518	1714
1715	Gm45702	chr8	95629173	95630391	lncRNA	ENSMUSG00000110483	-	Gm45702	1715
1716	Gins3	chr8	95633453	95645060	protein_coding	ENSMUSG00000031669	+	Gins3	1716
1717	Gm6013	chr8	95674696	95675394	processed_pseudogene	ENSMUSG00000110701	-	Gm6013	1717
1718	Ndrg4	chr8	95676980	95715119	protein_coding	ENSMUSG00000036564	+	Ndrg4	1718
1719	Setd6	chr8	95715881	95719010	protein_coding	ENSMUSG00000031671	+	Setd6	1719
1720	Cnot1	chr8	95719451	95807464	protein_coding	ENSMUSG00000036550	-	Cnot1	1720
1721	Gm26493	chr8	95746060	95746195	snoRNA	ENSMUSG00000065089	-	Gm26493	1721
1722	Mir7073	chr8	95753151	95753214	miRNA	ENSMUSG00000106145	-	Mir7073	1722
1723	Gm26265	chr8	95756950	95757084	snoRNA	ENSMUSG00000065211	-	Gm26265	1723
1724	Gm45762	chr8	95775912	95778530	TEC	ENSMUSG00000110556	-	Gm45762	1724
1725	4930513N10Rik	chr8	95806744	95821728	lncRNA	ENSMUSG00000074136	+	4930513N10Rik	1725
1726	Gm31659	chr8	95808552	95818274	lncRNA	ENSMUSG00000110489	-	Gm31659	1726
1727	Sap18b	chr8	95825346	95826134	protein_coding	ENSMUSG00000061104	+	Sap18b	1727
1728	Gm31805	chr8	95828598	95833675	lncRNA	ENSMUSG00000110661	-	Gm31805	1728
1729	Slc38a7	chr8	95835920	95853539	protein_coding	ENSMUSG00000036534	-	Slc38a7	1729
1730	Got2	chr8	95864134	95888547	protein_coding	ENSMUSG00000031672	-	Got2	1730
1731	Gm45760	chr8	95870814	95872595	TEC	ENSMUSG00000110711	+	Gm45760	1731
1732	Gm45895	chr8	95910574	95934042	lncRNA	ENSMUSG00000110634	+	Gm45895	1732
1733	Gm8637	chr8	95921529	95922613	processed_pseudogene	ENSMUSG00000110506	+	Gm8637	1733
1734	Gm32005	chr8	96309519	96361523	lncRNA	ENSMUSG00000110623	+	Gm32005	1734
1735	Gm22780	chr8	96318487	96318618	snoRNA	ENSMUSG00000077272	-	Gm22780	1735
1736	Gm32122	chr8	96371727	96403862	lncRNA	ENSMUSG00000110633	-	Gm32122	1736
1737	1700047G07Rik	chr8	96512340	96513979	lncRNA	ENSMUSG00000110717	+	1700047G07Rik	1737
1738	Gm24132	chr8	96656129	96656219	miRNA	ENSMUSG00000077938	+	Gm24132	1738
1739	Gm45703	chr8	97149419	97164356	lncRNA	ENSMUSG00000110567	-	Gm45703	1739
1740	Gm5131	chr8	97163793	97165030	processed_pseudogene	ENSMUSG00000110715	+	Gm5131	1740
1741	Gm45788	chr8	97215971	97218982	lncRNA	ENSMUSG00000110552	+	Gm45788	1741
1742	Gm25160	chr8	97222534	97222635	snRNA	ENSMUSG00000089539	+	Gm25160	1742
1743	Gm5913	chr8	97427712	97429110	processed_pseudogene	ENSMUSG00000081111	-	Gm5913	1743
1744	Gm7191	chr8	97565603	97566592	processed_pseudogene	ENSMUSG00000098116	-	Gm7191	1744
1745	Gm39231	chr8	97840048	97847267	lncRNA	ENSMUSG00000109615	+	Gm39231	1745
1746	Gm17997	chr8	98196676	98197515	processed_pseudogene	ENSMUSG00000109681	-	Gm17997	1746
1747	Gm7192	chr8	98223527	98224663	processed_pseudogene	ENSMUSG00000110194	-	Gm7192	1747
1748	Gm23494	chr8	98675077	98675202	snRNA	ENSMUSG00000080480	-	Gm23494	1748
1749	Gm15679	chr8	99011886	99032740	lncRNA	ENSMUSG00000089819	+	Gm15679	1749
1750	Cdh8	chr8	99024471	99416471	protein_coding	ENSMUSG00000036510	-	Cdh8	1750
1751	Gm45297	chr8	99045927	99049409	TEC	ENSMUSG00000109775	-	Gm45297	1751
1752	Gm24693	chr8	99072463	99072569	snRNA	ENSMUSG00000065819	+	Gm24693	1752
1753	Gm15681	chr8	99145386	99148089	processed_pseudogene	ENSMUSG00000086842	-	Gm15681	1753
1754	Gm15680	chr8	99397213	99506770	lncRNA	ENSMUSG00000090116	-	Gm15680	1754
1755	A330008L17Rik	chr8	99416642	99733438	lncRNA	ENSMUSG00000052479	+	A330008L17Rik	1755
1756	Gm8688	chr8	99664019	99665407	unprocessed_pseudogene	ENSMUSG00000083586	+	Gm8688	1756
1757	Gm19232	chr8	99826987	99827638	processed_pseudogene	ENSMUSG00000109939	-	Gm19232	1757
1758	Impdh2-ps	chr8	100030558	100032102	processed_pseudogene	ENSMUSG00000071041	+	Impdh2-ps	1758
1759	Gm5742	chr8	100060116	100060620	processed_pseudogene	ENSMUSG00000081383	+	Gm5742	1759
1760	Gm5361	chr8	100636519	100638016	processed_pseudogene	ENSMUSG00000110014	+	Gm5361	1760
1761	Gm39232	chr8	100661909	100726355	lncRNA	ENSMUSG00000109769	-	Gm39232	1761
1762	Gm22223	chr8	101539584	101539708	snoRNA	ENSMUSG00000087985	-	Gm22223	1762
1763	Gm24602	chr8	102523894	102523956	snRNA	ENSMUSG00000088596	+	Gm24602	1763
1764	Gm45422	chr8	102534645	102534890	processed_pseudogene	ENSMUSG00000110069	+	Gm45422	1764
1765	Cdh11	chr8	102632095	102785642	protein_coding	ENSMUSG00000031673	-	Cdh11	1765
1766	Gm45257	chr8	102654191	102658188	TEC	ENSMUSG00000110084	-	Gm45257	1766
1767	9430099M06Rik	chr8	102706049	102706790	TEC	ENSMUSG00000109997	-	9430099M06Rik	1767
1768	Gm26301	chr8	102732390	102732484	miRNA	ENSMUSG00000078006	-	Gm26301	1768
1769	Gm45258	chr8	102780190	102781042	TEC	ENSMUSG00000110269	-	Gm45258	1769
1770	Gm8730	chr8	102864845	102865798	processed_pseudogene	ENSMUSG00000063696	-	Gm8730	1770
1771	Gm45391	chr8	103130248	103144946	lncRNA	ENSMUSG00000109848	-	Gm45391	1771
1772	Gm32531	chr8	103271391	103340130	lncRNA	ENSMUSG00000109701	+	Gm32531	1772
1773	1600027J07Rik	chr8	103343878	103347534	lncRNA	ENSMUSG00000110340	-	1600027J07Rik	1773
1774	Gm45277	chr8	103531645	103563623	lncRNA	ENSMUSG00000109699	-	Gm45277	1774
1775	4933400L20Rik	chr8	103603782	103680384	lncRNA	ENSMUSG00000110336	+	4933400L20Rik	1775
1776	Gm8748	chr8	104071149	104071735	processed_pseudogene	ENSMUSG00000110019	+	Gm8748	1776
1777	Gm29682	chr8	104088916	104105873	lncRNA	ENSMUSG00000110053	-	Gm29682	1777
1778	Cdh5	chr8	104101625	104144511	protein_coding	ENSMUSG00000031871	+	Cdh5	1778
1779	Gm45663	chr8	104152706	104154337	TEC	ENSMUSG00000109909	+	Gm45663	1779
1780	Bean1	chr8	104170442	104219122	protein_coding	ENSMUSG00000031872	+	Bean1	1780
1781	Gm10631	chr8	104177795	104184599	lncRNA	ENSMUSG00000074128	-	Gm10631	1781
1782	Gm45892	chr8	104217202	104218299	lncRNA	ENSMUSG00000110674	-	Gm45892	1782
1783	Gm45887	chr8	104220612	104223609	TEC	ENSMUSG00000110638	+	Gm45887	1783
1784	Gm45750	chr8	104223747	104224100	processed_pseudogene	ENSMUSG00000110551	+	Gm45750	1784
1785	Tk2	chr8	104226685	104248558	protein_coding	ENSMUSG00000035824	-	Tk2	1785
1786	Cklf	chr8	104250861	104264938	protein_coding	ENSMUSG00000054400	+	Cklf	1786
1787	Cmtm2a	chr8	104281042	104293181	protein_coding	ENSMUSG00000074127	-	Cmtm2a	1787
1788	Gm45711	chr8	104281347	104310081	protein_coding	ENSMUSG00000031876	-	Gm45711	1788
1789	Cmtm1	chr8	104292622	104310145	protein_coding	ENSMUSG00000110430	-	Cmtm1	1789
1790	Gm45710	chr8	104310832	104312769	unprocessed_pseudogene	ENSMUSG00000110642	-	Gm45710	1790
1791	Gm11020	chr8	104321567	104321787	protein_coding	ENSMUSG00000078953	+	Gm11020	1791
1792	Cmtm2b	chr8	104322230	104330764	protein_coding	ENSMUSG00000035785	+	Cmtm2b	1792
1793	Gm45878	chr8	104324440	104324680	unprocessed_pseudogene	ENSMUSG00000110600	-	Gm45878	1793
1794	Cmtm3	chr8	104339410	104347672	protein_coding	ENSMUSG00000031875	+	Cmtm3	1794
1795	Cmtm4	chr8	104348191	104395807	protein_coding	ENSMUSG00000096188	-	Cmtm4	1795
1796	Gm45877	chr8	104362602	104363668	lncRNA	ENSMUSG00000110486	-	Gm45877	1796
1797	Dync1li2	chr8	104417680	104443047	protein_coding	ENSMUSG00000035770	-	Dync1li2	1797
1798	Gm45731	chr8	104438260	104439462	TEC	ENSMUSG00000110689	+	Gm45731	1798
1799	K230015D01Rik	chr8	104442271	104443786	lncRNA	ENSMUSG00000110630	+	K230015D01Rik	1799
1800	Terb1	chr8	104446719	104509910	protein_coding	ENSMUSG00000052616	-	Terb1	1800
1801	Gm22148	chr8	104507902	104508008	snRNA	ENSMUSG00000077633	+	Gm22148	1801
1802	Nae1	chr8	104511028	104534637	protein_coding	ENSMUSG00000031878	-	Nae1	1802
1803	Car7	chr8	104534689	104550343	protein_coding	ENSMUSG00000031883	+	Car7	1803
1804	Gm45843	chr8	104551907	104556987	lncRNA	ENSMUSG00000110607	-	Gm45843	1804
1805	Pdp2	chr8	104591451	104599026	protein_coding	ENSMUSG00000048371	+	Pdp2	1805
1806	Cdh16	chr8	104601911	104624396	protein_coding	ENSMUSG00000031881	-	Cdh16	1806
1807	Rrad	chr8	104628070	104631327	protein_coding	ENSMUSG00000031880	-	Rrad	1807
1808	Gm33023	chr8	104630832	104636492	lncRNA	ENSMUSG00000110652	+	Gm33023	1808
1809	Ciao2b	chr8	104639838	104641965	protein_coding	ENSMUSG00000031879	-	Ciao2b	1809
1810	1700082M22Rik	chr8	104641807	104658558	lncRNA	ENSMUSG00000023737	+	1700082M22Rik	1810
1811	Gm7208	chr8	104675536	104682211	transcribed_unprocessed_pseudogene	ENSMUSG00000110568	-	Gm7208	1811
1812	Gm5159	chr8	104701705	104720965	transcribed_unprocessed_pseudogene	ENSMUSG00000110557	-	Gm5159	1812
1813	Gm44328	chr8	104709372	104709446	miRNA	ENSMUSG00000105612	-	Gm44328	1813
1814	9230110F11Rik	chr8	104711249	104718260	lncRNA	ENSMUSG00000110497	+	9230110F11Rik	1814
1815	Ces2a	chr8	104734003	104741634	protein_coding	ENSMUSG00000055730	+	Ces2a	1815
1816	Gm6831	chr8	104755779	104764069	transcribed_unprocessed_pseudogene	ENSMUSG00000110639	+	Gm6831	1816
1817	Gm45782	chr8	104785828	104787612	unprocessed_pseudogene	ENSMUSG00000110694	+	Gm45782	1817
1818	4932416K20Rik	chr8	104794928	104799052	lncRNA	ENSMUSG00000069925	+	4932416K20Rik	1818
1819	Ces2b	chr8	104831572	104840093	protein_coding	ENSMUSG00000050097	+	Ces2b	1819
1820	Matr3-ps2	chr8	104844378	104846373	processed_pseudogene	ENSMUSG00000089748	-	Matr3-ps2	1820
1821	Ces2c	chr8	104847068	104854483	protein_coding	ENSMUSG00000061825	+	Ces2c	1821
1822	Ces2d-ps	chr8	104867488	104873861	unprocessed_pseudogene	ENSMUSG00000031884	+	Ces2d-ps	1822
1823	Gm8798	chr8	104886862	104902787	transcribed_unprocessed_pseudogene	ENSMUSG00000110597	+	Gm8798	1823
1824	Ces2e	chr8	104926260	104934672	protein_coding	ENSMUSG00000031886	+	Ces2e	1824
1825	Ces2f	chr8	104947356	104960047	protein_coding	ENSMUSG00000062826	+	Ces2f	1825
1826	Ces2g	chr8	104961718	104969537	protein_coding	ENSMUSG00000031877	+	Ces2g	1826
1827	Gm5743	chr8	104984464	104996811	transcribed_unprocessed_pseudogene	ENSMUSG00000110479	+	Gm5743	1827
1828	Ces2h	chr8	105000853	105021178	protein_coding	ENSMUSG00000091813	+	Ces2h	1828
1829	Gm45725	chr8	105045166	105045502	unprocessed_pseudogene	ENSMUSG00000110549	+	Gm45725	1829
1830	Ces3a	chr8	105048601	105058413	protein_coding	ENSMUSG00000069922	+	Ces3a	1830
1831	Gm45724	chr8	105051049	105051468	TEC	ENSMUSG00000110488	-	Gm45724	1831
1832	Ces3b	chr8	105083753	105093929	protein_coding	ENSMUSG00000062181	+	Ces3b	1832
1833	Gm8804	chr8	105110624	105111421	processed_pseudogene	ENSMUSG00000110502	+	Gm8804	1833
1834	Ces4a	chr8	105131800	105150109	protein_coding	ENSMUSG00000060560	+	Ces4a	1834
1835	Gm3830	chr8	105164587	105170367	lncRNA	ENSMUSG00000099465	+	Gm3830	1835
1836	Cbfb	chr8	105170674	105217989	protein_coding	ENSMUSG00000031885	+	Cbfb	1836
1837	Gm22063	chr8	105172496	105172602	snRNA	ENSMUSG00000064494	+	Gm22063	1837
1838	Gm24629	chr8	105203993	105204081	misc_RNA	ENSMUSG00000084711	+	Gm24629	1838
1839	D230025D16Rik	chr8	105225145	105253053	protein_coding	ENSMUSG00000031889	+	D230025D16Rik	1839
1840	B3gnt9	chr8	105252638	105255153	protein_coding	ENSMUSG00000069920	-	B3gnt9	1840
1841	Tradd	chr8	105258286	105264609	protein_coding	ENSMUSG00000031887	-	Tradd	1841
1842	Fbxl8	chr8	105264648	105269326	protein_coding	ENSMUSG00000033313	+	Fbxl8	1842
1843	Hsf4	chr8	105269801	105275845	protein_coding	ENSMUSG00000033249	+	Hsf4	1843
1844	Nol3	chr8	105276140	105281939	protein_coding	ENSMUSG00000014776	+	Nol3	1844
1845	4931428F04Rik	chr8	105280409	105289864	protein_coding	ENSMUSG00000014837	-	4931428F04Rik	1845
1846	Gm20163	chr8	105289678	105291485	lncRNA	ENSMUSG00000110611	+	Gm20163	1846
1847	Exoc3l	chr8	105289924	105296101	protein_coding	ENSMUSG00000043251	-	Exoc3l	1847
1848	E2f4	chr8	105297663	105305370	protein_coding	ENSMUSG00000014859	+	E2f4	1848
1849	Elmo3	chr8	105305601	105310760	protein_coding	ENSMUSG00000014791	+	Elmo3	1849
1850	Gm27320	chr8	105307792	105307900	miRNA	ENSMUSG00000099127	-	Gm27320	1850
1851	Mir328	chr8	105308364	105308460	miRNA	ENSMUSG00000070130	-	Mir328	1851
1852	Lrrc29	chr8	105312265	105326278	protein_coding	ENSMUSG00000041679	-	Lrrc29	1852
1853	Tmem208	chr8	105326354	105335219	protein_coding	ENSMUSG00000014856	+	Tmem208	1853
1854	Fhod1	chr8	105329163	105347953	protein_coding	ENSMUSG00000014778	-	Fhod1	1854
1855	Slc9a5	chr8	105348843	105369881	protein_coding	ENSMUSG00000014786	+	Slc9a5	1855
1856	Plekhg4	chr8	105373274	105382862	protein_coding	ENSMUSG00000014782	+	Plekhg4	1856
1857	Kctd19	chr8	105382807	105413502	protein_coding	ENSMUSG00000051648	-	Kctd19	1857
1858	Lrrc36	chr8	105413571	105464086	protein_coding	ENSMUSG00000054320	+	Lrrc36	1858
1859	Tppp3	chr8	105467493	105471526	protein_coding	ENSMUSG00000014846	-	Tppp3	1859
1860	Zdhhc1	chr8	105472423	105496902	protein_coding	ENSMUSG00000039199	-	Zdhhc1	1860
1861	Gm8838	chr8	105503406	105503946	processed_pseudogene	ENSMUSG00000110608	+	Gm8838	1861
1862	Hsd11b2	chr8	105518755	105523988	protein_coding	ENSMUSG00000031891	+	Hsd11b2	1862
1863	Atp6v0d1	chr8	105524465	105566047	protein_coding	ENSMUSG00000013160	-	Atp6v0d1	1863
1864	Gm38250	chr8	105566324	105578109	lncRNA	ENSMUSG00000104168	+	Gm38250	1864
1865	Agrp	chr8	105566698	105637393	protein_coding	ENSMUSG00000005705	-	Agrp	1865
1866	Gm45855	chr8	105585321	105586200	processed_pseudogene	ENSMUSG00000110686	-	Gm45855	1866
1867	Ripor1	chr8	105605255	105622219	protein_coding	ENSMUSG00000038604	+	Ripor1	1867
1868	Mir1966	chr8	105615466	105615573	miRNA	ENSMUSG00000089432	+	Mir1966	1868
1869	Gm5914	chr8	105624336	105637485	lncRNA	ENSMUSG00000098120	-	Gm5914	1869
1870	Gm38384	chr8	105633750	105634871	TEC	ENSMUSG00000102593	+	Gm38384	1870
1871	Ctcf	chr8	105636568	105682922	protein_coding	ENSMUSG00000005698	+	Ctcf	1871
1872	Gm5915	chr8	105660334	105660787	processed_pseudogene	ENSMUSG00000080021	-	Gm5915	1872
1873	Carmil2	chr8	105686274	105698187	protein_coding	ENSMUSG00000050357	+	Carmil2	1873
1874	Acd	chr8	105695860	105701102	protein_coding	ENSMUSG00000038000	-	Acd	1874
1875	Pard6a	chr8	105701148	105703496	protein_coding	ENSMUSG00000005699	+	Pard6a	1875
1876	Enkd1	chr8	105703651	105708210	protein_coding	ENSMUSG00000013155	-	Enkd1	1876
1877	4933405L10Rik	chr8	105707655	105710246	protein_coding	ENSMUSG00000013158	+	4933405L10Rik	1877
1878	Gfod2	chr8	105713854	105758664	protein_coding	ENSMUSG00000013150	-	Gfod2	1878
1879	Ranbp10	chr8	105768308	105827350	protein_coding	ENSMUSG00000037415	-	Ranbp10	1879
1880	Tsnaxip1	chr8	105827731	105844680	protein_coding	ENSMUSG00000031893	+	Tsnaxip1	1880
1881	Cenpt	chr8	105844673	105853278	protein_coding	ENSMUSG00000036672	-	Cenpt	1881
1882	Thap11	chr8	105855132	105856950	protein_coding	ENSMUSG00000036442	+	Thap11	1882
1883	4930578M07Rik	chr8	105859303	105860422	lncRNA	ENSMUSG00000110586	-	4930578M07Rik	1883
1884	Nutf2	chr8	105860580	105879330	protein_coding	ENSMUSG00000008450	+	Nutf2	1884
1885	Edc4	chr8	105880881	105894908	protein_coding	ENSMUSG00000036270	+	Edc4	1885
1886	Nrn1l	chr8	105893567	105895023	protein_coding	ENSMUSG00000044287	+	Nrn1l	1886
1887	Pskh1	chr8	105900441	105931778	protein_coding	ENSMUSG00000048310	+	Pskh1	1887
1888	Ctrl	chr8	105932003	105933862	protein_coding	ENSMUSG00000031896	-	Ctrl	1888
1889	Gm16156	chr8	105934333	105945843	lncRNA	ENSMUSG00000087436	+	Gm16156	1889
1890	Psmb10	chr8	105935735	105938444	protein_coding	ENSMUSG00000031897	-	Psmb10	1890
1891	Lcat	chr8	105939551	105943382	protein_coding	ENSMUSG00000035237	-	Lcat	1891
1892	Slc12a4	chr8	105943590	105966097	protein_coding	ENSMUSG00000017765	-	Slc12a4	1892
1893	Mir7074	chr8	105951637	105951699	miRNA	ENSMUSG00000099131	-	Mir7074	1893
1894	Gm45752	chr8	105973097	105985879	lncRNA	ENSMUSG00000110457	+	Gm45752	1894
1895	Dpep3	chr8	105973513	105979429	protein_coding	ENSMUSG00000031898	-	Dpep3	1895
1896	Dpep2	chr8	105984944	105991759	protein_coding	ENSMUSG00000053687	-	Dpep2	1896
1897	Gm22972	chr8	105988501	105988631	snoRNA	ENSMUSG00000065231	-	Gm22972	1897
1898	Dus2	chr8	105991337	106053840	protein_coding	ENSMUSG00000031901	+	Dus2	1898
1899	Dpep2nb	chr8	105995466	106005975	protein_coding	ENSMUSG00000115768	-	Dpep2nb	1899
1900	Ddx28	chr8	106009621	106011882	protein_coding	ENSMUSG00000045538	-	Ddx28	1900
1901	Nfatc3	chr8	106058840	106130537	protein_coding	ENSMUSG00000031902	+	Nfatc3	1901
1902	Gm27956	chr8	106071615	106071874	misc_RNA	ENSMUSG00000093345	-	Gm27956	1902
1903	Esrp2	chr8	106130319	106136974	protein_coding	ENSMUSG00000084128	-	Esrp2	1903
1904	1810019D21Rik	chr8	106135400	106138525	lncRNA	ENSMUSG00000086390	+	1810019D21Rik	1904
1905	Pla2g15	chr8	106150399	106164715	protein_coding	ENSMUSG00000031903	+	Pla2g15	1905
1906	Slc7a6	chr8	106168857	106198706	protein_coding	ENSMUSG00000031904	+	Slc7a6	1906
1907	Slc7a6os	chr8	106200717	106210935	protein_coding	ENSMUSG00000033106	-	Slc7a6os	1907
1908	Prmt7	chr8	106210936	106252794	protein_coding	ENSMUSG00000060098	+	Prmt7	1908
1909	Smpd3	chr8	106252548	106337988	protein_coding	ENSMUSG00000031906	-	Smpd3	1909
1910	Gm10629	chr8	106283307	106300017	lncRNA	ENSMUSG00000074113	+	Gm10629	1910
1911	Zfp90	chr8	106415327	106426598	protein_coding	ENSMUSG00000031907	+	Zfp90	1911
1912	6030452D12Rik	chr8	106500505	106509656	lncRNA	ENSMUSG00000054069	+	6030452D12Rik	1912
1913	Cdh3	chr8	106510891	106557297	protein_coding	ENSMUSG00000061048	+	Cdh3	1913
1914	Gm10073	chr8	106573009	106573350	processed_pseudogene	ENSMUSG00000060019	-	Gm10073	1914
1915	1110028F18Rik	chr8	106587143	106594820	lncRNA	ENSMUSG00000099139	+	1110028F18Rik	1915
1916	Cdh1	chr8	106603351	106670246	protein_coding	ENSMUSG00000000303	+	Cdh1	1916
1917	Tango6	chr8	106683068	106851439	protein_coding	ENSMUSG00000041949	+	Tango6	1917
1918	Has3	chr8	106870242	106884566	protein_coding	ENSMUSG00000031910	+	Has3	1918
1919	Chtf8	chr8	106883863	106893601	protein_coding	ENSMUSG00000046691	-	Chtf8	1919
1920	Gm50241	chr8	106883890	106893593	protein_coding	ENSMUSG00000117748	-	Gm50241	1920
1921	Utp4	chr8	106893636	106923088	protein_coding	ENSMUSG00000041438	+	Utp4	1921
1922	Rpl10-ps2	chr8	106927769	106928413	processed_pseudogene	ENSMUSG00000074108	-	Rpl10-ps2	1922
1923	Sntb2	chr8	106935750	107019714	protein_coding	ENSMUSG00000041308	+	Sntb2	1923
1924	Gm22085	chr8	107009502	107009611	snRNA	ENSMUSG00000088969	-	Gm22085	1924
1925	Gm16208	chr8	107029675	107031188	lncRNA	ENSMUSG00000085464	-	Gm16208	1925
1926	Vps4a	chr8	107031222	107045755	protein_coding	ENSMUSG00000031913	+	Vps4a	1926
1927	Gm16209	chr8	107037480	107038106	processed_pseudogene	ENSMUSG00000083734	-	Gm16209	1927
1928	Pdf	chr8	107044698	107048614	protein_coding	ENSMUSG00000078931	-	Pdf	1928
1929	Cog8	chr8	107046289	107056689	protein_coding	ENSMUSG00000031916	-	Cog8	1929
1930	Nip7	chr8	107056877	107060931	protein_coding	ENSMUSG00000031917	+	Nip7	1930
1931	Tmed6	chr8	107061476	107065644	protein_coding	ENSMUSG00000031919	-	Tmed6	1931
1932	Terf2	chr8	107069400	107096547	protein_coding	ENSMUSG00000031921	-	Terf2	1932
1933	Mir7075	chr8	107096025	107096106	miRNA	ENSMUSG00000098671	-	Mir7075	1933
1934	C630050I24Rik	chr8	107119110	107119892	TEC	ENSMUSG00000102271	+	C630050I24Rik	1934
1935	Cyb5b	chr8	107150640	107187471	protein_coding	ENSMUSG00000031924	+	Cyb5b	1935
1936	Rps18-ps3	chr8	107262793	107263248	processed_pseudogene	ENSMUSG00000057657	-	Rps18-ps3	1936
1937	Nfat5	chr8	107293470	107379517	protein_coding	ENSMUSG00000003847	+	Nfat5	1937
1938	Nqo1	chr8	107388225	107403206	protein_coding	ENSMUSG00000003849	-	Nqo1	1938
1939	Nob1	chr8	107412486	107425051	protein_coding	ENSMUSG00000003848	-	Nob1	1939
1940	Wwp2	chr8	107436365	107558595	protein_coding	ENSMUSG00000031930	+	Wwp2	1940
1941	Rps26-ps1	chr8	107439131	107439579	transcribed_processed_pseudogene	ENSMUSG00000059775	-	Rps26-ps1	1941
1942	Gm45900	chr8	107444284	107444692	processed_pseudogene	ENSMUSG00000110501	-	Gm45900	1942
1943	Mir140	chr8	107551244	107551313	miRNA	ENSMUSG00000065439	+	Mir140	1943
1944	Psmd7	chr8	107580381	107588464	protein_coding	ENSMUSG00000039067	-	Psmd7	1944
1945	Gm8940	chr8	107690626	107690844	processed_pseudogene	ENSMUSG00000110508	-	Gm8940	1945
1946	5033426E14Rik	chr8	107869685	107885011	lncRNA	ENSMUSG00000110625	+	5033426E14Rik	1946
1947	Zfhx3	chr8	107942644	108961630	protein_coding	ENSMUSG00000038872	+	Zfhx3	1947
1948	Gm39244	chr8	108526937	108537221	lncRNA	ENSMUSG00000109868	-	Gm39244	1948
1949	Lncbate1	chr8	108553252	108584595	lncRNA	ENSMUSG00000110613	-	Lncbate1	1949
1950	Gm38042	chr8	108737593	108742800	TEC	ENSMUSG00000104292	+	Gm38042	1950
1951	Gm38318	chr8	108867562	108869267	TEC	ENSMUSG00000102989	+	Gm38318	1951
1952	Gm20686	chr8	108918264	108921874	lncRNA	ENSMUSG00000093697	-	Gm20686	1952
1953	Mir3108	chr8	108936860	108936938	miRNA	ENSMUSG00000093241	+	Mir3108	1953
1954	D030068K23Rik	chr8	109075222	109273811	lncRNA	ENSMUSG00000097393	+	D030068K23Rik	1954
1955	Gm1943	chr8	109340691	109340864	processed_pseudogene	ENSMUSG00000110528	-	Gm1943	1955
1956	Pmfbp1	chr8	109494027	109542640	protein_coding	ENSMUSG00000031727	+	Pmfbp1	1956
1957	Dhx38	chr8	109548011	109565861	protein_coding	ENSMUSG00000037993	-	Dhx38	1957
1958	Txnl4b	chr8	109565892	109574051	protein_coding	ENSMUSG00000031723	+	Txnl4b	1958
1959	Hp	chr8	109575128	109579172	protein_coding	ENSMUSG00000031722	-	Hp	1959
1960	Dhodh	chr8	109591343	109608673	protein_coding	ENSMUSG00000031730	-	Dhodh	1960
1961	Pkd1l3	chr8	109614517	109674386	protein_coding	ENSMUSG00000048827	+	Pkd1l3	1961
1962	Ist1	chr8	109671325	109693260	protein_coding	ENSMUSG00000031729	-	Ist1	1962
1963	Zfp821	chr8	109705546	109724932	protein_coding	ENSMUSG00000031728	+	Zfp821	1963
1964	Atxn1l	chr8	109726451	109737739	protein_coding	ENSMUSG00000069895	-	Atxn1l	1964
1965	Ap1g1	chr8	109778554	109864204	protein_coding	ENSMUSG00000031731	+	Ap1g1	1965
1966	Snord71	chr8	109839295	109839379	snoRNA	ENSMUSG00000077549	+	Snord71	1966
1967	Gm25321	chr8	109840588	109840689	snRNA	ENSMUSG00000084507	-	Gm25321	1967
1968	Gm17344	chr8	109859984	109868455	lncRNA	ENSMUSG00000078143	-	Gm17344	1968
1969	Phlpp2	chr8	109868542	109944671	protein_coding	ENSMUSG00000031732	+	Phlpp2	1969
1970	Gm16349	chr8	109925388	109933663	lncRNA	ENSMUSG00000085678	+	Gm16349	1970
1971	Marveld3	chr8	109947914	109962203	protein_coding	ENSMUSG00000001672	-	Marveld3	1971
1972	Gm45795	chr8	109973953	109974352	processed_pseudogene	ENSMUSG00000110707	-	Gm45795	1972
1973	Tat	chr8	109990437	109999803	protein_coding	ENSMUSG00000001670	+	Tat	1973
1974	Gm45888	chr8	110011375	110014324	processed_pseudogene	ENSMUSG00000110561	-	Gm45888	1974
1975	Chst4	chr8	110029153	110039740	protein_coding	ENSMUSG00000035930	-	Chst4	1975
1976	8030455M16Rik	chr8	110047432	110057176	lncRNA	ENSMUSG00000110507	+	8030455M16Rik	1976
1977	Zfp612	chr8	110079746	110092741	protein_coding	ENSMUSG00000044676	+	Zfp612	1977
1978	Gm17720	chr8	110082803	110102753	protein_coding	ENSMUSG00000091041	-	Gm17720	1978
1979	Tle7	chr8	110101207	110111961	protein_coding	ENSMUSG00000095941	+	Tle7	1979
1980	Calb2	chr8	110137502	110168210	protein_coding	ENSMUSG00000003657	-	Calb2	1980
1981	Cmtr2	chr8	110215665	110224486	protein_coding	ENSMUSG00000046441	+	Cmtr2	1981
1982	Gm26832	chr8	110265248	110267462	lncRNA	ENSMUSG00000097409	-	Gm26832	1982
1983	Hydin	chr8	110266977	110610253	protein_coding	ENSMUSG00000059854	+	Hydin	1983
1984	Gm22701	chr8	110498852	110499142	misc_RNA	ENSMUSG00000093112	+	Gm22701	1984
1985	Gm47306	chr8	110498985	110499044	miRNA	ENSMUSG00000105131	+	Gm47306	1985
1986	Gm44489	chr8	110556766	110556862	miRNA	ENSMUSG00000105825	-	Gm44489	1986
1987	Vac14	chr8	110618585	110720398	protein_coding	ENSMUSG00000010936	+	Vac14	1987
1988	Mtss2	chr8	110721476	110741400	protein_coding	ENSMUSG00000033763	+	Mtss2	1988
1989	Il34	chr8	110741829	110805924	protein_coding	ENSMUSG00000031750	-	Il34	1989
1990	Gm15894	chr8	110754992	110758970	lncRNA	ENSMUSG00000090039	+	Gm15894	1990
1991	Gm15895	chr8	110805638	110807477	lncRNA	ENSMUSG00000085068	+	Gm15895	1991
1992	Sf3b3	chr8	110810239	110846787	protein_coding	ENSMUSG00000033732	-	Sf3b3	1992
1993	Snord111	chr8	110838528	110838616	snoRNA	ENSMUSG00000080396	-	Snord111	1993
1994	Gm22193	chr8	110842383	110842458	snoRNA	ENSMUSG00000080518	-	Gm22193	1994
1995	Cog4	chr8	110846600	110882227	protein_coding	ENSMUSG00000031753	+	Cog4	1995
1996	Fcsk	chr8	110882456	110902488	protein_coding	ENSMUSG00000033703	-	Fcsk	1996
1997	St3gal2	chr8	110919922	110972480	protein_coding	ENSMUSG00000031749	+	St3gal2	1997
1998	Gm26132	chr8	110923116	110923263	snoRNA	ENSMUSG00000065100	+	Gm26132	1998
1999	Ddx19a	chr8	110974996	110997800	protein_coding	ENSMUSG00000015023	-	Ddx19a	1999
2000	Ddx19b	chr8	111003188	111031751	protein_coding	ENSMUSG00000033658	-	Ddx19b	2000
2001	Mir3473d	chr8	111016450	111016530	miRNA	ENSMUSG00000093087	-	Mir3473d	2001
2002	Aars	chr8	111033144	111057664	protein_coding	ENSMUSG00000031960	+	Aars	2002
2003	Gm24103	chr8	111041948	111042024	miRNA	ENSMUSG00000092671	-	Gm24103	2003
2004	Exosc6	chr8	111056339	111057664	protein_coding	ENSMUSG00000109941	+	Exosc6	2004
2005	Clec18a	chr8	111058920	111092426	protein_coding	ENSMUSG00000033633	-	Clec18a	2005
2006	Pdpr	chr8	111094630	111137074	protein_coding	ENSMUSG00000033624	+	Pdpr	2006
2007	9430091E24Rik	chr8	111128886	111145480	lncRNA	ENSMUSG00000084808	-	9430091E24Rik	2007
2008	Glg1	chr8	111154421	111259216	protein_coding	ENSMUSG00000003316	-	Glg1	2008
2009	Gm23193	chr8	111194964	111195045	miRNA	ENSMUSG00000076382	+	Gm23193	2009
2010	Rfwd3	chr8	111270944	111300222	protein_coding	ENSMUSG00000033596	-	Rfwd3	2010
2011	Mlkl	chr8	111311797	111338177	protein_coding	ENSMUSG00000012519	-	Mlkl	2011
2012	Gm45712	chr8	111318037	111318430	processed_pseudogene	ENSMUSG00000110484	+	Gm45712	2012
2013	Fa2h	chr8	111345135	111393824	protein_coding	ENSMUSG00000033579	-	Fa2h	2013
2014	Gm24793	chr8	111418732	111418863	snoRNA	ENSMUSG00000077477	+	Gm24793	2014
2015	Wdr59	chr8	111448797	111522092	protein_coding	ENSMUSG00000031959	-	Wdr59	2015
2016	Mir1957b	chr8	111450200	111450322	miRNA	ENSMUSG00000098410	+	Mir1957b	2016
2017	Znrf1	chr8	111536097	111626030	protein_coding	ENSMUSG00000033545	+	Znrf1	2017
2018	Ldhd	chr8	111623785	111630374	protein_coding	ENSMUSG00000031958	-	Ldhd	2018
2019	Zfp1	chr8	111643401	111671011	protein_coding	ENSMUSG00000055835	+	Zfp1	2019
2020	Ctrb1	chr8	111686519	111691010	protein_coding	ENSMUSG00000031957	-	Ctrb1	2020
2021	Mir7076	chr8	111689601	111689674	miRNA	ENSMUSG00000099129	-	Mir7076	2021
2022	Bcar1	chr8	111710474	111743809	protein_coding	ENSMUSG00000031955	-	Bcar1	2022
2023	Cfdp1	chr8	111768491	111854291	protein_coding	ENSMUSG00000031954	-	Cfdp1	2023
2024	Tmem170	chr8	111863038	111876750	protein_coding	ENSMUSG00000031953	-	Tmem170	2024
2025	Gm23853	chr8	111879304	111879407	snRNA	ENSMUSG00000089000	+	Gm23853	2025
2026	Chst5	chr8	111889136	111910447	protein_coding	ENSMUSG00000031952	-	Chst5	2026
2027	Tmem231	chr8	111912011	111933881	protein_coding	ENSMUSG00000031951	-	Tmem231	2027
2028	Gabarapl2	chr8	111940703	111953612	protein_coding	ENSMUSG00000031950	+	Gabarapl2	2028
2029	Adat1	chr8	111966908	111992302	protein_coding	ENSMUSG00000031949	-	Adat1	2029
2030	Kars	chr8	111993443	112011323	protein_coding	ENSMUSG00000031948	-	Kars	2030
2031	Terf2ip	chr8	112011398	112020528	protein_coding	ENSMUSG00000033430	+	Terf2ip	2031
2032	Gm6793	chr8	112013953	112015008	processed_pseudogene	ENSMUSG00000092086	-	Gm6793	2032
2033	Gm22827	chr8	112062505	112062611	snRNA	ENSMUSG00000065700	+	Gm22827	2033
2034	Gm26994	chr8	112554617	112569575	lncRNA	ENSMUSG00000098075	-	Gm26994	2034
2035	Cntnap4	chr8	112570043	112882717	protein_coding	ENSMUSG00000031772	+	Cntnap4	2035
2036	Gm22664	chr8	112581636	112581740	misc_RNA	ENSMUSG00000089344	+	Gm22664	2036
2037	Gm45904	chr8	112880460	113004997	lncRNA	ENSMUSG00000110455	-	Gm45904	2037
2038	Gm10280	chr8	113067262	113093334	lncRNA	ENSMUSG00000110541	+	Gm10280	2038
2039	Gm24291	chr8	113528510	113528671	snRNA	ENSMUSG00000088258	-	Gm24291	2039
2040	Mon1b	chr8	113635587	113645179	protein_coding	ENSMUSG00000078908	+	Mon1b	2040
2041	Syce1l	chr8	113643213	113655533	protein_coding	ENSMUSG00000033409	+	Syce1l	2041
2042	Gm45789	chr8	113647900	113648263	processed_pseudogene	ENSMUSG00000110581	-	Gm45789	2042
2043	Gm30052	chr8	113667926	113676458	lncRNA	ENSMUSG00000110582	-	Gm30052	2043
2044	Adamts18	chr8	113697126	113848738	protein_coding	ENSMUSG00000053399	-	Adamts18	2044
2045	Nudt7	chr8	114133557	114154739	protein_coding	ENSMUSG00000031767	+	Nudt7	2045
2046	Vat1l	chr8	114205612	114374071	protein_coding	ENSMUSG00000046844	+	Vat1l	2046
2047	4933408N05Rik	chr8	114341160	114351479	lncRNA	ENSMUSG00000084848	-	4933408N05Rik	2047
2048	Clec3a	chr8	114418086	114425846	protein_coding	ENSMUSG00000008874	+	Clec3a	2048
2049	Wwox	chr8	114439655	115352708	protein_coding	ENSMUSG00000004637	+	Wwox	2049
2050	Gm16116	chr8	114591303	114594900	lncRNA	ENSMUSG00000090217	-	Gm16116	2050
2051	Gm16117	chr8	114639546	114642114	lncRNA	ENSMUSG00000089723	-	Gm16117	2051
2052	Gm16118	chr8	114698439	114708006	lncRNA	ENSMUSG00000089797	-	Gm16118	2052
2053	Gm22556	chr8	115052814	115052913	rRNA	ENSMUSG00000088428	-	Gm22556	2053
2054	4930488N15Rik	chr8	115585392	115595152	lncRNA	ENSMUSG00000110592	+	4930488N15Rik	2054
2055	Gm23677	chr8	115591170	115591273	snRNA	ENSMUSG00000065090	-	Gm23677	2055
2056	Maf	chr8	115682942	115707794	protein_coding	ENSMUSG00000055435	-	Maf	2056
2057	Gm15655	chr8	115705078	115707233	lncRNA	ENSMUSG00000086717	+	Gm15655	2057
2058	Gm45733	chr8	115971635	115972071	lncRNA	ENSMUSG00000110620	-	Gm45733	2058
2059	4930422C21Rik	chr8	116181451	116187369	lncRNA	ENSMUSG00000110476	-	4930422C21Rik	2059
2060	1700018P08Rik	chr8	116357061	116359550	lncRNA	ENSMUSG00000110709	+	1700018P08Rik	2060
2061	Gm5357	chr8	116489186	116491109	processed_pseudogene	ENSMUSG00000110700	+	Gm5357	2061
2062	Dynlrb2	chr8	116504974	116515915	protein_coding	ENSMUSG00000034467	+	Dynlrb2	2062
2063	Cdyl2	chr8	116574400	116732991	protein_coding	ENSMUSG00000031758	-	Cdyl2	2063
2064	Gm10620	chr8	116764144	116765479	pseudogene	ENSMUSG00000074072	-	Gm10620	2064
2065	Cmc2	chr8	116888685	116921455	protein_coding	ENSMUSG00000014633	-	Cmc2	2065
2066	Cenpn	chr8	116921730	116941507	protein_coding	ENSMUSG00000031756	+	Cenpn	2066
2067	Atmin	chr8	116943393	116960445	protein_coding	ENSMUSG00000047388	+	Atmin	2067
2068	1700030J22Rik	chr8	116969594	116978959	protein_coding	ENSMUSG00000031847	-	1700030J22Rik	2068
2069	Gcsh	chr8	116981810	116993537	protein_coding	ENSMUSG00000034424	-	Gcsh	2069
2070	Pkd1l2	chr8	116995679	117082449	protein_coding	ENSMUSG00000034416	-	Pkd1l2	2070
2071	Gm15395	chr8	117036497	117043639	lncRNA	ENSMUSG00000085688	+	Gm15395	2071
2072	Bco1	chr8	117095854	117133720	protein_coding	ENSMUSG00000031845	+	Bco1	2072
2073	Gm20694	chr8	117125335	117125738	processed_pseudogene	ENSMUSG00000093446	+	Gm20694	2073
2074	Gan	chr8	117158135	117215997	protein_coding	ENSMUSG00000052557	+	Gan	2074
2075	Cmip	chr8	117257064	117459430	protein_coding	ENSMUSG00000034390	+	Cmip	2075
2076	Mir7077	chr8	117453023	117453079	miRNA	ENSMUSG00000099062	+	Mir7077	2076
2077	Mir7078	chr8	117459265	117459328	miRNA	ENSMUSG00000098483	+	Mir7078	2077
2078	Plcg2	chr8	117498291	117635142	protein_coding	ENSMUSG00000034330	+	Plcg2	2078
2079	Gm27361	chr8	117546972	117547026	miRNA	ENSMUSG00000092818	-	Gm27361	2079
2080	Sdr42e1	chr8	117661399	117673689	protein_coding	ENSMUSG00000034308	-	Sdr42e1	2080
2081	Gm31717	chr8	117675815	117677209	lncRNA	ENSMUSG00000110459	-	Gm31717	2081
2082	Gm38416	chr8	117681622	117693198	lncRNA	ENSMUSG00000110151	+	Gm38416	2082
2083	Hsd17b2	chr8	117701904	117759027	protein_coding	ENSMUSG00000031844	+	Hsd17b2	2083
2084	Gm45776	chr8	117712570	117714091	TEC	ENSMUSG00000110520	+	Gm45776	2084
2085	Gm31774	chr8	117746331	117748260	lncRNA	ENSMUSG00000110494	-	Gm31774	2085
2086	Mphosph6	chr8	117791645	117801943	protein_coding	ENSMUSG00000031843	-	Mphosph6	2086
2087	Gm10617	chr8	117802062	117803234	pseudogene	ENSMUSG00000074065	+	Gm10617	2087
2088	Gm25200	chr8	118120954	118121083	snoRNA	ENSMUSG00000065028	+	Gm25200	2088
2089	Cdh13	chr8	118283733	119324921	protein_coding	ENSMUSG00000031841	+	Cdh13	2089
2090	Gm45722	chr8	118381726	118382191	processed_pseudogene	ENSMUSG00000110662	-	Gm45722	2090
2091	Gm24035	chr8	118426493	118426599	snRNA	ENSMUSG00000064801	-	Gm24035	2091
2092	Gm45721	chr8	118607127	118610499	lncRNA	ENSMUSG00000110548	-	Gm45721	2092
2093	Gm45720	chr8	118610989	118615879	lncRNA	ENSMUSG00000110667	-	Gm45720	2093
2094	Gm22999	chr8	118726900	118726987	snoRNA	ENSMUSG00000087707	+	Gm22999	2094
2095	Hsbp1	chr8	119344488	119348922	protein_coding	ENSMUSG00000031839	+	Hsbp1	2095
2096	Gm45723	chr8	119378696	119386537	lncRNA	ENSMUSG00000110470	+	Gm45723	2096
2097	Mlycd	chr8	119394878	119411102	protein_coding	ENSMUSG00000074064	+	Mlycd	2097
2098	Osgin1	chr8	119434124	119446256	protein_coding	ENSMUSG00000074063	+	Osgin1	2098
2099	Necab2	chr8	119446719	119472640	protein_coding	ENSMUSG00000031837	+	Necab2	2099
2100	Slc38a8	chr8	119479602	119501698	protein_coding	ENSMUSG00000034224	-	Slc38a8	2100
2101	Mbtps1	chr8	119508156	119558735	protein_coding	ENSMUSG00000031835	-	Mbtps1	2101
2102	Hsdl1	chr8	119561989	119575183	protein_coding	ENSMUSG00000034189	-	Hsdl1	2102
2103	Dnaaf1	chr8	119575235	119598454	protein_coding	ENSMUSG00000031831	+	Dnaaf1	2103
2104	Taf1c	chr8	119597871	119605222	protein_coding	ENSMUSG00000031832	-	Taf1c	2104
2105	Rps13-ps4	chr8	119602170	119602625	processed_pseudogene	ENSMUSG00000081378	-	Rps13-ps4	2105
2106	Adad2	chr8	119612747	119616924	protein_coding	ENSMUSG00000024266	+	Adad2	2106
2107	Kcng4	chr8	119623854	119635680	protein_coding	ENSMUSG00000045246	-	Kcng4	2107
2108	Gm32352	chr8	119659475	119670881	lncRNA	ENSMUSG00000110453	-	Gm32352	2108
2109	Wfdc1	chr8	119666365	119688222	protein_coding	ENSMUSG00000023336	+	Wfdc1	2109
2110	Atp2c2	chr8	119700009	119757717	protein_coding	ENSMUSG00000034112	+	Atp2c2	2110
2111	Gm45747	chr8	119714454	119715452	TEC	ENSMUSG00000110445	+	Gm45747	2111
2112	Meak7	chr8	119760076	119778416	protein_coding	ENSMUSG00000034105	-	Meak7	2112
2113	Cotl1	chr8	119809222	119840544	protein_coding	ENSMUSG00000031827	-	Cotl1	2113
2114	Klhl36	chr8	119862266	119876995	protein_coding	ENSMUSG00000031828	+	Klhl36	2114
2115	Usp10	chr8	119910360	119957560	protein_coding	ENSMUSG00000031826	+	Usp10	2115
2116	Gm20388	chr8	119910841	124345722	protein_coding	ENSMUSG00000092329	+	Gm20388	2116
2117	Crispld2	chr8	119992438	120052793	protein_coding	ENSMUSG00000031825	+	Crispld2	2117
2118	Gm15684	chr8	120036194	120045287	lncRNA	ENSMUSG00000089776	-	Gm15684	2118
2119	Zdhhc7	chr8	120080890	120101482	protein_coding	ENSMUSG00000031823	-	Zdhhc7	2119
2120	Gm15898	chr8	120095060	120097736	lncRNA	ENSMUSG00000089742	+	Gm15898	2120
2121	A130014A01Rik	chr8	120101582	120103904	lncRNA	ENSMUSG00000097944	+	A130014A01Rik	2121
2122	Gm38379	chr8	120109441	120110965	TEC	ENSMUSG00000102665	+	Gm38379	2122
2123	6430548M08Rik	chr8	120114152	120165306	protein_coding	ENSMUSG00000031824	+	6430548M08Rik	2123
2124	Fam92b	chr8	120166397	120177466	protein_coding	ENSMUSG00000042269	-	Fam92b	2124
2125	A330074K22Rik	chr8	120204434	120228230	lncRNA	ENSMUSG00000097960	-	A330074K22Rik	2125
2126	Gse1	chr8	120228456	120581390	protein_coding	ENSMUSG00000031822	+	Gse1	2126
2127	Gm22715	chr8	120443459	120443549	miRNA	ENSMUSG00000080549	-	Gm22715	2127
2128	Gm26971	chr8	120520615	120521686	lncRNA	ENSMUSG00000097983	+	Gm26971	2128
2129	1700016A09Rik	chr8	120536892	120537726	TEC	ENSMUSG00000102737	-	1700016A09Rik	2129
2130	Gins2	chr8	120578633	120589304	protein_coding	ENSMUSG00000031821	-	Gins2	2130
2131	Gm10614	chr8	120589531	120593801	lncRNA	ENSMUSG00000097773	+	Gm10614	2131
2132	Gm45834	chr8	120597110	120597563	processed_pseudogene	ENSMUSG00000110601	-	Gm45834	2132
2133	Gm26739	chr8	120598552	120599277	lncRNA	ENSMUSG00000097702	+	Gm26739	2133
2134	1190005I06Rik	chr8	120608602	120647632	protein_coding	ENSMUSG00000043687	-	1190005I06Rik	2134
2135	Gm27021	chr8	120608786	120668079	protein_coding	ENSMUSG00000097919	-	Gm27021	2135
2136	Gm26537	chr8	120643950	120653687	lncRNA	ENSMUSG00000097500	+	Gm26537	2136
2137	Emc8	chr8	120653914	120668573	protein_coding	ENSMUSG00000031819	-	Emc8	2137
2138	Cox4i1	chr8	120668222	120674207	protein_coding	ENSMUSG00000031818	+	Cox4i1	2138
2139	Gm33142	chr8	120685399	120686265	TEC	ENSMUSG00000104484	+	Gm33142	2139
2140	Gm24239	chr8	120717500	120717754	misc_RNA	ENSMUSG00000088416	-	Gm24239	2140
2141	Gm18709	chr8	120727263	120727943	processed_pseudogene	ENSMUSG00000097895	+	Gm18709	2141
2142	Irf8	chr8	120736358	120756694	protein_coding	ENSMUSG00000041515	+	Irf8	2142
2143	Gm26878	chr8	120880206	120882481	lncRNA	ENSMUSG00000097087	+	Gm26878	2143
2144	Fendrr	chr8	121054882	121083110	lncRNA	ENSMUSG00000097336	-	Fendrr	2144
2145	Foxf1	chr8	121084386	121088144	protein_coding	ENSMUSG00000042812	+	Foxf1	2145
2146	Mthfsd	chr8	121091628	121108392	protein_coding	ENSMUSG00000031816	-	Mthfsd	2146
2147	Foxc2	chr8	121116171	121118895	protein_coding	ENSMUSG00000046714	+	Foxc2	2147
2148	Foxl1	chr8	121127940	121130644	protein_coding	ENSMUSG00000097084	+	Foxl1	2148
2149	Gm37609	chr8	121140943	121141620	TEC	ENSMUSG00000103830	+	Gm37609	2149
2150	5033426O07Rik	chr8	121198714	121203602	lncRNA	ENSMUSG00000097097	-	5033426O07Rik	2150
2151	Gm26815	chr8	121256747	121356836	lncRNA	ENSMUSG00000097384	-	Gm26815	2151
2152	Gm26747	chr8	121421238	121428043	lncRNA	ENSMUSG00000097783	+	Gm26747	2152
2153	Gm26784	chr8	121434980	121435389	lncRNA	ENSMUSG00000097438	+	Gm26784	2153
2154	1700018B08Rik	chr8	121530780	121544320	protein_coding	ENSMUSG00000031809	-	1700018B08Rik	2154
2155	Gm27045	chr8	121542080	121543481	lncRNA	ENSMUSG00000098211	+	Gm27045	2155
2156	1700030M09Rik	chr8	121544382	121548342	lncRNA	ENSMUSG00000097424	+	1700030M09Rik	2156
2157	Fbxo31	chr8	121549440	121578806	protein_coding	ENSMUSG00000052934	-	Fbxo31	2157
2158	Gm17786	chr8	121581765	121582191	processed_pseudogene	ENSMUSG00000097987	+	Gm17786	2158
2159	Map1lc3b	chr8	121590361	121598760	protein_coding	ENSMUSG00000031812	+	Map1lc3b	2159
2160	Zcchc14	chr8	121598703	121652901	protein_coding	ENSMUSG00000061410	-	Zcchc14	2160
2161	Gm27030	chr8	121654054	121654517	lncRNA	ENSMUSG00000098221	+	Gm27030	2161
2162	Gm23299	chr8	121666628	121666706	snoRNA	ENSMUSG00000064642	-	Gm23299	2162
2163	Gm45833	chr8	121666814	121674088	lncRNA	ENSMUSG00000110673	-	Gm45833	2163
2164	Jph3	chr8	121729623	121794276	protein_coding	ENSMUSG00000025318	+	Jph3	2164
2165	Klhdc4	chr8	121796313	121829569	protein_coding	ENSMUSG00000040263	-	Klhdc4	2165
2166	Gm20406	chr8	121806415	121807369	lncRNA	ENSMUSG00000092418	+	Gm20406	2166
2167	Gm24283	chr8	121830436	121830542	snRNA	ENSMUSG00000077421	+	Gm24283	2167
2168	Gm42047	chr8	121833247	121841178	lncRNA	ENSMUSG00000110631	+	Gm42047	2168
2169	Gm26812	chr8	121850194	121860621	lncRNA	ENSMUSG00000097812	+	Gm26812	2169
2170	9530085P06Rik	chr8	121856777	121857603	TEC	ENSMUSG00000098109	-	9530085P06Rik	2170
2171	Slc7a5	chr8	121881150	121907694	protein_coding	ENSMUSG00000040010	-	Slc7a5	2171
2172	BC048644	chr8	121907833	121919690	lncRNA	ENSMUSG00000074052	+	BC048644	2172
2173	Car5a	chr8	121916126	121944904	protein_coding	ENSMUSG00000025317	-	Car5a	2173
2174	Gm37497	chr8	121947050	121947847	TEC	ENSMUSG00000103904	-	Gm37497	2174
2175	Gm27011	chr8	121949674	121950645	lncRNA	ENSMUSG00000098184	-	Gm27011	2175
2176	Banp	chr8	121949750	122029258	protein_coding	ENSMUSG00000025316	+	Banp	2176
2177	Gm17709	chr8	121972727	121973822	processed_pseudogene	ENSMUSG00000091952	-	Gm17709	2177
2178	Mir7237	chr8	121978024	121978086	miRNA	ENSMUSG00000099140	+	Mir7237	2178
2179	Zfp469	chr8	122258620	122272650	protein_coding	ENSMUSG00000043903	+	Zfp469	2179
2180	Zfpm1	chr8	122282141	122337251	protein_coding	ENSMUSG00000049577	+	Zfpm1	2180
2181	Gm45353	chr8	122339171	122343100	lncRNA	ENSMUSG00000109957	+	Gm45353	2181
2182	Trhr2	chr8	122356967	122360746	protein_coding	ENSMUSG00000039079	-	Trhr2	2182
2183	Gm20681	chr8	122374037	122376444	lncRNA	ENSMUSG00000093682	+	Gm20681	2183
2184	Zc3h18	chr8	122376609	122417360	protein_coding	ENSMUSG00000017478	+	Zc3h18	2184
2185	Il17c	chr8	122422020	122423639	protein_coding	ENSMUSG00000046108	+	Il17c	2185
2186	Cyba	chr8	122424776	122432930	protein_coding	ENSMUSG00000006519	-	Cyba	2186
2187	Mvd	chr8	122433601	122443422	protein_coding	ENSMUSG00000006517	-	Mvd	2187
2188	Gm20735	chr8	122445268	122451322	lncRNA	ENSMUSG00000110656	-	Gm20735	2188
2189	Snai3	chr8	122454208	122460733	protein_coding	ENSMUSG00000006587	-	Snai3	2189
2190	Rnf166	chr8	122466147	122476064	protein_coding	ENSMUSG00000014470	-	Rnf166	2190
2191	Gm24366	chr8	122471627	122471712	miRNA	ENSMUSG00000093124	-	Gm24366	2191
2192	Ctu2	chr8	122476143	122484138	protein_coding	ENSMUSG00000049482	+	Ctu2	2192
2193	Piezo1	chr8	122481698	122551329	protein_coding	ENSMUSG00000014444	-	Piezo1	2193
2194	Gm26497	chr8	122520568	122520674	snRNA	ENSMUSG00000065080	-	Gm26497	2194
2195	Cdt1	chr8	122568015	122573554	protein_coding	ENSMUSG00000006585	+	Cdt1	2195
2196	Aprt	chr8	122574635	122576909	protein_coding	ENSMUSG00000006589	-	Aprt	2196
2197	Galns	chr8	122578242	122611463	protein_coding	ENSMUSG00000015027	-	Galns	2197
2198	Gm45857	chr8	122596899	122597254	processed_pseudogene	ENSMUSG00000110658	-	Gm45857	2198
2199	Trappc2l	chr8	122611640	122616660	protein_coding	ENSMUSG00000015013	+	Trappc2l	2199
2200	Pabpn1l	chr8	122619471	122622739	protein_coding	ENSMUSG00000069867	-	Pabpn1l	2200
2201	Mir6396	chr8	122622265	122622375	miRNA	ENSMUSG00000098500	-	Mir6396	2201
2202	Cbfa2t3	chr8	122625141	122699109	protein_coding	ENSMUSG00000006362	-	Cbfa2t3	2202
2203	Gm15899	chr8	122683602	122683839	processed_pseudogene	ENSMUSG00000085917	-	Gm15899	2203
2204	Gm10612	chr8	122697860	122700160	lncRNA	ENSMUSG00000090174	+	Gm10612	2204
2205	C230057M02Rik	chr8	122724948	122752325	lncRNA	ENSMUSG00000110523	-	C230057M02Rik	2205
2206	A530010L16Rik	chr8	122760045	122763021	lncRNA	ENSMUSG00000110682	-	A530010L16Rik	2206
2207	Gm39271	chr8	122774035	122775423	lncRNA	ENSMUSG00000110716	-	Gm39271	2207
2208	Acsf3	chr8	122775486	122817880	protein_coding	ENSMUSG00000015016	+	Acsf3	2208
2209	Gm45743	chr8	122826086	122828880	TEC	ENSMUSG00000110540	+	Gm45743	2209
2210	Gm45893	chr8	122836551	122836797	processed_pseudogene	ENSMUSG00000110525	+	Gm45893	2210
2211	Gm16378	chr8	122841731	122842072	processed_pseudogene	ENSMUSG00000095762	+	Gm16378	2211
2212	Cdh15	chr8	122847966	122867397	protein_coding	ENSMUSG00000031962	+	Cdh15	2212
2213	Gm45894	chr8	122870174	122901457	lncRNA	ENSMUSG00000110440	+	Gm45894	2213
2214	Ankrd11	chr8	122883822	123042277	protein_coding	ENSMUSG00000035569	-	Ankrd11	2214
2215	Gm24445	chr8	122982837	122982943	snRNA	ENSMUSG00000065915	-	Gm24445	2215
2216	2810013P06Rik	chr8	123042466	123044602	lncRNA	ENSMUSG00000099881	+	2810013P06Rik	2216
2217	Spg7	chr8	123062942	123097760	protein_coding	ENSMUSG00000000738	+	Spg7	2217
2218	Rpl13	chr8	123102350	123105244	protein_coding	ENSMUSG00000000740	+	Rpl13	2218
2219	Snord68	chr8	123103038	123103123	snoRNA	ENSMUSG00000064450	+	Snord68	2219
2220	Mir7079	chr8	123104975	123105043	miRNA	ENSMUSG00000098550	+	Mir7079	2220
2221	Cpne7	chr8	123117374	123135182	protein_coding	ENSMUSG00000034796	+	Cpne7	2221
2222	Mir7080	chr8	123130106	123130172	miRNA	ENSMUSG00000098582	+	Mir7080	2222
2223	Sult5a1	chr8	123140192	123158315	protein_coding	ENSMUSG00000000739	-	Sult5a1	2223
2224	Gm4316	chr8	123165255	123178765	lncRNA	ENSMUSG00000110537	+	Gm4316	2224
2225	Dpep1	chr8	123186242	123201812	protein_coding	ENSMUSG00000019278	+	Dpep1	2225
2226	Chmp1a	chr8	123204264	123212763	protein_coding	ENSMUSG00000000743	-	Chmp1a	2226
2227	Rps12-ps9	chr8	123206623	123207021	processed_pseudogene	ENSMUSG00000069862	+	Rps12-ps9	2227
2228	Spata33	chr8	123212832	123222046	protein_coding	ENSMUSG00000048478	+	Spata33	2228
2229	Cdk10	chr8	123224842	123232250	protein_coding	ENSMUSG00000033862	+	Cdk10	2229
2230	Spata2l	chr8	123229801	123236233	protein_coding	ENSMUSG00000033594	-	Spata2l	2230
2231	Gm45842	chr8	123230799	123242160	lncRNA	ENSMUSG00000110505	+	Gm45842	2231
2232	4933417D19Rik	chr8	123235091	123242359	lncRNA	ENSMUSG00000097637	+	4933417D19Rik	2232
2233	Vps9d1	chr8	123242356	123254348	protein_coding	ENSMUSG00000001062	-	Vps9d1	2233
2234	Zfp276	chr8	123254195	123269745	protein_coding	ENSMUSG00000001065	+	Zfp276	2234
2235	Fanca	chr8	123268300	123318576	protein_coding	ENSMUSG00000032815	-	Fanca	2235
2236	Spire2	chr8	123332713	123369515	protein_coding	ENSMUSG00000010154	+	Spire2	2236
2237	Tcf25	chr8	123373753	123403835	protein_coding	ENSMUSG00000001472	+	Tcf25	2237
2238	Mc1r	chr8	123407107	123410744	protein_coding	ENSMUSG00000074037	+	Mc1r	2238
2239	Gm38092	chr8	123408100	123408752	TEC	ENSMUSG00000103244	-	Gm38092	2239
2240	Tubb3	chr8	123411424	123422015	protein_coding	ENSMUSG00000062380	+	Tubb3	2240
2241	Def8	chr8	123423527	123463270	protein_coding	ENSMUSG00000001482	+	Def8	2241
2242	Gm25428	chr8	123471384	123471497	snoRNA	ENSMUSG00000088233	+	Gm25428	2242
2243	Afg3l1	chr8	123477903	123503916	protein_coding	ENSMUSG00000031967	+	Afg3l1	2243
2244	Dbndd1	chr8	123504718	123515463	protein_coding	ENSMUSG00000031970	-	Dbndd1	2244
2245	Gas8	chr8	123518834	123536650	protein_coding	ENSMUSG00000040220	+	Gas8	2245
2246	Gm22314	chr8	123523260	123523540	misc_RNA	ENSMUSG00000088632	+	Gm22314	2246
2247	n-R5s101	chr8	123540493	123540611	rRNA	ENSMUSG00000095073	-	n-R5s101	2247
2248	n-R5s122	chr8	123576076	123576194	rRNA	ENSMUSG00000094956	-	n-R5s122	2248
2249	Rn5s	chr8	123598158	123598276	rRNA	ENSMUSG00000096406	-	Rn5s	2249
2250	n-R5s136	chr8	123599861	123599979	rRNA	ENSMUSG00000096037	-	n-R5s136	2250
2251	n-R5s142	chr8	123610017	123610135	rRNA	ENSMUSG00000094657	-	n-R5s142	2251
2252	n-R5s149	chr8	123621928	123622046	rRNA	ENSMUSG00000095453	-	n-R5s149	2252
2253	Rhou	chr8	123653929	123663884	protein_coding	ENSMUSG00000039960	+	Rhou	2253
2254	Gm45781	chr8	123727772	123735142	lncRNA	ENSMUSG00000110467	-	Gm45781	2254
2255	6030466F02Rik	chr8	123733958	123739941	lncRNA	ENSMUSG00000110599	+	6030466F02Rik	2255
2256	4732419C18Rik	chr8	123744631	123754726	lncRNA	ENSMUSG00000097203	-	4732419C18Rik	2256
2257	Gm45866	chr8	123754370	123767721	lncRNA	ENSMUSG00000110684	+	Gm45866	2257
2258	Gm45865	chr8	123767551	123768495	TEC	ENSMUSG00000110456	+	Gm45865	2258
2259	Rab4a	chr8	123805985	123835287	protein_coding	ENSMUSG00000019478	+	Rab4a	2259
2260	2810455O05Rik	chr8	123838553	123840785	lncRNA	ENSMUSG00000085030	-	2810455O05Rik	2260
2261	Ccsap	chr8	123840831	123860209	protein_coding	ENSMUSG00000031971	-	Ccsap	2261
2262	Gm4342	chr8	123853829	123854195	processed_pseudogene	ENSMUSG00000083911	+	Gm4342	2262
2263	Acta1	chr8	123891769	123894751	protein_coding	ENSMUSG00000031972	-	Acta1	2263
2264	Gm29773	chr8	123896273	123900620	lncRNA	ENSMUSG00000110547	+	Gm29773	2264
2265	Nup133	chr8	123897123	123949265	protein_coding	ENSMUSG00000039509	-	Nup133	2265
2266	Gm45890	chr8	123948790	123958935	lncRNA	ENSMUSG00000110615	+	Gm45890	2266
2267	Abcb10	chr8	123952459	123983122	protein_coding	ENSMUSG00000031974	-	Abcb10	2267
2268	Taf5l	chr8	123996318	124021397	protein_coding	ENSMUSG00000038697	-	Taf5l	2268
2269	Gm17827	chr8	124005305	124006046	processed_pseudogene	ENSMUSG00000110612	+	Gm17827	2269
2270	Urb2	chr8	124021508	124048505	protein_coding	ENSMUSG00000031976	+	Urb2	2270
2271	Mir1967	chr8	124022641	124022722	miRNA	ENSMUSG00000088414	+	Mir1967	2271
2272	Gm45732	chr8	124025072	124048412	lncRNA	ENSMUSG00000110704	-	Gm45732	2272
2273	Gm3889	chr8	124160073	124160684	processed_pseudogene	ENSMUSG00000110482	+	Gm3889	2273
2274	Galnt2	chr8	124231391	124345724	protein_coding	ENSMUSG00000089704	+	Galnt2	2274
2275	1810008B01Rik	chr8	124305132	124306507	lncRNA	ENSMUSG00000089745	-	1810008B01Rik	2275
2276	Gm15775	chr8	124324778	124331795	lncRNA	ENSMUSG00000089820	-	Gm15775	2276
2277	Gm24459	chr8	124357238	124357323	snRNA	ENSMUSG00000064664	+	Gm24459	2277
2278	Pgbd5	chr8	124369049	124439658	protein_coding	ENSMUSG00000050751	-	Pgbd5	2278
2279	Cog2	chr8	124520767	124552008	protein_coding	ENSMUSG00000031979	+	Cog2	2279
2280	Agt	chr8	124556534	124569706	protein_coding	ENSMUSG00000031980	-	Agt	2280
2281	Capn9	chr8	124576111	124618731	protein_coding	ENSMUSG00000031981	+	Capn9	2281
2282	2310022B05Rik	chr8	124635756	124663369	protein_coding	ENSMUSG00000031983	-	2310022B05Rik	2282
2283	Ttc13	chr8	124671332	124721983	protein_coding	ENSMUSG00000037300	-	Ttc13	2283
2284	Arv1	chr8	124722139	124734123	protein_coding	ENSMUSG00000031982	+	Arv1	2284
2285	Fam89a	chr8	124740257	124751832	protein_coding	ENSMUSG00000043068	-	Fam89a	2285
2286	Gm45856	chr8	124781733	124782148	processed_pseudogene	ENSMUSG00000110550	+	Gm45856	2286
2287	Trim67	chr8	124793092	124834713	protein_coding	ENSMUSG00000036913	+	Trim67	2287
2288	Gm16163	chr8	124831698	124863703	lncRNA	ENSMUSG00000090118	+	Gm16163	2288
2289	2810004N23Rik	chr8	124836945	124863120	protein_coding	ENSMUSG00000031984	-	2810004N23Rik	2289
2290	Gnpat	chr8	124863033	124890057	protein_coding	ENSMUSG00000031985	+	Gnpat	2290
2291	Exoc8	chr8	124893108	124897705	protein_coding	ENSMUSG00000074030	-	Exoc8	2291
2292	Sprtn	chr8	124897886	124906161	protein_coding	ENSMUSG00000031986	+	Sprtn	2292
2293	Gm45709	chr8	124897894	124900130	lncRNA	ENSMUSG00000110706	-	Gm45709	2293
2294	Egln1	chr8	124908587	124949324	protein_coding	ENSMUSG00000031987	-	Egln1	2294
2295	Tsnax	chr8	125012997	125034192	protein_coding	ENSMUSG00000056820	+	Tsnax	2295
2296	Gm45874	chr8	125018826	125019171	processed_pseudogene	ENSMUSG00000110683	-	Gm45874	2296
2297	Disc1	chr8	125054195	125261858	protein_coding	ENSMUSG00000043051	+	Disc1	2297
2298	Gm22197	chr8	125064015	125064072	miRNA	ENSMUSG00000080516	+	Gm22197	2298
2299	Gm16237	chr8	125224400	125227323	lncRNA	ENSMUSG00000086694	-	Gm16237	2299
2300	Sipa1l2	chr8	125418063	125569808	protein_coding	ENSMUSG00000001995	-	Sipa1l2	2300
2301	4930567H12Rik	chr8	125584632	125625605	lncRNA	ENSMUSG00000110629	+	4930567H12Rik	2301
2302	Map10	chr8	125669818	125673359	protein_coding	ENSMUSG00000050930	+	Map10	2302
2303	Ntpcr	chr8	125729963	125748235	protein_coding	ENSMUSG00000031851	+	Ntpcr	2303
2304	Pcnx2	chr8	125751508	125898317	protein_coding	ENSMUSG00000060212	-	Pcnx2	2304
2305	A730098A19Rik	chr8	125897914	125908144	lncRNA	ENSMUSG00000100812	+	A730098A19Rik	2305
2306	Map3k21	chr8	125910450	125947440	protein_coding	ENSMUSG00000031853	+	Map3k21	2306
2307	Kcnk1	chr8	125995170	126030685	protein_coding	ENSMUSG00000033998	+	Kcnk1	2307
2308	Gm45875	chr8	126029248	126046808	lncRNA	ENSMUSG00000110698	-	Gm45875	2308
2309	Gm45876	chr8	126057816	126060524	TEC	ENSMUSG00000110437	-	Gm45876	2309
2310	Slc35f3	chr8	126138995	126395978	protein_coding	ENSMUSG00000057060	+	Slc35f3	2310
2311	Coa6	chr8	126422515	126425433	protein_coding	ENSMUSG00000051671	+	Coa6	2311
2312	Tarbp1	chr8	126425329	126475065	protein_coding	ENSMUSG00000090290	-	Tarbp1	2312
2313	Gm6091	chr8	126476248	126476412	processed_pseudogene	ENSMUSG00000074026	-	Gm6091	2313
2314	Gm26759	chr8	126566970	126590988	lncRNA	ENSMUSG00000097060	+	Gm26759	2314
2315	Irf2bp2	chr8	126588296	126593986	protein_coding	ENSMUSG00000051495	-	Irf2bp2	2315
2316	Gm45805	chr8	126755571	126758334	lncRNA	ENSMUSG00000110626	-	Gm45805	2316
2317	Gm31718	chr8	126812640	126908215	lncRNA	ENSMUSG00000110697	-	Gm31718	2317
2318	A630001O12Rik	chr8	126839233	126851473	lncRNA	ENSMUSG00000110498	+	A630001O12Rik	2318
2319	Tomm20	chr8	126930667	126945844	protein_coding	ENSMUSG00000093904	-	Tomm20	2319
2320	Gm26397	chr8	126944847	126944980	snoRNA	ENSMUSG00000065637	-	Gm26397	2320
2321	Rbm34	chr8	126947172	126971071	protein_coding	ENSMUSG00000033931	-	Rbm34	2321
2322	Gm38574	chr8	126981593	126982232	processed_pseudogene	ENSMUSG00000110648	-	Gm38574	2322
2323	Gm5358	chr8	127040348	127040700	processed_pseudogene	ENSMUSG00000110492	-	Gm5358	2323
2324	Gm22730	chr8	127046912	127047082	snRNA	ENSMUSG00000088710	+	Gm22730	2324
2325	Pard3	chr8	127063893	127612286	protein_coding	ENSMUSG00000025812	+	Pard3	2325
2326	Gm6921	chr8	127561435	127561869	processed_pseudogene	ENSMUSG00000090074	+	Gm6921	2326
2327	Gm22968	chr8	127597706	127597823	rRNA	ENSMUSG00000088580	+	Gm22968	2327
2328	Mir21c	chr8	128278148	128278225	miRNA	ENSMUSG00000099326	-	Mir21c	2328
2329	Nrp1	chr8	128358604	128503363	protein_coding	ENSMUSG00000025810	+	Nrp1	2329
2330	Mir1903	chr8	128359241	128359320	miRNA	ENSMUSG00000084523	+	Mir1903	2330
2331	Gm9204	chr8	128633936	128634882	processed_pseudogene	ENSMUSG00000110562	+	Gm9204	2331
2332	Gm26002	chr8	128650997	128651103	snRNA	ENSMUSG00000075864	+	Gm26002	2332
2333	Gm45746	chr8	128654313	128656759	TEC	ENSMUSG00000110654	+	Gm45746	2333
2334	Itgb1	chr8	128685654	128733200	protein_coding	ENSMUSG00000025809	+	Itgb1	2334
2335	Ccdc7a	chr8	128734235	129065517	protein_coding	ENSMUSG00000025808	-	Ccdc7a	2335
2336	Gm3952	chr8	128745963	128798694	protein_coding	ENSMUSG00000102141	-	Gm3952	2336
2337	Gm26100	chr8	128771170	128771296	snoRNA	ENSMUSG00000087870	+	Gm26100	2337
2338	Ccdc7b	chr8	129067134	129183732	protein_coding	ENSMUSG00000056018	+	Ccdc7b	2338
2339	Gm22374	chr8	129113295	129113426	snoRNA	ENSMUSG00000077771	-	Gm22374	2339
2340	Gm10999	chr8	129129097	129131661	protein_coding	ENSMUSG00000078840	-	Gm10999	2340
2341	2610044O15Rik8	chr8	129216354	129234406	protein_coding	ENSMUSG00000071302	-	2610044O15Rik8	2341
2342	Gm21399	chr8	129252998	129253594	processed_pseudogene	ENSMUSG00000094530	+	Gm21399	2342
2343	Gm32856	chr8	129263641	129282844	lncRNA	ENSMUSG00000110605	+	Gm32856	2343
