	gene_name	chr	start	end	type	ensembl_id	strand	gene_name2	Node_ID
0	Gm10722	chr9	3000922	3002330	protein_coding	ENSMUSG00000091028	+	Gm10722	0
1	Gm11168	chr9	3003346	3006948	protein_coding	ENSMUSG00000096385	+	Gm11168	1
2	Gm10721	chr9	3013140	3014344	protein_coding	ENSMUSG00000096519	+	Gm10721	2
3	Gm10720	chr9	3015654	3017210	protein_coding	ENSMUSG00000074564	+	Gm10720	3
4	Gm10719	chr9	3017408	3021593	protein_coding	ENSMUSG00000095547	+	Gm10719	4
5	Gm10718	chr9	3023547	3025218	protein_coding	ENSMUSG00000095186	+	Gm10718	5
6	Gm10717	chr9	3025417	3033289	protein_coding	ENSMUSG00000095891	+	Gm10717	6
7	Gm17535	chr9	3034599	3035805	protein_coding	ENSMUSG00000096736	+	Gm17535	7
8	Gm10715	chr9	3036877	3038316	protein_coding	ENSMUSG00000096201	+	Gm10715	8
9	Mir101c	chr9	3038669	3038743	miRNA	ENSMUSG00000106183	-	Mir101c	9
10	4930433N12Rik	chr9	3133847	3199799	lncRNA	ENSMUSG00000042360	-	4930433N12Rik	10
11	Gm32390	chr9	3137043	3138739	processed_pseudogene	ENSMUSG00000110425	-	Gm32390	11
12	Gm7344	chr9	3187110	3188331	processed_pseudogene	ENSMUSG00000110587	+	Gm7344	12
13	Gm31138	chr9	3199894	3215230	lncRNA	ENSMUSG00000110491	+	Gm31138	13
14	Olfr369-ps1	chr9	3233346	3236427	unprocessed_pseudogene	ENSMUSG00000110646	+	Olfr369-ps1	14
15	Alkbh8	chr9	3335140	3391154	protein_coding	ENSMUSG00000025899	+	Alkbh8	15
16	Gm24918	chr9	3352657	3352786	snoRNA	ENSMUSG00000064956	+	Gm24918	16
17	Gm23275	chr9	3395439	3395542	snRNA	ENSMUSG00000077248	+	Gm23275	17
18	Cwf19l2	chr9	3403592	3479236	protein_coding	ENSMUSG00000025898	+	Cwf19l2	18
19	Gm5362	chr9	3494379	3497463	processed_pseudogene	ENSMUSG00000110660	-	Gm5362	19
20	Gucy1a2	chr9	3532778	3894736	protein_coding	ENSMUSG00000041624	+	Gucy1a2	20
21	Gm5363	chr9	4213922	4215941	processed_pseudogene	ENSMUSG00000110691	+	Gm5363	21
22	Gm45860	chr9	4228796	4229129	processed_pseudogene	ENSMUSG00000110461	-	Gm45860	22
23	Aasdhppt	chr9	4294793	4309471	protein_coding	ENSMUSG00000025894	-	Aasdhppt	23
24	Kbtbd3	chr9	4309833	4331732	protein_coding	ENSMUSG00000025893	+	Kbtbd3	24
25	Gm23992	chr9	4371269	4371335	miRNA	ENSMUSG00000094086	-	Gm23992	25
26	Msantd4	chr9	4376562	4386870	protein_coding	ENSMUSG00000041124	+	Msantd4	26
27	Gria4	chr9	4417896	4796234	protein_coding	ENSMUSG00000025892	-	Gria4	27
28	Gm23811	chr9	4455940	4456023	miRNA	ENSMUSG00000092896	-	Gm23811	28
29	Gm7390	chr9	4977959	4979174	processed_pseudogene	ENSMUSG00000110644	+	Gm7390	29
30	Casp1	chr9	5298508	5307290	protein_coding	ENSMUSG00000025888	+	Casp1	30
31	Casp4	chr9	5308828	5336783	protein_coding	ENSMUSG00000033538	+	Casp4	31
32	Casp12	chr9	5345430	5373032	protein_coding	ENSMUSG00000025887	+	Casp12	32
33	Gm6015	chr9	5861647	5865418	processed_pseudogene	ENSMUSG00000111191	+	Gm6015	33
34	Gm9662	chr9	6070313	6074278	processed_pseudogene	ENSMUSG00000111707	+	Gm9662	34
35	Pdgfd	chr9	6168584	6378850	protein_coding	ENSMUSG00000032006	+	Pdgfd	35
36	Ddi1	chr9	6262733	6269846	protein_coding	ENSMUSG00000047619	-	Ddi1	36
37	Gm48674	chr9	6665497	6665775	processed_pseudogene	ENSMUSG00000110732	-	Gm48674	37
38	Gm48675	chr9	6801843	6802419	processed_pseudogene	ENSMUSG00000111464	+	Gm48675	38
39	Dync2h1	chr9	6928503	7184446	protein_coding	ENSMUSG00000047193	-	Dync2h1	39
40	Dcun1d5	chr9	7184520	7208205	protein_coding	ENSMUSG00000032002	+	Dcun1d5	40
41	Gm47741	chr9	7238154	7238379	processed_pseudogene	ENSMUSG00000111615	-	Gm47741	41
42	Mmp13	chr9	7272514	7283331	protein_coding	ENSMUSG00000050578	+	Mmp13	42
43	Mmp12	chr9	7344381	7369499	protein_coding	ENSMUSG00000049723	+	Mmp12	43
44	Mmp1b	chr9	7368239	7388047	protein_coding	ENSMUSG00000041620	-	Mmp1b	44
45	Mmp3	chr9	7445822	7455975	protein_coding	ENSMUSG00000043613	+	Mmp3	45
46	Mmp1a	chr9	7464141	7476869	polymorphic_pseudogene	ENSMUSG00000043089	+	Mmp1a	46
47	Mmp10	chr9	7502352	7510240	protein_coding	ENSMUSG00000047562	+	Mmp10	47
48	Mmp8	chr9	7558456	7568485	protein_coding	ENSMUSG00000005800	+	Mmp8	48
49	Mmp27	chr9	7571396	7581885	protein_coding	ENSMUSG00000070323	+	Mmp27	49
50	Gm47616	chr9	7599494	7599640	processed_pseudogene	ENSMUSG00000111764	+	Gm47616	50
51	Mmp20	chr9	7628231	7674979	protein_coding	ENSMUSG00000018620	+	Mmp20	51
52	AV064505	chr9	7669429	7695631	lncRNA	ENSMUSG00000086381	-	AV064505	52
53	Gm19212	chr9	7688975	7689836	processed_pseudogene	ENSMUSG00000110936	-	Gm19212	53
54	Mmp7	chr9	7692090	7699585	protein_coding	ENSMUSG00000018623	+	Mmp7	54
55	Cbx3-ps8	chr9	7723147	7723694	processed_pseudogene	ENSMUSG00000110887	+	Cbx3-ps8	55
56	Gm10709	chr9	7751725	7752204	processed_pseudogene	ENSMUSG00000074516	+	Gm10709	56
57	Tmem123	chr9	7764041	7794333	protein_coding	ENSMUSG00000050912	+	Tmem123	57
58	Mir5618	chr9	7784390	7784440	miRNA	ENSMUSG00000093615	+	Mir5618	58
59	Birc2	chr9	7818227	7837064	protein_coding	ENSMUSG00000057367	-	Birc2	59
60	Birc3	chr9	7848699	7873186	protein_coding	ENSMUSG00000032000	-	Birc3	60
61	Yap1	chr9	7931999	8004596	protein_coding	ENSMUSG00000053110	-	Yap1	61
62	Gm20416	chr9	7965838	7977004	lncRNA	ENSMUSG00000092185	+	Gm20416	62
63	Gm45494	chr9	8004830	8009269	lncRNA	ENSMUSG00000110161	+	Gm45494	63
64	Cfap300	chr9	8021672	8042823	protein_coding	ENSMUSG00000053070	-	Cfap300	64
65	Cep126	chr9	8076461	8134294	protein_coding	ENSMUSG00000040729	-	Cep126	65
66	Gm19324	chr9	8142541	8185129	unprocessed_pseudogene	ENSMUSG00000111353	+	Gm19324	66
67	Gm7495	chr9	8153761	8154186	processed_pseudogene	ENSMUSG00000111845	-	Gm7495	67
68	1700128F08Rik	chr9	8221889	8241987	transcribed_processed_pseudogene	ENSMUSG00000031998	+	1700128F08Rik	68
69	Gm47517	chr9	8476273	8476487	processed_pseudogene	ENSMUSG00000110828	+	Gm47517	69
70	Trpc6	chr9	8544142	8680741	protein_coding	ENSMUSG00000031997	+	Trpc6	70
71	Gm32014	chr9	8644073	8740988	lncRNA	ENSMUSG00000111602	-	Gm32014	71
72	Pgr	chr9	8899833	8968611	protein_coding	ENSMUSG00000031870	+	Pgr	72
73	Gm16485	chr9	8971791	8975773	TEC	ENSMUSG00000078117	+	Gm16485	73
74	Arhgap42	chr9	8994329	9239101	protein_coding	ENSMUSG00000050730	-	Arhgap42	74
75	Gm16833	chr9	9236288	9260883	lncRNA	ENSMUSG00000085253	+	Gm16833	75
76	Gm22815	chr9	9301391	9301452	snRNA	ENSMUSG00000088076	+	Gm22815	76
77	Gm46102	chr9	9355737	9583307	lncRNA	ENSMUSG00000111061	-	Gm46102	77
78	Gm47333	chr9	9434592	9434893	processed_pseudogene	ENSMUSG00000111317	+	Gm47333	78
79	Gm47334	chr9	9564087	9583564	lncRNA	ENSMUSG00000111284	+	Gm47334	79
80	Cntn5	chr9	9660891	10904775	protein_coding	ENSMUSG00000039488	-	Cntn5	80
81	Gm24496	chr9	10290478	10290587	miRNA	ENSMUSG00000093959	-	Gm24496	81
82	Gm46103	chr9	10475935	10476275	processed_pseudogene	ENSMUSG00000111648	+	Gm46103	82
83	Gm7529	chr9	10734640	10736536	processed_pseudogene	ENSMUSG00000111209	+	Gm7529	83
84	Gm32710	chr9	10904345	10907818	lncRNA	ENSMUSG00000109590	+	Gm32710	84
85	Gm18488	chr9	11014450	11014813	processed_pseudogene	ENSMUSG00000111568	+	Gm18488	85
86	Gm47001	chr9	11102513	11119398	lncRNA	ENSMUSG00000110951	+	Gm47001	86
87	Gm47002	chr9	11148600	11167495	lncRNA	ENSMUSG00000111691	+	Gm47002	87
88	Gm47029	chr9	11238604	11238870	processed_pseudogene	ENSMUSG00000110942	-	Gm47029	88
89	Gm18934	chr9	11277000	11278043	processed_pseudogene	ENSMUSG00000110734	-	Gm18934	89
90	Gm47034	chr9	11516862	11584845	lncRNA	ENSMUSG00000111503	-	Gm47034	90
91	Gm18160	chr9	11527579	11528405	unprocessed_pseudogene	ENSMUSG00000110858	+	Gm18160	91
92	Gm47035	chr9	11541735	11541989	processed_pseudogene	ENSMUSG00000111458	+	Gm47035	92
93	Gm47037	chr9	11975653	11978249	TEC	ENSMUSG00000111111	-	Gm47037	93
94	Gm29785	chr9	12233994	12234376	processed_pseudogene	ENSMUSG00000111810	+	Gm29785	94
95	Gm25365	chr9	12780165	12780285	rRNA	ENSMUSG00000089477	+	Gm25365	95
96	Gm21070	chr9	12865433	12866417	processed_pseudogene	ENSMUSG00000098228	+	Gm21070	96
97	4930568E12Rik	chr9	13091256	13105858	lncRNA	ENSMUSG00000111830	-	4930568E12Rik	97
98	Gm47051	chr9	13106013	13136998	lncRNA	ENSMUSG00000111285	+	Gm47051	98
99	Jrkl	chr9	13242607	13245829	protein_coding	ENSMUSG00000079083	-	Jrkl	99
100	Ccdc82	chr9	13246955	13292520	protein_coding	ENSMUSG00000079084	+	Ccdc82	100
101	Gm26189	chr9	13275516	13275622	snRNA	ENSMUSG00000095068	+	Gm26189	101
102	Maml2	chr9	13297957	13709388	protein_coding	ENSMUSG00000031925	+	Maml2	102
103	Gm47087	chr9	13308214	13312446	TEC	ENSMUSG00000111212	+	Gm47087	103
104	Phxr4	chr9	13431361	13432751	TEC	ENSMUSG00000031802	+	Phxr4	104
105	Gm17571	chr9	13444034	13446753	protein_coding	ENSMUSG00000090592	-	Gm17571	105
106	Gm47089	chr9	13519936	13520101	TEC	ENSMUSG00000111223	+	Gm47089	106
107	Gm22643	chr9	13621226	13621326	miRNA	ENSMUSG00000093092	+	Gm22643	107
108	Gm47105	chr9	13727087	13727442	processed_pseudogene	ENSMUSG00000111698	-	Gm47105	108
109	Mtmr2	chr9	13748410	13806481	protein_coding	ENSMUSG00000031918	+	Mtmr2	109
110	Cep57	chr9	13807792	13827107	protein_coding	ENSMUSG00000031922	-	Cep57	110
111	Fam76b	chr9	13827716	13854987	protein_coding	ENSMUSG00000037808	+	Fam76b	111
112	Gm7588	chr9	13868706	13869276	processed_pseudogene	ENSMUSG00000111012	+	Gm7588	112
113	Gm47535	chr9	13915801	13920119	lncRNA	ENSMUSG00000111100	-	Gm47535	113
114	Gm47557	chr9	13945281	13981814	lncRNA	ENSMUSG00000111871	+	Gm47557	114
115	1700019J19Rik	chr9	14089620	14118301	lncRNA	ENSMUSG00000111489	+	1700019J19Rik	115
116	Gm47559	chr9	14107054	14108123	lncRNA	ENSMUSG00000111479	-	Gm47559	116
117	Gm47564	chr9	14204083	14218183	lncRNA	ENSMUSG00000111803	+	Gm47564	117
118	Gm47565	chr9	14249625	14250939	lncRNA	ENSMUSG00000111695	-	Gm47565	118
119	Gm34069	chr9	14259041	14263803	lncRNA	ENSMUSG00000111097	-	Gm34069	119
120	Sesn3	chr9	14275067	14333101	protein_coding	ENSMUSG00000032009	+	Sesn3	120
121	Gm47326	chr9	14335612	14343063	lncRNA	ENSMUSG00000111555	+	Gm47326	121
122	Endod1	chr9	14353990	14381507	protein_coding	ENSMUSG00000037419	-	Endod1	122
123	Gm47321	chr9	14384361	14385654	processed_pseudogene	ENSMUSG00000111451	-	Gm47321	123
124	Gm47319	chr9	14385692	14389723	lncRNA	ENSMUSG00000111786	+	Gm47319	124
125	Gm47318	chr9	14435321	14435411	unprocessed_pseudogene	ENSMUSG00000111426	-	Gm47318	125
126	Kdm4dl	chr9	14450836	14452022	unprocessed_pseudogene	ENSMUSG00000098832	-	Kdm4dl	126
127	Kdm4d	chr9	14462548	14500482	protein_coding	ENSMUSG00000053914	-	Kdm4d	127
128	Cwc15	chr9	14500617	14510577	protein_coding	ENSMUSG00000004096	+	Cwc15	128
129	Gm47090	chr9	14525090	14525761	processed_pseudogene	ENSMUSG00000111612	-	Gm47090	129
130	Amotl1	chr9	14541966	14645056	protein_coding	ENSMUSG00000013076	-	Amotl1	130
131	4930584E12Rik	chr9	14618585	14619565	TEC	ENSMUSG00000111540	-	4930584E12Rik	131
132	Gm34263	chr9	14643772	14645792	lncRNA	ENSMUSG00000111198	+	Gm34263	132
133	Gm7607	chr9	14663022	14665099	lncRNA	ENSMUSG00000111085	+	Gm7607	133
134	Gm18997	chr9	14693523	14694344	processed_pseudogene	ENSMUSG00000111483	+	Gm18997	134
135	Piwil4	chr9	14696230	14740733	protein_coding	ENSMUSG00000036912	-	Piwil4	135
136	Gm10706	chr9	14704642	14719058	lncRNA	ENSMUSG00000074508	+	Gm10706	136
137	Gm15586	chr9	14736195	14736722	processed_pseudogene	ENSMUSG00000082564	+	Gm15586	137
138	Fut4	chr9	14748320	14752393	protein_coding	ENSMUSG00000049307	-	Fut4	138
139	1700012B09Rik	chr9	14756587	14771030	protein_coding	ENSMUSG00000031927	-	1700012B09Rik	139
140	Ankrd49	chr9	14779618	14784856	protein_coding	ENSMUSG00000031931	-	Ankrd49	140
141	Mre11a	chr9	14784654	14837123	protein_coding	ENSMUSG00000031928	+	Mre11a	141
142	Gm47154	chr9	14807774	14808040	processed_pseudogene	ENSMUSG00000111817	-	Gm47154	142
143	Gm16379	chr9	14845365	14845712	processed_pseudogene	ENSMUSG00000059658	-	Gm16379	143
144	Gm16302	chr9	14845613	14847835	lncRNA	ENSMUSG00000090023	+	Gm16302	144
145	Gpr83	chr9	14860210	14870789	protein_coding	ENSMUSG00000031932	+	Gpr83	145
146	Izumo1r	chr9	14885814	14903949	protein_coding	ENSMUSG00000031933	-	Izumo1r	146
147	Gm18789	chr9	14915472	14916021	processed_pseudogene	ENSMUSG00000110995	-	Gm18789	147
148	Gm47214	chr9	14949463	14977583	lncRNA	ENSMUSG00000110766	+	Gm47214	148
149	Panx1	chr9	15002128	15045478	protein_coding	ENSMUSG00000031934	-	Panx1	149
150	Hephl1	chr9	15051841	15112108	protein_coding	ENSMUSG00000031936	-	Hephl1	150
151	Gm22658	chr9	15211631	15211785	snRNA	ENSMUSG00000077384	-	Gm22658	151
152	Vstm5	chr9	15239045	15259416	protein_coding	ENSMUSG00000031937	+	Vstm5	152
153	Med17	chr9	15260351	15279931	protein_coding	ENSMUSG00000031935	-	Med17	153
154	4931406C07Rik	chr9	15283337	15306448	protein_coding	ENSMUSG00000031938	-	4931406C07Rik	154
155	Taf1d	chr9	15306214	15316991	protein_coding	ENSMUSG00000031939	+	Taf1d	155
156	Gm25500	chr9	15312552	15312674	snoRNA	ENSMUSG00000077614	+	Gm25500	156
157	Mir7650	chr9	15312611	15312669	miRNA	ENSMUSG00000105847	+	Mir7650	157
158	Gm24455	chr9	15313802	15313932	snoRNA	ENSMUSG00000065282	+	Gm24455	158
159	Gm24299	chr9	15314074	15314144	snoRNA	ENSMUSG00000088929	+	Gm24299	159
160	Gm49349	chr9	15314842	15314908	miRNA	ENSMUSG00000106649	+	Gm49349	160
161	Gm25791	chr9	15314845	15314981	snoRNA	ENSMUSG00000065226	+	Gm25791	161
162	Gm22620	chr9	15315189	15315321	snoRNA	ENSMUSG00000064634	+	Gm22620	162
163	Gm24357	chr9	15315522	15315595	snoRNA	ENSMUSG00000064797	+	Gm24357	163
164	Gm23455	chr9	15316489	15316588	snoRNA	ENSMUSG00000065265	+	Gm23455	164
165	Gm22579	chr9	15316676	15316808	snoRNA	ENSMUSG00000065663	+	Gm22579	165
166	Cep295	chr9	15316915	15357788	protein_coding	ENSMUSG00000046111	-	Cep295	166
167	Gm48142	chr9	15320733	15321277	unprocessed_pseudogene	ENSMUSG00000111132	+	Gm48142	167
168	Gm48141	chr9	15321605	15322316	unprocessed_pseudogene	ENSMUSG00000111529	+	Gm48141	168
169	Scarna9	chr9	15326264	15326333	snoRNA	ENSMUSG00000077506	-	Scarna9	169
170	Gm24339	chr9	15326464	15326539	snoRNA	ENSMUSG00000077394	-	Gm24339	170
171	Gm16568	chr9	15330573	15335345	lncRNA	ENSMUSG00000089702	+	Gm16568	171
172	Gm34973	chr9	15381367	15387425	lncRNA	ENSMUSG00000111763	+	Gm34973	172
173	Gm2517	chr9	15424267	15424614	processed_pseudogene	ENSMUSG00000111823	-	Gm2517	173
174	Gm48634	chr9	15439995	15440471	processed_pseudogene	ENSMUSG00000111508	-	Gm48634	174
175	Smco4	chr9	15493432	15545260	protein_coding	ENSMUSG00000058173	+	Smco4	175
176	Deup1	chr9	15559864	15627933	protein_coding	ENSMUSG00000039977	-	Deup1	176
177	4930540M03Rik	chr9	15619857	15641224	lncRNA	ENSMUSG00000111299	+	4930540M03Rik	177
178	Gm7642	chr9	15644283	15646091	processed_pseudogene	ENSMUSG00000110882	+	Gm7642	178
179	Gm5119	chr9	15682902	15683535	processed_pseudogene	ENSMUSG00000110786	+	Gm5119	179
180	Slc36a4	chr9	15709738	15743361	protein_coding	ENSMUSG00000043885	+	Slc36a4	180
181	Mtnr1b	chr9	15824528	15874556	protein_coding	ENSMUSG00000050901	-	Mtnr1b	181
182	Fat3	chr9	15910189	16501285	protein_coding	ENSMUSG00000074505	-	Fat3	182
183	Gm48726	chr9	16432867	16435395	TEC	ENSMUSG00000111652	-	Gm48726	183
184	Gm5611	chr9	17030045	17030896	processed_pseudogene	ENSMUSG00000090602	+	Gm5611	184
185	Gm2594	chr9	17501968	17502709	processed_pseudogene	ENSMUSG00000111405	-	Gm2594	185
186	Gm48848	chr9	17719063	17719173	processed_pseudogene	ENSMUSG00000111506	+	Gm48848	186
187	Gm4977	chr9	17732670	17733931	processed_pseudogene	ENSMUSG00000111613	+	Gm4977	187
188	Gm48849	chr9	17785308	17785787	processed_pseudogene	ENSMUSG00000111161	-	Gm48849	188
189	Gm7680	chr9	18022224	18023571	processed_pseudogene	ENSMUSG00000111263	+	Gm7680	189
190	Gm48850	chr9	18088045	18088356	processed_pseudogene	ENSMUSG00000111728	+	Gm48850	190
191	Gm48856	chr9	18097955	18098280	unprocessed_pseudogene	ENSMUSG00000111743	+	Gm48856	191
192	Gm44498	chr9	18098152	18098262	miRNA	ENSMUSG00000105805	-	Gm44498	192
193	Gm7692	chr9	18289452	18289860	processed_pseudogene	ENSMUSG00000111870	-	Gm7692	193
194	Chordc1	chr9	18292125	18317442	protein_coding	ENSMUSG00000001774	+	Chordc1	194
195	Gm19178	chr9	18298833	18300651	processed_pseudogene	ENSMUSG00000110816	-	Gm19178	195
196	Naalad2	chr9	18321951	18402995	protein_coding	ENSMUSG00000043943	-	Naalad2	196
197	Gm19174	chr9	18400542	18402855	processed_pseudogene	ENSMUSG00000110944	+	Gm19174	197
198	Ubtfl1	chr9	18404418	18413177	protein_coding	ENSMUSG00000074502	+	Ubtfl1	198
199	Gm5612	chr9	18427543	18427917	processed_pseudogene	ENSMUSG00000074501	+	Gm5612	199
200	Mbd3l2	chr9	18430654	18446316	protein_coding	ENSMUSG00000047508	+	Mbd3l2	200
201	Zfp558	chr9	18455575	18478268	protein_coding	ENSMUSG00000074500	-	Zfp558	201
202	Mbd3l1	chr9	18478359	18485298	protein_coding	ENSMUSG00000038691	+	Mbd3l1	202
203	Muc16	chr9	18495455	18674530	protein_coding	ENSMUSG00000109564	-	Muc16	203
204	Gm25295	chr9	18574613	18574918	misc_RNA	ENSMUSG00000084743	+	Gm25295	204
205	Gm24546	chr9	18679128	18679229	snRNA	ENSMUSG00000089277	+	Gm24546	205
206	Olfr24	chr9	18751507	18763996	protein_coding	ENSMUSG00000054141	-	Olfr24	206
207	Olfr828	chr9	18814728	18819526	protein_coding	ENSMUSG00000078116	-	Olfr828	207
208	Olfr829	chr9	18854933	18859080	protein_coding	ENSMUSG00000051414	+	Olfr829	208
209	Olfr830	chr9	18874693	18878369	protein_coding	ENSMUSG00000062868	+	Olfr830	209
210	Olfr831-ps1	chr9	18931922	18932981	unprocessed_pseudogene	ENSMUSG00000066914	-	Olfr831-ps1	210
211	Olfr832	chr9	18937122	18948940	protein_coding	ENSMUSG00000095957	+	Olfr832	211
212	Olfr833-ps1	chr9	18969994	18970906	unprocessed_pseudogene	ENSMUSG00000066912	-	Olfr833-ps1	212
213	Olfr834	chr9	18987990	18988928	protein_coding	ENSMUSG00000095525	+	Olfr834	213
214	Olfr835	chr9	19032735	19037670	protein_coding	ENSMUSG00000045204	+	Olfr835	214
215	Olfr836	chr9	19120382	19125938	protein_coding	ENSMUSG00000059303	+	Olfr836	215
216	Olfr837	chr9	19136317	19140641	protein_coding	ENSMUSG00000110621	+	Olfr837	216
217	Olfr838-ps1	chr9	19153584	19154560	unprocessed_pseudogene	ENSMUSG00000110645	-	Olfr838-ps1	217
218	Olfr839-ps1	chr9	19168407	19177312	protein_coding	ENSMUSG00000110519	-	Olfr839-ps1	218
219	Olfr840-ps1	chr9	19203452	19205669	unprocessed_pseudogene	ENSMUSG00000110671	-	Olfr840-ps1	219
220	AC119987.1	chr9	19219070	19232174	unprocessed_pseudogene	ENSMUSG00000110493	-	AC119987.1	220
221	Olfr843	chr9	19242956	19251987	protein_coding	ENSMUSG00000048391	-	Olfr843	221
222	Olfr844	chr9	19316347	19320097	protein_coding	ENSMUSG00000049229	+	Olfr844	222
223	Olfr845	chr9	19336457	19341718	protein_coding	ENSMUSG00000061614	+	Olfr845	223
224	Olfr846	chr9	19357065	19364005	protein_coding	ENSMUSG00000058692	-	Olfr846	224
225	Gm7751	chr9	19364855	19365563	processed_pseudogene	ENSMUSG00000110527	+	Gm7751	225
226	Olfr847	chr9	19373668	19378669	protein_coding	ENSMUSG00000059821	-	Olfr847	226
227	Olfr848-ps1	chr9	19403600	19404529	unprocessed_pseudogene	ENSMUSG00000110590	-	Olfr848-ps1	227
228	Gm23048	chr9	19437687	19437815	snoRNA	ENSMUSG00000087862	+	Gm23048	228
229	Olfr849	chr9	19440266	19446923	protein_coding	ENSMUSG00000052182	+	Olfr849	229
230	Olfr850	chr9	19477301	19478248	protein_coding	ENSMUSG00000094535	-	Olfr850	230
231	Olfr851	chr9	19493295	19502815	protein_coding	ENSMUSG00000052625	+	Olfr851	231
232	Olfr853	chr9	19534202	19541076	protein_coding	ENSMUSG00000051160	-	Olfr853	232
233	Olfr854	chr9	19566435	19567382	protein_coding	ENSMUSG00000095667	-	Olfr854	233
234	Olfr855	chr9	19582617	19586030	protein_coding	ENSMUSG00000043087	+	Olfr855	234
235	Gm45730	chr9	19612882	19613276	processed_pseudogene	ENSMUSG00000110571	+	Gm45730	235
236	Zfp317	chr9	19622102	19649731	protein_coding	ENSMUSG00000057551	+	Zfp317	236
237	Olfr856-ps1	chr9	19657057	19658647	unprocessed_pseudogene	ENSMUSG00000110521	-	Olfr856-ps1	237
238	Gm7769	chr9	19690619	19691551	processed_pseudogene	ENSMUSG00000110610	+	Gm7769	238
239	Olfr857	chr9	19709433	19714930	protein_coding	ENSMUSG00000094678	+	Olfr857	239
240	Olfr858-ps1	chr9	19737451	19738380	unprocessed_pseudogene	ENSMUSG00000110578	+	Olfr858-ps1	240
241	Olfr58	chr9	19780283	19785333	protein_coding	ENSMUSG00000058659	+	Olfr58	241
242	Olfr859	chr9	19804906	19817626	protein_coding	ENSMUSG00000095448	+	Olfr859	242
243	Gm45699	chr9	19842073	19872536	lncRNA	ENSMUSG00000110511	+	Gm45699	243
244	Olfr860	chr9	19845156	19849747	protein_coding	ENSMUSG00000066905	-	Olfr860	244
245	Olfr861-ps1	chr9	19875510	19876639	unprocessed_pseudogene	ENSMUSG00000110518	+	Olfr861-ps1	245
246	Olfr862	chr9	19882417	19888004	protein_coding	ENSMUSG00000063842	-	Olfr862	246
247	Olfr77	chr9	19916865	19929124	protein_coding	ENSMUSG00000051118	+	Olfr77	247
248	Gm7808	chr9	19927896	19928282	processed_pseudogene	ENSMUSG00000091460	-	Gm7808	248
249	Olfr863-ps1	chr9	19941510	19942438	polymorphic_pseudogene	ENSMUSG00000110555	-	Olfr863-ps1	249
250	Olfr866	chr9	20026959	20028035	protein_coding	ENSMUSG00000050803	-	Olfr866	250
251	Olfr867	chr9	20050955	20057562	protein_coding	ENSMUSG00000044454	-	Olfr867	251
252	Olfr868	chr9	20098626	20104754	protein_coding	ENSMUSG00000044106	+	Olfr868	252
253	Olfr869	chr9	20129009	20138763	protein_coding	ENSMUSG00000058491	+	Olfr869	253
254	Olfr870	chr9	20168533	20174057	protein_coding	ENSMUSG00000066899	-	Olfr870	254
255	Gm25914	chr9	20173087	20173239	snRNA	ENSMUSG00000088243	+	Gm25914	255
256	Gm26290	chr9	20209207	20209351	snRNA	ENSMUSG00000089516	-	Gm26290	256
257	Olfr871	chr9	20212207	20213353	protein_coding	ENSMUSG00000061457	+	Olfr871	257
258	Olfr872	chr9	20237119	20261643	protein_coding	ENSMUSG00000066897	+	Olfr872	258
259	Gm25425	chr9	20252793	20252888	snRNA	ENSMUSG00000088236	-	Gm25425	259
260	Olfr39	chr9	20282351	20287578	protein_coding	ENSMUSG00000059623	+	Olfr39	260
261	Olfr873	chr9	20298532	20303599	protein_coding	ENSMUSG00000049028	+	Olfr873	261
262	Olfr18	chr9	20312152	20336094	protein_coding	ENSMUSG00000066896	-	Olfr18	262
263	Gm45815	chr9	20313488	20313633	unprocessed_pseudogene	ENSMUSG00000110466	-	Gm45815	263
264	Zfp560	chr9	20345136	20385177	protein_coding	ENSMUSG00000045519	-	Zfp560	264
265	4921534A09Rik	chr9	20385234	20387728	TEC	ENSMUSG00000110910	+	4921534A09Rik	265
266	Gm29761	chr9	20399922	20401860	processed_pseudogene	ENSMUSG00000110761	-	Gm29761	266
267	Gm48729	chr9	20413175	20413387	processed_pseudogene	ENSMUSG00000110811	+	Gm48729	267
268	Zfp26	chr9	20428449	20460162	protein_coding	ENSMUSG00000063108	-	Zfp26	268
269	Gm48738	chr9	20456783	20457171	processed_pseudogene	ENSMUSG00000111626	-	Gm48738	269
270	Zfp426	chr9	20468549	20492746	protein_coding	ENSMUSG00000059475	-	Zfp426	270
271	Gm23316	chr9	20477865	20477978	snRNA	ENSMUSG00000088622	+	Gm23316	271
272	Zfp266	chr9	20495068	20521417	protein_coding	ENSMUSG00000060510	-	Zfp266	272
273	Gm46142	chr9	20555329	20555809	processed_pseudogene	ENSMUSG00000111661	+	Gm46142	273
274	Zfp846	chr9	20581291	20605409	protein_coding	ENSMUSG00000058192	+	Zfp846	274
275	Gm48069	chr9	20606133	20607616	TEC	ENSMUSG00000111547	-	Gm48069	275
276	Fbxl12os	chr9	20607458	20617271	lncRNA	ENSMUSG00000062470	+	Fbxl12os	276
277	Fbxl12	chr9	20618118	20644767	protein_coding	ENSMUSG00000066892	-	Fbxl12	277
278	Ubl5	chr9	20642878	20647140	protein_coding	ENSMUSG00000084786	+	Ubl5	278
279	Pin1	chr9	20652095	20666584	protein_coding	ENSMUSG00000032171	+	Pin1	279
280	Olfm2	chr9	20667690	20746349	protein_coding	ENSMUSG00000032172	-	Olfm2	280
281	Col5a3	chr9	20770050	20815067	protein_coding	ENSMUSG00000004098	-	Col5a3	281
282	Gm26274	chr9	20807034	20807354	misc_RNA	ENSMUSG00000087728	+	Gm26274	282
283	Rdh8	chr9	20818503	20826117	protein_coding	ENSMUSG00000053773	+	Rdh8	283
284	AC170598.2	chr9	20839528	20857875	unprocessed_pseudogene	ENSMUSG00000118527	+	AC170598.2	284
285	Shfl	chr9	20868642	20874307	protein_coding	ENSMUSG00000038884	+	Shfl	285
286	Angptl6	chr9	20873808	20879727	protein_coding	ENSMUSG00000038742	-	Angptl6	286
287	Ppan	chr9	20888175	20892178	protein_coding	ENSMUSG00000004100	+	Ppan	287
288	Gm24067	chr9	20889484	20889568	snoRNA	ENSMUSG00000077702	+	Gm24067	288
289	Gm23008	chr9	20890757	20890836	snoRNA	ENSMUSG00000089571	+	Gm23008	289
290	AC170598.1	chr9	20893243	20894023	unitary_pseudogene	ENSMUSG00000118421	+	AC170598.1	290
291	Eif3g	chr9	20894349	20898623	protein_coding	ENSMUSG00000070319	-	Eif3g	291
292	Dnmt1	chr9	20907209	20959888	protein_coding	ENSMUSG00000004099	-	Dnmt1	292
293	Mir7081	chr9	20914090	20914164	miRNA	ENSMUSG00000099147	-	Mir7081	293
294	S1pr2	chr9	20962361	20976781	protein_coding	ENSMUSG00000043895	-	S1pr2	294
295	Mrpl4	chr9	21002738	21008839	protein_coding	ENSMUSG00000003299	+	Mrpl4	295
296	Icam1	chr9	21015985	21028817	protein_coding	ENSMUSG00000037405	+	Icam1	296
297	Gm47079	chr9	21028307	21032357	lncRNA	ENSMUSG00000110790	-	Gm47079	297
298	Icam4	chr9	21029373	21030595	protein_coding	ENSMUSG00000001014	+	Icam4	298
299	Icam5	chr9	21032073	21039036	protein_coding	ENSMUSG00000032174	+	Icam5	299
300	Mir1900	chr9	21032251	21032328	miRNA	ENSMUSG00000084663	-	Mir1900	300
301	Gm26592	chr9	21034290	21037782	lncRNA	ENSMUSG00000097535	-	Gm26592	301
302	Zglp1	chr9	21062393	21067093	protein_coding	ENSMUSG00000079681	-	Zglp1	302
303	Gm49373	chr9	21062400	21073096	protein_coding	ENSMUSG00000111692	-	Gm49373	303
304	Gm38431	chr9	21067514	21091997	protein_coding	ENSMUSG00000111497	-	Gm38431	304
305	Fdx2	chr9	21067520	21073614	protein_coding	ENSMUSG00000079677	-	Fdx2	305
306	Raver1	chr9	21074158	21092008	protein_coding	ENSMUSG00000010205	-	Raver1	306
307	Mir7082	chr9	21075497	21075588	miRNA	ENSMUSG00000098907	-	Mir7082	307
308	1700084C06Rik	chr9	21091755	21128393	lncRNA	ENSMUSG00000086016	+	1700084C06Rik	308
309	Tyk2	chr9	21104068	21131243	protein_coding	ENSMUSG00000032175	-	Tyk2	309
310	Cdc37	chr9	21133222	21149982	protein_coding	ENSMUSG00000019471	-	Cdc37	310
311	Pde4a	chr9	21165714	21213248	protein_coding	ENSMUSG00000032177	+	Pde4a	311
312	Gm16754	chr9	21225371	21233046	lncRNA	ENSMUSG00000097439	+	Gm16754	312
313	Keap1	chr9	21229730	21239361	protein_coding	ENSMUSG00000003308	-	Keap1	313
314	S1pr5	chr9	21242912	21248443	protein_coding	ENSMUSG00000045087	-	S1pr5	314
315	Gm48303	chr9	21247713	21249606	TEC	ENSMUSG00000111623	+	Gm48303	315
316	Atg4d	chr9	21265293	21277772	protein_coding	ENSMUSG00000002820	+	Atg4d	316
317	Kri1	chr9	21273457	21287969	protein_coding	ENSMUSG00000035047	-	Kri1	317
318	Cdkn2d	chr9	21288410	21291407	protein_coding	ENSMUSG00000096472	-	Cdkn2d	318
319	Ap1m2	chr9	21294275	21312337	protein_coding	ENSMUSG00000003309	-	Ap1m2	319
320	Gm39302	chr9	21318079	21320617	lncRNA	ENSMUSG00000111172	-	Gm39302	320
321	Slc44a2	chr9	21320698	21355028	protein_coding	ENSMUSG00000057193	+	Slc44a2	321
322	Gm36198	chr9	21367396	21369184	lncRNA	ENSMUSG00000110915	-	Gm36198	322
323	Ilf3	chr9	21367871	21405361	protein_coding	ENSMUSG00000032178	+	Ilf3	323
324	Gm16853	chr9	21405242	21411720	lncRNA	ENSMUSG00000097665	-	Gm16853	324
325	Qtrt1	chr9	21411837	21420274	protein_coding	ENSMUSG00000002825	+	Qtrt1	325
326	Dnm2	chr9	21424908	21507759	protein_coding	ENSMUSG00000033335	+	Dnm2	326
327	Mir199a-1	chr9	21496495	21496564	miRNA	ENSMUSG00000065547	-	Mir199a-1	327
328	Tmed1	chr9	21507553	21510252	protein_coding	ENSMUSG00000032180	-	Tmed1	328
329	AB124611	chr9	21526176	21545333	protein_coding	ENSMUSG00000057191	+	AB124611	329
330	Gm20519	chr9	21533627	21533985	processed_pseudogene	ENSMUSG00000092261	-	Gm20519	330
331	Carm1	chr9	21546894	21592623	protein_coding	ENSMUSG00000032185	+	Carm1	331
332	Yipf2	chr9	21588682	21592828	protein_coding	ENSMUSG00000032182	-	Yipf2	332
333	Timm29	chr9	21592722	21595970	protein_coding	ENSMUSG00000048429	+	Timm29	333
334	Gm7904	chr9	21607863	21608327	processed_pseudogene	ENSMUSG00000111812	-	Gm7904	334
335	Mir1946b	chr9	21613444	21613576	miRNA	ENSMUSG00000088478	-	Mir1946b	335
336	Smarca4	chr9	21616169	21704230	protein_coding	ENSMUSG00000032187	+	Smarca4	336
337	Gm27373	chr9	21677913	21678096	misc_RNA	ENSMUSG00000099192	+	Gm27373	337
338	Gm26511	chr9	21717616	21723450	lncRNA	ENSMUSG00000097155	-	Gm26511	338
339	Ldlr	chr9	21723483	21749919	protein_coding	ENSMUSG00000032193	+	Ldlr	339
340	Spc24	chr9	21755442	21760303	protein_coding	ENSMUSG00000074476	-	Spc24	340
341	Kank2	chr9	21766784	21798744	protein_coding	ENSMUSG00000032194	-	Kank2	341
342	Dock6	chr9	21799860	21852635	protein_coding	ENSMUSG00000032198	-	Dock6	342
343	Angptl8	chr9	21835510	21837347	protein_coding	ENSMUSG00000047822	+	Angptl8	343
344	Gm47873	chr9	21872274	21892189	unitary_pseudogene	ENSMUSG00000111766	+	Gm47873	344
345	Rab3d	chr9	21907491	21918192	protein_coding	ENSMUSG00000019066	-	Rab3d	345
346	Tmem205	chr9	21921008	21927556	protein_coding	ENSMUSG00000040883	-	Tmem205	346
347	Ccdc159	chr9	21927471	21935872	protein_coding	ENSMUSG00000006241	+	Ccdc159	347
348	Plppr2	chr9	21937033	21948907	protein_coding	ENSMUSG00000040563	+	Plppr2	348
349	Swsap1	chr9	21955755	21958264	protein_coding	ENSMUSG00000051238	+	Swsap1	349
350	Epor	chr9	21958897	21963506	protein_coding	ENSMUSG00000006235	-	Epor	350
351	Rgl3	chr9	21968711	21989446	protein_coding	ENSMUSG00000040146	-	Rgl3	351
352	Ccdc151	chr9	21989871	22002634	protein_coding	ENSMUSG00000039632	-	Ccdc151	352
353	Prkcsh	chr9	22002806	22014222	protein_coding	ENSMUSG00000003402	+	Prkcsh	353
354	Elavl3	chr9	22015005	22052023	protein_coding	ENSMUSG00000003410	-	Elavl3	354
355	Gm49318	chr9	22036380	22071259	protein_coding	ENSMUSG00000111842	-	Gm49318	355
356	Zfp653	chr9	22055411	22071376	protein_coding	ENSMUSG00000038895	-	Zfp653	356
357	Gm16845	chr9	22071002	22086122	lncRNA	ENSMUSG00000096981	+	Gm16845	357
358	Ecsit	chr9	22072246	22085438	protein_coding	ENSMUSG00000066839	-	Ecsit	358
359	Gm6581	chr9	22092513	22092772	processed_pseudogene	ENSMUSG00000111446	+	Gm6581	359
360	Cnn1	chr9	22099216	22109630	protein_coding	ENSMUSG00000001349	+	Cnn1	360
361	Elof1	chr9	22112989	22117172	protein_coding	ENSMUSG00000013822	-	Elof1	361
362	Mir7084	chr9	22113944	22114013	miRNA	ENSMUSG00000098646	-	Mir7084	362
363	6530413G14Rik	chr9	22117328	22137756	lncRNA	ENSMUSG00000111856	+	6530413G14Rik	363
364	Acp5	chr9	22126727	22135711	protein_coding	ENSMUSG00000001348	-	Acp5	364
365	Pigyl	chr9	22156846	22158358	protein_coding	ENSMUSG00000010607	+	Pigyl	365
366	Gm18227	chr9	22167479	22170652	unprocessed_pseudogene	ENSMUSG00000109765	+	Gm18227	366
367	Rpl15-ps3	chr9	22185607	22186221	processed_pseudogene	ENSMUSG00000061167	-	Rpl15-ps3	367
368	Zfp872	chr9	22188090	22202123	protein_coding	ENSMUSG00000074472	+	Zfp872	368
369	1810064F22Rik	chr9	22196963	22213860	lncRNA	ENSMUSG00000090925	-	1810064F22Rik	369
370	Zfp809	chr9	22225714	22243354	protein_coding	ENSMUSG00000057982	+	Zfp809	370
371	Gm48478	chr9	22228978	22231302	TEC	ENSMUSG00000111424	+	Gm48478	371
372	Zfp599	chr9	22247430	22259895	protein_coding	ENSMUSG00000062794	-	Zfp599	372
373	Gm39307	chr9	22260102	22263289	lncRNA	ENSMUSG00000111205	+	Gm39307	373
374	Zfp810	chr9	22276748	22307648	protein_coding	ENSMUSG00000066829	-	Zfp810	374
375	Gm48627	chr9	22294222	22295572	TEC	ENSMUSG00000111292	-	Gm48627	375
376	Gm18225	chr9	22295946	22296687	unprocessed_pseudogene	ENSMUSG00000111808	-	Gm18225	376
377	Gm10182	chr9	22321105	22321377	processed_pseudogene	ENSMUSG00000094627	-	Gm10182	377
378	Gm6607	chr9	22330173	22330500	processed_pseudogene	ENSMUSG00000110759	-	Gm6607	378
379	Anln	chr9	22332012	22389188	protein_coding	ENSMUSG00000036777	-	Anln	379
380	Gm48646	chr9	22370552	22371779	lncRNA	ENSMUSG00000111069	-	Gm48646	380
381	Rp9	chr9	22411047	22469743	protein_coding	ENSMUSG00000032239	-	Rp9	381
382	9530077C05Rik	chr9	22411513	22444681	protein_coding	ENSMUSG00000036411	+	9530077C05Rik	382
383	Gm17545	chr9	22454290	22462062	protein_coding	ENSMUSG00000091159	+	Gm17545	383
384	Bbs9	chr9	22475715	22888280	protein_coding	ENSMUSG00000035919	+	Bbs9	384
385	Gm2976	chr9	22479934	22480446	processed_pseudogene	ENSMUSG00000090067	-	Gm2976	385
386	Gm16165	chr9	22669734	22670528	processed_pseudogene	ENSMUSG00000089958	-	Gm16165	386
387	Gm27639	chr9	22772751	22772835	snRNA	ENSMUSG00000098940	-	Gm27639	387
388	Bmper	chr9	23223076	23485200	protein_coding	ENSMUSG00000031963	+	Bmper	388
389	Gm3011	chr9	23776492	23777073	processed_pseudogene	ENSMUSG00000111041	+	Gm3011	389
390	Gm47638	chr9	23876783	23877160	processed_pseudogene	ENSMUSG00000110829	+	Gm47638	390
391	Gm3028	chr9	23903900	23905018	processed_pseudogene	ENSMUSG00000111572	+	Gm3028	391
392	Gm47663	chr9	23917102	23940342	lncRNA	ENSMUSG00000110848	-	Gm47663	392
393	Gm47668	chr9	24017894	24018159	processed_pseudogene	ENSMUSG00000111477	-	Gm47668	393
394	Gm47670	chr9	24091643	24091902	processed_pseudogene	ENSMUSG00000111135	-	Gm47670	394
395	Npsr1	chr9	24097996	24316398	protein_coding	ENSMUSG00000043659	+	Npsr1	395
396	Gm47674	chr9	24284873	24287841	TEC	ENSMUSG00000111002	-	Gm47674	396
397	Gm15600	chr9	24296139	24300257	lncRNA	ENSMUSG00000085969	-	Gm15600	397
398	Gm10701	chr9	24341657	24418709	lncRNA	ENSMUSG00000074465	+	Gm10701	398
399	Dpy19l1	chr9	24411776	24503140	protein_coding	ENSMUSG00000043067	-	Dpy19l1	399
400	Gm47772	chr9	24503449	24505585	lncRNA	ENSMUSG00000111365	+	Gm47772	400
401	Dpy19l2	chr9	24557047	24696293	protein_coding	ENSMUSG00000085576	-	Dpy19l2	401
402	Cypt4	chr9	24625196	24625824	protein_coding	ENSMUSG00000047995	+	Cypt4	402
403	Tbx20	chr9	24718138	24774303	protein_coding	ENSMUSG00000031965	-	Tbx20	403
404	Gm29824	chr9	24776467	24806024	lncRNA	ENSMUSG00000111275	+	Gm29824	404
405	Amd-ps6	chr9	24826343	24827345	processed_pseudogene	ENSMUSG00000111507	-	Amd-ps6	405
406	Gm23893	chr9	24964536	24964669	snoRNA	ENSMUSG00000088731	+	Gm23893	406
407	E130101E03Rik	chr9	24974208	24998420	lncRNA	ENSMUSG00000111866	+	E130101E03Rik	407
408	Gm48256	chr9	25057050	25062599	lncRNA	ENSMUSG00000111751	+	Gm48256	408
409	Gm10181	chr9	25089422	25089490	protein_coding	ENSMUSG00000066810	+	Gm10181	409
410	Gm10180	chr9	25101404	25101481	processed_pseudogene	ENSMUSG00000066809	-	Gm10180	410
411	Herpud2	chr9	25108132	25151820	protein_coding	ENSMUSG00000008429	-	Herpud2	411
412	Gm29642	chr9	25152114	25175561	lncRNA	ENSMUSG00000100002	+	Gm29642	412
413	Gm8031	chr9	25228444	25229069	processed_pseudogene	ENSMUSG00000111459	-	Gm8031	413
414	Sept7	chr9	25252439	25308571	protein_coding	ENSMUSG00000001833	+	Sept7	414
415	Gm48272	chr9	25274802	25275475	processed_pseudogene	ENSMUSG00000111004	-	Gm48272	415
416	Gm18891	chr9	25349498	25351664	processed_pseudogene	ENSMUSG00000111558	+	Gm18891	416
417	Eepd1	chr9	25481547	25604110	protein_coding	ENSMUSG00000036611	+	Eepd1	417
418	Gm25861	chr9	25539097	25539205	snoRNA	ENSMUSG00000088876	-	Gm25861	418
419	Gm48331	chr9	25757555	25757825	processed_pseudogene	ENSMUSG00000111416	+	Gm48331	419
420	Gm26190	chr9	25812855	25812975	miRNA	ENSMUSG00000095069	-	Gm26190	420
421	Gm48362	chr9	25855315	25859652	lncRNA	ENSMUSG00000110866	-	Gm48362	421
422	Gm39312	chr9	26028685	26033479	lncRNA	ENSMUSG00000111240	-	Gm39312	422
423	Gm19113	chr9	26366831	26368658	processed_pseudogene	ENSMUSG00000111238	-	Gm19113	423
424	Gm30313	chr9	26519485	26549953	lncRNA	ENSMUSG00000111066	-	Gm30313	424
425	Gm48393	chr9	26719838	26731861	lncRNA	ENSMUSG00000110901	-	Gm48393	425
426	B3gat1	chr9	26733728	26763101	protein_coding	ENSMUSG00000045994	+	B3gat1	426
427	Glb1l2	chr9	26763044	26806468	protein_coding	ENSMUSG00000036395	-	Glb1l2	427
428	Glb1l3	chr9	26817953	26860890	protein_coding	ENSMUSG00000031966	-	Glb1l3	428
429	Gm1110	chr9	26879567	26923111	protein_coding	ENSMUSG00000079644	-	Gm1110	429
430	Gm5120	chr9	26960146	26962559	processed_pseudogene	ENSMUSG00000111151	-	Gm5120	430
431	Acad8	chr9	26974135	26999566	protein_coding	ENSMUSG00000031969	-	Acad8	431
432	Thyn1	chr9	26999710	27007336	protein_coding	ENSMUSG00000035443	+	Thyn1	432
433	Vps26b	chr9	27007771	27030065	protein_coding	ENSMUSG00000031988	-	Vps26b	433
434	Gm48673	chr9	27021553	27024921	TEC	ENSMUSG00000111505	-	Gm48673	434
435	Ncapd3	chr9	27030175	27095315	protein_coding	ENSMUSG00000035024	+	Ncapd3	435
436	Jam3	chr9	27097384	27155421	protein_coding	ENSMUSG00000031990	-	Jam3	436
437	Gm48796	chr9	27098551	27102343	lncRNA	ENSMUSG00000111390	+	Gm48796	437
438	Gm48801	chr9	27199590	27203298	lncRNA	ENSMUSG00000110836	-	Gm48801	438
439	Gm48803	chr9	27291197	27293344	lncRNA	ENSMUSG00000111387	-	Gm48803	439
440	Igsf9b	chr9	27299204	27357546	protein_coding	ENSMUSG00000034275	+	Igsf9b	440
441	Gm48858	chr9	27386267	27386617	processed_pseudogene	ENSMUSG00000110920	+	Gm48858	441
442	Spata19	chr9	27396800	27401785	protein_coding	ENSMUSG00000031991	+	Spata19	442
443	Gm48901	chr9	27553480	27554957	lncRNA	ENSMUSG00000111694	+	Gm48901	443
444	Gm18585	chr9	27582837	27583392	processed_pseudogene	ENSMUSG00000110892	-	Gm18585	444
445	Gm8106	chr9	27611600	27612122	processed_pseudogene	ENSMUSG00000110745	+	Gm8106	445
446	Gm48902	chr9	27616185	27625898	lncRNA	ENSMUSG00000110851	+	Gm48902	446
447	Opcml	chr9	27790775	28925410	protein_coding	ENSMUSG00000062257	+	Opcml	447
448	Gm15606	chr9	28197887	28199521	lncRNA	ENSMUSG00000087531	+	Gm15606	448
449	Gm44316	chr9	28292748	28292844	miRNA	ENSMUSG00000106021	+	Gm44316	449
450	Gm48091	chr9	28794296	28954347	lncRNA	ENSMUSG00000110741	-	Gm48091	450
451	Ntm	chr9	28994750	29963141	protein_coding	ENSMUSG00000059974	-	Ntm	451
452	Gm15520	chr9	29059799	29070199	lncRNA	ENSMUSG00000085449	+	Gm15520	452
453	Gm15521	chr9	29590484	29592510	lncRNA	ENSMUSG00000085638	-	Gm15521	453
454	Gm19640	chr9	30063256	30063719	processed_pseudogene	ENSMUSG00000111175	-	Gm19640	454
455	Gm47677	chr9	30167575	30171881	lncRNA	ENSMUSG00000111304	+	Gm47677	455
456	Gm30933	chr9	30385980	30426976	lncRNA	ENSMUSG00000111109	-	Gm30933	456
457	Snx19	chr9	30427108	30466733	protein_coding	ENSMUSG00000031993	+	Snx19	457
458	Gm47714	chr9	30489959	30490376	processed_pseudogene	ENSMUSG00000111260	+	Gm47714	458
459	Rps2-ps12	chr9	30512940	30513724	processed_pseudogene	ENSMUSG00000111438	+	Rps2-ps12	459
460	Gm47716	chr9	30625808	30632587	lncRNA	ENSMUSG00000111413	-	Gm47716	460
461	Gm31013	chr9	30722035	30781479	lncRNA	ENSMUSG00000111867	-	Gm31013	461
462	Gm47717	chr9	30752621	30752882	processed_pseudogene	ENSMUSG00000111249	-	Gm47717	462
463	Adamts15	chr9	30899155	30922452	protein_coding	ENSMUSG00000033453	-	Adamts15	463
464	Adamts8	chr9	30942562	30963838	protein_coding	ENSMUSG00000031994	+	Adamts8	464
465	Gm29724	chr9	30954087	31031205	lncRNA	ENSMUSG00000111673	-	Gm29724	465
466	Zbtb44	chr9	31030644	31075885	protein_coding	ENSMUSG00000047412	+	Zbtb44	466
467	Gm17508	chr9	31080617	31082475	lncRNA	ENSMUSG00000097701	-	Gm17508	467
468	St14	chr9	31089402	31131853	protein_coding	ENSMUSG00000031995	-	St14	468
469	Gm16071	chr9	31094202	31094994	processed_pseudogene	ENSMUSG00000081343	+	Gm16071	469
470	Aplp2	chr9	31149557	31211815	protein_coding	ENSMUSG00000031996	-	Aplp2	470
471	Gm7244	chr9	31274821	31275275	processed_pseudogene	ENSMUSG00000091003	+	Gm7244	471
472	4930517E14Rik	chr9	31278021	31280992	lncRNA	ENSMUSG00000111246	-	4930517E14Rik	472
473	Prdm10	chr9	31280538	31381723	protein_coding	ENSMUSG00000042496	+	Prdm10	473
474	Nfrkb	chr9	31386192	31421333	protein_coding	ENSMUSG00000042185	+	Nfrkb	474
475	Tmem45b	chr9	31426196	31464462	protein_coding	ENSMUSG00000041737	-	Tmem45b	475
476	Gm8162	chr9	31434043	31434707	processed_pseudogene	ENSMUSG00000111548	-	Gm8162	476
477	5033425B01Rik	chr9	31438465	31439767	TEC	ENSMUSG00000111468	-	5033425B01Rik	477
478	4930434F21Rik	chr9	31463906	31515809	lncRNA	ENSMUSG00000111655	+	4930434F21Rik	478
479	Gm31408	chr9	31559609	31579634	lncRNA	ENSMUSG00000111853	+	Gm31408	479
480	Gm18226	chr9	31567726	31568246	processed_pseudogene	ENSMUSG00000110952	-	Gm18226	480
481	Gm18820	chr9	31643770	31644685	processed_pseudogene	ENSMUSG00000111153	+	Gm18820	481
482	Gm47436	chr9	31676808	31678026	lncRNA	ENSMUSG00000110853	-	Gm47436	482
483	Gm8171	chr9	31782984	31783703	processed_pseudogene	ENSMUSG00000110778	+	Gm8171	483
484	Barx2	chr9	31846044	31913462	protein_coding	ENSMUSG00000032033	-	Barx2	484
485	Gm31497	chr9	31905993	31911198	lncRNA	ENSMUSG00000110813	+	Gm31497	485
486	Gm3756	chr9	31935446	31936800	processed_pseudogene	ENSMUSG00000091639	-	Gm3756	486
487	Gm47465	chr9	31947018	32005460	lncRNA	ENSMUSG00000111771	-	Gm47465	487
488	Tpi-rs4	chr9	31948346	31949065	processed_pseudogene	ENSMUSG00000111166	+	Tpi-rs4	488
489	Gm47481	chr9	32044385	32044858	processed_pseudogene	ENSMUSG00000110845	-	Gm47481	489
490	Gm44453	chr9	32067171	32067296	miRNA	ENSMUSG00000106368	+	Gm44453	490
491	Gm47496	chr9	32078281	32078765	processed_pseudogene	ENSMUSG00000110840	+	Gm47496	491
492	Arhgap32	chr9	32116136	32268446	protein_coding	ENSMUSG00000041444	+	Arhgap32	492
493	Kcnj5	chr9	32314707	32344350	protein_coding	ENSMUSG00000032034	-	Kcnj5	493
494	Gm39317	chr9	32348682	32361738	lncRNA	ENSMUSG00000111056	+	Gm39317	494
495	Kcnj1	chr9	32372493	32399197	protein_coding	ENSMUSG00000041248	+	Kcnj1	495
496	Fli1	chr9	32422204	32542861	protein_coding	ENSMUSG00000016087	-	Fli1	496
497	Gm22060	chr9	32446822	32446928	snRNA	ENSMUSG00000064492	-	Gm22060	497
498	Gm38292	chr9	32477333	32480377	TEC	ENSMUSG00000103151	-	Gm38292	498
499	Gm38346	chr9	32507745	32510383	TEC	ENSMUSG00000102352	-	Gm38346	499
500	Gm27201	chr9	32508413	32516958	lncRNA	ENSMUSG00000098645	+	Gm27201	500
501	Gm37474	chr9	32525145	32526958	TEC	ENSMUSG00000102153	-	Gm37474	501
502	Gm37082	chr9	32535251	32537177	TEC	ENSMUSG00000102850	-	Gm37082	502
503	Gm47680	chr9	32613452	32629557	lncRNA	ENSMUSG00000110844	+	Gm47680	503
504	Gm27163	chr9	32629125	32629533	processed_pseudogene	ENSMUSG00000098796	+	Gm27163	504
505	Ets1	chr9	32636221	32757820	protein_coding	ENSMUSG00000032035	+	Ets1	505
506	Gm27240	chr9	32709652	32711171	lncRNA	ENSMUSG00000098843	-	Gm27240	506
507	Gm3331	chr9	32813734	32834104	lncRNA	ENSMUSG00000099148	+	Gm3331	507
508	Gm27162	chr9	32904937	32928966	lncRNA	ENSMUSG00000099025	-	Gm27162	508
509	Gm37192	chr9	32971037	32972384	TEC	ENSMUSG00000102184	+	Gm37192	509
510	Gm27166	chr9	33031791	33090799	lncRNA	ENSMUSG00000098519	+	Gm27166	510
511	Gm32171	chr9	33151292	33262516	lncRNA	ENSMUSG00000111645	+	Gm32171	511
512	Gm37758	chr9	33160062	33160690	TEC	ENSMUSG00000102712	-	Gm37758	512
513	Gm47775	chr9	33296244	33308803	lncRNA	ENSMUSG00000111467	+	Gm47775	513
514	Gm47777	chr9	33482183	33492014	lncRNA	ENSMUSG00000111878	-	Gm47777	514
515	Gm47778	chr9	33597365	33600468	lncRNA	ENSMUSG00000111276	+	Gm47778	515
516	Gm10698	chr9	33728247	33728850	processed_pseudogene	ENSMUSG00000079884	+	Gm10698	516
517	Gm47784	chr9	33861203	33864019	lncRNA	ENSMUSG00000111265	+	Gm47784	517
518	Gm47785	chr9	33901917	33921449	lncRNA	ENSMUSG00000110771	+	Gm47785	518
519	Gm27165	chr9	33931644	33931875	processed_pseudogene	ENSMUSG00000099256	+	Gm27165	519
520	Gm27164	chr9	33942310	34007173	lncRNA	ENSMUSG00000098358	+	Gm27164	520
521	7630403G23Rik	chr9	34042369	34059019	lncRNA	ENSMUSG00000098758	+	7630403G23Rik	521
522	Gm47858	chr9	34459181	34477056	lncRNA	ENSMUSG00000110925	+	Gm47858	522
523	Kirrel3	chr9	34485894	35036716	protein_coding	ENSMUSG00000032036	+	Kirrel3	523
524	Gm38217	chr9	34521755	34522664	TEC	ENSMUSG00000103552	+	Gm38217	524
525	Kirrel3os	chr9	34918233	34929509	lncRNA	ENSMUSG00000053889	-	Kirrel3os	525
526	Gm23702	chr9	34960019	34960148	rRNA	ENSMUSG00000089465	+	Gm23702	526
527	St3gal4	chr9	35046576	35119268	protein_coding	ENSMUSG00000032038	-	St3gal4	527
528	4930581F22Rik	chr9	35116728	35130922	lncRNA	ENSMUSG00000070315	+	4930581F22Rik	528
529	Dcps	chr9	35124408	35176061	protein_coding	ENSMUSG00000032040	-	Dcps	529
530	Gm24262	chr9	35144636	35144779	snoRNA	ENSMUSG00000088056	+	Gm24262	530
531	Tirap	chr9	35184551	35200291	protein_coding	ENSMUSG00000032041	-	Tirap	531
532	Gm39318	chr9	35188663	35193817	lncRNA	ENSMUSG00000110774	+	Gm39318	532
533	Srpr	chr9	35200175	35247973	protein_coding	ENSMUSG00000032042	+	Srpr	533
534	Foxred1	chr9	35204206	35211055	protein_coding	ENSMUSG00000039048	-	Foxred1	534
535	Fam118b	chr9	35216965	35267805	protein_coding	ENSMUSG00000050471	-	Fam118b	535
536	Rpusd4	chr9	35267865	35277731	protein_coding	ENSMUSG00000032044	+	Rpusd4	536
537	4933422A05Rik	chr9	35281105	35285423	lncRNA	ENSMUSG00000111746	+	4933422A05Rik	537
538	Gm5614	chr9	35281518	35281835	processed_pseudogene	ENSMUSG00000066771	-	Gm5614	538
539	Gm33838	chr9	35301722	35307599	lncRNA	ENSMUSG00000111059	-	Gm33838	539
540	2610105M22Rik	chr9	35361961	35363113	TEC	ENSMUSG00000103259	-	2610105M22Rik	540
541	Cdon	chr9	35421128	35507652	protein_coding	ENSMUSG00000038119	+	Cdon	541
542	Gm25630	chr9	35474885	35475046	snRNA	ENSMUSG00000065934	+	Gm25630	542
543	Gm24188	chr9	35503588	35503695	rRNA	ENSMUSG00000088605	-	Gm24188	543
544	Gm1113	chr9	35509222	35518269	protein_coding	ENSMUSG00000098590	-	Gm1113	544
545	Ddx25	chr9	35536647	35558528	protein_coding	ENSMUSG00000032101	-	Ddx25	545
546	Pus3	chr9	35558595	35567401	protein_coding	ENSMUSG00000032103	+	Pus3	546
547	Hyls1	chr9	35560820	35570398	protein_coding	ENSMUSG00000050555	-	Hyls1	547
548	Pate2	chr9	35570284	35690318	protein_coding	ENSMUSG00000074452	+	Pate2	548
549	Gm6762	chr9	35574112	35574400	processed_pseudogene	ENSMUSG00000086984	-	Gm6762	549
550	Gm10105	chr9	35589081	35589350	processed_pseudogene	ENSMUSG00000094676	-	Gm10105	550
551	Pate4	chr9	35607093	35611941	protein_coding	ENSMUSG00000032099	-	Pate4	551
552	Pate3	chr9	35645113	35648202	protein_coding	ENSMUSG00000094995	-	Pate3	552
553	Pate1	chr9	35685079	35687390	protein_coding	ENSMUSG00000091215	-	Pate1	553
554	Pate10	chr9	35741049	35742252	protein_coding	ENSMUSG00000091174	+	Pate10	554
555	Gm27235	chr9	35776524	35790101	protein_coding	ENSMUSG00000098847	-	Gm27235	555
556	Pate7	chr9	35776524	35778109	protein_coding	ENSMUSG00000090738	-	Pate7	556
557	Pate6	chr9	35788050	35790112	protein_coding	ENSMUSG00000032108	-	Pate6	557
558	Gm36974	chr9	35835387	35836457	TEC	ENSMUSG00000104304	+	Gm36974	558
559	Pate5	chr9	35838329	35844150	protein_coding	ENSMUSG00000047980	-	Pate5	559
560	Gm3428	chr9	35847855	35850253	lncRNA	ENSMUSG00000098705	-	Gm3428	560
561	Pate13	chr9	35908423	35910796	protein_coding	ENSMUSG00000078934	+	Pate13	561
562	Gm27187	chr9	35960687	36011558	lncRNA	ENSMUSG00000099201	-	Gm27187	562
563	Gm48348	chr9	36089920	36092359	processed_pseudogene	ENSMUSG00000111619	-	Gm48348	563
564	Gm5916	chr9	36119934	36128779	protein_coding	ENSMUSG00000091411	-	Gm5916	564
565	Gm3434	chr9	36134246	36135630	lncRNA	ENSMUSG00000098390	-	Gm3434	565
566	Gm48391	chr9	36249948	36263066	transcribed_processed_pseudogene	ENSMUSG00000111023	+	Gm48391	566
567	Gm3867	chr9	36255931	36258323	transcribed_processed_pseudogene	ENSMUSG00000066767	-	Gm3867	567
568	Gm48401	chr9	36376974	36380808	processed_pseudogene	ENSMUSG00000111327	-	Gm48401	568
569	Gm48407	chr9	36381685	36381899	unprocessed_pseudogene	ENSMUSG00000110812	+	Gm48407	569
570	Pate12	chr9	36431884	36434938	protein_coding	ENSMUSG00000023093	+	Pate12	570
571	Pate11	chr9	36475638	36477186	protein_coding	ENSMUSG00000090710	+	Pate11	571
572	Gm27160	chr9	36482296	36482494	processed_pseudogene	ENSMUSG00000098949	+	Gm27160	572
573	Pate9	chr9	36532397	36541963	protein_coding	ENSMUSG00000074448	-	Pate9	573
574	Gm48431	chr9	36567701	36567969	unprocessed_pseudogene	ENSMUSG00000110880	+	Gm48431	574
575	Pate8	chr9	36581278	36582635	protein_coding	ENSMUSG00000091248	-	Pate8	575
576	Gm49367	chr9	36635753	36692969	lncRNA	ENSMUSG00000111683	-	Gm49367	576
577	Pate14	chr9	36635754	36643376	protein_coding	ENSMUSG00000070313	-	Pate14	577
578	1700027I24Rik	chr9	36668856	36693189	lncRNA	ENSMUSG00000098304	-	1700027I24Rik	578
579	Gm48443	chr9	36672697	36676537	processed_pseudogene	ENSMUSG00000111485	+	Gm48443	579
580	Acrv1	chr9	36693220	36698843	protein_coding	ENSMUSG00000032110	+	Acrv1	580
581	Chek1	chr9	36708482	36727065	protein_coding	ENSMUSG00000032113	-	Chek1	581
582	Stt3a	chr9	36729344	36767679	protein_coding	ENSMUSG00000032116	-	Stt3a	582
583	Gm26787	chr9	36767887	36782677	lncRNA	ENSMUSG00000096993	+	Gm26787	583
584	Ei24	chr9	36779159	36797393	protein_coding	ENSMUSG00000062762	-	Ei24	584
585	Gm27219	chr9	36813133	36813874	processed_pseudogene	ENSMUSG00000098985	-	Gm27219	585
586	Fez1	chr9	36821864	36878924	protein_coding	ENSMUSG00000032118	+	Fez1	586
587	Pknox2	chr9	36890982	37147407	protein_coding	ENSMUSG00000035934	-	Pknox2	587
588	Gm3896	chr9	37015758	37020671	lncRNA	ENSMUSG00000093721	+	Gm3896	588
589	n-R5s82	chr9	37026399	37026507	rRNA	ENSMUSG00000077401	+	n-R5s82	589
590	Gm48716	chr9	37118656	37120064	lncRNA	ENSMUSG00000110722	+	Gm48716	590
591	Gm48717	chr9	37138553	37139624	TEC	ENSMUSG00000111254	-	Gm48717	591
592	Gm25273	chr9	37172880	37172994	snoRNA	ENSMUSG00000077483	-	Gm25273	592
593	Tmem218	chr9	37208223	37224700	protein_coding	ENSMUSG00000032121	+	Tmem218	593
594	Slc37a2	chr9	37227585	37255738	protein_coding	ENSMUSG00000032122	-	Slc37a2	594
595	Gm10177	chr9	37252922	37253365	transcribed_processed_pseudogene	ENSMUSG00000090136	+	Gm10177	595
596	Gm47633	chr9	37264093	37264659	lncRNA	ENSMUSG00000111439	-	Gm47633	596
597	Gm47640	chr9	37269287	37272168	TEC	ENSMUSG00000111681	+	Gm47640	597
598	Gm18329	chr9	37275260	37275848	processed_pseudogene	ENSMUSG00000111738	+	Gm18329	598
599	Ccdc15	chr9	37275835	37348432	protein_coding	ENSMUSG00000034303	-	Ccdc15	599
600	Gm47643	chr9	37296126	37299361	TEC	ENSMUSG00000111421	-	Gm47643	600
601	Gm34885	chr9	37312136	37324436	lncRNA	ENSMUSG00000111748	+	Gm34885	601
602	Gm47652	chr9	37329767	37334429	TEC	ENSMUSG00000111481	-	Gm47652	602
603	Hepacam	chr9	37367351	37386575	protein_coding	ENSMUSG00000046240	+	Hepacam	603
604	Robo4	chr9	37401897	37415115	protein_coding	ENSMUSG00000032125	+	Robo4	604
605	Robo3	chr9	37415669	37433246	protein_coding	ENSMUSG00000032128	-	Robo3	605
606	Msantd2	chr9	37489319	37524625	protein_coding	ENSMUSG00000042138	+	Msantd2	606
607	Gm47963	chr9	37497769	37499912	TEC	ENSMUSG00000110993	+	Gm47963	607
608	Esam	chr9	37528078	37538319	protein_coding	ENSMUSG00000001946	+	Esam	608
609	Vsig2	chr9	37539255	37544205	protein_coding	ENSMUSG00000001943	+	Vsig2	609
610	Nrgn	chr9	37544492	37552904	protein_coding	ENSMUSG00000053310	-	Nrgn	610
611	Siae	chr9	37555698	37649655	protein_coding	ENSMUSG00000001942	+	Siae	611
612	Spa17	chr9	37603290	37613722	protein_coding	ENSMUSG00000001948	-	Spa17	612
613	Tbrg1	chr9	37648763	37657312	protein_coding	ENSMUSG00000011114	-	Tbrg1	613
614	Panx3	chr9	37659902	37669235	protein_coding	ENSMUSG00000011118	-	Panx3	614
615	Gm8343	chr9	37685941	37686934	processed_pseudogene	ENSMUSG00000097946	+	Gm8343	615
616	Tpt1-ps5	chr9	37696515	37697030	processed_pseudogene	ENSMUSG00000059252	+	Tpt1-ps5	616
617	Olfr160	chr9	37708964	37716250	protein_coding	ENSMUSG00000061165	-	Olfr160	617
618	Olfr151	chr9	37729977	37731104	polymorphic_pseudogene	ENSMUSG00000110526	-	Olfr151	618
619	Olfr874	chr9	37745106	37748594	protein_coding	ENSMUSG00000063350	+	Olfr874	619
620	Olfr875	chr9	37771857	37774459	protein_coding	ENSMUSG00000058628	+	Olfr875	620
621	Olfr876	chr9	37803031	37808144	protein_coding	ENSMUSG00000066750	+	Olfr876	621
622	Gm24764	chr9	37822586	37822784	snRNA	ENSMUSG00000065620	-	Gm24764	622
623	Gm47005	chr9	37823137	37823371	unprocessed_pseudogene	ENSMUSG00000111310	+	Gm47005	623
624	Olfr877	chr9	37854269	37857320	protein_coding	ENSMUSG00000066749	+	Olfr877	624
625	Olfr145	chr9	37896724	37903519	protein_coding	ENSMUSG00000066748	+	Olfr145	625
626	Olfr878	chr9	37917840	37922474	protein_coding	ENSMUSG00000066747	+	Olfr878	626
627	Olfr879-ps1	chr9	37941415	37942108	unprocessed_pseudogene	ENSMUSG00000110675	+	Olfr879-ps1	627
628	Olfr880-ps1	chr9	37968355	37968583	unprocessed_pseudogene	ENSMUSG00000110535	+	Olfr880-ps1	628
629	Olfr881	chr9	37991825	37996408	protein_coding	ENSMUSG00000060583	+	Olfr881	629
630	Gm45701	chr9	38000923	38001157	unprocessed_pseudogene	ENSMUSG00000110705	+	Gm45701	630
631	Olfr882-ps1	chr9	38003071	38004895	unprocessed_pseudogene	ENSMUSG00000110513	+	Olfr882-ps1	631
632	Olfr883	chr9	38025808	38026737	protein_coding	ENSMUSG00000094461	+	Olfr883	632
633	Olfr884	chr9	38046555	38050137	protein_coding	ENSMUSG00000095893	+	Olfr884	633
634	Olfr885	chr9	38061322	38062251	protein_coding	ENSMUSG00000096424	+	Olfr885	634
635	Olfr886-ps1	chr9	38069587	38070748	unprocessed_pseudogene	ENSMUSG00000110602	+	Olfr886-ps1	635
636	Olfr887	chr9	38084072	38090737	protein_coding	ENSMUSG00000096167	+	Olfr887	636
637	Olfr888	chr9	38108128	38111381	protein_coding	ENSMUSG00000095527	+	Olfr888	637
638	Olfr889	chr9	38115198	38121245	protein_coding	ENSMUSG00000096356	+	Olfr889	638
639	Olfr890	chr9	38142517	38148375	protein_coding	ENSMUSG00000096409	+	Olfr890	639
640	Olfr891	chr9	38179871	38180821	protein_coding	ENSMUSG00000045528	-	Olfr891	640
641	Gm17798	chr9	38184793	38185827	processed_pseudogene	ENSMUSG00000098147	+	Gm17798	641
642	Olfr892-ps1	chr9	38189727	38190658	polymorphic_pseudogene	ENSMUSG00000110431	+	Olfr892-ps1	642
643	Olfr893	chr9	38208365	38211598	protein_coding	ENSMUSG00000093901	+	Olfr893	643
644	Olfr894	chr9	38218055	38221706	protein_coding	ENSMUSG00000070311	+	Olfr894	644
645	Olfr143	chr9	38252774	38256549	protein_coding	ENSMUSG00000094778	+	Olfr143	645
646	Olfr895	chr9	38267851	38269735	protein_coding	ENSMUSG00000096427	+	Olfr895	646
647	Olfr896-ps1	chr9	38291107	38294465	protein_coding	ENSMUSG00000111814	+	Olfr896-ps1	647
648	Olfr897-ps1	chr9	38308797	38309731	polymorphic_pseudogene	ENSMUSG00000110881	+	Olfr897-ps1	648
649	Olfr25	chr9	38329060	38335889	protein_coding	ENSMUSG00000058270	+	Olfr25	649
650	Olfr898	chr9	38348411	38352919	protein_coding	ENSMUSG00000094588	+	Olfr898	650
651	Olfr250	chr9	38366896	38371355	protein_coding	ENSMUSG00000049864	+	Olfr250	651
652	Olfr251	chr9	38377086	38382474	protein_coding	ENSMUSG00000096757	+	Olfr251	652
653	Olfr147	chr9	38401698	38407997	protein_coding	ENSMUSG00000049098	+	Olfr147	653
654	Olfr901	chr9	38429455	38432682	protein_coding	ENSMUSG00000052058	+	Olfr901	654
655	Olfr902	chr9	38447652	38450576	protein_coding	ENSMUSG00000049334	+	Olfr902	655
656	Olfr1543-ps1	chr9	38456452	38457523	unprocessed_pseudogene	ENSMUSG00000111032	+	Olfr1543-ps1	656
657	Olfr904	chr9	38463144	38468995	protein_coding	ENSMUSG00000094380	+	Olfr904	657
658	Olfr905	chr9	38471107	38477013	protein_coding	ENSMUSG00000096794	+	Olfr905	658
659	Olfr906	chr9	38487085	38491560	protein_coding	ENSMUSG00000039962	+	Olfr906	659
660	Olfr907	chr9	38495801	38499882	protein_coding	ENSMUSG00000094810	+	Olfr907	660
661	Gm23271	chr9	38511173	38511296	snoRNA	ENSMUSG00000077240	+	Gm23271	661
662	Olfr908	chr9	38516034	38516965	polymorphic_pseudogene	ENSMUSG00000110991	+	Olfr908	662
663	Olfr911-ps1	chr9	38521580	38527133	protein_coding	ENSMUSG00000062621	+	Olfr911-ps1	663
664	Olfr910	chr9	38537849	38540820	protein_coding	ENSMUSG00000060114	+	Olfr910	664
665	Olfr912	chr9	38580178	38586876	protein_coding	ENSMUSG00000111448	+	Olfr912	665
666	Olfr913	chr9	38592759	38596283	protein_coding	ENSMUSG00000059189	+	Olfr913	666
667	Olfr914	chr9	38605102	38610978	protein_coding	ENSMUSG00000047050	+	Olfr914	667
668	Olfr915	chr9	38646590	38647522	polymorphic_pseudogene	ENSMUSG00000057444	-	Olfr915	668
669	Gm49385	chr9	38647486	38658393	polymorphic_pseudogene	ENSMUSG00000111700	-	Gm49385	669
670	Olfr916	chr9	38655052	38659875	protein_coding	ENSMUSG00000094701	-	Olfr916	670
671	Olfr917	chr9	38664913	38665842	protein_coding	ENSMUSG00000063225	-	Olfr917	671
672	Olfr918	chr9	38669861	38674601	protein_coding	ENSMUSG00000046150	-	Olfr918	672
673	Gm5010	chr9	38678614	38679748	unprocessed_pseudogene	ENSMUSG00000111127	-	Gm5010	673
674	Olfr919	chr9	38696804	38703673	protein_coding	ENSMUSG00000056961	-	Olfr919	674
675	Vwa5a	chr9	38718268	38743337	protein_coding	ENSMUSG00000023186	+	Vwa5a	675
676	Olfr920	chr9	38752299	38760117	protein_coding	ENSMUSG00000061039	+	Olfr920	676
677	Gm47347	chr9	38762909	38765644	unprocessed_pseudogene	ENSMUSG00000111582	+	Gm47347	677
678	Olfr921	chr9	38773068	38779021	protein_coding	ENSMUSG00000049926	+	Olfr921	678
679	Gm19709	chr9	38786290	38786771	processed_pseudogene	ENSMUSG00000111188	-	Gm19709	679
680	Olfr922	chr9	38814614	38819195	protein_coding	ENSMUSG00000043911	+	Olfr922	680
681	Olfr923	chr9	38826545	38830300	protein_coding	ENSMUSG00000044798	+	Olfr923	681
682	Olfr924	chr9	38844449	38851495	protein_coding	ENSMUSG00000062103	+	Olfr924	682
683	Olfr26	chr9	38855060	38855990	protein_coding	ENSMUSG00000047667	+	Olfr26	683
684	Olfr925-ps1	chr9	38868866	38869645	unprocessed_pseudogene	ENSMUSG00000111453	+	Olfr925-ps1	684
685	Olfr926	chr9	38877126	38878176	protein_coding	ENSMUSG00000064333	+	Olfr926	685
686	Olfr927-ps1	chr9	38892240	38893021	unprocessed_pseudogene	ENSMUSG00000111420	-	Olfr927-ps1	686
687	Olfr928-ps1	chr9	38895580	38895816	unprocessed_pseudogene	ENSMUSG00000111799	+	Olfr928-ps1	687
688	Olfr929-ps1	chr9	38907173	38907847	unprocessed_pseudogene	ENSMUSG00000111708	-	Olfr929-ps1	688
689	Olfr930	chr9	38929809	38931396	protein_coding	ENSMUSG00000063221	+	Olfr930	689
690	Gm20953	chr9	38937489	38940102	processed_pseudogene	ENSMUSG00000110964	-	Gm20953	690
691	CT025680.1	chr9	38945914	38949211	unprocessed_pseudogene	ENSMUSG00000110849	+	CT025680.1	691
692	Olfr933	chr9	38972313	38979861	protein_coding	ENSMUSG00000058515	+	Olfr933	692
693	Olfr934	chr9	38981026	38988315	protein_coding	ENSMUSG00000057424	-	Olfr934	693
694	Olfr935	chr9	38993971	38999683	protein_coding	ENSMUSG00000059595	-	Olfr935	694
695	Olfr146	chr9	39018073	39023377	protein_coding	ENSMUSG00000058820	-	Olfr146	695
696	Olfr936	chr9	39046614	39047550	polymorphic_pseudogene	ENSMUSG00000095194	-	Olfr936	696
697	Olfr937	chr9	39058851	39064951	protein_coding	ENSMUSG00000094182	-	Olfr937	697
698	Gm8543	chr9	39074102	39075735	processed_pseudogene	ENSMUSG00000111684	+	Gm8543	698
699	Gm25032	chr9	39075411	39075494	miRNA	ENSMUSG00000093152	+	Gm25032	699
700	Olfr938	chr9	39077698	39078887	protein_coding	ENSMUSG00000048501	-	Olfr938	700
701	AC073947.1	chr9	39084499	39095161	unprocessed_pseudogene	ENSMUSG00000111781	-	AC073947.1	701
702	Gm47085	chr9	39096967	39097615	processed_pseudogene	ENSMUSG00000110897	+	Gm47085	702
703	Olfr941-ps1	chr9	39104049	39104983	unprocessed_pseudogene	ENSMUSG00000111018	-	Olfr941-ps1	703
704	Olfr27	chr9	39128131	39145072	protein_coding	ENSMUSG00000049708	+	Olfr27	704
705	Olfr942-ps1	chr9	39158924	39159923	unprocessed_pseudogene	ENSMUSG00000110736	+	Olfr942-ps1	705
706	Olfr943	chr9	39166304	39192350	protein_coding	ENSMUSG00000094970	+	Olfr943	706
707	Olfr944	chr9	39201920	39218421	protein_coding	ENSMUSG00000096555	+	Olfr944	707
708	Olfr1537	chr9	39234412	39249994	protein_coding	ENSMUSG00000096109	-	Olfr1537	708
709	Olfr945	chr9	39256869	39276818	protein_coding	ENSMUSG00000063380	-	Olfr945	709
710	Olfr946-ps1	chr9	39284296	39284636	unprocessed_pseudogene	ENSMUSG00000111762	-	Olfr946-ps1	710
711	Olfr947-ps1	chr9	39287813	39299548	polymorphic_pseudogene	ENSMUSG00000111190	-	Olfr947-ps1	711
712	Olfr948	chr9	39315712	39326045	protein_coding	ENSMUSG00000057349	-	Olfr948	712
713	Gm21041	chr9	39326728	39327887	processed_pseudogene	ENSMUSG00000111622	+	Gm21041	713
714	Olfr949-ps1	chr9	39364561	39365509	polymorphic_pseudogene	ENSMUSG00000110780	+	Olfr949-ps1	714
715	Olfr951	chr9	39387410	39395633	protein_coding	ENSMUSG00000094269	+	Olfr951	715
716	Olfr953-ps1	chr9	39452295	39453293	unprocessed_pseudogene	ENSMUSG00000110985	+	Olfr953-ps1	716
717	Olfr954	chr9	39456701	39464625	protein_coding	ENSMUSG00000094745	+	Olfr954	717
718	Olfr955	chr9	39465801	39471944	protein_coding	ENSMUSG00000063176	-	Olfr955	718
719	Olfr956-ps1	chr9	39473772	39474638	unprocessed_pseudogene	ENSMUSG00000111687	-	Olfr956-ps1	719
720	Olfr44	chr9	39481786	39493995	protein_coding	ENSMUSG00000062649	-	Olfr44	720
721	Olfr957	chr9	39510234	39515809	protein_coding	ENSMUSG00000095322	-	Olfr957	721
722	Gm24278	chr9	39537826	39537952	snoRNA	ENSMUSG00000077427	-	Gm24278	722
723	Olfr958	chr9	39547958	39554054	protein_coding	ENSMUSG00000050853	-	Olfr958	723
724	Olfr959	chr9	39569383	39575569	protein_coding	ENSMUSG00000059366	-	Olfr959	724
725	AW551984	chr9	39587396	39604403	protein_coding	ENSMUSG00000038112	-	AW551984	725
726	Olfr148	chr9	39610655	39615927	protein_coding	ENSMUSG00000048299	+	Olfr148	726
727	Olfr960	chr9	39621373	39624205	protein_coding	ENSMUSG00000059867	+	Olfr960	727
728	Olfr961	chr9	39645085	39649556	protein_coding	ENSMUSG00000059106	+	Olfr961	728
729	Olfr963	chr9	39667205	39670783	protein_coding	ENSMUSG00000064110	+	Olfr963	729
730	Olfr964-ps1	chr9	39686029	39686942	polymorphic_pseudogene	ENSMUSG00000111660	-	Olfr964-ps1	730
731	Olfr149	chr9	39700518	39707117	protein_coding	ENSMUSG00000062121	-	Olfr149	731
732	Olfr965	chr9	39711353	39720614	protein_coding	ENSMUSG00000095839	+	Olfr965	732
733	Olfr150	chr9	39730978	39738456	protein_coding	ENSMUSG00000094353	+	Olfr150	733
734	Olfr967	chr9	39746249	39751493	protein_coding	ENSMUSG00000055820	+	Olfr967	734
735	Olfr968	chr9	39768776	39783253	protein_coding	ENSMUSG00000095903	-	Olfr968	735
736	Olfr969	chr9	39790945	39796635	protein_coding	ENSMUSG00000094254	+	Olfr969	736
737	Olfr970	chr9	39808860	39820997	protein_coding	ENSMUSG00000095774	+	Olfr970	737
738	Olfr971	chr9	39836876	39841281	protein_coding	ENSMUSG00000093934	+	Olfr971	738
739	Olfr972	chr9	39866422	39874651	protein_coding	ENSMUSG00000094449	+	Olfr972	739
740	Olfr229	chr9	39907336	39912732	protein_coding	ENSMUSG00000095390	+	Olfr229	740
741	Olfr974	chr9	39937501	39945170	protein_coding	ENSMUSG00000051493	+	Olfr974	741
742	Olfr975	chr9	39948131	39952046	protein_coding	ENSMUSG00000043331	-	Olfr975	742
743	Olfr976	chr9	39954139	39961133	protein_coding	ENSMUSG00000047352	-	Olfr976	743
744	Olfr977-ps1	chr9	39973879	39974821	polymorphic_pseudogene	ENSMUSG00000111073	-	Olfr977-ps1	744
745	Olfr978	chr9	39992113	39995095	protein_coding	ENSMUSG00000044292	+	Olfr978	745
746	Olfr979	chr9	39998003	40003465	protein_coding	ENSMUSG00000059473	-	Olfr979	746
747	Olfr980	chr9	40004348	40009582	protein_coding	ENSMUSG00000060254	-	Olfr980	747
748	Olfr981	chr9	40021464	40030377	protein_coding	ENSMUSG00000046678	+	Olfr981	748
749	Gm18892	chr9	40039891	40040771	processed_pseudogene	ENSMUSG00000111553	+	Gm18892	749
750	1700001J11Rik	chr9	40050365	40053028	transcribed_processed_pseudogene	ENSMUSG00000101963	+	1700001J11Rik	750
751	Olfr982	chr9	40073829	40079404	protein_coding	ENSMUSG00000049010	+	Olfr982	751
752	Olfr983	chr9	40086908	40093595	protein_coding	ENSMUSG00000044205	-	Olfr983	752
753	Olfr984	chr9	40096515	40114206	protein_coding	ENSMUSG00000045812	-	Olfr984	753
754	Olfr985	chr9	40126308	40130184	protein_coding	ENSMUSG00000049073	-	Olfr985	754
755	Tmem225	chr9	40148122	40150874	protein_coding	ENSMUSG00000040541	+	Tmem225	755
756	Olfr986	chr9	40180920	40190134	protein_coding	ENSMUSG00000051095	+	Olfr986	756
757	Zfp202	chr9	40192316	40213604	protein_coding	ENSMUSG00000025602	+	Zfp202	757
758	Scn3b	chr9	40269217	40291618	protein_coding	ENSMUSG00000049281	+	Scn3b	758
759	Gm47266	chr9	40275903	40276532	TEC	ENSMUSG00000111509	-	Gm47266	759
760	Gramd1b	chr9	40293233	40531383	protein_coding	ENSMUSG00000040111	-	Gramd1b	760
761	1700110K17Rik	chr9	40323426	40343564	lncRNA	ENSMUSG00000087047	+	1700110K17Rik	761
762	Gm48129	chr9	40341618	40342103	lncRNA	ENSMUSG00000111323	-	Gm48129	762
763	Gm48127	chr9	40342308	40342938	lncRNA	ENSMUSG00000111271	-	Gm48127	763
764	Gm48114	chr9	40363217	40366902	TEC	ENSMUSG00000110928	-	Gm48114	764
765	Gm5055	chr9	40487720	40488300	processed_pseudogene	ENSMUSG00000111515	+	Gm5055	765
766	Gm17540	chr9	40531155	40533620	lncRNA	ENSMUSG00000097205	+	Gm17540	766
767	Gm35177	chr9	40547360	40561393	lncRNA	ENSMUSG00000110922	+	Gm35177	767
768	Gm48277	chr9	40555086	40560929	lncRNA	ENSMUSG00000111858	-	Gm48277	768
769	Gm48284	chr9	40606416	40616386	lncRNA	ENSMUSG00000111504	-	Gm48284	769
770	Gm35371	chr9	40667960	40669107	lncRNA	ENSMUSG00000110992	-	Gm35371	770
771	Gm21915	chr9	40670613	40671014	protein_coding	ENSMUSG00000094204	+	Gm21915	771
772	Gm48288	chr9	40679645	40680407	processed_pseudogene	ENSMUSG00000111801	-	Gm48288	772
773	Clmp	chr9	40685962	40785319	protein_coding	ENSMUSG00000032024	+	Clmp	773
774	Gm48294	chr9	40715158	40720034	lncRNA	ENSMUSG00000111794	+	Gm48294	774
775	Gm16095	chr9	40718906	40719986	lncRNA	ENSMUSG00000086014	-	Gm16095	775
776	Gm48293	chr9	40747281	40762673	lncRNA	ENSMUSG00000111189	-	Gm48293	776
777	Gm16096	chr9	40780742	40784181	lncRNA	ENSMUSG00000087135	-	Gm16096	777
778	Hspa8	chr9	40800984	40810087	protein_coding	ENSMUSG00000015656	+	Hspa8	778
779	Snord14c	chr9	40803583	40803668	snoRNA	ENSMUSG00000096263	+	Snord14c	779
780	Snord14d	chr9	40803995	40804080	snoRNA	ENSMUSG00000095118	+	Snord14d	780
781	Snord14e	chr9	40804748	40804837	snoRNA	ENSMUSG00000064791	+	Snord14e	781
782	Gm48565	chr9	40820969	40822673	TEC	ENSMUSG00000110982	+	Gm48565	782
783	Bsx	chr9	40874127	40880057	protein_coding	ENSMUSG00000054360	+	Bsx	783
784	Jhy	chr9	40894849	40964118	protein_coding	ENSMUSG00000032023	-	Jhy	784
785	Gm18586	chr9	40929909	40930426	processed_pseudogene	ENSMUSG00000111346	-	Gm18586	785
786	Crtam	chr9	40969691	41004628	protein_coding	ENSMUSG00000032021	-	Crtam	786
787	Ubash3b	chr9	41011098	41161697	protein_coding	ENSMUSG00000032020	-	Ubash3b	787
788	Gm48611	chr9	41109527	41112081	TEC	ENSMUSG00000110914	-	Gm48611	788
789	Gm35657	chr9	41159424	41188862	lncRNA	ENSMUSG00000110747	+	Gm35657	789
790	Gm6885	chr9	41164374	41164745	processed_pseudogene	ENSMUSG00000111337	+	Gm6885	790
791	1700063D05Rik	chr9	41192446	41217990	lncRNA	ENSMUSG00000100837	+	1700063D05Rik	791
792	Gm48710	chr9	41228882	41232191	TEC	ENSMUSG00000111308	+	Gm48710	792
793	Mir100hg	chr9	41327077	41716994	lncRNA	ENSMUSG00000074415	+	Mir100hg	793
794	Gm48742	chr9	41405374	41532087	lncRNA	ENSMUSG00000111593	-	Gm48742	794
795	Gm48739	chr9	41419051	41419482	processed_pseudogene	ENSMUSG00000110885	+	Gm48739	795
796	Gm49317	chr9	41474855	41655483	lncRNA	ENSMUSG00000111462	+	Gm49317	796
797	Gm48736	chr9	41513525	41513780	processed_pseudogene	ENSMUSG00000110801	-	Gm48736	797
798	Mir100	chr9	41531425	41531504	miRNA	ENSMUSG00000093011	+	Mir100	798
799	Mirlet7a-2	chr9	41536716	41536811	miRNA	ENSMUSG00000092770	+	Mirlet7a-2	799
800	Gm48740	chr9	41551506	41559259	lncRNA	ENSMUSG00000111854	-	Gm48740	800
801	Gm28119	chr9	41581908	41582283	lncRNA	ENSMUSG00000100158	+	Gm28119	801
802	Mir125b-1	chr9	41581926	41582002	miRNA	ENSMUSG00000093354	+	Mir125b-1	802
803	Gm48737	chr9	41618992	41621303	TEC	ENSMUSG00000111107	+	Gm48737	803
804	Gm8707	chr9	41651893	41655282	transcribed_processed_pseudogene	ENSMUSG00000098093	+	Gm8707	804
805	Gm48784	chr9	41659164	41675054	lncRNA	ENSMUSG00000110727	-	Gm48784	805
806	Gm35835	chr9	41680147	41737398	lncRNA	ENSMUSG00000110862	-	Gm35835	806
807	AC160966.1	chr9	41803165	41876268	lncRNA	ENSMUSG00000111511	-	AC160966.1	807
808	Gm35940	chr9	41805412	41838418	lncRNA	ENSMUSG00000110981	+	Gm35940	808
809	Gm48814	chr9	41876319	41879401	lncRNA	ENSMUSG00000111156	+	Gm48814	809
810	Gm40513	chr9	41886512	41890604	lncRNA	ENSMUSG00000111726	-	Gm40513	810
811	Sorl1	chr9	41964720	42124297	protein_coding	ENSMUSG00000049313	-	Sorl1	811
812	Gm16214	chr9	42022615	42034113	lncRNA	ENSMUSG00000086360	+	Gm16214	812
813	Gm39321	chr9	42141993	42146506	lncRNA	ENSMUSG00000111167	+	Gm39321	813
814	4930546K05Rik	chr9	42176592	42209231	lncRNA	ENSMUSG00000111767	-	4930546K05Rik	814
815	Sc5d	chr9	42251595	42264256	protein_coding	ENSMUSG00000032018	-	Sc5d	815
816	Gm36435	chr9	42274764	42279878	lncRNA	ENSMUSG00000111074	-	Gm36435	816
817	Gm26272	chr9	42317550	42317681	snoRNA	ENSMUSG00000096114	-	Gm26272	817
818	Tecta	chr9	42329619	42399929	protein_coding	ENSMUSG00000037705	-	Tecta	818
819	Gm47629	chr9	42385862	42390886	lncRNA	ENSMUSG00000110937	+	Gm47629	819
820	Tbcel	chr9	42412316	42507809	protein_coding	ENSMUSG00000037287	-	Tbcel	820
821	Gm44311	chr9	42442852	42442920	miRNA	ENSMUSG00000104589	+	Gm44311	821
822	Gm16322	chr9	42474555	42505662	lncRNA	ENSMUSG00000087456	+	Gm16322	822
823	Grik4	chr9	42518135	42944493	protein_coding	ENSMUSG00000032017	-	Grik4	823
824	Gm24420	chr9	42520773	42520831	misc_RNA	ENSMUSG00000093745	-	Gm24420	824
825	Gm27509	chr9	42862051	42862129	miRNA	ENSMUSG00000076355	-	Gm27509	825
826	Gm47931	chr9	42946801	42947443	lncRNA	ENSMUSG00000110749	+	Gm47931	826
827	Arhgef12	chr9	42963842	43107239	protein_coding	ENSMUSG00000059495	-	Arhgef12	827
828	Gm5831	chr9	42964872	42966080	processed_pseudogene	ENSMUSG00000111133	+	Gm5831	828
829	Tmem136	chr9	43108650	43116570	protein_coding	ENSMUSG00000048503	-	Tmem136	829
830	Pou2f3	chr9	43123939	43210369	protein_coding	ENSMUSG00000032015	-	Pou2f3	830
831	Rpl26-ps6	chr9	43217122	43217555	processed_pseudogene	ENSMUSG00000111864	+	Rpl26-ps6	831
832	Oaf	chr9	43221235	43239911	protein_coding	ENSMUSG00000032014	-	Oaf	832
833	D630033O11Rik	chr9	43243599	43280076	lncRNA	ENSMUSG00000095385	+	D630033O11Rik	833
834	Trim29	chr9	43310848	43336115	protein_coding	ENSMUSG00000032013	+	Trim29	834
835	Gm36799	chr9	43356273	43379050	lncRNA	ENSMUSG00000110823	+	Gm36799	835
836	Gm47475	chr9	43438965	43444438	lncRNA	ENSMUSG00000111829	-	Gm47475	836
837	Gm28215	chr9	43469422	43470317	lncRNA	ENSMUSG00000100836	+	Gm28215	837
838	Gm36855	chr9	43506551	43521004	lncRNA	ENSMUSG00000111110	-	Gm36855	838
839	Gm29909	chr9	43608184	43620810	lncRNA	ENSMUSG00000110988	+	Gm29909	839
840	Gm29961	chr9	43642082	43645157	lncRNA	ENSMUSG00000111400	-	Gm29961	840
841	Gm5364	chr9	43683053	43683941	processed_pseudogene	ENSMUSG00000110808	+	Gm5364	841
842	Gm30015	chr9	43716841	43746100	lncRNA	ENSMUSG00000111334	-	Gm30015	842
843	Gm47542	chr9	43734114	43736436	TEC	ENSMUSG00000111129	-	Gm47542	843
844	Nectin1	chr9	43743984	43807461	protein_coding	ENSMUSG00000032012	+	Nectin1	844
845	Gm3898	chr9	43820947	43832658	lncRNA	ENSMUSG00000096322	+	Gm3898	845
846	Gm23326	chr9	43905898	43906002	snRNA	ENSMUSG00000088044	-	Gm23326	846
847	Gm30373	chr9	43924751	43970253	lncRNA	ENSMUSG00000111758	-	Gm30373	847
848	Gm10688	chr9	43978958	43979477	lncRNA	ENSMUSG00000111637	-	Gm10688	848
849	E230034D01Rik	chr9	43993984	44000673	lncRNA	ENSMUSG00000111283	+	E230034D01Rik	849
850	Gm47345	chr9	43996471	43998593	TEC	ENSMUSG00000110815	-	Gm47345	850
851	Gm39323	chr9	44011735	44041059	lncRNA	ENSMUSG00000111229	-	Gm39323	851
852	Thy1	chr9	44043384	44048579	protein_coding	ENSMUSG00000032011	+	Thy1	852
853	Gm49380	chr9	44066327	44113500	protein_coding	ENSMUSG00000111409	-	Gm49380	853
854	Gm39325	chr9	44066766	44071468	lncRNA	ENSMUSG00000111415	-	Gm39325	854
855	Usp2	chr9	44067021	44095627	protein_coding	ENSMUSG00000032010	+	Usp2	855
856	Rnf26	chr9	44095631	44113517	protein_coding	ENSMUSG00000053128	-	Rnf26	856
857	Mfrp	chr9	44101729	44109187	protein_coding	ENSMUSG00000034739	+	Mfrp	857
858	C1qtnf5	chr9	44107245	44109187	protein_coding	ENSMUSG00000079592	+	C1qtnf5	858
859	Gm20444	chr9	44107301	44108879	lncRNA	ENSMUSG00000092258	-	Gm20444	859
860	Gm47327	chr9	44110909	44111170	TEC	ENSMUSG00000111632	+	Gm47327	860
861	Gm26737	chr9	44112923	44121960	lncRNA	ENSMUSG00000097467	+	Gm26737	861
862	Gm10687	chr9	44122186	44134485	lncRNA	ENSMUSG00000097617	-	Gm10687	862
863	Mcam	chr9	44134469	44142727	protein_coding	ENSMUSG00000032135	+	Mcam	863
864	Cbl	chr9	44142976	44234049	protein_coding	ENSMUSG00000034342	-	Cbl	864
865	5830462O15Rik	chr9	44179047	44180701	TEC	ENSMUSG00000110972	-	5830462O15Rik	865
866	Gm47255	chr9	44180675	44181161	processed_pseudogene	ENSMUSG00000110966	+	Gm47255	866
867	Ccdc153	chr9	44240676	44247306	protein_coding	ENSMUSG00000070306	+	Ccdc153	867
868	Pdzd3	chr9	44247307	44251471	protein_coding	ENSMUSG00000032105	-	Pdzd3	868
869	Nlrx1	chr9	44252717	44268599	protein_coding	ENSMUSG00000032109	-	Nlrx1	869
870	Gm10686	chr9	44255047	44258293	TEC	ENSMUSG00000111685	+	Gm10686	870
871	Abcg4	chr9	44273188	44288615	protein_coding	ENSMUSG00000032131	-	Abcg4	871
872	Gm48604	chr9	44290044	44292463	lncRNA	ENSMUSG00000111291	-	Gm48604	872
873	Hinfp	chr9	44292440	44305671	protein_coding	ENSMUSG00000032119	-	Hinfp	873
874	C2cd2l	chr9	44309237	44320285	protein_coding	ENSMUSG00000032120	-	C2cd2l	874
875	Dpagt1	chr9	44326019	44333900	protein_coding	ENSMUSG00000032123	+	Dpagt1	875
876	Gm48853	chr9	44332684	44334386	lncRNA	ENSMUSG00000110740	-	Gm48853	876
877	H2afx	chr9	44334694	44336077	protein_coding	ENSMUSG00000049932	+	H2afx	877
878	Gm44335	chr9	44334965	44335105	miRNA	ENSMUSG00000105072	-	Gm44335	878
879	Hmbs	chr9	44336339	44344228	protein_coding	ENSMUSG00000032126	-	Hmbs	879
880	Vps11	chr9	44347749	44361670	protein_coding	ENSMUSG00000032127	-	Vps11	880
881	Gm22141	chr9	44363452	44363728	misc_RNA	ENSMUSG00000088028	+	Gm22141	881
882	Gm10080	chr9	44374744	44375181	processed_pseudogene	ENSMUSG00000060467	-	Gm10080	882
883	9430081H08Rik	chr9	44378633	44379450	TEC	ENSMUSG00000111088	-	9430081H08Rik	883
884	Hyou1	chr9	44379490	44392369	protein_coding	ENSMUSG00000032115	+	Hyou1	884
885	Gm26306	chr9	44395797	44395915	snoRNA	ENSMUSG00000088398	-	Gm26306	885
886	Slc37a4	chr9	44396852	44402968	protein_coding	ENSMUSG00000032114	+	Slc37a4	886
887	Mir7085	chr9	44400423	44400488	miRNA	ENSMUSG00000099309	+	Mir7085	887
888	Trappc4	chr9	44403698	44407600	protein_coding	ENSMUSG00000032112	-	Trappc4	888
889	Rps25	chr9	44407139	44410427	protein_coding	ENSMUSG00000009927	+	Rps25	889
890	Ccdc84	chr9	44410159	44418569	protein_coding	ENSMUSG00000043923	-	Ccdc84	890
891	Gm47186	chr9	44419938	44423391	lncRNA	ENSMUSG00000111849	-	Gm47186	891
892	Foxr1	chr9	44433773	44441136	protein_coding	ENSMUSG00000074397	-	Foxr1	892
893	Upk2	chr9	44452715	44454976	protein_coding	ENSMUSG00000041523	-	Upk2	893
894	Gm9830	chr9	44464243	44464599	processed_pseudogene	ENSMUSG00000094437	+	Gm9830	894
895	C030014I23Rik	chr9	44468344	44482180	lncRNA	ENSMUSG00000060380	+	C030014I23Rik	895
896	Gm22540	chr9	44476416	44476532	snRNA	ENSMUSG00000088793	-	Gm22540	896
897	Gm47204	chr9	44477928	44479759	lncRNA	ENSMUSG00000110980	-	Gm47204	897
898	Gm47205	chr9	44481514	44483803	TEC	ENSMUSG00000111312	-	Gm47205	898
899	Bcl9l	chr9	44482825	44511896	protein_coding	ENSMUSG00000063382	+	Bcl9l	899
900	Cxcr5	chr9	44511787	44561877	protein_coding	ENSMUSG00000047880	-	Cxcr5	900
901	Gm47230	chr9	44579608	44584652	lncRNA	ENSMUSG00000111378	+	Gm47230	901
902	Gm47231	chr9	44596563	44598018	lncRNA	ENSMUSG00000110721	-	Gm47231	902
903	Gm47232	chr9	44598855	44599720	lncRNA	ENSMUSG00000111656	-	Gm47232	903
904	Ddx6	chr9	44604892	44640731	protein_coding	ENSMUSG00000032097	+	Ddx6	904
905	Gm30671	chr9	44610405	44610722	processed_pseudogene	ENSMUSG00000111301	-	Gm30671	905
906	E030022I16Rik	chr9	44618253	44621018	TEC	ENSMUSG00000111264	+	E030022I16Rik	906
907	Gm47234	chr9	44634195	44635103	TEC	ENSMUSG00000111030	+	Gm47234	907
908	Gm47238	chr9	44650921	44652152	unprocessed_pseudogene	ENSMUSG00000111060	+	Gm47238	908
909	Gm3953	chr9	44663928	44664716	processed_pseudogene	ENSMUSG00000111326	-	Gm3953	909
910	BC049987	chr9	44670453	44672238	lncRNA	ENSMUSG00000110755	-	BC049987	910
911	Treh	chr9	44673233	44686305	protein_coding	ENSMUSG00000032098	+	Treh	911
912	Phldb1	chr9	44686304	44735198	protein_coding	ENSMUSG00000048537	-	Phldb1	912
913	Gm47239	chr9	44713010	44713713	TEC	ENSMUSG00000111280	+	Gm47239	913
914	Gm24166	chr9	44736813	44736947	snoRNA	ENSMUSG00000064658	-	Gm24166	914
915	Arcn1	chr9	44741564	44767845	protein_coding	ENSMUSG00000032096	-	Arcn1	915
916	Gm48562	chr9	44753104	44753851	TEC	ENSMUSG00000111345	-	Gm48562	916
917	Ift46	chr9	44767908	44793447	protein_coding	ENSMUSG00000002031	+	Ift46	917
918	Tmem25	chr9	44793769	44799307	protein_coding	ENSMUSG00000002032	-	Tmem25	918
919	Gm48702	chr9	44799258	44802838	lncRNA	ENSMUSG00000110750	+	Gm48702	919
920	Ttc36	chr9	44799397	44803072	protein_coding	ENSMUSG00000039438	-	Ttc36	920
921	Kmt2a	chr9	44803355	44881296	protein_coding	ENSMUSG00000002028	-	Kmt2a	921
922	Gm48314	chr9	44856437	44859175	TEC	ENSMUSG00000111017	-	Gm48314	922
923	Gm39326	chr9	44877891	44884397	lncRNA	ENSMUSG00000110773	+	Gm39326	923
924	Gm26249	chr9	44897865	44897982	snRNA	ENSMUSG00000080358	+	Gm26249	924
925	Atp5l	chr9	44912557	44920742	protein_coding	ENSMUSG00000038717	-	Atp5l	925
926	Gm30934	chr9	44920199	44921489	lncRNA	ENSMUSG00000111082	+	Gm30934	926
927	Ube4a	chr9	44923127	44965600	protein_coding	ENSMUSG00000059890	-	Ube4a	927
928	Gm19121	chr9	44955715	44956736	unprocessed_pseudogene	ENSMUSG00000111241	+	Gm19121	928
929	Cd3g	chr9	44969572	44980431	protein_coding	ENSMUSG00000002033	-	Cd3g	929
930	Cd3d	chr9	44981786	44987339	protein_coding	ENSMUSG00000032094	+	Cd3d	930
931	Cd3e	chr9	44998740	45009627	protein_coding	ENSMUSG00000032093	-	Cd3e	931
932	Gm48719	chr9	44999429	45002985	lncRNA	ENSMUSG00000111203	+	Gm48719	932
933	Gm48720	chr9	45008142	45009347	TEC	ENSMUSG00000111690	-	Gm48720	933
934	Mpzl2	chr9	45039799	45054015	protein_coding	ENSMUSG00000032092	+	Mpzl2	934
935	Gm48840	chr9	45051424	45055344	TEC	ENSMUSG00000110899	-	Gm48840	935
936	Mpzl3	chr9	45055186	45077436	protein_coding	ENSMUSG00000070305	+	Mpzl3	936
937	Jaml	chr9	45079183	45108534	protein_coding	ENSMUSG00000048534	+	Jaml	937
938	Gm10684	chr9	45107176	45135606	lncRNA	ENSMUSG00000074385	-	Gm10684	938
939	Gm47596	chr9	45112022	45112855	TEC	ENSMUSG00000111070	-	Gm47596	939
940	Scn2b	chr9	45117782	45130070	protein_coding	ENSMUSG00000070304	+	Scn2b	940
941	Scn4b	chr9	45138395	45154152	protein_coding	ENSMUSG00000046480	+	Scn4b	941
942	Gm39327	chr9	45166985	45169946	lncRNA	ENSMUSG00000111811	-	Gm39327	942
943	Tmprss4	chr9	45172726	45204092	protein_coding	ENSMUSG00000032091	-	Tmprss4	943
944	Gm17099	chr9	45172997	45175161	lncRNA	ENSMUSG00000091659	+	Gm17099	944
945	BC049352	chr9	45182007	45250020	protein_coding	ENSMUSG00000091996	+	BC049352	945
946	Il10ra	chr9	45253837	45269149	protein_coding	ENSMUSG00000032089	-	Il10ra	946
947	Gm20612	chr9	45261055	45261290	processed_pseudogene	ENSMUSG00000093722	+	Gm20612	947
948	Mir7086	chr9	45266643	45266707	miRNA	ENSMUSG00000098361	-	Mir7086	948
949	Gm47964	chr9	45301962	45302171	processed_pseudogene	ENSMUSG00000111075	+	Gm47964	949
950	Lncbate3	chr9	45318265	45322079	lncRNA	ENSMUSG00000085831	-	Lncbate3	950
951	Tmprss13	chr9	45319100	45347581	protein_coding	ENSMUSG00000037129	+	Tmprss13	951
952	Fxyd6	chr9	45370185	45396159	protein_coding	ENSMUSG00000066705	+	Fxyd6	952
953	Fxyd2	chr9	45399669	45410278	protein_coding	ENSMUSG00000059412	+	Fxyd2	953
954	Gm48135	chr9	45413473	45414090	TEC	ENSMUSG00000111186	-	Gm48135	954
955	4833428L15Rik	chr9	45416626	45431730	lncRNA	ENSMUSG00000097074	-	4833428L15Rik	955
956	Dscaml1	chr9	45426628	45753712	protein_coding	ENSMUSG00000032087	+	Dscaml1	956
957	Gm22069	chr9	45634706	45634812	snRNA	ENSMUSG00000096202	-	Gm22069	957
958	Cep164	chr9	45766946	45828691	protein_coding	ENSMUSG00000043987	-	Cep164	958
959	2610028D06Rik	chr9	45797348	45799060	TEC	ENSMUSG00000110997	-	2610028D06Rik	959
960	Gm7286	chr9	45835929	45836935	processed_pseudogene	ENSMUSG00000098194	-	Gm7286	960
961	Bace1	chr9	45838580	45864399	protein_coding	ENSMUSG00000032086	+	Bace1	961
962	Gm16536	chr9	45856769	45858357	lncRNA	ENSMUSG00000089810	-	Gm16536	962
963	Gm49338	chr9	45858604	45860682	TEC	ENSMUSG00000111128	-	Gm49338	963
964	Rnf214	chr9	45863425	45906911	protein_coding	ENSMUSG00000042790	-	Rnf214	964
965	Gm24646	chr9	45879550	45879648	snRNA	ENSMUSG00000087734	-	Gm24646	965
966	Pcsk7	chr9	45906497	45929726	protein_coding	ENSMUSG00000035382	+	Pcsk7	966
967	Tagln	chr9	45929619	45936058	protein_coding	ENSMUSG00000032085	-	Tagln	967
968	Gm48529	chr9	45930112	45933738	lncRNA	ENSMUSG00000111521	+	Gm48529	968
969	Sidt2	chr9	45937857	45955258	protein_coding	ENSMUSG00000034908	-	Sidt2	969
970	Mir7087	chr9	45939521	45939590	miRNA	ENSMUSG00000098327	-	Mir7087	970
971	A830035O19Rik	chr9	45954101	45955998	lncRNA	ENSMUSG00000111329	+	A830035O19Rik	971
972	Pafah1b2	chr9	45962859	46012690	protein_coding	ENSMUSG00000003131	-	Pafah1b2	972
973	Sik3	chr9	46012820	46224194	protein_coding	ENSMUSG00000034135	+	Sik3	973
974	Apoa1	chr9	46228580	46230466	protein_coding	ENSMUSG00000032083	+	Apoa1	974
975	Apoc3	chr9	46232933	46235636	protein_coding	ENSMUSG00000032081	-	Apoc3	975
976	Gm47528	chr9	46239841	46242032	TEC	ENSMUSG00000111282	-	Gm47528	976
977	Apoa4	chr9	46240696	46243459	protein_coding	ENSMUSG00000032080	+	Apoa4	977
978	Gm10680	chr9	46242621	46243529	lncRNA	ENSMUSG00000074373	-	Gm10680	978
979	Apoa5	chr9	46268633	46271919	protein_coding	ENSMUSG00000032079	+	Apoa5	979
980	Gm47544	chr9	46270035	46271365	lncRNA	ENSMUSG00000111403	-	Gm47544	980
981	Zpr1	chr9	46273064	46282643	protein_coding	ENSMUSG00000032078	+	Zpr1	981
982	Bud13	chr9	46283008	46299110	protein_coding	ENSMUSG00000032077	+	Bud13	982
983	4931429L15Rik	chr9	46303361	46319986	protein_coding	ENSMUSG00000056617	-	4931429L15Rik	983
984	Gm39329	chr9	46319038	46331798	lncRNA	ENSMUSG00000111126	+	Gm39329	984
985	4930448E22Rik	chr9	46326393	46329527	lncRNA	ENSMUSG00000097463	-	4930448E22Rik	985
986	Gm31374	chr9	46337931	46384755	lncRNA	ENSMUSG00000110864	+	Gm31374	986
987	Gm47141	chr9	46397362	46398943	lncRNA	ENSMUSG00000110802	+	Gm47141	987
988	Gm47144	chr9	46486104	46505073	lncRNA	ENSMUSG00000111115	-	Gm47144	988
989	Gm31432	chr9	46532757	46543376	lncRNA	ENSMUSG00000110767	+	Gm31432	989
990	Gm22659	chr9	46562974	46563103	snoRNA	ENSMUSG00000077383	+	Gm22659	990
991	Gm48945	chr9	46607255	46612726	lncRNA	ENSMUSG00000111649	+	Gm48945	991
992	Gm31557	chr9	46666273	46674844	lncRNA	ENSMUSG00000111800	+	Gm31557	992
993	Gm8863	chr9	46713233	46714158	processed_pseudogene	ENSMUSG00000111783	-	Gm8863	993
994	Gm31614	chr9	46830339	46837616	lncRNA	ENSMUSG00000111236	+	Gm31614	994
995	2900052N01Rik	chr9	46913493	46927366	lncRNA	ENSMUSG00000099696	+	2900052N01Rik	995
996	Gm47153	chr9	46960235	46979053	lncRNA	ENSMUSG00000111482	-	Gm47153	996
997	Gm4791	chr9	46998741	47003860	protein_coding	ENSMUSG00000094893	+	Gm4791	997
998	Gm31698	chr9	47085947	47227095	lncRNA	ENSMUSG00000111669	-	Gm31698	998
999	Gm31816	chr9	47242326	47368649	lncRNA	ENSMUSG00000109844	-	Gm31816	999
1000	Gm47160	chr9	47473049	47474918	TEC	ENSMUSG00000111755	-	Gm47160	1000
1001	Gm47161	chr9	47481628	47486506	TEC	ENSMUSG00000111703	-	Gm47161	1001
1002	Cadm1	chr9	47530173	47857637	protein_coding	ENSMUSG00000032076	+	Cadm1	1002
1003	Gm47198	chr9	47771141	47773375	TEC	ENSMUSG00000110959	+	Gm47198	1003
1004	Gm47197	chr9	47773791	47776737	TEC	ENSMUSG00000111155	-	Gm47197	1004
1005	Gm47215	chr9	47964476	47967312	TEC	ENSMUSG00000111294	+	Gm47215	1005
1006	Gm47236	chr9	48000353	48000798	processed_pseudogene	ENSMUSG00000111437	-	Gm47236	1006
1007	A730065G17Rik	chr9	48049516	48071634	lncRNA	ENSMUSG00000111117	+	A730065G17Rik	1007
1008	Gm40518	chr9	48132504	48158965	lncRNA	ENSMUSG00000110924	-	Gm40518	1008
1009	Nxpe4	chr9	48162023	48400025	protein_coding	ENSMUSG00000044229	+	Nxpe4	1009
1010	Nxpe2	chr9	48318006	48353454	protein_coding	ENSMUSG00000032028	-	Nxpe2	1010
1011	Nxpe1-ps	chr9	48418321	48431959	transcribed_unprocessed_pseudogene	ENSMUSG00000109675	+	Nxpe1-ps	1011
1012	Rexo2	chr9	48468512	48480623	protein_coding	ENSMUSG00000032026	-	Rexo2	1012
1013	Rbm7	chr9	48488701	48495299	protein_coding	ENSMUSG00000042396	-	Rbm7	1013
1014	Gm5617	chr9	48495442	48495972	protein_coding	ENSMUSG00000042293	+	Gm5617	1014
1015	Gm23653	chr9	48506964	48507060	miRNA	ENSMUSG00000080401	-	Gm23653	1015
1016	Nnmt	chr9	48591877	48605153	protein_coding	ENSMUSG00000032271	-	Nnmt	1016
1017	Zbtb16	chr9	48654297	48836222	protein_coding	ENSMUSG00000066687	-	Zbtb16	1017
1018	Gm32335	chr9	48896451	48905982	lncRNA	ENSMUSG00000111570	+	Gm32335	1018
1019	Htr3a	chr9	48899213	48911099	protein_coding	ENSMUSG00000032269	-	Htr3a	1019
1020	Htr3b	chr9	48935008	48964990	protein_coding	ENSMUSG00000008590	-	Htr3b	1020
1021	Usp28	chr9	48985375	49042517	protein_coding	ENSMUSG00000032267	+	Usp28	1021
1022	Cldn25-ps	chr9	49047602	49048294	processed_pseudogene	ENSMUSG00000105298	-	Cldn25-ps	1022
1023	1700042D02Rik	chr9	49051335	49055465	lncRNA	ENSMUSG00000105991	-	1700042D02Rik	1023
1024	Zw10	chr9	49055613	49078775	protein_coding	ENSMUSG00000032264	+	Zw10	1024
1025	Tmprss5	chr9	49081260	49117587	protein_coding	ENSMUSG00000032268	+	Tmprss5	1025
1026	Gm4894	chr9	49250531	49280594	protein_coding	ENSMUSG00000054156	+	Gm4894	1026
1027	Drd2	chr9	49340627	49408177	protein_coding	ENSMUSG00000032259	+	Drd2	1027
1028	Ankk1	chr9	49415194	49427021	protein_coding	ENSMUSG00000032257	-	Ankk1	1028
1029	Ttc12	chr9	49436963	49486225	protein_coding	ENSMUSG00000040219	-	Ttc12	1029
1030	Ncam1	chr9	49502136	49798925	protein_coding	ENSMUSG00000039542	-	Ncam1	1030
1031	Gm11149	chr9	49518288	49572591	lncRNA	ENSMUSG00000079564	+	Gm11149	1031
1032	Gm47543	chr9	49954878	49956554	lncRNA	ENSMUSG00000111682	+	Gm47543	1032
1033	Gm8907	chr9	50186043	50187045	processed_pseudogene	ENSMUSG00000098012	-	Gm8907	1033
1034	Gm4042	chr9	50215079	50215715	processed_pseudogene	ENSMUSG00000111589	+	Gm4042	1034
1035	2310003N18Rik	chr9	50232523	50233182	lncRNA	ENSMUSG00000110916	-	2310003N18Rik	1035
1036	Gm39336	chr9	50300784	50301817	lncRNA	ENSMUSG00000111359	-	Gm39336	1036
1037	Rpl10-ps3	chr9	50344201	50344968	protein_coding	ENSMUSG00000058443	-	Rpl10-ps3	1037
1038	Plet1os	chr9	50488795	50507823	lncRNA	ENSMUSG00000101304	-	Plet1os	1038
1039	Plet1	chr9	50494525	50505482	protein_coding	ENSMUSG00000032068	+	Plet1	1039
1040	Pts	chr9	50521617	50528724	protein_coding	ENSMUSG00000032067	-	Pts	1040
1041	Gm47077	chr9	50528767	50533752	lncRNA	ENSMUSG00000111654	+	Gm47077	1041
1042	Bco2	chr9	50533087	50555181	protein_coding	ENSMUSG00000032066	-	Bco2	1042
1043	Il18	chr9	50554827	50581840	protein_coding	ENSMUSG00000039217	+	Il18	1043
1044	Tex12	chr9	50556819	50561325	protein_coding	ENSMUSG00000032065	-	Tex12	1044
1045	Sdhd	chr9	50596357	50603812	protein_coding	ENSMUSG00000000171	-	Sdhd	1045
1046	Timm8b	chr9	50603910	50605320	protein_coding	ENSMUSG00000039016	+	Timm8b	1046
1047	Nkapd1	chr9	50605240	50617464	protein_coding	ENSMUSG00000059820	-	Nkapd1	1047
1048	Pih1d2	chr9	50617321	50625000	protein_coding	ENSMUSG00000000167	+	Pih1d2	1048
1049	Dlat	chr9	50634633	50659780	protein_coding	ENSMUSG00000000168	-	Dlat	1049
1050	Dixdc1	chr9	50662752	50739517	protein_coding	ENSMUSG00000032064	-	Dixdc1	1050
1051	2310030G06Rik	chr9	50739691	50746536	protein_coding	ENSMUSG00000032062	-	2310030G06Rik	1051
1052	Hspb2	chr9	50751078	50752354	protein_coding	ENSMUSG00000038086	-	Hspb2	1052
1053	Cryab	chr9	50751325	50756636	protein_coding	ENSMUSG00000032060	+	Cryab	1053
1054	1110032A03Rik	chr9	50762828	50775520	protein_coding	ENSMUSG00000037971	-	1110032A03Rik	1054
1055	Fdxacb1	chr9	50768236	50773348	protein_coding	ENSMUSG00000037845	+	Fdxacb1	1055
1056	Alg9	chr9	50775019	50843542	protein_coding	ENSMUSG00000032059	+	Alg9	1056
1057	Ppp2r1b	chr9	50845301	50894229	protein_coding	ENSMUSG00000032058	+	Ppp2r1b	1057
1058	Gm25558	chr9	50887950	50888055	snRNA	ENSMUSG00000088708	+	Gm25558	1058
1059	Sik2	chr9	50892801	51009073	protein_coding	ENSMUSG00000037112	-	Sik2	1059
1060	Layn	chr9	51054640	51077094	protein_coding	ENSMUSG00000060594	-	Layn	1060
1061	Btg4	chr9	51060901	51119875	protein_coding	ENSMUSG00000032056	+	Btg4	1061
1062	4833427G06Rik	chr9	51081115	51102078	protein_coding	ENSMUSG00000032057	-	4833427G06Rik	1062
1063	Mir34c	chr9	51103034	51103110	miRNA	ENSMUSG00000065587	-	Mir34c	1063
1064	Mir34b	chr9	51103562	51103645	miRNA	ENSMUSG00000065492	-	Mir34b	1064
1065	Gm32742	chr9	51130307	51165517	protein_coding	ENSMUSG00000110266	-	Gm32742	1065
1066	Pou2af1	chr9	51213708	51240080	protein_coding	ENSMUSG00000032053	+	Pou2af1	1066
1067	Gm47828	chr9	51215733	51219521	lncRNA	ENSMUSG00000111862	+	Gm47828	1067
1068	Colca2	chr9	51270258	51278569	protein_coding	ENSMUSG00000079559	-	Colca2	1068
1069	2010007H06Rik	chr9	51278513	51284210	lncRNA	ENSMUSG00000044694	+	2010007H06Rik	1069
1070	1810046K07Rik	chr9	51289686	51328924	protein_coding	ENSMUSG00000036027	-	1810046K07Rik	1070
1071	Gm47854	chr9	51621425	51655127	lncRNA	ENSMUSG00000078308	-	Gm47854	1071
1072	Gm7293	chr9	51622745	51623751	processed_pseudogene	ENSMUSG00000111162	+	Gm7293	1072
1073	Gm8959	chr9	51656891	51657461	processed_pseudogene	ENSMUSG00000110825	+	Gm8959	1073
1074	Arhgap20	chr9	51765337	51853856	protein_coding	ENSMUSG00000053199	+	Arhgap20	1074
1075	Arhgap20os	chr9	51832814	51875886	lncRNA	ENSMUSG00000074354	-	Arhgap20os	1075
1076	Gm6980	chr9	51913477	51931661	lncRNA	ENSMUSG00000111357	-	Gm6980	1076
1077	4933407I05Rik	chr9	51914427	51927003	lncRNA	ENSMUSG00000111836	+	4933407I05Rik	1077
1078	Fdx1	chr9	51943306	51963556	protein_coding	ENSMUSG00000032051	-	Fdx1	1078
1079	Gm6981	chr9	52002274	52003281	processed_pseudogene	ENSMUSG00000098076	-	Gm6981	1079
1080	Rdx	chr9	52047173	52100463	protein_coding	ENSMUSG00000032050	+	Rdx	1080
1081	Gm27686	chr9	52103689	52103779	miRNA	ENSMUSG00000099213	-	Gm27686	1081
1082	Zc3h12c	chr9	52111344	52168572	protein_coding	ENSMUSG00000035164	-	Zc3h12c	1082
1083	Mir6244	chr9	52115623	52115739	miRNA	ENSMUSG00000099311	+	Mir6244	1083
1084	Gm47957	chr9	52321896	52349311	lncRNA	ENSMUSG00000111561	-	Gm47957	1084
1085	Gm47960	chr9	52399274	52401968	lncRNA	ENSMUSG00000111780	-	Gm47960	1085
1086	Gm33125	chr9	52402096	52470346	lncRNA	ENSMUSG00000111520	+	Gm33125	1086
1087	Gm49389	chr9	52404299	52404815	processed_pseudogene	ENSMUSG00000111112	+	Gm49389	1087
1088	AI593442	chr9	52673042	52679780	protein_coding	ENSMUSG00000078307	-	AI593442	1088
1089	Gm1715	chr9	52679863	52798774	lncRNA	ENSMUSG00000111020	+	Gm1715	1089
1090	Gm22242	chr9	52756908	52757025	snRNA	ENSMUSG00000092965	+	Gm22242	1090
1091	Gm47981	chr9	52764011	52764239	processed_pseudogene	ENSMUSG00000110833	+	Gm47981	1091
1092	Ddx10	chr9	53098635	53248053	protein_coding	ENSMUSG00000053289	-	Ddx10	1092
1093	Gm47986	chr9	53164188	53164679	processed_pseudogene	ENSMUSG00000111693	+	Gm47986	1093
1094	4930510E17Rik	chr9	53264615	53280985	lncRNA	ENSMUSG00000032048	+	4930510E17Rik	1094
1095	Exph5	chr9	53301670	53377514	protein_coding	ENSMUSG00000034584	+	Exph5	1095
1096	Poglut3	chr9	53384025	53401867	protein_coding	ENSMUSG00000034487	+	Poglut3	1096
1097	Mir130c	chr9	53400805	53400886	miRNA	ENSMUSG00000098362	-	Mir130c	1097
1098	4930550C14Rik	chr9	53402325	53434402	protein_coding	ENSMUSG00000005131	+	4930550C14Rik	1098
1099	Atm	chr9	53439149	53536740	protein_coding	ENSMUSG00000034218	-	Atm	1099
1100	Npat	chr9	53537047	53574342	protein_coding	ENSMUSG00000033054	+	Npat	1100
1101	Acat1	chr9	53580522	53610382	protein_coding	ENSMUSG00000032047	-	Acat1	1101
1102	Cul5	chr9	53614582	53670014	protein_coding	ENSMUSG00000032030	-	Cul5	1102
1103	Gm22304	chr9	53639977	53640105	snoRNA	ENSMUSG00000064622	+	Gm22304	1103
1104	Gm16124	chr9	53667246	53681265	lncRNA	ENSMUSG00000086914	+	Gm16124	1104
1105	Rab39	chr9	53684110	53706232	protein_coding	ENSMUSG00000055069	-	Rab39	1105
1106	Rps6-ps3	chr9	53689534	53690283	processed_pseudogene	ENSMUSG00000082465	-	Rps6-ps3	1106
1107	Gm48292	chr9	53746069	53748733	processed_pseudogene	ENSMUSG00000111084	+	Gm48292	1107
1108	Slc35f2	chr9	53771538	53818154	protein_coding	ENSMUSG00000042195	+	Slc35f2	1108
1109	Sln	chr9	53850164	53854560	protein_coding	ENSMUSG00000042045	+	Sln	1109
1110	Gm16380	chr9	53884084	53884561	processed_pseudogene	ENSMUSG00000059830	+	Gm16380	1110
1111	Elmod1	chr9	53911457	53975301	protein_coding	ENSMUSG00000041986	-	Elmod1	1111
1112	Tnfaip8l3	chr9	54023405	54068388	protein_coding	ENSMUSG00000074345	-	Tnfaip8l3	1112
1113	Gm48346	chr9	54043312	54047798	lncRNA	ENSMUSG00000111379	+	Gm48346	1113
1114	Gm48345	chr9	54046615	54046783	processed_pseudogene	ENSMUSG00000110854	+	Gm48345	1114
1115	Cyp19a1	chr9	54165937	54268110	protein_coding	ENSMUSG00000032274	-	Cyp19a1	1115
1116	Gldnos	chr9	54268578	54301570	lncRNA	ENSMUSG00000074343	-	Gldnos	1116
1117	Gldn	chr9	54286486	54341786	protein_coding	ENSMUSG00000046167	+	Gldn	1117
1118	Dmxl2	chr9	54365158	54501626	protein_coding	ENSMUSG00000041268	-	Dmxl2	1118
1119	Sh2d7	chr9	54534146	54545020	protein_coding	ENSMUSG00000046460	+	Sh2d7	1119
1120	Cib2	chr9	54544794	54560218	protein_coding	ENSMUSG00000037493	-	Cib2	1120
1121	Idh3a	chr9	54586334	54604661	protein_coding	ENSMUSG00000032279	+	Idh3a	1121
1122	Acsbg1	chr9	54604877	54661870	protein_coding	ENSMUSG00000032281	-	Acsbg1	1122
1123	Gm7368	chr9	54691136	54691502	processed_pseudogene	ENSMUSG00000110867	-	Gm7368	1123
1124	Dnaja4	chr9	54698873	54716315	protein_coding	ENSMUSG00000032285	+	Dnaja4	1124
1125	Wdr61	chr9	54714735	54734519	protein_coding	ENSMUSG00000061559	-	Wdr61	1125
1126	Crabp1	chr9	54764748	54773110	protein_coding	ENSMUSG00000032291	+	Crabp1	1126
1127	Rab7-ps1	chr9	54824661	54825282	processed_pseudogene	ENSMUSG00000111686	-	Rab7-ps1	1127
1128	Ireb2	chr9	54863789	54912530	protein_coding	ENSMUSG00000032293	+	Ireb2	1128
1129	Hykk	chr9	54917283	54949924	protein_coding	ENSMUSG00000035878	+	Hykk	1129
1130	AY074887	chr9	54950230	54950998	protein_coding	ENSMUSG00000044820	-	AY074887	1130
1131	Psma4	chr9	54950790	54958030	protein_coding	ENSMUSG00000032301	+	Psma4	1131
1132	Chrna5	chr9	54980880	55007779	protein_coding	ENSMUSG00000035594	+	Chrna5	1132
1133	Chrna3	chr9	55010111	55026562	protein_coding	ENSMUSG00000032303	-	Chrna3	1133
1134	Chrnb4	chr9	55028154	55048779	protein_coding	ENSMUSG00000035200	-	Chrnb4	1134
1135	Gm47877	chr9	55030783	55039429	lncRNA	ENSMUSG00000111050	+	Gm47877	1135
1136	Gm47886	chr9	55054804	55055238	processed_pseudogene	ENSMUSG00000111750	+	Gm47886	1136
1137	Gm47887	chr9	55064927	55067463	lncRNA	ENSMUSG00000111157	-	Gm47887	1137
1138	Gm7395	chr9	55094326	55095370	processed_pseudogene	ENSMUSG00000110793	-	Gm7395	1138
1139	Ube2q2	chr9	55148854	55207529	protein_coding	ENSMUSG00000032307	+	Ube2q2	1139
1140	Fbxo22	chr9	55208925	55224433	protein_coding	ENSMUSG00000032309	+	Fbxo22	1140
1141	Nrg4	chr9	55220222	55326844	protein_coding	ENSMUSG00000032311	-	Nrg4	1141
1142	Gm15625	chr9	55305288	55306380	processed_pseudogene	ENSMUSG00000082744	+	Gm15625	1142
1143	Tmem266	chr9	55326913	55438345	protein_coding	ENSMUSG00000032313	+	Tmem266	1143
1144	Etfa	chr9	55454508	55512243	protein_coding	ENSMUSG00000032314	-	Etfa	1144
1145	Gm5917	chr9	55518569	55519289	processed_pseudogene	ENSMUSG00000110926	+	Gm5917	1145
1146	Isl2	chr9	55538672	55546180	protein_coding	ENSMUSG00000032318	+	Isl2	1146
1147	Gm17226	chr9	55539549	55540888	lncRNA	ENSMUSG00000090270	-	Gm17226	1147
1148	Scaper	chr9	55549879	55938119	protein_coding	ENSMUSG00000034007	-	Scaper	1148
1149	Gm23407	chr9	55555622	55555712	snRNA	ENSMUSG00000064472	-	Gm23407	1149
1150	Gm7435	chr9	55938252	55952409	transcribed_processed_pseudogene	ENSMUSG00000111662	+	Gm7435	1150
1151	4930563M21Rik	chr9	55962589	56010550	protein_coding	ENSMUSG00000050702	-	4930563M21Rik	1151
1152	Gm7439	chr9	56021340	56022174	processed_pseudogene	ENSMUSG00000110957	+	Gm7439	1152
1153	Gm7444	chr9	56027742	56030169	processed_pseudogene	ENSMUSG00000110989	+	Gm7444	1153
1154	Rcn2	chr9	56041845	56061882	protein_coding	ENSMUSG00000032320	+	Rcn2	1154
1155	Pstpip1	chr9	56089962	56128888	protein_coding	ENSMUSG00000032322	+	Pstpip1	1155
1156	Tspan3	chr9	56131725	56165477	protein_coding	ENSMUSG00000032324	-	Tspan3	1156
1157	Peak1	chr9	56201126	56418067	protein_coding	ENSMUSG00000074305	-	Peak1	1157
1158	Gm24270	chr9	56223715	56223771	miRNA	ENSMUSG00000076281	-	Gm24270	1158
1159	Gm29322	chr9	56239285	56240751	lncRNA	ENSMUSG00000099543	-	Gm29322	1159
1160	Peak1os	chr9	56257890	56267780	lncRNA	ENSMUSG00000097111	+	Peak1os	1160
1161	Gm37842	chr9	56263599	56265167	TEC	ENSMUSG00000102617	+	Gm37842	1161
1162	Gm36940	chr9	56414031	56416066	TEC	ENSMUSG00000102419	-	Gm36940	1162
1163	Hmg20a	chr9	56418609	56496936	protein_coding	ENSMUSG00000032329	+	Hmg20a	1163
1164	Gm47175	chr9	56504825	56506661	TEC	ENSMUSG00000111343	-	Gm47175	1164
1165	Gm47176	chr9	56539905	56540232	lncRNA	ENSMUSG00000110821	+	Gm47176	1165
1166	Gm47178	chr9	56543756	56544097	processed_pseudogene	ENSMUSG00000111201	+	Gm47178	1166
1167	Gm26868	chr9	56606693	56614473	lncRNA	ENSMUSG00000097870	+	Gm26868	1167
1168	Lingo1	chr9	56618475	56796468	protein_coding	ENSMUSG00000049556	-	Lingo1	1168
1169	Gm47235	chr9	56798962	56801261	lncRNA	ENSMUSG00000111037	-	Gm47235	1169
1170	Odf3l1	chr9	56848659	56864679	protein_coding	ENSMUSG00000045620	-	Odf3l1	1170
1171	Cspg4	chr9	56865033	56899870	protein_coding	ENSMUSG00000032911	+	Cspg4	1171
1172	Gm47237	chr9	56903461	56904996	lncRNA	ENSMUSG00000110888	+	Gm47237	1172
1173	Snx33	chr9	56917193	56928371	protein_coding	ENSMUSG00000032733	-	Snx33	1173
1174	4930442G15Rik	chr9	56931631	56933545	lncRNA	ENSMUSG00000111629	+	4930442G15Rik	1174
1175	Gm19936	chr9	56932431	56933268	processed_pseudogene	ENSMUSG00000110930	-	Gm19936	1175
1176	Imp3	chr9	56937475	56938398	protein_coding	ENSMUSG00000032288	+	Imp3	1176
1177	Snupn	chr9	56950878	56983206	protein_coding	ENSMUSG00000055334	+	Snupn	1177
1178	Ptpn9	chr9	56994923	57062807	protein_coding	ENSMUSG00000032290	+	Ptpn9	1178
1179	Gm10658	chr9	57056630	57071966	lncRNA	ENSMUSG00000074284	-	Gm10658	1179
1180	Sin3a	chr9	57072040	57128366	protein_coding	ENSMUSG00000042557	+	Sin3a	1180
1181	Man2c1os	chr9	57099950	57131290	lncRNA	ENSMUSG00000086728	-	Man2c1os	1181
1182	Man2c1	chr9	57130690	57142722	protein_coding	ENSMUSG00000032295	+	Man2c1	1182
1183	Neil1	chr9	57142800	57148305	protein_coding	ENSMUSG00000032298	-	Neil1	1183
1184	Commd4	chr9	57155035	57158331	protein_coding	ENSMUSG00000032299	-	Commd4	1184
1185	1700041C23Rik	chr9	57175275	57186108	lncRNA	ENSMUSG00000100282	+	1700041C23Rik	1185
1186	Trcg1	chr9	57236556	57249864	protein_coding	ENSMUSG00000070298	+	Trcg1	1186
1187	1700017B05Rik	chr9	57253117	57262612	protein_coding	ENSMUSG00000032300	-	1700017B05Rik	1187
1188	Gm18996	chr9	57328661	57329415	processed_pseudogene	ENSMUSG00000111457	-	Gm18996	1188
1189	Gm5121	chr9	57334128	57334754	processed_pseudogene	ENSMUSG00000066626	+	Gm5121	1189
1190	Ppcdc	chr9	57385095	57440124	protein_coding	ENSMUSG00000063849	-	Ppcdc	1190
1191	Scamp5	chr9	57441327	57468060	protein_coding	ENSMUSG00000040722	-	Scamp5	1191
1192	D9Wsu149	chr9	57482976	57483569	processed_pseudogene	ENSMUSG00000111380	+	D9Wsu149	1192
1193	Gm18103	chr9	57483810	57485304	processed_pseudogene	ENSMUSG00000111414	+	Gm18103	1193
1194	Gm6166	chr9	57483963	57484371	processed_pseudogene	ENSMUSG00000074280	+	Gm6166	1194
1195	Rpp25	chr9	57504026	57505448	protein_coding	ENSMUSG00000062309	+	Rpp25	1195
1196	Cox5a	chr9	57521274	57532426	protein_coding	ENSMUSG00000000088	+	Cox5a	1196
1197	Gm26631	chr9	57531287	57537629	lncRNA	ENSMUSG00000097445	-	Gm26631	1197
1198	Fam219b	chr9	57537528	57543184	protein_coding	ENSMUSG00000032305	+	Fam219b	1198
1199	Mpi	chr9	57544256	57552763	protein_coding	ENSMUSG00000032306	-	Mpi	1199
1200	Scamp2	chr9	57560943	57588795	protein_coding	ENSMUSG00000040188	+	Scamp2	1200
1201	Ulk3	chr9	57589452	57596233	protein_coding	ENSMUSG00000032308	+	Ulk3	1201
1202	Cplx3	chr9	57599992	57606281	protein_coding	ENSMUSG00000039714	-	Cplx3	1202
1203	Lman1l	chr9	57607085	57620774	protein_coding	ENSMUSG00000056271	-	Lman1l	1203
1204	Csk	chr9	57626646	57653631	protein_coding	ENSMUSG00000032312	-	Csk	1204
1205	Cyp1a2	chr9	57676937	57683703	protein_coding	ENSMUSG00000032310	-	Cyp1a2	1205
1206	Cyp1a1	chr9	57687928	57703824	protein_coding	ENSMUSG00000032315	+	Cyp1a1	1206
1207	Edc3	chr9	57708540	57752499	protein_coding	ENSMUSG00000038957	+	Edc3	1207
1208	Clk3	chr9	57750624	57765860	protein_coding	ENSMUSG00000032316	-	Clk3	1208
1209	Gm17231	chr9	57777865	57834295	lncRNA	ENSMUSG00000091908	+	Gm17231	1209
1210	Arid3b	chr9	57790353	57836793	protein_coding	ENSMUSG00000004661	-	Arid3b	1210
1211	Ubl7	chr9	57910979	57929968	protein_coding	ENSMUSG00000055720	+	Ubl7	1211
1212	Sema7a	chr9	57940112	57962865	protein_coding	ENSMUSG00000038264	+	Sema7a	1212
1213	Gm17322	chr9	57998041	58007451	lncRNA	ENSMUSG00000097604	+	Gm17322	1213
1214	Cyp11a1	chr9	58006411	58027023	protein_coding	ENSMUSG00000032323	+	Cyp11a1	1214
1215	Ccdc33	chr9	58028677	58118823	protein_coding	ENSMUSG00000037716	-	Ccdc33	1215
1216	Gm16130	chr9	58032274	58048997	lncRNA	ENSMUSG00000086624	+	Gm16130	1216
1217	Stra6	chr9	58063788	58153996	protein_coding	ENSMUSG00000032327	+	Stra6	1217
1218	Gm16131	chr9	58117815	58118989	lncRNA	ENSMUSG00000085753	+	Gm16131	1218
1219	Islr	chr9	58156268	58204306	protein_coding	ENSMUSG00000037206	-	Islr	1219
1220	Islr2	chr9	58196297	58204319	protein_coding	ENSMUSG00000051243	-	Islr2	1220
1221	1600029O15Rik	chr9	58202897	58208808	transcribed_processed_pseudogene	ENSMUSG00000057818	+	1600029O15Rik	1221
1222	Pml	chr9	58218076	58249786	protein_coding	ENSMUSG00000036986	-	Pml	1222
1223	Mir6385	chr9	58221150	58221254	miRNA	ENSMUSG00000098886	+	Mir6385	1223
1224	Stoml1	chr9	58253164	58262520	protein_coding	ENSMUSG00000032333	+	Stoml1	1224
1225	Loxl1	chr9	58287738	58313186	protein_coding	ENSMUSG00000032334	-	Loxl1	1225
1226	Tbc1d21	chr9	58359704	58370455	protein_coding	ENSMUSG00000036244	-	Tbc1d21	1226
1227	1700072B07Rik	chr9	58370504	58374183	lncRNA	ENSMUSG00000100487	+	1700072B07Rik	1227
1228	4930461G14Rik	chr9	58455122	58469635	lncRNA	ENSMUSG00000097651	+	4930461G14Rik	1228
1229	Insyn1	chr9	58488603	58499780	protein_coding	ENSMUSG00000066607	+	Insyn1	1229
1230	Cd276	chr9	58524298	58555437	protein_coding	ENSMUSG00000035914	-	Cd276	1230
1231	Gm10657	chr9	58554799	58555829	TEC	ENSMUSG00000103486	+	Gm10657	1231
1232	Nptn	chr9	58582240	58657955	protein_coding	ENSMUSG00000032336	+	Nptn	1232
1233	Rec114	chr9	58652850	58743964	protein_coding	ENSMUSG00000074269	-	Rec114	1233
1234	Gm20620	chr9	58695844	58696011	processed_pseudogene	ENSMUSG00000093473	-	Gm20620	1234
1235	Hcn4	chr9	58823412	58863175	protein_coding	ENSMUSG00000032338	+	Hcn4	1235
1236	Neo1	chr9	58874687	59036441	protein_coding	ENSMUSG00000032340	-	Neo1	1236
1237	Gm47271	chr9	58979251	59033856	lncRNA	ENSMUSG00000111846	+	Gm47271	1237
1238	Gm7589	chr9	59145677	59146210	processed_pseudogene	ENSMUSG00000066592	-	Gm7589	1238
1239	Gm33053	chr9	59191410	59235071	lncRNA	ENSMUSG00000110789	-	Gm33053	1239
1240	Adpgk	chr9	59291558	59324052	protein_coding	ENSMUSG00000025236	+	Adpgk	1240
1241	Bbs4	chr9	59321990	59353508	protein_coding	ENSMUSG00000025235	-	Bbs4	1241
1242	Arih1	chr9	59388258	59486618	protein_coding	ENSMUSG00000025234	-	Arih1	1242
1243	Rps11-ps1	chr9	59471759	59472233	processed_pseudogene	ENSMUSG00000090516	-	Rps11-ps1	1243
1244	Gm33180	chr9	59499361	59512865	lncRNA	ENSMUSG00000111852	-	Gm33180	1244
1245	Tmem202	chr9	59518685	59539847	protein_coding	ENSMUSG00000049526	-	Tmem202	1245
1246	Hexa	chr9	59539540	59565109	protein_coding	ENSMUSG00000025232	+	Hexa	1246
1247	Celf6	chr9	59577917	59607292	protein_coding	ENSMUSG00000032297	+	Celf6	1247
1248	Parp6	chr9	59617284	59650285	protein_coding	ENSMUSG00000025237	+	Parp6	1248
1249	Pkm	chr9	59656368	59679375	protein_coding	ENSMUSG00000032294	+	Pkm	1249
1250	Gm49759	chr9	59672814	59676700	TEC	ENSMUSG00000111394	+	Gm49759	1250
1251	Gramd2	chr9	59680144	59718874	protein_coding	ENSMUSG00000074259	+	Gramd2	1251
1252	Senp8	chr9	59734259	59750710	protein_coding	ENSMUSG00000051705	-	Senp8	1252
1253	Myo9a	chr9	59750896	59928866	protein_coding	ENSMUSG00000039585	+	Myo9a	1253
1254	Gm7613	chr9	59766717	59767203	processed_pseudogene	ENSMUSG00000087239	-	Gm7613	1254
1255	Gm20275	chr9	59826257	59941077	lncRNA	ENSMUSG00000110803	-	Gm20275	1255
1256	Gm2735	chr9	59844327	59844603	processed_pseudogene	ENSMUSG00000085116	-	Gm2735	1256
1257	Gm48805	chr9	59884984	59885397	processed_pseudogene	ENSMUSG00000111833	-	Gm48805	1257
1258	Nr2e3	chr9	59942771	59960659	protein_coding	ENSMUSG00000032292	-	Nr2e3	1258
1259	Gm7616	chr9	59951285	59959044	lncRNA	ENSMUSG00000084913	+	Gm7616	1259
1260	Gm15507	chr9	59957511	59961801	lncRNA	ENSMUSG00000084847	-	Gm15507	1260
1261	Thsd4	chr9	59966931	60522046	protein_coding	ENSMUSG00000032289	-	Thsd4	1261
1262	Gm23668	chr9	60042069	60042179	rRNA	ENSMUSG00000088090	-	Gm23668	1262
1263	2010001M07Rik	chr9	60334142	60334968	lncRNA	ENSMUSG00000111296	+	2010001M07Rik	1263
1264	Gm47676	chr9	60391793	60393757	TEC	ENSMUSG00000111065	-	Gm47676	1264
1265	Gm22099	chr9	60419863	60419985	snoRNA	ENSMUSG00000088550	+	Gm22099	1265
1266	9230112J17Rik	chr9	60523967	60545882	lncRNA	ENSMUSG00000111761	-	9230112J17Rik	1266
1267	Gm49334	chr9	60527419	60546035	lncRNA	ENSMUSG00000111809	+	Gm49334	1267
1268	Gm47740	chr9	60535660	60536254	processed_pseudogene	ENSMUSG00000111667	+	Gm47740	1268
1269	Gm17853	chr9	60548195	60549543	processed_pseudogene	ENSMUSG00000111512	+	Gm17853	1269
1270	Lrrc49	chr9	60568859	60688158	protein_coding	ENSMUSG00000047766	-	Lrrc49	1270
1271	Larp6	chr9	60712989	60738801	protein_coding	ENSMUSG00000034839	+	Larp6	1271
1272	1700036A12Rik	chr9	60743120	60770276	lncRNA	ENSMUSG00000095956	+	1700036A12Rik	1272
1273	Uaca	chr9	60794542	60880370	protein_coding	ENSMUSG00000034485	+	Uaca	1273
1274	Gm9869	chr9	60821552	60838200	lncRNA	ENSMUSG00000052143	-	Gm9869	1274
1275	Gm47923	chr9	60919223	60949373	lncRNA	ENSMUSG00000111444	+	Gm47923	1275
1276	Gm5122	chr9	61013481	61019797	lncRNA	ENSMUSG00000111290	+	Gm5122	1276
1277	Gm33699	chr9	61032212	61059116	lncRNA	ENSMUSG00000111147	+	Gm33699	1277
1278	Gm39348	chr9	61049009	61055819	lncRNA	ENSMUSG00000111180	-	Gm39348	1278
1279	Gm34004	chr9	61081951	61117839	lncRNA	ENSMUSG00000111169	+	Gm34004	1279
1280	Gm33914	chr9	61102229	61127031	lncRNA	ENSMUSG00000111354	-	Gm33914	1280
1281	4933433G08Rik	chr9	61103012	61105385	lncRNA	ENSMUSG00000111807	-	4933433G08Rik	1281
1282	I730028E13Rik	chr9	61138515	61145259	lncRNA	ENSMUSG00000110998	+	I730028E13Rik	1282
1283	Gm34105	chr9	61206679	61212916	lncRNA	ENSMUSG00000111449	+	Gm34105	1283
1284	B930092H01Rik	chr9	61259227	61293809	lncRNA	ENSMUSG00000111658	-	B930092H01Rik	1284
1285	Gm10655	chr9	61370797	61372193	lncRNA	ENSMUSG00000074256	-	Gm10655	1285
1286	Tle3	chr9	61372366	61418497	protein_coding	ENSMUSG00000032280	+	Tle3	1286
1287	Gm34322	chr9	61442591	61455947	lncRNA	ENSMUSG00000111033	+	Gm34322	1287
1288	Gm47240	chr9	61472591	61472986	processed_pseudogene	ENSMUSG00000111635	-	Gm47240	1288
1289	Gm34424	chr9	61509723	61534247	transcribed_processed_pseudogene	ENSMUSG00000111381	+	Gm34424	1289
1290	Gm19208	chr9	61851704	61852615	processed_pseudogene	ENSMUSG00000110968	+	Gm19208	1290
1291	Rplp1	chr9	61913284	61914542	protein_coding	ENSMUSG00000007892	-	Rplp1	1291
1292	Kif23	chr9	61915905	61946774	protein_coding	ENSMUSG00000032254	-	Kif23	1292
1293	Paqr5	chr9	61953481	62026856	protein_coding	ENSMUSG00000032278	-	Paqr5	1293
1294	Gm23221	chr9	62020594	62020686	misc_RNA	ENSMUSG00000088743	+	Gm23221	1294
1295	Glce	chr9	62057248	62122655	protein_coding	ENSMUSG00000032252	-	Glce	1295
1296	Gm47262	chr9	62241670	62243997	lncRNA	ENSMUSG00000110826	+	Gm47262	1296
1297	A730043L09Rik	chr9	62242596	62244100	lncRNA	ENSMUSG00000111232	-	A730043L09Rik	1297
1298	Gm25603	chr9	62242763	62242867	miRNA	ENSMUSG00000088986	-	Gm25603	1298
1299	Spesp1	chr9	62270729	62282208	protein_coding	ENSMUSG00000046846	-	Spesp1	1299
1300	Gm35288	chr9	62298502	62336649	lncRNA	ENSMUSG00000111193	+	Gm35288	1300
1301	Anp32a	chr9	62341293	62378812	protein_coding	ENSMUSG00000032249	+	Anp32a	1301
1302	Coro2b	chr9	62419492	62537044	protein_coding	ENSMUSG00000041729	-	Coro2b	1302
1303	n-R5s84	chr9	62515029	62515137	rRNA	ENSMUSG00000084540	+	n-R5s84	1303
1304	Itga11	chr9	62677826	62783982	protein_coding	ENSMUSG00000032243	+	Itga11	1304
1305	Gm7653	chr9	62789904	62790411	processed_pseudogene	ENSMUSG00000111537	+	Gm7653	1305
1306	Fem1b	chr9	62791821	62811934	protein_coding	ENSMUSG00000032244	-	Fem1b	1306
1307	Cln6	chr9	62838785	62852006	protein_coding	ENSMUSG00000032245	+	Cln6	1307
1308	Gm10653	chr9	62841477	62868000	transcribed_processed_pseudogene	ENSMUSG00000074250	-	Gm10653	1308
1309	Gm47274	chr9	62856066	62856462	processed_pseudogene	ENSMUSG00000111805	+	Gm47274	1309
1310	Calml4	chr9	62858080	62875921	protein_coding	ENSMUSG00000032246	+	Calml4	1310
1311	Pias1	chr9	62878368	62987924	protein_coding	ENSMUSG00000032405	-	Pias1	1311
1312	Gm24526	chr9	63027560	63027717	snRNA	ENSMUSG00000064855	+	Gm24526	1312
1313	Gm48193	chr9	63080267	63082973	lncRNA	ENSMUSG00000111144	-	Gm48193	1313
1314	Gm6082	chr9	63117201	63117654	processed_pseudogene	ENSMUSG00000111297	+	Gm6082	1314
1315	Gm25064	chr9	63133283	63133389	snRNA	ENSMUSG00000094201	+	Gm25064	1315
1316	Skor1	chr9	63138170	63148961	protein_coding	ENSMUSG00000022245	-	Skor1	1316
1317	Map2k5	chr9	63163768	63377902	protein_coding	ENSMUSG00000058444	-	Map2k5	1317
1318	2300009A05Rik	chr9	63394447	63399246	protein_coding	ENSMUSG00000032403	-	2300009A05Rik	1318
1319	Gm16759	chr9	63398601	63568691	lncRNA	ENSMUSG00000086539	+	Gm16759	1319
1320	Iqch	chr9	63421455	63602493	protein_coding	ENSMUSG00000037801	-	Iqch	1320
1321	Gm25995	chr9	63442319	63442460	snRNA	ENSMUSG00000093137	+	Gm25995	1321
1322	Gm6257	chr9	63443166	63444075	processed_pseudogene	ENSMUSG00000091866	-	Gm6257	1322
1323	Aagab	chr9	63602660	63644588	protein_coding	ENSMUSG00000037257	+	Aagab	1323
1324	Smad3	chr9	63646767	63757994	protein_coding	ENSMUSG00000032402	-	Smad3	1324
1325	Gm2553	chr9	63801193	63801797	processed_pseudogene	ENSMUSG00000111137	-	Gm2553	1325
1326	Gm18541	chr9	63898265	63898802	processed_pseudogene	ENSMUSG00000110768	+	Gm18541	1326
1327	Gm36033	chr9	63926655	63937121	lncRNA	ENSMUSG00000111058	-	Gm36033	1327
1328	Smad6	chr9	63953076	64022059	protein_coding	ENSMUSG00000036867	-	Smad6	1328
1329	1700055C04Rik	chr9	64038465	64041465	lncRNA	ENSMUSG00000093616	-	1700055C04Rik	1329
1330	Gm25606	chr9	64048496	64048590	rRNA	ENSMUSG00000088988	+	Gm25606	1330
1331	Scarletltr	chr9	64080761	64086961	lncRNA	ENSMUSG00000093759	+	Scarletltr	1331
1332	Lctl	chr9	64117147	64138118	protein_coding	ENSMUSG00000032401	+	Lctl	1332
1333	Zwilch	chr9	64137144	64173104	protein_coding	ENSMUSG00000032400	-	Zwilch	1333
1334	Rpl4	chr9	64173375	64178666	protein_coding	ENSMUSG00000032399	+	Rpl4	1334
1335	Gm23344	chr9	64175048	64175115	snoRNA	ENSMUSG00000065752	+	Gm23344	1335
1336	Snord16a	chr9	64175423	64175521	snoRNA	ENSMUSG00000094411	+	Snord16a	1336
1337	Gm22571	chr9	64175873	64175942	snoRNA	ENSMUSG00000064918	+	Gm22571	1337
1338	Gm23136	chr9	64176661	64176759	snoRNA	ENSMUSG00000095868	+	Gm23136	1338
1339	Gm22455	chr9	64177123	64177193	snoRNA	ENSMUSG00000064514	+	Gm22455	1339
1340	Snapc5	chr9	64179274	64183132	protein_coding	ENSMUSG00000032398	+	Snapc5	1340
1341	Map2k1	chr9	64185770	64253631	protein_coding	ENSMUSG00000004936	-	Map2k1	1341
1342	Gm24106	chr9	64225523	64225649	miRNA	ENSMUSG00000093239	+	Gm24106	1342
1343	Gm48855	chr9	64228339	64230795	lncRNA	ENSMUSG00000111160	+	Gm48855	1343
1344	Uchl4	chr9	64235201	64236362	protein_coding	ENSMUSG00000035337	+	Uchl4	1344
1345	Tipin	chr9	64281581	64305424	protein_coding	ENSMUSG00000032397	+	Tipin	1345
1346	Gm24289	chr9	64295931	64296065	scaRNA	ENSMUSG00000088254	+	Gm24289	1346
1347	Dis3l	chr9	64306756	64341288	protein_coding	ENSMUSG00000032396	-	Dis3l	1347
1348	Megf11	chr9	64385626	64709205	protein_coding	ENSMUSG00000036466	+	Megf11	1348
1349	Rab11a	chr9	64715299	64737758	protein_coding	ENSMUSG00000004771	-	Rab11a	1349
1350	Gm47308	chr9	64726624	64726730	miRNA	ENSMUSG00000104953	-	Gm47308	1350
1351	Dennd4a	chr9	64811340	64919667	protein_coding	ENSMUSG00000053641	+	Dennd4a	1351
1352	Gm24347	chr9	64881784	64881925	snoRNA	ENSMUSG00000089336	-	Gm24347	1352
1353	Slc24a1	chr9	64922861	64951607	protein_coding	ENSMUSG00000034452	-	Slc24a1	1353
1354	Ints14	chr9	64960905	64986978	protein_coding	ENSMUSG00000034263	+	Ints14	1354
1355	Gm25640	chr9	64971669	64971793	miRNA	ENSMUSG00000093119	-	Gm25640	1355
1356	Hacd3	chr9	64986983	65021693	protein_coding	ENSMUSG00000033629	-	Hacd3	1356
1357	Dpp8	chr9	65032414	65082651	protein_coding	ENSMUSG00000032393	+	Dpp8	1357
1358	Gm47350	chr9	65054882	65094355	lncRNA	ENSMUSG00000111471	-	Gm47350	1358
1359	Igdcc4	chr9	65101486	65137940	protein_coding	ENSMUSG00000032816	+	Igdcc4	1359
1360	Igdcc3	chr9	65141189	65185872	protein_coding	ENSMUSG00000032394	+	Igdcc3	1360
1361	Parp16	chr9	65195353	65239224	protein_coding	ENSMUSG00000032392	+	Parp16	1361
1362	Gm25313	chr9	65196572	65196687	snRNA	ENSMUSG00000095738	-	Gm25313	1362
1363	Rnu5g	chr9	65201726	65201841	snRNA	ENSMUSG00000095892	-	Rnu5g	1363
1364	Cilp	chr9	65265180	65280605	protein_coding	ENSMUSG00000042254	+	Cilp	1364
1365	Clpx	chr9	65294260	65330658	protein_coding	ENSMUSG00000015357	+	Clpx	1365
1366	Gm16218	chr9	65297532	65297919	processed_pseudogene	ENSMUSG00000059571	-	Gm16218	1366
1367	Gm39363	chr9	65332520	65345607	lncRNA	ENSMUSG00000111712	+	Gm39363	1367
1368	Gm19219	chr9	65336174	65336897	processed_pseudogene	ENSMUSG00000111725	-	Gm19219	1368
1369	Gm47192	chr9	65341988	65342174	processed_pseudogene	ENSMUSG00000110913	-	Gm47192	1369
1370	Pdcd7	chr9	65346104	65359643	protein_coding	ENSMUSG00000041837	+	Pdcd7	1370
1371	Ubap1l	chr9	65361041	65380377	protein_coding	ENSMUSG00000086228	+	Ubap1l	1371
1372	Gm17875	chr9	65364887	65365946	processed_pseudogene	ENSMUSG00000111092	+	Gm17875	1372
1373	Kbtbd13	chr9	65388684	65391652	protein_coding	ENSMUSG00000054978	-	Kbtbd13	1373
1374	Rasl12	chr9	65398506	65414853	protein_coding	ENSMUSG00000041696	+	Rasl12	1374
1375	Slc51b	chr9	65412714	65422955	protein_coding	ENSMUSG00000053862	-	Slc51b	1375
1376	Mtfmt	chr9	65435782	65453054	protein_coding	ENSMUSG00000059183	+	Mtfmt	1376
1377	Gm47270	chr9	65453615	65460399	lncRNA	ENSMUSG00000111722	+	Gm47270	1377
1378	Spg21	chr9	65460947	65488470	protein_coding	ENSMUSG00000032388	+	Spg21	1378
1379	Ankdd1a	chr9	65488470	65520193	protein_coding	ENSMUSG00000066510	-	Ankdd1a	1379
1380	Gm17749	chr9	65521106	65529806	lncRNA	ENSMUSG00000111818	-	Gm17749	1380
1381	Plekho2	chr9	65552698	65580040	protein_coding	ENSMUSG00000050721	-	Plekho2	1381
1382	Pif1	chr9	65587160	65595967	protein_coding	ENSMUSG00000041064	+	Pif1	1382
1383	Rbpms2	chr9	65629648	65660528	protein_coding	ENSMUSG00000032387	+	Rbpms2	1383
1384	Oaz2	chr9	65668001	65690300	protein_coding	ENSMUSG00000040652	+	Oaz2	1384
1385	Zfp609	chr9	65692391	65827564	protein_coding	ENSMUSG00000040524	-	Zfp609	1385
1386	Trip4	chr9	65828930	65908794	protein_coding	ENSMUSG00000032386	-	Trip4	1386
1387	n-R5s85	chr9	65836353	65836465	rRNA	ENSMUSG00000065387	+	n-R5s85	1387
1388	Gm16073	chr9	65838167	65838683	processed_pseudogene	ENSMUSG00000079915	+	Gm16073	1388
1389	Pclaf	chr9	65890237	65903266	protein_coding	ENSMUSG00000040204	+	Pclaf	1389
1390	Gm23248	chr9	65900201	65900308	snRNA	ENSMUSG00000065301	+	Gm23248	1390
1391	Csnk1g1	chr9	65908924	66045015	protein_coding	ENSMUSG00000032384	+	Csnk1g1	1391
1392	Gm22657	chr9	65952314	65952445	snoRNA	ENSMUSG00000077385	-	Gm22657	1392
1393	Ppib	chr9	66060222	66066623	protein_coding	ENSMUSG00000032383	+	Ppib	1393
1394	Snx22	chr9	66065176	66069719	protein_coding	ENSMUSG00000039452	-	Snx22	1394
1395	Snx1	chr9	66088133	66126587	protein_coding	ENSMUSG00000032382	-	Snx1	1395
1396	Ciao2a	chr9	66126611	66138955	protein_coding	ENSMUSG00000032381	+	Ciao2a	1396
1397	Dapk2	chr9	66158223	66272242	protein_coding	ENSMUSG00000032380	+	Dapk2	1397
1398	Herc1	chr9	66350450	66508775	protein_coding	ENSMUSG00000038664	+	Herc1	1398
1399	Gm23428	chr9	66360641	66360742	snRNA	ENSMUSG00000084437	-	Gm23428	1399
1400	Gm28379	chr9	66417746	66448496	lncRNA	ENSMUSG00000100130	-	Gm28379	1400
1401	Fbxl22	chr9	66508375	66514609	protein_coding	ENSMUSG00000050503	-	Fbxl22	1401
1402	Usp3	chr9	66514637	66593142	protein_coding	ENSMUSG00000032376	-	Usp3	1402
1403	Gm15563	chr9	66572001	66582059	lncRNA	ENSMUSG00000086387	+	Gm15563	1403
1404	Car12	chr9	66713686	66766845	protein_coding	ENSMUSG00000032373	+	Car12	1404
1405	Aph1b	chr9	66775202	66795490	protein_coding	ENSMUSG00000032375	-	Aph1b	1405
1406	Gm10647	chr9	66797039	66799074	TEC	ENSMUSG00000074232	+	Gm10647	1406
1407	BC050972	chr9	66798678	66804359	lncRNA	ENSMUSG00000092131	-	BC050972	1407
1408	Ppp1r2-ps4	chr9	66805306	66805938	processed_pseudogene	ENSMUSG00000059237	-	Ppp1r2-ps4	1408
1409	Aph1c	chr9	66814994	66834726	protein_coding	ENSMUSG00000053040	-	Aph1c	1409
1410	Gm17098	chr9	66834699	66835534	lncRNA	ENSMUSG00000091745	+	Gm17098	1410
1411	Rab8b	chr9	66843664	66919687	protein_coding	ENSMUSG00000036943	-	Rab8b	1411
1412	Rps27l	chr9	66946086	66949516	protein_coding	ENSMUSG00000036781	+	Rps27l	1412
1413	Lactb	chr9	66955388	66975484	protein_coding	ENSMUSG00000032370	-	Lactb	1413
1414	Gm24225	chr9	66981088	66981185	snRNA	ENSMUSG00000089450	-	Gm24225	1414
1415	Tpm1	chr9	67022590	67049406	protein_coding	ENSMUSG00000032366	-	Tpm1	1415
1416	Gm10646	chr9	67102300	67109601	lncRNA	ENSMUSG00000111825	+	Gm10646	1416
1417	Gm22145	chr9	67104208	67104355	snRNA	ENSMUSG00000088021	+	Gm22145	1417
1418	Gm19299	chr9	67133560	67213918	lncRNA	ENSMUSG00000111556	+	Gm19299	1418
1419	Tln2	chr9	67217087	67559703	protein_coding	ENSMUSG00000052698	-	Tln2	1419
1420	Mir190a	chr9	67236660	67236726	miRNA	ENSMUSG00000076379	-	Mir190a	1420
1421	Gm47047	chr9	67424503	67427491	lncRNA	ENSMUSG00000111412	+	Gm47047	1421
1422	Gm47110	chr9	67700181	67700585	processed_pseudogene	ENSMUSG00000111819	+	Gm47110	1422
1423	Mir7241	chr9	67727717	67727780	miRNA	ENSMUSG00000098937	-	Mir7241	1423
1424	Gm7787	chr9	67748077	67748764	processed_pseudogene	ENSMUSG00000111272	-	Gm7787	1424
1425	M5C1000I18Rik	chr9	67758712	67760230	lncRNA	ENSMUSG00000055125	-	M5C1000I18Rik	1425
1426	C2cd4b	chr9	67759437	67760930	protein_coding	ENSMUSG00000091956	+	C2cd4b	1426
1427	C2cd4a	chr9	67830489	67832330	protein_coding	ENSMUSG00000047990	-	C2cd4a	1427
1428	Vps13c	chr9	67840396	67995638	protein_coding	ENSMUSG00000035284	+	Vps13c	1428
1429	Gm20745	chr9	68017964	68025714	lncRNA	ENSMUSG00000111841	-	Gm20745	1429
1430	Gm28195	chr9	68235029	68235400	lncRNA	ENSMUSG00000101345	+	Gm28195	1430
1431	Gm19987	chr9	68421406	68421904	processed_pseudogene	ENSMUSG00000111562	-	Gm19987	1431
1432	Gm22169	chr9	68461339	68461445	snRNA	ENSMUSG00000096639	-	Gm22169	1432
1433	4930502A04Rik	chr9	68470902	68520200	lncRNA	ENSMUSG00000111303	-	4930502A04Rik	1433
1434	Gm22962	chr9	68510163	68510235	snoRNA	ENSMUSG00000088587	+	Gm22962	1434
1435	Gm47169	chr9	68552395	68552556	processed_pseudogene	ENSMUSG00000111404	+	Gm47169	1435
1436	Rora	chr9	68653786	69388246	protein_coding	ENSMUSG00000032238	+	Rora	1436
1437	Gm15511	chr9	69348889	69364247	lncRNA	ENSMUSG00000086648	-	Gm15511	1437
1438	Ice2	chr9	69397906	69433122	protein_coding	ENSMUSG00000032235	+	Ice2	1438
1439	Gm7802	chr9	69436986	69437247	processed_pseudogene	ENSMUSG00000111621	-	Gm7802	1439
1440	Gm18587	chr9	69444963	69445803	processed_pseudogene	ENSMUSG00000111484	+	Gm18587	1440
1441	Gm4978	chr9	69450235	69451035	processed_pseudogene	ENSMUSG00000062874	-	Gm4978	1441
1442	Anxa2	chr9	69453620	69491795	protein_coding	ENSMUSG00000032231	+	Anxa2	1442
1443	Mir3109	chr9	69456944	69457031	miRNA	ENSMUSG00000093042	+	Mir3109	1443
1444	Gm16144	chr9	69477029	69479598	lncRNA	ENSMUSG00000086399	-	Gm16144	1444
1445	Gm47203	chr9	69599307	69599754	processed_pseudogene	ENSMUSG00000111096	-	Gm47203	1445
1446	Foxb1	chr9	69757710	69760940	protein_coding	ENSMUSG00000059246	-	Foxb1	1446
1447	B230323A14Rik	chr9	69758740	69830845	lncRNA	ENSMUSG00000097623	+	B230323A14Rik	1447
1448	Gm28731	chr9	69988400	69989968	lncRNA	ENSMUSG00000101555	-	Gm28731	1448
1449	Bnip2	chr9	69989466	70008317	protein_coding	ENSMUSG00000011958	+	Bnip2	1449
1450	Gtf2a2	chr9	70012550	70022866	protein_coding	ENSMUSG00000033543	+	Gtf2a2	1450
1451	Gcnt3	chr9	70031496	70038088	protein_coding	ENSMUSG00000032226	-	Gcnt3	1451
1452	Gm47233	chr9	70069867	70072034	TEC	ENSMUSG00000111176	+	Gm47233	1452
1453	2210414F02Rik	chr9	70072923	70073443	lncRNA	ENSMUSG00000111043	+	2210414F02Rik	1453
1454	Fam81a	chr9	70088511	70142560	protein_coding	ENSMUSG00000032224	-	Fam81a	1454
1455	Gm24257	chr9	70148806	70148936	snoRNA	ENSMUSG00000077660	-	Gm24257	1455
1456	Myo1e	chr9	70207350	70399766	protein_coding	ENSMUSG00000032220	+	Myo1e	1456
1457	Mir5626	chr9	70405694	70405753	miRNA	ENSMUSG00000093763	-	Mir5626	1457
1458	Ccnb2	chr9	70407692	70421547	protein_coding	ENSMUSG00000032218	-	Ccnb2	1458
1459	Rnf111	chr9	70425424	70503725	protein_coding	ENSMUSG00000032217	-	Rnf111	1459
1460	Gm24615	chr9	70475484	70475596	snoRNA	ENSMUSG00000065202	+	Gm24615	1460
1461	Gm23730	chr9	70521598	70521704	snRNA	ENSMUSG00000094366	-	Gm23730	1461
1462	Gm22229	chr9	70537814	70537921	snRNA	ENSMUSG00000064921	+	Gm22229	1462
1463	Sltm	chr9	70542754	70592234	protein_coding	ENSMUSG00000032212	+	Sltm	1463
1464	Mindy2	chr9	70599014	70657174	protein_coding	ENSMUSG00000042444	-	Mindy2	1464
1465	Gm10642	chr9	70656251	70657862	lncRNA	ENSMUSG00000074213	+	Gm10642	1465
1466	Adam10	chr9	70678997	70780229	protein_coding	ENSMUSG00000054693	+	Adam10	1466
1467	Lipc	chr9	70798128	70952226	protein_coding	ENSMUSG00000032207	-	Lipc	1467
1468	Gm3436	chr9	70852576	70853415	processed_pseudogene	ENSMUSG00000096160	+	Gm3436	1468
1469	Gm32017	chr9	70930488	70934430	lncRNA	ENSMUSG00000111631	+	Gm32017	1469
1470	Aqp9	chr9	71110659	71168682	protein_coding	ENSMUSG00000032204	-	Aqp9	1470
1471	Gm47268	chr9	71126842	71127544	processed_pseudogene	ENSMUSG00000111618	+	Gm47268	1471
1472	Gm32511	chr9	71163794	71208124	lncRNA	ENSMUSG00000111429	+	Gm32511	1472
1473	Aldh1a2	chr9	71215789	71296243	protein_coding	ENSMUSG00000013584	+	Aldh1a2	1473
1474	Gm48124	chr9	71278774	71279185	processed_pseudogene	ENSMUSG00000111181	-	Gm48124	1474
1475	Polr2m	chr9	71478437	71485935	protein_coding	ENSMUSG00000032199	-	Polr2m	1475
1476	Myzap	chr9	71504347	71592360	protein_coding	ENSMUSG00000041361	-	Myzap	1476
1477	Gm6018	chr9	71598835	71600140	processed_pseudogene	ENSMUSG00000111815	-	Gm6018	1477
1478	Cgnl1	chr9	71626509	71771602	protein_coding	ENSMUSG00000032232	-	Cgnl1	1478
1479	Gm27220	chr9	71827276	71827537	processed_pseudogene	ENSMUSG00000099220	-	Gm27220	1479
1480	Gm37660	chr9	71840005	71841736	TEC	ENSMUSG00000104467	-	Gm37660	1480
1481	Tcf12	chr9	71842688	72111871	protein_coding	ENSMUSG00000032228	-	Tcf12	1481
1482	Gm38057	chr9	71852001	71855203	TEC	ENSMUSG00000102143	-	Gm38057	1482
1483	Gm38111	chr9	71896713	71899453	TEC	ENSMUSG00000102939	-	Gm38111	1483
1484	Gm18821	chr9	71908843	71909551	processed_pseudogene	ENSMUSG00000098761	+	Gm18821	1484
1485	Gm37879	chr9	71939591	71941585	TEC	ENSMUSG00000104107	-	Gm37879	1485
1486	Gm27152	chr9	71948879	71948977	processed_pseudogene	ENSMUSG00000099313	+	Gm27152	1486
1487	Gm37663	chr9	71988973	71991271	TEC	ENSMUSG00000104469	-	Gm37663	1487
1488	Gm37023	chr9	72001378	72003803	TEC	ENSMUSG00000104078	-	Gm37023	1488
1489	A430027C01Rik	chr9	72011376	72013019	TEC	ENSMUSG00000104432	-	A430027C01Rik	1489
1490	Gm27450	chr9	72033198	72033287	miRNA	ENSMUSG00000077821	+	Gm27450	1490
1491	Gm37137	chr9	72040552	72043235	TEC	ENSMUSG00000102874	-	Gm37137	1491
1492	Rpl15-ps2	chr9	72060937	72061549	processed_pseudogene	ENSMUSG00000098915	+	Rpl15-ps2	1492
1493	Gm25045	chr9	72121806	72121904	snRNA	ENSMUSG00000084619	-	Gm25045	1493
1494	Gm7863	chr9	72128587	72129391	processed_pseudogene	ENSMUSG00000099253	+	Gm7863	1494
1495	Uba52-ps	chr9	72174580	72174958	processed_pseudogene	ENSMUSG00000061390	-	Uba52-ps	1495
1496	Gm27159	chr9	72179183	72179758	lncRNA	ENSMUSG00000099020	-	Gm27159	1496
1497	Gm27188	chr9	72207706	72230306	lncRNA	ENSMUSG00000099190	-	Gm27188	1497
1498	Gm7870	chr9	72209555	72210170	processed_pseudogene	ENSMUSG00000098412	+	Gm7870	1498
1499	Gm25163	chr9	72257036	72257139	snRNA	ENSMUSG00000089530	-	Gm25163	1499
1500	Gm27253	chr9	72268614	72274856	lncRNA	ENSMUSG00000098340	-	Gm27253	1500
1501	Zfp280d	chr9	72274860	72363777	protein_coding	ENSMUSG00000038535	+	Zfp280d	1501
1502	Gm19353	chr9	72289667	72290111	processed_pseudogene	ENSMUSG00000098492	+	Gm19353	1502
1503	Gm17828	chr9	72292542	72293340	processed_pseudogene	ENSMUSG00000098893	-	Gm17828	1503
1504	Gm37983	chr9	72315131	72317136	TEC	ENSMUSG00000102225	+	Gm37983	1504
1505	Gm37303	chr9	72355075	72356633	TEC	ENSMUSG00000103133	+	Gm37303	1505
1506	Gm37581	chr9	72357227	72358214	TEC	ENSMUSG00000103388	+	Gm37581	1506
1507	BC065403	chr9	72361735	72409945	lncRNA	ENSMUSG00000097211	-	BC065403	1507
1508	Gm37150	chr9	72384389	72387142	TEC	ENSMUSG00000102925	+	Gm37150	1508
1509	Gm27230	chr9	72395974	72404510	lncRNA	ENSMUSG00000098959	+	Gm27230	1509
1510	Gm27255	chr9	72409268	72409878	lncRNA	ENSMUSG00000098801	+	Gm27255	1510
1511	Gm27254	chr9	72431127	72431643	processed_pseudogene	ENSMUSG00000099019	-	Gm27254	1511
1512	Mns1	chr9	72438011	72462025	protein_coding	ENSMUSG00000032221	+	Mns1	1512
1513	Gm36948	chr9	72440760	72444006	TEC	ENSMUSG00000103445	+	Gm36948	1513
1514	Gm27231	chr9	72441079	72441779	lncRNA	ENSMUSG00000098778	-	Gm27231	1514
1515	Tex9	chr9	72450394	72492212	protein_coding	ENSMUSG00000090626	-	Tex9	1515
1516	Gm28010	chr9	72511209	72511334	miRNA	ENSMUSG00000095555	-	Gm28010	1516
1517	4930509E16Rik	chr9	72518250	72531858	lncRNA	ENSMUSG00000096986	-	4930509E16Rik	1517
1518	Rfx7	chr9	72532240	72622937	protein_coding	ENSMUSG00000037674	+	Rfx7	1518
1519	Gm19427	chr9	72551728	72551935	processed_pseudogene	ENSMUSG00000099310	+	Gm19427	1519
1520	Gm37105	chr9	72594923	72597007	TEC	ENSMUSG00000102672	+	Gm37105	1520
1521	Gm18014	chr9	72606381	72607197	processed_pseudogene	ENSMUSG00000098275	-	Gm18014	1521
1522	Gm27241	chr9	72613790	72617053	lncRNA	ENSMUSG00000099051	-	Gm27241	1522
1523	Gm27232	chr9	72618693	72619520	lncRNA	ENSMUSG00000098573	-	Gm27232	1523
1524	Gm23057	chr9	72633447	72633553	snRNA	ENSMUSG00000064735	+	Gm23057	1524
1525	Nedd4	chr9	72662346	72749852	protein_coding	ENSMUSG00000032216	+	Nedd4	1525
1526	A530064N14Rik	chr9	72687224	72688715	TEC	ENSMUSG00000104273	+	A530064N14Rik	1526
1527	Gm7265	chr9	72691549	72695050	TEC	ENSMUSG00000102573	+	Gm7265	1527
1528	Gm37955	chr9	72716960	72717171	TEC	ENSMUSG00000104066	+	Gm37955	1528
1529	Gm36936	chr9	72728140	72730888	TEC	ENSMUSG00000102411	+	Gm36936	1529
1530	Gm27204	chr9	72774063	72776225	lncRNA	ENSMUSG00000098294	-	Gm27204	1530
1531	Prtg	chr9	72806874	72917291	protein_coding	ENSMUSG00000036030	+	Prtg	1531
1532	Gm27203	chr9	72827257	72827563	processed_pseudogene	ENSMUSG00000098471	-	Gm27203	1532
1533	A730062M13Rik	chr9	72869652	72871561	TEC	ENSMUSG00000102971	+	A730062M13Rik	1533
1534	Gm37234	chr9	72889045	72890485	TEC	ENSMUSG00000102330	+	Gm37234	1534
1535	Pygo1	chr9	72925645	72952181	protein_coding	ENSMUSG00000034910	+	Pygo1	1535
1536	Dnaaf4	chr9	72958785	72973064	protein_coding	ENSMUSG00000092192	+	Dnaaf4	1536
1537	Gm44503	chr9	72958852	73016319	protein_coding	ENSMUSG00000089865	+	Gm44503	1537
1538	Gm23567	chr9	72969602	72969708	snRNA	ENSMUSG00000096559	+	Gm23567	1538
1539	Gm37710	chr9	72972285	72973558	TEC	ENSMUSG00000102797	-	Gm37710	1539
1540	Ccpg1os	chr9	72979722	72985382	protein_coding	ENSMUSG00000086158	-	Ccpg1os	1540
1541	Ccpg1	chr9	72985429	73016340	protein_coding	ENSMUSG00000034563	+	Ccpg1	1541
1542	Gm27353	chr9	73005201	73005322	miRNA	ENSMUSG00000098589	+	Gm27353	1542
1543	Pigb	chr9	73007419	73040378	protein_coding	ENSMUSG00000079469	-	Pigb	1543
1544	Gm38192	chr9	73024293	73026139	TEC	ENSMUSG00000102305	+	Gm38192	1544
1545	2310009A05Rik	chr9	73039718	73042779	protein_coding	ENSMUSG00000098332	+	2310009A05Rik	1545
1546	Rab27a	chr9	73044854	73097629	protein_coding	ENSMUSG00000032202	+	Rab27a	1546
1547	Gm27186	chr9	73060951	73061257	processed_pseudogene	ENSMUSG00000098468	+	Gm27186	1547
1548	Khdc3	chr9	73101836	73104438	protein_coding	ENSMUSG00000092622	+	Khdc3	1548
1549	Gm20509	chr9	73102470	73117920	protein_coding	ENSMUSG00000092310	+	Gm20509	1549
1550	Rsl24d1	chr9	73113426	73123333	protein_coding	ENSMUSG00000032215	+	Rsl24d1	1550
1551	Gm38215	chr9	73132689	73134921	TEC	ENSMUSG00000103556	+	Gm38215	1551
1552	Gm5745	chr9	73175429	73175741	processed_pseudogene	ENSMUSG00000066478	-	Gm5745	1552
1553	Gm27211	chr9	73192483	73268115	lncRNA	ENSMUSG00000098875	+	Gm27211	1553
1554	Unc13c	chr9	73479422	73968966	protein_coding	ENSMUSG00000062151	-	Unc13c	1554
1555	Gm37611	chr9	73551843	73553870	TEC	ENSMUSG00000103832	-	Gm37611	1555
1556	Gm25105	chr9	73795128	73795257	snoRNA	ENSMUSG00000084426	-	Gm25105	1556
1557	Gm37326	chr9	73857108	73860178	TEC	ENSMUSG00000103202	-	Gm37326	1557
1558	Wdr72	chr9	74110356	74283308	protein_coding	ENSMUSG00000044976	+	Wdr72	1558
1559	Gm24141	chr9	74362610	74362724	snRNA	ENSMUSG00000084725	+	Gm24141	1559
1560	Gm28622	chr9	74560582	74561378	lncRNA	ENSMUSG00000101526	-	Gm28622	1560
1561	Gm27189	chr9	74568238	74568427	processed_pseudogene	ENSMUSG00000098748	+	Gm27189	1561
1562	Gm27233	chr9	74709262	74709568	processed_pseudogene	ENSMUSG00000098272	+	Gm27233	1562
1563	Gm16551	chr9	74847983	74860134	lncRNA	ENSMUSG00000066477	+	Gm16551	1563
1564	Gm20649	chr9	74848463	74891476	lncRNA	ENSMUSG00000093662	+	Gm20649	1564
1565	Gm28182	chr9	74852909	74855385	lncRNA	ENSMUSG00000101596	-	Gm28182	1565
1566	Onecut1	chr9	74861921	74891781	protein_coding	ENSMUSG00000043013	+	Onecut1	1566
1567	Fam214a	chr9	74952884	75032468	protein_coding	ENSMUSG00000034858	+	Fam214a	1567
1568	Arpp19	chr9	75037614	75060313	protein_coding	ENSMUSG00000007656	+	Arpp19	1568
1569	Gm2981	chr9	75061354	75062047	processed_pseudogene	ENSMUSG00000111027	-	Gm2981	1569
1570	Myo5a	chr9	75071015	75223688	protein_coding	ENSMUSG00000034593	+	Myo5a	1570
1571	Gm9719	chr9	75098598	75099140	processed_pseudogene	ENSMUSG00000090001	-	Gm9719	1571
1572	Gm16353	chr9	75132959	75134181	processed_pseudogene	ENSMUSG00000089651	-	Gm16353	1572
1573	Myo5c	chr9	75232020	75305451	protein_coding	ENSMUSG00000033590	+	Myo5c	1573
1574	Gnb5	chr9	75306288	75345876	protein_coding	ENSMUSG00000032192	+	Gnb5	1574
1575	Gm19531	chr9	75310335	75314871	lncRNA	ENSMUSG00000111348	-	Gm19531	1575
1576	Gm48677	chr9	75317072	75342842	lncRNA	ENSMUSG00000110824	-	Gm48677	1576
1577	Bcl2l10	chr9	75347758	75351649	protein_coding	ENSMUSG00000032191	+	Bcl2l10	1577
1578	Mapk6	chr9	75369062	75410005	protein_coding	ENSMUSG00000042688	-	Mapk6	1578
1579	Gm18015	chr9	75372784	75373099	processed_pseudogene	ENSMUSG00000111545	-	Gm18015	1579
1580	Gm5366	chr9	75374611	75375948	processed_pseudogene	ENSMUSG00000111495	-	Gm5366	1580
1581	4933433G15Rik	chr9	75410184	75417709	lncRNA	ENSMUSG00000097021	+	4933433G15Rik	1581
1582	Leo1	chr9	75441524	75466432	protein_coding	ENSMUSG00000042487	+	Leo1	1582
1583	Gm7972	chr9	75468616	75486681	transcribed_unprocessed_pseudogene	ENSMUSG00000109032	+	Gm7972	1583
1584	Tmod3	chr9	75497707	75559657	protein_coding	ENSMUSG00000058587	-	Tmod3	1584
1585	Gm48789	chr9	75520374	75520502	processed_pseudogene	ENSMUSG00000111228	-	Gm48789	1585
1586	Tmod2	chr9	75565621	75611325	protein_coding	ENSMUSG00000032186	-	Tmod2	1586
1587	Gm48822	chr9	75582739	75585109	TEC	ENSMUSG00000110895	-	Gm48822	1587
1588	Lysmd2	chr9	75625741	75637771	protein_coding	ENSMUSG00000032184	+	Lysmd2	1588
1589	Scg3	chr9	75643189	75684056	protein_coding	ENSMUSG00000032181	-	Scg3	1589
1590	Gm37871	chr9	75666652	75667339	TEC	ENSMUSG00000102176	+	Gm37871	1590
1591	Gm3671	chr9	75693653	75694659	processed_pseudogene	ENSMUSG00000098232	-	Gm3671	1591
1592	Bmp5	chr9	75775364	75900310	protein_coding	ENSMUSG00000032179	+	Bmp5	1592
1593	Gm47723	chr9	75876260	75877713	TEC	ENSMUSG00000110817	+	Gm47723	1593
1594	Gm26903	chr9	75897843	76015192	lncRNA	ENSMUSG00000097836	-	Gm26903	1594
1595	Gm44355	chr9	75911422	75911525	miRNA	ENSMUSG00000105435	+	Gm44355	1595
1596	Gm34005	chr9	75964204	75964485	processed_pseudogene	ENSMUSG00000111119	+	Gm34005	1596
1597	Hmgcll1	chr9	76014855	76136350	protein_coding	ENSMUSG00000007908	+	Hmgcll1	1597
1598	Gm38083	chr9	76067449	76070946	TEC	ENSMUSG00000103354	+	Gm38083	1598
1599	Gfral	chr9	76164102	76213657	protein_coding	ENSMUSG00000059383	-	Gfral	1599
1600	Hcrtr2	chr9	76225880	76323856	protein_coding	ENSMUSG00000032360	-	Hcrtr2	1600
1601	Gm27234	chr9	76319577	76320846	lncRNA	ENSMUSG00000098894	+	Gm27234	1601
1602	Fam83b	chr9	76490054	76567116	protein_coding	ENSMUSG00000032358	-	Fam83b	1602
1603	Gm27156	chr9	76650381	76651134	processed_pseudogene	ENSMUSG00000098335	+	Gm27156	1603
1604	Gm27245	chr9	76658075	76658450	processed_pseudogene	ENSMUSG00000098924	+	Gm27245	1604
1605	Gm22938	chr9	76716628	76716747	snoRNA	ENSMUSG00000077144	-	Gm22938	1605
1606	Gm34158	chr9	76754767	76786516	lncRNA	ENSMUSG00000111222	+	Gm34158	1606
1607	Gm27155	chr9	76760112	76761009	processed_pseudogene	ENSMUSG00000099239	-	Gm27155	1607
1608	Gm23791	chr9	76773232	76773524	misc_RNA	ENSMUSG00000084502	-	Gm23791	1608
1609	Gm47800	chr9	76804116	76823062	lncRNA	ENSMUSG00000110839	-	Gm47800	1609
1610	Gm18486	chr9	76869186	76869483	processed_pseudogene	ENSMUSG00000098888	-	Gm18486	1610
1611	Tinag	chr9	76951693	77045794	protein_coding	ENSMUSG00000032357	-	Tinag	1611
1612	Gm27158	chr9	76989782	76990019	processed_pseudogene	ENSMUSG00000098333	+	Gm27158	1612
1613	Gm19541	chr9	77046682	77051953	lncRNA	ENSMUSG00000098370	+	Gm19541	1613
1614	Gm5746	chr9	77097191	77099390	processed_pseudogene	ENSMUSG00000099138	+	Gm5746	1614
1615	Mlip	chr9	77102081	77352969	protein_coding	ENSMUSG00000032355	-	Mlip	1615
1616	Gm27210	chr9	77294838	77295239	processed_pseudogene	ENSMUSG00000098668	-	Gm27210	1616
1617	Gm38254	chr9	77302067	77303075	TEC	ENSMUSG00000102783	-	Gm38254	1617
1618	5730403I07Rik	chr9	77366412	77399418	lncRNA	ENSMUSG00000099170	-	5730403I07Rik	1618
1619	Lrrc1	chr9	77430823	77544870	protein_coding	ENSMUSG00000032352	-	Lrrc1	1619
1620	Gm19569	chr9	77544959	77546467	lncRNA	ENSMUSG00000099094	+	Gm19569	1620
1621	Gm21013	chr9	77552633	77553833	processed_pseudogene	ENSMUSG00000098895	-	Gm21013	1621
1622	Gm25250	chr9	77577714	77577789	miRNA	ENSMUSG00000093211	+	Gm25250	1622
1623	Klhl31	chr9	77636500	77660127	protein_coding	ENSMUSG00000044938	+	Klhl31	1623
1624	Gm47790	chr9	77692197	77730279	lncRNA	ENSMUSG00000111225	-	Gm47790	1624
1625	Gm47789	chr9	77706558	77707882	lncRNA	ENSMUSG00000110838	-	Gm47789	1625
1626	Gm47795	chr9	77730737	77733268	lncRNA	ENSMUSG00000111014	-	Gm47795	1626
1627	Gclc	chr9	77754535	77794485	protein_coding	ENSMUSG00000032350	+	Gclc	1627
1628	Gm34654	chr9	77807036	77809793	lncRNA	ENSMUSG00000111253	-	Gm34654	1628
1629	Gm47818	chr9	77836030	77848111	lncRNA	ENSMUSG00000111250	+	Gm47818	1629
1630	Gm47824	chr9	77901529	77902619	TEC	ENSMUSG00000110724	+	Gm47824	1630
1631	Elovl5	chr9	77917364	77984519	protein_coding	ENSMUSG00000032349	+	Elovl5	1631
1632	Gm34829	chr9	77992599	78002261	lncRNA	ENSMUSG00000111610	+	Gm34829	1632
1633	Gm23609	chr9	78013972	78014098	snoRNA	ENSMUSG00000077730	-	Gm23609	1633
1634	Gm39375	chr9	78015018	78020703	lncRNA	ENSMUSG00000111335	+	Gm39375	1634
1635	Gm47829	chr9	78027945	78028089	processed_pseudogene	ENSMUSG00000111850	+	Gm47829	1635
1636	Gcm1	chr9	78051924	78065624	protein_coding	ENSMUSG00000023333	+	Gcm1	1636
1637	Gm8058	chr9	78068851	78069437	processed_pseudogene	ENSMUSG00000111596	+	Gm8058	1637
1638	Fbxo9	chr9	78081499	78109065	protein_coding	ENSMUSG00000001366	-	Fbxo9	1638
1639	Ick	chr9	78109192	78172107	protein_coding	ENSMUSG00000009828	+	Ick	1639
1640	Rn7sk	chr9	78175303	78175633	misc_RNA	ENSMUSG00000065037	-	Rn7sk	1640
1641	C920006O11Rik	chr9	78175914	78178879	transcribed_unprocessed_pseudogene	ENSMUSG00000097574	+	C920006O11Rik	1641
1642	Gsta4	chr9	78182774	78209349	protein_coding	ENSMUSG00000032348	+	Gsta4	1642
1643	Gm3126	chr9	78213378	78214845	processed_pseudogene	ENSMUSG00000111015	-	Gm3126	1643
1644	Gsta1	chr9	78230656	78242684	protein_coding	ENSMUSG00000074183	+	Gsta1	1644
1645	Gm3776	chr9	78257129	78269166	protein_coding	ENSMUSG00000111709	+	Gm3776	1645
1646	Gm10639	chr9	78289923	78305525	protein_coding	ENSMUSG00000074179	+	Gm10639	1646
1647	Omt2a	chr9	78311972	78314796	protein_coding	ENSMUSG00000066463	-	Omt2a	1647
1648	Gm8074	chr9	78321299	78322354	unprocessed_pseudogene	ENSMUSG00000090802	-	Gm8074	1648
1649	Omt2b	chr9	78327589	78329620	protein_coding	ENSMUSG00000038750	+	Omt2b	1649
1650	Gsta2	chr9	78331018	78355788	protein_coding	ENSMUSG00000057933	-	Gsta2	1650
1651	Dppa5a	chr9	78367052	78368177	protein_coding	ENSMUSG00000060461	-	Dppa5a	1651
1652	Ooep	chr9	78376109	78378725	protein_coding	ENSMUSG00000032346	-	Ooep	1652
1653	Gm8087	chr9	78388901	78389467	processed_pseudogene	ENSMUSG00000083032	-	Gm8087	1653
1654	4930542C12Rik	chr9	78394956	78396158	lncRNA	ENSMUSG00000090724	-	4930542C12Rik	1654
1655	Ddx43	chr9	78395777	78423587	protein_coding	ENSMUSG00000070291	+	Ddx43	1655
1656	Gm8093	chr9	78427507	78430805	transcribed_processed_pseudogene	ENSMUSG00000087052	+	Gm8093	1656
1657	Cgas	chr9	78430526	78443237	protein_coding	ENSMUSG00000032344	-	Cgas	1657
1658	Gm17324	chr9	78447865	78448786	lncRNA	ENSMUSG00000090317	-	Gm17324	1658
1659	Mto1	chr9	78448208	78475348	protein_coding	ENSMUSG00000032342	+	Mto1	1659
1660	Eef1a1	chr9	78478449	78489151	protein_coding	ENSMUSG00000037742	-	Eef1a1	1660
1661	Gm26377	chr9	78478528	78478635	miRNA	ENSMUSG00000076138	-	Gm26377	1661
1662	Gm47430	chr9	78520546	78522157	lncRNA	ENSMUSG00000111417	+	Gm47430	1662
1663	Slc17a5	chr9	78536488	78588041	protein_coding	ENSMUSG00000049624	-	Slc17a5	1663
1664	Cd109	chr9	78615546	78716253	protein_coding	ENSMUSG00000046186	+	Cd109	1664
1665	4921509A06Rik	chr9	78629374	78630128	lncRNA	ENSMUSG00000091147	-	4921509A06Rik	1665
1666	Gm46138	chr9	78767107	78767532	processed_pseudogene	ENSMUSG00000110809	-	Gm46138	1666
1667	Gm8116	chr9	78820638	78821838	processed_pseudogene	ENSMUSG00000059422	-	Gm8116	1667
1668	Gm47498	chr9	78936559	78936783	processed_pseudogene	ENSMUSG00000111081	-	Gm47498	1668
1669	Gm18863	chr9	78942338	78943636	processed_pseudogene	ENSMUSG00000111309	-	Gm18863	1669
1670	Gm35024	chr9	79026940	79029752	lncRNA	ENSMUSG00000111363	-	Gm35024	1670
1671	Gm47499	chr9	79159621	79202007	lncRNA	ENSMUSG00000110923	-	Gm47499	1671
1672	Gm47501	chr9	79215121	79267651	lncRNA	ENSMUSG00000111638	-	Gm47501	1672
1673	Gm28620	chr9	79238620	79239058	lncRNA	ENSMUSG00000102020	+	Gm28620	1673
1674	Gm47500	chr9	79263892	79264275	processed_pseudogene	ENSMUSG00000111670	+	Gm47500	1674
1675	Gm49264	chr9	79342236	79342940	processed_pseudogene	ENSMUSG00000110856	-	Gm49264	1675
1676	Aldoa-ps3	chr9	79346321	79346626	processed_pseudogene	ENSMUSG00000111492	-	Aldoa-ps3	1676
1677	Aldoa-ps4	chr9	79346774	79347526	processed_pseudogene	ENSMUSG00000111336	+	Aldoa-ps4	1677
1678	Gm39377	chr9	79378119	79390855	lncRNA	ENSMUSG00000111633	-	Gm39377	1678
1679	Gm35262	chr9	79395203	79395469	processed_pseudogene	ENSMUSG00000111560	-	Gm35262	1679
1680	Gm10635	chr9	79444037	79519302	lncRNA	ENSMUSG00000111765	-	Gm10635	1680
1681	Gm8125	chr9	79573808	79574545	processed_pseudogene	ENSMUSG00000111207	+	Gm8125	1681
1682	Col12a1	chr9	79598991	79718831	protein_coding	ENSMUSG00000032332	-	Col12a1	1682
1683	4930562D21Rik	chr9	79688776	79690907	lncRNA	ENSMUSG00000086608	+	4930562D21Rik	1683
1684	Cox7a2	chr9	79755361	79759878	protein_coding	ENSMUSG00000032330	-	Cox7a2	1684
1685	Tmem30a	chr9	79768943	79793507	protein_coding	ENSMUSG00000032328	-	Tmem30a	1685
1686	4930429F24Rik	chr9	79793641	79803235	lncRNA	ENSMUSG00000086918	+	4930429F24Rik	1686
1687	Filip1	chr9	79805094	80012851	protein_coding	ENSMUSG00000034898	-	Filip1	1687
1688	Gm20477	chr9	79838108	79838387	processed_pseudogene	ENSMUSG00000092565	-	Gm20477	1688
1689	Gm3211	chr9	79913200	79913631	lncRNA	ENSMUSG00000092581	+	Gm3211	1689
1690	Gm8131	chr9	80003838	80005407	processed_pseudogene	ENSMUSG00000111827	+	Gm8131	1690
1691	Gm25433	chr9	80037429	80037714	misc_RNA	ENSMUSG00000088908	+	Gm25433	1691
1692	Gm46146	chr9	80043871	80044216	processed_pseudogene	ENSMUSG00000111574	-	Gm46146	1692
1693	Senp6	chr9	80066903	80144953	protein_coding	ENSMUSG00000034252	+	Senp6	1693
1694	Gm20648	chr9	80073429	80073756	processed_pseudogene	ENSMUSG00000093779	-	Gm20648	1694
1695	Gm17477	chr9	80118895	80121937	lncRNA	ENSMUSG00000084917	-	Gm17477	1695
1696	Myo6	chr9	80165031	80311729	protein_coding	ENSMUSG00000033577	+	Myo6	1696
1697	Gm27227	chr9	80263306	80265450	lncRNA	ENSMUSG00000099016	-	Gm27227	1697
1698	Impg1	chr9	80313330	80465481	protein_coding	ENSMUSG00000032343	-	Impg1	1698
1699	Gm18292	chr9	80451248	80452166	processed_pseudogene	ENSMUSG00000111267	+	Gm18292	1699
1700	Gm48387	chr9	80544763	80601097	lncRNA	ENSMUSG00000111510	-	Gm48387	1700
1701	Gm39380	chr9	80709995	80713723	lncRNA	ENSMUSG00000111717	+	Gm39380	1701
1702	Gm27224	chr9	80802651	80864861	lncRNA	ENSMUSG00000098685	+	Gm27224	1702
1703	Gm27225	chr9	80926034	80927213	processed_pseudogene	ENSMUSG00000098935	-	Gm27225	1703
1704	Gm26713	chr9	80955436	81203591	lncRNA	ENSMUSG00000097655	+	Gm26713	1704
1705	Gm8151	chr9	81016088	81016958	processed_pseudogene	ENSMUSG00000099085	-	Gm8151	1705
1706	Gm27226	chr9	81455397	81460966	lncRNA	ENSMUSG00000098429	+	Gm27226	1706
1707	Htr1b	chr9	81628291	81633828	protein_coding	ENSMUSG00000049511	-	Htr1b	1707
1708	D430036J16Rik	chr9	81631551	81645156	lncRNA	ENSMUSG00000097466	+	D430036J16Rik	1708
1709	Gm9531	chr9	81677598	81678677	transcribed_processed_pseudogene	ENSMUSG00000079225	+	Gm9531	1709
1710	Gm26907	chr9	81776695	81858891	lncRNA	ENSMUSG00000097241	-	Gm26907	1710
1711	Mei4	chr9	81863670	82206007	protein_coding	ENSMUSG00000043289	+	Mei4	1711
1712	Gm19228	chr9	82196479	82197195	processed_pseudogene	ENSMUSG00000110748	-	Gm19228	1712
1713	Gm15896	chr9	82202648	82203398	processed_pseudogene	ENSMUSG00000081273	+	Gm15896	1713
1714	Gm35548	chr9	82249931	82260208	lncRNA	ENSMUSG00000111697	-	Gm35548	1714
1715	1700063H06Rik	chr9	82260293	82263485	lncRNA	ENSMUSG00000099266	+	1700063H06Rik	1715
1716	Gm22836	chr9	82439414	82439474	snRNA	ENSMUSG00000089066	-	Gm22836	1716
1717	Gm27249	chr9	82524991	82525318	processed_pseudogene	ENSMUSG00000098420	+	Gm27249	1717
1718	Irak1bp1	chr9	82829540	82847687	protein_coding	ENSMUSG00000032251	+	Irak1bp1	1718
1719	Phip	chr9	82866159	82975516	protein_coding	ENSMUSG00000032253	-	Phip	1719
1720	Gm39383	chr9	83008603	83042603	lncRNA	ENSMUSG00000111839	+	Gm39383	1720
1721	Gm27248	chr9	83073223	83073388	processed_pseudogene	ENSMUSG00000099188	-	Gm27248	1721
1722	Gm38398	chr9	83098224	83106330	lncRNA	ENSMUSG00000111774	+	Gm38398	1722
1723	Hmgn3	chr9	83109948	83146685	protein_coding	ENSMUSG00000066456	-	Hmgn3	1723
1724	Gm2065	chr9	83114108	83116864	TEC	ENSMUSG00000102882	+	Gm2065	1724
1725	Gm29054	chr9	83145915	83147364	lncRNA	ENSMUSG00000101144	+	Gm29054	1725
1726	Gm38279	chr9	83174647	83175777	TEC	ENSMUSG00000104080	-	Gm38279	1726
1727	Gm27216	chr9	83240481	83254540	lncRNA	ENSMUSG00000098747	-	Gm27216	1727
1728	Gm46123	chr9	83346159	83353978	lncRNA	ENSMUSG00000111443	+	Gm46123	1728
1729	Lca5	chr9	83390293	83441127	protein_coding	ENSMUSG00000032258	-	Lca5	1729
1730	Rps27a-ps2	chr9	83409660	83410126	processed_pseudogene	ENSMUSG00000058838	+	Rps27a-ps2	1730
1731	Gm2087	chr9	83431547	83454573	lncRNA	ENSMUSG00000099718	+	Gm2087	1731
1732	Gm37307	chr9	83447559	83450179	TEC	ENSMUSG00000103044	+	Gm37307	1732
1733	Gm28552	chr9	83480032	83480419	processed_pseudogene	ENSMUSG00000099816	+	Gm28552	1733
1734	Sh3bgrl2	chr9	83548327	83638801	protein_coding	ENSMUSG00000032261	+	Sh3bgrl2	1734
1735	Gm39384	chr9	83571560	83573289	lncRNA	ENSMUSG00000110950	-	Gm39384	1735
1736	Gm36120	chr9	83678081	83687525	lncRNA	ENSMUSG00000111820	-	Gm36120	1736
1737	Gm2109	chr9	83691475	83693223	lncRNA	ENSMUSG00000100155	+	Gm2109	1737
1738	Elovl4	chr9	83778692	83806277	protein_coding	ENSMUSG00000032262	-	Elovl4	1738
1739	Ttk	chr9	83834689	83872389	protein_coding	ENSMUSG00000038379	+	Ttk	1739
1740	Gm36278	chr9	83921709	83925022	lncRNA	ENSMUSG00000111769	-	Gm36278	1740
1741	Bckdhb	chr9	83925145	84124240	protein_coding	ENSMUSG00000032263	+	Bckdhb	1741
1742	Gm29163	chr9	83938369	83938475	snRNA	ENSMUSG00000101392	-	Gm29163	1742
1743	Gm29164	chr9	83965984	83967007	processed_pseudogene	ENSMUSG00000101077	-	Gm29164	1743
1744	Gm46124	chr9	84009139	84024817	lncRNA	ENSMUSG00000111757	-	Gm46124	1744
1745	Gm26146	chr9	84188355	84188539	snRNA	ENSMUSG00000077666	+	Gm26146	1745
1746	Gm18487	chr9	84385307	84386555	processed_pseudogene	ENSMUSG00000111616	-	Gm18487	1746
1747	Gm8226	chr9	84423984	84424781	processed_pseudogene	ENSMUSG00000099927	+	Gm8226	1747
1748	Gm39388	chr9	84577960	84613684	lncRNA	ENSMUSG00000111245	+	Gm39388	1748
1749	Gm26126	chr9	84649496	84649659	snRNA	ENSMUSG00000065122	+	Gm26126	1749
1750	Gm48811	chr9	84676576	84677002	processed_pseudogene	ENSMUSG00000111770	-	Gm48811	1750
1751	4930554C24Rik	chr9	84774398	84857691	lncRNA	ENSMUSG00000099724	+	4930554C24Rik	1751
1752	Gm48820	chr9	84858707	84862914	lncRNA	ENSMUSG00000111500	+	Gm48820	1752
1753	Gm28625	chr9	84890545	84890749	lncRNA	ENSMUSG00000102064	+	Gm28625	1753
1754	Gm48821	chr9	84892120	84924633	lncRNA	ENSMUSG00000110783	-	Gm48821	1754
1755	Gm8228	chr9	84973053	84976515	processed_pseudogene	ENSMUSG00000099779	-	Gm8228	1755
1756	Gm28070	chr9	85104765	85105209	processed_pseudogene	ENSMUSG00000101673	+	Gm28070	1756
1757	Gm48830	chr9	85221196	85234582	lncRNA	ENSMUSG00000111281	-	Gm48830	1757
1758	Gm48831	chr9	85238908	85240041	lncRNA	ENSMUSG00000111822	-	Gm48831	1758
1759	Gm11114	chr9	85312773	85312860	protein_coding	ENSMUSG00000079433	+	Gm11114	1759
1760	Tent5a	chr9	85320439	85327348	protein_coding	ENSMUSG00000032265	-	Tent5a	1760
1761	Gm48832	chr9	85332352	85348065	lncRNA	ENSMUSG00000111840	-	Gm48832	1761
1762	Gm36927	chr9	85342511	85344351	TEC	ENSMUSG00000103368	-	Gm36927	1762
1763	Gm48833	chr9	85418035	85419158	lncRNA	ENSMUSG00000111663	-	Gm48833	1763
1764	Gm25125	chr9	85472734	85472869	snoRNA	ENSMUSG00000065274	+	Gm25125	1764
1765	Gm48834	chr9	85519493	85553765	lncRNA	ENSMUSG00000110956	-	Gm48834	1765
1766	Gm48842	chr9	85637289	85639567	lncRNA	ENSMUSG00000111386	-	Gm48842	1766
1767	Ibtk	chr9	85687360	85749334	protein_coding	ENSMUSG00000035941	-	Ibtk	1767
1768	4933431K14Rik	chr9	85749078	85750429	TEC	ENSMUSG00000103715	+	4933431K14Rik	1768
1769	Gm22830	chr9	85772351	85772480	snoRNA	ENSMUSG00000065706	-	Gm22830	1769
1770	Gm5619	chr9	85781868	85782627	processed_pseudogene	ENSMUSG00000099980	-	Gm5619	1770
1771	Gm18766	chr9	85789764	85790571	processed_pseudogene	ENSMUSG00000100019	-	Gm18766	1771
1772	9330154J02Rik	chr9	85820241	85844323	lncRNA	ENSMUSG00000056031	-	9330154J02Rik	1772
1773	Tpbg	chr9	85842380	85847040	protein_coding	ENSMUSG00000035274	+	Tpbg	1773
1774	Gm47604	chr9	85941038	85943200	lncRNA	ENSMUSG00000110946	-	Gm47604	1774
1775	Gm18016	chr9	86173925	86176015	processed_pseudogene	ENSMUSG00000111418	-	Gm18016	1775
1776	Ube2cbp	chr9	86307306	86464950	protein_coding	ENSMUSG00000032415	-	Ube2cbp	1776
1777	Gm16202	chr9	86316141	86316684	processed_pseudogene	ENSMUSG00000083731	-	Gm16202	1777
1778	Dop1a	chr9	86467154	86555923	protein_coding	ENSMUSG00000034973	+	Dop1a	1778
1779	Gm17530	chr9	86546682	86547153	TEC	ENSMUSG00000103731	-	Gm17530	1779
1780	Pgm3	chr9	86554377	86571842	protein_coding	ENSMUSG00000056131	-	Pgm3	1780
1781	Rwdd2a	chr9	86571991	86574899	protein_coding	ENSMUSG00000032417	+	Rwdd2a	1781
1782	Me1	chr9	86581371	86695953	protein_coding	ENSMUSG00000032418	-	Me1	1782
1783	Gm38230	chr9	86684050	86685208	TEC	ENSMUSG00000102259	-	Gm38230	1783
1784	A330041J22Rik	chr9	86695460	86701253	lncRNA	ENSMUSG00000087466	+	A330041J22Rik	1784
1785	Gm25949	chr9	86699043	86699156	snRNA	ENSMUSG00000093074	-	Gm25949	1785
1786	Gm22138	chr9	86703819	86703946	snoRNA	ENSMUSG00000089373	+	Gm22138	1786
1787	Gm37484	chr9	86712004	86714526	TEC	ENSMUSG00000104120	+	Gm37484	1787
1788	Prss35	chr9	86743649	86758443	protein_coding	ENSMUSG00000033491	+	Prss35	1788
1789	Snap91	chr9	86765923	86880654	protein_coding	ENSMUSG00000033419	-	Snap91	1789
1790	Gm37941	chr9	86784547	86786855	TEC	ENSMUSG00000103891	-	Gm37941	1790
1791	Gm36539	chr9	86981991	87006163	lncRNA	ENSMUSG00000111874	-	Gm36539	1791
1792	Ripply2	chr9	87015537	87019917	protein_coding	ENSMUSG00000047897	+	Ripply2	1792
1793	Cyb5r4	chr9	87022014	87077774	protein_coding	ENSMUSG00000032872	+	Cyb5r4	1793
1794	Mrap2	chr9	87144306	87184045	protein_coding	ENSMUSG00000042761	+	Mrap2	1794
1795	Gm37012	chr9	87188336	87189413	TEC	ENSMUSG00000102830	-	Gm37012	1795
1796	Cep162	chr9	87189577	87255536	protein_coding	ENSMUSG00000056919	-	Cep162	1796
1797	Gm24649	chr9	87200109	87200242	rRNA	ENSMUSG00000087731	+	Gm24649	1797
1798	Gm9540	chr9	87394250	87394727	processed_pseudogene	ENSMUSG00000099385	+	Gm9540	1798
1799	Gm37375	chr9	87498112	87498498	TEC	ENSMUSG00000102683	+	Gm37375	1799
1800	Tbx18	chr9	87702800	87731260	protein_coding	ENSMUSG00000032419	-	Tbx18	1800
1801	D030062O11Rik	chr9	87729285	87732090	TEC	ENSMUSG00000103710	+	D030062O11Rik	1801
1802	Gm37374	chr9	87738192	87740020	TEC	ENSMUSG00000102684	-	Gm37374	1802
1803	Gm25528	chr9	87888456	87888587	snoRNA	ENSMUSG00000093937	-	Gm25528	1803
1804	Gm28877	chr9	88039089	88039692	processed_pseudogene	ENSMUSG00000099584	-	Gm28877	1804
1805	Gm2324	chr9	88121295	88122765	processed_pseudogene	ENSMUSG00000099886	-	Gm2324	1805
1806	Gm5368	chr9	88145969	88146557	processed_pseudogene	ENSMUSG00000102075	+	Gm5368	1806
1807	Gm28231	chr9	88259895	88263035	lncRNA	ENSMUSG00000100782	+	Gm28231	1807
1808	Gm5066	chr9	88280369	88281190	processed_pseudogene	ENSMUSG00000100337	-	Gm5066	1808
1809	Gm47620	chr9	88286724	88287153	processed_pseudogene	ENSMUSG00000111795	+	Gm47620	1809
1810	Nt5e	chr9	88327197	88372092	protein_coding	ENSMUSG00000032420	+	Nt5e	1810
1811	Snx14	chr9	88376750	88438958	protein_coding	ENSMUSG00000032422	-	Snx14	1811
1812	Gm10163	chr9	88390837	88391317	processed_pseudogene	ENSMUSG00000066443	+	Gm10163	1812
1813	Gm20537	chr9	88407432	88456616	protein_coding	ENSMUSG00000092541	-	Gm20537	1813
1814	Gm28229	chr9	88441500	88443652	lncRNA	ENSMUSG00000101335	-	Gm28229	1814
1815	Syncrip	chr9	88447009	88482574	protein_coding	ENSMUSG00000032423	-	Syncrip	1815
1816	Snhg5	chr9	88521050	88522929	lncRNA	ENSMUSG00000097195	-	Snhg5	1816
1817	Snord50a	chr9	88521529	88521600	snoRNA	ENSMUSG00000094263	-	Snord50a	1817
1818	Snord50b	chr9	88521797	88521868	snoRNA	ENSMUSG00000094179	-	Snord50b	1818
1819	Gm22985	chr9	88526679	88526794	snRNA	ENSMUSG00000084703	-	Gm22985	1819
1820	Zfp949	chr9	88548020	88571061	protein_coding	ENSMUSG00000032425	+	Zfp949	1820
1821	Gm26461	chr9	88553236	88553525	misc_RNA	ENSMUSG00000092805	+	Gm26461	1821
1822	Trim43a	chr9	88580891	88588819	protein_coding	ENSMUSG00000090693	+	Trim43a	1822
1823	9430037G07Rik	chr9	88595325	88599516	lncRNA	ENSMUSG00000097073	-	9430037G07Rik	1823
1824	Gm29603	chr9	88597410	88597743	processed_pseudogene	ENSMUSG00000099389	+	Gm29603	1824
1825	Gm23017	chr9	88598348	88598419	snoRNA	ENSMUSG00000095772	-	Gm23017	1825
1826	Gm38214	chr9	88680939	88681926	TEC	ENSMUSG00000103967	-	Gm38214	1826
1827	Gm37226	chr9	88682932	88686186	TEC	ENSMUSG00000102533	-	Gm37226	1827
1828	Mthfsl	chr9	88688602	88720296	protein_coding	ENSMUSG00000079427	-	Mthfsl	1828
1829	Gm10634	chr9	88719629	88806264	lncRNA	ENSMUSG00000074149	+	Gm10634	1829
1830	Bcl2a1d	chr9	88723285	88731914	protein_coding	ENSMUSG00000099974	-	Bcl2a1d	1830
1831	Gm37560	chr9	88731998	88732997	TEC	ENSMUSG00000103165	+	Gm37560	1831
1832	Gm26082	chr9	88770355	88770481	snoRNA	ENSMUSG00000077258	-	Gm26082	1832
1833	Gm37614	chr9	88826604	88826813	TEC	ENSMUSG00000103837	-	Gm37614	1833
1834	Gm29562	chr9	88827522	88828425	lncRNA	ENSMUSG00000101698	+	Gm29562	1834
1835	Trim43c	chr9	88839164	88848190	protein_coding	ENSMUSG00000067399	+	Trim43c	1835
1836	9330159M07Rik	chr9	88840236	88858870	lncRNA	ENSMUSG00000097177	-	9330159M07Rik	1836
1837	Gm9775	chr9	88856756	88857086	processed_pseudogene	ENSMUSG00000101865	+	Gm9775	1837
1838	Gm26135	chr9	88857693	88857764	snoRNA	ENSMUSG00000096191	-	Gm26135	1838
1839	Gm26611	chr9	88859011	88883554	lncRNA	ENSMUSG00000097677	+	Gm26611	1839
1840	Gm2396	chr9	88878994	88937342	lncRNA	ENSMUSG00000099930	-	Gm2396	1840
1841	Bcl2a1a	chr9	88956900	88962419	protein_coding	ENSMUSG00000102037	+	Bcl2a1a	1841
1842	Gm37833	chr9	88980921	88984176	TEC	ENSMUSG00000103581	+	Gm37833	1842
1843	Gm37993	chr9	88985191	88986178	TEC	ENSMUSG00000103336	+	Gm37993	1843
1844	Gm24463	chr9	89075336	89075407	snoRNA	ENSMUSG00000096473	+	Gm24463	1844
1845	Gm19498	chr9	89076012	89076342	processed_pseudogene	ENSMUSG00000100602	-	Gm19498	1845
1846	Trim43b	chr9	89084624	89092835	protein_coding	ENSMUSG00000079162	-	Trim43b	1846
1847	4930579C12Rik	chr9	89113111	89177887	lncRNA	ENSMUSG00000074146	-	4930579C12Rik	1847
1848	Bcl2a1b	chr9	89199209	89207827	protein_coding	ENSMUSG00000089929	+	Bcl2a1b	1848
1849	Gm29094	chr9	89199379	89215471	protein_coding	ENSMUSG00000100838	+	Gm29094	1849
1850	Mthfs	chr9	89210676	89377713	protein_coding	ENSMUSG00000066442	+	Mthfs	1850
1851	Gm38091	chr9	89259525	89263395	TEC	ENSMUSG00000103247	-	Gm38091	1851
1852	Gm47403	chr9	89550698	89560384	lncRNA	ENSMUSG00000111806	-	Gm47403	1852
1853	Minar1	chr9	89587216	89623125	protein_coding	ENSMUSG00000039313	-	Minar1	1853
1854	Gm47409	chr9	89638072	89646002	lncRNA	ENSMUSG00000111274	+	Gm47409	1854
1855	Gm47410	chr9	89667273	89668471	processed_pseudogene	ENSMUSG00000111569	-	Gm47410	1855
1856	Tmed3	chr9	89699206	89705068	protein_coding	ENSMUSG00000032353	-	Tmed3	1856
1857	Ankrd34c	chr9	89725245	89738475	protein_coding	ENSMUSG00000047606	-	Ankrd34c	1857
1858	Mir184	chr9	89802260	89802328	miRNA	ENSMUSG00000065596	-	Mir184	1858
1859	1700017I07Rik	chr9	89802870	89806055	lncRNA	ENSMUSG00000098727	+	1700017I07Rik	1859
1860	4930524O08Rik	chr9	89826519	89864028	lncRNA	ENSMUSG00000098627	+	4930524O08Rik	1860
1861	Rasgrf1	chr9	89909908	90026977	protein_coding	ENSMUSG00000032356	+	Rasgrf1	1861
1862	Gm17944	chr9	90033243	90033885	processed_pseudogene	ENSMUSG00000100060	+	Gm17944	1862
1863	Ctsh	chr9	90054152	90076089	protein_coding	ENSMUSG00000032359	+	Ctsh	1863
1864	Morf4l1	chr9	90091665	90114774	protein_coding	ENSMUSG00000062270	-	Morf4l1	1864
1865	Gm6223	chr9	90118937	90119807	processed_pseudogene	ENSMUSG00000096647	+	Gm6223	1865
1866	9430062P05Rik	chr9	90156460	90159804	TEC	ENSMUSG00000104263	-	9430062P05Rik	1866
1867	Adamts7	chr9	90163069	90208071	protein_coding	ENSMUSG00000032363	+	Adamts7	1867
1868	Tbc1d2b	chr9	90202027	90270804	protein_coding	ENSMUSG00000037410	-	Tbc1d2b	1868
1869	Gm16200	chr9	90221295	90221625	processed_pseudogene	ENSMUSG00000081520	-	Gm16200	1869
1870	Gm30849	chr9	90303800	90318448	lncRNA	ENSMUSG00000111666	+	Gm30849	1870
1871	Gm22717	chr9	90315910	90316080	snRNA	ENSMUSG00000084652	+	Gm22717	1871
1872	Gm22866	chr9	90351995	90352171	snRNA	ENSMUSG00000065881	+	Gm22866	1872
1873	Gm2497	chr9	90732924	90733524	processed_pseudogene	ENSMUSG00000099366	-	Gm2497	1873
1874	Gm29605	chr9	90734145	90734436	processed_pseudogene	ENSMUSG00000101938	-	Gm29605	1874
1875	Gm29604	chr9	90747380	90747542	processed_pseudogene	ENSMUSG00000100663	-	Gm29604	1875
1876	Gm28703	chr9	90825302	90828860	lncRNA	ENSMUSG00000099512	-	Gm28703	1876
1877	Gm37665	chr9	90863159	90863307	TEC	ENSMUSG00000103547	+	Gm37665	1877
1878	Gm20561	chr9	90907906	90908197	processed_pseudogene	ENSMUSG00000102076	-	Gm20561	1878
1879	Gm29408	chr9	90938980	90939195	lncRNA	ENSMUSG00000099406	+	Gm29408	1879
1880	Gm5620	chr9	91097149	91098496	processed_pseudogene	ENSMUSG00000056904	+	Gm5620	1880
1881	Gm36960	chr9	91128484	91130518	TEC	ENSMUSG00000103938	-	Gm36960	1881
1882	Gm29602	chr9	91216015	91216456	processed_pseudogene	ENSMUSG00000100568	+	Gm29602	1882
1883	Gm37812	chr9	91270930	91273404	TEC	ENSMUSG00000102814	-	Gm37812	1883
1884	Gm18378	chr9	91290988	91291615	processed_pseudogene	ENSMUSG00000111210	+	Gm18378	1884
1885	Gm37457	chr9	91325416	91327848	TEC	ENSMUSG00000104286	-	Gm37457	1885
1886	Gm37040	chr9	91335244	91337067	TEC	ENSMUSG00000102568	-	Gm37040	1886
1887	Gm28652	chr9	91337601	91340878	lncRNA	ENSMUSG00000101608	+	Gm28652	1887
1888	A730094K22Rik	chr9	91350214	91350953	TEC	ENSMUSG00000102406	-	A730094K22Rik	1888
1889	Zic1	chr9	91358058	91365810	protein_coding	ENSMUSG00000032368	-	Zic1	1889
1890	Zic4	chr9	91362413	91389348	protein_coding	ENSMUSG00000036972	+	Zic4	1890
1891	Gm37477	chr9	91380519	91381402	TEC	ENSMUSG00000102803	-	Gm37477	1891
1892	Gm29478	chr9	91404474	91562818	lncRNA	ENSMUSG00000100341	+	Gm29478	1892
1893	Gm37987	chr9	91757322	91758146	TEC	ENSMUSG00000104216	-	Gm37987	1893
1894	Gm26101	chr9	91839770	91839874	snRNA	ENSMUSG00000087871	+	Gm26101	1894
1895	Gm31409	chr9	91922664	91961118	lncRNA	ENSMUSG00000109896	-	Gm31409	1895
1896	Plscr5	chr9	92192936	92209772	protein_coding	ENSMUSG00000095654	+	Plscr5	1896
1897	Plscr1	chr9	92249750	92272278	protein_coding	ENSMUSG00000032369	+	Plscr1	1897
1898	Plscr2	chr9	92275602	92297752	protein_coding	ENSMUSG00000032372	+	Plscr2	1898
1899	Gm29139	chr9	92301963	92305144	lncRNA	ENSMUSG00000101370	-	Gm29139	1899
1900	1700057G04Rik	chr9	92309377	92357876	protein_coding	ENSMUSG00000074139	+	1700057G04Rik	1900
1901	Gm15493	chr9	92334552	92335079	processed_pseudogene	ENSMUSG00000082623	-	Gm15493	1901
1902	Plscr4	chr9	92457373	92492456	protein_coding	ENSMUSG00000032377	+	Plscr4	1902
1903	Gm38391	chr9	92538801	92542869	TEC	ENSMUSG00000103622	-	Gm38391	1903
1904	Gm37545	chr9	92539936	92540083	processed_pseudogene	ENSMUSG00000099610	-	Gm37545	1904
1905	Plod2	chr9	92542223	92608428	protein_coding	ENSMUSG00000032374	+	Plod2	1905
1906	Gm2495	chr9	92612512	92612977	processed_pseudogene	ENSMUSG00000101357	-	Gm2495	1906
1907	Gm29396	chr9	92691943	92692756	processed_pseudogene	ENSMUSG00000101822	+	Gm29396	1907
1908	4933400C23Rik	chr9	92717456	92795711	lncRNA	ENSMUSG00000101734	+	4933400C23Rik	1908
1909	Gm28054	chr9	92895832	92915791	lncRNA	ENSMUSG00000099823	+	Gm28054	1909
1910	1700034K08Rik	chr9	92979914	93005739	lncRNA	ENSMUSG00000100294	-	1700034K08Rik	1910
1911	Gm9621	chr9	93391368	93392370	processed_pseudogene	ENSMUSG00000098171	-	Gm9621	1911
1912	Gm47165	chr9	93569574	93570684	processed_pseudogene	ENSMUSG00000111630	+	Gm47165	1912
1913	Gm5369	chr9	94139462	94140049	processed_pseudogene	ENSMUSG00000111352	+	Gm5369	1913
1914	Gm5370	chr9	94407553	94408126	processed_pseudogene	ENSMUSG00000101949	-	Gm5370	1914
1915	Dipk2a	chr9	94517864	94538081	protein_coding	ENSMUSG00000045414	-	Dipk2a	1915
1916	Gm39404	chr9	94592196	94592508	processed_pseudogene	ENSMUSG00000111019	+	Gm39404	1916
1917	Gm29395	chr9	94667208	94668818	lncRNA	ENSMUSG00000101595	-	Gm29395	1917
1918	Slc9a9	chr9	94669909	95230445	protein_coding	ENSMUSG00000031129	+	Slc9a9	1918
1919	Gm16262	chr9	94695704	94702319	lncRNA	ENSMUSG00000089709	-	Gm16262	1919
1920	Gm47168	chr9	94992015	94992684	processed_pseudogene	ENSMUSG00000111087	-	Gm47168	1920
1921	Chst2	chr9	95399292	95406722	protein_coding	ENSMUSG00000033350	-	Chst2	1921
1922	Gm37805	chr9	95407461	95408554	TEC	ENSMUSG00000103755	+	Gm37805	1922
1923	Gm8449	chr9	95410669	95411656	processed_pseudogene	ENSMUSG00000101281	-	Gm8449	1923
1924	Gm19193	chr9	95425630	95426359	processed_pseudogene	ENSMUSG00000101459	+	Gm19193	1924
1925	U2surp	chr9	95456898	95511996	protein_coding	ENSMUSG00000032407	-	U2surp	1925
1926	Gm28424	chr9	95512151	95513469	lncRNA	ENSMUSG00000101037	+	Gm28424	1926
1927	Gm32281	chr9	95554497	95558913	lncRNA	ENSMUSG00000110827	+	Gm32281	1927
1928	Paqr9	chr9	95559657	95568023	protein_coding	ENSMUSG00000064225	+	Paqr9	1928
1929	Gm16126	chr9	95618911	95648471	lncRNA	ENSMUSG00000086585	-	Gm16126	1929
1930	Gm25582	chr9	95624502	95624611	snoRNA	ENSMUSG00000065346	+	Gm25582	1930
1931	Gm16127	chr9	95636972	95638265	lncRNA	ENSMUSG00000086248	-	Gm16127	1931
1932	Pcolce2	chr9	95637601	95698096	protein_coding	ENSMUSG00000015354	+	Pcolce2	1932
1933	Itpa-ps2	chr9	95675429	95676017	processed_pseudogene	ENSMUSG00000100825	-	Itpa-ps2	1933
1934	Trpc1	chr9	95705082	95750375	protein_coding	ENSMUSG00000032839	-	Trpc1	1934
1935	Pls1	chr9	95752642	95845311	protein_coding	ENSMUSG00000049493	-	Pls1	1935
1936	1700065D16Rik	chr9	95855418	95858322	lncRNA	ENSMUSG00000096655	-	1700065D16Rik	1936
1937	Atr	chr9	95857597	95951781	protein_coding	ENSMUSG00000032409	+	Atr	1937
1938	Gm24004	chr9	95934613	95934790	snRNA	ENSMUSG00000089085	+	Gm24004	1938
1939	Gm16794	chr9	95942045	95959393	lncRNA	ENSMUSG00000097777	-	Gm16794	1939
1940	Xrn1	chr9	95954760	96057803	protein_coding	ENSMUSG00000032410	+	Xrn1	1940
1941	C78334	chr9	96017934	96024740	lncRNA	ENSMUSG00000101867	-	C78334	1941
1942	Gm28085	chr9	96027101	96040673	lncRNA	ENSMUSG00000100931	-	Gm28085	1942
1943	Gm38375	chr9	96028624	96030850	TEC	ENSMUSG00000103507	+	Gm38375	1943
1944	Gk5	chr9	96119362	96184608	protein_coding	ENSMUSG00000041440	+	Gk5	1944
1945	Tfdp2	chr9	96196275	96323646	protein_coding	ENSMUSG00000032411	+	Tfdp2	1945
1946	Gm37195	chr9	96219130	96222147	TEC	ENSMUSG00000103611	+	Gm37195	1946
1947	Gm28924	chr9	96269861	96270101	processed_pseudogene	ENSMUSG00000100382	-	Gm28924	1947
1948	Atp1b3	chr9	96332655	96364442	protein_coding	ENSMUSG00000032412	-	Atp1b3	1948
1949	AC117248.1	chr9	96426326	96449345	unitary_pseudogene	ENSMUSG00000118397	-	AC117248.1	1949
1950	BC043934	chr9	96435783	96438138	lncRNA	ENSMUSG00000056418	-	BC043934	1950
1951	Rnf7	chr9	96470937	96478675	protein_coding	ENSMUSG00000051234	-	Rnf7	1951
1952	Gm28729	chr9	96486001	96525264	protein_coding	ENSMUSG00000099564	-	Gm28729	1952
1953	Gm8495	chr9	96537161	96537854	processed_pseudogene	ENSMUSG00000101615	+	Gm8495	1953
1954	Rasa2	chr9	96539300	96631617	protein_coding	ENSMUSG00000032413	-	Rasa2	1954
1955	n-R5s87	chr9	96549594	96549709	rRNA	ENSMUSG00000084701	-	n-R5s87	1955
1956	Gm19280	chr9	96584303	96584507	processed_pseudogene	ENSMUSG00000100522	+	Gm19280	1956
1957	Zbtb38	chr9	96682770	96752831	protein_coding	ENSMUSG00000040433	-	Zbtb38	1957
1958	A930006L05Rik	chr9	96705828	96711449	lncRNA	ENSMUSG00000102097	+	A930006L05Rik	1958
1959	C430002N11Rik	chr9	96765562	96782477	lncRNA	ENSMUSG00000101581	+	C430002N11Rik	1959
1960	Gm8520	chr9	96813467	96814334	processed_pseudogene	ENSMUSG00000100922	-	Gm8520	1960
1961	Pxylp1	chr9	96823336	96892669	protein_coding	ENSMUSG00000043587	-	Pxylp1	1961
1962	Gm10123	chr9	96895658	96896147	processed_pseudogene	ENSMUSG00000062933	+	Gm10123	1962
1963	Gm8524	chr9	96905507	96905885	processed_pseudogene	ENSMUSG00000101209	+	Gm8524	1963
1964	Spsb4	chr9	96943482	97018843	protein_coding	ENSMUSG00000046997	-	Spsb4	1964
1965	Gm16010	chr9	97015966	97022043	lncRNA	ENSMUSG00000085541	+	Gm16010	1965
1966	Gm18291	chr9	97042562	97042862	processed_pseudogene	ENSMUSG00000101376	-	Gm18291	1966
1967	Gm19325	chr9	97047444	97067307	lncRNA	ENSMUSG00000101365	-	Gm19325	1967
1968	Slc25a36	chr9	97074961	97111157	protein_coding	ENSMUSG00000032449	-	Slc25a36	1968
1969	Gm16185	chr9	97085326	97088610	lncRNA	ENSMUSG00000084911	+	Gm16185	1969
1970	Rpl7a-ps10	chr9	97179179	97179976	processed_pseudogene	ENSMUSG00000101502	+	Rpl7a-ps10	1970
1971	Gm5371	chr9	97209044	97210880	processed_pseudogene	ENSMUSG00000101000	-	Gm5371	1971
1972	A030012G06Rik	chr9	97289186	97291065	TEC	ENSMUSG00000104167	+	A030012G06Rik	1972
1973	Trim42	chr9	97349562	97369958	protein_coding	ENSMUSG00000032451	-	Trim42	1973
1974	Gm15891	chr9	97349616	97369945	lncRNA	ENSMUSG00000087167	+	Gm15891	1974
1975	Gm25607	chr9	97439501	97439627	snoRNA	ENSMUSG00000077208	-	Gm25607	1975
1976	Clstn2	chr9	97444395	98033181	protein_coding	ENSMUSG00000032452	-	Clstn2	1976
1977	Gm37661	chr9	97928606	97930155	TEC	ENSMUSG00000104462	-	Gm37661	1977
1978	4921534H16Rik	chr9	98003420	98012175	lncRNA	ENSMUSG00000090255	+	4921534H16Rik	1978
1979	Nmnat3	chr9	98287435	98420438	protein_coding	ENSMUSG00000032456	+	Nmnat3	1979
1980	Gm28530	chr9	98301650	98302226	processed_pseudogene	ENSMUSG00000101452	+	Gm28530	1980
1981	Rbp1	chr9	98422961	98446575	protein_coding	ENSMUSG00000046402	+	Rbp1	1981
1982	Rbp2	chr9	98486115	98509781	protein_coding	ENSMUSG00000032454	+	Rbp2	1982
1983	Gm37113	chr9	98493968	98495124	TEC	ENSMUSG00000103579	+	Gm37113	1983
1984	4930579K19Rik	chr9	98562229	98563611	lncRNA	ENSMUSG00000051074	-	4930579K19Rik	1984
1985	Copb2	chr9	98563721	98588382	protein_coding	ENSMUSG00000032458	+	Copb2	1985
1986	Gm47147	chr9	98575308	98576766	processed_pseudogene	ENSMUSG00000111777	-	Gm47147	1986
1987	Mrps22	chr9	98588730	98601660	protein_coding	ENSMUSG00000032459	-	Mrps22	1987
1988	Gm37637	chr9	98590495	98591750	lncRNA	ENSMUSG00000102861	+	Gm37637	1988
1989	Gm27919	chr9	98705730	98705836	misc_RNA	ENSMUSG00000098939	-	Gm27919	1989
1990	Pisrt1	chr9	98705752	98706266	TEC	ENSMUSG00000102458	-	Pisrt1	1990
1991	E330023G01Rik	chr9	98748599	98820087	lncRNA	ENSMUSG00000102013	-	E330023G01Rik	1991
1992	Gm37282	chr9	98767653	98767816	TEC	ENSMUSG00000102889	-	Gm37282	1992
1993	Gm38226	chr9	98771105	98771625	TEC	ENSMUSG00000103949	+	Gm38226	1993
1994	Prr23a1	chr9	98842503	98843385	protein_coding	ENSMUSG00000091080	+	Prr23a1	1994
1995	Prr23a2	chr9	98856494	98857374	protein_coding	ENSMUSG00000063058	+	Prr23a2	1995
1996	Prr23a3	chr9	98864767	98866583	protein_coding	ENSMUSG00000090470	+	Prr23a3	1996
1997	Gm5920	chr9	98873064	98873916	processed_pseudogene	ENSMUSG00000100839	-	Gm5920	1997
1998	Gm33700	chr9	98888211	98888907	processed_pseudogene	ENSMUSG00000110788	+	Gm33700	1998
1999	7420426K07Rik	chr9	98903119	98904622	protein_coding	ENSMUSG00000074123	+	7420426K07Rik	1999
2000	Gm33778	chr9	98918978	98919681	processed_pseudogene	ENSMUSG00000111411	+	Gm33778	2000
2001	Gm28266	chr9	98925174	98925612	processed_pseudogene	ENSMUSG00000101240	-	Gm28266	2001
2002	Foxl2os	chr9	98949781	98955299	lncRNA	ENSMUSG00000097072	-	Foxl2os	2002
2003	Foxl2	chr9	98955288	98958543	protein_coding	ENSMUSG00000050397	+	Foxl2	2003
2004	Faim	chr9	98986373	99002021	protein_coding	ENSMUSG00000032463	+	Faim	2004
2005	Gm1123	chr9	99006790	99035715	protein_coding	ENSMUSG00000044860	-	Gm1123	2005
2006	Pik3cb	chr9	99036654	99140621	protein_coding	ENSMUSG00000032462	-	Pik3cb	2006
2007	Gm2950	chr9	99220048	99220567	processed_pseudogene	ENSMUSG00000101498	-	Gm2950	2007
2008	Faiml	chr9	99229376	99237239	protein_coding	ENSMUSG00000096316	-	Faiml	2008
2009	Gm38327	chr9	99241851	99243605	TEC	ENSMUSG00000103638	-	Gm38327	2009
2010	Cep70	chr9	99243367	99300404	protein_coding	ENSMUSG00000056267	+	Cep70	2010
2011	Gm47199	chr9	99259475	99260207	processed_pseudogene	ENSMUSG00000111651	-	Gm47199	2011
2012	Gm18914	chr9	99260945	99261560	processed_pseudogene	ENSMUSG00000111383	-	Gm18914	2012
2013	4930422M22Rik	chr9	99299007	99304675	lncRNA	ENSMUSG00000100281	-	4930422M22Rik	2013
2014	Gm37249	chr9	99307583	99310451	TEC	ENSMUSG00000103857	+	Gm37249	2014
2015	Esyt3	chr9	99309963	99358557	protein_coding	ENSMUSG00000037681	-	Esyt3	2015
2016	1700008A23Rik	chr9	99322826	99323516	TEC	ENSMUSG00000103452	+	1700008A23Rik	2016
2017	Gm28087	chr9	99367033	99368490	lncRNA	ENSMUSG00000100123	+	Gm28087	2017
2018	Mras	chr9	99385420	99437381	protein_coding	ENSMUSG00000032470	-	Mras	2018
2019	Nme9	chr9	99451475	99474751	protein_coding	ENSMUSG00000046242	+	Nme9	2019
2020	Armc8	chr9	99478372	99568899	protein_coding	ENSMUSG00000032468	-	Armc8	2020
2021	Dbr1	chr9	99575799	99584501	protein_coding	ENSMUSG00000032469	+	Dbr1	2021
2022	A4gnt	chr9	99612502	99622367	protein_coding	ENSMUSG00000037953	+	A4gnt	2022
2023	Dzip1l	chr9	99629496	99669256	protein_coding	ENSMUSG00000037784	+	Dzip1l	2023
2024	Cldn18	chr9	99689461	99717267	protein_coding	ENSMUSG00000032473	-	Cldn18	2024
2025	Gm16004	chr9	99708399	99756043	lncRNA	ENSMUSG00000089655	+	Gm16004	2025
2026	Gm23949	chr9	99750391	99750517	snoRNA	ENSMUSG00000077215	-	Gm23949	2026
2027	Gm47757	chr9	99848283	99858313	lncRNA	ENSMUSG00000110929	-	Gm47757	2027
2028	Sox14	chr9	99874106	99876170	protein_coding	ENSMUSG00000053747	-	Sox14	2028
2029	Gm23594	chr9	99943709	99943842	snoRNA	ENSMUSG00000077495	+	Gm23594	2029
2030	Gm8641	chr9	99946564	99947389	processed_pseudogene	ENSMUSG00000099631	-	Gm8641	2030
2031	4930519F24Rik	chr9	100022300	100034672	lncRNA	ENSMUSG00000101584	+	4930519F24Rik	2031
2032	4930540E01Rik	chr9	100173001	100174146	TEC	ENSMUSG00000103407	-	4930540E01Rik	2032
2033	Gm28167	chr9	100321611	100323524	lncRNA	ENSMUSG00000101042	-	Gm28167	2033
2034	Gm34397	chr9	100384202	100391907	lncRNA	ENSMUSG00000111258	-	Gm34397	2034
2035	Gm28166	chr9	100450322	100451912	lncRNA	ENSMUSG00000101287	+	Gm28166	2035
2036	Il20rb	chr9	100457719	100486788	protein_coding	ENSMUSG00000044244	-	Il20rb	2036
2037	Nck1	chr9	100492293	100546134	protein_coding	ENSMUSG00000032475	-	Nck1	2037
2038	Gm28586	chr9	100530616	100531071	lncRNA	ENSMUSG00000100176	-	Gm28586	2038
2039	Slc35g2	chr9	100552188	100571090	protein_coding	ENSMUSG00000070287	-	Slc35g2	2039
2040	Stag1	chr9	100597798	100959375	protein_coding	ENSMUSG00000037286	+	Stag1	2040
2041	Gm8661	chr9	100624974	100625965	processed_pseudogene	ENSMUSG00000086225	-	Gm8661	2041
2042	Gm37204	chr9	100665839	100669799	TEC	ENSMUSG00000103657	+	Gm37204	2042
2043	Gm38297	chr9	100703213	100704269	TEC	ENSMUSG00000104272	+	Gm38297	2043
2044	Gm3081	chr9	100877091	100880115	TEC	ENSMUSG00000103624	+	Gm3081	2044
2045	Pccb	chr9	100982032	101034898	protein_coding	ENSMUSG00000032527	-	Pccb	2045
2046	Gm3096	chr9	101053542	101053905	processed_pseudogene	ENSMUSG00000100563	+	Gm3096	2046
2047	Msl2	chr9	101074101	101104800	protein_coding	ENSMUSG00000066415	+	Msl2	2047
2048	Gm37553	chr9	101092977	101094578	TEC	ENSMUSG00000104383	+	Gm37553	2048
2049	Ppp2r3a	chr9	101105084	101251795	protein_coding	ENSMUSG00000043154	-	Ppp2r3a	2049
2050	Gm37962	chr9	101113805	101115838	TEC	ENSMUSG00000104392	+	Gm37962	2050
2051	Gm37621	chr9	101116701	101122231	TEC	ENSMUSG00000103672	+	Gm37621	2051
2052	Gm37953	chr9	101150312	101152195	TEC	ENSMUSG00000104061	+	Gm37953	2052
2053	Gm38344	chr9	101186556	101187908	TEC	ENSMUSG00000102452	-	Gm38344	2053
2054	Gm37314	chr9	101188598	101191282	TEC	ENSMUSG00000104094	-	Gm37314	2054
2055	Gm24338	chr9	101222952	101223078	snoRNA	ENSMUSG00000077393	+	Gm24338	2055
2056	Gm3121	chr9	101281368	101281773	processed_pseudogene	ENSMUSG00000101001	-	Gm3121	2056
2057	Gm28979	chr9	101342194	101348017	lncRNA	ENSMUSG00000101941	+	Gm28979	2057
2058	Gm24638	chr9	101392979	101393110	snoRNA	ENSMUSG00000096166	-	Gm24638	2058
2059	Gm5161	chr9	101448501	101449353	processed_pseudogene	ENSMUSG00000061486	-	Gm5161	2059
2060	Gm47932	chr9	101754915	101757705	processed_pseudogene	ENSMUSG00000111696	-	Gm47932	2060
2061	Gm47933	chr9	101757753	101758863	processed_pseudogene	ENSMUSG00000111269	-	Gm47933	2061
2062	Gm47934	chr9	101758542	101758809	processed_pseudogene	ENSMUSG00000111672	+	Gm47934	2062
2063	Gm29521	chr9	101770369	101862489	lncRNA	ENSMUSG00000100807	-	Gm29521	2063
2064	9630041A04Rik	chr9	101861841	101943228	protein_coding	ENSMUSG00000057710	+	9630041A04Rik	2064
2065	Gm37460	chr9	101911008	101913256	TEC	ENSMUSG00000104282	-	Gm37460	2065
2066	Ephb1	chr9	101922128	102354693	protein_coding	ENSMUSG00000032537	-	Ephb1	2066
2067	Gm31326	chr9	101989260	101990307	TEC	ENSMUSG00000103026	+	Gm31326	2067
2068	Gm37562	chr9	102052230	102056557	TEC	ENSMUSG00000104041	-	Gm37562	2068
2069	n-R5s88	chr9	102127888	102128005	rRNA	ENSMUSG00000065107	+	n-R5s88	2069
2070	Gm29388	chr9	102151242	102153717	lncRNA	ENSMUSG00000101648	-	Gm29388	2070
2071	Gm37945	chr9	102172738	102177104	TEC	ENSMUSG00000102963	+	Gm37945	2071
2072	Gm37260	chr9	102273736	102274986	TEC	ENSMUSG00000102702	+	Gm37260	2072
2073	Mir7243	chr9	102304924	102304975	miRNA	ENSMUSG00000098521	-	Mir7243	2073
2074	Gm47983	chr9	102486790	102487080	TEC	ENSMUSG00000111859	+	Gm47983	2074
2075	Ky	chr9	102505750	102546239	protein_coding	ENSMUSG00000035606	+	Ky	2075
2076	Gm25669	chr9	102547766	102547877	rRNA	ENSMUSG00000088324	+	Gm25669	2076
2077	Gm7364	chr9	102551632	102553132	processed_pseudogene	ENSMUSG00000101563	+	Gm7364	2077
2078	Gm29143	chr9	102556108	102556308	processed_pseudogene	ENSMUSG00000102126	+	Gm29143	2078
2079	Gm29387	chr9	102559300	102570708	lncRNA	ENSMUSG00000100279	+	Gm29387	2079
2080	Gm17950	chr9	102570582	102571227	processed_pseudogene	ENSMUSG00000110739	-	Gm17950	2080
2081	Cep63	chr9	102584588	102626534	protein_coding	ENSMUSG00000032534	-	Cep63	2081
2082	Anapc13	chr9	102626296	102634425	protein_coding	ENSMUSG00000035048	+	Anapc13	2082
2083	4930533D04Rik	chr9	102692885	102693834	lncRNA	ENSMUSG00000099491	+	4930533D04Rik	2083
2084	Gm36957	chr9	102698179	102701002	TEC	ENSMUSG00000102200	-	Gm36957	2084
2085	Amotl2	chr9	102716672	102733418	protein_coding	ENSMUSG00000032531	+	Amotl2	2085
2086	Gm5627	chr9	102739648	102756685	lncRNA	ENSMUSG00000093812	+	Gm5627	2086
2087	Gm36958	chr9	102764635	102766509	TEC	ENSMUSG00000102204	-	Gm36958	2087
2088	Gm47416	chr9	102771495	102790260	lncRNA	ENSMUSG00000110884	+	Gm47416	2088
2089	Gm18655	chr9	102819861	102820950	processed_pseudogene	ENSMUSG00000111395	-	Gm18655	2089
2090	Ryk	chr9	102834917	102908305	protein_coding	ENSMUSG00000032547	+	Ryk	2090
2091	Gm47427	chr9	102851835	102852473	TEC	ENSMUSG00000110877	+	Gm47427	2091
2092	Slco2a1	chr9	102988712	103096002	protein_coding	ENSMUSG00000032548	+	Slco2a1	2092
2093	Gm25842	chr9	102991895	102992216	misc_RNA	ENSMUSG00000084539	+	Gm25842	2093
2094	n-R5s89	chr9	103011417	103011520	rRNA	ENSMUSG00000065466	-	n-R5s89	2094
2095	Gm47468	chr9	103082741	103085537	lncRNA	ENSMUSG00000110765	-	Gm47468	2095
2096	Rab6b	chr9	103111787	103185276	protein_coding	ENSMUSG00000032549	+	Rab6b	2096
2097	Gm37166	chr9	103120368	103122841	TEC	ENSMUSG00000102461	+	Gm37166	2097
2098	Srprb	chr9	103188032	103202137	protein_coding	ENSMUSG00000032553	-	Srprb	2098
2099	Trf	chr9	103204001	103230444	protein_coding	ENSMUSG00000032554	-	Trf	2099
2100	1300017J02Rik	chr9	103250521	103305082	protein_coding	ENSMUSG00000033688	-	1300017J02Rik	2100
2101	Topbp1	chr9	103305215	103350428	protein_coding	ENSMUSG00000032555	+	Topbp1	2101
2102	Cdv3	chr9	103353094	103365840	protein_coding	ENSMUSG00000032803	-	Cdv3	2102
2103	Gm29600	chr9	103409169	103409545	processed_pseudogene	ENSMUSG00000101419	+	Gm29600	2103
2104	Gm47328	chr9	103412358	103423200	lncRNA	ENSMUSG00000111399	-	Gm47328	2104
2105	5830418P13Rik	chr9	103423578	103461260	lncRNA	ENSMUSG00000086236	+	5830418P13Rik	2105
2106	Bfsp2	chr9	103424924	103480420	protein_coding	ENSMUSG00000032556	-	Bfsp2	2106
2107	Gm16252	chr9	103472084	103493249	lncRNA	ENSMUSG00000085168	+	Gm16252	2107
2108	Tmem108	chr9	103482947	103761837	protein_coding	ENSMUSG00000042757	-	Tmem108	2108
2109	Gm32743	chr9	103521787	103545977	lncRNA	ENSMUSG00000111278	+	Gm32743	2109
2110	Gm26360	chr9	103526817	103526919	snRNA	ENSMUSG00000089497	-	Gm26360	2110
2111	Gm37649	chr9	103541303	103543534	TEC	ENSMUSG00000102257	-	Gm37649	2111
2112	4932413F04Rik	chr9	103557090	103565891	lncRNA	ENSMUSG00000099616	+	4932413F04Rik	2112
2113	Gm38032	chr9	103598576	103600164	TEC	ENSMUSG00000102441	-	Gm38032	2113
2114	Gm5372	chr9	103888009	103888417	processed_pseudogene	ENSMUSG00000100266	+	Gm5372	2114
2115	Gm29154	chr9	103888423	103960376	lncRNA	ENSMUSG00000099722	-	Gm29154	2115
2116	Gm33054	chr9	104001760	104002339	lncRNA	ENSMUSG00000111035	-	Gm33054	2116
2117	Nphp3	chr9	104002544	104043818	protein_coding	ENSMUSG00000032558	+	Nphp3	2117
2118	Gm28305	chr9	104040662	104075879	protein_coding	ENSMUSG00000101152	+	Gm28305	2118
2119	Gm37200	chr9	104043605	104045776	TEC	ENSMUSG00000103062	-	Gm37200	2119
2120	Uba5	chr9	104046599	104063134	protein_coding	ENSMUSG00000032557	-	Uba5	2120
2121	Gm37750	chr9	104053327	104053455	TEC	ENSMUSG00000104268	+	Gm37750	2121
2122	Acad11	chr9	104063377	104127725	protein_coding	ENSMUSG00000090150	+	Acad11	2122
2123	Ackr4	chr9	104084157	104126933	protein_coding	ENSMUSG00000079355	-	Ackr4	2123
2124	Gm47000	chr9	104101135	104101613	TEC	ENSMUSG00000111039	+	Gm47000	2124
2125	Gm46999	chr9	104104436	104104800	TEC	ENSMUSG00000111218	+	Gm46999	2125
2126	Dnajc13	chr9	104151282	104262930	protein_coding	ENSMUSG00000032560	-	Dnajc13	2126
2127	Hmgb1-rs16	chr9	104169199	104169811	processed_pseudogene	ENSMUSG00000099773	-	Hmgb1-rs16	2127
2128	Gm37563	chr9	104262105	104263617	TEC	ENSMUSG00000104040	+	Gm37563	2128
2129	Acpp	chr9	104288251	104337748	protein_coding	ENSMUSG00000032561	-	Acpp	2129
2130	Gm28996	chr9	104344131	104344851	processed_pseudogene	ENSMUSG00000100346	-	Gm28996	2130
2131	Gm28548	chr9	104361832	104385031	lncRNA	ENSMUSG00000099599	+	Gm28548	2131
2132	Mir2136	chr9	104426113	104426187	miRNA	ENSMUSG00000089406	+	Mir2136	2132
2133	Cpne4	chr9	104547286	105034544	protein_coding	ENSMUSG00000032564	+	Cpne4	2133
2134	Gm23391	chr9	104994916	104995019	miRNA	ENSMUSG00000088204	+	Gm23391	2134
2135	Mrpl3	chr9	105053239	105079888	protein_coding	ENSMUSG00000032563	+	Mrpl3	2135
2136	Gm38077	chr9	105064777	105068021	TEC	ENSMUSG00000104344	+	Gm38077	2136
2137	Gm47106	chr9	105064805	105088286	lncRNA	ENSMUSG00000111044	-	Gm47106	2137
2138	Gm47103	chr9	105085920	105087030	processed_pseudogene	ENSMUSG00000111472	+	Gm47103	2138
2139	Gm47102	chr9	105087075	105090181	processed_pseudogene	ENSMUSG00000111824	+	Gm47102	2139
2140	Nudt16	chr9	105128903	105131824	protein_coding	ENSMUSG00000032565	-	Nudt16	2140
2141	Nudt16l2	chr9	105143342	105145092	protein_coding	ENSMUSG00000032566	-	Nudt16l2	2141
2142	Nek11	chr9	105162156	105395524	protein_coding	ENSMUSG00000035032	-	Nek11	2142
2143	Gm37582	chr9	105163125	105164533	TEC	ENSMUSG00000103118	+	Gm37582	2143
2144	Gm20643	chr9	105208196	105211863	lncRNA	ENSMUSG00000093590	+	Gm20643	2144
2145	Gm15619	chr9	105333513	105348916	lncRNA	ENSMUSG00000085430	+	Gm15619	2145
2146	Aste1	chr9	105395392	105412229	protein_coding	ENSMUSG00000032567	+	Aste1	2146
2147	Atp2c1	chr9	105403539	105527319	protein_coding	ENSMUSG00000032570	-	Atp2c1	2147
2148	Gm19667	chr9	105470520	105480194	lncRNA	ENSMUSG00000099373	+	Gm19667	2148
2149	Gm7436	chr9	105545437	105545827	processed_pseudogene	ENSMUSG00000101464	-	Gm7436	2149
2150	Gm5621	chr9	105560122	105560761	processed_pseudogene	ENSMUSG00000101597	-	Gm5621	2150
2151	Pik3r4	chr9	105642978	105687657	protein_coding	ENSMUSG00000032571	+	Pik3r4	2151
2152	Gm22720	chr9	105673465	105673551	snRNA	ENSMUSG00000084659	-	Gm22720	2152
2153	Col6a6	chr9	105687809	105828160	protein_coding	ENSMUSG00000043719	-	Col6a6	2153
2154	Gm38314	chr9	105727785	105728409	TEC	ENSMUSG00000102877	+	Gm38314	2154
2155	Col6a5	chr9	105856078	105960643	protein_coding	ENSMUSG00000091345	-	Col6a5	2155
2156	Col6a4	chr9	105989454	106096783	protein_coding	ENSMUSG00000032572	-	Col6a4	2156
2157	Gm24631	chr9	106001718	106001798	snRNA	ENSMUSG00000084714	+	Gm24631	2157
2158	Gm47575	chr9	106013530	106014653	lncRNA	ENSMUSG00000111796	+	Gm47575	2158
2159	Gm36993	chr9	106095474	106098453	TEC	ENSMUSG00000103434	+	Gm36993	2159
2160	Gm9451	chr9	106121296	106121899	processed_pseudogene	ENSMUSG00000099717	-	Gm9451	2160
2161	Gm29208	chr9	106122079	106128095	lncRNA	ENSMUSG00000100795	-	Gm29208	2161
2162	D030055H07Rik	chr9	106148687	106160201	lncRNA	ENSMUSG00000086296	+	D030055H07Rik	2162
2163	Glyctk	chr9	106152857	106158138	protein_coding	ENSMUSG00000020258	-	Glyctk	2163
2164	Mir135a-1	chr9	106154124	106154213	miRNA	ENSMUSG00000065407	+	Mir135a-1	2164
2165	Wdr82	chr9	106170928	106191139	protein_coding	ENSMUSG00000020257	+	Wdr82	2165
2166	Mirlet7g	chr9	106178840	106178927	miRNA	ENSMUSG00000065440	+	Mirlet7g	2166
2167	Ppm1m	chr9	106194947	106199746	protein_coding	ENSMUSG00000020253	-	Ppm1m	2167
2168	Twf2	chr9	106203108	106215389	protein_coding	ENSMUSG00000023277	+	Twf2	2168
2169	Tlr9	chr9	106222598	106226883	protein_coding	ENSMUSG00000045322	+	Tlr9	2169
2170	Alas1	chr9	106233455	106248654	protein_coding	ENSMUSG00000032786	-	Alas1	2170
2171	4930500F10Rik	chr9	106247960	106249413	lncRNA	ENSMUSG00000097592	+	4930500F10Rik	2171
2172	Poc1a	chr9	106281061	106350521	protein_coding	ENSMUSG00000023345	+	Poc1a	2172
2173	Gm29123	chr9	106309944	106335833	lncRNA	ENSMUSG00000099879	-	Gm29123	2173
2174	Dusp7	chr9	106368632	106375724	protein_coding	ENSMUSG00000053716	+	Dusp7	2174
2175	Rpl29	chr9	106429454	106431568	protein_coding	ENSMUSG00000048758	+	Rpl29	2175
2176	Acy1	chr9	106432981	106438319	protein_coding	ENSMUSG00000023262	-	Acy1	2176
2177	Abhd14a	chr9	106440051	106447678	protein_coding	ENSMUSG00000042210	-	Abhd14a	2177
2178	Abhd14b	chr9	106447459	106452923	protein_coding	ENSMUSG00000042073	+	Abhd14b	2178
2179	Gm28959	chr9	106452181	106452918	lncRNA	ENSMUSG00000100039	-	Gm28959	2179
2180	Pcbp4	chr9	106453291	106464012	protein_coding	ENSMUSG00000023495	+	Pcbp4	2180
2181	Gpr62	chr9	106463962	106465938	protein_coding	ENSMUSG00000091735	-	Gpr62	2181
2182	Parp3	chr9	106470322	106476949	protein_coding	ENSMUSG00000023249	-	Parp3	2182
2183	Rrp9	chr9	106475963	106485424	protein_coding	ENSMUSG00000041506	+	Rrp9	2183
2184	Iqcf1	chr9	106499967	106502254	protein_coding	ENSMUSG00000066383	+	Iqcf1	2184
2185	Iqcf3	chr9	106503225	106561625	protein_coding	ENSMUSG00000118396	-	Iqcf3	2185
2186	Iqcf5	chr9	106514573	106516010	protein_coding	ENSMUSG00000066382	+	Iqcf5	2186
2187	Iqcf4	chr9	106568319	106570996	protein_coding	ENSMUSG00000041009	-	Iqcf4	2187
2188	Iqcf6	chr9	106625981	106627675	protein_coding	ENSMUSG00000091129	+	Iqcf6	2188
2189	Gm26185	chr9	106636318	106636583	misc_RNA	ENSMUSG00000088317	+	Gm26185	2189
2190	Gm28111	chr9	106640928	106643564	lncRNA	ENSMUSG00000101411	+	Gm28111	2190
2191	Grm2	chr9	106643095	106656082	protein_coding	ENSMUSG00000023192	-	Grm2	2191
2192	Tex264	chr9	106658746	106685927	protein_coding	ENSMUSG00000040813	-	Tex264	2192
2193	Rad54l2	chr9	106688082	106789194	protein_coding	ENSMUSG00000040661	-	Rad54l2	2193
2194	Dcaf1	chr9	106821874	106880992	protein_coding	ENSMUSG00000040325	+	Dcaf1	2194
2195	Manf	chr9	106838312	106891979	protein_coding	ENSMUSG00000032575	-	Manf	2195
2196	Gm37612	chr9	106870674	106871501	lncRNA	ENSMUSG00000103835	+	Gm37612	2196
2197	Rbm15b	chr9	106880918	106887428	protein_coding	ENSMUSG00000074102	-	Rbm15b	2197
2198	4930524O07Rik	chr9	106891547	106895182	lncRNA	ENSMUSG00000090207	+	4930524O07Rik	2198
2199	Dock3	chr9	106892825	107231909	protein_coding	ENSMUSG00000039716	-	Dock3	2199
2200	Gm17205	chr9	107047803	107049009	processed_pseudogene	ENSMUSG00000075469	+	Gm17205	2200
2201	Gm22454	chr9	107096951	107097057	snRNA	ENSMUSG00000064517	+	Gm22454	2201
2202	Gm17117	chr9	107115074	107115372	processed_pseudogene	ENSMUSG00000091669	+	Gm17117	2202
2203	Gm23595	chr9	107164977	107165106	snoRNA	ENSMUSG00000077494	+	Gm23595	2203
2204	AA543401	chr9	107192793	107194061	processed_pseudogene	ENSMUSG00000092125	+	AA543401	2204
2205	1700039M15Rik	chr9	107241220	107243997	lncRNA	ENSMUSG00000104086	+	1700039M15Rik	2205
2206	Mapkapk3	chr9	107254927	107289877	protein_coding	ENSMUSG00000032577	-	Mapkapk3	2206
2207	Gm17040	chr9	107292435	107297192	transcribed_processed_pseudogene	ENSMUSG00000091366	-	Gm17040	2207
2208	Cish	chr9	107296026	107302784	protein_coding	ENSMUSG00000032578	+	Cish	2208
2209	Gm17041	chr9	107300380	107301838	lncRNA	ENSMUSG00000090570	-	Gm17041	2209
2210	Hemk1	chr9	107327084	107338350	protein_coding	ENSMUSG00000032579	-	Hemk1	2210
2211	6430571L13Rik	chr9	107340602	107352422	protein_coding	ENSMUSG00000037977	+	6430571L13Rik	2211
2212	4930429P21Rik	chr9	107351276	107353986	lncRNA	ENSMUSG00000102144	-	4930429P21Rik	2212
2213	Cacna2d2	chr9	107399612	107529343	protein_coding	ENSMUSG00000010066	+	Cacna2d2	2213
2214	Gm17141	chr9	107423857	107430567	lncRNA	ENSMUSG00000091816	-	Gm17141	2214
2215	Gm17118	chr9	107443950	107445031	lncRNA	ENSMUSG00000091425	-	Gm17118	2215
2216	Tmem115	chr9	107533945	107538673	protein_coding	ENSMUSG00000010045	+	Tmem115	2216
2217	Cyb561d2	chr9	107539007	107542193	protein_coding	ENSMUSG00000037190	-	Cyb561d2	2217
2218	Nprl2	chr9	107542226	107545706	protein_coding	ENSMUSG00000010057	+	Nprl2	2218
2219	Zmynd10	chr9	107547298	107551319	protein_coding	ENSMUSG00000010044	+	Zmynd10	2219
2220	Gm34106	chr9	107547569	107550768	lncRNA	ENSMUSG00000102300	-	Gm34106	2220
2221	Rassf1	chr9	107551555	107562267	protein_coding	ENSMUSG00000010067	+	Rassf1	2221
2222	Gm9917	chr9	107558809	107568415	lncRNA	ENSMUSG00000097099	-	Gm9917	2222
2223	Tusc2	chr9	107563255	107566112	protein_coding	ENSMUSG00000010054	+	Tusc2	2223
2224	Hyal2	chr9	107567945	107572779	protein_coding	ENSMUSG00000010047	+	Hyal2	2224
2225	Gm16343	chr9	107575820	107587425	lncRNA	ENSMUSG00000089935	-	Gm16343	2225
2226	Hyal1	chr9	107576927	107581710	protein_coding	ENSMUSG00000010051	+	Hyal1	2226
2227	Naa80	chr9	107578887	107584050	protein_coding	ENSMUSG00000079334	+	Naa80	2227
2228	Hyal3	chr9	107580818	107587359	protein_coding	ENSMUSG00000036091	+	Hyal3	2228
2229	Ifrd2	chr9	107587642	107593385	protein_coding	ENSMUSG00000010048	+	Ifrd2	2229
2230	Lsmem2	chr9	107592630	107597075	protein_coding	ENSMUSG00000103409	-	Lsmem2	2230
2231	Gm38150	chr9	107594440	107594891	lncRNA	ENSMUSG00000103164	+	Gm38150	2231
2232	Sema3b	chr9	107597674	107609229	protein_coding	ENSMUSG00000057969	-	Sema3b	2232
2233	Gnai2	chr9	107614125	107635367	protein_coding	ENSMUSG00000032562	-	Gnai2	2233
2234	Gm19721	chr9	107630776	107632539	TEC	ENSMUSG00000102324	-	Gm19721	2234
2235	Slc38a3	chr9	107650634	107669530	protein_coding	ENSMUSG00000010064	-	Slc38a3	2235
2236	Gnat1	chr9	107674474	107679712	protein_coding	ENSMUSG00000034837	-	Gnat1	2236
2237	A930036K24Rik	chr9	107680082	107681281	TEC	ENSMUSG00000102375	+	A930036K24Rik	2237
2238	Sema3f	chr9	107681500	107710475	protein_coding	ENSMUSG00000034684	-	Sema3f	2238
2239	Rbm5	chr9	107740371	107770996	protein_coding	ENSMUSG00000032580	-	Rbm5	2239
2240	Gm37850	chr9	107762808	107763587	lncRNA	ENSMUSG00000102899	+	Gm37850	2240
2241	Rbm6	chr9	107773559	107873237	protein_coding	ENSMUSG00000032582	-	Rbm6	2241
2242	Gm37436	chr9	107818928	107820012	TEC	ENSMUSG00000102670	-	Gm37436	2242
2243	Mon1a	chr9	107888151	107903139	protein_coding	ENSMUSG00000032583	+	Mon1a	2243
2244	Gm23856	chr9	107905228	107905326	snRNA	ENSMUSG00000089005	+	Gm23856	2244
2245	Mst1r	chr9	107906873	107920383	protein_coding	ENSMUSG00000032584	+	Mst1r	2245
2246	Actl11	chr9	107928469	107932461	protein_coding	ENSMUSG00000066368	+	Actl11	2246
2247	Gm37974	chr9	107935077	107936394	lncRNA	ENSMUSG00000102377	-	Gm37974	2247
2248	Camkv	chr9	107935674	107949691	protein_coding	ENSMUSG00000032936	+	Camkv	2248
2249	Traip	chr9	107950136	107972270	protein_coding	ENSMUSG00000032586	+	Traip	2249
2250	Uba7	chr9	107975505	107984060	protein_coding	ENSMUSG00000032596	+	Uba7	2250
2251	Gm20661	chr9	107983058	107995007	protein_coding	ENSMUSG00000079323	+	Gm20661	2251
2252	Inka1	chr9	107984223	107985879	protein_coding	ENSMUSG00000042106	-	Inka1	2252
2253	Gm24944	chr9	107987369	107987496	snoRNA	ENSMUSG00000088955	+	Gm24944	2253
2254	4921523L03Rik	chr9	107991684	107995656	lncRNA	ENSMUSG00000093749	-	4921523L03Rik	2254
2255	Cdhr4	chr9	107992497	107999684	protein_coding	ENSMUSG00000032595	+	Cdhr4	2255
2256	Gm20662	chr9	107996349	108045270	protein_coding	ENSMUSG00000093456	+	Gm20662	2256
2257	4930535L15Rik	chr9	107998116	108002404	lncRNA	ENSMUSG00000093619	-	4930535L15Rik	2257
2258	Ip6k1	chr9	108002501	108048782	protein_coding	ENSMUSG00000032594	+	Ip6k1	2258
2259	Gm38134	chr9	108010976	108016608	lncRNA	ENSMUSG00000102540	-	Gm38134	2259
2260	Gmppb	chr9	108049242	108052801	protein_coding	ENSMUSG00000070284	+	Gmppb	2260
2261	Rnf123	chr9	108051534	108083346	protein_coding	ENSMUSG00000041528	-	Rnf123	2261
2262	Gm20529	chr9	108051675	108058592	lncRNA	ENSMUSG00000092218	+	Gm20529	2262
2263	Amigo3	chr9	108053159	108055701	protein_coding	ENSMUSG00000032593	+	Amigo3	2263
2264	Mst1	chr9	108080436	108085003	protein_coding	ENSMUSG00000032591	+	Mst1	2264
2265	Mir7088	chr9	108081498	108081583	miRNA	ENSMUSG00000098787	+	Mir7088	2265
2266	Apeh	chr9	108085413	108094606	protein_coding	ENSMUSG00000032590	-	Apeh	2266
2267	Bsn	chr9	108096022	108190384	protein_coding	ENSMUSG00000032589	-	Bsn	2267
2268	4930447F24Rik	chr9	108133718	108138567	lncRNA	ENSMUSG00000102224	+	4930447F24Rik	2268
2269	Gm37201	chr9	108160279	108160801	processed_pseudogene	ENSMUSG00000103658	+	Gm37201	2269
2270	Gm37247	chr9	108188998	108189727	TEC	ENSMUSG00000103466	-	Gm37247	2270
2271	Gm37230	chr9	108190531	108191348	TEC	ENSMUSG00000102538	-	Gm37230	2271
2272	Dag1	chr9	108204634	108263958	protein_coding	ENSMUSG00000039952	-	Dag1	2272
2273	Nicn1	chr9	108290429	108296498	protein_coding	ENSMUSG00000032606	+	Nicn1	2273
2274	Amt	chr9	108296853	108302302	protein_coding	ENSMUSG00000032607	+	Amt	2274
2275	Tcta	chr9	108302958	108306160	protein_coding	ENSMUSG00000039461	-	Tcta	2275
2276	Rhoa	chr9	108306129	108337934	protein_coding	ENSMUSG00000007815	+	Rhoa	2276
2277	Gm37568	chr9	108331246	108331609	processed_pseudogene	ENSMUSG00000102554	+	Gm37568	2277
2278	Gm37401	chr9	108337089	108338273	lncRNA	ENSMUSG00000104208	-	Gm37401	2278
2279	Gpx1	chr9	108338903	108340343	protein_coding	ENSMUSG00000063856	+	Gpx1	2279
2280	Usp4	chr9	108347853	108392545	protein_coding	ENSMUSG00000032612	+	Usp4	2280
2281	Rps2-ps11	chr9	108358202	108359069	processed_pseudogene	ENSMUSG00000104280	-	Rps2-ps11	2281
2282	Gm37963	chr9	108389082	108390205	lncRNA	ENSMUSG00000104399	+	Gm37963	2282
2283	1700102P08Rik	chr9	108392805	108410934	protein_coding	ENSMUSG00000032611	+	1700102P08Rik	2283
2284	Ccdc36	chr9	108403611	108428484	protein_coding	ENSMUSG00000047220	-	Ccdc36	2284
2285	Gm25456	chr9	108430044	108430152	snoRNA	ENSMUSG00000088577	-	Gm25456	2285
2286	BC048562	chr9	108436482	108446086	protein_coding	ENSMUSG00000050641	+	BC048562	2286
2287	Klhdc8b	chr9	108447636	108461581	protein_coding	ENSMUSG00000032609	-	Klhdc8b	2287
2288	Ccdc71	chr9	108460527	108465938	protein_coding	ENSMUSG00000049305	+	Ccdc71	2288
2289	Gm37475	chr9	108469346	108470360	TEC	ENSMUSG00000102152	+	Gm37475	2289
2290	Lamb2	chr9	108479736	108490530	protein_coding	ENSMUSG00000052911	+	Lamb2	2290
2291	Usp19	chr9	108490602	108502337	protein_coding	ENSMUSG00000006676	+	Usp19	2291
2292	Qars	chr9	108507706	108515941	protein_coding	ENSMUSG00000032604	+	Qars	2292
2293	Qrich1	chr9	108516806	108560163	protein_coding	ENSMUSG00000006673	+	Qrich1	2293
2294	Gm38366	chr9	108530832	108532765	TEC	ENSMUSG00000103621	+	Gm38366	2294
2295	Gm37678	chr9	108544214	108545359	TEC	ENSMUSG00000103970	+	Gm37678	2295
2296	Impdh2	chr9	108560286	108565584	protein_coding	ENSMUSG00000062867	+	Impdh2	2296
2297	Ndufaf3	chr9	108565537	108567434	protein_coding	ENSMUSG00000070283	-	Ndufaf3	2297
2298	4833445I07Rik	chr9	108567533	108569174	lncRNA	ENSMUSG00000103103	+	4833445I07Rik	2298
2299	Gm24083	chr9	108568295	108568414	miRNA	ENSMUSG00000092915	-	Gm24083	2299
2300	Mir191	chr9	108568319	108568392	miRNA	ENSMUSG00000105497	+	Mir191	2300
2301	Mir425	chr9	108568777	108568861	miRNA	ENSMUSG00000065579	+	Mir425	2301
2302	Dalrd3	chr9	108569886	108572774	protein_coding	ENSMUSG00000019039	+	Dalrd3	2302
2303	Wdr6	chr9	108572311	108578739	protein_coding	ENSMUSG00000066357	-	Wdr6	2303
2304	P4htm	chr9	108578862	108597667	protein_coding	ENSMUSG00000006675	-	P4htm	2304
2305	Gm38163	chr9	108584756	108585361	lncRNA	ENSMUSG00000102770	-	Gm38163	2305
2306	Gm49209	chr9	108587052	108589545	unitary_pseudogene	ENSMUSG00000115688	+	Gm49209	2306
2307	Arih2	chr9	108602942	108649386	protein_coding	ENSMUSG00000064145	-	Arih2	2307
2308	Gm26298	chr9	108653608	108653728	miRNA	ENSMUSG00000095798	-	Gm26298	2308
2309	Slc25a20	chr9	108662088	108684641	protein_coding	ENSMUSG00000032602	+	Slc25a20	2309
2310	Prkar2a	chr9	108689314	108750436	protein_coding	ENSMUSG00000032601	+	Prkar2a	2310
2311	Gm24259	chr9	108738752	108738858	snRNA	ENSMUSG00000065674	-	Gm24259	2311
2312	Ip6k2	chr9	108783796	108806337	protein_coding	ENSMUSG00000032599	+	Ip6k2	2312
2313	Gm23034	chr9	108795242	108795388	snoRNA	ENSMUSG00000088626	-	Gm23034	2313
2314	Nckipsd	chr9	108808368	108818844	protein_coding	ENSMUSG00000032598	+	Nckipsd	2314
2315	Gm35025	chr9	108823938	108825098	lncRNA	ENSMUSG00000103785	-	Gm35025	2315
2316	Gm37714	chr9	108825349	108825690	TEC	ENSMUSG00000102244	+	Gm37714	2316
2317	Celsr3	chr9	108826320	108852969	protein_coding	ENSMUSG00000023473	+	Celsr3	2317
2318	Gm23156	chr9	108844478	108844563	miRNA	ENSMUSG00000093067	+	Gm23156	2318
2319	Slc26a6	chr9	108853283	108913049	protein_coding	ENSMUSG00000023259	+	Slc26a6	2319
2320	Tmem89	chr9	108914619	108915563	protein_coding	ENSMUSG00000025652	+	Tmem89	2320
2321	Uqcrc1	chr9	108936633	108949623	protein_coding	ENSMUSG00000025651	+	Uqcrc1	2321
2322	Gm37284	chr9	108950003	108950541	TEC	ENSMUSG00000103754	-	Gm37284	2322
2323	Col7a1	chr9	108953586	108984875	protein_coding	ENSMUSG00000025650	+	Col7a1	2323
2324	Mir711	chr9	108969922	108970003	miRNA	ENSMUSG00000076142	+	Mir711	2324
2325	Ucn2	chr9	108986010	108987164	protein_coding	ENSMUSG00000049699	+	Ucn2	2325
2326	Gm38004	chr9	108991214	108991570	lncRNA	ENSMUSG00000103811	-	Gm38004	2326
2327	Pfkfb4	chr9	108991778	109032228	protein_coding	ENSMUSG00000025648	+	Pfkfb4	2327
2328	Shisa5	chr9	109038565	109057777	protein_coding	ENSMUSG00000025647	+	Shisa5	2328
2329	Trex1	chr9	109057933	109059734	protein_coding	ENSMUSG00000049734	-	Trex1	2329
2330	Atrip	chr9	109057933	109074124	protein_coding	ENSMUSG00000025646	-	Atrip	2330
2331	Tma7	chr9	109074568	109082587	protein_coding	ENSMUSG00000091537	-	Tma7	2331
2332	Ccdc51	chr9	109082493	109092489	protein_coding	ENSMUSG00000025645	+	Ccdc51	2332
2333	Gm7628	chr9	109093844	109097796	lncRNA	ENSMUSG00000025644	-	Gm7628	2333
2334	Plxnb1	chr9	109095389	109119917	protein_coding	ENSMUSG00000053646	+	Plxnb1	2334
2335	Fbxw21	chr9	109139447	109162041	protein_coding	ENSMUSG00000047237	-	Fbxw21	2335
2336	Fbxw13	chr9	109179227	109195975	protein_coding	ENSMUSG00000049314	-	Fbxw13	2336
2337	Fbxw20	chr9	109217432	109234754	protein_coding	ENSMUSG00000061701	-	Fbxw20	2337
2338	Fbxw14	chr9	109270790	109287676	protein_coding	ENSMUSG00000105589	-	Fbxw14	2338
2339	Fbxw28	chr9	109322886	109339659	protein_coding	ENSMUSG00000054087	-	Fbxw28	2339
2340	Gm25484	chr9	109347524	109347630	snRNA	ENSMUSG00000096412	-	Gm25484	2340
2341	Fbxw22	chr9	109378400	109404296	protein_coding	ENSMUSG00000070324	-	Fbxw22	2341
2342	Fbxw16	chr9	109432316	109449140	protein_coding	ENSMUSG00000074062	-	Fbxw16	2342
2343	Gm42494	chr9	109440128	109443178	TEC	ENSMUSG00000105162	+	Gm42494	2343
2344	Gm42493	chr9	109448645	109460105	lncRNA	ENSMUSG00000106134	+	Gm42493	2344
2345	Fbxw19	chr9	109476654	109495875	protein_coding	ENSMUSG00000074061	-	Fbxw19	2345
2346	Fbxw23	chr9	109516388	109534858	transcribed_unprocessed_pseudogene	ENSMUSG00000104572	-	Fbxw23	2346
2347	Gm42756	chr9	109537100	109552780	lncRNA	ENSMUSG00000104674	+	Gm42756	2347
2348	Gm43089	chr9	109541701	109542913	processed_pseudogene	ENSMUSG00000105948	-	Gm43089	2348
2349	Fbxw15	chr9	109552602	109568262	protein_coding	ENSMUSG00000074060	-	Fbxw15	2349
2350	Gm42755	chr9	109572732	109574224	TEC	ENSMUSG00000106495	-	Gm42755	2350
2351	Fbxw24	chr9	109601116	109626057	protein_coding	ENSMUSG00000062275	-	Fbxw24	2351
2352	Fbxw25	chr9	109645122	109664652	protein_coding	ENSMUSG00000094992	-	Fbxw25	2352
2353	Fbxw18	chr9	109676734	109702700	protein_coding	ENSMUSG00000074059	-	Fbxw18	2353
2354	Gm43209	chr9	109702934	109704521	TEC	ENSMUSG00000104567	+	Gm43209	2354
2355	Fbxw26	chr9	109717566	109746089	protein_coding	ENSMUSG00000059547	-	Fbxw26	2355
2356	Fbxw27	chr9	109766045	109790670	protein_coding	ENSMUSG00000104614	-	Fbxw27	2356
2357	Spink8	chr9	109812280	109826633	protein_coding	ENSMUSG00000050074	+	Spink8	2357
2358	3000002C10Rik	chr9	109827943	109832706	transcribed_processed_pseudogene	ENSMUSG00000070282	-	3000002C10Rik	2358
2359	Nme6	chr9	109832749	109843116	protein_coding	ENSMUSG00000032478	+	Nme6	2359
2360	Camp	chr9	109847379	109849617	protein_coding	ENSMUSG00000038357	-	Camp	2360
2361	Cdc25a	chr9	109875579	109893895	protein_coding	ENSMUSG00000032477	+	Cdc25a	2361
2362	Gm4644	chr9	109924351	109924750	processed_pseudogene	ENSMUSG00000105191	-	Gm4644	2362
2363	Map4	chr9	109931460	110083955	protein_coding	ENSMUSG00000032479	+	Map4	2363
2364	Gm4734	chr9	109970433	109971209	processed_pseudogene	ENSMUSG00000106208	+	Gm4734	2364
2365	Gm43732	chr9	109988967	109991834	lncRNA	ENSMUSG00000105856	-	Gm43732	2365
2366	Gm42433	chr9	110005974	110006913	TEC	ENSMUSG00000105230	+	Gm42433	2366
2367	Gm42432	chr9	110041180	110042796	TEC	ENSMUSG00000105962	+	Gm42432	2367
2368	Dhx30	chr9	110084320	110117830	protein_coding	ENSMUSG00000032480	-	Dhx30	2368
2369	Gm27855	chr9	110109012	110109139	misc_RNA	ENSMUSG00000098956	-	Gm27855	2369
2370	Smarcc1	chr9	110117708	110240178	protein_coding	ENSMUSG00000032481	+	Smarcc1	2370
2371	Gm23377	chr9	110121680	110121805	snoRNA	ENSMUSG00000064877	-	Gm23377	2371
2372	Cspg5	chr9	110243783	110262576	protein_coding	ENSMUSG00000032482	+	Cspg5	2372
2373	Gm43622	chr9	110252126	110254144	TEC	ENSMUSG00000104988	-	Gm43622	2373
2374	Mir6236	chr9	110281287	110281409	miRNA	ENSMUSG00000098973	+	Mir6236	2374
2375	Gm42775	chr9	110288952	110293937	lncRNA	ENSMUSG00000105484	-	Gm42775	2375
2376	Elp6	chr9	110305173	110322102	protein_coding	ENSMUSG00000054836	+	Elp6	2376
2377	Gm42638	chr9	110327978	110330564	TEC	ENSMUSG00000106123	-	Gm42638	2377
2378	Scap	chr9	110333288	110384950	protein_coding	ENSMUSG00000032485	+	Scap	2378
2379	5830462I19Rik	chr9	110372048	110375430	TEC	ENSMUSG00000091102	-	5830462I19Rik	2379
2380	Ptpn23	chr9	110385082	110408213	protein_coding	ENSMUSG00000036057	-	Ptpn23	2380
2381	Ngp	chr9	110419747	110423012	protein_coding	ENSMUSG00000032484	+	Ngp	2381
2382	Klhl18	chr9	110425926	110476694	protein_coding	ENSMUSG00000054792	-	Klhl18	2382
2383	Kif9	chr9	110476958	110525179	protein_coding	ENSMUSG00000032489	+	Kif9	2383
2384	Setd2	chr9	110532597	110618633	protein_coding	ENSMUSG00000044791	+	Setd2	2384
2385	Gm42763	chr9	110543211	110545297	TEC	ENSMUSG00000104983	+	Gm42763	2385
2386	Nradd	chr9	110621135	110624452	protein_coding	ENSMUSG00000032491	-	Nradd	2386
2387	Nbeal2	chr9	110624789	110654161	protein_coding	ENSMUSG00000056724	-	Nbeal2	2387
2388	Mir8107	chr9	110635999	110636115	miRNA	ENSMUSG00000099275	-	Mir8107	2388
2389	Gm42470	chr9	110655679	110656455	lncRNA	ENSMUSG00000105127	+	Gm42470	2389
2390	Ccdc12	chr9	110656503	110711606	protein_coding	ENSMUSG00000019659	+	Ccdc12	2390
2391	Gm35715	chr9	110669329	110674954	lncRNA	ENSMUSG00000104945	-	Gm35715	2391
2392	Pth1r	chr9	110722085	110747145	protein_coding	ENSMUSG00000032492	-	Pth1r	2392
2393	Myl3	chr9	110741861	110769798	protein_coding	ENSMUSG00000059741	+	Myl3	2393
2394	Prss42	chr9	110798166	110803754	protein_coding	ENSMUSG00000044664	+	Prss42	2394
2395	Prss44	chr9	110813994	110824523	protein_coding	ENSMUSG00000032493	+	Prss44	2395
2396	Prss43	chr9	110826690	110831839	protein_coding	ENSMUSG00000058398	+	Prss43	2396
2397	Prss45	chr9	110834588	110841313	protein_coding	ENSMUSG00000047257	+	Prss45	2397
2398	Prss46	chr9	110844506	110856522	protein_coding	ENSMUSG00000049719	+	Prss46	2398
2399	Prss50	chr9	110857967	110864629	protein_coding	ENSMUSG00000048752	+	Prss50	2399
2400	Tmie	chr9	110865711	110880113	protein_coding	ENSMUSG00000049555	-	Tmie	2400
2401	Als2cl	chr9	110879870	110900530	protein_coding	ENSMUSG00000044037	+	Als2cl	2401
2402	Gm43127	chr9	110893111	110895899	TEC	ENSMUSG00000105140	-	Gm43127	2402
2403	Fam240a	chr9	110914739	110916861	protein_coding	ENSMUSG00000096393	-	Fam240a	2403
2404	Tdgf1	chr9	110939603	110946158	protein_coding	ENSMUSG00000032494	-	Tdgf1	2404
2405	Lrrc2	chr9	110951545	110984066	protein_coding	ENSMUSG00000032495	+	Lrrc2	2405
2406	Rtp3	chr9	110984935	110990583	protein_coding	ENSMUSG00000066319	-	Rtp3	2406
2407	1700061E17Rik	chr9	110986201	110987804	lncRNA	ENSMUSG00000102060	+	1700061E17Rik	2407
2408	Gm10030	chr9	110989499	111008029	lncRNA	ENSMUSG00000057802	+	Gm10030	2408
2409	Ltf	chr9	111019271	111042767	protein_coding	ENSMUSG00000032496	+	Ltf	2409
2410	Gm43814	chr9	111052781	111053193	TEC	ENSMUSG00000104654	-	Gm43814	2410
2411	Ccrl2	chr9	111054486	111057519	protein_coding	ENSMUSG00000043953	-	Ccrl2	2411
2412	Rp31-ps19	chr9	111071181	111071533	processed_pseudogene	ENSMUSG00000097529	-	Rp31-ps19	2412
2413	Gm26409	chr9	111075394	111075456	snRNA	ENSMUSG00000088296	+	Gm26409	2413
2414	Lrrfip2	chr9	111117592	111225668	protein_coding	ENSMUSG00000032497	+	Lrrfip2	2414
2415	Mlh1	chr9	111228228	111271791	protein_coding	ENSMUSG00000032498	-	Mlh1	2415
2416	Gm24860	chr9	111244592	111244867	misc_RNA	ENSMUSG00000089082	-	Gm24860	2416
2417	Epm2aip1	chr9	111271929	111279093	protein_coding	ENSMUSG00000046785	+	Epm2aip1	2417
2418	Trank1	chr9	111311739	111395775	protein_coding	ENSMUSG00000062296	+	Trank1	2418
2419	Gm42527	chr9	111411434	111412913	TEC	ENSMUSG00000105592	+	Gm42527	2419
2420	Dclk3	chr9	111439081	111489118	protein_coding	ENSMUSG00000032500	+	Dclk3	2420
2421	Gm42523	chr9	111544004	111548940	lncRNA	ENSMUSG00000106647	-	Gm42523	2421
2422	Gm43236	chr9	111561423	111562036	lncRNA	ENSMUSG00000106232	+	Gm43236	2422
2423	Stac	chr9	111561437	111690348	protein_coding	ENSMUSG00000032502	-	Stac	2423
2424	n-R5s90	chr9	111613898	111614015	rRNA	ENSMUSG00000077156	-	n-R5s90	2424
2425	4930545L08Rik	chr9	111912311	111918666	lncRNA	ENSMUSG00000111054	-	4930545L08Rik	2425
2426	Arpp21	chr9	112065091	112235938	protein_coding	ENSMUSG00000032503	-	Arpp21	2426
2427	Mir128-2	chr9	112118636	112118711	miRNA	ENSMUSG00000065441	-	Mir128-2	2427
2428	2310075C17Rik	chr9	112227579	112228242	lncRNA	ENSMUSG00000089718	+	2310075C17Rik	2428
2429	2900079G21Rik	chr9	112234277	112348925	lncRNA	ENSMUSG00000087038	+	2900079G21Rik	2429
2430	4933411E02Rik	chr9	112390104	112461630	lncRNA	ENSMUSG00000110876	-	4933411E02Rik	2430
2431	Gm36251	chr9	113070983	113123029	lncRNA	ENSMUSG00000110996	-	Gm36251	2431
2432	Gm4657	chr9	113174608	113189815	lncRNA	ENSMUSG00000111235	-	Gm4657	2432
2433	Gm36367	chr9	113287707	113311215	lncRNA	ENSMUSG00000111022	+	Gm36367	2433
2434	Gm39436	chr9	113324251	113352369	lncRNA	ENSMUSG00000110784	-	Gm39436	2434
2435	Gm22492	chr9	113403475	113403771	misc_RNA	ENSMUSG00000087817	+	Gm22492	2435
2436	Gm36485	chr9	113406169	113420060	lncRNA	ENSMUSG00000111532	-	Gm36485	2436
2437	Gm47875	chr9	113420111	113422536	lncRNA	ENSMUSG00000111199	+	Gm47875	2437
2438	AU023762	chr9	113496746	113611783	lncRNA	ENSMUSG00000109890	-	AU023762	2438
2439	Gm7183	chr9	113530229	113531233	processed_pseudogene	ENSMUSG00000111388	+	Gm7183	2439
2440	Gm36745	chr9	113636528	113642054	lncRNA	ENSMUSG00000111364	-	Gm36745	2440
2441	Pdcd6ip	chr9	113651744	113708259	protein_coding	ENSMUSG00000032504	-	Pdcd6ip	2441
2442	Clasp2	chr9	113741473	113919682	protein_coding	ENSMUSG00000033392	+	Clasp2	2442
2443	Gm25059	chr9	113776182	113776298	snoRNA	ENSMUSG00000087992	-	Gm25059	2443
2444	Ubp1	chr9	113930934	113977202	protein_coding	ENSMUSG00000009741	+	Ubp1	2444
2445	Fbxl2	chr9	113963637	114046191	protein_coding	ENSMUSG00000032507	-	Fbxl2	2445
2446	Gm47950	chr9	113969984	113970998	lncRNA	ENSMUSG00000111793	-	Gm47950	2446
2447	Susd5	chr9	114057140	114098728	protein_coding	ENSMUSG00000086596	+	Susd5	2447
2448	Gm29825	chr9	114118088	114192640	lncRNA	ENSMUSG00000111734	+	Gm29825	2448
2449	4921528I07Rik	chr9	114237697	114317028	lncRNA	ENSMUSG00000064299	-	4921528I07Rik	2449
2450	4930520O04Rik	chr9	114368303	114377229	lncRNA	ENSMUSG00000074039	+	4930520O04Rik	2450
2451	Crtap	chr9	114375134	114390675	protein_coding	ENSMUSG00000032431	-	Crtap	2451
2452	Glb1	chr9	114401076	114474898	protein_coding	ENSMUSG00000045594	+	Glb1	2452
2453	Tmppe	chr9	114401105	114407276	protein_coding	ENSMUSG00000079260	+	Tmppe	2453
2454	Ccr4	chr9	114490316	114504916	protein_coding	ENSMUSG00000047898	-	Ccr4	2454
2455	Trim71	chr9	114507133	114564369	protein_coding	ENSMUSG00000079259	-	Trim71	2455
2456	C130032M10Rik	chr9	114515697	114516601	lncRNA	ENSMUSG00000097821	+	C130032M10Rik	2456
2457	Cnot10	chr9	114585878	114640184	protein_coding	ENSMUSG00000056167	-	Cnot10	2457
2458	Gm23232	chr9	114602088	114602192	snRNA	ENSMUSG00000087925	-	Gm23232	2458
2459	Gm7780	chr9	114647630	114648035	processed_pseudogene	ENSMUSG00000111744	-	Gm7780	2459
2460	Dync1li1	chr9	114688790	114724302	protein_coding	ENSMUSG00000032435	+	Dync1li1	2460
2461	Cmtm6	chr9	114731116	114749344	protein_coding	ENSMUSG00000032434	+	Cmtm6	2461
2462	Cmtm7	chr9	114756836	114781856	protein_coding	ENSMUSG00000032436	-	Cmtm7	2462
2463	Gm9888	chr9	114780100	114782257	lncRNA	ENSMUSG00000052724	+	Gm9888	2463
2464	Cmtm8	chr9	114789345	114844156	protein_coding	ENSMUSG00000041012	-	Cmtm8	2464
2465	Gm23889	chr9	114838173	114838276	snRNA	ENSMUSG00000084638	+	Gm23889	2465
2466	Gpd1l	chr9	114899341	114933987	protein_coding	ENSMUSG00000050627	-	Gpd1l	2466
2467	Osbpl10	chr9	114978569	115232225	protein_coding	ENSMUSG00000040875	+	Osbpl10	2467
2468	Rps27rt	chr9	114982366	114982739	protein_coding	ENSMUSG00000050621	-	Rps27rt	2468
2469	Gm4665	chr9	115180404	115186058	lncRNA	ENSMUSG00000098127	-	Gm4665	2469
2470	Gm26962	chr9	115195453	115196898	lncRNA	ENSMUSG00000098191	-	Gm26962	2470
2471	Gm27002	chr9	115200398	115203875	lncRNA	ENSMUSG00000097967	+	Gm27002	2471
2472	Stt3b	chr9	115242581	115310421	protein_coding	ENSMUSG00000032437	-	Stt3b	2472
2473	Stmn1-rs1	chr9	115281520	115281981	processed_pseudogene	ENSMUSG00000111564	-	Stmn1-rs1	2473
2474	Mir467h	chr9	115381819	115381939	miRNA	ENSMUSG00000080409	+	Mir467h	2474
2475	Gm26303	chr9	115381960	115382078	miRNA	ENSMUSG00000080495	+	Gm26303	2475
2476	Gm25510	chr9	115382099	115382221	miRNA	ENSMUSG00000080636	+	Gm25510	2476
2477	Gm9487	chr9	115405149	115405620	processed_pseudogene	ENSMUSG00000111530	+	Gm9487	2477
2478	Gm22243	chr9	115411234	115411353	miRNA	ENSMUSG00000095467	-	Gm22243	2478
2479	Gm5921	chr9	115437700	115438581	processed_pseudogene	ENSMUSG00000074034	-	Gm5921	2479
2480	n-R5s92	chr9	115626600	115626718	rRNA	ENSMUSG00000094630	-	n-R5s92	2480
2481	D330037F02Rik	chr9	115665914	115674353	lncRNA	ENSMUSG00000111398	+	D330037F02Rik	2481
2482	Gm48007	chr9	115680743	115682263	lncRNA	ENSMUSG00000110905	+	Gm48007	2482
2483	Gadl1	chr9	115909455	116076176	protein_coding	ENSMUSG00000056880	+	Gadl1	2483
2484	Gm16142	chr9	115990956	116001788	lncRNA	ENSMUSG00000087469	-	Gm16142	2484
2485	Gm9385	chr9	116040593	116041064	processed_pseudogene	ENSMUSG00000080848	-	Gm9385	2485
2486	Tgfbr2	chr9	116084293	116175360	protein_coding	ENSMUSG00000032440	-	Tgfbr2	2486
2487	Gm4668	chr9	116189180	116194886	lncRNA	ENSMUSG00000111243	+	Gm4668	2487
2488	Gm48038	chr9	116199297	116200612	lncRNA	ENSMUSG00000111729	+	Gm48038	2488
2489	Gm31410	chr9	116218802	116249753	lncRNA	ENSMUSG00000111324	+	Gm31410	2489
2490	D730003K21Rik	chr9	116327337	116339511	lncRNA	ENSMUSG00000110752	+	D730003K21Rik	2490
2491	Rbms3	chr9	116572746	117872584	protein_coding	ENSMUSG00000039607	-	Rbms3	2491
2492	Gm18489	chr9	117059158	117059708	processed_pseudogene	ENSMUSG00000092184	+	Gm18489	2492
2493	Gm17396	chr9	117252536	117254696	lncRNA	ENSMUSG00000079669	+	Gm17396	2493
2494	Gm20396	chr9	117402979	117404342	processed_pseudogene	ENSMUSG00000092504	+	Gm20396	2494
2495	Gm26614	chr9	117873144	117881202	lncRNA	ENSMUSG00000097240	+	Gm26614	2495
2496	Zcwpw2	chr9	117876000	118040259	protein_coding	ENSMUSG00000032443	-	Zcwpw2	2496
2497	Azi2	chr9	118040499	118069794	protein_coding	ENSMUSG00000039285	+	Azi2	2497
2498	Cmc1	chr9	118064522	118150177	protein_coding	ENSMUSG00000039163	-	Cmc1	2498
2499	Gm17399	chr9	118150231	118170376	lncRNA	ENSMUSG00000097402	+	Gm17399	2499
2500	Gm22198	chr9	118287786	118288092	misc_RNA	ENSMUSG00000084608	+	Gm22198	2500
2501	2610509F24Rik	chr9	118402465	118403302	TEC	ENSMUSG00000103968	-	2610509F24Rik	2501
2502	Platr11	chr9	118404097	118406099	lncRNA	ENSMUSG00000098161	-	Platr11	2502
2503	4933432G23Rik	chr9	118429836	118437048	lncRNA	ENSMUSG00000111843	+	4933432G23Rik	2503
2504	Eomes	chr9	118478212	118486132	protein_coding	ENSMUSG00000032446	+	Eomes	2504
2505	Gm33460	chr9	118485559	118489099	lncRNA	ENSMUSG00000110692	-	Gm33460	2505
2506	Golga4	chr9	118506267	118582519	protein_coding	ENSMUSG00000038708	+	Golga4	2506
2507	Gm18935	chr9	118571608	118572271	processed_pseudogene	ENSMUSG00000110627	-	Gm18935	2507
2508	Gm45897	chr9	118584853	118590195	lncRNA	ENSMUSG00000110676	-	Gm45897	2508
2509	Itga9	chr9	118606690	118901003	protein_coding	ENSMUSG00000039115	+	Itga9	2509
2510	Gm10157	chr9	118837613	118837955	processed_pseudogene	ENSMUSG00000066270	-	Gm10157	2510
2511	Gm2415	chr9	118890075	118926455	lncRNA	ENSMUSG00000086119	-	Gm2415	2511
2512	Gm16295	chr9	118924873	118925777	lncRNA	ENSMUSG00000087041	+	Gm16295	2512
2513	Ctdspl	chr9	118926453	119043998	protein_coding	ENSMUSG00000047409	+	Ctdspl	2513
2514	Mir26a-1	chr9	119031796	119031885	miRNA	ENSMUSG00000065513	+	Mir26a-1	2514
2515	Vill	chr9	119052778	119071525	protein_coding	ENSMUSG00000038775	+	Vill	2515
2516	Plcd1	chr9	119071527	119093502	protein_coding	ENSMUSG00000010660	-	Plcd1	2516
2517	Dlec1	chr9	119102478	119148246	protein_coding	ENSMUSG00000038060	+	Dlec1	2517
2518	Acaa1b	chr9	119148023	119157093	protein_coding	ENSMUSG00000010651	-	Acaa1b	2518
2519	Gm47289	chr9	119159161	119161669	lncRNA	ENSMUSG00000074029	+	Gm47289	2519
2520	Gm10608	chr9	119162730	119163405	processed_pseudogene	ENSMUSG00000111197	+	Gm10608	2520
2521	Slc22a14	chr9	119169455	119365553	protein_coding	ENSMUSG00000070280	-	Slc22a14	2521
2522	Slc22a13	chr9	119192974	119209098	protein_coding	ENSMUSG00000074028	-	Slc22a13	2522
2523	Slc22a13b	chr9	119220488	119231692	polymorphic_pseudogene	ENSMUSG00000092212	-	Slc22a13b	2523
2524	Oxsr1	chr9	119238432	119322427	protein_coding	ENSMUSG00000036737	-	Oxsr1	2524
2525	Gm22729	chr9	119306629	119306757	snoRNA	ENSMUSG00000088713	-	Gm22729	2525
2526	Myd88	chr9	119335934	119341411	protein_coding	ENSMUSG00000032508	-	Myd88	2526
2527	Acaa1a	chr9	119339676	119350299	protein_coding	ENSMUSG00000036138	+	Acaa1a	2527
2528	Xylb	chr9	119357381	119393797	protein_coding	ENSMUSG00000035769	+	Xylb	2528
2529	Acvr2b	chr9	119402118	119434995	protein_coding	ENSMUSG00000061393	+	Acvr2b	2529
2530	Gm47320	chr9	119405108	119409016	lncRNA	ENSMUSG00000111204	-	Gm47320	2530
2531	4930516B21Rik	chr9	119440278	119444830	lncRNA	ENSMUSG00000097504	-	4930516B21Rik	2531
2532	Exog	chr9	119444943	119465517	protein_coding	ENSMUSG00000042787	+	Exog	2532
2533	Scn5a	chr9	119483408	119579016	protein_coding	ENSMUSG00000032511	-	Scn5a	2533
2534	Scn10a	chr9	119608456	119719322	protein_coding	ENSMUSG00000034533	-	Scn10a	2534
2535	Scn11a	chr9	119753759	119825456	protein_coding	ENSMUSG00000034115	-	Scn11a	2535
2536	Gm2449	chr9	119887449	119894863	lncRNA	ENSMUSG00000097223	-	Gm2449	2536
2537	Wdr48	chr9	119894878	119926587	protein_coding	ENSMUSG00000032512	+	Wdr48	2537
2538	Cx3cr1	chr9	119901616	120069879	protein_coding	ENSMUSG00000052336	-	Cx3cr1	2538
2539	Gorasp1	chr9	119925257	119937565	protein_coding	ENSMUSG00000032513	-	Gorasp1	2539
2540	Ttc21a	chr9	119937606	119967793	protein_coding	ENSMUSG00000032514	+	Ttc21a	2540
2541	Csrnp1	chr9	119971163	119984658	protein_coding	ENSMUSG00000032515	-	Csrnp1	2541
2542	1700019L13Rik	chr9	119983146	119988092	lncRNA	ENSMUSG00000111639	+	1700019L13Rik	2542
2543	Gm47043	chr9	120004037	120005106	lncRNA	ENSMUSG00000111369	+	Gm47043	2543
2544	Gm49427	chr9	120009805	120011448	lncRNA	ENSMUSG00000111089	+	Gm49427	2544
2545	Xirp1	chr9	120013755	120023598	protein_coding	ENSMUSG00000079243	-	Xirp1	2545
2546	Gm33858	chr9	120068996	120070622	lncRNA	ENSMUSG00000111792	+	Gm33858	2546
2547	Ccr8	chr9	120092114	120094906	protein_coding	ENSMUSG00000042262	+	Ccr8	2547
2548	Gm47050	chr9	120095663	120097838	TEC	ENSMUSG00000111546	+	Gm47050	2548
2549	Slc25a38	chr9	120110374	120124504	protein_coding	ENSMUSG00000032519	+	Slc25a38	2549
2550	Rpsa	chr9	120127689	120132369	protein_coding	ENSMUSG00000032518	+	Rpsa	2550
2551	Gm24044	chr9	120128780	120128935	snoRNA	ENSMUSG00000065041	+	Gm24044	2551
2552	Gm26448	chr9	120129351	120129553	snoRNA	ENSMUSG00000064380	+	Gm26448	2552
2553	Snora62	chr9	120130415	120130563	snoRNA	ENSMUSG00000064925	+	Snora62	2553
2554	Gm5922	chr9	120133463	120136329	lncRNA	ENSMUSG00000111028	-	Gm5922	2554
2555	Mobp	chr9	120149707	120181484	protein_coding	ENSMUSG00000032517	+	Mobp	2555
2556	Gm38642	chr9	120179038	120279171	lncRNA	ENSMUSG00000111219	+	Gm38642	2556
2557	Gm37111	chr9	120182564	120183197	TEC	ENSMUSG00000104494	+	Gm37111	2557
2558	Gm47059	chr9	120259628	120264358	lncRNA	ENSMUSG00000111498	+	Gm47059	2558
2559	Myrip	chr9	120301513	120474841	protein_coding	ENSMUSG00000041794	+	Myrip	2559
2560	Gm15566	chr9	120316328	120316917	processed_pseudogene	ENSMUSG00000083772	+	Gm15566	2560
2561	Gm15565	chr9	120384911	120385337	processed_pseudogene	ENSMUSG00000082356	+	Gm15565	2561
2562	D830035M03Rik	chr9	120490532	120492547	lncRNA	ENSMUSG00000111828	-	D830035M03Rik	2562
2563	Eif1b	chr9	120492232	120495330	protein_coding	ENSMUSG00000006941	+	Eif1b	2563
2564	Gm7229	chr9	120521813	120522819	unprocessed_pseudogene	ENSMUSG00000111816	+	Gm7229	2564
2565	Entpd3	chr9	120539818	120568327	protein_coding	ENSMUSG00000041608	+	Entpd3	2565
2566	Rpl14	chr9	120571444	120574654	protein_coding	ENSMUSG00000025794	+	Rpl14	2566
2567	5830454E08Rik	chr9	120577331	120578074	lncRNA	ENSMUSG00000052658	+	5830454E08Rik	2567
2568	Gm47062	chr9	120580135	120582738	unprocessed_pseudogene	ENSMUSG00000110962	+	Gm47062	2568
2569	Gm39456	chr9	120611654	120620299	lncRNA	ENSMUSG00000110760	-	Gm39456	2569
2570	Gm39458	chr9	120674405	120682399	lncRNA	ENSMUSG00000111533	+	Gm39458	2570
2571	Gm47063	chr9	120705889	120706237	TEC	ENSMUSG00000111679	-	Gm47063	2571
2572	Gm47064	chr9	120743590	120751143	lncRNA	ENSMUSG00000111831	-	Gm47064	2572
2573	Gm18101	chr9	120754979	120755526	processed_pseudogene	ENSMUSG00000110726	-	Gm18101	2573
2574	Gm23624	chr9	120791465	120791785	misc_RNA	ENSMUSG00000064397	-	Gm23624	2574
2575	Gm47066	chr9	120791986	120794882	lncRNA	ENSMUSG00000111270	+	Gm47066	2575
2576	Gm39459	chr9	120834363	120844936	lncRNA	ENSMUSG00000111720	+	Gm39459	2576
2577	Gm47068	chr9	120843445	120846181	lncRNA	ENSMUSG00000110911	-	Gm47068	2577
2578	Gm47069	chr9	120849207	120853103	lncRNA	ENSMUSG00000111233	+	Gm47069	2578
2579	Gm19385	chr9	120861615	120866756	lncRNA	ENSMUSG00000110730	-	Gm19385	2579
2580	Gm34425	chr9	120869160	120873860	lncRNA	ENSMUSG00000111094	+	Gm34425	2580
2581	Gm47070	chr9	120869984	120871030	lncRNA	ENSMUSG00000111445	-	Gm47070	2581
2582	Gm39460	chr9	120879697	120881972	lncRNA	ENSMUSG00000111528	-	Gm39460	2582
2583	1700020M21Rik	chr9	120913774	120915252	lncRNA	ENSMUSG00000100146	-	1700020M21Rik	2583
2584	4930593C16Rik	chr9	120924452	120930804	lncRNA	ENSMUSG00000086365	-	4930593C16Rik	2584
2585	Ctnnb1	chr9	120929216	120960507	protein_coding	ENSMUSG00000006932	+	Ctnnb1	2585
2586	Mir7090	chr9	120955086	120955147	miRNA	ENSMUSG00000106193	+	Mir7090	2586
2587	Ulk4	chr9	120955351	121277197	protein_coding	ENSMUSG00000040936	-	Ulk4	2587
2588	Gm17157	chr9	121247317	121247664	processed_pseudogene	ENSMUSG00000091336	+	Gm17157	2588
2589	Gm34655	chr9	121277775	121286000	lncRNA	ENSMUSG00000110863	+	Gm34655	2589
2590	Trak1	chr9	121297502	121474918	protein_coding	ENSMUSG00000032536	+	Trak1	2590
2591	C230053D17Rik	chr9	121319385	121321630	TEC	ENSMUSG00000110751	+	C230053D17Rik	2591
2592	Gm47092	chr9	121346556	121348368	TEC	ENSMUSG00000110738	+	Gm47092	2592
2593	Cck	chr9	121489824	121495694	protein_coding	ENSMUSG00000032532	-	Cck	2593
2594	Gm47095	chr9	121515665	121536151	lncRNA	ENSMUSG00000111598	-	Gm47095	2594
2595	Gm38661	chr9	121523575	121530805	lncRNA	ENSMUSG00000110814	+	Gm38661	2595
2596	Lyzl4	chr9	121577843	121642096	protein_coding	ENSMUSG00000032530	-	Lyzl4	2596
2597	Lyzl4os	chr9	121586997	121614255	lncRNA	ENSMUSG00000084995	+	Lyzl4os	2597
2598	Gm47097	chr9	121629891	121631370	TEC	ENSMUSG00000111844	-	Gm47097	2598
2599	Vipr1	chr9	121642716	121672954	protein_coding	ENSMUSG00000032528	+	Vipr1	2599
2600	Sec22c	chr9	121680045	121705490	protein_coding	ENSMUSG00000061536	-	Sec22c	2600
2601	Ss18l2	chr9	121710329	121713388	protein_coding	ENSMUSG00000032526	+	Ss18l2	2601
2602	Nktr	chr9	121719169	121756843	protein_coding	ENSMUSG00000032525	+	Nktr	2602
2603	E530011L22Rik	chr9	121754662	121759943	lncRNA	ENSMUSG00000097820	-	E530011L22Rik	2603
2604	Zfp651	chr9	121759330	121771742	protein_coding	ENSMUSG00000013419	+	Zfp651	2604
2605	Gm47108	chr9	121775024	121778146	TEC	ENSMUSG00000111000	-	Gm47108	2605
2606	Klhl40	chr9	121777607	121783818	protein_coding	ENSMUSG00000074001	+	Klhl40	2606
2607	Hhatl	chr9	121784016	121792507	protein_coding	ENSMUSG00000032523	-	Hhatl	2607
2608	Ccdc13	chr9	121797627	121839461	protein_coding	ENSMUSG00000079235	-	Ccdc13	2608
2609	Gm17163	chr9	121820289	121831193	lncRNA	ENSMUSG00000092042	+	Gm17163	2609
2610	Gm47111	chr9	121843822	121846937	TEC	ENSMUSG00000111341	-	Gm47111	2610
2611	Higd1a	chr9	121848563	121858362	protein_coding	ENSMUSG00000038412	-	Higd1a	2611
2612	Gm47112	chr9	121857680	121859209	lncRNA	ENSMUSG00000111079	+	Gm47112	2612
2613	Gm47113	chr9	121869496	121879936	lncRNA	ENSMUSG00000111465	+	Gm47113	2613
2614	Ackr2	chr9	121898355	121911074	protein_coding	ENSMUSG00000044534	+	Ackr2	2614
2615	Cyp8b1	chr9	121914356	121916305	protein_coding	ENSMUSG00000050445	-	Cyp8b1	2615
2616	Gm47115	chr9	121934080	121935402	unprocessed_pseudogene	ENSMUSG00000111141	+	Gm47115	2616
2617	1700048O20Rik	chr9	121937223	121947016	lncRNA	ENSMUSG00000043773	+	1700048O20Rik	2617
2618	Gm49343	chr9	121937973	121965089	lncRNA	ENSMUSG00000111053	+	Gm49343	2618
2619	Gask1a	chr9	121950988	121980209	protein_coding	ENSMUSG00000038233	+	Gask1a	2619
2620	Pomgnt2	chr9	121981606	121997110	protein_coding	ENSMUSG00000066235	-	Pomgnt2	2620
2621	Gm39463	chr9	121996118	122012455	lncRNA	ENSMUSG00000111873	+	Gm39463	2621
2622	Gm47117	chr9	122008354	122012140	lncRNA	ENSMUSG00000110729	-	Gm47117	2622
2623	Gm39465	chr9	122019528	122051463	lncRNA	ENSMUSG00000111389	-	Gm39465	2623
2624	Gm39464	chr9	122047088	122052647	lncRNA	ENSMUSG00000111785	+	Gm39464	2624
2625	Snrk	chr9	122117266	122169702	protein_coding	ENSMUSG00000038145	+	Snrk	2625
2626	Gm47122	chr9	122119145	122119495	TEC	ENSMUSG00000111003	+	Gm47122	2626
2627	4632418H02Rik	chr9	122127294	122130014	TEC	ENSMUSG00000111605	+	4632418H02Rik	2627
2628	Gm47121	chr9	122142449	122143708	lncRNA	ENSMUSG00000111434	+	Gm47121	2628
2629	Ano10	chr9	122175874	122294423	protein_coding	ENSMUSG00000037949	-	Ano10	2629
2630	Mir8106	chr9	122273890	122274028	miRNA	ENSMUSG00000098922	-	Mir8106	2630
2631	Gm26797	chr9	122295869	122310928	lncRNA	ENSMUSG00000097572	-	Gm26797	2631
2632	Gm47126	chr9	122295911	122304879	lncRNA	ENSMUSG00000111268	+	Gm47126	2632
2633	Abhd5	chr9	122351608	122381524	protein_coding	ENSMUSG00000032540	+	Abhd5	2633
2634	A730085K08Rik	chr9	122380575	122398801	lncRNA	ENSMUSG00000093598	-	A730085K08Rik	2634
2635	Gm47128	chr9	122422136	122423376	lncRNA	ENSMUSG00000111192	+	Gm47128	2635
2636	Gm35454	chr9	122435818	122438165	lncRNA	ENSMUSG00000111146	-	Gm35454	2636
2637	Gm47129	chr9	122478750	122479262	processed_pseudogene	ENSMUSG00000110725	+	Gm47129	2637
2638	Gm47130	chr9	122511271	122511611	processed_pseudogene	ENSMUSG00000111244	-	Gm47130	2638
2639	Gm47131	chr9	122512549	122513598	lncRNA	ENSMUSG00000110984	-	Gm47131	2639
2640	Gm47133	chr9	122531746	122535020	lncRNA	ENSMUSG00000111221	-	Gm47133	2640
2641	9530059O14Rik	chr9	122572499	122679596	lncRNA	ENSMUSG00000097736	+	9530059O14Rik	2641
2642	Gm47134	chr9	122640169	122647830	lncRNA	ENSMUSG00000111143	-	Gm47134	2642
2643	Gm47135	chr9	122682742	122683641	transcribed_unprocessed_pseudogene	ENSMUSG00000111837	+	Gm47135	2643
2644	Mir138-1	chr9	122682876	122682974	miRNA	ENSMUSG00000065414	+	Mir138-1	2644
2645	Gm35501	chr9	122686799	122693642	lncRNA	ENSMUSG00000111068	+	Gm35501	2645
2646	Gm47136	chr9	122687068	122714333	lncRNA	ENSMUSG00000111577	-	Gm47136	2646
2647	Gm47137	chr9	122715203	122715364	processed_pseudogene	ENSMUSG00000111441	+	Gm47137	2647
2648	Topaz1	chr9	122747346	122802135	protein_coding	ENSMUSG00000094985	+	Topaz1	2648
2649	Tcaim	chr9	122805539	122836334	protein_coding	ENSMUSG00000046603	+	Tcaim	2649
2650	Gm25341	chr9	122812564	122812831	misc_RNA	ENSMUSG00000088086	+	Gm25341	2650
2651	Gm35549	chr9	122822776	122844035	protein_coding	ENSMUSG00000107504	-	Gm35549	2651
2652	Zfp445	chr9	122844529	122866006	protein_coding	ENSMUSG00000047036	-	Zfp445	2652
2653	Gm47140	chr9	122847019	122848418	lncRNA	ENSMUSG00000111325	-	Gm47140	2653
2654	A530083I20Rik	chr9	122885080	122903531	lncRNA	ENSMUSG00000097322	-	A530083I20Rik	2654
2655	Zkscan7	chr9	122885685	122898618	protein_coding	ENSMUSG00000063488	+	Zkscan7	2655
2656	Gm47145	chr9	122918533	122921342	unprocessed_pseudogene	ENSMUSG00000111710	+	Gm47145	2656
2657	Zfp105	chr9	122923072	122931028	protein_coding	ENSMUSG00000057895	+	Zfp105	2657
2658	Gm46136	chr9	122935812	122942819	transcribed_unprocessed_pseudogene	ENSMUSG00000111163	+	Gm46136	2658
2659	Gm47146	chr9	122942530	122942691	transcribed_processed_pseudogene	ENSMUSG00000111428	+	Gm47146	2659
2660	1110059G10Rik	chr9	122945089	122951000	protein_coding	ENSMUSG00000032551	-	1110059G10Rik	2660
2661	Kif15	chr9	122951046	123018733	protein_coding	ENSMUSG00000036768	+	Kif15	2661
2662	Gm47148	chr9	122993127	122993704	TEC	ENSMUSG00000111617	+	Gm47148	2662
2663	Gm9856	chr9	123018995	123021572	lncRNA	ENSMUSG00000110945	-	Gm9856	2663
2664	Tmem42	chr9	123021326	123023705	protein_coding	ENSMUSG00000066233	+	Tmem42	2664
2665	Gm49323	chr9	123021418	123045019	lncRNA	ENSMUSG00000111789	+	Gm49323	2665
2666	Tgm4	chr9	123034726	123067561	protein_coding	ENSMUSG00000025787	+	Tgm4	2666
2667	Zdhhc3	chr9	123066160	123113205	protein_coding	ENSMUSG00000025786	-	Zdhhc3	2667
2668	Exosc7	chr9	123113215	123136129	protein_coding	ENSMUSG00000025785	+	Exosc7	2668
2669	Gm47159	chr9	123138466	123139641	TEC	ENSMUSG00000111490	+	Gm47159	2669
2670	Clec3b	chr9	123150946	123157432	protein_coding	ENSMUSG00000025784	+	Clec3b	2670
2671	Gm23323	chr9	123162371	123162503	snoRNA	ENSMUSG00000077659	+	Gm23323	2671
2672	Cdcp1	chr9	123170824	123216038	protein_coding	ENSMUSG00000035498	-	Cdcp1	2672
2673	Tmem158	chr9	123259053	123260764	protein_coding	ENSMUSG00000054871	-	Tmem158	2673
2674	Scp2-ps2	chr9	123306600	123317998	transcribed_unprocessed_pseudogene	ENSMUSG00000058492	-	Scp2-ps2	2674
2675	Gm47162	chr9	123307084	123307983	lncRNA	ENSMUSG00000111371	+	Gm47162	2675
2676	Lars2	chr9	123366927	123462666	protein_coding	ENSMUSG00000035202	+	Lars2	2676
2677	Limd1	chr9	123478706	123521552	protein_coding	ENSMUSG00000025239	+	Limd1	2677
2678	Sacm1l	chr9	123529759	123592600	protein_coding	ENSMUSG00000025240	+	Sacm1l	2678
2679	Slc6a20b	chr9	123590800	123632565	protein_coding	ENSMUSG00000025243	-	Slc6a20b	2679
2680	Slc6a20a	chr9	123634770	123678885	protein_coding	ENSMUSG00000036814	-	Slc6a20a	2680
2681	Gm17120	chr9	123635388	123637325	lncRNA	ENSMUSG00000091172	+	Gm17120	2681
2682	Gm47173	chr9	123643166	123645489	TEC	ENSMUSG00000110735	+	Gm47173	2682
2683	Gm47171	chr9	123644194	123646987	TEC	ENSMUSG00000111340	-	Gm47171	2683
2684	Gm17200	chr9	123678096	123701046	lncRNA	ENSMUSG00000090608	+	Gm17200	2684
2685	Ccr9	chr9	123678439	123784330	protein_coding	ENSMUSG00000029530	+	Ccr9	2685
2686	Gm10052	chr9	123689233	123690192	processed_pseudogene	ENSMUSG00000058922	-	Gm10052	2686
2687	Lztfl1	chr9	123694416	123717697	protein_coding	ENSMUSG00000025245	-	Lztfl1	2687
2688	Gm17021	chr9	123768114	123791289	lncRNA	ENSMUSG00000091661	-	Gm17021	2688
2689	Fyco1	chr9	123789500	123851899	protein_coding	ENSMUSG00000025241	-	Fyco1	2689
2690	Cxcr6	chr9	123806475	123811760	protein_coding	ENSMUSG00000048521	+	Cxcr6	2690
2691	Xcr1	chr9	123852315	123862029	protein_coding	ENSMUSG00000060509	-	Xcr1	2691
2692	Ccr1	chr9	123962124	123968692	protein_coding	ENSMUSG00000025804	-	Ccr1	2692
2693	Ccr1l1	chr9	123977243	123978408	protein_coding	ENSMUSG00000064039	-	Ccr1l1	2693
2694	Ccr3	chr9	124021972	124031689	protein_coding	ENSMUSG00000035448	+	Ccr3	2694
2695	Ccr2	chr9	124101950	124113557	protein_coding	ENSMUSG00000049103	+	Ccr2	2695
2696	Ccr5	chr9	124121543	124147699	protein_coding	ENSMUSG00000079227	+	Ccr5	2696
2697	Gm39469	chr9	124270358	124282139	lncRNA	ENSMUSG00000110834	-	Gm39469	2697
2698	2010315B03Rik	chr9	124291804	124312696	protein_coding	ENSMUSG00000074829	-	2010315B03Rik	2698
2699	Gm47180	chr9	124338979	124347160	transcribed_unprocessed_pseudogene	ENSMUSG00000111194	+	Gm47180	2699
2700	Gm47179	chr9	124340783	124342618	TEC	ENSMUSG00000110795	-	Gm47179	2700
2701	Gm47181	chr9	124344398	124347514	lncRNA	ENSMUSG00000111733	-	Gm47181	2701
2702	Nlrp4g	chr9	124348872	124356970	transcribed_unprocessed_pseudogene	ENSMUSG00000079741	+	Nlrp4g	2702
2703	Ppp2r3d	chr9	124422622	124476898	protein_coding	ENSMUSG00000093803	-	Ppp2r3d	2703
2704	Gm47185	chr9	124451955	124452597	unprocessed_pseudogene	ENSMUSG00000111025	+	Gm47185	2704
2705	Gm47183	chr9	124471703	124472476	TEC	ENSMUSG00000111523	+	Gm47183	2705
