	gene_name	chr	start	end	type	ensembl_id	strand	gene_name2	Node_ID
0	Btbd35f23	chrX	3076875	3078817	protein_coding	ENSMUSG00000100249	+	Btbd35f23	0
1	Btbd35f24	chrX	3193887	3195827	protein_coding	ENSMUSG00000096426	-	Btbd35f24	1
2	Gm14331	chrX	3225600	3230364	processed_pseudogene	ENSMUSG00000084298	+	Gm14331	2
3	Gm14333	chrX	3231695	3231958	processed_pseudogene	ENSMUSG00000095907	-	Gm14333	3
4	Gm14332	chrX	3276856	3278543	processed_pseudogene	ENSMUSG00000080876	-	Gm14332	4
5	Gm14360	chrX	3484012	3486883	processed_pseudogene	ENSMUSG00000082167	+	Gm14360	5
6	Btbd35f18	chrX	3700233	3702192	protein_coding	ENSMUSG00000094876	+	Btbd35f18	6
7	Gm14359	chrX	3779668	3785511	processed_pseudogene	ENSMUSG00000082025	+	Gm14359	7
8	Btbd35f16	chrX	3955054	3957002	protein_coding	ENSMUSG00000101381	-	Btbd35f16	8
9	Gm15258	chrX	4075022	4075762	processed_pseudogene	ENSMUSG00000085978	-	Gm15258	9
10	Gm14349	chrX	4118240	4119931	processed_pseudogene	ENSMUSG00000084955	+	Gm14349	10
11	Gm14358	chrX	4143537	4146415	processed_pseudogene	ENSMUSG00000082081	+	Gm14358	11
12	Gm14356	chrX	4192857	4193725	processed_pseudogene	ENSMUSG00000082489	+	Gm14356	12
13	Btbd35f28	chrX	4196576	4198535	protein_coding	ENSMUSG00000094307	+	Btbd35f28	13
14	Gm14364	chrX	4339453	4339719	processed_pseudogene	ENSMUSG00000085775	+	Gm14364	14
15	Gm14368	chrX	4341036	4343915	processed_pseudogene	ENSMUSG00000085966	-	Gm14368	15
16	Btbd35f17	chrX	4370636	4372595	protein_coding	ENSMUSG00000094273	+	Btbd35f17	16
17	Gm9427	chrX	4455353	4456003	processed_pseudogene	ENSMUSG00000080073	+	Gm9427	17
18	Gm5925	chrX	4515674	4517170	processed_pseudogene	ENSMUSG00000078214	+	Gm5925	18
19	Gm4725	chrX	4553787	4554373	processed_pseudogene	ENSMUSG00000096800	+	Gm4725	19
20	Btbd35f27	chrX	4952135	4954077	protein_coding	ENSMUSG00000094860	+	Btbd35f27	20
21	Gm14370	chrX	5144852	5145719	processed_pseudogene	ENSMUSG00000094358	+	Gm14370	21
22	Gm14367	chrX	5148676	5150172	unprocessed_pseudogene	ENSMUSG00000080792	+	Gm14367	22
23	Gm14365	chrX	5193483	5194069	processed_pseudogene	ENSMUSG00000094401	+	Gm14365	23
24	Gm5924	chrX	5338792	5340451	processed_pseudogene	ENSMUSG00000078210	+	Gm5924	24
25	Gm14369	chrX	5391640	5391924	processed_pseudogene	ENSMUSG00000081626	+	Gm14369	25
26	Gm14363	chrX	5399249	5402129	processed_pseudogene	ENSMUSG00000082975	-	Gm14363	26
27	Mycs	chrX	5466898	5469265	protein_coding	ENSMUSG00000044597	-	Mycs	27
28	Gm14366	chrX	5608572	5610867	processed_pseudogene	ENSMUSG00000082326	-	Gm14366	28
29	Gm14375	chrX	5665372	5666226	processed_pseudogene	ENSMUSG00000082270	+	Gm14375	29
30	Btbd35f7	chrX	5669067	5671026	protein_coding	ENSMUSG00000095814	+	Btbd35f7	30
31	Gm14373	chrX	5699727	5701884	processed_pseudogene	ENSMUSG00000081232	-	Gm14373	31
32	Gm14451	chrX	5869686	5871506	processed_pseudogene	ENSMUSG00000083939	-	Gm14451	32
33	Gm14448	chrX	5885743	5885952	processed_pseudogene	ENSMUSG00000080186	-	Gm14448	33
34	Gm14450	chrX	5984772	5985011	processed_pseudogene	ENSMUSG00000081661	+	Gm14450	34
35	Gm26618	chrX	6027056	6092269	lncRNA	ENSMUSG00000097342	-	Gm26618	35
36	Nudt11	chrX	6047453	6055110	protein_coding	ENSMUSG00000073295	+	Nudt11	36
37	Rpl19-ps12	chrX	6071222	6071812	processed_pseudogene	ENSMUSG00000082109	+	Rpl19-ps12	37
38	Gm27360	chrX	6071478	6071557	miRNA	ENSMUSG00000099018	+	Gm27360	38
39	AU022751	chrX	6081219	6083419	protein_coding	ENSMUSG00000073294	-	AU022751	39
40	n-R5s2	chrX	6106891	6107009	rRNA	ENSMUSG00000075918	+	n-R5s2	40
41	Nudt10	chrX	6168696	6173015	protein_coding	ENSMUSG00000073293	-	Nudt10	41
42	Bmp15	chrX	6314107	6320721	protein_coding	ENSMUSG00000023279	-	Bmp15	42
43	Shroom4	chrX	6399854	6637448	protein_coding	ENSMUSG00000068270	+	Shroom4	43
44	Dgkk	chrX	6779306	6948363	protein_coding	ENSMUSG00000062393	+	Dgkk	44
45	Ccnb3	chrX	6979652	7041619	protein_coding	ENSMUSG00000051592	-	Ccnb3	45
46	Akap4	chrX	7067519	7078609	protein_coding	ENSMUSG00000050089	+	Akap4	46
47	Gm14380	chrX	7142858	7143288	processed_pseudogene	ENSMUSG00000082240	-	Gm14380	47
48	Clcn5	chrX	7153810	7319358	protein_coding	ENSMUSG00000004317	-	Clcn5	48
49	Gm26401	chrX	7229775	7229850	snoRNA	ENSMUSG00000089127	+	Gm26401	49
50	Mir501	chrX	7241243	7241351	miRNA	ENSMUSG00000076251	-	Mir501	50
51	Mir362	chrX	7241982	7242046	miRNA	ENSMUSG00000070100	-	Mir362	51
52	Mir188	chrX	7247989	7248056	miRNA	ENSMUSG00000065398	-	Mir188	52
53	Mir532	chrX	7248402	7248497	miRNA	ENSMUSG00000070139	-	Mir532	53
54	Usp27x	chrX	7371276	7375830	protein_coding	ENSMUSG00000046269	-	Usp27x	54
55	Gm14379	chrX	7375925	7378042	lncRNA	ENSMUSG00000087252	+	Gm14379	55
56	2010204K13Rik	chrX	7411817	7445143	lncRNA	ENSMUSG00000063018	-	2010204K13Rik	56
57	Gm14395	chrX	7535571	7536133	processed_pseudogene	ENSMUSG00000084150	-	Gm14395	57
58	Gm14394	chrX	7547020	7547314	processed_pseudogene	ENSMUSG00000083402	-	Gm14394	58
59	Ppp1r3f	chrX	7557296	7574283	protein_coding	ENSMUSG00000039556	-	Ppp1r3f	59
60	Gm36995	chrX	7558602	7605381	lncRNA	ENSMUSG00000103436	-	Gm36995	60
61	Flicr	chrX	7573600	7581027	lncRNA	ENSMUSG00000039545	+	Flicr	61
62	Foxp3	chrX	7573644	7595245	protein_coding	ENSMUSG00000039521	+	Foxp3	62
63	Ccdc22	chrX	7593809	7605517	protein_coding	ENSMUSG00000031143	-	Ccdc22	63
64	Cacna1f	chrX	7607083	7635196	protein_coding	ENSMUSG00000031142	+	Cacna1f	64
65	Syp	chrX	7638471	7653256	protein_coding	ENSMUSG00000031144	+	Syp	65
66	Gm14703	chrX	7651106	7657258	lncRNA	ENSMUSG00000087644	-	Gm14703	66
67	Prickle3	chrX	7657260	7668186	protein_coding	ENSMUSG00000031145	+	Prickle3	67
68	Plp2	chrX	7667941	7671390	protein_coding	ENSMUSG00000031146	-	Plp2	68
69	Magix	chrX	7673164	7681251	protein_coding	ENSMUSG00000031147	-	Magix	69
70	Gpkow	chrX	7697131	7710262	protein_coding	ENSMUSG00000031148	+	Gpkow	70
71	Wdr45	chrX	7714333	7728206	protein_coding	ENSMUSG00000039382	+	Wdr45	71
72	Gm45208	chrX	7722245	7730530	protein_coding	ENSMUSG00000109493	+	Gm45208	72
73	Praf2	chrX	7728439	7731064	protein_coding	ENSMUSG00000031149	+	Praf2	73
74	Ccdc120	chrX	7731714	7750905	protein_coding	ENSMUSG00000031150	-	Ccdc120	74
75	Smt3h2-ps	chrX	7752130	7752414	processed_pseudogene	ENSMUSG00000082617	+	Smt3h2-ps	75
76	Tfe3	chrX	7762560	7775202	protein_coding	ENSMUSG00000000134	+	Tfe3	76
77	Gripap1	chrX	7789765	7820567	protein_coding	ENSMUSG00000031153	+	Gripap1	77
78	Mir1198	chrX	7807101	7807221	miRNA	ENSMUSG00000080645	+	Mir1198	78
79	Kcnd1	chrX	7822289	7838280	protein_coding	ENSMUSG00000009731	+	Kcnd1	79
80	Otud5	chrX	7841364	7876626	protein_coding	ENSMUSG00000031154	+	Otud5	80
81	Pim2	chrX	7878262	7883432	protein_coding	ENSMUSG00000031155	+	Pim2	81
82	Slc35a2	chrX	7884028	7894492	protein_coding	ENSMUSG00000031156	+	Slc35a2	82
83	Pqbp1	chrX	7894519	7899269	protein_coding	ENSMUSG00000031157	-	Pqbp1	83
84	Timm17b	chrX	7899357	7908351	protein_coding	ENSMUSG00000031158	+	Timm17b	84
85	Gm10491	chrX	7907693	7907835	protein_coding	ENSMUSG00000073291	-	Gm10491	85
86	Gm10490	chrX	7909542	7909927	protein_coding	ENSMUSG00000073290	+	Gm10490	86
87	Pcsk1n	chrX	7919822	7924410	protein_coding	ENSMUSG00000039278	+	Pcsk1n	87
88	Eras	chrX	7924276	7928607	protein_coding	ENSMUSG00000031160	-	Eras	88
89	Hdac6	chrX	7930120	7947889	protein_coding	ENSMUSG00000031161	-	Hdac6	89
90	Psmb6-ps	chrX	7950156	7950868	processed_pseudogene	ENSMUSG00000082054	-	Psmb6-ps	90
91	Gata1	chrX	7959260	7978071	protein_coding	ENSMUSG00000031162	-	Gata1	91
92	Glod5	chrX	8004200	8018492	protein_coding	ENSMUSG00000031163	-	Glod5	92
93	Gm9429	chrX	8034212	8035079	processed_pseudogene	ENSMUSG00000083518	+	Gm9429	93
94	Rpl22-ps1	chrX	8038611	8038996	processed_pseudogene	ENSMUSG00000080877	-	Rpl22-ps1	94
95	Gm14799	chrX	8042465	8042893	processed_pseudogene	ENSMUSG00000082404	-	Gm14799	95
96	Gm14820	chrX	8042943	8074619	lncRNA	ENSMUSG00000087193	+	Gm14820	96
97	Suv39h1	chrX	8061171	8074760	protein_coding	ENSMUSG00000039231	-	Suv39h1	97
98	Was	chrX	8081453	8090498	protein_coding	ENSMUSG00000031165	-	Was	98
99	Gm6787	chrX	8097087	8106701	lncRNA	ENSMUSG00000086404	+	Gm6787	99
100	Psmb7-ps2	chrX	8105294	8106113	transcribed_processed_pseudogene	ENSMUSG00000081042	+	Psmb7-ps2	100
101	Wdr13	chrX	8123301	8132892	protein_coding	ENSMUSG00000031166	-	Wdr13	101
102	Rbm3	chrX	8138975	8145880	protein_coding	ENSMUSG00000031167	-	Rbm3	102
103	Rbm3os	chrX	8145429	8147964	lncRNA	ENSMUSG00000055188	+	Rbm3os	103
104	Tbc1d25	chrX	8154472	8176181	protein_coding	ENSMUSG00000039201	-	Tbc1d25	104
105	Ebp	chrX	8185329	8193512	protein_coding	ENSMUSG00000031168	-	Ebp	105
106	Porcn	chrX	8193848	8206525	protein_coding	ENSMUSG00000031169	-	Porcn	106
107	Ftsj1	chrX	8238668	8252406	protein_coding	ENSMUSG00000031171	-	Ftsj1	107
108	Slc38a5	chrX	8271133	8280179	protein_coding	ENSMUSG00000031170	+	Slc38a5	108
109	Ssxb10	chrX	8327424	8336237	protein_coding	ENSMUSG00000068219	+	Ssxb10	109
110	Ssxb9	chrX	8366978	8375390	protein_coding	ENSMUSG00000068218	+	Ssxb9	110
111	Ssxb1	chrX	8413305	8422157	protein_coding	ENSMUSG00000079705	+	Ssxb1	111
112	Ssxb2	chrX	8454345	8461726	protein_coding	ENSMUSG00000023165	-	Ssxb2	112
113	Gm14459	chrX	8514052	8524954	protein_coding	ENSMUSG00000079704	-	Gm14459	113
114	Ssxb6	chrX	8542608	8548255	protein_coding	ENSMUSG00000079702	-	Ssxb6	114
115	Ssxb3	chrX	8583404	8591816	protein_coding	ENSMUSG00000079701	-	Ssxb3	115
116	Gm14500	chrX	8604420	8604532	unprocessed_pseudogene	ENSMUSG00000080897	+	Gm14500	116
117	Gm6797	chrX	8639622	8645273	unprocessed_pseudogene	ENSMUSG00000081410	+	Gm6797	117
118	Gm6798	chrX	8654465	8654824	processed_pseudogene	ENSMUSG00000082496	+	Gm6798	118
119	Gm9430	chrX	8662302	8663828	processed_pseudogene	ENSMUSG00000082458	-	Gm9430	119
120	Ssxb8	chrX	8684887	8690844	protein_coding	ENSMUSG00000079703	-	Ssxb8	120
121	Ssx9	chrX	8748432	8754587	protein_coding	ENSMUSG00000035371	+	Ssx9	121
122	Ssxb5	chrX	8803691	8809386	protein_coding	ENSMUSG00000071816	+	Ssxb5	122
123	Gm14502	chrX	8830322	8830434	unprocessed_pseudogene	ENSMUSG00000082129	-	Gm14502	123
124	Gm6592	chrX	8843994	8849607	protein_coding	ENSMUSG00000079699	+	Gm6592	124
125	Gm5751	chrX	8874253	8880750	protein_coding	ENSMUSG00000079697	+	Gm5751	125
126	B630019K06Rik	chrX	8892382	8894964	protein_coding	ENSMUSG00000052364	+	B630019K06Rik	126
127	Gm14504	chrX	8922486	8923982	processed_pseudogene	ENSMUSG00000082198	-	Gm14504	127
128	Gm16479	chrX	8956307	8957238	processed_pseudogene	ENSMUSG00000083871	+	Gm16479	128
129	Gm14510	chrX	8959312	8960403	processed_pseudogene	ENSMUSG00000080051	+	Gm14510	129
130	Gm14457	chrX	8981822	8982982	processed_pseudogene	ENSMUSG00000087584	+	Gm14457	130
131	Fthl17d	chrX	8985900	8986755	protein_coding	ENSMUSG00000078206	-	Fthl17d	131
132	Gm9431	chrX	9009027	9010077	processed_pseudogene	ENSMUSG00000083468	-	Gm9431	132
133	Gm14865	chrX	9030084	9030744	processed_pseudogene	ENSMUSG00000082222	+	Gm14865	133
134	Fthl17e	chrX	9033493	9034333	protein_coding	ENSMUSG00000071815	+	Fthl17e	134
135	Gm14503	chrX	9037157	9038320	processed_pseudogene	ENSMUSG00000086518	-	Gm14503	135
136	Gm14864	chrX	9046087	9047173	processed_pseudogene	ENSMUSG00000080050	-	Gm14864	136
137	Fthl17f	chrX	9063015	9063861	protein_coding	ENSMUSG00000072249	+	Fthl17f	137
138	Fthl17-ps2	chrX	9080044	9080571	unprocessed_pseudogene	ENSMUSG00000083123	+	Fthl17-ps2	138
139	4930402K13Rik	chrX	9104562	9106342	protein_coding	ENSMUSG00000045797	+	4930402K13Rik	139
140	Lancl3	chrX	9199902	9268085	protein_coding	ENSMUSG00000047344	+	Lancl3	140
141	Gm14862	chrX	9250928	9256899	protein_coding	ENSMUSG00000079694	-	Gm14862	141
142	Xk	chrX	9272756	9313250	protein_coding	ENSMUSG00000015342	+	Xk	142
143	H2al1m	chrX	9283764	9284298	protein_coding	ENSMUSG00000100200	+	H2al1m	143
144	Gm25481	chrX	9317819	9317976	snRNA	ENSMUSG00000065155	+	Gm25481	144
145	Gm6829	chrX	9327749	9328108	processed_pseudogene	ENSMUSG00000083670	-	Gm6829	145
146	Gm14863	chrX	9344026	9344332	processed_pseudogene	ENSMUSG00000083608	+	Gm14863	146
147	H2al1k	chrX	9350627	9351136	protein_coding	ENSMUSG00000100448	+	H2al1k	147
148	Cybb	chrX	9435252	9487771	protein_coding	ENSMUSG00000015340	-	Cybb	148
149	Gm25728	chrX	9532511	9532669	snRNA	ENSMUSG00000077713	-	Gm25728	149
150	H2al1o	chrX	9571901	9572409	protein_coding	ENSMUSG00000061065	-	H2al1o	150
151	AL671118.1	chrX	9573514	9573778	processed_pseudogene	ENSMUSG00000118573	-	AL671118.1	151
152	Dynlt3	chrX	9654267	9663003	protein_coding	ENSMUSG00000031176	-	Dynlt3	152
153	Hypm	chrX	9846928	9847508	protein_coding	ENSMUSG00000040456	+	Hypm	153
154	H2al3	chrX	9849703	9850255	protein_coding	ENSMUSG00000048994	+	H2al3	154
155	Sytl5	chrX	9885622	9994543	protein_coding	ENSMUSG00000054453	+	Sytl5	155
156	Gm5754	chrX	10011788	10012679	processed_pseudogene	ENSMUSG00000081898	+	Gm5754	156
157	Srpx	chrX	10037977	10117709	protein_coding	ENSMUSG00000090084	-	Srpx	157
158	Rpgr	chrX	10073621	10216920	protein_coding	ENSMUSG00000031174	-	Rpgr	158
159	Otc	chrX	10252305	10321024	protein_coding	ENSMUSG00000031173	+	Otc	159
160	4933416E14Rik	chrX	10415301	10417238	transcribed_processed_pseudogene	ENSMUSG00000086996	-	4933416E14Rik	160
161	Tspan7	chrX	10485158	10596605	protein_coding	ENSMUSG00000058254	+	Tspan7	161
162	Gm25885	chrX	10510048	10510156	rRNA	ENSMUSG00000088404	+	Gm25885	162
163	Gm5931	chrX	10660522	10660998	processed_pseudogene	ENSMUSG00000068200	+	Gm5931	163
164	Gm14470	chrX	10680964	10681429	processed_pseudogene	ENSMUSG00000083262	+	Gm14470	164
165	Gm14480	chrX	10696932	10697364	processed_pseudogene	ENSMUSG00000081308	-	Gm14480	165
166	Mid1ip1	chrX	10715013	10719690	protein_coding	ENSMUSG00000008035	+	Mid1ip1	166
167	Gm14493	chrX	10717473	10718710	lncRNA	ENSMUSG00000085587	-	Gm14493	167
168	Gm14473	chrX	10865077	10865633	processed_pseudogene	ENSMUSG00000081680	-	Gm14473	168
169	Gm14485	chrX	11020515	11021007	processed_pseudogene	ENSMUSG00000083419	-	Gm14485	169
170	Gm14481	chrX	11220607	11221235	processed_pseudogene	ENSMUSG00000080948	+	Gm14481	170
171	H2al1a	chrX	11299257	11299757	protein_coding	ENSMUSG00000100626	+	H2al1a	171
172	H2al1b	chrX	11302432	11302926	protein_coding	ENSMUSG00000101819	+	H2al1b	172
173	H2al1i	chrX	11324659	11324976	protein_coding	ENSMUSG00000095445	+	H2al1i	173
174	H2al1j	chrX	11327822	11328151	protein_coding	ENSMUSG00000069038	+	H2al1j	174
175	Gm14515	chrX	11601354	11601569	processed_pseudogene	ENSMUSG00000083492	+	Gm14515	175
176	Gm14513	chrX	11684002	11684124	processed_pseudogene	ENSMUSG00000080811	-	Gm14513	176
177	Gm26314	chrX	11850484	11850590	snRNA	ENSMUSG00000065825	+	Gm26314	177
178	Rpl23a-ps13	chrX	11867265	11867705	processed_pseudogene	ENSMUSG00000082146	+	Rpl23a-ps13	178
179	Gm14491	chrX	11913091	11913289	processed_pseudogene	ENSMUSG00000083439	-	Gm14491	179
180	Bcor	chrX	12036740	12160355	protein_coding	ENSMUSG00000040363	-	Bcor	180
181	Gm14521	chrX	12179718	12180067	processed_pseudogene	ENSMUSG00000083486	-	Gm14521	181
182	Gm14635	chrX	12339782	12354996	lncRNA	ENSMUSG00000087591	-	Gm14635	182
183	Rpl30-ps11	chrX	12456886	12457230	processed_pseudogene	ENSMUSG00000081461	-	Rpl30-ps11	183
184	Atp6ap2	chrX	12587801	12617049	protein_coding	ENSMUSG00000031007	+	Atp6ap2	184
185	Gm9432	chrX	12619474	12620232	processed_pseudogene	ENSMUSG00000083199	-	Gm9432	185
186	Gm4984	chrX	12652303	12652662	processed_pseudogene	ENSMUSG00000079871	+	Gm4984	186
187	1810030O07Rik	chrX	12654879	12673668	protein_coding	ENSMUSG00000044148	-	1810030O07Rik	187
188	Gm16265	chrX	12670635	12670742	processed_pseudogene	ENSMUSG00000086473	+	Gm16265	188
189	Med14	chrX	12675369	12762073	protein_coding	ENSMUSG00000064127	-	Med14	189
190	Gm14634	chrX	12762278	12821492	lncRNA	ENSMUSG00000085891	+	Gm14634	190
191	Gm14524	chrX	12913910	12914592	processed_pseudogene	ENSMUSG00000083760	-	Gm14524	191
192	AA414768	chrX	12936872	12938128	processed_pseudogene	ENSMUSG00000083307	+	AA414768	192
193	Gm14534	chrX	12944610	12944966	processed_pseudogene	ENSMUSG00000083751	-	Gm14534	193
194	5730405O15Rik	chrX	13042015	13045297	lncRNA	ENSMUSG00000087424	+	5730405O15Rik	194
195	Usp9x	chrX	13071498	13173328	protein_coding	ENSMUSG00000031010	+	Usp9x	195
196	Rpl3-ps1	chrX	13202571	13203780	processed_pseudogene	ENSMUSG00000084349	+	Rpl3-ps1	196
197	n-R5s3	chrX	13215698	13215809	rRNA	ENSMUSG00000065813	-	n-R5s3	197
198	Llph-ps2	chrX	13218210	13218602	processed_pseudogene	ENSMUSG00000083364	-	Llph-ps2	198
199	2010308F09Rik	chrX	13234641	13247736	lncRNA	ENSMUSG00000100714	-	2010308F09Rik	199
200	Gm16481	chrX	13238327	13239553	processed_pseudogene	ENSMUSG00000082090	+	Gm16481	200
201	Ddx3x	chrX	13280970	13294052	protein_coding	ENSMUSG00000000787	+	Ddx3x	201
202	Gm5380	chrX	13302285	13304420	processed_pseudogene	ENSMUSG00000081255	+	Gm5380	202
203	Gm7129	chrX	13326023	13327019	processed_pseudogene	ENSMUSG00000080914	-	Gm7129	203
204	Gm9434	chrX	13377866	13378678	processed_pseudogene	ENSMUSG00000080818	-	Gm9434	204
205	Nyx	chrX	13466110	13489313	protein_coding	ENSMUSG00000051228	+	Nyx	205
206	Gm14506	chrX	13490498	13491033	processed_pseudogene	ENSMUSG00000081597	-	Gm14506	206
207	Cask	chrX	13517080	13851367	protein_coding	ENSMUSG00000031012	-	Cask	207
208	Gpr34	chrX	13632089	13640858	protein_coding	ENSMUSG00000040229	+	Gpr34	208
209	Gm25246	chrX	13653381	13653449	miRNA	ENSMUSG00000093217	+	Gm25246	209
210	Gpr82	chrX	13661363	13667433	protein_coding	ENSMUSG00000047678	+	Gpr82	210
211	Gm5381	chrX	13927287	13929511	processed_pseudogene	ENSMUSG00000082736	-	Gm5381	211
212	Gm25552	chrX	13985385	13985475	snRNA	ENSMUSG00000088706	-	Gm25552	212
213	H2al1n	chrX	14211148	14211661	protein_coding	ENSMUSG00000078346	+	H2al1n	213
214	Gm14867	chrX	14289739	14290604	processed_pseudogene	ENSMUSG00000080733	+	Gm14867	214
215	Gm25202	chrX	14315401	14315591	snRNA	ENSMUSG00000064772	-	Gm25202	215
216	Gm14505	chrX	14796735	14839980	lncRNA	ENSMUSG00000084907	+	Gm14505	216
217	Gm9435	chrX	14955098	14955974	processed_pseudogene	ENSMUSG00000081763	-	Gm9435	217
218	Ppp1r2-ps9	chrX	15110585	15111466	transcribed_processed_pseudogene	ENSMUSG00000045217	-	Ppp1r2-ps9	218
219	Gm14519	chrX	15365179	15365490	processed_pseudogene	ENSMUSG00000082838	+	Gm14519	219
220	Gm14518	chrX	15522456	15522997	processed_pseudogene	ENSMUSG00000083931	+	Gm14518	220
221	Gm14517	chrX	15524425	15524761	processed_pseudogene	ENSMUSG00000081994	-	Gm14517	221
222	Gm25207	chrX	15685285	15685391	snRNA	ENSMUSG00000070258	-	Gm25207	222
223	Gm22464	chrX	15707782	15707845	miRNA	ENSMUSG00000093014	+	Gm22464	223
224	Drr1	chrX	15922304	15939249	lncRNA	ENSMUSG00000086048	-	Drr1	224
225	Gm14520	chrX	16275521	16275907	processed_pseudogene	ENSMUSG00000081312	-	Gm14520	225
226	Gm14516	chrX	16379396	16379647	processed_pseudogene	ENSMUSG00000083551	-	Gm14516	226
227	Cypt1	chrX	16522869	16523689	protein_coding	ENSMUSG00000023257	+	Cypt1	227
228	Csnk2a1-ps	chrX	16610252	16611426	processed_pseudogene	ENSMUSG00000083288	+	Csnk2a1-ps	228
229	Maoa	chrX	16619698	16687818	protein_coding	ENSMUSG00000025037	+	Maoa	229
230	Maob	chrX	16709282	16817366	protein_coding	ENSMUSG00000040147	-	Maob	230
231	Ndp	chrX	16885521	16911774	protein_coding	ENSMUSG00000040138	-	Ndp	231
232	Efhc2	chrX	17132049	17319368	protein_coding	ENSMUSG00000025038	-	Efhc2	232
233	Gm14514	chrX	17252062	17254394	processed_pseudogene	ENSMUSG00000081858	+	Gm14514	233
234	Fundc1	chrX	17556564	17572325	protein_coding	ENSMUSG00000025040	-	Fundc1	234
235	Gm5073	chrX	17626257	17627076	processed_pseudogene	ENSMUSG00000083140	+	Gm5073	235
236	Gm9436	chrX	17674430	17676284	processed_pseudogene	ENSMUSG00000081614	-	Gm9436	236
237	Dusp21	chrX	18145857	18146701	protein_coding	ENSMUSG00000025043	+	Dusp21	237
238	Kdm6a	chrX	18162575	18279936	protein_coding	ENSMUSG00000037369	+	Kdm6a	238
239	Gm14883	chrX	18343798	18343954	processed_pseudogene	ENSMUSG00000081271	+	Gm14883	239
240	Dipk2b	chrX	18414881	18461397	protein_coding	ENSMUSG00000037358	-	Dipk2b	240
241	Gm5383	chrX	18942612	18943228	processed_pseudogene	ENSMUSG00000081654	+	Gm5383	241
242	Mir222	chrX	19146893	19146971	miRNA	ENSMUSG00000065471	-	Mir222	242
243	Gm14636	chrX	19156981	19167241	lncRNA	ENSMUSG00000073274	-	Gm14636	243
244	Gm26652	chrX	19224789	19237856	lncRNA	ENSMUSG00000097497	-	Gm26652	244
245	Gm22783	chrX	19355001	19355107	snRNA	ENSMUSG00000077277	+	Gm22783	245
246	Gm14885	chrX	19386291	19386786	processed_pseudogene	ENSMUSG00000082680	-	Gm14885	246
247	Tex13c3	chrX	19479420	19481319	protein_coding	ENSMUSG00000068149	-	Tex13c3	247
248	Gm23678	chrX	19762668	19762774	snRNA	ENSMUSG00000065091	-	Gm23678	248
249	Gm14530	chrX	19762933	19763265	processed_pseudogene	ENSMUSG00000081735	-	Gm14530	249
250	Rpl36-ps10	chrX	19870824	19871039	processed_pseudogene	ENSMUSG00000084186	+	Rpl36-ps10	250
251	Gm5384	chrX	19893657	19894119	processed_pseudogene	ENSMUSG00000080998	+	Gm5384	251
252	Chst7	chrX	20059560	20097521	protein_coding	ENSMUSG00000037347	+	Chst7	252
253	Slc9a7	chrX	20105754	20291807	protein_coding	ENSMUSG00000037341	-	Slc9a7	253
254	Gm9083	chrX	20239469	20240287	processed_pseudogene	ENSMUSG00000083033	+	Gm9083	254
255	Rp2	chrX	20364481	20405653	protein_coding	ENSMUSG00000060090	+	Rp2	255
256	Gm9085	chrX	20382750	20383821	processed_pseudogene	ENSMUSG00000084137	-	Gm9085	256
257	Gm14537	chrX	20391709	20392501	processed_pseudogene	ENSMUSG00000082855	+	Gm14537	257
258	Jade3	chrX	20425688	20519939	protein_coding	ENSMUSG00000037315	+	Jade3	258
259	Gm14884	chrX	20459490	20459685	processed_pseudogene	ENSMUSG00000081529	-	Gm14884	259
260	Gm14538	chrX	20528256	20529582	processed_pseudogene	ENSMUSG00000081390	+	Gm14538	260
261	Rgn	chrX	20549787	20562089	protein_coding	ENSMUSG00000023070	+	Rgn	261
262	Gm14539	chrX	20581141	20581314	processed_pseudogene	ENSMUSG00000084830	-	Gm14539	262
263	Gm23628	chrX	20614523	20614695	snRNA	ENSMUSG00000064398	-	Gm23628	263
264	Ndufb11	chrX	20615326	20617619	protein_coding	ENSMUSG00000031059	-	Ndufb11	264
265	Rbm10	chrX	20617503	20650901	protein_coding	ENSMUSG00000031060	+	Rbm10	265
266	Uba1	chrX	20658326	20683179	protein_coding	ENSMUSG00000001924	+	Uba1	266
267	Cdk16	chrX	20687954	20699880	protein_coding	ENSMUSG00000031065	+	Cdk16	267
268	Usp11	chrX	20703906	20720539	protein_coding	ENSMUSG00000031066	+	Usp11	268
269	AL671885.1	chrX	20778816	20783083	unprocessed_pseudogene	ENSMUSG00000118509	+	AL671885.1	269
270	Araf	chrX	20797814	20860519	protein_coding	ENSMUSG00000001127	+	Araf	270
271	Gm26065	chrX	20800332	20800436	snRNA	ENSMUSG00000065314	-	Gm26065	271
272	Gm24824	chrX	20823737	20823814	miRNA	ENSMUSG00000092838	-	Gm24824	272
273	Gm15028	chrX	20842105	20842474	processed_pseudogene	ENSMUSG00000082393	-	Gm15028	273
274	Syn1	chrX	20860511	20921004	protein_coding	ENSMUSG00000037217	-	Syn1	274
275	Mir5617	chrX	20863126	20863182	miRNA	ENSMUSG00000093408	-	Mir5617	275
276	Timp1	chrX	20870166	20874735	protein_coding	ENSMUSG00000001131	+	Timp1	276
277	Gm15029	chrX	20911596	20911794	processed_pseudogene	ENSMUSG00000080757	+	Gm15029	277
278	Cfp	chrX	20925454	20931555	protein_coding	ENSMUSG00000001128	-	Cfp	278
279	Elk1	chrX	20933395	20950608	protein_coding	ENSMUSG00000009406	-	Elk1	279
280	Uxt	chrX	20941722	20962017	protein_coding	ENSMUSG00000001134	-	Uxt	280
281	A230072C01Rik	chrX	20961684	20986737	lncRNA	ENSMUSG00000086877	+	A230072C01Rik	281
282	Zfp182	chrX	21028939	21062316	protein_coding	ENSMUSG00000054737	-	Zfp182	282
283	Spaca5	chrX	21068406	21077963	protein_coding	ENSMUSG00000037167	+	Spaca5	283
284	Zfp300	chrX	21079174	21089527	protein_coding	ENSMUSG00000031079	-	Zfp300	284
285	Ssxa1	chrX	21115820	21121192	protein_coding	ENSMUSG00000062814	+	Ssxa1	285
286	Gm1848	chrX	21146844	21147640	processed_pseudogene	ENSMUSG00000083892	+	Gm1848	286
287	Gm21876	chrX	21174439	21175653	protein_coding	ENSMUSG00000095316	-	Gm21876	287
288	4930453H23Rik	chrX	21206580	21221665	lncRNA	ENSMUSG00000087358	-	4930453H23Rik	288
289	Gm6938	chrX	21312210	21334727	lncRNA	ENSMUSG00000087586	-	Gm6938	289
290	Gm5124	chrX	21360865	21364622	transcribed_processed_pseudogene	ENSMUSG00000051537	+	Gm5124	290
291	Agtr2	chrX	21484544	21489164	protein_coding	ENSMUSG00000068122	+	Agtr2	291
292	Gm9439	chrX	21504054	21505466	processed_pseudogene	ENSMUSG00000081641	+	Gm9439	292
293	Slc6a14	chrX	21714896	21742355	protein_coding	ENSMUSG00000031089	+	Slc6a14	293
294	Gm25553	chrX	21716017	21716095	rRNA	ENSMUSG00000088701	+	Gm25553	294
295	Gm28269	chrX	21743440	21745097	protein_coding	ENSMUSG00000101818	-	Gm28269	295
296	Gm28268	chrX	21751379	21761733	lncRNA	ENSMUSG00000101776	+	Gm28268	296
297	Gm24535	chrX	21901732	21901838	snRNA	ENSMUSG00000065074	-	Gm24535	297
298	Gm14561	chrX	22226375	22228343	processed_pseudogene	ENSMUSG00000083030	-	Gm14561	298
299	Gm6071	chrX	22305800	22306274	processed_pseudogene	ENSMUSG00000081064	-	Gm6071	299
300	Gm14562	chrX	22438876	22439418	processed_pseudogene	ENSMUSG00000085073	-	Gm14562	300
301	Gm15030	chrX	22446056	22446539	processed_pseudogene	ENSMUSG00000083290	+	Gm15030	301
302	Klhl13	chrX	23219271	23365082	protein_coding	ENSMUSG00000036782	-	Klhl13	302
303	Gm14523	chrX	23364506	23365063	transcribed_processed_pseudogene	ENSMUSG00000080862	-	Gm14523	303
304	Wdr44	chrX	23693051	23806025	protein_coding	ENSMUSG00000036769	+	Wdr44	304
305	Gm4789	chrX	23854819	23856034	processed_pseudogene	ENSMUSG00000081812	-	Gm4789	305
306	Gm4907	chrX	23882553	23907607	protein_coding	ENSMUSG00000068113	+	Gm4907	306
307	Gm4985	chrX	23957702	23958934	protein_coding	ENSMUSG00000090102	-	Gm4985	307
308	Gm25299	chrX	23982185	23982286	miRNA	ENSMUSG00000093024	+	Gm25299	308
309	Gm4732	chrX	24242173	24264917	unprocessed_pseudogene	ENSMUSG00000083099	-	Gm4732	309
310	Gm9440	chrX	24319797	24335259	unprocessed_pseudogene	ENSMUSG00000083475	+	Gm9440	310
311	Gm6956	chrX	24407179	24418902	unprocessed_pseudogene	ENSMUSG00000098485	-	Gm6956	311
312	Gm27192	chrX	24422751	24424779	lncRNA	ENSMUSG00000087133	-	Gm27192	312
313	Gm5934	chrX	24474308	24500760	protein_coding	ENSMUSG00000084063	-	Gm5934	313
314	Gm4297	chrX	24552250	24574895	protein_coding	ENSMUSG00000081218	-	Gm4297	314
315	Gm27910	chrX	24617011	24617117	miRNA	ENSMUSG00000098585	-	Gm27910	315
316	Gm5935	chrX	24753162	24775164	protein_coding	ENSMUSG00000093923	-	Gm5935	316
317	Gm2759	chrX	24948574	24969751	unprocessed_pseudogene	ENSMUSG00000094775	-	Gm2759	317
318	Gm2768	chrX	25112160	25115171	unprocessed_pseudogene	ENSMUSG00000082188	-	Gm2768	318
319	Gm5169	chrX	25277483	25301455	protein_coding	ENSMUSG00000096620	-	Gm5169	319
320	Gm1989	chrX	25359128	25380281	unprocessed_pseudogene	ENSMUSG00000096724	-	Gm1989	320
321	Gm1993	chrX	25548296	25570452	protein_coding	ENSMUSG00000073267	-	Gm1993	321
322	Gm2003	chrX	25622512	25643661	unprocessed_pseudogene	ENSMUSG00000080959	-	Gm2003	322
323	Gm27892	chrX	25679415	25679520	miRNA	ENSMUSG00000098849	-	Gm27892	323
324	Gm7350	chrX	25824490	25845667	unprocessed_pseudogene	ENSMUSG00000095392	-	Gm7350	324
325	E330010L02Rik	chrX	25917944	25954696	lncRNA	ENSMUSG00000086959	-	E330010L02Rik	325
326	Gm5168	chrX	26028214	26051041	protein_coding	ENSMUSG00000079655	-	Gm5168	326
327	Gm2012	chrX	26200678	26231355	protein_coding	ENSMUSG00000082639	-	Gm2012	327
328	Gm2030	chrX	26286977	26310044	protein_coding	ENSMUSG00000083628	-	Gm2030	328
329	Gm2005	chrX	26476105	26492662	unprocessed_pseudogene	ENSMUSG00000080819	-	Gm2005	329
330	Slx	chrX	26522656	26545565	protein_coding	ENSMUSG00000095063	-	Slx	330
331	Gm14525	chrX	26672777	26702638	protein_coding	ENSMUSG00000071788	-	Gm14525	331
332	Gm6113	chrX	26735065	26756219	unprocessed_pseudogene	ENSMUSG00000096907	-	Gm6113	332
333	Gm6121	chrX	26912743	26935697	protein_coding	ENSMUSG00000080725	-	Gm6121	333
334	Gm7365	chrX	26990271	27011645	unprocessed_pseudogene	ENSMUSG00000093984	-	Gm7365	334
335	Gm7375	chrX	27334822	27356109	unprocessed_pseudogene	ENSMUSG00000095423	+	Gm7375	335
336	Gm2101	chrX	27658161	27692894	lncRNA	ENSMUSG00000093817	+	Gm2101	336
337	Gm7386	chrX	27771601	27792613	unprocessed_pseudogene	ENSMUSG00000094424	+	Gm7386	337
338	Gm2117	chrX	28005050	28047399	lncRNA	ENSMUSG00000085534	+	Gm2117	338
339	Gm7391	chrX	28127898	28148926	unprocessed_pseudogene	ENSMUSG00000095494	+	Gm7391	339
340	Gm7398	chrX	28447594	28468864	unprocessed_pseudogene	ENSMUSG00000095356	+	Gm7398	340
341	Gm10147	chrX	28584992	28607842	protein_coding	ENSMUSG00000096457	-	Gm10147	341
342	Gm2165	chrX	28666150	28700879	lncRNA	ENSMUSG00000096911	+	Gm2165	342
343	Gm7408	chrX	28779565	28800579	unprocessed_pseudogene	ENSMUSG00000095089	+	Gm7408	343
344	Gm10096	chrX	28931821	28954702	protein_coding	ENSMUSG00000095887	-	Gm10096	344
345	Gm2200	chrX	29012994	29046381	lncRNA	ENSMUSG00000087462	+	Gm2200	345
346	Gm7415	chrX	29128146	29149186	unprocessed_pseudogene	ENSMUSG00000095802	+	Gm7415	346
347	Gm2066	chrX	29369807	29379787	unprocessed_pseudogene	ENSMUSG00000081224	-	Gm2066	347
348	Gm15432	chrX	29564014	29564208	processed_pseudogene	ENSMUSG00000086691	-	Gm15432	348
349	Gm14527	chrX	29619027	29646381	unprocessed_pseudogene	ENSMUSG00000096137	-	Gm14527	349
350	Gm44496	chrX	29646631	29646715	miRNA	ENSMUSG00000105626	+	Gm44496	350
351	Gm3657	chrX	29781607	29802638	unprocessed_pseudogene	ENSMUSG00000095152	-	Gm3657	351
352	Gm3669	chrX	29881290	29916031	lncRNA	ENSMUSG00000085489	-	Gm3669	352
353	Gm10488	chrX	29976314	29999162	protein_coding	ENSMUSG00000073257	+	Gm10488	353
354	E330016L19Rik	chrX	30037837	30087879	lncRNA	ENSMUSG00000085060	+	E330016L19Rik	354
355	Gm3681	chrX	30122135	30143416	unprocessed_pseudogene	ENSMUSG00000096311	-	Gm3681	355
356	Gm14632	chrX	30329772	30352645	protein_coding	ENSMUSG00000073255	+	Gm14632	356
357	Gm7437	chrX	30373539	30422500	lncRNA	ENSMUSG00000085989	+	Gm7437	357
358	Gm14974	chrX	30587056	30621275	lncRNA	ENSMUSG00000085325	-	Gm14974	358
359	Gm7438	chrX	30681894	30702935	unprocessed_pseudogene	ENSMUSG00000096539	+	Gm7438	359
360	Gm10487	chrX	30820542	30843469	protein_coding	ENSMUSG00000094759	-	Gm10487	360
361	Spin2f	chrX	31253603	31255454	protein_coding	ENSMUSG00000095754	+	Spin2f	361
362	Gm15280	chrX	31347183	31347822	unprocessed_pseudogene	ENSMUSG00000086580	-	Gm15280	362
363	CT963124.1	chrX	31573015	31574469	transcribed_processed_pseudogene	ENSMUSG00000118452	-	CT963124.1	363
364	Btbd35f25	chrX	31715509	31717209	protein_coding	ENSMUSG00000118431	-	Btbd35f25	364
365	Gm21637	chrX	31962044	31962821	protein_coding	ENSMUSG00000095770	+	Gm21637	365
366	CT868697.1	chrX	32047764	32049692	protein_coding	ENSMUSG00000118402	+	CT868697.1	366
367	Btbd35f2	chrX	32278435	32280341	protein_coding	ENSMUSG00000096194	+	Btbd35f2	367
368	Btbd35f21	chrX	32726109	32728051	protein_coding	ENSMUSG00000099711	+	Btbd35f21	368
369	Btbd35f1	chrX	32973938	32975845	protein_coding	ENSMUSG00000118409	+	Btbd35f1	369
370	Gm15275	chrX	33282100	33282446	unprocessed_pseudogene	ENSMUSG00000084982	+	Gm15275	370
371	Gm2182	chrX	33352274	33352936	processed_pseudogene	ENSMUSG00000087224	-	Gm2182	371
372	Gm21979	chrX	33426304	33426594	processed_pseudogene	ENSMUSG00000087649	+	Gm21979	372
373	Gm2892	chrX	33476982	33477692	processed_pseudogene	ENSMUSG00000079649	-	Gm2892	373
374	Gm2223	chrX	33505661	33507010	processed_pseudogene	ENSMUSG00000079297	+	Gm2223	374
375	Gm15281	chrX	33625925	33626275	processed_pseudogene	ENSMUSG00000086525	+	Gm15281	375
376	Btbd35f13	chrX	33657172	33658872	protein_coding	ENSMUSG00000095934	+	Btbd35f13	376
377	Btbd35f14	chrX	33700649	33702349	protein_coding	ENSMUSG00000078324	-	Btbd35f14	377
378	CT868734.1	chrX	33985548	33987002	transcribed_processed_pseudogene	ENSMUSG00000118488	-	CT868734.1	378
379	CU019598.1	chrX	34159636	34161564	protein_coding	ENSMUSG00000118429	-	CU019598.1	379
380	Spin2g	chrX	34237049	34238733	protein_coding	ENSMUSG00000095659	-	Spin2g	380
381	Btbd35f8	chrX	34450459	34452387	protein_coding	ENSMUSG00000118438	+	Btbd35f8	381
382	Gm2288	chrX	34872455	34893495	unprocessed_pseudogene	ENSMUSG00000084363	-	Gm2288	382
383	Gm14552	chrX	34974042	35009265	lncRNA	ENSMUSG00000087491	-	Gm14552	383
384	Gm10486	chrX	35067384	35090316	protein_coding	ENSMUSG00000073247	+	Gm10486	384
385	Gm2309	chrX	35129015	35179028	lncRNA	ENSMUSG00000086757	+	Gm2309	385
386	Gm2318	chrX	35206437	35227650	unprocessed_pseudogene	ENSMUSG00000095899	-	Gm2318	386
387	Gm14553	chrX	35294189	35348739	lncRNA	ENSMUSG00000085000	-	Gm14553	387
388	Gm14819	chrX	35404183	35427093	protein_coding	ENSMUSG00000073245	+	Gm14819	388
389	Gm4764	chrX	35801197	35802429	processed_pseudogene	ENSMUSG00000085107	+	Gm4764	389
390	Gm14554	chrX	35804769	35820640	unprocessed_pseudogene	ENSMUSG00000082799	+	Gm14554	390
391	Gm25624	chrX	35838127	35838401	scaRNA	ENSMUSG00000087847	+	Gm25624	391
392	Dock11	chrX	35888832	36076562	protein_coding	ENSMUSG00000031093	+	Dock11	392
393	AL672038.1	chrX	36024742	36025180	processed_pseudogene	ENSMUSG00000118439	-	AL672038.1	393
394	Il13ra1	chrX	36112110	36171259	protein_coding	ENSMUSG00000017057	+	Il13ra1	394
395	Zcchc12	chrX	36195904	36199158	protein_coding	ENSMUSG00000036699	+	Zcchc12	395
396	Gm6023	chrX	36213524	36214129	processed_pseudogene	ENSMUSG00000081159	-	Gm6023	396
397	Gm14559	chrX	36302113	36302608	processed_pseudogene	ENSMUSG00000083755	-	Gm14559	397
398	Lonrf3	chrX	36328353	36362341	protein_coding	ENSMUSG00000016239	+	Lonrf3	398
399	Gm25047	chrX	36363899	36364002	snRNA	ENSMUSG00000084616	+	Gm25047	399
400	Gm14568	chrX	36376807	36377100	processed_pseudogene	ENSMUSG00000081407	+	Gm14568	400
401	Gm44485	chrX	36381117	36381253	miRNA	ENSMUSG00000104809	-	Gm44485	401
402	Gm6268	chrX	36401280	36404655	protein_coding	ENSMUSG00000079642	+	Gm6268	402
403	Gm14569	chrX	36423601	36491830	protein_coding	ENSMUSG00000091556	-	Gm14569	403
404	Pgrmc1	chrX	36598206	36606079	protein_coding	ENSMUSG00000006373	+	Pgrmc1	404
405	Akap17b	chrX	36608314	36645395	protein_coding	ENSMUSG00000059708	-	Akap17b	405
406	Gm6274	chrX	36668217	36669013	processed_pseudogene	ENSMUSG00000081281	+	Gm6274	406
407	Slc25a43	chrX	36743659	36777202	protein_coding	ENSMUSG00000037636	+	Slc25a43	407
408	Gm23613	chrX	36776619	36776705	snoRNA	ENSMUSG00000064530	+	Gm23613	408
409	Slc25a5	chrX	36795651	36798807	protein_coding	ENSMUSG00000016319	+	Slc25a5	409
410	Gm14549	chrX	36814771	36817200	lncRNA	ENSMUSG00000084990	+	Gm14549	410
411	C330007P06Rik	chrX	36823737	36874111	protein_coding	ENSMUSG00000006423	-	C330007P06Rik	411
412	Gm14541	chrX	36839137	36839293	processed_pseudogene	ENSMUSG00000084265	-	Gm14541	412
413	Ube2a	chrX	36873900	36884222	protein_coding	ENSMUSG00000016308	+	Ube2a	413
414	Nkrf	chrX	36887540	36902899	protein_coding	ENSMUSG00000044149	-	Nkrf	414
415	Gm15008	chrX	36910834	36911985	lncRNA	ENSMUSG00000087155	+	Gm15008	415
416	Sept6	chrX	36911326	36991794	protein_coding	ENSMUSG00000050379	-	Sept6	416
417	Gm14542	chrX	37035254	37037325	processed_pseudogene	ENSMUSG00000081220	-	Gm14542	417
418	Sowahd	chrX	37048845	37050418	protein_coding	ENSMUSG00000044400	+	Sowahd	418
419	Gm24809	chrX	37071992	37072262	misc_RNA	ENSMUSG00000093059	-	Gm24809	419
420	Rpl39	chrX	37082520	37085402	protein_coding	ENSMUSG00000079641	-	Rpl39	420
421	Snora69	chrX	37082912	37083042	snoRNA	ENSMUSG00000065642	-	Snora69	421
422	Upf3b	chrX	37091678	37110322	protein_coding	ENSMUSG00000036572	-	Upf3b	422
423	Nkap	chrX	37126795	37150746	protein_coding	ENSMUSG00000016409	+	Nkap	423
424	Akap14	chrX	37150698	37168842	protein_coding	ENSMUSG00000036551	-	Akap14	424
425	Ndufa1	chrX	37187588	37191163	protein_coding	ENSMUSG00000016427	-	Ndufa1	425
426	Rnf113a1	chrX	37191245	37192467	protein_coding	ENSMUSG00000036537	+	Rnf113a1	426
427	Gm9	chrX	37209348	37211041	protein_coding	ENSMUSG00000073243	-	Gm9	427
428	Rhox1	chrX	37213804	37222258	protein_coding	ENSMUSG00000071773	-	Rhox1	428
429	Rhox2a	chrX	37244976	37249686	protein_coding	ENSMUSG00000051827	+	Rhox2a	429
430	Rhox3a	chrX	37249919	37258983	protein_coding	ENSMUSG00000071772	+	Rhox3a	430
431	Rhox4a	chrX	37265338	37270132	protein_coding	ENSMUSG00000079639	+	Rhox4a	431
432	Rhox4a2	chrX	37390848	37395621	protein_coding	ENSMUSG00000094945	+	Rhox4a2	432
433	Rhox2b	chrX	37412067	37416806	protein_coding	ENSMUSG00000079638	+	Rhox2b	433
434	Rhox3b-ps	chrX	37417012	37425963	transcribed_unprocessed_pseudogene	ENSMUSG00000084056	+	Rhox3b-ps	434
435	Rhox4b	chrX	37432494	37437279	protein_coding	ENSMUSG00000071771	+	Rhox4b	435
436	Rhox2c	chrX	37453680	37469861	protein_coding	ENSMUSG00000079637	+	Rhox2c	436
437	Rhox3c	chrX	37458585	37473964	protein_coding	ENSMUSG00000079636	+	Rhox3c	437
438	Rhox4c	chrX	37480337	37485124	protein_coding	ENSMUSG00000079635	+	Rhox4c	438
439	Rhox2d	chrX	37493428	37497623	protein_coding	ENSMUSG00000095698	+	Rhox2d	439
440	Rhox3d-ps	chrX	37503483	37507807	unprocessed_pseudogene	ENSMUSG00000082297	+	Rhox3d-ps	440
441	Rhox4d	chrX	37514359	37519176	protein_coding	ENSMUSG00000079633	+	Rhox4d	441
442	Rhox2e	chrX	37530452	37541813	protein_coding	ENSMUSG00000096788	+	Rhox2e	442
443	Rhox3e	chrX	37542019	37551082	protein_coding	ENSMUSG00000059626	+	Rhox3e	443
444	Rhox4e	chrX	37557412	37562283	protein_coding	ENSMUSG00000071770	+	Rhox4e	444
445	Rhox2f	chrX	37571405	37576163	protein_coding	ENSMUSG00000095741	+	Rhox2f	445
446	Rhox3f	chrX	37580992	37585496	protein_coding	ENSMUSG00000095510	+	Rhox3f	446
447	Rhox4f	chrX	37602894	37607704	protein_coding	ENSMUSG00000079630	-	Rhox4f	447
448	Rhox3g	chrX	37623318	37628612	protein_coding	ENSMUSG00000080933	-	Rhox3g	448
449	Dppa3-ps	chrX	37625647	37626097	transcribed_processed_pseudogene	ENSMUSG00000080241	-	Dppa3-ps	449
450	Gm24493	chrX	37632205	37632347	snoRNA	ENSMUSG00000065739	-	Gm24493	450
451	Rhox2g	chrX	37639115	37643470	protein_coding	ENSMUSG00000079629	-	Rhox2g	451
452	Rhox4g	chrX	37646500	37651327	protein_coding	ENSMUSG00000079628	-	Rhox4g	452
453	Rhox3h	chrX	37657688	37668764	protein_coding	ENSMUSG00000071769	-	Rhox3h	453
454	Gm24147	chrX	37667233	37667376	snoRNA	ENSMUSG00000064697	-	Gm24147	454
455	Rhox2h	chrX	37668989	37673277	protein_coding	ENSMUSG00000079627	-	Rhox2h	455
456	Rhox7-ps2	chrX	37676370	37679555	unprocessed_pseudogene	ENSMUSG00000106388	-	Rhox7-ps2	456
457	Rhox5	chrX	37804842	37808876	protein_coding	ENSMUSG00000095180	+	Rhox5	457
458	Rhox6	chrX	37826910	37829857	protein_coding	ENSMUSG00000006200	+	Rhox6	458
459	Rhox7a	chrX	37831686	37841275	protein_coding	ENSMUSG00000071767	+	Rhox7a	459
460	Rhox8	chrX	37874778	37878944	protein_coding	ENSMUSG00000064137	-	Rhox8	460
461	Rhox7b	chrX	37886439	37897232	protein_coding	ENSMUSG00000079626	-	Rhox7b	461
462	Rhox9	chrX	37899097	37901770	protein_coding	ENSMUSG00000068048	-	Rhox9	462
463	Rhox11-ps1	chrX	37932474	37933483	unprocessed_pseudogene	ENSMUSG00000082734	-	Rhox11-ps1	463
464	Rhox11-ps2	chrX	37940816	37945602	unprocessed_pseudogene	ENSMUSG00000081133	-	Rhox11-ps2	464
465	Btg1-ps1	chrX	38013173	38018815	protein_coding	ENSMUSG00000068173	-	Btg1-ps1	465
466	Btg1-ps2	chrX	38038199	38043114	protein_coding	ENSMUSG00000098348	-	Btg1-ps2	466
467	Rhox10	chrX	38066475	38071691	protein_coding	ENSMUSG00000053909	+	Rhox10	467
468	Rhox11	chrX	38076594	38085141	protein_coding	ENSMUSG00000051038	-	Rhox11	468
469	Rhox12	chrX	38104077	38110907	protein_coding	ENSMUSG00000071766	-	Rhox12	469
470	Rhox13	chrX	38121219	38129967	protein_coding	ENSMUSG00000050197	+	Rhox13	470
471	Zbtb33	chrX	38189793	38197046	protein_coding	ENSMUSG00000048047	+	Zbtb33	471
472	Tmem255a	chrX	38196573	38252439	protein_coding	ENSMUSG00000036502	-	Tmem255a	472
473	Mir3110	chrX	38210441	38210520	miRNA	ENSMUSG00000092794	+	Mir3110	473
474	Rhox7-ps1	chrX	38296868	38306028	unprocessed_pseudogene	ENSMUSG00000084009	+	Rhox7-ps1	474
475	Atp1b4	chrX	38316184	38336769	protein_coding	ENSMUSG00000016327	+	Atp1b4	475
476	Gm40	chrX	38375287	38376974	unprocessed_pseudogene	ENSMUSG00000082497	+	Gm40	476
477	Gm4853	chrX	38396935	38397328	processed_pseudogene	ENSMUSG00000081473	+	Gm4853	477
478	Lamp2	chrX	38401357	38456454	protein_coding	ENSMUSG00000016534	-	Lamp2	478
479	Gm7598	chrX	38476461	38482486	lncRNA	ENSMUSG00000087390	+	Gm7598	479
480	Cul4b	chrX	38533274	38576196	protein_coding	ENSMUSG00000031095	-	Cul4b	480
481	Mcts1	chrX	38600578	38613426	protein_coding	ENSMUSG00000000355	+	Mcts1	481
482	C1galt1c1	chrX	38630785	38635087	protein_coding	ENSMUSG00000048970	-	C1galt1c1	482
483	Ap3s1-ps1	chrX	38685592	38686170	processed_pseudogene	ENSMUSG00000085611	-	Ap3s1-ps1	483
484	Gm14565	chrX	38705481	38737762	lncRNA	ENSMUSG00000085635	-	Gm14565	484
485	6030498E09Rik	chrX	38772671	38962686	protein_coding	ENSMUSG00000051361	+	6030498E09Rik	485
486	Gm6024	chrX	38905071	38906628	processed_pseudogene	ENSMUSG00000081147	-	Gm6024	486
487	Gm14567	chrX	38969817	38969990	processed_pseudogene	ENSMUSG00000080896	+	Gm14567	487
488	Gm16423	chrX	39112661	39113607	processed_pseudogene	ENSMUSG00000084030	-	Gm16423	488
489	Gm14566	chrX	39226328	39226648	processed_pseudogene	ENSMUSG00000084247	-	Gm14566	489
490	Gm14550	chrX	39464779	39465185	processed_pseudogene	ENSMUSG00000081324	-	Gm14550	490
491	Gm14571	chrX	39796584	39797153	processed_pseudogene	ENSMUSG00000083845	+	Gm14571	491
492	Cypt14	chrX	39862919	39863604	protein_coding	ENSMUSG00000095240	-	Cypt14	492
493	Gm14643	chrX	39870500	40475561	lncRNA	ENSMUSG00000086157	+	Gm14643	493
494	Gm7189	chrX	40000782	40001210	processed_pseudogene	ENSMUSG00000082005	-	Gm7189	494
495	Gm16383	chrX	40001217	40001887	processed_pseudogene	ENSMUSG00000080903	+	Gm16383	495
496	Gm7190	chrX	40007137	40008588	processed_pseudogene	ENSMUSG00000083174	-	Gm7190	496
497	Gm4986	chrX	40137008	40137556	processed_pseudogene	ENSMUSG00000080996	-	Gm4986	497
498	Gm14576	chrX	40927001	40928111	processed_pseudogene	ENSMUSG00000084287	-	Gm14576	498
499	Gm5385	chrX	41248575	41250133	processed_pseudogene	ENSMUSG00000081880	+	Gm5385	499
500	Gm14577	chrX	41372259	41372514	processed_pseudogene	ENSMUSG00000083515	+	Gm14577	500
501	Gria3	chrX	41400854	41678601	protein_coding	ENSMUSG00000001986	+	Gria3	501
502	Gm22413	chrX	41654234	41654318	miRNA	ENSMUSG00000093206	+	Gm22413	502
503	Gm14613	chrX	41741657	41742963	processed_pseudogene	ENSMUSG00000081918	-	Gm14613	503
504	Thoc2	chrX	41794991	41920674	protein_coding	ENSMUSG00000037475	-	Thoc2	504
505	Gm7657	chrX	41916416	41917081	processed_pseudogene	ENSMUSG00000081398	+	Gm7657	505
506	Gm5135	chrX	41923255	41923827	processed_pseudogene	ENSMUSG00000080798	-	Gm5135	506
507	Gm44490	chrX	41948832	41948958	miRNA	ENSMUSG00000104879	+	Gm44490	507
508	Xiap	chrX	42059679	42109656	protein_coding	ENSMUSG00000025860	+	Xiap	508
509	Gm14615	chrX	42128195	42130723	processed_pseudogene	ENSMUSG00000082324	-	Gm14615	509
510	Gm37564	chrX	42147988	42150181	TEC	ENSMUSG00000104042	-	Gm37564	510
511	Stag2	chrX	42149317	42277185	protein_coding	ENSMUSG00000025862	+	Stag2	511
512	Tex13c2	chrX	42489691	42491524	protein_coding	ENSMUSG00000105993	+	Tex13c2	512
513	Sh2d1a	chrX	42502453	42529330	protein_coding	ENSMUSG00000005696	+	Sh2d1a	513
514	Tenm1	chrX	42527866	43429126	protein_coding	ENSMUSG00000016150	-	Tenm1	514
515	Gm24763	chrX	43254046	43254235	snRNA	ENSMUSG00000065622	+	Gm24763	515
516	Gm14587	chrX	43412086	43412743	processed_pseudogene	ENSMUSG00000081300	-	Gm14587	516
517	Gm14579	chrX	43589743	43590025	processed_pseudogene	ENSMUSG00000083598	-	Gm14579	517
518	Tex13c1	chrX	43591160	43593532	protein_coding	ENSMUSG00000078320	+	Tex13c1	518
519	Gm14580	chrX	43710391	43711108	processed_pseudogene	ENSMUSG00000081856	+	Gm14580	519
520	Gm14603	chrX	44313270	44313717	processed_pseudogene	ENSMUSG00000081704	-	Gm14603	520
521	Dcaf12l2	chrX	44365458	44368342	protein_coding	ENSMUSG00000050926	-	Dcaf12l2	521
522	Gm14602	chrX	44529451	44529790	processed_pseudogene	ENSMUSG00000080714	-	Gm14602	522
523	Dcaf12l1	chrX	44786570	44790197	protein_coding	ENSMUSG00000045284	-	Dcaf12l1	523
524	Gm7700	chrX	44862880	44863849	processed_pseudogene	ENSMUSG00000083721	+	Gm7700	524
525	Prr32	chrX	45090904	45092791	protein_coding	ENSMUSG00000037086	+	Prr32	525
526	Gm14606	chrX	45403691	45404845	processed_pseudogene	ENSMUSG00000080764	-	Gm14606	526
527	Gm14605	chrX	45497853	45498874	processed_pseudogene	ENSMUSG00000081129	-	Gm14605	527
528	Gm5386	chrX	45546931	45549380	processed_pseudogene	ENSMUSG00000082886	-	Gm5386	528
529	Gm14652	chrX	45786326	45786560	processed_pseudogene	ENSMUSG00000084158	-	Gm14652	529
530	Gm25078	chrX	45795361	45795467	snRNA	ENSMUSG00000064464	-	Gm25078	530
531	Gm14653	chrX	46126999	46128531	processed_pseudogene	ENSMUSG00000084000	+	Gm14653	531
532	4930515L19Rik	chrX	46267559	46328911	lncRNA	ENSMUSG00000085157	-	4930515L19Rik	532
533	Actrt1	chrX	46329007	46330345	protein_coding	ENSMUSG00000046615	+	Actrt1	533
534	Gm14654	chrX	46361460	46361906	processed_pseudogene	ENSMUSG00000081551	+	Gm14654	534
535	Gm4987	chrX	46455887	46456294	processed_pseudogene	ENSMUSG00000063816	-	Gm4987	535
536	Gm29242	chrX	46473585	46774099	lncRNA	ENSMUSG00000101233	-	Gm29242	536
537	Gm7722	chrX	46535855	46536625	unprocessed_pseudogene	ENSMUSG00000082204	-	Gm7722	537
538	Gm14609	chrX	47380433	47381334	processed_pseudogene	ENSMUSG00000083499	-	Gm14609	538
539	Gm14610	chrX	47387020	47387985	processed_pseudogene	ENSMUSG00000082426	-	Gm14610	539
540	Gm4908	chrX	47471808	47472812	processed_pseudogene	ENSMUSG00000083094	+	Gm4908	540
541	Gm14608	chrX	47586018	47587570	processed_pseudogene	ENSMUSG00000084348	+	Gm14608	541
542	Gm6480	chrX	47724528	47726413	processed_pseudogene	ENSMUSG00000082894	+	Gm6480	542
543	Smarca1	chrX	47809368	47892974	protein_coding	ENSMUSG00000031099	-	Smarca1	543
544	Gm14648	chrX	47900345	47900827	processed_pseudogene	ENSMUSG00000068014	+	Gm14648	544
545	Ocrl	chrX	47912387	47965868	protein_coding	ENSMUSG00000001173	+	Ocrl	545
546	Apln	chrX	48025146	48034853	protein_coding	ENSMUSG00000037010	-	Apln	546
547	Xpnpep2	chrX	48108725	48136981	protein_coding	ENSMUSG00000037005	+	Xpnpep2	547
548	Sash3	chrX	48146436	48161565	protein_coding	ENSMUSG00000031101	+	Sash3	548
549	Zdhhc9	chrX	48171969	48208878	protein_coding	ENSMUSG00000036985	-	Zdhhc9	549
550	Gm24038	chrX	48230286	48230444	snRNA	ENSMUSG00000064806	+	Gm24038	550
551	Utp14a	chrX	48256862	48282453	protein_coding	ENSMUSG00000063785	+	Utp14a	551
552	Gm22528	chrX	48299579	48299682	snRNA	ENSMUSG00000089443	+	Gm22528	552
553	Gm7212	chrX	48302876	48303223	processed_pseudogene	ENSMUSG00000081180	-	Gm7212	553
554	Bcorl1	chrX	48341358	48408049	protein_coding	ENSMUSG00000036959	+	Bcorl1	554
555	Elf4	chrX	48411046	48463132	protein_coding	ENSMUSG00000031103	-	Elf4	555
556	Aifm1	chrX	48474944	48513563	protein_coding	ENSMUSG00000036932	-	Aifm1	556
557	Rab33a	chrX	48519285	48530232	protein_coding	ENSMUSG00000031104	+	Rab33a	557
558	Zfp280c	chrX	48541625	48594504	protein_coding	ENSMUSG00000036916	-	Zfp280c	558
559	Slc25a14	chrX	48623413	48662294	protein_coding	ENSMUSG00000031105	+	Slc25a14	559
560	Gm27828	chrX	48644340	48644458	miRNA	ENSMUSG00000098271	+	Gm27828	560
561	Gpr119	chrX	48667979	48674478	protein_coding	ENSMUSG00000051209	-	Gpr119	561
562	Rbmx2	chrX	48695004	48710723	protein_coding	ENSMUSG00000031107	+	Rbmx2	562
563	Gm595	chrX	48841466	48877713	protein_coding	ENSMUSG00000079606	-	Gm595	563
564	Enox2	chrX	49009707	49288259	protein_coding	ENSMUSG00000031109	-	Enox2	564
565	Gm15034	chrX	49158223	49158571	processed_pseudogene	ENSMUSG00000081320	+	Gm15034	565
566	Gm15036	chrX	49164908	49165307	processed_pseudogene	ENSMUSG00000082347	+	Gm15036	566
567	Gm14696	chrX	49313319	49345237	lncRNA	ENSMUSG00000087369	-	Gm14696	567
568	Gm14697	chrX	49332409	49447972	lncRNA	ENSMUSG00000086948	-	Gm14697	568
569	Arhgap36	chrX	49463945	49500244	protein_coding	ENSMUSG00000036198	+	Arhgap36	569
570	Gm15037	chrX	49560626	49560884	processed_pseudogene	ENSMUSG00000083455	+	Gm15037	570
571	Gm14719	chrX	49660960	49661299	processed_pseudogene	ENSMUSG00000082192	+	Gm14719	571
572	Olfr1320	chrX	49672333	49684825	protein_coding	ENSMUSG00000071764	+	Olfr1320	572
573	Olfr1321	chrX	49723577	49735059	protein_coding	ENSMUSG00000067971	-	Olfr1321	573
574	Igsf1	chrX	49782536	49797749	protein_coding	ENSMUSG00000031111	-	Igsf1	574
575	Olfr1322	chrX	49882991	49891483	protein_coding	ENSMUSG00000056281	-	Olfr1322	575
576	Olfr1323	chrX	50005448	50019359	protein_coding	ENSMUSG00000050504	-	Olfr1323	576
577	Gm7803	chrX	50325518	50326532	processed_pseudogene	ENSMUSG00000083754	-	Gm7803	577
578	Gm14612	chrX	50373144	50374024	processed_pseudogene	ENSMUSG00000082660	+	Gm14612	578
579	Gm22288	chrX	50405813	50405919	snRNA	ENSMUSG00000094897	+	Gm22288	579
580	Olfr1324	chrX	50420998	50428498	protein_coding	ENSMUSG00000048173	-	Olfr1324	580
581	Gm14620	chrX	50542402	50542784	processed_pseudogene	ENSMUSG00000083112	-	Gm14620	581
582	Firre	chrX	50555744	50635321	lncRNA	ENSMUSG00000085396	-	Firre	582
583	Stk26	chrX	50841047	50893097	protein_coding	ENSMUSG00000031112	+	Stk26	583
584	Frmd7	chrX	50895180	50942710	protein_coding	ENSMUSG00000036131	-	Frmd7	584
585	Rap2c	chrX	51003912	51018018	protein_coding	ENSMUSG00000050029	-	Rap2c	585
586	Gm5387	chrX	51043963	51044819	processed_pseudogene	ENSMUSG00000082556	+	Gm5387	586
587	Mbnl3	chrX	51117269	51206532	protein_coding	ENSMUSG00000036109	-	Mbnl3	587
588	Gm7834	chrX	51212511	51212947	processed_pseudogene	ENSMUSG00000082950	-	Gm7834	588
589	Gm5388	chrX	51218877	51219993	processed_pseudogene	ENSMUSG00000081350	-	Gm5388	589
590	Gm14621	chrX	51238844	51239532	processed_pseudogene	ENSMUSG00000081188	-	Gm14621	590
591	Hs6st2	chrX	51387212	51681856	protein_coding	ENSMUSG00000062184	-	Hs6st2	591
592	Gm14581	chrX	51629490	51629687	processed_pseudogene	ENSMUSG00000082968	-	Gm14581	592
593	Usp26	chrX	51753959	51801233	protein_coding	ENSMUSG00000055780	-	Usp26	593
594	Gm7840	chrX	51840083	51840615	processed_pseudogene	ENSMUSG00000081439	-	Gm7840	594
595	1700080O16Rik	chrX	51968695	51972772	protein_coding	ENSMUSG00000031118	-	1700080O16Rik	595
596	Gpc4	chrX	52053021	52165252	protein_coding	ENSMUSG00000031119	-	Gpc4	596
597	Gpc3	chrX	52272426	52613950	protein_coding	ENSMUSG00000055653	-	Gpc3	597
598	Gm14582	chrX	52296181	52333679	lncRNA	ENSMUSG00000086704	+	Gm14582	598
599	Mir6384	chrX	52378121	52378181	miRNA	ENSMUSG00000105738	-	Mir6384	599
600	Mir717	chrX	52422407	52422515	miRNA	ENSMUSG00000076214	-	Mir717	600
601	A630012P03Rik	chrX	52575843	52619047	lncRNA	ENSMUSG00000055110	+	A630012P03Rik	601
602	Mir363	chrX	52741693	52741767	miRNA	ENSMUSG00000070106	-	Mir363	602
603	Mir92-2	chrX	52741838	52741928	miRNA	ENSMUSG00000065613	-	Mir92-2	603
604	Mir19b-2	chrX	52741983	52742066	miRNA	ENSMUSG00000065473	-	Mir19b-2	604
605	Mir20b	chrX	52742113	52742192	miRNA	ENSMUSG00000076041	-	Mir20b	605
606	Mir18b	chrX	52742331	52742413	miRNA	ENSMUSG00000077111	-	Mir18b	606
607	Mir106a	chrX	52742503	52742567	miRNA	ENSMUSG00000065456	-	Mir106a	607
608	Kis2	chrX	52742563	52744960	lncRNA	ENSMUSG00000086173	-	Kis2	608
609	Gm14586	chrX	52772342	52772749	processed_pseudogene	ENSMUSG00000083621	-	Gm14586	609
610	Ccdc160	chrX	52791200	52799468	protein_coding	ENSMUSG00000073207	+	Ccdc160	610
611	Gm6539	chrX	52878792	52880189	processed_pseudogene	ENSMUSG00000083683	+	Gm6539	611
612	Rps2-ps13	chrX	52898588	52899469	processed_pseudogene	ENSMUSG00000081684	+	Rps2-ps13	612
613	Phf6	chrX	52912266	52956943	protein_coding	ENSMUSG00000025626	+	Phf6	613
614	Hprt	chrX	52988137	53021659	protein_coding	ENSMUSG00000025630	+	Hprt	614
615	Gm28730	chrX	53051194	53053159	lncRNA	ENSMUSG00000101603	-	Gm28730	615
616	Mir351	chrX	53053255	53053353	miRNA	ENSMUSG00000065503	-	Mir351	616
617	Mir503	chrX	53053984	53054054	miRNA	ENSMUSG00000076122	-	Mir503	617
618	Mir322	chrX	53054255	53054349	miRNA	ENSMUSG00000065418	-	Mir322	618
619	C430049B03Rik	chrX	53055046	53057190	lncRNA	ENSMUSG00000087365	-	C430049B03Rik	619
620	Plac1	chrX	53069995	53240111	protein_coding	ENSMUSG00000061082	-	Plac1	620
621	Fam122b	chrX	53243415	53269805	protein_coding	ENSMUSG00000036022	-	Fam122b	621
622	Fam122c	chrX	53273424	53331185	protein_coding	ENSMUSG00000036013	+	Fam122c	622
623	Gm23718	chrX	53306177	53306483	misc_RNA	ENSMUSG00000087975	+	Gm23718	623
624	Gm14585	chrX	53314533	53315166	processed_pseudogene	ENSMUSG00000081145	+	Gm14585	624
625	Mospd1	chrX	53344598	53370502	protein_coding	ENSMUSG00000023074	-	Mospd1	625
626	Gm14584	chrX	53418331	53418967	processed_pseudogene	ENSMUSG00000083798	+	Gm14584	626
627	Etd	chrX	53434918	53443576	protein_coding	ENSMUSG00000060967	+	Etd	627
628	Gm14597	chrX	53577087	53608979	protein_coding	ENSMUSG00000079593	-	Gm14597	628
629	Rtl8c	chrX	53608032	53608432	protein_coding	ENSMUSG00000051851	+	Rtl8c	629
630	Gm14592	chrX	53623279	53623838	processed_pseudogene	ENSMUSG00000083738	+	Gm14592	630
631	Gm14600	chrX	53633336	53633965	processed_pseudogene	ENSMUSG00000084076	+	Gm14600	631
632	Rtl8a	chrX	53642488	53643682	protein_coding	ENSMUSG00000067925	-	Rtl8a	632
633	Rtl8b	chrX	53669177	53670408	protein_coding	ENSMUSG00000067924	-	Rtl8b	633
634	4933416I08Rik	chrX	53686637	53690919	unprocessed_pseudogene	ENSMUSG00000071763	+	4933416I08Rik	634
635	AW822252	chrX	53695855	53716773	transcribed_unprocessed_pseudogene	ENSMUSG00000085998	-	AW822252	635
636	4930502E18Rik	chrX	53724826	53738441	protein_coding	ENSMUSG00000055555	+	4930502E18Rik	636
637	1700013H16Rik	chrX	53742901	53757831	protein_coding	ENSMUSG00000054727	-	1700013H16Rik	637
638	Gm14593	chrX	53772836	53773129	processed_pseudogene	ENSMUSG00000084308	+	Gm14593	638
639	Zfp36l3	chrX	53774048	53776394	protein_coding	ENSMUSG00000059334	-	Zfp36l3	639
640	Xlr	chrX	53777118	53797706	protein_coding	ENSMUSG00000054626	-	Xlr	640
641	Gm14599	chrX	53816129	53820026	unprocessed_pseudogene	ENSMUSG00000081937	-	Gm14599	641
642	Gm14589	chrX	53844121	53844847	processed_pseudogene	ENSMUSG00000083278	+	Gm14589	642
643	Atf1-ps	chrX	53883611	53884420	processed_pseudogene	ENSMUSG00000080968	-	Atf1-ps	643
644	Gm14591	chrX	53965772	53966674	processed_pseudogene	ENSMUSG00000083428	-	Gm14591	644
645	Gm15482	chrX	53969437	53975000	lncRNA	ENSMUSG00000086711	-	Gm15482	645
646	Gm14601	chrX	53974554	53974789	transcribed_processed_pseudogene	ENSMUSG00000081119	-	Gm14601	646
647	Gm14644	chrX	54094373	54096289	processed_pseudogene	ENSMUSG00000080321	+	Gm14644	647
648	Gm22550	chrX	54118995	54119101	snRNA	ENSMUSG00000095284	+	Gm22550	648
649	Gm16428	chrX	54130710	54144172	unprocessed_pseudogene	ENSMUSG00000082817	+	Gm16428	649
650	Gm7916	chrX	54174779	54202199	unprocessed_pseudogene	ENSMUSG00000081477	+	Gm7916	650
651	Gm14598	chrX	54237715	54253212	unprocessed_pseudogene	ENSMUSG00000096308	+	Gm14598	651
652	Gm6591	chrX	54312878	54333284	unprocessed_pseudogene	ENSMUSG00000084070	+	Gm6591	652
653	Gm14595	chrX	54714790	54729932	unprocessed_pseudogene	ENSMUSG00000094975	+	Gm14595	653
654	Gm14590	chrX	54812464	54827711	unprocessed_pseudogene	ENSMUSG00000096376	+	Gm14590	654
655	Gm7958	chrX	55097191	55112304	unprocessed_pseudogene	ENSMUSG00000095890	+	Gm7958	655
656	Gm7974	chrX	55175816	55196233	unprocessed_pseudogene	ENSMUSG00000080889	+	Gm7974	656
657	Slxl1	chrX	55226876	55243723	protein_coding	ENSMUSG00000067909	+	Slxl1	657
658	Gm6660	chrX	55311386	55326515	unprocessed_pseudogene	ENSMUSG00000094317	+	Gm6660	658
659	Gm14625	chrX	55431819	55446793	unprocessed_pseudogene	ENSMUSG00000096127	+	Gm14625	659
660	Gm16404	chrX	55553147	55568358	unprocessed_pseudogene	ENSMUSG00000095398	+	Gm16404	660
661	Gm14622	chrX	55699744	55722121	unprocessed_pseudogene	ENSMUSG00000081298	+	Gm14622	661
662	Gm6664	chrX	55798272	55816903	unprocessed_pseudogene	ENSMUSG00000096374	+	Gm6664	662
663	Gm14626	chrX	55839252	55842041	unprocessed_pseudogene	ENSMUSG00000084369	+	Gm14626	663
664	Gm7927	chrX	55845759	55846638	processed_pseudogene	ENSMUSG00000081706	-	Gm7927	664
665	Gm14623	chrX	55862223	55876613	unprocessed_pseudogene	ENSMUSG00000083249	+	Gm14623	665
666	Gm14624	chrX	55904723	55912887	unprocessed_pseudogene	ENSMUSG00000081089	+	Gm14624	666
667	Gm22103	chrX	56070664	56070784	miRNA	ENSMUSG00000080383	+	Gm22103	667
668	Gm14638	chrX	56129658	56134920	unprocessed_pseudogene	ENSMUSG00000082606	+	Gm14638	668
669	3830403N18Rik	chrX	56136572	56153498	protein_coding	ENSMUSG00000031125	+	3830403N18Rik	669
670	Gm14639	chrX	56155528	56156393	processed_pseudogene	ENSMUSG00000082253	-	Gm14639	670
671	Gm773	chrX	56189827	56212881	protein_coding	ENSMUSG00000073177	-	Gm773	671
672	Gm14627	chrX	56190932	56191498	processed_pseudogene	ENSMUSG00000081024	+	Gm14627	672
673	1600025M17Rik	chrX	56317608	56320664	lncRNA	ENSMUSG00000085114	+	1600025M17Rik	673
674	Zfp449	chrX	56346400	56365674	protein_coding	ENSMUSG00000073176	+	Zfp449	674
675	Gm2155	chrX	56371620	56374790	lncRNA	ENSMUSG00000097288	-	Gm2155	675
676	Smim10l2a	chrX	56374586	56377799	protein_coding	ENSMUSG00000054850	+	Smim10l2a	676
677	Gm14633	chrX	56447888	56448357	processed_pseudogene	ENSMUSG00000081620	-	Gm14633	677
678	Gm2174	chrX	56447965	56448366	protein_coding	ENSMUSG00000058932	+	Gm2174	678
679	Ints6l	chrX	56454857	56507843	protein_coding	ENSMUSG00000035967	+	Ints6l	679
680	Gm10477	chrX	56523582	56525432	unprocessed_pseudogene	ENSMUSG00000073173	+	Gm10477	680
681	Gm648	chrX	56543874	56549606	protein_coding	ENSMUSG00000064016	-	Gm648	681
682	Mmgt1	chrX	56585512	56598069	protein_coding	ENSMUSG00000061273	-	Mmgt1	682
683	Slc9a6	chrX	56609757	56664230	protein_coding	ENSMUSG00000060681	+	Slc9a6	683
684	Fhl1	chrX	56731787	56793346	protein_coding	ENSMUSG00000023092	+	Fhl1	684
685	Gm23258	chrX	56750010	56750115	snRNA	ENSMUSG00000088944	+	Gm23258	685
686	Map7d3	chrX	56797858	56822326	protein_coding	ENSMUSG00000067878	-	Map7d3	686
687	Adgrg4	chrX	56870163	57001558	protein_coding	ENSMUSG00000053852	+	Adgrg4	687
688	Brs3	chrX	57043074	57048758	protein_coding	ENSMUSG00000031130	+	Brs3	688
689	Htatsf1	chrX	57053583	57067183	protein_coding	ENSMUSG00000067873	+	Htatsf1	689
690	Vgll1	chrX	57088106	57106540	protein_coding	ENSMUSG00000031131	+	Vgll1	690
691	Gm14718	chrX	57200643	57204378	lncRNA	ENSMUSG00000085808	+	Gm14718	691
692	Cd40lg	chrX	57212143	57224042	protein_coding	ENSMUSG00000031132	+	Cd40lg	692
693	Arhgef6	chrX	57231485	57338729	protein_coding	ENSMUSG00000031133	-	Arhgef6	693
694	Rbmx	chrX	57383530	57393036	protein_coding	ENSMUSG00000031134	-	Rbmx	694
695	Snord61	chrX	57391449	57391519	snoRNA	ENSMUSG00000065110	-	Snord61	695
696	Gm364	chrX	57409154	57488767	protein_coding	ENSMUSG00000079584	+	Gm364	696
697	Gpr101	chrX	57496668	57503757	protein_coding	ENSMUSG00000036357	-	Gpr101	697
698	Gm14630	chrX	57631709	57631954	processed_pseudogene	ENSMUSG00000081100	-	Gm14630	698
699	Gm14629	chrX	57670344	57670487	unprocessed_pseudogene	ENSMUSG00000084103	-	Gm14629	699
700	Gm8107	chrX	57736547	57738555	processed_pseudogene	ENSMUSG00000080710	-	Gm8107	700
701	Gm14631	chrX	57753275	57753868	processed_pseudogene	ENSMUSG00000083821	-	Gm14631	701
702	Zic3	chrX	58022700	58041736	protein_coding	ENSMUSG00000067860	+	Zic3	702
703	Gm14647	chrX	58225079	58225758	processed_pseudogene	ENSMUSG00000084044	+	Gm14647	703
704	Gm25851	chrX	58357952	58358058	snRNA	ENSMUSG00000064728	-	Gm25851	704
705	Gm14645	chrX	58427659	58428075	processed_pseudogene	ENSMUSG00000084305	-	Gm14645	705
706	Gm16436	chrX	58630187	58632738	processed_pseudogene	ENSMUSG00000081373	-	Gm16436	706
707	Gm14650	chrX	58630400	58631288	processed_pseudogene	ENSMUSG00000083982	-	Gm14650	707
708	4930550L24Rik	chrX	58909360	58920304	protein_coding	ENSMUSG00000046180	+	4930550L24Rik	708
709	Fgf13	chrX	59062145	59568071	protein_coding	ENSMUSG00000031137	-	Fgf13	709
710	Gm26351	chrX	59080891	59081122	ribozyme	ENSMUSG00000088157	-	Gm26351	710
711	Gm26487	chrX	59190773	59190866	snRNA	ENSMUSG00000088647	+	Gm26487	711
712	Gm14890	chrX	59196963	59197638	processed_pseudogene	ENSMUSG00000081209	+	Gm14890	712
713	Gm44318	chrX	59854661	59854729	miRNA	ENSMUSG00000105409	+	Gm44318	713
714	F9	chrX	59999464	60030759	protein_coding	ENSMUSG00000031138	+	F9	714
715	Gm5637	chrX	60045111	60046229	processed_pseudogene	ENSMUSG00000046993	-	Gm5637	715
716	Gm14891	chrX	60051001	60051596	processed_pseudogene	ENSMUSG00000081341	+	Gm14891	716
717	Mcf2	chrX	60055956	60179089	protein_coding	ENSMUSG00000031139	-	Mcf2	717
718	Atp11c	chrX	60223290	60592698	protein_coding	ENSMUSG00000062949	-	Atp11c	718
719	Gm22287	chrX	60257552	60257658	snRNA	ENSMUSG00000094896	+	Gm22287	719
720	Mir505	chrX	60394403	60394492	miRNA	ENSMUSG00000070081	-	Mir505	720
721	Gm7073	chrX	60436052	60539249	protein_coding	ENSMUSG00000079583	-	Gm7073	721
722	Gm715	chrX	60548019	60548849	processed_pseudogene	ENSMUSG00000082226	+	Gm715	722
723	Gm14661	chrX	60557728	60807993	lncRNA	ENSMUSG00000067835	+	Gm14661	723
724	Hspa9-ps1	chrX	60576946	60578878	processed_pseudogene	ENSMUSG00000081729	-	Hspa9-ps1	724
725	Gm4909	chrX	60706270	60707063	processed_pseudogene	ENSMUSG00000083463	-	Gm4909	725
726	Gm8163	chrX	60726389	60727448	processed_pseudogene	ENSMUSG00000084331	-	Gm8163	726
727	Sox3	chrX	60891366	60893430	protein_coding	ENSMUSG00000045179	-	Sox3	727
728	Gm14662	chrX	60893653	60898067	lncRNA	ENSMUSG00000087565	+	Gm14662	728
729	Gm7076	chrX	60906712	60907167	processed_pseudogene	ENSMUSG00000086577	-	Gm7076	729
730	Gm14664	chrX	61041741	61076068	lncRNA	ENSMUSG00000087401	+	Gm14664	730
731	Gm14663	chrX	61090582	61091734	processed_pseudogene	ENSMUSG00000083543	+	Gm14663	731
732	Cdr1os	chrX	61116378	61292484	lncRNA	ENSMUSG00000071753	+	Cdr1os	732
733	Gm24396	chrX	61145362	61145454	miRNA	ENSMUSG00000080555	+	Gm24396	733
734	Cdr1	chrX	61184005	61185558	protein_coding	ENSMUSG00000090546	-	Cdr1	734
735	Gm14666	chrX	61480453	61481295	processed_pseudogene	ENSMUSG00000083343	+	Gm14666	735
736	Gm14655	chrX	61620150	61620727	processed_pseudogene	ENSMUSG00000083158	+	Gm14655	736
737	Ldoc1	chrX	61709497	61710955	protein_coding	ENSMUSG00000057615	+	Ldoc1	737
738	Gm7327	chrX	61785381	61786032	processed_pseudogene	ENSMUSG00000050900	+	Gm7327	738
739	Gm6743	chrX	61830510	61831575	processed_pseudogene	ENSMUSG00000082467	+	Gm6743	739
740	Gm25412	chrX	61938891	61938997	snRNA	ENSMUSG00000096222	+	Gm25412	740
741	Gm8215	chrX	62006873	62007862	processed_pseudogene	ENSMUSG00000081409	+	Gm8215	741
742	Gm5390	chrX	62135099	62136328	processed_pseudogene	ENSMUSG00000083617	-	Gm5390	742
743	Gm14656	chrX	62208118	62208619	processed_pseudogene	ENSMUSG00000082168	+	Gm14656	743
744	Gm16411	chrX	62255048	62256147	processed_pseudogene	ENSMUSG00000083576	+	Gm16411	744
745	4933402E13Rik	chrX	62283499	62292078	protein_coding	ENSMUSG00000045330	+	4933402E13Rik	745
746	Gm14679	chrX	62372093	62372814	processed_pseudogene	ENSMUSG00000082125	+	Gm14679	746
747	4931400O07Rik	chrX	62467991	62468812	protein_coding	ENSMUSG00000031194	+	4931400O07Rik	747
748	Tslrn1	chrX	62510539	62527011	lncRNA	ENSMUSG00000085757	-	Tslrn1	748
749	Gm14678	chrX	62646725	62647206	processed_pseudogene	ENSMUSG00000081001	+	Gm14678	749
750	Gm14677	chrX	62686050	62686535	processed_pseudogene	ENSMUSG00000081765	+	Gm14677	750
751	Sms-ps	chrX	62775585	62776685	processed_pseudogene	ENSMUSG00000081752	-	Sms-ps	751
752	Gm6754	chrX	63034194	63035106	processed_pseudogene	ENSMUSG00000082965	-	Gm6754	752
753	Gm14659	chrX	63184686	63186526	processed_pseudogene	ENSMUSG00000081269	-	Gm14659	753
754	Gm14657	chrX	63355347	63355648	processed_pseudogene	ENSMUSG00000084396	-	Gm14657	754
755	Gm8260	chrX	64047554	64047906	processed_pseudogene	ENSMUSG00000083346	-	Gm8260	755
756	Gm6760	chrX	64151405	64152198	protein_coding	ENSMUSG00000079579	-	Gm6760	756
757	3830417A13Rik	chrX	64173548	64178778	protein_coding	ENSMUSG00000031179	+	3830417A13Rik	757
758	Slitrk4	chrX	64264885	64276996	protein_coding	ENSMUSG00000046699	-	Slitrk4	758
759	Gm24598	chrX	64496584	64496657	snoRNA	ENSMUSG00000084459	+	Gm24598	759
760	Gm14676	chrX	64750401	64751258	processed_pseudogene	ENSMUSG00000082269	-	Gm14676	760
761	Gm26111	chrX	64800511	64800616	snRNA	ENSMUSG00000065903	+	Gm26111	761
762	Gm14667	chrX	64842692	64844041	processed_pseudogene	ENSMUSG00000083084	-	Gm14667	762
763	Gm14673	chrX	64944129	64945031	processed_pseudogene	ENSMUSG00000081514	+	Gm14673	763
764	Ctag2	chrX	65047644	65049014	protein_coding	ENSMUSG00000031181	+	Ctag2	764
765	Gm14670	chrX	65086838	65087174	processed_pseudogene	ENSMUSG00000083074	+	Gm14670	765
766	Gm14668	chrX	65936349	65938476	processed_pseudogene	ENSMUSG00000083243	+	Gm14668	766
767	4930447F04Rik	chrX	66303361	66304224	protein_coding	ENSMUSG00000031182	-	4930447F04Rik	767
768	Gm23028	chrX	66448166	66448430	misc_RNA	ENSMUSG00000089398	+	Gm23028	768
769	Slitrk2	chrX	66649318	66661393	protein_coding	ENSMUSG00000036790	+	Slitrk2	769
770	Gm23000	chrX	66728415	66728553	snRNA	ENSMUSG00000087708	+	Gm23000	770
771	Gm8310	chrX	66763382	66764574	processed_pseudogene	ENSMUSG00000084074	+	Gm8310	771
772	Gm14681	chrX	66778442	66778852	processed_pseudogene	ENSMUSG00000081603	-	Gm14681	772
773	Mir883a	chrX	66780758	66780833	miRNA	ENSMUSG00000078017	-	Mir883a	773
774	Mir878	chrX	66801508	66801585	miRNA	ENSMUSG00000077872	-	Mir878	774
775	Mir871	chrX	66810428	66810504	miRNA	ENSMUSG00000096628	-	Mir871	775
776	Gm6783	chrX	66969223	66970659	processed_pseudogene	ENSMUSG00000080795	-	Gm6783	776
777	Gm14682	chrX	66972654	66973177	processed_pseudogene	ENSMUSG00000081442	+	Gm14682	777
778	Gm8312	chrX	67169613	67170230	processed_pseudogene	ENSMUSG00000081598	-	Gm8312	778
779	Gm26276	chrX	67595330	67595438	snoRNA	ENSMUSG00000087724	-	Gm26276	779
780	Gm14687	chrX	67660090	67663856	processed_pseudogene	ENSMUSG00000083010	+	Gm14687	780
781	Gm1140	chrX	67682900	67693562	protein_coding	ENSMUSG00000079578	-	Gm1140	781
782	Gm14692	chrX	67695698	67706350	protein_coding	ENSMUSG00000079577	+	Gm14692	782
783	4933436I01Rik	chrX	67919864	67921450	protein_coding	ENSMUSG00000025288	-	4933436I01Rik	783
784	Mir201	chrX	67988096	67988161	miRNA	ENSMUSG00000065404	-	Mir201	784
785	Gm14688	chrX	68006985	68007287	processed_pseudogene	ENSMUSG00000083709	-	Gm14688	785
786	Gm5391	chrX	68319638	68320250	processed_pseudogene	ENSMUSG00000083912	-	Gm5391	786
787	Gm6806	chrX	68503126	68504131	processed_pseudogene	ENSMUSG00000082794	+	Gm6806	787
788	Gm22332	chrX	68563127	68563252	snoRNA	ENSMUSG00000088697	+	Gm22332	788
789	Gm14701	chrX	68613793	68614140	processed_pseudogene	ENSMUSG00000082162	+	Gm14701	789
790	Gm5638	chrX	68629428	68630685	processed_pseudogene	ENSMUSG00000081084	+	Gm5638	790
791	Gm27979	chrX	68676848	68676903	misc_RNA	ENSMUSG00000099108	+	Gm27979	791
792	Fmr1	chrX	68678541	68717963	protein_coding	ENSMUSG00000000838	+	Fmr1	792
793	Gm22435	chrX	68684148	68684275	snoRNA	ENSMUSG00000089177	-	Gm22435	793
794	Fmr1nb	chrX	68761839	68804567	protein_coding	ENSMUSG00000062170	+	Fmr1nb	794
795	Gm14699	chrX	68782640	68782867	processed_pseudogene	ENSMUSG00000083046	-	Gm14699	795
796	Gm14698	chrX	68821093	68825318	protein_coding	ENSMUSG00000071748	+	Gm14698	796
797	Gm6812	chrX	68892375	68893053	protein_coding	ENSMUSG00000056815	-	Gm6812	797
798	Gm8344	chrX	68921157	68922012	processed_pseudogene	ENSMUSG00000082228	-	Gm8344	798
799	n-R5s7	chrX	68949564	68949684	rRNA	ENSMUSG00000065689	-	n-R5s7	799
800	Gm14705	chrX	69356596	69361269	lncRNA	ENSMUSG00000086676	-	Gm14705	800
801	Aff2	chrX	69360294	69868037	protein_coding	ENSMUSG00000031189	+	Aff2	801
802	Gm8172	chrX	69605496	69606245	processed_pseudogene	ENSMUSG00000082926	-	Gm8172	802
803	1700111N16Rik	chrX	69929259	70143588	lncRNA	ENSMUSG00000100511	-	1700111N16Rik	803
804	1700020N15Rik	chrX	69945300	69945978	protein_coding	ENSMUSG00000059690	+	1700020N15Rik	804
805	Ids	chrX	70343069	70365084	protein_coding	ENSMUSG00000035847	-	Ids	805
806	1110012L19Rik	chrX	70385877	70389417	protein_coding	ENSMUSG00000045237	+	1110012L19Rik	806
807	Gm16407	chrX	70400497	70401063	processed_pseudogene	ENSMUSG00000081199	+	Gm16407	807
808	Gm14704	chrX	70403181	70404054	processed_pseudogene	ENSMUSG00000082538	-	Gm14704	808
809	Gm6823	chrX	70420716	70422554	processed_pseudogene	ENSMUSG00000084193	-	Gm6823	809
810	Gm16441	chrX	70426311	70427234	processed_pseudogene	ENSMUSG00000086989	-	Gm16441	810
811	Gm14722	chrX	70432434	70433122	processed_pseudogene	ENSMUSG00000082770	-	Gm14722	811
812	Tmem185a	chrX	70459753	70477180	protein_coding	ENSMUSG00000073139	-	Tmem185a	812
813	Gm14727	chrX	70503140	70503664	processed_pseudogene	ENSMUSG00000083747	+	Gm14727	813
814	Gm14729	chrX	70506952	70507640	processed_pseudogene	ENSMUSG00000083784	+	Gm14729	814
815	Gm6038	chrX	70513048	70513995	processed_pseudogene	ENSMUSG00000087325	+	Gm6038	815
816	Gm8401	chrX	70517777	70519515	processed_pseudogene	ENSMUSG00000082336	+	Gm8401	816
817	Gm14726	chrX	70536280	70537175	unprocessed_pseudogene	ENSMUSG00000080843	+	Gm14726	817
818	Gm14728	chrX	70564118	70564609	unprocessed_pseudogene	ENSMUSG00000082083	-	Gm14728	818
819	Gm14732	chrX	70600263	70600807	processed_pseudogene	ENSMUSG00000081464	-	Gm14732	819
820	Rplp1-ps1	chrX	70653206	70653550	processed_pseudogene	ENSMUSG00000084185	-	Rplp1-ps1	820
821	Gm8410	chrX	70770867	70771471	processed_pseudogene	ENSMUSG00000083406	+	Gm8410	821
822	Gm6062	chrX	70978281	70978911	processed_pseudogene	ENSMUSG00000080938	+	Gm6062	822
823	Mamld1	chrX	71050240	71156056	protein_coding	ENSMUSG00000059401	+	Mamld1	823
824	n-R5s8	chrX	71131237	71131354	rRNA	ENSMUSG00000077309	+	n-R5s8	824
825	Gm14730	chrX	71197127	71198171	processed_pseudogene	ENSMUSG00000082262	+	Gm14730	825
826	Mtm1	chrX	71210767	71315691	protein_coding	ENSMUSG00000031337	+	Mtm1	826
827	Mtmr1	chrX	71364760	71419196	protein_coding	ENSMUSG00000015214	+	Mtmr1	827
828	Cd99l2	chrX	71420060	71492849	protein_coding	ENSMUSG00000035776	-	Cd99l2	828
829	Gm16189	chrX	71439714	71469851	lncRNA	ENSMUSG00000085284	+	Gm16189	829
830	Gm8421	chrX	71498372	71498676	processed_pseudogene	ENSMUSG00000084114	-	Gm8421	830
831	Gm23945	chrX	71531285	71531376	miRNA	ENSMUSG00000094123	-	Gm23945	831
832	Hmgb3	chrX	71555918	71560676	protein_coding	ENSMUSG00000015217	+	Hmgb3	832
833	Gpr50	chrX	71663667	71669257	protein_coding	ENSMUSG00000056380	+	Gpr50	833
834	Gm14723	chrX	71727657	71727871	processed_pseudogene	ENSMUSG00000082337	+	Gm14723	834
835	Rpl30-ps10	chrX	71803688	71804034	processed_pseudogene	ENSMUSG00000083411	+	Rpl30-ps10	835
836	Vma21	chrX	71815924	71839757	protein_coding	ENSMUSG00000073131	+	Vma21	836
837	Gm1141	chrX	71920947	71940870	protein_coding	ENSMUSG00000073130	+	Gm1141	837
838	Prrg3	chrX	71962624	71972722	protein_coding	ENSMUSG00000033361	+	Prrg3	838
839	Fate1	chrX	71972986	71989046	protein_coding	ENSMUSG00000053593	+	Fate1	839
840	Cnga2	chrX	71991849	72010218	protein_coding	ENSMUSG00000005864	+	Cnga2	840
841	Magea4	chrX	72222017	72222964	protein_coding	ENSMUSG00000033343	+	Magea4	841
842	Gm47265	chrX	72229990	72231507	unprocessed_pseudogene	ENSMUSG00000114356	+	Gm47265	842
843	Gabre	chrX	72255999	72274803	protein_coding	ENSMUSG00000031340	-	Gabre	843
844	Mir224	chrX	72261031	72261112	miRNA	ENSMUSG00000065542	-	Mir224	844
845	Mir452	chrX	72262224	72262308	miRNA	ENSMUSG00000070138	-	Mir452	845
846	Magea10	chrX	72381870	72386858	protein_coding	ENSMUSG00000043453	-	Magea10	846
847	Gabra3	chrX	72432681	72656848	protein_coding	ENSMUSG00000031343	-	Gabra3	847
848	Gm14735	chrX	72467302	72470389	processed_pseudogene	ENSMUSG00000081471	+	Gm14735	848
849	Mir105	chrX	72591500	72591579	miRNA	ENSMUSG00000077847	-	Mir105	849
850	Gm23461	chrX	72611803	72611909	snRNA	ENSMUSG00000065199	+	Gm23461	850
851	Gm14736	chrX	72692510	72692845	processed_pseudogene	ENSMUSG00000082657	-	Gm14736	851
852	Gabrq	chrX	72825178	72842602	protein_coding	ENSMUSG00000031344	+	Gabrq	852
853	Magea9-ps	chrX	72869367	72870265	transcribed_processed_pseudogene	ENSMUSG00000090089	+	Magea9-ps	853
854	Cetn2	chrX	72913532	72918411	protein_coding	ENSMUSG00000031347	-	Cetn2	854
855	Nsdhl	chrX	72918557	72958514	protein_coding	ENSMUSG00000031349	+	Nsdhl	855
856	Gm14684	chrX	72981823	72982344	lncRNA	ENSMUSG00000084944	+	Gm14684	856
857	Zfp185	chrX	72987339	73031543	protein_coding	ENSMUSG00000031351	+	Zfp185	857
858	Pnma5	chrX	73033981	73037103	protein_coding	ENSMUSG00000050424	-	Pnma5	858
859	Gm6858	chrX	73050006	73051473	unprocessed_pseudogene	ENSMUSG00000109025	+	Gm6858	859
860	Pnma3	chrX	73064787	73068191	protein_coding	ENSMUSG00000046287	+	Pnma3	860
861	Xlr4a	chrX	73074345	73082478	protein_coding	ENSMUSG00000079845	-	Xlr4a	861
862	Xlr3a	chrX	73086293	73097095	protein_coding	ENSMUSG00000057836	-	Xlr3a	862
863	Gm20455	chrX	73097187	73104886	lncRNA	ENSMUSG00000092255	+	Gm20455	863
864	Xlr5a	chrX	73107635	73292976	protein_coding	ENSMUSG00000058328	-	Xlr5a	864
865	Gm14685	chrX	73117047	73129262	protein_coding	ENSMUSG00000067771	+	Gm14685	865
866	DXBay18	chrX	73137232	73149450	protein_coding	ENSMUSG00000071745	-	DXBay18	866
867	Xlr5b	chrX	73148796	73158872	protein_coding	ENSMUSG00000072479	+	Xlr5b	867
868	Spin2d	chrX	73175302	73176989	protein_coding	ENSMUSG00000079566	-	Spin2d	868
869	Xlr3b	chrX	73192207	73202930	protein_coding	ENSMUSG00000073125	+	Xlr3b	869
870	Xlr4b	chrX	73214333	73222453	protein_coding	ENSMUSG00000067768	+	Xlr4b	870
871	F8a	chrX	73228291	73230795	protein_coding	ENSMUSG00000078317	+	F8a	871
872	Xlr4c	chrX	73233688	73243130	protein_coding	ENSMUSG00000031362	-	Xlr4c	872
873	Xlr3c	chrX	73254540	73265390	protein_coding	ENSMUSG00000058147	-	Xlr3c	873
874	Xlr5c	chrX	73282896	73292976	protein_coding	ENSMUSG00000067764	-	Xlr5c	874
875	Gm5639	chrX	73297593	73299995	processed_pseudogene	ENSMUSG00000082629	+	Gm5639	875
876	Gm8501	chrX	73313203	73313634	processed_pseudogene	ENSMUSG00000081253	+	Gm8501	876
877	Gm45015	chrX	73334996	73336840	protein_coding	ENSMUSG00000109368	-	Gm45015	877
878	Zfp275	chrX	73342621	73359080	protein_coding	ENSMUSG00000031365	+	Zfp275	878
879	Gm18336	chrX	73396439	73398736	protein_coding	ENSMUSG00000096966	-	Gm18336	879
880	Gm26726	chrX	73402211	73411436	lncRNA	ENSMUSG00000097110	-	Gm26726	880
881	Gm37741	chrX	73407676	73408931	TEC	ENSMUSG00000103141	+	Gm37741	881
882	Zfp92	chrX	73411096	73428385	protein_coding	ENSMUSG00000031374	+	Zfp92	882
883	Trex2	chrX	73433705	73435344	protein_coding	ENSMUSG00000031372	-	Trex2	883
884	Haus7	chrX	73437315	73459044	protein_coding	ENSMUSG00000031371	-	Haus7	884
885	Bgn	chrX	73483602	73495933	protein_coding	ENSMUSG00000031375	+	Bgn	885
886	Atp2b3	chrX	73503086	73571005	protein_coding	ENSMUSG00000031376	+	Atp2b3	886
887	AL805924.1	chrX	73578239	73584123	unitary_pseudogene	ENSMUSG00000118463	-	AL805924.1	887
888	Dusp9	chrX	73639419	73643514	protein_coding	ENSMUSG00000031383	+	Dusp9	888
889	Pnck	chrX	73655994	73660117	protein_coding	ENSMUSG00000002012	-	Pnck	889
890	Slc6a8	chrX	73673150	73682502	protein_coding	ENSMUSG00000019558	+	Slc6a8	890
891	Bcap31	chrX	73686178	73716175	protein_coding	ENSMUSG00000002015	-	Bcap31	891
892	Abcd1	chrX	73716597	73738534	protein_coding	ENSMUSG00000031378	+	Abcd1	892
893	Plxnb3	chrX	73757090	73772514	protein_coding	ENSMUSG00000031385	+	Plxnb3	893
894	Srpk3	chrX	73774405	73778925	protein_coding	ENSMUSG00000002007	+	Srpk3	894
895	Idh3g	chrX	73778963	73786897	protein_coding	ENSMUSG00000002010	-	Idh3g	895
896	Ssr4	chrX	73787028	73790830	protein_coding	ENSMUSG00000002014	+	Ssr4	896
897	Pdzd4	chrX	73793359	73824969	protein_coding	ENSMUSG00000002006	-	Pdzd4	897
898	Gm14817	chrX	73795215	73797616	lncRNA	ENSMUSG00000085669	+	Gm14817	898
899	Gm23615	chrX	73809417	73809481	snoRNA	ENSMUSG00000064536	+	Gm23615	899
900	L1cam	chrX	73853778	73896105	protein_coding	ENSMUSG00000031391	-	L1cam	900
901	Arhgap4	chrX	73891442	73921870	protein_coding	ENSMUSG00000031389	-	Arhgap4	901
902	Avpr2	chrX	73892102	73895502	protein_coding	ENSMUSG00000031390	+	Avpr2	902
903	Naa10	chrX	73916873	73921944	protein_coding	ENSMUSG00000031388	-	Naa10	903
904	Renbp	chrX	73922121	73930850	protein_coding	ENSMUSG00000031387	-	Renbp	904
905	Hcfc1	chrX	73942792	73966357	protein_coding	ENSMUSG00000031386	-	Hcfc1	905
906	Gm8545	chrX	74006702	74007502	processed_pseudogene	ENSMUSG00000080829	+	Gm8545	906
907	Irak1	chrX	74013914	74023918	protein_coding	ENSMUSG00000031392	-	Irak1	907
908	Mecp2	chrX	74026592	74135363	protein_coding	ENSMUSG00000031393	-	Mecp2	908
909	Opn1mw	chrX	74127464	74150760	protein_coding	ENSMUSG00000031394	+	Opn1mw	909
910	Gm6758	chrX	74135133	74136187	processed_pseudogene	ENSMUSG00000081118	-	Gm6758	910
911	Tex28	chrX	74150944	74167838	protein_coding	ENSMUSG00000062564	-	Tex28	911
912	Rpl3-ps2	chrX	74170653	74171866	processed_pseudogene	ENSMUSG00000084131	+	Rpl3-ps2	912
913	Tktl1	chrX	74177259	74208500	protein_coding	ENSMUSG00000031397	+	Tktl1	913
914	Flna	chrX	74223461	74249820	protein_coding	ENSMUSG00000031328	-	Flna	914
915	Emd	chrX	74254687	74261548	protein_coding	ENSMUSG00000001964	+	Emd	915
916	Gm14686	chrX	74261032	74261374	transcribed_processed_pseudogene	ENSMUSG00000081375	+	Gm14686	916
917	Rpl10	chrX	74270812	74273135	protein_coding	ENSMUSG00000008682	+	Rpl10	917
918	Snora70	chrX	74272484	74272620	snoRNA	ENSMUSG00000064981	+	Snora70	918
919	Dnase1l1	chrX	74273217	74282337	protein_coding	ENSMUSG00000019088	-	Dnase1l1	919
920	Mir7091	chrX	74274027	74274105	miRNA	ENSMUSG00000099226	-	Mir7091	920
921	Gm14846	chrX	74278654	74278869	processed_pseudogene	ENSMUSG00000084271	+	Gm14846	921
922	Taz	chrX	74281912	74290151	protein_coding	ENSMUSG00000009995	+	Taz	922
923	Atp6ap1	chrX	74297097	74304721	protein_coding	ENSMUSG00000019087	+	Atp6ap1	923
924	Gdi1	chrX	74304998	74311862	protein_coding	ENSMUSG00000015291	+	Gdi1	924
925	Fam50a	chrX	74313033	74320149	protein_coding	ENSMUSG00000001962	+	Fam50a	925
926	Mir7092	chrX	74317362	74317429	miRNA	ENSMUSG00000106409	+	Mir7092	926
927	Plxna3	chrX	74329066	74344689	protein_coding	ENSMUSG00000031398	+	Plxna3	927
928	Lage3	chrX	74351276	74353618	protein_coding	ENSMUSG00000015289	-	Lage3	928
929	Ubl4a	chrX	74365718	74373218	protein_coding	ENSMUSG00000015290	-	Ubl4a	929
930	Slc10a3	chrX	74369217	74373349	protein_coding	ENSMUSG00000032806	-	Slc10a3	930
931	Fam3a	chrX	74384719	74393272	protein_coding	ENSMUSG00000031399	-	Fam3a	931
932	Ikbkg	chrX	74393290	74453854	protein_coding	ENSMUSG00000004221	+	Ikbkg	932
933	G6pdx	chrX	74409483	74429194	protein_coding	ENSMUSG00000031400	-	G6pdx	933
934	Gm6880	chrX	74480287	74481399	protein_coding	ENSMUSG00000079536	-	Gm6880	934
935	Gm6881	chrX	74486589	74487421	processed_pseudogene	ENSMUSG00000082707	+	Gm6881	935
936	Gm15361	chrX	74494379	74494822	processed_pseudogene	ENSMUSG00000083283	-	Gm15361	936
937	Gm15362	chrX	74504015	74504402	processed_pseudogene	ENSMUSG00000083768	+	Gm15362	937
938	Gm15364	chrX	74510946	74511530	processed_pseudogene	ENSMUSG00000082447	+	Gm15364	938
939	Gm26125	chrX	74534285	74534391	snRNA	ENSMUSG00000065291	+	Gm26125	939
940	Gm4989	chrX	74566958	74567706	processed_pseudogene	ENSMUSG00000085066	+	Gm4989	940
941	Olfr1326-ps1	chrX	74569153	74574888	protein_coding	ENSMUSG00000043715	-	Olfr1326-ps1	941
942	Olfr1325	chrX	74592679	74597578	protein_coding	ENSMUSG00000051706	+	Olfr1325	942
943	Gm26417	chrX	74624426	74624560	snoRNA	ENSMUSG00000077462	+	Gm26417	943
944	Gm5640	chrX	74639119	74645635	protein_coding	ENSMUSG00000079534	-	Gm5640	944
945	Xlr5d-ps	chrX	74652679	74659486	unprocessed_pseudogene	ENSMUSG00000081804	+	Xlr5d-ps	945
946	Xlr3d-ps	chrX	74696047	74704076	unprocessed_pseudogene	ENSMUSG00000083847	+	Xlr3d-ps	946
947	Gm15365	chrX	74713502	74713801	processed_pseudogene	ENSMUSG00000080777	-	Gm15365	947
948	Xlr4d-ps	chrX	74727229	74734141	unprocessed_pseudogene	ENSMUSG00000084066	+	Xlr4d-ps	948
949	Gm6890	chrX	74740927	74742188	protein_coding	ENSMUSG00000079532	+	Gm6890	949
950	Olfr1327-ps1	chrX	74762045	74762879	unprocessed_pseudogene	ENSMUSG00000082427	-	Olfr1327-ps1	950
951	Gm14695	chrX	74783672	74786540	unprocessed_pseudogene	ENSMUSG00000081814	+	Gm14695	951
952	Gm8617	chrX	74789937	74792158	processed_pseudogene	ENSMUSG00000082170	-	Gm8617	952
953	Xlr5e-ps	chrX	74823336	74830149	unprocessed_pseudogene	ENSMUSG00000081612	-	Xlr5e-ps	953
954	Gm5936	chrX	74837196	74843355	protein_coding	ENSMUSG00000079531	+	Gm5936	954
955	Gm14694	chrX	74846561	74849438	unprocessed_pseudogene	ENSMUSG00000080822	-	Gm14694	955
956	Xlr3e-ps	chrX	74912417	74920320	unprocessed_pseudogene	ENSMUSG00000081940	+	Xlr3e-ps	956
957	Xlr4e-ps	chrX	74944963	74952044	unprocessed_pseudogene	ENSMUSG00000081357	+	Xlr4e-ps	957
958	Gm15363	chrX	74958531	74959647	unprocessed_pseudogene	ENSMUSG00000083981	+	Gm15363	958
959	Gab3	chrX	74966843	75085458	protein_coding	ENSMUSG00000032750	-	Gab3	959
960	Gm15367	chrX	75010590	75011605	processed_pseudogene	ENSMUSG00000082873	+	Gm15367	960
961	Dkc1	chrX	75095854	75109777	protein_coding	ENSMUSG00000031403	+	Dkc1	961
962	Gm25520	chrX	75101409	75101526	snoRNA	ENSMUSG00000089014	+	Gm25520	962
963	Mpp1	chrX	75109733	75131016	protein_coding	ENSMUSG00000031402	-	Mpp1	963
964	Gm15378	chrX	75143424	75143630	processed_pseudogene	ENSMUSG00000083416	+	Gm15378	964
965	Fam220-ps	chrX	75143688	75144470	processed_pseudogene	ENSMUSG00000080254	+	Fam220-ps	965
966	Smim9	chrX	75146056	75163770	protein_coding	ENSMUSG00000073094	-	Smim9	966
967	Gm8503	chrX	75155819	75156273	processed_pseudogene	ENSMUSG00000082244	+	Gm8503	967
968	F8	chrX	75172715	75382615	protein_coding	ENSMUSG00000031196	-	F8	968
969	Gm6039	chrX	75233063	75234312	processed_pseudogene	ENSMUSG00000083736	+	Gm6039	969
970	Gm8522	chrX	75271010	75272938	processed_pseudogene	ENSMUSG00000081633	-	Gm8522	970
971	Fundc2	chrX	75382399	75396459	protein_coding	ENSMUSG00000031198	+	Fundc2	971
972	Cmc4	chrX	75404846	75416584	protein_coding	ENSMUSG00000090110	-	Cmc4	972
973	Mtcp1	chrX	75410444	75416588	protein_coding	ENSMUSG00000031200	-	Mtcp1	973
974	Brcc3	chrX	75416628	75454001	protein_coding	ENSMUSG00000031201	+	Brcc3	974
975	Gm15379	chrX	75458812	75459459	processed_pseudogene	ENSMUSG00000082208	+	Gm15379	975
976	Gm15385	chrX	75459963	75485753	unprocessed_pseudogene	ENSMUSG00000083093	+	Gm15385	976
977	Gm8666	chrX	75475232	75475523	processed_pseudogene	ENSMUSG00000048709	-	Gm8666	977
978	Vbp1	chrX	75514299	75534942	protein_coding	ENSMUSG00000031197	+	Vbp1	978
979	Gm15384	chrX	75551117	75551824	lncRNA	ENSMUSG00000086573	+	Gm15384	979
980	Rab39b	chrX	75572046	75578231	protein_coding	ENSMUSG00000031202	-	Rab39b	980
981	Gm15063	chrX	75573452	75575268	lncRNA	ENSMUSG00000086937	+	Gm15063	981
982	Gm15065	chrX	75705409	75705681	processed_pseudogene	ENSMUSG00000082551	+	Gm15065	982
983	4933407K13Rik	chrX	75706932	75764699	lncRNA	ENSMUSG00000087396	-	4933407K13Rik	983
984	Gm7153	chrX	75723672	75724126	processed_pseudogene	ENSMUSG00000081996	+	Gm7153	984
985	Pls3	chrX	75785654	75875182	protein_coding	ENSMUSG00000016382	-	Pls3	985
986	Gm23320	chrX	75886083	75886209	snoRNA	ENSMUSG00000077650	+	Gm23320	986
987	Oat-rs1	chrX	75915216	75916526	processed_pseudogene	ENSMUSG00000083544	+	Oat-rs1	987
988	Gm14715	chrX	75916131	75930227	lncRNA	ENSMUSG00000085598	-	Gm14715	988
989	Gm7155	chrX	75971453	75973123	processed_pseudogene	ENSMUSG00000081106	-	Gm7155	989
990	Gm8692	chrX	75987178	75987615	processed_pseudogene	ENSMUSG00000082755	-	Gm8692	990
991	Gm14710	chrX	76153331	76162605	unprocessed_pseudogene	ENSMUSG00000084831	-	Gm14710	991
992	Gm5397	chrX	76196108	76198742	unprocessed_pseudogene	ENSMUSG00000082827	+	Gm5397	992
993	Gm14707	chrX	76243690	76244272	lncRNA	ENSMUSG00000086104	-	Gm14707	993
994	Gm14717	chrX	76246984	76261392	lncRNA	ENSMUSG00000086207	-	Gm14717	994
995	Cldn34b3	chrX	76264304	76267738	protein_coding	ENSMUSG00000071738	+	Cldn34b3	995
996	Gm14712	chrX	76301183	76301954	processed_pseudogene	ENSMUSG00000081061	-	Gm14712	996
997	Magea7-ps	chrX	76347394	76348353	unprocessed_pseudogene	ENSMUSG00000083333	+	Magea7-ps	997
998	Gm14709	chrX	76356827	76357130	processed_pseudogene	ENSMUSG00000082444	+	Gm14709	998
999	Cldn34b4	chrX	76393350	76397979	protein_coding	ENSMUSG00000073085	+	Cldn34b4	999
1000	Gm5793	chrX	76538909	76539538	unprocessed_pseudogene	ENSMUSG00000081175	-	Gm5793	1000
1001	Cldn34d	chrX	76582610	76602924	protein_coding	ENSMUSG00000079525	-	Cldn34d	1001
1002	Gm14716	chrX	76631434	76632151	processed_pseudogene	ENSMUSG00000082824	+	Gm14716	1002
1003	Gm14713	chrX	76737639	76738818	processed_pseudogene	ENSMUSG00000083810	+	Gm14713	1003
1004	Gm14706	chrX	76919856	76920110	processed_pseudogene	ENSMUSG00000083482	-	Gm14706	1004
1005	Gm5398	chrX	77289832	77290815	processed_pseudogene	ENSMUSG00000084202	-	Gm5398	1005
1006	Gm5757	chrX	77292661	77293188	processed_pseudogene	ENSMUSG00000082517	+	Gm5757	1006
1007	Gm5937	chrX	77456586	77457228	processed_pseudogene	ENSMUSG00000081622	+	Gm5937	1007
1008	Tbl1x	chrX	77511013	77662983	protein_coding	ENSMUSG00000025246	+	Tbl1x	1008
1009	Gm23121	chrX	77579487	77579659	snRNA	ENSMUSG00000088278	+	Gm23121	1009
1010	Cldn34-ps	chrX	77674836	77675435	processed_pseudogene	ENSMUSG00000087152	-	Cldn34-ps	1010
1011	Gm14746	chrX	77717052	77717983	processed_pseudogene	ENSMUSG00000081358	-	Gm14746	1011
1012	Gm14748	chrX	77733668	77737745	unprocessed_pseudogene	ENSMUSG00000082842	+	Gm14748	1012
1013	Gm8722	chrX	77757378	77758146	processed_pseudogene	ENSMUSG00000081164	-	Gm8722	1013
1014	Prkx	chrX	77761411	77796278	protein_coding	ENSMUSG00000035725	-	Prkx	1014
1015	Gm14742	chrX	77802351	77803280	lncRNA	ENSMUSG00000085973	-	Gm14742	1015
1016	Pbsn	chrX	77837901	77853623	protein_coding	ENSMUSG00000000003	-	Pbsn	1016
1017	Gm14744	chrX	77864758	77870033	protein_coding	ENSMUSG00000079522	+	Gm14744	1017
1018	5430402E10Rik	chrX	77919786	77925062	protein_coding	ENSMUSG00000044121	-	5430402E10Rik	1018
1019	Gm14750	chrX	77988363	77992734	unprocessed_pseudogene	ENSMUSG00000082635	+	Gm14750	1019
1020	Gm16458	chrX	78059390	78066587	unprocessed_pseudogene	ENSMUSG00000080890	+	Gm16458	1020
1021	Obp1a	chrX	78085505	78091374	protein_coding	ENSMUSG00000067684	-	Obp1a	1021
1022	Gm5938	chrX	78125467	78130403	protein_coding	ENSMUSG00000079521	+	Gm5938	1022
1023	Obp1b	chrX	78186777	78192292	protein_coding	ENSMUSG00000067679	+	Obp1b	1023
1024	Gm14743	chrX	78240462	78245921	protein_coding	ENSMUSG00000079519	-	Gm14743	1024
1025	Gm8749	chrX	78357794	78358124	processed_pseudogene	ENSMUSG00000083448	-	Gm8749	1025
1026	Gm14749	chrX	78375313	78375758	processed_pseudogene	ENSMUSG00000083927	+	Gm14749	1026
1027	Gm8754	chrX	78390705	78391224	processed_pseudogene	ENSMUSG00000084019	+	Gm8754	1027
1028	Gm14752	chrX	78405676	78409435	processed_pseudogene	ENSMUSG00000081881	+	Gm14752	1028
1029	Gm14745	chrX	78416198	78417293	processed_pseudogene	ENSMUSG00000082865	+	Gm14745	1029
1030	Prrg1	chrX	78449613	78583896	protein_coding	ENSMUSG00000047996	-	Prrg1	1030
1031	Gm22843	chrX	78550746	78550879	snoRNA	ENSMUSG00000088335	-	Gm22843	1031
1032	Gm8761	chrX	78655785	78656739	processed_pseudogene	ENSMUSG00000082664	-	Gm8761	1032
1033	Fam47c	chrX	78737763	78739401	protein_coding	ENSMUSG00000078315	+	Fam47c	1033
1034	Gm8770	chrX	78785747	78786855	processed_pseudogene	ENSMUSG00000082912	+	Gm8770	1034
1035	Gm5939	chrX	78855408	78858281	processed_pseudogene	ENSMUSG00000083258	-	Gm5939	1035
1036	Rps24-ps3	chrX	79195047	79195448	processed_pseudogene	ENSMUSG00000081049	+	Rps24-ps3	1036
1037	Cfap47	chrX	79266559	79517285	protein_coding	ENSMUSG00000073077	-	Cfap47	1037
1038	Mageb16	chrX	79623231	79671435	protein_coding	ENSMUSG00000046942	-	Mageb16	1038
1039	Gm4772	chrX	79902724	79903566	processed_pseudogene	ENSMUSG00000082372	-	Gm4772	1039
1040	Gm4773	chrX	80061011	80061712	processed_pseudogene	ENSMUSG00000080847	-	Gm4773	1040
1041	Gm14760	chrX	80193854	80194852	processed_pseudogene	ENSMUSG00000081221	-	Gm14760	1041
1042	Gm14768	chrX	80362549	80363233	processed_pseudogene	ENSMUSG00000083444	+	Gm14768	1042
1043	Gm5940	chrX	80456742	80457809	processed_pseudogene	ENSMUSG00000081205	+	Gm5940	1043
1044	Gm8806	chrX	80533745	80535151	processed_pseudogene	ENSMUSG00000083367	-	Gm8806	1044
1045	Gm6954	chrX	80666313	80666537	processed_pseudogene	ENSMUSG00000084300	+	Gm6954	1045
1046	Gm14733	chrX	80932816	80932948	processed_pseudogene	ENSMUSG00000083944	-	Gm14733	1046
1047	Tmem47	chrX	81070698	81097872	protein_coding	ENSMUSG00000025666	+	Tmem47	1047
1048	Gm14754	chrX	81271770	81272495	processed_pseudogene	ENSMUSG00000083637	-	Gm14754	1048
1049	4930595M18Rik	chrX	81419575	81458121	protein_coding	ENSMUSG00000060673	-	4930595M18Rik	1049
1050	Gm8822	chrX	81820384	81822730	processed_pseudogene	ENSMUSG00000082319	-	Gm8822	1050
1051	Gm26174	chrX	82178454	82178672	ribozyme	ENSMUSG00000089040	+	Gm26174	1051
1052	Gm22686	chrX	82187682	82187781	snRNA	ENSMUSG00000064781	+	Gm22686	1052
1053	Rpl10-ps4	chrX	82400724	82401009	processed_pseudogene	ENSMUSG00000083113	-	Rpl10-ps4	1053
1054	Gm14740	chrX	82441600	82442749	processed_pseudogene	ENSMUSG00000083877	+	Gm14740	1054
1055	Gm24470	chrX	82692239	82692370	snoRNA	ENSMUSG00000077674	-	Gm24470	1055
1056	Dmd	chrX	82948870	85206141	protein_coding	ENSMUSG00000045103	+	Dmd	1056
1057	Tsga8	chrX	83486678	83487924	protein_coding	ENSMUSG00000035522	-	Tsga8	1057
1058	Gm22580	chrX	83536031	83536137	snRNA	ENSMUSG00000065661	+	Gm22580	1058
1059	Gm14769	chrX	84063333	84063764	processed_pseudogene	ENSMUSG00000081583	+	Gm14769	1059
1060	Gm14771	chrX	85236364	85236566	processed_pseudogene	ENSMUSG00000081379	-	Gm14771	1060
1061	Gm16463	chrX	85241617	85242731	processed_pseudogene	ENSMUSG00000082139	+	Gm16463	1061
1062	Fthl17a	chrX	85249679	85270288	protein_coding	ENSMUSG00000035491	+	Fthl17a	1062
1063	Gm14765	chrX	85431827	85432152	processed_pseudogene	ENSMUSG00000083839	+	Gm14765	1063
1064	Tab3	chrX	85574022	85634469	protein_coding	ENSMUSG00000035476	+	Tab3	1064
1065	Gm44378	chrX	85588977	85589059	miRNA	ENSMUSG00000106312	+	Gm44378	1065
1066	Gk	chrX	85701937	85776819	protein_coding	ENSMUSG00000025059	-	Gk	1066
1067	Gm14767	chrX	85716438	85717023	processed_pseudogene	ENSMUSG00000081933	+	Gm14767	1067
1068	Gm14764	chrX	85744348	85749764	lncRNA	ENSMUSG00000087232	+	Gm14764	1068
1069	Gm14766	chrX	85790873	85791239	processed_pseudogene	ENSMUSG00000084340	+	Gm14766	1069
1070	Gm14761	chrX	85823168	85823429	processed_pseudogene	ENSMUSG00000081452	+	Gm14761	1070
1071	Gm14762	chrX	85825892	85834831	lncRNA	ENSMUSG00000078314	+	Gm14762	1071
1072	5430427O19Rik	chrX	85870354	85891499	protein_coding	ENSMUSG00000025058	+	5430427O19Rik	1072
1073	Samt3	chrX	86044199	86047313	protein_coding	ENSMUSG00000035454	+	Samt3	1073
1074	Nr0b1	chrX	86191764	86195947	protein_coding	ENSMUSG00000025056	+	Nr0b1	1074
1075	Mageb4	chrX	86250254	86305093	protein_coding	ENSMUSG00000035427	-	Mageb4	1075
1076	Gm8839	chrX	86270712	86272356	processed_pseudogene	ENSMUSG00000083830	+	Gm8839	1076
1077	Mageb10-ps	chrX	86299922	86301328	unprocessed_pseudogene	ENSMUSG00000082033	-	Mageb10-ps	1077
1078	Gm8844	chrX	86316083	86318696	processed_pseudogene	ENSMUSG00000082461	+	Gm8844	1078
1079	Mageb8-ps	chrX	86327903	86328935	unprocessed_pseudogene	ENSMUSG00000083977	-	Mageb8-ps	1079
1080	Gm41	chrX	86344823	86345845	unprocessed_pseudogene	ENSMUSG00000080069	-	Gm41	1080
1081	Mageb7-ps	chrX	86398204	86399244	unprocessed_pseudogene	ENSMUSG00000082450	-	Mageb7-ps	1081
1082	n-R5s10	chrX	86406128	86406246	rRNA	ENSMUSG00000065758	-	n-R5s10	1082
1083	Il1rapl1	chrX	86740870	88115645	protein_coding	ENSMUSG00000052372	-	Il1rapl1	1083
1084	Gm8855	chrX	87672992	87673869	processed_pseudogene	ENSMUSG00000084029	-	Gm8855	1084
1085	Gm14776	chrX	87771339	87772352	processed_pseudogene	ENSMUSG00000083421	-	Gm14776	1085
1086	Gm14774	chrX	88036371	88036906	processed_pseudogene	ENSMUSG00000081424	-	Gm14774	1086
1087	Gm14793	chrX	88393954	88394264	processed_pseudogene	ENSMUSG00000082595	+	Gm14793	1087
1088	Gm8864	chrX	88572051	88573060	processed_pseudogene	ENSMUSG00000081892	-	Gm8864	1088
1089	Ppp4r3c-ps	chrX	88729828	88732272	processed_pseudogene	ENSMUSG00000086142	+	Ppp4r3c-ps	1089
1090	Gm14794	chrX	88749452	88749643	processed_pseudogene	ENSMUSG00000081673	+	Gm14794	1090
1091	Gm8876	chrX	88755574	88756695	processed_pseudogene	ENSMUSG00000083640	-	Gm8876	1091
1092	Gm27000	chrX	88759471	88760312	lncRNA	ENSMUSG00000097961	-	Gm27000	1092
1093	Mir1906-2	chrX	88759474	88759553	miRNA	ENSMUSG00000084559	-	Mir1906-2	1093
1094	Gm5759	chrX	88897696	88898506	processed_pseudogene	ENSMUSG00000082847	-	Gm5759	1094
1095	Gm8880	chrX	88959217	88959670	processed_pseudogene	ENSMUSG00000081167	+	Gm8880	1095
1096	Gm16412	chrX	89005370	89005642	processed_pseudogene	ENSMUSG00000084060	+	Gm16412	1096
1097	Gm14797	chrX	89111017	89112496	processed_pseudogene	ENSMUSG00000081033	-	Gm14797	1097
1098	Gm649	chrX	89281118	89282171	unprocessed_pseudogene	ENSMUSG00000083923	-	Gm649	1098
1099	AL732291.1	chrX	89336619	89337233	unprocessed_pseudogene	ENSMUSG00000118508	-	AL732291.1	1099
1100	Gm14805	chrX	89397111	89397450	processed_pseudogene	ENSMUSG00000083597	+	Gm14805	1100
1101	Pet2	chrX	89403848	89409689	protein_coding	ENSMUSG00000035395	-	Pet2	1101
1102	Gm6973	chrX	89440175	89440895	processed_pseudogene	ENSMUSG00000082422	-	Gm6973	1102
1103	4932429P05Rik	chrX	89752268	89755491	protein_coding	ENSMUSG00000079513	+	4932429P05Rik	1103
1104	Gm7108	chrX	89802319	89806126	processed_pseudogene	ENSMUSG00000083253	-	Gm7108	1104
1105	4930415L06Rik	chrX	89930098	89932852	protein_coding	ENSMUSG00000035387	-	4930415L06Rik	1105
1106	Gm6027	chrX	90063063	90063818	processed_pseudogene	ENSMUSG00000083508	+	Gm6027	1106
1107	Gm4746	chrX	90416967	90419372	processed_pseudogene	ENSMUSG00000082479	-	Gm4746	1107
1108	Gm6977	chrX	90744546	90745062	processed_pseudogene	ENSMUSG00000084289	-	Gm6977	1108
1109	Gm44	chrX	90892142	90893134	protein_coding	ENSMUSG00000091497	+	Gm44	1109
1110	Gm14786	chrX	91268443	91271319	processed_pseudogene	ENSMUSG00000082832	-	Gm14786	1110
1111	Mageb2	chrX	91331690	91333360	protein_coding	ENSMUSG00000073069	+	Mageb2	1111
1112	Gm14783	chrX	91345675	91346337	processed_pseudogene	ENSMUSG00000083926	+	Gm14783	1112
1113	Gm14785	chrX	91550084	91551230	processed_pseudogene	ENSMUSG00000083955	+	Gm14785	1113
1114	Mageb17-ps	chrX	91625395	91626313	unprocessed_pseudogene	ENSMUSG00000081960	+	Mageb17-ps	1114
1115	Gm14781	chrX	91632194	91635671	protein_coding	ENSMUSG00000064129	+	Gm14781	1115
1116	Mageb5	chrX	91779544	91783018	protein_coding	ENSMUSG00000061392	-	Mageb5	1116
1117	Gm14782	chrX	91859498	91859692	processed_pseudogene	ENSMUSG00000082807	-	Gm14782	1117
1118	Gm7113	chrX	91862599	91863556	unprocessed_pseudogene	ENSMUSG00000084155	-	Gm7113	1118
1119	Gm16465	chrX	91887301	91889565	processed_pseudogene	ENSMUSG00000083994	-	Gm16465	1119
1120	Gm14784	chrX	92002887	92003549	processed_pseudogene	ENSMUSG00000084269	-	Gm14784	1120
1121	Mageb1	chrX	92015191	92016333	protein_coding	ENSMUSG00000062162	-	Mageb1	1121
1122	Gm4912	chrX	92093699	92094742	unprocessed_pseudogene	ENSMUSG00000083701	-	Gm4912	1122
1123	Mageb18	chrX	92118879	92599572	protein_coding	ENSMUSG00000067649	-	Mageb18	1123
1124	Gm6982	chrX	92593809	92595368	processed_pseudogene	ENSMUSG00000080737	+	Gm6982	1124
1125	Gm24973	chrX	92989095	92989195	miRNA	ENSMUSG00000093329	-	Gm24973	1125
1126	1700003E24Rik	chrX	93156154	93156873	lncRNA	ENSMUSG00000095110	+	1700003E24Rik	1126
1127	Gm24123	chrX	93164902	93164984	snoRNA	ENSMUSG00000077294	+	Gm24123	1127
1128	BC061195	chrX	93183227	93183946	lncRNA	ENSMUSG00000096153	+	BC061195	1128
1129	Gm23454	chrX	93251474	93251606	snoRNA	ENSMUSG00000065266	+	Gm23454	1129
1130	Arx	chrX	93286445	93298357	protein_coding	ENSMUSG00000035277	+	Arx	1130
1131	Pola1	chrX	93304767	93632155	protein_coding	ENSMUSG00000006678	-	Pola1	1131
1132	Gm14780	chrX	93527573	93530309	processed_pseudogene	ENSMUSG00000083207	+	Gm14780	1132
1133	Gm23557	chrX	93573731	93573868	scaRNA	ENSMUSG00000088445	-	Gm23557	1133
1134	Pcyt1b	chrX	93654863	93749951	protein_coding	ENSMUSG00000035246	+	Pcyt1b	1134
1135	Pdk3	chrX	93764607	93832201	protein_coding	ENSMUSG00000035232	-	Pdk3	1135
1136	Supt20-ps	chrX	93920295	93921962	processed_pseudogene	ENSMUSG00000082728	-	Supt20-ps	1136
1137	AU015836	chrX	93968659	93975470	protein_coding	ENSMUSG00000081044	+	AU015836	1137
1138	Gm14790	chrX	93981069	93982469	processed_pseudogene	ENSMUSG00000083114	-	Gm14790	1138
1139	Gm6987	chrX	94023860	94024626	processed_pseudogene	ENSMUSG00000081055	+	Gm6987	1139
1140	Gm14798	chrX	94028854	94099304	lncRNA	ENSMUSG00000087640	+	Gm14798	1140
1141	Zfx	chrX	94074631	94123702	protein_coding	ENSMUSG00000079509	-	Zfx	1141
1142	Eif2s3x	chrX	94188707	94212862	protein_coding	ENSMUSG00000035150	-	Eif2s3x	1142
1143	Klhl15	chrX	94234599	94277724	protein_coding	ENSMUSG00000043929	+	Klhl15	1143
1144	Mir7673	chrX	94274574	94274637	miRNA	ENSMUSG00000099072	+	Mir7673	1144
1145	Gm5400	chrX	94311894	94312836	processed_pseudogene	ENSMUSG00000080923	+	Gm5400	1145
1146	Gm14826	chrX	94317560	94318460	processed_pseudogene	ENSMUSG00000082759	-	Gm14826	1146
1147	Gm14825	chrX	94330971	94331671	processed_pseudogene	ENSMUSG00000084214	+	Gm14825	1147
1148	Fam90a1b	chrX	94355053	94366777	protein_coding	ENSMUSG00000043549	-	Fam90a1b	1148
1149	Apoo	chrX	94367117	94417093	protein_coding	ENSMUSG00000079508	+	Apoo	1149
1150	Gm9003	chrX	94422678	94423295	processed_pseudogene	ENSMUSG00000084007	-	Gm9003	1150
1151	Gm14827	chrX	94442732	94447727	lncRNA	ENSMUSG00000084904	+	Gm14827	1151
1152	Maged1	chrX	94535474	94542143	protein_coding	ENSMUSG00000025151	-	Maged1	1152
1153	Gm9005	chrX	94546963	94547569	processed_pseudogene	ENSMUSG00000081796	-	Gm9005	1153
1154	Gm14831	chrX	94557341	94557749	processed_pseudogene	ENSMUSG00000080887	+	Gm14831	1154
1155	Gm5401	chrX	94608219	94608696	processed_pseudogene	ENSMUSG00000082406	-	Gm5401	1155
1156	Gspt2	chrX	94636069	94643244	protein_coding	ENSMUSG00000071723	+	Gspt2	1156
1157	Gm5402	chrX	94671503	94673120	processed_pseudogene	ENSMUSG00000083438	-	Gm5402	1157
1158	Zxdb	chrX	94724569	94730187	protein_coding	ENSMUSG00000073062	+	Zxdb	1158
1159	Gm39526	chrX	94731399	94745359	lncRNA	ENSMUSG00000109459	+	Gm39526	1159
1160	Gm7061	chrX	94772619	94774034	processed_pseudogene	ENSMUSG00000082776	-	Gm7061	1160
1161	Gm14830	chrX	94774978	94775677	processed_pseudogene	ENSMUSG00000081418	-	Gm14830	1161
1162	Rpl13-ps5	chrX	94789717	94790346	processed_pseudogene	ENSMUSG00000082964	+	Rpl13-ps5	1162
1163	Gm371	chrX	94997439	94998683	processed_pseudogene	ENSMUSG00000087522	-	Gm371	1163
1164	Spin4	chrX	95022510	95026682	protein_coding	ENSMUSG00000071722	-	Spin4	1164
1165	Arhgef9	chrX	95048935	95196856	protein_coding	ENSMUSG00000025656	-	Arhgef9	1165
1166	Gm6092	chrX	95209773	95211801	processed_pseudogene	ENSMUSG00000083789	-	Gm6092	1166
1167	Gm14807	chrX	95252916	95253898	processed_pseudogene	ENSMUSG00000080298	-	Gm14807	1167
1168	Gm3712	chrX	95319819	95321889	processed_pseudogene	ENSMUSG00000082371	-	Gm3712	1168
1169	Gm14806	chrX	95380371	95382480	processed_pseudogene	ENSMUSG00000080283	-	Gm14806	1169
1170	Amer1	chrX	95420318	95444872	protein_coding	ENSMUSG00000050332	-	Amer1	1170
1171	Asb12	chrX	95470201	95557987	protein_coding	ENSMUSG00000031204	-	Asb12	1171
1172	Pfn5	chrX	95558104	95558803	protein_coding	ENSMUSG00000109858	+	Pfn5	1172
1173	Gm9043	chrX	95629832	95630366	unprocessed_pseudogene	ENSMUSG00000083556	+	Gm9043	1173
1174	Zc4h2	chrX	95639193	95658509	protein_coding	ENSMUSG00000035062	-	Zc4h2	1174
1175	Zc3h12b	chrX	95711678	95932637	protein_coding	ENSMUSG00000035045	+	Zc3h12b	1175
1176	1700010D01Rik	chrX	95732586	95733265	lncRNA	ENSMUSG00000071721	-	1700010D01Rik	1176
1177	Las1l	chrX	95935335	95956962	protein_coding	ENSMUSG00000057421	-	Las1l	1177
1178	Msn	chrX	96096042	96168552	protein_coding	ENSMUSG00000031207	+	Msn	1178
1179	Gm14925	chrX	96194051	96194488	processed_pseudogene	ENSMUSG00000081848	+	Gm14925	1179
1180	Gm9051	chrX	96224308	96225727	processed_pseudogene	ENSMUSG00000081742	-	Gm9051	1180
1181	F630028O10Rik	chrX	96239926	96243636	lncRNA	ENSMUSG00000078122	+	F630028O10Rik	1181
1182	Vsig4	chrX	96247203	96293438	protein_coding	ENSMUSG00000044206	-	Vsig4	1182
1183	Hsf3	chrX	96306178	96456294	protein_coding	ENSMUSG00000045802	-	Hsf3	1183
1184	Gm14933	chrX	96358704	96359681	processed_pseudogene	ENSMUSG00000082317	-	Gm14933	1184
1185	Heph	chrX	96455359	96574485	protein_coding	ENSMUSG00000031209	+	Heph	1185
1186	Rpl17-ps8	chrX	96484859	96485479	processed_pseudogene	ENSMUSG00000082035	+	Rpl17-ps8	1186
1187	Gm14935	chrX	96548629	96550336	processed_pseudogene	ENSMUSG00000081182	+	Gm14935	1187
1188	Gpr165	chrX	96713441	96719388	protein_coding	ENSMUSG00000031210	+	Gpr165	1188
1189	Gm16394	chrX	96885509	96887873	processed_pseudogene	ENSMUSG00000082735	-	Gm16394	1189
1190	Gm9059	chrX	96966257	96966648	processed_pseudogene	ENSMUSG00000081606	-	Gm9059	1190
1191	Gm9060	chrX	97047707	97048511	processed_pseudogene	ENSMUSG00000083350	-	Gm9060	1191
1192	Pgr15l	chrX	97072596	97082104	protein_coding	ENSMUSG00000031212	+	Pgr15l	1192
1193	Gm14800	chrX	97161655	97162926	processed_pseudogene	ENSMUSG00000081135	-	Gm14800	1193
1194	Eda2r	chrX	97333840	97377216	protein_coding	ENSMUSG00000034457	-	Eda2r	1194
1195	Gm9062	chrX	97826379	97827105	processed_pseudogene	ENSMUSG00000081923	+	Gm9062	1195
1196	Gm14802	chrX	98040375	98042259	processed_pseudogene	ENSMUSG00000083972	+	Gm14802	1196
1197	Ar	chrX	98148769	98323215	protein_coding	ENSMUSG00000046532	+	Ar	1197
1198	Gm14811	chrX	98483790	98483906	processed_pseudogene	ENSMUSG00000082933	+	Gm14811	1198
1199	Ophn1	chrX	98554277	98891025	protein_coding	ENSMUSG00000031214	-	Ophn1	1199
1200	Gm27554	chrX	98727315	98727412	miRNA	ENSMUSG00000099037	-	Gm27554	1200
1201	Gm26000	chrX	98814775	98814881	snRNA	ENSMUSG00000088616	+	Gm26000	1201
1202	Yipf6	chrX	98936316	98949017	protein_coding	ENSMUSG00000047694	+	Yipf6	1202
1203	Gm14813	chrX	98962084	98962478	processed_pseudogene	ENSMUSG00000082549	-	Gm14813	1203
1204	Stard8	chrX	99003248	99074728	protein_coding	ENSMUSG00000031216	+	Stard8	1204
1205	Gm5760	chrX	99081401	99082402	processed_pseudogene	ENSMUSG00000083310	-	Gm5760	1205
1206	Efnb1	chrX	99136130	99148991	protein_coding	ENSMUSG00000031217	+	Efnb1	1206
1207	Gm14812	chrX	99405331	99443797	lncRNA	ENSMUSG00000073051	-	Gm14812	1207
1208	Gm14809	chrX	99409571	99418895	lncRNA	ENSMUSG00000085053	-	Gm14809	1208
1209	Gm14808	chrX	99459025	99460753	lncRNA	ENSMUSG00000085553	+	Gm14808	1209
1210	Pja1	chrX	99465734	99471273	protein_coding	ENSMUSG00000034403	-	Pja1	1210
1211	Gm14816	chrX	99687481	99687774	processed_pseudogene	ENSMUSG00000082505	-	Gm14816	1211
1212	Pcna-ps1	chrX	99796471	99797663	processed_pseudogene	ENSMUSG00000083682	+	Pcna-ps1	1212
1213	Tmem28	chrX	99821021	99848790	protein_coding	ENSMUSG00000071719	+	Tmem28	1213
1214	Eda	chrX	99975606	100400762	protein_coding	ENSMUSG00000059327	+	Eda	1214
1215	Gm14832	chrX	100156635	100156956	processed_pseudogene	ENSMUSG00000082907	+	Gm14832	1215
1216	Gm14829	chrX	100329692	100330829	processed_pseudogene	ENSMUSG00000083936	+	Gm14829	1216
1217	Gm14828	chrX	100337514	100338668	processed_pseudogene	ENSMUSG00000080813	+	Gm14828	1217
1218	Mir676	chrX	100381097	100381185	miRNA	ENSMUSG00000076398	+	Mir676	1218
1219	Awat2	chrX	100402221	100442717	protein_coding	ENSMUSG00000031220	-	Awat2	1219
1220	Igbp1	chrX	100494291	100516125	protein_coding	ENSMUSG00000031221	+	Igbp1	1220
1221	Dgat2l6	chrX	100524838	100546144	protein_coding	ENSMUSG00000067597	+	Dgat2l6	1221
1222	Awat1	chrX	100572251	100578205	protein_coding	ENSMUSG00000015665	+	Awat1	1222
1223	P2ry4	chrX	100590154	100594869	protein_coding	ENSMUSG00000044359	-	P2ry4	1223
1224	Arr3	chrX	100605497	100618493	protein_coding	ENSMUSG00000060890	+	Arr3	1224
1225	Pdzd11	chrX	100622883	100626568	protein_coding	ENSMUSG00000015668	-	Pdzd11	1225
1226	Kif4	chrX	100625737	100727214	protein_coding	ENSMUSG00000034311	+	Kif4	1226
1227	Gdpd2	chrX	100729873	100738895	protein_coding	ENSMUSG00000019359	+	Gdpd2	1227
1228	Gm14866	chrX	100736983	100740929	lncRNA	ENSMUSG00000085314	-	Gm14866	1228
1229	Gm14902	chrX	100741093	100749421	lncRNA	ENSMUSG00000086736	+	Gm14902	1229
1230	Gm22160	chrX	100749421	100749748	misc_RNA	ENSMUSG00000089030	+	Gm22160	1230
1231	Dlg3	chrX	100767722	100818410	protein_coding	ENSMUSG00000000881	+	Dlg3	1231
1232	Tex11	chrX	100838648	101059667	protein_coding	ENSMUSG00000009670	-	Tex11	1232
1233	Gm24577	chrX	101005821	101005883	snRNA	ENSMUSG00000089205	+	Gm24577	1233
1234	Gm27510	chrX	101005896	101005959	snRNA	ENSMUSG00000088839	+	Gm27510	1234
1235	Gm14901	chrX	101059010	101059292	processed_pseudogene	ENSMUSG00000081806	+	Gm14901	1235
1236	Gm9078	chrX	101062260	101063058	processed_pseudogene	ENSMUSG00000081943	+	Gm9078	1236
1237	Slc7a3	chrX	101079210	101086020	protein_coding	ENSMUSG00000031297	-	Slc7a3	1237
1238	Snx12	chrX	101097786	101222563	protein_coding	ENSMUSG00000046032	-	Snx12	1238
1239	Gm24061	chrX	101141433	101141552	snoRNA	ENSMUSG00000088114	-	Gm24061	1239
1240	Gm14842	chrX	101237993	101238261	processed_pseudogene	ENSMUSG00000083781	+	Gm14842	1240
1241	Gm22472	chrX	101242738	101242871	snRNA	ENSMUSG00000077303	+	Gm22472	1241
1242	Foxo4	chrX	101254528	101260873	protein_coding	ENSMUSG00000042903	+	Foxo4	1242
1243	Gm614	chrX	101261376	101263992	protein_coding	ENSMUSG00000090141	-	Gm614	1243
1244	Gm20489	chrX	101261405	101269023	protein_coding	ENSMUSG00000092463	-	Gm20489	1244
1245	Il2rg	chrX	101264378	101268255	protein_coding	ENSMUSG00000031304	-	Il2rg	1245
1246	Med12	chrX	101274030	101297465	protein_coding	ENSMUSG00000079487	+	Med12	1246
1247	Gm21986	chrX	101295839	101321348	lncRNA	ENSMUSG00000096056	+	Gm21986	1247
1248	Nlgn3	chrX	101299168	101325963	protein_coding	ENSMUSG00000031302	+	Nlgn3	1248
1249	Gjb1	chrX	101376378	101385629	protein_coding	ENSMUSG00000047797	+	Gjb1	1249
1250	Zmym3	chrX	101404384	101420849	protein_coding	ENSMUSG00000031310	-	Zmym3	1250
1251	Nono	chrX	101429318	101448591	protein_coding	ENSMUSG00000031311	+	Nono	1251
1252	Itgb1bp2	chrX	101449088	101453541	protein_coding	ENSMUSG00000031312	+	Itgb1bp2	1252
1253	Gm14843	chrX	101479348	101479559	processed_pseudogene	ENSMUSG00000083897	+	Gm14843	1253
1254	Gm6184	chrX	101518985	101520245	processed_pseudogene	ENSMUSG00000081674	+	Gm6184	1254
1255	Taf1	chrX	101532734	101601789	protein_coding	ENSMUSG00000031314	+	Taf1	1255
1256	Ogt	chrX	101640060	101684351	protein_coding	ENSMUSG00000034160	+	Ogt	1256
1257	Gm14845	chrX	101691545	101691850	processed_pseudogene	ENSMUSG00000082729	-	Gm14845	1257
1258	AL805980.1	chrX	101707020	101727258	unitary_pseudogene	ENSMUSG00000118478	+	AL805980.1	1258
1259	Gm9089	chrX	101709036	101709561	processed_pseudogene	ENSMUSG00000084197	-	Gm9089	1259
1260	Cxcr3	chrX	101731535	101734269	protein_coding	ENSMUSG00000050232	-	Cxcr3	1260
1261	Tpt1-ps6	chrX	101768535	101769057	processed_pseudogene	ENSMUSG00000084284	+	Tpt1-ps6	1261
1262	Gm9095	chrX	101787766	101788646	processed_pseudogene	ENSMUSG00000082541	+	Gm9095	1262
1263	Gm4779	chrX	101790053	101794423	protein_coding	ENSMUSG00000045010	-	Gm4779	1263
1264	8030474K03Rik	chrX	101794656	101798642	protein_coding	ENSMUSG00000046774	+	8030474K03Rik	1264
1265	Gm9097	chrX	101800411	101801290	processed_pseudogene	ENSMUSG00000081230	-	Gm9097	1265
1266	H3f3a-ps1	chrX	101824515	101824924	processed_pseudogene	ENSMUSG00000082284	+	H3f3a-ps1	1266
1267	Nhsl2	chrX	101849385	102092055	protein_coding	ENSMUSG00000079481	+	Nhsl2	1267
1268	Gm25828	chrX	101912630	101912724	snRNA	ENSMUSG00000087712	-	Gm25828	1268
1269	Gm27843	chrX	102013049	102013152	miRNA	ENSMUSG00000098968	-	Gm27843	1269
1270	Rtl5	chrX	102066544	102071304	protein_coding	ENSMUSG00000049191	-	Rtl5	1270
1271	Pin4	chrX	102119447	102127669	protein_coding	ENSMUSG00000079480	+	Pin4	1271
1272	Gm16471	chrX	102138613	102139230	processed_pseudogene	ENSMUSG00000081969	+	Gm16471	1272
1273	Ercc6l	chrX	102141716	102157091	protein_coding	ENSMUSG00000051220	-	Ercc6l	1273
1274	Gm9103	chrX	102178194	102178657	processed_pseudogene	ENSMUSG00000084142	-	Gm9103	1274
1275	Rps4x	chrX	102184941	102189394	protein_coding	ENSMUSG00000031320	-	Rps4x	1275
1276	Gm14859	chrX	102208402	102208758	processed_pseudogene	ENSMUSG00000081263	+	Gm14859	1276
1277	Cited1	chrX	102247381	102252181	protein_coding	ENSMUSG00000051159	-	Cited1	1277
1278	Gm14858	chrX	102252522	102365498	lncRNA	ENSMUSG00000085568	+	Gm14858	1278
1279	Gm26318	chrX	102255430	102255525	miRNA	ENSMUSG00000093428	-	Gm26318	1279
1280	Hdac8	chrX	102284639	102505359	protein_coding	ENSMUSG00000067567	-	Hdac8	1280
1281	Phka1	chrX	102513975	102644246	protein_coding	ENSMUSG00000034055	-	Phka1	1281
1282	Gm9109	chrX	102655659	102657063	processed_pseudogene	ENSMUSG00000080899	+	Gm9109	1282
1283	Gm14840	chrX	102657741	102658334	processed_pseudogene	ENSMUSG00000083414	-	Gm14840	1283
1284	Gm3880	chrX	102686292	102686972	protein_coding	ENSMUSG00000081443	-	Gm3880	1284
1285	Gm9112	chrX	102706890	102707635	protein_coding	ENSMUSG00000079479	-	Gm9112	1285
1286	Dmrtc1b	chrX	102707865	102715209	protein_coding	ENSMUSG00000073027	+	Dmrtc1b	1286
1287	Gm9115	chrX	102724402	102725749	processed_pseudogene	ENSMUSG00000080845	-	Gm9115	1287
1288	Gm14839	chrX	102735986	102738618	unprocessed_pseudogene	ENSMUSG00000081716	+	Gm14839	1288
1289	Gm4234	chrX	102754781	102757471	unprocessed_pseudogene	ENSMUSG00000081108	+	Gm4234	1289
1290	Gm9119	chrX	102777738	102779484	unprocessed_pseudogene	ENSMUSG00000083680	+	Gm9119	1290
1291	Gm5166	chrX	102794298	102796833	unprocessed_pseudogene	ENSMUSG00000082191	+	Gm5166	1291
1292	Gm9126	chrX	102818362	102820074	unprocessed_pseudogene	ENSMUSG00000082783	+	Gm9126	1292
1293	Gm16511	chrX	102830950	102833804	unprocessed_pseudogene	ENSMUSG00000081240	+	Gm16511	1293
1294	Gm24509	chrX	102838155	102838255	rRNA	ENSMUSG00000095072	+	Gm24509	1294
1295	Dmrtc1c2	chrX	102847639	102854616	protein_coding	ENSMUSG00000067561	-	Dmrtc1c2	1295
1296	1700031F05Rik	chrX	102859186	102867971	protein_coding	ENSMUSG00000032894	-	1700031F05Rik	1296
1297	Gm9133	chrX	102880529	102882254	unprocessed_pseudogene	ENSMUSG00000084397	-	Gm9133	1297
1298	Dmrtc1a	chrX	102903216	102908687	protein_coding	ENSMUSG00000031323	-	Dmrtc1a	1298
1299	1700011M02Rik	chrX	102908905	102909651	protein_coding	ENSMUSG00000079476	+	1700011M02Rik	1299
1300	1700018G05Rik	chrX	102928372	102929094	protein_coding	ENSMUSG00000109745	+	1700018G05Rik	1300
1301	Gm14841	chrX	102979888	102980645	processed_pseudogene	ENSMUSG00000081986	+	Gm14841	1301
1302	Gm21998	chrX	103003724	103005031	processed_pseudogene	ENSMUSG00000081779	-	Gm21998	1302
1303	Gm9143	chrX	103037624	103038368	processed_pseudogene	ENSMUSG00000080774	+	Gm9143	1303
1304	Gm3928	chrX	103075919	103077225	processed_pseudogene	ENSMUSG00000084341	+	Gm3928	1304
1305	Gm6206	chrX	103163110	103165407	processed_pseudogene	ENSMUSG00000048949	-	Gm6206	1305
1306	4930519F16Rik	chrX	103182971	103311782	transcribed_unitary_pseudogene	ENSMUSG00000031325	-	4930519F16Rik	1306
1307	Nap1l2	chrX	103184176	103186640	protein_coding	ENSMUSG00000082229	-	Nap1l2	1307
1308	Gm9050	chrX	103227705	103228152	processed_pseudogene	ENSMUSG00000083763	+	Gm9050	1308
1309	Gm14847	chrX	103236125	103236643	processed_pseudogene	ENSMUSG00000080886	+	Gm14847	1309
1310	Gm19200	chrX	103287167	103288970	processed_pseudogene	ENSMUSG00000098023	-	Gm19200	1310
1311	Gm14848	chrX	103299110	103299974	processed_pseudogene	ENSMUSG00000083805	+	Gm14848	1311
1312	Gm3931	chrX	103319111	103319565	processed_pseudogene	ENSMUSG00000083711	+	Gm3931	1312
1313	Cdx4	chrX	103321398	103330592	protein_coding	ENSMUSG00000031326	+	Cdx4	1313
1314	Gm9516	chrX	103336830	103337253	processed_pseudogene	ENSMUSG00000081280	+	Gm9516	1314
1315	Chic1	chrX	103356476	103396092	protein_coding	ENSMUSG00000031327	+	Chic1	1315
1316	Gm26952	chrX	103381957	103383169	lncRNA	ENSMUSG00000097953	-	Gm26952	1316
1317	Tsx	chrX	103414467	103424580	protein_coding	ENSMUSG00000031329	+	Tsx	1317
1318	Gm26992	chrX	103422010	103481705	protein_coding	ENSMUSG00000098078	+	Gm26992	1318
1319	Tsix	chrX	103431517	103484957	lncRNA	ENSMUSG00000085715	+	Tsix	1319
1320	Xist	chrX	103460366	103483254	lncRNA	ENSMUSG00000086503	-	Xist	1320
1321	Gm27733	chrX	103461218	103461285	misc_RNA	ENSMUSG00000099312	-	Gm27733	1321
1322	Gm27927	chrX	103469671	103469796	misc_RNA	ENSMUSG00000098743	-	Gm27927	1322
1323	Gm27520	chrX	103480946	103481026	misc_RNA	ENSMUSG00000098262	+	Gm27520	1323
1324	Gm14861	chrX	103486934	103487388	processed_pseudogene	ENSMUSG00000083502	+	Gm14861	1324
1325	Rps12-ps1	chrX	103489517	103489917	processed_pseudogene	ENSMUSG00000082746	+	Rps12-ps1	1325
1326	Jpx	chrX	103493556	103565696	lncRNA	ENSMUSG00000097571	+	Jpx	1326
1327	Gm27875	chrX	103493574	103493696	misc_RNA	ENSMUSG00000099189	+	Gm27875	1327
1328	Gm9670	chrX	103506812	103507589	transcribed_processed_pseudogene	ENSMUSG00000082383	+	Gm9670	1328
1329	Gm14860	chrX	103514922	103515350	processed_pseudogene	ENSMUSG00000082812	+	Gm14860	1329
1330	Gm9785	chrX	103525316	103526330	transcribed_processed_pseudogene	ENSMUSG00000043661	-	Gm9785	1330
1331	Gm9157	chrX	103529483	103529707	transcribed_processed_pseudogene	ENSMUSG00000081004	+	Gm9157	1331
1332	Ftx	chrX	103560907	103623790	lncRNA	ENSMUSG00000086370	-	Ftx	1332
1333	Mir421	chrX	103572921	103572996	miRNA	ENSMUSG00000065509	-	Mir421	1333
1334	Mir374b	chrX	103573060	103573154	miRNA	ENSMUSG00000076269	-	Mir374b	1334
1335	Mir374c	chrX	103573085	103573133	miRNA	ENSMUSG00000106465	+	Mir374c	1335
1336	Gm38020	chrX	103576426	103581101	TEC	ENSMUSG00000103697	-	Gm38020	1336
1337	Gm27798	chrX	103595938	103596008	misc_RNA	ENSMUSG00000098603	+	Gm27798	1337
1338	Gm9159	chrX	103597771	103598336	processed_pseudogene	ENSMUSG00000080796	+	Gm9159	1338
1339	Gm27987	chrX	103605225	103605317	misc_RNA	ENSMUSG00000099287	+	Gm27987	1339
1340	Gm27285	chrX	103606323	103606449	misc_RNA	ENSMUSG00000098825	+	Gm27285	1340
1341	Gm27321	chrX	103623551	103623755	misc_RNA	ENSMUSG00000099126	+	Gm27321	1341
1342	Zcchc13	chrX	103630586	103631670	protein_coding	ENSMUSG00000031330	+	Zcchc13	1342
1343	Gm14874	chrX	103643555	103644727	processed_pseudogene	ENSMUSG00000083263	-	Gm14874	1343
1344	Gm14875	chrX	103680577	103680895	processed_pseudogene	ENSMUSG00000083213	+	Gm14875	1344
1345	Gm3943	chrX	103684615	103685332	processed_pseudogene	ENSMUSG00000081414	+	Gm3943	1345
1346	Slc16a2	chrX	103697414	103821983	protein_coding	ENSMUSG00000033965	-	Slc16a2	1346
1347	Gm6222	chrX	103762917	103763545	transcribed_processed_pseudogene	ENSMUSG00000083019	-	Gm6222	1347
1348	Gm37956	chrX	103771646	103773655	TEC	ENSMUSG00000104064	-	Gm37956	1348
1349	Gm14893	chrX	103778693	103779000	processed_pseudogene	ENSMUSG00000083605	+	Gm14893	1349
1350	Gm9164	chrX	103887599	103888612	processed_pseudogene	ENSMUSG00000082322	-	Gm9164	1350
1351	Gm9166	chrX	103925536	103926984	processed_pseudogene	ENSMUSG00000081689	-	Gm9166	1351
1352	Rlim	chrX	103957163	103981284	protein_coding	ENSMUSG00000056537	-	Rlim	1352
1353	Gm24993	chrX	104076971	104077061	miRNA	ENSMUSG00000088036	+	Gm24993	1353
1354	Nexmif	chrX	104077434	104201185	protein_coding	ENSMUSG00000046449	-	Nexmif	1354
1355	Mir672	chrX	104116175	104116274	miRNA	ENSMUSG00000076286	-	Mir672	1355
1356	Abcb7	chrX	104280657	104413856	protein_coding	ENSMUSG00000031333	-	Abcb7	1356
1357	Vcp-rs	chrX	104345829	104348234	processed_pseudogene	ENSMUSG00000083327	-	Vcp-rs	1357
1358	Gm6238	chrX	104382042	104382506	processed_pseudogene	ENSMUSG00000082996	-	Gm6238	1358
1359	Uprt	chrX	104482818	104507490	protein_coding	ENSMUSG00000073016	+	Uprt	1359
1360	Zdhhc15	chrX	104536969	104671064	protein_coding	ENSMUSG00000033906	-	Zdhhc15	1360
1361	Gm22430	chrX	104616865	104616971	snoRNA	ENSMUSG00000089171	+	Gm22430	1361
1362	Gm14822	chrX	104746482	104746772	processed_pseudogene	ENSMUSG00000083049	+	Gm14822	1362
1363	1700121L16Rik	chrX	104816776	104842455	lncRNA	ENSMUSG00000100364	+	1700121L16Rik	1363
1364	Magee2	chrX	104854952	104857267	protein_coding	ENSMUSG00000031224	-	Magee2	1364
1365	Gm6285	chrX	104947785	104948282	processed_pseudogene	ENSMUSG00000081703	+	Gm6285	1365
1366	Gm22090	chrX	105020268	105020378	snRNA	ENSMUSG00000088960	-	Gm22090	1366
1367	Gm9673	chrX	105032586	105033366	processed_pseudogene	ENSMUSG00000082600	+	Gm9673	1367
1368	5530601H04Rik	chrX	105037197	105079609	lncRNA	ENSMUSG00000087174	-	5530601H04Rik	1368
1369	Pbdc1	chrX	105079756	105117090	protein_coding	ENSMUSG00000031226	+	Pbdc1	1369
1370	Magee1	chrX	105120378	105123927	protein_coding	ENSMUSG00000031227	+	Magee1	1370
1371	Gm6292	chrX	105140849	105141943	processed_pseudogene	ENSMUSG00000082245	+	Gm6292	1371
1372	E530001F21Rik	chrX	105164632	105165361	processed_pseudogene	ENSMUSG00000083889	-	E530001F21Rik	1372
1373	Rpl30-ps9	chrX	105278637	105278981	processed_pseudogene	ENSMUSG00000085791	-	Rpl30-ps9	1373
1374	Gm14824	chrX	105327739	105328475	processed_pseudogene	ENSMUSG00000083744	-	Gm14824	1374
1375	Mir384	chrX	105344282	105344369	miRNA	ENSMUSG00000065499	-	Mir384	1375
1376	5330434G04Rik	chrX	105348282	105391776	lncRNA	ENSMUSG00000087620	-	5330434G04Rik	1376
1377	Mir325	chrX	105379082	105379179	miRNA	ENSMUSG00000065425	-	Mir325	1377
1378	Rab9b-ps1	chrX	105482098	105482703	processed_pseudogene	ENSMUSG00000082464	+	Rab9b-ps1	1378
1379	Cypt2	chrX	105499772	105500639	protein_coding	ENSMUSG00000090132	+	Cypt2	1379
1380	Gm14823	chrX	105567901	105568138	processed_pseudogene	ENSMUSG00000081976	-	Gm14823	1380
1381	Gm14854	chrX	105706966	105707806	processed_pseudogene	ENSMUSG00000082275	+	Gm14854	1381
1382	Gm7117	chrX	105725128	105725514	processed_pseudogene	ENSMUSG00000063442	-	Gm7117	1382
1383	Fgf16	chrX	105764279	105774939	protein_coding	ENSMUSG00000031230	+	Fgf16	1383
1384	Atrx	chrX	105797615	105929403	protein_coding	ENSMUSG00000031229	-	Atrx	1384
1385	Gm26020	chrX	105819883	105820065	snRNA	ENSMUSG00000084678	+	Gm26020	1385
1386	Gm14853	chrX	105844465	105845013	processed_pseudogene	ENSMUSG00000079965	-	Gm14853	1386
1387	Gm23656	chrX	105873824	105873935	snRNA	ENSMUSG00000084575	+	Gm23656	1387
1388	Magt1	chrX	105968084	106011906	protein_coding	ENSMUSG00000031232	-	Magt1	1388
1389	Cox7b	chrX	106015700	106022450	protein_coding	ENSMUSG00000031231	+	Cox7b	1389
1390	Atp7a	chrX	106027276	106124926	protein_coding	ENSMUSG00000033792	+	Atp7a	1390
1391	Tlr13	chrX	106143204	106160493	protein_coding	ENSMUSG00000033777	+	Tlr13	1391
1392	Gm14856	chrX	106176314	106176926	processed_pseudogene	ENSMUSG00000081081	+	Gm14856	1392
1393	Pgk1	chrX	106187100	106203699	protein_coding	ENSMUSG00000062070	+	Pgk1	1393
1394	Taf9b	chrX	106206883	106221158	protein_coding	ENSMUSG00000047242	-	Taf9b	1394
1395	Fnd3c2	chrX	106235246	106255376	protein_coding	ENSMUSG00000073012	-	Fnd3c2	1395
1396	Gm14852	chrX	106270511	106273738	unprocessed_pseudogene	ENSMUSG00000082618	-	Gm14852	1396
1397	Gm14857	chrX	106281912	106285096	processed_pseudogene	ENSMUSG00000081289	-	Gm14857	1397
1398	Gm5133	chrX	106306381	106309725	unprocessed_pseudogene	ENSMUSG00000083814	-	Gm5133	1398
1399	Mir6382	chrX	106309826	106309935	miRNA	ENSMUSG00000099128	+	Mir6382	1399
1400	Gm14876	chrX	106337590	106341715	unprocessed_pseudogene	ENSMUSG00000084219	-	Gm14876	1400
1401	Gm6325	chrX	106360456	106384071	unprocessed_pseudogene	ENSMUSG00000081778	-	Gm6325	1401
1402	Fndc3c1	chrX	106420041	106485401	protein_coding	ENSMUSG00000033737	-	Fndc3c1	1402
1403	Gm27428	chrX	106426057	106426166	miRNA	ENSMUSG00000098455	+	Gm27428	1403
1404	Cysltr1	chrX	106574346	106603679	protein_coding	ENSMUSG00000052821	-	Cysltr1	1404
1405	Gm5127	chrX	106583186	106710557	protein_coding	ENSMUSG00000073010	+	Gm5127	1405
1406	Gm24622	chrX	106587481	106587642	snRNA	ENSMUSG00000064553	-	Gm24622	1406
1407	Gm14877	chrX	106611903	106612775	processed_pseudogene	ENSMUSG00000082174	+	Gm14877	1407
1408	Gm14878	chrX	106612101	106612393	processed_pseudogene	ENSMUSG00000083432	+	Gm14878	1408
1409	Gm14879	chrX	106632797	106633303	processed_pseudogene	ENSMUSG00000081395	-	Gm14879	1409
1410	Gm9200	chrX	106641381	106642734	processed_pseudogene	ENSMUSG00000083595	-	Gm9200	1410
1411	Gm22102	chrX	106697078	106697198	miRNA	ENSMUSG00000080380	+	Gm22102	1411
1412	Gm14882	chrX	106755333	106755550	processed_pseudogene	ENSMUSG00000083063	+	Gm14882	1412
1413	Gm14881	chrX	106755736	106756141	processed_pseudogene	ENSMUSG00000082939	+	Gm14881	1413
1414	Gm14880	chrX	106821940	106822231	processed_pseudogene	ENSMUSG00000080841	+	Gm14880	1414
1415	Rtl3	chrX	106837082	106840644	protein_coding	ENSMUSG00000047686	-	Rtl3	1415
1416	Lpar4	chrX	106920625	106933900	protein_coding	ENSMUSG00000049929	+	Lpar4	1416
1417	P2ry10	chrX	107088492	107104974	protein_coding	ENSMUSG00000050921	+	P2ry10	1417
1418	P2ry10b	chrX	107148927	107173661	protein_coding	ENSMUSG00000054293	+	P2ry10b	1418
1419	Gm14834	chrX	107174610	107175494	processed_pseudogene	ENSMUSG00000082630	-	Gm14834	1419
1420	Gpr174	chrX	107255878	107296769	protein_coding	ENSMUSG00000073008	+	Gpr174	1420
1421	Gm9208	chrX	107279015	107279962	processed_pseudogene	ENSMUSG00000080939	-	Gm9208	1421
1422	Gm14833	chrX	107344586	107345612	processed_pseudogene	ENSMUSG00000081131	+	Gm14833	1422
1423	Gm5392	chrX	107354879	107357447	processed_pseudogene	ENSMUSG00000080758	-	Gm5392	1423
1424	Itm2a	chrX	107397099	107403376	protein_coding	ENSMUSG00000031239	-	Itm2a	1424
1425	Tbx22	chrX	107667964	107688978	protein_coding	ENSMUSG00000031241	+	Tbx22	1425
1426	2610002M06Rik	chrX	107782751	107816334	protein_coding	ENSMUSG00000031242	-	2610002M06Rik	1426
1427	Tent5d	chrX	107792590	107872909	protein_coding	ENSMUSG00000073007	+	Tent5d	1427
1428	Gm732	chrX	107945735	107948465	protein_coding	ENSMUSG00000073006	-	Gm732	1428
1429	Gm14849	chrX	108060304	108065130	processed_pseudogene	ENSMUSG00000081807	+	Gm14849	1429
1430	Gm378	chrX	108405688	108406768	processed_pseudogene	ENSMUSG00000082354	+	Gm378	1430
1431	Gm9218	chrX	108446389	108449268	processed_pseudogene	ENSMUSG00000081560	+	Gm9218	1431
1432	Gm379	chrX	108544503	108664891	transcribed_processed_pseudogene	ENSMUSG00000093916	-	Gm379	1432
1433	Brwd3	chrX	108737016	108834372	protein_coding	ENSMUSG00000063663	-	Brwd3	1433
1434	2810403D21Rik	chrX	108833800	108974906	lncRNA	ENSMUSG00000086629	+	2810403D21Rik	1434
1435	Gm14870	chrX	108893496	108893651	processed_pseudogene	ENSMUSG00000081748	+	Gm14870	1435
1436	5730416F02Rik	chrX	109001485	109002296	processed_pseudogene	ENSMUSG00000081793	+	5730416F02Rik	1436
1437	Hmgn5	chrX	109004534	109013404	protein_coding	ENSMUSG00000031245	-	Hmgn5	1437
1438	Gm23322	chrX	109009681	109009847	snRNA	ENSMUSG00000077652	-	Gm23322	1438
1439	Gm25797	chrX	109023356	109023462	snRNA	ENSMUSG00000064574	-	Gm25797	1439
1440	Sh3bgrl	chrX	109095365	109197873	protein_coding	ENSMUSG00000031246	+	Sh3bgrl	1440
1441	Gm26415	chrX	109115225	109115516	misc_RNA	ENSMUSG00000088298	-	Gm26415	1441
1442	Gm14869	chrX	109120801	109121684	processed_pseudogene	ENSMUSG00000083210	-	Gm14869	1442
1443	Gm6377	chrX	109196756	109200439	protein_coding	ENSMUSG00000048621	+	Gm6377	1443
1444	Gm4784	chrX	109388744	109392165	processed_pseudogene	ENSMUSG00000082189	-	Gm4784	1444
1445	Gm4991	chrX	109910221	109911772	processed_pseudogene	ENSMUSG00000083928	+	Gm4991	1445
1446	Gm7134	chrX	110372753	110375158	processed_pseudogene	ENSMUSG00000082853	+	Gm7134	1446
1447	Gm9225	chrX	110539337	110540480	processed_pseudogene	ENSMUSG00000083641	+	Gm9225	1447
1448	Gm14886	chrX	110604497	110607125	processed_pseudogene	ENSMUSG00000081211	+	Gm14886	1448
1449	Gm26108	chrX	110622832	110623022	snRNA	ENSMUSG00000065907	-	Gm26108	1449
1450	Gm44593	chrX	110634586	110812324	lncRNA	ENSMUSG00000109088	-	Gm44593	1450
1451	Pou3f4	chrX	110814280	110817207	protein_coding	ENSMUSG00000056854	+	Pou3f4	1451
1452	Cylc1	chrX	111110418	111125854	protein_coding	ENSMUSG00000073001	+	Cylc1	1452
1453	Gm10112	chrX	111168341	111168689	processed_pseudogene	ENSMUSG00000062226	+	Gm10112	1453
1454	Rps6ka6	chrX	111388192	111537959	protein_coding	ENSMUSG00000025665	-	Rps6ka6	1454
1455	Hdx	chrX	111569931	111697079	protein_coding	ENSMUSG00000034551	-	Hdx	1455
1456	Gm7340	chrX	111571699	111574450	processed_pseudogene	ENSMUSG00000083898	+	Gm7340	1456
1457	Gm14898	chrX	111830621	111831265	processed_pseudogene	ENSMUSG00000082546	+	Gm14898	1457
1458	Gm14899	chrX	111860628	111861175	processed_pseudogene	ENSMUSG00000082752	+	Gm14899	1458
1459	Gm45194	chrX	111891389	112240590	protein_coding	ENSMUSG00000109156	+	Gm45194	1459
1460	Tex16	chrX	112011007	112127326	protein_coding	ENSMUSG00000034555	+	Tex16	1460
1461	Gm14900	chrX	112012720	112013452	processed_pseudogene	ENSMUSG00000083037	+	Gm14900	1461
1462	Gm6335	chrX	112162554	112163747	processed_pseudogene	ENSMUSG00000083392	+	Gm6335	1462
1463	4933403O08Rik	chrX	112239049	112243852	protein_coding	ENSMUSG00000079460	+	4933403O08Rik	1463
1464	Gm5393	chrX	112302196	112302467	processed_pseudogene	ENSMUSG00000082669	+	Gm5393	1464
1465	Apool	chrX	112311334	112372755	protein_coding	ENSMUSG00000025525	+	Apool	1465
1466	Satl1	chrX	112384303	112406779	protein_coding	ENSMUSG00000025527	-	Satl1	1466
1467	Gm6418	chrX	112459033	112462903	processed_pseudogene	ENSMUSG00000083520	-	Gm6418	1467
1468	Gm14908	chrX	112464861	112466625	processed_pseudogene	ENSMUSG00000083818	+	Gm14908	1468
1469	2010106E10Rik	chrX	112495274	112558343	protein_coding	ENSMUSG00000025528	+	2010106E10Rik	1469
1470	Zfp711	chrX	112600526	112635070	protein_coding	ENSMUSG00000025529	+	Zfp711	1470
1471	Pof1b	chrX	112638431	112698651	protein_coding	ENSMUSG00000034607	-	Pof1b	1471
1472	Gm14921	chrX	112660521	112661428	processed_pseudogene	ENSMUSG00000081399	-	Gm14921	1472
1473	Gm14923	chrX	112774104	112775727	processed_pseudogene	ENSMUSG00000082636	+	Gm14923	1473
1474	Gm6427	chrX	112791142	112792120	processed_pseudogene	ENSMUSG00000081555	+	Gm6427	1474
1475	Gm6429	chrX	112822222	112822696	processed_pseudogene	ENSMUSG00000083103	-	Gm6429	1475
1476	Gm14937	chrX	112958619	112958826	processed_pseudogene	ENSMUSG00000081082	+	Gm14937	1476
1477	Gm14938	chrX	112967089	112968031	processed_pseudogene	ENSMUSG00000082392	+	Gm14938	1477
1478	Gm14936	chrX	112980864	113009754	lncRNA	ENSMUSG00000084963	-	Gm14936	1478
1479	Gm14939	chrX	113034193	113035654	processed_pseudogene	ENSMUSG00000083560	-	Gm14939	1479
1480	Chm	chrX	113040593	113185517	protein_coding	ENSMUSG00000025531	-	Chm	1480
1481	Mir361	chrX	113074824	113074893	miRNA	ENSMUSG00000065510	-	Mir361	1481
1482	Gm7405	chrX	113225541	113227320	processed_pseudogene	ENSMUSG00000081831	-	Gm7405	1482
1483	Dach2	chrX	113297510	113836386	protein_coding	ENSMUSG00000025592	+	Dach2	1483
1484	Gm24831	chrX	113332100	113332225	snRNA	ENSMUSG00000080428	-	Gm24831	1484
1485	Gm23985	chrX	113878331	113878454	snoRNA	ENSMUSG00000087765	-	Gm23985	1485
1486	Gm4915	chrX	114021997	114023565	processed_pseudogene	ENSMUSG00000082511	+	Gm4915	1486
1487	Gm14896	chrX	114036527	114037877	processed_pseudogene	ENSMUSG00000082567	+	Gm14896	1487
1488	Gm7416	chrX	114052511	114054304	processed_pseudogene	ENSMUSG00000084031	-	Gm7416	1488
1489	Gm7146	chrX	114198015	114198753	processed_pseudogene	ENSMUSG00000079963	+	Gm7146	1489
1490	Klhl4	chrX	114474333	114560829	protein_coding	ENSMUSG00000025597	+	Klhl4	1490
1491	Gm14895	chrX	114490420	114491780	processed_pseudogene	ENSMUSG00000081978	+	Gm14895	1491
1492	Gm1866	chrX	114592048	114592524	processed_pseudogene	ENSMUSG00000082070	-	Gm1866	1492
1493	Gm14894	chrX	114662197	114662466	processed_pseudogene	ENSMUSG00000081354	+	Gm14894	1493
1494	Gm5942	chrX	114774319	114774757	processed_pseudogene	ENSMUSG00000083561	-	Gm5942	1494
1495	Ube2dnl1	chrX	114905012	114905941	protein_coding	ENSMUSG00000050435	+	Ube2dnl1	1495
1496	Ube2dnl2	chrX	114907582	114908510	protein_coding	ENSMUSG00000047079	+	Ube2dnl2	1496
1497	4930555B12Rik	chrX	114926989	114928600	lncRNA	ENSMUSG00000085619	+	4930555B12Rik	1497
1498	Gm4914	chrX	114948913	114949371	processed_pseudogene	ENSMUSG00000082440	+	Gm4914	1498
1499	Gm7429	chrX	114980970	114981317	processed_pseudogene	ENSMUSG00000082260	-	Gm7429	1499
1500	Gm5943	chrX	114989150	114989608	processed_pseudogene	ENSMUSG00000083971	+	Gm5943	1500
1501	Gm14905	chrX	115280377	115283443	processed_pseudogene	ENSMUSG00000083452	-	Gm14905	1501
1502	Gm27414	chrX	115398815	115399195	scaRNA	ENSMUSG00000098405	+	Gm27414	1502
1503	Gm6461	chrX	115443399	115444031	processed_pseudogene	ENSMUSG00000080965	-	Gm6461	1503
1504	Gm5944	chrX	115458894	115459894	processed_pseudogene	ENSMUSG00000081034	-	Gm5944	1504
1505	Gm14903	chrX	115574818	115581585	processed_pseudogene	ENSMUSG00000083663	+	Gm14903	1505
1506	Gm14906	chrX	115682136	115682525	processed_pseudogene	ENSMUSG00000081124	+	Gm14906	1506
1507	Gm14907	chrX	115808537	115809390	processed_pseudogene	ENSMUSG00000083352	+	Gm14907	1507
1508	Cpxcr1	chrX	116448944	116478783	protein_coding	ENSMUSG00000072995	+	Cpxcr1	1508
1509	Gm24438	chrX	116748842	116748956	snoRNA	ENSMUSG00000088518	+	Gm24438	1509
1510	Gm16373	chrX	116886881	116887183	processed_pseudogene	ENSMUSG00000043295	+	Gm16373	1510
1511	Gm14919	chrX	116896951	116897340	processed_pseudogene	ENSMUSG00000080954	+	Gm14919	1511
1512	Gm14918	chrX	117310241	117310508	processed_pseudogene	ENSMUSG00000080852	-	Gm14918	1512
1513	Gm14913	chrX	117417744	117418836	processed_pseudogene	ENSMUSG00000081134	-	Gm14913	1513
1514	Gm6491	chrX	117525212	117526905	processed_pseudogene	ENSMUSG00000083345	+	Gm6491	1514
1515	Gm28579	chrX	117534546	117534914	lncRNA	ENSMUSG00000100780	+	Gm28579	1515
1516	Gm14911	chrX	117663894	117664882	processed_pseudogene	ENSMUSG00000083602	-	Gm14911	1516
1517	Gm14914	chrX	117706498	117708528	processed_pseudogene	ENSMUSG00000084283	+	Gm14914	1517
1518	Gm14917	chrX	117870536	117872640	processed_pseudogene	ENSMUSG00000081659	-	Gm14917	1518
1519	Gm6500	chrX	117886441	117886891	processed_pseudogene	ENSMUSG00000084324	-	Gm6500	1519
1520	Gm14912	chrX	117888113	117889885	processed_pseudogene	ENSMUSG00000081466	-	Gm14912	1520
1521	Gm14909	chrX	118121022	118121372	processed_pseudogene	ENSMUSG00000081268	-	Gm14909	1521
1522	Gm14910	chrX	118231183	118232987	processed_pseudogene	ENSMUSG00000083031	-	Gm14910	1522
1523	Gm7485	chrX	118697795	118698903	processed_pseudogene	ENSMUSG00000081171	-	Gm7485	1523
1524	Gm26182	chrX	119526544	119526659	snoRNA	ENSMUSG00000088313	-	Gm26182	1524
1525	Gm14929	chrX	119747626	119749677	lncRNA	ENSMUSG00000086431	-	Gm14929	1525
1526	Pabpc5	chrX	119927196	119930165	protein_coding	ENSMUSG00000034732	+	Pabpc5	1526
1527	Gm4913	chrX	119966284	119967573	processed_pseudogene	ENSMUSG00000083151	+	Gm4913	1527
1528	Gm5863	chrX	120160710	120161717	processed_pseudogene	ENSMUSG00000082927	+	Gm5863	1528
1529	Gm14928	chrX	120178939	120179415	processed_pseudogene	ENSMUSG00000082718	+	Gm14928	1529
1530	Pcdh11x	chrX	120290259	120910619	protein_coding	ENSMUSG00000034755	+	Pcdh11x	1530
1531	H2afb3	chrX	120312748	120313095	protein_coding	ENSMUSG00000083616	-	H2afb3	1531
1532	Gm14931	chrX	120345362	120345614	processed_pseudogene	ENSMUSG00000083321	-	Gm14931	1532
1533	Gm14927	chrX	120371212	120371665	processed_pseudogene	ENSMUSG00000081546	+	Gm14927	1533
1534	Gm14930	chrX	120442035	120442686	processed_pseudogene	ENSMUSG00000081728	-	Gm14930	1534
1535	Gm4993	chrX	120957711	120958884	processed_pseudogene	ENSMUSG00000083275	+	Gm4993	1535
1536	Gm22590	chrX	121011835	121011962	snoRNA	ENSMUSG00000077435	+	Gm22590	1536
1537	Gm5394	chrX	121177008	121177982	processed_pseudogene	ENSMUSG00000080695	-	Gm5394	1537
1538	Gm25825	chrX	121308217	121308340	scaRNA	ENSMUSG00000087716	-	Gm25825	1538
1539	Gm5648	chrX	121334988	121336574	processed_pseudogene	ENSMUSG00000083668	-	Gm5648	1539
1540	Gm23277	chrX	121712089	121712224	snoRNA	ENSMUSG00000088539	+	Gm23277	1540
1541	Gm14943	chrX	121816927	121819838	processed_pseudogene	ENSMUSG00000082590	+	Gm14943	1541
1542	Gm14945	chrX	121893424	121894541	processed_pseudogene	ENSMUSG00000084054	+	Gm14945	1542
1543	Gm16421	chrX	122100927	122102483	processed_pseudogene	ENSMUSG00000082840	+	Gm16421	1543
1544	Gm14942	chrX	122347613	122347948	processed_pseudogene	ENSMUSG00000083537	+	Gm14942	1544
1545	Nap1l3	chrX	122394565	122397401	protein_coding	ENSMUSG00000055733	-	Nap1l3	1545
1546	Gm14947	chrX	122452368	122452670	processed_pseudogene	ENSMUSG00000086452	+	Gm14947	1546
1547	Gm14940	chrX	122768869	122769597	processed_pseudogene	ENSMUSG00000083490	+	Gm14940	1547
1548	Gm17521	chrX	123029178	123029675	lncRNA	ENSMUSG00000094864	-	Gm17521	1548
1549	Cldn34c1	chrX	123103495	123188795	protein_coding	ENSMUSG00000079450	+	Cldn34c1	1549
1550	Astx6	chrX	123210420	123213303	lncRNA	ENSMUSG00000095005	-	Astx6	1550
1551	Srsx	chrX	123221399	123222481	TEC	ENSMUSG00000091821	-	Srsx	1551
1552	Gm14951	chrX	123253138	123260815	lncRNA	ENSMUSG00000084776	+	Gm14951	1552
1553	Rps12-ps21	chrX	123285044	123285445	processed_pseudogene	ENSMUSG00000096362	+	Rps12-ps21	1553
1554	BX088531.1	chrX	123346764	123378718	protein_coding	ENSMUSG00000118415	+	BX088531.1	1554
1555	Astx2	chrX	123449004	123451890	lncRNA	ENSMUSG00000094288	-	Astx2	1555
1556	Rps12-ps22	chrX	123514427	123514828	processed_pseudogene	ENSMUSG00000095277	+	Rps12-ps22	1556
1557	Cldn34c2	chrX	123576286	123602172	protein_coding	ENSMUSG00000095474	+	Cldn34c2	1557
1558	Gm14950	chrX	123664062	123666949	lncRNA	ENSMUSG00000085536	-	Gm14950	1558
1559	BX005468.1	chrX	123793665	123813803	unprocessed_pseudogene	ENSMUSG00000118430	+	BX005468.1	1559
1560	Astx5	chrX	123890522	123893407	lncRNA	ENSMUSG00000095521	-	Astx5	1560
1561	BX571804.1	chrX	124015997	124041521	protein_coding	ENSMUSG00000118483	+	BX571804.1	1561
1562	Vmn2r121	chrX	124124961	124135952	protein_coding	ENSMUSG00000072049	-	Vmn2r121	1562
1563	Astx3	chrX	126042545	126045431	lncRNA	ENSMUSG00000095563	+	Astx3	1563
1564	Gm14957	chrX	126129808	126171027	unprocessed_pseudogene	ENSMUSG00000083294	-	Gm14957	1564
1565	Gm14971	chrX	126299995	126300657	processed_pseudogene	ENSMUSG00000081736	+	Gm14971	1565
1566	4932411N23Rik	chrX	126812462	126815868	protein_coding	ENSMUSG00000058670	-	4932411N23Rik	1566
1567	Gm381	chrX	126905581	126907617	processed_pseudogene	ENSMUSG00000082772	-	Gm381	1567
1568	Gm14973	chrX	126953192	126953446	processed_pseudogene	ENSMUSG00000081639	+	Gm14973	1568
1569	Gm14972	chrX	126967723	126968086	processed_pseudogene	ENSMUSG00000082690	-	Gm14972	1569
1570	Gm382	chrX	127039972	127063986	protein_coding	ENSMUSG00000062791	+	Gm382	1570
1571	4921511C20Rik	chrX	127394293	127395898	protein_coding	ENSMUSG00000049815	+	4921511C20Rik	1571
1572	Gm22636	chrX	127408430	127408704	misc_RNA	ENSMUSG00000088767	+	Gm22636	1572
1573	Cldn34c4	chrX	127721182	127736554	protein_coding	ENSMUSG00000043569	-	Cldn34c4	1573
1574	Gm5403	chrX	128058531	128061325	processed_pseudogene	ENSMUSG00000083250	-	Gm5403	1574
1575	Mdm4-ps	chrX	128261411	128267924	processed_pseudogene	ENSMUSG00000081739	+	Mdm4-ps	1575
1576	Gm14975	chrX	128287236	128287899	processed_pseudogene	ENSMUSG00000082126	+	Gm14975	1576
1577	Gm4916	chrX	128375394	128376035	transcribed_processed_pseudogene	ENSMUSG00000085722	+	Gm4916	1577
1578	Gm38390	chrX	128375907	128376971	TEC	ENSMUSG00000103504	+	Gm38390	1578
1579	Gm26475	chrX	128522689	128522809	miRNA	ENSMUSG00000080419	-	Gm26475	1579
1580	Gm24522	chrX	128700546	128700653	snRNA	ENSMUSG00000065898	+	Gm24522	1580
1581	4930558G05Rik	chrX	129064297	129067146	lncRNA	ENSMUSG00000086244	+	4930558G05Rik	1581
1582	Gm22225	chrX	129304796	129305073	misc_RNA	ENSMUSG00000087983	-	Gm22225	1582
1583	Gm14986	chrX	129517525	129518526	processed_pseudogene	ENSMUSG00000084337	-	Gm14986	1583
1584	Gm14983	chrX	129606134	129606456	processed_pseudogene	ENSMUSG00000081874	-	Gm14983	1584
1585	Diaph2	chrX	129749742	130465834	protein_coding	ENSMUSG00000034480	+	Diaph2	1585
1586	Gm14984	chrX	130400957	130402219	processed_pseudogene	ENSMUSG00000084047	-	Gm14984	1586
1587	Gm14987	chrX	130513114	130513789	processed_pseudogene	ENSMUSG00000083920	-	Gm14987	1587
1588	Gm7781	chrX	130524637	130525424	processed_pseudogene	ENSMUSG00000081456	+	Gm7781	1588
1589	Gm14982	chrX	130561456	130561897	processed_pseudogene	ENSMUSG00000083024	-	Gm14982	1589
1590	Gm14976	chrX	131017685	131019078	processed_pseudogene	ENSMUSG00000084256	-	Gm14976	1590
1591	Gm7790	chrX	131172439	131173748	processed_pseudogene	ENSMUSG00000083999	-	Gm7790	1591
1592	Gm14977	chrX	131558228	131559516	processed_pseudogene	ENSMUSG00000081072	-	Gm14977	1592
1593	Gm4994	chrX	131847887	131850073	processed_pseudogene	ENSMUSG00000082117	-	Gm4994	1593
1594	Gm7058	chrX	132169206	132170107	processed_pseudogene	ENSMUSG00000082205	-	Gm7058	1594
1595	Gm14981	chrX	132187316	132188258	processed_pseudogene	ENSMUSG00000082537	-	Gm14981	1595
1596	Gm23768	chrX	132553714	132553844	snoRNA	ENSMUSG00000077628	-	Gm23768	1596
1597	Gm22143	chrX	132681887	132682089	misc_RNA	ENSMUSG00000088026	+	Gm22143	1597
1598	Gm7820	chrX	132888108	132889159	processed_pseudogene	ENSMUSG00000083177	-	Gm7820	1598
1599	Gm7823	chrX	133093940	133095562	processed_pseudogene	ENSMUSG00000082905	-	Gm7823	1599
1600	Gm14979	chrX	133210486	133211520	processed_pseudogene	ENSMUSG00000083858	+	Gm14979	1600
1601	Gm22552	chrX	133376217	133376553	misc_RNA	ENSMUSG00000088421	-	Gm22552	1601
1602	Gm14980	chrX	133406375	133407110	processed_pseudogene	ENSMUSG00000083062	-	Gm14980	1602
1603	Pcdh19	chrX	133582860	133688987	protein_coding	ENSMUSG00000051323	-	Pcdh19	1603
1604	Tnmd	chrX	133850980	133865577	protein_coding	ENSMUSG00000031250	+	Tnmd	1604
1605	Tspan6	chrX	133891068	133898429	protein_coding	ENSMUSG00000067377	-	Tspan6	1605
1606	4930570D08Rik	chrX	133898699	133901213	lncRNA	ENSMUSG00000084875	-	4930570D08Rik	1606
1607	Srpx2	chrX	133908426	133932446	protein_coding	ENSMUSG00000031253	+	Srpx2	1607
1608	Sytl4	chrX	133936385	133981812	protein_coding	ENSMUSG00000031255	-	Sytl4	1608
1609	Gm7841	chrX	134052787	134054415	processed_pseudogene	ENSMUSG00000080788	-	Gm7841	1609
1610	Cstf2	chrX	134059187	134086819	protein_coding	ENSMUSG00000031256	+	Cstf2	1610
1611	Mir3112	chrX	134075316	134075397	miRNA	ENSMUSG00000093172	+	Mir3112	1611
1612	Nox1	chrX	134086421	134221956	protein_coding	ENSMUSG00000031257	-	Nox1	1612
1613	Xkrx	chrX	134149043	134162076	protein_coding	ENSMUSG00000031258	-	Xkrx	1613
1614	Arl13a	chrX	134187501	134208028	protein_coding	ENSMUSG00000052549	+	Arl13a	1614
1615	Trmt2b	chrX	134222339	134276984	protein_coding	ENSMUSG00000067369	-	Trmt2b	1615
1616	Tmem35a	chrX	134295225	134305969	protein_coding	ENSMUSG00000033578	+	Tmem35a	1616
1617	Cenpi	chrX	134308084	134362639	protein_coding	ENSMUSG00000031262	+	Cenpi	1617
1618	Drp2	chrX	134404551	134456573	protein_coding	ENSMUSG00000000223	+	Drp2	1618
1619	Taf7l	chrX	134460118	134476490	protein_coding	ENSMUSG00000009596	-	Taf7l	1619
1620	Gm16410	chrX	134489370	134490143	processed_pseudogene	ENSMUSG00000070641	+	Gm16410	1620
1621	Gm23124	chrX	134496810	134496916	snRNA	ENSMUSG00000088275	+	Gm23124	1621
1622	Timm8a1	chrX	134537256	134541865	protein_coding	ENSMUSG00000048007	-	Timm8a1	1622
1623	Btk	chrX	134542336	134583570	protein_coding	ENSMUSG00000031264	-	Btk	1623
1624	Gm15154	chrX	134551882	134552247	processed_pseudogene	ENSMUSG00000083687	+	Gm15154	1624
1625	Rpl36a	chrX	134585654	134588062	protein_coding	ENSMUSG00000079435	+	Rpl36a	1625
1626	Gla	chrX	134588149	134601125	protein_coding	ENSMUSG00000031266	-	Gla	1626
1627	Hnrnph2	chrX	134601179	134607060	protein_coding	ENSMUSG00000045427	+	Hnrnph2	1627
1628	Gm7855	chrX	134625058	134625744	processed_pseudogene	ENSMUSG00000085226	-	Gm7855	1628
1629	Gm7857	chrX	134681520	134681877	processed_pseudogene	ENSMUSG00000082655	+	Gm7857	1629
1630	B230119M05Rik	chrX	134684562	134686462	lncRNA	ENSMUSG00000087024	-	B230119M05Rik	1630
1631	Armcx4	chrX	134686519	134696757	protein_coding	ENSMUSG00000049804	+	Armcx4	1631
1632	Armcx1	chrX	134717963	134721917	protein_coding	ENSMUSG00000033460	+	Armcx1	1632
1633	Gm16397	chrX	134731571	134732064	processed_pseudogene	ENSMUSG00000081972	+	Gm16397	1633
1634	Gm10344	chrX	134745495	134746913	TEC	ENSMUSG00000102207	-	Gm10344	1634
1635	Armcx6	chrX	134748461	134751417	protein_coding	ENSMUSG00000050394	-	Armcx6	1635
1636	Armcx3	chrX	134756595	134761455	protein_coding	ENSMUSG00000049047	+	Armcx3	1636
1637	Mir7093	chrX	134757631	134757731	miRNA	ENSMUSG00000099272	+	Mir7093	1637
1638	Armcx2	chrX	134804145	134809221	protein_coding	ENSMUSG00000033436	-	Armcx2	1638
1639	Gm7222	chrX	134828140	134829045	processed_pseudogene	ENSMUSG00000083236	-	Gm7222	1639
1640	Nxf2	chrX	134944526	134964754	protein_coding	ENSMUSG00000009941	-	Nxf2	1640
1641	Zmat1	chrX	134971372	135009209	protein_coding	ENSMUSG00000052676	-	Zmat1	1641
1642	3632454L22Rik	chrX	135022734	135060336	lncRNA	ENSMUSG00000089759	-	3632454L22Rik	1642
1643	Gm6207	chrX	135119961	135122984	transcribed_unprocessed_pseudogene	ENSMUSG00000081146	-	Gm6207	1643
1644	Gm15020	chrX	135122878	135152596	lncRNA	ENSMUSG00000085556	-	Gm15020	1644
1645	Gm15023	chrX	135167624	135177632	protein_coding	ENSMUSG00000079432	-	Gm15023	1645
1646	Tceal6	chrX	135208687	135210687	protein_coding	ENSMUSG00000031409	-	Tceal6	1646
1647	Gm15022	chrX	135240154	135240899	processed_pseudogene	ENSMUSG00000081709	+	Gm15022	1647
1648	Pramel	chrX	135270853	135274214	unprocessed_pseudogene	ENSMUSG00000082071	+	Pramel	1648
1649	Pramel3	chrX	135302307	135312652	protein_coding	ENSMUSG00000067360	+	Pramel3	1649
1650	Gm25936	chrX	135314316	135314429	snoRNA	ENSMUSG00000094470	-	Gm25936	1650
1651	Gm15017	chrX	135329761	135349127	lncRNA	ENSMUSG00000087428	+	Gm15017	1651
1652	Gm6215	chrX	135349021	135352023	transcribed_processed_pseudogene	ENSMUSG00000095599	+	Gm6215	1652
1653	Gm5128	chrX	135373284	135383393	protein_coding	ENSMUSG00000094004	+	Gm5128	1653
1654	Gm6221	chrX	135409856	135412955	unprocessed_pseudogene	ENSMUSG00000095964	+	Gm6221	1654
1655	Gm7903	chrX	135433835	135443830	protein_coding	ENSMUSG00000096508	+	Gm7903	1655
1656	Gm7905	chrX	135470455	135473530	unprocessed_pseudogene	ENSMUSG00000094371	+	Gm7905	1656
1657	AV320801	chrX	135494588	135504594	protein_coding	ENSMUSG00000054994	+	AV320801	1657
1658	Gm15015	chrX	135519591	135549316	lncRNA	ENSMUSG00000086685	+	Gm15015	1658
1659	Gm6228	chrX	135549210	135552221	transcribed_unprocessed_pseudogene	ENSMUSG00000096119	+	Gm6228	1659
1660	Nxf7	chrX	135579555	135598777	protein_coding	ENSMUSG00000031410	-	Nxf7	1660
1661	Prame	chrX	135613002	135627705	protein_coding	ENSMUSG00000031411	-	Prame	1661
1662	Gm15021	chrX	135615994	135616735	processed_pseudogene	ENSMUSG00000082602	+	Gm15021	1662
1663	Tcp11x2	chrX	135654698	135693790	protein_coding	ENSMUSG00000058252	-	Tcp11x2	1663
1664	Tmsb15a	chrX	135718667	135725261	protein_coding	ENSMUSG00000060726	-	Tmsb15a	1664
1665	Gm15019	chrX	135726998	135729474	unprocessed_pseudogene	ENSMUSG00000084330	+	Gm15019	1665
1666	Gprasp1	chrX	135742733	135803474	protein_coding	ENSMUSG00000043384	+	Gprasp1	1666
1667	Armcx5	chrX	135742733	135747322	protein_coding	ENSMUSG00000072969	+	Armcx5	1667
1668	Mir7646	chrX	135746716	135746769	miRNA	ENSMUSG00000106264	+	Mir7646	1668
1669	Mir1970	chrX	135786114	135786217	miRNA	ENSMUSG00000088464	-	Mir1970	1669
1670	Bhlhb9	chrX	135797594	135891081	protein_coding	ENSMUSG00000072964	+	Bhlhb9	1670
1671	Gprasp2	chrX	135839034	135844730	protein_coding	ENSMUSG00000072966	+	Gprasp2	1671
1672	Gm15016	chrX	135988547	135989266	processed_pseudogene	ENSMUSG00000083223	+	Gm15016	1672
1673	Arxes2	chrX	135993824	135995355	protein_coding	ENSMUSG00000048040	+	Arxes2	1673
1674	Arxes1	chrX	136033367	136034946	protein_coding	ENSMUSG00000048355	+	Arxes1	1674
1675	Bex2	chrX	136066564	136068236	protein_coding	ENSMUSG00000042750	-	Bex2	1675
1676	Nxf3	chrX	136072099	136085255	protein_coding	ENSMUSG00000057000	-	Nxf3	1676
1677	5730412P04Rik	chrX	136104603	136115420	lncRNA	ENSMUSG00000087553	+	5730412P04Rik	1677
1678	Bex4	chrX	136138996	136140443	protein_coding	ENSMUSG00000047844	+	Bex4	1678
1679	Tceal8	chrX	136168984	136172342	protein_coding	ENSMUSG00000051579	-	Tceal8	1679
1680	Tceal5	chrX	136200948	136203876	protein_coding	ENSMUSG00000054034	-	Tceal5	1680
1681	Bex1	chrX	136213972	136215513	protein_coding	ENSMUSG00000050071	-	Bex1	1681
1682	Tceal7	chrX	136214779	136226100	protein_coding	ENSMUSG00000079428	+	Tceal7	1682
1683	Tceal9	chrX	136245079	136247139	protein_coding	ENSMUSG00000042712	+	Tceal9	1683
1684	Bex3	chrX	136270253	136271978	protein_coding	ENSMUSG00000046432	+	Bex3	1684
1685	n-R5s12	chrX	136277505	136277623	rRNA	ENSMUSG00000065719	+	n-R5s12	1685
1686	Nsa2-ps2	chrX	136328299	136329071	processed_pseudogene	ENSMUSG00000083470	+	Nsa2-ps2	1686
1687	Gm14997	chrX	136329839	136330474	processed_pseudogene	ENSMUSG00000083324	-	Gm14997	1687
1688	Gm4917	chrX	136338065	136338714	processed_pseudogene	ENSMUSG00000083162	+	Gm4917	1688
1689	Gm7973	chrX	136340181	136340668	processed_pseudogene	ENSMUSG00000084216	+	Gm7973	1689
1690	Gm14994	chrX	136348178	136349269	processed_pseudogene	ENSMUSG00000084245	-	Gm14994	1690
1691	Gm14999	chrX	136356655	136357278	processed_pseudogene	ENSMUSG00000082261	-	Gm14999	1691
1692	Gm14998	chrX	136366756	136367250	processed_pseudogene	ENSMUSG00000083517	+	Gm14998	1692
1693	Gm14993	chrX	136367249	136367412	processed_pseudogene	ENSMUSG00000081507	-	Gm14993	1693
1694	Gm14990	chrX	136430731	136431175	processed_pseudogene	ENSMUSG00000082358	+	Gm14990	1694
1695	Gm14995	chrX	136438151	136438541	processed_pseudogene	ENSMUSG00000081286	-	Gm14995	1695
1696	Kir3dl2	chrX	136448107	136544056	protein_coding	ENSMUSG00000057439	-	Kir3dl2	1696
1697	Gm14991	chrX	136486970	136488884	unprocessed_pseudogene	ENSMUSG00000082021	+	Gm14991	1697
1698	Kir3dl1	chrX	136517999	136534309	protein_coding	ENSMUSG00000031424	+	Kir3dl1	1698
1699	Gm15006	chrX	136544874	136545995	processed_pseudogene	ENSMUSG00000083828	+	Gm15006	1699
1700	Gm15003	chrX	136552985	136553430	processed_pseudogene	ENSMUSG00000082504	-	Gm15003	1700
1701	Gm15005	chrX	136568411	136568922	processed_pseudogene	ENSMUSG00000095702	-	Gm15005	1701
1702	Gm15004	chrX	136583864	136584493	processed_pseudogene	ENSMUSG00000082421	-	Gm15004	1702
1703	Tceal3	chrX	136590842	136668378	protein_coding	ENSMUSG00000044550	+	Tceal3	1703
1704	Gm15010	chrX	136701246	136701652	processed_pseudogene	ENSMUSG00000080874	-	Gm15010	1704
1705	Gm23068	chrX	136704178	136704470	misc_RNA	ENSMUSG00000088864	+	Gm23068	1705
1706	Tceal1	chrX	136707982	136711478	protein_coding	ENSMUSG00000049536	+	Tceal1	1706
1707	Morf4l2	chrX	136732942	136743690	protein_coding	ENSMUSG00000031422	-	Morf4l2	1707
1708	BC065397	chrX	136741824	136803364	lncRNA	ENSMUSG00000087368	+	BC065397	1708
1709	Glra4	chrX	136757674	136780141	protein_coding	ENSMUSG00000018595	-	Glra4	1709
1710	Gm15009	chrX	136802912	136803233	transcribed_processed_pseudogene	ENSMUSG00000082214	+	Gm15009	1710
1711	Plp1	chrX	136822671	136839733	protein_coding	ENSMUSG00000031425	+	Plp1	1711
1712	Rab9b	chrX	136858147	136868755	protein_coding	ENSMUSG00000043463	-	Rab9b	1712
1713	Gm15025	chrX	136920241	136920658	processed_pseudogene	ENSMUSG00000080953	+	Gm15025	1713
1714	H2bfm	chrX	136927325	136928376	protein_coding	ENSMUSG00000048155	+	H2bfm	1714
1715	Gm6275	chrX	136929786	136930907	processed_pseudogene	ENSMUSG00000081295	+	Gm6275	1715
1716	Tmsb15l	chrX	136954988	136976869	protein_coding	ENSMUSG00000072955	-	Tmsb15l	1716
1717	Tmsb15b2	chrX	136955265	136975497	protein_coding	ENSMUSG00000089996	-	Tmsb15b2	1717
1718	Tmsb15b1	chrX	136974022	136976874	protein_coding	ENSMUSG00000089768	-	Tmsb15b1	1718
1719	Slc25a53	chrX	136981116	137038302	protein_coding	ENSMUSG00000044348	-	Slc25a53	1719
1720	Zcchc18	chrX	136993155	136998472	protein_coding	ENSMUSG00000031428	+	Zcchc18	1720
1721	Gm15038	chrX	136998042	136998337	transcribed_processed_pseudogene	ENSMUSG00000083445	+	Gm15038	1721
1722	Fam199x	chrX	137049594	137082503	protein_coding	ENSMUSG00000042595	+	Fam199x	1722
1723	Gm25770	chrX	137093612	137093726	snoRNA	ENSMUSG00000089191	-	Gm25770	1723
1724	Gm8019	chrX	137099516	137100102	processed_pseudogene	ENSMUSG00000080718	+	Gm8019	1724
1725	Gm5761	chrX	137103889	137104722	processed_pseudogene	ENSMUSG00000084086	-	Gm5761	1725
1726	Gm15039	chrX	137107246	137108120	processed_pseudogene	ENSMUSG00000081938	+	Gm15039	1726
1727	Gm15043	chrX	137111340	137112882	processed_pseudogene	ENSMUSG00000082011	+	Gm15043	1727
1728	Gm15044	chrX	137113509	137114106	processed_pseudogene	ENSMUSG00000083493	+	Gm15044	1728
1729	Esx1	chrX	137115397	137122083	protein_coding	ENSMUSG00000023443	-	Esx1	1729
1730	Gm15040	chrX	137128110	137129835	processed_pseudogene	ENSMUSG00000082696	+	Gm15040	1730
1731	Gm15041	chrX	137130916	137131671	processed_pseudogene	ENSMUSG00000081349	+	Gm15041	1731
1732	Gm23679	chrX	137150815	137150933	snoRNA	ENSMUSG00000065095	+	Gm23679	1732
1733	Gm8036	chrX	137203615	137206763	processed_pseudogene	ENSMUSG00000082955	-	Gm8036	1733
1734	Il1rapl2	chrX	137570608	138846946	protein_coding	ENSMUSG00000059203	+	Il1rapl2	1734
1735	Gm14988	chrX	137638882	137642316	processed_pseudogene	ENSMUSG00000082135	-	Gm14988	1735
1736	Gm25393	chrX	137815156	137815440	misc_RNA	ENSMUSG00000087961	-	Gm25393	1736
1737	Gm14989	chrX	138085607	138085813	processed_pseudogene	ENSMUSG00000084118	-	Gm14989	1737
1738	Tex13a	chrX	138208165	138209580	protein_coding	ENSMUSG00000071686	-	Tex13a	1738
1739	Gm22057	chrX	138303307	138303413	snRNA	ENSMUSG00000065321	-	Gm22057	1739
1740	Gm15000	chrX	138522506	138523748	processed_pseudogene	ENSMUSG00000081017	-	Gm15000	1740
1741	Gm15001	chrX	138741796	138744444	processed_pseudogene	ENSMUSG00000083053	-	Gm15001	1741
1742	Nrk	chrX	138914430	139010532	protein_coding	ENSMUSG00000052854	+	Nrk	1742
1743	Serpina7	chrX	139079257	139085236	protein_coding	ENSMUSG00000031271	-	Serpina7	1743
1744	4930513O06Rik	chrX	139086243	139093405	protein_coding	ENSMUSG00000031270	+	4930513O06Rik	1744
1745	4933428M09Rik	chrX	139179228	139181009	protein_coding	ENSMUSG00000042525	+	4933428M09Rik	1745
1746	Gm15007	chrX	139201342	139202051	processed_pseudogene	ENSMUSG00000083180	-	Gm15007	1746
1747	Pwwp3b	chrX	139210042	139238335	protein_coding	ENSMUSG00000042515	+	Pwwp3b	1747
1748	Platr21	chrX	139240226	139357738	lncRNA	ENSMUSG00000086807	-	Platr21	1748
1749	Gm15002	chrX	139256924	139257611	processed_pseudogene	ENSMUSG00000081869	-	Gm15002	1749
1750	Trap1a	chrX	139333683	139338169	protein_coding	ENSMUSG00000051257	+	Trap1a	1750
1751	Gm8061	chrX	139358468	139359257	processed_pseudogene	ENSMUSG00000084205	+	Gm8061	1751
1752	Radx	chrX	139480367	139554582	protein_coding	ENSMUSG00000042498	+	Radx	1752
1753	Rnf128	chrX	139563316	139673145	protein_coding	ENSMUSG00000031438	+	Rnf128	1753
1754	Gm24380	chrX	139654294	139654617	misc_RNA	ENSMUSG00000084645	-	Gm24380	1754
1755	Gm6322	chrX	139676087	139677489	processed_pseudogene	ENSMUSG00000082018	-	Gm6322	1755
1756	Tbc1d8b	chrX	139684996	139753405	protein_coding	ENSMUSG00000042473	+	Tbc1d8b	1756
1757	Gm15013	chrX	139713681	139714481	protein_coding	ENSMUSG00000098559	-	Gm15013	1757
1758	Ripply1	chrX	139779549	139782353	protein_coding	ENSMUSG00000072945	-	Ripply1	1758
1759	Cldn2	chrX	139800828	139811386	protein_coding	ENSMUSG00000047230	+	Cldn2	1759
1760	Morc4	chrX	139821632	139871677	protein_coding	ENSMUSG00000031434	-	Morc4	1760
1761	Rbm41	chrX	139889511	139998595	protein_coding	ENSMUSG00000031433	-	Rbm41	1761
1762	Gm15011	chrX	139892934	139894413	processed_pseudogene	ENSMUSG00000081374	+	Gm15011	1762
1763	Nup62cl	chrX	140006805	140062712	protein_coding	ENSMUSG00000072944	-	Nup62cl	1763
1764	Pih1h3b	chrX	140062879	140106797	protein_coding	ENSMUSG00000042433	+	Pih1h3b	1764
1765	Gm6298	chrX	140084480	140085460	processed_pseudogene	ENSMUSG00000081761	-	Gm6298	1765
1766	Gm15046	chrX	140178698	140277862	lncRNA	ENSMUSG00000086441	-	Gm15046	1766
1767	Mir3475	chrX	140310948	140311012	miRNA	ENSMUSG00000093102	+	Mir3475	1767
1768	Frmpd3	chrX	140342263	140435467	protein_coding	ENSMUSG00000042425	+	Frmpd3	1768
1769	Prps1	chrX	140456613	140476140	protein_coding	ENSMUSG00000031432	+	Prps1	1769
1770	Tsc22d3	chrX	140539528	140600659	protein_coding	ENSMUSG00000031431	-	Tsc22d3	1770
1771	AL683809.1	chrX	140583429	140583599	processed_pseudogene	ENSMUSG00000118524	-	AL683809.1	1771
1772	Gm15047	chrX	140621683	140622136	processed_pseudogene	ENSMUSG00000081408	-	Gm15047	1772
1773	Gm22025	chrX	140641960	140642261	misc_RNA	ENSMUSG00000084683	-	Gm22025	1773
1774	Mid2	chrX	140664599	140767715	protein_coding	ENSMUSG00000000266	+	Mid2	1774
1775	Gm23199	chrX	140679696	140679802	snRNA	ENSMUSG00000089437	+	Gm23199	1775
1776	Eif2c5	chrX	140776235	140796880	lncRNA	ENSMUSG00000085146	+	Eif2c5	1776
1777	Gm6088	chrX	140797396	140799934	processed_pseudogene	ENSMUSG00000083646	+	Gm6088	1777
1778	Tex13b	chrX	140808307	140813433	protein_coding	ENSMUSG00000042386	-	Tex13b	1778
1779	Gm7091	chrX	140821938	140822523	processed_pseudogene	ENSMUSG00000082165	-	Gm7091	1779
1780	Vsig1	chrX	140907608	140939472	protein_coding	ENSMUSG00000031430	+	Vsig1	1780
1781	Psmd10	chrX	140948429	140956728	protein_coding	ENSMUSG00000031429	-	Psmd10	1781
1782	Atg4a	chrX	140956907	141164270	protein_coding	ENSMUSG00000079418	+	Atg4a	1782
1783	Col4a6	chrX	141165403	141474076	protein_coding	ENSMUSG00000031273	-	Col4a6	1783
1784	Gm15077	chrX	141302349	141302710	processed_pseudogene	ENSMUSG00000081029	-	Gm15077	1784
1785	Gm15078	chrX	141356178	141356959	processed_pseudogene	ENSMUSG00000083710	+	Gm15078	1785
1786	Gm15079	chrX	141434973	141435188	processed_pseudogene	ENSMUSG00000082223	+	Gm15079	1786
1787	Col4a5	chrX	141475385	141689234	protein_coding	ENSMUSG00000031274	+	Col4a5	1787
1788	Gm15268	chrX	141627959	141628468	processed_pseudogene	ENSMUSG00000081217	+	Gm15268	1788
1789	Gm15282	chrX	141680442	141680741	processed_pseudogene	ENSMUSG00000081803	-	Gm15282	1789
1790	Irs4	chrX	141710998	141725263	protein_coding	ENSMUSG00000054667	-	Irs4	1790
1791	Gm15295	chrX	141724838	141726163	lncRNA	ENSMUSG00000086426	+	Gm15295	1791
1792	Gm15297	chrX	141777180	141777662	processed_pseudogene	ENSMUSG00000083741	+	Gm15297	1792
1793	Hmgn2l6	chrX	141870135	141870401	processed_pseudogene	ENSMUSG00000085466	-	Hmgn2l6	1793
1794	Gm15294	chrX	141873409	141875235	protein_coding	ENSMUSG00000081607	-	Gm15294	1794
1795	Gm15298	chrX	141900582	141902455	lncRNA	ENSMUSG00000086907	-	Gm15298	1795
1796	Gm6368	chrX	141980175	141982321	processed_pseudogene	ENSMUSG00000080775	+	Gm6368	1796
1797	Gm5762	chrX	142023346	142023603	processed_pseudogene	ENSMUSG00000082291	-	Gm5762	1797
1798	Gm6373	chrX	142060855	142061214	processed_pseudogene	ENSMUSG00000083026	+	Gm6373	1798
1799	Gucy2f	chrX	142081160	142196931	protein_coding	ENSMUSG00000042282	-	Gucy2f	1799
1800	Gm6382	chrX	142210884	142211825	processed_pseudogene	ENSMUSG00000082675	+	Gm6382	1800
1801	Nxt2	chrX	142226770	142239692	protein_coding	ENSMUSG00000042271	+	Nxt2	1801
1802	Gm5643	chrX	142297565	142298530	processed_pseudogene	ENSMUSG00000083311	+	Gm5643	1802
1803	Kcne1l	chrX	142304752	142306294	protein_coding	ENSMUSG00000090122	-	Kcne1l	1803
1804	Acsl4	chrX	142317993	142390535	protein_coding	ENSMUSG00000031278	-	Acsl4	1804
1805	Gm6067	chrX	142405951	142406441	processed_pseudogene	ENSMUSG00000082929	-	Gm6067	1805
1806	Gm7123	chrX	142412755	142412967	processed_pseudogene	ENSMUSG00000071680	+	Gm7123	1806
1807	Gm4995	chrX	142533439	142533870	processed_pseudogene	ENSMUSG00000081750	-	Gm4995	1807
1808	Gm15032	chrX	142622492	142622902	processed_pseudogene	ENSMUSG00000081568	-	Gm15032	1808
1809	Gm5763	chrX	142631483	142634015	processed_pseudogene	ENSMUSG00000048600	-	Gm5763	1809
1810	Tmem164	chrX	142681406	142843494	protein_coding	ENSMUSG00000047045	+	Tmem164	1810
1811	Mir652	chrX	142739000	142739097	miRNA	ENSMUSG00000076011	+	Mir652	1811
1812	Gm15049	chrX	142775885	142776347	processed_pseudogene	ENSMUSG00000081463	-	Gm15049	1812
1813	Ammecr1	chrX	142851146	142966728	protein_coding	ENSMUSG00000042225	-	Ammecr1	1813
1814	Gm44351	chrX	142962603	142962697	miRNA	ENSMUSG00000106151	-	Gm44351	1814
1815	Rtl9	chrX	143099594	143104297	protein_coding	ENSMUSG00000085584	+	Rtl9	1815
1816	Gm4760	chrX	143183508	143184537	processed_pseudogene	ENSMUSG00000083089	-	Gm4760	1816
1817	Chrdl1	chrX	143285674	143394262	protein_coding	ENSMUSG00000031283	-	Chrdl1	1817
1818	Gm23325	chrX	143413898	143414026	snoRNA	ENSMUSG00000088047	+	Gm23325	1818
1819	Pak3	chrX	143518591	143797796	protein_coding	ENSMUSG00000031284	+	Pak3	1819
1820	Capn6	chrX	143802231	143827414	protein_coding	ENSMUSG00000067276	-	Capn6	1820
1821	Dcx	chrX	143855842	143933311	protein_coding	ENSMUSG00000031285	-	Dcx	1821
1822	Gm15048	chrX	144147310	144149173	processed_pseudogene	ENSMUSG00000082060	+	Gm15048	1822
1823	A730046J19Rik	chrX	144153695	144166274	protein_coding	ENSMUSG00000085139	+	A730046J19Rik	1823
1824	Gm8199	chrX	144232759	144233581	processed_pseudogene	ENSMUSG00000082121	-	Gm8199	1824
1825	Gm8202	chrX	144236903	144237212	processed_pseudogene	ENSMUSG00000084361	-	Gm8202	1825
1826	Gm15067	chrX	144268049	144268204	processed_pseudogene	ENSMUSG00000081897	-	Gm15067	1826
1827	Gm15066	chrX	144285726	144288333	processed_pseudogene	ENSMUSG00000083200	-	Gm15066	1827
1828	Mir680-2	chrX	144297790	144297899	miRNA	ENSMUSG00000076117	+	Mir680-2	1828
1829	Alg13	chrX	144317804	144374450	protein_coding	ENSMUSG00000041718	+	Alg13	1829
1830	Gm2214	chrX	144320926	144321255	processed_pseudogene	ENSMUSG00000080922	-	Gm2214	1830
1831	Trpc5	chrX	144381671	144688180	protein_coding	ENSMUSG00000041710	-	Trpc5	1831
1832	Trpc5os	chrX	144456581	144477066	protein_coding	ENSMUSG00000072934	+	Trpc5os	1832
1833	Gm15071	chrX	144499327	144500692	processed_pseudogene	ENSMUSG00000081635	+	Gm15071	1833
1834	Mageb16-ps1	chrX	144555211	144556337	processed_pseudogene	ENSMUSG00000082106	-	Mageb16-ps1	1834
1835	Rtl4	chrX	144688907	145122411	protein_coding	ENSMUSG00000071679	+	Rtl4	1835
1836	Gm26024	chrX	144820187	144820508	misc_RNA	ENSMUSG00000089282	+	Gm26024	1836
1837	Gm8216	chrX	144847683	144848283	processed_pseudogene	ENSMUSG00000084303	+	Gm8216	1837
1838	Mir3472	chrX	145039344	145039414	miRNA	ENSMUSG00000092917	+	Mir3472	1838
1839	Gm25097	chrX	145160477	145160621	snRNA	ENSMUSG00000077230	+	Gm25097	1839
1840	Gm15073	chrX	145227146	145227779	processed_pseudogene	ENSMUSG00000081336	-	Gm15073	1840
1841	Gm6441	chrX	145264831	145265526	processed_pseudogene	ENSMUSG00000082085	-	Gm6441	1841
1842	Lhfpl1	chrX	145290359	145349089	protein_coding	ENSMUSG00000041700	-	Lhfpl1	1842
1843	Amot	chrX	145446425	145505181	protein_coding	ENSMUSG00000041688	-	Amot	1843
1844	Gm5644	chrX	145601837	145602301	processed_pseudogene	ENSMUSG00000100104	-	Gm5644	1844
1845	Gm15060	chrX	145646506	145647453	processed_pseudogene	ENSMUSG00000081646	+	Gm15060	1845
1846	Gm27659	chrX	145666973	145667070	snRNA	ENSMUSG00000099000	-	Gm27659	1846
1847	Gm15058	chrX	145753499	145753956	processed_pseudogene	ENSMUSG00000082773	-	Gm15058	1847
1848	Gm6446	chrX	145833317	145834134	processed_pseudogene	ENSMUSG00000080915	+	Gm6446	1848
1849	Gm15057	chrX	145990742	145991275	processed_pseudogene	ENSMUSG00000083375	+	Gm15057	1849
1850	Gm6447	chrX	145994291	145995125	processed_pseudogene	ENSMUSG00000083908	+	Gm6447	1850
1851	Gm4918	chrX	146095376	146096459	processed_pseudogene	ENSMUSG00000083960	+	Gm4918	1851
1852	Hmgb1-ps2	chrX	146175942	146176577	processed_pseudogene	ENSMUSG00000081738	+	Hmgb1-ps2	1852
1853	Gm8261	chrX	146599751	146600958	processed_pseudogene	ENSMUSG00000081718	-	Gm8261	1853
1854	Gm15075	chrX	146652038	146652514	processed_pseudogene	ENSMUSG00000084147	-	Gm15075	1854
1855	Gm15074	chrX	146654675	146655610	processed_pseudogene	ENSMUSG00000082594	+	Gm15074	1855
1856	Gm4996	chrX	146932685	146934254	processed_pseudogene	ENSMUSG00000084061	+	Gm4996	1856
1857	Htr2c	chrX	146962513	147197277	protein_coding	ENSMUSG00000041380	+	Htr2c	1857
1858	Gm22650	chrX	146999405	146999509	miRNA	ENSMUSG00000092879	+	Gm22650	1858
1859	Mir1912	chrX	147009441	147009527	miRNA	ENSMUSG00000093039	+	Mir1912	1859
1860	Gm24627	chrX	147106939	147107076	miRNA	ENSMUSG00000084713	+	Gm24627	1860
1861	Il13ra2	chrX	147383476	147429192	protein_coding	ENSMUSG00000031289	-	Il13ra2	1861
1862	Vmn1r239-ps	chrX	147452748	147453710	protein_coding	ENSMUSG00000067262	-	Vmn1r239-ps	1862
1863	Lrch2	chrX	147470375	147554081	protein_coding	ENSMUSG00000031290	-	Lrch2	1863
1864	Gm16400	chrX	147720978	147722892	unprocessed_pseudogene	ENSMUSG00000080250	+	Gm16400	1864
1865	Gm15167	chrX	147733154	147733481	unprocessed_pseudogene	ENSMUSG00000084191	+	Gm15167	1865
1866	Gm8289	chrX	147742175	147764014	unprocessed_pseudogene	ENSMUSG00000085441	+	Gm8289	1866
1867	Gm15128	chrX	147765991	147833456	protein_coding	ENSMUSG00000095872	+	Gm15128	1867
1868	Gm15081	chrX	147927646	147928489	processed_pseudogene	ENSMUSG00000083970	+	Gm15081	1868
1869	Gm15080	chrX	147992993	148033174	protein_coding	ENSMUSG00000072931	+	Gm15080	1869
1870	Gm8303	chrX	148108570	148110331	processed_pseudogene	ENSMUSG00000094643	+	Gm8303	1870
1871	Gm15107	chrX	148180724	148224710	protein_coding	ENSMUSG00000072930	+	Gm15107	1871
1872	Gm15109	chrX	148290866	148354730	unprocessed_pseudogene	ENSMUSG00000072929	+	Gm15109	1872
1873	Gm15114	chrX	148488949	148521446	protein_coding	ENSMUSG00000079395	+	Gm15114	1873
1874	Gm15106	chrX	148543504	148544995	unprocessed_pseudogene	ENSMUSG00000082856	+	Gm15106	1874
1875	Gm15127	chrX	148663598	148703849	protein_coding	ENSMUSG00000096834	+	Gm15127	1875
1876	Gm15125	chrX	148725882	148727373	unprocessed_pseudogene	ENSMUSG00000080071	+	Gm15125	1876
1877	Gm15126	chrX	148738112	148739135	unprocessed_pseudogene	ENSMUSG00000082995	+	Gm15126	1877
1878	Luzp4	chrX	148857640	148924139	protein_coding	ENSMUSG00000079387	+	Luzp4	1878
1879	Gm15099	chrX	148881844	148882544	lncRNA	ENSMUSG00000094712	-	Gm15099	1879
1880	Gm15084	chrX	148946235	148947736	unprocessed_pseudogene	ENSMUSG00000095994	+	Gm15084	1880
1881	Gm15094	chrX	148958712	148959842	unprocessed_pseudogene	ENSMUSG00000083778	+	Gm15094	1881
1882	Ott	chrX	149074282	149138152	protein_coding	ENSMUSG00000094885	+	Ott	1882
1883	Gm15093	chrX	149272377	149305003	protein_coding	ENSMUSG00000094941	+	Gm15093	1883
1884	Gm8366	chrX	149380417	149382185	processed_pseudogene	ENSMUSG00000095408	+	Gm8366	1884
1885	Gm15085	chrX	149447617	149487784	protein_coding	ENSMUSG00000095621	+	Gm15085	1885
1886	Gm10439	chrX	149594570	149636764	protein_coding	ENSMUSG00000072923	+	Gm10439	1886
1887	Gm15101	chrX	149658834	149660335	unprocessed_pseudogene	ENSMUSG00000094964	+	Gm15101	1887
1888	Gm8383	chrX	149716151	149717920	processed_pseudogene	ENSMUSG00000095561	+	Gm8383	1888
1889	Gm15097	chrX	149784473	149826694	protein_coding	ENSMUSG00000094378	+	Gm15097	1889
1890	Gm15095	chrX	149848723	149850152	unprocessed_pseudogene	ENSMUSG00000082937	+	Gm15095	1890
1891	Gm15087	chrX	149859742	149860913	unprocessed_pseudogene	ENSMUSG00000084395	+	Gm15087	1891
1892	Gm15091	chrX	149941655	149984982	protein_coding	ENSMUSG00000095082	+	Gm15091	1892
1893	Gm5946	chrX	150220716	150226021	transcribed_processed_pseudogene	ENSMUSG00000048592	-	Gm5946	1893
1894	Gm15104	chrX	150312601	150333065	lncRNA	ENSMUSG00000087360	-	Gm15104	1894
1895	Gm15105	chrX	150367713	150367916	processed_pseudogene	ENSMUSG00000081928	-	Gm15105	1895
1896	Tmem29	chrX	150397773	150459154	protein_coding	ENSMUSG00000041353	-	Tmem29	1896
1897	Gm15129	chrX	150431503	150431781	processed_pseudogene	ENSMUSG00000082974	+	Gm15129	1897
1898	3110067C02Rik	chrX	150463726	150466156	processed_pseudogene	ENSMUSG00000081187	+	3110067C02Rik	1898
1899	Apex2	chrX	150519519	150589868	protein_coding	ENSMUSG00000025269	-	Apex2	1899
1900	Alas2	chrX	150547375	150570638	protein_coding	ENSMUSG00000025270	+	Alas2	1900
1901	Mir3620	chrX	150547385	150547445	miRNA	ENSMUSG00000099172	-	Mir3620	1901
1902	Pfkfb1	chrX	150588229	150643878	protein_coding	ENSMUSG00000025271	+	Pfkfb1	1902
1903	Tro	chrX	150645304	150657583	protein_coding	ENSMUSG00000025272	-	Tro	1903
1904	Gm15132	chrX	150688145	150688796	processed_pseudogene	ENSMUSG00000081396	+	Gm15132	1904
1905	Gm15131	chrX	150707021	150707615	processed_pseudogene	ENSMUSG00000082961	-	Gm15131	1905
1906	Maged2	chrX	150806370	150814345	protein_coding	ENSMUSG00000025268	-	Maged2	1906
1907	Gm24907	chrX	150807859	150807986	snoRNA	ENSMUSG00000080582	-	Gm24907	1907
1908	Itih5l-ps	chrX	150826972	150857053	transcribed_unprocessed_pseudogene	ENSMUSG00000087149	+	Itih5l-ps	1908
1909	Gm8424	chrX	150924620	150926159	processed_pseudogene	ENSMUSG00000081194	-	Gm8424	1909
1910	Gnl3l	chrX	150983141	151017322	protein_coding	ENSMUSG00000025266	-	Gnl3l	1910
1911	Gm15152	chrX	151005870	151006528	processed_pseudogene	ENSMUSG00000081782	+	Gm15152	1911
1912	Fgd1	chrX	151046150	151089521	protein_coding	ENSMUSG00000025265	+	Fgd1	1912
1913	Tsr2	chrX	151087094	151096543	protein_coding	ENSMUSG00000025264	-	Tsr2	1913
1914	Gm15149	chrX	151156607	151156966	processed_pseudogene	ENSMUSG00000081942	+	Gm15149	1914
1915	Rps12-ps7	chrX	151165725	151166109	processed_pseudogene	ENSMUSG00000081625	+	Rps12-ps7	1915
1916	Gm15138	chrX	151169700	151171764	lncRNA	ENSMUSG00000086286	+	Gm15138	1916
1917	Wnk3	chrX	151198078	151320152	protein_coding	ENSMUSG00000041245	+	Wnk3	1917
1918	Rpl21-ps15	chrX	151215167	151215649	processed_pseudogene	ENSMUSG00000083596	-	Rpl21-ps15	1918
1919	Gm26441	chrX	151261918	151262021	snRNA	ENSMUSG00000064524	-	Gm26441	1919
1920	A230072E10Rik	chrX	151291974	151344846	lncRNA	ENSMUSG00000084771	-	A230072E10Rik	1920
1921	Fam120c	chrX	151344175	151471842	protein_coding	ENSMUSG00000025262	+	Fam120c	1921
1922	Gm22248	chrX	151384494	151384643	snRNA	ENSMUSG00000064416	+	Gm22248	1922
1923	Gm6451	chrX	151413668	151414384	processed_pseudogene	ENSMUSG00000084166	-	Gm6451	1923
1924	Gm15148	chrX	151493114	151493269	processed_pseudogene	ENSMUSG00000082423	-	Gm15148	1924
1925	Phf8	chrX	151520672	151633859	protein_coding	ENSMUSG00000041229	+	Phf8	1925
1926	Gm24460	chrX	151539700	151539805	snoRNA	ENSMUSG00000064665	-	Gm24460	1926
1927	Gm5395	chrX	151655188	151656102	processed_pseudogene	ENSMUSG00000082342	+	Gm5395	1927
1928	Gm15151	chrX	151758017	151758193	processed_pseudogene	ENSMUSG00000081331	-	Gm15151	1928
1929	Gm4919	chrX	151761943	151762658	processed_pseudogene	ENSMUSG00000083379	-	Gm4919	1929
1930	n-R5s13	chrX	151777671	151777789	rRNA	ENSMUSG00000070219	+	n-R5s13	1930
1931	Gm15161	chrX	151783522	151783908	processed_pseudogene	ENSMUSG00000083719	+	Gm15161	1931
1932	Huwe1	chrX	151800807	151935417	protein_coding	ENSMUSG00000025261	+	Huwe1	1932
1933	Mir3113	chrX	151859562	151859637	miRNA	ENSMUSG00000093219	+	Mir3113	1933
1934	Mirlet7f-2	chrX	151912346	151912428	miRNA	ENSMUSG00000065602	+	Mirlet7f-2	1934
1935	Mir98	chrX	151913214	151913321	miRNA	ENSMUSG00000065536	+	Mir98	1935
1936	Gm15191	chrX	151945368	151946367	processed_pseudogene	ENSMUSG00000082778	+	Gm15191	1936
1937	n-R5s14	chrX	151985310	151985416	rRNA	ENSMUSG00000084637	+	n-R5s14	1937
1938	Hsd17b10	chrX	152001845	152004442	protein_coding	ENSMUSG00000025260	+	Hsd17b10	1938
1939	Ribc1	chrX	152004582	152016295	protein_coding	ENSMUSG00000025257	-	Ribc1	1939
1940	Smc1a	chrX	152016428	152062694	protein_coding	ENSMUSG00000041133	+	Smc1a	1940
1941	Gm15267	chrX	152043049	152043512	processed_pseudogene	ENSMUSG00000083474	-	Gm15267	1941
1942	Gm15266	chrX	152110432	152111461	unprocessed_pseudogene	ENSMUSG00000081306	-	Gm15266	1942
1943	Iqsec2	chrX	152144268	152225236	protein_coding	ENSMUSG00000041115	+	Iqsec2	1943
1944	Kdm5c	chrX	152233020	152274535	protein_coding	ENSMUSG00000025332	+	Kdm5c	1944
1945	Kantr	chrX	152294828	152327495	protein_coding	ENSMUSG00000087403	-	Kantr	1945
1946	n-R5s15	chrX	152304001	152304111	rRNA	ENSMUSG00000084584	+	n-R5s15	1946
1947	Tspyl2	chrX	152336852	152342425	protein_coding	ENSMUSG00000041096	-	Tspyl2	1947
1948	Gpr173	chrX	152343598	152368704	protein_coding	ENSMUSG00000056679	-	Gpr173	1948
1949	3010001F23Rik	chrX	152368573	152416698	lncRNA	ENSMUSG00000084885	+	3010001F23Rik	1949
1950	Gm4750	chrX	152432477	152434676	transcribed_processed_pseudogene	ENSMUSG00000087235	+	Gm4750	1950
1951	Gm8464	chrX	152489661	152491860	transcribed_processed_pseudogene	ENSMUSG00000087569	-	Gm8464	1951
1952	Cldn34a	chrX	152537501	152564197	protein_coding	ENSMUSG00000091863	+	Cldn34a	1952
1953	Gm7158	chrX	152544253	152545155	processed_pseudogene	ENSMUSG00000083948	-	Gm7158	1953
1954	Gm8475	chrX	152565212	152565737	processed_pseudogene	ENSMUSG00000081993	+	Gm8475	1954
1955	Shroom2	chrX	152609509	152769465	protein_coding	ENSMUSG00000045180	-	Shroom2	1955
1956	Gpr143	chrX	152781921	152808646	protein_coding	ENSMUSG00000025333	+	Gpr143	1956
1957	Gm24687	chrX	152868620	152868860	ribozyme	ENSMUSG00000088383	+	Gm24687	1957
1958	Rpl7a-ps12	chrX	152908778	152910296	processed_pseudogene	ENSMUSG00000083440	-	Rpl7a-ps12	1958
1959	Gm6472	chrX	152909505	152910155	transcribed_processed_pseudogene	ENSMUSG00000095597	-	Gm6472	1959
1960	Gm26035	chrX	152923453	152923760	misc_RNA	ENSMUSG00000064999	-	Gm26035	1960
1961	Usp51	chrX	153006469	153009416	protein_coding	ENSMUSG00000067215	+	Usp51	1961
1962	Mageh1	chrX	153036166	153037575	protein_coding	ENSMUSG00000047238	-	Mageh1	1962
1963	9530051G07Rik	chrX	153037629	153072915	lncRNA	ENSMUSG00000085982	+	9530051G07Rik	1963
1964	Gm5396	chrX	153112923	153113454	processed_pseudogene	ENSMUSG00000084275	-	Gm5396	1964
1965	Gm26960	chrX	153114053	153114767	unprocessed_pseudogene	ENSMUSG00000098118	+	Gm26960	1965
1966	Foxr2	chrX	153118786	153132861	protein_coding	ENSMUSG00000071665	+	Foxr2	1966
1967	Rragb	chrX	153139981	153171943	protein_coding	ENSMUSG00000041658	+	Rragb	1967
1968	Gm15153	chrX	153221170	153221443	processed_pseudogene	ENSMUSG00000082733	+	Gm15153	1968
1969	Klf8	chrX	153237466	153396132	protein_coding	ENSMUSG00000041649	+	Klf8	1969
1970	Gm7150	chrX	153403090	153404070	processed_pseudogene	ENSMUSG00000080743	-	Gm7150	1970
1971	Ubqln2	chrX	153498227	153501570	protein_coding	ENSMUSG00000050148	+	Ubqln2	1971
1972	Gm15166	chrX	153509012	153509396	processed_pseudogene	ENSMUSG00000080799	-	Gm15166	1972
1973	Cypt3	chrX	153558593	153559429	protein_coding	ENSMUSG00000048573	+	Cypt3	1973
1974	Gm8534	chrX	153656606	153657371	processed_pseudogene	ENSMUSG00000083488	+	Gm8534	1974
1975	Kctd12b	chrX	153685154	153696391	protein_coding	ENSMUSG00000041633	-	Kctd12b	1975
1976	Gm45022	chrX	153721157	153723881	lncRNA	ENSMUSG00000109128	-	Gm45022	1976
1977	Nbdy	chrX	153723590	153741920	protein_coding	ENSMUSG00000086316	+	Nbdy	1977
1978	Smt3h1-ps	chrX	153783340	153783619	processed_pseudogene	ENSMUSG00000082906	+	Smt3h1-ps	1978
1979	Spin2c	chrX	153832225	153834243	protein_coding	ENSMUSG00000046550	+	Spin2c	1979
1980	Gm25895	chrX	153915116	153915215	snRNA	ENSMUSG00000065648	-	Gm25895	1980
1981	Samt1	chrX	154001590	154012640	protein_coding	ENSMUSG00000094802	-	Samt1	1981
1982	4921511M17Rik	chrX	154022780	154033827	protein_coding	ENSMUSG00000094577	-	4921511M17Rik	1982
1983	Gm10057	chrX	154043986	154055039	protein_coding	ENSMUSG00000096867	-	Gm10057	1983
1984	Gm15143	chrX	154065313	154068139	unprocessed_pseudogene	ENSMUSG00000094427	-	Gm15143	1984
1985	Gm5947	chrX	154079685	154082526	unprocessed_pseudogene	ENSMUSG00000095065	-	Gm5947	1985
1986	Gm15140	chrX	154109633	154120685	protein_coding	ENSMUSG00000094592	-	Gm15140	1986
1987	Gm5645	chrX	154130958	154133971	unprocessed_pseudogene	ENSMUSG00000093899	-	Gm5645	1987
1988	Gm16445	chrX	154152689	154155509	unprocessed_pseudogene	ENSMUSG00000094118	-	Gm16445	1988
1989	Gm6620	chrX	154182913	154186149	unprocessed_pseudogene	ENSMUSG00000082751	-	Gm6620	1989
1990	4930524N10Rik	chrX	154339225	154343392	protein_coding	ENSMUSG00000059663	-	4930524N10Rik	1990
1991	Gm5646	chrX	154399578	154402044	unprocessed_pseudogene	ENSMUSG00000081502	+	Gm5646	1991
1992	Gm8569	chrX	154436056	154436702	processed_pseudogene	ENSMUSG00000082584	+	Gm8569	1992
1993	Samt4	chrX	154482002	154484682	protein_coding	ENSMUSG00000025051	+	Samt4	1993
1994	Samt2	chrX	154575228	154579360	protein_coding	ENSMUSG00000072888	-	Samt2	1994
1995	Gm15142	chrX	154635551	154639147	unprocessed_pseudogene	ENSMUSG00000084367	+	Gm15142	1995
1996	Gm22359	chrX	154711258	154711365	snRNA	ENSMUSG00000064818	+	Gm22359	1996
1997	Gm8577	chrX	154774453	154775438	processed_pseudogene	ENSMUSG00000082197	+	Gm8577	1997
1998	Cldn34b1	chrX	154886805	154890267	protein_coding	ENSMUSG00000072100	-	Cldn34b1	1998
1999	Magea6	chrX	154924012	154935987	protein_coding	ENSMUSG00000063728	-	Magea6	1999
2000	Magea3	chrX	154948543	154949505	protein_coding	ENSMUSG00000094196	-	Magea3	2000
2001	Gm6645	chrX	154971207	154974721	processed_pseudogene	ENSMUSG00000083554	-	Gm6645	2001
2002	Magea8	chrX	154985775	154995850	protein_coding	ENSMUSG00000079350	-	Magea8	2002
2003	Magea2	chrX	155027201	155093666	protein_coding	ENSMUSG00000055746	-	Magea2	2003
2004	Magea5	chrX	155053061	155063145	protein_coding	ENSMUSG00000079349	-	Magea5	2004
2005	Magea1	chrX	155088686	155089793	protein_coding	ENSMUSG00000096644	-	Magea1	2005
2006	Cldn34b2	chrX	155124917	155128412	protein_coding	ENSMUSG00000057402	-	Cldn34b2	2006
2007	Gm25429	chrX	155139896	155140027	snoRNA	ENSMUSG00000088232	+	Gm25429	2007
2008	Gm4997	chrX	155150952	155151311	processed_pseudogene	ENSMUSG00000045694	-	Gm4997	2008
2009	Amd-ps1	chrX	155155195	155156188	processed_pseudogene	ENSMUSG00000083823	+	Amd-ps1	2009
2010	Gm8595	chrX	155179281	155179910	processed_pseudogene	ENSMUSG00000081364	+	Gm8595	2010
2011	Gm15157	chrX	155185679	155186380	processed_pseudogene	ENSMUSG00000082560	+	Gm15157	2011
2012	Sat1	chrX	155213132	155216449	protein_coding	ENSMUSG00000025283	-	Sat1	2012
2013	Gm15159	chrX	155237498	155238261	processed_pseudogene	ENSMUSG00000084065	+	Gm15159	2013
2014	Acot9	chrX	155262443	155297654	protein_coding	ENSMUSG00000025287	+	Acot9	2014
2015	Gm650	chrX	155304199	155305749	processed_pseudogene	ENSMUSG00000052157	-	Gm650	2015
2016	Prdx4	chrX	155323918	155340754	protein_coding	ENSMUSG00000025289	-	Prdx4	2016
2017	Gm8606	chrX	155504037	155504924	processed_pseudogene	ENSMUSG00000083362	-	Gm8606	2017
2018	Ptchd1	chrX	155573455	155623814	protein_coding	ENSMUSG00000041552	-	Ptchd1	2018
2019	Gm15156	chrX	155622789	155623361	lncRNA	ENSMUSG00000084932	+	Gm15156	2019
2020	Gm15155	chrX	155624741	156345887	protein_coding	ENSMUSG00000055109	+	Gm15155	2020
2021	Gm15160	chrX	155922917	155923823	processed_pseudogene	ENSMUSG00000081386	+	Gm15160	2021
2022	4930503H13Rik	chrX	156539151	156540120	processed_pseudogene	ENSMUSG00000082612	+	4930503H13Rik	2022
2023	Gm7312	chrX	156679335	156679803	processed_pseudogene	ENSMUSG00000083573	-	Gm7312	2023
2024	Gm15162	chrX	156788206	156788488	processed_pseudogene	ENSMUSG00000084246	+	Gm15162	2024
2025	Gm15163	chrX	157016229	157017530	processed_pseudogene	ENSMUSG00000085711	-	Gm15163	2025
2026	Gm22666	chrX	157053955	157054118	snRNA	ENSMUSG00000089342	+	Gm22666	2026
2027	Phex	chrX	157162075	157415312	protein_coding	ENSMUSG00000057457	-	Phex	2027
2028	Gm23798	chrX	157191659	157191760	miRNA	ENSMUSG00000093301	+	Gm23798	2028
2029	Gm25795	chrX	157299490	157299621	snoRNA	ENSMUSG00000077609	-	Gm25795	2029
2030	Gm15172	chrX	157377939	157378984	processed_pseudogene	ENSMUSG00000082708	-	Gm15172	2030
2031	Gm1947	chrX	157429417	157430326	processed_pseudogene	ENSMUSG00000083841	+	Gm1947	2031
2032	Gm24281	chrX	157430604	157430739	snoRNA	ENSMUSG00000077422	+	Gm24281	2032
2033	Sms	chrX	157443855	157492287	protein_coding	ENSMUSG00000071708	-	Sms	2033
2034	Mbtps2	chrX	157535371	157598715	protein_coding	ENSMUSG00000046873	-	Mbtps2	2034
2035	Gm6568	chrX	157540866	157541562	processed_pseudogene	ENSMUSG00000082002	+	Gm6568	2035
2036	Yy2	chrX	157566119	157568985	protein_coding	ENSMUSG00000091736	-	Yy2	2036
2037	Gm15176	chrX	157604033	157604167	processed_pseudogene	ENSMUSG00000081415	-	Gm15176	2037
2038	Gm15175	chrX	157604351	157604482	processed_pseudogene	ENSMUSG00000083636	+	Gm15175	2038
2039	Gm15173	chrX	157612689	157613121	processed_pseudogene	ENSMUSG00000081222	-	Gm15173	2039
2040	Gm23381	chrX	157638203	157638296	rRNA	ENSMUSG00000088301	-	Gm23381	2040
2041	Gm15171	chrX	157663598	157663931	processed_pseudogene	ENSMUSG00000083117	+	Gm15171	2041
2042	Gm8648	chrX	157667565	157667785	processed_pseudogene	ENSMUSG00000083166	-	Gm8648	2042
2043	Smpx	chrX	157698910	157752591	protein_coding	ENSMUSG00000041476	+	Smpx	2043
2044	Gm15169	chrX	157757427	157798019	lncRNA	ENSMUSG00000086188	-	Gm15169	2044
2045	Klhl34	chrX	157818435	157820369	protein_coding	ENSMUSG00000047485	+	Klhl34	2045
2046	Cnksr2	chrX	157821436	158043294	protein_coding	ENSMUSG00000025658	-	Cnksr2	2046
2047	Gm8659	chrX	158150096	158151179	processed_pseudogene	ENSMUSG00000082076	+	Gm8659	2047
2048	Gm15170	chrX	158174826	158177487	processed_pseudogene	ENSMUSG00000083136	+	Gm15170	2048
2049	Gm8662	chrX	158248797	158249370	processed_pseudogene	ENSMUSG00000081797	+	Gm8662	2049
2050	Gm15177	chrX	158302921	158303497	processed_pseudogene	ENSMUSG00000084270	+	Gm15177	2050
2051	Gm15168	chrX	158503317	158503901	processed_pseudogene	ENSMUSG00000084210	-	Gm15168	2051
2052	Gm5764	chrX	158833435	158834319	processed_pseudogene	ENSMUSG00000082026	+	Gm5764	2052
2053	Gm15185	chrX	159096347	159097092	processed_pseudogene	ENSMUSG00000083316	-	Gm15185	2053
2054	Gm15188	chrX	159102349	159104985	unprocessed_pseudogene	ENSMUSG00000083625	-	Gm15188	2054
2055	Gm15189	chrX	159105915	159108491	processed_pseudogene	ENSMUSG00000083127	+	Gm15189	2055
2056	Rps6ka3	chrX	159210307	159368244	protein_coding	ENSMUSG00000031309	+	Rps6ka3	2056
2057	Eif1ax	chrX	159372178	159389928	protein_coding	ENSMUSG00000067194	+	Eif1ax	2057
2058	Map7d2	chrX	159414572	159498757	protein_coding	ENSMUSG00000041020	+	Map7d2	2058
2059	Bclaf3	chrX	159526688	159593081	protein_coding	ENSMUSG00000044150	+	Bclaf3	2059
2060	Gm15190	chrX	159584783	159585058	processed_pseudogene	ENSMUSG00000082693	-	Gm15190	2060
2061	Gm15186	chrX	159588465	159589027	processed_pseudogene	ENSMUSG00000083906	+	Gm15186	2061
2062	Sh3kbp1	chrX	159627272	159978069	protein_coding	ENSMUSG00000040990	+	Sh3kbp1	2062
2063	Map3k15	chrX	159988433	160123351	protein_coding	ENSMUSG00000031303	+	Map3k15	2063
2064	Gm15194	chrX	160020290	160020723	processed_pseudogene	ENSMUSG00000083393	-	Gm15194	2064
2065	Gm8682	chrX	160036321	160036818	processed_pseudogene	ENSMUSG00000082810	+	Gm8682	2065
2066	Pdha1	chrX	160122209	160138413	protein_coding	ENSMUSG00000031299	-	Pdha1	2066
2067	Gm15195	chrX	160269701	160269963	processed_pseudogene	ENSMUSG00000082500	-	Gm15195	2067
2068	Gm15192	chrX	160298478	160298770	unprocessed_pseudogene	ENSMUSG00000083318	+	Gm15192	2068
2069	Gm15196	chrX	160309007	160309488	processed_pseudogene	ENSMUSG00000083516	-	Gm15196	2069
2070	Gm15193	chrX	160345326	160347733	processed_pseudogene	ENSMUSG00000081536	-	Gm15193	2070
2071	Adgrg2	chrX	160390690	160498070	protein_coding	ENSMUSG00000031298	+	Adgrg2	2071
2072	Gm15241	chrX	160488549	160499870	lncRNA	ENSMUSG00000087505	-	Gm15241	2072
2073	Phka2	chrX	160502166	160598878	protein_coding	ENSMUSG00000031295	+	Phka2	2073
2074	Gm15243	chrX	160527501	160533045	lncRNA	ENSMUSG00000085695	-	Gm15243	2074
2075	Ppef1	chrX	160623094	160735765	protein_coding	ENSMUSG00000062168	-	Ppef1	2075
2076	Gm15242	chrX	160713896	160714178	processed_pseudogene	ENSMUSG00000083945	-	Gm15242	2076
2077	Gm15244	chrX	160714196	160714325	processed_pseudogene	ENSMUSG00000082449	+	Gm15244	2077
2078	Rs1	chrX	160768013	160799663	protein_coding	ENSMUSG00000031293	+	Rs1	2078
2079	Cdkl5	chrX	160771923	160994704	protein_coding	ENSMUSG00000031292	-	Cdkl5	2079
2080	Gja6	chrX	160902116	160907052	protein_coding	ENSMUSG00000055691	-	Gja6	2080
2081	Scml2	chrX	161082525	161258213	protein_coding	ENSMUSG00000000037	+	Scml2	2081
2082	Gm5419	chrX	161272237	161272840	processed_pseudogene	ENSMUSG00000080983	-	Gm5419	2082
2083	Gm15262	chrX	161287456	161366252	protein_coding	ENSMUSG00000108981	+	Gm15262	2083
2084	Prkaca-ps1	chrX	161485567	161486485	processed_pseudogene	ENSMUSG00000081845	-	Prkaca-ps1	2084
2085	Rai2	chrX	161717069	161779496	protein_coding	ENSMUSG00000043518	+	Rai2	2085
2086	Scml1	chrX	161814690	161832176	transcribed_unitary_pseudogene	ENSMUSG00000086540	-	Scml1	2086
2087	Nhs	chrX	161833296	162159730	protein_coding	ENSMUSG00000059493	-	Nhs	2087
2088	Gm15202	chrX	161908223	161908777	lncRNA	ENSMUSG00000087571	+	Gm15202	2088
2089	Gm26317	chrX	162069457	162069563	snRNA	ENSMUSG00000065828	+	Gm26317	2089
2090	Gm23794	chrX	162114238	162114341	snRNA	ENSMUSG00000065943	+	Gm23794	2090
2091	Gm27490	chrX	162237099	162237226	rRNA	ENSMUSG00000098436	+	Gm27490	2091
2092	Gm23867	chrX	162305029	162305302	misc_RNA	ENSMUSG00000084598	-	Gm23867	2092
2093	Gm15204	chrX	162351596	162353876	processed_pseudogene	ENSMUSG00000082625	+	Gm15204	2093
2094	Reps2	chrX	162411954	162643649	protein_coding	ENSMUSG00000040855	-	Reps2	2094
2095	Gm7331	chrX	162566857	162567243	processed_pseudogene	ENSMUSG00000059461	+	Gm7331	2095
2096	Gm15206	chrX	162576618	162577071	processed_pseudogene	ENSMUSG00000082007	-	Gm15206	2096
2097	Gm15203	chrX	162679007	162679461	processed_pseudogene	ENSMUSG00000083963	+	Gm15203	2097
2098	Gm22257	chrX	162687880	162688180	misc_RNA	ENSMUSG00000089312	+	Gm22257	2098
2099	Gm8737	chrX	162697612	162698253	processed_pseudogene	ENSMUSG00000082571	+	Gm8737	2099
2100	Gm15201	chrX	162735078	162736613	lncRNA	ENSMUSG00000086034	-	Gm15201	2100
2101	Gm23786	chrX	162748554	162748674	snoRNA	ENSMUSG00000080394	+	Gm23786	2101
2102	Rbbp7	chrX	162760402	162779092	protein_coding	ENSMUSG00000031353	+	Rbbp7	2102
2103	Txlng	chrX	162778919	162829454	protein_coding	ENSMUSG00000038344	-	Txlng	2103
2104	Gm16459	chrX	162844838	162845523	processed_pseudogene	ENSMUSG00000084022	+	Gm16459	2104
2105	Gm15207	chrX	162845825	162846266	processed_pseudogene	ENSMUSG00000082539	-	Gm15207	2105
2106	Gm23901	chrX	162850158	162850264	snRNA	ENSMUSG00000088195	-	Gm23901	2106
2107	Syap1	chrX	162857057	162888447	protein_coding	ENSMUSG00000031357	-	Syap1	2107
2108	Mir3473a	chrX	162874918	162874995	miRNA	ENSMUSG00000092752	-	Mir3473a	2108
2109	Gm15209	chrX	162894755	162895154	processed_pseudogene	ENSMUSG00000081917	-	Gm15209	2109
2110	Ctps2	chrX	162901238	163032508	protein_coding	ENSMUSG00000031360	+	Ctps2	2110
2111	S100g	chrX	162961992	162964599	protein_coding	ENSMUSG00000040808	-	S100g	2111
2112	Gm23501	chrX	163069614	163069869	misc_RNA	ENSMUSG00000088369	-	Gm23501	2112
2113	Gm22746	chrX	163150391	163150497	snRNA	ENSMUSG00000064428	-	Gm22746	2113
2114	Gm15215	chrX	163208312	163208800	processed_pseudogene	ENSMUSG00000083225	-	Gm15215	2114
2115	Gm15214	chrX	163326900	163327369	processed_pseudogene	ENSMUSG00000082970	-	Gm15214	2115
2116	Gm7199	chrX	163477652	163479136	processed_pseudogene	ENSMUSG00000080778	+	Gm7199	2116
2117	Grpr	chrX	163513904	163549677	protein_coding	ENSMUSG00000031364	-	Grpr	2117
2118	Rnf138rt1	chrX	163760139	163761329	protein_coding	ENSMUSG00000083695	-	Rnf138rt1	2118
2119	Ap1s2	chrX	163909017	163933666	protein_coding	ENSMUSG00000031367	+	Ap1s2	2119
2120	Zrsr2	chrX	163935443	163958661	protein_coding	ENSMUSG00000031370	-	Zrsr2	2120
2121	Car5b	chrX	163976822	164027997	protein_coding	ENSMUSG00000031373	-	Car5b	2121
2122	Siah1b	chrX	164070705	164076493	protein_coding	ENSMUSG00000040749	-	Siah1b	2122
2123	Cltrn	chrX	164088830	164118860	protein_coding	ENSMUSG00000015401	+	Cltrn	2123
2124	Ace2	chrX	164139332	164188420	protein_coding	ENSMUSG00000015405	+	Ace2	2124
2125	Bmx	chrX	164192842	164258193	protein_coding	ENSMUSG00000031377	-	Bmx	2125
2126	Gm25367	chrX	164268071	164268176	snRNA	ENSMUSG00000089471	-	Gm25367	2126
2127	Pir	chrX	164269371	164373011	protein_coding	ENSMUSG00000031379	+	Pir	2127
2128	Vegfd	chrX	164373378	164402650	protein_coding	ENSMUSG00000031380	+	Vegfd	2128
2129	Piga	chrX	164419787	164433916	protein_coding	ENSMUSG00000031381	+	Piga	2129
2130	Asb11	chrX	164436994	164459170	protein_coding	ENSMUSG00000031382	+	Asb11	2130
2131	Gm15211	chrX	164463216	164465882	processed_pseudogene	ENSMUSG00000081931	+	Gm15211	2131
2132	Asb9	chrX	164506327	164539752	protein_coding	ENSMUSG00000031384	+	Asb9	2132
2133	Mospd2	chrX	164936169	164980375	protein_coding	ENSMUSG00000061778	-	Mospd2	2133
2134	Fancb	chrX	164980592	164997272	protein_coding	ENSMUSG00000047757	+	Fancb	2134
2135	Gm17604	chrX	165003765	165004829	protein_coding	ENSMUSG00000079600	-	Gm17604	2135
2136	Glra2	chrX	165129017	165327393	protein_coding	ENSMUSG00000018589	-	Glra2	2136
2137	Gm22062	chrX	165717409	165717515	snRNA	ENSMUSG00000064497	-	Gm22062	2137
2138	Gm15224	chrX	166024033	166024420	processed_pseudogene	ENSMUSG00000081012	-	Gm15224	2138
2139	Gm15225	chrX	166062237	166070237	processed_pseudogene	ENSMUSG00000083466	+	Gm15225	2139
2140	Gemin8	chrX	166170454	166190512	protein_coding	ENSMUSG00000040621	+	Gemin8	2140
2141	Gpm6b	chrX	166238911	166388988	protein_coding	ENSMUSG00000031342	+	Gpm6b	2141
2142	Ofd1	chrX	166390033	166440704	protein_coding	ENSMUSG00000040586	-	Ofd1	2142
2143	Trappc2	chrX	166440574	166453140	protein_coding	ENSMUSG00000079317	+	Trappc2	2143
2144	Rab9	chrX	166457253	166479867	protein_coding	ENSMUSG00000079316	-	Rab9	2144
2145	Gm15229	chrX	166482220	166483617	processed_pseudogene	ENSMUSG00000085880	-	Gm15229	2145
2146	Gm15223	chrX	166485602	166486427	processed_pseudogene	ENSMUSG00000081875	+	Gm15223	2146
2147	Tceanc	chrX	166499812	166518567	protein_coding	ENSMUSG00000051224	-	Tceanc	2147
2148	Egfl6	chrX	166523007	166585720	protein_coding	ENSMUSG00000000402	-	Egfl6	2148
2149	Gm15226	chrX	166618102	166621542	lncRNA	ENSMUSG00000087677	-	Gm15226	2149
2150	Gm1720	chrX	166662025	166689812	lncRNA	ENSMUSG00000086860	+	Gm1720	2150
2151	Rpl7a-ps11	chrX	166854211	166855011	processed_pseudogene	ENSMUSG00000067147	+	Rpl7a-ps11	2151
2152	Gm15230	chrX	166857669	166864449	lncRNA	ENSMUSG00000084920	-	Gm15230	2152
2153	Gm15231	chrX	166935469	166935915	processed_pseudogene	ENSMUSG00000082019	+	Gm15231	2153
2154	Gm8814	chrX	167028902	167029436	processed_pseudogene	ENSMUSG00000082360	-	Gm8814	2154
2155	Gm8817	chrX	167063194	167070380	lncRNA	ENSMUSG00000086008	-	Gm8817	2155
2156	Gm15232	chrX	167088093	167102090	lncRNA	ENSMUSG00000084806	-	Gm15232	2156
2157	Gm15228	chrX	167164097	167171278	lncRNA	ENSMUSG00000087340	+	Gm15228	2157
2158	Tmsb4x	chrX	167207093	167209315	protein_coding	ENSMUSG00000049775	-	Tmsb4x	2158
2159	Tlr8	chrX	167242696	167264329	protein_coding	ENSMUSG00000040522	-	Tlr8	2159
2160	Tlr7	chrX	167304929	167330558	protein_coding	ENSMUSG00000044583	-	Tlr7	2160
2161	Prps2	chrX	167346322	167382749	protein_coding	ENSMUSG00000025742	-	Prps2	2161
2162	Gm15239	chrX	167361455	167364421	lncRNA	ENSMUSG00000086258	+	Gm15239	2162
2163	Gm26368	chrX	167364180	167364297	snoRNA	ENSMUSG00000088451	-	Gm26368	2163
2164	Gm6744	chrX	167445989	167446531	processed_pseudogene	ENSMUSG00000081216	-	Gm6744	2164
2165	Frmpd4	chrX	167471309	168577231	protein_coding	ENSMUSG00000049176	-	Frmpd4	2165
2166	Gm15238	chrX	167776261	167777556	processed_pseudogene	ENSMUSG00000084378	+	Gm15238	2166
2167	Gm15240	chrX	167987505	167988224	processed_pseudogene	ENSMUSG00000082915	+	Gm15240	2167
2168	Gm15237	chrX	168074454	168074922	processed_pseudogene	ENSMUSG00000084180	+	Gm15237	2168
2169	Gm8832	chrX	168366464	168366858	processed_pseudogene	ENSMUSG00000083611	+	Gm8832	2169
2170	Gm7209	chrX	168546009	168546341	processed_pseudogene	ENSMUSG00000084014	+	Gm7209	2170
2171	Msl3	chrX	168654117	168673898	protein_coding	ENSMUSG00000031358	-	Msl3	2171
2172	Gm15233	chrX	168774857	168775256	processed_pseudogene	ENSMUSG00000081500	-	Gm15233	2172
2173	Arhgap6	chrX	168795099	169304435	protein_coding	ENSMUSG00000031355	+	Arhgap6	2173
2174	Gm15261	chrX	169037674	169106536	lncRNA	ENSMUSG00000087201	-	Gm15261	2174
2175	Amelx	chrX	169176114	169187200	protein_coding	ENSMUSG00000031354	-	Amelx	2175
2176	Hccs	chrX	169250193	169320372	protein_coding	ENSMUSG00000031352	-	Hccs	2176
2177	Gm27980	chrX	169295009	169295177	misc_RNA	ENSMUSG00000099179	+	Gm27980	2177
2178	Gm15246	chrX	169320622	169368190	lncRNA	ENSMUSG00000087159	+	Gm15246	2178
2179	BC022960	chrX	169368189	169370003	transcribed_processed_pseudogene	ENSMUSG00000081137	+	BC022960	2179
2180	Gm15245	chrX	169447830	169475913	lncRNA	ENSMUSG00000087587	+	Gm15245	2180
2181	Mid1	chrX	169685199	170005736	protein_coding	ENSMUSG00000035299	+	Mid1	2181
2182	Gm25651	chrX	169695781	169695899	snoRNA	ENSMUSG00000065716	-	Gm25651	2182
2183	4933400A11Rik	chrX	169776257	169779635	protein_coding	ENSMUSG00000055357	-	4933400A11Rik	2183
2184	G530011O06Rik	chrX	169975043	169978917	lncRNA	ENSMUSG00000072844	-	G530011O06Rik	2184
2185	Gm15726	chrX	169979047	169985232	lncRNA	ENSMUSG00000087263	-	Gm15726	2185
2186	Gm15247	chrX	169985801	169986939	lncRNA	ENSMUSG00000086695	-	Gm15247	2186
2187	Gm21887	chrX	170009659	170019281	lncRNA	ENSMUSG00000095562	+	Gm21887	2187
2188	Asmt	chrX	170672644	170678054	protein_coding	ENSMUSG00000093806	+	Asmt	2188
