	Celltype
0	ExE ectoderm
1	neural ectoderm
2	ExE mesoderm
3	early mesenchyme
4	ExE endoderm
5	ExE endoderm
6	mitosis
7	blood
8	early mesoderm
9	neural ectoderm
10	ExE ectoderm
11	epithelial cells
12	mitosis
13	early mesenchyme
14	neural ectoderm
15	ExE endoderm
16	early mesoderm
17	early mesenchyme
18	neural ectoderm
19	endoderm
20	early mesoderm
21	early mesoderm
22	blood
23	neural ectoderm
24	ExE mesoderm
25	blood
26	blood
27	blood
28	blood
29	mitosis
30	early mesenchyme
31	ExE endoderm
32	blood
33	blood
34	neural ectoderm
35	neural ectoderm
36	blood
37	mitosis
38	neural ectoderm
39	neural ectoderm
40	blood
41	early mesenchyme
42	blood
43	ExE mesoderm
44	ExE endoderm
45	blood
46	endoderm
47	ExE ectoderm
48	blood
49	mitosis
50	blood
51	mitosis
52	ExE ectoderm
53	endoderm
54	early mesoderm
55	ExE ectoderm
56	ExE mesoderm
57	early mesenchyme
58	ExE endoderm
59	endoderm
60	endoderm
61	ExE ectoderm
62	epiblast and PS
63	ExE endoderm
64	ExE endoderm
65	neural ectoderm
66	mitosis
67	ExE endoderm
68	neural ectoderm
69	ExE ectoderm
70	early mesoderm
71	early mesoderm
72	neural ectoderm
73	epithelial cells
74	mitosis
75	early mesenchyme
76	blood
77	neural ectoderm
78	neural ectoderm
79	neural ectoderm
80	endoderm
81	neural ectoderm
82	mitosis
83	early mesenchyme
84	ExE endoderm
85	early mesoderm
86	epithelial cells
87	neural ectoderm
88	early mesoderm
89	epithelial cells
90	early mesenchyme
91	neural ectoderm
92	early mesenchyme
93	mitosis
94	ExE ectoderm
95	ExE endoderm
96	neural ectoderm
97	blood
98	ExE mesoderm
99	ExE ectoderm
100	early mesoderm
101	neural ectoderm
102	neural ectoderm
103	ExE endoderm
104	ExE mesoderm
105	early mesenchyme
106	ExE ectoderm
107	early mesenchyme
108	mitosis
109	blood
110	early mesenchyme
111	epithelial cells
112	ExE mesoderm
113	ExE ectoderm
114	blood
115	ExE mesoderm
116	ExE mesoderm
117	ExE endoderm
118	neural ectoderm
119	ExE mesoderm
120	mitosis
121	blood
122	early mesenchyme
123	neural ectoderm
124	early mesenchyme
125	neural ectoderm
126	ExE ectoderm
127	blood
128	early mesoderm
129	ExE ectoderm
130	neural ectoderm
131	epithelial cells
132	ExE ectoderm
133	early mesenchyme
134	ExE mesoderm
135	neural ectoderm
136	ExE endoderm
137	ExE endoderm
138	neural ectoderm
139	neural ectoderm
140	ExE ectoderm
141	early mesoderm
142	early mesoderm
143	ExE ectoderm
144	early mesoderm
145	mitosis
146	ExE endoderm
147	neural ectoderm
148	blood
149	ExE mesoderm
150	mitosis
151	ExE endoderm
152	ExE endoderm
153	early mesoderm
154	ExE mesoderm
155	mitosis
156	ExE ectoderm
157	ExE ectoderm
158	ExE ectoderm
159	endoderm
160	ExE ectoderm
161	neural ectoderm
162	neural ectoderm
163	ExE mesoderm
164	early mesenchyme
165	mitosis
166	ExE endoderm
167	blood
168	ExE ectoderm
169	neural ectoderm
170	ExE endoderm
171	ExE ectoderm
172	mitosis
173	endoderm
174	neural ectoderm
175	epithelial cells
176	early mesoderm
177	ExE endoderm
178	epithelial cells
179	early mesoderm
180	ExE endoderm
181	neural ectoderm
182	ExE mesoderm
183	blood
184	ExE endoderm
185	blood
186	mitosis
187	endoderm
188	ExE ectoderm
189	neural ectoderm
190	ExE ectoderm
191	ExE endoderm
192	ExE ectoderm
193	early mesoderm
194	ExE ectoderm
195	mitosis
196	ExE ectoderm
197	ExE endoderm
198	neural ectoderm
199	ExE ectoderm
200	ExE endoderm
201	ExE endoderm
202	neural ectoderm
203	blood
204	endoderm
205	ExE endoderm
206	neural ectoderm
207	neural ectoderm
208	neural ectoderm
209	mitosis
210	endoderm
211	ExE mesoderm
212	ExE endoderm
213	early mesenchyme
214	ExE mesoderm
215	ExE endoderm
216	early mesenchyme
217	epiblast and PS
218	ExE ectoderm
219	neural ectoderm
220	blood
221	early mesoderm
222	ExE ectoderm
223	neural ectoderm
224	ExE mesoderm
225	endoderm
226	neural ectoderm
227	endoderm
228	ExE ectoderm
229	ExE ectoderm
230	neural ectoderm
231	neural ectoderm
232	ExE endoderm
233	epithelial cells
234	ExE ectoderm
235	ExE endoderm
236	mitosis
237	early mesenchyme
238	ExE mesoderm
239	neural ectoderm
240	ExE endoderm
241	epithelial cells
242	neural ectoderm
243	early mesoderm
244	early mesenchyme
245	early mesoderm
246	early mesenchyme
247	ExE ectoderm
248	mitosis
249	ExE endoderm
250	blood
251	neural ectoderm
252	blood
253	mitosis
254	epiblast and PS
255	early mesoderm
256	neural ectoderm
257	blood
258	early mesenchyme
259	ExE endoderm
260	mitosis
261	early mesoderm
262	early mesoderm
263	ExE endoderm
264	ExE endoderm
265	early mesoderm
266	neural ectoderm
267	ExE endoderm
268	blood
269	mitosis
270	ExE ectoderm
271	ExE endoderm
272	ExE endoderm
273	ExE ectoderm
274	ExE ectoderm
275	neural ectoderm
276	blood
277	neural ectoderm
278	ExE ectoderm
279	early mesenchyme
280	blood
281	blood
282	early mesoderm
283	ExE endoderm
284	mitosis
285	blood
286	mitosis
287	blood
288	neural ectoderm
289	ExE ectoderm
290	early mesenchyme
291	ExE endoderm
292	neural ectoderm
293	mitosis
294	neural ectoderm
295	mitosis
296	ExE ectoderm
297	neural ectoderm
298	ExE ectoderm
299	neural ectoderm
300	neural ectoderm
301	endoderm
302	ExE endoderm
303	neural ectoderm
304	neural ectoderm
305	early mesoderm
306	neural ectoderm
307	mitosis
308	ExE ectoderm
309	neural ectoderm
310	ExE mesoderm
311	ExE ectoderm
312	ExE mesoderm
313	neural ectoderm
314	blood
315	early mesenchyme
316	ExE endoderm
317	mitosis
318	neural ectoderm
319	ExE mesoderm
320	neural ectoderm
321	blood
322	ExE ectoderm
323	ExE mesoderm
324	endoderm
325	ExE endoderm
326	ExE endoderm
327	early mesoderm
328	neural ectoderm
329	ExE ectoderm
330	mitosis
331	early mesoderm
332	neural ectoderm
333	early mesenchyme
334	neural ectoderm
335	ExE endoderm
336	early mesenchyme
337	mitosis
338	early mesoderm
339	endoderm
340	ExE endoderm
341	ExE mesoderm
342	mitosis
343	neural ectoderm
344	ExE ectoderm
345	blood
346	neural ectoderm
347	neural ectoderm
348	ExE endoderm
349	early mesenchyme
350	neural ectoderm
351	blood
352	neural ectoderm
353	neural ectoderm
354	blood
355	early mesenchyme
356	early mesoderm
357	neural ectoderm
358	neural ectoderm
359	neural ectoderm
360	ExE mesoderm
361	ExE ectoderm
362	ExE ectoderm
363	neural ectoderm
364	mitosis
365	ExE ectoderm
366	epithelial cells
367	ExE endoderm
368	neural ectoderm
369	ExE ectoderm
370	ExE ectoderm
371	ExE ectoderm
372	ExE ectoderm
373	neural ectoderm
374	ExE endoderm
375	blood
376	neural ectoderm
377	ExE ectoderm
378	ExE mesoderm
379	blood
380	early mesenchyme
381	ExE ectoderm
382	mitosis
383	neural ectoderm
384	ExE ectoderm
385	ExE ectoderm
386	ExE ectoderm
387	blood
388	ExE ectoderm
389	epiblast and PS
390	blood
391	ExE endoderm
392	early mesoderm
393	endoderm
394	early mesoderm
395	neural ectoderm
396	ExE endoderm
397	ExE ectoderm
398	ExE endoderm
399	ExE mesoderm
400	ExE endoderm
401	ExE mesoderm
402	epiblast and PS
403	ExE mesoderm
404	ExE ectoderm
405	ExE ectoderm
406	ExE mesoderm
407	ExE endoderm
408	neural ectoderm
409	neural ectoderm
410	mitosis
411	endoderm
412	neural ectoderm
413	mitosis
414	neural ectoderm
415	early mesoderm
416	early mesoderm
417	mitosis
418	early mesenchyme
419	early mesenchyme
420	neural ectoderm
421	ExE endoderm
422	ExE ectoderm
423	ExE ectoderm
424	neural ectoderm
425	ExE mesoderm
426	ExE ectoderm
427	epiblast and PS
428	ExE endoderm
429	ExE endoderm
430	ExE ectoderm
431	endoderm
432	ExE ectoderm
433	endoderm
434	neural ectoderm
435	early mesoderm
436	early mesoderm
437	neural ectoderm
438	ExE ectoderm
439	early mesenchyme
440	ExE endoderm
441	neural ectoderm
442	mitosis
443	ExE ectoderm
444	mitosis
445	neural ectoderm
446	ExE endoderm
447	early mesoderm
448	early mesoderm
449	ExE endoderm
450	neural ectoderm
451	neural ectoderm
452	neural ectoderm
453	ExE ectoderm
454	ExE mesoderm
455	early mesenchyme
456	early mesoderm
457	ExE ectoderm
458	neural ectoderm
459	endoderm
460	ExE ectoderm
461	ExE mesoderm
462	mitosis
463	early mesoderm
464	ExE endoderm
465	epiblast and PS
466	neural ectoderm
467	ExE ectoderm
468	ExE ectoderm
469	neural ectoderm
470	blood
471	neural ectoderm
472	neural ectoderm
473	epiblast and PS
474	blood
475	mitosis
476	blood
477	ExE ectoderm
478	neural ectoderm
479	ExE mesoderm
480	ExE ectoderm
481	ExE endoderm
482	early mesoderm
483	endoderm
484	ExE ectoderm
485	early mesoderm
486	ExE endoderm
487	ExE ectoderm
488	mitosis
489	early mesoderm
490	ExE ectoderm
491	ExE mesoderm
492	ExE ectoderm
493	early mesoderm
494	ExE endoderm
495	neural ectoderm
496	neural ectoderm
497	early mesoderm
498	early mesoderm
499	endoderm
500	ExE mesoderm
501	neural ectoderm
502	blood
503	ExE endoderm
504	blood
505	early mesoderm
506	neural ectoderm
507	ExE ectoderm
508	mitosis
509	ExE ectoderm
510	blood
511	ExE mesoderm
512	mitosis
513	neural ectoderm
514	ExE endoderm
515	neural ectoderm
516	early mesoderm
517	neural ectoderm
518	blood
519	ExE mesoderm
520	early mesoderm
521	blood
522	neural ectoderm
523	neural ectoderm
524	ExE ectoderm
525	endoderm
526	ExE mesoderm
527	ExE endoderm
528	ExE endoderm
529	neural ectoderm
530	mitosis
531	ExE ectoderm
532	ExE ectoderm
533	ExE ectoderm
534	epithelial cells
535	neural ectoderm
536	ExE mesoderm
537	neural ectoderm
538	endoderm
539	mitosis
540	ExE mesoderm
541	early mesenchyme
542	ExE ectoderm
543	ExE ectoderm
544	blood
545	early mesoderm
546	early mesoderm
547	neural ectoderm
548	early mesenchyme
549	neural ectoderm
550	ExE ectoderm
551	early mesoderm
552	early mesenchyme
553	endoderm
554	ExE endoderm
555	early mesenchyme
556	early mesoderm
557	neural ectoderm
558	ExE ectoderm
559	ExE endoderm
560	neural ectoderm
561	early mesoderm
562	neural ectoderm
563	ExE ectoderm
564	mitosis
565	blood
566	early mesenchyme
567	neural ectoderm
568	early mesoderm
569	epithelial cells
570	ExE ectoderm
571	early mesoderm
572	neural ectoderm
573	ExE endoderm
574	mitosis
575	neural ectoderm
576	neural ectoderm
577	ExE mesoderm
578	ExE endoderm
579	neural ectoderm
580	epithelial cells
581	neural ectoderm
582	neural ectoderm
583	neural ectoderm
584	epithelial cells
585	neural ectoderm
586	early mesenchyme
587	early mesenchyme
588	neural ectoderm
589	early mesenchyme
590	ExE endoderm
591	mitosis
592	early mesenchyme
593	ExE ectoderm
594	early mesenchyme
595	endoderm
596	early mesenchyme
597	blood
598	ExE ectoderm
599	endoderm
600	neural ectoderm
601	ExE endoderm
602	early mesenchyme
603	ExE ectoderm
604	early mesenchyme
605	early mesoderm
606	blood
607	neural ectoderm
608	ExE ectoderm
609	early mesoderm
610	ExE mesoderm
611	neural ectoderm
612	ExE endoderm
613	early mesoderm
614	ExE ectoderm
615	ExE endoderm
616	blood
617	blood
618	epithelial cells
619	neural ectoderm
620	ExE endoderm
621	endoderm
622	early mesenchyme
623	early mesenchyme
624	neural ectoderm
625	ExE endoderm
626	early mesenchyme
627	neural ectoderm
628	early mesoderm
629	neural ectoderm
630	early mesoderm
631	neural ectoderm
632	early mesoderm
633	ExE mesoderm
634	neural ectoderm
635	neural ectoderm
636	blood
637	neural ectoderm
638	neural ectoderm
639	blood
640	blood
641	ExE ectoderm
642	epithelial cells
643	ExE endoderm
644	blood
645	neural ectoderm
646	neural ectoderm
647	blood
648	early mesoderm
649	mitosis
650	early mesoderm
651	epithelial cells
652	early mesenchyme
653	neural ectoderm
654	early mesenchyme
655	ExE ectoderm
656	ExE ectoderm
657	ExE endoderm
658	early mesoderm
659	early mesoderm
660	neural ectoderm
661	mitosis
662	neural ectoderm
663	blood
664	early mesoderm
665	endoderm
666	ExE ectoderm
667	blood
668	early mesoderm
669	neural ectoderm
670	ExE endoderm
671	neural ectoderm
672	mitosis
673	mitosis
674	ExE endoderm
675	early mesoderm
676	ExE mesoderm
677	neural ectoderm
678	neural ectoderm
679	ExE ectoderm
680	neural ectoderm
681	early mesoderm
682	neural ectoderm
683	mitosis
684	mitosis
685	early mesoderm
686	ExE endoderm
687	neural ectoderm
688	early mesenchyme
689	blood
690	ExE endoderm
691	neural ectoderm
692	endoderm
693	neural ectoderm
694	endoderm
695	ExE endoderm
696	ExE ectoderm
697	ExE mesoderm
698	ExE mesoderm
699	ExE endoderm
700	early mesoderm
701	early mesoderm
702	ExE endoderm
703	ExE endoderm
704	ExE mesoderm
705	neural ectoderm
706	ExE mesoderm
707	endoderm
708	neural ectoderm
709	early mesenchyme
710	ExE ectoderm
711	ExE endoderm
712	blood
713	ExE ectoderm
714	mitosis
715	ExE mesoderm
716	blood
717	neural ectoderm
718	ExE endoderm
719	early mesoderm
720	early mesoderm
721	mitosis
722	early mesoderm
723	blood
724	ExE mesoderm
725	epithelial cells
726	early mesenchyme
727	neural ectoderm
728	early mesoderm
729	ExE ectoderm
730	ExE ectoderm
731	neural ectoderm
732	ExE endoderm
733	early mesoderm
734	endoderm
735	early mesenchyme
736	ExE mesoderm
737	neural ectoderm
738	neural ectoderm
739	ExE mesoderm
740	ExE endoderm
741	neural ectoderm
742	endoderm
743	ExE endoderm
744	ExE ectoderm
745	ExE ectoderm
746	ExE ectoderm
747	neural ectoderm
748	ExE endoderm
749	neural ectoderm
750	early mesoderm
751	ExE ectoderm
752	early mesoderm
753	ExE ectoderm
754	early mesenchyme
755	ExE mesoderm
756	ExE endoderm
757	ExE endoderm
758	mitosis
759	neural ectoderm
760	ExE ectoderm
761	mitosis
762	early mesenchyme
763	neural ectoderm
764	endoderm
765	ExE endoderm
766	ExE mesoderm
767	neural ectoderm
768	neural ectoderm
769	ExE mesoderm
770	early mesoderm
771	epiblast and PS
772	ExE mesoderm
773	ExE ectoderm
774	blood
775	ExE mesoderm
776	endoderm
777	blood
778	neural ectoderm
779	ExE endoderm
780	endoderm
781	ExE ectoderm
782	mitosis
783	ExE ectoderm
784	epithelial cells
785	neural ectoderm
786	epiblast and PS
787	blood
788	mitosis
789	early mesoderm
790	blood
791	early mesoderm
792	ExE endoderm
793	neural ectoderm
794	ExE ectoderm
795	ExE endoderm
796	neural ectoderm
797	endoderm
798	ExE ectoderm
799	ExE endoderm
800	ExE ectoderm
801	neural ectoderm
802	early mesenchyme
803	ExE endoderm
804	ExE endoderm
805	blood
806	early mesenchyme
807	ExE endoderm
808	blood
809	ExE endoderm
810	ExE endoderm
811	early mesoderm
812	ExE ectoderm
813	early mesenchyme
814	neural ectoderm
815	ExE ectoderm
816	neural ectoderm
817	ExE mesoderm
818	ExE endoderm
819	ExE ectoderm
820	ExE endoderm
821	endoderm
822	endoderm
823	ExE endoderm
824	early mesenchyme
825	ExE ectoderm
826	ExE endoderm
827	early mesoderm
828	mitosis
829	ExE mesoderm
830	ExE endoderm
831	neural ectoderm
832	ExE ectoderm
833	neural ectoderm
834	neural ectoderm
835	ExE mesoderm
836	ExE ectoderm
837	early mesenchyme
838	neural ectoderm
839	blood
840	neural ectoderm
841	ExE mesoderm
842	ExE ectoderm
843	neural ectoderm
844	neural ectoderm
845	ExE endoderm
846	ExE endoderm
847	epithelial cells
848	early mesoderm
849	neural ectoderm
850	ExE endoderm
851	ExE endoderm
852	ExE endoderm
853	ExE ectoderm
854	ExE endoderm
855	neural ectoderm
856	early mesenchyme
857	ExE ectoderm
858	ExE endoderm
859	ExE endoderm
860	neural ectoderm
861	ExE endoderm
862	neural ectoderm
863	ExE endoderm
864	ExE endoderm
865	blood
866	ExE endoderm
867	ExE endoderm
868	ExE endoderm
869	epithelial cells
870	neural ectoderm
871	ExE ectoderm
872	ExE ectoderm
873	neural ectoderm
874	ExE ectoderm
875	neural ectoderm
876	neural ectoderm
877	neural ectoderm
878	ExE endoderm
879	ExE mesoderm
880	ExE endoderm
881	epiblast and PS
882	ExE endoderm
883	ExE endoderm
884	ExE endoderm
885	epiblast and PS
886	ExE ectoderm
887	ExE ectoderm
888	ExE ectoderm
889	ExE ectoderm
890	ExE endoderm
891	epiblast and PS
892	epiblast and PS
893	ExE mesoderm
894	epiblast and PS
895	endoderm
896	ExE ectoderm
897	early mesoderm
898	ExE ectoderm
899	epiblast and PS
900	neural ectoderm
901	ExE endoderm
902	ExE ectoderm
903	endoderm
904	ExE mesoderm
905	epiblast and PS
906	ExE endoderm
907	early mesoderm
908	epiblast and PS
909	ExE ectoderm
910	ExE ectoderm
911	epiblast and PS
912	epiblast and PS
913	epiblast and PS
914	ExE ectoderm
915	epiblast and PS
916	ExE endoderm
917	blood
918	ExE endoderm
919	neural ectoderm
920	mitosis
921	early mesoderm
922	ExE endoderm
923	epiblast and PS
924	epiblast and PS
925	mitosis
926	ExE mesoderm
927	mitosis
928	ExE ectoderm
929	early mesoderm
930	ExE endoderm
931	mitosis
932	early mesoderm
933	epiblast and PS
934	ExE mesoderm
935	mitosis
936	ExE ectoderm
937	ExE ectoderm
938	ExE ectoderm
939	ExE ectoderm
940	endoderm
941	ExE endoderm
942	epiblast and PS
943	ExE ectoderm
944	epiblast and PS
945	ExE ectoderm
946	ExE endoderm
947	epiblast and PS
948	epiblast and PS
949	epiblast and PS
950	epiblast and PS
951	early mesoderm
952	epiblast and PS
953	ExE endoderm
954	epiblast and PS
955	ExE ectoderm
956	ExE endoderm
957	epiblast and PS
958	neural ectoderm
959	early mesoderm
960	early mesoderm
961	ExE endoderm
962	ExE endoderm
963	epithelial cells
964	epiblast and PS
965	epiblast and PS
966	ExE endoderm
967	ExE endoderm
968	ExE ectoderm
969	ExE ectoderm
970	early mesoderm
971	early mesoderm
972	epiblast and PS
973	ExE endoderm
974	epiblast and PS
975	epiblast and PS
976	epiblast and PS
977	ExE mesoderm
978	early mesoderm
979	early mesoderm
980	epiblast and PS
981	epiblast and PS
982	mitosis
983	ExE ectoderm
984	epiblast and PS
985	ExE endoderm
986	epiblast and PS
987	epiblast and PS
988	endoderm
989	epiblast and PS
990	ExE endoderm
991	early mesoderm
992	epiblast and PS
993	early mesoderm
994	ExE ectoderm
995	epiblast and PS
996	ExE endoderm
997	ExE ectoderm
998	epiblast and PS
999	early mesoderm
1000	ExE ectoderm
1001	epiblast and PS
1002	epithelial cells
1003	ExE ectoderm
1004	ExE endoderm
1005	ExE endoderm
1006	epithelial cells
1007	early mesoderm
1008	ExE endoderm
1009	ExE mesoderm
1010	ExE endoderm
1011	epiblast and PS
1012	epiblast and PS
1013	blood
1014	epiblast and PS
1015	mitosis
1016	epiblast and PS
1017	epiblast and PS
1018	epiblast and PS
1019	epiblast and PS
1020	epiblast and PS
1021	ExE endoderm
1022	epiblast and PS
1023	ExE ectoderm
1024	ExE endoderm
1025	epiblast and PS
1026	epiblast and PS
1027	mitosis
1028	ExE mesoderm
1029	epiblast and PS
1030	epiblast and PS
1031	epiblast and PS
1032	epiblast and PS
1033	epiblast and PS
1034	ExE ectoderm
1035	ExE endoderm
1036	ExE ectoderm
1037	ExE endoderm
1038	epiblast and PS
1039	epiblast and PS
1040	epiblast and PS
1041	epiblast and PS
1042	ExE ectoderm
1043	ExE endoderm
1044	ExE ectoderm
1045	ExE endoderm
1046	early mesenchyme
1047	epiblast and PS
1048	ExE endoderm
1049	blood
1050	early mesoderm
1051	mitosis
1052	ExE ectoderm
1053	epiblast and PS
1054	ExE endoderm
1055	epiblast and PS
1056	ExE ectoderm
1057	epiblast and PS
1058	early mesoderm
1059	ExE mesoderm
1060	ExE endoderm
1061	ExE endoderm
1062	ExE endoderm
1063	ExE endoderm
1064	ExE endoderm
1065	epiblast and PS
1066	mitosis
1067	endoderm
1068	epiblast and PS
1069	epiblast and PS
1070	ExE endoderm
1071	epiblast and PS
1072	epiblast and PS
1073	epiblast and PS
1074	early mesoderm
1075	ExE endoderm
1076	ExE ectoderm
1077	epiblast and PS
1078	ExE ectoderm
1079	early mesoderm
1080	epiblast and PS
1081	epiblast and PS
1082	epiblast and PS
1083	mitosis
1084	ExE ectoderm
1085	epiblast and PS
1086	epiblast and PS
1087	epiblast and PS
1088	epiblast and PS
1089	epiblast and PS
1090	ExE ectoderm
1091	epiblast and PS
1092	mitosis
1093	epiblast and PS
1094	epiblast and PS
1095	ExE ectoderm
1096	endoderm
1097	epiblast and PS
1098	epiblast and PS
1099	ExE mesoderm
1100	early mesoderm
1101	epiblast and PS
1102	ExE ectoderm
1103	early mesenchyme
1104	epiblast and PS
1105	epiblast and PS
1106	mitosis
1107	ExE endoderm
1108	epiblast and PS
1109	ExE endoderm
1110	ExE endoderm
1111	epiblast and PS
1112	endoderm
1113	early mesoderm
1114	epiblast and PS
1115	epiblast and PS
1116	ExE ectoderm
1117	ExE ectoderm
1118	ExE endoderm
1119	epiblast and PS
1120	ExE endoderm
1121	ExE ectoderm
1122	endoderm
1123	ExE ectoderm
1124	early mesoderm
1125	neural ectoderm
1126	early mesoderm
1127	endoderm
1128	ExE mesoderm
1129	ExE endoderm
1130	early mesoderm
1131	ExE endoderm
1132	ExE endoderm
1133	epiblast and PS
1134	epiblast and PS
1135	epiblast and PS
1136	mitosis
1137	mitosis
1138	ExE ectoderm
1139	epiblast and PS
1140	early mesoderm
1141	early mesoderm
1142	epiblast and PS
1143	ExE endoderm
1144	ExE ectoderm
1145	endoderm
1146	early mesoderm
1147	epiblast and PS
1148	epiblast and PS
1149	ExE ectoderm
1150	early mesoderm
1151	ExE ectoderm
1152	ExE endoderm
1153	epiblast and PS
1154	neural ectoderm
1155	ExE ectoderm
1156	blood
1157	ExE ectoderm
1158	neural ectoderm
1159	early mesoderm
1160	blood
1161	ExE ectoderm
1162	blood
1163	epiblast and PS
1164	ExE endoderm
1165	epiblast and PS
1166	mitosis
1167	early mesoderm
1168	ExE ectoderm
1169	epiblast and PS
1170	early mesoderm
1171	epiblast and PS
1172	ExE ectoderm
1173	epiblast and PS
1174	epiblast and PS
1175	epiblast and PS
1176	ExE ectoderm
1177	ExE endoderm
1178	ExE endoderm
1179	neural ectoderm
1180	epiblast and PS
1181	mitosis
1182	epiblast and PS
1183	epiblast and PS
1184	early mesoderm
1185	ExE endoderm
1186	ExE endoderm
1187	ExE endoderm
1188	ExE endoderm
1189	ExE endoderm
1190	epiblast and PS
1191	ExE ectoderm
1192	ExE endoderm
1193	ExE ectoderm
1194	ExE mesoderm
1195	ExE ectoderm
1196	ExE mesoderm
1197	early mesoderm
1198	ExE endoderm
1199	early mesenchyme
1200	epiblast and PS
1201	epiblast and PS
1202	ExE endoderm
1203	blood
1204	blood
1205	blood
1206	epiblast and PS
1207	ExE ectoderm
1208	epiblast and PS
1209	early mesoderm
1210	ExE ectoderm
1211	ExE ectoderm
1212	endoderm
1213	epiblast and PS
1214	mitosis
1215	epiblast and PS
1216	epiblast and PS
1217	ExE endoderm
1218	mitosis
1219	epiblast and PS
1220	ExE endoderm
1221	epiblast and PS
1222	ExE endoderm
1223	epiblast and PS
1224	ExE ectoderm
1225	blood
1226	early mesoderm
1227	mitosis
1228	epiblast and PS
1229	early mesoderm
1230	ExE ectoderm
1231	ExE ectoderm
1232	early mesoderm
1233	early mesoderm
1234	ExE endoderm
1235	neural ectoderm
1236	epiblast and PS
1237	epiblast and PS
1238	epiblast and PS
1239	mitosis
1240	ExE endoderm
1241	ExE endoderm
1242	epiblast and PS
1243	mitosis
1244	ExE ectoderm
1245	ExE ectoderm
1246	ExE endoderm
1247	early mesoderm
1248	endoderm
1249	ExE ectoderm
1250	epiblast and PS
1251	epiblast and PS
1252	blood
1253	ExE endoderm
1254	neural ectoderm
1255	early mesenchyme
1256	ExE mesoderm
1257	blood
1258	ExE mesoderm
1259	epiblast and PS
1260	ExE ectoderm
1261	ExE mesoderm
1262	early mesoderm
1263	ExE ectoderm
1264	epithelial cells
1265	endoderm
1266	early mesenchyme
1267	ExE ectoderm
1268	ExE endoderm
1269	ExE mesoderm
1270	blood
1271	blood
1272	neural ectoderm
1273	epiblast and PS
1274	endoderm
1275	epithelial cells
1276	neural ectoderm
1277	ExE ectoderm
1278	mitosis
1279	ExE endoderm
1280	ExE endoderm
1281	early mesenchyme
1282	early mesoderm
1283	ExE endoderm
1284	ExE endoderm
1285	ExE ectoderm
1286	early mesenchyme
1287	neural ectoderm
1288	endoderm
1289	neural ectoderm
1290	early mesoderm
1291	ExE endoderm
1292	early mesoderm
1293	ExE mesoderm
1294	ExE ectoderm
1295	early mesenchyme
1296	neural ectoderm
1297	mitosis
1298	ExE ectoderm
1299	neural ectoderm
1300	ExE endoderm
1301	early mesenchyme
1302	ExE endoderm
1303	blood
1304	early mesenchyme
1305	ExE ectoderm
1306	ExE mesoderm
1307	ExE endoderm
1308	ExE ectoderm
1309	blood
1310	early mesoderm
1311	early mesoderm
1312	ExE ectoderm
1313	ExE ectoderm
1314	mitosis
1315	epithelial cells
1316	neural ectoderm
1317	ExE endoderm
1318	ExE endoderm
1319	ExE endoderm
1320	ExE ectoderm
1321	early mesenchyme
1322	ExE ectoderm
1323	endoderm
1324	early mesenchyme
1325	mitosis
1326	mitosis
1327	neural ectoderm
1328	epithelial cells
1329	blood
1330	ExE endoderm
1331	early mesoderm
1332	blood
1333	neural ectoderm
1334	ExE ectoderm
1335	ExE ectoderm
1336	ExE ectoderm
1337	early mesoderm
1338	early mesenchyme
1339	endoderm
1340	early mesoderm
1341	mitosis
1342	ExE endoderm
1343	ExE endoderm
1344	early mesenchyme
1345	epiblast and PS
1346	ExE ectoderm
1347	ExE endoderm
1348	ExE ectoderm
1349	ExE ectoderm
1350	ExE endoderm
1351	ExE ectoderm
1352	epiblast and PS
1353	ExE ectoderm
1354	ExE endoderm
1355	early mesoderm
1356	early mesoderm
1357	blood
1358	mitosis
1359	ExE ectoderm
1360	ExE ectoderm
1361	epiblast and PS
1362	epiblast and PS
1363	early mesoderm
1364	early mesenchyme
1365	neural ectoderm
1366	ExE endoderm
1367	neural ectoderm
1368	ExE endoderm
1369	neural ectoderm
1370	ExE ectoderm
1371	early mesoderm
1372	ExE endoderm
1373	blood
1374	ExE endoderm
1375	early mesenchyme
1376	epithelial cells
1377	mitosis
1378	early mesoderm
1379	neural ectoderm
1380	epiblast and PS
1381	early mesoderm
1382	endoderm
1383	early mesoderm
1384	blood
1385	ExE mesoderm
1386	ExE ectoderm
1387	early mesoderm
1388	ExE mesoderm
1389	ExE endoderm
1390	mitosis
1391	blood
1392	neural ectoderm
1393	early mesoderm
1394	neural ectoderm
1395	ExE mesoderm
1396	epiblast and PS
1397	early mesoderm
1398	ExE mesoderm
1399	ExE ectoderm
1400	neural ectoderm
1401	endoderm
1402	epiblast and PS
1403	early mesoderm
1404	mitosis
1405	epiblast and PS
1406	ExE mesoderm
1407	ExE ectoderm
1408	ExE mesoderm
1409	blood
1410	mitosis
1411	mitosis
1412	epiblast and PS
1413	neural ectoderm
1414	early mesoderm
1415	ExE endoderm
1416	neural ectoderm
1417	epithelial cells
1418	ExE mesoderm
1419	neural ectoderm
1420	epiblast and PS
1421	epithelial cells
1422	mitosis
1423	epiblast and PS
1424	ExE mesoderm
1425	endoderm
1426	mitosis
1427	neural ectoderm
1428	ExE endoderm
1429	epithelial cells
1430	ExE endoderm
1431	early mesenchyme
1432	neural ectoderm
1433	ExE ectoderm
1434	epiblast and PS
1435	ExE endoderm
1436	endoderm
1437	early mesenchyme
1438	endoderm
1439	ExE mesoderm
1440	mitosis
1441	blood
1442	endoderm
1443	ExE mesoderm
1444	ExE mesoderm
1445	early mesoderm
1446	neural ectoderm
1447	blood
1448	early mesenchyme
1449	ExE endoderm
1450	early mesenchyme
1451	mitosis
1452	early mesoderm
1453	mitosis
1454	early mesenchyme
1455	neural ectoderm
1456	early mesenchyme
1457	neural ectoderm
1458	neural ectoderm
1459	endoderm
1460	ExE mesoderm
1461	neural ectoderm
1462	ExE ectoderm
1463	neural ectoderm
1464	epithelial cells
1465	ExE endoderm
1466	early mesenchyme
1467	epithelial cells
1468	early mesenchyme
1469	ExE endoderm
1470	neural ectoderm
1471	neural ectoderm
1472	early mesenchyme
1473	NMP
1474	neural ectoderm
1475	early mesenchyme
1476	neural ectoderm
1477	early mesoderm
1478	early mesoderm
1479	blood
1480	ExE ectoderm
1481	neural ectoderm
1482	early mesenchyme
1483	neural ectoderm
1484	neural ectoderm
1485	endoderm
1486	neural ectoderm
1487	blood
1488	ExE endoderm
1489	ExE ectoderm
1490	mitosis
1491	neural ectoderm
1492	blood
1493	endoderm
1494	ExE endoderm
1495	epithelial cells
1496	blood
1497	early mesenchyme
1498	early mesenchyme
1499	ExE mesoderm
1500	ExE mesoderm
1501	ExE mesoderm
1502	endoderm
1503	ExE endoderm
1504	neural ectoderm
1505	neural ectoderm
1506	epithelial cells
1507	blood
1508	blood
1509	early mesoderm
1510	ExE mesoderm
1511	ExE ectoderm
1512	ExE endoderm
1513	early mesoderm
1514	ExE endoderm
1515	ExE mesoderm
1516	ExE mesoderm
1517	ExE endoderm
1518	early mesoderm
1519	early mesenchyme
1520	neural ectoderm
1521	early mesoderm
1522	neural ectoderm
1523	early mesenchyme
1524	blood
1525	ExE ectoderm
1526	neural ectoderm
1527	mitosis
1528	blood
1529	early mesenchyme
1530	neural ectoderm
1531	ExE ectoderm
1532	neural ectoderm
1533	mitosis
1534	early mesoderm
1535	neural ectoderm
1536	endoderm
1537	neural ectoderm
1538	ExE ectoderm
1539	ExE ectoderm
1540	ExE ectoderm
1541	mitosis
1542	mitosis
1543	mitosis
1544	neural ectoderm
1545	neural ectoderm
1546	ExE endoderm
1547	early mesenchyme
1548	early mesenchyme
1549	endoderm
1550	early mesoderm
1551	ExE endoderm
1552	neural ectoderm
1553	early mesoderm
1554	neural ectoderm
1555	ExE mesoderm
1556	ExE ectoderm
1557	early mesoderm
1558	early mesenchyme
1559	neural ectoderm
1560	early mesoderm
1561	neural ectoderm
1562	neural ectoderm
1563	ExE endoderm
1564	neural ectoderm
1565	ExE ectoderm
1566	endoderm
1567	ExE mesoderm
1568	ExE ectoderm
1569	endoderm
1570	neural ectoderm
1571	epithelial cells
1572	neural ectoderm
1573	endoderm
1574	early mesoderm
1575	ExE ectoderm
1576	ExE ectoderm
1577	blood
1578	mitosis
1579	ExE endoderm
1580	early mesoderm
1581	blood
1582	epiblast and PS
1583	ExE ectoderm
1584	mitosis
1585	ExE ectoderm
1586	ExE ectoderm
1587	neural ectoderm
1588	blood
1589	early mesoderm
1590	early mesoderm
1591	ExE endoderm
1592	ExE endoderm
1593	early mesoderm
1594	epiblast and PS
1595	ExE endoderm
1596	neural ectoderm
1597	ExE mesoderm
1598	ExE ectoderm
1599	ExE ectoderm
1600	ExE ectoderm
1601	mitosis
1602	ExE endoderm
1603	neural ectoderm
1604	neural ectoderm
1605	endoderm
1606	ExE mesoderm
1607	ExE endoderm
1608	mitosis
1609	ExE endoderm
1610	mitosis
1611	ExE ectoderm
1612	ExE endoderm
1613	mitosis
1614	ExE endoderm
1615	blood
1616	ExE endoderm
1617	ExE mesoderm
1618	ExE endoderm
1619	early mesoderm
1620	neural ectoderm
1621	neural ectoderm
1622	epiblast and PS
1623	ExE mesoderm
1624	neural ectoderm
1625	early mesoderm
1626	ExE ectoderm
1627	neural ectoderm
1628	early mesoderm
1629	ExE mesoderm
1630	ExE ectoderm
1631	ExE ectoderm
1632	ExE ectoderm
1633	mitosis
1634	ExE endoderm
1635	early mesenchyme
1636	ExE endoderm
1637	mitosis
1638	ExE ectoderm
1639	early mesoderm
1640	neural ectoderm
1641	neural ectoderm
1642	mitosis
1643	neural ectoderm
1644	neural ectoderm
1645	ExE mesoderm
1646	ExE ectoderm
1647	ExE ectoderm
1648	ExE endoderm
1649	neural ectoderm
1650	blood
1651	neural ectoderm
1652	ExE ectoderm
1653	early mesenchyme
1654	ExE ectoderm
1655	early mesoderm
1656	ExE mesoderm
1657	ExE ectoderm
1658	ExE mesoderm
1659	ExE endoderm
1660	ExE mesoderm
1661	early mesoderm
1662	early mesoderm
1663	neural ectoderm
1664	early mesoderm
1665	ExE endoderm
1666	ExE mesoderm
1667	early mesenchyme
1668	mitosis
1669	ExE mesoderm
1670	mitosis
1671	early mesenchyme
1672	ExE ectoderm
1673	mitosis
1674	epithelial cells
1675	early mesoderm
1676	early mesenchyme
1677	mitosis
1678	ExE endoderm
1679	ExE mesoderm
1680	neural ectoderm
1681	neural ectoderm
1682	ExE endoderm
1683	ExE endoderm
1684	ExE ectoderm
1685	early mesoderm
1686	mitosis
1687	neural ectoderm
1688	mitosis
1689	ExE mesoderm
1690	ExE ectoderm
1691	ExE ectoderm
1692	neural ectoderm
1693	ExE mesoderm
1694	ExE endoderm
1695	ExE endoderm
1696	epithelial cells
1697	early mesenchyme
1698	ExE ectoderm
1699	neural ectoderm
1700	early mesoderm
1701	neural ectoderm
1702	early mesenchyme
1703	ExE ectoderm
1704	ExE mesoderm
1705	ExE mesoderm
1706	ExE endoderm
1707	neural ectoderm
1708	ExE mesoderm
1709	epithelial cells
1710	endoderm
1711	early mesoderm
1712	neural ectoderm
1713	ExE ectoderm
1714	neural ectoderm
1715	ExE ectoderm
1716	ExE endoderm
1717	ExE ectoderm
1718	blood
1719	neural ectoderm
1720	neural ectoderm
1721	mitosis
1722	neural ectoderm
1723	neural ectoderm
1724	ExE endoderm
1725	early mesoderm
1726	early mesenchyme
1727	blood
1728	ExE endoderm
1729	mitosis
1730	mitosis
1731	early mesenchyme
1732	neural ectoderm
1733	early mesenchyme
1734	epithelial cells
1735	ExE mesoderm
1736	ExE mesoderm
1737	ExE mesoderm
1738	ExE endoderm
1739	epithelial cells
1740	early mesoderm
1741	blood
1742	neural ectoderm
1743	blood
1744	early mesoderm
1745	neural ectoderm
1746	early mesenchyme
1747	early mesoderm
1748	neural ectoderm
1749	blood
1750	neural ectoderm
1751	ExE mesoderm
1752	neural ectoderm
1753	mitosis
1754	neural ectoderm
1755	mitosis
1756	ExE ectoderm
1757	ExE mesoderm
1758	neural ectoderm
1759	endoderm
1760	neural ectoderm
1761	early mesenchyme
1762	early mesenchyme
1763	early mesoderm
1764	mitosis
1765	early mesenchyme
1766	blood
1767	blood
1768	ExE endoderm
1769	early mesenchyme
1770	early mesoderm
1771	neural ectoderm
1772	mitosis
1773	ExE mesoderm
1774	neural ectoderm
1775	early mesoderm
1776	mitosis
1777	early mesoderm
1778	mitosis
1779	early mesoderm
1780	ExE endoderm
1781	neural ectoderm
1782	blood
1783	early mesoderm
1784	early mesoderm
1785	early mesenchyme
1786	neural ectoderm
1787	early mesenchyme
1788	ExE mesoderm
1789	early mesoderm
1790	mitosis
1791	neural ectoderm
1792	ExE ectoderm
1793	neural ectoderm
1794	neural ectoderm
1795	early mesoderm
1796	ExE mesoderm
1797	neural ectoderm
1798	early mesoderm
1799	early mesenchyme
1800	ExE endoderm
1801	ExE mesoderm
1802	early mesenchyme
1803	neural ectoderm
1804	neural ectoderm
1805	ExE endoderm
1806	ExE mesoderm
1807	mitosis
1808	early mesoderm
1809	early mesoderm
1810	neural ectoderm
1811	ExE endoderm
1812	early mesenchyme
1813	early mesenchyme
1814	early mesenchyme
1815	ExE endoderm
1816	neural ectoderm
1817	mitosis
1818	endoderm
1819	neural ectoderm
1820	early mesoderm
1821	early mesenchyme
1822	ExE endoderm
1823	early mesenchyme
1824	neural ectoderm
1825	neural ectoderm
1826	ExE ectoderm
1827	ExE endoderm
1828	neural ectoderm
1829	ExE endoderm
1830	ExE ectoderm
1831	neural ectoderm
1832	ExE ectoderm
1833	neural ectoderm
1834	early mesenchyme
1835	ExE ectoderm
1836	early mesoderm
1837	neural ectoderm
1838	mitosis
1839	early mesoderm
1840	ExE ectoderm
1841	early mesenchyme
1842	early mesoderm
1843	ExE ectoderm
1844	ExE endoderm
1845	ExE endoderm
1846	neural ectoderm
1847	ExE endoderm
1848	ExE endoderm
1849	neural ectoderm
1850	ExE ectoderm
1851	ExE endoderm
1852	early mesoderm
1853	ExE mesoderm
1854	blood
1855	early mesenchyme
1856	neural ectoderm
1857	neural ectoderm
1858	early mesoderm
1859	blood
1860	early mesoderm
1861	early mesoderm
1862	neural ectoderm
1863	ExE endoderm
1864	early mesoderm
1865	ExE mesoderm
1866	endoderm
1867	neural ectoderm
1868	early mesoderm
1869	mitosis
1870	early mesenchyme
1871	neural ectoderm
1872	neural ectoderm
1873	ExE mesoderm
1874	ExE endoderm
1875	epithelial cells
1876	ExE endoderm
1877	early mesoderm
1878	early mesenchyme
1879	early mesenchyme
1880	early mesenchyme
1881	early mesenchyme
1882	ExE endoderm
1883	neural ectoderm
1884	ExE endoderm
1885	neural ectoderm
1886	ExE ectoderm
1887	ExE ectoderm
1888	ExE ectoderm
1889	ExE ectoderm
1890	early mesoderm
1891	ExE endoderm
1892	neural ectoderm
1893	mitosis
1894	ExE endoderm
1895	early mesoderm
1896	ExE ectoderm
1897	early mesoderm
1898	neural ectoderm
1899	ExE mesoderm
1900	mitosis
1901	ExE endoderm
1902	ExE endoderm
1903	mitosis
1904	blood
1905	early mesoderm
1906	blood
1907	blood
1908	epithelial cells
1909	neural ectoderm
1910	ExE endoderm
1911	ExE mesoderm
1912	early mesenchyme
1913	neural ectoderm
1914	mitosis
1915	early mesenchyme
1916	early mesenchyme
1917	ExE ectoderm
1918	neural ectoderm
1919	ExE endoderm
1920	epithelial cells
1921	ExE ectoderm
1922	ExE mesoderm
1923	mitosis
1924	neural ectoderm
1925	ExE mesoderm
1926	ExE mesoderm
1927	neural ectoderm
1928	early mesoderm
1929	neural ectoderm
1930	ExE mesoderm
1931	ExE endoderm
1932	mitosis
1933	neural ectoderm
1934	blood
1935	neural ectoderm
1936	ExE endoderm
1937	mitosis
1938	ExE mesoderm
1939	early mesenchyme
1940	ExE endoderm
1941	neural ectoderm
1942	neural ectoderm
1943	neural ectoderm
1944	ExE ectoderm
1945	endoderm
1946	early mesoderm
1947	neural ectoderm
1948	epithelial cells
1949	ExE ectoderm
1950	ExE endoderm
1951	ExE ectoderm
1952	ExE endoderm
1953	epithelial cells
1954	ExE ectoderm
1955	ExE mesoderm
1956	epithelial cells
1957	blood
1958	blood
1959	early mesenchyme
1960	ExE mesoderm
1961	mitosis
1962	neural ectoderm
1963	early mesoderm
1964	ExE ectoderm
1965	blood
1966	ExE mesoderm
1967	endoderm
1968	ExE endoderm
1969	early mesoderm
1970	early mesoderm
1971	mitosis
1972	mitosis
1973	mitosis
1974	early mesoderm
1975	neural ectoderm
1976	early mesenchyme
1977	early mesenchyme
1978	ExE mesoderm
1979	early mesenchyme
1980	ExE endoderm
1981	mitosis
1982	neural ectoderm
1983	neural ectoderm
1984	mitosis
1985	early mesenchyme
1986	mitosis
1987	blood
1988	early mesoderm
1989	neural ectoderm
1990	epithelial cells
1991	early mesoderm
1992	mitosis
1993	early mesenchyme
1994	neural ectoderm
1995	ExE mesoderm
1996	neural ectoderm
1997	ExE endoderm
1998	neural ectoderm
1999	epithelial cells
2000	mitosis
2001	endoderm
2002	endoderm
2003	epithelial cells
2004	neural ectoderm
2005	neural ectoderm
2006	ExE mesoderm
2007	neural ectoderm
2008	early mesenchyme
2009	mitosis
2010	endoderm
2011	neural ectoderm
2012	ExE endoderm
2013	neural ectoderm
2014	ExE ectoderm
2015	early mesoderm
2016	ExE ectoderm
2017	ExE ectoderm
2018	neural ectoderm
2019	neural ectoderm
2020	neural ectoderm
2021	early mesoderm
2022	early mesoderm
2023	early mesoderm
2024	mitosis
2025	blood
2026	ExE endoderm
2027	ExE ectoderm
2028	mitosis
2029	ExE endoderm
2030	ExE ectoderm
2031	blood
2032	ExE endoderm
2033	mitosis
2034	neural ectoderm
2035	mitosis
2036	ExE endoderm
2037	early mesoderm
2038	neural ectoderm
2039	blood
2040	early mesenchyme
2041	neural ectoderm
2042	mitosis
2043	early mesoderm
2044	ExE endoderm
2045	endoderm
2046	neural ectoderm
2047	neural ectoderm
2048	ExE ectoderm
2049	blood
2050	endoderm
2051	blood
2052	blood
2053	blood
2054	blood
2055	early mesenchyme
2056	neural ectoderm
2057	early mesenchyme
2058	early mesenchyme
2059	ExE ectoderm
2060	neural ectoderm
2061	epithelial cells
2062	ExE ectoderm
2063	mitosis
2064	neural ectoderm
2065	ExE ectoderm
2066	early mesoderm
2067	blood
2068	epithelial cells
2069	ExE mesoderm
2070	blood
2071	blood
2072	ExE endoderm
2073	neural ectoderm
2074	neural ectoderm
2075	neural ectoderm
2076	early mesenchyme
2077	ExE endoderm
2078	blood
2079	ExE ectoderm
2080	epithelial cells
2081	ExE endoderm
2082	blood
2083	ExE ectoderm
2084	early mesoderm
2085	early mesoderm
2086	neural ectoderm
2087	mitosis
2088	mitosis
2089	ExE mesoderm
2090	ExE endoderm
2091	neural ectoderm
2092	ExE ectoderm
2093	ExE mesoderm
2094	ExE ectoderm
2095	early mesoderm
2096	early mesoderm
2097	neural ectoderm
2098	blood
2099	early mesoderm
2100	ExE endoderm
2101	blood
2102	early mesenchyme
2103	early mesenchyme
2104	ExE ectoderm
2105	ExE ectoderm
2106	blood
2107	endoderm
2108	ExE ectoderm
2109	ExE mesoderm
2110	ExE ectoderm
2111	early mesenchyme
2112	mitosis
2113	mitosis
2114	neural ectoderm
2115	blood
2116	mitosis
2117	blood
2118	early mesenchyme
2119	neural ectoderm
2120	early mesoderm
2121	ExE ectoderm
2122	neural ectoderm
2123	neural ectoderm
2124	ExE ectoderm
2125	neural ectoderm
2126	neural ectoderm
2127	ExE endoderm
2128	mitosis
2129	ExE endoderm
2130	neural tube
2131	ExE ectoderm
2132	ExE endoderm
2133	neural ectoderm
2134	neural ectoderm
2135	mitosis
2136	ExE mesoderm
2137	ExE mesoderm
2138	ExE ectoderm
2139	early mesoderm
2140	neural ectoderm
2141	mitosis
2142	early mesenchyme
2143	ExE endoderm
2144	epithelial cells
2145	neural ectoderm
2146	neural ectoderm
2147	neural ectoderm
2148	early mesoderm
2149	early mesoderm
2150	neural ectoderm
2151	early mesenchyme
2152	ExE endoderm
2153	neural ectoderm
2154	mitosis
2155	ExE ectoderm
2156	early mesoderm
2157	blood
2158	blood
2159	ExE ectoderm
2160	neural ectoderm
2161	endoderm
2162	neural ectoderm
2163	epithelial cells
2164	ExE endoderm
2165	early mesoderm
2166	early mesenchyme
2167	blood
2168	ExE ectoderm
2169	early mesoderm
2170	neural ectoderm
2171	ExE ectoderm
2172	ExE mesoderm
2173	early mesoderm
2174	early mesenchyme
2175	mitosis
2176	endoderm
2177	ExE ectoderm
2178	ExE ectoderm
2179	mitosis
2180	blood
2181	early mesoderm
2182	early mesenchyme
2183	ExE endoderm
2184	epithelial cells
2185	ExE endoderm
2186	early mesoderm
2187	endoderm
2188	ExE endoderm
2189	ExE endoderm
2190	neural ectoderm
2191	neural ectoderm
2192	early mesoderm
2193	blood
2194	early mesenchyme
2195	early mesoderm
2196	ExE endoderm
2197	early mesenchyme
2198	blood
2199	neural ectoderm
2200	early mesenchyme
2201	ExE ectoderm
2202	ExE ectoderm
2203	blood
2204	endoderm
2205	mitosis
2206	ExE endoderm
2207	ExE ectoderm
2208	mitosis
2209	endoderm
2210	endoderm
2211	neural ectoderm
2212	early mesoderm
2213	epithelial cells
2214	ExE ectoderm
2215	neural ectoderm
2216	neural ectoderm
2217	blood
2218	neural ectoderm
2219	neural ectoderm
2220	neural ectoderm
2221	ExE endoderm
2222	early mesenchyme
2223	ExE ectoderm
2224	early mesoderm
2225	neural ectoderm
2226	ExE endoderm
2227	neural ectoderm
2228	neural ectoderm
2229	ExE ectoderm
2230	early mesoderm
2231	neural ectoderm
2232	ExE endoderm
2233	neural ectoderm
2234	ExE ectoderm
2235	neural ectoderm
2236	ExE ectoderm
2237	ExE mesoderm
2238	ExE mesoderm
2239	ExE ectoderm
2240	mitosis
2241	mitosis
2242	ExE ectoderm
2243	endoderm
2244	ExE mesoderm
2245	mitosis
2246	epithelial cells
2247	epithelial cells
2248	early mesenchyme
2249	early mesenchyme
2250	early mesenchyme
2251	neural ectoderm
2252	ExE mesoderm
2253	early mesenchyme
2254	ExE mesoderm
2255	ExE endoderm
2256	neural tube
2257	blood
2258	epithelial cells
2259	early mesoderm
2260	neural tube
2261	neural tube
2262	epithelial cells
2263	neural tube
2264	mitosis
2265	ExE endoderm
2266	ExE ectoderm
2267	early mesoderm
2268	blood
2269	ExE mesoderm
2270	ExE mesoderm
2271	neural ectoderm
2272	NMP
2273	neural tube
2274	neural tube
2275	ExE mesoderm
2276	neural tube
2277	early mesoderm
2278	neural tube
2279	ExE endoderm
2280	ExE mesoderm
2281	NMP
2282	early mesoderm
2283	ExE ectoderm
2284	ExE endoderm
2285	NMP
2286	NMP
2287	blood
2288	epithelial cells
2289	early mesoderm
2290	early mesoderm
2291	blood
2292	ExE mesoderm
2293	blood
2294	neural ectoderm
2295	early mesenchyme
2296	mitosis
2297	neural tube
2298	early mesoderm
2299	early mesenchyme
2300	blood
2301	epithelial cells
2302	neural ectoderm
2303	epithelial cells
2304	ExE ectoderm
2305	neural tube
2306	NMP
2307	ExE ectoderm
2308	ExE mesoderm
2309	ExE endoderm
2310	epithelial cells
2311	early mesenchyme
2312	neural tube
2313	ExE mesoderm
2314	ExE ectoderm
2315	epithelial cells
2316	ExE mesoderm
2317	early mesenchyme
2318	early mesenchyme
2319	neural ectoderm
2320	early mesenchyme
2321	ExE mesoderm
2322	ExE endoderm
2323	ExE endoderm
2324	ExE mesoderm
2325	mitosis
2326	epithelial cells
2327	neural ectoderm
2328	ExE ectoderm
2329	early mesenchyme
2330	early mesenchyme
2331	NMP
2332	neural ectoderm
2333	epithelial cells
2334	mitosis
2335	mitosis
2336	NMP
2337	ExE endoderm
2338	neural ectoderm
2339	ExE mesoderm
2340	NMP
2341	neural ectoderm
2342	neural ectoderm
2343	blood
2344	neural ectoderm
2345	blood
2346	early mesenchyme
2347	neural tube
2348	endoderm
2349	mitosis
2350	early mesoderm
2351	neural tube
2352	ExE endoderm
2353	neural ectoderm
2354	blood
2355	ExE endoderm
2356	ExE ectoderm
2357	blood
2358	neural tube
2359	early mesenchyme
2360	neural ectoderm
2361	early mesoderm
2362	ExE ectoderm
2363	neural tube
2364	neural ectoderm
2365	epithelial cells
2366	mitosis
2367	early mesenchyme
2368	mitosis
2369	NMP
2370	ExE endoderm
2371	NMP
2372	ExE mesoderm
2373	ExE mesoderm
2374	neural tube
2375	blood
2376	endoderm
2377	ExE endoderm
2378	mitosis
2379	ExE mesoderm
2380	neural ectoderm
2381	ExE mesoderm
2382	ExE mesoderm
2383	early mesenchyme
2384	ExE mesoderm
2385	neural tube
2386	blood
2387	epithelial cells
2388	epithelial cells
2389	intermediate mesoderm
2390	epithelial cells
2391	ExE endoderm
2392	neural tube
2393	early mesoderm
2394	ExE mesoderm
2395	neural tube
2396	early mesoderm
2397	blood
2398	ExE endoderm
2399	epithelial cells
2400	blood
2401	blood
2402	ExE ectoderm
2403	ExE ectoderm
2404	blood
2405	neural tube
2406	blood
2407	mitosis
2408	epithelial cells
2409	ExE ectoderm
2410	neural tube
2411	blood
2412	early mesenchyme
2413	blood
2414	ExE mesoderm
2415	epithelial cells
2416	ExE mesoderm
2417	ExE mesoderm
2418	neural tube
2419	ExE mesoderm
2420	ExE mesoderm
2421	epithelial cells
2422	early mesenchyme
2423	blood
2424	neural tube
2425	epithelial cells
2426	mitosis
2427	ExE endoderm
2428	ExE ectoderm
2429	ExE mesoderm
2430	neural tube
2431	neural tube
2432	blood
2433	ExE endoderm
2434	epithelial cells
2435	ExE endoderm
2436	early mesenchyme
2437	early mesenchyme
2438	blood
2439	early mesenchyme
2440	ExE mesoderm
2441	mitosis
2442	ExE mesoderm
2443	neural tube
2444	NMP
2445	epithelial cells
2446	epithelial cells
2447	early mesenchyme
2448	NMP
2449	epithelial cells
2450	ExE mesoderm
2451	neural tube
2452	ExE ectoderm
2453	ExE ectoderm
2454	ExE mesoderm
2455	early mesoderm
2456	ExE endoderm
2457	neural ectoderm
2458	neural tube
2459	blood
2460	ExE endoderm
2461	neural ectoderm
2462	blood
2463	ExE endoderm
2464	NMP
2465	NMP
2466	mitosis
2467	ExE ectoderm
2468	early mesoderm
2469	epithelial cells
2470	blood
2471	early mesoderm
2472	neural ectoderm
2473	ExE endoderm
2474	ExE ectoderm
2475	neural tube
2476	blood
2477	neural tube
2478	ExE mesoderm
2479	ExE ectoderm
2480	ExE ectoderm
2481	epithelial cells
2482	ExE endoderm
2483	blood
2484	early mesoderm
2485	ExE endoderm
2486	neural tube
2487	neural ectoderm
2488	blood
2489	blood
2490	mitosis
2491	early mesenchyme
2492	early mesenchyme
2493	neural ectoderm
2494	blood
2495	ExE mesoderm
2496	ExE mesoderm
2497	early mesoderm
2498	ExE ectoderm
2499	ExE mesoderm
2500	early mesenchyme
2501	epithelial cells
2502	early mesenchyme
2503	neural ectoderm
2504	blood
2505	intermediate mesoderm
2506	early mesoderm
2507	neural ectoderm
2508	ExE endoderm
2509	early mesoderm
2510	neural ectoderm
2511	ExE ectoderm
2512	neural tube
2513	ExE ectoderm
2514	early mesenchyme
2515	early mesenchyme
2516	blood
2517	NMP
2518	neural ectoderm
2519	ExE endoderm
2520	neural tube
2521	ExE mesoderm
2522	blood
2523	blood
2524	NMP
2525	early mesoderm
2526	NMP
2527	early mesenchyme
2528	blood
2529	ExE ectoderm
2530	epithelial cells
2531	ExE mesoderm
2532	ExE mesoderm
2533	epithelial cells
2534	ExE endoderm
2535	early mesenchyme
2536	ExE ectoderm
2537	ExE endoderm
2538	ExE ectoderm
2539	blood
2540	ExE ectoderm
2541	neural ectoderm
2542	early mesenchyme
2543	early mesenchyme
2544	ExE endoderm
2545	ExE mesoderm
2546	ExE ectoderm
2547	NMP
2548	blood
2549	blood
2550	early mesoderm
2551	ExE endoderm
2552	ExE endoderm
2553	early mesenchyme
2554	neural tube
2555	blood
2556	neural ectoderm
2557	ExE ectoderm
2558	epithelial cells
2559	ExE endoderm
2560	NMP
2561	endoderm
2562	blood
2563	epithelial cells
2564	ExE endoderm
2565	mitosis
2566	ExE endoderm
2567	early mesoderm
2568	mitosis
2569	blood
2570	ExE endoderm
2571	mitosis
2572	neural tube
2573	neural tube
2574	epithelial cells
2575	blood
2576	early mesenchyme
2577	ExE endoderm
2578	epithelial cells
2579	ExE mesoderm
2580	neural ectoderm
2581	ExE endoderm
2582	mitosis
2583	neural ectoderm
2584	epithelial cells
2585	neural ectoderm
2586	endoderm
2587	ExE endoderm
2588	early mesenchyme
2589	mitosis
2590	epithelial cells
2591	early mesenchyme
2592	early mesoderm
2593	epithelial cells
2594	ExE endoderm
2595	epithelial cells
2596	epithelial cells
2597	ExE ectoderm
2598	early mesenchyme
2599	ExE ectoderm
2600	ExE ectoderm
2601	ExE endoderm
2602	early mesenchyme
2603	ExE mesoderm
2604	ExE ectoderm
2605	early mesoderm
2606	ExE endoderm
2607	epithelial cells
2608	endoderm
2609	ExE mesoderm
2610	epithelial cells
2611	blood
2612	ExE mesoderm
2613	mitosis
2614	ExE mesoderm
2615	ExE mesoderm
2616	ExE endoderm
2617	NMP
2618	early mesenchyme
2619	ExE endoderm
2620	ExE endoderm
2621	blood
2622	early mesoderm
2623	early mesenchyme
2624	mitosis
2625	neural ectoderm
2626	endoderm
2627	ExE mesoderm
2628	mitosis
2629	mitosis
2630	ExE mesoderm
2631	ExE ectoderm
2632	ExE endoderm
2633	neural tube
2634	early mesenchyme
2635	neural ectoderm
2636	ExE endoderm
2637	ExE mesoderm
2638	endoderm
2639	blood
2640	early mesoderm
2641	neural tube
2642	early mesoderm
2643	blood
2644	early mesenchyme
2645	blood
2646	early mesenchyme
2647	ExE ectoderm
2648	early mesoderm
2649	ExE ectoderm
2650	blood
2651	early mesenchyme
2652	endoderm
2653	endoderm
2654	neural tube
2655	neural ectoderm
2656	neural ectoderm
2657	blood
2658	neural ectoderm
2659	blood
2660	blood
2661	neural tube
2662	ExE mesoderm
2663	ExE mesoderm
2664	epithelial cells
2665	blood
2666	blood
2667	mitosis
2668	early mesenchyme
2669	NMP
2670	ExE mesoderm
2671	early mesenchyme
2672	ExE mesoderm
2673	ExE endoderm
2674	neural tube
2675	ExE endoderm
2676	epithelial cells
2677	early mesenchyme
2678	ExE mesoderm
2679	epithelial cells
2680	mitosis
2681	ExE endoderm
2682	mitosis
2683	ExE endoderm
2684	ExE endoderm
2685	early mesenchyme
2686	ExE endoderm
2687	neural tube
2688	mitosis
2689	neural tube
2690	epithelial cells
2691	mitosis
2692	ExE mesoderm
2693	ExE endoderm
2694	early mesenchyme
2695	ExE endoderm
2696	ExE mesoderm
2697	ExE endoderm
2698	ExE mesoderm
2699	epithelial cells
2700	ExE mesoderm
2701	epithelial cells
2702	blood
2703	mitosis
2704	ExE mesoderm
2705	ExE mesoderm
2706	ExE mesoderm
2707	mitosis
2708	ExE endoderm
2709	ExE mesoderm
2710	early mesoderm
2711	epiblast and PS
2712	early mesoderm
2713	mitosis
2714	mitosis
2715	epiblast and PS
2716	early mesoderm
2717	early mesoderm
2718	epiblast and PS
2719	early mesoderm
2720	epiblast and PS
2721	ExE ectoderm
2722	epiblast and PS
2723	ExE endoderm
2724	epiblast and PS
2725	epiblast and PS
2726	ExE ectoderm
2727	ExE ectoderm
2728	mitosis
2729	epiblast and PS
2730	endoderm
2731	ExE ectoderm
2732	ExE endoderm
2733	epiblast and PS
2734	ExE endoderm
2735	epiblast and PS
2736	ExE ectoderm
2737	epiblast and PS
2738	ExE endoderm
2739	mitosis
2740	epiblast and PS
2741	ExE ectoderm
2742	early mesoderm
2743	early mesenchyme
2744	ExE endoderm
2745	ExE ectoderm
2746	epiblast and PS
2747	ExE endoderm
2748	early mesoderm
2749	early mesoderm
2750	ExE endoderm
2751	epiblast and PS
2752	ExE endoderm
2753	epiblast and PS
2754	epiblast and PS
2755	epiblast and PS
2756	early mesoderm
2757	early mesoderm
2758	mitosis
2759	epiblast and PS
2760	epiblast and PS
2761	ExE endoderm
2762	mitosis
2763	early mesoderm
2764	ExE endoderm
2765	early mesoderm
2766	early mesoderm
2767	early mesoderm
2768	early mesoderm
2769	epiblast and PS
2770	endoderm
2771	early mesoderm
2772	blood
2773	ExE endoderm
2774	epiblast and PS
2775	mitosis
2776	ExE endoderm
2777	ExE endoderm
2778	epiblast and PS
2779	blood
2780	epiblast and PS
2781	epiblast and PS
2782	ExE ectoderm
2783	epiblast and PS
2784	ExE ectoderm
2785	ExE mesoderm
2786	ExE mesoderm
2787	epiblast and PS
2788	ExE endoderm
2789	ExE ectoderm
2790	epiblast and PS
2791	mitosis
2792	epiblast and PS
2793	ExE endoderm
2794	epiblast and PS
2795	ExE ectoderm
2796	mitosis
2797	ExE mesoderm
2798	epiblast and PS
2799	ExE endoderm
2800	ExE ectoderm
2801	epiblast and PS
2802	ExE endoderm
2803	ExE ectoderm
2804	ExE endoderm
2805	ExE endoderm
2806	mitosis
2807	mitosis
2808	early mesoderm
2809	epiblast and PS
2810	epiblast and PS
2811	epiblast and PS
2812	epiblast and PS
2813	early mesoderm
2814	epiblast and PS
2815	ExE endoderm
2816	epiblast and PS
2817	ExE endoderm
2818	epiblast and PS
2819	epiblast and PS
2820	epiblast and PS
2821	epiblast and PS
2822	early mesoderm
2823	epiblast and PS
2824	ExE endoderm
2825	ExE endoderm
2826	early mesoderm
2827	epiblast and PS
2828	mitosis
2829	ExE endoderm
2830	epiblast and PS
2831	ExE endoderm
2832	ExE endoderm
2833	ExE endoderm
2834	ExE endoderm
2835	mitosis
2836	blood
2837	epiblast and PS
2838	ExE endoderm
2839	epiblast and PS
2840	ExE endoderm
2841	endoderm
2842	early mesoderm
2843	ExE ectoderm
2844	epiblast and PS
2845	epiblast and PS
2846	epiblast and PS
2847	epiblast and PS
2848	blood
2849	ExE endoderm
2850	epiblast and PS
2851	epiblast and PS
2852	ExE endoderm
2853	ExE endoderm
2854	epiblast and PS
2855	ExE endoderm
2856	epiblast and PS
2857	ExE ectoderm
2858	mitosis
2859	epiblast and PS
2860	early mesoderm
2861	early mesoderm
2862	epiblast and PS
2863	epiblast and PS
2864	epiblast and PS
2865	ExE endoderm
2866	ExE ectoderm
2867	early mesoderm
2868	epiblast and PS
2869	epiblast and PS
2870	ExE ectoderm
2871	mitosis
2872	early mesoderm
2873	epiblast and PS
2874	epiblast and PS
2875	epiblast and PS
2876	ExE endoderm
2877	early mesoderm
2878	early mesoderm
2879	ExE endoderm
2880	ExE endoderm
2881	ExE ectoderm
2882	early mesoderm
2883	mitosis
2884	epithelial cells
2885	ExE endoderm
2886	epiblast and PS
2887	ExE ectoderm
2888	early mesoderm
2889	ExE endoderm
2890	mitosis
2891	early mesoderm
2892	endoderm
2893	epiblast and PS
2894	epiblast and PS
2895	early mesenchyme
2896	ExE ectoderm
2897	neural ectoderm
2898	early mesenchyme
2899	blood
2900	mitosis
2901	neural ectoderm
2902	NMP
2903	endoderm
2904	early mesenchyme
2905	ExE ectoderm
2906	ExE ectoderm
2907	ExE mesoderm
2908	neural ectoderm
2909	early mesenchyme
2910	early mesenchyme
2911	ExE mesoderm
2912	early mesenchyme
2913	ExE endoderm
2914	endoderm
2915	neural ectoderm
2916	ExE endoderm
2917	neural ectoderm
2918	NMP
2919	ExE mesoderm
2920	ExE mesoderm
2921	early mesenchyme
2922	early mesenchyme
2923	mitosis
2924	neural tube
2925	blood
2926	mitosis
2927	neural ectoderm
2928	ExE endoderm
2929	early mesenchyme
2930	mitosis
2931	ExE ectoderm
2932	early mesenchyme
2933	endoderm
2934	ExE endoderm
2935	neural tube
2936	ExE endoderm
2937	early mesenchyme
2938	NMP
2939	mitosis
2940	neural ectoderm
2941	ExE mesoderm
2942	mitosis
2943	blood
2944	mitosis
2945	early mesenchyme
2946	neural ectoderm
2947	early mesenchyme
2948	neural tube
2949	ExE endoderm
2950	early mesoderm
2951	neural ectoderm
2952	ExE endoderm
2953	ExE endoderm
2954	ExE endoderm
2955	NMP
2956	epithelial cells
2957	blood
2958	neural tube
2959	mitosis
2960	early mesenchyme
2961	NMP
2962	early mesenchyme
2963	blood
2964	neural tube
2965	ExE endoderm
2966	blood
2967	mitosis
2968	ExE ectoderm
2969	mitosis
2970	endoderm
2971	neural ectoderm
2972	ExE mesoderm
2973	neural ectoderm
2974	early mesenchyme
2975	ExE ectoderm
2976	ExE ectoderm
2977	endoderm
2978	early mesenchyme
2979	blood
2980	early mesoderm
2981	early mesenchyme
2982	NMP
2983	blood
2984	mitosis
2985	endoderm
2986	radial glias
2987	blood
2988	oligodendrocytes and progenitors
2989	intermediate mesoderm
2990	radial glias
2991	mix late mesenchyme
2992	mitosis
2993	radial glias
2994	radial glias
2995	early neurons
2996	schwann cell precursors
2997	intermediate mesoderm
2998	neural tube
2999	radial glias
3000	mitosis
3001	blood
3002	early neurons
3003	intermediate mesoderm
3004	notochord
3005	radial glias
3006	radial glias
3007	mitosis
3008	mix late mesenchyme
3009	radial glias
3010	radial glias
3011	oligodendrocytes and progenitors
3012	epithelial cells
3013	early neurons
3014	radial glias
3015	mix late mesenchyme
3016	notochord
3017	radial glias
3018	mitosis
3019	mitosis
3020	notochord
3021	radial glias
3022	early mesenchyme
3023	intermediate mesoderm
3024	mix late mesenchyme
3025	radial glias
3026	early mesenchyme
3027	mix late mesenchyme
3028	intermediate mesoderm
3029	mitosis
3030	mitosis
3031	notochord
3032	mix late mesenchyme
3033	early neurons
3034	mix late mesenchyme
3035	oligodendrocytes and progenitors
3036	early mesenchyme
3037	mitosis
3038	epithelial cells
3039	NMP
3040	mix late mesenchyme
3041	intermediate mesoderm
3042	mix late mesenchyme
3043	early mesenchyme
3044	oligodendrocytes and progenitors
3045	mix late mesenchyme
3046	notochord
3047	early neurons
3048	blood
3049	epithelial cells
3050	early mesenchyme
3051	early neurons
3052	radial glias
3053	mitosis
3054	intermediate mesoderm
3055	blood
3056	notochord
3057	schwann cell precursors
3058	early mesenchyme
3059	mix late mesenchyme
3060	mitosis
3061	early mesenchyme
3062	intermediate mesoderm
3063	early neurons
3064	mitosis
3065	mix late mesenchyme
3066	radial glias
3067	notochord
3068	notochord
3069	mix late mesenchyme
3070	epithelial cells
3071	NMP
3072	mix late mesenchyme
3073	blood
3074	notochord
3075	early mesenchyme
3076	notochord
3077	notochord
3078	early mesenchyme
3079	notochord
3080	blood
3081	mix late mesenchyme
3082	early mesoderm
3083	radial glias
3084	oligodendrocytes and progenitors
3085	radial glias
3086	early mesenchyme
3087	mitosis
3088	mix late mesenchyme
3089	early mesenchyme
3090	radial glias
3091	radial glias
3092	mix late mesenchyme
3093	early neurons
3094	intermediate mesoderm
3095	epithelial cells
3096	mix late mesenchyme
3097	mix late mesenchyme
3098	oligodendrocytes and progenitors
3099	mix late mesenchyme
3100	mix late mesenchyme
3101	notochord
3102	radial glias
3103	blood
3104	NMP
3105	radial glias
3106	mix late mesenchyme
3107	intermediate mesoderm
3108	schwann cell precursors
3109	early mesenchyme
3110	early mesenchyme
3111	mitosis
3112	radial glias
3113	mix late mesenchyme
3114	radial glias
3115	radial glias
3116	notochord
3117	blood
3118	early mesenchyme
3119	early neurons
3120	early neurons
3121	radial glias
3122	mix late mesenchyme
3123	early neurons
3124	early mesenchyme
3125	mix late mesenchyme
3126	myocytes
3127	mix late mesenchyme
3128	epithelial cells
3129	schwann cell precursors
3130	oligodendrocytes and progenitors
3131	early neurons
3132	radial glias
3133	neural tube
3134	radial glias
3135	intermediate mesoderm
3136	oligodendrocytes and progenitors
3137	radial glias
3138	early neurons
3139	neural tube
3140	early mesenchyme
3141	radial glias
3142	radial glias
3143	notochord
3144	NMP
3145	early mesenchyme
3146	early mesenchyme
3147	notochord
3148	radial glias
3149	intermediate mesoderm
3150	radial glias
3151	epithelial cells
3152	radial glias
3153	mitosis
3154	intermediate mesoderm
3155	mix late mesenchyme
3156	mix late mesenchyme
3157	early mesenchyme
3158	epithelial cells
3159	radial glias
3160	radial glias
3161	schwann cell precursors
3162	mitosis
3163	early neurons
3164	mix late mesenchyme
3165	mix late mesenchyme
3166	radial glias
3167	mix late mesenchyme
3168	epithelial cells
3169	early mesenchyme
3170	early mesenchyme
3171	oligodendrocytes and progenitors
3172	mitosis
3173	mix late mesenchyme
3174	oligodendrocytes and progenitors
3175	early mesenchyme
3176	oligodendrocytes and progenitors
3177	mix late mesenchyme
3178	epithelial cells
3179	intermediate mesoderm
3180	radial glias
3181	radial glias
3182	blood
3183	notochord
3184	mix late mesenchyme
3185	early mesenchyme
3186	early mesenchyme
3187	mix late mesenchyme
3188	mix late mesenchyme
3189	oligodendrocytes and progenitors
3190	early mesenchyme
3191	radial glias
3192	mix late mesenchyme
3193	schwann cell precursors
3194	early neurons
3195	epithelial cells
3196	epithelial cells
3197	notochord
3198	oligodendrocytes and progenitors
3199	intermediate mesoderm
3200	intermediate mesoderm
3201	oligodendrocytes and progenitors
3202	mix late mesenchyme
3203	radial glias
3204	mix late mesenchyme
3205	radial glias
3206	early neurons
3207	early neurons
3208	early mesenchyme
3209	schwann cell precursors
3210	mix late mesenchyme
3211	mix late mesenchyme
3212	radial glias
3213	neural tube
3214	mix late mesenchyme
3215	early neurons
3216	intermediate mesoderm
3217	radial glias
3218	radial glias
3219	early mesenchyme
3220	early mesenchyme
3221	notochord
3222	mix late mesenchyme
3223	mitosis
3224	epithelial cells
3225	intermediate mesoderm
3226	mitosis
3227	notochord
3228	mix late mesenchyme
3229	neural tube
3230	NMP
3231	intermediate mesoderm
3232	mitosis
3233	intermediate mesoderm
3234	mitosis
3235	early neurons
3236	intermediate mesoderm
3237	mix late mesenchyme
3238	intermediate mesoderm
3239	radial glias
3240	mix late mesenchyme
3241	schwann cell precursors
3242	radial glias
3243	blood
3244	intermediate mesoderm
3245	neural tube
3246	mix late mesenchyme
3247	schwann cell precursors
3248	intermediate mesoderm
3249	intermediate mesoderm
3250	radial glias
3251	radial glias
3252	mitosis
3253	early mesenchyme
3254	radial glias
3255	blood
3256	early mesenchyme
3257	epithelial cells
3258	notochord
3259	early mesenchyme
3260	radial glias
3261	notochord
3262	mitosis
3263	intermediate mesoderm
3264	schwann cell precursors
3265	notochord
3266	epithelial cells
3267	intermediate mesoderm
3268	oligodendrocytes and progenitors
3269	intermediate mesoderm
3270	notochord
3271	intermediate mesoderm
3272	mitosis
3273	radial glias
3274	radial glias
3275	mix late mesenchyme
3276	oligodendrocytes and progenitors
3277	radial glias
3278	radial glias
3279	intermediate mesoderm
3280	early neurons
3281	early neurons
3282	blood
3283	epithelial cells
3284	intermediate mesoderm
3285	early neurons
3286	mix late mesenchyme
3287	radial glias
3288	mitosis
3289	early neurons
3290	mix late mesenchyme
3291	mix late mesenchyme
3292	radial glias
3293	early neurons
3294	oligodendrocytes and progenitors
3295	early mesenchyme
3296	intermediate mesoderm
3297	blood
3298	notochord
3299	mix late mesenchyme
3300	intermediate mesoderm
3301	radial glias
3302	mix late mesenchyme
3303	mitosis
3304	mix late mesenchyme
3305	radial glias
3306	notochord
3307	intermediate mesoderm
3308	mix late mesenchyme
3309	early mesenchyme
3310	radial glias
3311	radial glias
3312	early mesenchyme
3313	mitosis
3314	mix late mesenchyme
3315	radial glias
3316	mix late mesenchyme
3317	mix late mesenchyme
3318	radial glias
3319	early neurons
3320	radial glias
3321	intermediate mesoderm
3322	radial glias
3323	mitosis
3324	mix late mesenchyme
3325	early mesoderm
3326	mix late mesenchyme
3327	mitosis
3328	early neurons
3329	notochord
3330	notochord
3331	mitosis
3332	early mesenchyme
3333	mitosis
3334	intermediate mesoderm
3335	NMP
3336	radial glias
3337	notochord
3338	mix late mesenchyme
3339	early neurons
3340	intermediate mesoderm
3341	early mesenchyme
3342	early neurons
3343	mix late mesenchyme
3344	early neurons
3345	early neurons
3346	oligodendrocytes and progenitors
3347	mitosis
3348	early mesenchyme
3349	mix late mesenchyme
3350	early neurons
3351	radial glias
3352	mix late mesenchyme
3353	mix late mesenchyme
3354	early neurons
3355	blood
3356	mix late mesenchyme
3357	mix late mesenchyme
3358	radial glias
3359	early neurons
3360	mix late mesenchyme
3361	intermediate mesoderm
3362	early neurons
3363	blood
3364	mix late mesenchyme
3365	early neurons
3366	oligodendrocytes and progenitors
3367	intermediate mesoderm
3368	epithelial cells
3369	blood
3370	early neurons
3371	mix late mesenchyme
3372	mix late mesenchyme
3373	early neurons
3374	early neurons
3375	early neurons
3376	mix late mesenchyme
3377	early neurons
3378	mix late mesenchyme
3379	blood
3380	mix late mesenchyme
3381	radial glias
3382	early neurons
3383	mitosis
3384	oligodendrocytes and progenitors
3385	blood
3386	intermediate mesoderm
3387	early neurons
3388	mix late mesenchyme
3389	mix late mesenchyme
3390	blood
3391	mix late mesenchyme
3392	early neurons
3393	blood
3394	myocytes
3395	mix late mesenchyme
3396	radial glias
3397	early neurons
3398	oligodendrocytes and progenitors
3399	mix late mesenchyme
3400	mix late mesenchyme
3401	mix late mesenchyme
3402	mix late mesenchyme
3403	mix late mesenchyme
3404	oligodendrocytes and progenitors
3405	radial glias
3406	mitosis
3407	mix late mesenchyme
3408	mix late mesenchyme
3409	mix late mesenchyme
3410	intermediate mesoderm
3411	early neurons
3412	mix late mesenchyme
3413	mix late mesenchyme
3414	radial glias
3415	mix late mesenchyme
3416	blood
3417	mix late mesenchyme
3418	early neurons
3419	mix late mesenchyme
3420	early neurons
3421	myocytes
3422	early neurons
3423	early neurons
3424	blood
3425	mix late mesenchyme
3426	early neurons
3427	early neurons
3428	mix late mesenchyme
3429	mix late mesenchyme
3430	mix late mesenchyme
3431	blood
3432	radial glias
3433	mix late mesenchyme
3434	intermediate mesoderm
3435	intermediate mesoderm
3436	blood
3437	mix late mesenchyme
3438	mitosis
3439	mix late mesenchyme
3440	mix late mesenchyme
3441	mix late mesenchyme
3442	mix late mesenchyme
3443	mix late mesenchyme
3444	mix late mesenchyme
3445	mix late mesenchyme
3446	intermediate mesoderm
3447	early neurons
3448	blood
3449	blood
3450	epithelial cells
3451	mitosis
3452	oligodendrocytes and progenitors
3453	mix late mesenchyme
3454	mix late mesenchyme
3455	blood
3456	blood
3457	mix late mesenchyme
3458	mix late mesenchyme
3459	mix late mesenchyme
3460	oligodendrocytes and progenitors
3461	radial glias
3462	intermediate mesoderm
3463	mix late mesenchyme
3464	mix late mesenchyme
3465	early neurons
3466	mix late mesenchyme
3467	early neurons
3468	mix late mesenchyme
3469	intermediate mesoderm
3470	early neurons
3471	radial glias
3472	radial glias
3473	mix late mesenchyme
3474	mix late mesenchyme
3475	mix late mesenchyme
3476	mix late mesenchyme
3477	blood
3478	blood
3479	radial glias
3480	mix late mesenchyme
3481	myocytes
3482	mix late mesenchyme
3483	mitosis
3484	mix late mesenchyme
3485	oligodendrocytes and progenitors
3486	mix late mesenchyme
3487	myocytes
3488	mix late mesenchyme
3489	myocytes
3490	mix late mesenchyme
3491	mix late mesenchyme
3492	mix late mesenchyme
3493	intermediate mesoderm
3494	early neurons
3495	blood
3496	mix late mesenchyme
3497	mix late mesenchyme
3498	mix late mesenchyme
3499	radial glias
3500	early neurons
3501	myocytes
3502	early neurons
3503	mix late mesenchyme
3504	mix late mesenchyme
3505	blood
3506	radial glias
3507	blood
3508	early neurons
3509	mix late mesenchyme
3510	mitosis
3511	early neurons
3512	early neurons
3513	early neurons
3514	oligodendrocytes and progenitors
3515	mix late mesenchyme
3516	mix late mesenchyme
3517	intermediate mesoderm
3518	oligodendrocytes and progenitors
3519	blood
3520	mix late mesenchyme
3521	mix late mesenchyme
3522	mix late mesenchyme
3523	mix late mesenchyme
3524	mix late mesenchyme
3525	mix late mesenchyme
3526	early neurons
3527	intermediate mesoderm
3528	mix late mesenchyme
3529	mitosis
3530	mix late mesenchyme
3531	early neurons
3532	oligodendrocytes and progenitors
3533	mix late mesenchyme
3534	intermediate mesoderm
3535	blood
3536	mix late mesenchyme
3537	mix late mesenchyme
3538	radial glias
3539	mitosis
3540	early neurons
3541	mix late mesenchyme
3542	oligodendrocytes and progenitors
3543	early neurons
3544	early neurons
3545	early neurons
3546	mix late mesenchyme
3547	myocytes
3548	mitosis
3549	early neurons
3550	early neurons
3551	blood
3552	mix late mesenchyme
3553	mix late mesenchyme
3554	oligodendrocytes and progenitors
3555	mix late mesenchyme
3556	mix late mesenchyme
3557	mitosis
3558	mix late mesenchyme
3559	epithelial cells
3560	mix late mesenchyme
3561	early neurons
3562	mix late mesenchyme
3563	blood
3564	early neurons
3565	mix late mesenchyme
3566	radial glias
3567	radial glias
3568	early neurons
3569	schwann cell precursors
3570	early neurons
3571	early neurons
3572	blood
3573	mix late mesenchyme
3574	mitosis
3575	oligodendrocytes and progenitors
3576	mix late mesenchyme
3577	mix late mesenchyme
3578	mix late mesenchyme
3579	mix late mesenchyme
3580	early neurons
3581	early neurons
3582	early neurons
3583	mix late mesenchyme
3584	radial glias
3585	mix late mesenchyme
3586	oligodendrocytes and progenitors
3587	early neurons
3588	radial glias
3589	mix late mesenchyme
3590	mix late mesenchyme
3591	blood
3592	mix late mesenchyme
3593	myocytes
3594	mix late mesenchyme
3595	early neurons
3596	mix late mesenchyme
3597	mix late mesenchyme
3598	mix late mesenchyme
3599	mix late mesenchyme
3600	mix late mesenchyme
3601	early neurons
3602	early neurons
3603	mix late mesenchyme
3604	mix late mesenchyme
3605	early neurons
3606	mix late mesenchyme
3607	radial glias
3608	mix late mesenchyme
3609	mix late mesenchyme
3610	radial glias
3611	early neurons
3612	blood
3613	mix late mesenchyme
3614	mix late mesenchyme
3615	epithelial cells
3616	oligodendrocytes and progenitors
3617	early neurons
3618	mix late mesenchyme
3619	mix late mesenchyme
3620	oligodendrocytes and progenitors
3621	early neurons
3622	intermediate mesoderm
3623	radial glias
3624	oligodendrocytes and progenitors
3625	mix late mesenchyme
3626	blood
3627	mix late mesenchyme
3628	early neurons
3629	mix late mesenchyme
3630	early neurons
3631	early neurons
3632	mix late mesenchyme
3633	epithelial cells
3634	mix late mesenchyme
3635	mix late mesenchyme
3636	mix late mesenchyme
3637	early neurons
3638	mix late mesenchyme
3639	mix late mesenchyme
3640	early neurons
3641	radial glias
3642	early neurons
3643	early neurons
3644	blood
3645	early neurons
3646	radial glias
3647	epithelial cells
3648	oligodendrocytes and progenitors
3649	early neurons
3650	oligodendrocytes and progenitors
3651	mix late mesenchyme
3652	early neurons
3653	oligodendrocytes and progenitors
3654	early neurons
3655	blood
3656	mix late mesenchyme
3657	early neurons
3658	mix late mesenchyme
3659	mix late mesenchyme
3660	early neurons
3661	mix late mesenchyme
3662	early neurons
3663	mix late mesenchyme
3664	mix late mesenchyme
3665	blood
3666	epithelial cells
3667	early neurons
3668	blood
3669	early neurons
3670	intermediate mesoderm
3671	mix late mesenchyme
3672	oligodendrocytes and progenitors
3673	early neurons
3674	radial glias
3675	early neurons
3676	radial glias
3677	oligodendrocytes and progenitors
3678	radial glias
3679	mix late mesenchyme
3680	blood
3681	mix late mesenchyme
3682	mix late mesenchyme
3683	early neurons
3684	oligodendrocytes and progenitors
3685	radial glias
3686	blood
3687	blood
3688	early neurons
3689	blood
3690	blood
3691	early neurons
3692	early neurons
3693	early neurons
3694	mix late mesenchyme
3695	early neurons
3696	early neurons
3697	blood
3698	mix late mesenchyme
3699	radial glias
3700	mix late mesenchyme
3701	intermediate mesoderm
3702	radial glias
3703	early neurons
3704	epithelial cells
3705	mix late mesenchyme
3706	blood
3707	mix late mesenchyme
3708	oligodendrocytes and progenitors
3709	endoderm
3710	mitosis
3711	neural tube
3712	neural tube
3713	blood
3714	ExE mesoderm
3715	blood
3716	ExE mesoderm
3717	blood
3718	blood
3719	ExE mesoderm
3720	ExE mesoderm
3721	ExE ectoderm
3722	blood
3723	early mesoderm
3724	mitosis
3725	blood
3726	early mesenchyme
3727	NMP
3728	ExE mesoderm
3729	ExE mesoderm
3730	ExE endoderm
3731	neural tube
3732	neural tube
3733	epithelial cells
3734	blood
3735	ExE endoderm
3736	neural tube
3737	ExE mesoderm
3738	early mesenchyme
3739	blood
3740	NMP
3741	intermediate mesoderm
3742	blood
3743	ExE endoderm
3744	blood
3745	intermediate mesoderm
3746	schwann cell precursors
3747	ExE endoderm
3748	ExE ectoderm
3749	ExE mesoderm
3750	mitosis
3751	early mesoderm
3752	blood
3753	intermediate mesoderm
3754	ExE ectoderm
3755	blood
3756	NMP
3757	early mesenchyme
3758	ExE mesoderm
3759	neural tube
3760	ExE mesoderm
3761	ExE endoderm
3762	intermediate mesoderm
3763	blood
3764	NMP
3765	neural tube
3766	early mesoderm
3767	epithelial cells
3768	neural tube
3769	early mesoderm
3770	NMP
3771	endoderm
3772	blood
3773	blood
3774	blood
3775	blood
3776	ExE endoderm
3777	blood
3778	early mesoderm
3779	early mesoderm
3780	ExE mesoderm
3781	early mesoderm
3782	endoderm
3783	early mesenchyme
3784	ExE mesoderm
3785	early mesoderm
3786	early mesoderm
3787	early mesoderm
3788	ExE endoderm
3789	ExE mesoderm
3790	mitosis
3791	endoderm
3792	early mesenchyme
3793	ExE mesoderm
3794	early mesoderm
3795	epithelial cells
3796	ExE mesoderm
3797	ExE ectoderm
3798	blood
3799	mitosis
3800	early mesenchyme
3801	intermediate mesoderm
3802	ExE mesoderm
3803	intermediate mesoderm
3804	neural ectoderm
3805	neural tube
3806	epithelial cells
3807	ExE mesoderm
3808	early mesoderm
3809	early mesenchyme
3810	neural tube
3811	blood
3812	blood
3813	neural tube
3814	NMP
3815	neural tube
3816	endoderm
3817	early mesoderm
3818	early mesenchyme
3819	epithelial cells
3820	NMP
3821	blood
3822	neural tube
3823	neural tube
3824	early mesenchyme
3825	epithelial cells
3826	blood
3827	early mesenchyme
3828	early mesenchyme
3829	early mesoderm
3830	neural tube
3831	epithelial cells
3832	neural tube
3833	blood
3834	ExE mesoderm
3835	neural tube
3836	neural tube
3837	blood
3838	blood
3839	blood
3840	epithelial cells
3841	blood
3842	neural ectoderm
3843	ExE mesoderm
3844	neural tube
3845	neural ectoderm
3846	early mesenchyme
3847	neural tube
3848	mitosis
3849	ExE endoderm
3850	neural tube
3851	early mesenchyme
3852	ExE ectoderm
3853	blood
3854	mitosis
3855	blood
3856	early mesenchyme
3857	notochord
3858	blood
3859	ExE endoderm
3860	ExE mesoderm
3861	early mesenchyme
3862	epithelial cells
3863	NMP
3864	early mesenchyme
3865	neural ectoderm
3866	NMP
3867	epithelial cells
3868	early mesenchyme
3869	epithelial cells
3870	epithelial cells
3871	ExE endoderm
3872	NMP
3873	ExE endoderm
3874	ExE mesoderm
3875	epithelial cells
3876	NMP
3877	early mesoderm
3878	blood
3879	blood
3880	ExE mesoderm
3881	NMP
3882	early mesoderm
3883	epithelial cells
3884	early mesenchyme
3885	early mesoderm
3886	ExE endoderm
3887	endoderm
3888	mitosis
3889	NMP
3890	ExE endoderm
3891	epithelial cells
3892	ExE endoderm
3893	neural ectoderm
3894	blood
3895	ExE mesoderm
3896	blood
3897	blood
3898	early mesoderm
3899	early mesenchyme
3900	ExE mesoderm
3901	blood
3902	mitosis
3903	intermediate mesoderm
3904	neural tube
3905	neural tube
3906	ExE mesoderm
3907	neural tube
3908	blood
3909	neural tube
3910	epithelial cells
3911	ExE mesoderm
3912	blood
3913	blood
3914	mitosis
3915	neural tube
3916	ExE mesoderm
3917	epithelial cells
3918	mitosis
3919	ExE mesoderm
3920	early mesoderm
3921	blood
3922	epithelial cells
3923	blood
3924	neural tube
3925	NMP
3926	ExE endoderm
3927	early mesenchyme
3928	ExE mesoderm
3929	ExE mesoderm
3930	mitosis
3931	neural ectoderm
3932	early mesoderm
3933	intermediate mesoderm
3934	early mesoderm
3935	epithelial cells
3936	blood
3937	blood
3938	epithelial cells
3939	intermediate mesoderm
3940	endoderm
3941	early mesoderm
3942	ExE mesoderm
3943	blood
3944	NMP
3945	ExE endoderm
3946	early mesoderm
3947	early mesoderm
3948	NMP
3949	ExE mesoderm
3950	blood
3951	early mesoderm
3952	intermediate mesoderm
3953	early mesenchyme
3954	neural tube
3955	NMP
3956	early mesoderm
3957	epithelial cells
3958	mitosis
3959	NMP
3960	early mesoderm
3961	early mesoderm
3962	blood
3963	ExE mesoderm
3964	blood
3965	early mesoderm
3966	epithelial cells
3967	ExE mesoderm
3968	blood
3969	ExE endoderm
3970	early mesoderm
3971	mitosis
3972	blood
3973	blood
3974	blood
3975	NMP
3976	ExE mesoderm
3977	mitosis
3978	blood
3979	neural tube
3980	early mesoderm
3981	ExE mesoderm
3982	ExE endoderm
3983	NMP
3984	NMP
3985	epithelial cells
3986	early mesoderm
3987	neural tube
3988	blood
3989	ExE mesoderm
3990	neural tube
3991	ExE endoderm
3992	ExE mesoderm
3993	mitosis
3994	early mesenchyme
3995	ExE endoderm
3996	blood
3997	blood
3998	epithelial cells
3999	ExE mesoderm
4000	epithelial cells
4001	blood
4002	blood
4003	early mesoderm
4004	early mesoderm
4005	mitosis
4006	early mesenchyme
4007	early mesenchyme
4008	early mesenchyme
4009	neural ectoderm
4010	neural tube
4011	blood
4012	blood
4013	mitosis
4014	blood
4015	notochord
4016	blood
4017	neural tube
4018	early mesoderm
4019	ExE mesoderm
4020	NMP
4021	intermediate mesoderm
4022	early mesenchyme
4023	blood
4024	neural tube
4025	ExE mesoderm
4026	blood
4027	epithelial cells
4028	blood
4029	early mesenchyme
4030	mitosis
4031	early mesenchyme
4032	epithelial cells
4033	ExE mesoderm
4034	ExE endoderm
4035	epithelial cells
4036	blood
4037	early mesoderm
4038	mitosis
4039	neural ectoderm
4040	neural tube
4041	neural tube
4042	ExE mesoderm
4043	early mesenchyme
4044	early mesoderm
4045	blood
4046	early mesenchyme
4047	blood
4048	ExE mesoderm
4049	ExE endoderm
4050	ExE ectoderm
4051	NMP
4052	blood
4053	neural tube
4054	intermediate mesoderm
4055	blood
4056	neural tube
4057	endoderm
4058	ExE endoderm
4059	neural tube
4060	neural ectoderm
4061	ExE endoderm
4062	neural ectoderm
4063	endoderm
4064	intermediate mesoderm
4065	epithelial cells
4066	early mesoderm
4067	epithelial cells
4068	ExE mesoderm
4069	early mesenchyme
4070	epithelial cells
4071	endoderm
4072	mitosis
4073	epithelial cells
4074	early mesenchyme
4075	blood
4076	mitosis
4077	epithelial cells
4078	notochord
4079	early mesenchyme
4080	radial glias
4081	intermediate mesoderm
4082	intermediate mesoderm
4083	mix late mesenchyme
4084	intermediate mesoderm
4085	ExE endoderm
4086	mitosis
4087	blood
4088	early mesenchyme
4089	notochord
4090	mitosis
4091	intermediate mesoderm
4092	NMP
4093	early mesenchyme
4094	neural tube
4095	epithelial cells
4096	notochord
4097	early mesenchyme
4098	blood
4099	early neurons
4100	epithelial cells
4101	oligodendrocytes and progenitors
4102	mitosis
4103	mix late mesenchyme
4104	radial glias
4105	radial glias
4106	intermediate mesoderm
4107	epithelial cells
4108	radial glias
4109	intermediate mesoderm
4110	NMP
4111	neural tube
4112	early mesenchyme
4113	early mesenchyme
4114	intermediate mesoderm
4115	radial glias
4116	mitosis
4117	early mesoderm
4118	epithelial cells
4119	radial glias
4120	NMP
4121	NMP
4122	intermediate mesoderm
4123	notochord
4124	NMP
4125	mix late mesenchyme
4126	notochord
4127	notochord
4128	early neurons
4129	epithelial cells
4130	intermediate mesoderm
4131	early mesenchyme
4132	early mesenchyme
4133	blood
4134	intermediate mesoderm
4135	radial glias
4136	mitosis
4137	early mesoderm
4138	early mesenchyme
4139	mitosis
4140	NMP
4141	mitosis
4142	notochord
4143	NMP
4144	radial glias
4145	intermediate mesoderm
4146	epithelial cells
4147	blood
4148	blood
4149	blood
4150	intermediate mesoderm
4151	early mesenchyme
4152	mitosis
4153	mitosis
4154	schwann cell precursors
4155	intermediate mesoderm
4156	epithelial cells
4157	early mesoderm
4158	early mesenchyme
4159	blood
4160	intermediate mesoderm
4161	early mesoderm
4162	blood
4163	notochord
4164	NMP
4165	ExE mesoderm
4166	intermediate mesoderm
4167	intermediate mesoderm
4168	intermediate mesoderm
4169	NMP
4170	NMP
4171	epithelial cells
4172	early mesoderm
4173	intermediate mesoderm
4174	mix late mesenchyme
4175	epithelial cells
4176	mitosis
4177	early mesoderm
4178	oligodendrocytes and progenitors
4179	notochord
4180	intermediate mesoderm
4181	intermediate mesoderm
4182	epithelial cells
4183	early mesenchyme
4184	early mesoderm
4185	mix late mesenchyme
4186	NMP
4187	radial glias
4188	notochord
4189	mix late mesenchyme
4190	notochord
4191	intermediate mesoderm
4192	notochord
4193	mitosis
4194	early mesenchyme
4195	notochord
4196	epithelial cells
4197	intermediate mesoderm
4198	intermediate mesoderm
4199	blood
4200	mitosis
4201	blood
4202	epithelial cells
4203	blood
4204	early mesenchyme
4205	radial glias
4206	epithelial cells
4207	intermediate mesoderm
4208	intermediate mesoderm
4209	neural tube
4210	mix late mesenchyme
4211	blood
4212	intermediate mesoderm
4213	epithelial cells
4214	intermediate mesoderm
4215	mix late mesenchyme
4216	mitosis
4217	intermediate mesoderm
4218	blood
4219	notochord
4220	epithelial cells
4221	NMP
4222	intermediate mesoderm
4223	intermediate mesoderm
4224	radial glias
4225	intermediate mesoderm
4226	intermediate mesoderm
4227	intermediate mesoderm
4228	early mesenchyme
4229	early mesoderm
4230	early mesenchyme
4231	intermediate mesoderm
4232	notochord
4233	epithelial cells
4234	endoderm
4235	radial glias
4236	intermediate mesoderm
4237	oligodendrocytes and progenitors
4238	intermediate mesoderm
4239	radial glias
4240	blood
4241	intermediate mesoderm
4242	ExE mesoderm
4243	early mesenchyme
4244	intermediate mesoderm
4245	mitosis
4246	epithelial cells
4247	early mesoderm
4248	early mesenchyme
4249	epithelial cells
4250	notochord
4251	intermediate mesoderm
4252	blood
4253	oligodendrocytes and progenitors
4254	intermediate mesoderm
4255	notochord
4256	mix late mesenchyme
4257	schwann cell precursors
4258	radial glias
4259	notochord
4260	notochord
4261	intermediate mesoderm
4262	notochord
4263	intermediate mesoderm
4264	radial glias
4265	neural tube
4266	blood
4267	early mesoderm
4268	early mesenchyme
4269	early neurons
4270	neural tube
4271	early mesenchyme
4272	intermediate mesoderm
4273	early mesoderm
4274	mix late mesenchyme
4275	intermediate mesoderm
4276	mix late mesenchyme
4277	mitosis
4278	intermediate mesoderm
4279	early mesenchyme
4280	neural tube
4281	blood
4282	intermediate mesoderm
4283	early mesenchyme
4284	intermediate mesoderm
4285	intermediate mesoderm
4286	notochord
4287	early mesenchyme
4288	epithelial cells
4289	NMP
4290	intermediate mesoderm
4291	intermediate mesoderm
4292	mitosis
4293	notochord
4294	mitosis
4295	epithelial cells
4296	intermediate mesoderm
4297	intermediate mesoderm
4298	blood
4299	intermediate mesoderm
4300	blood
4301	intermediate mesoderm
4302	early mesenchyme
4303	early mesenchyme
4304	early mesenchyme
4305	intermediate mesoderm
4306	early mesenchyme
4307	schwann cell precursors
4308	intermediate mesoderm
4309	blood
4310	mix late mesenchyme
4311	mix late mesenchyme
4312	intermediate mesoderm
4313	mitosis
4314	mix late mesenchyme
4315	intermediate mesoderm
4316	early mesenchyme
4317	neural tube
4318	intermediate mesoderm
4319	NMP
4320	mitosis
4321	radial glias
4322	notochord
4323	notochord
4324	epithelial cells
4325	early mesoderm
4326	NMP
4327	endoderm
4328	epithelial cells
4329	epithelial cells
4330	early mesenchyme
4331	early mesoderm
4332	NMP
4333	intermediate mesoderm
4334	mix late mesenchyme
4335	epithelial cells
4336	early mesenchyme
4337	epithelial cells
4338	intermediate mesoderm
4339	intermediate mesoderm
4340	intermediate mesoderm
4341	early mesoderm
4342	intermediate mesoderm
4343	notochord
4344	early neurons
4345	mix late mesenchyme
4346	mix late mesenchyme
4347	mix late mesenchyme
4348	neural tube
4349	mitosis
4350	mix late mesenchyme
4351	intermediate mesoderm
4352	early mesenchyme
4353	blood
4354	epithelial cells
4355	epithelial cells
4356	mitosis
4357	NMP
4358	early mesenchyme
4359	neural tube
4360	blood
4361	mix late mesenchyme
4362	mix late mesenchyme
4363	intermediate mesoderm
4364	intermediate mesoderm
4365	early mesenchyme
4366	NMP
4367	notochord
4368	early mesenchyme
4369	radial glias
4370	early mesoderm
4371	early neurons
4372	intermediate mesoderm
4373	blood
4374	mix late mesenchyme
4375	mitosis
4376	notochord
4377	intermediate mesoderm
4378	intermediate mesoderm
4379	mitosis
4380	mix late mesenchyme
4381	mix late mesenchyme
4382	intermediate mesoderm
4383	notochord
4384	intermediate mesoderm
4385	radial glias
4386	notochord
4387	intermediate mesoderm
4388	early mesenchyme
4389	early mesenchyme
4390	radial glias
4391	mitosis
4392	intermediate mesoderm
4393	epithelial cells
4394	blood
4395	NMP
4396	mitosis
4397	early mesenchyme
4398	notochord
4399	mix late mesenchyme
4400	epithelial cells
4401	mitosis
4402	mix late mesenchyme
4403	NMP
4404	intermediate mesoderm
4405	intermediate mesoderm
4406	mitosis
4407	mitosis
4408	mitosis
4409	mitosis
4410	early mesenchyme
4411	NMP
4412	early neurons
4413	early mesenchyme
4414	intermediate mesoderm
4415	early mesenchyme
4416	blood
4417	NMP
4418	early mesenchyme
4419	epithelial cells
4420	NMP
4421	early neurons
4422	mitosis
4423	neural tube
4424	intermediate mesoderm
4425	epithelial cells
4426	blood
4427	mix late mesenchyme
4428	notochord
4429	blood
4430	mix late mesenchyme
4431	notochord
4432	intermediate mesoderm
4433	ExE endoderm
4434	neural tube
4435	early mesenchyme
4436	mix late mesenchyme
4437	notochord
4438	intermediate mesoderm
4439	intermediate mesoderm
4440	radial glias
4441	notochord
4442	early mesenchyme
4443	mix late mesenchyme
4444	intermediate mesoderm
4445	mix late mesenchyme
4446	notochord
4447	radial glias
4448	epithelial cells
4449	mix late mesenchyme
4450	blood
4451	radial glias
4452	mix late mesenchyme
4453	early neurons
4454	mix late mesenchyme
4455	radial glias
4456	early mesenchyme
4457	intermediate mesoderm
4458	notochord
4459	radial glias
4460	intermediate mesoderm
4461	oligodendrocytes and progenitors
4462	schwann cell precursors
4463	mix late mesenchyme
4464	radial glias
4465	schwann cell precursors
4466	radial glias
4467	mitosis
4468	radial glias
4469	radial glias
4470	mitosis
4471	mix late mesenchyme
4472	epithelial cells
4473	mitosis
4474	radial glias
4475	oligodendrocytes and progenitors
4476	radial glias
4477	notochord
4478	epithelial cells
4479	mix late mesenchyme
4480	notochord
4481	mitosis
4482	intermediate mesoderm
4483	early mesenchyme
4484	mitosis
4485	early neurons
4486	radial glias
4487	early neurons
4488	oligodendrocytes and progenitors
4489	radial glias
4490	early neurons
4491	notochord
4492	epithelial cells
4493	mix late mesenchyme
4494	mix late mesenchyme
4495	radial glias
4496	radial glias
4497	oligodendrocytes and progenitors
4498	blood
4499	early mesoderm
4500	mix late mesenchyme
4501	radial glias
4502	early neurons
4503	mitosis
4504	radial glias
4505	mitosis
4506	mix late mesenchyme
4507	mix late mesenchyme
4508	intermediate mesoderm
4509	mix late mesenchyme
4510	early mesenchyme
4511	radial glias
4512	early neurons
4513	early neurons
4514	radial glias
4515	mix late mesenchyme
4516	mix late mesenchyme
4517	mix late mesenchyme
4518	NMP
4519	mix late mesenchyme
4520	notochord
4521	mix late mesenchyme
4522	radial glias
4523	intermediate mesoderm
4524	radial glias
4525	schwann cell precursors
4526	radial glias
4527	epithelial cells
4528	early neurons
4529	myocytes
4530	early neurons
4531	mix late mesenchyme
4532	mix late mesenchyme
4533	radial glias
4534	radial glias
4535	mitosis
4536	early mesenchyme
4537	radial glias
4538	oligodendrocytes and progenitors
4539	notochord
4540	mitosis
4541	notochord
4542	early neurons
4543	notochord
4544	oligodendrocytes and progenitors
4545	mix late mesenchyme
4546	intermediate mesoderm
4547	blood
4548	mix late mesenchyme
4549	mix late mesenchyme
4550	radial glias
4551	mix late mesenchyme
4552	mix late mesenchyme
4553	epithelial cells
4554	mitosis
4555	radial glias
4556	mix late mesenchyme
4557	blood
4558	mitosis
4559	mitosis
4560	early mesenchyme
4561	mitosis
4562	epithelial cells
4563	notochord
4564	mitosis
4565	notochord
4566	early neurons
4567	mix late mesenchyme
4568	mix late mesenchyme
4569	radial glias
4570	mix late mesenchyme
4571	mix late mesenchyme
4572	intermediate mesoderm
4573	schwann cell precursors
4574	radial glias
4575	radial glias
4576	radial glias
4577	mix late mesenchyme
4578	notochord
4579	early mesoderm
4580	notochord
4581	radial glias
4582	radial glias
4583	early neurons
4584	intermediate mesoderm
4585	intermediate mesoderm
4586	mix late mesenchyme
4587	intermediate mesoderm
4588	mix late mesenchyme
4589	early mesenchyme
4590	blood
4591	notochord
4592	mix late mesenchyme
4593	radial glias
4594	radial glias
4595	early neurons
4596	epithelial cells
4597	mitosis
4598	radial glias
4599	mix late mesenchyme
4600	early neurons
4601	early neurons
4602	radial glias
4603	mix late mesenchyme
4604	notochord
4605	notochord
4606	schwann cell precursors
4607	radial glias
4608	mix late mesenchyme
4609	oligodendrocytes and progenitors
4610	early neurons
4611	radial glias
4612	mitosis
4613	radial glias
4614	mix late mesenchyme
4615	blood
4616	radial glias
4617	radial glias
4618	blood
4619	radial glias
4620	oligodendrocytes and progenitors
4621	radial glias
4622	oligodendrocytes and progenitors
4623	epithelial cells
4624	intermediate mesoderm
4625	intermediate mesoderm
4626	radial glias
4627	radial glias
4628	radial glias
4629	schwann cell precursors
4630	radial glias
4631	radial glias
4632	oligodendrocytes and progenitors
4633	schwann cell precursors
4634	intermediate mesoderm
4635	mitosis
4636	radial glias
4637	radial glias
4638	early mesenchyme
4639	early mesenchyme
4640	intermediate mesoderm
4641	radial glias
4642	mitosis
4643	mitosis
4644	radial glias
4645	notochord
4646	radial glias
4647	intermediate mesoderm
4648	epithelial cells
4649	notochord
4650	mix late mesenchyme
4651	notochord
4652	early mesenchyme
4653	radial glias
4654	mix late mesenchyme
4655	early mesenchyme
4656	radial glias
4657	early neurons
4658	notochord
4659	radial glias
4660	notochord
4661	radial glias
4662	mitosis
4663	mix late mesenchyme
4664	radial glias
4665	radial glias
4666	mix late mesenchyme
4667	oligodendrocytes and progenitors
4668	radial glias
4669	radial glias
4670	radial glias
4671	blood
4672	mix late mesenchyme
4673	notochord
4674	mitosis
4675	mix late mesenchyme
4676	radial glias
4677	notochord
4678	radial glias
4679	radial glias
4680	intermediate mesoderm
4681	radial glias
4682	early neurons
4683	notochord
4684	mix late mesenchyme
4685	epithelial cells
4686	epithelial cells
4687	mix late mesenchyme
4688	radial glias
4689	early neurons
4690	notochord
4691	early neurons
4692	intermediate mesoderm
4693	notochord
4694	mix late mesenchyme
4695	mix late mesenchyme
4696	mix late mesenchyme
4697	early mesenchyme
4698	intermediate mesoderm
4699	mitosis
4700	radial glias
4701	early mesenchyme
4702	radial glias
4703	radial glias
4704	oligodendrocytes and progenitors
4705	mix late mesenchyme
4706	mitosis
4707	epithelial cells
4708	radial glias
4709	notochord
4710	radial glias
4711	mix late mesenchyme
4712	mix late mesenchyme
4713	early mesenchyme
4714	intermediate mesoderm
4715	radial glias
4716	radial glias
4717	mix late mesenchyme
4718	NMP
4719	mix late mesenchyme
4720	early neurons
4721	mitosis
4722	notochord
4723	early neurons
4724	radial glias
4725	notochord
4726	radial glias
4727	blood
4728	early neurons
4729	notochord
4730	radial glias
4731	neural tube
4732	notochord
4733	early mesenchyme
4734	mix late mesenchyme
4735	intermediate mesoderm
4736	mitosis
4737	radial glias
4738	radial glias
4739	oligodendrocytes and progenitors
4740	intermediate mesoderm
4741	radial glias
4742	mix late mesenchyme
4743	radial glias
4744	radial glias
4745	intermediate mesoderm
4746	early neurons
4747	intermediate mesoderm
4748	notochord
4749	radial glias
4750	radial glias
4751	early neurons
4752	radial glias
4753	intermediate mesoderm
4754	radial glias
4755	radial glias
4756	radial glias
4757	radial glias
4758	intermediate mesoderm
4759	mix late mesenchyme
4760	radial glias
4761	intermediate mesoderm
4762	radial glias
4763	intermediate mesoderm
4764	early mesoderm
4765	oligodendrocytes and progenitors
4766	blood
4767	schwann cell precursors
4768	oligodendrocytes and progenitors
4769	radial glias
4770	notochord
4771	mix late mesenchyme
4772	schwann cell precursors
4773	radial glias
4774	intermediate mesoderm
4775	schwann cell precursors
4776	intermediate mesoderm
4777	endoderm
4778	mix late mesenchyme
4779	intermediate mesoderm
4780	blood
4781	radial glias
4782	radial glias
4783	mix late mesenchyme
4784	early neurons
4785	radial glias
4786	epithelial cells
4787	early neurons
4788	intermediate mesoderm
4789	mix late mesenchyme
4790	blood
4791	mix late mesenchyme
4792	schwann cell precursors
4793	mix late mesenchyme
4794	oligodendrocytes and progenitors
4795	radial glias
4796	radial glias
4797	intermediate mesoderm
4798	notochord
4799	early mesenchyme
4800	myocytes
4801	intermediate mesoderm
4802	mix late mesenchyme
4803	intermediate mesoderm
4804	mitosis
4805	oligodendrocytes and progenitors
4806	early mesenchyme
4807	radial glias
4808	radial glias
4809	oligodendrocytes and progenitors
4810	epithelial cells
4811	early mesenchyme
4812	mitosis
4813	schwann cell precursors
4814	radial glias
4815	notochord
4816	notochord
4817	radial glias
4818	mitosis
4819	mix late mesenchyme
4820	mix late mesenchyme
4821	intermediate mesoderm
4822	NMP
4823	NMP
4824	intermediate mesoderm
4825	radial glias
4826	intermediate mesoderm
4827	mix late mesenchyme
4828	blood
4829	mix late mesenchyme
4830	early neurons
4831	early neurons
4832	oligodendrocytes and progenitors
4833	mix late mesenchyme
4834	blood
4835	blood
4836	mix late mesenchyme
4837	mix late mesenchyme
4838	radial glias
4839	blood
4840	blood
4841	radial glias
4842	intermediate mesoderm
4843	mix late mesenchyme
4844	mix late mesenchyme
4845	early neurons
4846	mitosis
4847	early neurons
4848	myocytes
4849	mix late mesenchyme
4850	mix late mesenchyme
4851	blood
4852	intermediate mesoderm
4853	mitosis
4854	early neurons
4855	early mesenchyme
4856	blood
4857	myocytes
4858	mix late mesenchyme
4859	early neurons
4860	blood
4861	early neurons
4862	mix late mesenchyme
4863	radial glias
4864	mix late mesenchyme
4865	mix late mesenchyme
4866	myocytes
4867	early neurons
4868	blood
4869	radial glias
4870	early neurons
4871	mix late mesenchyme
4872	mix late mesenchyme
4873	early neurons
4874	mix late mesenchyme
4875	blood
4876	early neurons
4877	radial glias
4878	oligodendrocytes and progenitors
4879	early neurons
4880	radial glias
4881	early neurons
4882	mix late mesenchyme
4883	early neurons
4884	early neurons
4885	mix late mesenchyme
4886	blood
4887	early neurons
4888	oligodendrocytes and progenitors
4889	blood
4890	blood
4891	mix late mesenchyme
4892	mitosis
4893	mix late mesenchyme
4894	early neurons
4895	early neurons
4896	mix late mesenchyme
4897	blood
4898	mix late mesenchyme
4899	mix late mesenchyme
4900	blood
4901	radial glias
4902	mix late mesenchyme
4903	early neurons
4904	early neurons
4905	mix late mesenchyme
4906	mix late mesenchyme
4907	early neurons
4908	mix late mesenchyme
4909	mix late mesenchyme
4910	blood
4911	blood
4912	radial glias
4913	mix late mesenchyme
4914	mix late mesenchyme
4915	radial glias
4916	myocytes
4917	intermediate mesoderm
4918	early neurons
4919	blood
4920	early neurons
4921	early neurons
4922	mix late mesenchyme
4923	mix late mesenchyme
4924	blood
4925	early neurons
4926	mix late mesenchyme
4927	blood
4928	mix late mesenchyme
4929	blood
4930	mix late mesenchyme
4931	early neurons
4932	early neurons
4933	mix late mesenchyme
4934	mix late mesenchyme
4935	mix late mesenchyme
4936	mix late mesenchyme
4937	mix late mesenchyme
4938	blood
4939	mix late mesenchyme
4940	early neurons
4941	mix late mesenchyme
4942	mix late mesenchyme
4943	radial glias
4944	early neurons
4945	radial glias
4946	radial glias
4947	intermediate mesoderm
4948	early neurons
4949	mitosis
4950	mix late mesenchyme
4951	mix late mesenchyme
4952	oligodendrocytes and progenitors
4953	schwann cell precursors
4954	mix late mesenchyme
4955	mix late mesenchyme
4956	mix late mesenchyme
4957	mix late mesenchyme
4958	epithelial cells
4959	blood
4960	mix late mesenchyme
4961	early neurons
4962	mix late mesenchyme
4963	early neurons
4964	mix late mesenchyme
4965	epithelial cells
4966	myocytes
4967	radial glias
4968	oligodendrocytes and progenitors
4969	early neurons
4970	mix late mesenchyme
4971	mix late mesenchyme
4972	mix late mesenchyme
4973	mix late mesenchyme
4974	mix late mesenchyme
4975	myocytes
4976	mix late mesenchyme
4977	blood
4978	mix late mesenchyme
4979	mix late mesenchyme
4980	blood
4981	intermediate mesoderm
4982	blood
4983	early neurons
4984	radial glias
4985	mix late mesenchyme
4986	blood
4987	mix late mesenchyme
4988	mix late mesenchyme
4989	early neurons
4990	early neurons
4991	myocytes
4992	early neurons
4993	intermediate mesoderm
4994	mix late mesenchyme
4995	blood
4996	blood
4997	mix late mesenchyme
4998	early neurons
4999	mix late mesenchyme
5000	myocytes
5001	mix late mesenchyme
5002	mix late mesenchyme
5003	early neurons
5004	early neurons
5005	blood
5006	mitosis
5007	intermediate mesoderm
5008	blood
5009	early neurons
5010	early neurons
5011	oligodendrocytes and progenitors
5012	radial glias
5013	early neurons
5014	mix late mesenchyme
5015	early neurons
5016	mix late mesenchyme
5017	mitosis
5018	mix late mesenchyme
5019	mix late mesenchyme
5020	early neurons
5021	blood
5022	early neurons
5023	mix late mesenchyme
5024	intermediate mesoderm
5025	early neurons
5026	mix late mesenchyme
5027	early neurons
5028	endoderm
5029	mix late mesenchyme
5030	radial glias
5031	early neurons
5032	mix late mesenchyme
5033	blood
5034	mix late mesenchyme
5035	early neurons
5036	early neurons
5037	radial glias
5038	mix late mesenchyme
5039	blood
5040	myocytes
5041	mix late mesenchyme
5042	schwann cell precursors
5043	mitosis
5044	radial glias
5045	intermediate mesoderm
5046	early neurons
5047	mix late mesenchyme
5048	blood
5049	intermediate mesoderm
5050	early neurons
5051	early neurons
5052	blood
5053	schwann cell precursors
5054	mix late mesenchyme
5055	early neurons
5056	blood
5057	blood
5058	intermediate mesoderm
5059	early neurons
5060	blood
5061	radial glias
5062	mix late mesenchyme
5063	mix late mesenchyme
5064	early neurons
5065	oligodendrocytes and progenitors
5066	mix late mesenchyme
5067	mix late mesenchyme
5068	radial glias
5069	radial glias
5070	mix late mesenchyme
5071	blood
5072	mix late mesenchyme
5073	myocytes
5074	intermediate mesoderm
5075	mix late mesenchyme
5076	mix late mesenchyme
5077	mix late mesenchyme
5078	early neurons
5079	oligodendrocytes and progenitors
5080	mix late mesenchyme
5081	early neurons
5082	blood
5083	radial glias
5084	mitosis
5085	early neurons
5086	radial glias
5087	early neurons
5088	early neurons
5089	mix late mesenchyme
5090	early neurons
5091	mix late mesenchyme
5092	mitosis
5093	radial glias
5094	early neurons
5095	early neurons
5096	myocytes
5097	early neurons
5098	radial glias
5099	radial glias
5100	early neurons
5101	radial glias
5102	early neurons
5103	early neurons
5104	myocytes
5105	mix late mesenchyme
5106	intermediate mesoderm
5107	mix late mesenchyme
5108	blood
5109	early neurons
5110	early neurons
5111	early neurons
5112	early neurons
5113	early neurons
5114	blood
5115	radial glias
5116	mitosis
5117	blood
5118	early neurons
5119	blood
5120	mix late mesenchyme
5121	blood
5122	mix late mesenchyme
5123	radial glias
5124	early neurons
5125	radial glias
5126	mix late mesenchyme
5127	radial glias
5128	mix late mesenchyme
5129	blood
5130	mix late mesenchyme
5131	mix late mesenchyme
5132	early neurons
5133	oligodendrocytes and progenitors
5134	radial glias
5135	epithelial cells
5136	mix late mesenchyme
5137	epithelial cells
5138	blood
5139	intermediate mesoderm
5140	early neurons
5141	mix late mesenchyme
5142	mix late mesenchyme
5143	blood
5144	radial glias
5145	mix late mesenchyme
5146	blood
5147	early neurons
5148	mix late mesenchyme
5149	mix late mesenchyme
5150	mitosis
5151	early neurons
5152	early neurons
5153	oligodendrocytes and progenitors
5154	early neurons
5155	blood
5156	mix late mesenchyme
5157	oligodendrocytes and progenitors
5158	myocytes
5159	early neurons
5160	mix late mesenchyme
5161	radial glias
5162	blood
5163	intermediate mesoderm
5164	mix late mesenchyme
5165	notochord
5166	mitosis
5167	early neurons
5168	blood
5169	early neurons
5170	early neurons
5171	mix late mesenchyme
5172	intermediate mesoderm
5173	mix late mesenchyme
5174	early neurons
5175	blood
5176	mix late mesenchyme
5177	early neurons
5178	endoderm
5179	mix late mesenchyme
5180	radial glias
5181	mix late mesenchyme
5182	radial glias
5183	mix late mesenchyme
5184	mitosis
5185	early neurons
5186	epithelial cells
5187	mix late mesenchyme
5188	endoderm
5189	mix late mesenchyme
5190	radial glias
5191	radial glias
5192	radial glias
5193	mix late mesenchyme
5194	early neurons
5195	blood
5196	mix late mesenchyme
5197	blood
5198	early neurons
5199	blood
5200	mix late mesenchyme
5201	early neurons
5202	mix late mesenchyme
5203	mix late mesenchyme
5204	myocytes
5205	radial glias
5206	radial glias
5207	mix late mesenchyme
5208	mix late mesenchyme
5209	radial glias
5210	radial glias
5211	mix late mesenchyme
5212	radial glias
5213	mitosis
5214	oligodendrocytes and progenitors
5215	mix late mesenchyme
5216	myocytes
5217	mix late mesenchyme
5218	oligodendrocytes and progenitors
5219	mix late mesenchyme
5220	mix late mesenchyme
5221	radial glias
5222	mix late mesenchyme
5223	mitosis
5224	mix late mesenchyme
5225	radial glias
5226	radial glias
5227	myocytes
5228	mix late mesenchyme
5229	early neurons
5230	early neurons
5231	radial glias
5232	radial glias
5233	mix late mesenchyme
5234	mitosis
5235	radial glias
5236	mix late mesenchyme
5237	mitosis
5238	intermediate mesoderm
5239	mix late mesenchyme
5240	mitosis
5241	mix late mesenchyme
5242	mix late mesenchyme
5243	early neurons
5244	early neurons
5245	early neurons
5246	blood
5247	notochord
5248	mix late mesenchyme
5249	radial glias
5250	epithelial cells
5251	mix late mesenchyme
5252	radial glias
5253	radial glias
5254	blood
5255	radial glias
5256	radial glias
5257	oligodendrocytes and progenitors
5258	notochord
5259	mix late mesenchyme
5260	mix late mesenchyme
5261	oligodendrocytes and progenitors
5262	radial glias
5263	endoderm
5264	radial glias
5265	early mesenchyme
5266	radial glias
5267	early neurons
5268	oligodendrocytes and progenitors
5269	mix late mesenchyme
5270	radial glias
5271	radial glias
5272	myocytes
5273	radial glias
5274	mix late mesenchyme
5275	mitosis
5276	intermediate mesoderm
5277	mix late mesenchyme
5278	schwann cell precursors
5279	early neurons
5280	epithelial cells
5281	mix late mesenchyme
5282	early neurons
5283	mix late mesenchyme
5284	mix late mesenchyme
5285	oligodendrocytes and progenitors
5286	early mesenchyme
5287	early neurons
5288	mix late mesenchyme
5289	epithelial cells
5290	early neurons
5291	early neurons
5292	blood
5293	early neurons
5294	blood
5295	mitosis
5296	blood
5297	intermediate mesoderm
5298	early neurons
5299	early neurons
5300	early neurons
5301	intermediate mesoderm
5302	oligodendrocytes and progenitors
5303	mix late mesenchyme
5304	myocytes
5305	intermediate mesoderm
5306	radial glias
5307	early neurons
5308	mix late mesenchyme
5309	mix late mesenchyme
5310	mix late mesenchyme
5311	radial glias
5312	mix late mesenchyme
5313	mix late mesenchyme
5314	oligodendrocytes and progenitors
5315	blood
5316	radial glias
5317	mix late mesenchyme
5318	oligodendrocytes and progenitors
5319	early neurons
5320	notochord
5321	early neurons
5322	mix late mesenchyme
5323	mix late mesenchyme
5324	radial glias
5325	mitosis
5326	mix late mesenchyme
5327	mitosis
5328	mix late mesenchyme
5329	radial glias
5330	radial glias
5331	radial glias
5332	radial glias
5333	mix late mesenchyme
5334	early neurons
5335	radial glias
5336	mix late mesenchyme
5337	epithelial cells
5338	early neurons
5339	oligodendrocytes and progenitors
5340	early neurons
5341	radial glias
5342	mix late mesenchyme
5343	radial glias
5344	radial glias
5345	notochord
5346	mitosis
5347	intermediate mesoderm
5348	mitosis
5349	mix late mesenchyme
5350	mix late mesenchyme
5351	intermediate mesoderm
5352	early neurons
5353	mix late mesenchyme
5354	mix late mesenchyme
5355	mix late mesenchyme
5356	radial glias
5357	intermediate mesoderm
5358	mix late mesenchyme
5359	blood
5360	early neurons
5361	early neurons
5362	mix late mesenchyme
5363	mix late mesenchyme
5364	radial glias
5365	oligodendrocytes and progenitors
5366	schwann cell precursors
5367	mix late mesenchyme
5368	mitosis
5369	schwann cell precursors
5370	mix late mesenchyme
5371	oligodendrocytes and progenitors
5372	mix late mesenchyme
5373	notochord
5374	endoderm
5375	mix late mesenchyme
5376	mix late mesenchyme
5377	blood
5378	mitosis
5379	radial glias
5380	early neurons
5381	radial glias
5382	radial glias
5383	blood
5384	mix late mesenchyme
5385	mix late mesenchyme
5386	notochord
5387	radial glias
5388	mix late mesenchyme
5389	radial glias
5390	mix late mesenchyme
5391	mix late mesenchyme
5392	myocytes
5393	mix late mesenchyme
5394	early neurons
5395	early neurons
5396	mitosis
5397	radial glias
5398	mix late mesenchyme
5399	mitosis
5400	mix late mesenchyme
5401	mix late mesenchyme
5402	radial glias
5403	early neurons
5404	oligodendrocytes and progenitors
5405	mix late mesenchyme
5406	mix late mesenchyme
5407	blood
5408	radial glias
5409	epithelial cells
5410	mix late mesenchyme
5411	mitosis
5412	notochord
5413	early neurons
5414	mix late mesenchyme
5415	blood
5416	blood
5417	intermediate mesoderm
5418	early neurons
5419	early neurons
5420	intermediate mesoderm
5421	radial glias
5422	mix late mesenchyme
5423	early neurons
5424	mix late mesenchyme
5425	radial glias
5426	mix late mesenchyme
5427	intermediate mesoderm
5428	oligodendrocytes and progenitors
5429	early neurons
5430	mix late mesenchyme
5431	early neurons
5432	radial glias
5433	mix late mesenchyme
5434	mix late mesenchyme
5435	mix late mesenchyme
5436	radial glias
5437	mix late mesenchyme
5438	myocytes
5439	radial glias
5440	radial glias
5441	intermediate mesoderm
5442	radial glias
5443	early neurons
5444	radial glias
5445	early neurons
5446	mix late mesenchyme
5447	oligodendrocytes and progenitors
5448	mix late mesenchyme
5449	mix late mesenchyme
5450	radial glias
5451	mix late mesenchyme
5452	radial glias
5453	radial glias
5454	radial glias
5455	mix late mesenchyme
5456	mix late mesenchyme
5457	radial glias
5458	oligodendrocytes and progenitors
5459	radial glias
5460	myocytes
5461	early neurons
5462	mix late mesenchyme
5463	epithelial cells
5464	early neurons
5465	mix late mesenchyme
5466	radial glias
5467	mix late mesenchyme
5468	notochord
5469	radial glias
5470	early neurons
5471	mix late mesenchyme
5472	mix late mesenchyme
5473	early neurons
5474	early neurons
5475	mix late mesenchyme
5476	mix late mesenchyme
5477	intermediate mesoderm
5478	intermediate mesoderm
5479	radial glias
5480	blood
5481	mix late mesenchyme
5482	radial glias
5483	radial glias
5484	myocytes
5485	radial glias
5486	mix late mesenchyme
5487	oligodendrocytes and progenitors
5488	radial glias
5489	radial glias
5490	early neurons
5491	mitosis
5492	mitosis
5493	mix late mesenchyme
5494	oligodendrocytes and progenitors
5495	radial glias
5496	radial glias
5497	mix late mesenchyme
5498	early neurons
5499	radial glias
5500	early neurons
5501	early neurons
5502	oligodendrocytes and progenitors
5503	mitosis
5504	mitosis
5505	radial glias
5506	mitosis
5507	radial glias
5508	mix late mesenchyme
5509	mitosis
5510	early neurons
5511	mitosis
5512	schwann cell precursors
5513	radial glias
5514	mix late mesenchyme
5515	notochord
5516	mix late mesenchyme
5517	mix late mesenchyme
5518	mix late mesenchyme
5519	mix late mesenchyme
5520	epithelial cells
5521	mix late mesenchyme
5522	oligodendrocytes and progenitors
5523	epithelial cells
5524	mitosis
5525	early neurons
5526	mitosis
5527	mix late mesenchyme
5528	radial glias
5529	mix late mesenchyme
5530	myocytes
5531	epithelial cells
5532	radial glias
5533	mix late mesenchyme
5534	mix late mesenchyme
5535	mix late mesenchyme
5536	mitosis
5537	mix late mesenchyme
5538	myocytes
5539	oligodendrocytes and progenitors
5540	mix late mesenchyme
5541	early neurons
5542	intermediate mesoderm
5543	mix late mesenchyme
5544	epithelial cells
5545	radial glias
5546	intermediate mesoderm
5547	mix late mesenchyme
5548	mix late mesenchyme
5549	epithelial cells
5550	radial glias
5551	early neurons
5552	mix late mesenchyme
5553	early neurons
5554	mix late mesenchyme
5555	mix late mesenchyme
5556	radial glias
5557	mix late mesenchyme
5558	early neurons
5559	early neurons
5560	notochord
5561	mix late mesenchyme
5562	myocytes
5563	radial glias
5564	radial glias
5565	oligodendrocytes and progenitors
5566	mix late mesenchyme
5567	mix late mesenchyme
5568	early neurons
5569	mix late mesenchyme
5570	mix late mesenchyme
5571	radial glias
5572	mix late mesenchyme
5573	mix late mesenchyme
5574	neural tube
5575	epithelial cells
5576	blood
5577	ExE mesoderm
5578	blood
5579	blood
5580	neural tube
5581	mitosis
5582	blood
5583	NMP
5584	NMP
5585	mitosis
5586	NMP
5587	early mesenchyme
5588	blood
5589	early mesoderm
5590	ExE mesoderm
5591	ExE endoderm
5592	mitosis
5593	neural tube
5594	neural ectoderm
5595	NMP
5596	early mesenchyme
5597	neural tube
5598	blood
5599	ExE endoderm
5600	blood
5601	blood
5602	NMP
5603	epithelial cells
5604	intermediate mesoderm
5605	early mesoderm
5606	intermediate mesoderm
5607	early mesenchyme
5608	blood
5609	intermediate mesoderm
5610	intermediate mesoderm
5611	early mesoderm
5612	neural tube
5613	early mesenchyme
5614	blood
5615	intermediate mesoderm
5616	blood
5617	early mesenchyme
5618	schwann cell precursors
5619	intermediate mesoderm
5620	blood
5621	blood
5622	epithelial cells
5623	mitosis
5624	intermediate mesoderm
5625	early mesenchyme
5626	mitosis
5627	blood
5628	neural tube
5629	ExE mesoderm
5630	ExE endoderm
5631	epithelial cells
5632	mitosis
5633	schwann cell precursors
5634	epithelial cells
5635	early mesoderm
5636	epithelial cells
5637	intermediate mesoderm
5638	ExE endoderm
5639	blood
5640	ExE mesoderm
5641	mitosis
5642	early mesenchyme
5643	epithelial cells
5644	blood
5645	neural tube
5646	oligodendrocytes and progenitors
5647	neural tube
5648	ExE endoderm
5649	blood
5650	neural tube
5651	NMP
5652	notochord
5653	ExE mesoderm
5654	mitosis
5655	blood
5656	neural tube
5657	blood
5658	early mesenchyme
5659	ExE endoderm
5660	early mesoderm
5661	neural tube
5662	neural tube
5663	blood
5664	ExE mesoderm
5665	blood
5666	mitosis
5667	neural tube
5668	early mesenchyme
5669	intermediate mesoderm
5670	schwann cell precursors
5671	epithelial cells
5672	neural tube
5673	mitosis
5674	mitosis
5675	intermediate mesoderm
5676	epithelial cells
5677	intermediate mesoderm
5678	ExE mesoderm
5679	mitosis
5680	early mesenchyme
5681	early mesoderm
5682	notochord
5683	blood
5684	early mesoderm
5685	blood
5686	epithelial cells
5687	mitosis
5688	epithelial cells
5689	mitosis
5690	early mesoderm
5691	intermediate mesoderm
5692	blood
5693	intermediate mesoderm
5694	mitosis
5695	intermediate mesoderm
5696	ExE mesoderm
5697	early mesoderm
5698	NMP
5699	NMP
5700	early mesoderm
5701	early mesoderm
5702	epithelial cells
5703	schwann cell precursors
5704	blood
5705	neural tube
5706	mitosis
5707	ExE endoderm
5708	blood
5709	neural tube
5710	early mesenchyme
5711	early mesoderm
5712	ExE mesoderm
5713	epithelial cells
5714	blood
5715	early mesenchyme
5716	NMP
5717	blood
5718	neural tube
5719	neural tube
5720	early mesenchyme
5721	early mesenchyme
5722	blood
5723	epithelial cells
5724	blood
5725	intermediate mesoderm
5726	mitosis
5727	blood
5728	blood
5729	mitosis
5730	mitosis
5731	intermediate mesoderm
5732	blood
5733	epithelial cells
5734	early mesoderm
5735	neural tube
5736	NMP
5737	early mesenchyme
5738	ExE endoderm
5739	blood
5740	blood
5741	early mesenchyme
5742	early mesenchyme
5743	neural tube
5744	blood
5745	ExE endoderm
5746	blood
5747	mitosis
5748	early mesoderm
5749	intermediate mesoderm
5750	intermediate mesoderm
5751	early mesoderm
5752	early mesenchyme
5753	blood
5754	blood
5755	early mesenchyme
5756	blood
5757	early mesoderm
5758	epithelial cells
5759	neural tube
5760	blood
5761	mitosis
5762	NMP
5763	early mesenchyme
5764	mitosis
5765	epithelial cells
5766	blood
5767	blood
5768	mitosis
5769	blood
5770	neural tube
5771	early mesenchyme
5772	blood
5773	blood
5774	blood
5775	blood
5776	blood
5777	neural tube
5778	neural tube
5779	epithelial cells
5780	neural tube
5781	schwann cell precursors
5782	blood
5783	ExE endoderm
5784	neural tube
5785	blood
5786	neural tube
5787	neural tube
5788	schwann cell precursors
5789	intermediate mesoderm
5790	intermediate mesoderm
5791	epithelial cells
5792	intermediate mesoderm
5793	blood
5794	intermediate mesoderm
5795	early mesenchyme
5796	blood
5797	endoderm
5798	intermediate mesoderm
5799	intermediate mesoderm
5800	blood
5801	early mesoderm
5802	neural tube
5803	mitosis
5804	mitosis
5805	schwann cell precursors
5806	epithelial cells
5807	blood
5808	early mesoderm
5809	early mesoderm
5810	early mesenchyme
5811	ExE mesoderm
5812	early mesoderm
5813	ExE endoderm
5814	epithelial cells
5815	intermediate mesoderm
5816	notochord
5817	early mesenchyme
5818	blood
5819	early mesoderm
5820	ExE endoderm
5821	early mesoderm
5822	early mesoderm
5823	blood
5824	blood
5825	neural tube
5826	ExE endoderm
5827	ExE mesoderm
5828	ExE mesoderm
5829	early mesenchyme
5830	early mesoderm
5831	blood
5832	intermediate mesoderm
5833	blood
5834	ExE mesoderm
5835	intermediate mesoderm
5836	epithelial cells
5837	blood
5838	blood
5839	NMP
5840	neural tube
5841	blood
5842	mitosis
5843	schwann cell precursors
5844	schwann cell precursors
5845	blood
5846	mitosis
5847	schwann cell precursors
5848	intermediate mesoderm
5849	early mesoderm
5850	early mesenchyme
5851	NMP
5852	blood
5853	NMP
5854	blood
5855	early mesenchyme
5856	early mesoderm
5857	neural tube
5858	blood
5859	NMP
5860	neural tube
5861	early mesenchyme
5862	early mesenchyme
5863	mitosis
5864	epithelial cells
5865	mitosis
5866	notochord
5867	blood
5868	schwann cell precursors
5869	blood
5870	mitosis
5871	intermediate mesoderm
5872	blood
5873	early mesoderm
5874	schwann cell precursors
5875	blood
5876	neural tube
5877	early mesenchyme
5878	mix late mesenchyme
5879	intermediate mesoderm
5880	mitosis
5881	ExE endoderm
5882	neural tube
5883	NMP
5884	blood
5885	blood
5886	blood
5887	early mesoderm
5888	neural tube
5889	blood
5890	early mesenchyme
5891	notochord
5892	epithelial cells
5893	neural tube
5894	ExE endoderm
5895	blood
5896	NMP
5897	blood
5898	neural tube
5899	neural tube
5900	blood
5901	blood
5902	mitosis
5903	early mesoderm
5904	early mesenchyme
5905	early mesoderm
5906	epithelial cells
5907	neural tube
5908	neural tube
5909	neural tube
5910	blood
5911	schwann cell precursors
5912	mitosis
5913	neural tube
5914	neural tube
5915	blood
5916	NMP
5917	early mesenchyme
5918	blood
5919	blood
5920	intermediate mesoderm
5921	blood
5922	early mesenchyme
5923	mitosis
5924	early neurons
5925	ExE mesoderm
5926	ExE mesoderm
5927	blood
5928	intermediate mesoderm
5929	NMP
5930	ExE mesoderm
5931	neural tube
5932	NMP
5933	blood
5934	blood
5935	early mesenchyme
5936	early mesenchyme
5937	mitosis
5938	blood
5939	epithelial cells
5940	mitosis
5941	neural tube
5942	blood
5943	neural tube
5944	mitosis
5945	blood
5946	neural tube
5947	NMP
5948	mitosis
5949	NMP
5950	neural tube
5951	schwann cell precursors
5952	mix late mesenchyme
5953	mix late mesenchyme
5954	mix late mesenchyme
5955	mix late mesenchyme
5956	mitosis
5957	mitosis
5958	mix late mesenchyme
5959	radial glias
5960	mix late mesenchyme
5961	mix late mesenchyme
5962	mix late mesenchyme
5963	radial glias
5964	radial glias
5965	early mesenchyme
5966	radial glias
5967	mix late mesenchyme
5968	early neurons
5969	early neurons
5970	mitosis
5971	intermediate mesoderm
5972	radial glias
5973	oligodendrocytes and progenitors
5974	mitosis
5975	mix late mesenchyme
5976	early neurons
5977	radial glias
5978	myocytes
5979	intermediate mesoderm
5980	intermediate mesoderm
5981	radial glias
5982	mix late mesenchyme
5983	mitosis
5984	early neurons
5985	mix late mesenchyme
5986	oligodendrocytes and progenitors
5987	myocytes
5988	mix late mesenchyme
5989	radial glias
5990	early neurons
5991	mix late mesenchyme
5992	blood
5993	mix late mesenchyme
5994	mitosis
5995	radial glias
5996	epithelial cells
5997	mitosis
5998	mix late mesenchyme
5999	early neurons
6000	early neurons
6001	early neurons
6002	mix late mesenchyme
6003	myocytes
6004	radial glias
6005	mix late mesenchyme
6006	mix late mesenchyme
6007	early neurons
6008	early neurons
6009	oligodendrocytes and progenitors
6010	mitosis
6011	mix late mesenchyme
6012	mitosis
6013	oligodendrocytes and progenitors
6014	early neurons
6015	mitosis
6016	mix late mesenchyme
6017	mitosis
6018	radial glias
6019	early neurons
6020	intermediate mesoderm
6021	myocytes
6022	early neurons
6023	radial glias
6024	intermediate mesoderm
6025	intermediate mesoderm
6026	mix late mesenchyme
6027	mix late mesenchyme
6028	early neurons
6029	mix late mesenchyme
6030	early neurons
6031	mix late mesenchyme
6032	early neurons
6033	mix late mesenchyme
6034	radial glias
6035	notochord
6036	early neurons
6037	early neurons
6038	blood
6039	intermediate mesoderm
6040	intermediate mesoderm
6041	mix late mesenchyme
6042	early neurons
6043	early neurons
6044	blood
6045	mitosis
6046	myocytes
6047	mix late mesenchyme
6048	epithelial cells
6049	early neurons
6050	oligodendrocytes and progenitors
6051	radial glias
6052	radial glias
6053	mix late mesenchyme
6054	schwann cell precursors
6055	mix late mesenchyme
6056	radial glias
6057	mix late mesenchyme
6058	early mesenchyme
6059	intermediate mesoderm
6060	mix late mesenchyme
6061	early neurons
6062	radial glias
6063	radial glias
6064	schwann cell precursors
6065	mix late mesenchyme
6066	mix late mesenchyme
6067	early neurons
6068	mix late mesenchyme
6069	mix late mesenchyme
6070	mix late mesenchyme
6071	early neurons
6072	early neurons
6073	early neurons
6074	radial glias
6075	mitosis
6076	mitosis
6077	mix late mesenchyme
6078	oligodendrocytes and progenitors
6079	mix late mesenchyme
6080	radial glias
6081	notochord
6082	mitosis
6083	mix late mesenchyme
6084	mix late mesenchyme
6085	mix late mesenchyme
6086	early neurons
6087	radial glias
6088	mix late mesenchyme
6089	oligodendrocytes and progenitors
6090	radial glias
6091	neural tube
6092	early neurons
6093	radial glias
6094	mix late mesenchyme
6095	radial glias
6096	mix late mesenchyme
6097	intermediate mesoderm
6098	blood
6099	mix late mesenchyme
6100	early neurons
6101	mix late mesenchyme
6102	mix late mesenchyme
6103	mix late mesenchyme
6104	mix late mesenchyme
6105	early neurons
6106	mitosis
6107	early neurons
6108	radial glias
6109	early neurons
6110	mix late mesenchyme
6111	mix late mesenchyme
6112	early neurons
6113	intermediate mesoderm
6114	early neurons
6115	early neurons
6116	intermediate mesoderm
6117	radial glias
6118	mix late mesenchyme
6119	mix late mesenchyme
6120	mitosis
6121	mitosis
6122	mix late mesenchyme
6123	intermediate mesoderm
6124	mix late mesenchyme
6125	mix late mesenchyme
6126	intermediate mesoderm
6127	blood
6128	radial glias
6129	intermediate mesoderm
6130	radial glias
6131	intermediate mesoderm
6132	mix late mesenchyme
6133	epithelial cells
6134	early neurons
6135	mix late mesenchyme
6136	mitosis
6137	early neurons
6138	radial glias
6139	intermediate mesoderm
6140	mix late mesenchyme
6141	early neurons
6142	mix late mesenchyme
6143	radial glias
6144	intermediate mesoderm
6145	notochord
6146	oligodendrocytes and progenitors
6147	intermediate mesoderm
6148	radial glias
6149	blood
6150	mix late mesenchyme
6151	mix late mesenchyme
6152	mix late mesenchyme
6153	mix late mesenchyme
6154	oligodendrocytes and progenitors
6155	notochord
6156	radial glias
6157	radial glias
6158	radial glias
6159	mix late mesenchyme
6160	endoderm
6161	mix late mesenchyme
6162	early neurons
6163	early neurons
6164	myocytes
6165	mitosis
6166	oligodendrocytes and progenitors
6167	radial glias
6168	blood
6169	mix late mesenchyme
6170	blood
6171	early neurons
6172	mix late mesenchyme
6173	mix late mesenchyme
6174	mix late mesenchyme
6175	mix late mesenchyme
6176	mix late mesenchyme
6177	early mesenchyme
6178	mix late mesenchyme
6179	radial glias
6180	mix late mesenchyme
6181	radial glias
6182	early neurons
6183	notochord
6184	mix late mesenchyme
6185	mix late mesenchyme
6186	intermediate mesoderm
6187	oligodendrocytes and progenitors
6188	mix late mesenchyme
6189	mix late mesenchyme
6190	mitosis
6191	radial glias
6192	early neurons
6193	radial glias
6194	blood
6195	radial glias
6196	mix late mesenchyme
6197	early neurons
6198	radial glias
6199	mitosis
6200	notochord
6201	mix late mesenchyme
6202	mitosis
6203	oligodendrocytes and progenitors
6204	epithelial cells
6205	mix late mesenchyme
6206	mix late mesenchyme
6207	mix late mesenchyme
6208	schwann cell precursors
6209	early neurons
6210	early neurons
6211	mix late mesenchyme
6212	mitosis
6213	oligodendrocytes and progenitors
6214	blood
6215	radial glias
6216	mix late mesenchyme
6217	mix late mesenchyme
6218	oligodendrocytes and progenitors
6219	early neurons
6220	mitosis
6221	epithelial cells
6222	mix late mesenchyme
6223	mix late mesenchyme
6224	mix late mesenchyme
6225	radial glias
6226	epithelial cells
6227	early neurons
6228	mix late mesenchyme
6229	mix late mesenchyme
6230	radial glias
6231	mix late mesenchyme
6232	mix late mesenchyme
6233	mix late mesenchyme
6234	radial glias
6235	mix late mesenchyme
6236	early neurons
6237	early neurons
6238	oligodendrocytes and progenitors
6239	mix late mesenchyme
6240	radial glias
6241	early neurons
6242	mix late mesenchyme
6243	oligodendrocytes and progenitors
6244	mix late mesenchyme
6245	notochord
6246	mix late mesenchyme
6247	oligodendrocytes and progenitors
6248	mitosis
6249	mix late mesenchyme
6250	mix late mesenchyme
6251	intermediate mesoderm
6252	mitosis
6253	mix late mesenchyme
6254	oligodendrocytes and progenitors
6255	intermediate mesoderm
6256	mix late mesenchyme
6257	early neurons
6258	mitosis
6259	early neurons
6260	early mesenchyme
6261	epithelial cells
6262	radial glias
6263	epithelial cells
6264	radial glias
6265	blood
6266	mix late mesenchyme
6267	mix late mesenchyme
6268	radial glias
6269	mix late mesenchyme
6270	mitosis
6271	mix late mesenchyme
6272	mix late mesenchyme
6273	mix late mesenchyme
6274	radial glias
6275	mix late mesenchyme
6276	intermediate mesoderm
6277	mitosis
6278	radial glias
6279	mix late mesenchyme
6280	mix late mesenchyme
6281	oligodendrocytes and progenitors
6282	early neurons
6283	mix late mesenchyme
6284	blood
6285	early neurons
6286	mix late mesenchyme
6287	mix late mesenchyme
6288	mix late mesenchyme
6289	early neurons
6290	mix late mesenchyme
6291	mix late mesenchyme
6292	oligodendrocytes and progenitors
6293	intermediate mesoderm
6294	early neurons
6295	blood
6296	intermediate mesoderm
6297	intermediate mesoderm
6298	mix late mesenchyme
6299	blood
6300	radial glias
6301	mitosis
6302	early neurons
6303	radial glias
6304	mix late mesenchyme
6305	intermediate mesoderm
6306	radial glias
6307	radial glias
6308	early neurons
6309	radial glias
6310	notochord
6311	mix late mesenchyme
6312	mix late mesenchyme
6313	mix late mesenchyme
6314	radial glias
6315	early neurons
6316	notochord
6317	mix late mesenchyme
6318	radial glias
6319	mitosis
6320	radial glias
6321	mitosis
6322	myocytes
6323	mix late mesenchyme
6324	early neurons
6325	mitosis
6326	blood
6327	mix late mesenchyme
6328	mix late mesenchyme
6329	intermediate mesoderm
6330	early neurons
6331	mix late mesenchyme
6332	early neurons
6333	mix late mesenchyme
6334	oligodendrocytes and progenitors
6335	mix late mesenchyme
6336	intermediate mesoderm
6337	mix late mesenchyme
6338	epithelial cells
6339	oligodendrocytes and progenitors
6340	mix late mesenchyme
6341	radial glias
6342	blood
6343	mix late mesenchyme
6344	mix late mesenchyme
6345	early neurons
6346	epithelial cells
6347	radial glias
6348	mix late mesenchyme
6349	mix late mesenchyme
6350	mix late mesenchyme
6351	radial glias
6352	mix late mesenchyme
6353	blood
6354	mix late mesenchyme
6355	mix late mesenchyme
6356	intermediate mesoderm
6357	blood
6358	mix late mesenchyme
6359	oligodendrocytes and progenitors
6360	early mesoderm
6361	mix late mesenchyme
6362	early neurons
6363	mix late mesenchyme
6364	early neurons
6365	blood
6366	mix late mesenchyme
6367	mitosis
6368	oligodendrocytes and progenitors
6369	mix late mesenchyme
6370	mitosis
6371	early neurons
6372	intermediate mesoderm
6373	mix late mesenchyme
6374	mitosis
6375	mix late mesenchyme
6376	mix late mesenchyme
6377	mitosis
6378	mix late mesenchyme
6379	oligodendrocytes and progenitors
6380	mitosis
6381	oligodendrocytes and progenitors
6382	radial glias
6383	mix late mesenchyme
6384	radial glias
6385	mix late mesenchyme
6386	early neurons
6387	myocytes
6388	oligodendrocytes and progenitors
6389	mix late mesenchyme
6390	mix late mesenchyme
6391	radial glias
6392	mix late mesenchyme
6393	radial glias
6394	mix late mesenchyme
6395	blood
6396	mix late mesenchyme
6397	radial glias
6398	mix late mesenchyme
6399	mix late mesenchyme
6400	intermediate mesoderm
6401	radial glias
6402	oligodendrocytes and progenitors
6403	mix late mesenchyme
6404	myocytes
6405	mitosis
6406	blood
6407	intermediate mesoderm
6408	blood
6409	blood
6410	early neurons
6411	mix late mesenchyme
6412	early mesenchyme
6413	radial glias
6414	myocytes
6415	mix late mesenchyme
6416	early neurons
6417	early neurons
6418	blood
6419	oligodendrocytes and progenitors
6420	myocytes
6421	early neurons
6422	mitosis
6423	mix late mesenchyme
6424	early neurons
6425	schwann cell precursors
6426	radial glias
6427	mix late mesenchyme
6428	blood
6429	mix late mesenchyme
6430	early neurons
6431	mix late mesenchyme
6432	early mesoderm
6433	oligodendrocytes and progenitors
6434	mix late mesenchyme
6435	mix late mesenchyme
6436	radial glias
6437	mix late mesenchyme
6438	intermediate mesoderm
6439	radial glias
6440	oligodendrocytes and progenitors
6441	mix late mesenchyme
6442	mix late mesenchyme
6443	epithelial cells
6444	early mesoderm
6445	early neurons
6446	blood
6447	oligodendrocytes and progenitors
6448	mix late mesenchyme
6449	intermediate mesoderm
6450	mitosis
6451	blood
6452	radial glias
6453	blood
6454	radial glias
6455	mix late mesenchyme
6456	mix late mesenchyme
6457	intermediate mesoderm
6458	blood
6459	mix late mesenchyme
6460	notochord
6461	intermediate mesoderm
6462	mix late mesenchyme
6463	mix late mesenchyme
6464	radial glias
6465	mix late mesenchyme
6466	radial glias
6467	early neurons
6468	mix late mesenchyme
6469	mix late mesenchyme
6470	endoderm
6471	mix late mesenchyme
6472	mix late mesenchyme
6473	early neurons
6474	early neurons
6475	early neurons
6476	mix late mesenchyme
6477	myocytes
6478	blood
6479	mix late mesenchyme
6480	schwann cell precursors
6481	mix late mesenchyme
6482	radial glias
6483	mix late mesenchyme
6484	blood
6485	intermediate mesoderm
6486	mix late mesenchyme
6487	mix late mesenchyme
6488	notochord
6489	mix late mesenchyme
6490	mix late mesenchyme
6491	early neurons
6492	early neurons
6493	mitosis
6494	early neurons
6495	mix late mesenchyme
6496	intermediate mesoderm
6497	radial glias
6498	myocytes
6499	mix late mesenchyme
6500	mix late mesenchyme
6501	epithelial cells
6502	mix late mesenchyme
6503	mix late mesenchyme
6504	myocytes
6505	mix late mesenchyme
6506	mix late mesenchyme
6507	mix late mesenchyme
6508	radial glias
6509	radial glias
6510	radial glias
6511	early neurons
6512	myocytes
6513	early neurons
6514	mix late mesenchyme
6515	myocytes
6516	schwann cell precursors
6517	intermediate mesoderm
6518	mix late mesenchyme
6519	radial glias
6520	early neurons
6521	mix late mesenchyme
6522	mix late mesenchyme
6523	radial glias
6524	radial glias
6525	epithelial cells
6526	myocytes
6527	blood
6528	mix late mesenchyme
6529	mix late mesenchyme
6530	mix late mesenchyme
6531	radial glias
6532	blood
6533	radial glias
6534	oligodendrocytes and progenitors
6535	early neurons
6536	mitosis
6537	blood
6538	oligodendrocytes and progenitors
6539	blood
6540	mitosis
6541	intermediate mesoderm
6542	mix late mesenchyme
6543	blood
6544	early neurons
6545	early neurons
6546	mix late mesenchyme
6547	oligodendrocytes and progenitors
6548	mix late mesenchyme
6549	early neurons
6550	radial glias
6551	early neurons
6552	schwann cell precursors
6553	early neurons
6554	radial glias
6555	mix late mesenchyme
6556	mitosis
6557	mix late mesenchyme
6558	oligodendrocytes and progenitors
6559	radial glias
6560	mix late mesenchyme
6561	mix late mesenchyme
6562	notochord
6563	mix late mesenchyme
6564	oligodendrocytes and progenitors
6565	radial glias
6566	mix late mesenchyme
6567	myocytes
6568	mix late mesenchyme
6569	mix late mesenchyme
6570	myocytes
6571	early neurons
6572	mix late mesenchyme
6573	mix late mesenchyme
6574	mix late mesenchyme
6575	oligodendrocytes and progenitors
6576	early mesenchyme
6577	early neurons
6578	mitosis
6579	early neurons
6580	blood
6581	intermediate mesoderm
6582	radial glias
6583	mix late mesenchyme
6584	mix late mesenchyme
6585	radial glias
6586	mitosis
6587	mix late mesenchyme
6588	notochord
6589	mix late mesenchyme
6590	mix late mesenchyme
6591	mix late mesenchyme
6592	mitosis
6593	radial glias
6594	notochord
6595	early neurons
6596	intermediate mesoderm
6597	mix late mesenchyme
6598	NMP
6599	mix late mesenchyme
6600	radial glias
6601	intermediate mesoderm
6602	early neurons
6603	mitosis
6604	blood
6605	mitosis
6606	oligodendrocytes and progenitors
6607	mix late mesenchyme
6608	early neurons
6609	radial glias
6610	mix late mesenchyme
6611	early neurons
6612	blood
6613	radial glias
6614	early neurons
6615	early neurons
6616	radial glias
6617	mix late mesenchyme
6618	radial glias
6619	mix late mesenchyme
6620	epithelial cells
6621	mix late mesenchyme
6622	epithelial cells
6623	mitosis
6624	radial glias
6625	oligodendrocytes and progenitors
6626	intermediate mesoderm
6627	early neurons
6628	intermediate mesoderm
6629	blood
6630	intermediate mesoderm
6631	mitosis
6632	intermediate mesoderm
6633	blood
6634	radial glias
6635	mix late mesenchyme
6636	mix late mesenchyme
6637	mix late mesenchyme
6638	intermediate mesoderm
6639	mix late mesenchyme
6640	oligodendrocytes and progenitors
6641	mix late mesenchyme
6642	mix late mesenchyme
6643	blood
6644	radial glias
6645	blood
6646	radial glias
6647	mix late mesenchyme
6648	intermediate mesoderm
6649	mix late mesenchyme
6650	oligodendrocytes and progenitors
6651	mix late mesenchyme
6652	radial glias
6653	mix late mesenchyme
6654	early neurons
6655	early neurons
6656	blood
6657	oligodendrocytes and progenitors
6658	mix late mesenchyme
6659	mix late mesenchyme
6660	mix late mesenchyme
6661	mix late mesenchyme
6662	mix late mesenchyme
6663	oligodendrocytes and progenitors
6664	radial glias
6665	mix late mesenchyme
6666	mix late mesenchyme
6667	early neurons
6668	radial glias
6669	mix late mesenchyme
6670	mix late mesenchyme
6671	blood
6672	blood
6673	oligodendrocytes and progenitors
6674	mitosis
6675	mitosis
6676	radial glias
6677	mix late mesenchyme
6678	oligodendrocytes and progenitors
6679	mix late mesenchyme
6680	oligodendrocytes and progenitors
6681	mix late mesenchyme
6682	intermediate mesoderm
6683	oligodendrocytes and progenitors
6684	radial glias
6685	mix late mesenchyme
6686	mix late mesenchyme
6687	mix late mesenchyme
6688	mix late mesenchyme
6689	mix late mesenchyme
6690	mix late mesenchyme
6691	mix late mesenchyme
6692	blood
6693	mix late mesenchyme
6694	radial glias
6695	mix late mesenchyme
6696	oligodendrocytes and progenitors
6697	radial glias
6698	mix late mesenchyme
6699	early neurons
6700	mix late mesenchyme
6701	mix late mesenchyme
6702	mix late mesenchyme
6703	mix late mesenchyme
6704	mix late mesenchyme
6705	mitosis
6706	mix late mesenchyme
