	Cellname
0	GasaE751001
1	GasaE751002
2	GasaE751003
3	GasaE751004
4	GasaE751005
5	GasaE751006
6	GasaE751007
7	GasaE751008
8	GasaE751009
9	GasaE751010
10	GasaE751011
11	GasaE751012
12	GasaE751013
13	GasaE751014
14	GasaE751015
15	GasaE751016
16	GasaE751017
17	GasaE751018
18	GasaE751019
19	GasaE751020
20	GasaE751021
21	GasaE751022
22	GasaE751023
23	GasaE751024
24	GasaE751025
25	GasaE751026
26	GasaE751027
27	GasaE751028
28	GasaE751029
29	GasaE751030
30	GasaE751031
31	GasaE751033
32	GasaE751034
33	GasaE751035
34	GasaE751036
35	GasaE751037
36	GasaE751038
37	GasaE751039
38	GasaE751040
39	GasaE751041
40	GasaE751042
41	GasaE751043
42	GasaE751044
43	GasaE751045
44	GasaE751046
45	GasaE751047
46	GasaE751048
47	GasaE751049
48	GasaE751050
49	GasaE751051
50	GasaE751052
51	GasaE751053
52	GasaE751054
53	GasaE751055
54	GasaE751056
55	GasaE751057
56	GasaE751058
57	GasaE751059
58	GasaE751060
59	GasaE751061
60	GasaE751062
61	GasaE751063
62	GasaE751064
63	GasaE751065
64	GasaE751066
65	GasaE751067
66	GasaE751068
67	GasaE751069
68	GasaE751070
69	GasaE751071
70	GasaE751072
71	GasaE751073
72	GasaE751074
73	GasaE751075
74	GasaE751076
75	GasaE751077
76	GasaE751078
77	GasaE751079
78	GasaE751080
79	GasaE751081
80	GasaE751082
81	GasaE751083
82	GasaE751084
83	GasaE751085
84	GasaE751086
85	GasaE751087
86	GasaE751088
87	GasaE751089
88	GasaE751090
89	GasaE751092
90	GasaE751093
91	GasaE751094
92	GasaE751095
93	GasaE751096
94	GasaE751097
95	GasaE751098
96	GasaE751099
97	GasaE751100
98	GasaE751101
99	GasaE751102
100	GasaE751103
101	GasaE751104
102	GasaE751105
103	GasaE751106
104	GasaE751107
105	GasaE751108
106	GasaE751109
107	GasaE751110
108	GasaE751111
109	GasaE751112
110	GasaE751113
111	GasaE751114
112	GasaE751115
113	GasaE751116
114	GasaE751117
115	GasaE751118
116	GasaE751119
117	GasaE751120
118	GasaE751121
119	GasaE751122
120	GasaE751123
121	GasaE751124
122	GasaE751125
123	GasaE751126
124	GasaE751127
125	GasaE751128
126	GasaE751129
127	GasaE751130
128	GasaE751131
129	GasaE751132
130	GasaE751133
131	GasaE751134
132	GasaE751135
133	GasaE751136
134	GasaE751137
135	GasaE751138
136	GasaE751139
137	GasaE751140
138	GasaE751141
139	GasaE751142
140	GasaE751143
141	GasaE751144
142	GasaE751145
143	GasaE751146
144	GasaE751147
145	GasaE751148
146	GasaE751149
147	GasaE751150
148	GasaE751151
149	GasaE751152
150	GasaE751153
151	GasaE751154
152	GasaE751155
153	GasaE751156
154	GasaE751157
155	GasaE751158
156	GasaE751159
157	GasaE751160
158	GasaE751161
159	GasaE751162
160	GasaE751163
161	GasaE751164
162	GasaE751165
163	GasaE751166
164	GasaE751167
165	GasaE751168
166	GasaE751169
167	GasaE751170
168	GasaE751171
169	GasaE751172
170	GasaE751173
171	GasaE751174
172	GasaE751175
173	GasaE751176
174	GasaE751177
175	GasaE751178
176	GasaE751179
177	GasaE751180
178	GasaE751181
179	GasaE751183
180	GasaE751184
181	GasaE751185
182	GasaE751186
183	GasaE751187
184	GasaE751188
185	GasaE751189
186	GasaE751190
187	GasaE751191
188	GasaE751192
189	GasaE751193
190	GasaE751194
191	GasaE751195
192	GasaE751196
193	GasaE751197
194	GasaE751198
195	GasaE751199
196	GasaE751200
197	GasaE751201
198	GasaE751202
199	GasaE751203
200	GasaE751204
201	GasaE751205
202	GasaE751206
203	GasaE751207
204	GasaE751208
205	GasaE751209
206	GasaE751210
207	GasaE751212
208	GasaE751213
209	GasaE751214
210	GasaE751215
211	GasaE751216
212	GasaE751217
213	GasaE751218
214	GasaE751219
215	GasaE751220
216	GasaE751221
217	GasaE751222
218	GasaE751223
219	GasaE751224
220	GasaE751225
221	GasaE751226
222	GasaE751227
223	GasaE751228
224	GasaE751229
225	GasaE751230
226	GasaE751231
227	GasaE751232
228	GasaE751233
229	GasaE751234
230	GasaE751235
231	GasaE751236
232	GasaE751237
233	GasaE751238
234	GasaE751239
235	GasaE751240
236	GasaE751242
237	GasaE751243
238	GasaE751245
239	GasaE751246
240	GasaE751247
241	GasaE751248
242	GasaE751249
243	GasaE751250
244	GasaE751251
245	GasaE751252
246	GasaE751253
247	GasaE751254
248	GasaE751255
249	GasaE751256
250	GasaE751258
251	GasaE751259
252	GasaE751260
253	GasaE751261
254	GasaE751262
255	GasaE751263
256	GasaE751264
257	GasaE751265
258	GasaE751266
259	GasaE751267
260	GasaE751268
261	GasaE751269
262	GasaE751270
263	GasaE751271
264	GasaE751272
265	GasaE751273
266	GasaE751274
267	GasaE751275
268	GasaE751276
269	GasaE751277
270	GasaE751278
271	GasaE751279
272	GasaE751280
273	GasaE751281
274	GasaE751282
275	GasaE751283
276	GasaE751284
277	GasaE751287
278	GasaE751288
279	GasaE751289
280	GasaE751290
281	GasaE751291
282	GasaE751292
283	GasaE751293
284	GasaE751294
285	GasaE751295
286	GasaE751296
287	GasaE751297
288	GasaE751298
289	GasaE751299
290	GasaE751300
291	GasaE751301
292	GasaE751302
293	GasaE751303
294	GasaE751304
295	GasaE751305
296	GasaE751306
297	GasaE751307
298	GasaE751308
299	GasaE751309
300	GasaE751310
301	GasaE751311
302	GasaE751312
303	GasaE751313
304	GasaE751314
305	GasaE751315
306	GasaE751316
307	GasaE751317
308	GasaE751318
309	GasaE751319
310	GasaE751321
311	GasaE751322
312	GasaE751323
313	GasaE751324
314	GasaE751325
315	GasaE751326
316	GasaE751327
317	GasaE751328
318	GasaE751329
319	GasaE751330
320	GasaE751331
321	GasaE751332
322	GasaE751333
323	GasaE751334
324	GasaE751335
325	GasaE751336
326	GasaE751337
327	GasaE751338
328	GasaE751339
329	GasaE751340
330	GasaE751341
331	GasaE751342
332	GasaE751343
333	GasaE751344
334	GasaE751345
335	GasaE751346
336	GasaE751347
337	GasaE751348
338	GasaE751349
339	GasaE751350
340	GasaE751351
341	GasaE751352
342	GasaE751353
343	GasaE751354
344	GasaE751355
345	GasaE751356
346	GasaE751357
347	GasaE751358
348	GasaE751359
349	GasaE751360
350	GasaE751361
351	GasaE751362
352	GasaE751363
353	GasaE751365
354	GasaE751366
355	GasaE751367
356	GasaE751368
357	GasaE751369
358	GasaE751370
359	GasaE751371
360	GasaE751372
361	GasaE751373
362	GasaE751374
363	GasaE751375
364	GasaE751376
365	GasaE751377
366	GasaE751378
367	GasaE751379
368	GasaE751380
369	GasaE751381
370	GasaE751382
371	GasaE751383
372	GasaE751384
373	GasbE751009
374	GasbE751010
375	GasbE751011
376	GasbE751012
377	GasbE751013
378	GasbE751014
379	GasbE751015
380	GasbE751016
381	GasbE751017
382	GasbE751018
383	GasbE751019
384	GasbE751020
385	GasbE751021
386	GasbE751022
387	GasbE751023
388	GasbE751024
389	GasbE751025
390	GasbE751026
391	GasbE751027
392	GasbE751028
393	GasbE751029
394	GasbE751030
395	GasbE751031
396	GasbE751032
397	GasbE751033
398	GasbE751034
399	GasbE751035
400	GasbE751036
401	GasbE751037
402	GasbE751038
403	GasbE751039
404	GasbE751040
405	GasbE751041
406	GasbE751042
407	GasbE751043
408	GasbE751044
409	GasbE751045
410	GasbE751046
411	GasbE751047
412	GasbE751048
413	GasbE751049
414	GasbE751050
415	GasbE751051
416	GasbE751052
417	GasbE751053
418	GasbE751054
419	GasbE751055
420	GasbE751056
421	GasbE751057
422	GasbE751058
423	GasbE751059
424	GasbE751060
425	GasbE751061
426	GasbE751062
427	GasbE751063
428	GasbE751064
429	GasbE751065
430	GasbE751066
431	GasbE751067
432	GasbE751068
433	GasbE751069
434	GasbE751070
435	GasbE751071
436	GasbE751072
437	GasbE751073
438	GasbE751074
439	GasbE751075
440	GasbE751076
441	GasbE751077
442	GasbE751078
443	GasbE751079
444	GasbE751080
445	GasbE751081
446	GasbE751082
447	GasbE751083
448	GasbE751084
449	GasbE751085
450	GasbE751086
451	GasbE751087
452	GasbE751088
453	GasbE751089
454	GasbE751090
455	GasbE751091
456	GasbE751092
457	GasbE751093
458	GasbE751094
459	GasbE751095
460	GasbE751096
461	GasbE751097
462	GasbE751098
463	GasbE751099
464	GasbE751100
465	GasbE751101
466	GasbE751102
467	GasbE751103
468	GasbE751104
469	GasbE751105
470	GasbE751106
471	GasbE751107
472	GasbE751108
473	GasbE751109
474	GasbE751110
475	GasbE751111
476	GasbE751112
477	GasbE751113
478	GasbE751114
479	GasbE751115
480	GasbE751116
481	GasbE751117
482	GasbE751118
483	GasbE751120
484	GasbE751121
485	GasbE751122
486	GasbE751123
487	GasbE751124
488	GasbE751125
489	GasbE751126
490	GasbE751127
491	GasbE751128
492	GasbE751129
493	GasbE751130
494	GasbE751131
495	GasbE751132
496	GasbE751133
497	GasbE751134
498	GasbE751135
499	GasbE751136
500	GasbE751137
501	GasbE751138
502	GasbE751139
503	GasbE751140
504	GasbE751141
505	GasbE751142
506	GasbE751143
507	GasbE751144
508	GasbE751145
509	GasbE751146
510	GasbE751147
511	GasbE751148
512	GasbE751149
513	GasbE751150
514	GasbE751151
515	GasbE751152
516	GasbE751153
517	GasbE751154
518	GasbE751155
519	GasbE751156
520	GasbE751158
521	GasbE751159
522	GasbE751160
523	GasbE751161
524	GasbE751162
525	GasbE751163
526	GasbE751164
527	GasbE751165
528	GasbE751166
529	GasbE751167
530	GasbE751168
531	GasbE751169
532	GasbE751170
533	GasbE751171
534	GasbE751172
535	GasbE751173
536	GasbE751174
537	GasbE751175
538	GasbE751176
539	GasbE751178
540	GasbE751179
541	GasbE751180
542	GasbE751181
543	GasbE751182
544	GasbE751183
545	GasbE751184
546	GasbE751185
547	GasbE751186
548	GasbE751187
549	GasbE751188
550	GasbE751189
551	GasbE751190
552	GasbE751191
553	GasbE751192
554	GasbE751193
555	GasbE751194
556	GasbE751195
557	GasbE751196
558	GasbE751197
559	GasbE751198
560	GasbE751199
561	GasbE751200
562	GasbE751201
563	GasbE751202
564	GasbE751203
565	GasbE751204
566	GasbE751205
567	GasbE751206
568	GasbE751207
569	GasbE751208
570	GasbE751209
571	GasbE751210
572	GasbE751211
573	GasbE751212
574	GasbE751213
575	GasbE751214
576	GasbE751215
577	GasbE751216
578	GasbE751217
579	GasbE751218
580	GasbE751219
581	GasbE751220
582	GasbE751221
583	GasbE751222
584	GasbE751223
585	GasbE751224
586	GasbE751225
587	GasbE751226
588	GasbE751227
589	GasbE751228
590	GasbE751229
591	GasbE751230
592	GasbE751231
593	GasbE751232
594	GasbE751233
595	GasbE751234
596	GasbE751235
597	GasbE751236
598	GasbE751237
599	GasbE751239
600	GasbE751240
601	GasbE751241
602	GasbE751242
603	GasbE751243
604	GasbE751244
605	GasbE751245
606	GasbE751247
607	GasbE751248
608	GasbE751249
609	GasbE751250
610	GasbE751251
611	GasbE751252
612	GasbE751253
613	GasbE751255
614	GasbE751256
615	GasbE751257
616	GasbE751258
617	GasbE751259
618	GasbE751260
619	GasbE751261
620	GasbE751262
621	GasbE751263
622	GasbE751264
623	GasbE751265
624	GasbE751266
625	GasbE751267
626	GasbE751268
627	GasbE751269
628	GasbE751270
629	GasbE751271
630	GasbE751272
631	GasbE751273
632	GasbE751274
633	GasbE751275
634	GasbE751276
635	GasbE751277
636	GasbE751278
637	GasbE751279
638	GasbE751280
639	GasbE751281
640	GasbE751284
641	GasbE751285
642	GasbE751286
643	GasbE751287
644	GasbE751288
645	GasbE751289
646	GasbE751290
647	GasbE751291
648	GasbE751292
649	GasbE751293
650	GasbE751294
651	GasbE751295
652	GasbE751296
653	GasbE751297
654	GasbE751298
655	GasbE751299
656	GasbE751300
657	GasbE751301
658	GasbE751302
659	GasbE751303
660	GasbE751304
661	GasbE751305
662	GasbE751306
663	GasbE751307
664	GasbE751308
665	GasbE751309
666	GasbE751310
667	GasbE751311
668	GasbE751312
669	GasbE751313
670	GasbE751314
671	GasbE751315
672	GasbE751316
673	GasbE751317
674	GasbE751318
675	GasbE751319
676	GasbE751320
677	GasbE751321
678	GasbE751322
679	GasbE751323
680	GasbE751324
681	GasbE751325
682	GasbE751326
683	GasbE751327
684	GasbE751328
685	GasbE751329
686	GasbE751330
687	GasbE751331
688	GasbE751332
689	GasbE751333
690	GasbE751334
691	GasbE751335
692	GasbE751336
693	GasbE751337
694	GasbE751338
695	GasbE751339
696	GasbE751340
697	GasbE751341
698	GasbE751342
699	GasbE751343
700	GasbE751344
701	GasbE751345
702	GasbE751346
703	GasbE751347
704	GasbE751348
705	GasbE751349
706	GasbE751350
707	GasbE751351
708	GasbE751352
709	GasbE751353
710	GasbE751354
711	GasbE751355
712	GasbE751356
713	GasbE751357
714	GasbE751358
715	GasbE751359
716	GasbE751360
717	GasbE751361
718	GasbE751362
719	GasbE751363
720	GasbE751364
721	GasbE751365
722	GasbE751366
723	GasbE751367
724	GasbE751368
725	GasbE751369
726	GasbE751370
727	GasbE751371
728	GasbE751372
729	GasbE751373
730	GasbE751374
731	GasbE751375
732	GasbE751376
733	GasbE751377
734	GasbE751378
735	GasbE751379
736	GasbE751380
737	GasbE751381
738	GascE753001
739	GascE753002
740	GascE753003
741	GascE753004
742	GascE753005
743	GascE753006
744	GascE753007
745	GascE753008
746	GascE753009
747	GascE753010
748	GascE753011
749	GascE753012
750	GascE753013
751	GascE753014
752	GascE753015
753	GascE753016
754	GascE753017
755	GascE753018
756	GascE753019
757	GascE753020
758	GascE753021
759	GascE753022
760	GascE753023
761	GascE753024
762	GascE753025
763	GascE753026
764	GascE753027
765	GascE753028
766	GascE753029
767	GascE753030
768	GascE753031
769	GascE753032
770	GascE753033
771	GascE753034
772	GascE753035
773	GascE753036
774	GascE753037
775	GascE753039
776	GascE753040
777	GascE753041
778	GascE753042
779	GascE753043
780	GascE753044
781	GascE753045
782	GascE753046
783	GascE753047
784	GascE753048
785	GascE753049
786	GascE753050
787	GascE753051
788	GascE753052
789	GascE753053
790	GascE753054
791	GascE753055
792	GascE753056
793	GascE753057
794	GascE753058
795	GascE753059
796	GascE753060
797	GascE753061
798	GascE753062
799	GascE753063
800	GascE753064
801	GascE753065
802	GascE753066
803	GascE753067
804	GascE753068
805	GascE753069
806	GascE753070
807	GascE753071
808	GascE753072
809	GascE753073
810	GascE753074
811	GascE753075
812	GascE753076
813	GascE753077
814	GascE753078
815	GascE753079
816	GascE753080
817	GascE753081
818	GascE753082
819	GascE753083
820	GascE753084
821	GascE753085
822	GascE753086
823	GascE753087
824	GascE753088
825	GascE753089
826	GascE753090
827	GascE753091
828	GascE753092
829	GascE753093
830	GascE753094
831	GascE753095
832	GascE753096
833	GascE753097
834	GascE753098
835	GascE753099
836	GascE753100
837	GascE753101
838	GascE753102
839	GascE753103
840	GascE753104
841	GascE753105
842	GascE753106
843	GascE753107
844	GascE753108
845	GascE753109
846	GascE753110
847	GascE753111
848	GascE753112
849	GascE753113
850	GascE753114
851	GascE753115
852	GascE753116
853	GascE753117
854	GascE753118
855	GascE753119
856	GascE753120
857	GascE753121
858	GascE753122
859	GascE753123
860	GascE753124
861	GascE753125
862	GascE753126
863	GascE753127
864	GascE753128
865	GascE753129
866	GascE753130
867	GascE753131
868	GascE753132
869	GascE753134
870	GascE753135
871	GascE753136
872	GascE753137
873	GascE753138
874	GascE753139
875	GascE753140
876	GascE753141
877	GascE753142
878	GascE753143
879	GascE753144
880	GasdE701001
881	GasdE701003
882	GasdE701004
883	GasdE701005
884	GasdE701006
885	GasdE701007
886	GasdE701008
887	GasdE701009
888	GasdE701010
889	GasdE701011
890	GasdE701012
891	GasdE701013
892	GasdE701014
893	GasdE701015
894	GasdE701016
895	GasdE701017
896	GasdE701018
897	GasdE701019
898	GasdE701020
899	GasdE701021
900	GasdE701022
901	GasdE701023
902	GasdE701024
903	GasdE701025
904	GasdE701026
905	GasdE701027
906	GasdE701028
907	GasdE701029
908	GasdE701030
909	GasdE701031
910	GasdE701032
911	GasdE701033
912	GasdE701034
913	GasdE701035
914	GasdE701036
915	GasdE701037
916	GasdE701038
917	GasdE701039
918	GasdE701040
919	GasdE701041
920	GasdE701042
921	GasdE701043
922	GasdE701044
923	GasdE701045
924	GasdE701046
925	GasdE701047
926	GasdE701048
927	GasdE701049
928	GasdE701050
929	GasdE701051
930	GasdE701052
931	GasdE701053
932	GasdE701054
933	GasdE701055
934	GasdE701056
935	GasdE701057
936	GasdE701058
937	GasdE701059
938	GasdE701060
939	GasdE701061
940	GasdE701062
941	GasdE701063
942	GasdE701064
943	GasdE701065
944	GasdE701066
945	GasdE701067
946	GasdE701068
947	GasdE701069
948	GasdE701070
949	GasdE701071
950	GasdE701072
951	GasdE701073
952	GasdE701074
953	GasdE701075
954	GasdE701076
955	GasdE701077
956	GasdE701078
957	GasdE701079
958	GasdE701080
959	GasdE701081
960	GasdE701082
961	GasdE701083
962	GasdE701084
963	GasdE701085
964	GasdE701086
965	GasdE701087
966	GasdE701088
967	GasdE701089
968	GasdE701090
969	GasdE701091
970	GasdE701092
971	GasdE701093
972	GasdE701094
973	GasdE701095
974	GasdE701096
975	GasdE701097
976	GasdE701098
977	GasdE701099
978	GasdE701100
979	GasdE701101
980	GasdE701102
981	GasdE701103
982	GasdE701104
983	GasdE701105
984	GasdE701106
985	GasdE701107
986	GasdE701109
987	GasdE701110
988	GasdE701111
989	GasdE701112
990	GasdE701113
991	GasdE701114
992	GasdE701115
993	GasdE701116
994	GasdE701117
995	GasdE701118
996	GasdE701119
997	GasdE701120
998	GasdE701121
999	GasdE701122
1000	GasdE701123
1001	GasdE701124
1002	GasdE701125
1003	GasdE701126
1004	GasdE701127
1005	GasdE701128
1006	GasdE701129
1007	GasdE701130
1008	GasdE701131
1009	GasdE701132
1010	GasdE701133
1011	GasdE701134
1012	GasdE701135
1013	GasdE701136
1014	GasdE701137
1015	GasdE701138
1016	GasdE701139
1017	GasdE701140
1018	GasdE701141
1019	GasdE701142
1020	GasdE701143
1021	GasdE701144
1022	GasdE701145
1023	GasdE701146
1024	GasdE701147
1025	GasdE701148
1026	GasdE701149
1027	GasdE701150
1028	GasdE701151
1029	GasdE701152
1030	GasdE701153
1031	GasdE701154
1032	GasdE701155
1033	GasdE701156
1034	GasdE701157
1035	GasdE701158
1036	GasdE701159
1037	GasdE701160
1038	GasdE701161
1039	GasdE701162
1040	GasdE701163
1041	GasdE701164
1042	GasdE701165
1043	GasdE701166
1044	GasdE701167
1045	GasdE701168
1046	GasdE701169
1047	GasdE701170
1048	GasdE701171
1049	GasdE701173
1050	GasdE701174
1051	GasdE701175
1052	GasdE701176
1053	GasdE701177
1054	GasdE701178
1055	GasdE701179
1056	GasdE701180
1057	GasdE701181
1058	GasdE701182
1059	GasdE701183
1060	GasdE701184
1061	GasdE701185
1062	GasdE701186
1063	GasdE701187
1064	GasdE701188
1065	GasdE701189
1066	GasdE701190
1067	GasdE701191
1068	GasdE701192
1069	GasdE701193
1070	GasdE701195
1071	GasdE701196
1072	GasdE701197
1073	GasdE701198
1074	GasdE701199
1075	GasdE701200
1076	GasdE701201
1077	GasdE701202
1078	GasdE701203
1079	GasdE701204
1080	GasdE701205
1081	GasdE701206
1082	GasdE701207
1083	GasdE701208
1084	GasdE701209
1085	GasdE701210
1086	GasdE701211
1087	GasdE701213
1088	GasdE701214
1089	GasdE701215
1090	GasdE701216
1091	GasdE701217
1092	GasdE701218
1093	GasdE701219
1094	GasdE701220
1095	GasdE701221
1096	GasdE701222
1097	GasdE701223
1098	GasdE701224
1099	GasdE701225
1100	GasdE701226
1101	GasdE701227
1102	GasdE701228
1103	GasdE701229
1104	GasdE701230
1105	GasdE701231
1106	GasdE701232
1107	GasdE701233
1108	GasdE701234
1109	GasdE701235
1110	GasdE701236
1111	GasdE701237
1112	GasdE701238
1113	GasdE701239
1114	GasdE701240
1115	GasdE701242
1116	GasdE701243
1117	GasdE701244
1118	GasdE701245
1119	GasdE701246
1120	GasdE701248
1121	GasdE701249
1122	GasdE701250
1123	GasdE701251
1124	GasdE701252
1125	GasdE701253
1126	GasdE701254
1127	GasdE701255
1128	GasdE701256
1129	GasdE701258
1130	GasdE701260
1131	GasdE701261
1132	GasdE701262
1133	GasdE701263
1134	GasdE701265
1135	GasdE701266
1136	GasdE701267
1137	GasdE701268
1138	GasdE701269
1139	GasdE701270
1140	GasdE701271
1141	GasdE701272
1142	GasdE701273
1143	GasdE701274
1144	GasdE701275
1145	GasdE701276
1146	GasdE701277
1147	GasdE701278
1148	GasdE701279
1149	GasdE701280
1150	GasdE701281
1151	GasdE701282
1152	GasdE701283
1153	GasdE701284
1154	GasdE701285
1155	GasdE701286
1156	GasdE701287
1157	GasdE701288
1158	GasdE701289
1159	GasdE701290
1160	GasdE701291
1161	GasdE701292
1162	GasdE701293
1163	GasdE701294
1164	GasdE701295
1165	GasdE701296
1166	GasdE701297
1167	GasdE701298
1168	GasdE701299
1169	GasdE701300
1170	GasdE701301
1171	GasdE701302
1172	GasdE701303
1173	GasdE701304
1174	GasdE701305
1175	GasdE701306
1176	GasdE701307
1177	GasdE701308
1178	GasdE701309
1179	GasdE701311
1180	GasdE701312
1181	GasdE701313
1182	GasdE701314
1183	GasdE701315
1184	GasdE701316
1185	GasdE701317
1186	GasdE701318
1187	GasdE701319
1188	GasdE701320
1189	GasdE701321
1190	GasdE701322
1191	GasdE701323
1192	GasdE701324
1193	GasdE701325
1194	GasdE701326
1195	GasdE701327
1196	GasdE701328
1197	GasdE701329
1198	GasdE701330
1199	GasdE701331
1200	GasdE701332
1201	GasdE701333
1202	GasdE701334
1203	GasdE701335
1204	GasdE701336
1205	GasdE701337
1206	GasdE701338
1207	GasdE701339
1208	GasdE701340
1209	GasdE701341
1210	GasdE701342
1211	GasdE701343
1212	GasdE701344
1213	GasdE701345
1214	GasdE701346
1215	GasdE701347
1216	GasdE701348
1217	GasdE701349
1218	GasdE701350
1219	GasdE701351
1220	GasdE701353
1221	GasdE701354
1222	GasdE701355
1223	GasdE701356
1224	GasdE701357
1225	GasdE701358
1226	GasdE701359
1227	GasdE701360
1228	GasdE701361
1229	GasdE701362
1230	GasdE701363
1231	GasdE701364
1232	GasdE701365
1233	GasdE701366
1234	GasdE701367
1235	GasdE701368
1236	GasdE701369
1237	GasdE701370
1238	GasdE701371
1239	GasdE701372
1240	GasdE701373
1241	GasdE701374
1242	GasdE701375
1243	GasdE701376
1244	GasdE701377
1245	GasdE701378
1246	GasdE701379
1247	GasdE701380
1248	GasdE701381
1249	GasdE701382
1250	GasdE701383
1251	GasdE701384
1252	GaseE751001
1253	GaseE751002
1254	GaseE751003
1255	GaseE751004
1256	GaseE751005
1257	GaseE751006
1258	GaseE751007
1259	GaseE751008
1260	GaseE751009
1261	GaseE751010
1262	GaseE751011
1263	GaseE751012
1264	GaseE751013
1265	GaseE751014
1266	GaseE751015
1267	GaseE751016
1268	GaseE751017
1269	GaseE751018
1270	GaseE751019
1271	GaseE751020
1272	GaseE751022
1273	GaseE751023
1274	GaseE751024
1275	GaseE751025
1276	GaseE751026
1277	GaseE751027
1278	GaseE751028
1279	GaseE751029
1280	GaseE751030
1281	GaseE751031
1282	GaseE751032
1283	GaseE751033
1284	GaseE751034
1285	GaseE751035
1286	GaseE751037
1287	GaseE751038
1288	GaseE751039
1289	GaseE751040
1290	GaseE751041
1291	GaseE751042
1292	GaseE751043
1293	GaseE751044
1294	GaseE751045
1295	GaseE751046
1296	GaseE751047
1297	GaseE751048
1298	GaseE751049
1299	GaseE751050
1300	GaseE751051
1301	GaseE751052
1302	GaseE751054
1303	GaseE751055
1304	GaseE751056
1305	GaseE751057
1306	GaseE751058
1307	GaseE751059
1308	GaseE751060
1309	GaseE751061
1310	GaseE751062
1311	GaseE751063
1312	GaseE751064
1313	GaseE751065
1314	GaseE751066
1315	GaseE751067
1316	GaseE751068
1317	GaseE751069
1318	GaseE751070
1319	GaseE751071
1320	GaseE751072
1321	GaseE751074
1322	GaseE751075
1323	GaseE751076
1324	GaseE751077
1325	GaseE751078
1326	GaseE751079
1327	GaseE751080
1328	GaseE751081
1329	GaseE751082
1330	GaseE751083
1331	GaseE751084
1332	GaseE751085
1333	GaseE751086
1334	GaseE751087
1335	GaseE751088
1336	GaseE751089
1337	GaseE751090
1338	GaseE751091
1339	GaseE751092
1340	GaseE751093
1341	GaseE751094
1342	GaseE751095
1343	GaseE751096
1344	GaseE751097
1345	GaseE751098
1346	GaseE751099
1347	GaseE751100
1348	GaseE751101
1349	GaseE751103
1350	GaseE751104
1351	GaseE751105
1352	GaseE751106
1353	GaseE751107
1354	GaseE751108
1355	GaseE751109
1356	GaseE751110
1357	GaseE751111
1358	GaseE751112
1359	GaseE751113
1360	GaseE751114
1361	GaseE751115
1362	GaseE751116
1363	GaseE751117
1364	GaseE751118
1365	GaseE751119
1366	GaseE751120
1367	GaseE751121
1368	GaseE751122
1369	GaseE751123
1370	GaseE751124
1371	GaseE751125
1372	GaseE751126
1373	GaseE751127
1374	GaseE751128
1375	GaseE751129
1376	GaseE751130
1377	GaseE751131
1378	GaseE751132
1379	GaseE751133
1380	GaseE751134
1381	GaseE751135
1382	GaseE751137
1383	GaseE751138
1384	GaseE751139
1385	GaseE751140
1386	GaseE751141
1387	GaseE751142
1388	GaseE751143
1389	GaseE751144
1390	GaseE751145
1391	GaseE751146
1392	GaseE751147
1393	GaseE751148
1394	GaseE751149
1395	GaseE751150
1396	GaseE751151
1397	GaseE751152
1398	GaseE751153
1399	GaseE751154
1400	GaseE751155
1401	GaseE751156
1402	GaseE751157
1403	GaseE751158
1404	GaseE751159
1405	GaseE751160
1406	GaseE751161
1407	GaseE751162
1408	GaseE751164
1409	GaseE751165
1410	GaseE751166
1411	GaseE751167
1412	GaseE751168
1413	GaseE751169
1414	GaseE751170
1415	GaseE751171
1416	GaseE751172
1417	GaseE751173
1418	GaseE751174
1419	GaseE751175
1420	GaseE751176
1421	GaseE751177
1422	GaseE751178
1423	GaseE751179
1424	GaseE751180
1425	GaseE751181
1426	GaseE751182
1427	GaseE751183
1428	GaseE751184
1429	GaseE751185
1430	GaseE751186
1431	GaseE751187
1432	GaseE751188
1433	GaseE751189
1434	GaseE751190
1435	GaseE751191
1436	GaseE751192
1437	GaseE751194
1438	GaseE751195
1439	GaseE751196
1440	GaseE751197
1441	GaseE751198
1442	GaseE751199
1443	GaseE751200
1444	GaseE751201
1445	GaseE751202
1446	GaseE751203
1447	GaseE751204
1448	GaseE751205
1449	GaseE751206
1450	GaseE751207
1451	GaseE751208
1452	GaseE751210
1453	GaseE751211
1454	GaseE751212
1455	GaseE751213
1456	GaseE751214
1457	GaseE751215
1458	GaseE751216
1459	GaseE751217
1460	GaseE751218
1461	GaseE751219
1462	GaseE751220
1463	GaseE751221
1464	GaseE751222
1465	GaseE751223
1466	GaseE751224
1467	GaseE751225
1468	GaseE751226
1469	GaseE751227
1470	GaseE751228
1471	GaseE751229
1472	GaseE751230
1473	GaseE751231
1474	GaseE751232
1475	GaseE751233
1476	GaseE751234
1477	GaseE751235
1478	GaseE751236
1479	GaseE751237
1480	GaseE751238
1481	GaseE751239
1482	GaseE751240
1483	GaseE751242
1484	GaseE751243
1485	GaseE751244
1486	GaseE751245
1487	GaseE751246
1488	GaseE751247
1489	GaseE751248
1490	GaseE751249
1491	GaseE751250
1492	GaseE751251
1493	GaseE751252
1494	GaseE751253
1495	GaseE751254
1496	GaseE751255
1497	GaseE751256
1498	GaseE751258
1499	GaseE751259
1500	GaseE751260
1501	GaseE751261
1502	GaseE751262
1503	GaseE751263
1504	GaseE751264
1505	GaseE751265
1506	GaseE751266
1507	GaseE751267
1508	GaseE751268
1509	GaseE751269
1510	GaseE751270
1511	GaseE751271
1512	GaseE751272
1513	GaseE751273
1514	GaseE751274
1515	GaseE751275
1516	GaseE751276
1517	GaseE751277
1518	GaseE751278
1519	GaseE751279
1520	GaseE751280
1521	GaseE751281
1522	GaseE751283
1523	GaseE751284
1524	GaseE751287
1525	GaseE751288
1526	GaseE751289
1527	GaseE751290
1528	GaseE751291
1529	GaseE751292
1530	GaseE751293
1531	GaseE751294
1532	GaseE751295
1533	GaseE751296
1534	GaseE751297
1535	GaseE751298
1536	GaseE751299
1537	GaseE751301
1538	GaseE751302
1539	GaseE751303
1540	GaseE751305
1541	GaseE751306
1542	GaseE751307
1543	GaseE751308
1544	GaseE751309
1545	GaseE751310
1546	GaseE751311
1547	GaseE751312
1548	GaseE751313
1549	GaseE751314
1550	GaseE751315
1551	GaseE751316
1552	GaseE751317
1553	GaseE751318
1554	GaseE751319
1555	GaseE751320
1556	GaseE751321
1557	GaseE751322
1558	GaseE751323
1559	GaseE751324
1560	GaseE751325
1561	GaseE751326
1562	GaseE751327
1563	GaseE751328
1564	GaseE751329
1565	GaseE751330
1566	GaseE751331
1567	GaseE751332
1568	GaseE751333
1569	GaseE751334
1570	GaseE751335
1571	GaseE751336
1572	GaseE751337
1573	GaseE751338
1574	GaseE751340
1575	GaseE751341
1576	GaseE751342
1577	GaseE751343
1578	GaseE751344
1579	GaseE751345
1580	GaseE751346
1581	GaseE751347
1582	GaseE751348
1583	GaseE751349
1584	GaseE751350
1585	GaseE751351
1586	GaseE751352
1587	GaseE751353
1588	GaseE751354
1589	GaseE751355
1590	GaseE751357
1591	GaseE751358
1592	GaseE751359
1593	GaseE751360
1594	GaseE751361
1595	GaseE751362
1596	GaseE751363
1597	GaseE751365
1598	GaseE751366
1599	GaseE751367
1600	GaseE751368
1601	GaseE751369
1602	GaseE751370
1603	GaseE751371
1604	GaseE751372
1605	GaseE751373
1606	GaseE751374
1607	GaseE751375
1608	GaseE751376
1609	GaseE751377
1610	GaseE751379
1611	GaseE751381
1612	GaseE751382
1613	GaseE751383
1614	GaseE751384
1615	GaseE752001
1616	GaseE752002
1617	GaseE752003
1618	GaseE752004
1619	GaseE752005
1620	GaseE752006
1621	GaseE752009
1622	GaseE752010
1623	GaseE752011
1624	GaseE752012
1625	GaseE752013
1626	GaseE752014
1627	GaseE752015
1628	GaseE752017
1629	GaseE752018
1630	GaseE752019
1631	GaseE752020
1632	GaseE752021
1633	GaseE752025
1634	GaseE752026
1635	GaseE752027
1636	GaseE752028
1637	GaseE752029
1638	GaseE752030
1639	GaseE752031
1640	GaseE752033
1641	GaseE752034
1642	GaseE752035
1643	GaseE752036
1644	GaseE752037
1645	GaseE752038
1646	GaseE752039
1647	GaseE752040
1648	GaseE752042
1649	GaseE752045
1650	GaseE752046
1651	GaseE752047
1652	GaseE752049
1653	GaseE752050
1654	GaseE752051
1655	GaseE752052
1656	GaseE752053
1657	GaseE752054
1658	GaseE752055
1659	GaseE752056
1660	GaseE752057
1661	GaseE752058
1662	GaseE752059
1663	GaseE752060
1664	GaseE752061
1665	GaseE752064
1666	GaseE752066
1667	GaseE752067
1668	GaseE752068
1669	GaseE752069
1670	GaseE752070
1671	GaseE752071
1672	GaseE752072
1673	GaseE752073
1674	GaseE752074
1675	GaseE752075
1676	GaseE752076
1677	GaseE752077
1678	GaseE752078
1679	GaseE752082
1680	GaseE752083
1681	GaseE752084
1682	GaseE752085
1683	GaseE752087
1684	GaseE752088
1685	GaseE752090
1686	GaseE752091
1687	GaseE752092
1688	GaseE752093
1689	GaseE752094
1690	GaseE752097
1691	GaseE752098
1692	GaseE752099
1693	GaseE752100
1694	GaseE752101
1695	GaseE752102
1696	GaseE752103
1697	GaseE752104
1698	GaseE752105
1699	GaseE752106
1700	GaseE752107
1701	GaseE752108
1702	GaseE752110
1703	GaseE752111
1704	GaseE752112
1705	GaseE752113
1706	GaseE752114
1707	GaseE752115
1708	GaseE752117
1709	GaseE752118
1710	GaseE752119
1711	GaseE752120
1712	GaseE752121
1713	GaseE752122
1714	GaseE752123
1715	GaseE752124
1716	GaseE752125
1717	GaseE752126
1718	GaseE752127
1719	GaseE752128
1720	GaseE752129
1721	GaseE752130
1722	GaseE752131
1723	GaseE752132
1724	GaseE752134
1725	GaseE752135
1726	GaseE752136
1727	GaseE752137
1728	GaseE752138
1729	GaseE752140
1730	GaseE752141
1731	GaseE752142
1732	GaseE752143
1733	GaseE752144
1734	GaseE752145
1735	GaseE752146
1736	GaseE752147
1737	GaseE752148
1738	GaseE752149
1739	GaseE752150
1740	GaseE752151
1741	GaseE752152
1742	GaseE752153
1743	GaseE752154
1744	GaseE752155
1745	GaseE752156
1746	GaseE752157
1747	GaseE752158
1748	GaseE752159
1749	GaseE752160
1750	GaseE752161
1751	GaseE752162
1752	GaseE752163
1753	GaseE752164
1754	GaseE752165
1755	GaseE752166
1756	GaseE752167
1757	GaseE752168
1758	GaseE752169
1759	GaseE752170
1760	GaseE752171
1761	GaseE752172
1762	GaseE752173
1763	GaseE752174
1764	GaseE752175
1765	GaseE752176
1766	GaseE752177
1767	GaseE752178
1768	GaseE752179
1769	GaseE752180
1770	GaseE752181
1771	GaseE752182
1772	GaseE752183
1773	GaseE752184
1774	GaseE752185
1775	GaseE752186
1776	GaseE752187
1777	GaseE752188
1778	GaseE752189
1779	GaseE752190
1780	GaseE752191
1781	GaseE752192
1782	GaseE752193
1783	GaseE752194
1784	GaseE752195
1785	GaseE752196
1786	GaseE752197
1787	GaseE752198
1788	GaseE752199
1789	GaseE752200
1790	GaseE752201
1791	GaseE752202
1792	GaseE752203
1793	GaseE752204
1794	GaseE752205
1795	GaseE752206
1796	GaseE752207
1797	GaseE752208
1798	GaseE752209
1799	GaseE752210
1800	GaseE752211
1801	GaseE752212
1802	GaseE752213
1803	GaseE752214
1804	GaseE752215
1805	GaseE752216
1806	GaseE752217
1807	GaseE752218
1808	GaseE752219
1809	GaseE752220
1810	GaseE752221
1811	GaseE752222
1812	GaseE752223
1813	GaseE752224
1814	GaseE752225
1815	GaseE752226
1816	GaseE752227
1817	GaseE752228
1818	GaseE752229
1819	GaseE752230
1820	GaseE752231
1821	GaseE752232
1822	GaseE752233
1823	GaseE752234
1824	GaseE752235
1825	GaseE752236
1826	GaseE752237
1827	GaseE752238
1828	GaseE752239
1829	GaseE752240
1830	GaseE752242
1831	GaseE752244
1832	GaseE752245
1833	GaseE752246
1834	GaseE752247
1835	GaseE752248
1836	GaseE752250
1837	GaseE752251
1838	GaseE752252
1839	GaseE752253
1840	GaseE752254
1841	GaseE752255
1842	GaseE752256
1843	GaseE752258
1844	GaseE752259
1845	GaseE752260
1846	GaseE752261
1847	GaseE752263
1848	GaseE752264
1849	GaseE752266
1850	GaseE752267
1851	GaseE752268
1852	GaseE752269
1853	GaseE752270
1854	GaseE752271
1855	GaseE752272
1856	GaseE752273
1857	GaseE752274
1858	GaseE752275
1859	GaseE752276
1860	GaseE752277
1861	GaseE752278
1862	GaseE752279
1863	GaseE752280
1864	GaseE752281
1865	GaseE752282
1866	GaseE752283
1867	GaseE752284
1868	GaseE752287
1869	GaseE752288
1870	GaseE752289
1871	GaseE752290
1872	GaseE752291
1873	GaseE752292
1874	GaseE752293
1875	GaseE752294
1876	GaseE752295
1877	GaseE752296
1878	GaseE752297
1879	GaseE752298
1880	GaseE752299
1881	GaseE752300
1882	GaseE752301
1883	GaseE752302
1884	GaseE752303
1885	GaseE752304
1886	GaseE752305
1887	GaseE752306
1888	GaseE752307
1889	GaseE752308
1890	GaseE752309
1891	GaseE752310
1892	GaseE752311
1893	GaseE752312
1894	GaseE752313
1895	GaseE752314
1896	GaseE752315
1897	GaseE752316
1898	GaseE752317
1899	GaseE752318
1900	GaseE752319
1901	GaseE752320
1902	GaseE752321
1903	GaseE752322
1904	GaseE752323
1905	GaseE752324
1906	GaseE752325
1907	GaseE752326
1908	GaseE752327
1909	GaseE752328
1910	GaseE752329
1911	GaseE752330
1912	GaseE752331
1913	GaseE752332
1914	GaseE752333
1915	GaseE752334
1916	GaseE752335
1917	GaseE752336
1918	GaseE752337
1919	GaseE752338
1920	GaseE752339
1921	GaseE752340
1922	GaseE752341
1923	GaseE752342
1924	GaseE752343
1925	GaseE752344
1926	GaseE752345
1927	GaseE752346
1928	GaseE752347
1929	GaseE752348
1930	GaseE752349
1931	GaseE752350
1932	GaseE752351
1933	GaseE752352
1934	GaseE752353
1935	GaseE752354
1936	GaseE752355
1937	GaseE752356
1938	GaseE752357
1939	GaseE752358
1940	GaseE752359
1941	GaseE752360
1942	GaseE752361
1943	GaseE752362
1944	GaseE752363
1945	GaseE752364
1946	GaseE752365
1947	GaseE752366
1948	GaseE752367
1949	GaseE752368
1950	GaseE752369
1951	GaseE752370
1952	GaseE752371
1953	GaseE752372
1954	GaseE752373
1955	GaseE752374
1956	GaseE752375
1957	GaseE752376
1958	GaseE752377
1959	GaseE752378
1960	GaseE752379
1961	GaseE752380
1962	GaseE752381
1963	GaseE752382
1964	GaseE752383
1965	GaseE752384
1966	GaseE753001
1967	GaseE753002
1968	GaseE753003
1969	GaseE753004
1970	GaseE753005
1971	GaseE753006
1972	GaseE753007
1973	GaseE753008
1974	GaseE753009
1975	GaseE753010
1976	GaseE753011
1977	GaseE753012
1978	GaseE753013
1979	GaseE753014
1980	GaseE753015
1981	GaseE753016
1982	GaseE753017
1983	GaseE753018
1984	GaseE753019
1985	GaseE753020
1986	GaseE753021
1987	GaseE753022
1988	GaseE753023
1989	GaseE753024
1990	GaseE753025
1991	GaseE753026
1992	GaseE753028
1993	GaseE753029
1994	GaseE753030
1995	GaseE753031
1996	GaseE753032
1997	GaseE753033
1998	GaseE753034
1999	GaseE753035
2000	GaseE753036
2001	GaseE753037
2002	GaseE753038
2003	GaseE753039
2004	GaseE753040
2005	GaseE753041
2006	GaseE753042
2007	GaseE753043
2008	GaseE753045
2009	GaseE753046
2010	GaseE753047
2011	GaseE753048
2012	GaseE753049
2013	GaseE753050
2014	GaseE753051
2015	GaseE753052
2016	GaseE753054
2017	GaseE753055
2018	GaseE753056
2019	GaseE753057
2020	GaseE753058
2021	GaseE753059
2022	GaseE753061
2023	GaseE753062
2024	GaseE753063
2025	GaseE753064
2026	GaseE753065
2027	GaseE753066
2028	GaseE753067
2029	GaseE753068
2030	GaseE753069
2031	GaseE753070
2032	GaseE753071
2033	GaseE753072
2034	GaseE753073
2035	GaseE753074
2036	GaseE753075
2037	GaseE753076
2038	GaseE753077
2039	GaseE753078
2040	GaseE753079
2041	GaseE753080
2042	GaseE753081
2043	GaseE753082
2044	GaseE753083
2045	GaseE753084
2046	GaseE753085
2047	GaseE753086
2048	GaseE753087
2049	GaseE753088
2050	GaseE753089
2051	GaseE753090
2052	GaseE753091
2053	GaseE753092
2054	GaseE753093
2055	GaseE753094
2056	GaseE753095
2057	GaseE753096
2058	GaseE753097
2059	GaseE753098
2060	GaseE753099
2061	GaseE753100
2062	GaseE753101
2063	GaseE753102
2064	GaseE753103
2065	GaseE753104
2066	GaseE753105
2067	GaseE753106
2068	GaseE753107
2069	GaseE753108
2070	GaseE753109
2071	GaseE753110
2072	GaseE753111
2073	GaseE753112
2074	GaseE753113
2075	GaseE753114
2076	GaseE753115
2077	GaseE753116
2078	GaseE753117
2079	GaseE753118
2080	GaseE753119
2081	GaseE753120
2082	GaseE753121
2083	GaseE753122
2084	GaseE753123
2085	GaseE753124
2086	GaseE753125
2087	GaseE753126
2088	GaseE753127
2089	GaseE753128
2090	GaseE753129
2091	GaseE753130
2092	GaseE753131
2093	GaseE753132
2094	GaseE753133
2095	GaseE753134
2096	GaseE753135
2097	GaseE753136
2098	GaseE753137
2099	GaseE753138
2100	GaseE753139
2101	GaseE753140
2102	GaseE753141
2103	GaseE753142
2104	GaseE753143
2105	GaseE753144
2106	GaseE753145
2107	GaseE753146
2108	GaseE753147
2109	GaseE753148
2110	GaseE753149
2111	GaseE753150
2112	GaseE753151
2113	GaseE753152
2114	GaseE753153
2115	GaseE753154
2116	GaseE753155
2117	GaseE753156
2118	GaseE753157
2119	GaseE753158
2120	GaseE753159
2121	GaseE753160
2122	GaseE753161
2123	GaseE753162
2124	GaseE753163
2125	GaseE753164
2126	GaseE753165
2127	GaseE753166
2128	GaseE753167
2129	GaseE753168
2130	GaseE753169
2131	GaseE753170
2132	GaseE753171
2133	GaseE753172
2134	GaseE753173
2135	GaseE753174
2136	GaseE753175
2137	GaseE753176
2138	GaseE753177
2139	GaseE753178
2140	GaseE753179
2141	GaseE753180
2142	GaseE753181
2143	GaseE753182
2144	GaseE753183
2145	GaseE753184
2146	GaseE753185
2147	GaseE753186
2148	GaseE753187
2149	GaseE753188
2150	GaseE753189
2151	GaseE753190
2152	GaseE753191
2153	GaseE753192
2154	GaseE753194
2155	GaseE753195
2156	GaseE753196
2157	GaseE753197
2158	GaseE753198
2159	GaseE753199
2160	GaseE753200
2161	GaseE753201
2162	GaseE753202
2163	GaseE753203
2164	GaseE753204
2165	GaseE753205
2166	GaseE753206
2167	GaseE753207
2168	GaseE753208
2169	GaseE753209
2170	GaseE753210
2171	GaseE753211
2172	GaseE753212
2173	GaseE753213
2174	GaseE753214
2175	GaseE753215
2176	GaseE753216
2177	GaseE753217
2178	GaseE753218
2179	GaseE753219
2180	GaseE753220
2181	GaseE753221
2182	GaseE753222
2183	GaseE753223
2184	GaseE753224
2185	GaseE753225
2186	GaseE753226
2187	GaseE753227
2188	GaseE753228
2189	GaseE753229
2190	GaseE753230
2191	GaseE753231
2192	GaseE753232
2193	GaseE753233
2194	GaseE753234
2195	GaseE753235
2196	GaseE753236
2197	GaseE753237
2198	GaseE753238
2199	GaseE753239
2200	GaseE753240
2201	GaseE753242
2202	GaseE753243
2203	GaseE753244
2204	GaseE753245
2205	GaseE753246
2206	GaseE753247
2207	GaseE753248
2208	GaseE753250
2209	GaseE753251
2210	GaseE753252
2211	GaseE753253
2212	GaseE753254
2213	GaseE753255
2214	GaseE753256
2215	GaseE753258
2216	GaseE753259
2217	GaseE753260
2218	GaseE753261
2219	GaseE753262
2220	GaseE753263
2221	GaseE753264
2222	GaseE753265
2223	GaseE753266
2224	GaseE753267
2225	GaseE753268
2226	GaseE753269
2227	GaseE753270
2228	GaseE753271
2229	GaseE753272
2230	GaseE753274
2231	GaseE753275
2232	GaseE753276
2233	GaseE753277
2234	GaseE753278
2235	GaseE753279
2236	GaseE753280
2237	GaseE753281
2238	GaseE753282
2239	GaseE753283
2240	GaseE753284
2241	GaseE753287
2242	GaseE803001
2243	GaseE803002
2244	GaseE803003
2245	GaseE803004
2246	GaseE803005
2247	GaseE803006
2248	GaseE803007
2249	GaseE803008
2250	GaseE803009
2251	GaseE803010
2252	GaseE803011
2253	GaseE803012
2254	GaseE803013
2255	GaseE803014
2256	GaseE803015
2257	GaseE803016
2258	GaseE803017
2259	GaseE803018
2260	GaseE803019
2261	GaseE803020
2262	GaseE803021
2263	GaseE803023
2264	GaseE803024
2265	GaseE803025
2266	GaseE803026
2267	GaseE803027
2268	GaseE803028
2269	GaseE803029
2270	GaseE803030
2271	GaseE803031
2272	GaseE803032
2273	GaseE803033
2274	GaseE803034
2275	GaseE803035
2276	GaseE803036
2277	GaseE803037
2278	GaseE803038
2279	GaseE803039
2280	GaseE803040
2281	GaseE803041
2282	GaseE803042
2283	GaseE803043
2284	GaseE803044
2285	GaseE803045
2286	GaseE803046
2287	GaseE803047
2288	GaseE803048
2289	GaseE803049
2290	GaseE803050
2291	GaseE803051
2292	GaseE803052
2293	GaseE803053
2294	GaseE803054
2295	GaseE803055
2296	GaseE803056
2297	GaseE803057
2298	GaseE803058
2299	GaseE803059
2300	GaseE803060
2301	GaseE803061
2302	GaseE803063
2303	GaseE803064
2304	GaseE803065
2305	GaseE803066
2306	GaseE803067
2307	GaseE803068
2308	GaseE803069
2309	GaseE803070
2310	GaseE803071
2311	GaseE803072
2312	GaseE803073
2313	GaseE803074
2314	GaseE803075
2315	GaseE803076
2316	GaseE803077
2317	GaseE803078
2318	GaseE803079
2319	GaseE803080
2320	GaseE803081
2321	GaseE803082
2322	GaseE803083
2323	GaseE803084
2324	GaseE803085
2325	GaseE803086
2326	GaseE803087
2327	GaseE803089
2328	GaseE803090
2329	GaseE803091
2330	GaseE803092
2331	GaseE803093
2332	GaseE803094
2333	GaseE803096
2334	GaseE804001
2335	GaseE804002
2336	GaseE804003
2337	GaseE804004
2338	GaseE804005
2339	GaseE804006
2340	GaseE804007
2341	GaseE804008
2342	GaseE804009
2343	GaseE804010
2344	GaseE804011
2345	GaseE804012
2346	GaseE804013
2347	GaseE804014
2348	GaseE804015
2349	GaseE804016
2350	GaseE804017
2351	GaseE804018
2352	GaseE804019
2353	GaseE804020
2354	GaseE804021
2355	GaseE804022
2356	GaseE804023
2357	GaseE804024
2358	GaseE804025
2359	GaseE804026
2360	GaseE804027
2361	GaseE804028
2362	GaseE804029
2363	GaseE804030
2364	GaseE804031
2365	GaseE804032
2366	GaseE804033
2367	GaseE804034
2368	GaseE804035
2369	GaseE804036
2370	GaseE804037
2371	GaseE804038
2372	GaseE804039
2373	GaseE804040
2374	GaseE804041
2375	GaseE804042
2376	GaseE804043
2377	GaseE804044
2378	GaseE804045
2379	GaseE804046
2380	GaseE804047
2381	GaseE804048
2382	GaseE804049
2383	GaseE804050
2384	GaseE804051
2385	GaseE804052
2386	GaseE804053
2387	GaseE804054
2388	GaseE804055
2389	GaseE804056
2390	GaseE804057
2391	GaseE804058
2392	GaseE804059
2393	GaseE804060
2394	GaseE804061
2395	GaseE804062
2396	GaseE804063
2397	GaseE804064
2398	GaseE804065
2399	GaseE804066
2400	GaseE804067
2401	GaseE804068
2402	GaseE804069
2403	GaseE804070
2404	GaseE804071
2405	GaseE804072
2406	GaseE804073
2407	GaseE804074
2408	GaseE804075
2409	GaseE804076
2410	GaseE804077
2411	GaseE804078
2412	GaseE804079
2413	GaseE804080
2414	GaseE804081
2415	GaseE804082
2416	GaseE804083
2417	GaseE804084
2418	GaseE804085
2419	GaseE804086
2420	GaseE804087
2421	GaseE804088
2422	GaseE804089
2423	GaseE804090
2424	GaseE804091
2425	GaseE804092
2426	GaseE804093
2427	GaseE804094
2428	GaseE804095
2429	GaseE804096
2430	GaseE804097
2431	GaseE804098
2432	GaseE804099
2433	GaseE804100
2434	GaseE804101
2435	GaseE804102
2436	GaseE804103
2437	GaseE804104
2438	GaseE804105
2439	GaseE804106
2440	GaseE804107
2441	GaseE804108
2442	GaseE804109
2443	GaseE804110
2444	GaseE804112
2445	GaseE804113
2446	GaseE804114
2447	GaseE804115
2448	GaseE804116
2449	GaseE804117
2450	GaseE804118
2451	GaseE804119
2452	GaseE804120
2453	GaseE804121
2454	GaseE804122
2455	GaseE804123
2456	GaseE804125
2457	GaseE804126
2458	GaseE804127
2459	GaseE804128
2460	GaseE804129
2461	GaseE804130
2462	GaseE804131
2463	GaseE804132
2464	GaseE804133
2465	GaseE804134
2466	GaseE804135
2467	GaseE804136
2468	GaseE804137
2469	GaseE804138
2470	GaseE804139
2471	GaseE804140
2472	GaseE804141
2473	GaseE804142
2474	GaseE804143
2475	GaseE804144
2476	GaseE804145
2477	GaseE804146
2478	GaseE804147
2479	GaseE804148
2480	GaseE804149
2481	GaseE804150
2482	GaseE804151
2483	GaseE804152
2484	GaseE804153
2485	GaseE804154
2486	GaseE804155
2487	GaseE804156
2488	GaseE804157
2489	GaseE804158
2490	GaseE804159
2491	GaseE804160
2492	GaseE804161
2493	GaseE804162
2494	GaseE804163
2495	GaseE804164
2496	GaseE804165
2497	GaseE804166
2498	GaseE804167
2499	GaseE804168
2500	GaseE804169
2501	GaseE804170
2502	GaseE804171
2503	GaseE804172
2504	GaseE804173
2505	GaseE804174
2506	GaseE804175
2507	GaseE804176
2508	GaseE804177
2509	GaseE804178
2510	GaseE804179
2511	GaseE804180
2512	GaseE804181
2513	GaseE804182
2514	GaseE804183
2515	GaseE804184
2516	GaseE804185
2517	GaseE804186
2518	GaseE804187
2519	GaseE804188
2520	GaseE804189
2521	GaseE804190
2522	GaseE804191
2523	GaseE804192
2524	GaseE804193
2525	GaseE804194
2526	GaseE804195
2527	GaseE804196
2528	GaseE804197
2529	GaseE804198
2530	GaseE804199
2531	GaseE804200
2532	GaseE804201
2533	GaseE804202
2534	GaseE804204
2535	GaseE804205
2536	GaseE804206
2537	GaseE804207
2538	GaseE804208
2539	GaseE804209
2540	GaseE804210
2541	GaseE804211
2542	GaseE804212
2543	GaseE804213
2544	GaseE804214
2545	GaseE804215
2546	GaseE804216
2547	GaseE804217
2548	GaseE804218
2549	GaseE804219
2550	GaseE804220
2551	GaseE804221
2552	GaseE804222
2553	GaseE804223
2554	GaseE804224
2555	GaseE804225
2556	GaseE804226
2557	GaseE804228
2558	GaseE804229
2559	GaseE804230
2560	GaseE804231
2561	GaseE804232
2562	GaseE804233
2563	GaseE804234
2564	GaseE804235
2565	GaseE804236
2566	GaseE804237
2567	GaseE804238
2568	GaseE804239
2569	GaseE804240
2570	GaseE804242
2571	GaseE804243
2572	GaseE804244
2573	GaseE804245
2574	GaseE804246
2575	GaseE804247
2576	GaseE804248
2577	GaseE804249
2578	GaseE804250
2579	GaseE804251
2580	GaseE804252
2581	GaseE804253
2582	GaseE804254
2583	GaseE804255
2584	GaseE804256
2585	GaseE804258
2586	GaseE804259
2587	GaseE804260
2588	GaseE804261
2589	GaseE804262
2590	GaseE804263
2591	GaseE804264
2592	GaseE804265
2593	GaseE804266
2594	GaseE804267
2595	GaseE804268
2596	GaseE804269
2597	GaseE804270
2598	GaseE804271
2599	GaseE804272
2600	GaseE804273
2601	GaseE804274
2602	GaseE804275
2603	GaseE804276
2604	GaseE804277
2605	GaseE804278
2606	GaseE804279
2607	GaseE804280
2608	GaseE804281
2609	GaseE804282
2610	GaseE804283
2611	GaseE804284
2612	GaseE804287
2613	GaseE804288
2614	GaseE804289
2615	GaseE804290
2616	GaseE804291
2617	GaseE804292
2618	GaseE804293
2619	GaseE804294
2620	GaseE804295
2621	GaseE804296
2622	GaseE804297
2623	GaseE804298
2624	GaseE804299
2625	GaseE804300
2626	GaseE804301
2627	GaseE804302
2628	GaseE804303
2629	GaseE804304
2630	GaseE804305
2631	GaseE804306
2632	GaseE804307
2633	GaseE804308
2634	GaseE804309
2635	GaseE804310
2636	GaseE804311
2637	GaseE804312
2638	GaseE804313
2639	GaseE804314
2640	GaseE804315
2641	GaseE804316
2642	GaseE804317
2643	GaseE804318
2644	GaseE804319
2645	GaseE804320
2646	GaseE804321
2647	GaseE804322
2648	GaseE804323
2649	GaseE804324
2650	GaseE804325
2651	GaseE804326
2652	GaseE804327
2653	GaseE804328
2654	GaseE804329
2655	GaseE804330
2656	GaseE804331
2657	GaseE804332
2658	GaseE804333
2659	GaseE804334
2660	GaseE804335
2661	GaseE804336
2662	GaseE804337
2663	GaseE804338
2664	GaseE804339
2665	GaseE804340
2666	GaseE804341
2667	GaseE804342
2668	GaseE804343
2669	GaseE804344
2670	GaseE804345
2671	GaseE804346
2672	GaseE804347
2673	GaseE804348
2674	GaseE804349
2675	GaseE804350
2676	GaseE804351
2677	GaseE804352
2678	GaseE804353
2679	GaseE804354
2680	GaseE804355
2681	GaseE804356
2682	GaseE804357
2683	GaseE804358
2684	GaseE804359
2685	GaseE804360
2686	GaseE804361
2687	GaseE804362
2688	GaseE804363
2689	GaseE804364
2690	GaseE804365
2691	GaseE804366
2692	GaseE804367
2693	GaseE804368
2694	GaseE804369
2695	GaseE804370
2696	GaseE804371
2697	GaseE804372
2698	GaseE804373
2699	GaseE804374
2700	GaseE804375
2701	GaseE804376
2702	GaseE804377
2703	GaseE804378
2704	GaseE804379
2705	GaseE804380
2706	GaseE804381
2707	GaseE804382
2708	GaseE804383
2709	GaseE804384
2710	GasfE703001
2711	GasfE703002
2712	GasfE703003
2713	GasfE703004
2714	GasfE703005
2715	GasfE703006
2716	GasfE703007
2717	GasfE703008
2718	GasfE703009
2719	GasfE703010
2720	GasfE703011
2721	GasfE703012
2722	GasfE703013
2723	GasfE703014
2724	GasfE703015
2725	GasfE703017
2726	GasfE703018
2727	GasfE703019
2728	GasfE703020
2729	GasfE703021
2730	GasfE703022
2731	GasfE703023
2732	GasfE703024
2733	GasfE703025
2734	GasfE703026
2735	GasfE703027
2736	GasfE703028
2737	GasfE703029
2738	GasfE703030
2739	GasfE703031
2740	GasfE703032
2741	GasfE703033
2742	GasfE703034
2743	GasfE703035
2744	GasfE703036
2745	GasfE703037
2746	GasfE703038
2747	GasfE703039
2748	GasfE703040
2749	GasfE703041
2750	GasfE703042
2751	GasfE703043
2752	GasfE703044
2753	GasfE703045
2754	GasfE703046
2755	GasfE703047
2756	GasfE703048
2757	GasfE703049
2758	GasfE703050
2759	GasfE703051
2760	GasfE703052
2761	GasfE703053
2762	GasfE703054
2763	GasfE703055
2764	GasfE703056
2765	GasfE703057
2766	GasfE703058
2767	GasfE703059
2768	GasfE703060
2769	GasfE703061
2770	GasfE703062
2771	GasfE703063
2772	GasfE703064
2773	GasfE703065
2774	GasfE703066
2775	GasfE703067
2776	GasfE703068
2777	GasfE703069
2778	GasfE703070
2779	GasfE703071
2780	GasfE703072
2781	GasfE703073
2782	GasfE703074
2783	GasfE703075
2784	GasfE703076
2785	GasfE703077
2786	GasfE703078
2787	GasfE703079
2788	GasfE703080
2789	GasfE703081
2790	GasfE703082
2791	GasfE703083
2792	GasfE703084
2793	GasfE703085
2794	GasfE703086
2795	GasfE703087
2796	GasfE703089
2797	GasfE703090
2798	GasfE703091
2799	GasfE703092
2800	GasfE703093
2801	GasfE703094
2802	GasfE703095
2803	GasfE703096
2804	GasfE703097
2805	GasfE703098
2806	GasfE703099
2807	GasfE703100
2808	GasfE703101
2809	GasfE703102
2810	GasfE703103
2811	GasfE703104
2812	GasfE703105
2813	GasfE703106
2814	GasfE703107
2815	GasfE703108
2816	GasfE703110
2817	GasfE703111
2818	GasfE703112
2819	GasfE703113
2820	GasfE703114
2821	GasfE703115
2822	GasfE703116
2823	GasfE703117
2824	GasfE703118
2825	GasfE703119
2826	GasfE703120
2827	GasfE703121
2828	GasfE703122
2829	GasfE703123
2830	GasfE703124
2831	GasfE703125
2832	GasfE703126
2833	GasfE703128
2834	GasfE703129
2835	GasfE703130
2836	GasfE703131
2837	GasfE703132
2838	GasfE703133
2839	GasfE703134
2840	GasfE703135
2841	GasfE703136
2842	GasfE703137
2843	GasfE703138
2844	GasfE703139
2845	GasfE703140
2846	GasfE703141
2847	GasfE703142
2848	GasfE703143
2849	GasfE703144
2850	GasfE703145
2851	GasfE703146
2852	GasfE703148
2853	GasfE703149
2854	GasfE703150
2855	GasfE703151
2856	GasfE703152
2857	GasfE703153
2858	GasfE703154
2859	GasfE703155
2860	GasfE703156
2861	GasfE703157
2862	GasfE703158
2863	GasfE703159
2864	GasfE703160
2865	GasfE703161
2866	GasfE703162
2867	GasfE703163
2868	GasfE703164
2869	GasfE703165
2870	GasfE703166
2871	GasfE703167
2872	GasfE703168
2873	GasfE703169
2874	GasfE703170
2875	GasfE703171
2876	GasfE703172
2877	GasfE703173
2878	GasfE703174
2879	GasfE703175
2880	GasfE703176
2881	GasfE703177
2882	GasfE703178
2883	GasfE703180
2884	GasfE703181
2885	GasfE703182
2886	GasfE703184
2887	GasfE703185
2888	GasfE703186
2889	GasfE703187
2890	GasfE703188
2891	GasfE703189
2892	GasfE703190
2893	GasfE703191
2894	GasfE703192
2895	GasfE803001
2896	GasfE803002
2897	GasfE803003
2898	GasfE803004
2899	GasfE803005
2900	GasfE803006
2901	GasfE803007
2902	GasfE803008
2903	GasfE803009
2904	GasfE803010
2905	GasfE803011
2906	GasfE803012
2907	GasfE803013
2908	GasfE803014
2909	GasfE803015
2910	GasfE803016
2911	GasfE803017
2912	GasfE803018
2913	GasfE803019
2914	GasfE803020
2915	GasfE803021
2916	GasfE803022
2917	GasfE803023
2918	GasfE803024
2919	GasfE803025
2920	GasfE803026
2921	GasfE803027
2922	GasfE803028
2923	GasfE803029
2924	GasfE803030
2925	GasfE803031
2926	GasfE803032
2927	GasfE803033
2928	GasfE803034
2929	GasfE803035
2930	GasfE803036
2931	GasfE803037
2932	GasfE803038
2933	GasfE803039
2934	GasfE803040
2935	GasfE803041
2936	GasfE803042
2937	GasfE803043
2938	GasfE803044
2939	GasfE803045
2940	GasfE803046
2941	GasfE803047
2942	GasfE803048
2943	GasfE803050
2944	GasfE803051
2945	GasfE803052
2946	GasfE803053
2947	GasfE803054
2948	GasfE803055
2949	GasfE803056
2950	GasfE803057
2951	GasfE803058
2952	GasfE803059
2953	GasfE803060
2954	GasfE803061
2955	GasfE803062
2956	GasfE803063
2957	GasfE803064
2958	GasfE803066
2959	GasfE803068
2960	GasfE803069
2961	GasfE803070
2962	GasfE803071
2963	GasfE803072
2964	GasfE803073
2965	GasfE803074
2966	GasfE803075
2967	GasfE803076
2968	GasfE803077
2969	GasfE803078
2970	GasfE803079
2971	GasfE803080
2972	GasfE803081
2973	GasfE803082
2974	GasfE803083
2975	GasfE803084
2976	GasfE803085
2977	GasfE803086
2978	GasfE803087
2979	GasfE803088
2980	GasfE803090
2981	GasfE803091
2982	GasfE803092
2983	GasfE803094
2984	GasfE803095
2985	GasfE803096
2986	OrgaE952002
2987	OrgaE952003
2988	OrgaE952004
2989	OrgaE952005
2990	OrgaE952006
2991	OrgaE952007
2992	OrgaE952008
2993	OrgaE952009
2994	OrgaE952010
2995	OrgaE952011
2996	OrgaE952013
2997	OrgaE952014
2998	OrgaE952015
2999	OrgaE952016
3000	OrgaE952017
3001	OrgaE952018
3002	OrgaE952019
3003	OrgaE952020
3004	OrgaE952021
3005	OrgaE952022
3006	OrgaE952023
3007	OrgaE952024
3008	OrgaE952025
3009	OrgaE952026
3010	OrgaE952027
3011	OrgaE952028
3012	OrgaE952029
3013	OrgaE952030
3014	OrgaE952031
3015	OrgaE952032
3016	OrgaE952033
3017	OrgaE952034
3018	OrgaE952035
3019	OrgaE952036
3020	OrgaE952038
3021	OrgaE952039
3022	OrgaE952040
3023	OrgaE952042
3024	OrgaE952043
3025	OrgaE952044
3026	OrgaE952045
3027	OrgaE952046
3028	OrgaE952048
3029	OrgaE952049
3030	OrgaE952050
3031	OrgaE952051
3032	OrgaE952052
3033	OrgaE952053
3034	OrgaE952054
3035	OrgaE952055
3036	OrgaE952056
3037	OrgaE952057
3038	OrgaE952058
3039	OrgaE952059
3040	OrgaE952060
3041	OrgaE952061
3042	OrgaE952062
3043	OrgaE952064
3044	OrgaE952065
3045	OrgaE952066
3046	OrgaE952067
3047	OrgaE952068
3048	OrgaE952069
3049	OrgaE952070
3050	OrgaE952071
3051	OrgaE952072
3052	OrgaE952073
3053	OrgaE952074
3054	OrgaE952075
3055	OrgaE952076
3056	OrgaE952077
3057	OrgaE952078
3058	OrgaE952079
3059	OrgaE952080
3060	OrgaE952081
3061	OrgaE952082
3062	OrgaE952083
3063	OrgaE952084
3064	OrgaE952085
3065	OrgaE952086
3066	OrgaE952087
3067	OrgaE952088
3068	OrgaE952089
3069	OrgaE952090
3070	OrgaE952091
3071	OrgaE952092
3072	OrgaE952093
3073	OrgaE952094
3074	OrgaE952095
3075	OrgaE952096
3076	OrgaE952098
3077	OrgaE952099
3078	OrgaE952100
3079	OrgaE952101
3080	OrgaE952102
3081	OrgaE952103
3082	OrgaE952104
3083	OrgaE952105
3084	OrgaE952106
3085	OrgaE952107
3086	OrgaE952108
3087	OrgaE952109
3088	OrgaE952110
3089	OrgaE952111
3090	OrgaE952112
3091	OrgaE952113
3092	OrgaE952114
3093	OrgaE952115
3094	OrgaE952116
3095	OrgaE952117
3096	OrgaE952118
3097	OrgaE952119
3098	OrgaE952120
3099	OrgaE952121
3100	OrgaE952122
3101	OrgaE952123
3102	OrgaE952124
3103	OrgaE952125
3104	OrgaE952126
3105	OrgaE952127
3106	OrgaE952128
3107	OrgaE952129
3108	OrgaE952130
3109	OrgaE952131
3110	OrgaE952132
3111	OrgaE952133
3112	OrgaE952134
3113	OrgaE952135
3114	OrgaE952136
3115	OrgaE952137
3116	OrgaE952138
3117	OrgaE952139
3118	OrgaE952140
3119	OrgaE952141
3120	OrgaE952142
3121	OrgaE952143
3122	OrgaE952144
3123	OrgaE952145
3124	OrgaE952146
3125	OrgaE952147
3126	OrgaE952148
3127	OrgaE952149
3128	OrgaE952150
3129	OrgaE952151
3130	OrgaE952152
3131	OrgaE952169
3132	OrgaE952170
3133	OrgaE952171
3134	OrgaE952172
3135	OrgaE952173
3136	OrgaE952174
3137	OrgaE952175
3138	OrgaE952176
3139	OrgaE952177
3140	OrgaE952178
3141	OrgaE952179
3142	OrgaE952180
3143	OrgaE952181
3144	OrgaE952182
3145	OrgaE952183
3146	OrgaE952184
3147	OrgaE952185
3148	OrgaE952186
3149	OrgaE952187
3150	OrgaE952188
3151	OrgaE952189
3152	OrgaE952190
3153	OrgaE952191
3154	OrgaE952192
3155	OrgaE952193
3156	OrgaE952194
3157	OrgaE952195
3158	OrgaE952196
3159	OrgaE952197
3160	OrgaE952198
3161	OrgaE952199
3162	OrgaE952200
3163	OrgaE952201
3164	OrgaE952202
3165	OrgaE952203
3166	OrgaE952204
3167	OrgaE952205
3168	OrgaE952206
3169	OrgaE952207
3170	OrgaE952208
3171	OrgaE952209
3172	OrgaE952210
3173	OrgaE952211
3174	OrgaE952212
3175	OrgaE952213
3176	OrgaE952214
3177	OrgaE952215
3178	OrgaE952216
3179	OrgaE952217
3180	OrgaE952218
3181	OrgaE952219
3182	OrgaE952220
3183	OrgaE952221
3184	OrgaE952222
3185	OrgaE952223
3186	OrgaE952224
3187	OrgaE952225
3188	OrgaE952226
3189	OrgaE952227
3190	OrgaE952228
3191	OrgaE952229
3192	OrgaE952230
3193	OrgaE952231
3194	OrgaE952232
3195	OrgaE952233
3196	OrgaE952234
3197	OrgaE952235
3198	OrgaE952236
3199	OrgaE952237
3200	OrgaE952238
3201	OrgaE952239
3202	OrgaE952240
3203	OrgaE952242
3204	OrgaE952243
3205	OrgaE952244
3206	OrgaE952245
3207	OrgaE952246
3208	OrgaE952247
3209	OrgaE952248
3210	OrgaE952249
3211	OrgaE952250
3212	OrgaE952251
3213	OrgaE952252
3214	OrgaE952253
3215	OrgaE952255
3216	OrgaE952256
3217	OrgaE952258
3218	OrgaE952259
3219	OrgaE952260
3220	OrgaE952261
3221	OrgaE952262
3222	OrgaE952263
3223	OrgaE952264
3224	OrgaE952265
3225	OrgaE952266
3226	OrgaE952267
3227	OrgaE952268
3228	OrgaE952269
3229	OrgaE952270
3230	OrgaE952271
3231	OrgaE952272
3232	OrgaE952273
3233	OrgaE952274
3234	OrgaE952275
3235	OrgaE952276
3236	OrgaE952277
3237	OrgaE952278
3238	OrgaE952279
3239	OrgaE952280
3240	OrgaE952281
3241	OrgaE952282
3242	OrgaE952283
3243	OrgaE952284
3244	OrgaE952285
3245	OrgaE952287
3246	OrgaE952288
3247	OrgaE952289
3248	OrgaE952290
3249	OrgaE952291
3250	OrgaE952292
3251	OrgaE952293
3252	OrgaE952294
3253	OrgaE952295
3254	OrgaE952296
3255	OrgaE952297
3256	OrgaE952298
3257	OrgaE952299
3258	OrgaE952300
3259	OrgaE952301
3260	OrgaE952302
3261	OrgaE952303
3262	OrgaE952304
3263	OrgaE952305
3264	OrgaE952306
3265	OrgaE952307
3266	OrgaE952308
3267	OrgaE952309
3268	OrgaE952310
3269	OrgaE952311
3270	OrgaE952312
3271	OrgaE952313
3272	OrgaE952314
3273	OrgaE952315
3274	OrgaE952316
3275	OrgaE952317
3276	OrgaE952318
3277	OrgaE952319
3278	OrgaE952320
3279	OrgaE952321
3280	OrgaE952322
3281	OrgaE952323
3282	OrgaE952324
3283	OrgaE952325
3284	OrgaE952326
3285	OrgaE952327
3286	OrgaE952328
3287	OrgaE952329
3288	OrgaE952330
3289	OrgaE952331
3290	OrgaE952332
3291	OrgaE952333
3292	OrgaE952334
3293	OrgaE952335
3294	OrgaE952336
3295	OrgaE952337
3296	OrgaE952338
3297	OrgaE952339
3298	OrgaE952340
3299	OrgaE952341
3300	OrgaE952342
3301	OrgaE952343
3302	OrgaE952344
3303	OrgaE952345
3304	OrgaE952346
3305	OrgaE952347
3306	OrgaE952348
3307	OrgaE952349
3308	OrgaE952350
3309	OrgaE952351
3310	OrgaE952352
3311	OrgaE952353
3312	OrgaE952354
3313	OrgaE952355
3314	OrgaE952356
3315	OrgaE952357
3316	OrgaE952358
3317	OrgaE952359
3318	OrgaE952360
3319	OrgaE952361
3320	OrgaE952362
3321	OrgaE952363
3322	OrgaE952364
3323	OrgaE952365
3324	OrgaE952366
3325	OrgaE952367
3326	OrgaE952368
3327	OrgaE952369
3328	OrgaE952370
3329	OrgaE952371
3330	OrgaE952372
3331	OrgaE952373
3332	OrgaE952374
3333	OrgaE952375
3334	OrgaE952376
3335	OrgaE952377
3336	OrgaE952378
3337	OrgaE952379
3338	OrgaE952380
3339	OrgaE952381
3340	OrgaE952382
3341	OrgaE952383
3342	OrgaE952384
3343	OrgaEX151001
3344	OrgaEX151002
3345	OrgaEX151003
3346	OrgaEX151004
3347	OrgaEX151005
3348	OrgaEX151006
3349	OrgaEX151007
3350	OrgaEX151008
3351	OrgaEX151009
3352	OrgaEX151010
3353	OrgaEX151011
3354	OrgaEX151012
3355	OrgaEX151013
3356	OrgaEX151014
3357	OrgaEX151015
3358	OrgaEX151016
3359	OrgaEX151017
3360	OrgaEX151018
3361	OrgaEX151019
3362	OrgaEX151020
3363	OrgaEX151021
3364	OrgaEX151022
3365	OrgaEX151023
3366	OrgaEX151024
3367	OrgaEX151025
3368	OrgaEX151026
3369	OrgaEX151027
3370	OrgaEX151028
3371	OrgaEX151029
3372	OrgaEX151030
3373	OrgaEX151032
3374	OrgaEX151033
3375	OrgaEX151034
3376	OrgaEX151035
3377	OrgaEX151036
3378	OrgaEX151037
3379	OrgaEX151038
3380	OrgaEX151039
3381	OrgaEX151040
3382	OrgaEX151042
3383	OrgaEX151043
3384	OrgaEX151044
3385	OrgaEX151045
3386	OrgaEX151046
3387	OrgaEX151047
3388	OrgaEX151048
3389	OrgaEX151049
3390	OrgaEX151050
3391	OrgaEX151051
3392	OrgaEX151052
3393	OrgaEX151053
3394	OrgaEX151054
3395	OrgaEX151055
3396	OrgaEX151057
3397	OrgaEX151058
3398	OrgaEX151059
3399	OrgaEX151060
3400	OrgaEX151061
3401	OrgaEX151062
3402	OrgaEX151063
3403	OrgaEX151064
3404	OrgaEX151065
3405	OrgaEX151066
3406	OrgaEX151067
3407	OrgaEX151068
3408	OrgaEX151069
3409	OrgaEX151070
3410	OrgaEX151071
3411	OrgaEX151073
3412	OrgaEX151074
3413	OrgaEX151075
3414	OrgaEX151076
3415	OrgaEX151077
3416	OrgaEX151078
3417	OrgaEX151079
3418	OrgaEX151080
3419	OrgaEX151081
3420	OrgaEX151082
3421	OrgaEX151083
3422	OrgaEX151084
3423	OrgaEX151085
3424	OrgaEX151086
3425	OrgaEX151087
3426	OrgaEX151088
3427	OrgaEX151089
3428	OrgaEX151090
3429	OrgaEX151091
3430	OrgaEX151092
3431	OrgaEX151094
3432	OrgaEX151095
3433	OrgaEX151096
3434	OrgaEX151097
3435	OrgaEX151098
3436	OrgaEX151099
3437	OrgaEX151100
3438	OrgaEX151101
3439	OrgaEX151102
3440	OrgaEX151103
3441	OrgaEX151104
3442	OrgaEX151105
3443	OrgaEX151106
3444	OrgaEX151107
3445	OrgaEX151108
3446	OrgaEX151109
3447	OrgaEX151110
3448	OrgaEX151111
3449	OrgaEX151113
3450	OrgaEX151114
3451	OrgaEX151115
3452	OrgaEX151116
3453	OrgaEX151117
3454	OrgaEX151118
3455	OrgaEX151119
3456	OrgaEX151120
3457	OrgaEX151121
3458	OrgaEX151122
3459	OrgaEX151123
3460	OrgaEX151124
3461	OrgaEX151125
3462	OrgaEX151126
3463	OrgaEX151127
3464	OrgaEX151129
3465	OrgaEX151130
3466	OrgaEX151131
3467	OrgaEX151132
3468	OrgaEX151133
3469	OrgaEX151134
3470	OrgaEX151135
3471	OrgaEX151136
3472	OrgaEX151137
3473	OrgaEX151138
3474	OrgaEX151139
3475	OrgaEX151140
3476	OrgaEX151141
3477	OrgaEX151142
3478	OrgaEX151143
3479	OrgaEX151144
3480	OrgaEX151145
3481	OrgaEX151146
3482	OrgaEX151147
3483	OrgaEX151148
3484	OrgaEX151149
3485	OrgaEX151150
3486	OrgaEX151151
3487	OrgaEX151152
3488	OrgaEX151153
3489	OrgaEX151154
3490	OrgaEX151155
3491	OrgaEX151156
3492	OrgaEX151157
3493	OrgaEX151158
3494	OrgaEX151159
3495	OrgaEX151160
3496	OrgaEX151161
3497	OrgaEX151162
3498	OrgaEX151163
3499	OrgaEX151164
3500	OrgaEX151165
3501	OrgaEX151166
3502	OrgaEX151167
3503	OrgaEX151168
3504	OrgaEX151169
3505	OrgaEX151170
3506	OrgaEX151171
3507	OrgaEX151172
3508	OrgaEX151173
3509	OrgaEX151174
3510	OrgaEX151175
3511	OrgaEX151176
3512	OrgaEX151178
3513	OrgaEX151179
3514	OrgaEX151180
3515	OrgaEX151181
3516	OrgaEX151182
3517	OrgaEX151183
3518	OrgaEX151184
3519	OrgaEX151185
3520	OrgaEX151186
3521	OrgaEX151187
3522	OrgaEX151188
3523	OrgaEX151189
3524	OrgaEX151190
3525	OrgaEX151191
3526	OrgaEX151192
3527	OrgaEX151193
3528	OrgaEX151194
3529	OrgaEX151195
3530	OrgaEX151196
3531	OrgaEX151197
3532	OrgaEX151198
3533	OrgaEX151199
3534	OrgaEX151201
3535	OrgaEX151202
3536	OrgaEX151203
3537	OrgaEX151204
3538	OrgaEX151205
3539	OrgaEX151206
3540	OrgaEX151207
3541	OrgaEX151208
3542	OrgaEX151209
3543	OrgaEX151210
3544	OrgaEX151211
3545	OrgaEX151212
3546	OrgaEX151213
3547	OrgaEX151214
3548	OrgaEX151215
3549	OrgaEX151216
3550	OrgaEX151217
3551	OrgaEX151218
3552	OrgaEX151219
3553	OrgaEX151221
3554	OrgaEX151222
3555	OrgaEX151223
3556	OrgaEX151224
3557	OrgaEX151225
3558	OrgaEX151226
3559	OrgaEX151227
3560	OrgaEX151228
3561	OrgaEX151229
3562	OrgaEX151230
3563	OrgaEX151231
3564	OrgaEX151232
3565	OrgaEX151233
3566	OrgaEX151234
3567	OrgaEX151235
3568	OrgaEX151236
3569	OrgaEX151237
3570	OrgaEX151238
3571	OrgaEX151239
3572	OrgaEX151240
3573	OrgaEX151242
3574	OrgaEX151243
3575	OrgaEX151244
3576	OrgaEX151246
3577	OrgaEX151247
3578	OrgaEX151248
3579	OrgaEX151249
3580	OrgaEX151250
3581	OrgaEX151251
3582	OrgaEX151252
3583	OrgaEX151253
3584	OrgaEX151254
3585	OrgaEX151255
3586	OrgaEX151256
3587	OrgaEX151258
3588	OrgaEX151259
3589	OrgaEX151260
3590	OrgaEX151261
3591	OrgaEX151262
3592	OrgaEX151263
3593	OrgaEX151264
3594	OrgaEX151265
3595	OrgaEX151266
3596	OrgaEX151267
3597	OrgaEX151268
3598	OrgaEX151269
3599	OrgaEX151270
3600	OrgaEX151271
3601	OrgaEX151272
3602	OrgaEX151273
3603	OrgaEX151274
3604	OrgaEX151275
3605	OrgaEX151276
3606	OrgaEX151277
3607	OrgaEX151279
3608	OrgaEX151280
3609	OrgaEX151281
3610	OrgaEX151282
3611	OrgaEX151283
3612	OrgaEX151284
3613	OrgaEX151285
3614	OrgaEX151286
3615	OrgaEX151287
3616	OrgaEX151288
3617	OrgaEX151289
3618	OrgaEX151290
3619	OrgaEX151291
3620	OrgaEX151292
3621	OrgaEX151293
3622	OrgaEX151294
3623	OrgaEX151295
3624	OrgaEX151296
3625	OrgaEX151297
3626	OrgaEX151298
3627	OrgaEX151299
3628	OrgaEX151300
3629	OrgaEX151301
3630	OrgaEX151302
3631	OrgaEX151303
3632	OrgaEX151304
3633	OrgaEX151305
3634	OrgaEX151306
3635	OrgaEX151307
3636	OrgaEX151308
3637	OrgaEX151309
3638	OrgaEX151310
3639	OrgaEX151311
3640	OrgaEX151312
3641	OrgaEX151313
3642	OrgaEX151314
3643	OrgaEX151315
3644	OrgaEX151316
3645	OrgaEX151317
3646	OrgaEX151318
3647	OrgaEX151320
3648	OrgaEX151321
3649	OrgaEX151322
3650	OrgaEX151324
3651	OrgaEX151325
3652	OrgaEX151326
3653	OrgaEX151327
3654	OrgaEX151328
3655	OrgaEX151329
3656	OrgaEX151330
3657	OrgaEX151331
3658	OrgaEX151332
3659	OrgaEX151333
3660	OrgaEX151334
3661	OrgaEX151336
3662	OrgaEX151337
3663	OrgaEX151338
3664	OrgaEX151339
3665	OrgaEX151340
3666	OrgaEX151341
3667	OrgaEX151342
3668	OrgaEX151343
3669	OrgaEX151344
3670	OrgaEX151345
3671	OrgaEX151346
3672	OrgaEX151347
3673	OrgaEX151348
3674	OrgaEX151349
3675	OrgaEX151350
3676	OrgaEX151351
3677	OrgaEX151352
3678	OrgaEX151353
3679	OrgaEX151354
3680	OrgaEX151355
3681	OrgaEX151356
3682	OrgaEX151357
3683	OrgaEX151358
3684	OrgaEX151359
3685	OrgaEX151360
3686	OrgaEX151361
3687	OrgaEX151362
3688	OrgaEX151363
3689	OrgaEX151364
3690	OrgaEX151365
3691	OrgaEX151366
3692	OrgaEX151367
3693	OrgaEX151368
3694	OrgaEX151369
3695	OrgaEX151370
3696	OrgaEX151371
3697	OrgaEX151372
3698	OrgaEX151373
3699	OrgaEX151374
3700	OrgaEX151375
3701	OrgaEX151376
3702	OrgaEX151377
3703	OrgaEX151378
3704	OrgaEX151379
3705	OrgaEX151380
3706	OrgaEX151381
3707	OrgaEX151382
3708	OrgaEX151383
3709	OrgaEX151384
3710	OrgcE851001
3711	OrgcE851002
3712	OrgcE851003
3713	OrgcE851004
3714	OrgcE851006
3715	OrgcE851007
3716	OrgcE851008
3717	OrgcE851010
3718	OrgcE851011
3719	OrgcE851012
3720	OrgcE851013
3721	OrgcE851014
3722	OrgcE851015
3723	OrgcE851016
3724	OrgcE851017
3725	OrgcE851018
3726	OrgcE851019
3727	OrgcE851020
3728	OrgcE851022
3729	OrgcE851023
3730	OrgcE851024
3731	OrgcE851025
3732	OrgcE851026
3733	OrgcE851027
3734	OrgcE851028
3735	OrgcE851029
3736	OrgcE851030
3737	OrgcE851031
3738	OrgcE851032
3739	OrgcE851033
3740	OrgcE851034
3741	OrgcE851035
3742	OrgcE851036
3743	OrgcE851037
3744	OrgcE851038
3745	OrgcE851039
3746	OrgcE851040
3747	OrgcE851041
3748	OrgcE851042
3749	OrgcE851043
3750	OrgcE851044
3751	OrgcE851045
3752	OrgcE851046
3753	OrgcE851047
3754	OrgcE851048
3755	OrgcE851049
3756	OrgcE851050
3757	OrgcE851051
3758	OrgcE851052
3759	OrgcE851053
3760	OrgcE851054
3761	OrgcE851055
3762	OrgcE851056
3763	OrgcE851057
3764	OrgcE851058
3765	OrgcE851059
3766	OrgcE851060
3767	OrgcE851061
3768	OrgcE851062
3769	OrgcE851063
3770	OrgcE851064
3771	OrgcE851065
3772	OrgcE851066
3773	OrgcE851067
3774	OrgcE851068
3775	OrgcE851069
3776	OrgcE851070
3777	OrgcE851071
3778	OrgcE851072
3779	OrgcE851073
3780	OrgcE851074
3781	OrgcE851075
3782	OrgcE851076
3783	OrgcE851077
3784	OrgcE851078
3785	OrgcE851079
3786	OrgcE851081
3787	OrgcE851082
3788	OrgcE851083
3789	OrgcE851084
3790	OrgcE851085
3791	OrgcE851086
3792	OrgcE851087
3793	OrgcE851089
3794	OrgcE851090
3795	OrgcE851091
3796	OrgcE851092
3797	OrgcE851093
3798	OrgcE851094
3799	OrgcE851095
3800	OrgcE851096
3801	OrgcE851097
3802	OrgcE851098
3803	OrgcE851099
3804	OrgcE851100
3805	OrgcE851101
3806	OrgcE851102
3807	OrgcE851103
3808	OrgcE851104
3809	OrgcE851105
3810	OrgcE851106
3811	OrgcE851107
3812	OrgcE851108
3813	OrgcE851109
3814	OrgcE851110
3815	OrgcE851111
3816	OrgcE851112
3817	OrgcE851113
3818	OrgcE851114
3819	OrgcE851115
3820	OrgcE851116
3821	OrgcE851117
3822	OrgcE851118
3823	OrgcE851119
3824	OrgcE851120
3825	OrgcE851121
3826	OrgcE851122
3827	OrgcE851123
3828	OrgcE851124
3829	OrgcE851125
3830	OrgcE851126
3831	OrgcE851127
3832	OrgcE851128
3833	OrgcE851129
3834	OrgcE851130
3835	OrgcE851132
3836	OrgcE851133
3837	OrgcE851134
3838	OrgcE851135
3839	OrgcE851136
3840	OrgcE851137
3841	OrgcE851138
3842	OrgcE851139
3843	OrgcE851140
3844	OrgcE851141
3845	OrgcE851142
3846	OrgcE851143
3847	OrgcE851144
3848	OrgcE851146
3849	OrgcE851147
3850	OrgcE851148
3851	OrgcE851149
3852	OrgcE851150
3853	OrgcE851151
3854	OrgcE851152
3855	OrgcE851153
3856	OrgcE851154
3857	OrgcE851155
3858	OrgcE851157
3859	OrgcE851158
3860	OrgcE851159
3861	OrgcE851161
3862	OrgcE851162
3863	OrgcE851163
3864	OrgcE851164
3865	OrgcE851165
3866	OrgcE851166
3867	OrgcE851167
3868	OrgcE851168
3869	OrgcE851169
3870	OrgcE851170
3871	OrgcE851171
3872	OrgcE851172
3873	OrgcE851173
3874	OrgcE851174
3875	OrgcE851175
3876	OrgcE851176
3877	OrgcE851177
3878	OrgcE851178
3879	OrgcE851179
3880	OrgcE851180
3881	OrgcE851181
3882	OrgcE851182
3883	OrgcE851183
3884	OrgcE851184
3885	OrgcE851185
3886	OrgcE851186
3887	OrgcE851187
3888	OrgcE851188
3889	OrgcE851189
3890	OrgcE851190
3891	OrgcE851191
3892	OrgcE851192
3893	OrgcE851193
3894	OrgcE851194
3895	OrgcE851195
3896	OrgcE851196
3897	OrgcE851197
3898	OrgcE851198
3899	OrgcE851199
3900	OrgcE851200
3901	OrgcE851201
3902	OrgcE851202
3903	OrgcE851203
3904	OrgcE851204
3905	OrgcE851205
3906	OrgcE851206
3907	OrgcE851207
3908	OrgcE851208
3909	OrgcE851209
3910	OrgcE851210
3911	OrgcE851211
3912	OrgcE851212
3913	OrgcE851213
3914	OrgcE851214
3915	OrgcE851215
3916	OrgcE851216
3917	OrgcE851217
3918	OrgcE851218
3919	OrgcE851219
3920	OrgcE851220
3921	OrgcE851221
3922	OrgcE851222
3923	OrgcE851223
3924	OrgcE851224
3925	OrgcE851225
3926	OrgcE851226
3927	OrgcE851227
3928	OrgcE851228
3929	OrgcE851229
3930	OrgcE851230
3931	OrgcE851231
3932	OrgcE851232
3933	OrgcE851233
3934	OrgcE851234
3935	OrgcE851235
3936	OrgcE851236
3937	OrgcE851237
3938	OrgcE851239
3939	OrgcE851240
3940	OrgcE851242
3941	OrgcE851243
3942	OrgcE851244
3943	OrgcE851245
3944	OrgcE851246
3945	OrgcE851247
3946	OrgcE851248
3947	OrgcE851249
3948	OrgcE851250
3949	OrgcE851251
3950	OrgcE851252
3951	OrgcE851253
3952	OrgcE851254
3953	OrgcE851255
3954	OrgcE851256
3955	OrgcE851258
3956	OrgcE851259
3957	OrgcE851260
3958	OrgcE851261
3959	OrgcE851262
3960	OrgcE851263
3961	OrgcE851264
3962	OrgcE851265
3963	OrgcE851266
3964	OrgcE851267
3965	OrgcE851268
3966	OrgcE851269
3967	OrgcE851270
3968	OrgcE851271
3969	OrgcE851272
3970	OrgcE851273
3971	OrgcE851274
3972	OrgcE851275
3973	OrgcE851276
3974	OrgcE851277
3975	OrgcE851278
3976	OrgcE851279
3977	OrgcE851280
3978	OrgcE851281
3979	OrgcE851282
3980	OrgcE851283
3981	OrgcE851284
3982	OrgcE851285
3983	OrgcE851286
3984	OrgcE851287
3985	OrgcE851289
3986	OrgcE851290
3987	OrgcE851291
3988	OrgcE851292
3989	OrgcE851293
3990	OrgcE851294
3991	OrgcE851295
3992	OrgcE851296
3993	OrgcE851297
3994	OrgcE851298
3995	OrgcE851299
3996	OrgcE851300
3997	OrgcE851301
3998	OrgcE851302
3999	OrgcE851303
4000	OrgcE851304
4001	OrgcE851305
4002	OrgcE851306
4003	OrgcE851307
4004	OrgcE851308
4005	OrgcE851309
4006	OrgcE851310
4007	OrgcE851311
4008	OrgcE851312
4009	OrgcE851313
4010	OrgcE851314
4011	OrgcE851315
4012	OrgcE851316
4013	OrgcE851317
4014	OrgcE851318
4015	OrgcE851319
4016	OrgcE851320
4017	OrgcE851321
4018	OrgcE851323
4019	OrgcE851324
4020	OrgcE851325
4021	OrgcE851326
4022	OrgcE851327
4023	OrgcE851328
4024	OrgcE851329
4025	OrgcE851330
4026	OrgcE851331
4027	OrgcE851332
4028	OrgcE851333
4029	OrgcE851335
4030	OrgcE851336
4031	OrgcE851337
4032	OrgcE851338
4033	OrgcE851339
4034	OrgcE851340
4035	OrgcE851341
4036	OrgcE851342
4037	OrgcE851343
4038	OrgcE851344
4039	OrgcE851345
4040	OrgcE851346
4041	OrgcE851347
4042	OrgcE851348
4043	OrgcE851349
4044	OrgcE851350
4045	OrgcE851351
4046	OrgcE851352
4047	OrgcE851353
4048	OrgcE851354
4049	OrgcE851355
4050	OrgcE851356
4051	OrgcE851357
4052	OrgcE851358
4053	OrgcE851359
4054	OrgcE851360
4055	OrgcE851362
4056	OrgcE851363
4057	OrgcE851364
4058	OrgcE851365
4059	OrgcE851366
4060	OrgcE851367
4061	OrgcE851368
4062	OrgcE851369
4063	OrgcE851370
4064	OrgcE851371
4065	OrgcE851373
4066	OrgcE851374
4067	OrgcE851375
4068	OrgcE851376
4069	OrgcE851377
4070	OrgcE851378
4071	OrgcE851379
4072	OrgcE851380
4073	OrgcE851381
4074	OrgcE851382
4075	OrgcE851383
4076	OrgcE851384
4077	OrgcE952001
4078	OrgcE952002
4079	OrgcE952003
4080	OrgcE952004
4081	OrgcE952005
4082	OrgcE952007
4083	OrgcE952008
4084	OrgcE952009
4085	OrgcE952010
4086	OrgcE952011
4087	OrgcE952012
4088	OrgcE952013
4089	OrgcE952014
4090	OrgcE952015
4091	OrgcE952016
4092	OrgcE952017
4093	OrgcE952018
4094	OrgcE952019
4095	OrgcE952020
4096	OrgcE952021
4097	OrgcE952022
4098	OrgcE952023
4099	OrgcE952024
4100	OrgcE952025
4101	OrgcE952026
4102	OrgcE952028
4103	OrgcE952029
4104	OrgcE952030
4105	OrgcE952031
4106	OrgcE952032
4107	OrgcE952033
4108	OrgcE952034
4109	OrgcE952035
4110	OrgcE952036
4111	OrgcE952037
4112	OrgcE952038
4113	OrgcE952039
4114	OrgcE952040
4115	OrgcE952041
4116	OrgcE952042
4117	OrgcE952043
4118	OrgcE952044
4119	OrgcE952045
4120	OrgcE952046
4121	OrgcE952047
4122	OrgcE952048
4123	OrgcE952049
4124	OrgcE952050
4125	OrgcE952051
4126	OrgcE952052
4127	OrgcE952053
4128	OrgcE952054
4129	OrgcE952055
4130	OrgcE952056
4131	OrgcE952057
4132	OrgcE952058
4133	OrgcE952059
4134	OrgcE952060
4135	OrgcE952061
4136	OrgcE952062
4137	OrgcE952063
4138	OrgcE952064
4139	OrgcE952065
4140	OrgcE952066
4141	OrgcE952067
4142	OrgcE952068
4143	OrgcE952069
4144	OrgcE952070
4145	OrgcE952071
4146	OrgcE952072
4147	OrgcE952073
4148	OrgcE952074
4149	OrgcE952075
4150	OrgcE952076
4151	OrgcE952077
4152	OrgcE952078
4153	OrgcE952079
4154	OrgcE952080
4155	OrgcE952081
4156	OrgcE952082
4157	OrgcE952083
4158	OrgcE952084
4159	OrgcE952085
4160	OrgcE952086
4161	OrgcE952087
4162	OrgcE952088
4163	OrgcE952089
4164	OrgcE952090
4165	OrgcE952091
4166	OrgcE952092
4167	OrgcE952093
4168	OrgcE952094
4169	OrgcE952095
4170	OrgcE952096
4171	OrgcE952097
4172	OrgcE952098
4173	OrgcE952099
4174	OrgcE952100
4175	OrgcE952101
4176	OrgcE952102
4177	OrgcE952103
4178	OrgcE952104
4179	OrgcE952105
4180	OrgcE952106
4181	OrgcE952107
4182	OrgcE952108
4183	OrgcE952110
4184	OrgcE952111
4185	OrgcE952112
4186	OrgcE952113
4187	OrgcE952114
4188	OrgcE952115
4189	OrgcE952116
4190	OrgcE952117
4191	OrgcE952118
4192	OrgcE952119
4193	OrgcE952120
4194	OrgcE952121
4195	OrgcE952122
4196	OrgcE952123
4197	OrgcE952124
4198	OrgcE952125
4199	OrgcE952126
4200	OrgcE952127
4201	OrgcE952128
4202	OrgcE952129
4203	OrgcE952130
4204	OrgcE952131
4205	OrgcE952132
4206	OrgcE952133
4207	OrgcE952134
4208	OrgcE952135
4209	OrgcE952136
4210	OrgcE952137
4211	OrgcE952138
4212	OrgcE952139
4213	OrgcE952140
4214	OrgcE952141
4215	OrgcE952142
4216	OrgcE952143
4217	OrgcE952144
4218	OrgcE952145
4219	OrgcE952146
4220	OrgcE952147
4221	OrgcE952148
4222	OrgcE952149
4223	OrgcE952150
4224	OrgcE952151
4225	OrgcE952152
4226	OrgcE952153
4227	OrgcE952154
4228	OrgcE952155
4229	OrgcE952156
4230	OrgcE952157
4231	OrgcE952158
4232	OrgcE952159
4233	OrgcE952160
4234	OrgcE952161
4235	OrgcE952162
4236	OrgcE952163
4237	OrgcE952164
4238	OrgcE952165
4239	OrgcE952166
4240	OrgcE952167
4241	OrgcE952168
4242	OrgcE952169
4243	OrgcE952170
4244	OrgcE952171
4245	OrgcE952172
4246	OrgcE952173
4247	OrgcE952174
4248	OrgcE952175
4249	OrgcE952176
4250	OrgcE952177
4251	OrgcE952178
4252	OrgcE952179
4253	OrgcE952180
4254	OrgcE952181
4255	OrgcE952182
4256	OrgcE952183
4257	OrgcE952184
4258	OrgcE952185
4259	OrgcE952186
4260	OrgcE952187
4261	OrgcE952188
4262	OrgcE952189
4263	OrgcE952190
4264	OrgcE952191
4265	OrgcE952193
4266	OrgcE952194
4267	OrgcE952195
4268	OrgcE952196
4269	OrgcE952197
4270	OrgcE952198
4271	OrgcE952199
4272	OrgcE952200
4273	OrgcE952201
4274	OrgcE952202
4275	OrgcE952203
4276	OrgcE952204
4277	OrgcE952205
4278	OrgcE952206
4279	OrgcE952207
4280	OrgcE952208
4281	OrgcE952209
4282	OrgcE952210
4283	OrgcE952211
4284	OrgcE952212
4285	OrgcE952213
4286	OrgcE952214
4287	OrgcE952215
4288	OrgcE952216
4289	OrgcE952217
4290	OrgcE952218
4291	OrgcE952219
4292	OrgcE952220
4293	OrgcE952221
4294	OrgcE952222
4295	OrgcE952223
4296	OrgcE952224
4297	OrgcE952225
4298	OrgcE952226
4299	OrgcE952227
4300	OrgcE952228
4301	OrgcE952229
4302	OrgcE952230
4303	OrgcE952231
4304	OrgcE952232
4305	OrgcE952233
4306	OrgcE952234
4307	OrgcE952235
4308	OrgcE952236
4309	OrgcE952237
4310	OrgcE952238
4311	OrgcE952239
4312	OrgcE952240
4313	OrgcE952242
4314	OrgcE952243
4315	OrgcE952244
4316	OrgcE952245
4317	OrgcE952247
4318	OrgcE952248
4319	OrgcE952249
4320	OrgcE952250
4321	OrgcE952251
4322	OrgcE952252
4323	OrgcE952253
4324	OrgcE952254
4325	OrgcE952255
4326	OrgcE952256
4327	OrgcE952258
4328	OrgcE952259
4329	OrgcE952260
4330	OrgcE952261
4331	OrgcE952262
4332	OrgcE952263
4333	OrgcE952264
4334	OrgcE952265
4335	OrgcE952266
4336	OrgcE952267
4337	OrgcE952269
4338	OrgcE952270
4339	OrgcE952271
4340	OrgcE952272
4341	OrgcE952273
4342	OrgcE952274
4343	OrgcE952275
4344	OrgcE952276
4345	OrgcE952277
4346	OrgcE952278
4347	OrgcE952279
4348	OrgcE952280
4349	OrgcE952281
4350	OrgcE952282
4351	OrgcE952283
4352	OrgcE952284
4353	OrgcE952285
4354	OrgcE952286
4355	OrgcE952287
4356	OrgcE952288
4357	OrgcE952289
4358	OrgcE952290
4359	OrgcE952291
4360	OrgcE952292
4361	OrgcE952293
4362	OrgcE952295
4363	OrgcE952296
4364	OrgcE952297
4365	OrgcE952298
4366	OrgcE952299
4367	OrgcE952300
4368	OrgcE952301
4369	OrgcE952302
4370	OrgcE952303
4371	OrgcE952304
4372	OrgcE952305
4373	OrgcE952306
4374	OrgcE952307
4375	OrgcE952308
4376	OrgcE952309
4377	OrgcE952310
4378	OrgcE952311
4379	OrgcE952312
4380	OrgcE952313
4381	OrgcE952314
4382	OrgcE952315
4383	OrgcE952316
4384	OrgcE952317
4385	OrgcE952318
4386	OrgcE952319
4387	OrgcE952320
4388	OrgcE952321
4389	OrgcE952322
4390	OrgcE952323
4391	OrgcE952324
4392	OrgcE952325
4393	OrgcE952326
4394	OrgcE952327
4395	OrgcE952328
4396	OrgcE952329
4397	OrgcE952330
4398	OrgcE952331
4399	OrgcE952332
4400	OrgcE952333
4401	OrgcE952334
4402	OrgcE952335
4403	OrgcE952336
4404	OrgcE952337
4405	OrgcE952338
4406	OrgcE952339
4407	OrgcE952340
4408	OrgcE952341
4409	OrgcE952342
4410	OrgcE952343
4411	OrgcE952344
4412	OrgcE952345
4413	OrgcE952346
4414	OrgcE952347
4415	OrgcE952348
4416	OrgcE952349
4417	OrgcE952350
4418	OrgcE952351
4419	OrgcE952352
4420	OrgcE952353
4421	OrgcE952354
4422	OrgcE952355
4423	OrgcE952356
4424	OrgcE952357
4425	OrgcE952359
4426	OrgcE952360
4427	OrgcE952361
4428	OrgcE952362
4429	OrgcE952363
4430	OrgcE952364
4431	OrgcE952365
4432	OrgcE952366
4433	OrgcE952367
4434	OrgcE952368
4435	OrgcE952369
4436	OrgcE952370
4437	OrgcE952371
4438	OrgcE952372
4439	OrgcE952373
4440	OrgcE952374
4441	OrgcE952375
4442	OrgcE952376
4443	OrgcE952377
4444	OrgcE952378
4445	OrgcE952379
4446	OrgcE952380
4447	OrgcE952381
4448	OrgcE952382
4449	OrgcE952383
4450	OrgcE952384
4451	OrgcE953001
4452	OrgcE953002
4453	OrgcE953003
4454	OrgcE953004
4455	OrgcE953005
4456	OrgcE953006
4457	OrgcE953007
4458	OrgcE953008
4459	OrgcE953009
4460	OrgcE953010
4461	OrgcE953011
4462	OrgcE953012
4463	OrgcE953013
4464	OrgcE953014
4465	OrgcE953015
4466	OrgcE953016
4467	OrgcE953017
4468	OrgcE953018
4469	OrgcE953019
4470	OrgcE953020
4471	OrgcE953021
4472	OrgcE953022
4473	OrgcE953023
4474	OrgcE953024
4475	OrgcE953025
4476	OrgcE953026
4477	OrgcE953027
4478	OrgcE953028
4479	OrgcE953029
4480	OrgcE953030
4481	OrgcE953031
4482	OrgcE953032
4483	OrgcE953033
4484	OrgcE953034
4485	OrgcE953035
4486	OrgcE953036
4487	OrgcE953037
4488	OrgcE953038
4489	OrgcE953039
4490	OrgcE953040
4491	OrgcE953041
4492	OrgcE953042
4493	OrgcE953043
4494	OrgcE953044
4495	OrgcE953045
4496	OrgcE953046
4497	OrgcE953047
4498	OrgcE953048
4499	OrgcE953049
4500	OrgcE953050
4501	OrgcE953051
4502	OrgcE953052
4503	OrgcE953053
4504	OrgcE953054
4505	OrgcE953055
4506	OrgcE953056
4507	OrgcE953057
4508	OrgcE953058
4509	OrgcE953059
4510	OrgcE953060
4511	OrgcE953061
4512	OrgcE953062
4513	OrgcE953063
4514	OrgcE953064
4515	OrgcE953065
4516	OrgcE953066
4517	OrgcE953067
4518	OrgcE953068
4519	OrgcE953069
4520	OrgcE953070
4521	OrgcE953071
4522	OrgcE953072
4523	OrgcE953073
4524	OrgcE953074
4525	OrgcE953075
4526	OrgcE953076
4527	OrgcE953077
4528	OrgcE953078
4529	OrgcE953079
4530	OrgcE953080
4531	OrgcE953081
4532	OrgcE953082
4533	OrgcE953083
4534	OrgcE953084
4535	OrgcE953085
4536	OrgcE953086
4537	OrgcE953087
4538	OrgcE953088
4539	OrgcE953089
4540	OrgcE953090
4541	OrgcE953091
4542	OrgcE953092
4543	OrgcE953093
4544	OrgcE953094
4545	OrgcE953095
4546	OrgcE953096
4547	OrgcE953097
4548	OrgcE953098
4549	OrgcE953099
4550	OrgcE953100
4551	OrgcE953101
4552	OrgcE953102
4553	OrgcE953103
4554	OrgcE953104
4555	OrgcE953105
4556	OrgcE953106
4557	OrgcE953107
4558	OrgcE953108
4559	OrgcE953109
4560	OrgcE953110
4561	OrgcE953111
4562	OrgcE953112
4563	OrgcE953113
4564	OrgcE953114
4565	OrgcE953115
4566	OrgcE953116
4567	OrgcE953117
4568	OrgcE953118
4569	OrgcE953119
4570	OrgcE953120
4571	OrgcE953121
4572	OrgcE953122
4573	OrgcE953123
4574	OrgcE953124
4575	OrgcE953125
4576	OrgcE953126
4577	OrgcE953127
4578	OrgcE953128
4579	OrgcE953129
4580	OrgcE953130
4581	OrgcE953131
4582	OrgcE953132
4583	OrgcE953133
4584	OrgcE953134
4585	OrgcE953136
4586	OrgcE953137
4587	OrgcE953138
4588	OrgcE953139
4589	OrgcE953140
4590	OrgcE953141
4591	OrgcE953142
4592	OrgcE953143
4593	OrgcE953144
4594	OrgcE953145
4595	OrgcE953146
4596	OrgcE953147
4597	OrgcE953148
4598	OrgcE953149
4599	OrgcE953150
4600	OrgcE953151
4601	OrgcE953152
4602	OrgcE953153
4603	OrgcE953154
4604	OrgcE953155
4605	OrgcE953156
4606	OrgcE953157
4607	OrgcE953158
4608	OrgcE953159
4609	OrgcE953160
4610	OrgcE953161
4611	OrgcE953162
4612	OrgcE953163
4613	OrgcE953164
4614	OrgcE953165
4615	OrgcE953166
4616	OrgcE953167
4617	OrgcE953168
4618	OrgcE953169
4619	OrgcE953170
4620	OrgcE953171
4621	OrgcE953172
4622	OrgcE953173
4623	OrgcE953174
4624	OrgcE953175
4625	OrgcE953176
4626	OrgcE953177
4627	OrgcE953178
4628	OrgcE953179
4629	OrgcE953181
4630	OrgcE953182
4631	OrgcE953183
4632	OrgcE953184
4633	OrgcE953185
4634	OrgcE953186
4635	OrgcE953187
4636	OrgcE953188
4637	OrgcE953189
4638	OrgcE953190
4639	OrgcE953191
4640	OrgcE953192
4641	OrgcE953193
4642	OrgcE953194
4643	OrgcE953195
4644	OrgcE953196
4645	OrgcE953197
4646	OrgcE953198
4647	OrgcE953199
4648	OrgcE953200
4649	OrgcE953201
4650	OrgcE953202
4651	OrgcE953203
4652	OrgcE953204
4653	OrgcE953205
4654	OrgcE953206
4655	OrgcE953207
4656	OrgcE953208
4657	OrgcE953209
4658	OrgcE953210
4659	OrgcE953211
4660	OrgcE953212
4661	OrgcE953213
4662	OrgcE953214
4663	OrgcE953215
4664	OrgcE953216
4665	OrgcE953217
4666	OrgcE953218
4667	OrgcE953219
4668	OrgcE953220
4669	OrgcE953221
4670	OrgcE953222
4671	OrgcE953223
4672	OrgcE953224
4673	OrgcE953225
4674	OrgcE953226
4675	OrgcE953227
4676	OrgcE953228
4677	OrgcE953229
4678	OrgcE953230
4679	OrgcE953231
4680	OrgcE953232
4681	OrgcE953233
4682	OrgcE953234
4683	OrgcE953235
4684	OrgcE953236
4685	OrgcE953237
4686	OrgcE953238
4687	OrgcE953239
4688	OrgcE953240
4689	OrgcE953242
4690	OrgcE953243
4691	OrgcE953244
4692	OrgcE953245
4693	OrgcE953246
4694	OrgcE953247
4695	OrgcE953248
4696	OrgcE953249
4697	OrgcE953250
4698	OrgcE953251
4699	OrgcE953252
4700	OrgcE953253
4701	OrgcE953254
4702	OrgcE953255
4703	OrgcE953256
4704	OrgcE953258
4705	OrgcE953259
4706	OrgcE953260
4707	OrgcE953261
4708	OrgcE953262
4709	OrgcE953263
4710	OrgcE953264
4711	OrgcE953265
4712	OrgcE953266
4713	OrgcE953267
4714	OrgcE953268
4715	OrgcE953269
4716	OrgcE953270
4717	OrgcE953271
4718	OrgcE953272
4719	OrgcE953273
4720	OrgcE953274
4721	OrgcE953275
4722	OrgcE953276
4723	OrgcE953277
4724	OrgcE953278
4725	OrgcE953279
4726	OrgcE953280
4727	OrgcE953281
4728	OrgcE953282
4729	OrgcE953283
4730	OrgcE953284
4731	OrgcE953285
4732	OrgcE953286
4733	OrgcE953287
4734	OrgcE953288
4735	OrgcE953289
4736	OrgcE953290
4737	OrgcE953291
4738	OrgcE953292
4739	OrgcE953293
4740	OrgcE953294
4741	OrgcE953295
4742	OrgcE953296
4743	OrgcE953297
4744	OrgcE953298
4745	OrgcE953299
4746	OrgcE953300
4747	OrgcE953301
4748	OrgcE953302
4749	OrgcE953303
4750	OrgcE953304
4751	OrgcE953305
4752	OrgcE953306
4753	OrgcE953307
4754	OrgcE953308
4755	OrgcE953309
4756	OrgcE953310
4757	OrgcE953311
4758	OrgcE953312
4759	OrgcE953313
4760	OrgcE953314
4761	OrgcE953316
4762	OrgcE953317
4763	OrgcE953318
4764	OrgcE953319
4765	OrgcE953320
4766	OrgcE953321
4767	OrgcE953322
4768	OrgcE953323
4769	OrgcE953324
4770	OrgcE953325
4771	OrgcE953326
4772	OrgcE953327
4773	OrgcE953328
4774	OrgcE953329
4775	OrgcE953330
4776	OrgcE953331
4777	OrgcE953332
4778	OrgcE953333
4779	OrgcE953334
4780	OrgcE953335
4781	OrgcE953336
4782	OrgcE953337
4783	OrgcE953338
4784	OrgcE953339
4785	OrgcE953340
4786	OrgcE953341
4787	OrgcE953342
4788	OrgcE953343
4789	OrgcE953344
4790	OrgcE953345
4791	OrgcE953346
4792	OrgcE953347
4793	OrgcE953348
4794	OrgcE953349
4795	OrgcE953350
4796	OrgcE953351
4797	OrgcE953352
4798	OrgcE953353
4799	OrgcE953354
4800	OrgcE953355
4801	OrgcE953356
4802	OrgcE953357
4803	OrgcE953358
4804	OrgcE953359
4805	OrgcE953360
4806	OrgcE953361
4807	OrgcE953362
4808	OrgcE953363
4809	OrgcE953364
4810	OrgcE953365
4811	OrgcE953366
4812	OrgcE953367
4813	OrgcE953368
4814	OrgcE953370
4815	OrgcE953371
4816	OrgcE953372
4817	OrgcE953373
4818	OrgcE953374
4819	OrgcE953375
4820	OrgcE953376
4821	OrgcE953378
4822	OrgcE953379
4823	OrgcE953380
4824	OrgcE953381
4825	OrgcE953382
4826	OrgcE953383
4827	OrgcE953384
4828	OrgcEX154001
4829	OrgcEX154002
4830	OrgcEX154003
4831	OrgcEX154004
4832	OrgcEX154005
4833	OrgcEX154006
4834	OrgcEX154007
4835	OrgcEX154010
4836	OrgcEX154011
4837	OrgcEX154012
4838	OrgcEX154013
4839	OrgcEX154014
4840	OrgcEX154015
4841	OrgcEX154016
4842	OrgcEX154017
4843	OrgcEX154018
4844	OrgcEX154019
4845	OrgcEX154020
4846	OrgcEX154021
4847	OrgcEX154022
4848	OrgcEX154023
4849	OrgcEX154024
4850	OrgcEX154025
4851	OrgcEX154026
4852	OrgcEX154027
4853	OrgcEX154028
4854	OrgcEX154029
4855	OrgcEX154030
4856	OrgcEX154031
4857	OrgcEX154032
4858	OrgcEX154033
4859	OrgcEX154034
4860	OrgcEX154035
4861	OrgcEX154036
4862	OrgcEX154037
4863	OrgcEX154038
4864	OrgcEX154039
4865	OrgcEX154040
4866	OrgcEX154041
4867	OrgcEX154042
4868	OrgcEX154043
4869	OrgcEX154044
4870	OrgcEX154045
4871	OrgcEX154046
4872	OrgcEX154047
4873	OrgcEX154048
4874	OrgcEX154049
4875	OrgcEX154050
4876	OrgcEX154051
4877	OrgcEX154052
4878	OrgcEX154053
4879	OrgcEX154054
4880	OrgcEX154055
4881	OrgcEX154056
4882	OrgcEX154057
4883	OrgcEX154058
4884	OrgcEX154059
4885	OrgcEX154060
4886	OrgcEX154061
4887	OrgcEX154062
4888	OrgcEX154063
4889	OrgcEX154064
4890	OrgcEX154065
4891	OrgcEX154066
4892	OrgcEX154067
4893	OrgcEX154068
4894	OrgcEX154069
4895	OrgcEX154070
4896	OrgcEX154071
4897	OrgcEX154072
4898	OrgcEX154073
4899	OrgcEX154074
4900	OrgcEX154075
4901	OrgcEX154076
4902	OrgcEX154077
4903	OrgcEX154078
4904	OrgcEX154079
4905	OrgcEX154080
4906	OrgcEX154081
4907	OrgcEX154082
4908	OrgcEX154083
4909	OrgcEX154084
4910	OrgcEX154085
4911	OrgcEX154086
4912	OrgcEX154087
4913	OrgcEX154088
4914	OrgcEX154089
4915	OrgcEX154090
4916	OrgcEX154091
4917	OrgcEX154092
4918	OrgcEX154093
4919	OrgcEX154094
4920	OrgcEX154095
4921	OrgcEX154096
4922	OrgcEX154097
4923	OrgcEX154098
4924	OrgcEX154099
4925	OrgcEX154100
4926	OrgcEX154101
4927	OrgcEX154102
4928	OrgcEX154103
4929	OrgcEX154104
4930	OrgcEX154105
4931	OrgcEX154106
4932	OrgcEX154107
4933	OrgcEX154108
4934	OrgcEX154109
4935	OrgcEX154110
4936	OrgcEX154111
4937	OrgcEX154112
4938	OrgcEX154113
4939	OrgcEX154114
4940	OrgcEX154115
4941	OrgcEX154116
4942	OrgcEX154117
4943	OrgcEX154118
4944	OrgcEX154119
4945	OrgcEX154120
4946	OrgcEX154121
4947	OrgcEX154122
4948	OrgcEX154123
4949	OrgcEX154124
4950	OrgcEX154125
4951	OrgcEX154126
4952	OrgcEX154127
4953	OrgcEX154128
4954	OrgcEX154129
4955	OrgcEX154130
4956	OrgcEX154131
4957	OrgcEX154132
4958	OrgcEX154133
4959	OrgcEX154134
4960	OrgcEX154135
4961	OrgcEX154136
4962	OrgcEX154137
4963	OrgcEX154138
4964	OrgcEX154139
4965	OrgcEX154140
4966	OrgcEX154141
4967	OrgcEX154142
4968	OrgcEX154143
4969	OrgcEX154144
4970	OrgcEX154145
4971	OrgcEX154146
4972	OrgcEX154147
4973	OrgcEX154148
4974	OrgcEX154149
4975	OrgcEX154150
4976	OrgcEX154151
4977	OrgcEX154152
4978	OrgcEX154153
4979	OrgcEX154154
4980	OrgcEX154155
4981	OrgcEX154156
4982	OrgcEX154158
4983	OrgcEX154159
4984	OrgcEX154160
4985	OrgcEX154161
4986	OrgcEX154162
4987	OrgcEX154163
4988	OrgcEX154164
4989	OrgcEX154165
4990	OrgcEX154166
4991	OrgcEX154167
4992	OrgcEX154168
4993	OrgcEX154169
4994	OrgcEX154170
4995	OrgcEX154171
4996	OrgcEX154173
4997	OrgcEX154174
4998	OrgcEX154175
4999	OrgcEX154176
5000	OrgcEX154177
5001	OrgcEX154178
5002	OrgcEX154179
5003	OrgcEX154180
5004	OrgcEX154181
5005	OrgcEX154182
5006	OrgcEX154183
5007	OrgcEX154184
5008	OrgcEX154185
5009	OrgcEX154186
5010	OrgcEX154187
5011	OrgcEX154188
5012	OrgcEX154189
5013	OrgcEX154190
5014	OrgcEX154191
5015	OrgcEX154192
5016	OrgcEX154193
5017	OrgcEX154194
5018	OrgcEX154195
5019	OrgcEX154196
5020	OrgcEX154197
5021	OrgcEX154198
5022	OrgcEX154200
5023	OrgcEX154201
5024	OrgcEX154202
5025	OrgcEX154203
5026	OrgcEX154204
5027	OrgcEX154205
5028	OrgcEX154206
5029	OrgcEX154207
5030	OrgcEX154208
5031	OrgcEX154209
5032	OrgcEX154210
5033	OrgcEX154211
5034	OrgcEX154212
5035	OrgcEX154213
5036	OrgcEX154214
5037	OrgcEX154215
5038	OrgcEX154216
5039	OrgcEX154217
5040	OrgcEX154218
5041	OrgcEX154219
5042	OrgcEX154220
5043	OrgcEX154221
5044	OrgcEX154222
5045	OrgcEX154223
5046	OrgcEX154225
5047	OrgcEX154226
5048	OrgcEX154227
5049	OrgcEX154228
5050	OrgcEX154229
5051	OrgcEX154230
5052	OrgcEX154231
5053	OrgcEX154232
5054	OrgcEX154233
5055	OrgcEX154234
5056	OrgcEX154235
5057	OrgcEX154236
5058	OrgcEX154237
5059	OrgcEX154238
5060	OrgcEX154240
5061	OrgcEX154242
5062	OrgcEX154243
5063	OrgcEX154244
5064	OrgcEX154245
5065	OrgcEX154246
5066	OrgcEX154247
5067	OrgcEX154248
5068	OrgcEX154249
5069	OrgcEX154250
5070	OrgcEX154251
5071	OrgcEX154252
5072	OrgcEX154253
5073	OrgcEX154254
5074	OrgcEX154255
5075	OrgcEX154256
5076	OrgcEX154258
5077	OrgcEX154259
5078	OrgcEX154260
5079	OrgcEX154261
5080	OrgcEX154262
5081	OrgcEX154263
5082	OrgcEX154264
5083	OrgcEX154265
5084	OrgcEX154266
5085	OrgcEX154267
5086	OrgcEX154268
5087	OrgcEX154269
5088	OrgcEX154270
5089	OrgcEX154271
5090	OrgcEX154272
5091	OrgcEX154273
5092	OrgcEX154274
5093	OrgcEX154275
5094	OrgcEX154276
5095	OrgcEX154277
5096	OrgcEX154278
5097	OrgcEX154279
5098	OrgcEX154280
5099	OrgcEX154281
5100	OrgcEX154282
5101	OrgcEX154283
5102	OrgcEX154284
5103	OrgcEX154286
5104	OrgcEX154287
5105	OrgcEX154288
5106	OrgcEX154289
5107	OrgcEX154290
5108	OrgcEX154291
5109	OrgcEX154292
5110	OrgcEX154293
5111	OrgcEX154294
5112	OrgcEX154295
5113	OrgcEX154296
5114	OrgcEX154297
5115	OrgcEX154298
5116	OrgcEX154299
5117	OrgcEX154300
5118	OrgcEX154301
5119	OrgcEX154302
5120	OrgcEX154303
5121	OrgcEX154304
5122	OrgcEX154305
5123	OrgcEX154306
5124	OrgcEX154307
5125	OrgcEX154308
5126	OrgcEX154309
5127	OrgcEX154310
5128	OrgcEX154311
5129	OrgcEX154312
5130	OrgcEX154313
5131	OrgcEX154314
5132	OrgcEX154315
5133	OrgcEX154316
5134	OrgcEX154317
5135	OrgcEX154318
5136	OrgcEX154319
5137	OrgcEX154320
5138	OrgcEX154321
5139	OrgcEX154322
5140	OrgcEX154323
5141	OrgcEX154324
5142	OrgcEX154325
5143	OrgcEX154326
5144	OrgcEX154327
5145	OrgcEX154328
5146	OrgcEX154329
5147	OrgcEX154330
5148	OrgcEX154331
5149	OrgcEX154332
5150	OrgcEX154333
5151	OrgcEX154334
5152	OrgcEX154335
5153	OrgcEX154336
5154	OrgcEX154337
5155	OrgcEX154338
5156	OrgcEX154339
5157	OrgcEX154340
5158	OrgcEX154341
5159	OrgcEX154342
5160	OrgcEX154343
5161	OrgcEX154344
5162	OrgcEX154345
5163	OrgcEX154346
5164	OrgcEX154347
5165	OrgcEX154348
5166	OrgcEX154349
5167	OrgcEX154350
5168	OrgcEX154351
5169	OrgcEX154352
5170	OrgcEX154353
5171	OrgcEX154354
5172	OrgcEX154355
5173	OrgcEX154356
5174	OrgcEX154357
5175	OrgcEX154358
5176	OrgcEX154359
5177	OrgcEX154360
5178	OrgcEX154361
5179	OrgcEX154362
5180	OrgcEX154363
5181	OrgcEX154364
5182	OrgcEX154365
5183	OrgcEX154366
5184	OrgcEX154367
5185	OrgcEX154368
5186	OrgcEX154369
5187	OrgcEX154370
5188	OrgcEX154371
5189	OrgcEX154372
5190	OrgcEX154373
5191	OrgcEX154374
5192	OrgcEX154375
5193	OrgcEX154376
5194	OrgcEX154377
5195	OrgcEX154378
5196	OrgcEX154379
5197	OrgcEX154380
5198	OrgcEX154381
5199	OrgcEX154382
5200	OrgcEX154383
5201	OrgcEX154384
5202	OrgdEX052001
5203	OrgdEX052002
5204	OrgdEX052003
5205	OrgdEX052004
5206	OrgdEX052005
5207	OrgdEX052006
5208	OrgdEX052007
5209	OrgdEX052008
5210	OrgdEX052009
5211	OrgdEX052010
5212	OrgdEX052011
5213	OrgdEX052012
5214	OrgdEX052013
5215	OrgdEX052014
5216	OrgdEX052015
5217	OrgdEX052017
5218	OrgdEX052018
5219	OrgdEX052019
5220	OrgdEX052020
5221	OrgdEX052021
5222	OrgdEX052022
5223	OrgdEX052023
5224	OrgdEX052024
5225	OrgdEX052025
5226	OrgdEX052026
5227	OrgdEX052027
5228	OrgdEX052028
5229	OrgdEX052029
5230	OrgdEX052030
5231	OrgdEX052031
5232	OrgdEX052032
5233	OrgdEX052033
5234	OrgdEX052034
5235	OrgdEX052035
5236	OrgdEX052037
5237	OrgdEX052038
5238	OrgdEX052039
5239	OrgdEX052040
5240	OrgdEX052041
5241	OrgdEX052042
5242	OrgdEX052043
5243	OrgdEX052044
5244	OrgdEX052045
5245	OrgdEX052046
5246	OrgdEX052047
5247	OrgdEX052048
5248	OrgdEX052049
5249	OrgdEX052050
5250	OrgdEX052051
5251	OrgdEX052052
5252	OrgdEX052053
5253	OrgdEX052054
5254	OrgdEX052055
5255	OrgdEX052056
5256	OrgdEX052057
5257	OrgdEX052058
5258	OrgdEX052059
5259	OrgdEX052060
5260	OrgdEX052061
5261	OrgdEX052062
5262	OrgdEX052063
5263	OrgdEX052064
5264	OrgdEX052065
5265	OrgdEX052066
5266	OrgdEX052067
5267	OrgdEX052068
5268	OrgdEX052069
5269	OrgdEX052070
5270	OrgdEX052071
5271	OrgdEX052072
5272	OrgdEX052073
5273	OrgdEX052074
5274	OrgdEX052075
5275	OrgdEX052076
5276	OrgdEX052077
5277	OrgdEX052078
5278	OrgdEX052079
5279	OrgdEX052080
5280	OrgdEX052081
5281	OrgdEX052082
5282	OrgdEX052083
5283	OrgdEX052084
5284	OrgdEX052085
5285	OrgdEX052086
5286	OrgdEX052087
5287	OrgdEX052088
5288	OrgdEX052089
5289	OrgdEX052090
5290	OrgdEX052091
5291	OrgdEX052092
5292	OrgdEX052093
5293	OrgdEX052094
5294	OrgdEX052095
5295	OrgdEX052096
5296	OrgdEX052097
5297	OrgdEX052098
5298	OrgdEX052099
5299	OrgdEX052100
5300	OrgdEX052101
5301	OrgdEX052102
5302	OrgdEX052103
5303	OrgdEX052104
5304	OrgdEX052105
5305	OrgdEX052106
5306	OrgdEX052107
5307	OrgdEX052108
5308	OrgdEX052109
5309	OrgdEX052110
5310	OrgdEX052111
5311	OrgdEX052112
5312	OrgdEX052113
5313	OrgdEX052114
5314	OrgdEX052115
5315	OrgdEX052116
5316	OrgdEX052117
5317	OrgdEX052118
5318	OrgdEX052119
5319	OrgdEX052120
5320	OrgdEX052121
5321	OrgdEX052122
5322	OrgdEX052123
5323	OrgdEX052125
5324	OrgdEX052126
5325	OrgdEX052127
5326	OrgdEX052128
5327	OrgdEX052129
5328	OrgdEX052130
5329	OrgdEX052131
5330	OrgdEX052132
5331	OrgdEX052133
5332	OrgdEX052134
5333	OrgdEX052136
5334	OrgdEX052137
5335	OrgdEX052138
5336	OrgdEX052139
5337	OrgdEX052140
5338	OrgdEX052141
5339	OrgdEX052142
5340	OrgdEX052143
5341	OrgdEX052144
5342	OrgdEX052145
5343	OrgdEX052146
5344	OrgdEX052147
5345	OrgdEX052148
5346	OrgdEX052149
5347	OrgdEX052150
5348	OrgdEX052151
5349	OrgdEX052152
5350	OrgdEX052153
5351	OrgdEX052154
5352	OrgdEX052156
5353	OrgdEX052157
5354	OrgdEX052158
5355	OrgdEX052159
5356	OrgdEX052160
5357	OrgdEX052161
5358	OrgdEX052162
5359	OrgdEX052163
5360	OrgdEX052164
5361	OrgdEX052165
5362	OrgdEX052166
5363	OrgdEX052167
5364	OrgdEX052168
5365	OrgdEX052169
5366	OrgdEX052170
5367	OrgdEX052171
5368	OrgdEX052172
5369	OrgdEX052173
5370	OrgdEX052174
5371	OrgdEX052175
5372	OrgdEX052176
5373	OrgdEX052177
5374	OrgdEX052178
5375	OrgdEX052179
5376	OrgdEX052180
5377	OrgdEX052181
5378	OrgdEX052182
5379	OrgdEX052183
5380	OrgdEX052184
5381	OrgdEX052185
5382	OrgdEX052186
5383	OrgdEX052187
5384	OrgdEX052188
5385	OrgdEX052189
5386	OrgdEX052190
5387	OrgdEX052191
5388	OrgdEX052192
5389	OrgdEX052193
5390	OrgdEX052194
5391	OrgdEX052195
5392	OrgdEX052196
5393	OrgdEX052197
5394	OrgdEX052198
5395	OrgdEX052199
5396	OrgdEX052200
5397	OrgdEX052201
5398	OrgdEX052202
5399	OrgdEX052203
5400	OrgdEX052204
5401	OrgdEX052205
5402	OrgdEX052206
5403	OrgdEX052207
5404	OrgdEX052208
5405	OrgdEX052209
5406	OrgdEX052210
5407	OrgdEX052211
5408	OrgdEX052212
5409	OrgdEX052213
5410	OrgdEX052214
5411	OrgdEX052215
5412	OrgdEX052216
5413	OrgdEX052217
5414	OrgdEX052218
5415	OrgdEX052219
5416	OrgdEX052220
5417	OrgdEX052221
5418	OrgdEX052222
5419	OrgdEX052223
5420	OrgdEX052225
5421	OrgdEX052226
5422	OrgdEX052227
5423	OrgdEX052228
5424	OrgdEX052229
5425	OrgdEX052230
5426	OrgdEX052231
5427	OrgdEX052232
5428	OrgdEX052233
5429	OrgdEX052234
5430	OrgdEX052235
5431	OrgdEX052236
5432	OrgdEX052237
5433	OrgdEX052238
5434	OrgdEX052239
5435	OrgdEX052240
5436	OrgdEX052242
5437	OrgdEX052243
5438	OrgdEX052244
5439	OrgdEX052245
5440	OrgdEX052246
5441	OrgdEX052247
5442	OrgdEX052248
5443	OrgdEX052249
5444	OrgdEX052250
5445	OrgdEX052251
5446	OrgdEX052252
5447	OrgdEX052253
5448	OrgdEX052254
5449	OrgdEX052255
5450	OrgdEX052256
5451	OrgdEX052258
5452	OrgdEX052259
5453	OrgdEX052260
5454	OrgdEX052261
5455	OrgdEX052262
5456	OrgdEX052263
5457	OrgdEX052264
5458	OrgdEX052265
5459	OrgdEX052266
5460	OrgdEX052267
5461	OrgdEX052268
5462	OrgdEX052269
5463	OrgdEX052270
5464	OrgdEX052271
5465	OrgdEX052272
5466	OrgdEX052274
5467	OrgdEX052275
5468	OrgdEX052276
5469	OrgdEX052277
5470	OrgdEX052278
5471	OrgdEX052279
5472	OrgdEX052280
5473	OrgdEX052281
5474	OrgdEX052282
5475	OrgdEX052283
5476	OrgdEX052284
5477	OrgdEX052285
5478	OrgdEX052287
5479	OrgdEX052288
5480	OrgdEX052289
5481	OrgdEX052290
5482	OrgdEX052291
5483	OrgdEX052292
5484	OrgdEX052293
5485	OrgdEX052294
5486	OrgdEX052295
5487	OrgdEX052296
5488	OrgdEX052297
5489	OrgdEX052298
5490	OrgdEX052299
5491	OrgdEX052300
5492	OrgdEX052301
5493	OrgdEX052302
5494	OrgdEX052303
5495	OrgdEX052304
5496	OrgdEX052305
5497	OrgdEX052306
5498	OrgdEX052307
5499	OrgdEX052308
5500	OrgdEX052309
5501	OrgdEX052310
5502	OrgdEX052311
5503	OrgdEX052312
5504	OrgdEX052313
5505	OrgdEX052315
5506	OrgdEX052316
5507	OrgdEX052317
5508	OrgdEX052318
5509	OrgdEX052319
5510	OrgdEX052320
5511	OrgdEX052321
5512	OrgdEX052322
5513	OrgdEX052323
5514	OrgdEX052324
5515	OrgdEX052325
5516	OrgdEX052326
5517	OrgdEX052327
5518	OrgdEX052328
5519	OrgdEX052329
5520	OrgdEX052330
5521	OrgdEX052331
5522	OrgdEX052332
5523	OrgdEX052333
5524	OrgdEX052334
5525	OrgdEX052335
5526	OrgdEX052336
5527	OrgdEX052337
5528	OrgdEX052338
5529	OrgdEX052339
5530	OrgdEX052340
5531	OrgdEX052341
5532	OrgdEX052342
5533	OrgdEX052343
5534	OrgdEX052344
5535	OrgdEX052345
5536	OrgdEX052346
5537	OrgdEX052347
5538	OrgdEX052348
5539	OrgdEX052349
5540	OrgdEX052350
5541	OrgdEX052351
5542	OrgdEX052352
5543	OrgdEX052353
5544	OrgdEX052354
5545	OrgdEX052355
5546	OrgdEX052357
5547	OrgdEX052358
5548	OrgdEX052359
5549	OrgdEX052360
5550	OrgdEX052361
5551	OrgdEX052362
5552	OrgdEX052363
5553	OrgdEX052364
5554	OrgdEX052365
5555	OrgdEX052366
5556	OrgdEX052367
5557	OrgdEX052368
5558	OrgdEX052369
5559	OrgdEX052370
5560	OrgdEX052371
5561	OrgdEX052372
5562	OrgdEX052373
5563	OrgdEX052374
5564	OrgdEX052375
5565	OrgdEX052376
5566	OrgdEX052377
5567	OrgdEX052378
5568	OrgdEX052379
5569	OrgdEX052380
5570	OrgdEX052381
5571	OrgdEX052382
5572	OrgdEX052383
5573	OrgdEX052384
5574	OrgeE851001
5575	OrgeE851002
5576	OrgeE851003
5577	OrgeE851004
5578	OrgeE851005
5579	OrgeE851006
5580	OrgeE851007
5581	OrgeE851008
5582	OrgeE851009
5583	OrgeE851010
5584	OrgeE851012
5585	OrgeE851013
5586	OrgeE851014
5587	OrgeE851015
5588	OrgeE851016
5589	OrgeE851017
5590	OrgeE851018
5591	OrgeE851019
5592	OrgeE851020
5593	OrgeE851021
5594	OrgeE851022
5595	OrgeE851023
5596	OrgeE851024
5597	OrgeE851025
5598	OrgeE851026
5599	OrgeE851027
5600	OrgeE851028
5601	OrgeE851029
5602	OrgeE851030
5603	OrgeE851031
5604	OrgeE851032
5605	OrgeE851033
5606	OrgeE851034
5607	OrgeE851035
5608	OrgeE851036
5609	OrgeE851037
5610	OrgeE851038
5611	OrgeE851039
5612	OrgeE851040
5613	OrgeE851041
5614	OrgeE851042
5615	OrgeE851043
5616	OrgeE851044
5617	OrgeE851045
5618	OrgeE851046
5619	OrgeE851047
5620	OrgeE851048
5621	OrgeE851049
5622	OrgeE851050
5623	OrgeE851051
5624	OrgeE851052
5625	OrgeE851053
5626	OrgeE851054
5627	OrgeE851055
5628	OrgeE851056
5629	OrgeE851057
5630	OrgeE851058
5631	OrgeE851059
5632	OrgeE851060
5633	OrgeE851061
5634	OrgeE851062
5635	OrgeE851063
5636	OrgeE851064
5637	OrgeE851065
5638	OrgeE851066
5639	OrgeE851067
5640	OrgeE851068
5641	OrgeE851069
5642	OrgeE851070
5643	OrgeE851071
5644	OrgeE851072
5645	OrgeE851073
5646	OrgeE851074
5647	OrgeE851075
5648	OrgeE851076
5649	OrgeE851077
5650	OrgeE851078
5651	OrgeE851079
5652	OrgeE851080
5653	OrgeE851081
5654	OrgeE851082
5655	OrgeE851083
5656	OrgeE851084
5657	OrgeE851085
5658	OrgeE851086
5659	OrgeE851087
5660	OrgeE851088
5661	OrgeE851089
5662	OrgeE851090
5663	OrgeE851091
5664	OrgeE851092
5665	OrgeE851093
5666	OrgeE851094
5667	OrgeE851095
5668	OrgeE851096
5669	OrgeE851097
5670	OrgeE851098
5671	OrgeE851099
5672	OrgeE851100
5673	OrgeE851101
5674	OrgeE851102
5675	OrgeE851103
5676	OrgeE851104
5677	OrgeE851105
5678	OrgeE851106
5679	OrgeE851107
5680	OrgeE851108
5681	OrgeE851109
5682	OrgeE851110
5683	OrgeE851111
5684	OrgeE851112
5685	OrgeE851113
5686	OrgeE851114
5687	OrgeE851115
5688	OrgeE851116
5689	OrgeE851117
5690	OrgeE851118
5691	OrgeE851119
5692	OrgeE851120
5693	OrgeE851121
5694	OrgeE851122
5695	OrgeE851123
5696	OrgeE851124
5697	OrgeE851125
5698	OrgeE851126
5699	OrgeE851127
5700	OrgeE851128
5701	OrgeE851129
5702	OrgeE851130
5703	OrgeE851131
5704	OrgeE851132
5705	OrgeE851133
5706	OrgeE851134
5707	OrgeE851135
5708	OrgeE851136
5709	OrgeE851137
5710	OrgeE851138
5711	OrgeE851139
5712	OrgeE851140
5713	OrgeE851141
5714	OrgeE851142
5715	OrgeE851143
5716	OrgeE851144
5717	OrgeE851145
5718	OrgeE851146
5719	OrgeE851147
5720	OrgeE851148
5721	OrgeE851149
5722	OrgeE851150
5723	OrgeE851151
5724	OrgeE851152
5725	OrgeE851153
5726	OrgeE851154
5727	OrgeE851155
5728	OrgeE851156
5729	OrgeE851157
5730	OrgeE851158
5731	OrgeE851159
5732	OrgeE851160
5733	OrgeE851161
5734	OrgeE851162
5735	OrgeE851163
5736	OrgeE851164
5737	OrgeE851165
5738	OrgeE851166
5739	OrgeE851167
5740	OrgeE851168
5741	OrgeE851169
5742	OrgeE851170
5743	OrgeE851171
5744	OrgeE851172
5745	OrgeE851173
5746	OrgeE851174
5747	OrgeE851175
5748	OrgeE851176
5749	OrgeE851177
5750	OrgeE851178
5751	OrgeE851179
5752	OrgeE851180
5753	OrgeE851181
5754	OrgeE851182
5755	OrgeE851183
5756	OrgeE851184
5757	OrgeE851185
5758	OrgeE851186
5759	OrgeE851187
5760	OrgeE851188
5761	OrgeE851189
5762	OrgeE851190
5763	OrgeE851191
5764	OrgeE851192
5765	OrgeE851193
5766	OrgeE851194
5767	OrgeE851195
5768	OrgeE851196
5769	OrgeE851197
5770	OrgeE851198
5771	OrgeE851199
5772	OrgeE851200
5773	OrgeE851201
5774	OrgeE851202
5775	OrgeE851203
5776	OrgeE851204
5777	OrgeE851205
5778	OrgeE851206
5779	OrgeE851207
5780	OrgeE851208
5781	OrgeE851209
5782	OrgeE851210
5783	OrgeE851211
5784	OrgeE851212
5785	OrgeE851213
5786	OrgeE851214
5787	OrgeE851215
5788	OrgeE851216
5789	OrgeE851217
5790	OrgeE851218
5791	OrgeE851219
5792	OrgeE851220
5793	OrgeE851221
5794	OrgeE851222
5795	OrgeE851223
5796	OrgeE851224
5797	OrgeE851225
5798	OrgeE851226
5799	OrgeE851227
5800	OrgeE851228
5801	OrgeE851229
5802	OrgeE851230
5803	OrgeE851231
5804	OrgeE851232
5805	OrgeE851233
5806	OrgeE851234
5807	OrgeE851235
5808	OrgeE851236
5809	OrgeE851237
5810	OrgeE851238
5811	OrgeE851239
5812	OrgeE851240
5813	OrgeE851241
5814	OrgeE851242
5815	OrgeE851243
5816	OrgeE851244
5817	OrgeE851245
5818	OrgeE851246
5819	OrgeE851247
5820	OrgeE851248
5821	OrgeE851249
5822	OrgeE851250
5823	OrgeE851251
5824	OrgeE851253
5825	OrgeE851254
5826	OrgeE851255
5827	OrgeE851256
5828	OrgeE851258
5829	OrgeE851259
5830	OrgeE851260
5831	OrgeE851261
5832	OrgeE851262
5833	OrgeE851263
5834	OrgeE851264
5835	OrgeE851265
5836	OrgeE851266
5837	OrgeE851267
5838	OrgeE851268
5839	OrgeE851269
5840	OrgeE851270
5841	OrgeE851271
5842	OrgeE851272
5843	OrgeE851273
5844	OrgeE851274
5845	OrgeE851275
5846	OrgeE851276
5847	OrgeE851277
5848	OrgeE851278
5849	OrgeE851279
5850	OrgeE851280
5851	OrgeE851281
5852	OrgeE851282
5853	OrgeE851283
5854	OrgeE851284
5855	OrgeE851285
5856	OrgeE851286
5857	OrgeE851287
5858	OrgeE851288
5859	OrgeE851289
5860	OrgeE851290
5861	OrgeE851292
5862	OrgeE851293
5863	OrgeE851294
5864	OrgeE851296
5865	OrgeE851297
5866	OrgeE851298
5867	OrgeE851299
5868	OrgeE851300
5869	OrgeE851301
5870	OrgeE851302
5871	OrgeE851303
5872	OrgeE851304
5873	OrgeE851305
5874	OrgeE851306
5875	OrgeE851307
5876	OrgeE851308
5877	OrgeE851309
5878	OrgeE851310
5879	OrgeE851311
5880	OrgeE851312
5881	OrgeE851313
5882	OrgeE851315
5883	OrgeE851316
5884	OrgeE851317
5885	OrgeE851318
5886	OrgeE851319
5887	OrgeE851320
5888	OrgeE851321
5889	OrgeE851322
5890	OrgeE851323
5891	OrgeE851324
5892	OrgeE851325
5893	OrgeE851326
5894	OrgeE851327
5895	OrgeE851328
5896	OrgeE851329
5897	OrgeE851330
5898	OrgeE851331
5899	OrgeE851332
5900	OrgeE851333
5901	OrgeE851334
5902	OrgeE851335
5903	OrgeE851336
5904	OrgeE851337
5905	OrgeE851338
5906	OrgeE851339
5907	OrgeE851340
5908	OrgeE851341
5909	OrgeE851342
5910	OrgeE851343
5911	OrgeE851344
5912	OrgeE851345
5913	OrgeE851346
5914	OrgeE851347
5915	OrgeE851348
5916	OrgeE851349
5917	OrgeE851350
5918	OrgeE851351
5919	OrgeE851352
5920	OrgeE851353
5921	OrgeE851354
5922	OrgeE851355
5923	OrgeE851356
5924	OrgeE851357
5925	OrgeE851358
5926	OrgeE851359
5927	OrgeE851360
5928	OrgeE851361
5929	OrgeE851362
5930	OrgeE851363
5931	OrgeE851364
5932	OrgeE851365
5933	OrgeE851366
5934	OrgeE851367
5935	OrgeE851368
5936	OrgeE851369
5937	OrgeE851370
5938	OrgeE851371
5939	OrgeE851372
5940	OrgeE851373
5941	OrgeE851374
5942	OrgeE851375
5943	OrgeE851376
5944	OrgeE851377
5945	OrgeE851378
5946	OrgeE851379
5947	OrgeE851380
5948	OrgeE851381
5949	OrgeE851382
5950	OrgeE851383
5951	OrgeE851384
5952	OrgeEX052001
5953	OrgeEX052002
5954	OrgeEX052003
5955	OrgeEX052004
5956	OrgeEX052005
5957	OrgeEX052006
5958	OrgeEX052007
5959	OrgeEX052008
5960	OrgeEX052009
5961	OrgeEX052010
5962	OrgeEX052011
5963	OrgeEX052012
5964	OrgeEX052013
5965	OrgeEX052014
5966	OrgeEX052015
5967	OrgeEX052016
5968	OrgeEX052017
5969	OrgeEX052018
5970	OrgeEX052019
5971	OrgeEX052020
5972	OrgeEX052021
5973	OrgeEX052022
5974	OrgeEX052023
5975	OrgeEX052024
5976	OrgeEX052025
5977	OrgeEX052026
5978	OrgeEX052027
5979	OrgeEX052028
5980	OrgeEX052029
5981	OrgeEX052030
5982	OrgeEX052031
5983	OrgeEX052032
5984	OrgeEX052033
5985	OrgeEX052034
5986	OrgeEX052035
5987	OrgeEX052036
5988	OrgeEX052037
5989	OrgeEX052038
5990	OrgeEX052039
5991	OrgeEX052040
5992	OrgeEX052041
5993	OrgeEX052042
5994	OrgeEX052043
5995	OrgeEX052044
5996	OrgeEX052045
5997	OrgeEX052046
5998	OrgeEX052047
5999	OrgeEX052048
6000	OrgeEX052049
6001	OrgeEX052050
6002	OrgeEX052051
6003	OrgeEX052052
6004	OrgeEX052053
6005	OrgeEX052054
6006	OrgeEX052055
6007	OrgeEX052056
6008	OrgeEX052057
6009	OrgeEX052058
6010	OrgeEX052059
6011	OrgeEX052060
6012	OrgeEX052061
6013	OrgeEX052062
6014	OrgeEX052063
6015	OrgeEX052064
6016	OrgeEX052065
6017	OrgeEX052066
6018	OrgeEX052067
6019	OrgeEX052069
6020	OrgeEX052070
6021	OrgeEX052071
6022	OrgeEX052072
6023	OrgeEX052073
6024	OrgeEX052074
6025	OrgeEX052075
6026	OrgeEX052076
6027	OrgeEX052077
6028	OrgeEX052078
6029	OrgeEX052079
6030	OrgeEX052080
6031	OrgeEX052081
6032	OrgeEX052082
6033	OrgeEX052083
6034	OrgeEX052084
6035	OrgeEX052085
6036	OrgeEX052086
6037	OrgeEX052087
6038	OrgeEX052088
6039	OrgeEX052089
6040	OrgeEX052090
6041	OrgeEX052091
6042	OrgeEX052092
6043	OrgeEX052093
6044	OrgeEX052094
6045	OrgeEX052095
6046	OrgeEX052096
6047	OrgeEX052097
6048	OrgeEX052098
6049	OrgeEX052099
6050	OrgeEX052100
6051	OrgeEX052101
6052	OrgeEX052102
6053	OrgeEX052103
6054	OrgeEX052104
6055	OrgeEX052105
6056	OrgeEX052106
6057	OrgeEX052107
6058	OrgeEX052108
6059	OrgeEX052109
6060	OrgeEX052110
6061	OrgeEX052111
6062	OrgeEX052112
6063	OrgeEX052113
6064	OrgeEX052114
6065	OrgeEX052115
6066	OrgeEX052116
6067	OrgeEX052117
6068	OrgeEX052118
6069	OrgeEX052119
6070	OrgeEX052120
6071	OrgeEX052121
6072	OrgeEX052122
6073	OrgeEX052123
6074	OrgeEX052124
6075	OrgeEX052125
6076	OrgeEX052126
6077	OrgeEX052127
6078	OrgeEX052128
6079	OrgeEX052129
6080	OrgeEX052130
6081	OrgeEX052131
6082	OrgeEX052132
6083	OrgeEX052133
6084	OrgeEX052134
6085	OrgeEX052136
6086	OrgeEX052137
6087	OrgeEX052138
6088	OrgeEX052139
6089	OrgeEX052140
6090	OrgeEX052141
6091	OrgeEX052142
6092	OrgeEX052143
6093	OrgeEX052144
6094	OrgeEX052145
6095	OrgeEX052146
6096	OrgeEX052147
6097	OrgeEX052148
6098	OrgeEX052149
6099	OrgeEX052150
6100	OrgeEX052151
6101	OrgeEX052152
6102	OrgeEX052153
6103	OrgeEX052154
6104	OrgeEX052155
6105	OrgeEX052156
6106	OrgeEX052157
6107	OrgeEX052158
6108	OrgeEX052159
6109	OrgeEX052160
6110	OrgeEX052161
6111	OrgeEX052162
6112	OrgeEX052163
6113	OrgeEX052164
6114	OrgeEX052165
6115	OrgeEX052166
6116	OrgeEX052167
6117	OrgeEX052168
6118	OrgeEX052169
6119	OrgeEX052170
6120	OrgeEX052171
6121	OrgeEX052172
6122	OrgeEX052173
6123	OrgeEX052174
6124	OrgeEX052175
6125	OrgeEX052176
6126	OrgeEX052177
6127	OrgeEX052178
6128	OrgeEX052179
6129	OrgeEX052180
6130	OrgeEX052181
6131	OrgeEX052182
6132	OrgeEX052183
6133	OrgeEX052184
6134	OrgeEX052185
6135	OrgeEX052186
6136	OrgeEX052187
6137	OrgeEX052188
6138	OrgeEX052189
6139	OrgeEX052190
6140	OrgeEX052191
6141	OrgeEX052192
6142	OrgeEX052193
6143	OrgeEX052194
6144	OrgeEX052195
6145	OrgeEX052196
6146	OrgeEX052197
6147	OrgeEX052198
6148	OrgeEX052199
6149	OrgeEX052200
6150	OrgeEX052201
6151	OrgeEX052202
6152	OrgeEX052203
6153	OrgeEX052204
6154	OrgeEX052205
6155	OrgeEX052206
6156	OrgeEX052207
6157	OrgeEX052208
6158	OrgeEX052209
6159	OrgeEX052210
6160	OrgeEX052211
6161	OrgeEX052212
6162	OrgeEX052213
6163	OrgeEX052214
6164	OrgeEX052215
6165	OrgeEX052216
6166	OrgeEX052217
6167	OrgeEX052218
6168	OrgeEX052219
6169	OrgeEX052220
6170	OrgeEX052221
6171	OrgeEX052222
6172	OrgeEX052223
6173	OrgeEX052224
6174	OrgeEX052225
6175	OrgeEX052226
6176	OrgeEX052227
6177	OrgeEX052228
6178	OrgeEX052229
6179	OrgeEX052230
6180	OrgeEX052231
6181	OrgeEX052232
6182	OrgeEX052233
6183	OrgeEX052234
6184	OrgeEX052235
6185	OrgeEX052236
6186	OrgeEX052237
6187	OrgeEX052238
6188	OrgeEX052239
6189	OrgeEX052240
6190	OrgeEX052241
6191	OrgeEX052242
6192	OrgeEX052243
6193	OrgeEX052244
6194	OrgeEX052245
6195	OrgeEX052246
6196	OrgeEX052247
6197	OrgeEX052248
6198	OrgeEX052250
6199	OrgeEX052251
6200	OrgeEX052252
6201	OrgeEX052253
6202	OrgeEX052254
6203	OrgeEX052255
6204	OrgeEX052256
6205	OrgeEX052258
6206	OrgeEX052259
6207	OrgeEX052260
6208	OrgeEX052261
6209	OrgeEX052262
6210	OrgeEX052263
6211	OrgeEX052265
6212	OrgeEX052266
6213	OrgeEX052267
6214	OrgeEX052268
6215	OrgeEX052269
6216	OrgeEX052270
6217	OrgeEX052271
6218	OrgeEX052272
6219	OrgeEX052273
6220	OrgeEX052274
6221	OrgeEX052276
6222	OrgeEX052277
6223	OrgeEX052278
6224	OrgeEX052279
6225	OrgeEX052280
6226	OrgeEX052281
6227	OrgeEX052282
6228	OrgeEX052283
6229	OrgeEX052284
6230	OrgeEX052285
6231	OrgeEX052286
6232	OrgeEX052287
6233	OrgeEX052288
6234	OrgeEX052289
6235	OrgeEX052290
6236	OrgeEX052291
6237	OrgeEX052292
6238	OrgeEX052293
6239	OrgeEX052294
6240	OrgeEX052295
6241	OrgeEX052296
6242	OrgeEX052297
6243	OrgeEX052298
6244	OrgeEX052299
6245	OrgeEX052300
6246	OrgeEX052301
6247	OrgeEX052302
6248	OrgeEX052303
6249	OrgeEX052304
6250	OrgeEX052305
6251	OrgeEX052306
6252	OrgeEX052307
6253	OrgeEX052308
6254	OrgeEX052309
6255	OrgeEX052310
6256	OrgeEX052312
6257	OrgeEX052313
6258	OrgeEX052314
6259	OrgeEX052315
6260	OrgeEX052316
6261	OrgeEX052317
6262	OrgeEX052318
6263	OrgeEX052319
6264	OrgeEX052320
6265	OrgeEX052321
6266	OrgeEX052322
6267	OrgeEX052323
6268	OrgeEX052324
6269	OrgeEX052325
6270	OrgeEX052326
6271	OrgeEX052327
6272	OrgeEX052328
6273	OrgeEX052329
6274	OrgeEX052330
6275	OrgeEX052331
6276	OrgeEX052332
6277	OrgeEX052333
6278	OrgeEX052334
6279	OrgeEX052335
6280	OrgeEX052336
6281	OrgeEX052337
6282	OrgeEX052338
6283	OrgeEX052339
6284	OrgeEX052340
6285	OrgeEX052341
6286	OrgeEX052342
6287	OrgeEX052343
6288	OrgeEX052344
6289	OrgeEX052345
6290	OrgeEX052346
6291	OrgeEX052347
6292	OrgeEX052348
6293	OrgeEX052349
6294	OrgeEX052350
6295	OrgeEX052351
6296	OrgeEX052352
6297	OrgeEX052353
6298	OrgeEX052354
6299	OrgeEX052355
6300	OrgeEX052356
6301	OrgeEX052357
6302	OrgeEX052358
6303	OrgeEX052359
6304	OrgeEX052360
6305	OrgeEX052361
6306	OrgeEX052362
6307	OrgeEX052363
6308	OrgeEX052364
6309	OrgeEX052365
6310	OrgeEX052366
6311	OrgeEX052367
6312	OrgeEX052368
6313	OrgeEX052369
6314	OrgeEX052370
6315	OrgeEX052371
6316	OrgeEX052372
6317	OrgeEX052373
6318	OrgeEX052374
6319	OrgeEX052375
6320	OrgeEX052376
6321	OrgeEX052377
6322	OrgeEX052378
6323	OrgeEX052379
6324	OrgeEX052380
6325	OrgeEX052381
6326	OrgeEX052383
6327	OrgeEX052384
6328	OrgeEX053001
6329	OrgeEX053002
6330	OrgeEX053003
6331	OrgeEX053004
6332	OrgeEX053005
6333	OrgeEX053006
6334	OrgeEX053007
6335	OrgeEX053008
6336	OrgeEX053009
6337	OrgeEX053010
6338	OrgeEX053011
6339	OrgeEX053012
6340	OrgeEX053013
6341	OrgeEX053014
6342	OrgeEX053015
6343	OrgeEX053016
6344	OrgeEX053017
6345	OrgeEX053018
6346	OrgeEX053019
6347	OrgeEX053020
6348	OrgeEX053022
6349	OrgeEX053023
6350	OrgeEX053024
6351	OrgeEX053025
6352	OrgeEX053026
6353	OrgeEX053027
6354	OrgeEX053028
6355	OrgeEX053029
6356	OrgeEX053030
6357	OrgeEX053031
6358	OrgeEX053032
6359	OrgeEX053033
6360	OrgeEX053034
6361	OrgeEX053035
6362	OrgeEX053036
6363	OrgeEX053037
6364	OrgeEX053038
6365	OrgeEX053039
6366	OrgeEX053040
6367	OrgeEX053041
6368	OrgeEX053042
6369	OrgeEX053043
6370	OrgeEX053044
6371	OrgeEX053045
6372	OrgeEX053046
6373	OrgeEX053047
6374	OrgeEX053048
6375	OrgeEX053049
6376	OrgeEX053050
6377	OrgeEX053051
6378	OrgeEX053052
6379	OrgeEX053053
6380	OrgeEX053054
6381	OrgeEX053055
6382	OrgeEX053056
6383	OrgeEX053057
6384	OrgeEX053058
6385	OrgeEX053059
6386	OrgeEX053060
6387	OrgeEX053061
6388	OrgeEX053062
6389	OrgeEX053063
6390	OrgeEX053064
6391	OrgeEX053065
6392	OrgeEX053066
6393	OrgeEX053067
6394	OrgeEX053068
6395	OrgeEX053069
6396	OrgeEX053070
6397	OrgeEX053071
6398	OrgeEX053072
6399	OrgeEX053073
6400	OrgeEX053074
6401	OrgeEX053075
6402	OrgeEX053076
6403	OrgeEX053077
6404	OrgeEX053078
6405	OrgeEX053079
6406	OrgeEX053080
6407	OrgeEX053081
6408	OrgeEX053082
6409	OrgeEX053083
6410	OrgeEX053084
6411	OrgeEX053085
6412	OrgeEX053086
6413	OrgeEX053087
6414	OrgeEX053088
6415	OrgeEX053089
6416	OrgeEX053090
6417	OrgeEX053091
6418	OrgeEX053092
6419	OrgeEX053093
6420	OrgeEX053094
6421	OrgeEX053095
6422	OrgeEX053096
6423	OrgeEX053097
6424	OrgeEX053098
6425	OrgeEX053099
6426	OrgeEX053100
6427	OrgeEX053101
6428	OrgeEX053102
6429	OrgeEX053103
6430	OrgeEX053104
6431	OrgeEX053105
6432	OrgeEX053106
6433	OrgeEX053107
6434	OrgeEX053108
6435	OrgeEX053109
6436	OrgeEX053110
6437	OrgeEX053111
6438	OrgeEX053112
6439	OrgeEX053113
6440	OrgeEX053114
6441	OrgeEX053115
6442	OrgeEX053116
6443	OrgeEX053117
6444	OrgeEX053118
6445	OrgeEX053119
6446	OrgeEX053120
6447	OrgeEX053121
6448	OrgeEX053122
6449	OrgeEX053123
6450	OrgeEX053124
6451	OrgeEX053125
6452	OrgeEX053126
6453	OrgeEX053127
6454	OrgeEX053128
6455	OrgeEX053129
6456	OrgeEX053130
6457	OrgeEX053131
6458	OrgeEX053132
6459	OrgeEX053133
6460	OrgeEX053134
6461	OrgeEX053135
6462	OrgeEX053136
6463	OrgeEX053137
6464	OrgeEX053138
6465	OrgeEX053140
6466	OrgeEX053141
6467	OrgeEX053142
6468	OrgeEX053143
6469	OrgeEX053144
6470	OrgeEX053145
6471	OrgeEX053146
6472	OrgeEX053147
6473	OrgeEX053148
6474	OrgeEX053149
6475	OrgeEX053150
6476	OrgeEX053151
6477	OrgeEX053152
6478	OrgeEX053153
6479	OrgeEX053154
6480	OrgeEX053155
6481	OrgeEX053156
6482	OrgeEX053157
6483	OrgeEX053158
6484	OrgeEX053159
6485	OrgeEX053160
6486	OrgeEX053161
6487	OrgeEX053162
6488	OrgeEX053163
6489	OrgeEX053164
6490	OrgeEX053165
6491	OrgeEX053166
6492	OrgeEX053167
6493	OrgeEX053168
6494	OrgeEX053169
6495	OrgeEX053170
6496	OrgeEX053171
6497	OrgeEX053172
6498	OrgeEX053173
6499	OrgeEX053174
6500	OrgeEX053175
6501	OrgeEX053176
6502	OrgeEX053177
6503	OrgeEX053178
6504	OrgeEX053179
6505	OrgeEX053180
6506	OrgeEX053181
6507	OrgeEX053182
6508	OrgeEX053183
6509	OrgeEX053184
6510	OrgeEX053185
6511	OrgeEX053186
6512	OrgeEX053187
6513	OrgeEX053188
6514	OrgeEX053189
6515	OrgeEX053190
6516	OrgeEX053191
6517	OrgeEX053192
6518	OrgeEX053193
6519	OrgeEX053194
6520	OrgeEX053195
6521	OrgeEX053196
6522	OrgeEX053197
6523	OrgeEX053198
6524	OrgeEX053199
6525	OrgeEX053200
6526	OrgeEX053201
6527	OrgeEX053202
6528	OrgeEX053203
6529	OrgeEX053204
6530	OrgeEX053205
6531	OrgeEX053206
6532	OrgeEX053207
6533	OrgeEX053208
6534	OrgeEX053209
6535	OrgeEX053210
6536	OrgeEX053211
6537	OrgeEX053212
6538	OrgeEX053213
6539	OrgeEX053214
6540	OrgeEX053215
6541	OrgeEX053216
6542	OrgeEX053217
6543	OrgeEX053218
6544	OrgeEX053219
6545	OrgeEX053220
6546	OrgeEX053221
6547	OrgeEX053222
6548	OrgeEX053223
6549	OrgeEX053224
6550	OrgeEX053225
6551	OrgeEX053226
6552	OrgeEX053227
6553	OrgeEX053228
6554	OrgeEX053229
6555	OrgeEX053230
6556	OrgeEX053231
6557	OrgeEX053232
6558	OrgeEX053233
6559	OrgeEX053234
6560	OrgeEX053235
6561	OrgeEX053236
6562	OrgeEX053237
6563	OrgeEX053238
6564	OrgeEX053239
6565	OrgeEX053240
6566	OrgeEX053241
6567	OrgeEX053242
6568	OrgeEX053243
6569	OrgeEX053244
6570	OrgeEX053245
6571	OrgeEX053246
6572	OrgeEX053247
6573	OrgeEX053248
6574	OrgeEX053249
6575	OrgeEX053250
6576	OrgeEX053251
6577	OrgeEX053252
6578	OrgeEX053253
6579	OrgeEX053254
6580	OrgeEX053255
6581	OrgeEX053256
6582	OrgeEX053258
6583	OrgeEX053259
6584	OrgeEX053260
6585	OrgeEX053261
6586	OrgeEX053262
6587	OrgeEX053263
6588	OrgeEX053264
6589	OrgeEX053265
6590	OrgeEX053266
6591	OrgeEX053267
6592	OrgeEX053268
6593	OrgeEX053269
6594	OrgeEX053270
6595	OrgeEX053271
6596	OrgeEX053272
6597	OrgeEX053273
6598	OrgeEX053275
6599	OrgeEX053276
6600	OrgeEX053277
6601	OrgeEX053278
6602	OrgeEX053279
6603	OrgeEX053280
6604	OrgeEX053281
6605	OrgeEX053282
6606	OrgeEX053283
6607	OrgeEX053284
6608	OrgeEX053286
6609	OrgeEX053287
6610	OrgeEX053288
6611	OrgeEX053289
6612	OrgeEX053290
6613	OrgeEX053291
6614	OrgeEX053292
6615	OrgeEX053293
6616	OrgeEX053294
6617	OrgeEX053295
6618	OrgeEX053296
6619	OrgeEX053297
6620	OrgeEX053298
6621	OrgeEX053299
6622	OrgeEX053300
6623	OrgeEX053301
6624	OrgeEX053302
6625	OrgeEX053303
6626	OrgeEX053304
6627	OrgeEX053305
6628	OrgeEX053306
6629	OrgeEX053307
6630	OrgeEX053308
6631	OrgeEX053309
6632	OrgeEX053310
6633	OrgeEX053311
6634	OrgeEX053312
6635	OrgeEX053313
6636	OrgeEX053314
6637	OrgeEX053315
6638	OrgeEX053316
6639	OrgeEX053317
6640	OrgeEX053318
6641	OrgeEX053319
6642	OrgeEX053320
6643	OrgeEX053321
6644	OrgeEX053322
6645	OrgeEX053323
6646	OrgeEX053324
6647	OrgeEX053325
6648	OrgeEX053326
6649	OrgeEX053327
6650	OrgeEX053328
6651	OrgeEX053329
6652	OrgeEX053330
6653	OrgeEX053331
6654	OrgeEX053332
6655	OrgeEX053333
6656	OrgeEX053334
6657	OrgeEX053335
6658	OrgeEX053336
6659	OrgeEX053337
6660	OrgeEX053338
6661	OrgeEX053339
6662	OrgeEX053340
6663	OrgeEX053341
6664	OrgeEX053342
6665	OrgeEX053343
6666	OrgeEX053344
6667	OrgeEX053345
6668	OrgeEX053346
6669	OrgeEX053347
6670	OrgeEX053348
6671	OrgeEX053349
6672	OrgeEX053350
6673	OrgeEX053351
6674	OrgeEX053352
6675	OrgeEX053353
6676	OrgeEX053354
6677	OrgeEX053355
6678	OrgeEX053356
6679	OrgeEX053357
6680	OrgeEX053358
6681	OrgeEX053359
6682	OrgeEX053360
6683	OrgeEX053361
6684	OrgeEX053362
6685	OrgeEX053363
6686	OrgeEX053364
6687	OrgeEX053365
6688	OrgeEX053366
6689	OrgeEX053367
6690	OrgeEX053368
6691	OrgeEX053369
6692	OrgeEX053370
6693	OrgeEX053371
6694	OrgeEX053372
6695	OrgeEX053373
6696	OrgeEX053374
6697	OrgeEX053375
6698	OrgeEX053376
6699	OrgeEX053377
6700	OrgeEX053378
6701	OrgeEX053379
6702	OrgeEX053380
6703	OrgeEX053381
6704	OrgeEX053382
6705	OrgeEX053383
6706	OrgeEX053384
